doc_id	segment_id	source_lang	target_lang	set_id	system_id	domain_name	method	overall
0	1	en	amh	challenge_SSA-MTE	hyp1	News	NaN	6.5673
1	2	en	amh	challenge_SSA-MTE	hyp1	News	NaN	5.5224
2	3	en	amh	challenge_SSA-MTE	hyp1	News	NaN	6.5673
3	4	en	amh	challenge_SSA-MTE	hyp1	News	NaN	9.6524
4	5	en	amh	challenge_SSA-MTE	hyp1	News	NaN	6.5673
5	6	en	amh	challenge_SSA-MTE	hyp1	News	NaN	6.5673
6	7	en	amh	challenge_SSA-MTE	hyp1	News	NaN	5.8545
7	8	en	amh	challenge_SSA-MTE	hyp1	News	NaN	6.2747
8	9	en	amh	challenge_SSA-MTE	hyp1	News	NaN	4.9230
9	10	en	amh	challenge_SSA-MTE	hyp1	News	NaN	4.9230
10	11	en	amh	challenge_SSA-MTE	hyp1	News	NaN	17.1127
11	12	en	amh	challenge_SSA-MTE	hyp1	News	NaN	3.9298
12	13	en	amh	challenge_SSA-MTE	hyp1	News	NaN	17.2034
13	14	en	amh	challenge_SSA-MTE	hyp1	News	NaN	17.1127
14	15	en	amh	challenge_SSA-MTE	hyp1	News	NaN	17.1127
15	16	en	amh	challenge_SSA-MTE	hyp1	News	NaN	11.0032
16	17	en	amh	challenge_SSA-MTE	hyp1	News	NaN	6.0116
17	18	en	amh	challenge_SSA-MTE	hyp1	News	NaN	11.7875
18	19	en	amh	challenge_SSA-MTE	hyp1	News	NaN	3.3143
19	20	en	amh	challenge_SSA-MTE	hyp1	News	NaN	3.9414
20	21	en	amh	challenge_SSA-MTE	hyp1	News	NaN	11.0032
21	22	en	amh	challenge_SSA-MTE	hyp1	News	NaN	8.5153
22	23	en	amh	challenge_SSA-MTE	hyp1	News	NaN	7.8098
23	24	en	amh	challenge_SSA-MTE	hyp1	News	NaN	6.5673
24	25	en	amh	challenge_SSA-MTE	hyp1	News	NaN	9.0423
25	26	en	amh	challenge_SSA-MTE	hyp1	News	NaN	0.0000
26	27	en	amh	challenge_SSA-MTE	hyp1	News	NaN	6.8706
27	28	en	amh	challenge_SSA-MTE	hyp1	News	NaN	11.0448
28	29	en	amh	challenge_SSA-MTE	hyp1	News	NaN	11.0448
29	30	en	amh	challenge_SSA-MTE	hyp1	News	NaN	13.1345
30	31	en	amh	challenge_SSA-MTE	hyp1	News	NaN	16.3412
31	32	en	amh	challenge_SSA-MTE	hyp1	News	NaN	15.6197
32	33	en	amh	challenge_SSA-MTE	hyp1	News	NaN	22.9575
33	34	en	amh	challenge_SSA-MTE	hyp1	News	NaN	36.5555
34	35	en	amh	challenge_SSA-MTE	hyp1	News	NaN	19.6407
35	36	en	amh	challenge_SSA-MTE	hyp1	News	NaN	24.7369
36	37	en	amh	challenge_SSA-MTE	hyp1	News	NaN	19.3577
37	38	en	amh	challenge_SSA-MTE	hyp1	News	NaN	4.9900
38	39	en	amh	challenge_SSA-MTE	hyp1	News	NaN	24.8084
39	40	en	amh	challenge_SSA-MTE	hyp1	News	NaN	9.2875
40	41	en	amh	challenge_SSA-MTE	hyp1	News	NaN	10.5527
41	42	en	amh	challenge_SSA-MTE	hyp1	News	NaN	26.7087
42	43	en	amh	challenge_SSA-MTE	hyp1	News	NaN	4.0086
43	44	en	amh	challenge_SSA-MTE	hyp1	News	NaN	4.6356
44	45	en	amh	challenge_SSA-MTE	hyp1	News	NaN	29.4766
45	46	en	amh	challenge_SSA-MTE	hyp1	News	NaN	4.3075
46	47	en	amh	challenge_SSA-MTE	hyp1	News	NaN	36.7415
47	48	en	amh	challenge_SSA-MTE	hyp1	News	NaN	24.1772
48	49	en	amh	challenge_SSA-MTE	hyp1	News	NaN	21.1053
49	50	en	amh	challenge_SSA-MTE	hyp1	News	NaN	19.7406
50	51	en	amh	challenge_SSA-MTE	hyp1	News	NaN	32.5880
51	52	en	amh	challenge_SSA-MTE	hyp1	News	NaN	21.8466
52	53	en	amh	challenge_SSA-MTE	hyp1	News	NaN	12.2562
53	54	en	amh	challenge_SSA-MTE	hyp1	News	NaN	32.2601
54	55	en	amh	challenge_SSA-MTE	hyp1	News	NaN	11.9901
55	56	en	amh	challenge_SSA-MTE	hyp1	News	NaN	6.9622
56	57	en	amh	challenge_SSA-MTE	hyp1	News	NaN	10.9233
57	58	en	amh	challenge_SSA-MTE	hyp1	News	NaN	4.3962
58	59	en	amh	challenge_SSA-MTE	hyp1	News	NaN	8.1309
59	60	en	amh	challenge_SSA-MTE	hyp1	News	NaN	13.5323
60	61	en	amh	challenge_SSA-MTE	hyp1	News	NaN	22.4993
61	62	en	amh	challenge_SSA-MTE	hyp1	News	NaN	3.8902
62	63	en	amh	challenge_SSA-MTE	hyp1	News	NaN	3.3143
63	64	en	amh	challenge_SSA-MTE	hyp1	News	NaN	19.0708
64	65	en	amh	challenge_SSA-MTE	hyp1	News	NaN	13.1345
65	66	en	amh	challenge_SSA-MTE	hyp1	News	NaN	4.9900
66	67	en	amh	challenge_SSA-MTE	hyp1	News	NaN	16.7845
67	68	en	amh	challenge_SSA-MTE	hyp1	News	NaN	7.2679
68	69	en	amh	challenge_SSA-MTE	hyp1	News	NaN	16.4812
69	70	en	amh	challenge_SSA-MTE	hyp1	News	NaN	14.4168
70	71	en	amh	challenge_SSA-MTE	hyp1	News	NaN	31.4023
71	72	en	amh	challenge_SSA-MTE	hyp1	News	NaN	25.0345
72	73	en	amh	challenge_SSA-MTE	hyp1	News	NaN	15.2439
73	74	en	amh	challenge_SSA-MTE	hyp1	News	NaN	16.4812
74	75	en	amh	challenge_SSA-MTE	hyp1	News	NaN	37.2009
75	76	en	amh	challenge_SSA-MTE	hyp1	News	NaN	10.1280
76	77	en	amh	challenge_SSA-MTE	hyp1	News	NaN	10.1280
77	78	en	amh	challenge_SSA-MTE	hyp1	News	NaN	0.0000
78	79	en	amh	challenge_SSA-MTE	hyp1	News	NaN	8.5166
79	80	en	amh	challenge_SSA-MTE	hyp1	News	NaN	13.3543
80	81	en	amh	challenge_SSA-MTE	hyp1	News	NaN	10.7293
81	82	en	amh	challenge_SSA-MTE	hyp1	News	NaN	11.2085
82	83	en	amh	challenge_SSA-MTE	hyp1	News	NaN	11.2085
83	84	en	amh	challenge_SSA-MTE	hyp1	News	NaN	13.8790
84	85	en	amh	challenge_SSA-MTE	hyp1	News	NaN	11.2296
85	86	en	amh	challenge_SSA-MTE	hyp1	News	NaN	43.0734
86	87	en	amh	challenge_SSA-MTE	hyp1	News	NaN	17.0466
87	88	en	amh	challenge_SSA-MTE	hyp1	News	NaN	3.6354
88	89	en	amh	challenge_SSA-MTE	hyp1	News	NaN	15.6197
89	90	en	amh	challenge_SSA-MTE	hyp1	News	NaN	20.5480
90	91	en	amh	challenge_SSA-MTE	hyp1	News	NaN	7.2679
91	92	en	amh	challenge_SSA-MTE	hyp1	News	NaN	21.5063
92	93	en	amh	challenge_SSA-MTE	hyp1	News	NaN	13.1345
93	94	en	amh	challenge_SSA-MTE	hyp1	News	NaN	10.5527
94	95	en	amh	challenge_SSA-MTE	hyp1	News	NaN	4.4569
95	96	en	amh	challenge_SSA-MTE	hyp1	News	NaN	5.5224
96	97	en	amh	challenge_SSA-MTE	hyp1	News	NaN	0.0000
97	98	en	amh	challenge_SSA-MTE	hyp1	News	NaN	6.2747
98	99	en	amh	challenge_SSA-MTE	hyp1	News	NaN	4.2782
99	100	en	amh	challenge_SSA-MTE	hyp1	News	NaN	17.0653
100	101	en	amh	challenge_SSA-MTE	hyp1	News	NaN	17.0653
101	102	en	amh	challenge_SSA-MTE	hyp1	News	NaN	17.1127
102	103	en	amh	challenge_SSA-MTE	hyp1	News	NaN	17.0653
103	104	en	amh	challenge_SSA-MTE	hyp1	News	NaN	10.6933
104	105	en	amh	challenge_SSA-MTE	hyp1	News	NaN	3.9833
105	106	en	amh	challenge_SSA-MTE	hyp1	News	NaN	26.2025
106	107	en	amh	challenge_SSA-MTE	hyp1	News	NaN	10.6003
107	108	en	amh	challenge_SSA-MTE	hyp1	News	NaN	8.5913
108	109	en	amh	challenge_SSA-MTE	hyp1	News	NaN	4.7369
109	110	en	amh	challenge_SSA-MTE	hyp1	News	NaN	5.6698
110	111	en	amh	challenge_SSA-MTE	hyp1	News	NaN	12.2231
111	112	en	amh	challenge_SSA-MTE	hyp1	News	NaN	20.5567
112	113	en	amh	challenge_SSA-MTE	hyp1	News	NaN	35.6403
113	114	en	amh	challenge_SSA-MTE	hyp1	News	NaN	51.6973
114	115	en	amh	challenge_SSA-MTE	hyp1	News	NaN	5.6797
115	116	en	amh	challenge_SSA-MTE	hyp1	News	NaN	4.2663
116	117	en	amh	challenge_SSA-MTE	hyp1	News	NaN	5.1146
117	118	en	amh	challenge_SSA-MTE	hyp1	News	NaN	6.0503
118	119	en	amh	challenge_SSA-MTE	hyp1	News	NaN	7.8176
119	120	en	amh	challenge_SSA-MTE	hyp1	News	NaN	15.3079
120	121	en	amh	challenge_SSA-MTE	hyp1	News	NaN	7.3471
121	122	en	amh	challenge_SSA-MTE	hyp1	News	NaN	4.3962
122	123	en	amh	challenge_SSA-MTE	hyp1	News	NaN	4.1124
123	124	en	amh	challenge_SSA-MTE	hyp1	News	NaN	100.0000
124	125	en	amh	challenge_SSA-MTE	hyp1	News	NaN	7.8098
125	126	en	amh	challenge_SSA-MTE	hyp1	News	NaN	8.1167
126	127	en	amh	challenge_SSA-MTE	hyp1	News	NaN	9.6524
127	128	en	amh	challenge_SSA-MTE	hyp1	News	NaN	21.3644
128	129	en	amh	challenge_SSA-MTE	hyp1	News	NaN	42.7287
129	130	en	amh	challenge_SSA-MTE	hyp1	News	NaN	100.0000
130	131	en	amh	challenge_SSA-MTE	hyp1	News	NaN	68.0375
131	132	en	amh	challenge_SSA-MTE	hyp1	News	NaN	22.0896
132	133	en	amh	challenge_SSA-MTE	hyp1	News	NaN	61.4788
133	134	en	amh	challenge_SSA-MTE	hyp1	News	NaN	36.5555
134	135	en	amh	challenge_SSA-MTE	hyp1	News	NaN	100.0000
135	136	en	amh	challenge_SSA-MTE	hyp1	News	NaN	29.9822
136	137	en	amh	challenge_SSA-MTE	hyp1	News	NaN	53.4826
137	138	en	amh	challenge_SSA-MTE	hyp1	News	NaN	48.3270
138	139	en	amh	challenge_SSA-MTE	hyp1	News	NaN	100.0000
139	140	en	amh	challenge_SSA-MTE	hyp1	News	NaN	15.6197
140	141	en	amh	challenge_SSA-MTE	hyp1	News	NaN	5.5224
141	142	en	amh	challenge_SSA-MTE	hyp1	News	NaN	7.8098
142	143	en	amh	challenge_SSA-MTE	hyp1	News	NaN	15.6197
143	144	en	amh	challenge_SSA-MTE	hyp1	News	NaN	100.0000
144	145	en	amh	challenge_SSA-MTE	hyp1	News	NaN	7.4173
145	146	en	amh	challenge_SSA-MTE	hyp1	News	NaN	3.6735
146	147	en	amh	challenge_SSA-MTE	hyp1	News	NaN	8.4037
147	148	en	amh	challenge_SSA-MTE	hyp1	News	NaN	4.9324
148	149	en	amh	challenge_SSA-MTE	hyp1	News	NaN	10.6003
149	150	en	amh	challenge_SSA-MTE	hyp1	News	NaN	8.3922
150	151	en	amh	challenge_SSA-MTE	hyp1	News	NaN	8.2952
151	152	en	amh	challenge_SSA-MTE	hyp1	News	NaN	7.4956
152	153	en	amh	challenge_SSA-MTE	hyp1	News	NaN	10.5527
153	154	en	amh	challenge_SSA-MTE	hyp1	News	NaN	8.9138
154	155	en	amh	challenge_SSA-MTE	hyp1	News	NaN	4.6192
155	156	en	amh	challenge_SSA-MTE	hyp1	News	NaN	6.8372
156	157	en	amh	challenge_SSA-MTE	hyp1	News	NaN	5.8166
157	158	en	amh	challenge_SSA-MTE	hyp1	News	NaN	6.7543
158	159	en	amh	challenge_SSA-MTE	hyp1	News	NaN	9.2384
159	160	en	amh	challenge_SSA-MTE	hyp1	News	NaN	5.1172
160	161	en	amh	challenge_SSA-MTE	hyp1	News	NaN	9.0423
161	162	en	amh	challenge_SSA-MTE	hyp1	News	NaN	9.2875
162	163	en	amh	challenge_SSA-MTE	hyp1	News	NaN	8.6430
163	164	en	amh	challenge_SSA-MTE	hyp1	News	NaN	32.1729
164	165	en	amh	challenge_SSA-MTE	hyp1	News	NaN	4.6042
165	166	en	amh	challenge_SSA-MTE	hyp1	News	NaN	3.0982
166	167	en	amh	challenge_SSA-MTE	hyp1	News	NaN	3.3495
167	168	en	amh	challenge_SSA-MTE	hyp1	News	NaN	18.3938
168	169	en	amh	challenge_SSA-MTE	hyp1	News	NaN	5.8166
169	170	en	amh	challenge_SSA-MTE	hyp1	News	NaN	40.3528
170	171	en	amh	challenge_SSA-MTE	hyp1	News	NaN	11.2085
171	172	en	amh	challenge_SSA-MTE	hyp1	News	NaN	8.5166
172	173	en	amh	challenge_SSA-MTE	hyp1	News	NaN	35.0844
173	174	en	amh	challenge_SSA-MTE	hyp1	News	NaN	100.0000
174	175	en	amh	challenge_SSA-MTE	hyp1	News	NaN	21.3644
175	176	en	amh	challenge_SSA-MTE	hyp1	News	NaN	34.8469
176	177	en	amh	challenge_SSA-MTE	hyp1	News	NaN	12.5712
177	178	en	amh	challenge_SSA-MTE	hyp1	News	NaN	13.5335
178	179	en	amh	challenge_SSA-MTE	hyp1	News	NaN	29.5023
179	180	en	amh	challenge_SSA-MTE	hyp1	News	NaN	82.6517
180	181	en	amh	challenge_SSA-MTE	hyp1	News	NaN	24.6405
181	182	en	amh	challenge_SSA-MTE	hyp1	News	NaN	36.9903
182	183	en	amh	challenge_SSA-MTE	hyp1	News	NaN	37.7006
183	184	en	amh	challenge_SSA-MTE	hyp1	News	NaN	50.0872
184	185	en	amh	challenge_SSA-MTE	hyp1	News	NaN	64.8412
185	186	en	amh	challenge_SSA-MTE	hyp1	News	NaN	11.1326
186	187	en	amh	challenge_SSA-MTE	hyp1	News	NaN	22.9975
187	188	en	amh	challenge_SSA-MTE	hyp1	News	NaN	21.2006
188	189	en	amh	challenge_SSA-MTE	hyp1	News	NaN	17.3958
189	190	en	amh	challenge_SSA-MTE	hyp1	News	NaN	0.0000
190	191	en	amh	challenge_SSA-MTE	hyp1	News	NaN	23.9011
191	192	en	amh	challenge_SSA-MTE	hyp1	News	NaN	8.1392
192	193	en	amh	challenge_SSA-MTE	hyp1	News	NaN	67.0342
193	194	en	amh	challenge_SSA-MTE	hyp1	News	NaN	8.8126
194	195	en	amh	challenge_SSA-MTE	hyp1	News	NaN	28.6561
195	196	en	amh	challenge_SSA-MTE	hyp1	News	NaN	1.9632
196	197	en	amh	challenge_SSA-MTE	hyp1	News	NaN	79.1067
197	198	en	amh	challenge_SSA-MTE	hyp1	News	NaN	14.5838
198	199	en	amh	challenge_SSA-MTE	hyp1	News	NaN	78.2542
199	200	en	amh	challenge_SSA-MTE	hyp1	News	NaN	37.9918
200	201	en	amh	challenge_SSA-MTE	hyp1	News	NaN	9.6693
201	202	en	amh	challenge_SSA-MTE	hyp1	News	NaN	29.0715
202	203	en	amh	challenge_SSA-MTE	hyp1	News	NaN	100.0000
203	204	en	amh	challenge_SSA-MTE	hyp1	News	NaN	5.5589
204	205	en	amh	challenge_SSA-MTE	hyp1	News	NaN	9.5873
205	206	en	amh	challenge_SSA-MTE	hyp1	News	NaN	2.8158
206	207	en	amh	challenge_SSA-MTE	hyp1	News	NaN	5.0607
207	208	en	amh	challenge_SSA-MTE	hyp1	News	NaN	10.9703
208	209	en	amh	challenge_SSA-MTE	hyp1	News	NaN	10.7591
209	210	en	amh	challenge_SSA-MTE	hyp1	News	NaN	19.3583
210	211	en	amh	challenge_SSA-MTE	hyp1	News	NaN	8.1392
211	212	en	amh	challenge_SSA-MTE	hyp1	News	NaN	12.1921
212	213	en	amh	challenge_SSA-MTE	hyp1	News	NaN	54.5247
213	214	en	amh	challenge_SSA-MTE	hyp1	News	NaN	47.0371
214	215	en	amh	challenge_SSA-MTE	hyp1	News	NaN	7.6040
215	216	en	amh	challenge_SSA-MTE	hyp1	News	NaN	4.7892
216	217	en	amh	challenge_SSA-MTE	hyp1	News	NaN	8.6398
217	218	en	amh	challenge_SSA-MTE	hyp1	News	NaN	8.6061
218	219	en	amh	challenge_SSA-MTE	hyp1	News	NaN	72.0575
219	220	en	amh	challenge_SSA-MTE	hyp1	News	NaN	4.8585
220	221	en	amh	challenge_SSA-MTE	hyp1	News	NaN	29.5023
221	222	en	amh	challenge_SSA-MTE	hyp1	News	NaN	4.5037
222	223	en	amh	challenge_SSA-MTE	hyp1	News	NaN	15.7278
223	224	en	amh	challenge_SSA-MTE	hyp1	News	NaN	10.6003
224	225	en	amh	challenge_SSA-MTE	hyp1	News	NaN	48.3270
225	226	en	amh	challenge_SSA-MTE	hyp1	News	NaN	26.4780
226	227	en	amh	challenge_SSA-MTE	hyp1	News	NaN	6.8804
227	228	en	amh	challenge_SSA-MTE	hyp1	News	NaN	4.0911
228	229	en	amh	challenge_SSA-MTE	hyp1	News	NaN	4.0654
229	230	en	amh	challenge_SSA-MTE	hyp1	News	NaN	9.3451
230	231	en	amh	challenge_SSA-MTE	hyp1	News	NaN	7.4105
231	232	en	amh	challenge_SSA-MTE	hyp1	News	NaN	7.8583
232	233	en	amh	challenge_SSA-MTE	hyp1	News	NaN	4.0626
233	234	en	amh	challenge_SSA-MTE	hyp1	News	NaN	3.4162
234	235	en	amh	challenge_SSA-MTE	hyp1	News	NaN	4.0626
235	236	en	amh	challenge_SSA-MTE	hyp1	News	NaN	89.3154
236	237	en	amh	challenge_SSA-MTE	hyp1	News	NaN	8.5166
237	238	en	amh	challenge_SSA-MTE	hyp1	News	NaN	18.7983
238	239	en	amh	challenge_SSA-MTE	hyp1	News	NaN	14.4589
239	240	en	amh	challenge_SSA-MTE	hyp1	News	NaN	46.9247
240	241	en	amh	challenge_SSA-MTE	hyp1	News	NaN	57.8140
241	242	en	amh	challenge_SSA-MTE	hyp1	News	NaN	10.6003
242	243	en	amh	challenge_SSA-MTE	hyp1	News	NaN	8.9138
243	244	en	amh	challenge_SSA-MTE	hyp1	News	NaN	13.9508
244	245	en	amh	challenge_SSA-MTE	hyp1	News	NaN	6.2856
245	246	en	amh	challenge_SSA-MTE	hyp1	News	NaN	8.9138
246	247	en	amh	challenge_SSA-MTE	hyp1	News	NaN	6.2856
247	248	en	amh	challenge_SSA-MTE	hyp1	News	NaN	7.4956
248	249	en	amh	challenge_SSA-MTE	hyp1	News	NaN	4.0654
249	250	en	amh	challenge_SSA-MTE	hyp1	News	NaN	10.1280
250	251	en	amh	challenge_SSA-MTE	hyp1	News	NaN	6.7730
251	252	en	amh	challenge_SSA-MTE	hyp1	News	NaN	21.4016
252	253	en	amh	challenge_SSA-MTE	hyp1	News	NaN	7.6040
253	254	en	amh	challenge_SSA-MTE	hyp1	News	NaN	8.1252
254	255	en	amh	challenge_SSA-MTE	hyp1	News	NaN	4.5037
255	256	en	amh	challenge_SSA-MTE	hyp1	News	NaN	47.0371
256	257	en	amh	challenge_SSA-MTE	hyp1	News	NaN	17.4743
257	258	en	amh	challenge_SSA-MTE	hyp1	News	NaN	17.4743
258	259	en	amh	challenge_SSA-MTE	hyp1	News	NaN	4.6725
259	260	en	amh	challenge_SSA-MTE	hyp1	News	NaN	47.0371
260	261	en	amh	challenge_SSA-MTE	hyp1	News	NaN	36.3623
261	262	en	amh	challenge_SSA-MTE	hyp1	News	NaN	4.6399
262	263	en	amh	challenge_SSA-MTE	hyp1	News	NaN	10.6707
263	264	en	amh	challenge_SSA-MTE	hyp1	News	NaN	10.4702
264	265	en	amh	challenge_SSA-MTE	hyp1	News	NaN	8.0903
265	266	en	amh	challenge_SSA-MTE	hyp1	News	NaN	10.1826
266	267	en	amh	challenge_SSA-MTE	hyp1	News	NaN	10.1826
267	268	en	amh	challenge_SSA-MTE	hyp1	News	NaN	7.7686
268	269	en	amh	challenge_SSA-MTE	hyp1	News	NaN	7.7686
269	270	en	amh	challenge_SSA-MTE	hyp1	News	NaN	6.8962
270	271	en	amh	challenge_SSA-MTE	hyp1	News	NaN	0.0000
271	272	en	amh	challenge_SSA-MTE	hyp1	News	NaN	7.4105
272	273	en	amh	challenge_SSA-MTE	hyp1	News	NaN	7.4319
273	274	en	amh	challenge_SSA-MTE	hyp1	News	NaN	20.9600
274	275	en	amh	challenge_SSA-MTE	hyp1	News	NaN	7.1418
275	276	en	amh	challenge_SSA-MTE	hyp1	News	NaN	13.2160
276	277	en	amh	challenge_SSA-MTE	hyp1	News	NaN	4.4063
277	278	en	amh	challenge_SSA-MTE	hyp1	News	NaN	13.8323
278	279	en	amh	challenge_SSA-MTE	hyp1	News	NaN	78.2542
279	280	en	amh	challenge_SSA-MTE	hyp1	News	NaN	14.3231
280	281	en	amh	challenge_SSA-MTE	hyp1	News	NaN	20.5567
281	282	en	amh	challenge_SSA-MTE	hyp1	News	NaN	6.4489
282	283	en	amh	challenge_SSA-MTE	hyp1	News	NaN	5.1081
283	284	en	amh	challenge_SSA-MTE	hyp1	News	NaN	5.9930
284	285	en	amh	challenge_SSA-MTE	hyp1	News	NaN	0.0000
285	286	en	amh	challenge_SSA-MTE	hyp1	News	NaN	6.7556
286	287	en	amh	challenge_SSA-MTE	hyp1	News	NaN	4.3032
287	288	en	amh	challenge_SSA-MTE	hyp1	News	NaN	24.0054
288	289	en	amh	challenge_SSA-MTE	hyp1	News	NaN	5.0395
289	290	en	amh	challenge_SSA-MTE	hyp1	News	NaN	2.5643
290	291	en	amh	challenge_SSA-MTE	hyp1	News	NaN	5.4110
291	292	en	amh	challenge_SSA-MTE	hyp1	News	NaN	23.4022
292	293	en	amh	challenge_SSA-MTE	hyp1	News	NaN	5.4065
293	294	en	amh	challenge_SSA-MTE	hyp1	News	NaN	19.7856
294	295	en	amh	challenge_SSA-MTE	hyp1	News	NaN	4.5266
295	296	en	amh	challenge_SSA-MTE	hyp1	News	NaN	12.8032
296	297	en	amh	challenge_SSA-MTE	hyp1	News	NaN	19.2712
297	298	en	amh	challenge_SSA-MTE	hyp1	News	NaN	8.1067
298	299	en	amh	challenge_SSA-MTE	hyp1	News	NaN	17.6968
299	300	en	amh	challenge_SSA-MTE	hyp1	News	NaN	15.1650
300	301	en	amh	challenge_SSA-MTE	hyp1	News	NaN	8.8630
301	302	en	amh	challenge_SSA-MTE	hyp1	News	NaN	32.4683
302	303	en	amh	challenge_SSA-MTE	hyp1	News	NaN	13.9260
303	304	en	amh	challenge_SSA-MTE	hyp1	News	NaN	7.6766
304	305	en	amh	challenge_SSA-MTE	hyp1	News	NaN	13.4178
305	306	en	amh	challenge_SSA-MTE	hyp1	News	NaN	12.7882
306	307	en	amh	challenge_SSA-MTE	hyp1	News	NaN	23.8015
307	308	en	amh	challenge_SSA-MTE	hyp1	News	NaN	6.5858
308	309	en	amh	challenge_SSA-MTE	hyp1	News	NaN	33.6970
309	310	en	amh	challenge_SSA-MTE	hyp1	News	NaN	25.9184
310	311	en	amh	challenge_SSA-MTE	hyp1	News	NaN	12.1070
311	312	en	amh	challenge_SSA-MTE	hyp1	News	NaN	11.6333
312	313	en	amh	challenge_SSA-MTE	hyp1	News	NaN	12.4516
313	314	en	amh	challenge_SSA-MTE	hyp1	News	NaN	11.7046
314	315	en	amh	challenge_SSA-MTE	hyp1	News	NaN	21.6520
315	316	en	amh	challenge_SSA-MTE	hyp1	News	NaN	12.9532
316	317	en	amh	challenge_SSA-MTE	hyp1	News	NaN	17.7871
317	318	en	amh	challenge_SSA-MTE	hyp1	News	NaN	13.9428
318	319	en	amh	challenge_SSA-MTE	hyp1	News	NaN	14.4640
319	320	en	amh	challenge_SSA-MTE	hyp1	News	NaN	14.2478
320	321	en	amh	challenge_SSA-MTE	hyp1	News	NaN	21.2055
321	322	en	amh	challenge_SSA-MTE	hyp1	News	NaN	17.8174
322	323	en	amh	challenge_SSA-MTE	hyp1	News	NaN	4.2954
323	324	en	amh	challenge_SSA-MTE	hyp1	News	NaN	3.7456
324	325	en	amh	challenge_SSA-MTE	hyp1	News	NaN	7.9076
325	326	en	amh	challenge_SSA-MTE	hyp1	News	NaN	9.4252
326	327	en	amh	challenge_SSA-MTE	hyp1	News	NaN	21.4016
327	328	en	amh	challenge_SSA-MTE	hyp1	News	NaN	27.8246
328	329	en	amh	challenge_SSA-MTE	hyp1	News	NaN	20.4480
329	330	en	amh	challenge_SSA-MTE	hyp1	News	NaN	18.7983
330	331	en	amh	challenge_SSA-MTE	hyp1	News	NaN	27.8246
331	332	en	amh	challenge_SSA-MTE	hyp1	News	NaN	31.6149
332	333	en	amh	challenge_SSA-MTE	hyp1	News	NaN	28.9178
333	334	en	amh	challenge_SSA-MTE	hyp1	News	NaN	15.8636
334	335	en	amh	challenge_SSA-MTE	hyp1	News	NaN	24.9258
335	336	en	amh	challenge_SSA-MTE	hyp1	News	NaN	5.7174
336	337	en	amh	challenge_SSA-MTE	hyp1	News	NaN	5.7840
337	338	en	amh	challenge_SSA-MTE	hyp1	News	NaN	7.1746
338	339	en	amh	challenge_SSA-MTE	hyp1	News	NaN	6.0537
339	340	en	amh	challenge_SSA-MTE	hyp1	News	NaN	6.7916
340	341	en	amh	challenge_SSA-MTE	hyp1	News	NaN	2.8587
341	342	en	amh	challenge_SSA-MTE	hyp1	News	NaN	8.2247
342	343	en	amh	challenge_SSA-MTE	hyp1	News	NaN	3.1247
343	344	en	amh	challenge_SSA-MTE	hyp1	News	NaN	4.1005
344	345	en	amh	challenge_SSA-MTE	hyp1	News	NaN	6.7662
345	346	en	amh	challenge_SSA-MTE	hyp1	News	NaN	6.8804
346	347	en	amh	challenge_SSA-MTE	hyp1	News	NaN	7.8356
347	348	en	amh	challenge_SSA-MTE	hyp1	News	NaN	39.1236
348	349	en	amh	challenge_SSA-MTE	hyp1	News	NaN	9.6693
349	350	en	amh	challenge_SSA-MTE	hyp1	News	NaN	21.4016
350	351	en	amh	challenge_SSA-MTE	hyp1	News	NaN	39.1236
351	352	en	amh	challenge_SSA-MTE	hyp1	News	NaN	33.4702
352	353	en	amh	challenge_SSA-MTE	hyp1	News	NaN	26.9702
353	354	en	amh	challenge_SSA-MTE	hyp1	News	NaN	17.5322
354	355	en	amh	challenge_SSA-MTE	hyp1	News	NaN	32.3772
355	356	en	amh	challenge_SSA-MTE	hyp1	News	NaN	32.9341
356	357	en	amh	challenge_SSA-MTE	hyp1	News	NaN	27.7682
357	358	en	amh	challenge_SSA-MTE	hyp1	News	NaN	21.1885
358	359	en	amh	challenge_SSA-MTE	hyp1	News	NaN	6.7861
359	360	en	amh	challenge_SSA-MTE	hyp1	News	NaN	2.7355
360	361	en	amh	challenge_SSA-MTE	hyp1	News	NaN	19.8605
361	362	en	amh	challenge_SSA-MTE	hyp1	News	NaN	6.2504
362	363	en	amh	challenge_SSA-MTE	hyp1	News	NaN	12.6897
363	364	en	amh	challenge_SSA-MTE	hyp1	News	NaN	8.5732
364	365	en	amh	challenge_SSA-MTE	hyp1	News	NaN	7.1746
365	366	en	amh	challenge_SSA-MTE	hyp1	News	NaN	5.7514
366	367	en	amh	challenge_SSA-MTE	hyp1	News	NaN	11.2673
367	368	en	amh	challenge_SSA-MTE	hyp1	News	NaN	5.4702
368	369	en	amh	challenge_SSA-MTE	hyp1	News	NaN	6.8549
369	370	en	amh	challenge_SSA-MTE	hyp1	News	NaN	6.8784
370	371	en	amh	challenge_SSA-MTE	hyp1	News	NaN	6.9779
371	372	en	amh	challenge_SSA-MTE	hyp1	News	NaN	7.6828
372	373	en	amh	challenge_SSA-MTE	hyp1	News	NaN	4.0775
373	374	en	amh	challenge_SSA-MTE	hyp1	News	NaN	2.8085
374	375	en	amh	challenge_SSA-MTE	hyp1	News	NaN	6.0121
375	376	en	amh	challenge_SSA-MTE	hyp1	News	NaN	5.5095
376	377	en	amh	challenge_SSA-MTE	hyp1	News	NaN	15.4303
377	378	en	amh	challenge_SSA-MTE	hyp1	News	NaN	6.4005
378	379	en	amh	challenge_SSA-MTE	hyp1	News	NaN	43.7481
379	380	en	amh	challenge_SSA-MTE	hyp1	News	NaN	13.4283
380	381	en	amh	challenge_SSA-MTE	hyp1	News	NaN	45.0776
381	382	en	amh	challenge_SSA-MTE	hyp1	News	NaN	7.1268
382	383	en	amh	challenge_SSA-MTE	hyp1	News	NaN	64.8707
383	384	en	amh	challenge_SSA-MTE	hyp1	News	NaN	4.5709
384	385	en	amh	challenge_SSA-MTE	hyp1	News	NaN	46.5076
385	386	en	amh	challenge_SSA-MTE	hyp1	News	NaN	17.9456
386	387	en	amh	challenge_SSA-MTE	hyp1	News	NaN	6.2520
387	388	en	amh	challenge_SSA-MTE	hyp1	News	NaN	34.1191
388	389	en	amh	challenge_SSA-MTE	hyp1	News	NaN	8.5723
389	390	en	amh	challenge_SSA-MTE	hyp1	News	NaN	2.8856
390	391	en	amh	challenge_SSA-MTE	hyp1	News	NaN	5.8552
391	392	en	amh	challenge_SSA-MTE	hyp1	News	NaN	7.2084
392	393	en	amh	challenge_SSA-MTE	hyp1	News	NaN	7.2084
393	394	en	amh	challenge_SSA-MTE	hyp1	News	NaN	8.2908
394	395	en	amh	challenge_SSA-MTE	hyp1	News	NaN	18.3498
395	396	en	amh	challenge_SSA-MTE	hyp1	News	NaN	11.0188
396	397	en	amh	challenge_SSA-MTE	hyp1	News	NaN	21.0237
397	398	en	amh	challenge_SSA-MTE	hyp1	News	NaN	23.0737
398	399	en	amh	challenge_SSA-MTE	hyp1	News	NaN	6.4005
399	400	en	amh	challenge_SSA-MTE	hyp1	News	NaN	12.9532
400	401	en	amh	challenge_SSA-MTE	hyp1	News	NaN	17.2422
401	402	en	amh	challenge_SSA-MTE	hyp1	News	NaN	8.1392
402	403	en	amh	challenge_SSA-MTE	hyp1	News	NaN	13.0651
403	404	en	amh	challenge_SSA-MTE	hyp1	News	NaN	14.5303
404	405	en	amh	challenge_SSA-MTE	hyp1	News	NaN	23.7090
405	406	en	amh	challenge_SSA-MTE	hyp1	News	NaN	17.7953
406	407	en	amh	challenge_SSA-MTE	hyp1	News	NaN	17.7953
407	408	en	amh	challenge_SSA-MTE	hyp1	News	NaN	25.4598
408	409	en	amh	challenge_SSA-MTE	hyp1	News	NaN	9.1870
409	410	en	amh	challenge_SSA-MTE	hyp1	News	NaN	5.3099
410	411	en	amh	challenge_SSA-MTE	hyp1	News	NaN	25.5169
411	412	en	amh	challenge_SSA-MTE	hyp1	News	NaN	21.5864
412	413	en	amh	challenge_SSA-MTE	hyp1	News	NaN	10.1359
413	414	en	amh	challenge_SSA-MTE	hyp1	News	NaN	17.6252
414	415	en	amh	challenge_SSA-MTE	hyp1	News	NaN	26.1302
415	416	en	amh	challenge_SSA-MTE	hyp1	News	NaN	27.1435
416	417	en	amh	challenge_SSA-MTE	hyp1	News	NaN	15.7278
417	418	en	amh	challenge_SSA-MTE	hyp1	News	NaN	7.6954
418	419	en	amh	challenge_SSA-MTE	hyp1	News	NaN	6.1676
419	420	en	amh	challenge_SSA-MTE	hyp1	News	NaN	3.8529
420	421	en	amh	challenge_SSA-MTE	hyp1	News	NaN	6.6901
421	422	en	amh	challenge_SSA-MTE	hyp1	News	NaN	8.0086
422	423	en	amh	challenge_SSA-MTE	hyp1	News	NaN	13.9260
423	424	en	amh	challenge_SSA-MTE	hyp1	News	NaN	29.6334
424	425	en	amh	challenge_SSA-MTE	hyp1	News	NaN	7.6551
425	426	en	amh	challenge_SSA-MTE	hyp1	News	NaN	11.6333
426	427	en	amh	challenge_SSA-MTE	hyp1	News	NaN	19.9234
427	428	en	amh	challenge_SSA-MTE	hyp1	News	NaN	16.5446
428	429	en	amh	challenge_SSA-MTE	hyp1	News	NaN	40.0407
429	430	en	amh	challenge_SSA-MTE	hyp1	News	NaN	17.6787
430	431	en	amh	challenge_SSA-MTE	hyp1	News	NaN	3.4798
431	432	en	amh	challenge_SSA-MTE	hyp1	News	NaN	20.4581
432	433	en	amh	challenge_SSA-MTE	hyp1	News	NaN	13.3802
433	434	en	amh	challenge_SSA-MTE	hyp1	News	NaN	16.9436
434	435	en	amh	challenge_SSA-MTE	hyp1	News	NaN	47.9982
435	436	en	amh	challenge_SSA-MTE	hyp1	News	NaN	29.2561
436	437	en	amh	challenge_SSA-MTE	hyp1	News	NaN	26.4378
437	438	en	amh	challenge_SSA-MTE	hyp1	News	NaN	36.0491
438	439	en	amh	challenge_SSA-MTE	hyp1	News	NaN	41.2491
439	440	en	amh	challenge_SSA-MTE	hyp1	News	NaN	7.4749
440	441	en	amh	challenge_SSA-MTE	hyp1	News	NaN	7.1890
441	442	en	amh	challenge_SSA-MTE	hyp1	News	NaN	7.4749
442	443	en	amh	challenge_SSA-MTE	hyp1	News	NaN	9.6210
443	444	en	amh	challenge_SSA-MTE	hyp1	News	NaN	14.9498
444	445	en	amh	challenge_SSA-MTE	hyp1	News	NaN	29.6571
445	446	en	amh	challenge_SSA-MTE	hyp1	News	NaN	10.1464
446	447	en	amh	challenge_SSA-MTE	hyp1	News	NaN	11.2038
447	448	en	amh	challenge_SSA-MTE	hyp1	News	NaN	4.9560
448	449	en	amh	challenge_SSA-MTE	hyp1	News	NaN	37.0301
449	450	en	amh	challenge_SSA-MTE	hyp1	News	NaN	3.5873
450	451	en	amh	challenge_SSA-MTE	hyp1	News	NaN	5.1367
451	452	en	amh	challenge_SSA-MTE	hyp1	News	NaN	4.8150
452	453	en	amh	challenge_SSA-MTE	hyp1	News	NaN	5.1081
453	454	en	amh	challenge_SSA-MTE	hyp1	News	NaN	4.3194
454	455	en	amh	challenge_SSA-MTE	hyp1	News	NaN	5.7742
455	456	en	amh	challenge_SSA-MTE	hyp1	News	NaN	5.4012
456	457	en	amh	challenge_SSA-MTE	hyp1	News	NaN	41.9136
457	458	en	amh	challenge_SSA-MTE	hyp1	News	NaN	6.8396
458	459	en	amh	challenge_SSA-MTE	hyp1	News	NaN	9.8339
459	460	en	amh	challenge_SSA-MTE	hyp1	News	NaN	15.1446
460	461	en	amh	challenge_SSA-MTE	hyp1	News	NaN	7.3625
461	462	en	amh	challenge_SSA-MTE	hyp1	News	NaN	13.9260
462	463	en	amh	challenge_SSA-MTE	hyp1	News	NaN	8.5111
463	464	en	amh	challenge_SSA-MTE	hyp1	News	NaN	3.0543
464	465	en	amh	challenge_SSA-MTE	hyp1	News	NaN	6.1961
465	466	en	amh	challenge_SSA-MTE	hyp1	News	NaN	5.3871
466	467	en	amh	challenge_SSA-MTE	hyp1	News	NaN	4.8694
467	468	en	amh	challenge_SSA-MTE	hyp1	News	NaN	5.3871
468	469	en	amh	challenge_SSA-MTE	hyp1	News	NaN	16.5927
469	470	en	amh	challenge_SSA-MTE	hyp1	News	NaN	5.0133
470	471	en	amh	challenge_SSA-MTE	hyp1	News	NaN	11.7328
471	472	en	amh	challenge_SSA-MTE	hyp1	News	NaN	10.7742
472	473	en	amh	challenge_SSA-MTE	hyp1	News	NaN	11.7328
473	474	en	amh	challenge_SSA-MTE	hyp1	News	NaN	4.3701
474	475	en	amh	challenge_SSA-MTE	hyp1	News	NaN	10.0879
475	476	en	amh	challenge_SSA-MTE	hyp1	News	NaN	19.7353
476	477	en	amh	challenge_SSA-MTE	hyp1	News	NaN	9.8670
477	478	en	amh	challenge_SSA-MTE	hyp1	News	NaN	16.6007
478	479	en	amh	challenge_SSA-MTE	hyp1	News	NaN	10.2601
479	480	en	amh	challenge_SSA-MTE	hyp1	News	NaN	1.5394
480	481	en	amh	challenge_SSA-MTE	hyp1	News	NaN	2.4347
481	482	en	amh	challenge_SSA-MTE	hyp1	News	NaN	2.8158
482	483	en	amh	challenge_SSA-MTE	hyp1	News	NaN	2.4782
483	484	en	amh	challenge_SSA-MTE	hyp1	News	NaN	2.4347
484	485	en	amh	challenge_SSA-MTE	hyp1	News	NaN	4.9427
485	486	en	amh	challenge_SSA-MTE	hyp1	News	NaN	6.2887
486	487	en	amh	challenge_SSA-MTE	hyp1	News	NaN	6.2504
487	488	en	amh	challenge_SSA-MTE	hyp1	News	NaN	3.1364
488	489	en	amh	challenge_SSA-MTE	hyp1	News	NaN	6.2728
489	490	en	amh	challenge_SSA-MTE	hyp1	News	NaN	5.8523
490	491	en	amh	challenge_SSA-MTE	hyp1	News	NaN	10.6736
491	492	en	amh	challenge_SSA-MTE	hyp1	News	NaN	10.0869
492	493	en	amh	challenge_SSA-MTE	hyp1	News	NaN	11.1461
493	494	en	amh	challenge_SSA-MTE	hyp1	News	NaN	10.0945
494	495	en	amh	challenge_SSA-MTE	hyp1	News	NaN	17.9033
495	496	en	amh	challenge_SSA-MTE	hyp1	News	NaN	9.8568
496	497	en	amh	challenge_SSA-MTE	hyp1	News	NaN	12.6320
497	498	en	amh	challenge_SSA-MTE	hyp1	News	NaN	2.3006
498	499	en	amh	challenge_SSA-MTE	hyp1	News	NaN	6.3153
499	500	en	amh	challenge_SSA-MTE	hyp1	News	NaN	6.6783
500	501	en	amh	challenge_SSA-MTE	hyp1	News	NaN	6.3363
501	502	en	amh	challenge_SSA-MTE	hyp1	News	NaN	2.3054
502	503	en	amh	challenge_SSA-MTE	hyp1	News	NaN	21.9070
503	504	en	amh	challenge_SSA-MTE	hyp1	News	NaN	22.6378
504	505	en	amh	challenge_SSA-MTE	hyp1	News	NaN	7.5201
505	506	en	amh	challenge_SSA-MTE	hyp1	News	NaN	40.8748
506	507	en	amh	challenge_SSA-MTE	hyp1	News	NaN	3.5514
507	508	en	amh	challenge_SSA-MTE	hyp1	News	NaN	10.2240
508	509	en	amh	challenge_SSA-MTE	hyp1	News	NaN	4.1124
509	510	en	amh	challenge_SSA-MTE	hyp1	News	NaN	29.1676
510	511	en	amh	challenge_SSA-MTE	hyp1	News	NaN	7.3934
511	512	en	amh	challenge_SSA-MTE	hyp1	News	NaN	9.2384
512	513	en	amh	challenge_SSA-MTE	hyp1	News	NaN	3.1247
513	514	en	amh	challenge_SSA-MTE	hyp1	News	NaN	18.4930
514	515	en	amh	challenge_SSA-MTE	hyp1	News	NaN	6.5867
515	516	en	amh	challenge_SSA-MTE	hyp1	News	NaN	9.8461
516	517	en	amh	challenge_SSA-MTE	hyp1	News	NaN	2.7197
517	518	en	amh	challenge_SSA-MTE	hyp1	News	NaN	20.1581
518	519	en	amh	challenge_SSA-MTE	hyp1	News	NaN	4.7249
519	520	en	amh	challenge_SSA-MTE	hyp1	News	NaN	7.6954
520	521	en	amh	challenge_SSA-MTE	hyp1	News	NaN	8.5164
521	522	en	amh	challenge_SSA-MTE	hyp1	News	NaN	5.7514
522	523	en	amh	challenge_SSA-MTE	hyp1	News	NaN	7.7058
523	524	en	amh	challenge_SSA-MTE	hyp1	News	NaN	8.8294
524	525	en	amh	challenge_SSA-MTE	hyp1	News	NaN	6.8633
525	526	en	amh	challenge_SSA-MTE	hyp1	News	NaN	16.4519
526	527	en	amh	challenge_SSA-MTE	hyp1	News	NaN	8.0545
527	528	en	amh	challenge_SSA-MTE	hyp1	News	NaN	26.3320
528	529	en	amh	challenge_SSA-MTE	hyp1	News	NaN	8.7372
529	530	en	amh	challenge_SSA-MTE	hyp1	News	NaN	7.1890
530	531	en	amh	challenge_SSA-MTE	hyp1	News	NaN	4.7892
531	532	en	amh	challenge_SSA-MTE	hyp1	News	NaN	6.7543
532	533	en	amh	challenge_SSA-MTE	hyp1	News	NaN	5.8166
533	534	en	amh	challenge_SSA-MTE	hyp1	News	NaN	20.3334
534	535	en	amh	challenge_SSA-MTE	hyp1	News	NaN	3.0098
535	536	en	amh	challenge_SSA-MTE	hyp1	News	NaN	8.0323
536	537	en	amh	challenge_SSA-MTE	hyp1	News	NaN	3.4586
537	538	en	amh	challenge_SSA-MTE	hyp1	News	NaN	12.0619
538	539	en	amh	challenge_SSA-MTE	hyp1	News	NaN	4.9847
539	540	en	amh	challenge_SSA-MTE	hyp1	News	NaN	10.6103
540	541	en	amh	challenge_SSA-MTE	hyp1	News	NaN	29.2401
541	542	en	amh	challenge_SSA-MTE	hyp1	News	NaN	6.1259
542	543	en	amh	challenge_SSA-MTE	hyp1	News	NaN	2.5036
543	544	en	amh	challenge_SSA-MTE	hyp1	News	NaN	6.0571
544	545	en	amh	challenge_SSA-MTE	hyp1	News	NaN	8.2617
545	546	en	amh	challenge_SSA-MTE	hyp1	News	NaN	19.8439
546	547	en	amh	challenge_SSA-MTE	hyp1	News	NaN	21.8779
547	548	en	amh	challenge_SSA-MTE	hyp1	News	NaN	3.1156
548	549	en	amh	challenge_SSA-MTE	hyp1	News	NaN	4.7988
549	550	en	amh	challenge_SSA-MTE	hyp1	News	NaN	0.9995
550	551	en	amh	challenge_SSA-MTE	hyp1	News	NaN	9.4499
551	552	en	amh	challenge_SSA-MTE	hyp1	News	NaN	5.1367
552	553	en	amh	challenge_SSA-MTE	hyp1	News	NaN	5.2573
553	554	en	amh	challenge_SSA-MTE	hyp1	News	NaN	5.2573
554	555	en	amh	challenge_SSA-MTE	hyp1	News	NaN	2.8666
555	556	en	amh	challenge_SSA-MTE	hyp1	News	NaN	32.3772
556	557	en	amh	challenge_SSA-MTE	hyp1	News	NaN	18.7511
557	558	en	amh	challenge_SSA-MTE	hyp1	News	NaN	7.9559
558	559	en	amh	challenge_SSA-MTE	hyp1	News	NaN	6.1827
559	560	en	amh	challenge_SSA-MTE	hyp1	News	NaN	11.3061
560	561	en	amh	challenge_SSA-MTE	hyp1	News	NaN	14.3422
561	562	en	amh	challenge_SSA-MTE	hyp1	News	NaN	6.5464
562	563	en	amh	challenge_SSA-MTE	hyp1	News	NaN	6.6833
563	564	en	amh	challenge_SSA-MTE	hyp1	News	NaN	15.8957
564	565	en	amh	challenge_SSA-MTE	hyp1	News	NaN	6.3341
565	566	en	amh	challenge_SSA-MTE	hyp1	News	NaN	15.5701
566	567	en	amh	challenge_SSA-MTE	hyp1	News	NaN	5.8915
567	568	en	amh	challenge_SSA-MTE	hyp1	News	NaN	10.5763
568	569	en	amh	challenge_SSA-MTE	hyp1	News	NaN	6.2728
569	570	en	amh	challenge_SSA-MTE	hyp1	News	NaN	7.2453
570	571	en	amh	challenge_SSA-MTE	hyp1	News	NaN	10.5763
571	572	en	amh	challenge_SSA-MTE	hyp1	News	NaN	11.6751
572	573	en	amh	challenge_SSA-MTE	hyp1	News	NaN	11.1830
573	574	en	amh	challenge_SSA-MTE	hyp1	News	NaN	6.5957
574	575	en	amh	challenge_SSA-MTE	hyp1	News	NaN	6.3005
575	576	en	amh	challenge_SSA-MTE	hyp1	News	NaN	6.9726
576	577	en	amh	challenge_SSA-MTE	hyp1	News	NaN	5.2300
577	578	en	amh	challenge_SSA-MTE	hyp1	News	NaN	6.5480
578	579	en	amh	challenge_SSA-MTE	hyp1	News	NaN	4.9969
579	580	en	amh	challenge_SSA-MTE	hyp1	News	NaN	21.5864
580	581	en	amh	challenge_SSA-MTE	hyp1	News	NaN	19.3385
581	582	en	amh	challenge_SSA-MTE	hyp1	News	NaN	11.5981
582	583	en	amh	challenge_SSA-MTE	hyp1	News	NaN	11.4988
583	584	en	amh	challenge_SSA-MTE	hyp1	News	NaN	7.4105
584	585	en	amh	challenge_SSA-MTE	hyp1	News	NaN	7.4105
585	586	en	amh	challenge_SSA-MTE	hyp1	News	NaN	2.8379
586	587	en	amh	challenge_SSA-MTE	hyp1	News	NaN	3.3748
587	588	en	amh	challenge_SSA-MTE	hyp1	News	NaN	2.8265
588	589	en	amh	challenge_SSA-MTE	hyp1	News	NaN	5.1286
589	590	en	amh	challenge_SSA-MTE	hyp1	News	NaN	1.5394
590	591	en	amh	challenge_SSA-MTE	hyp1	News	NaN	2.6280
591	592	en	amh	challenge_SSA-MTE	hyp1	News	NaN	2.7197
592	593	en	amh	challenge_SSA-MTE	hyp1	News	NaN	13.1779
593	594	en	amh	challenge_SSA-MTE	hyp1	News	NaN	7.8356
594	595	en	amh	challenge_SSA-MTE	hyp1	News	NaN	4.0161
595	596	en	amh	challenge_SSA-MTE	hyp1	News	NaN	4.9969
596	597	en	amh	challenge_SSA-MTE	hyp1	News	NaN	6.5480
597	598	en	amh	challenge_SSA-MTE	hyp1	News	NaN	6.2195
598	599	en	amh	challenge_SSA-MTE	hyp1	News	NaN	31.6898
599	600	en	amh	challenge_SSA-MTE	hyp1	News	NaN	4.7526
600	601	en	amh	challenge_SSA-MTE	hyp1	News	NaN	5.8231
601	602	en	amh	challenge_SSA-MTE	hyp1	News	NaN	3.1935
602	603	en	amh	challenge_SSA-MTE	hyp1	News	NaN	3.2399
603	604	en	amh	challenge_SSA-MTE	hyp1	News	NaN	3.4815
604	605	en	amh	challenge_SSA-MTE	hyp1	News	NaN	3.2276
605	606	en	amh	challenge_SSA-MTE	hyp1	News	NaN	3.4815
606	607	en	amh	challenge_SSA-MTE	hyp1	News	NaN	2.8856
607	608	en	amh	challenge_SSA-MTE	hyp1	News	NaN	7.9559
608	609	en	amh	challenge_SSA-MTE	hyp1	News	NaN	5.4393
609	610	en	amh	challenge_SSA-MTE	hyp1	News	NaN	11.2038
610	611	en	amh	challenge_SSA-MTE	hyp1	News	NaN	5.8473
611	612	en	amh	challenge_SSA-MTE	hyp1	News	NaN	6.0196
612	613	en	amh	challenge_SSA-MTE	hyp1	News	NaN	5.8166
613	614	en	amh	challenge_SSA-MTE	hyp1	News	NaN	41.3728
614	615	en	amh	challenge_SSA-MTE	hyp1	News	NaN	31.5381
615	616	en	amh	challenge_SSA-MTE	hyp1	News	NaN	8.9817
616	617	en	amh	challenge_SSA-MTE	hyp1	News	NaN	32.3425
617	618	en	amh	challenge_SSA-MTE	hyp1	News	NaN	39.7521
618	619	en	amh	challenge_SSA-MTE	hyp1	News	NaN	32.2924
619	620	en	amh	challenge_SSA-MTE	hyp1	News	NaN	13.7141
620	621	en	amh	challenge_SSA-MTE	hyp1	News	NaN	4.8150
621	622	en	amh	challenge_SSA-MTE	hyp1	News	NaN	18.9752
622	623	en	amh	challenge_SSA-MTE	hyp1	News	NaN	14.2989
623	624	en	amh	challenge_SSA-MTE	hyp1	News	NaN	34.0334
624	625	en	amh	challenge_SSA-MTE	hyp1	News	NaN	8.6631
625	626	en	amh	challenge_SSA-MTE	hyp1	News	NaN	12.6835
626	627	en	amh	challenge_SSA-MTE	hyp1	News	NaN	12.4367
627	628	en	amh	challenge_SSA-MTE	hyp1	News	NaN	13.7061
628	629	en	amh	challenge_SSA-MTE	hyp1	News	NaN	12.6910
629	630	en	amh	challenge_SSA-MTE	hyp1	News	NaN	16.0820
630	631	en	amh	challenge_SSA-MTE	hyp1	News	NaN	18.3724
631	632	en	amh	challenge_SSA-MTE	hyp1	News	NaN	6.1024
632	633	en	amh	challenge_SSA-MTE	hyp1	News	NaN	7.1586
633	634	en	amh	challenge_SSA-MTE	hyp1	News	NaN	12.8743
634	635	en	amh	challenge_SSA-MTE	hyp1	News	NaN	7.9783
635	636	en	amh	challenge_SSA-MTE	hyp1	News	NaN	7.3346
636	637	en	amh	challenge_SSA-MTE	hyp1	News	NaN	7.9783
637	638	en	amh	challenge_SSA-MTE	hyp1	News	NaN	5.1656
638	639	en	amh	challenge_SSA-MTE	hyp1	News	NaN	2.8630
639	640	en	amh	challenge_SSA-MTE	hyp1	News	NaN	9.1074
640	641	en	amh	challenge_SSA-MTE	hyp1	News	NaN	22.4517
641	642	en	amh	challenge_SSA-MTE	hyp1	News	NaN	5.3515
642	643	en	amh	challenge_SSA-MTE	hyp1	News	NaN	2.6643
643	644	en	amh	challenge_SSA-MTE	hyp1	News	NaN	3.8064
644	645	en	amh	challenge_SSA-MTE	hyp1	News	NaN	3.7720
645	646	en	amh	challenge_SSA-MTE	hyp1	News	NaN	4.7052
646	647	en	amh	challenge_SSA-MTE	hyp1	News	NaN	4.9000
647	648	en	amh	challenge_SSA-MTE	hyp1	News	NaN	4.1081
648	649	en	amh	challenge_SSA-MTE	hyp1	News	NaN	8.0104
649	650	en	amh	challenge_SSA-MTE	hyp1	News	NaN	5.2651
650	651	en	amh	challenge_SSA-MTE	hyp1	News	NaN	4.7575
651	652	en	amh	challenge_SSA-MTE	hyp1	News	NaN	21.3777
652	653	en	amh	challenge_SSA-MTE	hyp1	News	NaN	4.3239
653	654	en	amh	challenge_SSA-MTE	hyp1	News	NaN	4.5720
654	655	en	amh	challenge_SSA-MTE	hyp1	News	NaN	7.5757
655	656	en	amh	challenge_SSA-MTE	hyp1	News	NaN	2.6280
656	657	en	amh	challenge_SSA-MTE	hyp1	News	NaN	6.3310
657	658	en	amh	challenge_SSA-MTE	hyp1	News	NaN	5.7207
658	659	en	amh	challenge_SSA-MTE	hyp1	News	NaN	5.7207
659	660	en	amh	challenge_SSA-MTE	hyp1	News	NaN	7.8594
660	661	en	amh	challenge_SSA-MTE	hyp1	News	NaN	1.3114
661	662	en	amh	challenge_SSA-MTE	hyp1	News	NaN	5.4393
662	663	en	amh	challenge_SSA-MTE	hyp1	News	NaN	6.7543
663	664	en	amh	challenge_SSA-MTE	hyp1	News	NaN	5.8166
664	665	en	amh	challenge_SSA-MTE	hyp1	News	NaN	7.4105
665	666	en	amh	challenge_SSA-MTE	hyp1	News	NaN	5.1081
666	667	en	amh	challenge_SSA-MTE	hyp1	News	NaN	16.3206
667	668	en	amh	challenge_SSA-MTE	hyp1	News	NaN	2.9712
668	669	en	amh	challenge_SSA-MTE	hyp1	News	NaN	16.0047
669	670	en	amh	challenge_SSA-MTE	hyp1	News	NaN	3.1098
670	671	en	amh	challenge_SSA-MTE	hyp1	News	NaN	3.1502
671	672	en	amh	challenge_SSA-MTE	hyp1	News	NaN	9.1074
672	673	en	amh	challenge_SSA-MTE	hyp1	News	NaN	31.8974
673	674	en	amh	challenge_SSA-MTE	hyp1	News	NaN	2.3184
674	675	en	amh	challenge_SSA-MTE	hyp1	News	NaN	6.5073
675	676	en	amh	challenge_SSA-MTE	hyp1	News	NaN	31.0493
676	677	en	amh	challenge_SSA-MTE	hyp1	News	NaN	8.9690
677	678	en	amh	challenge_SSA-MTE	hyp1	News	NaN	3.0373
678	679	en	amh	challenge_SSA-MTE	hyp1	News	NaN	2.5683
679	680	en	amh	challenge_SSA-MTE	hyp1	News	NaN	3.2115
680	681	en	amh	challenge_SSA-MTE	hyp1	News	NaN	3.2115
681	682	en	amh	challenge_SSA-MTE	hyp1	News	NaN	5.1081
682	683	en	amh	challenge_SSA-MTE	hyp1	News	NaN	3.0273
683	684	en	amh	challenge_SSA-MTE	hyp1	News	NaN	41.6280
684	685	en	amh	challenge_SSA-MTE	hyp1	News	NaN	6.9172
685	686	en	amh	challenge_SSA-MTE	hyp1	News	NaN	23.5052
686	687	en	amh	challenge_SSA-MTE	hyp1	News	NaN	19.7654
687	688	en	amh	challenge_SSA-MTE	hyp1	News	NaN	66.0633
688	689	en	amh	challenge_SSA-MTE	hyp1	News	NaN	15.8152
689	690	en	amh	challenge_SSA-MTE	hyp1	News	NaN	2.9800
690	691	en	amh	challenge_SSA-MTE	hyp1	News	NaN	7.6551
691	692	en	amh	challenge_SSA-MTE	hyp1	News	NaN	7.4398
692	693	en	amh	challenge_SSA-MTE	hyp1	News	NaN	12.5341
693	694	en	amh	challenge_SSA-MTE	hyp1	News	NaN	16.4519
694	695	en	amh	challenge_SSA-MTE	hyp1	News	NaN	1.3390
695	696	en	amh	challenge_SSA-MTE	hyp1	News	NaN	2.3287
696	697	en	amh	challenge_SSA-MTE	hyp1	News	NaN	4.0006
697	698	en	amh	challenge_SSA-MTE	hyp1	News	NaN	2.5770
698	699	en	amh	challenge_SSA-MTE	hyp1	News	NaN	5.9278
699	700	en	amh	challenge_SSA-MTE	hyp1	News	NaN	4.9821
700	701	en	amh	challenge_SSA-MTE	hyp1	News	NaN	1.9530
701	702	en	amh	challenge_SSA-MTE	hyp1	News	NaN	8.2091
702	703	en	amh	challenge_SSA-MTE	hyp1	News	NaN	5.9505
703	704	en	amh	challenge_SSA-MTE	hyp1	News	NaN	6.3207
704	705	en	amh	challenge_SSA-MTE	hyp1	News	NaN	7.1364
705	706	en	amh	challenge_SSA-MTE	hyp1	News	NaN	6.3939
706	707	en	amh	challenge_SSA-MTE	hyp1	News	NaN	7.9534
707	708	en	amh	challenge_SSA-MTE	hyp1	News	NaN	4.3007
708	709	en	amh	challenge_SSA-MTE	hyp1	News	NaN	7.9534
709	710	en	amh	challenge_SSA-MTE	hyp1	News	NaN	9.6388
710	711	en	amh	challenge_SSA-MTE	hyp1	News	NaN	8.4250
711	712	en	amh	challenge_SSA-MTE	hyp1	News	NaN	2.9074
712	713	en	amh	challenge_SSA-MTE	hyp1	News	NaN	8.7881
713	714	en	amh	challenge_SSA-MTE	hyp1	News	NaN	5.3687
714	715	en	amh	challenge_SSA-MTE	hyp1	News	NaN	15.8250
715	716	en	amh	challenge_SSA-MTE	hyp1	News	NaN	31.5016
716	717	en	amh	challenge_SSA-MTE	hyp1	News	NaN	22.6191
717	718	en	amh	challenge_SSA-MTE	hyp1	News	NaN	5.3315
718	719	en	amh	challenge_SSA-MTE	hyp1	News	NaN	3.8286
719	720	en	amh	challenge_SSA-MTE	hyp1	News	NaN	10.3074
720	721	en	amh	challenge_SSA-MTE	hyp1	News	NaN	7.9464
721	722	en	amh	challenge_SSA-MTE	hyp1	News	NaN	0.2151
722	723	en	amh	challenge_SSA-MTE	hyp1	News	NaN	16.6524
723	724	en	amh	challenge_SSA-MTE	hyp1	News	NaN	9.1074
724	725	en	amh	challenge_SSA-MTE	hyp1	News	NaN	6.2561
725	726	en	amh	challenge_SSA-MTE	hyp1	News	NaN	7.6924
726	727	en	amh	challenge_SSA-MTE	hyp1	News	NaN	5.5380
727	728	en	amh	challenge_SSA-MTE	hyp1	News	NaN	15.5934
728	729	en	amh	challenge_SSA-MTE	hyp1	News	NaN	3.3613
729	730	en	amh	challenge_SSA-MTE	hyp1	News	NaN	4.4593
730	731	en	amh	challenge_SSA-MTE	hyp1	News	NaN	4.2881
731	732	en	amh	challenge_SSA-MTE	hyp1	News	NaN	6.2075
732	733	en	amh	challenge_SSA-MTE	hyp1	News	NaN	2.6023
733	734	en	amh	challenge_SSA-MTE	hyp1	News	NaN	22.0439
734	735	en	amh	challenge_SSA-MTE	hyp1	News	NaN	4.1898
735	736	en	amh	challenge_SSA-MTE	hyp1	News	NaN	4.6367
736	737	en	amh	challenge_SSA-MTE	hyp1	News	NaN	24.5061
737	738	en	amh	challenge_SSA-MTE	hyp1	News	NaN	5.8207
738	739	en	amh	challenge_SSA-MTE	hyp1	News	NaN	4.1898
739	740	en	amh	challenge_SSA-MTE	hyp1	News	NaN	6.1601
740	741	en	amh	challenge_SSA-MTE	hyp1	News	NaN	5.7196
741	742	en	amh	challenge_SSA-MTE	hyp1	News	NaN	7.8018
742	743	en	amh	challenge_SSA-MTE	hyp1	News	NaN	5.5536
743	744	en	amh	challenge_SSA-MTE	hyp1	News	NaN	10.1627
744	745	en	amh	challenge_SSA-MTE	hyp1	News	NaN	6.1601
745	746	en	amh	challenge_SSA-MTE	hyp1	News	NaN	10.5406
746	747	en	amh	challenge_SSA-MTE	hyp1	News	NaN	5.4110
747	748	en	amh	challenge_SSA-MTE	hyp1	News	NaN	14.4741
748	749	en	amh	challenge_SSA-MTE	hyp1	News	NaN	2.6664
749	750	en	amh	challenge_SSA-MTE	hyp1	News	NaN	10.0626
750	751	en	amh	challenge_SSA-MTE	hyp1	News	NaN	4.7173
751	752	en	amh	challenge_SSA-MTE	hyp1	News	NaN	2.2655
752	753	en	amh	challenge_SSA-MTE	hyp1	News	NaN	2.1426
753	754	en	amh	challenge_SSA-MTE	hyp1	News	NaN	4.4362
754	755	en	amh	challenge_SSA-MTE	hyp1	News	NaN	2.0756
755	756	en	amh	challenge_SSA-MTE	hyp1	News	NaN	1.8981
756	757	en	amh	challenge_SSA-MTE	hyp1	News	NaN	3.9132
757	758	en	amh	challenge_SSA-MTE	hyp1	News	NaN	31.7553
758	759	en	amh	challenge_SSA-MTE	hyp1	News	NaN	11.8829
759	760	en	amh	challenge_SSA-MTE	hyp1	News	NaN	7.9335
760	761	en	amh	challenge_SSA-MTE	hyp1	News	NaN	21.3332
761	762	en	amh	challenge_SSA-MTE	hyp1	News	NaN	20.1291
762	763	en	amh	challenge_SSA-MTE	hyp1	News	NaN	21.0788
763	764	en	amh	challenge_SSA-MTE	hyp1	News	NaN	19.6847
764	765	en	amh	challenge_SSA-MTE	hyp1	News	NaN	7.8594
765	766	en	amh	challenge_SSA-MTE	hyp1	News	NaN	32.3772
766	767	en	amh	challenge_SSA-MTE	hyp1	News	NaN	12.1851
767	768	en	amh	challenge_SSA-MTE	hyp1	News	NaN	13.2591
768	769	en	amh	challenge_SSA-MTE	hyp1	News	NaN	12.0903
769	770	en	amh	challenge_SSA-MTE	hyp1	News	NaN	7.3204
770	771	en	amh	challenge_SSA-MTE	hyp1	News	NaN	4.8150
771	772	en	amh	challenge_SSA-MTE	hyp1	News	NaN	2.7157
772	773	en	amh	challenge_SSA-MTE	hyp1	News	NaN	6.2285
773	774	en	amh	challenge_SSA-MTE	hyp1	News	NaN	3.1260
774	775	en	amh	challenge_SSA-MTE	hyp1	News	NaN	8.5075
775	776	en	amh	challenge_SSA-MTE	hyp1	News	NaN	9.8098
776	777	en	amh	challenge_SSA-MTE	hyp1	News	NaN	4.5080
777	778	en	amh	challenge_SSA-MTE	hyp1	News	NaN	19.3834
778	779	en	amh	challenge_SSA-MTE	hyp1	News	NaN	2.6846
779	780	en	amh	challenge_SSA-MTE	hyp1	News	NaN	2.7583
780	781	en	amh	challenge_SSA-MTE	hyp1	News	NaN	4.4867
781	782	en	amh	challenge_SSA-MTE	hyp1	News	NaN	9.8461
782	783	en	amh	challenge_SSA-MTE	hyp1	News	NaN	8.8970
783	784	en	amh	challenge_SSA-MTE	hyp1	News	NaN	9.8740
784	785	en	amh	challenge_SSA-MTE	hyp1	News	NaN	4.5801
785	786	en	amh	challenge_SSA-MTE	hyp1	News	NaN	22.0659
786	787	en	amh	challenge_SSA-MTE	hyp1	News	NaN	2.8453
787	788	en	amh	challenge_SSA-MTE	hyp1	News	NaN	17.2097
788	789	en	amh	challenge_SSA-MTE	hyp1	News	NaN	11.7942
789	790	en	amh	challenge_SSA-MTE	hyp1	News	NaN	9.9504
790	791	en	amh	challenge_SSA-MTE	hyp1	News	NaN	7.6874
791	792	en	amh	challenge_SSA-MTE	hyp1	News	NaN	20.0255
792	793	en	amh	challenge_SSA-MTE	hyp1	News	NaN	15.4839
793	794	en	amh	challenge_SSA-MTE	hyp1	News	NaN	24.1112
794	795	en	amh	challenge_SSA-MTE	hyp1	News	NaN	5.1182
795	796	en	amh	challenge_SSA-MTE	hyp1	News	NaN	6.3122
796	797	en	amh	challenge_SSA-MTE	hyp1	News	NaN	6.1291
797	798	en	amh	challenge_SSA-MTE	hyp1	News	NaN	10.8992
798	799	en	amh	challenge_SSA-MTE	hyp1	News	NaN	5.9278
799	800	en	amh	challenge_SSA-MTE	hyp1	News	NaN	40.2767
800	801	en	amh	challenge_SSA-MTE	hyp1	News	NaN	8.5022
801	802	en	amh	challenge_SSA-MTE	hyp1	News	NaN	35.5879
802	803	en	amh	challenge_SSA-MTE	hyp1	News	NaN	36.8498
803	804	en	amh	challenge_SSA-MTE	hyp1	News	NaN	23.1851
804	805	en	amh	challenge_SSA-MTE	hyp1	News	NaN	48.2825
805	806	en	amh	challenge_SSA-MTE	hyp1	News	NaN	6.7962
806	807	en	amh	challenge_SSA-MTE	hyp1	News	NaN	2.1585
807	808	en	amh	challenge_SSA-MTE	hyp1	News	NaN	3.2137
808	809	en	amh	challenge_SSA-MTE	hyp1	News	NaN	25.8219
809	810	en	amh	challenge_SSA-MTE	hyp1	News	NaN	6.0556
810	811	en	amh	challenge_SSA-MTE	hyp1	News	NaN	4.7802
811	812	en	amh	challenge_SSA-MTE	hyp1	News	NaN	6.7602
812	813	en	amh	challenge_SSA-MTE	hyp1	News	NaN	14.4716
813	814	en	amh	challenge_SSA-MTE	hyp1	News	NaN	4.8150
814	815	en	amh	challenge_SSA-MTE	hyp1	News	NaN	12.8743
815	816	en	amh	challenge_SSA-MTE	hyp1	News	NaN	9.9177
816	817	en	amh	challenge_SSA-MTE	hyp1	News	NaN	29.9727
817	818	en	amh	challenge_SSA-MTE	hyp1	News	NaN	9.7997
818	819	en	amh	challenge_SSA-MTE	hyp1	News	NaN	9.3643
819	820	en	amh	challenge_SSA-MTE	hyp1	News	NaN	4.3568
820	821	en	amh	challenge_SSA-MTE	hyp1	News	NaN	24.3598
821	822	en	amh	challenge_SSA-MTE	hyp1	News	NaN	4.1411
822	823	en	amh	challenge_SSA-MTE	hyp1	News	NaN	5.2541
823	824	en	amh	challenge_SSA-MTE	hyp1	News	NaN	5.0554
824	825	en	amh	challenge_SSA-MTE	hyp1	News	NaN	8.3552
825	826	en	amh	challenge_SSA-MTE	hyp1	News	NaN	8.3552
826	827	en	amh	challenge_SSA-MTE	hyp1	News	NaN	8.5075
827	828	en	amh	challenge_SSA-MTE	hyp1	News	NaN	8.0556
828	829	en	amh	challenge_SSA-MTE	hyp1	News	NaN	32.2254
829	830	en	amh	challenge_SSA-MTE	hyp1	News	NaN	6.7226
830	831	en	amh	challenge_SSA-MTE	hyp1	News	NaN	12.8799
831	832	en	amh	challenge_SSA-MTE	hyp1	News	NaN	9.7824
832	833	en	amh	challenge_SSA-MTE	hyp1	News	NaN	31.5537
833	834	en	amh	challenge_SSA-MTE	hyp1	News	NaN	5.4012
834	835	en	amh	challenge_SSA-MTE	hyp1	News	NaN	21.2236
835	836	en	amh	challenge_SSA-MTE	hyp1	News	NaN	34.5306
836	837	en	amh	challenge_SSA-MTE	hyp1	News	NaN	48.0863
837	838	en	amh	challenge_SSA-MTE	hyp1	News	NaN	34.1413
838	839	en	amh	challenge_SSA-MTE	hyp1	News	NaN	21.1801
839	840	en	amh	challenge_SSA-MTE	hyp1	News	NaN	5.0912
840	841	en	amh	challenge_SSA-MTE	hyp1	News	NaN	2.7693
841	842	en	amh	challenge_SSA-MTE	hyp1	News	NaN	13.9245
842	843	en	amh	challenge_SSA-MTE	hyp1	News	NaN	43.7819
843	844	en	amh	challenge_SSA-MTE	hyp1	News	NaN	16.5591
844	845	en	amh	challenge_SSA-MTE	hyp1	News	NaN	14.9090
845	846	en	amh	challenge_SSA-MTE	hyp1	News	NaN	6.6759
846	847	en	amh	challenge_SSA-MTE	hyp1	News	NaN	8.6492
847	848	en	amh	challenge_SSA-MTE	hyp1	News	NaN	27.0887
848	849	en	amh	challenge_SSA-MTE	hyp1	News	NaN	8.7749
849	850	en	amh	challenge_SSA-MTE	hyp1	News	NaN	24.6450
850	851	en	amh	challenge_SSA-MTE	hyp1	News	NaN	5.5577
851	852	en	amh	challenge_SSA-MTE	hyp1	News	NaN	2.1597
852	853	en	amh	challenge_SSA-MTE	hyp1	News	NaN	4.8853
853	854	en	amh	challenge_SSA-MTE	hyp1	News	NaN	2.5198
854	855	en	amh	challenge_SSA-MTE	hyp1	News	NaN	21.8932
855	856	en	amh	challenge_SSA-MTE	hyp1	News	NaN	4.0633
856	857	en	amh	challenge_SSA-MTE	hyp1	News	NaN	12.9962
857	858	en	amh	challenge_SSA-MTE	hyp1	News	NaN	4.7802
858	859	en	amh	challenge_SSA-MTE	hyp1	News	NaN	4.7802
859	860	en	amh	challenge_SSA-MTE	hyp1	News	NaN	17.6365
860	861	en	amh	challenge_SSA-MTE	hyp1	News	NaN	3.0373
861	862	en	amh	challenge_SSA-MTE	hyp1	News	NaN	56.7916
862	863	en	amh	challenge_SSA-MTE	hyp1	News	NaN	5.7260
863	864	en	amh	challenge_SSA-MTE	hyp1	News	NaN	28.5264
864	865	en	amh	challenge_SSA-MTE	hyp1	News	NaN	100.0000
865	866	en	amh	challenge_SSA-MTE	hyp1	News	NaN	51.6104
866	867	en	amh	challenge_SSA-MTE	hyp1	News	NaN	5.8528
867	868	en	amh	challenge_SSA-MTE	hyp1	News	NaN	10.5118
868	869	en	amh	challenge_SSA-MTE	hyp1	News	NaN	6.9950
869	870	en	amh	challenge_SSA-MTE	hyp1	News	NaN	23.1890
870	871	en	amh	challenge_SSA-MTE	hyp1	News	NaN	39.0210
871	872	en	amh	challenge_SSA-MTE	hyp1	News	NaN	8.0410
872	873	en	amh	challenge_SSA-MTE	hyp1	News	NaN	13.1733
873	874	en	amh	challenge_SSA-MTE	hyp1	News	NaN	18.2394
874	875	en	amh	challenge_SSA-MTE	hyp1	News	NaN	10.9001
875	876	en	amh	challenge_SSA-MTE	hyp1	News	NaN	49.0305
876	877	en	amh	challenge_SSA-MTE	hyp1	News	NaN	7.8329
877	878	en	amh	challenge_SSA-MTE	hyp1	News	NaN	23.1298
878	879	en	amh	challenge_SSA-MTE	hyp1	News	NaN	15.9805
879	880	en	amh	challenge_SSA-MTE	hyp1	News	NaN	17.7298
880	881	en	amh	challenge_SSA-MTE	hyp1	News	NaN	13.3350
881	882	en	amh	challenge_SSA-MTE	hyp1	News	NaN	22.1288
882	883	en	amh	challenge_SSA-MTE	hyp1	News	NaN	13.7151
883	884	en	amh	challenge_SSA-MTE	hyp1	News	NaN	3.4392
884	885	en	amh	challenge_SSA-MTE	hyp1	News	NaN	8.0978
885	886	en	amh	challenge_SSA-MTE	hyp1	News	NaN	7.6811
886	887	en	amh	challenge_SSA-MTE	hyp1	News	NaN	3.9645
887	888	en	amh	challenge_SSA-MTE	hyp1	News	NaN	68.8074
888	889	en	amh	challenge_SSA-MTE	hyp1	News	NaN	5.5380
889	890	en	amh	challenge_SSA-MTE	hyp1	News	NaN	10.8627
890	891	en	amh	challenge_SSA-MTE	hyp1	News	NaN	6.7673
891	892	en	amh	challenge_SSA-MTE	hyp1	News	NaN	25.6628
892	893	en	amh	challenge_SSA-MTE	hyp1	News	NaN	7.4963
893	894	en	amh	challenge_SSA-MTE	hyp1	News	NaN	5.9833
894	895	en	amh	challenge_SSA-MTE	hyp1	News	NaN	8.8394
895	896	en	amh	challenge_SSA-MTE	hyp1	News	NaN	17.6365
896	897	en	amh	challenge_SSA-MTE	hyp1	News	NaN	16.5446
897	898	en	amh	challenge_SSA-MTE	hyp1	News	NaN	100.0000
898	899	en	amh	challenge_SSA-MTE	hyp1	News	NaN	8.2260
899	900	en	amh	challenge_SSA-MTE	hyp1	News	NaN	3.1252
900	901	en	amh	challenge_SSA-MTE	hyp1	News	NaN	17.0260
901	902	en	amh	challenge_SSA-MTE	hyp1	News	NaN	8.4931
902	903	en	amh	challenge_SSA-MTE	hyp1	News	NaN	6.2504
903	904	en	amh	challenge_SSA-MTE	hyp1	News	NaN	29.2561
904	905	en	amh	challenge_SSA-MTE	hyp1	News	NaN	3.4090
905	906	en	amh	challenge_SSA-MTE	hyp1	News	NaN	10.5803
906	907	en	amh	challenge_SSA-MTE	hyp1	News	NaN	8.9617
907	908	en	amh	challenge_SSA-MTE	hyp1	News	NaN	4.9680
908	909	en	amh	challenge_SSA-MTE	hyp1	News	NaN	51.1100
909	910	en	amh	challenge_SSA-MTE	hyp1	News	NaN	12.4010
910	911	en	amh	challenge_SSA-MTE	hyp1	News	NaN	26.2431
911	912	en	amh	challenge_SSA-MTE	hyp1	News	NaN	8.7749
912	913	en	amh	challenge_SSA-MTE	hyp1	News	NaN	5.7323
913	914	en	amh	challenge_SSA-MTE	hyp1	News	NaN	18.1852
914	915	en	amh	challenge_SSA-MTE	hyp1	News	NaN	42.2939
915	916	en	amh	challenge_SSA-MTE	hyp1	News	NaN	30.6818
916	917	en	amh	challenge_SSA-MTE	hyp1	News	NaN	3.0273
917	918	en	amh	challenge_SSA-MTE	hyp1	News	NaN	11.6333
918	919	en	amh	challenge_SSA-MTE	hyp1	News	NaN	8.2335
919	920	en	amh	challenge_SSA-MTE	hyp1	News	NaN	24.1108
920	921	en	amh	challenge_SSA-MTE	hyp1	News	NaN	30.2386
921	922	en	amh	challenge_SSA-MTE	hyp1	News	NaN	9.2465
922	923	en	amh	challenge_SSA-MTE	hyp1	News	NaN	9.5604
923	924	en	amh	challenge_SSA-MTE	hyp1	News	NaN	16.7003
924	925	en	amh	challenge_SSA-MTE	hyp1	News	NaN	26.8017
925	926	en	amh	challenge_SSA-MTE	hyp1	News	NaN	19.2776
926	927	en	amh	challenge_SSA-MTE	hyp1	News	NaN	8.5298
927	928	en	amh	challenge_SSA-MTE	hyp1	News	NaN	10.0869
928	929	en	amh	challenge_SSA-MTE	hyp1	News	NaN	9.8461
929	930	en	amh	challenge_SSA-MTE	hyp1	News	NaN	9.3643
930	931	en	amh	challenge_SSA-MTE	hyp1	News	NaN	35.6938
931	932	en	amh	challenge_SSA-MTE	hyp1	News	NaN	33.3909
932	933	en	amh	challenge_SSA-MTE	hyp1	News	NaN	9.1867
933	934	en	amh	challenge_SSA-MTE	hyp1	News	NaN	14.1000
934	935	en	amh	challenge_SSA-MTE	hyp1	News	NaN	45.8109
935	936	en	amh	challenge_SSA-MTE	hyp1	News	NaN	47.1799
936	937	en	amh	challenge_SSA-MTE	hyp1	News	NaN	16.6174
937	938	en	amh	challenge_SSA-MTE	hyp1	News	NaN	3.0373
938	939	en	amh	challenge_SSA-MTE	hyp1	News	NaN	4.8150
939	940	en	amh	challenge_SSA-MTE	hyp1	News	NaN	17.6950
940	941	en	amh	challenge_SSA-MTE	hyp1	News	NaN	16.4670
941	942	en	amh	challenge_SSA-MTE	hyp1	News	NaN	14.0258
942	943	en	amh	challenge_SSA-MTE	hyp1	News	NaN	44.8977
943	944	en	amh	challenge_SSA-MTE	hyp1	News	NaN	9.3138
944	945	en	amh	challenge_SSA-MTE	hyp1	News	NaN	35.8700
945	946	en	amh	challenge_SSA-MTE	hyp1	News	NaN	39.6709
946	947	en	amh	challenge_SSA-MTE	hyp1	News	NaN	43.3199
947	948	en	amh	challenge_SSA-MTE	hyp1	News	NaN	20.0389
948	949	en	amh	challenge_SSA-MTE	hyp1	News	NaN	8.8892
949	950	en	amh	challenge_SSA-MTE	hyp1	News	NaN	6.7543
950	951	en	amh	challenge_SSA-MTE	hyp1	News	NaN	19.5648
951	952	en	amh	challenge_SSA-MTE	hyp1	News	NaN	6.8031
952	953	en	amh	challenge_SSA-MTE	hyp1	News	NaN	9.2384
953	954	en	amh	challenge_SSA-MTE	hyp1	News	NaN	10.2978
954	955	en	amh	challenge_SSA-MTE	hyp1	News	NaN	18.9516
955	956	en	amh	challenge_SSA-MTE	hyp1	News	NaN	5.0988
956	957	en	amh	challenge_SSA-MTE	hyp1	News	NaN	6.4399
957	958	en	amh	challenge_SSA-MTE	hyp1	News	NaN	6.4399
958	959	en	amh	challenge_SSA-MTE	hyp1	News	NaN	73.3177
959	960	en	amh	challenge_SSA-MTE	hyp1	News	NaN	5.3515
960	961	en	amh	challenge_SSA-MTE	hyp1	News	NaN	13.6734
961	962	en	amh	challenge_SSA-MTE	hyp1	News	NaN	7.8927
962	963	en	amh	challenge_SSA-MTE	hyp1	News	NaN	10.8992
963	964	en	amh	challenge_SSA-MTE	hyp1	News	NaN	25.7665
964	965	en	amh	challenge_SSA-MTE	hyp1	News	NaN	54.6920
965	966	en	amh	challenge_SSA-MTE	hyp1	News	NaN	7.6248
966	967	en	amh	challenge_SSA-MTE	hyp1	News	NaN	19.0041
967	968	en	amh	challenge_SSA-MTE	hyp1	News	NaN	5.1182
968	969	en	amh	challenge_SSA-MTE	hyp1	News	NaN	4.8999
969	970	en	amh	challenge_SSA-MTE	hyp1	News	NaN	9.0091
970	971	en	amh	challenge_SSA-MTE	hyp1	News	NaN	40.7810
971	972	en	amh	challenge_SSA-MTE	hyp1	News	NaN	14.6439
972	973	en	amh	challenge_SSA-MTE	hyp1	News	NaN	25.0717
973	974	en	amh	challenge_SSA-MTE	hyp1	News	NaN	19.8508
974	975	en	amh	challenge_SSA-MTE	hyp1	News	NaN	36.6178
975	976	en	amh	challenge_SSA-MTE	hyp1	News	NaN	38.5715
976	977	en	amh	challenge_SSA-MTE	hyp1	News	NaN	15.7988
977	978	en	amh	challenge_SSA-MTE	hyp1	News	NaN	6.9034
978	979	en	amh	challenge_SSA-MTE	hyp1	News	NaN	4.5801
979	980	en	amh	challenge_SSA-MTE	hyp1	News	NaN	5.1543
980	981	en	amh	challenge_SSA-MTE	hyp1	News	NaN	19.1208
981	982	en	amh	challenge_SSA-MTE	hyp1	News	NaN	13.0766
982	983	en	amh	challenge_SSA-MTE	hyp1	News	NaN	28.2652
983	984	en	amh	challenge_SSA-MTE	hyp1	News	NaN	4.3376
984	985	en	amh	challenge_SSA-MTE	hyp1	News	NaN	10.5170
985	986	en	amh	challenge_SSA-MTE	hyp1	News	NaN	13.9397
986	987	en	amh	challenge_SSA-MTE	hyp1	News	NaN	49.3449
987	988	en	amh	challenge_SSA-MTE	hyp1	News	NaN	17.8551
988	989	en	amh	challenge_SSA-MTE	hyp1	News	NaN	36.2276
989	990	en	amh	challenge_SSA-MTE	hyp1	News	NaN	23.9095
990	991	en	amh	challenge_SSA-MTE	hyp1	News	NaN	33.5070
991	992	en	amh	challenge_SSA-MTE	hyp1	News	NaN	30.2630
992	993	en	amh	challenge_SSA-MTE	hyp1	News	NaN	20.1581
993	994	en	amh	challenge_SSA-MTE	hyp1	News	NaN	9.1478
994	995	en	amh	challenge_SSA-MTE	hyp1	News	NaN	4.8150
995	996	en	amh	challenge_SSA-MTE	hyp1	News	NaN	17.6950
996	997	en	amh	challenge_SSA-MTE	hyp1	News	NaN	6.0196
997	998	en	amh	challenge_SSA-MTE	hyp1	News	NaN	13.6792
998	999	en	amh	challenge_SSA-MTE	hyp1	News	NaN	8.9617
999	1000	en	amh	challenge_SSA-MTE	hyp1	News	NaN	19.9234
1000	1001	en	amh	challenge_SSA-MTE	hyp1	News	NaN	2.9236
1001	1002	en	amh	challenge_SSA-MTE	hyp1	News	NaN	9.5072
1002	1003	en	amh	challenge_SSA-MTE	hyp1	News	NaN	8.5624
1003	1004	en	amh	challenge_SSA-MTE	hyp1	News	NaN	43.8507
1004	1005	en	amh	challenge_SSA-MTE	hyp1	News	NaN	3.2355
1005	1006	en	amh	challenge_SSA-MTE	hyp1	News	NaN	10.5404
1006	1007	en	amh	challenge_SSA-MTE	hyp1	News	NaN	4.8150
1007	1008	en	amh	challenge_SSA-MTE	hyp1	News	NaN	22.6122
1008	1009	en	amh	challenge_SSA-MTE	hyp1	News	NaN	4.8150
1009	1010	en	amh	challenge_SSA-MTE	hyp1	News	NaN	9.5539
1010	1011	en	amh	challenge_SSA-MTE	hyp1	News	NaN	2.6643
1011	1012	en	amh	challenge_SSA-MTE	hyp1	News	NaN	5.6530
1012	1013	en	amh	challenge_SSA-MTE	hyp1	News	NaN	5.0912
1013	1014	en	amh	challenge_SSA-MTE	hyp1	News	NaN	5.4110
1014	1015	en	amh	challenge_SSA-MTE	hyp1	News	NaN	12.1100
1015	1016	en	amh	challenge_SSA-MTE	hyp1	News	NaN	9.9640
1016	1017	en	amh	challenge_SSA-MTE	hyp1	News	NaN	19.4634
1017	1018	en	amh	challenge_SSA-MTE	hyp1	News	NaN	21.7734
1018	1019	en	amh	challenge_SSA-MTE	hyp1	News	NaN	11.0705
1019	1020	en	amh	challenge_SSA-MTE	hyp1	News	NaN	4.8853
1020	1021	en	amh	challenge_SSA-MTE	hyp1	News	NaN	2.5828
1021	1022	en	amh	challenge_SSA-MTE	hyp1	News	NaN	5.4500
1022	1023	en	amh	challenge_SSA-MTE	hyp1	News	NaN	5.6333
1023	1024	en	amh	challenge_SSA-MTE	hyp1	News	NaN	4.5599
1024	1025	en	amh	challenge_SSA-MTE	hyp1	News	NaN	2.7033
1025	1026	en	amh	challenge_SSA-MTE	hyp1	News	NaN	3.8230
1026	1027	en	amh	challenge_SSA-MTE	hyp1	News	NaN	13.7859
1027	1028	en	amh	challenge_SSA-MTE	hyp1	News	NaN	19.8032
1028	1029	en	amh	challenge_SSA-MTE	hyp1	News	NaN	11.8361
1029	1030	en	amh	challenge_SSA-MTE	hyp1	News	NaN	25.5432
1030	1031	en	amh	challenge_SSA-MTE	hyp1	News	NaN	4.8150
1031	1032	en	amh	challenge_SSA-MTE	hyp1	News	NaN	4.5046
1032	1033	en	amh	challenge_SSA-MTE	hyp1	News	NaN	6.0545
1033	1034	en	amh	challenge_SSA-MTE	hyp1	News	NaN	21.6718
1034	1035	en	amh	challenge_SSA-MTE	hyp1	News	NaN	8.5624
1035	1036	en	amh	challenge_SSA-MTE	hyp1	News	NaN	18.7287
1036	1037	en	amh	challenge_SSA-MTE	hyp1	News	NaN	17.9765
1037	1038	en	amh	challenge_SSA-MTE	hyp1	News	NaN	7.7250
1038	1039	en	amh	challenge_SSA-MTE	hyp1	News	NaN	9.1659
1039	1040	en	amh	challenge_SSA-MTE	hyp1	News	NaN	49.8023
1040	1041	en	amh	challenge_SSA-MTE	hyp1	News	NaN	15.1683
1041	1042	en	amh	challenge_SSA-MTE	hyp1	News	NaN	16.6524
1042	1043	en	amh	challenge_SSA-MTE	hyp1	News	NaN	4.8302
1043	1044	en	amh	challenge_SSA-MTE	hyp1	News	NaN	16.2994
1044	1045	en	amh	challenge_SSA-MTE	hyp1	News	NaN	2.7162
1045	1046	en	amh	challenge_SSA-MTE	hyp1	News	NaN	28.0864
1046	1047	en	amh	challenge_SSA-MTE	hyp1	News	NaN	2.7179
1047	1048	en	amh	challenge_SSA-MTE	hyp1	News	NaN	7.3873
1048	1049	en	amh	challenge_SSA-MTE	hyp1	News	NaN	2.8738
1049	1050	en	amh	challenge_SSA-MTE	hyp1	News	NaN	14.6105
1050	1051	en	amh	challenge_SSA-MTE	hyp1	News	NaN	2.9540
1051	1052	en	amh	challenge_SSA-MTE	hyp1	News	NaN	36.8271
1052	1053	en	amh	challenge_SSA-MTE	hyp1	News	NaN	6.6533
1053	1054	en	amh	challenge_SSA-MTE	hyp1	News	NaN	18.0967
1054	1055	en	amh	challenge_SSA-MTE	hyp1	News	NaN	2.8420
1055	1056	en	amh	challenge_SSA-MTE	hyp1	News	NaN	11.4213
1056	1057	en	amh	challenge_SSA-MTE	hyp1	News	NaN	12.5722
1057	1058	en	amh	challenge_SSA-MTE	hyp1	News	NaN	6.2674
1058	1059	en	amh	challenge_SSA-MTE	hyp1	News	NaN	10.0869
1059	1060	en	amh	challenge_SSA-MTE	hyp1	News	NaN	4.8150
1060	1061	en	amh	challenge_SSA-MTE	hyp1	News	NaN	13.4718
1061	1062	en	amh	challenge_SSA-MTE	hyp1	News	NaN	10.3802
1062	1063	en	amh	challenge_SSA-MTE	hyp1	News	NaN	42.4616
1063	1064	en	amh	challenge_SSA-MTE	hyp1	News	NaN	5.5618
1064	1065	en	amh	challenge_SSA-MTE	hyp1	News	NaN	3.9517
1065	1066	en	amh	challenge_SSA-MTE	hyp1	News	NaN	14.6478
1066	1067	en	amh	challenge_SSA-MTE	hyp1	News	NaN	17.0596
1067	1068	en	amh	challenge_SSA-MTE	hyp1	News	NaN	13.6313
1068	1069	en	amh	challenge_SSA-MTE	hyp1	News	NaN	25.8507
1069	1070	en	amh	challenge_SSA-MTE	hyp1	News	NaN	24.6450
1070	1071	en	amh	challenge_SSA-MTE	hyp1	News	NaN	5.1543
1071	1072	en	amh	challenge_SSA-MTE	hyp1	News	NaN	5.8166
1072	1073	en	amh	challenge_SSA-MTE	hyp1	News	NaN	4.5537
1073	1074	en	amh	challenge_SSA-MTE	hyp1	News	NaN	19.6943
1074	1075	en	amh	challenge_SSA-MTE	hyp1	News	NaN	7.5358
1075	1076	en	amh	challenge_SSA-MTE	hyp1	News	NaN	10.9001
1076	1077	en	amh	challenge_SSA-MTE	hyp1	News	NaN	3.6329
1077	1078	en	amh	challenge_SSA-MTE	hyp1	News	NaN	6.6675
1078	1079	en	amh	challenge_SSA-MTE	hyp1	News	NaN	6.6542
1079	1080	en	amh	challenge_SSA-MTE	hyp1	News	NaN	8.6685
1080	1081	en	amh	challenge_SSA-MTE	hyp1	News	NaN	13.5670
1081	1082	en	amh	challenge_SSA-MTE	hyp1	News	NaN	13.3084
1082	1083	en	amh	challenge_SSA-MTE	hyp1	News	NaN	4.6680
1083	1084	en	amh	challenge_SSA-MTE	hyp1	News	NaN	18.8795
1084	1085	en	amh	challenge_SSA-MTE	hyp1	News	NaN	0.0000
1085	1086	en	amh	challenge_SSA-MTE	hyp1	News	NaN	4.5463
1086	1087	en	amh	challenge_SSA-MTE	hyp1	News	NaN	13.1687
1087	1088	en	amh	challenge_SSA-MTE	hyp1	News	NaN	12.4542
1088	1089	en	amh	challenge_SSA-MTE	hyp1	News	NaN	6.6675
1089	1090	en	amh	challenge_SSA-MTE	hyp1	News	NaN	7.2001
1090	1091	en	amh	challenge_SSA-MTE	hyp1	News	NaN	19.2858
1091	1092	en	amh	challenge_SSA-MTE	hyp1	News	NaN	8.6724
1092	1093	en	amh	challenge_SSA-MTE	hyp1	News	NaN	2.7476
1093	1094	en	amh	challenge_SSA-MTE	hyp1	News	NaN	4.3225
1094	1095	en	amh	challenge_SSA-MTE	hyp1	News	NaN	4.0118
1095	1096	en	amh	challenge_SSA-MTE	hyp1	News	NaN	5.8242
1096	1097	en	amh	challenge_SSA-MTE	hyp1	News	NaN	18.9892
1097	1098	en	amh	challenge_SSA-MTE	hyp1	News	NaN	6.9486
1098	1099	en	amh	challenge_SSA-MTE	hyp1	News	NaN	10.0076
1099	1100	en	amh	challenge_SSA-MTE	hyp1	News	NaN	5.4277
1100	1101	en	amh	challenge_SSA-MTE	hyp1	News	NaN	40.3358
1101	1102	en	amh	challenge_SSA-MTE	hyp1	News	NaN	12.5624
1102	1103	en	amh	challenge_SSA-MTE	hyp1	News	NaN	66.6021
1103	1104	en	amh	challenge_SSA-MTE	hyp1	News	NaN	20.1861
1104	1105	en	amh	challenge_SSA-MTE	hyp1	News	NaN	2.4075
1105	1106	en	amh	challenge_SSA-MTE	hyp1	News	NaN	12.9908
1106	1107	en	amh	challenge_SSA-MTE	hyp1	News	NaN	16.6990
1107	1108	en	amh	challenge_SSA-MTE	hyp1	News	NaN	50.8599
1108	1109	en	amh	challenge_SSA-MTE	hyp1	News	NaN	5.0691
1109	1110	en	amh	challenge_SSA-MTE	hyp1	News	NaN	4.1203
1110	1111	en	amh	challenge_SSA-MTE	hyp1	News	NaN	15.5540
1111	1112	en	amh	challenge_SSA-MTE	hyp1	News	NaN	2.2783
1112	1113	en	amh	challenge_SSA-MTE	hyp1	News	NaN	8.4001
1113	1114	en	amh	challenge_SSA-MTE	hyp1	News	NaN	13.0436
1114	1115	en	amh	challenge_SSA-MTE	hyp1	News	NaN	13.8344
1115	1116	en	amh	challenge_SSA-MTE	hyp1	News	NaN	8.3842
1116	1117	en	amh	challenge_SSA-MTE	hyp1	News	NaN	8.5013
1117	1118	en	amh	challenge_SSA-MTE	hyp1	News	NaN	11.6333
1118	1119	en	amh	challenge_SSA-MTE	hyp1	News	NaN	12.5364
1119	1120	en	amh	challenge_SSA-MTE	hyp1	News	NaN	9.9381
1120	1121	en	amh	challenge_SSA-MTE	hyp1	News	NaN	2.1721
1121	1122	en	amh	challenge_SSA-MTE	hyp1	News	NaN	2.7693
1122	1123	en	amh	challenge_SSA-MTE	hyp1	News	NaN	6.4862
1123	1124	en	amh	challenge_SSA-MTE	hyp1	News	NaN	44.7550
1124	1125	en	amh	challenge_SSA-MTE	hyp1	News	NaN	6.7835
1125	1126	en	amh	challenge_SSA-MTE	hyp1	News	NaN	7.7321
1126	1127	en	amh	challenge_SSA-MTE	hyp1	News	NaN	3.0098
1127	1128	en	amh	challenge_SSA-MTE	hyp1	News	NaN	4.8150
1128	1129	en	amh	challenge_SSA-MTE	hyp1	News	NaN	12.4516
1129	1130	en	amh	challenge_SSA-MTE	hyp1	News	NaN	15.0652
1130	1131	en	amh	challenge_SSA-MTE	hyp1	News	NaN	6.8396
1131	1132	en	amh	challenge_SSA-MTE	hyp1	News	NaN	3.9164
1132	1133	en	amh	challenge_SSA-MTE	hyp1	News	NaN	5.0912
1133	1134	en	amh	challenge_SSA-MTE	hyp1	News	NaN	11.6193
1134	1135	en	amh	challenge_SSA-MTE	hyp1	News	NaN	6.6542
1135	1136	en	amh	challenge_SSA-MTE	hyp1	News	NaN	10.2733
1136	1137	en	amh	challenge_SSA-MTE	hyp1	News	NaN	4.8150
1137	1138	en	amh	challenge_SSA-MTE	hyp1	News	NaN	3.5105
1138	1139	en	amh	challenge_SSA-MTE	hyp1	News	NaN	3.0373
1139	1140	en	amh	challenge_SSA-MTE	hyp1	News	NaN	7.4697
1140	1141	en	amh	challenge_SSA-MTE	hyp1	News	NaN	7.2529
1141	1142	en	amh	challenge_SSA-MTE	hyp1	News	NaN	50.0815
1142	1143	en	amh	challenge_SSA-MTE	hyp1	News	NaN	3.3748
1143	1144	en	amh	challenge_SSA-MTE	hyp1	News	NaN	18.1923
1144	1145	en	amh	challenge_SSA-MTE	hyp1	News	NaN	4.9093
1145	1146	en	amh	challenge_SSA-MTE	hyp1	News	NaN	2.2458
1146	1147	en	amh	challenge_SSA-MTE	hyp1	News	NaN	12.0564
1147	1148	en	amh	challenge_SSA-MTE	hyp1	News	NaN	30.8264
1148	1149	en	amh	challenge_SSA-MTE	hyp1	News	NaN	33.4229
1149	1150	en	amh	challenge_SSA-MTE	hyp1	News	NaN	10.9758
1150	1151	en	amh	challenge_SSA-MTE	hyp1	News	NaN	4.1411
1151	1152	en	amh	challenge_SSA-MTE	hyp1	News	NaN	5.4500
1152	1153	en	amh	challenge_SSA-MTE	hyp1	News	NaN	7.9464
1153	1154	en	amh	challenge_SSA-MTE	hyp1	News	NaN	64.8707
1154	1155	en	amh	challenge_SSA-MTE	hyp1	News	NaN	14.0258
1155	1156	en	amh	challenge_SSA-MTE	hyp1	News	NaN	11.2146
1156	1157	en	amh	challenge_SSA-MTE	hyp1	News	NaN	3.9566
1157	1158	en	amh	challenge_SSA-MTE	hyp1	News	NaN	9.0091
1158	1159	en	amh	challenge_SSA-MTE	hyp1	News	NaN	7.2398
1159	1160	en	amh	challenge_SSA-MTE	hyp1	News	NaN	38.2930
1160	1161	en	amh	challenge_SSA-MTE	hyp1	News	NaN	7.5242
1161	1162	en	amh	challenge_SSA-MTE	hyp1	News	NaN	9.3560
1162	1163	en	amh	challenge_SSA-MTE	hyp1	News	NaN	2.5905
1163	1164	en	amh	challenge_SSA-MTE	hyp1	News	NaN	11.1910
1164	1165	en	amh	challenge_SSA-MTE	hyp1	News	NaN	13.2432
1165	1166	en	amh	challenge_SSA-MTE	hyp1	News	NaN	2.7114
0	1	en	hau	challenge_SSA-MTE	hyp1	News	NaN	29.9822
1	2	en	hau	challenge_SSA-MTE	hyp1	News	NaN	5.3002
2	3	en	hau	challenge_SSA-MTE	hyp1	News	NaN	9.5485
3	4	en	hau	challenge_SSA-MTE	hyp1	News	NaN	5.6775
4	5	en	hau	challenge_SSA-MTE	hyp1	News	NaN	10.2523
5	6	en	hau	challenge_SSA-MTE	hyp1	News	NaN	26.9855
6	7	en	hau	challenge_SSA-MTE	hyp1	News	NaN	12.8625
7	8	en	hau	challenge_SSA-MTE	hyp1	News	NaN	29.8475
8	9	en	hau	challenge_SSA-MTE	hyp1	News	NaN	10.1753
9	10	en	hau	challenge_SSA-MTE	hyp1	News	NaN	10.5527
10	11	en	hau	challenge_SSA-MTE	hyp1	News	NaN	11.0448
11	12	en	hau	challenge_SSA-MTE	hyp1	News	NaN	8.5166
12	13	en	hau	challenge_SSA-MTE	hyp1	News	NaN	27.6687
13	14	en	hau	challenge_SSA-MTE	hyp1	News	NaN	8.5492
14	15	en	hau	challenge_SSA-MTE	hyp1	News	NaN	32.8042
15	16	en	hau	challenge_SSA-MTE	hyp1	News	NaN	32.5234
16	17	en	hau	challenge_SSA-MTE	hyp1	News	NaN	31.4556
17	18	en	hau	challenge_SSA-MTE	hyp1	News	NaN	50.5197
18	19	en	hau	challenge_SSA-MTE	hyp1	News	NaN	9.4252
19	20	en	hau	challenge_SSA-MTE	hyp1	News	NaN	14.9911
20	21	en	hau	challenge_SSA-MTE	hyp1	News	NaN	6.7543
21	22	en	hau	challenge_SSA-MTE	hyp1	News	NaN	15.8512
22	23	en	hau	challenge_SSA-MTE	hyp1	News	NaN	10.1280
23	24	en	hau	challenge_SSA-MTE	hyp1	News	NaN	15.8512
24	25	en	hau	challenge_SSA-MTE	hyp1	News	NaN	9.5969
25	26	en	hau	challenge_SSA-MTE	hyp1	News	NaN	20.5957
26	27	en	hau	challenge_SSA-MTE	hyp1	News	NaN	4.4767
27	28	en	hau	challenge_SSA-MTE	hyp1	News	NaN	23.6182
28	29	en	hau	challenge_SSA-MTE	hyp1	News	NaN	21.7631
29	30	en	hau	challenge_SSA-MTE	hyp1	News	NaN	12.0978
30	31	en	hau	challenge_SSA-MTE	hyp1	News	NaN	8.2905
31	32	en	hau	challenge_SSA-MTE	hyp1	News	NaN	3.6844
32	33	en	hau	challenge_SSA-MTE	hyp1	News	NaN	6.4005
33	34	en	hau	challenge_SSA-MTE	hyp1	News	NaN	9.7913
34	35	en	hau	challenge_SSA-MTE	hyp1	News	NaN	10.7643
35	36	en	hau	challenge_SSA-MTE	hyp1	News	NaN	2.7376
36	37	en	hau	challenge_SSA-MTE	hyp1	News	NaN	14.6799
37	38	en	hau	challenge_SSA-MTE	hyp1	News	NaN	14.2539
38	39	en	hau	challenge_SSA-MTE	hyp1	News	NaN	12.9817
39	40	en	hau	challenge_SSA-MTE	hyp1	News	NaN	6.4399
40	41	en	hau	challenge_SSA-MTE	hyp1	News	NaN	14.4377
41	42	en	hau	challenge_SSA-MTE	hyp1	News	NaN	5.0458
42	43	en	hau	challenge_SSA-MTE	hyp1	News	NaN	23.9618
43	44	en	hau	challenge_SSA-MTE	hyp1	News	NaN	33.6493
44	45	en	hau	challenge_SSA-MTE	hyp1	News	NaN	27.8246
45	46	en	hau	challenge_SSA-MTE	hyp1	News	NaN	27.8246
46	47	en	hau	challenge_SSA-MTE	hyp1	News	NaN	36.3623
47	48	en	hau	challenge_SSA-MTE	hyp1	News	NaN	20.4480
48	49	en	hau	challenge_SSA-MTE	hyp1	News	NaN	24.3842
49	50	en	hau	challenge_SSA-MTE	hyp1	News	NaN	12.5493
50	51	en	hau	challenge_SSA-MTE	hyp1	News	NaN	9.9801
51	52	en	hau	challenge_SSA-MTE	hyp1	News	NaN	27.3012
52	53	en	hau	challenge_SSA-MTE	hyp1	News	NaN	61.0474
53	54	en	hau	challenge_SSA-MTE	hyp1	News	NaN	6.8372
54	55	en	hau	challenge_SSA-MTE	hyp1	News	NaN	19.6750
55	56	en	hau	challenge_SSA-MTE	hyp1	News	NaN	6.6090
56	57	en	hau	challenge_SSA-MTE	hyp1	News	NaN	11.6333
57	58	en	hau	challenge_SSA-MTE	hyp1	News	NaN	14.8660
58	59	en	hau	challenge_SSA-MTE	hyp1	News	NaN	7.1418
59	60	en	hau	challenge_SSA-MTE	hyp1	News	NaN	21.4016
60	61	en	hau	challenge_SSA-MTE	hyp1	News	NaN	38.5032
61	62	en	hau	challenge_SSA-MTE	hyp1	News	NaN	30.5919
62	63	en	hau	challenge_SSA-MTE	hyp1	News	NaN	35.6305
63	64	en	hau	challenge_SSA-MTE	hyp1	News	NaN	21.3054
64	65	en	hau	challenge_SSA-MTE	hyp1	News	NaN	15.3242
65	66	en	hau	challenge_SSA-MTE	hyp1	News	NaN	8.9348
66	67	en	hau	challenge_SSA-MTE	hyp1	News	NaN	5.2375
67	68	en	hau	challenge_SSA-MTE	hyp1	News	NaN	5.2375
68	69	en	hau	challenge_SSA-MTE	hyp1	News	NaN	4.1411
69	70	en	hau	challenge_SSA-MTE	hyp1	News	NaN	3.0078
70	71	en	hau	challenge_SSA-MTE	hyp1	News	NaN	6.3337
71	72	en	hau	challenge_SSA-MTE	hyp1	News	NaN	34.9876
72	73	en	hau	challenge_SSA-MTE	hyp1	News	NaN	54.4518
73	74	en	hau	challenge_SSA-MTE	hyp1	News	NaN	26.7768
74	75	en	hau	challenge_SSA-MTE	hyp1	News	NaN	36.8837
75	76	en	hau	challenge_SSA-MTE	hyp1	News	NaN	9.3255
76	77	en	hau	challenge_SSA-MTE	hyp1	News	NaN	11.4127
77	78	en	hau	challenge_SSA-MTE	hyp1	News	NaN	11.0168
78	79	en	hau	challenge_SSA-MTE	hyp1	News	NaN	29.9822
79	80	en	hau	challenge_SSA-MTE	hyp1	News	NaN	13.3543
80	81	en	hau	challenge_SSA-MTE	hyp1	News	NaN	12.1921
81	82	en	hau	challenge_SSA-MTE	hyp1	News	NaN	12.1921
82	83	en	hau	challenge_SSA-MTE	hyp1	News	NaN	4.7892
83	84	en	hau	challenge_SSA-MTE	hyp1	News	NaN	6.0746
84	85	en	hau	challenge_SSA-MTE	hyp1	News	NaN	3.5105
85	86	en	hau	challenge_SSA-MTE	hyp1	News	NaN	5.7522
86	87	en	hau	challenge_SSA-MTE	hyp1	News	NaN	5.8971
87	88	en	hau	challenge_SSA-MTE	hyp1	News	NaN	2.9965
88	89	en	hau	challenge_SSA-MTE	hyp1	News	NaN	37.2009
89	90	en	hau	challenge_SSA-MTE	hyp1	News	NaN	14.3231
90	91	en	hau	challenge_SSA-MTE	hyp1	News	NaN	4.5152
91	92	en	hau	challenge_SSA-MTE	hyp1	News	NaN	4.9324
92	93	en	hau	challenge_SSA-MTE	hyp1	News	NaN	19.0817
93	94	en	hau	challenge_SSA-MTE	hyp1	News	NaN	18.7983
94	95	en	hau	challenge_SSA-MTE	hyp1	News	NaN	9.4429
95	96	en	hau	challenge_SSA-MTE	hyp1	News	NaN	6.2856
96	97	en	hau	challenge_SSA-MTE	hyp1	News	NaN	3.0891
97	98	en	hau	challenge_SSA-MTE	hyp1	News	NaN	4.4569
98	99	en	hau	challenge_SSA-MTE	hyp1	News	NaN	4.4569
99	100	en	hau	challenge_SSA-MTE	hyp1	News	NaN	16.7845
100	101	en	hau	challenge_SSA-MTE	hyp1	News	NaN	12.9817
101	102	en	hau	challenge_SSA-MTE	hyp1	News	NaN	6.5978
102	103	en	hau	challenge_SSA-MTE	hyp1	News	NaN	5.0607
103	104	en	hau	challenge_SSA-MTE	hyp1	News	NaN	10.6705
104	105	en	hau	challenge_SSA-MTE	hyp1	News	NaN	10.4651
105	106	en	hau	challenge_SSA-MTE	hyp1	News	NaN	16.7003
106	107	en	hau	challenge_SSA-MTE	hyp1	News	NaN	2.5831
107	108	en	hau	challenge_SSA-MTE	hyp1	News	NaN	3.2115
108	109	en	hau	challenge_SSA-MTE	hyp1	News	NaN	5.4011
109	110	en	hau	challenge_SSA-MTE	hyp1	News	NaN	2.4780
110	111	en	hau	challenge_SSA-MTE	hyp1	News	NaN	3.1573
111	112	en	hau	challenge_SSA-MTE	hyp1	News	NaN	14.4737
112	113	en	hau	challenge_SSA-MTE	hyp1	News	NaN	7.3471
113	114	en	hau	challenge_SSA-MTE	hyp1	News	NaN	7.3471
114	115	en	hau	challenge_SSA-MTE	hyp1	News	NaN	12.3562
115	116	en	hau	challenge_SSA-MTE	hyp1	News	NaN	6.2504
116	117	en	hau	challenge_SSA-MTE	hyp1	News	NaN	7.3471
117	118	en	hau	challenge_SSA-MTE	hyp1	News	NaN	24.8079
118	119	en	hau	challenge_SSA-MTE	hyp1	News	NaN	17.4874
119	120	en	hau	challenge_SSA-MTE	hyp1	News	NaN	12.5122
120	121	en	hau	challenge_SSA-MTE	hyp1	News	NaN	18.7749
121	122	en	hau	challenge_SSA-MTE	hyp1	News	NaN	17.4874
122	123	en	hau	challenge_SSA-MTE	hyp1	News	NaN	20.7962
123	124	en	hau	challenge_SSA-MTE	hyp1	News	NaN	17.4235
124	125	en	hau	challenge_SSA-MTE	hyp1	News	NaN	32.1609
125	126	en	hau	challenge_SSA-MTE	hyp1	News	NaN	24.8084
126	127	en	hau	challenge_SSA-MTE	hyp1	News	NaN	22.6294
127	128	en	hau	challenge_SSA-MTE	hyp1	News	NaN	25.0692
128	129	en	hau	challenge_SSA-MTE	hyp1	News	NaN	52.9607
129	130	en	hau	challenge_SSA-MTE	hyp1	News	NaN	45.6084
130	131	en	hau	challenge_SSA-MTE	hyp1	News	NaN	39.6538
131	132	en	hau	challenge_SSA-MTE	hyp1	News	NaN	40.8960
132	133	en	hau	challenge_SSA-MTE	hyp1	News	NaN	40.8960
133	134	en	hau	challenge_SSA-MTE	hyp1	News	NaN	30.2664
134	135	en	hau	challenge_SSA-MTE	hyp1	News	NaN	34.7916
135	136	en	hau	challenge_SSA-MTE	hyp1	News	NaN	64.8412
136	137	en	hau	challenge_SSA-MTE	hyp1	News	NaN	100.0000
137	138	en	hau	challenge_SSA-MTE	hyp1	News	NaN	34.5316
138	139	en	hau	challenge_SSA-MTE	hyp1	News	NaN	57.0282
139	140	en	hau	challenge_SSA-MTE	hyp1	News	NaN	67.7470
140	141	en	hau	challenge_SSA-MTE	hyp1	News	NaN	28.7354
141	142	en	hau	challenge_SSA-MTE	hyp1	News	NaN	10.3436
142	143	en	hau	challenge_SSA-MTE	hyp1	News	NaN	3.1935
143	144	en	hau	challenge_SSA-MTE	hyp1	News	NaN	3.2399
144	145	en	hau	challenge_SSA-MTE	hyp1	News	NaN	3.5572
145	146	en	hau	challenge_SSA-MTE	hyp1	News	NaN	29.4210
146	147	en	hau	challenge_SSA-MTE	hyp1	News	NaN	29.4210
147	148	en	hau	challenge_SSA-MTE	hyp1	News	NaN	14.9498
148	149	en	hau	challenge_SSA-MTE	hyp1	News	NaN	11.6333
149	150	en	hau	challenge_SSA-MTE	hyp1	News	NaN	20.9540
150	151	en	hau	challenge_SSA-MTE	hyp1	News	NaN	19.8171
151	152	en	hau	challenge_SSA-MTE	hyp1	News	NaN	10.0790
152	153	en	hau	challenge_SSA-MTE	hyp1	News	NaN	15.7745
153	154	en	hau	challenge_SSA-MTE	hyp1	News	NaN	10.0790
154	155	en	hau	challenge_SSA-MTE	hyp1	News	NaN	20.3137
155	156	en	hau	challenge_SSA-MTE	hyp1	News	NaN	10.2733
156	157	en	hau	challenge_SSA-MTE	hyp1	News	NaN	8.2823
157	158	en	hau	challenge_SSA-MTE	hyp1	News	NaN	37.8732
158	159	en	hau	challenge_SSA-MTE	hyp1	News	NaN	37.8732
159	160	en	hau	challenge_SSA-MTE	hyp1	News	NaN	24.8414
160	161	en	hau	challenge_SSA-MTE	hyp1	News	NaN	32.2254
161	162	en	hau	challenge_SSA-MTE	hyp1	News	NaN	37.8732
162	163	en	hau	challenge_SSA-MTE	hyp1	News	NaN	37.8732
163	164	en	hau	challenge_SSA-MTE	hyp1	News	NaN	6.9868
164	165	en	hau	challenge_SSA-MTE	hyp1	News	NaN	5.4110
165	166	en	hau	challenge_SSA-MTE	hyp1	News	NaN	5.2882
166	167	en	hau	challenge_SSA-MTE	hyp1	News	NaN	7.6459
167	168	en	hau	challenge_SSA-MTE	hyp1	News	NaN	6.5820
168	169	en	hau	challenge_SSA-MTE	hyp1	News	NaN	38.7202
169	170	en	hau	challenge_SSA-MTE	hyp1	News	NaN	17.3958
170	171	en	hau	challenge_SSA-MTE	hyp1	News	NaN	33.4953
171	172	en	hau	challenge_SSA-MTE	hyp1	News	NaN	41.2491
172	173	en	hau	challenge_SSA-MTE	hyp1	News	NaN	29.8995
173	174	en	hau	challenge_SSA-MTE	hyp1	News	NaN	43.7481
174	175	en	hau	challenge_SSA-MTE	hyp1	News	NaN	27.4123
175	176	en	hau	challenge_SSA-MTE	hyp1	News	NaN	33.0880
176	177	en	hau	challenge_SSA-MTE	hyp1	News	NaN	12.9110
177	178	en	hau	challenge_SSA-MTE	hyp1	News	NaN	23.0969
178	179	en	hau	challenge_SSA-MTE	hyp1	News	NaN	31.5083
179	180	en	hau	challenge_SSA-MTE	hyp1	News	NaN	12.6595
180	181	en	hau	challenge_SSA-MTE	hyp1	News	NaN	21.0634
181	182	en	hau	challenge_SSA-MTE	hyp1	News	NaN	19.9239
182	183	en	hau	challenge_SSA-MTE	hyp1	News	NaN	7.3963
183	184	en	hau	challenge_SSA-MTE	hyp1	News	NaN	5.4355
184	185	en	hau	challenge_SSA-MTE	hyp1	News	NaN	6.4639
185	186	en	hau	challenge_SSA-MTE	hyp1	News	NaN	7.4926
186	187	en	hau	challenge_SSA-MTE	hyp1	News	NaN	11.4520
187	188	en	hau	challenge_SSA-MTE	hyp1	News	NaN	12.4557
188	189	en	hau	challenge_SSA-MTE	hyp1	News	NaN	6.5858
189	190	en	hau	challenge_SSA-MTE	hyp1	News	NaN	12.0943
190	191	en	hau	challenge_SSA-MTE	hyp1	News	NaN	6.4399
191	192	en	hau	challenge_SSA-MTE	hyp1	News	NaN	8.7674
192	193	en	hau	challenge_SSA-MTE	hyp1	News	NaN	5.5577
193	194	en	hau	challenge_SSA-MTE	hyp1	News	NaN	5.9833
194	195	en	hau	challenge_SSA-MTE	hyp1	News	NaN	7.0129
195	196	en	hau	challenge_SSA-MTE	hyp1	News	NaN	7.2001
196	197	en	hau	challenge_SSA-MTE	hyp1	News	NaN	25.4598
197	198	en	hau	challenge_SSA-MTE	hyp1	News	NaN	23.3945
198	199	en	hau	challenge_SSA-MTE	hyp1	News	NaN	24.0784
199	200	en	hau	challenge_SSA-MTE	hyp1	News	NaN	23.3945
200	201	en	hau	challenge_SSA-MTE	hyp1	News	NaN	24.0784
201	202	en	hau	challenge_SSA-MTE	hyp1	News	NaN	23.9095
202	203	en	hau	challenge_SSA-MTE	hyp1	News	NaN	29.2830
203	204	en	hau	challenge_SSA-MTE	hyp1	News	NaN	26.9347
204	205	en	hau	challenge_SSA-MTE	hyp1	News	NaN	1.9582
205	206	en	hau	challenge_SSA-MTE	hyp1	News	NaN	31.5929
206	207	en	hau	challenge_SSA-MTE	hyp1	News	NaN	16.6841
207	208	en	hau	challenge_SSA-MTE	hyp1	News	NaN	17.7818
208	209	en	hau	challenge_SSA-MTE	hyp1	News	NaN	23.1538
209	210	en	hau	challenge_SSA-MTE	hyp1	News	NaN	24.6885
210	211	en	hau	challenge_SSA-MTE	hyp1	News	NaN	31.6693
211	212	en	hau	challenge_SSA-MTE	hyp1	News	NaN	18.9752
212	213	en	hau	challenge_SSA-MTE	hyp1	News	NaN	48.2825
213	214	en	hau	challenge_SSA-MTE	hyp1	News	NaN	11.4953
214	215	en	hau	challenge_SSA-MTE	hyp1	News	NaN	16.0646
215	216	en	hau	challenge_SSA-MTE	hyp1	News	NaN	22.7187
216	217	en	hau	challenge_SSA-MTE	hyp1	News	NaN	2.7077
217	218	en	hau	challenge_SSA-MTE	hyp1	News	NaN	10.5215
218	219	en	hau	challenge_SSA-MTE	hyp1	News	NaN	4.3686
219	220	en	hau	challenge_SSA-MTE	hyp1	News	NaN	12.6604
220	221	en	hau	challenge_SSA-MTE	hyp1	News	NaN	17.0818
221	222	en	hau	challenge_SSA-MTE	hyp1	News	NaN	23.9331
222	223	en	hau	challenge_SSA-MTE	hyp1	News	NaN	15.6042
223	224	en	hau	challenge_SSA-MTE	hyp1	News	NaN	30.2386
224	225	en	hau	challenge_SSA-MTE	hyp1	News	NaN	14.8339
225	226	en	hau	challenge_SSA-MTE	hyp1	News	NaN	16.8499
226	227	en	hau	challenge_SSA-MTE	hyp1	News	NaN	9.3560
227	228	en	hau	challenge_SSA-MTE	hyp1	News	NaN	6.9700
228	229	en	hau	challenge_SSA-MTE	hyp1	News	NaN	6.3177
229	230	en	hau	challenge_SSA-MTE	hyp1	News	NaN	7.9954
230	231	en	hau	challenge_SSA-MTE	hyp1	News	NaN	6.9700
231	232	en	hau	challenge_SSA-MTE	hyp1	News	NaN	26.9715
232	233	en	hau	challenge_SSA-MTE	hyp1	News	NaN	44.0722
233	234	en	hau	challenge_SSA-MTE	hyp1	News	NaN	8.2553
234	235	en	hau	challenge_SSA-MTE	hyp1	News	NaN	8.2553
235	236	en	hau	challenge_SSA-MTE	hyp1	News	NaN	19.2776
236	237	en	hau	challenge_SSA-MTE	hyp1	News	NaN	17.8659
237	238	en	hau	challenge_SSA-MTE	hyp1	News	NaN	15.5886
238	239	en	hau	challenge_SSA-MTE	hyp1	News	NaN	22.6174
239	240	en	hau	challenge_SSA-MTE	hyp1	News	NaN	5.5380
240	241	en	hau	challenge_SSA-MTE	hyp1	News	NaN	5.5380
241	242	en	hau	challenge_SSA-MTE	hyp1	News	NaN	5.7506
242	243	en	hau	challenge_SSA-MTE	hyp1	News	NaN	17.1247
243	244	en	hau	challenge_SSA-MTE	hyp1	News	NaN	14.8796
244	245	en	hau	challenge_SSA-MTE	hyp1	News	NaN	15.4643
245	246	en	hau	challenge_SSA-MTE	hyp1	News	NaN	14.9394
246	247	en	hau	challenge_SSA-MTE	hyp1	News	NaN	14.9394
247	248	en	hau	challenge_SSA-MTE	hyp1	News	NaN	16.6990
248	249	en	hau	challenge_SSA-MTE	hyp1	News	NaN	14.8796
249	250	en	hau	challenge_SSA-MTE	hyp1	News	NaN	23.4181
250	251	en	hau	challenge_SSA-MTE	hyp1	News	NaN	2.3548
251	252	en	hau	challenge_SSA-MTE	hyp1	News	NaN	2.4359
252	253	en	hau	challenge_SSA-MTE	hyp1	News	NaN	4.7852
253	254	en	hau	challenge_SSA-MTE	hyp1	News	NaN	2.3526
254	255	en	hau	challenge_SSA-MTE	hyp1	News	NaN	4.7852
255	256	en	hau	challenge_SSA-MTE	hyp1	News	NaN	18.9516
256	257	en	hau	challenge_SSA-MTE	hyp1	News	NaN	12.1731
257	258	en	hau	challenge_SSA-MTE	hyp1	News	NaN	25.8231
258	259	en	hau	challenge_SSA-MTE	hyp1	News	NaN	26.1049
259	260	en	hau	challenge_SSA-MTE	hyp1	News	NaN	8.4616
260	261	en	hau	challenge_SSA-MTE	hyp1	News	NaN	40.3358
261	262	en	hau	challenge_SSA-MTE	hyp1	News	NaN	30.1434
262	263	en	hau	challenge_SSA-MTE	hyp1	News	NaN	13.9989
263	264	en	hau	challenge_SSA-MTE	hyp1	News	NaN	43.6221
264	265	en	hau	challenge_SSA-MTE	hyp1	News	NaN	11.7716
265	266	en	hau	challenge_SSA-MTE	hyp1	News	NaN	10.6573
266	267	en	hau	challenge_SSA-MTE	hyp1	News	NaN	13.1957
267	268	en	hau	challenge_SSA-MTE	hyp1	News	NaN	14.2961
268	269	en	hau	challenge_SSA-MTE	hyp1	News	NaN	16.2157
269	270	en	hau	challenge_SSA-MTE	hyp1	News	NaN	11.3923
270	271	en	hau	challenge_SSA-MTE	hyp1	News	NaN	33.0404
271	272	en	hau	challenge_SSA-MTE	hyp1	News	NaN	10.3931
272	273	en	hau	challenge_SSA-MTE	hyp1	News	NaN	19.5872
273	274	en	hau	challenge_SSA-MTE	hyp1	News	NaN	14.8831
274	275	en	hau	challenge_SSA-MTE	hyp1	News	NaN	10.6951
275	276	en	hau	challenge_SSA-MTE	hyp1	News	NaN	14.8940
276	277	en	hau	challenge_SSA-MTE	hyp1	News	NaN	16.1956
277	278	en	hau	challenge_SSA-MTE	hyp1	News	NaN	18.3257
278	279	en	hau	challenge_SSA-MTE	hyp1	News	NaN	35.5974
279	280	en	hau	challenge_SSA-MTE	hyp1	News	NaN	39.0802
280	281	en	hau	challenge_SSA-MTE	hyp1	News	NaN	38.4214
281	282	en	hau	challenge_SSA-MTE	hyp1	News	NaN	36.2631
282	283	en	hau	challenge_SSA-MTE	hyp1	News	NaN	33.8465
283	284	en	hau	challenge_SSA-MTE	hyp1	News	NaN	14.2539
284	285	en	hau	challenge_SSA-MTE	hyp1	News	NaN	4.5463
285	286	en	hau	challenge_SSA-MTE	hyp1	News	NaN	6.2911
286	287	en	hau	challenge_SSA-MTE	hyp1	News	NaN	8.4616
287	288	en	hau	challenge_SSA-MTE	hyp1	News	NaN	4.4039
288	289	en	hau	challenge_SSA-MTE	hyp1	News	NaN	11.5949
289	290	en	hau	challenge_SSA-MTE	hyp1	News	NaN	3.4879
290	291	en	hau	challenge_SSA-MTE	hyp1	News	NaN	5.8195
291	292	en	hau	challenge_SSA-MTE	hyp1	News	NaN	5.9605
292	293	en	hau	challenge_SSA-MTE	hyp1	News	NaN	3.8036
293	294	en	hau	challenge_SSA-MTE	hyp1	News	NaN	17.5149
294	295	en	hau	challenge_SSA-MTE	hyp1	News	NaN	8.5298
295	296	en	hau	challenge_SSA-MTE	hyp1	News	NaN	2.7077
296	297	en	hau	challenge_SSA-MTE	hyp1	News	NaN	8.4160
297	298	en	hau	challenge_SSA-MTE	hyp1	News	NaN	9.1074
298	299	en	hau	challenge_SSA-MTE	hyp1	News	NaN	4.9660
299	300	en	hau	challenge_SSA-MTE	hyp1	News	NaN	19.8168
300	301	en	hau	challenge_SSA-MTE	hyp1	News	NaN	14.4795
301	302	en	hau	challenge_SSA-MTE	hyp1	News	NaN	23.1890
302	303	en	hau	challenge_SSA-MTE	hyp1	News	NaN	12.4991
303	304	en	hau	challenge_SSA-MTE	hyp1	News	NaN	13.6976
304	305	en	hau	challenge_SSA-MTE	hyp1	News	NaN	8.8802
305	306	en	hau	challenge_SSA-MTE	hyp1	News	NaN	14.6105
306	307	en	hau	challenge_SSA-MTE	hyp1	News	NaN	6.2911
307	308	en	hau	challenge_SSA-MTE	hyp1	News	NaN	5.4153
308	309	en	hau	challenge_SSA-MTE	hyp1	News	NaN	12.6255
309	310	en	hau	challenge_SSA-MTE	hyp1	News	NaN	7.1481
310	311	en	hau	challenge_SSA-MTE	hyp1	News	NaN	11.3061
311	312	en	hau	challenge_SSA-MTE	hyp1	News	NaN	23.1473
312	313	en	hau	challenge_SSA-MTE	hyp1	News	NaN	22.4517
313	314	en	hau	challenge_SSA-MTE	hyp1	News	NaN	10.8130
314	315	en	hau	challenge_SSA-MTE	hyp1	News	NaN	23.1473
315	316	en	hau	challenge_SSA-MTE	hyp1	News	NaN	10.8130
316	317	en	hau	challenge_SSA-MTE	hyp1	News	NaN	22.0677
317	318	en	hau	challenge_SSA-MTE	hyp1	News	NaN	25.8620
318	319	en	hau	challenge_SSA-MTE	hyp1	News	NaN	23.9017
319	320	en	hau	challenge_SSA-MTE	hyp1	News	NaN	12.2560
320	321	en	hau	challenge_SSA-MTE	hyp1	News	NaN	24.5392
321	322	en	hau	challenge_SSA-MTE	hyp1	News	NaN	25.8543
322	323	en	hau	challenge_SSA-MTE	hyp1	News	NaN	25.8871
323	324	en	hau	challenge_SSA-MTE	hyp1	News	NaN	9.3511
324	325	en	hau	challenge_SSA-MTE	hyp1	News	NaN	33.2322
325	326	en	hau	challenge_SSA-MTE	hyp1	News	NaN	17.0596
326	327	en	hau	challenge_SSA-MTE	hyp1	News	NaN	13.4718
327	328	en	hau	challenge_SSA-MTE	hyp1	News	NaN	5.7304
328	329	en	hau	challenge_SSA-MTE	hyp1	News	NaN	6.2438
329	330	en	hau	challenge_SSA-MTE	hyp1	News	NaN	7.0540
330	331	en	hau	challenge_SSA-MTE	hyp1	News	NaN	6.2438
331	332	en	hau	challenge_SSA-MTE	hyp1	News	NaN	6.5020
332	333	en	hau	challenge_SSA-MTE	hyp1	News	NaN	6.5277
333	334	en	hau	challenge_SSA-MTE	hyp1	News	NaN	6.5277
334	335	en	hau	challenge_SSA-MTE	hyp1	News	NaN	4.3723
335	336	en	hau	challenge_SSA-MTE	hyp1	News	NaN	12.1027
336	337	en	hau	challenge_SSA-MTE	hyp1	News	NaN	23.8294
337	338	en	hau	challenge_SSA-MTE	hyp1	News	NaN	13.8485
338	339	en	hau	challenge_SSA-MTE	hyp1	News	NaN	15.7527
339	340	en	hau	challenge_SSA-MTE	hyp1	News	NaN	6.7711
340	341	en	hau	challenge_SSA-MTE	hyp1	News	NaN	5.4153
341	342	en	hau	challenge_SSA-MTE	hyp1	News	NaN	36.3072
342	343	en	hau	challenge_SSA-MTE	hyp1	News	NaN	6.3369
343	344	en	hau	challenge_SSA-MTE	hyp1	News	NaN	6.2285
344	345	en	hau	challenge_SSA-MTE	hyp1	News	NaN	6.2075
345	346	en	hau	challenge_SSA-MTE	hyp1	News	NaN	14.6744
346	347	en	hau	challenge_SSA-MTE	hyp1	News	NaN	17.4468
347	348	en	hau	challenge_SSA-MTE	hyp1	News	NaN	13.4798
348	349	en	hau	challenge_SSA-MTE	hyp1	News	NaN	6.1965
349	350	en	hau	challenge_SSA-MTE	hyp1	News	NaN	4.1446
350	351	en	hau	challenge_SSA-MTE	hyp1	News	NaN	27.6110
351	352	en	hau	challenge_SSA-MTE	hyp1	News	NaN	26.8038
352	353	en	hau	challenge_SSA-MTE	hyp1	News	NaN	22.1334
353	354	en	hau	challenge_SSA-MTE	hyp1	News	NaN	35.1848
354	355	en	hau	challenge_SSA-MTE	hyp1	News	NaN	33.9341
355	356	en	hau	challenge_SSA-MTE	hyp1	News	NaN	19.9945
356	357	en	hau	challenge_SSA-MTE	hyp1	News	NaN	18.4590
357	358	en	hau	challenge_SSA-MTE	hyp1	News	NaN	14.5768
358	359	en	hau	challenge_SSA-MTE	hyp1	News	NaN	5.2919
359	360	en	hau	challenge_SSA-MTE	hyp1	News	NaN	9.5604
360	361	en	hau	challenge_SSA-MTE	hyp1	News	NaN	6.6324
361	362	en	hau	challenge_SSA-MTE	hyp1	News	NaN	9.5604
362	363	en	hau	challenge_SSA-MTE	hyp1	News	NaN	29.4899
363	364	en	hau	challenge_SSA-MTE	hyp1	News	NaN	13.2648
364	365	en	hau	challenge_SSA-MTE	hyp1	News	NaN	30.8263
365	366	en	hau	challenge_SSA-MTE	hyp1	News	NaN	32.5948
366	367	en	hau	challenge_SSA-MTE	hyp1	News	NaN	26.1049
367	368	en	hau	challenge_SSA-MTE	hyp1	News	NaN	31.7475
368	369	en	hau	challenge_SSA-MTE	hyp1	News	NaN	8.5075
369	370	en	hau	challenge_SSA-MTE	hyp1	News	NaN	10.0916
370	371	en	hau	challenge_SSA-MTE	hyp1	News	NaN	2.7110
371	372	en	hau	challenge_SSA-MTE	hyp1	News	NaN	6.7983
372	373	en	hau	challenge_SSA-MTE	hyp1	News	NaN	11.4882
373	374	en	hau	challenge_SSA-MTE	hyp1	News	NaN	4.5300
374	375	en	hau	challenge_SSA-MTE	hyp1	News	NaN	4.6575
375	376	en	hau	challenge_SSA-MTE	hyp1	News	NaN	5.0395
376	377	en	hau	challenge_SSA-MTE	hyp1	News	NaN	2.5772
377	378	en	hau	challenge_SSA-MTE	hyp1	News	NaN	2.5772
378	379	en	hau	challenge_SSA-MTE	hyp1	News	NaN	2.9540
379	380	en	hau	challenge_SSA-MTE	hyp1	News	NaN	26.1586
380	381	en	hau	challenge_SSA-MTE	hyp1	News	NaN	26.6873
381	382	en	hau	challenge_SSA-MTE	hyp1	News	NaN	29.0604
382	383	en	hau	challenge_SSA-MTE	hyp1	News	NaN	27.6593
383	384	en	hau	challenge_SSA-MTE	hyp1	News	NaN	28.4893
384	385	en	hau	challenge_SSA-MTE	hyp1	News	NaN	31.9880
385	386	en	hau	challenge_SSA-MTE	hyp1	News	NaN	46.4319
386	387	en	hau	challenge_SSA-MTE	hyp1	News	NaN	27.1933
387	388	en	hau	challenge_SSA-MTE	hyp1	News	NaN	11.6380
388	389	en	hau	challenge_SSA-MTE	hyp1	News	NaN	16.7678
389	390	en	hau	challenge_SSA-MTE	hyp1	News	NaN	7.8005
390	391	en	hau	challenge_SSA-MTE	hyp1	News	NaN	11.6380
391	392	en	hau	challenge_SSA-MTE	hyp1	News	NaN	4.8865
392	393	en	hau	challenge_SSA-MTE	hyp1	News	NaN	8.8490
393	394	en	hau	challenge_SSA-MTE	hyp1	News	NaN	8.9348
394	395	en	hau	challenge_SSA-MTE	hyp1	News	NaN	7.6049
395	396	en	hau	challenge_SSA-MTE	hyp1	News	NaN	8.6406
396	397	en	hau	challenge_SSA-MTE	hyp1	News	NaN	21.2799
397	398	en	hau	challenge_SSA-MTE	hyp1	News	NaN	17.7939
398	399	en	hau	challenge_SSA-MTE	hyp1	News	NaN	25.0139
399	400	en	hau	challenge_SSA-MTE	hyp1	News	NaN	26.2431
400	401	en	hau	challenge_SSA-MTE	hyp1	News	NaN	16.6352
401	402	en	hau	challenge_SSA-MTE	hyp1	News	NaN	10.8627
402	403	en	hau	challenge_SSA-MTE	hyp1	News	NaN	21.6260
403	404	en	hau	challenge_SSA-MTE	hyp1	News	NaN	8.3788
404	405	en	hau	challenge_SSA-MTE	hyp1	News	NaN	17.5679
405	406	en	hau	challenge_SSA-MTE	hyp1	News	NaN	13.9850
406	407	en	hau	challenge_SSA-MTE	hyp1	News	NaN	9.2027
407	408	en	hau	challenge_SSA-MTE	hyp1	News	NaN	3.9566
408	409	en	hau	challenge_SSA-MTE	hyp1	News	NaN	16.8045
409	410	en	hau	challenge_SSA-MTE	hyp1	News	NaN	14.7576
410	411	en	hau	challenge_SSA-MTE	hyp1	News	NaN	15.4151
411	412	en	hau	challenge_SSA-MTE	hyp1	News	NaN	25.6784
412	413	en	hau	challenge_SSA-MTE	hyp1	News	NaN	41.2615
413	414	en	hau	challenge_SSA-MTE	hyp1	News	NaN	32.2114
414	415	en	hau	challenge_SSA-MTE	hyp1	News	NaN	34.6334
415	416	en	hau	challenge_SSA-MTE	hyp1	News	NaN	39.1720
416	417	en	hau	challenge_SSA-MTE	hyp1	News	NaN	15.6397
417	418	en	hau	challenge_SSA-MTE	hyp1	News	NaN	17.4709
418	419	en	hau	challenge_SSA-MTE	hyp1	News	NaN	8.7574
419	420	en	hau	challenge_SSA-MTE	hyp1	News	NaN	7.9873
420	421	en	hau	challenge_SSA-MTE	hyp1	News	NaN	26.8017
421	422	en	hau	challenge_SSA-MTE	hyp1	News	NaN	18.1673
422	423	en	hau	challenge_SSA-MTE	hyp1	News	NaN	26.1049
423	424	en	hau	challenge_SSA-MTE	hyp1	News	NaN	10.3802
424	425	en	hau	challenge_SSA-MTE	hyp1	News	NaN	32.2254
425	426	en	hau	challenge_SSA-MTE	hyp1	News	NaN	10.3802
426	427	en	hau	challenge_SSA-MTE	hyp1	News	NaN	24.8734
427	428	en	hau	challenge_SSA-MTE	hyp1	News	NaN	18.7287
428	429	en	hau	challenge_SSA-MTE	hyp1	News	NaN	19.8354
429	430	en	hau	challenge_SSA-MTE	hyp1	News	NaN	17.8942
430	431	en	hau	challenge_SSA-MTE	hyp1	News	NaN	25.9587
431	432	en	hau	challenge_SSA-MTE	hyp1	News	NaN	12.6255
432	433	en	hau	challenge_SSA-MTE	hyp1	News	NaN	10.1903
433	434	en	hau	challenge_SSA-MTE	hyp1	News	NaN	4.2080
434	435	en	hau	challenge_SSA-MTE	hyp1	News	NaN	5.7742
435	436	en	hau	challenge_SSA-MTE	hyp1	News	NaN	4.5672
436	437	en	hau	challenge_SSA-MTE	hyp1	News	NaN	13.5587
437	438	en	hau	challenge_SSA-MTE	hyp1	News	NaN	7.9464
438	439	en	hau	challenge_SSA-MTE	hyp1	News	NaN	34.7725
439	440	en	hau	challenge_SSA-MTE	hyp1	News	NaN	28.8389
440	441	en	hau	challenge_SSA-MTE	hyp1	News	NaN	4.5463
441	442	en	hau	challenge_SSA-MTE	hyp1	News	NaN	5.9080
442	443	en	hau	challenge_SSA-MTE	hyp1	News	NaN	7.4398
443	444	en	hau	challenge_SSA-MTE	hyp1	News	NaN	13.3041
444	445	en	hau	challenge_SSA-MTE	hyp1	News	NaN	23.5884
445	446	en	hau	challenge_SSA-MTE	hyp1	News	NaN	8.7688
446	447	en	hau	challenge_SSA-MTE	hyp1	News	NaN	24.3382
447	448	en	hau	challenge_SSA-MTE	hyp1	News	NaN	7.9964
448	449	en	hau	challenge_SSA-MTE	hyp1	News	NaN	7.9682
449	450	en	hau	challenge_SSA-MTE	hyp1	News	NaN	13.4583
450	451	en	hau	challenge_SSA-MTE	hyp1	News	NaN	22.7621
451	452	en	hau	challenge_SSA-MTE	hyp1	News	NaN	22.1249
452	453	en	hau	challenge_SSA-MTE	hyp1	News	NaN	10.1563
453	454	en	hau	challenge_SSA-MTE	hyp1	News	NaN	10.2967
454	455	en	hau	challenge_SSA-MTE	hyp1	News	NaN	22.6584
455	456	en	hau	challenge_SSA-MTE	hyp1	News	NaN	8.5378
456	457	en	hau	challenge_SSA-MTE	hyp1	News	NaN	10.5803
457	458	en	hau	challenge_SSA-MTE	hyp1	News	NaN	4.8590
458	459	en	hau	challenge_SSA-MTE	hyp1	News	NaN	10.8130
459	460	en	hau	challenge_SSA-MTE	hyp1	News	NaN	10.4144
460	461	en	hau	challenge_SSA-MTE	hyp1	News	NaN	15.9723
461	462	en	hau	challenge_SSA-MTE	hyp1	News	NaN	12.1989
462	463	en	hau	challenge_SSA-MTE	hyp1	News	NaN	17.2986
463	464	en	hau	challenge_SSA-MTE	hyp1	News	NaN	11.5355
464	465	en	hau	challenge_SSA-MTE	hyp1	News	NaN	8.3740
465	466	en	hau	challenge_SSA-MTE	hyp1	News	NaN	16.9273
466	467	en	hau	challenge_SSA-MTE	hyp1	News	NaN	6.1430
467	468	en	hau	challenge_SSA-MTE	hyp1	News	NaN	8.3839
468	469	en	hau	challenge_SSA-MTE	hyp1	News	NaN	4.3038
469	470	en	hau	challenge_SSA-MTE	hyp1	News	NaN	4.0859
470	471	en	hau	challenge_SSA-MTE	hyp1	News	NaN	8.6388
471	472	en	hau	challenge_SSA-MTE	hyp1	News	NaN	5.0662
472	473	en	hau	challenge_SSA-MTE	hyp1	News	NaN	24.6432
473	474	en	hau	challenge_SSA-MTE	hyp1	News	NaN	10.2857
474	475	en	hau	challenge_SSA-MTE	hyp1	News	NaN	15.3585
475	476	en	hau	challenge_SSA-MTE	hyp1	News	NaN	10.2896
476	477	en	hau	challenge_SSA-MTE	hyp1	News	NaN	10.2054
477	478	en	hau	challenge_SSA-MTE	hyp1	News	NaN	11.8818
478	479	en	hau	challenge_SSA-MTE	hyp1	News	NaN	24.2851
479	480	en	hau	challenge_SSA-MTE	hyp1	News	NaN	15.3374
480	481	en	hau	challenge_SSA-MTE	hyp1	News	NaN	25.0738
481	482	en	hau	challenge_SSA-MTE	hyp1	News	NaN	23.0225
482	483	en	hau	challenge_SSA-MTE	hyp1	News	NaN	14.4400
483	484	en	hau	challenge_SSA-MTE	hyp1	News	NaN	17.6405
484	485	en	hau	challenge_SSA-MTE	hyp1	News	NaN	30.3612
485	486	en	hau	challenge_SSA-MTE	hyp1	News	NaN	30.3700
486	487	en	hau	challenge_SSA-MTE	hyp1	News	NaN	41.5461
487	488	en	hau	challenge_SSA-MTE	hyp1	News	NaN	28.8944
488	489	en	hau	challenge_SSA-MTE	hyp1	News	NaN	29.3080
489	490	en	hau	challenge_SSA-MTE	hyp1	News	NaN	18.9560
490	491	en	hau	challenge_SSA-MTE	hyp1	News	NaN	14.4692
491	492	en	hau	challenge_SSA-MTE	hyp1	News	NaN	13.5506
492	493	en	hau	challenge_SSA-MTE	hyp1	News	NaN	14.0964
493	494	en	hau	challenge_SSA-MTE	hyp1	News	NaN	16.8662
494	495	en	hau	challenge_SSA-MTE	hyp1	News	NaN	19.4456
495	496	en	hau	challenge_SSA-MTE	hyp1	News	NaN	13.1025
496	497	en	hau	challenge_SSA-MTE	hyp1	News	NaN	6.1430
497	498	en	hau	challenge_SSA-MTE	hyp1	News	NaN	5.1656
498	499	en	hau	challenge_SSA-MTE	hyp1	News	NaN	4.4499
499	500	en	hau	challenge_SSA-MTE	hyp1	News	NaN	4.7391
500	501	en	hau	challenge_SSA-MTE	hyp1	News	NaN	5.0313
501	502	en	hau	challenge_SSA-MTE	hyp1	News	NaN	4.5046
502	503	en	hau	challenge_SSA-MTE	hyp1	News	NaN	10.1686
503	504	en	hau	challenge_SSA-MTE	hyp1	News	NaN	7.8377
504	505	en	hau	challenge_SSA-MTE	hyp1	News	NaN	3.4620
505	506	en	hau	challenge_SSA-MTE	hyp1	News	NaN	7.5556
506	507	en	hau	challenge_SSA-MTE	hyp1	News	NaN	7.2053
507	508	en	hau	challenge_SSA-MTE	hyp1	News	NaN	14.0626
508	509	en	hau	challenge_SSA-MTE	hyp1	News	NaN	35.1450
509	510	en	hau	challenge_SSA-MTE	hyp1	News	NaN	34.6163
510	511	en	hau	challenge_SSA-MTE	hyp1	News	NaN	15.3828
511	512	en	hau	challenge_SSA-MTE	hyp1	News	NaN	36.0321
512	513	en	hau	challenge_SSA-MTE	hyp1	News	NaN	20.0167
513	514	en	hau	challenge_SSA-MTE	hyp1	News	NaN	34.0623
514	515	en	hau	challenge_SSA-MTE	hyp1	News	NaN	21.1323
515	516	en	hau	challenge_SSA-MTE	hyp1	News	NaN	37.2795
516	517	en	hau	challenge_SSA-MTE	hyp1	News	NaN	60.8412
517	518	en	hau	challenge_SSA-MTE	hyp1	News	NaN	17.7976
518	519	en	hau	challenge_SSA-MTE	hyp1	News	NaN	52.1632
519	520	en	hau	challenge_SSA-MTE	hyp1	News	NaN	39.0978
520	521	en	hau	challenge_SSA-MTE	hyp1	News	NaN	5.3099
521	522	en	hau	challenge_SSA-MTE	hyp1	News	NaN	5.4393
522	523	en	hau	challenge_SSA-MTE	hyp1	News	NaN	3.2490
523	524	en	hau	challenge_SSA-MTE	hyp1	News	NaN	6.0196
524	525	en	hau	challenge_SSA-MTE	hyp1	News	NaN	3.4354
525	526	en	hau	challenge_SSA-MTE	hyp1	News	NaN	8.2510
526	527	en	hau	challenge_SSA-MTE	hyp1	News	NaN	11.1594
527	528	en	hau	challenge_SSA-MTE	hyp1	News	NaN	5.6122
528	529	en	hau	challenge_SSA-MTE	hyp1	News	NaN	8.6896
529	530	en	hau	challenge_SSA-MTE	hyp1	News	NaN	10.9249
530	531	en	hau	challenge_SSA-MTE	hyp1	News	NaN	9.4985
531	532	en	hau	challenge_SSA-MTE	hyp1	News	NaN	25.5541
532	533	en	hau	challenge_SSA-MTE	hyp1	News	NaN	24.0990
533	534	en	hau	challenge_SSA-MTE	hyp1	News	NaN	21.3843
534	535	en	hau	challenge_SSA-MTE	hyp1	News	NaN	17.5672
535	536	en	hau	challenge_SSA-MTE	hyp1	News	NaN	19.0835
536	537	en	hau	challenge_SSA-MTE	hyp1	News	NaN	14.8667
537	538	en	hau	challenge_SSA-MTE	hyp1	News	NaN	10.9915
538	539	en	hau	challenge_SSA-MTE	hyp1	News	NaN	12.8972
539	540	en	hau	challenge_SSA-MTE	hyp1	News	NaN	5.8229
540	541	en	hau	challenge_SSA-MTE	hyp1	News	NaN	7.1053
541	542	en	hau	challenge_SSA-MTE	hyp1	News	NaN	9.6374
542	543	en	hau	challenge_SSA-MTE	hyp1	News	NaN	8.9686
543	544	en	hau	challenge_SSA-MTE	hyp1	News	NaN	8.4330
544	545	en	hau	challenge_SSA-MTE	hyp1	News	NaN	16.9488
545	546	en	hau	challenge_SSA-MTE	hyp1	News	NaN	5.4871
546	547	en	hau	challenge_SSA-MTE	hyp1	News	NaN	8.3898
547	548	en	hau	challenge_SSA-MTE	hyp1	News	NaN	19.9543
548	549	en	hau	challenge_SSA-MTE	hyp1	News	NaN	5.1481
549	550	en	hau	challenge_SSA-MTE	hyp1	News	NaN	21.4686
550	551	en	hau	challenge_SSA-MTE	hyp1	News	NaN	34.3444
551	552	en	hau	challenge_SSA-MTE	hyp1	News	NaN	10.6697
552	553	en	hau	challenge_SSA-MTE	hyp1	News	NaN	23.6690
553	554	en	hau	challenge_SSA-MTE	hyp1	News	NaN	22.1713
554	555	en	hau	challenge_SSA-MTE	hyp1	News	NaN	12.2810
555	556	en	hau	challenge_SSA-MTE	hyp1	News	NaN	11.8271
556	557	en	hau	challenge_SSA-MTE	hyp1	News	NaN	13.7972
557	558	en	hau	challenge_SSA-MTE	hyp1	News	NaN	13.8108
558	559	en	hau	challenge_SSA-MTE	hyp1	News	NaN	14.4851
559	560	en	hau	challenge_SSA-MTE	hyp1	News	NaN	14.5042
560	561	en	hau	challenge_SSA-MTE	hyp1	News	NaN	8.0636
561	562	en	hau	challenge_SSA-MTE	hyp1	News	NaN	56.0478
562	563	en	hau	challenge_SSA-MTE	hyp1	News	NaN	35.2586
563	564	en	hau	challenge_SSA-MTE	hyp1	News	NaN	38.9187
564	565	en	hau	challenge_SSA-MTE	hyp1	News	NaN	33.4052
565	566	en	hau	challenge_SSA-MTE	hyp1	News	NaN	57.3813
566	567	en	hau	challenge_SSA-MTE	hyp1	News	NaN	32.5533
567	568	en	hau	challenge_SSA-MTE	hyp1	News	NaN	26.9657
568	569	en	hau	challenge_SSA-MTE	hyp1	News	NaN	29.6281
569	570	en	hau	challenge_SSA-MTE	hyp1	News	NaN	15.9628
570	571	en	hau	challenge_SSA-MTE	hyp1	News	NaN	14.2735
571	572	en	hau	challenge_SSA-MTE	hyp1	News	NaN	6.2787
572	573	en	hau	challenge_SSA-MTE	hyp1	News	NaN	8.3047
573	574	en	hau	challenge_SSA-MTE	hyp1	News	NaN	26.6609
574	575	en	hau	challenge_SSA-MTE	hyp1	News	NaN	24.7285
575	576	en	hau	challenge_SSA-MTE	hyp1	News	NaN	8.2349
576	577	en	hau	challenge_SSA-MTE	hyp1	News	NaN	5.1377
577	578	en	hau	challenge_SSA-MTE	hyp1	News	NaN	16.2994
578	579	en	hau	challenge_SSA-MTE	hyp1	News	NaN	7.7126
579	580	en	hau	challenge_SSA-MTE	hyp1	News	NaN	24.7115
580	581	en	hau	challenge_SSA-MTE	hyp1	News	NaN	7.9132
581	582	en	hau	challenge_SSA-MTE	hyp1	News	NaN	22.0845
582	583	en	hau	challenge_SSA-MTE	hyp1	News	NaN	14.2650
583	584	en	hau	challenge_SSA-MTE	hyp1	News	NaN	10.0869
584	585	en	hau	challenge_SSA-MTE	hyp1	News	NaN	13.1719
585	586	en	hau	challenge_SSA-MTE	hyp1	News	NaN	26.3433
586	587	en	hau	challenge_SSA-MTE	hyp1	News	NaN	38.3684
587	588	en	hau	challenge_SSA-MTE	hyp1	News	NaN	38.3684
588	589	en	hau	challenge_SSA-MTE	hyp1	News	NaN	17.8859
589	590	en	hau	challenge_SSA-MTE	hyp1	News	NaN	34.0334
590	591	en	hau	challenge_SSA-MTE	hyp1	News	NaN	16.3785
591	592	en	hau	challenge_SSA-MTE	hyp1	News	NaN	21.9515
592	593	en	hau	challenge_SSA-MTE	hyp1	News	NaN	24.7980
593	594	en	hau	challenge_SSA-MTE	hyp1	News	NaN	10.3802
594	595	en	hau	challenge_SSA-MTE	hyp1	News	NaN	12.0392
595	596	en	hau	challenge_SSA-MTE	hyp1	News	NaN	10.9349
596	597	en	hau	challenge_SSA-MTE	hyp1	News	NaN	6.2285
597	598	en	hau	challenge_SSA-MTE	hyp1	News	NaN	3.0518
598	599	en	hau	challenge_SSA-MTE	hyp1	News	NaN	13.7324
599	600	en	hau	challenge_SSA-MTE	hyp1	News	NaN	3.2743
600	601	en	hau	challenge_SSA-MTE	hyp1	News	NaN	4.7202
601	602	en	hau	challenge_SSA-MTE	hyp1	News	NaN	2.8889
602	603	en	hau	challenge_SSA-MTE	hyp1	News	NaN	4.6124
603	604	en	hau	challenge_SSA-MTE	hyp1	News	NaN	9.5933
604	605	en	hau	challenge_SSA-MTE	hyp1	News	NaN	17.0596
605	606	en	hau	challenge_SSA-MTE	hyp1	News	NaN	10.7137
606	607	en	hau	challenge_SSA-MTE	hyp1	News	NaN	8.5298
607	608	en	hau	challenge_SSA-MTE	hyp1	News	NaN	11.9666
608	609	en	hau	challenge_SSA-MTE	hyp1	News	NaN	9.3501
609	610	en	hau	challenge_SSA-MTE	hyp1	News	NaN	5.5684
610	611	en	hau	challenge_SSA-MTE	hyp1	News	NaN	11.3149
611	612	en	hau	challenge_SSA-MTE	hyp1	News	NaN	5.8769
612	613	en	hau	challenge_SSA-MTE	hyp1	News	NaN	9.3698
613	614	en	hau	challenge_SSA-MTE	hyp1	News	NaN	7.7835
614	615	en	hau	challenge_SSA-MTE	hyp1	News	NaN	10.8311
615	616	en	hau	challenge_SSA-MTE	hyp1	News	NaN	8.1595
616	617	en	hau	challenge_SSA-MTE	hyp1	News	NaN	8.0572
617	618	en	hau	challenge_SSA-MTE	hyp1	News	NaN	8.6137
618	619	en	hau	challenge_SSA-MTE	hyp1	News	NaN	6.1779
619	620	en	hau	challenge_SSA-MTE	hyp1	News	NaN	11.1325
620	621	en	hau	challenge_SSA-MTE	hyp1	News	NaN	30.1978
621	622	en	hau	challenge_SSA-MTE	hyp1	News	NaN	18.4833
622	623	en	hau	challenge_SSA-MTE	hyp1	News	NaN	11.3958
623	624	en	hau	challenge_SSA-MTE	hyp1	News	NaN	22.4785
624	625	en	hau	challenge_SSA-MTE	hyp1	News	NaN	22.3721
625	626	en	hau	challenge_SSA-MTE	hyp1	News	NaN	19.2644
626	627	en	hau	challenge_SSA-MTE	hyp1	News	NaN	49.6149
627	628	en	hau	challenge_SSA-MTE	hyp1	News	NaN	37.5723
628	629	en	hau	challenge_SSA-MTE	hyp1	News	NaN	47.6107
629	630	en	hau	challenge_SSA-MTE	hyp1	News	NaN	47.6107
630	631	en	hau	challenge_SSA-MTE	hyp1	News	NaN	39.4011
631	632	en	hau	challenge_SSA-MTE	hyp1	News	NaN	18.6252
632	633	en	hau	challenge_SSA-MTE	hyp1	News	NaN	38.9672
633	634	en	hau	challenge_SSA-MTE	hyp1	News	NaN	34.4691
634	635	en	hau	challenge_SSA-MTE	hyp1	News	NaN	13.2245
635	636	en	hau	challenge_SSA-MTE	hyp1	News	NaN	32.2114
636	637	en	hau	challenge_SSA-MTE	hyp1	News	NaN	9.3882
637	638	en	hau	challenge_SSA-MTE	hyp1	News	NaN	4.7328
638	639	en	hau	challenge_SSA-MTE	hyp1	News	NaN	5.3384
639	640	en	hau	challenge_SSA-MTE	hyp1	News	NaN	3.4010
640	641	en	hau	challenge_SSA-MTE	hyp1	News	NaN	3.6620
641	642	en	hau	challenge_SSA-MTE	hyp1	News	NaN	7.1685
642	643	en	hau	challenge_SSA-MTE	hyp1	News	NaN	4.3111
643	644	en	hau	challenge_SSA-MTE	hyp1	News	NaN	48.9643
644	645	en	hau	challenge_SSA-MTE	hyp1	News	NaN	37.0273
645	646	en	hau	challenge_SSA-MTE	hyp1	News	NaN	43.2802
646	647	en	hau	challenge_SSA-MTE	hyp1	News	NaN	44.6462
647	648	en	hau	challenge_SSA-MTE	hyp1	News	NaN	40.7810
648	649	en	hau	challenge_SSA-MTE	hyp1	News	NaN	32.9160
649	650	en	hau	challenge_SSA-MTE	hyp1	News	NaN	19.1142
650	651	en	hau	challenge_SSA-MTE	hyp1	News	NaN	10.5902
651	652	en	hau	challenge_SSA-MTE	hyp1	News	NaN	11.0021
652	653	en	hau	challenge_SSA-MTE	hyp1	News	NaN	26.2215
653	654	en	hau	challenge_SSA-MTE	hyp1	News	NaN	18.3733
654	655	en	hau	challenge_SSA-MTE	hyp1	News	NaN	9.7294
655	656	en	hau	challenge_SSA-MTE	hyp1	News	NaN	9.1684
656	657	en	hau	challenge_SSA-MTE	hyp1	News	NaN	4.0852
657	658	en	hau	challenge_SSA-MTE	hyp1	News	NaN	3.5869
658	659	en	hau	challenge_SSA-MTE	hyp1	News	NaN	1.7244
659	660	en	hau	challenge_SSA-MTE	hyp1	News	NaN	5.4605
660	661	en	hau	challenge_SSA-MTE	hyp1	News	NaN	3.1825
661	662	en	hau	challenge_SSA-MTE	hyp1	News	NaN	4.2565
662	663	en	hau	challenge_SSA-MTE	hyp1	News	NaN	3.2809
663	664	en	hau	challenge_SSA-MTE	hyp1	News	NaN	7.0324
664	665	en	hau	challenge_SSA-MTE	hyp1	News	NaN	3.7826
665	666	en	hau	challenge_SSA-MTE	hyp1	News	NaN	3.7091
666	667	en	hau	challenge_SSA-MTE	hyp1	News	NaN	26.1419
667	668	en	hau	challenge_SSA-MTE	hyp1	News	NaN	11.3541
668	669	en	hau	challenge_SSA-MTE	hyp1	News	NaN	5.2616
669	670	en	hau	challenge_SSA-MTE	hyp1	News	NaN	2.4679
670	671	en	hau	challenge_SSA-MTE	hyp1	News	NaN	13.5024
671	672	en	hau	challenge_SSA-MTE	hyp1	News	NaN	24.5352
672	673	en	hau	challenge_SSA-MTE	hyp1	News	NaN	15.5976
673	674	en	hau	challenge_SSA-MTE	hyp1	News	NaN	9.4403
674	675	en	hau	challenge_SSA-MTE	hyp1	News	NaN	11.7907
675	676	en	hau	challenge_SSA-MTE	hyp1	News	NaN	27.6687
676	677	en	hau	challenge_SSA-MTE	hyp1	News	NaN	10.4836
677	678	en	hau	challenge_SSA-MTE	hyp1	News	NaN	5.2919
678	679	en	hau	challenge_SSA-MTE	hyp1	News	NaN	7.9290
679	680	en	hau	challenge_SSA-MTE	hyp1	News	NaN	2.2523
680	681	en	hau	challenge_SSA-MTE	hyp1	News	NaN	4.1439
681	682	en	hau	challenge_SSA-MTE	hyp1	News	NaN	3.9517
682	683	en	hau	challenge_SSA-MTE	hyp1	News	NaN	4.8638
683	684	en	hau	challenge_SSA-MTE	hyp1	News	NaN	16.8178
684	685	en	hau	challenge_SSA-MTE	hyp1	News	NaN	12.3994
685	686	en	hau	challenge_SSA-MTE	hyp1	News	NaN	4.0175
686	687	en	hau	challenge_SSA-MTE	hyp1	News	NaN	15.6940
687	688	en	hau	challenge_SSA-MTE	hyp1	News	NaN	4.7913
688	689	en	hau	challenge_SSA-MTE	hyp1	News	NaN	8.0679
689	690	en	hau	challenge_SSA-MTE	hyp1	News	NaN	26.4623
690	691	en	hau	challenge_SSA-MTE	hyp1	News	NaN	27.0681
691	692	en	hau	challenge_SSA-MTE	hyp1	News	NaN	13.8052
692	693	en	hau	challenge_SSA-MTE	hyp1	News	NaN	10.3321
693	694	en	hau	challenge_SSA-MTE	hyp1	News	NaN	5.8111
694	695	en	hau	challenge_SSA-MTE	hyp1	News	NaN	34.5967
695	696	en	hau	challenge_SSA-MTE	hyp1	News	NaN	18.6067
696	697	en	hau	challenge_SSA-MTE	hyp1	News	NaN	21.4769
697	698	en	hau	challenge_SSA-MTE	hyp1	News	NaN	12.1184
698	699	en	hau	challenge_SSA-MTE	hyp1	News	NaN	17.5181
699	700	en	hau	challenge_SSA-MTE	hyp1	News	NaN	18.6067
700	701	en	hau	challenge_SSA-MTE	hyp1	News	NaN	10.1570
701	702	en	hau	challenge_SSA-MTE	hyp1	News	NaN	7.7250
702	703	en	hau	challenge_SSA-MTE	hyp1	News	NaN	4.5829
703	704	en	hau	challenge_SSA-MTE	hyp1	News	NaN	2.8598
704	705	en	hau	challenge_SSA-MTE	hyp1	News	NaN	7.9113
705	706	en	hau	challenge_SSA-MTE	hyp1	News	NaN	9.5627
706	707	en	hau	challenge_SSA-MTE	hyp1	News	NaN	15.9281
707	708	en	hau	challenge_SSA-MTE	hyp1	News	NaN	12.5070
708	709	en	hau	challenge_SSA-MTE	hyp1	News	NaN	12.8875
709	710	en	hau	challenge_SSA-MTE	hyp1	News	NaN	11.8478
710	711	en	hau	challenge_SSA-MTE	hyp1	News	NaN	13.3281
711	712	en	hau	challenge_SSA-MTE	hyp1	News	NaN	15.2595
712	713	en	hau	challenge_SSA-MTE	hyp1	News	NaN	33.6493
713	714	en	hau	challenge_SSA-MTE	hyp1	News	NaN	23.8294
714	715	en	hau	challenge_SSA-MTE	hyp1	News	NaN	17.5084
715	716	en	hau	challenge_SSA-MTE	hyp1	News	NaN	29.2324
716	717	en	hau	challenge_SSA-MTE	hyp1	News	NaN	8.6559
717	718	en	hau	challenge_SSA-MTE	hyp1	News	NaN	5.3366
718	719	en	hau	challenge_SSA-MTE	hyp1	News	NaN	5.9056
719	720	en	hau	challenge_SSA-MTE	hyp1	News	NaN	5.5421
720	721	en	hau	challenge_SSA-MTE	hyp1	News	NaN	5.9056
721	722	en	hau	challenge_SSA-MTE	hyp1	News	NaN	3.8898
722	723	en	hau	challenge_SSA-MTE	hyp1	News	NaN	49.4265
723	724	en	hau	challenge_SSA-MTE	hyp1	News	NaN	47.6896
724	725	en	hau	challenge_SSA-MTE	hyp1	News	NaN	31.0288
725	726	en	hau	challenge_SSA-MTE	hyp1	News	NaN	41.2862
726	727	en	hau	challenge_SSA-MTE	hyp1	News	NaN	46.6966
727	728	en	hau	challenge_SSA-MTE	hyp1	News	NaN	38.3895
728	729	en	hau	challenge_SSA-MTE	hyp1	News	NaN	13.8348
729	730	en	hau	challenge_SSA-MTE	hyp1	News	NaN	26.7352
730	731	en	hau	challenge_SSA-MTE	hyp1	News	NaN	10.4569
731	732	en	hau	challenge_SSA-MTE	hyp1	News	NaN	12.0872
732	733	en	hau	challenge_SSA-MTE	hyp1	News	NaN	14.5348
733	734	en	hau	challenge_SSA-MTE	hyp1	News	NaN	17.8249
734	735	en	hau	challenge_SSA-MTE	hyp1	News	NaN	8.4687
735	736	en	hau	challenge_SSA-MTE	hyp1	News	NaN	12.0559
736	737	en	hau	challenge_SSA-MTE	hyp1	News	NaN	10.4019
737	738	en	hau	challenge_SSA-MTE	hyp1	News	NaN	11.0864
738	739	en	hau	challenge_SSA-MTE	hyp1	News	NaN	8.9771
739	740	en	hau	challenge_SSA-MTE	hyp1	News	NaN	8.0842
740	741	en	hau	challenge_SSA-MTE	hyp1	News	NaN	24.4229
741	742	en	hau	challenge_SSA-MTE	hyp1	News	NaN	24.1096
742	743	en	hau	challenge_SSA-MTE	hyp1	News	NaN	12.1179
743	744	en	hau	challenge_SSA-MTE	hyp1	News	NaN	11.5389
744	745	en	hau	challenge_SSA-MTE	hyp1	News	NaN	6.5122
745	746	en	hau	challenge_SSA-MTE	hyp1	News	NaN	15.0512
746	747	en	hau	challenge_SSA-MTE	hyp1	News	NaN	20.3038
747	748	en	hau	challenge_SSA-MTE	hyp1	News	NaN	41.2386
748	749	en	hau	challenge_SSA-MTE	hyp1	News	NaN	45.8703
749	750	en	hau	challenge_SSA-MTE	hyp1	News	NaN	42.5671
750	751	en	hau	challenge_SSA-MTE	hyp1	News	NaN	32.9795
751	752	en	hau	challenge_SSA-MTE	hyp1	News	NaN	25.9954
752	753	en	hau	challenge_SSA-MTE	hyp1	News	NaN	38.4308
753	754	en	hau	challenge_SSA-MTE	hyp1	News	NaN	28.0913
754	755	en	hau	challenge_SSA-MTE	hyp1	News	NaN	23.2665
755	756	en	hau	challenge_SSA-MTE	hyp1	News	NaN	38.3598
756	757	en	hau	challenge_SSA-MTE	hyp1	News	NaN	31.4301
757	758	en	hau	challenge_SSA-MTE	hyp1	News	NaN	45.2379
758	759	en	hau	challenge_SSA-MTE	hyp1	News	NaN	3.7834
759	760	en	hau	challenge_SSA-MTE	hyp1	News	NaN	17.6312
760	761	en	hau	challenge_SSA-MTE	hyp1	News	NaN	4.5551
761	762	en	hau	challenge_SSA-MTE	hyp1	News	NaN	11.8271
762	763	en	hau	challenge_SSA-MTE	hyp1	News	NaN	11.8426
763	764	en	hau	challenge_SSA-MTE	hyp1	News	NaN	4.0580
764	765	en	hau	challenge_SSA-MTE	hyp1	News	NaN	21.0553
765	766	en	hau	challenge_SSA-MTE	hyp1	News	NaN	22.9709
766	767	en	hau	challenge_SSA-MTE	hyp1	News	NaN	23.9618
767	768	en	hau	challenge_SSA-MTE	hyp1	News	NaN	23.0890
768	769	en	hau	challenge_SSA-MTE	hyp1	News	NaN	25.0441
769	770	en	hau	challenge_SSA-MTE	hyp1	News	NaN	19.9857
770	771	en	hau	challenge_SSA-MTE	hyp1	News	NaN	12.9483
771	772	en	hau	challenge_SSA-MTE	hyp1	News	NaN	13.2939
772	773	en	hau	challenge_SSA-MTE	hyp1	News	NaN	30.4188
773	774	en	hau	challenge_SSA-MTE	hyp1	News	NaN	9.6846
774	775	en	hau	challenge_SSA-MTE	hyp1	News	NaN	10.8787
775	776	en	hau	challenge_SSA-MTE	hyp1	News	NaN	21.9615
776	777	en	hau	challenge_SSA-MTE	hyp1	News	NaN	1.6892
777	778	en	hau	challenge_SSA-MTE	hyp1	News	NaN	19.5767
778	779	en	hau	challenge_SSA-MTE	hyp1	News	NaN	17.5354
779	780	en	hau	challenge_SSA-MTE	hyp1	News	NaN	22.1213
780	781	en	hau	challenge_SSA-MTE	hyp1	News	NaN	31.5560
781	782	en	hau	challenge_SSA-MTE	hyp1	News	NaN	11.2033
782	783	en	hau	challenge_SSA-MTE	hyp1	News	NaN	8.1796
783	784	en	hau	challenge_SSA-MTE	hyp1	News	NaN	3.5253
784	785	en	hau	challenge_SSA-MTE	hyp1	News	NaN	5.7342
785	786	en	hau	challenge_SSA-MTE	hyp1	News	NaN	7.2304
786	787	en	hau	challenge_SSA-MTE	hyp1	News	NaN	7.9964
787	788	en	hau	challenge_SSA-MTE	hyp1	News	NaN	21.2318
788	789	en	hau	challenge_SSA-MTE	hyp1	News	NaN	10.1765
789	790	en	hau	challenge_SSA-MTE	hyp1	News	NaN	9.6144
790	791	en	hau	challenge_SSA-MTE	hyp1	News	NaN	17.4004
791	792	en	hau	challenge_SSA-MTE	hyp1	News	NaN	13.5684
792	793	en	hau	challenge_SSA-MTE	hyp1	News	NaN	7.2888
793	794	en	hau	challenge_SSA-MTE	hyp1	News	NaN	24.7047
794	795	en	hau	challenge_SSA-MTE	hyp1	News	NaN	19.0492
795	796	en	hau	challenge_SSA-MTE	hyp1	News	NaN	26.0210
796	797	en	hau	challenge_SSA-MTE	hyp1	News	NaN	23.1289
797	798	en	hau	challenge_SSA-MTE	hyp1	News	NaN	32.1373
798	799	en	hau	challenge_SSA-MTE	hyp1	News	NaN	9.7983
799	800	en	hau	challenge_SSA-MTE	hyp1	News	NaN	21.7119
800	801	en	hau	challenge_SSA-MTE	hyp1	News	NaN	19.5648
801	802	en	hau	challenge_SSA-MTE	hyp1	News	NaN	7.6963
802	803	en	hau	challenge_SSA-MTE	hyp1	News	NaN	21.2817
803	804	en	hau	challenge_SSA-MTE	hyp1	News	NaN	7.4330
804	805	en	hau	challenge_SSA-MTE	hyp1	News	NaN	7.8320
805	806	en	hau	challenge_SSA-MTE	hyp1	News	NaN	24.5763
806	807	en	hau	challenge_SSA-MTE	hyp1	News	NaN	18.9582
807	808	en	hau	challenge_SSA-MTE	hyp1	News	NaN	11.3187
808	809	en	hau	challenge_SSA-MTE	hyp1	News	NaN	18.8894
809	810	en	hau	challenge_SSA-MTE	hyp1	News	NaN	19.6589
810	811	en	hau	challenge_SSA-MTE	hyp1	News	NaN	12.9244
811	812	en	hau	challenge_SSA-MTE	hyp1	News	NaN	15.3232
812	813	en	hau	challenge_SSA-MTE	hyp1	News	NaN	11.3685
813	814	en	hau	challenge_SSA-MTE	hyp1	News	NaN	9.6320
814	815	en	hau	challenge_SSA-MTE	hyp1	News	NaN	12.2293
815	816	en	hau	challenge_SSA-MTE	hyp1	News	NaN	8.9094
816	817	en	hau	challenge_SSA-MTE	hyp1	News	NaN	19.9712
817	818	en	hau	challenge_SSA-MTE	hyp1	News	NaN	7.4169
818	819	en	hau	challenge_SSA-MTE	hyp1	News	NaN	4.2250
819	820	en	hau	challenge_SSA-MTE	hyp1	News	NaN	11.2978
820	821	en	hau	challenge_SSA-MTE	hyp1	News	NaN	9.8577
821	822	en	hau	challenge_SSA-MTE	hyp1	News	NaN	11.2978
822	823	en	hau	challenge_SSA-MTE	hyp1	News	NaN	17.6828
823	824	en	hau	challenge_SSA-MTE	hyp1	News	NaN	27.6794
824	825	en	hau	challenge_SSA-MTE	hyp1	News	NaN	47.8894
825	826	en	hau	challenge_SSA-MTE	hyp1	News	NaN	53.1342
826	827	en	hau	challenge_SSA-MTE	hyp1	News	NaN	22.5410
827	828	en	hau	challenge_SSA-MTE	hyp1	News	NaN	15.8118
828	829	en	hau	challenge_SSA-MTE	hyp1	News	NaN	27.8075
829	830	en	hau	challenge_SSA-MTE	hyp1	News	NaN	42.8739
830	831	en	hau	challenge_SSA-MTE	hyp1	News	NaN	20.1247
831	832	en	hau	challenge_SSA-MTE	hyp1	News	NaN	12.7874
832	833	en	hau	challenge_SSA-MTE	hyp1	News	NaN	43.4807
833	834	en	hau	challenge_SSA-MTE	hyp1	News	NaN	13.3014
834	835	en	hau	challenge_SSA-MTE	hyp1	News	NaN	14.1540
835	836	en	hau	challenge_SSA-MTE	hyp1	News	NaN	33.1769
836	837	en	hau	challenge_SSA-MTE	hyp1	News	NaN	32.1053
837	838	en	hau	challenge_SSA-MTE	hyp1	News	NaN	38.4285
838	839	en	hau	challenge_SSA-MTE	hyp1	News	NaN	23.1540
839	840	en	hau	challenge_SSA-MTE	hyp1	News	NaN	21.5901
840	841	en	hau	challenge_SSA-MTE	hyp1	News	NaN	23.5110
841	842	en	hau	challenge_SSA-MTE	hyp1	News	NaN	32.6688
842	843	en	hau	challenge_SSA-MTE	hyp1	News	NaN	24.4587
843	844	en	hau	challenge_SSA-MTE	hyp1	News	NaN	19.8652
844	845	en	hau	challenge_SSA-MTE	hyp1	News	NaN	20.5136
845	846	en	hau	challenge_SSA-MTE	hyp1	News	NaN	20.5136
846	847	en	hau	challenge_SSA-MTE	hyp1	News	NaN	17.6007
847	848	en	hau	challenge_SSA-MTE	hyp1	News	NaN	53.6231
848	849	en	hau	challenge_SSA-MTE	hyp1	News	NaN	53.7899
849	850	en	hau	challenge_SSA-MTE	hyp1	News	NaN	44.3700
850	851	en	hau	challenge_SSA-MTE	hyp1	News	NaN	44.3700
851	852	en	hau	challenge_SSA-MTE	hyp1	News	NaN	46.1675
852	853	en	hau	challenge_SSA-MTE	hyp1	News	NaN	30.3330
853	854	en	hau	challenge_SSA-MTE	hyp1	News	NaN	69.0076
854	855	en	hau	challenge_SSA-MTE	hyp1	News	NaN	69.9256
855	856	en	hau	challenge_SSA-MTE	hyp1	News	NaN	22.2776
856	857	en	hau	challenge_SSA-MTE	hyp1	News	NaN	58.3165
857	858	en	hau	challenge_SSA-MTE	hyp1	News	NaN	58.3049
858	859	en	hau	challenge_SSA-MTE	hyp1	News	NaN	26.2590
859	860	en	hau	challenge_SSA-MTE	hyp1	News	NaN	36.1611
860	861	en	hau	challenge_SSA-MTE	hyp1	News	NaN	35.1966
861	862	en	hau	challenge_SSA-MTE	hyp1	News	NaN	39.6312
862	863	en	hau	challenge_SSA-MTE	hyp1	News	NaN	48.2719
863	864	en	hau	challenge_SSA-MTE	hyp1	News	NaN	45.5964
864	865	en	hau	challenge_SSA-MTE	hyp1	News	NaN	37.3275
865	866	en	hau	challenge_SSA-MTE	hyp1	News	NaN	9.9120
866	867	en	hau	challenge_SSA-MTE	hyp1	News	NaN	24.5010
867	868	en	hau	challenge_SSA-MTE	hyp1	News	NaN	25.5726
868	869	en	hau	challenge_SSA-MTE	hyp1	News	NaN	17.9401
869	870	en	hau	challenge_SSA-MTE	hyp1	News	NaN	25.7723
870	871	en	hau	challenge_SSA-MTE	hyp1	News	NaN	27.8022
871	872	en	hau	challenge_SSA-MTE	hyp1	News	NaN	10.9497
872	873	en	hau	challenge_SSA-MTE	hyp1	News	NaN	8.2067
873	874	en	hau	challenge_SSA-MTE	hyp1	News	NaN	4.6745
874	875	en	hau	challenge_SSA-MTE	hyp1	News	NaN	5.4240
875	876	en	hau	challenge_SSA-MTE	hyp1	News	NaN	7.4431
876	877	en	hau	challenge_SSA-MTE	hyp1	News	NaN	4.6745
877	878	en	hau	challenge_SSA-MTE	hyp1	News	NaN	6.1954
878	879	en	hau	challenge_SSA-MTE	hyp1	News	NaN	21.6559
879	880	en	hau	challenge_SSA-MTE	hyp1	News	NaN	3.8286
880	881	en	hau	challenge_SSA-MTE	hyp1	News	NaN	7.1353
881	882	en	hau	challenge_SSA-MTE	hyp1	News	NaN	5.7250
882	883	en	hau	challenge_SSA-MTE	hyp1	News	NaN	5.7808
883	884	en	hau	challenge_SSA-MTE	hyp1	News	NaN	37.2033
884	885	en	hau	challenge_SSA-MTE	hyp1	News	NaN	47.5346
885	886	en	hau	challenge_SSA-MTE	hyp1	News	NaN	37.6588
886	887	en	hau	challenge_SSA-MTE	hyp1	News	NaN	46.4257
887	888	en	hau	challenge_SSA-MTE	hyp1	News	NaN	37.7224
888	889	en	hau	challenge_SSA-MTE	hyp1	News	NaN	39.1327
889	890	en	hau	challenge_SSA-MTE	hyp1	News	NaN	16.5445
890	891	en	hau	challenge_SSA-MTE	hyp1	News	NaN	15.1992
891	892	en	hau	challenge_SSA-MTE	hyp1	News	NaN	12.1299
892	893	en	hau	challenge_SSA-MTE	hyp1	News	NaN	27.1773
893	894	en	hau	challenge_SSA-MTE	hyp1	News	NaN	17.7599
894	895	en	hau	challenge_SSA-MTE	hyp1	News	NaN	22.4639
895	896	en	hau	challenge_SSA-MTE	hyp1	News	NaN	44.5393
896	897	en	hau	challenge_SSA-MTE	hyp1	News	NaN	33.7424
897	898	en	hau	challenge_SSA-MTE	hyp1	News	NaN	28.0892
898	899	en	hau	challenge_SSA-MTE	hyp1	News	NaN	38.8498
899	900	en	hau	challenge_SSA-MTE	hyp1	News	NaN	23.0207
900	901	en	hau	challenge_SSA-MTE	hyp1	News	NaN	12.4796
901	902	en	hau	challenge_SSA-MTE	hyp1	News	NaN	11.4728
902	903	en	hau	challenge_SSA-MTE	hyp1	News	NaN	11.4260
903	904	en	hau	challenge_SSA-MTE	hyp1	News	NaN	10.9242
904	905	en	hau	challenge_SSA-MTE	hyp1	News	NaN	15.8801
905	906	en	hau	challenge_SSA-MTE	hyp1	News	NaN	54.6546
906	907	en	hau	challenge_SSA-MTE	hyp1	News	NaN	58.4543
907	908	en	hau	challenge_SSA-MTE	hyp1	News	NaN	35.4082
908	909	en	hau	challenge_SSA-MTE	hyp1	News	NaN	52.7102
909	910	en	hau	challenge_SSA-MTE	hyp1	News	NaN	43.1216
910	911	en	hau	challenge_SSA-MTE	hyp1	News	NaN	35.8959
911	912	en	hau	challenge_SSA-MTE	hyp1	News	NaN	35.1848
912	913	en	hau	challenge_SSA-MTE	hyp1	News	NaN	16.0730
913	914	en	hau	challenge_SSA-MTE	hyp1	News	NaN	23.5991
914	915	en	hau	challenge_SSA-MTE	hyp1	News	NaN	25.5398
915	916	en	hau	challenge_SSA-MTE	hyp1	News	NaN	21.0980
916	917	en	hau	challenge_SSA-MTE	hyp1	News	NaN	57.4986
917	918	en	hau	challenge_SSA-MTE	hyp1	News	NaN	58.6670
918	919	en	hau	challenge_SSA-MTE	hyp1	News	NaN	11.2893
919	920	en	hau	challenge_SSA-MTE	hyp1	News	NaN	1.0777
920	921	en	hau	challenge_SSA-MTE	hyp1	News	NaN	38.9332
921	922	en	hau	challenge_SSA-MTE	hyp1	News	NaN	36.9361
922	923	en	hau	challenge_SSA-MTE	hyp1	News	NaN	26.9236
923	924	en	hau	challenge_SSA-MTE	hyp1	News	NaN	59.1052
924	925	en	hau	challenge_SSA-MTE	hyp1	News	NaN	31.4192
925	926	en	hau	challenge_SSA-MTE	hyp1	News	NaN	35.8427
926	927	en	hau	challenge_SSA-MTE	hyp1	News	NaN	24.0061
927	928	en	hau	challenge_SSA-MTE	hyp1	News	NaN	29.2246
928	929	en	hau	challenge_SSA-MTE	hyp1	News	NaN	12.3994
929	930	en	hau	challenge_SSA-MTE	hyp1	News	NaN	8.2510
930	931	en	hau	challenge_SSA-MTE	hyp1	News	NaN	16.7045
931	932	en	hau	challenge_SSA-MTE	hyp1	News	NaN	33.1751
932	933	en	hau	challenge_SSA-MTE	hyp1	News	NaN	40.4927
933	934	en	hau	challenge_SSA-MTE	hyp1	News	NaN	36.1917
934	935	en	hau	challenge_SSA-MTE	hyp1	News	NaN	36.5962
935	936	en	hau	challenge_SSA-MTE	hyp1	News	NaN	36.1917
936	937	en	hau	challenge_SSA-MTE	hyp1	News	NaN	16.6558
937	938	en	hau	challenge_SSA-MTE	hyp1	News	NaN	22.6404
938	939	en	hau	challenge_SSA-MTE	hyp1	News	NaN	17.8094
939	940	en	hau	challenge_SSA-MTE	hyp1	News	NaN	17.5927
940	941	en	hau	challenge_SSA-MTE	hyp1	News	NaN	23.1504
941	942	en	hau	challenge_SSA-MTE	hyp1	News	NaN	23.5269
942	943	en	hau	challenge_SSA-MTE	hyp1	News	NaN	14.6929
943	944	en	hau	challenge_SSA-MTE	hyp1	News	NaN	38.3851
944	945	en	hau	challenge_SSA-MTE	hyp1	News	NaN	45.2945
945	946	en	hau	challenge_SSA-MTE	hyp1	News	NaN	11.1045
946	947	en	hau	challenge_SSA-MTE	hyp1	News	NaN	36.3760
947	948	en	hau	challenge_SSA-MTE	hyp1	News	NaN	19.6402
948	949	en	hau	challenge_SSA-MTE	hyp1	News	NaN	36.7069
949	950	en	hau	challenge_SSA-MTE	hyp1	News	NaN	13.3673
950	951	en	hau	challenge_SSA-MTE	hyp1	News	NaN	14.9705
951	952	en	hau	challenge_SSA-MTE	hyp1	News	NaN	25.7487
952	953	en	hau	challenge_SSA-MTE	hyp1	News	NaN	19.2658
953	954	en	hau	challenge_SSA-MTE	hyp1	News	NaN	8.8782
954	955	en	hau	challenge_SSA-MTE	hyp1	News	NaN	14.9428
955	956	en	hau	challenge_SSA-MTE	hyp1	News	NaN	9.1867
956	957	en	hau	challenge_SSA-MTE	hyp1	News	NaN	23.7053
957	958	en	hau	challenge_SSA-MTE	hyp1	News	NaN	15.0484
958	959	en	hau	challenge_SSA-MTE	hyp1	News	NaN	8.7749
959	960	en	hau	challenge_SSA-MTE	hyp1	News	NaN	13.2920
960	961	en	hau	challenge_SSA-MTE	hyp1	News	NaN	8.5311
961	962	en	hau	challenge_SSA-MTE	hyp1	News	NaN	22.3594
962	963	en	hau	challenge_SSA-MTE	hyp1	News	NaN	31.8236
963	964	en	hau	challenge_SSA-MTE	hyp1	News	NaN	39.2076
964	965	en	hau	challenge_SSA-MTE	hyp1	News	NaN	29.8125
965	966	en	hau	challenge_SSA-MTE	hyp1	News	NaN	33.8714
966	967	en	hau	challenge_SSA-MTE	hyp1	News	NaN	38.0970
967	968	en	hau	challenge_SSA-MTE	hyp1	News	NaN	12.5049
968	969	en	hau	challenge_SSA-MTE	hyp1	News	NaN	13.5848
969	970	en	hau	challenge_SSA-MTE	hyp1	News	NaN	14.3922
970	971	en	hau	challenge_SSA-MTE	hyp1	News	NaN	14.9576
971	972	en	hau	challenge_SSA-MTE	hyp1	News	NaN	5.3222
972	973	en	hau	challenge_SSA-MTE	hyp1	News	NaN	8.6922
973	974	en	hau	challenge_SSA-MTE	hyp1	News	NaN	65.4350
974	975	en	hau	challenge_SSA-MTE	hyp1	News	NaN	37.5058
975	976	en	hau	challenge_SSA-MTE	hyp1	News	NaN	39.1988
976	977	en	hau	challenge_SSA-MTE	hyp1	News	NaN	50.7434
977	978	en	hau	challenge_SSA-MTE	hyp1	News	NaN	49.7295
978	979	en	hau	challenge_SSA-MTE	hyp1	News	NaN	35.4240
979	980	en	hau	challenge_SSA-MTE	hyp1	News	NaN	33.7343
980	981	en	hau	challenge_SSA-MTE	hyp1	News	NaN	35.0273
981	982	en	hau	challenge_SSA-MTE	hyp1	News	NaN	26.1089
982	983	en	hau	challenge_SSA-MTE	hyp1	News	NaN	27.9836
983	984	en	hau	challenge_SSA-MTE	hyp1	News	NaN	22.6838
984	985	en	hau	challenge_SSA-MTE	hyp1	News	NaN	38.5158
985	986	en	hau	challenge_SSA-MTE	hyp1	News	NaN	27.7612
986	987	en	hau	challenge_SSA-MTE	hyp1	News	NaN	25.8221
987	988	en	hau	challenge_SSA-MTE	hyp1	News	NaN	37.9071
988	989	en	hau	challenge_SSA-MTE	hyp1	News	NaN	35.9381
989	990	en	hau	challenge_SSA-MTE	hyp1	News	NaN	34.4652
990	991	en	hau	challenge_SSA-MTE	hyp1	News	NaN	44.8298
991	992	en	hau	challenge_SSA-MTE	hyp1	News	NaN	58.3201
992	993	en	hau	challenge_SSA-MTE	hyp1	News	NaN	43.6647
993	994	en	hau	challenge_SSA-MTE	hyp1	News	NaN	19.7630
994	995	en	hau	challenge_SSA-MTE	hyp1	News	NaN	29.9590
995	996	en	hau	challenge_SSA-MTE	hyp1	News	NaN	20.9481
996	997	en	hau	challenge_SSA-MTE	hyp1	News	NaN	39.4162
997	998	en	hau	challenge_SSA-MTE	hyp1	News	NaN	38.7489
998	999	en	hau	challenge_SSA-MTE	hyp1	News	NaN	30.3002
999	1000	en	hau	challenge_SSA-MTE	hyp1	News	NaN	33.9567
1000	1001	en	hau	challenge_SSA-MTE	hyp1	News	NaN	22.0041
1001	1002	en	hau	challenge_SSA-MTE	hyp1	News	NaN	33.9497
1002	1003	en	hau	challenge_SSA-MTE	hyp1	News	NaN	35.3489
1003	1004	en	hau	challenge_SSA-MTE	hyp1	News	NaN	31.0599
1004	1005	en	hau	challenge_SSA-MTE	hyp1	News	NaN	13.3305
1005	1006	en	hau	challenge_SSA-MTE	hyp1	News	NaN	29.6989
1006	1007	en	hau	challenge_SSA-MTE	hyp1	News	NaN	27.1712
1007	1008	en	hau	challenge_SSA-MTE	hyp1	News	NaN	19.6243
1008	1009	en	hau	challenge_SSA-MTE	hyp1	News	NaN	13.0048
1009	1010	en	hau	challenge_SSA-MTE	hyp1	News	NaN	27.7530
1010	1011	en	hau	challenge_SSA-MTE	hyp1	News	NaN	12.2603
1011	1012	en	hau	challenge_SSA-MTE	hyp1	News	NaN	25.1307
1012	1013	en	hau	challenge_SSA-MTE	hyp1	News	NaN	54.6268
1013	1014	en	hau	challenge_SSA-MTE	hyp1	News	NaN	33.4452
1014	1015	en	hau	challenge_SSA-MTE	hyp1	News	NaN	28.8176
1015	1016	en	hau	challenge_SSA-MTE	hyp1	News	NaN	38.7810
1016	1017	en	hau	challenge_SSA-MTE	hyp1	News	NaN	28.5812
1017	1018	en	hau	challenge_SSA-MTE	hyp1	News	NaN	3.4730
1018	1019	en	hau	challenge_SSA-MTE	hyp1	News	NaN	23.6451
1019	1020	en	hau	challenge_SSA-MTE	hyp1	News	NaN	20.8824
1020	1021	en	hau	challenge_SSA-MTE	hyp1	News	NaN	21.9594
1021	1022	en	hau	challenge_SSA-MTE	hyp1	News	NaN	17.9546
1022	1023	en	hau	challenge_SSA-MTE	hyp1	News	NaN	6.7660
1023	1024	en	hau	challenge_SSA-MTE	hyp1	News	NaN	5.0464
1024	1025	en	hau	challenge_SSA-MTE	hyp1	News	NaN	10.5803
1025	1026	en	hau	challenge_SSA-MTE	hyp1	News	NaN	6.4718
1026	1027	en	hau	challenge_SSA-MTE	hyp1	News	NaN	13.3305
1027	1028	en	hau	challenge_SSA-MTE	hyp1	News	NaN	22.1213
1028	1029	en	hau	challenge_SSA-MTE	hyp1	News	NaN	16.6621
1029	1030	en	hau	challenge_SSA-MTE	hyp1	News	NaN	51.8102
1030	1031	en	hau	challenge_SSA-MTE	hyp1	News	NaN	60.9001
1031	1032	en	hau	challenge_SSA-MTE	hyp1	News	NaN	63.9034
1032	1033	en	hau	challenge_SSA-MTE	hyp1	News	NaN	54.4904
1033	1034	en	hau	challenge_SSA-MTE	hyp1	News	NaN	53.4140
1034	1035	en	hau	challenge_SSA-MTE	hyp1	News	NaN	51.2502
1035	1036	en	hau	challenge_SSA-MTE	hyp1	News	NaN	16.8955
1036	1037	en	hau	challenge_SSA-MTE	hyp1	News	NaN	27.3121
1037	1038	en	hau	challenge_SSA-MTE	hyp1	News	NaN	15.2069
1038	1039	en	hau	challenge_SSA-MTE	hyp1	News	NaN	12.7993
1039	1040	en	hau	challenge_SSA-MTE	hyp1	News	NaN	10.7953
1040	1041	en	hau	challenge_SSA-MTE	hyp1	News	NaN	6.0669
1041	1042	en	hau	challenge_SSA-MTE	hyp1	News	NaN	17.1536
1042	1043	en	hau	challenge_SSA-MTE	hyp1	News	NaN	19.1970
1043	1044	en	hau	challenge_SSA-MTE	hyp1	News	NaN	20.2335
1044	1045	en	hau	challenge_SSA-MTE	hyp1	News	NaN	18.7239
1045	1046	en	hau	challenge_SSA-MTE	hyp1	News	NaN	27.8992
1046	1047	en	hau	challenge_SSA-MTE	hyp1	News	NaN	15.2255
1047	1048	en	hau	challenge_SSA-MTE	hyp1	News	NaN	9.3158
1048	1049	en	hau	challenge_SSA-MTE	hyp1	News	NaN	18.5595
1049	1050	en	hau	challenge_SSA-MTE	hyp1	News	NaN	14.4795
1050	1051	en	hau	challenge_SSA-MTE	hyp1	News	NaN	14.7722
1051	1052	en	hau	challenge_SSA-MTE	hyp1	News	NaN	22.1179
1052	1053	en	hau	challenge_SSA-MTE	hyp1	News	NaN	4.4154
1053	1054	en	hau	challenge_SSA-MTE	hyp1	News	NaN	14.3758
1054	1055	en	hau	challenge_SSA-MTE	hyp1	News	NaN	4.9518
1055	1056	en	hau	challenge_SSA-MTE	hyp1	News	NaN	15.4286
1056	1057	en	hau	challenge_SSA-MTE	hyp1	News	NaN	11.8091
1057	1058	en	hau	challenge_SSA-MTE	hyp1	News	NaN	17.4957
1058	1059	en	hau	challenge_SSA-MTE	hyp1	News	NaN	6.7912
1059	1060	en	hau	challenge_SSA-MTE	hyp1	News	NaN	25.9228
1060	1061	en	hau	challenge_SSA-MTE	hyp1	News	NaN	23.5115
1061	1062	en	hau	challenge_SSA-MTE	hyp1	News	NaN	11.4221
1062	1063	en	hau	challenge_SSA-MTE	hyp1	News	NaN	11.2114
1063	1064	en	hau	challenge_SSA-MTE	hyp1	News	NaN	22.9003
1064	1065	en	hau	challenge_SSA-MTE	hyp1	News	NaN	27.8460
1065	1066	en	hau	challenge_SSA-MTE	hyp1	News	NaN	15.0512
1066	1067	en	hau	challenge_SSA-MTE	hyp1	News	NaN	43.0227
1067	1068	en	hau	challenge_SSA-MTE	hyp1	News	NaN	13.8369
1068	1069	en	hau	challenge_SSA-MTE	hyp1	News	NaN	15.0001
1069	1070	en	hau	challenge_SSA-MTE	hyp1	News	NaN	12.3190
1070	1071	en	hau	challenge_SSA-MTE	hyp1	News	NaN	17.2763
1071	1072	en	hau	challenge_SSA-MTE	hyp1	News	NaN	40.6042
1072	1073	en	hau	challenge_SSA-MTE	hyp1	News	NaN	38.8003
1073	1074	en	hau	challenge_SSA-MTE	hyp1	News	NaN	12.2433
1074	1075	en	hau	challenge_SSA-MTE	hyp1	News	NaN	30.6205
1075	1076	en	hau	challenge_SSA-MTE	hyp1	News	NaN	25.9832
1076	1077	en	hau	challenge_SSA-MTE	hyp1	News	NaN	27.9697
1077	1078	en	hau	challenge_SSA-MTE	hyp1	News	NaN	61.8996
1078	1079	en	hau	challenge_SSA-MTE	hyp1	News	NaN	51.1566
1079	1080	en	hau	challenge_SSA-MTE	hyp1	News	NaN	14.7056
1080	1081	en	hau	challenge_SSA-MTE	hyp1	News	NaN	13.2901
1081	1082	en	hau	challenge_SSA-MTE	hyp1	News	NaN	54.6485
1082	1083	en	hau	challenge_SSA-MTE	hyp1	News	NaN	42.3172
1083	1084	en	hau	challenge_SSA-MTE	hyp1	News	NaN	53.1916
1084	1085	en	hau	challenge_SSA-MTE	hyp1	News	NaN	49.1192
1085	1086	en	hau	challenge_SSA-MTE	hyp1	News	NaN	38.9038
1086	1087	en	hau	challenge_SSA-MTE	hyp1	News	NaN	49.4394
1087	1088	en	hau	challenge_SSA-MTE	hyp1	News	NaN	37.5797
1088	1089	en	hau	challenge_SSA-MTE	hyp1	News	NaN	36.3956
1089	1090	en	hau	challenge_SSA-MTE	hyp1	News	NaN	18.3672
1090	1091	en	hau	challenge_SSA-MTE	hyp1	News	NaN	47.9676
1091	1092	en	hau	challenge_SSA-MTE	hyp1	News	NaN	58.3337
1092	1093	en	hau	challenge_SSA-MTE	hyp1	News	NaN	48.1289
1093	1094	en	hau	challenge_SSA-MTE	hyp1	News	NaN	23.3347
1094	1095	en	hau	challenge_SSA-MTE	hyp1	News	NaN	35.5893
1095	1096	en	hau	challenge_SSA-MTE	hyp1	News	NaN	38.2739
1096	1097	en	hau	challenge_SSA-MTE	hyp1	News	NaN	31.0907
1097	1098	en	hau	challenge_SSA-MTE	hyp1	News	NaN	32.4069
1098	1099	en	hau	challenge_SSA-MTE	hyp1	News	NaN	8.1704
1099	1100	en	hau	challenge_SSA-MTE	hyp1	News	NaN	7.2888
1100	1101	en	hau	challenge_SSA-MTE	hyp1	News	NaN	0.6288
1101	1102	en	hau	challenge_SSA-MTE	hyp1	News	NaN	39.1965
1102	1103	en	hau	challenge_SSA-MTE	hyp1	News	NaN	37.2034
1103	1104	en	hau	challenge_SSA-MTE	hyp1	News	NaN	30.6261
1104	1105	en	hau	challenge_SSA-MTE	hyp1	News	NaN	20.6910
1105	1106	en	hau	challenge_SSA-MTE	hyp1	News	NaN	17.3391
1106	1107	en	hau	challenge_SSA-MTE	hyp1	News	NaN	14.8554
1107	1108	en	hau	challenge_SSA-MTE	hyp1	News	NaN	22.5338
1108	1109	en	hau	challenge_SSA-MTE	hyp1	News	NaN	35.8824
1109	1110	en	hau	challenge_SSA-MTE	hyp1	News	NaN	38.2194
1110	1111	en	hau	challenge_SSA-MTE	hyp1	News	NaN	16.8171
1111	1112	en	hau	challenge_SSA-MTE	hyp1	News	NaN	33.5261
1112	1113	en	hau	challenge_SSA-MTE	hyp1	News	NaN	30.2258
1113	1114	en	hau	challenge_SSA-MTE	hyp1	News	NaN	26.5796
1114	1115	en	hau	challenge_SSA-MTE	hyp1	News	NaN	47.3002
1115	1116	en	hau	challenge_SSA-MTE	hyp1	News	NaN	47.3002
1116	1117	en	hau	challenge_SSA-MTE	hyp1	News	NaN	41.2168
1117	1118	en	hau	challenge_SSA-MTE	hyp1	News	NaN	60.0263
1118	1119	en	hau	challenge_SSA-MTE	hyp1	News	NaN	68.0208
1119	1120	en	hau	challenge_SSA-MTE	hyp1	News	NaN	44.1718
1120	1121	en	hau	challenge_SSA-MTE	hyp1	News	NaN	24.2254
1121	1122	en	hau	challenge_SSA-MTE	hyp1	News	NaN	21.8852
1122	1123	en	hau	challenge_SSA-MTE	hyp1	News	NaN	13.6903
1123	1124	en	hau	challenge_SSA-MTE	hyp1	News	NaN	13.0160
1124	1125	en	hau	challenge_SSA-MTE	hyp1	News	NaN	17.4047
1125	1126	en	hau	challenge_SSA-MTE	hyp1	News	NaN	13.3482
1126	1127	en	hau	challenge_SSA-MTE	hyp1	News	NaN	24.1724
1127	1128	en	hau	challenge_SSA-MTE	hyp1	News	NaN	19.7707
1128	1129	en	hau	challenge_SSA-MTE	hyp1	News	NaN	9.6727
1129	1130	en	hau	challenge_SSA-MTE	hyp1	News	NaN	5.1732
1130	1131	en	hau	challenge_SSA-MTE	hyp1	News	NaN	23.3652
1131	1132	en	hau	challenge_SSA-MTE	hyp1	News	NaN	13.3487
1132	1133	en	hau	challenge_SSA-MTE	hyp1	News	NaN	67.1052
1133	1134	en	hau	challenge_SSA-MTE	hyp1	News	NaN	55.6138
1134	1135	en	hau	challenge_SSA-MTE	hyp1	News	NaN	49.2487
1135	1136	en	hau	challenge_SSA-MTE	hyp1	News	NaN	50.7848
1136	1137	en	hau	challenge_SSA-MTE	hyp1	News	NaN	24.0618
1137	1138	en	hau	challenge_SSA-MTE	hyp1	News	NaN	15.4240
1138	1139	en	hau	challenge_SSA-MTE	hyp1	News	NaN	24.7592
1139	1140	en	hau	challenge_SSA-MTE	hyp1	News	NaN	16.1561
1140	1141	en	hau	challenge_SSA-MTE	hyp1	News	NaN	17.9502
1141	1142	en	hau	challenge_SSA-MTE	hyp1	News	NaN	8.3613
1142	1143	en	hau	challenge_SSA-MTE	hyp1	News	NaN	18.8424
1143	1144	en	hau	challenge_SSA-MTE	hyp1	News	NaN	34.0685
1144	1145	en	hau	challenge_SSA-MTE	hyp1	News	NaN	18.8969
1145	1146	en	hau	challenge_SSA-MTE	hyp1	News	NaN	27.1295
1146	1147	en	hau	challenge_SSA-MTE	hyp1	News	NaN	17.6490
1147	1148	en	hau	challenge_SSA-MTE	hyp1	News	NaN	4.1816
1148	1149	en	hau	challenge_SSA-MTE	hyp1	News	NaN	11.0356
1149	1150	en	hau	challenge_SSA-MTE	hyp1	News	NaN	30.6777
1150	1151	en	hau	challenge_SSA-MTE	hyp1	News	NaN	22.3489
1151	1152	en	hau	challenge_SSA-MTE	hyp1	News	NaN	38.2749
1152	1153	en	hau	challenge_SSA-MTE	hyp1	News	NaN	27.8761
1153	1154	en	hau	challenge_SSA-MTE	hyp1	News	NaN	26.5912
1154	1155	en	hau	challenge_SSA-MTE	hyp1	News	NaN	29.7825
1155	1156	en	hau	challenge_SSA-MTE	hyp1	News	NaN	29.7872
1156	1157	en	hau	challenge_SSA-MTE	hyp1	News	NaN	27.8917
1157	1158	en	hau	challenge_SSA-MTE	hyp1	News	NaN	16.7333
1158	1159	en	hau	challenge_SSA-MTE	hyp1	News	NaN	18.2160
1159	1160	en	hau	challenge_SSA-MTE	hyp1	News	NaN	16.5086
1160	1161	en	hau	challenge_SSA-MTE	hyp1	News	NaN	29.8595
1161	1162	en	hau	challenge_SSA-MTE	hyp1	News	NaN	13.4371
1162	1163	en	hau	challenge_SSA-MTE	hyp1	News	NaN	23.4212
1163	1164	en	hau	challenge_SSA-MTE	hyp1	News	NaN	22.1255
1164	1165	en	hau	challenge_SSA-MTE	hyp1	News	NaN	13.1030
1165	1166	en	hau	challenge_SSA-MTE	hyp1	News	NaN	16.5906
1166	1167	en	hau	challenge_SSA-MTE	hyp1	News	NaN	49.3049
1167	1168	en	hau	challenge_SSA-MTE	hyp1	News	NaN	42.8921
1168	1169	en	hau	challenge_SSA-MTE	hyp1	News	NaN	17.1536
1169	1170	en	hau	challenge_SSA-MTE	hyp1	News	NaN	16.7786
1170	1171	en	hau	challenge_SSA-MTE	hyp1	News	NaN	6.9521
1171	1172	en	hau	challenge_SSA-MTE	hyp1	News	NaN	18.6863
1172	1173	en	hau	challenge_SSA-MTE	hyp1	News	NaN	29.0439
1173	1174	en	hau	challenge_SSA-MTE	hyp1	News	NaN	5.2262
1174	1175	en	hau	challenge_SSA-MTE	hyp1	News	NaN	34.3732
1175	1176	en	hau	challenge_SSA-MTE	hyp1	News	NaN	61.6239
1176	1177	en	hau	challenge_SSA-MTE	hyp1	News	NaN	19.6930
1177	1178	en	hau	challenge_SSA-MTE	hyp1	News	NaN	27.8807
1178	1179	en	hau	challenge_SSA-MTE	hyp1	News	NaN	37.7608
1179	1180	en	hau	challenge_SSA-MTE	hyp1	News	NaN	64.4428
1180	1181	en	hau	challenge_SSA-MTE	hyp1	News	NaN	64.8561
1181	1182	en	hau	challenge_SSA-MTE	hyp1	News	NaN	22.5349
1182	1183	en	hau	challenge_SSA-MTE	hyp1	News	NaN	22.8942
1183	1184	en	hau	challenge_SSA-MTE	hyp1	News	NaN	30.4056
1184	1185	en	hau	challenge_SSA-MTE	hyp1	News	NaN	18.1690
1185	1186	en	hau	challenge_SSA-MTE	hyp1	News	NaN	45.0293
1186	1187	en	hau	challenge_SSA-MTE	hyp1	News	NaN	48.7234
1187	1188	en	hau	challenge_SSA-MTE	hyp1	News	NaN	35.5343
1188	1189	en	hau	challenge_SSA-MTE	hyp1	News	NaN	15.7448
1189	1190	en	hau	challenge_SSA-MTE	hyp1	News	NaN	21.6611
1190	1191	en	hau	challenge_SSA-MTE	hyp1	News	NaN	68.9218
1191	1192	en	hau	challenge_SSA-MTE	hyp1	News	NaN	75.7210
0	1	en	kik	challenge_SSA-MTE	hyp1	News	NaN	3.4355
1	2	en	kik	challenge_SSA-MTE	hyp1	News	NaN	4.0626
2	3	en	kik	challenge_SSA-MTE	hyp1	News	NaN	2.7197
3	4	en	kik	challenge_SSA-MTE	hyp1	News	NaN	8.0545
4	5	en	kik	challenge_SSA-MTE	hyp1	News	NaN	3.3495
5	6	en	kik	challenge_SSA-MTE	hyp1	News	NaN	7.9665
6	7	en	kik	challenge_SSA-MTE	hyp1	News	NaN	8.1252
7	8	en	kik	challenge_SSA-MTE	hyp1	News	NaN	7.5613
8	9	en	kik	challenge_SSA-MTE	hyp1	News	NaN	6.6090
9	10	en	kik	challenge_SSA-MTE	hyp1	News	NaN	4.5214
10	11	en	kik	challenge_SSA-MTE	hyp1	News	NaN	5.5224
11	12	en	kik	challenge_SSA-MTE	hyp1	News	NaN	5.5224
12	13	en	kik	challenge_SSA-MTE	hyp1	News	NaN	6.8372
13	14	en	kik	challenge_SSA-MTE	hyp1	News	NaN	5.9342
14	15	en	kik	challenge_SSA-MTE	hyp1	News	NaN	13.5404
15	16	en	kik	challenge_SSA-MTE	hyp1	News	NaN	9.9801
16	17	en	kik	challenge_SSA-MTE	hyp1	News	NaN	11.5912
17	18	en	kik	challenge_SSA-MTE	hyp1	News	NaN	6.4139
18	19	en	kik	challenge_SSA-MTE	hyp1	News	NaN	14.4488
19	20	en	kik	challenge_SSA-MTE	hyp1	News	NaN	7.4956
20	21	en	kik	challenge_SSA-MTE	hyp1	News	NaN	2.9860
21	22	en	kik	challenge_SSA-MTE	hyp1	News	NaN	13.6648
22	23	en	kik	challenge_SSA-MTE	hyp1	News	NaN	6.8710
23	24	en	kik	challenge_SSA-MTE	hyp1	News	NaN	8.5166
24	25	en	kik	challenge_SSA-MTE	hyp1	News	NaN	0.2151
25	26	en	kik	challenge_SSA-MTE	hyp1	News	NaN	16.7845
26	27	en	kik	challenge_SSA-MTE	hyp1	News	NaN	4.9900
27	28	en	kik	challenge_SSA-MTE	hyp1	News	NaN	9.8647
28	29	en	kik	challenge_SSA-MTE	hyp1	News	NaN	3.4586
29	30	en	kik	challenge_SSA-MTE	hyp1	News	NaN	3.3772
30	31	en	kik	challenge_SSA-MTE	hyp1	News	NaN	23.9011
31	32	en	kik	challenge_SSA-MTE	hyp1	News	NaN	4.4569
32	33	en	kik	challenge_SSA-MTE	hyp1	News	NaN	9.2875
33	34	en	kik	challenge_SSA-MTE	hyp1	News	NaN	10.7868
34	35	en	kik	challenge_SSA-MTE	hyp1	News	NaN	11.3594
35	36	en	kik	challenge_SSA-MTE	hyp1	News	NaN	14.9911
36	37	en	kik	challenge_SSA-MTE	hyp1	News	NaN	10.7868
37	38	en	kik	challenge_SSA-MTE	hyp1	News	NaN	2.5828
38	39	en	kik	challenge_SSA-MTE	hyp1	News	NaN	4.5672
39	40	en	kik	challenge_SSA-MTE	hyp1	News	NaN	3.1912
40	41	en	kik	challenge_SSA-MTE	hyp1	News	NaN	10.3074
41	42	en	kik	challenge_SSA-MTE	hyp1	News	NaN	4.5980
42	43	en	kik	challenge_SSA-MTE	hyp1	News	NaN	1.7873
43	44	en	kik	challenge_SSA-MTE	hyp1	News	NaN	3.5005
44	45	en	kik	challenge_SSA-MTE	hyp1	News	NaN	5.7323
45	46	en	kik	challenge_SSA-MTE	hyp1	News	NaN	3.8739
46	47	en	kik	challenge_SSA-MTE	hyp1	News	NaN	5.6698
47	48	en	kik	challenge_SSA-MTE	hyp1	News	NaN	4.9900
48	49	en	kik	challenge_SSA-MTE	hyp1	News	NaN	2.4456
49	50	en	kik	challenge_SSA-MTE	hyp1	News	NaN	4.9324
50	51	en	kik	challenge_SSA-MTE	hyp1	News	NaN	8.1392
51	52	en	kik	challenge_SSA-MTE	hyp1	News	NaN	6.6090
52	53	en	kik	challenge_SSA-MTE	hyp1	News	NaN	3.4823
53	54	en	kik	challenge_SSA-MTE	hyp1	News	NaN	25.4770
54	55	en	kik	challenge_SSA-MTE	hyp1	News	NaN	7.4956
55	56	en	kik	challenge_SSA-MTE	hyp1	News	NaN	9.9801
56	57	en	kik	challenge_SSA-MTE	hyp1	News	NaN	9.9801
57	58	en	kik	challenge_SSA-MTE	hyp1	News	NaN	5.6698
58	59	en	kik	challenge_SSA-MTE	hyp1	News	NaN	10.5527
59	60	en	kik	challenge_SSA-MTE	hyp1	News	NaN	6.4139
60	61	en	kik	challenge_SSA-MTE	hyp1	News	NaN	33.9132
61	62	en	kik	challenge_SSA-MTE	hyp1	News	NaN	10.5943
62	63	en	kik	challenge_SSA-MTE	hyp1	News	NaN	12.9532
63	64	en	kik	challenge_SSA-MTE	hyp1	News	NaN	8.2905
64	65	en	kik	challenge_SSA-MTE	hyp1	News	NaN	19.0384
65	66	en	kik	challenge_SSA-MTE	hyp1	News	NaN	29.3362
66	67	en	kik	challenge_SSA-MTE	hyp1	News	NaN	28.4333
67	68	en	kik	challenge_SSA-MTE	hyp1	News	NaN	8.2161
68	69	en	kik	challenge_SSA-MTE	hyp1	News	NaN	28.4849
69	70	en	kik	challenge_SSA-MTE	hyp1	News	NaN	2.3526
70	71	en	kik	challenge_SSA-MTE	hyp1	News	NaN	41.7226
71	72	en	kik	challenge_SSA-MTE	hyp1	News	NaN	46.1737
72	73	en	kik	challenge_SSA-MTE	hyp1	News	NaN	3.6735
73	74	en	kik	challenge_SSA-MTE	hyp1	News	NaN	39.5533
74	75	en	kik	challenge_SSA-MTE	hyp1	News	NaN	41.7226
75	76	en	kik	challenge_SSA-MTE	hyp1	News	NaN	5.6530
76	77	en	kik	challenge_SSA-MTE	hyp1	News	NaN	2.7258
77	78	en	kik	challenge_SSA-MTE	hyp1	News	NaN	3.0098
78	79	en	kik	challenge_SSA-MTE	hyp1	News	NaN	9.4424
79	80	en	kik	challenge_SSA-MTE	hyp1	News	NaN	5.4515
80	81	en	kik	challenge_SSA-MTE	hyp1	News	NaN	8.0545
81	82	en	kik	challenge_SSA-MTE	hyp1	News	NaN	8.0545
82	83	en	kik	challenge_SSA-MTE	hyp1	News	NaN	4.4104
83	84	en	kik	challenge_SSA-MTE	hyp1	News	NaN	47.9878
84	85	en	kik	challenge_SSA-MTE	hyp1	News	NaN	5.1172
85	86	en	kik	challenge_SSA-MTE	hyp1	News	NaN	4.5214
86	87	en	kik	challenge_SSA-MTE	hyp1	News	NaN	2.9083
87	88	en	kik	challenge_SSA-MTE	hyp1	News	NaN	8.5166
88	89	en	kik	challenge_SSA-MTE	hyp1	News	NaN	4.4569
89	90	en	kik	challenge_SSA-MTE	hyp1	News	NaN	3.7165
90	91	en	kik	challenge_SSA-MTE	hyp1	News	NaN	3.2186
91	92	en	kik	challenge_SSA-MTE	hyp1	News	NaN	6.7543
92	93	en	kik	challenge_SSA-MTE	hyp1	News	NaN	10.5711
93	94	en	kik	challenge_SSA-MTE	hyp1	News	NaN	3.4586
94	95	en	kik	challenge_SSA-MTE	hyp1	News	NaN	7.4956
95	96	en	kik	challenge_SSA-MTE	hyp1	News	NaN	4.0272
96	97	en	kik	challenge_SSA-MTE	hyp1	News	NaN	6.2504
97	98	en	kik	challenge_SSA-MTE	hyp1	News	NaN	3.0570
98	99	en	kik	challenge_SSA-MTE	hyp1	News	NaN	2.4782
99	100	en	kik	challenge_SSA-MTE	hyp1	News	NaN	2.5229
100	101	en	kik	challenge_SSA-MTE	hyp1	News	NaN	2.6163
101	102	en	kik	challenge_SSA-MTE	hyp1	News	NaN	2.4589
102	103	en	kik	challenge_SSA-MTE	hyp1	News	NaN	2.3728
103	104	en	kik	challenge_SSA-MTE	hyp1	News	NaN	7.4956
104	105	en	kik	challenge_SSA-MTE	hyp1	News	NaN	7.8076
105	106	en	kik	challenge_SSA-MTE	hyp1	News	NaN	3.8177
106	107	en	kik	challenge_SSA-MTE	hyp1	News	NaN	10.1280
107	108	en	kik	challenge_SSA-MTE	hyp1	News	NaN	5.3002
108	109	en	kik	challenge_SSA-MTE	hyp1	News	NaN	8.6398
109	110	en	kik	challenge_SSA-MTE	hyp1	News	NaN	8.0545
110	111	en	kik	challenge_SSA-MTE	hyp1	News	NaN	3.4162
111	112	en	kik	challenge_SSA-MTE	hyp1	News	NaN	43.3619
112	113	en	kik	challenge_SSA-MTE	hyp1	News	NaN	7.4956
113	114	en	kik	challenge_SSA-MTE	hyp1	News	NaN	3.4586
114	115	en	kik	challenge_SSA-MTE	hyp1	News	NaN	4.9324
115	116	en	kik	challenge_SSA-MTE	hyp1	News	NaN	5.8166
116	117	en	kik	challenge_SSA-MTE	hyp1	News	NaN	27.2259
117	118	en	kik	challenge_SSA-MTE	hyp1	News	NaN	7.3471
118	119	en	kik	challenge_SSA-MTE	hyp1	News	NaN	4.1961
119	120	en	kik	challenge_SSA-MTE	hyp1	News	NaN	5.6930
120	121	en	kik	challenge_SSA-MTE	hyp1	News	NaN	2.4075
121	122	en	kik	challenge_SSA-MTE	hyp1	News	NaN	3.7374
122	123	en	kik	challenge_SSA-MTE	hyp1	News	NaN	5.6698
123	124	en	kik	challenge_SSA-MTE	hyp1	News	NaN	2.5540
124	125	en	kik	challenge_SSA-MTE	hyp1	News	NaN	3.4586
125	126	en	kik	challenge_SSA-MTE	hyp1	News	NaN	2.9965
126	127	en	kik	challenge_SSA-MTE	hyp1	News	NaN	25.3365
127	128	en	kik	challenge_SSA-MTE	hyp1	News	NaN	2.9083
128	129	en	kik	challenge_SSA-MTE	hyp1	News	NaN	20.9600
129	130	en	kik	challenge_SSA-MTE	hyp1	News	NaN	39.8329
130	131	en	kik	challenge_SSA-MTE	hyp1	News	NaN	24.7124
131	132	en	kik	challenge_SSA-MTE	hyp1	News	NaN	49.0538
132	133	en	kik	challenge_SSA-MTE	hyp1	News	NaN	20.9600
133	134	en	kik	challenge_SSA-MTE	hyp1	News	NaN	5.5224
134	135	en	kik	challenge_SSA-MTE	hyp1	News	NaN	9.9801
135	136	en	kik	challenge_SSA-MTE	hyp1	News	NaN	3.3865
136	137	en	kik	challenge_SSA-MTE	hyp1	News	NaN	58.1431
137	138	en	kik	challenge_SSA-MTE	hyp1	News	NaN	3.4586
138	139	en	kik	challenge_SSA-MTE	hyp1	News	NaN	3.7374
139	140	en	kik	challenge_SSA-MTE	hyp1	News	NaN	10.2745
140	141	en	kik	challenge_SSA-MTE	hyp1	News	NaN	3.2186
141	142	en	kik	challenge_SSA-MTE	hyp1	News	NaN	4.8585
142	143	en	kik	challenge_SSA-MTE	hyp1	News	NaN	4.2377
143	144	en	kik	challenge_SSA-MTE	hyp1	News	NaN	0.0000
144	145	en	kik	challenge_SSA-MTE	hyp1	News	NaN	6.7543
145	146	en	kik	challenge_SSA-MTE	hyp1	News	NaN	24.3842
146	147	en	kik	challenge_SSA-MTE	hyp1	News	NaN	6.7543
147	148	en	kik	challenge_SSA-MTE	hyp1	News	NaN	3.3923
148	149	en	kik	challenge_SSA-MTE	hyp1	News	NaN	5.6189
149	150	en	kik	challenge_SSA-MTE	hyp1	News	NaN	3.0002
150	151	en	kik	challenge_SSA-MTE	hyp1	News	NaN	6.1296
151	152	en	kik	challenge_SSA-MTE	hyp1	News	NaN	6.1086
152	153	en	kik	challenge_SSA-MTE	hyp1	News	NaN	2.7197
153	154	en	kik	challenge_SSA-MTE	hyp1	News	NaN	3.6735
154	155	en	kik	challenge_SSA-MTE	hyp1	News	NaN	2.6280
155	156	en	kik	challenge_SSA-MTE	hyp1	News	NaN	5.7956
156	157	en	kik	challenge_SSA-MTE	hyp1	News	NaN	3.7478
157	158	en	kik	challenge_SSA-MTE	hyp1	News	NaN	5.4393
158	159	en	kik	challenge_SSA-MTE	hyp1	News	NaN	5.8622
159	160	en	kik	challenge_SSA-MTE	hyp1	News	NaN	3.1443
160	161	en	kik	challenge_SSA-MTE	hyp1	News	NaN	6.1963
161	162	en	kik	challenge_SSA-MTE	hyp1	News	NaN	2.6441
162	163	en	kik	challenge_SSA-MTE	hyp1	News	NaN	10.5118
163	164	en	kik	challenge_SSA-MTE	hyp1	News	NaN	13.2924
164	165	en	kik	challenge_SSA-MTE	hyp1	News	NaN	11.9809
165	166	en	kik	challenge_SSA-MTE	hyp1	News	NaN	29.2830
166	167	en	kik	challenge_SSA-MTE	hyp1	News	NaN	10.5118
167	168	en	kik	challenge_SSA-MTE	hyp1	News	NaN	10.5215
168	169	en	kik	challenge_SSA-MTE	hyp1	News	NaN	9.7169
169	170	en	kik	challenge_SSA-MTE	hyp1	News	NaN	7.6459
170	171	en	kik	challenge_SSA-MTE	hyp1	News	NaN	10.1237
171	172	en	kik	challenge_SSA-MTE	hyp1	News	NaN	9.1897
172	173	en	kik	challenge_SSA-MTE	hyp1	News	NaN	2.8630
173	174	en	kik	challenge_SSA-MTE	hyp1	News	NaN	3.6763
174	175	en	kik	challenge_SSA-MTE	hyp1	News	NaN	3.2342
175	176	en	kik	challenge_SSA-MTE	hyp1	News	NaN	6.1503
176	177	en	kik	challenge_SSA-MTE	hyp1	News	NaN	16.2739
177	178	en	kik	challenge_SSA-MTE	hyp1	News	NaN	16.1886
178	179	en	kik	challenge_SSA-MTE	hyp1	News	NaN	2.8630
179	180	en	kik	challenge_SSA-MTE	hyp1	News	NaN	12.8589
180	181	en	kik	challenge_SSA-MTE	hyp1	News	NaN	16.1886
181	182	en	kik	challenge_SSA-MTE	hyp1	News	NaN	18.7825
182	183	en	kik	challenge_SSA-MTE	hyp1	News	NaN	9.1659
183	184	en	kik	challenge_SSA-MTE	hyp1	News	NaN	15.3178
184	185	en	kik	challenge_SSA-MTE	hyp1	News	NaN	54.4787
185	186	en	kik	challenge_SSA-MTE	hyp1	News	NaN	24.2336
186	187	en	kik	challenge_SSA-MTE	hyp1	News	NaN	5.5380
187	188	en	kik	challenge_SSA-MTE	hyp1	News	NaN	19.6678
188	189	en	kik	challenge_SSA-MTE	hyp1	News	NaN	7.6954
189	190	en	kik	challenge_SSA-MTE	hyp1	News	NaN	21.6718
190	191	en	kik	challenge_SSA-MTE	hyp1	News	NaN	27.6026
191	192	en	kik	challenge_SSA-MTE	hyp1	News	NaN	22.4517
192	193	en	kik	challenge_SSA-MTE	hyp1	News	NaN	4.5672
193	194	en	kik	challenge_SSA-MTE	hyp1	News	NaN	49.2209
194	195	en	kik	challenge_SSA-MTE	hyp1	News	NaN	13.5670
195	196	en	kik	challenge_SSA-MTE	hyp1	News	NaN	3.4815
196	197	en	kik	challenge_SSA-MTE	hyp1	News	NaN	3.7419
197	198	en	kik	challenge_SSA-MTE	hyp1	News	NaN	2.7197
198	199	en	kik	challenge_SSA-MTE	hyp1	News	NaN	2.7197
199	200	en	kik	challenge_SSA-MTE	hyp1	News	NaN	5.4012
200	201	en	kik	challenge_SSA-MTE	hyp1	News	NaN	5.0619
201	202	en	kik	challenge_SSA-MTE	hyp1	News	NaN	4.5400
202	203	en	kik	challenge_SSA-MTE	hyp1	News	NaN	2.8398
203	204	en	kik	challenge_SSA-MTE	hyp1	News	NaN	8.0104
204	205	en	kik	challenge_SSA-MTE	hyp1	News	NaN	2.8738
205	206	en	kik	challenge_SSA-MTE	hyp1	News	NaN	1.8710
206	207	en	kik	challenge_SSA-MTE	hyp1	News	NaN	7.3059
207	208	en	kik	challenge_SSA-MTE	hyp1	News	NaN	4.1081
208	209	en	kik	challenge_SSA-MTE	hyp1	News	NaN	6.6090
209	210	en	kik	challenge_SSA-MTE	hyp1	News	NaN	5.8166
210	211	en	kik	challenge_SSA-MTE	hyp1	News	NaN	6.7602
211	212	en	kik	challenge_SSA-MTE	hyp1	News	NaN	10.9758
212	213	en	kik	challenge_SSA-MTE	hyp1	News	NaN	3.1443
213	214	en	kik	challenge_SSA-MTE	hyp1	News	NaN	3.4857
214	215	en	kik	challenge_SSA-MTE	hyp1	News	NaN	5.4012
215	216	en	kik	challenge_SSA-MTE	hyp1	News	NaN	3.4691
216	217	en	kik	challenge_SSA-MTE	hyp1	News	NaN	6.2887
217	218	en	kik	challenge_SSA-MTE	hyp1	News	NaN	5.5380
218	219	en	kik	challenge_SSA-MTE	hyp1	News	NaN	5.6530
219	220	en	kik	challenge_SSA-MTE	hyp1	News	NaN	3.6529
220	221	en	kik	challenge_SSA-MTE	hyp1	News	NaN	5.3286
221	222	en	kik	challenge_SSA-MTE	hyp1	News	NaN	5.0912
222	223	en	kik	challenge_SSA-MTE	hyp1	News	NaN	5.4393
223	224	en	kik	challenge_SSA-MTE	hyp1	News	NaN	3.2186
224	225	en	kik	challenge_SSA-MTE	hyp1	News	NaN	6.6090
225	226	en	kik	challenge_SSA-MTE	hyp1	News	NaN	6.9622
226	227	en	kik	challenge_SSA-MTE	hyp1	News	NaN	2.0540
227	228	en	kik	challenge_SSA-MTE	hyp1	News	NaN	8.0393
228	229	en	kik	challenge_SSA-MTE	hyp1	News	NaN	5.4277
229	230	en	kik	challenge_SSA-MTE	hyp1	News	NaN	2.1516
230	231	en	kik	challenge_SSA-MTE	hyp1	News	NaN	5.8097
231	232	en	kik	challenge_SSA-MTE	hyp1	News	NaN	5.0395
232	233	en	kik	challenge_SSA-MTE	hyp1	News	NaN	17.6154
233	234	en	kik	challenge_SSA-MTE	hyp1	News	NaN	19.2685
234	235	en	kik	challenge_SSA-MTE	hyp1	News	NaN	49.5827
235	236	en	kik	challenge_SSA-MTE	hyp1	News	NaN	9.0836
236	237	en	kik	challenge_SSA-MTE	hyp1	News	NaN	17.9607
237	238	en	kik	challenge_SSA-MTE	hyp1	News	NaN	3.7644
238	239	en	kik	challenge_SSA-MTE	hyp1	News	NaN	2.5683
239	240	en	kik	challenge_SSA-MTE	hyp1	News	NaN	14.9498
240	241	en	kik	challenge_SSA-MTE	hyp1	News	NaN	2.7355
241	242	en	kik	challenge_SSA-MTE	hyp1	News	NaN	5.6847
242	243	en	kik	challenge_SSA-MTE	hyp1	News	NaN	12.4516
243	244	en	kik	challenge_SSA-MTE	hyp1	News	NaN	2.6643
244	245	en	kik	challenge_SSA-MTE	hyp1	News	NaN	11.3061
245	246	en	kik	challenge_SSA-MTE	hyp1	News	NaN	8.2335
246	247	en	kik	challenge_SSA-MTE	hyp1	News	NaN	4.5579
247	248	en	kik	challenge_SSA-MTE	hyp1	News	NaN	4.8978
248	249	en	kik	challenge_SSA-MTE	hyp1	News	NaN	7.2382
249	250	en	kik	challenge_SSA-MTE	hyp1	News	NaN	11.4174
250	251	en	kik	challenge_SSA-MTE	hyp1	News	NaN	4.6620
251	252	en	kik	challenge_SSA-MTE	hyp1	News	NaN	5.0912
252	253	en	kik	challenge_SSA-MTE	hyp1	News	NaN	2.4075
253	254	en	kik	challenge_SSA-MTE	hyp1	News	NaN	3.2399
254	255	en	kik	challenge_SSA-MTE	hyp1	News	NaN	3.2342
255	256	en	kik	challenge_SSA-MTE	hyp1	News	NaN	2.8630
256	257	en	kik	challenge_SSA-MTE	hyp1	News	NaN	2.7476
257	258	en	kik	challenge_SSA-MTE	hyp1	News	NaN	3.7939
258	259	en	kik	challenge_SSA-MTE	hyp1	News	NaN	2.1763
259	260	en	kik	challenge_SSA-MTE	hyp1	News	NaN	5.7920
260	261	en	kik	challenge_SSA-MTE	hyp1	News	NaN	5.5108
261	262	en	kik	challenge_SSA-MTE	hyp1	News	NaN	11.6390
262	263	en	kik	challenge_SSA-MTE	hyp1	News	NaN	4.8227
263	264	en	kik	challenge_SSA-MTE	hyp1	News	NaN	1.8516
264	265	en	kik	challenge_SSA-MTE	hyp1	News	NaN	11.2990
265	266	en	kik	challenge_SSA-MTE	hyp1	News	NaN	3.3827
266	267	en	kik	challenge_SSA-MTE	hyp1	News	NaN	13.9274
267	268	en	kik	challenge_SSA-MTE	hyp1	News	NaN	7.5933
268	269	en	kik	challenge_SSA-MTE	hyp1	News	NaN	2.1210
269	270	en	kik	challenge_SSA-MTE	hyp1	News	NaN	45.9150
270	271	en	kik	challenge_SSA-MTE	hyp1	News	NaN	13.8840
271	272	en	kik	challenge_SSA-MTE	hyp1	News	NaN	8.0978
272	273	en	kik	challenge_SSA-MTE	hyp1	News	NaN	1.7658
273	274	en	kik	challenge_SSA-MTE	hyp1	News	NaN	3.4198
274	275	en	kik	challenge_SSA-MTE	hyp1	News	NaN	2.4623
275	276	en	kik	challenge_SSA-MTE	hyp1	News	NaN	3.2342
276	277	en	kik	challenge_SSA-MTE	hyp1	News	NaN	2.6088
277	278	en	kik	challenge_SSA-MTE	hyp1	News	NaN	4.4585
278	279	en	kik	challenge_SSA-MTE	hyp1	News	NaN	14.6710
279	280	en	kik	challenge_SSA-MTE	hyp1	News	NaN	4.4011
280	281	en	kik	challenge_SSA-MTE	hyp1	News	NaN	12.0924
281	282	en	kik	challenge_SSA-MTE	hyp1	News	NaN	7.3202
282	283	en	kik	challenge_SSA-MTE	hyp1	News	NaN	2.6951
283	284	en	kik	challenge_SSA-MTE	hyp1	News	NaN	23.3078
284	285	en	kik	challenge_SSA-MTE	hyp1	News	NaN	11.7415
285	286	en	kik	challenge_SSA-MTE	hyp1	News	NaN	3.0543
286	287	en	kik	challenge_SSA-MTE	hyp1	News	NaN	2.7248
287	288	en	kik	challenge_SSA-MTE	hyp1	News	NaN	8.6478
288	289	en	kik	challenge_SSA-MTE	hyp1	News	NaN	12.3225
289	290	en	kik	challenge_SSA-MTE	hyp1	News	NaN	2.8519
290	291	en	kik	challenge_SSA-MTE	hyp1	News	NaN	36.0788
291	292	en	kik	challenge_SSA-MTE	hyp1	News	NaN	36.5193
292	293	en	kik	challenge_SSA-MTE	hyp1	News	NaN	3.4936
293	294	en	kik	challenge_SSA-MTE	hyp1	News	NaN	57.8488
294	295	en	kik	challenge_SSA-MTE	hyp1	News	NaN	36.5471
295	296	en	kik	challenge_SSA-MTE	hyp1	News	NaN	4.5720
296	297	en	kik	challenge_SSA-MTE	hyp1	News	NaN	4.5455
297	298	en	kik	challenge_SSA-MTE	hyp1	News	NaN	2.5561
298	299	en	kik	challenge_SSA-MTE	hyp1	News	NaN	4.0239
299	300	en	kik	challenge_SSA-MTE	hyp1	News	NaN	1.9853
300	301	en	kik	challenge_SSA-MTE	hyp1	News	NaN	5.7117
301	302	en	kik	challenge_SSA-MTE	hyp1	News	NaN	14.5214
302	303	en	kik	challenge_SSA-MTE	hyp1	News	NaN	5.2375
303	304	en	kik	challenge_SSA-MTE	hyp1	News	NaN	16.6621
304	305	en	kik	challenge_SSA-MTE	hyp1	News	NaN	15.8342
305	306	en	kik	challenge_SSA-MTE	hyp1	News	NaN	14.6235
306	307	en	kik	challenge_SSA-MTE	hyp1	News	NaN	13.5670
307	308	en	kik	challenge_SSA-MTE	hyp1	News	NaN	1.9071
308	309	en	kik	challenge_SSA-MTE	hyp1	News	NaN	4.8853
309	310	en	kik	challenge_SSA-MTE	hyp1	News	NaN	14.5472
310	311	en	kik	challenge_SSA-MTE	hyp1	News	NaN	4.6620
311	312	en	kik	challenge_SSA-MTE	hyp1	News	NaN	2.1861
312	313	en	kik	challenge_SSA-MTE	hyp1	News	NaN	15.8617
313	314	en	kik	challenge_SSA-MTE	hyp1	News	NaN	10.0716
314	315	en	kik	challenge_SSA-MTE	hyp1	News	NaN	14.8342
315	316	en	kik	challenge_SSA-MTE	hyp1	News	NaN	2.1602
316	317	en	kik	challenge_SSA-MTE	hyp1	News	NaN	2.5710
317	318	en	kik	challenge_SSA-MTE	hyp1	News	NaN	2.2669
318	319	en	kik	challenge_SSA-MTE	hyp1	News	NaN	4.8189
319	320	en	kik	challenge_SSA-MTE	hyp1	News	NaN	4.0006
320	321	en	kik	challenge_SSA-MTE	hyp1	News	NaN	5.2008
321	322	en	kik	challenge_SSA-MTE	hyp1	News	NaN	5.1367
322	323	en	kik	challenge_SSA-MTE	hyp1	News	NaN	3.0717
323	324	en	kik	challenge_SSA-MTE	hyp1	News	NaN	11.6907
324	325	en	kik	challenge_SSA-MTE	hyp1	News	NaN	6.6216
325	326	en	kik	challenge_SSA-MTE	hyp1	News	NaN	6.7861
326	327	en	kik	challenge_SSA-MTE	hyp1	News	NaN	3.1252
327	328	en	kik	challenge_SSA-MTE	hyp1	News	NaN	11.8567
328	329	en	kik	challenge_SSA-MTE	hyp1	News	NaN	7.1934
329	330	en	kik	challenge_SSA-MTE	hyp1	News	NaN	1.8268
330	331	en	kik	challenge_SSA-MTE	hyp1	News	NaN	2.6643
331	332	en	kik	challenge_SSA-MTE	hyp1	News	NaN	2.4178
332	333	en	kik	challenge_SSA-MTE	hyp1	News	NaN	6.6092
333	334	en	kik	challenge_SSA-MTE	hyp1	News	NaN	2.0540
334	335	en	kik	challenge_SSA-MTE	hyp1	News	NaN	27.8413
335	336	en	kik	challenge_SSA-MTE	hyp1	News	NaN	27.5466
336	337	en	kik	challenge_SSA-MTE	hyp1	News	NaN	1.7176
337	338	en	kik	challenge_SSA-MTE	hyp1	News	NaN	0.2759
338	339	en	kik	challenge_SSA-MTE	hyp1	News	NaN	26.1181
339	340	en	kik	challenge_SSA-MTE	hyp1	News	NaN	8.6754
340	341	en	kik	challenge_SSA-MTE	hyp1	News	NaN	4.2859
341	342	en	kik	challenge_SSA-MTE	hyp1	News	NaN	12.2688
342	343	en	kik	challenge_SSA-MTE	hyp1	News	NaN	20.2809
343	344	en	kik	challenge_SSA-MTE	hyp1	News	NaN	2.4321
344	345	en	kik	challenge_SSA-MTE	hyp1	News	NaN	7.3680
345	346	en	kik	challenge_SSA-MTE	hyp1	News	NaN	7.6181
346	347	en	kik	challenge_SSA-MTE	hyp1	News	NaN	1.7574
347	348	en	kik	challenge_SSA-MTE	hyp1	News	NaN	14.0685
348	349	en	kik	challenge_SSA-MTE	hyp1	News	NaN	21.7179
349	350	en	kik	challenge_SSA-MTE	hyp1	News	NaN	7.9464
350	351	en	kik	challenge_SSA-MTE	hyp1	News	NaN	2.8732
351	352	en	kik	challenge_SSA-MTE	hyp1	News	NaN	9.3138
352	353	en	kik	challenge_SSA-MTE	hyp1	News	NaN	20.1581
353	354	en	kik	challenge_SSA-MTE	hyp1	News	NaN	2.2769
354	355	en	kik	challenge_SSA-MTE	hyp1	News	NaN	2.5587
355	356	en	kik	challenge_SSA-MTE	hyp1	News	NaN	5.1332
356	357	en	kik	challenge_SSA-MTE	hyp1	News	NaN	3.4934
357	358	en	kik	challenge_SSA-MTE	hyp1	News	NaN	3.7481
358	359	en	kik	challenge_SSA-MTE	hyp1	News	NaN	4.5720
359	360	en	kik	challenge_SSA-MTE	hyp1	News	NaN	6.1296
360	361	en	kik	challenge_SSA-MTE	hyp1	News	NaN	7.0310
361	362	en	kik	challenge_SSA-MTE	hyp1	News	NaN	9.3989
362	363	en	kik	challenge_SSA-MTE	hyp1	News	NaN	3.9164
363	364	en	kik	challenge_SSA-MTE	hyp1	News	NaN	2.4075
364	365	en	kik	challenge_SSA-MTE	hyp1	News	NaN	2.5540
365	366	en	kik	challenge_SSA-MTE	hyp1	News	NaN	2.4265
366	367	en	kik	challenge_SSA-MTE	hyp1	News	NaN	5.7260
367	368	en	kik	challenge_SSA-MTE	hyp1	News	NaN	3.0269
368	369	en	kik	challenge_SSA-MTE	hyp1	News	NaN	2.8630
369	370	en	kik	challenge_SSA-MTE	hyp1	News	NaN	16.4670
370	371	en	kik	challenge_SSA-MTE	hyp1	News	NaN	23.2879
371	372	en	kik	challenge_SSA-MTE	hyp1	News	NaN	3.4354
372	373	en	kik	challenge_SSA-MTE	hyp1	News	NaN	12.0421
373	374	en	kik	challenge_SSA-MTE	hyp1	News	NaN	20.4257
374	375	en	kik	challenge_SSA-MTE	hyp1	News	NaN	1.6365
375	376	en	kik	challenge_SSA-MTE	hyp1	News	NaN	25.9087
376	377	en	kik	challenge_SSA-MTE	hyp1	News	NaN	10.2447
377	378	en	kik	challenge_SSA-MTE	hyp1	News	NaN	2.3901
378	379	en	kik	challenge_SSA-MTE	hyp1	News	NaN	1.9146
379	380	en	kik	challenge_SSA-MTE	hyp1	News	NaN	4.0696
380	381	en	kik	challenge_SSA-MTE	hyp1	News	NaN	3.1252
381	382	en	kik	challenge_SSA-MTE	hyp1	News	NaN	19.4818
382	383	en	kik	challenge_SSA-MTE	hyp1	News	NaN	29.6087
383	384	en	kik	challenge_SSA-MTE	hyp1	News	NaN	3.8344
384	385	en	kik	challenge_SSA-MTE	hyp1	News	NaN	42.7152
385	386	en	kik	challenge_SSA-MTE	hyp1	News	NaN	15.8353
386	387	en	kik	challenge_SSA-MTE	hyp1	News	NaN	9.4412
387	388	en	kik	challenge_SSA-MTE	hyp1	News	NaN	7.6049
388	389	en	kik	challenge_SSA-MTE	hyp1	News	NaN	5.4749
389	390	en	kik	challenge_SSA-MTE	hyp1	News	NaN	15.3322
390	391	en	kik	challenge_SSA-MTE	hyp1	News	NaN	4.1917
391	392	en	kik	challenge_SSA-MTE	hyp1	News	NaN	9.5933
392	393	en	kik	challenge_SSA-MTE	hyp1	News	NaN	2.8466
393	394	en	kik	challenge_SSA-MTE	hyp1	News	NaN	6.5858
394	395	en	kik	challenge_SSA-MTE	hyp1	News	NaN	17.0818
395	396	en	kik	challenge_SSA-MTE	hyp1	News	NaN	4.3343
396	397	en	kik	challenge_SSA-MTE	hyp1	News	NaN	0.0383
397	398	en	kik	challenge_SSA-MTE	hyp1	News	NaN	4.7237
398	399	en	kik	challenge_SSA-MTE	hyp1	News	NaN	3.5892
399	400	en	kik	challenge_SSA-MTE	hyp1	News	NaN	13.1506
400	401	en	kik	challenge_SSA-MTE	hyp1	News	NaN	4.7251
401	402	en	kik	challenge_SSA-MTE	hyp1	News	NaN	3.3008
402	403	en	kik	challenge_SSA-MTE	hyp1	News	NaN	4.3194
403	404	en	kik	challenge_SSA-MTE	hyp1	News	NaN	2.2523
404	405	en	kik	challenge_SSA-MTE	hyp1	News	NaN	11.2687
405	406	en	kik	challenge_SSA-MTE	hyp1	News	NaN	7.3550
406	407	en	kik	challenge_SSA-MTE	hyp1	News	NaN	4.5218
407	408	en	kik	challenge_SSA-MTE	hyp1	News	NaN	8.9393
408	409	en	kik	challenge_SSA-MTE	hyp1	News	NaN	2.1671
409	410	en	kik	challenge_SSA-MTE	hyp1	News	NaN	13.1733
410	411	en	kik	challenge_SSA-MTE	hyp1	News	NaN	5.0645
411	412	en	kik	challenge_SSA-MTE	hyp1	News	NaN	6.0821
412	413	en	kik	challenge_SSA-MTE	hyp1	News	NaN	4.6205
413	414	en	kik	challenge_SSA-MTE	hyp1	News	NaN	6.9105
414	415	en	kik	challenge_SSA-MTE	hyp1	News	NaN	2.9867
415	416	en	kik	challenge_SSA-MTE	hyp1	News	NaN	18.1876
416	417	en	kik	challenge_SSA-MTE	hyp1	News	NaN	1.4996
417	418	en	kik	challenge_SSA-MTE	hyp1	News	NaN	4.2154
418	419	en	kik	challenge_SSA-MTE	hyp1	News	NaN	25.2141
419	420	en	kik	challenge_SSA-MTE	hyp1	News	NaN	24.8855
420	421	en	kik	challenge_SSA-MTE	hyp1	News	NaN	2.2297
421	422	en	kik	challenge_SSA-MTE	hyp1	News	NaN	2.3618
422	423	en	kik	challenge_SSA-MTE	hyp1	News	NaN	1.5880
423	424	en	kik	challenge_SSA-MTE	hyp1	News	NaN	0.8164
424	425	en	kik	challenge_SSA-MTE	hyp1	News	NaN	2.1721
425	426	en	kik	challenge_SSA-MTE	hyp1	News	NaN	2.5828
426	427	en	kik	challenge_SSA-MTE	hyp1	News	NaN	2.8179
427	428	en	kik	challenge_SSA-MTE	hyp1	News	NaN	4.7045
428	429	en	kik	challenge_SSA-MTE	hyp1	News	NaN	17.9398
429	430	en	kik	challenge_SSA-MTE	hyp1	News	NaN	14.9628
430	431	en	kik	challenge_SSA-MTE	hyp1	News	NaN	10.9497
431	432	en	kik	challenge_SSA-MTE	hyp1	News	NaN	9.3620
432	433	en	kik	challenge_SSA-MTE	hyp1	News	NaN	2.9205
433	434	en	kik	challenge_SSA-MTE	hyp1	News	NaN	5.7111
434	435	en	kik	challenge_SSA-MTE	hyp1	News	NaN	11.2997
435	436	en	kik	challenge_SSA-MTE	hyp1	News	NaN	6.5356
436	437	en	kik	challenge_SSA-MTE	hyp1	News	NaN	14.5214
437	438	en	kik	challenge_SSA-MTE	hyp1	News	NaN	2.1721
438	439	en	kik	challenge_SSA-MTE	hyp1	News	NaN	10.5118
439	440	en	kik	challenge_SSA-MTE	hyp1	News	NaN	5.9059
440	441	en	kik	challenge_SSA-MTE	hyp1	News	NaN	27.7303
441	442	en	kik	challenge_SSA-MTE	hyp1	News	NaN	24.8193
442	443	en	kik	challenge_SSA-MTE	hyp1	News	NaN	32.5538
443	444	en	kik	challenge_SSA-MTE	hyp1	News	NaN	40.4200
444	445	en	kik	challenge_SSA-MTE	hyp1	News	NaN	17.8572
445	446	en	kik	challenge_SSA-MTE	hyp1	News	NaN	2.6738
446	447	en	kik	challenge_SSA-MTE	hyp1	News	NaN	0.3214
447	448	en	kik	challenge_SSA-MTE	hyp1	News	NaN	5.3515
448	449	en	kik	challenge_SSA-MTE	hyp1	News	NaN	2.7157
449	450	en	kik	challenge_SSA-MTE	hyp1	News	NaN	6.6141
450	451	en	kik	challenge_SSA-MTE	hyp1	News	NaN	23.0495
451	452	en	kik	challenge_SSA-MTE	hyp1	News	NaN	14.5800
452	453	en	kik	challenge_SSA-MTE	hyp1	News	NaN	6.6125
453	454	en	kik	challenge_SSA-MTE	hyp1	News	NaN	57.0100
454	455	en	kik	challenge_SSA-MTE	hyp1	News	NaN	4.4588
455	456	en	kik	challenge_SSA-MTE	hyp1	News	NaN	3.5519
456	457	en	kik	challenge_SSA-MTE	hyp1	News	NaN	10.2386
457	458	en	kik	challenge_SSA-MTE	hyp1	News	NaN	4.1859
458	459	en	kik	challenge_SSA-MTE	hyp1	News	NaN	5.0905
459	460	en	kik	challenge_SSA-MTE	hyp1	News	NaN	7.8075
460	461	en	kik	challenge_SSA-MTE	hyp1	News	NaN	2.7234
461	462	en	kik	challenge_SSA-MTE	hyp1	News	NaN	2.4623
462	463	en	kik	challenge_SSA-MTE	hyp1	News	NaN	4.3316
463	464	en	kik	challenge_SSA-MTE	hyp1	News	NaN	4.5720
464	465	en	kik	challenge_SSA-MTE	hyp1	News	NaN	5.7042
465	466	en	kik	challenge_SSA-MTE	hyp1	News	NaN	11.7129
466	467	en	kik	challenge_SSA-MTE	hyp1	News	NaN	5.5387
467	468	en	kik	challenge_SSA-MTE	hyp1	News	NaN	17.5091
468	469	en	kik	challenge_SSA-MTE	hyp1	News	NaN	39.3284
469	470	en	kik	challenge_SSA-MTE	hyp1	News	NaN	9.3882
470	471	en	kik	challenge_SSA-MTE	hyp1	News	NaN	11.1620
471	472	en	kik	challenge_SSA-MTE	hyp1	News	NaN	4.9821
472	473	en	kik	challenge_SSA-MTE	hyp1	News	NaN	1.9968
473	474	en	kik	challenge_SSA-MTE	hyp1	News	NaN	13.5233
474	475	en	kik	challenge_SSA-MTE	hyp1	News	NaN	11.9666
475	476	en	kik	challenge_SSA-MTE	hyp1	News	NaN	12.5953
476	477	en	kik	challenge_SSA-MTE	hyp1	News	NaN	1.9582
477	478	en	kik	challenge_SSA-MTE	hyp1	News	NaN	26.7283
478	479	en	kik	challenge_SSA-MTE	hyp1	News	NaN	15.5732
479	480	en	kik	challenge_SSA-MTE	hyp1	News	NaN	6.7937
480	481	en	kik	challenge_SSA-MTE	hyp1	News	NaN	0.4791
481	482	en	kik	challenge_SSA-MTE	hyp1	News	NaN	2.6990
482	483	en	kik	challenge_SSA-MTE	hyp1	News	NaN	4.5315
483	484	en	kik	challenge_SSA-MTE	hyp1	News	NaN	6.0728
484	485	en	kik	challenge_SSA-MTE	hyp1	News	NaN	5.0619
485	486	en	kik	challenge_SSA-MTE	hyp1	News	NaN	9.0926
486	487	en	kik	challenge_SSA-MTE	hyp1	News	NaN	14.4479
487	488	en	kik	challenge_SSA-MTE	hyp1	News	NaN	31.5355
488	489	en	kik	challenge_SSA-MTE	hyp1	News	NaN	5.4467
489	490	en	kik	challenge_SSA-MTE	hyp1	News	NaN	4.5148
490	491	en	kik	challenge_SSA-MTE	hyp1	News	NaN	4.3316
491	492	en	kik	challenge_SSA-MTE	hyp1	News	NaN	13.5658
492	493	en	kik	challenge_SSA-MTE	hyp1	News	NaN	5.4056
493	494	en	kik	challenge_SSA-MTE	hyp1	News	NaN	1.9012
494	495	en	kik	challenge_SSA-MTE	hyp1	News	NaN	2.5198
495	496	en	kik	challenge_SSA-MTE	hyp1	News	NaN	2.9083
496	497	en	kik	challenge_SSA-MTE	hyp1	News	NaN	2.5198
497	498	en	kik	challenge_SSA-MTE	hyp1	News	NaN	5.4012
498	499	en	kik	challenge_SSA-MTE	hyp1	News	NaN	11.4576
499	500	en	kik	challenge_SSA-MTE	hyp1	News	NaN	6.7473
500	501	en	kik	challenge_SSA-MTE	hyp1	News	NaN	15.4654
501	502	en	kik	challenge_SSA-MTE	hyp1	News	NaN	11.0022
502	503	en	kik	challenge_SSA-MTE	hyp1	News	NaN	6.9645
503	504	en	kik	challenge_SSA-MTE	hyp1	News	NaN	2.5198
504	505	en	kik	challenge_SSA-MTE	hyp1	News	NaN	9.3468
505	506	en	kik	challenge_SSA-MTE	hyp1	News	NaN	10.6527
506	507	en	kik	challenge_SSA-MTE	hyp1	News	NaN	4.8356
507	508	en	kik	challenge_SSA-MTE	hyp1	News	NaN	7.2328
508	509	en	kik	challenge_SSA-MTE	hyp1	News	NaN	6.9105
509	510	en	kik	challenge_SSA-MTE	hyp1	News	NaN	3.8905
510	511	en	kik	challenge_SSA-MTE	hyp1	News	NaN	25.1353
511	512	en	kik	challenge_SSA-MTE	hyp1	News	NaN	4.1759
512	513	en	kik	challenge_SSA-MTE	hyp1	News	NaN	10.2733
513	514	en	kik	challenge_SSA-MTE	hyp1	News	NaN	2.3526
514	515	en	kik	challenge_SSA-MTE	hyp1	News	NaN	4.2156
515	516	en	kik	challenge_SSA-MTE	hyp1	News	NaN	14.2307
516	517	en	kik	challenge_SSA-MTE	hyp1	News	NaN	2.5331
517	518	en	kik	challenge_SSA-MTE	hyp1	News	NaN	8.0775
518	519	en	kik	challenge_SSA-MTE	hyp1	News	NaN	3.6393
519	520	en	kik	challenge_SSA-MTE	hyp1	News	NaN	2.1403
520	521	en	kik	challenge_SSA-MTE	hyp1	News	NaN	12.1758
521	522	en	kik	challenge_SSA-MTE	hyp1	News	NaN	1.7574
522	523	en	kik	challenge_SSA-MTE	hyp1	News	NaN	14.0517
523	524	en	kik	challenge_SSA-MTE	hyp1	News	NaN	11.0774
524	525	en	kik	challenge_SSA-MTE	hyp1	News	NaN	2.6643
525	526	en	kik	challenge_SSA-MTE	hyp1	News	NaN	14.6409
526	527	en	kik	challenge_SSA-MTE	hyp1	News	NaN	10.3440
527	528	en	kik	challenge_SSA-MTE	hyp1	News	NaN	4.2696
528	529	en	kik	challenge_SSA-MTE	hyp1	News	NaN	3.9253
529	530	en	kik	challenge_SSA-MTE	hyp1	News	NaN	2.0429
530	531	en	kik	challenge_SSA-MTE	hyp1	News	NaN	4.5219
531	532	en	kik	challenge_SSA-MTE	hyp1	News	NaN	4.7493
532	533	en	kik	challenge_SSA-MTE	hyp1	News	NaN	3.3962
533	534	en	kik	challenge_SSA-MTE	hyp1	News	NaN	3.6394
534	535	en	kik	challenge_SSA-MTE	hyp1	News	NaN	8.3011
535	536	en	kik	challenge_SSA-MTE	hyp1	News	NaN	16.1706
536	537	en	kik	challenge_SSA-MTE	hyp1	News	NaN	8.1660
537	538	en	kik	challenge_SSA-MTE	hyp1	News	NaN	11.5899
538	539	en	kik	challenge_SSA-MTE	hyp1	News	NaN	10.7030
539	540	en	kik	challenge_SSA-MTE	hyp1	News	NaN	6.6141
540	541	en	kik	challenge_SSA-MTE	hyp1	News	NaN	10.3228
541	542	en	kik	challenge_SSA-MTE	hyp1	News	NaN	7.7796
542	543	en	kik	challenge_SSA-MTE	hyp1	News	NaN	5.5178
543	544	en	kik	challenge_SSA-MTE	hyp1	News	NaN	1.6217
544	545	en	kik	challenge_SSA-MTE	hyp1	News	NaN	4.4052
545	546	en	kik	challenge_SSA-MTE	hyp1	News	NaN	12.5187
546	547	en	kik	challenge_SSA-MTE	hyp1	News	NaN	4.6322
547	548	en	kik	challenge_SSA-MTE	hyp1	News	NaN	0.3518
548	549	en	kik	challenge_SSA-MTE	hyp1	News	NaN	1.0885
549	550	en	kik	challenge_SSA-MTE	hyp1	News	NaN	2.4038
550	551	en	kik	challenge_SSA-MTE	hyp1	News	NaN	1.7258
551	552	en	kik	challenge_SSA-MTE	hyp1	News	NaN	12.6407
552	553	en	kik	challenge_SSA-MTE	hyp1	News	NaN	4.1307
553	554	en	kik	challenge_SSA-MTE	hyp1	News	NaN	1.1273
554	555	en	kik	challenge_SSA-MTE	hyp1	News	NaN	23.6560
555	556	en	kik	challenge_SSA-MTE	hyp1	News	NaN	20.4355
556	557	en	kik	challenge_SSA-MTE	hyp1	News	NaN	0.0000
557	558	en	kik	challenge_SSA-MTE	hyp1	News	NaN	7.6687
558	559	en	kik	challenge_SSA-MTE	hyp1	News	NaN	3.6529
559	560	en	kik	challenge_SSA-MTE	hyp1	News	NaN	9.5933
560	561	en	kik	challenge_SSA-MTE	hyp1	News	NaN	3.9517
561	562	en	kik	challenge_SSA-MTE	hyp1	News	NaN	3.8024
562	563	en	kik	challenge_SSA-MTE	hyp1	News	NaN	2.4554
563	564	en	kik	challenge_SSA-MTE	hyp1	News	NaN	3.3142
564	565	en	kik	challenge_SSA-MTE	hyp1	News	NaN	3.7499
565	566	en	kik	challenge_SSA-MTE	hyp1	News	NaN	12.1179
566	567	en	kik	challenge_SSA-MTE	hyp1	News	NaN	4.2820
567	568	en	kik	challenge_SSA-MTE	hyp1	News	NaN	2.0194
568	569	en	kik	challenge_SSA-MTE	hyp1	News	NaN	9.8122
569	570	en	kik	challenge_SSA-MTE	hyp1	News	NaN	4.1411
570	571	en	kik	challenge_SSA-MTE	hyp1	News	NaN	8.3613
571	572	en	kik	challenge_SSA-MTE	hyp1	News	NaN	13.9291
572	573	en	kik	challenge_SSA-MTE	hyp1	News	NaN	2.2250
573	574	en	kik	challenge_SSA-MTE	hyp1	News	NaN	18.6930
574	575	en	kik	challenge_SSA-MTE	hyp1	News	NaN	10.6409
575	576	en	kik	challenge_SSA-MTE	hyp1	News	NaN	4.8185
576	577	en	kik	challenge_SSA-MTE	hyp1	News	NaN	2.5387
577	578	en	kik	challenge_SSA-MTE	hyp1	News	NaN	1.9861
578	579	en	kik	challenge_SSA-MTE	hyp1	News	NaN	12.7690
579	580	en	kik	challenge_SSA-MTE	hyp1	News	NaN	3.2342
580	581	en	kik	challenge_SSA-MTE	hyp1	News	NaN	2.1301
581	582	en	kik	challenge_SSA-MTE	hyp1	News	NaN	3.0273
582	583	en	kik	challenge_SSA-MTE	hyp1	News	NaN	2.4623
583	584	en	kik	challenge_SSA-MTE	hyp1	News	NaN	7.8438
584	585	en	kik	challenge_SSA-MTE	hyp1	News	NaN	8.6453
585	586	en	kik	challenge_SSA-MTE	hyp1	News	NaN	1.5570
586	587	en	kik	challenge_SSA-MTE	hyp1	News	NaN	9.5571
587	588	en	kik	challenge_SSA-MTE	hyp1	News	NaN	14.9882
588	589	en	kik	challenge_SSA-MTE	hyp1	News	NaN	43.7775
589	590	en	kik	challenge_SSA-MTE	hyp1	News	NaN	40.7844
590	591	en	kik	challenge_SSA-MTE	hyp1	News	NaN	2.3012
591	592	en	kik	challenge_SSA-MTE	hyp1	News	NaN	49.7325
592	593	en	kik	challenge_SSA-MTE	hyp1	News	NaN	47.9015
593	594	en	kik	challenge_SSA-MTE	hyp1	News	NaN	3.5182
594	595	en	kik	challenge_SSA-MTE	hyp1	News	NaN	3.3492
595	596	en	kik	challenge_SSA-MTE	hyp1	News	NaN	1.4992
596	597	en	kik	challenge_SSA-MTE	hyp1	News	NaN	16.4755
597	598	en	kik	challenge_SSA-MTE	hyp1	News	NaN	4.6258
598	599	en	kik	challenge_SSA-MTE	hyp1	News	NaN	36.5383
599	600	en	kik	challenge_SSA-MTE	hyp1	News	NaN	20.0518
600	601	en	kik	challenge_SSA-MTE	hyp1	News	NaN	3.2710
601	602	en	kik	challenge_SSA-MTE	hyp1	News	NaN	36.8249
602	603	en	kik	challenge_SSA-MTE	hyp1	News	NaN	35.5097
603	604	en	kik	challenge_SSA-MTE	hyp1	News	NaN	4.3652
604	605	en	kik	challenge_SSA-MTE	hyp1	News	NaN	4.1808
605	606	en	kik	challenge_SSA-MTE	hyp1	News	NaN	1.5144
606	607	en	kik	challenge_SSA-MTE	hyp1	News	NaN	7.2786
607	608	en	kik	challenge_SSA-MTE	hyp1	News	NaN	6.6021
608	609	en	kik	challenge_SSA-MTE	hyp1	News	NaN	4.5941
609	610	en	kik	challenge_SSA-MTE	hyp1	News	NaN	2.1721
610	611	en	kik	challenge_SSA-MTE	hyp1	News	NaN	1.8504
611	612	en	kik	challenge_SSA-MTE	hyp1	News	NaN	18.9317
612	613	en	kik	challenge_SSA-MTE	hyp1	News	NaN	2.2297
613	614	en	kik	challenge_SSA-MTE	hyp1	News	NaN	10.9001
614	615	en	kik	challenge_SSA-MTE	hyp1	News	NaN	6.1086
615	616	en	kik	challenge_SSA-MTE	hyp1	News	NaN	1.9218
616	617	en	kik	challenge_SSA-MTE	hyp1	News	NaN	16.1442
617	618	en	kik	challenge_SSA-MTE	hyp1	News	NaN	6.2362
618	619	en	kik	challenge_SSA-MTE	hyp1	News	NaN	31.7914
619	620	en	kik	challenge_SSA-MTE	hyp1	News	NaN	16.3527
620	621	en	kik	challenge_SSA-MTE	hyp1	News	NaN	4.3701
621	622	en	kik	challenge_SSA-MTE	hyp1	News	NaN	35.0874
622	623	en	kik	challenge_SSA-MTE	hyp1	News	NaN	23.7249
623	624	en	kik	challenge_SSA-MTE	hyp1	News	NaN	4.0384
624	625	en	kik	challenge_SSA-MTE	hyp1	News	NaN	3.7499
625	626	en	kik	challenge_SSA-MTE	hyp1	News	NaN	7.0538
626	627	en	kik	challenge_SSA-MTE	hyp1	News	NaN	17.8292
627	628	en	kik	challenge_SSA-MTE	hyp1	News	NaN	2.0879
628	629	en	kik	challenge_SSA-MTE	hyp1	News	NaN	31.8835
629	630	en	kik	challenge_SSA-MTE	hyp1	News	NaN	31.4666
630	631	en	kik	challenge_SSA-MTE	hyp1	News	NaN	2.8914
631	632	en	kik	challenge_SSA-MTE	hyp1	News	NaN	34.3417
632	633	en	kik	challenge_SSA-MTE	hyp1	News	NaN	29.9547
633	634	en	kik	challenge_SSA-MTE	hyp1	News	NaN	9.2047
634	635	en	kik	challenge_SSA-MTE	hyp1	News	NaN	6.7165
635	636	en	kik	challenge_SSA-MTE	hyp1	News	NaN	2.1602
636	637	en	kik	challenge_SSA-MTE	hyp1	News	NaN	15.0919
637	638	en	kik	challenge_SSA-MTE	hyp1	News	NaN	4.5941
638	639	en	kik	challenge_SSA-MTE	hyp1	News	NaN	3.7129
639	640	en	kik	challenge_SSA-MTE	hyp1	News	NaN	2.0145
640	641	en	kik	challenge_SSA-MTE	hyp1	News	NaN	1.4282
641	642	en	kik	challenge_SSA-MTE	hyp1	News	NaN	7.3910
642	643	en	kik	challenge_SSA-MTE	hyp1	News	NaN	13.5158
643	644	en	kik	challenge_SSA-MTE	hyp1	News	NaN	4.2661
644	645	en	kik	challenge_SSA-MTE	hyp1	News	NaN	4.9663
645	646	en	kik	challenge_SSA-MTE	hyp1	News	NaN	6.1207
646	647	en	kik	challenge_SSA-MTE	hyp1	News	NaN	12.4335
647	648	en	kik	challenge_SSA-MTE	hyp1	News	NaN	6.0942
648	649	en	kik	challenge_SSA-MTE	hyp1	News	NaN	5.7051
649	650	en	kik	challenge_SSA-MTE	hyp1	News	NaN	2.0091
650	651	en	kik	challenge_SSA-MTE	hyp1	News	NaN	1.9993
651	652	en	kik	challenge_SSA-MTE	hyp1	News	NaN	6.3036
652	653	en	kik	challenge_SSA-MTE	hyp1	News	NaN	1.8771
653	654	en	kik	challenge_SSA-MTE	hyp1	News	NaN	3.3868
654	655	en	kik	challenge_SSA-MTE	hyp1	News	NaN	3.9645
655	656	en	kik	challenge_SSA-MTE	hyp1	News	NaN	5.3424
656	657	en	kik	challenge_SSA-MTE	hyp1	News	NaN	8.7574
657	658	en	kik	challenge_SSA-MTE	hyp1	News	NaN	10.7547
658	659	en	kik	challenge_SSA-MTE	hyp1	News	NaN	3.0958
659	660	en	kik	challenge_SSA-MTE	hyp1	News	NaN	0.8925
660	661	en	kik	challenge_SSA-MTE	hyp1	News	NaN	1.5199
661	662	en	kik	challenge_SSA-MTE	hyp1	News	NaN	4.4590
662	663	en	kik	challenge_SSA-MTE	hyp1	News	NaN	1.6441
663	664	en	kik	challenge_SSA-MTE	hyp1	News	NaN	14.7576
664	665	en	kik	challenge_SSA-MTE	hyp1	News	NaN	8.8502
665	666	en	kik	challenge_SSA-MTE	hyp1	News	NaN	1.8203
666	667	en	kik	challenge_SSA-MTE	hyp1	News	NaN	8.8309
667	668	en	kik	challenge_SSA-MTE	hyp1	News	NaN	9.8690
668	669	en	kik	challenge_SSA-MTE	hyp1	News	NaN	3.4398
669	670	en	kik	challenge_SSA-MTE	hyp1	News	NaN	5.3257
670	671	en	kik	challenge_SSA-MTE	hyp1	News	NaN	1.1734
671	672	en	kik	challenge_SSA-MTE	hyp1	News	NaN	3.8905
672	673	en	kik	challenge_SSA-MTE	hyp1	News	NaN	1.4654
673	674	en	kik	challenge_SSA-MTE	hyp1	News	NaN	31.8063
674	675	en	kik	challenge_SSA-MTE	hyp1	News	NaN	23.7133
675	676	en	kik	challenge_SSA-MTE	hyp1	News	NaN	4.1799
676	677	en	kik	challenge_SSA-MTE	hyp1	News	NaN	18.9224
677	678	en	kik	challenge_SSA-MTE	hyp1	News	NaN	30.5565
678	679	en	kik	challenge_SSA-MTE	hyp1	News	NaN	4.1048
679	680	en	kik	challenge_SSA-MTE	hyp1	News	NaN	4.0907
680	681	en	kik	challenge_SSA-MTE	hyp1	News	NaN	6.9873
681	682	en	kik	challenge_SSA-MTE	hyp1	News	NaN	7.3350
682	683	en	kik	challenge_SSA-MTE	hyp1	News	NaN	6.1895
683	684	en	kik	challenge_SSA-MTE	hyp1	News	NaN	4.6866
684	685	en	kik	challenge_SSA-MTE	hyp1	News	NaN	4.2585
685	686	en	kik	challenge_SSA-MTE	hyp1	News	NaN	1.6365
686	687	en	kik	challenge_SSA-MTE	hyp1	News	NaN	4.9380
687	688	en	kik	challenge_SSA-MTE	hyp1	News	NaN	11.5681
688	689	en	kik	challenge_SSA-MTE	hyp1	News	NaN	4.1547
689	690	en	kik	challenge_SSA-MTE	hyp1	News	NaN	0.8733
690	691	en	kik	challenge_SSA-MTE	hyp1	News	NaN	32.1461
691	692	en	kik	challenge_SSA-MTE	hyp1	News	NaN	3.2809
692	693	en	kik	challenge_SSA-MTE	hyp1	News	NaN	6.5849
693	694	en	kik	challenge_SSA-MTE	hyp1	News	NaN	4.8438
694	695	en	kik	challenge_SSA-MTE	hyp1	News	NaN	1.3090
695	696	en	kik	challenge_SSA-MTE	hyp1	News	NaN	23.9388
696	697	en	kik	challenge_SSA-MTE	hyp1	News	NaN	3.1874
697	698	en	kik	challenge_SSA-MTE	hyp1	News	NaN	9.7557
698	699	en	kik	challenge_SSA-MTE	hyp1	News	NaN	4.6324
699	700	en	kik	challenge_SSA-MTE	hyp1	News	NaN	5.9014
700	701	en	kik	challenge_SSA-MTE	hyp1	News	NaN	9.5627
701	702	en	kik	challenge_SSA-MTE	hyp1	News	NaN	2.9562
702	703	en	kik	challenge_SSA-MTE	hyp1	News	NaN	14.7564
703	704	en	kik	challenge_SSA-MTE	hyp1	News	NaN	1.3203
704	705	en	kik	challenge_SSA-MTE	hyp1	News	NaN	24.3028
705	706	en	kik	challenge_SSA-MTE	hyp1	News	NaN	11.7329
706	707	en	kik	challenge_SSA-MTE	hyp1	News	NaN	18.4164
707	708	en	kik	challenge_SSA-MTE	hyp1	News	NaN	18.6461
708	709	en	kik	challenge_SSA-MTE	hyp1	News	NaN	3.9287
709	710	en	kik	challenge_SSA-MTE	hyp1	News	NaN	30.0934
710	711	en	kik	challenge_SSA-MTE	hyp1	News	NaN	2.8983
711	712	en	kik	challenge_SSA-MTE	hyp1	News	NaN	1.9177
712	713	en	kik	challenge_SSA-MTE	hyp1	News	NaN	4.5285
713	714	en	kik	challenge_SSA-MTE	hyp1	News	NaN	17.1373
714	715	en	kik	challenge_SSA-MTE	hyp1	News	NaN	5.0059
715	716	en	kik	challenge_SSA-MTE	hyp1	News	NaN	1.9508
716	717	en	kik	challenge_SSA-MTE	hyp1	News	NaN	35.0028
717	718	en	kik	challenge_SSA-MTE	hyp1	News	NaN	3.9253
718	719	en	kik	challenge_SSA-MTE	hyp1	News	NaN	5.3713
719	720	en	kik	challenge_SSA-MTE	hyp1	News	NaN	1.6961
720	721	en	kik	challenge_SSA-MTE	hyp1	News	NaN	9.1659
721	722	en	kik	challenge_SSA-MTE	hyp1	News	NaN	5.8148
722	723	en	kik	challenge_SSA-MTE	hyp1	News	NaN	5.1182
723	724	en	kik	challenge_SSA-MTE	hyp1	News	NaN	0.9243
724	725	en	kik	challenge_SSA-MTE	hyp1	News	NaN	5.8565
725	726	en	kik	challenge_SSA-MTE	hyp1	News	NaN	3.8337
726	727	en	kik	challenge_SSA-MTE	hyp1	News	NaN	3.1281
727	728	en	kik	challenge_SSA-MTE	hyp1	News	NaN	1.7150
728	729	en	kik	challenge_SSA-MTE	hyp1	News	NaN	7.0310
729	730	en	kik	challenge_SSA-MTE	hyp1	News	NaN	3.1707
730	731	en	kik	challenge_SSA-MTE	hyp1	News	NaN	1.9659
731	732	en	kik	challenge_SSA-MTE	hyp1	News	NaN	15.4054
732	733	en	kik	challenge_SSA-MTE	hyp1	News	NaN	6.1435
733	734	en	kik	challenge_SSA-MTE	hyp1	News	NaN	3.4322
734	735	en	kik	challenge_SSA-MTE	hyp1	News	NaN	2.3497
735	736	en	kik	challenge_SSA-MTE	hyp1	News	NaN	1.9627
736	737	en	kik	challenge_SSA-MTE	hyp1	News	NaN	2.1602
737	738	en	kik	challenge_SSA-MTE	hyp1	News	NaN	5.3356
738	739	en	kik	challenge_SSA-MTE	hyp1	News	NaN	8.7041
739	740	en	kik	challenge_SSA-MTE	hyp1	News	NaN	13.7997
740	741	en	kik	challenge_SSA-MTE	hyp1	News	NaN	0.9309
741	742	en	kik	challenge_SSA-MTE	hyp1	News	NaN	22.5349
742	743	en	kik	challenge_SSA-MTE	hyp1	News	NaN	8.9852
743	744	en	kik	challenge_SSA-MTE	hyp1	News	NaN	5.8343
744	745	en	kik	challenge_SSA-MTE	hyp1	News	NaN	2.8164
745	746	en	kik	challenge_SSA-MTE	hyp1	News	NaN	5.5589
746	747	en	kik	challenge_SSA-MTE	hyp1	News	NaN	4.2239
747	748	en	kik	challenge_SSA-MTE	hyp1	News	NaN	7.4304
748	749	en	kik	challenge_SSA-MTE	hyp1	News	NaN	4.2601
749	750	en	kik	challenge_SSA-MTE	hyp1	News	NaN	3.7444
750	751	en	kik	challenge_SSA-MTE	hyp1	News	NaN	1.6961
751	752	en	kik	challenge_SSA-MTE	hyp1	News	NaN	8.3839
752	753	en	kik	challenge_SSA-MTE	hyp1	News	NaN	23.2101
753	754	en	kik	challenge_SSA-MTE	hyp1	News	NaN	21.9002
754	755	en	kik	challenge_SSA-MTE	hyp1	News	NaN	4.0101
755	756	en	kik	challenge_SSA-MTE	hyp1	News	NaN	23.5442
756	757	en	kik	challenge_SSA-MTE	hyp1	News	NaN	9.4500
757	758	en	kik	challenge_SSA-MTE	hyp1	News	NaN	19.9591
758	759	en	kik	challenge_SSA-MTE	hyp1	News	NaN	5.1938
759	760	en	kik	challenge_SSA-MTE	hyp1	News	NaN	1.2536
760	761	en	kik	challenge_SSA-MTE	hyp1	News	NaN	26.8355
761	762	en	kik	challenge_SSA-MTE	hyp1	News	NaN	6.6238
762	763	en	kik	challenge_SSA-MTE	hyp1	News	NaN	1.2992
763	764	en	kik	challenge_SSA-MTE	hyp1	News	NaN	1.9834
764	765	en	kik	challenge_SSA-MTE	hyp1	News	NaN	1.7851
765	766	en	kik	challenge_SSA-MTE	hyp1	News	NaN	2.0753
766	767	en	kik	challenge_SSA-MTE	hyp1	News	NaN	1.9012
767	768	en	kik	challenge_SSA-MTE	hyp1	News	NaN	6.3137
768	769	en	kik	challenge_SSA-MTE	hyp1	News	NaN	6.6460
769	770	en	kik	challenge_SSA-MTE	hyp1	News	NaN	2.3573
770	771	en	kik	challenge_SSA-MTE	hyp1	News	NaN	1.8888
771	772	en	kik	challenge_SSA-MTE	hyp1	News	NaN	5.1182
772	773	en	kik	challenge_SSA-MTE	hyp1	News	NaN	0.0000
773	774	en	kik	challenge_SSA-MTE	hyp1	News	NaN	2.9965
774	775	en	kik	challenge_SSA-MTE	hyp1	News	NaN	6.9622
775	776	en	kik	challenge_SSA-MTE	hyp1	News	NaN	6.1086
776	777	en	kik	challenge_SSA-MTE	hyp1	News	NaN	8.5287
777	778	en	kik	challenge_SSA-MTE	hyp1	News	NaN	2.5331
778	779	en	kik	challenge_SSA-MTE	hyp1	News	NaN	0.0000
779	780	en	kik	challenge_SSA-MTE	hyp1	News	NaN	5.8565
780	781	en	kik	challenge_SSA-MTE	hyp1	News	NaN	3.5298
781	782	en	kik	challenge_SSA-MTE	hyp1	News	NaN	3.6394
782	783	en	kik	challenge_SSA-MTE	hyp1	News	NaN	2.0505
783	784	en	kik	challenge_SSA-MTE	hyp1	News	NaN	9.6436
784	785	en	kik	challenge_SSA-MTE	hyp1	News	NaN	10.5118
785	786	en	kik	challenge_SSA-MTE	hyp1	News	NaN	10.5118
786	787	en	kik	challenge_SSA-MTE	hyp1	News	NaN	7.0772
787	788	en	kik	challenge_SSA-MTE	hyp1	News	NaN	1.9968
788	789	en	kik	challenge_SSA-MTE	hyp1	News	NaN	9.2649
789	790	en	kik	challenge_SSA-MTE	hyp1	News	NaN	8.6406
790	791	en	kik	challenge_SSA-MTE	hyp1	News	NaN	4.9421
791	792	en	kik	challenge_SSA-MTE	hyp1	News	NaN	1.7956
792	793	en	kik	challenge_SSA-MTE	hyp1	News	NaN	4.9936
793	794	en	kik	challenge_SSA-MTE	hyp1	News	NaN	6.9900
794	795	en	kik	challenge_SSA-MTE	hyp1	News	NaN	3.0760
795	796	en	kik	challenge_SSA-MTE	hyp1	News	NaN	1.7179
796	797	en	kik	challenge_SSA-MTE	hyp1	News	NaN	25.0653
797	798	en	kik	challenge_SSA-MTE	hyp1	News	NaN	12.1238
798	799	en	kik	challenge_SSA-MTE	hyp1	News	NaN	5.7927
799	800	en	kik	challenge_SSA-MTE	hyp1	News	NaN	0.9929
800	801	en	kik	challenge_SSA-MTE	hyp1	News	NaN	1.9998
801	802	en	kik	challenge_SSA-MTE	hyp1	News	NaN	10.3899
802	803	en	kik	challenge_SSA-MTE	hyp1	News	NaN	1.9812
803	804	en	kik	challenge_SSA-MTE	hyp1	News	NaN	5.1144
804	805	en	kik	challenge_SSA-MTE	hyp1	News	NaN	7.0770
805	806	en	kik	challenge_SSA-MTE	hyp1	News	NaN	8.0104
806	807	en	kik	challenge_SSA-MTE	hyp1	News	NaN	10.6508
807	808	en	kik	challenge_SSA-MTE	hyp1	News	NaN	9.6151
808	809	en	kik	challenge_SSA-MTE	hyp1	News	NaN	2.8983
809	810	en	kik	challenge_SSA-MTE	hyp1	News	NaN	0.5562
810	811	en	kik	challenge_SSA-MTE	hyp1	News	NaN	1.9459
811	812	en	kik	challenge_SSA-MTE	hyp1	News	NaN	3.6293
812	813	en	kik	challenge_SSA-MTE	hyp1	News	NaN	1.7036
813	814	en	kik	challenge_SSA-MTE	hyp1	News	NaN	4.1203
814	815	en	kik	challenge_SSA-MTE	hyp1	News	NaN	2.0138
815	816	en	kik	challenge_SSA-MTE	hyp1	News	NaN	2.3969
816	817	en	kik	challenge_SSA-MTE	hyp1	News	NaN	30.6748
817	818	en	kik	challenge_SSA-MTE	hyp1	News	NaN	2.8423
818	819	en	kik	challenge_SSA-MTE	hyp1	News	NaN	2.9338
819	820	en	kik	challenge_SSA-MTE	hyp1	News	NaN	5.8835
820	821	en	kik	challenge_SSA-MTE	hyp1	News	NaN	1.8155
821	822	en	kik	challenge_SSA-MTE	hyp1	News	NaN	6.0942
822	823	en	kik	challenge_SSA-MTE	hyp1	News	NaN	1.8888
823	824	en	kik	challenge_SSA-MTE	hyp1	News	NaN	6.5024
824	825	en	kik	challenge_SSA-MTE	hyp1	News	NaN	1.6220
825	826	en	kik	challenge_SSA-MTE	hyp1	News	NaN	2.2790
826	827	en	kik	challenge_SSA-MTE	hyp1	News	NaN	8.0853
827	828	en	kik	challenge_SSA-MTE	hyp1	News	NaN	5.0042
828	829	en	kik	challenge_SSA-MTE	hyp1	News	NaN	12.0356
829	830	en	kik	challenge_SSA-MTE	hyp1	News	NaN	13.8068
830	831	en	kik	challenge_SSA-MTE	hyp1	News	NaN	1.4082
831	832	en	kik	challenge_SSA-MTE	hyp1	News	NaN	16.3408
832	833	en	kik	challenge_SSA-MTE	hyp1	News	NaN	9.5332
833	834	en	kik	challenge_SSA-MTE	hyp1	News	NaN	3.9315
834	835	en	kik	challenge_SSA-MTE	hyp1	News	NaN	3.0766
835	836	en	kik	challenge_SSA-MTE	hyp1	News	NaN	2.9637
836	837	en	kik	challenge_SSA-MTE	hyp1	News	NaN	9.7427
837	838	en	kik	challenge_SSA-MTE	hyp1	News	NaN	3.2044
838	839	en	kik	challenge_SSA-MTE	hyp1	News	NaN	10.3165
839	840	en	kik	challenge_SSA-MTE	hyp1	News	NaN	9.1478
840	841	en	kik	challenge_SSA-MTE	hyp1	News	NaN	1.8299
841	842	en	kik	challenge_SSA-MTE	hyp1	News	NaN	22.7307
842	843	en	kik	challenge_SSA-MTE	hyp1	News	NaN	12.4360
843	844	en	kik	challenge_SSA-MTE	hyp1	News	NaN	3.9936
844	845	en	kik	challenge_SSA-MTE	hyp1	News	NaN	10.1587
845	846	en	kik	challenge_SSA-MTE	hyp1	News	NaN	2.3569
846	847	en	kik	challenge_SSA-MTE	hyp1	News	NaN	9.1150
847	848	en	kik	challenge_SSA-MTE	hyp1	News	NaN	4.2656
848	849	en	kik	challenge_SSA-MTE	hyp1	News	NaN	4.1307
849	850	en	kik	challenge_SSA-MTE	hyp1	News	NaN	1.8889
850	851	en	kik	challenge_SSA-MTE	hyp1	News	NaN	1.7346
851	852	en	kik	challenge_SSA-MTE	hyp1	News	NaN	8.3126
852	853	en	kik	challenge_SSA-MTE	hyp1	News	NaN	2.0429
853	854	en	kik	challenge_SSA-MTE	hyp1	News	NaN	2.3569
854	855	en	kik	challenge_SSA-MTE	hyp1	News	NaN	4.7151
855	856	en	kik	challenge_SSA-MTE	hyp1	News	NaN	4.3875
856	857	en	kik	challenge_SSA-MTE	hyp1	News	NaN	3.4441
857	858	en	kik	challenge_SSA-MTE	hyp1	News	NaN	23.6472
858	859	en	kik	challenge_SSA-MTE	hyp1	News	NaN	20.7844
859	860	en	kik	challenge_SSA-MTE	hyp1	News	NaN	2.6207
860	861	en	kik	challenge_SSA-MTE	hyp1	News	NaN	22.2240
861	862	en	kik	challenge_SSA-MTE	hyp1	News	NaN	20.1441
862	863	en	kik	challenge_SSA-MTE	hyp1	News	NaN	1.3571
863	864	en	kik	challenge_SSA-MTE	hyp1	News	NaN	6.7942
864	865	en	kik	challenge_SSA-MTE	hyp1	News	NaN	1.7895
865	866	en	kik	challenge_SSA-MTE	hyp1	News	NaN	5.7302
866	867	en	kik	challenge_SSA-MTE	hyp1	News	NaN	1.9558
867	868	en	kik	challenge_SSA-MTE	hyp1	News	NaN	15.4044
868	869	en	kik	challenge_SSA-MTE	hyp1	News	NaN	5.6801
869	870	en	kik	challenge_SSA-MTE	hyp1	News	NaN	8.9169
870	871	en	kik	challenge_SSA-MTE	hyp1	News	NaN	12.3040
871	872	en	kik	challenge_SSA-MTE	hyp1	News	NaN	20.2560
872	873	en	kik	challenge_SSA-MTE	hyp1	News	NaN	15.1725
873	874	en	kik	challenge_SSA-MTE	hyp1	News	NaN	11.5917
874	875	en	kik	challenge_SSA-MTE	hyp1	News	NaN	5.6959
875	876	en	kik	challenge_SSA-MTE	hyp1	News	NaN	25.7534
876	877	en	kik	challenge_SSA-MTE	hyp1	News	NaN	12.0226
877	878	en	kik	challenge_SSA-MTE	hyp1	News	NaN	25.3168
878	879	en	kik	challenge_SSA-MTE	hyp1	News	NaN	16.6295
879	880	en	kik	challenge_SSA-MTE	hyp1	News	NaN	3.8019
880	881	en	kik	challenge_SSA-MTE	hyp1	News	NaN	0.8447
881	882	en	kik	challenge_SSA-MTE	hyp1	News	NaN	18.6282
882	883	en	kik	challenge_SSA-MTE	hyp1	News	NaN	24.8767
883	884	en	kik	challenge_SSA-MTE	hyp1	News	NaN	22.0797
884	885	en	kik	challenge_SSA-MTE	hyp1	News	NaN	23.1449
885	886	en	kik	challenge_SSA-MTE	hyp1	News	NaN	33.9752
886	887	en	kik	challenge_SSA-MTE	hyp1	News	NaN	29.6826
887	888	en	kik	challenge_SSA-MTE	hyp1	News	NaN	11.4819
888	889	en	kik	challenge_SSA-MTE	hyp1	News	NaN	11.5566
889	890	en	kik	challenge_SSA-MTE	hyp1	News	NaN	6.7989
890	891	en	kik	challenge_SSA-MTE	hyp1	News	NaN	4.5829
891	892	en	kik	challenge_SSA-MTE	hyp1	News	NaN	7.6047
892	893	en	kik	challenge_SSA-MTE	hyp1	News	NaN	22.7273
893	894	en	kik	challenge_SSA-MTE	hyp1	News	NaN	16.0409
894	895	en	kik	challenge_SSA-MTE	hyp1	News	NaN	1.1905
895	896	en	kik	challenge_SSA-MTE	hyp1	News	NaN	20.0910
896	897	en	kik	challenge_SSA-MTE	hyp1	News	NaN	15.5251
897	898	en	kik	challenge_SSA-MTE	hyp1	News	NaN	6.1577
898	899	en	kik	challenge_SSA-MTE	hyp1	News	NaN	2.8557
899	900	en	kik	challenge_SSA-MTE	hyp1	News	NaN	9.4344
900	901	en	kik	challenge_SSA-MTE	hyp1	News	NaN	9.6267
901	902	en	kik	challenge_SSA-MTE	hyp1	News	NaN	12.6834
902	903	en	kik	challenge_SSA-MTE	hyp1	News	NaN	5.7134
903	904	en	kik	challenge_SSA-MTE	hyp1	News	NaN	3.6175
904	905	en	kik	challenge_SSA-MTE	hyp1	News	NaN	3.5126
905	906	en	kik	challenge_SSA-MTE	hyp1	News	NaN	5.6371
906	907	en	kik	challenge_SSA-MTE	hyp1	News	NaN	5.8659
907	908	en	kik	challenge_SSA-MTE	hyp1	News	NaN	2.7049
908	909	en	kik	challenge_SSA-MTE	hyp1	News	NaN	3.2809
909	910	en	kik	challenge_SSA-MTE	hyp1	News	NaN	1.7934
910	911	en	kik	challenge_SSA-MTE	hyp1	News	NaN	2.9867
911	912	en	kik	challenge_SSA-MTE	hyp1	News	NaN	3.0787
912	913	en	kik	challenge_SSA-MTE	hyp1	News	NaN	23.7047
913	914	en	kik	challenge_SSA-MTE	hyp1	News	NaN	23.1833
914	915	en	kik	challenge_SSA-MTE	hyp1	News	NaN	10.0968
915	916	en	kik	challenge_SSA-MTE	hyp1	News	NaN	37.1084
916	917	en	kik	challenge_SSA-MTE	hyp1	News	NaN	25.9760
917	918	en	kik	challenge_SSA-MTE	hyp1	News	NaN	7.1843
918	919	en	kik	challenge_SSA-MTE	hyp1	News	NaN	7.9408
919	920	en	kik	challenge_SSA-MTE	hyp1	News	NaN	3.2846
920	921	en	kik	challenge_SSA-MTE	hyp1	News	NaN	21.8995
921	922	en	kik	challenge_SSA-MTE	hyp1	News	NaN	4.4154
922	923	en	kik	challenge_SSA-MTE	hyp1	News	NaN	4.8582
923	924	en	kik	challenge_SSA-MTE	hyp1	News	NaN	1.8868
924	925	en	kik	challenge_SSA-MTE	hyp1	News	NaN	6.9105
925	926	en	kik	challenge_SSA-MTE	hyp1	News	NaN	1.8629
926	927	en	kik	challenge_SSA-MTE	hyp1	News	NaN	1.7934
927	928	en	kik	challenge_SSA-MTE	hyp1	News	NaN	7.3788
928	929	en	kik	challenge_SSA-MTE	hyp1	News	NaN	8.2349
929	930	en	kik	challenge_SSA-MTE	hyp1	News	NaN	3.9649
930	931	en	kik	challenge_SSA-MTE	hyp1	News	NaN	19.2302
931	932	en	kik	challenge_SSA-MTE	hyp1	News	NaN	10.6409
932	933	en	kik	challenge_SSA-MTE	hyp1	News	NaN	7.5453
933	934	en	kik	challenge_SSA-MTE	hyp1	News	NaN	2.7336
934	935	en	kik	challenge_SSA-MTE	hyp1	News	NaN	1.4327
935	936	en	kik	challenge_SSA-MTE	hyp1	News	NaN	30.3925
936	937	en	kik	challenge_SSA-MTE	hyp1	News	NaN	4.0926
937	938	en	kik	challenge_SSA-MTE	hyp1	News	NaN	0.0812
938	939	en	kik	challenge_SSA-MTE	hyp1	News	NaN	3.6394
939	940	en	kik	challenge_SSA-MTE	hyp1	News	NaN	3.7707
940	941	en	kik	challenge_SSA-MTE	hyp1	News	NaN	5.9735
941	942	en	kik	challenge_SSA-MTE	hyp1	News	NaN	7.3178
942	943	en	kik	challenge_SSA-MTE	hyp1	News	NaN	5.8786
943	944	en	kik	challenge_SSA-MTE	hyp1	News	NaN	3.0635
944	945	en	kik	challenge_SSA-MTE	hyp1	News	NaN	2.5172
945	946	en	kik	challenge_SSA-MTE	hyp1	News	NaN	8.4405
946	947	en	kik	challenge_SSA-MTE	hyp1	News	NaN	2.8936
947	948	en	kik	challenge_SSA-MTE	hyp1	News	NaN	8.5013
948	949	en	kik	challenge_SSA-MTE	hyp1	News	NaN	0.5076
949	950	en	kik	challenge_SSA-MTE	hyp1	News	NaN	6.1207
950	951	en	kik	challenge_SSA-MTE	hyp1	News	NaN	43.9947
951	952	en	kik	challenge_SSA-MTE	hyp1	News	NaN	1.9570
952	953	en	kik	challenge_SSA-MTE	hyp1	News	NaN	13.7888
953	954	en	kik	challenge_SSA-MTE	hyp1	News	NaN	2.0910
954	955	en	kik	challenge_SSA-MTE	hyp1	News	NaN	10.0232
955	956	en	kik	challenge_SSA-MTE	hyp1	News	NaN	23.7781
956	957	en	kik	challenge_SSA-MTE	hyp1	News	NaN	1.6678
957	958	en	kik	challenge_SSA-MTE	hyp1	News	NaN	0.1017
958	959	en	kik	challenge_SSA-MTE	hyp1	News	NaN	1.4501
959	960	en	kik	challenge_SSA-MTE	hyp1	News	NaN	35.5124
960	961	en	kik	challenge_SSA-MTE	hyp1	News	NaN	11.4703
961	962	en	kik	challenge_SSA-MTE	hyp1	News	NaN	27.0420
962	963	en	kik	challenge_SSA-MTE	hyp1	News	NaN	5.0286
963	964	en	kik	challenge_SSA-MTE	hyp1	News	NaN	1.7310
964	965	en	kik	challenge_SSA-MTE	hyp1	News	NaN	27.6439
965	966	en	kik	challenge_SSA-MTE	hyp1	News	NaN	11.4949
966	967	en	kik	challenge_SSA-MTE	hyp1	News	NaN	20.7981
967	968	en	kik	challenge_SSA-MTE	hyp1	News	NaN	13.4603
968	969	en	kik	challenge_SSA-MTE	hyp1	News	NaN	4.8174
969	970	en	kik	challenge_SSA-MTE	hyp1	News	NaN	25.3327
970	971	en	kik	challenge_SSA-MTE	hyp1	News	NaN	12.0972
971	972	en	kik	challenge_SSA-MTE	hyp1	News	NaN	3.0787
972	973	en	kik	challenge_SSA-MTE	hyp1	News	NaN	1.8771
973	974	en	kik	challenge_SSA-MTE	hyp1	News	NaN	3.9132
974	975	en	kik	challenge_SSA-MTE	hyp1	News	NaN	21.0845
975	976	en	kik	challenge_SSA-MTE	hyp1	News	NaN	4.2601
976	977	en	kik	challenge_SSA-MTE	hyp1	News	NaN	23.7252
977	978	en	kik	challenge_SSA-MTE	hyp1	News	NaN	13.6888
978	979	en	kik	challenge_SSA-MTE	hyp1	News	NaN	3.0690
979	980	en	kik	challenge_SSA-MTE	hyp1	News	NaN	43.5696
980	981	en	kik	challenge_SSA-MTE	hyp1	News	NaN	17.2712
981	982	en	kik	challenge_SSA-MTE	hyp1	News	NaN	1.6681
982	983	en	kik	challenge_SSA-MTE	hyp1	News	NaN	0.4918
983	984	en	kik	challenge_SSA-MTE	hyp1	News	NaN	1.5778
984	985	en	kik	challenge_SSA-MTE	hyp1	News	NaN	18.1712
985	986	en	kik	challenge_SSA-MTE	hyp1	News	NaN	25.3714
986	987	en	kik	challenge_SSA-MTE	hyp1	News	NaN	14.9381
987	988	en	kik	challenge_SSA-MTE	hyp1	News	NaN	9.4111
988	989	en	kik	challenge_SSA-MTE	hyp1	News	NaN	31.3775
989	990	en	kik	challenge_SSA-MTE	hyp1	News	NaN	16.5297
990	991	en	kik	challenge_SSA-MTE	hyp1	News	NaN	4.1547
991	992	en	kik	challenge_SSA-MTE	hyp1	News	NaN	0.4143
992	993	en	kik	challenge_SSA-MTE	hyp1	News	NaN	1.8175
993	994	en	kik	challenge_SSA-MTE	hyp1	News	NaN	5.5626
994	995	en	kik	challenge_SSA-MTE	hyp1	News	NaN	3.1232
995	996	en	kik	challenge_SSA-MTE	hyp1	News	NaN	0.0173
996	997	en	kik	challenge_SSA-MTE	hyp1	News	NaN	2.7410
997	998	en	kik	challenge_SSA-MTE	hyp1	News	NaN	1.2887
998	999	en	kik	challenge_SSA-MTE	hyp1	News	NaN	4.5778
999	1000	en	kik	challenge_SSA-MTE	hyp1	News	NaN	1.2945
1000	1001	en	kik	challenge_SSA-MTE	hyp1	News	NaN	3.3303
1001	1002	en	kik	challenge_SSA-MTE	hyp1	News	NaN	2.3049
1002	1003	en	kik	challenge_SSA-MTE	hyp1	News	NaN	0.7955
1003	1004	en	kik	challenge_SSA-MTE	hyp1	News	NaN	17.9428
1004	1005	en	kik	challenge_SSA-MTE	hyp1	News	NaN	6.7112
1005	1006	en	kik	challenge_SSA-MTE	hyp1	News	NaN	7.0291
1006	1007	en	kik	challenge_SSA-MTE	hyp1	News	NaN	0.3518
1007	1008	en	kik	challenge_SSA-MTE	hyp1	News	NaN	0.8006
1008	1009	en	kik	challenge_SSA-MTE	hyp1	News	NaN	5.9400
1009	1010	en	kik	challenge_SSA-MTE	hyp1	News	NaN	3.1590
1010	1011	en	kik	challenge_SSA-MTE	hyp1	News	NaN	6.0308
1011	1012	en	kik	challenge_SSA-MTE	hyp1	News	NaN	0.2419
1012	1013	en	kik	challenge_SSA-MTE	hyp1	News	NaN	2.0369
1013	1014	en	kik	challenge_SSA-MTE	hyp1	News	NaN	48.5914
1014	1015	en	kik	challenge_SSA-MTE	hyp1	News	NaN	5.3527
1015	1016	en	kik	challenge_SSA-MTE	hyp1	News	NaN	4.1880
1016	1017	en	kik	challenge_SSA-MTE	hyp1	News	NaN	1.5051
1017	1018	en	kik	challenge_SSA-MTE	hyp1	News	NaN	7.4896
1018	1019	en	kik	challenge_SSA-MTE	hyp1	News	NaN	27.3922
1019	1020	en	kik	challenge_SSA-MTE	hyp1	News	NaN	2.8757
1020	1021	en	kik	challenge_SSA-MTE	hyp1	News	NaN	5.2112
1021	1022	en	kik	challenge_SSA-MTE	hyp1	News	NaN	3.1766
1022	1023	en	kik	challenge_SSA-MTE	hyp1	News	NaN	3.1732
1023	1024	en	kik	challenge_SSA-MTE	hyp1	News	NaN	35.6141
1024	1025	en	kik	challenge_SSA-MTE	hyp1	News	NaN	3.9944
1025	1026	en	kik	challenge_SSA-MTE	hyp1	News	NaN	5.9107
1026	1027	en	kik	challenge_SSA-MTE	hyp1	News	NaN	24.7205
1027	1028	en	kik	challenge_SSA-MTE	hyp1	News	NaN	1.0879
1028	1029	en	kik	challenge_SSA-MTE	hyp1	News	NaN	40.9836
1029	1030	en	kik	challenge_SSA-MTE	hyp1	News	NaN	20.7835
1030	1031	en	kik	challenge_SSA-MTE	hyp1	News	NaN	8.7168
1031	1032	en	kik	challenge_SSA-MTE	hyp1	News	NaN	3.7633
1032	1033	en	kik	challenge_SSA-MTE	hyp1	News	NaN	1.6544
1033	1034	en	kik	challenge_SSA-MTE	hyp1	News	NaN	25.0897
1034	1035	en	kik	challenge_SSA-MTE	hyp1	News	NaN	3.4198
1035	1036	en	kik	challenge_SSA-MTE	hyp1	News	NaN	11.7292
1036	1037	en	kik	challenge_SSA-MTE	hyp1	News	NaN	5.8085
1037	1038	en	kik	challenge_SSA-MTE	hyp1	News	NaN	1.9663
1038	1039	en	kik	challenge_SSA-MTE	hyp1	News	NaN	5.9698
1039	1040	en	kik	challenge_SSA-MTE	hyp1	News	NaN	6.2889
1040	1041	en	kik	challenge_SSA-MTE	hyp1	News	NaN	7.3192
1041	1042	en	kik	challenge_SSA-MTE	hyp1	News	NaN	7.4802
1042	1043	en	kik	challenge_SSA-MTE	hyp1	News	NaN	2.1512
1043	1044	en	kik	challenge_SSA-MTE	hyp1	News	NaN	11.3633
1044	1045	en	kik	challenge_SSA-MTE	hyp1	News	NaN	7.8511
1045	1046	en	kik	challenge_SSA-MTE	hyp1	News	NaN	24.7735
1046	1047	en	kik	challenge_SSA-MTE	hyp1	News	NaN	0.7118
1047	1048	en	kik	challenge_SSA-MTE	hyp1	News	NaN	1.3390
1048	1049	en	kik	challenge_SSA-MTE	hyp1	News	NaN	21.0192
1049	1050	en	kik	challenge_SSA-MTE	hyp1	News	NaN	3.8176
1050	1051	en	kik	challenge_SSA-MTE	hyp1	News	NaN	2.8913
1051	1052	en	kik	challenge_SSA-MTE	hyp1	News	NaN	4.8625
1052	1053	en	kik	challenge_SSA-MTE	hyp1	News	NaN	1.0231
1053	1054	en	kik	challenge_SSA-MTE	hyp1	News	NaN	11.4221
1054	1055	en	kik	challenge_SSA-MTE	hyp1	News	NaN	4.6243
1055	1056	en	kik	challenge_SSA-MTE	hyp1	News	NaN	11.0592
1056	1057	en	kik	challenge_SSA-MTE	hyp1	News	NaN	10.1375
1057	1058	en	kik	challenge_SSA-MTE	hyp1	News	NaN	0.8751
1058	1059	en	kik	challenge_SSA-MTE	hyp1	News	NaN	33.4523
1059	1060	en	kik	challenge_SSA-MTE	hyp1	News	NaN	13.3113
1060	1061	en	kik	challenge_SSA-MTE	hyp1	News	NaN	7.0830
1061	1062	en	kik	challenge_SSA-MTE	hyp1	News	NaN	1.2417
1062	1063	en	kik	challenge_SSA-MTE	hyp1	News	NaN	0.8590
1063	1064	en	kik	challenge_SSA-MTE	hyp1	News	NaN	23.0790
1064	1065	en	kik	challenge_SSA-MTE	hyp1	News	NaN	4.6803
1065	1066	en	kik	challenge_SSA-MTE	hyp1	News	NaN	4.6002
1066	1067	en	kik	challenge_SSA-MTE	hyp1	News	NaN	6.2888
1067	1068	en	kik	challenge_SSA-MTE	hyp1	News	NaN	2.7855
1068	1069	en	kik	challenge_SSA-MTE	hyp1	News	NaN	32.7450
1069	1070	en	kik	challenge_SSA-MTE	hyp1	News	NaN	7.1134
1070	1071	en	kik	challenge_SSA-MTE	hyp1	News	NaN	7.1203
1071	1072	en	kik	challenge_SSA-MTE	hyp1	News	NaN	3.6180
1072	1073	en	kik	challenge_SSA-MTE	hyp1	News	NaN	12.4858
1073	1074	en	kik	challenge_SSA-MTE	hyp1	News	NaN	8.7205
1074	1075	en	kik	challenge_SSA-MTE	hyp1	News	NaN	5.6420
1075	1076	en	kik	challenge_SSA-MTE	hyp1	News	NaN	2.7741
1076	1077	en	kik	challenge_SSA-MTE	hyp1	News	NaN	1.4120
1077	1078	en	kik	challenge_SSA-MTE	hyp1	News	NaN	2.3570
1078	1079	en	kik	challenge_SSA-MTE	hyp1	News	NaN	14.7582
1079	1080	en	kik	challenge_SSA-MTE	hyp1	News	NaN	1.8272
1080	1081	en	kik	challenge_SSA-MTE	hyp1	News	NaN	3.7888
1081	1082	en	kik	challenge_SSA-MTE	hyp1	News	NaN	12.4800
1082	1083	en	kik	challenge_SSA-MTE	hyp1	News	NaN	18.5646
1083	1084	en	kik	challenge_SSA-MTE	hyp1	News	NaN	4.9474
1084	1085	en	kik	challenge_SSA-MTE	hyp1	News	NaN	3.9922
1085	1086	en	kik	challenge_SSA-MTE	hyp1	News	NaN	8.9495
1086	1087	en	kik	challenge_SSA-MTE	hyp1	News	NaN	3.6744
1087	1088	en	kik	challenge_SSA-MTE	hyp1	News	NaN	7.0836
1088	1089	en	kik	challenge_SSA-MTE	hyp1	News	NaN	4.2072
1089	1090	en	kik	challenge_SSA-MTE	hyp1	News	NaN	1.8640
1090	1091	en	kik	challenge_SSA-MTE	hyp1	News	NaN	0.1511
1091	1092	en	kik	challenge_SSA-MTE	hyp1	News	NaN	4.2858
1092	1093	en	kik	challenge_SSA-MTE	hyp1	News	NaN	3.7243
1093	1094	en	kik	challenge_SSA-MTE	hyp1	News	NaN	14.5528
1094	1095	en	kik	challenge_SSA-MTE	hyp1	News	NaN	1.2009
1095	1096	en	kik	challenge_SSA-MTE	hyp1	News	NaN	13.6818
1096	1097	en	kik	challenge_SSA-MTE	hyp1	News	NaN	2.4749
1097	1098	en	kik	challenge_SSA-MTE	hyp1	News	NaN	6.1979
1098	1099	en	kik	challenge_SSA-MTE	hyp1	News	NaN	0.4583
1099	1100	en	kik	challenge_SSA-MTE	hyp1	News	NaN	3.9922
1100	1101	en	kik	challenge_SSA-MTE	hyp1	News	NaN	14.9416
1101	1102	en	kik	challenge_SSA-MTE	hyp1	News	NaN	7.4045
1102	1103	en	kik	challenge_SSA-MTE	hyp1	News	NaN	31.3646
1103	1104	en	kik	challenge_SSA-MTE	hyp1	News	NaN	7.5863
1104	1105	en	kik	challenge_SSA-MTE	hyp1	News	NaN	9.8387
1105	1106	en	kik	challenge_SSA-MTE	hyp1	News	NaN	13.0235
1106	1107	en	kik	challenge_SSA-MTE	hyp1	News	NaN	3.0730
1107	1108	en	kik	challenge_SSA-MTE	hyp1	News	NaN	25.9913
1108	1109	en	kik	challenge_SSA-MTE	hyp1	News	NaN	17.8145
1109	1110	en	kik	challenge_SSA-MTE	hyp1	News	NaN	2.4674
1110	1111	en	kik	challenge_SSA-MTE	hyp1	News	NaN	24.2412
1111	1112	en	kik	challenge_SSA-MTE	hyp1	News	NaN	9.7383
1112	1113	en	kik	challenge_SSA-MTE	hyp1	News	NaN	0.0748
1113	1114	en	kik	challenge_SSA-MTE	hyp1	News	NaN	6.6679
1114	1115	en	kik	challenge_SSA-MTE	hyp1	News	NaN	1.4107
1115	1116	en	kik	challenge_SSA-MTE	hyp1	News	NaN	1.5984
1116	1117	en	kik	challenge_SSA-MTE	hyp1	News	NaN	7.7516
1117	1118	en	kik	challenge_SSA-MTE	hyp1	News	NaN	15.7493
1118	1119	en	kik	challenge_SSA-MTE	hyp1	News	NaN	15.5024
1119	1120	en	kik	challenge_SSA-MTE	hyp1	News	NaN	0.8528
1120	1121	en	kik	challenge_SSA-MTE	hyp1	News	NaN	19.0930
1121	1122	en	kik	challenge_SSA-MTE	hyp1	News	NaN	8.6516
1122	1123	en	kik	challenge_SSA-MTE	hyp1	News	NaN	26.6893
1123	1124	en	kik	challenge_SSA-MTE	hyp1	News	NaN	17.6433
1124	1125	en	kik	challenge_SSA-MTE	hyp1	News	NaN	1.1381
1125	1126	en	kik	challenge_SSA-MTE	hyp1	News	NaN	20.2330
1126	1127	en	kik	challenge_SSA-MTE	hyp1	News	NaN	16.4772
1127	1128	en	kik	challenge_SSA-MTE	hyp1	News	NaN	5.8249
1128	1129	en	kik	challenge_SSA-MTE	hyp1	News	NaN	13.2778
1129	1130	en	kik	challenge_SSA-MTE	hyp1	News	NaN	0.7961
1130	1131	en	kik	challenge_SSA-MTE	hyp1	News	NaN	7.8178
1131	1132	en	kik	challenge_SSA-MTE	hyp1	News	NaN	7.9336
1132	1133	en	kik	challenge_SSA-MTE	hyp1	News	NaN	10.7243
1133	1134	en	kik	challenge_SSA-MTE	hyp1	News	NaN	4.4160
1134	1135	en	kik	challenge_SSA-MTE	hyp1	News	NaN	1.6183
1135	1136	en	kik	challenge_SSA-MTE	hyp1	News	NaN	8.9786
1136	1137	en	kik	challenge_SSA-MTE	hyp1	News	NaN	8.7205
1137	1138	en	kik	challenge_SSA-MTE	hyp1	News	NaN	4.8248
1138	1139	en	kik	challenge_SSA-MTE	hyp1	News	NaN	2.1058
1139	1140	en	kik	challenge_SSA-MTE	hyp1	News	NaN	0.9188
1140	1141	en	kik	challenge_SSA-MTE	hyp1	News	NaN	30.8319
1141	1142	en	kik	challenge_SSA-MTE	hyp1	News	NaN	2.5791
1142	1143	en	kik	challenge_SSA-MTE	hyp1	News	NaN	0.4047
1143	1144	en	kik	challenge_SSA-MTE	hyp1	News	NaN	3.6059
1144	1145	en	kik	challenge_SSA-MTE	hyp1	News	NaN	1.3111
1145	1146	en	kik	challenge_SSA-MTE	hyp1	News	NaN	20.8874
1146	1147	en	kik	challenge_SSA-MTE	hyp1	News	NaN	17.2626
1147	1148	en	kik	challenge_SSA-MTE	hyp1	News	NaN	7.7742
1148	1149	en	kik	challenge_SSA-MTE	hyp1	News	NaN	9.7695
1149	1150	en	kik	challenge_SSA-MTE	hyp1	News	NaN	1.1388
1150	1151	en	kik	challenge_SSA-MTE	hyp1	News	NaN	7.5387
1151	1152	en	kik	challenge_SSA-MTE	hyp1	News	NaN	10.8571
1152	1153	en	kik	challenge_SSA-MTE	hyp1	News	NaN	0.2217
1153	1154	en	kik	challenge_SSA-MTE	hyp1	News	NaN	4.2114
1154	1155	en	kik	challenge_SSA-MTE	hyp1	News	NaN	1.0994
1155	1156	en	kik	challenge_SSA-MTE	hyp1	News	NaN	4.7033
1156	1157	en	kik	challenge_SSA-MTE	hyp1	News	NaN	11.4938
1157	1158	en	kik	challenge_SSA-MTE	hyp1	News	NaN	20.5348
1158	1159	en	kik	challenge_SSA-MTE	hyp1	News	NaN	8.7714
1159	1160	en	kik	challenge_SSA-MTE	hyp1	News	NaN	3.7666
1160	1161	en	kik	challenge_SSA-MTE	hyp1	News	NaN	33.6038
1161	1162	en	kik	challenge_SSA-MTE	hyp1	News	NaN	3.5642
1162	1163	en	kik	challenge_SSA-MTE	hyp1	News	NaN	9.4884
1163	1164	en	kik	challenge_SSA-MTE	hyp1	News	NaN	6.8943
1164	1165	en	kik	challenge_SSA-MTE	hyp1	News	NaN	6.8992
1165	1166	en	kik	challenge_SSA-MTE	hyp1	News	NaN	13.7393
1166	1167	en	kik	challenge_SSA-MTE	hyp1	News	NaN	12.3275
1167	1168	en	kik	challenge_SSA-MTE	hyp1	News	NaN	5.2779
1168	1169	en	kik	challenge_SSA-MTE	hyp1	News	NaN	3.4080
1169	1170	en	kik	challenge_SSA-MTE	hyp1	News	NaN	1.5337
1170	1171	en	kik	challenge_SSA-MTE	hyp1	News	NaN	4.7667
1171	1172	en	kik	challenge_SSA-MTE	hyp1	News	NaN	6.2055
0	1	en	kin	challenge_SSA-MTE	hyp1	News	NaN	11.3396
1	2	en	kin	challenge_SSA-MTE	hyp1	News	NaN	6.7426
2	3	en	kin	challenge_SSA-MTE	hyp1	News	NaN	4.0272
3	4	en	kin	challenge_SSA-MTE	hyp1	News	NaN	4.0272
4	5	en	kin	challenge_SSA-MTE	hyp1	News	NaN	19.7406
5	6	en	kin	challenge_SSA-MTE	hyp1	News	NaN	20.6124
6	7	en	kin	challenge_SSA-MTE	hyp1	News	NaN	15.2707
7	8	en	kin	challenge_SSA-MTE	hyp1	News	NaN	15.1332
8	9	en	kin	challenge_SSA-MTE	hyp1	News	NaN	15.2707
9	10	en	kin	challenge_SSA-MTE	hyp1	News	NaN	15.1819
10	11	en	kin	challenge_SSA-MTE	hyp1	News	NaN	8.4499
11	12	en	kin	challenge_SSA-MTE	hyp1	News	NaN	14.1333
12	13	en	kin	challenge_SSA-MTE	hyp1	News	NaN	26.6473
13	14	en	kin	challenge_SSA-MTE	hyp1	News	NaN	42.3837
14	15	en	kin	challenge_SSA-MTE	hyp1	News	NaN	5.5224
15	16	en	kin	challenge_SSA-MTE	hyp1	News	NaN	12.2231
16	17	en	kin	challenge_SSA-MTE	hyp1	News	NaN	26.6473
17	18	en	kin	challenge_SSA-MTE	hyp1	News	NaN	11.7250
18	19	en	kin	challenge_SSA-MTE	hyp1	News	NaN	18.3707
19	20	en	kin	challenge_SSA-MTE	hyp1	News	NaN	16.7845
20	21	en	kin	challenge_SSA-MTE	hyp1	News	NaN	5.6698
21	22	en	kin	challenge_SSA-MTE	hyp1	News	NaN	6.4139
22	23	en	kin	challenge_SSA-MTE	hyp1	News	NaN	19.4940
23	24	en	kin	challenge_SSA-MTE	hyp1	News	NaN	22.3162
24	25	en	kin	challenge_SSA-MTE	hyp1	News	NaN	20.8732
25	26	en	kin	challenge_SSA-MTE	hyp1	News	NaN	20.6124
26	27	en	kin	challenge_SSA-MTE	hyp1	News	NaN	5.9342
27	28	en	kin	challenge_SSA-MTE	hyp1	News	NaN	16.7845
28	29	en	kin	challenge_SSA-MTE	hyp1	News	NaN	10.7868
29	30	en	kin	challenge_SSA-MTE	hyp1	News	NaN	22.8114
30	31	en	kin	challenge_SSA-MTE	hyp1	News	NaN	7.2707
31	32	en	kin	challenge_SSA-MTE	hyp1	News	NaN	62.6284
32	33	en	kin	challenge_SSA-MTE	hyp1	News	NaN	7.4105
33	34	en	kin	challenge_SSA-MTE	hyp1	News	NaN	4.0654
34	35	en	kin	challenge_SSA-MTE	hyp1	News	NaN	13.1476
35	36	en	kin	challenge_SSA-MTE	hyp1	News	NaN	35.7228
36	37	en	kin	challenge_SSA-MTE	hyp1	News	NaN	16.0805
37	38	en	kin	challenge_SSA-MTE	hyp1	News	NaN	38.0314
38	39	en	kin	challenge_SSA-MTE	hyp1	News	NaN	1.4446
39	40	en	kin	challenge_SSA-MTE	hyp1	News	NaN	63.8194
40	41	en	kin	challenge_SSA-MTE	hyp1	News	NaN	16.7359
41	42	en	kin	challenge_SSA-MTE	hyp1	News	NaN	63.8194
42	43	en	kin	challenge_SSA-MTE	hyp1	News	NaN	68.0375
43	44	en	kin	challenge_SSA-MTE	hyp1	News	NaN	58.7395
44	45	en	kin	challenge_SSA-MTE	hyp1	News	NaN	24.8084
45	46	en	kin	challenge_SSA-MTE	hyp1	News	NaN	58.7395
46	47	en	kin	challenge_SSA-MTE	hyp1	News	NaN	70.7107
47	48	en	kin	challenge_SSA-MTE	hyp1	News	NaN	68.0375
48	49	en	kin	challenge_SSA-MTE	hyp1	News	NaN	16.0178
49	50	en	kin	challenge_SSA-MTE	hyp1	News	NaN	17.0983
50	51	en	kin	challenge_SSA-MTE	hyp1	News	NaN	8.2260
51	52	en	kin	challenge_SSA-MTE	hyp1	News	NaN	20.4480
52	53	en	kin	challenge_SSA-MTE	hyp1	News	NaN	15.8512
53	54	en	kin	challenge_SSA-MTE	hyp1	News	NaN	30.6615
54	55	en	kin	challenge_SSA-MTE	hyp1	News	NaN	18.3603
55	56	en	kin	challenge_SSA-MTE	hyp1	News	NaN	47.9878
56	57	en	kin	challenge_SSA-MTE	hyp1	News	NaN	41.1134
57	58	en	kin	challenge_SSA-MTE	hyp1	News	NaN	20.5567
58	59	en	kin	challenge_SSA-MTE	hyp1	News	NaN	11.3396
59	60	en	kin	challenge_SSA-MTE	hyp1	News	NaN	15.8512
60	61	en	kin	challenge_SSA-MTE	hyp1	News	NaN	23.9011
61	62	en	kin	challenge_SSA-MTE	hyp1	News	NaN	64.1387
62	63	en	kin	challenge_SSA-MTE	hyp1	News	NaN	12.3203
63	64	en	kin	challenge_SSA-MTE	hyp1	News	NaN	9.6693
64	65	en	kin	challenge_SSA-MTE	hyp1	News	NaN	36.0299
65	66	en	kin	challenge_SSA-MTE	hyp1	News	NaN	34.4844
66	67	en	kin	challenge_SSA-MTE	hyp1	News	NaN	32.1249
67	68	en	kin	challenge_SSA-MTE	hyp1	News	NaN	65.5983
68	69	en	kin	challenge_SSA-MTE	hyp1	News	NaN	26.8017
69	70	en	kin	challenge_SSA-MTE	hyp1	News	NaN	45.9804
70	71	en	kin	challenge_SSA-MTE	hyp1	News	NaN	31.0702
71	72	en	kin	challenge_SSA-MTE	hyp1	News	NaN	32.5478
72	73	en	kin	challenge_SSA-MTE	hyp1	News	NaN	67.8650
73	74	en	kin	challenge_SSA-MTE	hyp1	News	NaN	67.8650
74	75	en	kin	challenge_SSA-MTE	hyp1	News	NaN	25.2119
75	76	en	kin	challenge_SSA-MTE	hyp1	News	NaN	53.7285
76	77	en	kin	challenge_SSA-MTE	hyp1	News	NaN	43.3619
77	78	en	kin	challenge_SSA-MTE	hyp1	News	NaN	15.0652
78	79	en	kin	challenge_SSA-MTE	hyp1	News	NaN	20.9734
79	80	en	kin	challenge_SSA-MTE	hyp1	News	NaN	3.7760
80	81	en	kin	challenge_SSA-MTE	hyp1	News	NaN	9.2603
81	82	en	kin	challenge_SSA-MTE	hyp1	News	NaN	6.5957
82	83	en	kin	challenge_SSA-MTE	hyp1	News	NaN	15.3738
83	84	en	kin	challenge_SSA-MTE	hyp1	News	NaN	72.9257
84	85	en	kin	challenge_SSA-MTE	hyp1	News	NaN	31.7023
85	86	en	kin	challenge_SSA-MTE	hyp1	News	NaN	15.1487
86	87	en	kin	challenge_SSA-MTE	hyp1	News	NaN	31.7023
87	88	en	kin	challenge_SSA-MTE	hyp1	News	NaN	23.8018
88	89	en	kin	challenge_SSA-MTE	hyp1	News	NaN	15.1487
89	90	en	kin	challenge_SSA-MTE	hyp1	News	NaN	49.7357
90	91	en	kin	challenge_SSA-MTE	hyp1	News	NaN	49.7357
91	92	en	kin	challenge_SSA-MTE	hyp1	News	NaN	40.8960
92	93	en	kin	challenge_SSA-MTE	hyp1	News	NaN	44.8339
93	94	en	kin	challenge_SSA-MTE	hyp1	News	NaN	40.8960
94	95	en	kin	challenge_SSA-MTE	hyp1	News	NaN	5.6698
95	96	en	kin	challenge_SSA-MTE	hyp1	News	NaN	9.7470
96	97	en	kin	challenge_SSA-MTE	hyp1	News	NaN	4.7677
97	98	en	kin	challenge_SSA-MTE	hyp1	News	NaN	0.6867
98	99	en	kin	challenge_SSA-MTE	hyp1	News	NaN	4.9352
99	100	en	kin	challenge_SSA-MTE	hyp1	News	NaN	19.0708
100	101	en	kin	challenge_SSA-MTE	hyp1	News	NaN	15.1332
101	102	en	kin	challenge_SSA-MTE	hyp1	News	NaN	35.0844
102	103	en	kin	challenge_SSA-MTE	hyp1	News	NaN	6.7543
103	104	en	kin	challenge_SSA-MTE	hyp1	News	NaN	8.9138
104	105	en	kin	challenge_SSA-MTE	hyp1	News	NaN	4.5400
105	106	en	kin	challenge_SSA-MTE	hyp1	News	NaN	8.4037
106	107	en	kin	challenge_SSA-MTE	hyp1	News	NaN	6.1024
107	108	en	kin	challenge_SSA-MTE	hyp1	News	NaN	6.1676
108	109	en	kin	challenge_SSA-MTE	hyp1	News	NaN	3.1307
109	110	en	kin	challenge_SSA-MTE	hyp1	News	NaN	5.2097
110	111	en	kin	challenge_SSA-MTE	hyp1	News	NaN	5.0971
111	112	en	kin	challenge_SSA-MTE	hyp1	News	NaN	12.5341
112	113	en	kin	challenge_SSA-MTE	hyp1	News	NaN	10.5527
113	114	en	kin	challenge_SSA-MTE	hyp1	News	NaN	11.8684
114	115	en	kin	challenge_SSA-MTE	hyp1	News	NaN	4.0272
115	116	en	kin	challenge_SSA-MTE	hyp1	News	NaN	19.4940
116	117	en	kin	challenge_SSA-MTE	hyp1	News	NaN	19.4940
117	118	en	kin	challenge_SSA-MTE	hyp1	News	NaN	30.5098
118	119	en	kin	challenge_SSA-MTE	hyp1	News	NaN	18.9224
119	120	en	kin	challenge_SSA-MTE	hyp1	News	NaN	14.5952
120	121	en	kin	challenge_SSA-MTE	hyp1	News	NaN	11.2038
121	122	en	kin	challenge_SSA-MTE	hyp1	News	NaN	7.1418
122	123	en	kin	challenge_SSA-MTE	hyp1	News	NaN	19.7674
123	124	en	kin	challenge_SSA-MTE	hyp1	News	NaN	14.5952
124	125	en	kin	challenge_SSA-MTE	hyp1	News	NaN	65.4891
125	126	en	kin	challenge_SSA-MTE	hyp1	News	NaN	64.9635
126	127	en	kin	challenge_SSA-MTE	hyp1	News	NaN	23.4624
127	128	en	kin	challenge_SSA-MTE	hyp1	News	NaN	12.5493
128	129	en	kin	challenge_SSA-MTE	hyp1	News	NaN	20.1310
129	130	en	kin	challenge_SSA-MTE	hyp1	News	NaN	29.7971
130	131	en	kin	challenge_SSA-MTE	hyp1	News	NaN	44.7102
131	132	en	kin	challenge_SSA-MTE	hyp1	News	NaN	39.1236
132	133	en	kin	challenge_SSA-MTE	hyp1	News	NaN	7.3471
133	134	en	kin	challenge_SSA-MTE	hyp1	News	NaN	41.2491
134	135	en	kin	challenge_SSA-MTE	hyp1	News	NaN	53.9059
135	136	en	kin	challenge_SSA-MTE	hyp1	News	NaN	8.0464
136	137	en	kin	challenge_SSA-MTE	hyp1	News	NaN	76.1161
137	138	en	kin	challenge_SSA-MTE	hyp1	News	NaN	49.0538
138	139	en	kin	challenge_SSA-MTE	hyp1	News	NaN	47.4433
139	140	en	kin	challenge_SSA-MTE	hyp1	News	NaN	50.6655
140	141	en	kin	challenge_SSA-MTE	hyp1	News	NaN	50.5197
141	142	en	kin	challenge_SSA-MTE	hyp1	News	NaN	42.4818
142	143	en	kin	challenge_SSA-MTE	hyp1	News	NaN	52.5382
143	144	en	kin	challenge_SSA-MTE	hyp1	News	NaN	88.0112
144	145	en	kin	challenge_SSA-MTE	hyp1	News	NaN	45.1801
145	146	en	kin	challenge_SSA-MTE	hyp1	News	NaN	26.2691
146	147	en	kin	challenge_SSA-MTE	hyp1	News	NaN	100.0000
147	148	en	kin	challenge_SSA-MTE	hyp1	News	NaN	65.8037
148	149	en	kin	challenge_SSA-MTE	hyp1	News	NaN	8.4037
149	150	en	kin	challenge_SSA-MTE	hyp1	News	NaN	10.6003
150	151	en	kin	challenge_SSA-MTE	hyp1	News	NaN	4.5152
151	152	en	kin	challenge_SSA-MTE	hyp1	News	NaN	16.0585
152	153	en	kin	challenge_SSA-MTE	hyp1	News	NaN	4.9951
153	154	en	kin	challenge_SSA-MTE	hyp1	News	NaN	4.4569
154	155	en	kin	challenge_SSA-MTE	hyp1	News	NaN	14.0128
155	156	en	kin	challenge_SSA-MTE	hyp1	News	NaN	14.0128
156	157	en	kin	challenge_SSA-MTE	hyp1	News	NaN	11.2510
157	158	en	kin	challenge_SSA-MTE	hyp1	News	NaN	14.0128
158	159	en	kin	challenge_SSA-MTE	hyp1	News	NaN	5.7738
159	160	en	kin	challenge_SSA-MTE	hyp1	News	NaN	14.0128
160	161	en	kin	challenge_SSA-MTE	hyp1	News	NaN	48.8493
161	162	en	kin	challenge_SSA-MTE	hyp1	News	NaN	49.1368
162	163	en	kin	challenge_SSA-MTE	hyp1	News	NaN	9.9140
163	164	en	kin	challenge_SSA-MTE	hyp1	News	NaN	12.5444
164	165	en	kin	challenge_SSA-MTE	hyp1	News	NaN	15.1547
165	166	en	kin	challenge_SSA-MTE	hyp1	News	NaN	33.1388
166	167	en	kin	challenge_SSA-MTE	hyp1	News	NaN	5.3002
167	168	en	kin	challenge_SSA-MTE	hyp1	News	NaN	10.5527
168	169	en	kin	challenge_SSA-MTE	hyp1	News	NaN	8.2952
169	170	en	kin	challenge_SSA-MTE	hyp1	News	NaN	4.7677
170	171	en	kin	challenge_SSA-MTE	hyp1	News	NaN	7.8098
171	172	en	kin	challenge_SSA-MTE	hyp1	News	NaN	7.8098
172	173	en	kin	challenge_SSA-MTE	hyp1	News	NaN	17.1855
173	174	en	kin	challenge_SSA-MTE	hyp1	News	NaN	5.1130
174	175	en	kin	challenge_SSA-MTE	hyp1	News	NaN	9.9325
175	176	en	kin	challenge_SSA-MTE	hyp1	News	NaN	5.1093
176	177	en	kin	challenge_SSA-MTE	hyp1	News	NaN	4.3074
177	178	en	kin	challenge_SSA-MTE	hyp1	News	NaN	6.0760
178	179	en	kin	challenge_SSA-MTE	hyp1	News	NaN	20.5898
179	180	en	kin	challenge_SSA-MTE	hyp1	News	NaN	24.2757
180	181	en	kin	challenge_SSA-MTE	hyp1	News	NaN	18.3030
181	182	en	kin	challenge_SSA-MTE	hyp1	News	NaN	9.3796
182	183	en	kin	challenge_SSA-MTE	hyp1	News	NaN	18.0651
183	184	en	kin	challenge_SSA-MTE	hyp1	News	NaN	3.9989
184	185	en	kin	challenge_SSA-MTE	hyp1	News	NaN	28.2252
185	186	en	kin	challenge_SSA-MTE	hyp1	News	NaN	31.6242
186	187	en	kin	challenge_SSA-MTE	hyp1	News	NaN	27.4062
187	188	en	kin	challenge_SSA-MTE	hyp1	News	NaN	17.7259
188	189	en	kin	challenge_SSA-MTE	hyp1	News	NaN	31.7444
189	190	en	kin	challenge_SSA-MTE	hyp1	News	NaN	29.4899
190	191	en	kin	challenge_SSA-MTE	hyp1	News	NaN	13.0651
191	192	en	kin	challenge_SSA-MTE	hyp1	News	NaN	12.0111
192	193	en	kin	challenge_SSA-MTE	hyp1	News	NaN	5.9342
193	194	en	kin	challenge_SSA-MTE	hyp1	News	NaN	10.5118
194	195	en	kin	challenge_SSA-MTE	hyp1	News	NaN	10.5527
195	196	en	kin	challenge_SSA-MTE	hyp1	News	NaN	26.2025
196	197	en	kin	challenge_SSA-MTE	hyp1	News	NaN	5.3286
197	198	en	kin	challenge_SSA-MTE	hyp1	News	NaN	28.8898
198	199	en	kin	challenge_SSA-MTE	hyp1	News	NaN	2.8398
199	200	en	kin	challenge_SSA-MTE	hyp1	News	NaN	10.9349
200	201	en	kin	challenge_SSA-MTE	hyp1	News	NaN	20.1054
201	202	en	kin	challenge_SSA-MTE	hyp1	News	NaN	6.5858
202	203	en	kin	challenge_SSA-MTE	hyp1	News	NaN	23.0210
203	204	en	kin	challenge_SSA-MTE	hyp1	News	NaN	15.7278
204	205	en	kin	challenge_SSA-MTE	hyp1	News	NaN	13.3980
205	206	en	kin	challenge_SSA-MTE	hyp1	News	NaN	24.8084
206	207	en	kin	challenge_SSA-MTE	hyp1	News	NaN	17.4743
207	208	en	kin	challenge_SSA-MTE	hyp1	News	NaN	57.6084
208	209	en	kin	challenge_SSA-MTE	hyp1	News	NaN	53.1697
209	210	en	kin	challenge_SSA-MTE	hyp1	News	NaN	83.8577
210	211	en	kin	challenge_SSA-MTE	hyp1	News	NaN	19.5648
211	212	en	kin	challenge_SSA-MTE	hyp1	News	NaN	25.7487
212	213	en	kin	challenge_SSA-MTE	hyp1	News	NaN	36.6193
213	214	en	kin	challenge_SSA-MTE	hyp1	News	NaN	33.8871
214	215	en	kin	challenge_SSA-MTE	hyp1	News	NaN	5.8427
215	216	en	kin	challenge_SSA-MTE	hyp1	News	NaN	25.3891
216	217	en	kin	challenge_SSA-MTE	hyp1	News	NaN	2.9535
217	218	en	kin	challenge_SSA-MTE	hyp1	News	NaN	30.0247
218	219	en	kin	challenge_SSA-MTE	hyp1	News	NaN	17.2185
219	220	en	kin	challenge_SSA-MTE	hyp1	News	NaN	21.1413
220	221	en	kin	challenge_SSA-MTE	hyp1	News	NaN	43.4539
221	222	en	kin	challenge_SSA-MTE	hyp1	News	NaN	17.6093
222	223	en	kin	challenge_SSA-MTE	hyp1	News	NaN	2.4525
223	224	en	kin	challenge_SSA-MTE	hyp1	News	NaN	7.3526
224	225	en	kin	challenge_SSA-MTE	hyp1	News	NaN	6.1024
225	226	en	kin	challenge_SSA-MTE	hyp1	News	NaN	7.6924
226	227	en	kin	challenge_SSA-MTE	hyp1	News	NaN	29.0537
227	228	en	kin	challenge_SSA-MTE	hyp1	News	NaN	48.2010
228	229	en	kin	challenge_SSA-MTE	hyp1	News	NaN	4.0161
229	230	en	kin	challenge_SSA-MTE	hyp1	News	NaN	6.5061
230	231	en	kin	challenge_SSA-MTE	hyp1	News	NaN	14.5269
231	232	en	kin	challenge_SSA-MTE	hyp1	News	NaN	6.2256
232	233	en	kin	challenge_SSA-MTE	hyp1	News	NaN	20.1248
233	234	en	kin	challenge_SSA-MTE	hyp1	News	NaN	5.3366
234	235	en	kin	challenge_SSA-MTE	hyp1	News	NaN	3.1732
235	236	en	kin	challenge_SSA-MTE	hyp1	News	NaN	5.5463
236	237	en	kin	challenge_SSA-MTE	hyp1	News	NaN	3.2319
237	238	en	kin	challenge_SSA-MTE	hyp1	News	NaN	4.9742
238	239	en	kin	challenge_SSA-MTE	hyp1	News	NaN	32.7948
239	240	en	kin	challenge_SSA-MTE	hyp1	News	NaN	32.7948
240	241	en	kin	challenge_SSA-MTE	hyp1	News	NaN	15.3965
241	242	en	kin	challenge_SSA-MTE	hyp1	News	NaN	26.5848
242	243	en	kin	challenge_SSA-MTE	hyp1	News	NaN	32.7948
243	244	en	kin	challenge_SSA-MTE	hyp1	News	NaN	31.8432
244	245	en	kin	challenge_SSA-MTE	hyp1	News	NaN	53.9059
245	246	en	kin	challenge_SSA-MTE	hyp1	News	NaN	57.6084
246	247	en	kin	challenge_SSA-MTE	hyp1	News	NaN	12.2278
247	248	en	kin	challenge_SSA-MTE	hyp1	News	NaN	31.6149
248	249	en	kin	challenge_SSA-MTE	hyp1	News	NaN	13.8323
249	250	en	kin	challenge_SSA-MTE	hyp1	News	NaN	14.8210
250	251	en	kin	challenge_SSA-MTE	hyp1	News	NaN	6.7253
251	252	en	kin	challenge_SSA-MTE	hyp1	News	NaN	9.5154
252	253	en	kin	challenge_SSA-MTE	hyp1	News	NaN	6.0196
253	254	en	kin	challenge_SSA-MTE	hyp1	News	NaN	3.6763
254	255	en	kin	challenge_SSA-MTE	hyp1	News	NaN	6.4798
255	256	en	kin	challenge_SSA-MTE	hyp1	News	NaN	56.4051
256	257	en	kin	challenge_SSA-MTE	hyp1	News	NaN	55.2876
257	258	en	kin	challenge_SSA-MTE	hyp1	News	NaN	4.7258
258	259	en	kin	challenge_SSA-MTE	hyp1	News	NaN	8.9103
259	260	en	kin	challenge_SSA-MTE	hyp1	News	NaN	13.4897
260	261	en	kin	challenge_SSA-MTE	hyp1	News	NaN	26.8417
261	262	en	kin	challenge_SSA-MTE	hyp1	News	NaN	10.2745
262	263	en	kin	challenge_SSA-MTE	hyp1	News	NaN	15.7278
263	264	en	kin	challenge_SSA-MTE	hyp1	News	NaN	2.9083
264	265	en	kin	challenge_SSA-MTE	hyp1	News	NaN	16.7648
265	266	en	kin	challenge_SSA-MTE	hyp1	News	NaN	4.5037
266	267	en	kin	challenge_SSA-MTE	hyp1	News	NaN	67.0342
267	268	en	kin	challenge_SSA-MTE	hyp1	News	NaN	2.2999
268	269	en	kin	challenge_SSA-MTE	hyp1	News	NaN	5.0263
269	270	en	kin	challenge_SSA-MTE	hyp1	News	NaN	2.7197
270	271	en	kin	challenge_SSA-MTE	hyp1	News	NaN	2.7321
271	272	en	kin	challenge_SSA-MTE	hyp1	News	NaN	2.7423
272	273	en	kin	challenge_SSA-MTE	hyp1	News	NaN	2.7321
273	274	en	kin	challenge_SSA-MTE	hyp1	News	NaN	25.1072
274	275	en	kin	challenge_SSA-MTE	hyp1	News	NaN	27.6949
275	276	en	kin	challenge_SSA-MTE	hyp1	News	NaN	8.3522
276	277	en	kin	challenge_SSA-MTE	hyp1	News	NaN	7.2478
277	278	en	kin	challenge_SSA-MTE	hyp1	News	NaN	22.1201
278	279	en	kin	challenge_SSA-MTE	hyp1	News	NaN	17.6628
279	280	en	kin	challenge_SSA-MTE	hyp1	News	NaN	21.5864
280	281	en	kin	challenge_SSA-MTE	hyp1	News	NaN	13.7925
281	282	en	kin	challenge_SSA-MTE	hyp1	News	NaN	7.8356
282	283	en	kin	challenge_SSA-MTE	hyp1	News	NaN	13.1476
283	284	en	kin	challenge_SSA-MTE	hyp1	News	NaN	22.4345
284	285	en	kin	challenge_SSA-MTE	hyp1	News	NaN	15.9094
285	286	en	kin	challenge_SSA-MTE	hyp1	News	NaN	16.5039
286	287	en	kin	challenge_SSA-MTE	hyp1	News	NaN	30.2770
287	288	en	kin	challenge_SSA-MTE	hyp1	News	NaN	5.3099
288	289	en	kin	challenge_SSA-MTE	hyp1	News	NaN	13.3846
289	290	en	kin	challenge_SSA-MTE	hyp1	News	NaN	5.4515
290	291	en	kin	challenge_SSA-MTE	hyp1	News	NaN	15.9170
291	292	en	kin	challenge_SSA-MTE	hyp1	News	NaN	26.6479
292	293	en	kin	challenge_SSA-MTE	hyp1	News	NaN	28.6276
293	294	en	kin	challenge_SSA-MTE	hyp1	News	NaN	6.3005
294	295	en	kin	challenge_SSA-MTE	hyp1	News	NaN	21.1923
295	296	en	kin	challenge_SSA-MTE	hyp1	News	NaN	11.5758
296	297	en	kin	challenge_SSA-MTE	hyp1	News	NaN	6.8386
297	298	en	kin	challenge_SSA-MTE	hyp1	News	NaN	12.9206
298	299	en	kin	challenge_SSA-MTE	hyp1	News	NaN	42.6436
299	300	en	kin	challenge_SSA-MTE	hyp1	News	NaN	2.9110
300	301	en	kin	challenge_SSA-MTE	hyp1	News	NaN	11.6333
301	302	en	kin	challenge_SSA-MTE	hyp1	News	NaN	11.0188
302	303	en	kin	challenge_SSA-MTE	hyp1	News	NaN	3.1497
303	304	en	kin	challenge_SSA-MTE	hyp1	News	NaN	8.7096
304	305	en	kin	challenge_SSA-MTE	hyp1	News	NaN	11.9971
305	306	en	kin	challenge_SSA-MTE	hyp1	News	NaN	2.6915
306	307	en	kin	challenge_SSA-MTE	hyp1	News	NaN	4.5829
307	308	en	kin	challenge_SSA-MTE	hyp1	News	NaN	4.8897
308	309	en	kin	challenge_SSA-MTE	hyp1	News	NaN	4.6575
309	310	en	kin	challenge_SSA-MTE	hyp1	News	NaN	2.4427
310	311	en	kin	challenge_SSA-MTE	hyp1	News	NaN	2.8265
311	312	en	kin	challenge_SSA-MTE	hyp1	News	NaN	3.3772
312	313	en	kin	challenge_SSA-MTE	hyp1	News	NaN	2.4075
313	314	en	kin	challenge_SSA-MTE	hyp1	News	NaN	6.2504
314	315	en	kin	challenge_SSA-MTE	hyp1	News	NaN	2.6643
315	316	en	kin	challenge_SSA-MTE	hyp1	News	NaN	56.4276
316	317	en	kin	challenge_SSA-MTE	hyp1	News	NaN	45.2635
317	318	en	kin	challenge_SSA-MTE	hyp1	News	NaN	22.6127
318	319	en	kin	challenge_SSA-MTE	hyp1	News	NaN	24.4018
319	320	en	kin	challenge_SSA-MTE	hyp1	News	NaN	40.5796
320	321	en	kin	challenge_SSA-MTE	hyp1	News	NaN	24.9955
321	322	en	kin	challenge_SSA-MTE	hyp1	News	NaN	17.7660
322	323	en	kin	challenge_SSA-MTE	hyp1	News	NaN	17.7660
323	324	en	kin	challenge_SSA-MTE	hyp1	News	NaN	5.3669
324	325	en	kin	challenge_SSA-MTE	hyp1	News	NaN	11.0695
325	326	en	kin	challenge_SSA-MTE	hyp1	News	NaN	15.3517
326	327	en	kin	challenge_SSA-MTE	hyp1	News	NaN	6.9995
327	328	en	kin	challenge_SSA-MTE	hyp1	News	NaN	18.7255
328	329	en	kin	challenge_SSA-MTE	hyp1	News	NaN	36.3941
329	330	en	kin	challenge_SSA-MTE	hyp1	News	NaN	46.2624
330	331	en	kin	challenge_SSA-MTE	hyp1	News	NaN	32.8418
331	332	en	kin	challenge_SSA-MTE	hyp1	News	NaN	11.7752
332	333	en	kin	challenge_SSA-MTE	hyp1	News	NaN	41.1555
333	334	en	kin	challenge_SSA-MTE	hyp1	News	NaN	40.3124
334	335	en	kin	challenge_SSA-MTE	hyp1	News	NaN	35.3212
335	336	en	kin	challenge_SSA-MTE	hyp1	News	NaN	15.4488
336	337	en	kin	challenge_SSA-MTE	hyp1	News	NaN	24.5421
337	338	en	kin	challenge_SSA-MTE	hyp1	News	NaN	30.4030
338	339	en	kin	challenge_SSA-MTE	hyp1	News	NaN	56.3281
339	340	en	kin	challenge_SSA-MTE	hyp1	News	NaN	20.5239
340	341	en	kin	challenge_SSA-MTE	hyp1	News	NaN	13.0902
341	342	en	kin	challenge_SSA-MTE	hyp1	News	NaN	16.6911
342	343	en	kin	challenge_SSA-MTE	hyp1	News	NaN	5.4309
343	344	en	kin	challenge_SSA-MTE	hyp1	News	NaN	16.6526
344	345	en	kin	challenge_SSA-MTE	hyp1	News	NaN	14.3441
345	346	en	kin	challenge_SSA-MTE	hyp1	News	NaN	39.9219
346	347	en	kin	challenge_SSA-MTE	hyp1	News	NaN	20.1471
347	348	en	kin	challenge_SSA-MTE	hyp1	News	NaN	26.7573
348	349	en	kin	challenge_SSA-MTE	hyp1	News	NaN	14.3441
349	350	en	kin	challenge_SSA-MTE	hyp1	News	NaN	19.6922
350	351	en	kin	challenge_SSA-MTE	hyp1	News	NaN	4.1803
351	352	en	kin	challenge_SSA-MTE	hyp1	News	NaN	10.1652
352	353	en	kin	challenge_SSA-MTE	hyp1	News	NaN	3.2186
353	354	en	kin	challenge_SSA-MTE	hyp1	News	NaN	13.7925
354	355	en	kin	challenge_SSA-MTE	hyp1	News	NaN	4.3962
355	356	en	kin	challenge_SSA-MTE	hyp1	News	NaN	16.4495
356	357	en	kin	challenge_SSA-MTE	hyp1	News	NaN	44.1847
357	358	en	kin	challenge_SSA-MTE	hyp1	News	NaN	18.9752
358	359	en	kin	challenge_SSA-MTE	hyp1	News	NaN	10.0265
359	360	en	kin	challenge_SSA-MTE	hyp1	News	NaN	6.1961
360	361	en	kin	challenge_SSA-MTE	hyp1	News	NaN	28.1641
361	362	en	kin	challenge_SSA-MTE	hyp1	News	NaN	26.3595
362	363	en	kin	challenge_SSA-MTE	hyp1	News	NaN	39.5696
363	364	en	kin	challenge_SSA-MTE	hyp1	News	NaN	48.8101
364	365	en	kin	challenge_SSA-MTE	hyp1	News	NaN	14.9628
365	366	en	kin	challenge_SSA-MTE	hyp1	News	NaN	37.3921
366	367	en	kin	challenge_SSA-MTE	hyp1	News	NaN	19.5082
367	368	en	kin	challenge_SSA-MTE	hyp1	News	NaN	30.9428
368	369	en	kin	challenge_SSA-MTE	hyp1	News	NaN	33.5070
369	370	en	kin	challenge_SSA-MTE	hyp1	News	NaN	7.9559
370	371	en	kin	challenge_SSA-MTE	hyp1	News	NaN	5.8166
371	372	en	kin	challenge_SSA-MTE	hyp1	News	NaN	7.9559
372	373	en	kin	challenge_SSA-MTE	hyp1	News	NaN	7.4398
373	374	en	kin	challenge_SSA-MTE	hyp1	News	NaN	6.1503
374	375	en	kin	challenge_SSA-MTE	hyp1	News	NaN	20.3334
375	376	en	kin	challenge_SSA-MTE	hyp1	News	NaN	20.3334
376	377	en	kin	challenge_SSA-MTE	hyp1	News	NaN	2.8127
377	378	en	kin	challenge_SSA-MTE	hyp1	News	NaN	13.9735
378	379	en	kin	challenge_SSA-MTE	hyp1	News	NaN	6.7861
379	380	en	kin	challenge_SSA-MTE	hyp1	News	NaN	7.1586
380	381	en	kin	challenge_SSA-MTE	hyp1	News	NaN	32.3932
381	382	en	kin	challenge_SSA-MTE	hyp1	News	NaN	41.1511
382	383	en	kin	challenge_SSA-MTE	hyp1	News	NaN	21.5761
383	384	en	kin	challenge_SSA-MTE	hyp1	News	NaN	22.7868
384	385	en	kin	challenge_SSA-MTE	hyp1	News	NaN	44.4761
385	386	en	kin	challenge_SSA-MTE	hyp1	News	NaN	18.7852
386	387	en	kin	challenge_SSA-MTE	hyp1	News	NaN	31.4556
387	388	en	kin	challenge_SSA-MTE	hyp1	News	NaN	26.5848
388	389	en	kin	challenge_SSA-MTE	hyp1	News	NaN	12.3562
389	390	en	kin	challenge_SSA-MTE	hyp1	News	NaN	7.4956
390	391	en	kin	challenge_SSA-MTE	hyp1	News	NaN	13.9123
391	392	en	kin	challenge_SSA-MTE	hyp1	News	NaN	12.9532
392	393	en	kin	challenge_SSA-MTE	hyp1	News	NaN	11.6439
393	394	en	kin	challenge_SSA-MTE	hyp1	News	NaN	3.2186
394	395	en	kin	challenge_SSA-MTE	hyp1	News	NaN	4.1411
395	396	en	kin	challenge_SSA-MTE	hyp1	News	NaN	3.1443
396	397	en	kin	challenge_SSA-MTE	hyp1	News	NaN	11.9809
397	398	en	kin	challenge_SSA-MTE	hyp1	News	NaN	41.4905
398	399	en	kin	challenge_SSA-MTE	hyp1	News	NaN	70.8142
399	400	en	kin	challenge_SSA-MTE	hyp1	News	NaN	40.4119
400	401	en	kin	challenge_SSA-MTE	hyp1	News	NaN	47.0280
401	402	en	kin	challenge_SSA-MTE	hyp1	News	NaN	40.2767
402	403	en	kin	challenge_SSA-MTE	hyp1	News	NaN	10.8304
403	404	en	kin	challenge_SSA-MTE	hyp1	News	NaN	47.0243
404	405	en	kin	challenge_SSA-MTE	hyp1	News	NaN	61.6036
405	406	en	kin	challenge_SSA-MTE	hyp1	News	NaN	17.0558
406	407	en	kin	challenge_SSA-MTE	hyp1	News	NaN	7.7388
407	408	en	kin	challenge_SSA-MTE	hyp1	News	NaN	32.5478
408	409	en	kin	challenge_SSA-MTE	hyp1	News	NaN	47.9237
409	410	en	kin	challenge_SSA-MTE	hyp1	News	NaN	9.2649
410	411	en	kin	challenge_SSA-MTE	hyp1	News	NaN	11.0774
411	412	en	kin	challenge_SSA-MTE	hyp1	News	NaN	5.5178
412	413	en	kin	challenge_SSA-MTE	hyp1	News	NaN	5.3366
413	414	en	kin	challenge_SSA-MTE	hyp1	News	NaN	19.5540
414	415	en	kin	challenge_SSA-MTE	hyp1	News	NaN	5.4958
415	416	en	kin	challenge_SSA-MTE	hyp1	News	NaN	54.9996
416	417	en	kin	challenge_SSA-MTE	hyp1	News	NaN	62.6859
417	418	en	kin	challenge_SSA-MTE	hyp1	News	NaN	6.4489
418	419	en	kin	challenge_SSA-MTE	hyp1	News	NaN	6.6800
419	420	en	kin	challenge_SSA-MTE	hyp1	News	NaN	18.2402
420	421	en	kin	challenge_SSA-MTE	hyp1	News	NaN	12.1075
421	422	en	kin	challenge_SSA-MTE	hyp1	News	NaN	26.2795
422	423	en	kin	challenge_SSA-MTE	hyp1	News	NaN	2.7157
423	424	en	kin	challenge_SSA-MTE	hyp1	News	NaN	15.9170
424	425	en	kin	challenge_SSA-MTE	hyp1	News	NaN	15.8800
425	426	en	kin	challenge_SSA-MTE	hyp1	News	NaN	15.3848
426	427	en	kin	challenge_SSA-MTE	hyp1	News	NaN	43.4224
427	428	en	kin	challenge_SSA-MTE	hyp1	News	NaN	36.6513
428	429	en	kin	challenge_SSA-MTE	hyp1	News	NaN	19.2095
429	430	en	kin	challenge_SSA-MTE	hyp1	News	NaN	11.7942
430	431	en	kin	challenge_SSA-MTE	hyp1	News	NaN	15.3045
431	432	en	kin	challenge_SSA-MTE	hyp1	News	NaN	22.7868
432	433	en	kin	challenge_SSA-MTE	hyp1	News	NaN	11.6651
433	434	en	kin	challenge_SSA-MTE	hyp1	News	NaN	24.6229
434	435	en	kin	challenge_SSA-MTE	hyp1	News	NaN	19.1208
435	436	en	kin	challenge_SSA-MTE	hyp1	News	NaN	24.6240
436	437	en	kin	challenge_SSA-MTE	hyp1	News	NaN	10.2162
437	438	en	kin	challenge_SSA-MTE	hyp1	News	NaN	18.1673
438	439	en	kin	challenge_SSA-MTE	hyp1	News	NaN	6.1044
439	440	en	kin	challenge_SSA-MTE	hyp1	News	NaN	33.6558
440	441	en	kin	challenge_SSA-MTE	hyp1	News	NaN	2.3287
441	442	en	kin	challenge_SSA-MTE	hyp1	News	NaN	2.9540
442	443	en	kin	challenge_SSA-MTE	hyp1	News	NaN	8.4686
443	444	en	kin	challenge_SSA-MTE	hyp1	News	NaN	10.5215
444	445	en	kin	challenge_SSA-MTE	hyp1	News	NaN	20.5949
445	446	en	kin	challenge_SSA-MTE	hyp1	News	NaN	32.9416
446	447	en	kin	challenge_SSA-MTE	hyp1	News	NaN	10.2500
447	448	en	kin	challenge_SSA-MTE	hyp1	News	NaN	28.3393
448	449	en	kin	challenge_SSA-MTE	hyp1	News	NaN	14.1335
449	450	en	kin	challenge_SSA-MTE	hyp1	News	NaN	28.6487
450	451	en	kin	challenge_SSA-MTE	hyp1	News	NaN	15.2168
451	452	en	kin	challenge_SSA-MTE	hyp1	News	NaN	27.6851
452	453	en	kin	challenge_SSA-MTE	hyp1	News	NaN	11.3947
453	454	en	kin	challenge_SSA-MTE	hyp1	News	NaN	16.9273
454	455	en	kin	challenge_SSA-MTE	hyp1	News	NaN	1.9475
455	456	en	kin	challenge_SSA-MTE	hyp1	News	NaN	13.1983
456	457	en	kin	challenge_SSA-MTE	hyp1	News	NaN	31.9123
457	458	en	kin	challenge_SSA-MTE	hyp1	News	NaN	9.5873
458	459	en	kin	challenge_SSA-MTE	hyp1	News	NaN	5.0586
459	460	en	kin	challenge_SSA-MTE	hyp1	News	NaN	25.2154
460	461	en	kin	challenge_SSA-MTE	hyp1	News	NaN	25.2154
461	462	en	kin	challenge_SSA-MTE	hyp1	News	NaN	37.5650
462	463	en	kin	challenge_SSA-MTE	hyp1	News	NaN	51.2478
463	464	en	kin	challenge_SSA-MTE	hyp1	News	NaN	53.8693
464	465	en	kin	challenge_SSA-MTE	hyp1	News	NaN	10.6573
465	466	en	kin	challenge_SSA-MTE	hyp1	News	NaN	51.2478
466	467	en	kin	challenge_SSA-MTE	hyp1	News	NaN	24.9927
467	468	en	kin	challenge_SSA-MTE	hyp1	News	NaN	35.9973
468	469	en	kin	challenge_SSA-MTE	hyp1	News	NaN	6.8196
469	470	en	kin	challenge_SSA-MTE	hyp1	News	NaN	23.9721
470	471	en	kin	challenge_SSA-MTE	hyp1	News	NaN	50.7278
471	472	en	kin	challenge_SSA-MTE	hyp1	News	NaN	27.4479
472	473	en	kin	challenge_SSA-MTE	hyp1	News	NaN	32.3039
473	474	en	kin	challenge_SSA-MTE	hyp1	News	NaN	42.9027
474	475	en	kin	challenge_SSA-MTE	hyp1	News	NaN	9.7602
475	476	en	kin	challenge_SSA-MTE	hyp1	News	NaN	31.4052
476	477	en	kin	challenge_SSA-MTE	hyp1	News	NaN	14.5630
477	478	en	kin	challenge_SSA-MTE	hyp1	News	NaN	14.7657
478	479	en	kin	challenge_SSA-MTE	hyp1	News	NaN	44.6166
479	480	en	kin	challenge_SSA-MTE	hyp1	News	NaN	55.3071
480	481	en	kin	challenge_SSA-MTE	hyp1	News	NaN	26.1909
481	482	en	kin	challenge_SSA-MTE	hyp1	News	NaN	12.8022
482	483	en	kin	challenge_SSA-MTE	hyp1	News	NaN	52.6009
483	484	en	kin	challenge_SSA-MTE	hyp1	News	NaN	35.8467
484	485	en	kin	challenge_SSA-MTE	hyp1	News	NaN	35.2849
485	486	en	kin	challenge_SSA-MTE	hyp1	News	NaN	30.1865
486	487	en	kin	challenge_SSA-MTE	hyp1	News	NaN	22.7980
487	488	en	kin	challenge_SSA-MTE	hyp1	News	NaN	41.0909
488	489	en	kin	challenge_SSA-MTE	hyp1	News	NaN	45.0421
489	490	en	kin	challenge_SSA-MTE	hyp1	News	NaN	14.0011
490	491	en	kin	challenge_SSA-MTE	hyp1	News	NaN	9.2027
491	492	en	kin	challenge_SSA-MTE	hyp1	News	NaN	17.5274
492	493	en	kin	challenge_SSA-MTE	hyp1	News	NaN	9.8493
493	494	en	kin	challenge_SSA-MTE	hyp1	News	NaN	25.0586
494	495	en	kin	challenge_SSA-MTE	hyp1	News	NaN	6.8898
495	496	en	kin	challenge_SSA-MTE	hyp1	News	NaN	9.2465
496	497	en	kin	challenge_SSA-MTE	hyp1	News	NaN	20.8288
497	498	en	kin	challenge_SSA-MTE	hyp1	News	NaN	44.0735
498	499	en	kin	challenge_SSA-MTE	hyp1	News	NaN	0.0000
499	500	en	kin	challenge_SSA-MTE	hyp1	News	NaN	15.5732
500	501	en	kin	challenge_SSA-MTE	hyp1	News	NaN	14.2307
501	502	en	kin	challenge_SSA-MTE	hyp1	News	NaN	22.0238
502	503	en	kin	challenge_SSA-MTE	hyp1	News	NaN	34.5040
503	504	en	kin	challenge_SSA-MTE	hyp1	News	NaN	43.0405
504	505	en	kin	challenge_SSA-MTE	hyp1	News	NaN	45.7400
505	506	en	kin	challenge_SSA-MTE	hyp1	News	NaN	42.1611
506	507	en	kin	challenge_SSA-MTE	hyp1	News	NaN	51.2929
507	508	en	kin	challenge_SSA-MTE	hyp1	News	NaN	38.4415
508	509	en	kin	challenge_SSA-MTE	hyp1	News	NaN	36.5471
509	510	en	kin	challenge_SSA-MTE	hyp1	News	NaN	2.2330
510	511	en	kin	challenge_SSA-MTE	hyp1	News	NaN	7.8018
511	512	en	kin	challenge_SSA-MTE	hyp1	News	NaN	8.1159
512	513	en	kin	challenge_SSA-MTE	hyp1	News	NaN	19.7969
513	514	en	kin	challenge_SSA-MTE	hyp1	News	NaN	5.4702
514	515	en	kin	challenge_SSA-MTE	hyp1	News	NaN	24.6229
515	516	en	kin	challenge_SSA-MTE	hyp1	News	NaN	13.4453
516	517	en	kin	challenge_SSA-MTE	hyp1	News	NaN	5.7514
517	518	en	kin	challenge_SSA-MTE	hyp1	News	NaN	14.9640
518	519	en	kin	challenge_SSA-MTE	hyp1	News	NaN	17.5091
519	520	en	kin	challenge_SSA-MTE	hyp1	News	NaN	19.3296
520	521	en	kin	challenge_SSA-MTE	hyp1	News	NaN	15.8581
521	522	en	kin	challenge_SSA-MTE	hyp1	News	NaN	21.7930
522	523	en	kin	challenge_SSA-MTE	hyp1	News	NaN	22.9791
523	524	en	kin	challenge_SSA-MTE	hyp1	News	NaN	19.4221
524	525	en	kin	challenge_SSA-MTE	hyp1	News	NaN	24.6450
525	526	en	kin	challenge_SSA-MTE	hyp1	News	NaN	38.6858
526	527	en	kin	challenge_SSA-MTE	hyp1	News	NaN	77.2195
527	528	en	kin	challenge_SSA-MTE	hyp1	News	NaN	44.4381
528	529	en	kin	challenge_SSA-MTE	hyp1	News	NaN	31.6426
529	530	en	kin	challenge_SSA-MTE	hyp1	News	NaN	22.8667
530	531	en	kin	challenge_SSA-MTE	hyp1	News	NaN	52.6347
531	532	en	kin	challenge_SSA-MTE	hyp1	News	NaN	65.6925
532	533	en	kin	challenge_SSA-MTE	hyp1	News	NaN	56.8642
533	534	en	kin	challenge_SSA-MTE	hyp1	News	NaN	38.1123
534	535	en	kin	challenge_SSA-MTE	hyp1	News	NaN	15.5176
535	536	en	kin	challenge_SSA-MTE	hyp1	News	NaN	53.0234
536	537	en	kin	challenge_SSA-MTE	hyp1	News	NaN	9.6943
537	538	en	kin	challenge_SSA-MTE	hyp1	News	NaN	2.2999
538	539	en	kin	challenge_SSA-MTE	hyp1	News	NaN	2.1721
539	540	en	kin	challenge_SSA-MTE	hyp1	News	NaN	2.2325
540	541	en	kin	challenge_SSA-MTE	hyp1	News	NaN	26.5297
541	542	en	kin	challenge_SSA-MTE	hyp1	News	NaN	43.3855
542	543	en	kin	challenge_SSA-MTE	hyp1	News	NaN	16.0312
543	544	en	kin	challenge_SSA-MTE	hyp1	News	NaN	37.8787
544	545	en	kin	challenge_SSA-MTE	hyp1	News	NaN	30.4919
545	546	en	kin	challenge_SSA-MTE	hyp1	News	NaN	27.3121
546	547	en	kin	challenge_SSA-MTE	hyp1	News	NaN	45.3337
547	548	en	kin	challenge_SSA-MTE	hyp1	News	NaN	54.1612
548	549	en	kin	challenge_SSA-MTE	hyp1	News	NaN	23.0969
549	550	en	kin	challenge_SSA-MTE	hyp1	News	NaN	7.1481
550	551	en	kin	challenge_SSA-MTE	hyp1	News	NaN	42.4688
551	552	en	kin	challenge_SSA-MTE	hyp1	News	NaN	26.2376
552	553	en	kin	challenge_SSA-MTE	hyp1	News	NaN	5.9930
553	554	en	kin	challenge_SSA-MTE	hyp1	News	NaN	2.7321
554	555	en	kin	challenge_SSA-MTE	hyp1	News	NaN	5.8751
555	556	en	kin	challenge_SSA-MTE	hyp1	News	NaN	5.4012
556	557	en	kin	challenge_SSA-MTE	hyp1	News	NaN	5.3286
557	558	en	kin	challenge_SSA-MTE	hyp1	News	NaN	19.1613
558	559	en	kin	challenge_SSA-MTE	hyp1	News	NaN	25.2812
559	560	en	kin	challenge_SSA-MTE	hyp1	News	NaN	20.7062
560	561	en	kin	challenge_SSA-MTE	hyp1	News	NaN	41.3530
561	562	en	kin	challenge_SSA-MTE	hyp1	News	NaN	61.1113
562	563	en	kin	challenge_SSA-MTE	hyp1	News	NaN	50.8918
563	564	en	kin	challenge_SSA-MTE	hyp1	News	NaN	22.2723
564	565	en	kin	challenge_SSA-MTE	hyp1	News	NaN	28.0834
565	566	en	kin	challenge_SSA-MTE	hyp1	News	NaN	3.0273
566	567	en	kin	challenge_SSA-MTE	hyp1	News	NaN	30.5064
567	568	en	kin	challenge_SSA-MTE	hyp1	News	NaN	45.5543
568	569	en	kin	challenge_SSA-MTE	hyp1	News	NaN	30.1270
569	570	en	kin	challenge_SSA-MTE	hyp1	News	NaN	1.5302
570	571	en	kin	challenge_SSA-MTE	hyp1	News	NaN	41.3517
571	572	en	kin	challenge_SSA-MTE	hyp1	News	NaN	14.9785
572	573	en	kin	challenge_SSA-MTE	hyp1	News	NaN	19.2685
573	574	en	kin	challenge_SSA-MTE	hyp1	News	NaN	26.1531
574	575	en	kin	challenge_SSA-MTE	hyp1	News	NaN	11.7129
575	576	en	kin	challenge_SSA-MTE	hyp1	News	NaN	10.8156
576	577	en	kin	challenge_SSA-MTE	hyp1	News	NaN	22.1692
577	578	en	kin	challenge_SSA-MTE	hyp1	News	NaN	13.6591
578	579	en	kin	challenge_SSA-MTE	hyp1	News	NaN	66.3768
579	580	en	kin	challenge_SSA-MTE	hyp1	News	NaN	66.3768
580	581	en	kin	challenge_SSA-MTE	hyp1	News	NaN	26.1531
581	582	en	kin	challenge_SSA-MTE	hyp1	News	NaN	66.3768
582	583	en	kin	challenge_SSA-MTE	hyp1	News	NaN	18.8424
583	584	en	kin	challenge_SSA-MTE	hyp1	News	NaN	54.1579
584	585	en	kin	challenge_SSA-MTE	hyp1	News	NaN	40.5213
585	586	en	kin	challenge_SSA-MTE	hyp1	News	NaN	18.1072
586	587	en	kin	challenge_SSA-MTE	hyp1	News	NaN	21.0237
587	588	en	kin	challenge_SSA-MTE	hyp1	News	NaN	17.1247
588	589	en	kin	challenge_SSA-MTE	hyp1	News	NaN	21.6520
589	590	en	kin	challenge_SSA-MTE	hyp1	News	NaN	14.6409
590	591	en	kin	challenge_SSA-MTE	hyp1	News	NaN	23.9095
591	592	en	kin	challenge_SSA-MTE	hyp1	News	NaN	51.5446
592	593	en	kin	challenge_SSA-MTE	hyp1	News	NaN	2.5540
593	594	en	kin	challenge_SSA-MTE	hyp1	News	NaN	8.5130
594	595	en	kin	challenge_SSA-MTE	hyp1	News	NaN	10.8977
595	596	en	kin	challenge_SSA-MTE	hyp1	News	NaN	14.2478
596	597	en	kin	challenge_SSA-MTE	hyp1	News	NaN	24.9369
597	598	en	kin	challenge_SSA-MTE	hyp1	News	NaN	38.3399
598	599	en	kin	challenge_SSA-MTE	hyp1	News	NaN	2.1602
599	600	en	kin	challenge_SSA-MTE	hyp1	News	NaN	17.1120
600	601	en	kin	challenge_SSA-MTE	hyp1	News	NaN	10.9349
601	602	en	kin	challenge_SSA-MTE	hyp1	News	NaN	32.1068
602	603	en	kin	challenge_SSA-MTE	hyp1	News	NaN	6.4489
603	604	en	kin	challenge_SSA-MTE	hyp1	News	NaN	12.1492
604	605	en	kin	challenge_SSA-MTE	hyp1	News	NaN	34.7488
605	606	en	kin	challenge_SSA-MTE	hyp1	News	NaN	6.7556
606	607	en	kin	challenge_SSA-MTE	hyp1	News	NaN	22.9348
607	608	en	kin	challenge_SSA-MTE	hyp1	News	NaN	48.5972
608	609	en	kin	challenge_SSA-MTE	hyp1	News	NaN	11.5566
609	610	en	kin	challenge_SSA-MTE	hyp1	News	NaN	21.8002
610	611	en	kin	challenge_SSA-MTE	hyp1	News	NaN	16.6088
611	612	en	kin	challenge_SSA-MTE	hyp1	News	NaN	23.8993
612	613	en	kin	challenge_SSA-MTE	hyp1	News	NaN	7.3053
613	614	en	kin	challenge_SSA-MTE	hyp1	News	NaN	13.9368
614	615	en	kin	challenge_SSA-MTE	hyp1	News	NaN	4.2859
615	616	en	kin	challenge_SSA-MTE	hyp1	News	NaN	3.7013
616	617	en	kin	challenge_SSA-MTE	hyp1	News	NaN	2.4101
617	618	en	kin	challenge_SSA-MTE	hyp1	News	NaN	4.5266
618	619	en	kin	challenge_SSA-MTE	hyp1	News	NaN	20.2132
619	620	en	kin	challenge_SSA-MTE	hyp1	News	NaN	52.2616
620	621	en	kin	challenge_SSA-MTE	hyp1	News	NaN	3.4886
621	622	en	kin	challenge_SSA-MTE	hyp1	News	NaN	14.0205
622	623	en	kin	challenge_SSA-MTE	hyp1	News	NaN	20.2448
623	624	en	kin	challenge_SSA-MTE	hyp1	News	NaN	11.3522
624	625	en	kin	challenge_SSA-MTE	hyp1	News	NaN	11.3061
625	626	en	kin	challenge_SSA-MTE	hyp1	News	NaN	5.6189
626	627	en	kin	challenge_SSA-MTE	hyp1	News	NaN	4.7802
627	628	en	kin	challenge_SSA-MTE	hyp1	News	NaN	5.8097
628	629	en	kin	challenge_SSA-MTE	hyp1	News	NaN	26.9205
629	630	en	kin	challenge_SSA-MTE	hyp1	News	NaN	5.5380
630	631	en	kin	challenge_SSA-MTE	hyp1	News	NaN	15.3709
631	632	en	kin	challenge_SSA-MTE	hyp1	News	NaN	19.9175
632	633	en	kin	challenge_SSA-MTE	hyp1	News	NaN	34.5379
633	634	en	kin	challenge_SSA-MTE	hyp1	News	NaN	11.2209
634	635	en	kin	challenge_SSA-MTE	hyp1	News	NaN	9.8000
635	636	en	kin	challenge_SSA-MTE	hyp1	News	NaN	11.2209
636	637	en	kin	challenge_SSA-MTE	hyp1	News	NaN	3.9510
637	638	en	kin	challenge_SSA-MTE	hyp1	News	NaN	48.3928
638	639	en	kin	challenge_SSA-MTE	hyp1	News	NaN	3.0479
639	640	en	kin	challenge_SSA-MTE	hyp1	News	NaN	29.4698
640	641	en	kin	challenge_SSA-MTE	hyp1	News	NaN	45.0687
641	642	en	kin	challenge_SSA-MTE	hyp1	News	NaN	20.6093
642	643	en	kin	challenge_SSA-MTE	hyp1	News	NaN	14.8342
643	644	en	kin	challenge_SSA-MTE	hyp1	News	NaN	23.4779
644	645	en	kin	challenge_SSA-MTE	hyp1	News	NaN	5.0968
645	646	en	kin	challenge_SSA-MTE	hyp1	News	NaN	8.6769
646	647	en	kin	challenge_SSA-MTE	hyp1	News	NaN	4.4242
647	648	en	kin	challenge_SSA-MTE	hyp1	News	NaN	10.3576
648	649	en	kin	challenge_SSA-MTE	hyp1	News	NaN	21.1667
649	650	en	kin	challenge_SSA-MTE	hyp1	News	NaN	15.4178
650	651	en	kin	challenge_SSA-MTE	hyp1	News	NaN	0.9711
651	652	en	kin	challenge_SSA-MTE	hyp1	News	NaN	13.0160
652	653	en	kin	challenge_SSA-MTE	hyp1	News	NaN	19.3610
653	654	en	kin	challenge_SSA-MTE	hyp1	News	NaN	14.3842
654	655	en	kin	challenge_SSA-MTE	hyp1	News	NaN	16.6091
655	656	en	kin	challenge_SSA-MTE	hyp1	News	NaN	20.4520
656	657	en	kin	challenge_SSA-MTE	hyp1	News	NaN	25.9947
657	658	en	kin	challenge_SSA-MTE	hyp1	News	NaN	17.3992
658	659	en	kin	challenge_SSA-MTE	hyp1	News	NaN	16.6239
659	660	en	kin	challenge_SSA-MTE	hyp1	News	NaN	33.5987
660	661	en	kin	challenge_SSA-MTE	hyp1	News	NaN	38.4391
661	662	en	kin	challenge_SSA-MTE	hyp1	News	NaN	37.2233
662	663	en	kin	challenge_SSA-MTE	hyp1	News	NaN	12.2685
663	664	en	kin	challenge_SSA-MTE	hyp1	News	NaN	9.8136
664	665	en	kin	challenge_SSA-MTE	hyp1	News	NaN	29.0604
665	666	en	kin	challenge_SSA-MTE	hyp1	News	NaN	6.2677
666	667	en	kin	challenge_SSA-MTE	hyp1	News	NaN	4.9359
667	668	en	kin	challenge_SSA-MTE	hyp1	News	NaN	7.4330
668	669	en	kin	challenge_SSA-MTE	hyp1	News	NaN	4.1282
669	670	en	kin	challenge_SSA-MTE	hyp1	News	NaN	5.0042
670	671	en	kin	challenge_SSA-MTE	hyp1	News	NaN	3.1766
671	672	en	kin	challenge_SSA-MTE	hyp1	News	NaN	8.2349
672	673	en	kin	challenge_SSA-MTE	hyp1	News	NaN	16.3319
673	674	en	kin	challenge_SSA-MTE	hyp1	News	NaN	4.0859
674	675	en	kin	challenge_SSA-MTE	hyp1	News	NaN	5.2176
675	676	en	kin	challenge_SSA-MTE	hyp1	News	NaN	2.5591
676	677	en	kin	challenge_SSA-MTE	hyp1	News	NaN	6.6016
677	678	en	kin	challenge_SSA-MTE	hyp1	News	NaN	12.8743
678	679	en	kin	challenge_SSA-MTE	hyp1	News	NaN	23.0345
679	680	en	kin	challenge_SSA-MTE	hyp1	News	NaN	2.0334
680	681	en	kin	challenge_SSA-MTE	hyp1	News	NaN	19.5648
681	682	en	kin	challenge_SSA-MTE	hyp1	News	NaN	49.5886
682	683	en	kin	challenge_SSA-MTE	hyp1	News	NaN	5.8166
683	684	en	kin	challenge_SSA-MTE	hyp1	News	NaN	12.8586
684	685	en	kin	challenge_SSA-MTE	hyp1	News	NaN	16.3906
685	686	en	kin	challenge_SSA-MTE	hyp1	News	NaN	6.8930
686	687	en	kin	challenge_SSA-MTE	hyp1	News	NaN	7.3143
687	688	en	kin	challenge_SSA-MTE	hyp1	News	NaN	17.5639
688	689	en	kin	challenge_SSA-MTE	hyp1	News	NaN	11.0228
689	690	en	kin	challenge_SSA-MTE	hyp1	News	NaN	7.1325
690	691	en	kin	challenge_SSA-MTE	hyp1	News	NaN	19.2091
691	692	en	kin	challenge_SSA-MTE	hyp1	News	NaN	3.6531
692	693	en	kin	challenge_SSA-MTE	hyp1	News	NaN	3.5997
693	694	en	kin	challenge_SSA-MTE	hyp1	News	NaN	4.8003
694	695	en	kin	challenge_SSA-MTE	hyp1	News	NaN	14.6180
695	696	en	kin	challenge_SSA-MTE	hyp1	News	NaN	31.7067
696	697	en	kin	challenge_SSA-MTE	hyp1	News	NaN	18.5197
697	698	en	kin	challenge_SSA-MTE	hyp1	News	NaN	7.9642
698	699	en	kin	challenge_SSA-MTE	hyp1	News	NaN	27.8094
699	700	en	kin	challenge_SSA-MTE	hyp1	News	NaN	5.1511
700	701	en	kin	challenge_SSA-MTE	hyp1	News	NaN	13.9645
701	702	en	kin	challenge_SSA-MTE	hyp1	News	NaN	9.8548
702	703	en	kin	challenge_SSA-MTE	hyp1	News	NaN	11.0316
703	704	en	kin	challenge_SSA-MTE	hyp1	News	NaN	13.6313
704	705	en	kin	challenge_SSA-MTE	hyp1	News	NaN	14.5554
705	706	en	kin	challenge_SSA-MTE	hyp1	News	NaN	18.3024
706	707	en	kin	challenge_SSA-MTE	hyp1	News	NaN	26.3005
707	708	en	kin	challenge_SSA-MTE	hyp1	News	NaN	26.6479
708	709	en	kin	challenge_SSA-MTE	hyp1	News	NaN	39.4206
709	710	en	kin	challenge_SSA-MTE	hyp1	News	NaN	32.5948
710	711	en	kin	challenge_SSA-MTE	hyp1	News	NaN	10.6573
711	712	en	kin	challenge_SSA-MTE	hyp1	News	NaN	27.5719
712	713	en	kin	challenge_SSA-MTE	hyp1	News	NaN	38.8752
713	714	en	kin	challenge_SSA-MTE	hyp1	News	NaN	7.1418
714	715	en	kin	challenge_SSA-MTE	hyp1	News	NaN	5.3286
715	716	en	kin	challenge_SSA-MTE	hyp1	News	NaN	8.0393
716	717	en	kin	challenge_SSA-MTE	hyp1	News	NaN	10.8260
717	718	en	kin	challenge_SSA-MTE	hyp1	News	NaN	2.8398
718	719	en	kin	challenge_SSA-MTE	hyp1	News	NaN	9.9177
719	720	en	kin	challenge_SSA-MTE	hyp1	News	NaN	15.2978
720	721	en	kin	challenge_SSA-MTE	hyp1	News	NaN	38.6457
721	722	en	kin	challenge_SSA-MTE	hyp1	News	NaN	20.4606
722	723	en	kin	challenge_SSA-MTE	hyp1	News	NaN	25.9801
723	724	en	kin	challenge_SSA-MTE	hyp1	News	NaN	38.4832
724	725	en	kin	challenge_SSA-MTE	hyp1	News	NaN	16.6621
725	726	en	kin	challenge_SSA-MTE	hyp1	News	NaN	72.6655
726	727	en	kin	challenge_SSA-MTE	hyp1	News	NaN	73.3962
727	728	en	kin	challenge_SSA-MTE	hyp1	News	NaN	36.9949
728	729	en	kin	challenge_SSA-MTE	hyp1	News	NaN	25.3932
729	730	en	kin	challenge_SSA-MTE	hyp1	News	NaN	48.2818
730	731	en	kin	challenge_SSA-MTE	hyp1	News	NaN	34.2548
731	732	en	kin	challenge_SSA-MTE	hyp1	News	NaN	9.8759
732	733	en	kin	challenge_SSA-MTE	hyp1	News	NaN	12.9924
733	734	en	kin	challenge_SSA-MTE	hyp1	News	NaN	26.5123
734	735	en	kin	challenge_SSA-MTE	hyp1	News	NaN	25.7943
735	736	en	kin	challenge_SSA-MTE	hyp1	News	NaN	11.4171
736	737	en	kin	challenge_SSA-MTE	hyp1	News	NaN	9.0091
737	738	en	kin	challenge_SSA-MTE	hyp1	News	NaN	29.2777
738	739	en	kin	challenge_SSA-MTE	hyp1	News	NaN	32.7056
739	740	en	kin	challenge_SSA-MTE	hyp1	News	NaN	1.3904
740	741	en	kin	challenge_SSA-MTE	hyp1	News	NaN	41.6949
741	742	en	kin	challenge_SSA-MTE	hyp1	News	NaN	22.7451
742	743	en	kin	challenge_SSA-MTE	hyp1	News	NaN	45.0850
743	744	en	kin	challenge_SSA-MTE	hyp1	News	NaN	23.5832
744	745	en	kin	challenge_SSA-MTE	hyp1	News	NaN	26.9599
745	746	en	kin	challenge_SSA-MTE	hyp1	News	NaN	14.9310
746	747	en	kin	challenge_SSA-MTE	hyp1	News	NaN	20.6306
747	748	en	kin	challenge_SSA-MTE	hyp1	News	NaN	20.0329
748	749	en	kin	challenge_SSA-MTE	hyp1	News	NaN	16.6789
749	750	en	kin	challenge_SSA-MTE	hyp1	News	NaN	25.4432
750	751	en	kin	challenge_SSA-MTE	hyp1	News	NaN	45.4509
751	752	en	kin	challenge_SSA-MTE	hyp1	News	NaN	9.1659
752	753	en	kin	challenge_SSA-MTE	hyp1	News	NaN	9.1074
753	754	en	kin	challenge_SSA-MTE	hyp1	News	NaN	18.8148
754	755	en	kin	challenge_SSA-MTE	hyp1	News	NaN	13.5205
755	756	en	kin	challenge_SSA-MTE	hyp1	News	NaN	13.9907
756	757	en	kin	challenge_SSA-MTE	hyp1	News	NaN	10.4484
757	758	en	kin	challenge_SSA-MTE	hyp1	News	NaN	9.8639
758	759	en	kin	challenge_SSA-MTE	hyp1	News	NaN	11.5681
759	760	en	kin	challenge_SSA-MTE	hyp1	News	NaN	28.5441
760	761	en	kin	challenge_SSA-MTE	hyp1	News	NaN	30.9285
761	762	en	kin	challenge_SSA-MTE	hyp1	News	NaN	42.8495
762	763	en	kin	challenge_SSA-MTE	hyp1	News	NaN	8.2161
763	764	en	kin	challenge_SSA-MTE	hyp1	News	NaN	22.7868
764	765	en	kin	challenge_SSA-MTE	hyp1	News	NaN	44.3001
765	766	en	kin	challenge_SSA-MTE	hyp1	News	NaN	12.8462
766	767	en	kin	challenge_SSA-MTE	hyp1	News	NaN	8.2349
767	768	en	kin	challenge_SSA-MTE	hyp1	News	NaN	45.9861
768	769	en	kin	challenge_SSA-MTE	hyp1	News	NaN	14.5882
769	770	en	kin	challenge_SSA-MTE	hyp1	News	NaN	15.4947
770	771	en	kin	challenge_SSA-MTE	hyp1	News	NaN	35.5553
771	772	en	kin	challenge_SSA-MTE	hyp1	News	NaN	39.0227
772	773	en	kin	challenge_SSA-MTE	hyp1	News	NaN	33.5612
773	774	en	kin	challenge_SSA-MTE	hyp1	News	NaN	41.2879
774	775	en	kin	challenge_SSA-MTE	hyp1	News	NaN	6.6375
775	776	en	kin	challenge_SSA-MTE	hyp1	News	NaN	15.2245
776	777	en	kin	challenge_SSA-MTE	hyp1	News	NaN	7.0464
777	778	en	kin	challenge_SSA-MTE	hyp1	News	NaN	9.4086
778	779	en	kin	challenge_SSA-MTE	hyp1	News	NaN	18.9663
779	780	en	kin	challenge_SSA-MTE	hyp1	News	NaN	39.8809
780	781	en	kin	challenge_SSA-MTE	hyp1	News	NaN	11.5245
781	782	en	kin	challenge_SSA-MTE	hyp1	News	NaN	20.3555
782	783	en	kin	challenge_SSA-MTE	hyp1	News	NaN	38.0914
783	784	en	kin	challenge_SSA-MTE	hyp1	News	NaN	20.5239
784	785	en	kin	challenge_SSA-MTE	hyp1	News	NaN	45.3583
785	786	en	kin	challenge_SSA-MTE	hyp1	News	NaN	50.8181
786	787	en	kin	challenge_SSA-MTE	hyp1	News	NaN	45.7389
787	788	en	kin	challenge_SSA-MTE	hyp1	News	NaN	53.0485
788	789	en	kin	challenge_SSA-MTE	hyp1	News	NaN	29.8871
789	790	en	kin	challenge_SSA-MTE	hyp1	News	NaN	54.8112
790	791	en	kin	challenge_SSA-MTE	hyp1	News	NaN	12.9908
791	792	en	kin	challenge_SSA-MTE	hyp1	News	NaN	13.3041
792	793	en	kin	challenge_SSA-MTE	hyp1	News	NaN	8.0104
793	794	en	kin	challenge_SSA-MTE	hyp1	News	NaN	11.8331
794	795	en	kin	challenge_SSA-MTE	hyp1	News	NaN	11.6439
795	796	en	kin	challenge_SSA-MTE	hyp1	News	NaN	6.6216
796	797	en	kin	challenge_SSA-MTE	hyp1	News	NaN	15.8559
797	798	en	kin	challenge_SSA-MTE	hyp1	News	NaN	21.8279
798	799	en	kin	challenge_SSA-MTE	hyp1	News	NaN	10.4053
799	800	en	kin	challenge_SSA-MTE	hyp1	News	NaN	18.5359
800	801	en	kin	challenge_SSA-MTE	hyp1	News	NaN	7.6979
801	802	en	kin	challenge_SSA-MTE	hyp1	News	NaN	20.5420
802	803	en	kin	challenge_SSA-MTE	hyp1	News	NaN	29.7934
803	804	en	kin	challenge_SSA-MTE	hyp1	News	NaN	10.9963
804	805	en	kin	challenge_SSA-MTE	hyp1	News	NaN	22.1288
805	806	en	kin	challenge_SSA-MTE	hyp1	News	NaN	5.7163
806	807	en	kin	challenge_SSA-MTE	hyp1	News	NaN	24.2141
807	808	en	kin	challenge_SSA-MTE	hyp1	News	NaN	24.6432
808	809	en	kin	challenge_SSA-MTE	hyp1	News	NaN	23.9234
809	810	en	kin	challenge_SSA-MTE	hyp1	News	NaN	11.2435
810	811	en	kin	challenge_SSA-MTE	hyp1	News	NaN	20.3334
811	812	en	kin	challenge_SSA-MTE	hyp1	News	NaN	9.1794
812	813	en	kin	challenge_SSA-MTE	hyp1	News	NaN	33.0862
813	814	en	kin	challenge_SSA-MTE	hyp1	News	NaN	22.3747
814	815	en	kin	challenge_SSA-MTE	hyp1	News	NaN	36.3270
815	816	en	kin	challenge_SSA-MTE	hyp1	News	NaN	15.3622
816	817	en	kin	challenge_SSA-MTE	hyp1	News	NaN	16.6925
817	818	en	kin	challenge_SSA-MTE	hyp1	News	NaN	21.9515
818	819	en	kin	challenge_SSA-MTE	hyp1	News	NaN	2.9916
819	820	en	kin	challenge_SSA-MTE	hyp1	News	NaN	60.2329
820	821	en	kin	challenge_SSA-MTE	hyp1	News	NaN	23.4644
821	822	en	kin	challenge_SSA-MTE	hyp1	News	NaN	3.9517
822	823	en	kin	challenge_SSA-MTE	hyp1	News	NaN	8.6896
823	824	en	kin	challenge_SSA-MTE	hyp1	News	NaN	11.0177
824	825	en	kin	challenge_SSA-MTE	hyp1	News	NaN	21.1651
825	826	en	kin	challenge_SSA-MTE	hyp1	News	NaN	11.7395
826	827	en	kin	challenge_SSA-MTE	hyp1	News	NaN	18.0592
827	828	en	kin	challenge_SSA-MTE	hyp1	News	NaN	14.9660
828	829	en	kin	challenge_SSA-MTE	hyp1	News	NaN	7.7250
829	830	en	kin	challenge_SSA-MTE	hyp1	News	NaN	11.3918
830	831	en	kin	challenge_SSA-MTE	hyp1	News	NaN	7.3059
831	832	en	kin	challenge_SSA-MTE	hyp1	News	NaN	12.1731
832	833	en	kin	challenge_SSA-MTE	hyp1	News	NaN	18.3741
833	834	en	kin	challenge_SSA-MTE	hyp1	News	NaN	1.9823
834	835	en	kin	challenge_SSA-MTE	hyp1	News	NaN	5.1543
835	836	en	kin	challenge_SSA-MTE	hyp1	News	NaN	5.1182
836	837	en	kin	challenge_SSA-MTE	hyp1	News	NaN	12.7408
837	838	en	kin	challenge_SSA-MTE	hyp1	News	NaN	27.2497
838	839	en	kin	challenge_SSA-MTE	hyp1	News	NaN	35.5879
839	840	en	kin	challenge_SSA-MTE	hyp1	News	NaN	16.6796
840	841	en	kin	challenge_SSA-MTE	hyp1	News	NaN	39.8985
841	842	en	kin	challenge_SSA-MTE	hyp1	News	NaN	4.7873
842	843	en	kin	challenge_SSA-MTE	hyp1	News	NaN	35.5879
843	844	en	kin	challenge_SSA-MTE	hyp1	News	NaN	53.5161
844	845	en	kin	challenge_SSA-MTE	hyp1	News	NaN	64.0026
845	846	en	kin	challenge_SSA-MTE	hyp1	News	NaN	31.4533
846	847	en	kin	challenge_SSA-MTE	hyp1	News	NaN	23.2780
847	848	en	kin	challenge_SSA-MTE	hyp1	News	NaN	48.6796
848	849	en	kin	challenge_SSA-MTE	hyp1	News	NaN	51.1612
849	850	en	kin	challenge_SSA-MTE	hyp1	News	NaN	2.2250
850	851	en	kin	challenge_SSA-MTE	hyp1	News	NaN	3.7879
851	852	en	kin	challenge_SSA-MTE	hyp1	News	NaN	3.1222
852	853	en	kin	challenge_SSA-MTE	hyp1	News	NaN	3.9645
853	854	en	kin	challenge_SSA-MTE	hyp1	News	NaN	4.5672
854	855	en	kin	challenge_SSA-MTE	hyp1	News	NaN	37.9335
855	856	en	kin	challenge_SSA-MTE	hyp1	News	NaN	36.6827
856	857	en	kin	challenge_SSA-MTE	hyp1	News	NaN	9.3822
857	858	en	kin	challenge_SSA-MTE	hyp1	News	NaN	26.2188
858	859	en	kin	challenge_SSA-MTE	hyp1	News	NaN	9.9391
859	860	en	kin	challenge_SSA-MTE	hyp1	News	NaN	24.1297
860	861	en	kin	challenge_SSA-MTE	hyp1	News	NaN	52.0626
861	862	en	kin	challenge_SSA-MTE	hyp1	News	NaN	29.4564
862	863	en	kin	challenge_SSA-MTE	hyp1	News	NaN	12.4135
863	864	en	kin	challenge_SSA-MTE	hyp1	News	NaN	27.0058
864	865	en	kin	challenge_SSA-MTE	hyp1	News	NaN	11.6664
865	866	en	kin	challenge_SSA-MTE	hyp1	News	NaN	16.3319
866	867	en	kin	challenge_SSA-MTE	hyp1	News	NaN	80.5324
867	868	en	kin	challenge_SSA-MTE	hyp1	News	NaN	55.7096
868	869	en	kin	challenge_SSA-MTE	hyp1	News	NaN	37.6328
869	870	en	kin	challenge_SSA-MTE	hyp1	News	NaN	41.0727
870	871	en	kin	challenge_SSA-MTE	hyp1	News	NaN	21.6904
871	872	en	kin	challenge_SSA-MTE	hyp1	News	NaN	68.9367
872	873	en	kin	challenge_SSA-MTE	hyp1	News	NaN	20.7749
873	874	en	kin	challenge_SSA-MTE	hyp1	News	NaN	21.7179
874	875	en	kin	challenge_SSA-MTE	hyp1	News	NaN	11.2624
875	876	en	kin	challenge_SSA-MTE	hyp1	News	NaN	10.1765
876	877	en	kin	challenge_SSA-MTE	hyp1	News	NaN	14.2947
877	878	en	kin	challenge_SSA-MTE	hyp1	News	NaN	17.8990
878	879	en	kin	challenge_SSA-MTE	hyp1	News	NaN	48.2518
879	880	en	kin	challenge_SSA-MTE	hyp1	News	NaN	52.2723
880	881	en	kin	challenge_SSA-MTE	hyp1	News	NaN	37.1945
881	882	en	kin	challenge_SSA-MTE	hyp1	News	NaN	24.3433
882	883	en	kin	challenge_SSA-MTE	hyp1	News	NaN	37.1945
883	884	en	kin	challenge_SSA-MTE	hyp1	News	NaN	45.1997
884	885	en	kin	challenge_SSA-MTE	hyp1	News	NaN	5.3007
885	886	en	kin	challenge_SSA-MTE	hyp1	News	NaN	49.4363
886	887	en	kin	challenge_SSA-MTE	hyp1	News	NaN	2.4307
887	888	en	kin	challenge_SSA-MTE	hyp1	News	NaN	36.7506
888	889	en	kin	challenge_SSA-MTE	hyp1	News	NaN	23.9389
889	890	en	kin	challenge_SSA-MTE	hyp1	News	NaN	10.5825
890	891	en	kin	challenge_SSA-MTE	hyp1	News	NaN	17.2439
891	892	en	kin	challenge_SSA-MTE	hyp1	News	NaN	16.7845
892	893	en	kin	challenge_SSA-MTE	hyp1	News	NaN	4.3324
893	894	en	kin	challenge_SSA-MTE	hyp1	News	NaN	5.1193
894	895	en	kin	challenge_SSA-MTE	hyp1	News	NaN	21.3137
895	896	en	kin	challenge_SSA-MTE	hyp1	News	NaN	3.7769
896	897	en	kin	challenge_SSA-MTE	hyp1	News	NaN	30.7162
897	898	en	kin	challenge_SSA-MTE	hyp1	News	NaN	38.1531
898	899	en	kin	challenge_SSA-MTE	hyp1	News	NaN	22.5094
899	900	en	kin	challenge_SSA-MTE	hyp1	News	NaN	22.7141
900	901	en	kin	challenge_SSA-MTE	hyp1	News	NaN	12.2282
901	902	en	kin	challenge_SSA-MTE	hyp1	News	NaN	50.4072
902	903	en	kin	challenge_SSA-MTE	hyp1	News	NaN	3.7769
903	904	en	kin	challenge_SSA-MTE	hyp1	News	NaN	10.2857
904	905	en	kin	challenge_SSA-MTE	hyp1	News	NaN	6.6125
905	906	en	kin	challenge_SSA-MTE	hyp1	News	NaN	3.7826
906	907	en	kin	challenge_SSA-MTE	hyp1	News	NaN	6.5444
907	908	en	kin	challenge_SSA-MTE	hyp1	News	NaN	2.9965
908	909	en	kin	challenge_SSA-MTE	hyp1	News	NaN	2.4427
909	910	en	kin	challenge_SSA-MTE	hyp1	News	NaN	4.3038
910	911	en	kin	challenge_SSA-MTE	hyp1	News	NaN	2.9471
911	912	en	kin	challenge_SSA-MTE	hyp1	News	NaN	2.5828
912	913	en	kin	challenge_SSA-MTE	hyp1	News	NaN	4.5046
913	914	en	kin	challenge_SSA-MTE	hyp1	News	NaN	10.7847
914	915	en	kin	challenge_SSA-MTE	hyp1	News	NaN	21.1615
915	916	en	kin	challenge_SSA-MTE	hyp1	News	NaN	21.3093
916	917	en	kin	challenge_SSA-MTE	hyp1	News	NaN	7.9740
917	918	en	kin	challenge_SSA-MTE	hyp1	News	NaN	20.5898
918	919	en	kin	challenge_SSA-MTE	hyp1	News	NaN	6.8705
919	920	en	kin	challenge_SSA-MTE	hyp1	News	NaN	4.1203
920	921	en	kin	challenge_SSA-MTE	hyp1	News	NaN	2.5841
921	922	en	kin	challenge_SSA-MTE	hyp1	News	NaN	4.4499
922	923	en	kin	challenge_SSA-MTE	hyp1	News	NaN	2.2724
923	924	en	kin	challenge_SSA-MTE	hyp1	News	NaN	23.1042
924	925	en	kin	challenge_SSA-MTE	hyp1	News	NaN	4.9732
925	926	en	kin	challenge_SSA-MTE	hyp1	News	NaN	7.6459
926	927	en	kin	challenge_SSA-MTE	hyp1	News	NaN	3.6329
927	928	en	kin	challenge_SSA-MTE	hyp1	News	NaN	2.3548
928	929	en	kin	challenge_SSA-MTE	hyp1	News	NaN	2.8453
929	930	en	kin	challenge_SSA-MTE	hyp1	News	NaN	4.2989
930	931	en	kin	challenge_SSA-MTE	hyp1	News	NaN	24.6694
931	932	en	kin	challenge_SSA-MTE	hyp1	News	NaN	15.0834
932	933	en	kin	challenge_SSA-MTE	hyp1	News	NaN	15.0834
933	934	en	kin	challenge_SSA-MTE	hyp1	News	NaN	34.1850
934	935	en	kin	challenge_SSA-MTE	hyp1	News	NaN	23.7368
935	936	en	kin	challenge_SSA-MTE	hyp1	News	NaN	19.5860
936	937	en	kin	challenge_SSA-MTE	hyp1	News	NaN	5.3775
937	938	en	kin	challenge_SSA-MTE	hyp1	News	NaN	18.5810
938	939	en	kin	challenge_SSA-MTE	hyp1	News	NaN	8.7752
939	940	en	kin	challenge_SSA-MTE	hyp1	News	NaN	5.9415
940	941	en	kin	challenge_SSA-MTE	hyp1	News	NaN	6.6823
941	942	en	kin	challenge_SSA-MTE	hyp1	News	NaN	5.7870
942	943	en	kin	challenge_SSA-MTE	hyp1	News	NaN	13.1861
943	944	en	kin	challenge_SSA-MTE	hyp1	News	NaN	1.9989
944	945	en	kin	challenge_SSA-MTE	hyp1	News	NaN	24.5415
945	946	en	kin	challenge_SSA-MTE	hyp1	News	NaN	24.9691
946	947	en	kin	challenge_SSA-MTE	hyp1	News	NaN	24.2327
947	948	en	kin	challenge_SSA-MTE	hyp1	News	NaN	12.4367
948	949	en	kin	challenge_SSA-MTE	hyp1	News	NaN	24.9481
949	950	en	kin	challenge_SSA-MTE	hyp1	News	NaN	6.3704
950	951	en	kin	challenge_SSA-MTE	hyp1	News	NaN	27.8340
951	952	en	kin	challenge_SSA-MTE	hyp1	News	NaN	15.9805
952	953	en	kin	challenge_SSA-MTE	hyp1	News	NaN	27.1516
953	954	en	kin	challenge_SSA-MTE	hyp1	News	NaN	12.9040
954	955	en	kin	challenge_SSA-MTE	hyp1	News	NaN	28.8809
955	956	en	kin	challenge_SSA-MTE	hyp1	News	NaN	9.6195
956	957	en	kin	challenge_SSA-MTE	hyp1	News	NaN	20.8940
957	958	en	kin	challenge_SSA-MTE	hyp1	News	NaN	17.3636
958	959	en	kin	challenge_SSA-MTE	hyp1	News	NaN	14.5937
959	960	en	kin	challenge_SSA-MTE	hyp1	News	NaN	32.4800
960	961	en	kin	challenge_SSA-MTE	hyp1	News	NaN	42.1424
961	962	en	kin	challenge_SSA-MTE	hyp1	News	NaN	15.8033
962	963	en	kin	challenge_SSA-MTE	hyp1	News	NaN	32.2017
963	964	en	kin	challenge_SSA-MTE	hyp1	News	NaN	44.4082
964	965	en	kin	challenge_SSA-MTE	hyp1	News	NaN	23.9915
965	966	en	kin	challenge_SSA-MTE	hyp1	News	NaN	5.4227
966	967	en	kin	challenge_SSA-MTE	hyp1	News	NaN	5.4203
967	968	en	kin	challenge_SSA-MTE	hyp1	News	NaN	4.1204
968	969	en	kin	challenge_SSA-MTE	hyp1	News	NaN	3.9645
969	970	en	kin	challenge_SSA-MTE	hyp1	News	NaN	4.4857
970	971	en	kin	challenge_SSA-MTE	hyp1	News	NaN	4.5579
971	972	en	kin	challenge_SSA-MTE	hyp1	News	NaN	41.0909
972	973	en	kin	challenge_SSA-MTE	hyp1	News	NaN	5.4615
973	974	en	kin	challenge_SSA-MTE	hyp1	News	NaN	15.4501
974	975	en	kin	challenge_SSA-MTE	hyp1	News	NaN	14.6439
975	976	en	kin	challenge_SSA-MTE	hyp1	News	NaN	17.0955
976	977	en	kin	challenge_SSA-MTE	hyp1	News	NaN	9.8558
977	978	en	kin	challenge_SSA-MTE	hyp1	News	NaN	6.1296
978	979	en	kin	challenge_SSA-MTE	hyp1	News	NaN	22.9142
979	980	en	kin	challenge_SSA-MTE	hyp1	News	NaN	3.7707
980	981	en	kin	challenge_SSA-MTE	hyp1	News	NaN	27.0982
981	982	en	kin	challenge_SSA-MTE	hyp1	News	NaN	9.4105
982	983	en	kin	challenge_SSA-MTE	hyp1	News	NaN	5.1081
983	984	en	kin	challenge_SSA-MTE	hyp1	News	NaN	25.8470
984	985	en	kin	challenge_SSA-MTE	hyp1	News	NaN	30.1972
985	986	en	kin	challenge_SSA-MTE	hyp1	News	NaN	2.2519
986	987	en	kin	challenge_SSA-MTE	hyp1	News	NaN	21.4761
987	988	en	kin	challenge_SSA-MTE	hyp1	News	NaN	12.0226
988	989	en	kin	challenge_SSA-MTE	hyp1	News	NaN	15.1783
989	990	en	kin	challenge_SSA-MTE	hyp1	News	NaN	39.8670
990	991	en	kin	challenge_SSA-MTE	hyp1	News	NaN	44.0423
991	992	en	kin	challenge_SSA-MTE	hyp1	News	NaN	17.4933
992	993	en	kin	challenge_SSA-MTE	hyp1	News	NaN	42.5130
993	994	en	kin	challenge_SSA-MTE	hyp1	News	NaN	34.7971
994	995	en	kin	challenge_SSA-MTE	hyp1	News	NaN	10.4226
995	996	en	kin	challenge_SSA-MTE	hyp1	News	NaN	48.5133
996	997	en	kin	challenge_SSA-MTE	hyp1	News	NaN	55.4323
997	998	en	kin	challenge_SSA-MTE	hyp1	News	NaN	22.6008
998	999	en	kin	challenge_SSA-MTE	hyp1	News	NaN	54.0419
999	1000	en	kin	challenge_SSA-MTE	hyp1	News	NaN	52.7431
1000	1001	en	kin	challenge_SSA-MTE	hyp1	News	NaN	59.1023
1001	1002	en	kin	challenge_SSA-MTE	hyp1	News	NaN	15.1351
1002	1003	en	kin	challenge_SSA-MTE	hyp1	News	NaN	45.4772
1003	1004	en	kin	challenge_SSA-MTE	hyp1	News	NaN	13.5658
1004	1005	en	kin	challenge_SSA-MTE	hyp1	News	NaN	21.9921
1005	1006	en	kin	challenge_SSA-MTE	hyp1	News	NaN	30.6903
1006	1007	en	kin	challenge_SSA-MTE	hyp1	News	NaN	22.7386
1007	1008	en	kin	challenge_SSA-MTE	hyp1	News	NaN	11.6694
1008	1009	en	kin	challenge_SSA-MTE	hyp1	News	NaN	31.8236
1009	1010	en	kin	challenge_SSA-MTE	hyp1	News	NaN	15.7738
1010	1011	en	kin	challenge_SSA-MTE	hyp1	News	NaN	28.3622
1011	1012	en	kin	challenge_SSA-MTE	hyp1	News	NaN	16.5960
1012	1013	en	kin	challenge_SSA-MTE	hyp1	News	NaN	13.8211
1013	1014	en	kin	challenge_SSA-MTE	hyp1	News	NaN	27.2742
1014	1015	en	kin	challenge_SSA-MTE	hyp1	News	NaN	18.2574
1015	1016	en	kin	challenge_SSA-MTE	hyp1	News	NaN	10.2278
1016	1017	en	kin	challenge_SSA-MTE	hyp1	News	NaN	27.2742
1017	1018	en	kin	challenge_SSA-MTE	hyp1	News	NaN	27.8413
1018	1019	en	kin	challenge_SSA-MTE	hyp1	News	NaN	20.8731
1019	1020	en	kin	challenge_SSA-MTE	hyp1	News	NaN	41.1043
1020	1021	en	kin	challenge_SSA-MTE	hyp1	News	NaN	34.8491
1021	1022	en	kin	challenge_SSA-MTE	hyp1	News	NaN	24.3382
1022	1023	en	kin	challenge_SSA-MTE	hyp1	News	NaN	30.1711
1023	1024	en	kin	challenge_SSA-MTE	hyp1	News	NaN	13.3084
1024	1025	en	kin	challenge_SSA-MTE	hyp1	News	NaN	37.9542
1025	1026	en	kin	challenge_SSA-MTE	hyp1	News	NaN	12.1431
1026	1027	en	kin	challenge_SSA-MTE	hyp1	News	NaN	14.4995
1027	1028	en	kin	challenge_SSA-MTE	hyp1	News	NaN	13.6519
1028	1029	en	kin	challenge_SSA-MTE	hyp1	News	NaN	18.7658
1029	1030	en	kin	challenge_SSA-MTE	hyp1	News	NaN	9.2267
1030	1031	en	kin	challenge_SSA-MTE	hyp1	News	NaN	19.0477
1031	1032	en	kin	challenge_SSA-MTE	hyp1	News	NaN	26.9205
1032	1033	en	kin	challenge_SSA-MTE	hyp1	News	NaN	28.0395
1033	1034	en	kin	challenge_SSA-MTE	hyp1	News	NaN	9.1035
1034	1035	en	kin	challenge_SSA-MTE	hyp1	News	NaN	23.8304
1035	1036	en	kin	challenge_SSA-MTE	hyp1	News	NaN	12.5172
1036	1037	en	kin	challenge_SSA-MTE	hyp1	News	NaN	12.2171
1037	1038	en	kin	challenge_SSA-MTE	hyp1	News	NaN	13.2648
1038	1039	en	kin	challenge_SSA-MTE	hyp1	News	NaN	1.6467
1039	1040	en	kin	challenge_SSA-MTE	hyp1	News	NaN	5.7117
1040	1041	en	kin	challenge_SSA-MTE	hyp1	News	NaN	5.0912
1041	1042	en	kin	challenge_SSA-MTE	hyp1	News	NaN	3.0402
1042	1043	en	kin	challenge_SSA-MTE	hyp1	News	NaN	12.9625
1043	1044	en	kin	challenge_SSA-MTE	hyp1	News	NaN	2.4160
1044	1045	en	kin	challenge_SSA-MTE	hyp1	News	NaN	2.2732
1045	1046	en	kin	challenge_SSA-MTE	hyp1	News	NaN	4.8150
1046	1047	en	kin	challenge_SSA-MTE	hyp1	News	NaN	34.1458
1047	1048	en	kin	challenge_SSA-MTE	hyp1	News	NaN	24.6912
1048	1049	en	kin	challenge_SSA-MTE	hyp1	News	NaN	6.6004
1049	1050	en	kin	challenge_SSA-MTE	hyp1	News	NaN	25.7069
1050	1051	en	kin	challenge_SSA-MTE	hyp1	News	NaN	22.6740
1051	1052	en	kin	challenge_SSA-MTE	hyp1	News	NaN	22.4992
1052	1053	en	kin	challenge_SSA-MTE	hyp1	News	NaN	12.2265
1053	1054	en	kin	challenge_SSA-MTE	hyp1	News	NaN	11.3720
1054	1055	en	kin	challenge_SSA-MTE	hyp1	News	NaN	3.1970
1055	1056	en	kin	challenge_SSA-MTE	hyp1	News	NaN	10.6146
1056	1057	en	kin	challenge_SSA-MTE	hyp1	News	NaN	4.4168
1057	1058	en	kin	challenge_SSA-MTE	hyp1	News	NaN	19.0625
1058	1059	en	kin	challenge_SSA-MTE	hyp1	News	NaN	8.4488
1059	1060	en	kin	challenge_SSA-MTE	hyp1	News	NaN	19.6483
1060	1061	en	kin	challenge_SSA-MTE	hyp1	News	NaN	14.1921
1061	1062	en	kin	challenge_SSA-MTE	hyp1	News	NaN	10.5138
1062	1063	en	kin	challenge_SSA-MTE	hyp1	News	NaN	17.0641
1063	1064	en	kin	challenge_SSA-MTE	hyp1	News	NaN	16.5005
1064	1065	en	kin	challenge_SSA-MTE	hyp1	News	NaN	17.8469
1065	1066	en	kin	challenge_SSA-MTE	hyp1	News	NaN	15.6639
1066	1067	en	kin	challenge_SSA-MTE	hyp1	News	NaN	13.5367
1067	1068	en	kin	challenge_SSA-MTE	hyp1	News	NaN	7.9132
1068	1069	en	kin	challenge_SSA-MTE	hyp1	News	NaN	8.6882
1069	1070	en	kin	challenge_SSA-MTE	hyp1	News	NaN	15.3526
1070	1071	en	kin	challenge_SSA-MTE	hyp1	News	NaN	16.4873
1071	1072	en	kin	challenge_SSA-MTE	hyp1	News	NaN	20.8969
1072	1073	en	kin	challenge_SSA-MTE	hyp1	News	NaN	12.4185
1073	1074	en	kin	challenge_SSA-MTE	hyp1	News	NaN	16.6187
1074	1075	en	kin	challenge_SSA-MTE	hyp1	News	NaN	22.8722
1075	1076	en	kin	challenge_SSA-MTE	hyp1	News	NaN	26.8038
1076	1077	en	kin	challenge_SSA-MTE	hyp1	News	NaN	19.0013
1077	1078	en	kin	challenge_SSA-MTE	hyp1	News	NaN	45.4463
1078	1079	en	kin	challenge_SSA-MTE	hyp1	News	NaN	3.2416
1079	1080	en	kin	challenge_SSA-MTE	hyp1	News	NaN	3.7348
1080	1081	en	kin	challenge_SSA-MTE	hyp1	News	NaN	7.8782
1081	1082	en	kin	challenge_SSA-MTE	hyp1	News	NaN	9.3399
1082	1083	en	kin	challenge_SSA-MTE	hyp1	News	NaN	19.5860
1083	1084	en	kin	challenge_SSA-MTE	hyp1	News	NaN	9.0438
1084	1085	en	kin	challenge_SSA-MTE	hyp1	News	NaN	2.2566
1085	1086	en	kin	challenge_SSA-MTE	hyp1	News	NaN	10.6898
1086	1087	en	kin	challenge_SSA-MTE	hyp1	News	NaN	9.6098
1087	1088	en	kin	challenge_SSA-MTE	hyp1	News	NaN	16.6669
1088	1089	en	kin	challenge_SSA-MTE	hyp1	News	NaN	35.3840
1089	1090	en	kin	challenge_SSA-MTE	hyp1	News	NaN	11.9631
1090	1091	en	kin	challenge_SSA-MTE	hyp1	News	NaN	10.1267
1091	1092	en	kin	challenge_SSA-MTE	hyp1	News	NaN	12.8163
1092	1093	en	kin	challenge_SSA-MTE	hyp1	News	NaN	35.9265
1093	1094	en	kin	challenge_SSA-MTE	hyp1	News	NaN	17.8292
1094	1095	en	kin	challenge_SSA-MTE	hyp1	News	NaN	30.4926
1095	1096	en	kin	challenge_SSA-MTE	hyp1	News	NaN	10.5247
1096	1097	en	kin	challenge_SSA-MTE	hyp1	News	NaN	13.6733
1097	1098	en	kin	challenge_SSA-MTE	hyp1	News	NaN	7.8250
1098	1099	en	kin	challenge_SSA-MTE	hyp1	News	NaN	12.1141
1099	1100	en	kin	challenge_SSA-MTE	hyp1	News	NaN	29.7120
1100	1101	en	kin	challenge_SSA-MTE	hyp1	News	NaN	31.2439
1101	1102	en	kin	challenge_SSA-MTE	hyp1	News	NaN	19.8197
1102	1103	en	kin	challenge_SSA-MTE	hyp1	News	NaN	12.6856
1103	1104	en	kin	challenge_SSA-MTE	hyp1	News	NaN	12.4391
1104	1105	en	kin	challenge_SSA-MTE	hyp1	News	NaN	17.7013
1105	1106	en	kin	challenge_SSA-MTE	hyp1	News	NaN	41.6179
1106	1107	en	kin	challenge_SSA-MTE	hyp1	News	NaN	38.8338
1107	1108	en	kin	challenge_SSA-MTE	hyp1	News	NaN	40.5895
1108	1109	en	kin	challenge_SSA-MTE	hyp1	News	NaN	40.7934
1109	1110	en	kin	challenge_SSA-MTE	hyp1	News	NaN	30.3972
1110	1111	en	kin	challenge_SSA-MTE	hyp1	News	NaN	46.9894
1111	1112	en	kin	challenge_SSA-MTE	hyp1	News	NaN	27.0946
1112	1113	en	kin	challenge_SSA-MTE	hyp1	News	NaN	18.5555
1113	1114	en	kin	challenge_SSA-MTE	hyp1	News	NaN	16.0793
1114	1115	en	kin	challenge_SSA-MTE	hyp1	News	NaN	18.8521
1115	1116	en	kin	challenge_SSA-MTE	hyp1	News	NaN	17.0585
1116	1117	en	kin	challenge_SSA-MTE	hyp1	News	NaN	27.5083
1117	1118	en	kin	challenge_SSA-MTE	hyp1	News	NaN	27.4166
1118	1119	en	kin	challenge_SSA-MTE	hyp1	News	NaN	19.2127
1119	1120	en	kin	challenge_SSA-MTE	hyp1	News	NaN	33.5081
1120	1121	en	kin	challenge_SSA-MTE	hyp1	News	NaN	35.7593
1121	1122	en	kin	challenge_SSA-MTE	hyp1	News	NaN	47.8667
1122	1123	en	kin	challenge_SSA-MTE	hyp1	News	NaN	20.6197
1123	1124	en	kin	challenge_SSA-MTE	hyp1	News	NaN	15.7816
1124	1125	en	kin	challenge_SSA-MTE	hyp1	News	NaN	9.7943
1125	1126	en	kin	challenge_SSA-MTE	hyp1	News	NaN	6.9785
1126	1127	en	kin	challenge_SSA-MTE	hyp1	News	NaN	19.7676
1127	1128	en	kin	challenge_SSA-MTE	hyp1	News	NaN	9.7024
1128	1129	en	kin	challenge_SSA-MTE	hyp1	News	NaN	29.0865
1129	1130	en	kin	challenge_SSA-MTE	hyp1	News	NaN	41.5483
1130	1131	en	kin	challenge_SSA-MTE	hyp1	News	NaN	2.2462
1131	1132	en	kin	challenge_SSA-MTE	hyp1	News	NaN	24.8507
1132	1133	en	kin	challenge_SSA-MTE	hyp1	News	NaN	16.4372
1133	1134	en	kin	challenge_SSA-MTE	hyp1	News	NaN	38.6465
1134	1135	en	kin	challenge_SSA-MTE	hyp1	News	NaN	41.6850
1135	1136	en	kin	challenge_SSA-MTE	hyp1	News	NaN	59.0853
1136	1137	en	kin	challenge_SSA-MTE	hyp1	News	NaN	4.1260
1137	1138	en	kin	challenge_SSA-MTE	hyp1	News	NaN	33.2578
1138	1139	en	kin	challenge_SSA-MTE	hyp1	News	NaN	41.6850
1139	1140	en	kin	challenge_SSA-MTE	hyp1	News	NaN	36.3394
1140	1141	en	kin	challenge_SSA-MTE	hyp1	News	NaN	18.8187
1141	1142	en	kin	challenge_SSA-MTE	hyp1	News	NaN	39.1720
1142	1143	en	kin	challenge_SSA-MTE	hyp1	News	NaN	4.3900
1143	1144	en	kin	challenge_SSA-MTE	hyp1	News	NaN	8.6870
1144	1145	en	kin	challenge_SSA-MTE	hyp1	News	NaN	2.5077
1145	1146	en	kin	challenge_SSA-MTE	hyp1	News	NaN	8.6870
1146	1147	en	kin	challenge_SSA-MTE	hyp1	News	NaN	19.2302
1147	1148	en	kin	challenge_SSA-MTE	hyp1	News	NaN	25.3444
1148	1149	en	kin	challenge_SSA-MTE	hyp1	News	NaN	3.3923
1149	1150	en	kin	challenge_SSA-MTE	hyp1	News	NaN	4.0931
1150	1151	en	kin	challenge_SSA-MTE	hyp1	News	NaN	2.2649
1151	1152	en	kin	challenge_SSA-MTE	hyp1	News	NaN	7.9293
1152	1153	en	kin	challenge_SSA-MTE	hyp1	News	NaN	49.9217
1153	1154	en	kin	challenge_SSA-MTE	hyp1	News	NaN	49.8846
1154	1155	en	kin	challenge_SSA-MTE	hyp1	News	NaN	24.9679
1155	1156	en	kin	challenge_SSA-MTE	hyp1	News	NaN	34.8592
1156	1157	en	kin	challenge_SSA-MTE	hyp1	News	NaN	31.9773
1157	1158	en	kin	challenge_SSA-MTE	hyp1	News	NaN	36.5685
1158	1159	en	kin	challenge_SSA-MTE	hyp1	News	NaN	23.2100
1159	1160	en	kin	challenge_SSA-MTE	hyp1	News	NaN	16.1600
1160	1161	en	kin	challenge_SSA-MTE	hyp1	News	NaN	14.4428
1161	1162	en	kin	challenge_SSA-MTE	hyp1	News	NaN	12.5145
1162	1163	en	kin	challenge_SSA-MTE	hyp1	News	NaN	11.0225
1163	1164	en	kin	challenge_SSA-MTE	hyp1	News	NaN	12.0963
1164	1165	en	kin	challenge_SSA-MTE	hyp1	News	NaN	34.1973
1165	1166	en	kin	challenge_SSA-MTE	hyp1	News	NaN	42.9729
1166	1167	en	kin	challenge_SSA-MTE	hyp1	News	NaN	9.4466
1167	1168	en	kin	challenge_SSA-MTE	hyp1	News	NaN	33.5689
1168	1169	en	kin	challenge_SSA-MTE	hyp1	News	NaN	46.4117
1169	1170	en	kin	challenge_SSA-MTE	hyp1	News	NaN	20.2747
1170	1171	en	kin	challenge_SSA-MTE	hyp1	News	NaN	6.4590
1171	1172	en	kin	challenge_SSA-MTE	hyp1	News	NaN	38.0914
1172	1173	en	kin	challenge_SSA-MTE	hyp1	News	NaN	2.5488
1173	1174	en	kin	challenge_SSA-MTE	hyp1	News	NaN	4.1773
1174	1175	en	kin	challenge_SSA-MTE	hyp1	News	NaN	6.9820
1175	1176	en	kin	challenge_SSA-MTE	hyp1	News	NaN	7.1481
1176	1177	en	kin	challenge_SSA-MTE	hyp1	News	NaN	32.0771
1177	1178	en	kin	challenge_SSA-MTE	hyp1	News	NaN	6.5240
1178	1179	en	kin	challenge_SSA-MTE	hyp1	News	NaN	21.1491
1179	1180	en	kin	challenge_SSA-MTE	hyp1	News	NaN	28.7124
1180	1181	en	kin	challenge_SSA-MTE	hyp1	News	NaN	13.9667
1181	1182	en	kin	challenge_SSA-MTE	hyp1	News	NaN	14.2650
1182	1183	en	kin	challenge_SSA-MTE	hyp1	News	NaN	4.1294
1183	1184	en	kin	challenge_SSA-MTE	hyp1	News	NaN	3.8024
1184	1185	en	kin	challenge_SSA-MTE	hyp1	News	NaN	3.3962
1185	1186	en	kin	challenge_SSA-MTE	hyp1	News	NaN	4.1064
1186	1187	en	kin	challenge_SSA-MTE	hyp1	News	NaN	4.2601
1187	1188	en	kin	challenge_SSA-MTE	hyp1	News	NaN	48.9844
1188	1189	en	kin	challenge_SSA-MTE	hyp1	News	NaN	56.4276
1189	1190	en	kin	challenge_SSA-MTE	hyp1	News	NaN	67.4555
1190	1191	en	kin	challenge_SSA-MTE	hyp1	News	NaN	30.2403
1191	1192	en	kin	challenge_SSA-MTE	hyp1	News	NaN	54.1205
1192	1193	en	kin	challenge_SSA-MTE	hyp1	News	NaN	20.0648
1193	1194	en	kin	challenge_SSA-MTE	hyp1	News	NaN	24.7678
1194	1195	en	kin	challenge_SSA-MTE	hyp1	News	NaN	6.2050
1195	1196	en	kin	challenge_SSA-MTE	hyp1	News	NaN	15.4325
1196	1197	en	kin	challenge_SSA-MTE	hyp1	News	NaN	19.8891
1197	1198	en	kin	challenge_SSA-MTE	hyp1	News	NaN	13.7952
1198	1199	en	kin	challenge_SSA-MTE	hyp1	News	NaN	8.9715
1199	1200	en	kin	challenge_SSA-MTE	hyp1	News	NaN	4.8897
1200	1201	en	kin	challenge_SSA-MTE	hyp1	News	NaN	5.6189
1201	1202	en	kin	challenge_SSA-MTE	hyp1	News	NaN	7.6128
1202	1203	en	kin	challenge_SSA-MTE	hyp1	News	NaN	2.7114
1203	1204	en	kin	challenge_SSA-MTE	hyp1	News	NaN	7.9666
1204	1205	en	kin	challenge_SSA-MTE	hyp1	News	NaN	26.9832
1205	1206	en	kin	challenge_SSA-MTE	hyp1	News	NaN	13.0160
1206	1207	en	kin	challenge_SSA-MTE	hyp1	News	NaN	14.6182
1207	1208	en	kin	challenge_SSA-MTE	hyp1	News	NaN	19.4634
1208	1209	en	kin	challenge_SSA-MTE	hyp1	News	NaN	14.4882
1209	1210	en	kin	challenge_SSA-MTE	hyp1	News	NaN	22.9079
0	1	en	luo	challenge_SSA-MTE	hyp1	News	NaN	4.6192
1	2	en	luo	challenge_SSA-MTE	hyp1	News	NaN	9.2640
2	3	en	luo	challenge_SSA-MTE	hyp1	News	NaN	4.0855
3	4	en	luo	challenge_SSA-MTE	hyp1	News	NaN	10.4845
4	5	en	luo	challenge_SSA-MTE	hyp1	News	NaN	9.7170
5	6	en	luo	challenge_SSA-MTE	hyp1	News	NaN	4.7892
6	7	en	luo	challenge_SSA-MTE	hyp1	News	NaN	9.4252
7	8	en	luo	challenge_SSA-MTE	hyp1	News	NaN	4.4569
8	9	en	luo	challenge_SSA-MTE	hyp1	News	NaN	5.0640
9	10	en	luo	challenge_SSA-MTE	hyp1	News	NaN	8.9138
10	11	en	luo	challenge_SSA-MTE	hyp1	News	NaN	4.7892
11	12	en	luo	challenge_SSA-MTE	hyp1	News	NaN	4.3962
12	13	en	luo	challenge_SSA-MTE	hyp1	News	NaN	4.0232
13	14	en	luo	challenge_SSA-MTE	hyp1	News	NaN	3.8902
14	15	en	luo	challenge_SSA-MTE	hyp1	News	NaN	3.8902
15	16	en	luo	challenge_SSA-MTE	hyp1	News	NaN	3.8902
16	17	en	luo	challenge_SSA-MTE	hyp1	News	NaN	9.2875
17	18	en	luo	challenge_SSA-MTE	hyp1	News	NaN	6.2504
18	19	en	luo	challenge_SSA-MTE	hyp1	News	NaN	6.7702
19	20	en	luo	challenge_SSA-MTE	hyp1	News	NaN	6.2856
20	21	en	luo	challenge_SSA-MTE	hyp1	News	NaN	10.5527
21	22	en	luo	challenge_SSA-MTE	hyp1	News	NaN	5.6930
22	23	en	luo	challenge_SSA-MTE	hyp1	News	NaN	4.0232
23	24	en	luo	challenge_SSA-MTE	hyp1	News	NaN	4.1005
24	25	en	luo	challenge_SSA-MTE	hyp1	News	NaN	3.5152
25	26	en	luo	challenge_SSA-MTE	hyp1	News	NaN	4.1130
26	27	en	luo	challenge_SSA-MTE	hyp1	News	NaN	8.5233
27	28	en	luo	challenge_SSA-MTE	hyp1	News	NaN	9.7528
28	29	en	luo	challenge_SSA-MTE	hyp1	News	NaN	6.8372
29	30	en	luo	challenge_SSA-MTE	hyp1	News	NaN	4.0272
30	31	en	luo	challenge_SSA-MTE	hyp1	News	NaN	17.7655
31	32	en	luo	challenge_SSA-MTE	hyp1	News	NaN	18.7027
32	33	en	luo	challenge_SSA-MTE	hyp1	News	NaN	39.8329
33	34	en	luo	challenge_SSA-MTE	hyp1	News	NaN	34.4844
34	35	en	luo	challenge_SSA-MTE	hyp1	News	NaN	5.3559
35	36	en	luo	challenge_SSA-MTE	hyp1	News	NaN	11.0168
36	37	en	luo	challenge_SSA-MTE	hyp1	News	NaN	10.0492
37	38	en	luo	challenge_SSA-MTE	hyp1	News	NaN	44.1274
38	39	en	luo	challenge_SSA-MTE	hyp1	News	NaN	10.0492
39	40	en	luo	challenge_SSA-MTE	hyp1	News	NaN	15.7168
40	41	en	luo	challenge_SSA-MTE	hyp1	News	NaN	10.2292
41	42	en	luo	challenge_SSA-MTE	hyp1	News	NaN	10.5527
42	43	en	luo	challenge_SSA-MTE	hyp1	News	NaN	23.4624
43	44	en	luo	challenge_SSA-MTE	hyp1	News	NaN	25.9654
44	45	en	luo	challenge_SSA-MTE	hyp1	News	NaN	23.4624
45	46	en	luo	challenge_SSA-MTE	hyp1	News	NaN	10.7293
46	47	en	luo	challenge_SSA-MTE	hyp1	News	NaN	9.6726
47	48	en	luo	challenge_SSA-MTE	hyp1	News	NaN	10.8260
48	49	en	luo	challenge_SSA-MTE	hyp1	News	NaN	9.5604
49	50	en	luo	challenge_SSA-MTE	hyp1	News	NaN	13.8344
50	51	en	luo	challenge_SSA-MTE	hyp1	News	NaN	10.9349
51	52	en	luo	challenge_SSA-MTE	hyp1	News	NaN	8.2764
52	53	en	luo	challenge_SSA-MTE	hyp1	News	NaN	17.2031
53	54	en	luo	challenge_SSA-MTE	hyp1	News	NaN	12.3449
54	55	en	luo	challenge_SSA-MTE	hyp1	News	NaN	6.2561
55	56	en	luo	challenge_SSA-MTE	hyp1	News	NaN	14.2478
56	57	en	luo	challenge_SSA-MTE	hyp1	News	NaN	13.8344
57	58	en	luo	challenge_SSA-MTE	hyp1	News	NaN	6.2747
58	59	en	luo	challenge_SSA-MTE	hyp1	News	NaN	14.3231
59	60	en	luo	challenge_SSA-MTE	hyp1	News	NaN	2.4456
60	61	en	luo	challenge_SSA-MTE	hyp1	News	NaN	22.0896
61	62	en	luo	challenge_SSA-MTE	hyp1	News	NaN	22.0896
62	63	en	luo	challenge_SSA-MTE	hyp1	News	NaN	36.5555
63	64	en	luo	challenge_SSA-MTE	hyp1	News	NaN	13.6884
64	65	en	luo	challenge_SSA-MTE	hyp1	News	NaN	13.9123
65	66	en	luo	challenge_SSA-MTE	hyp1	News	NaN	15.2080
66	67	en	luo	challenge_SSA-MTE	hyp1	News	NaN	10.6003
67	68	en	luo	challenge_SSA-MTE	hyp1	News	NaN	9.0075
68	69	en	luo	challenge_SSA-MTE	hyp1	News	NaN	10.3903
69	70	en	luo	challenge_SSA-MTE	hyp1	News	NaN	7.4956
70	71	en	luo	challenge_SSA-MTE	hyp1	News	NaN	7.7686
71	72	en	luo	challenge_SSA-MTE	hyp1	News	NaN	2.1477
72	73	en	luo	challenge_SSA-MTE	hyp1	News	NaN	11.7312
73	74	en	luo	challenge_SSA-MTE	hyp1	News	NaN	9.2384
74	75	en	luo	challenge_SSA-MTE	hyp1	News	NaN	11.3396
75	76	en	luo	challenge_SSA-MTE	hyp1	News	NaN	13.0651
76	77	en	luo	challenge_SSA-MTE	hyp1	News	NaN	11.1149
77	78	en	luo	challenge_SSA-MTE	hyp1	News	NaN	22.4169
78	79	en	luo	challenge_SSA-MTE	hyp1	News	NaN	12.0111
79	80	en	luo	challenge_SSA-MTE	hyp1	News	NaN	7.6551
80	81	en	luo	challenge_SSA-MTE	hyp1	News	NaN	15.1332
81	82	en	luo	challenge_SSA-MTE	hyp1	News	NaN	31.4792
82	83	en	luo	challenge_SSA-MTE	hyp1	News	NaN	34.3150
83	84	en	luo	challenge_SSA-MTE	hyp1	News	NaN	9.0326
84	85	en	luo	challenge_SSA-MTE	hyp1	News	NaN	43.0395
85	86	en	luo	challenge_SSA-MTE	hyp1	News	NaN	50.6731
86	87	en	luo	challenge_SSA-MTE	hyp1	News	NaN	31.6890
87	88	en	luo	challenge_SSA-MTE	hyp1	News	NaN	31.1818
88	89	en	luo	challenge_SSA-MTE	hyp1	News	NaN	11.6333
89	90	en	luo	challenge_SSA-MTE	hyp1	News	NaN	26.6584
90	91	en	luo	challenge_SSA-MTE	hyp1	News	NaN	8.4008
91	92	en	luo	challenge_SSA-MTE	hyp1	News	NaN	39.5533
92	93	en	luo	challenge_SSA-MTE	hyp1	News	NaN	2.8288
93	94	en	luo	challenge_SSA-MTE	hyp1	News	NaN	2.6342
94	95	en	luo	challenge_SSA-MTE	hyp1	News	NaN	6.3863
95	96	en	luo	challenge_SSA-MTE	hyp1	News	NaN	4.9821
96	97	en	luo	challenge_SSA-MTE	hyp1	News	NaN	25.2489
97	98	en	luo	challenge_SSA-MTE	hyp1	News	NaN	7.4506
98	99	en	luo	challenge_SSA-MTE	hyp1	News	NaN	8.0545
99	100	en	luo	challenge_SSA-MTE	hyp1	News	NaN	8.9138
100	101	en	luo	challenge_SSA-MTE	hyp1	News	NaN	3.4586
101	102	en	luo	challenge_SSA-MTE	hyp1	News	NaN	13.3543
102	103	en	luo	challenge_SSA-MTE	hyp1	News	NaN	53.7285
103	104	en	luo	challenge_SSA-MTE	hyp1	News	NaN	4.0272
104	105	en	luo	challenge_SSA-MTE	hyp1	News	NaN	3.7478
105	106	en	luo	challenge_SSA-MTE	hyp1	News	NaN	4.9324
106	107	en	luo	challenge_SSA-MTE	hyp1	News	NaN	4.3686
107	108	en	luo	challenge_SSA-MTE	hyp1	News	NaN	6.1503
108	109	en	luo	challenge_SSA-MTE	hyp1	News	NaN	20.3334
109	110	en	luo	challenge_SSA-MTE	hyp1	News	NaN	9.5485
110	111	en	luo	challenge_SSA-MTE	hyp1	News	NaN	6.0196
111	112	en	luo	challenge_SSA-MTE	hyp1	News	NaN	3.7369
112	113	en	luo	challenge_SSA-MTE	hyp1	News	NaN	6.0196
113	114	en	luo	challenge_SSA-MTE	hyp1	News	NaN	14.0090
114	115	en	luo	challenge_SSA-MTE	hyp1	News	NaN	14.0090
115	116	en	luo	challenge_SSA-MTE	hyp1	News	NaN	11.2673
116	117	en	luo	challenge_SSA-MTE	hyp1	News	NaN	2.6280
117	118	en	luo	challenge_SSA-MTE	hyp1	News	NaN	9.2875
118	119	en	luo	challenge_SSA-MTE	hyp1	News	NaN	3.0891
119	120	en	luo	challenge_SSA-MTE	hyp1	News	NaN	3.1252
120	121	en	luo	challenge_SSA-MTE	hyp1	News	NaN	5.6698
121	122	en	luo	challenge_SSA-MTE	hyp1	News	NaN	4.4569
122	123	en	luo	challenge_SSA-MTE	hyp1	News	NaN	7.1418
123	124	en	luo	challenge_SSA-MTE	hyp1	News	NaN	11.3396
124	125	en	luo	challenge_SSA-MTE	hyp1	News	NaN	9.2875
125	126	en	luo	challenge_SSA-MTE	hyp1	News	NaN	8.0545
126	127	en	luo	challenge_SSA-MTE	hyp1	News	NaN	9.9801
127	128	en	luo	challenge_SSA-MTE	hyp1	News	NaN	8.0978
128	129	en	luo	challenge_SSA-MTE	hyp1	News	NaN	6.0532
129	130	en	luo	challenge_SSA-MTE	hyp1	News	NaN	3.4586
130	131	en	luo	challenge_SSA-MTE	hyp1	News	NaN	4.1452
131	132	en	luo	challenge_SSA-MTE	hyp1	News	NaN	6.2887
132	133	en	luo	challenge_SSA-MTE	hyp1	News	NaN	7.7462
133	134	en	luo	challenge_SSA-MTE	hyp1	News	NaN	4.1732
134	135	en	luo	challenge_SSA-MTE	hyp1	News	NaN	2.5643
135	136	en	luo	challenge_SSA-MTE	hyp1	News	NaN	5.2455
136	137	en	luo	challenge_SSA-MTE	hyp1	News	NaN	5.3328
137	138	en	luo	challenge_SSA-MTE	hyp1	News	NaN	1.7956
138	139	en	luo	challenge_SSA-MTE	hyp1	News	NaN	5.8166
139	140	en	luo	challenge_SSA-MTE	hyp1	News	NaN	14.3231
140	141	en	luo	challenge_SSA-MTE	hyp1	News	NaN	9.5193
141	142	en	luo	challenge_SSA-MTE	hyp1	News	NaN	16.9436
142	143	en	luo	challenge_SSA-MTE	hyp1	News	NaN	21.4016
143	144	en	luo	challenge_SSA-MTE	hyp1	News	NaN	16.7845
144	145	en	luo	challenge_SSA-MTE	hyp1	News	NaN	3.6570
145	146	en	luo	challenge_SSA-MTE	hyp1	News	NaN	7.7686
146	147	en	luo	challenge_SSA-MTE	hyp1	News	NaN	19.2420
147	148	en	luo	challenge_SSA-MTE	hyp1	News	NaN	28.4333
148	149	en	luo	challenge_SSA-MTE	hyp1	News	NaN	64.1387
149	150	en	luo	challenge_SSA-MTE	hyp1	News	NaN	17.6950
150	151	en	luo	challenge_SSA-MTE	hyp1	News	NaN	4.0272
151	152	en	luo	challenge_SSA-MTE	hyp1	News	NaN	4.9900
152	153	en	luo	challenge_SSA-MTE	hyp1	News	NaN	10.5527
153	154	en	luo	challenge_SSA-MTE	hyp1	News	NaN	30.8958
154	155	en	luo	challenge_SSA-MTE	hyp1	News	NaN	10.9233
155	156	en	luo	challenge_SSA-MTE	hyp1	News	NaN	30.8958
156	157	en	luo	challenge_SSA-MTE	hyp1	News	NaN	4.0161
157	158	en	luo	challenge_SSA-MTE	hyp1	News	NaN	3.7644
158	159	en	luo	challenge_SSA-MTE	hyp1	News	NaN	3.4586
159	160	en	luo	challenge_SSA-MTE	hyp1	News	NaN	6.8180
160	161	en	luo	challenge_SSA-MTE	hyp1	News	NaN	4.1130
161	162	en	luo	challenge_SSA-MTE	hyp1	News	NaN	39.5533
162	163	en	luo	challenge_SSA-MTE	hyp1	News	NaN	16.5904
163	164	en	luo	challenge_SSA-MTE	hyp1	News	NaN	8.4499
164	165	en	luo	challenge_SSA-MTE	hyp1	News	NaN	47.9878
165	166	en	luo	challenge_SSA-MTE	hyp1	News	NaN	39.5533
166	167	en	luo	challenge_SSA-MTE	hyp1	News	NaN	47.9878
167	168	en	luo	challenge_SSA-MTE	hyp1	News	NaN	4.0272
168	169	en	luo	challenge_SSA-MTE	hyp1	News	NaN	12.5712
169	170	en	luo	challenge_SSA-MTE	hyp1	News	NaN	4.5400
170	171	en	luo	challenge_SSA-MTE	hyp1	News	NaN	30.3744
171	172	en	luo	challenge_SSA-MTE	hyp1	News	NaN	19.0817
172	173	en	luo	challenge_SSA-MTE	hyp1	News	NaN	14.4589
173	174	en	luo	challenge_SSA-MTE	hyp1	News	NaN	8.1252
174	175	en	luo	challenge_SSA-MTE	hyp1	News	NaN	3.4586
175	176	en	luo	challenge_SSA-MTE	hyp1	News	NaN	7.1418
176	177	en	luo	challenge_SSA-MTE	hyp1	News	NaN	7.7075
177	178	en	luo	challenge_SSA-MTE	hyp1	News	NaN	4.5672
178	179	en	luo	challenge_SSA-MTE	hyp1	News	NaN	15.1332
179	180	en	luo	challenge_SSA-MTE	hyp1	News	NaN	4.3686
180	181	en	luo	challenge_SSA-MTE	hyp1	News	NaN	6.8962
181	182	en	luo	challenge_SSA-MTE	hyp1	News	NaN	3.7374
182	183	en	luo	challenge_SSA-MTE	hyp1	News	NaN	3.4586
183	184	en	luo	challenge_SSA-MTE	hyp1	News	NaN	6.6618
184	185	en	luo	challenge_SSA-MTE	hyp1	News	NaN	5.7514
185	186	en	luo	challenge_SSA-MTE	hyp1	News	NaN	6.6111
186	187	en	luo	challenge_SSA-MTE	hyp1	News	NaN	6.1296
187	188	en	luo	challenge_SSA-MTE	hyp1	News	NaN	2.7768
188	189	en	luo	challenge_SSA-MTE	hyp1	News	NaN	24.2486
189	190	en	luo	challenge_SSA-MTE	hyp1	News	NaN	12.7129
190	191	en	luo	challenge_SSA-MTE	hyp1	News	NaN	6.7992
191	192	en	luo	challenge_SSA-MTE	hyp1	News	NaN	4.5400
192	193	en	luo	challenge_SSA-MTE	hyp1	News	NaN	8.0545
193	194	en	luo	challenge_SSA-MTE	hyp1	News	NaN	11.2085
194	195	en	luo	challenge_SSA-MTE	hyp1	News	NaN	33.1808
195	196	en	luo	challenge_SSA-MTE	hyp1	News	NaN	24.6240
196	197	en	luo	challenge_SSA-MTE	hyp1	News	NaN	4.3686
197	198	en	luo	challenge_SSA-MTE	hyp1	News	NaN	5.4277
198	199	en	luo	challenge_SSA-MTE	hyp1	News	NaN	5.6633
199	200	en	luo	challenge_SSA-MTE	hyp1	News	NaN	2.5198
200	201	en	luo	challenge_SSA-MTE	hyp1	News	NaN	5.6633
201	202	en	luo	challenge_SSA-MTE	hyp1	News	NaN	2.9965
202	203	en	luo	challenge_SSA-MTE	hyp1	News	NaN	3.6673
203	204	en	luo	challenge_SSA-MTE	hyp1	News	NaN	10.2162
204	205	en	luo	challenge_SSA-MTE	hyp1	News	NaN	10.9349
205	206	en	luo	challenge_SSA-MTE	hyp1	News	NaN	12.8743
206	207	en	luo	challenge_SSA-MTE	hyp1	News	NaN	11.2038
207	208	en	luo	challenge_SSA-MTE	hyp1	News	NaN	16.9436
208	209	en	luo	challenge_SSA-MTE	hyp1	News	NaN	18.5297
209	210	en	luo	challenge_SSA-MTE	hyp1	News	NaN	13.6036
210	211	en	luo	challenge_SSA-MTE	hyp1	News	NaN	0.6372
211	212	en	luo	challenge_SSA-MTE	hyp1	News	NaN	21.8497
212	213	en	luo	challenge_SSA-MTE	hyp1	News	NaN	24.4677
213	214	en	luo	challenge_SSA-MTE	hyp1	News	NaN	24.0300
214	215	en	luo	challenge_SSA-MTE	hyp1	News	NaN	5.0912
215	216	en	luo	challenge_SSA-MTE	hyp1	News	NaN	5.8552
216	217	en	luo	challenge_SSA-MTE	hyp1	News	NaN	2.8630
217	218	en	luo	challenge_SSA-MTE	hyp1	News	NaN	13.7031
218	219	en	luo	challenge_SSA-MTE	hyp1	News	NaN	14.3228
219	220	en	luo	challenge_SSA-MTE	hyp1	News	NaN	6.7253
220	221	en	luo	challenge_SSA-MTE	hyp1	News	NaN	12.8977
221	222	en	luo	challenge_SSA-MTE	hyp1	News	NaN	27.6347
222	223	en	luo	challenge_SSA-MTE	hyp1	News	NaN	5.3286
223	224	en	luo	challenge_SSA-MTE	hyp1	News	NaN	33.5524
224	225	en	luo	challenge_SSA-MTE	hyp1	News	NaN	9.5933
225	226	en	luo	challenge_SSA-MTE	hyp1	News	NaN	24.1088
226	227	en	luo	challenge_SSA-MTE	hyp1	News	NaN	5.7777
227	228	en	luo	challenge_SSA-MTE	hyp1	News	NaN	3.1684
228	229	en	luo	challenge_SSA-MTE	hyp1	News	NaN	3.0273
229	230	en	luo	challenge_SSA-MTE	hyp1	News	NaN	11.9547
230	231	en	luo	challenge_SSA-MTE	hyp1	News	NaN	7.0129
231	232	en	luo	challenge_SSA-MTE	hyp1	News	NaN	2.8630
232	233	en	luo	challenge_SSA-MTE	hyp1	News	NaN	8.8046
233	234	en	luo	challenge_SSA-MTE	hyp1	News	NaN	34.7916
234	235	en	luo	challenge_SSA-MTE	hyp1	News	NaN	12.0392
235	236	en	luo	challenge_SSA-MTE	hyp1	News	NaN	27.8857
236	237	en	luo	challenge_SSA-MTE	hyp1	News	NaN	9.5192
237	238	en	luo	challenge_SSA-MTE	hyp1	News	NaN	23.0345
238	239	en	luo	challenge_SSA-MTE	hyp1	News	NaN	2.5198
239	240	en	luo	challenge_SSA-MTE	hyp1	News	NaN	2.8265
240	241	en	luo	challenge_SSA-MTE	hyp1	News	NaN	2.1477
241	242	en	luo	challenge_SSA-MTE	hyp1	News	NaN	6.4372
242	243	en	luo	challenge_SSA-MTE	hyp1	News	NaN	2.6643
243	244	en	luo	challenge_SSA-MTE	hyp1	News	NaN	2.3629
244	245	en	luo	challenge_SSA-MTE	hyp1	News	NaN	2.3629
245	246	en	luo	challenge_SSA-MTE	hyp1	News	NaN	2.3629
246	247	en	luo	challenge_SSA-MTE	hyp1	News	NaN	5.0620
247	248	en	luo	challenge_SSA-MTE	hyp1	News	NaN	2.5625
248	249	en	luo	challenge_SSA-MTE	hyp1	News	NaN	6.1503
249	250	en	luo	challenge_SSA-MTE	hyp1	News	NaN	11.2513
250	251	en	luo	challenge_SSA-MTE	hyp1	News	NaN	1.7179
251	252	en	luo	challenge_SSA-MTE	hyp1	News	NaN	8.2260
252	253	en	luo	challenge_SSA-MTE	hyp1	News	NaN	2.6374
253	254	en	luo	challenge_SSA-MTE	hyp1	News	NaN	2.7077
254	255	en	luo	challenge_SSA-MTE	hyp1	News	NaN	2.4427
255	256	en	luo	challenge_SSA-MTE	hyp1	News	NaN	2.7197
256	257	en	luo	challenge_SSA-MTE	hyp1	News	NaN	3.9645
257	258	en	luo	challenge_SSA-MTE	hyp1	News	NaN	6.9868
258	259	en	luo	challenge_SSA-MTE	hyp1	News	NaN	3.1684
259	260	en	luo	challenge_SSA-MTE	hyp1	News	NaN	5.6642
260	261	en	luo	challenge_SSA-MTE	hyp1	News	NaN	5.4065
261	262	en	luo	challenge_SSA-MTE	hyp1	News	NaN	0.8010
262	263	en	luo	challenge_SSA-MTE	hyp1	News	NaN	31.7444
263	264	en	luo	challenge_SSA-MTE	hyp1	News	NaN	7.1270
264	265	en	luo	challenge_SSA-MTE	hyp1	News	NaN	12.5341
265	266	en	luo	challenge_SSA-MTE	hyp1	News	NaN	2.6643
266	267	en	luo	challenge_SSA-MTE	hyp1	News	NaN	3.2186
267	268	en	luo	challenge_SSA-MTE	hyp1	News	NaN	3.6570
268	269	en	luo	challenge_SSA-MTE	hyp1	News	NaN	21.8698
269	270	en	luo	challenge_SSA-MTE	hyp1	News	NaN	9.8808
270	271	en	luo	challenge_SSA-MTE	hyp1	News	NaN	13.6744
271	272	en	luo	challenge_SSA-MTE	hyp1	News	NaN	2.9083
272	273	en	luo	challenge_SSA-MTE	hyp1	News	NaN	3.0273
273	274	en	luo	challenge_SSA-MTE	hyp1	News	NaN	3.1364
274	275	en	luo	challenge_SSA-MTE	hyp1	News	NaN	6.2887
275	276	en	luo	challenge_SSA-MTE	hyp1	News	NaN	5.0912
276	277	en	luo	challenge_SSA-MTE	hyp1	News	NaN	10.1237
277	278	en	luo	challenge_SSA-MTE	hyp1	News	NaN	23.3814
278	279	en	luo	challenge_SSA-MTE	hyp1	News	NaN	28.8898
279	280	en	luo	challenge_SSA-MTE	hyp1	News	NaN	14.0258
280	281	en	luo	challenge_SSA-MTE	hyp1	News	NaN	21.8698
281	282	en	luo	challenge_SSA-MTE	hyp1	News	NaN	28.4799
282	283	en	luo	challenge_SSA-MTE	hyp1	News	NaN	10.8656
283	284	en	luo	challenge_SSA-MTE	hyp1	News	NaN	6.9645
284	285	en	luo	challenge_SSA-MTE	hyp1	News	NaN	6.6090
285	286	en	luo	challenge_SSA-MTE	hyp1	News	NaN	7.8594
286	287	en	luo	challenge_SSA-MTE	hyp1	News	NaN	4.0451
287	288	en	luo	challenge_SSA-MTE	hyp1	News	NaN	5.0395
288	289	en	luo	challenge_SSA-MTE	hyp1	News	NaN	3.1684
289	290	en	luo	challenge_SSA-MTE	hyp1	News	NaN	2.8288
290	291	en	luo	challenge_SSA-MTE	hyp1	News	NaN	2.7028
291	292	en	luo	challenge_SSA-MTE	hyp1	News	NaN	2.5591
292	293	en	luo	challenge_SSA-MTE	hyp1	News	NaN	21.9667
293	294	en	luo	challenge_SSA-MTE	hyp1	News	NaN	4.2555
294	295	en	luo	challenge_SSA-MTE	hyp1	News	NaN	6.1676
295	296	en	luo	challenge_SSA-MTE	hyp1	News	NaN	24.2029
296	297	en	luo	challenge_SSA-MTE	hyp1	News	NaN	7.3625
297	298	en	luo	challenge_SSA-MTE	hyp1	News	NaN	20.7516
298	299	en	luo	challenge_SSA-MTE	hyp1	News	NaN	31.9784
299	300	en	luo	challenge_SSA-MTE	hyp1	News	NaN	11.1636
300	301	en	luo	challenge_SSA-MTE	hyp1	News	NaN	2.3287
301	302	en	luo	challenge_SSA-MTE	hyp1	News	NaN	6.0746
302	303	en	luo	challenge_SSA-MTE	hyp1	News	NaN	6.8031
303	304	en	luo	challenge_SSA-MTE	hyp1	News	NaN	50.3175
304	305	en	luo	challenge_SSA-MTE	hyp1	News	NaN	72.4158
305	306	en	luo	challenge_SSA-MTE	hyp1	News	NaN	4.2465
306	307	en	luo	challenge_SSA-MTE	hyp1	News	NaN	8.9617
307	308	en	luo	challenge_SSA-MTE	hyp1	News	NaN	9.1282
308	309	en	luo	challenge_SSA-MTE	hyp1	News	NaN	2.7077
309	310	en	luo	challenge_SSA-MTE	hyp1	News	NaN	6.2675
310	311	en	luo	challenge_SSA-MTE	hyp1	News	NaN	5.2375
311	312	en	luo	challenge_SSA-MTE	hyp1	News	NaN	11.2344
312	313	en	luo	challenge_SSA-MTE	hyp1	News	NaN	8.8084
313	314	en	luo	challenge_SSA-MTE	hyp1	News	NaN	10.5215
314	315	en	luo	challenge_SSA-MTE	hyp1	News	NaN	4.8853
315	316	en	luo	challenge_SSA-MTE	hyp1	News	NaN	28.7280
316	317	en	luo	challenge_SSA-MTE	hyp1	News	NaN	22.3259
317	318	en	luo	challenge_SSA-MTE	hyp1	News	NaN	10.3802
318	319	en	luo	challenge_SSA-MTE	hyp1	News	NaN	2.2523
319	320	en	luo	challenge_SSA-MTE	hyp1	News	NaN	2.5683
320	321	en	luo	challenge_SSA-MTE	hyp1	News	NaN	3.0977
321	322	en	luo	challenge_SSA-MTE	hyp1	News	NaN	3.1684
322	323	en	luo	challenge_SSA-MTE	hyp1	News	NaN	18.0028
323	324	en	luo	challenge_SSA-MTE	hyp1	News	NaN	3.4316
324	325	en	luo	challenge_SSA-MTE	hyp1	News	NaN	4.2656
325	326	en	luo	challenge_SSA-MTE	hyp1	News	NaN	3.2614
326	327	en	luo	challenge_SSA-MTE	hyp1	News	NaN	4.8999
327	328	en	luo	challenge_SSA-MTE	hyp1	News	NaN	6.6678
328	329	en	luo	challenge_SSA-MTE	hyp1	News	NaN	2.1328
329	330	en	luo	challenge_SSA-MTE	hyp1	News	NaN	4.9247
330	331	en	luo	challenge_SSA-MTE	hyp1	News	NaN	2.7101
331	332	en	luo	challenge_SSA-MTE	hyp1	News	NaN	2.3526
332	333	en	luo	challenge_SSA-MTE	hyp1	News	NaN	2.5716
333	334	en	luo	challenge_SSA-MTE	hyp1	News	NaN	2.5716
334	335	en	luo	challenge_SSA-MTE	hyp1	News	NaN	4.9000
335	336	en	luo	challenge_SSA-MTE	hyp1	News	NaN	9.8493
336	337	en	luo	challenge_SSA-MTE	hyp1	News	NaN	9.3496
337	338	en	luo	challenge_SSA-MTE	hyp1	News	NaN	5.6122
338	339	en	luo	challenge_SSA-MTE	hyp1	News	NaN	14.0546
339	340	en	luo	challenge_SSA-MTE	hyp1	News	NaN	30.0287
340	341	en	luo	challenge_SSA-MTE	hyp1	News	NaN	10.9084
341	342	en	luo	challenge_SSA-MTE	hyp1	News	NaN	2.9965
342	343	en	luo	challenge_SSA-MTE	hyp1	News	NaN	3.2115
343	344	en	luo	challenge_SSA-MTE	hyp1	News	NaN	3.2115
344	345	en	luo	challenge_SSA-MTE	hyp1	News	NaN	4.1203
345	346	en	luo	challenge_SSA-MTE	hyp1	News	NaN	12.5122
346	347	en	luo	challenge_SSA-MTE	hyp1	News	NaN	6.6901
347	348	en	luo	challenge_SSA-MTE	hyp1	News	NaN	2.3340
348	349	en	luo	challenge_SSA-MTE	hyp1	News	NaN	2.4295
349	350	en	luo	challenge_SSA-MTE	hyp1	News	NaN	3.3962
350	351	en	luo	challenge_SSA-MTE	hyp1	News	NaN	9.5933
351	352	en	luo	challenge_SSA-MTE	hyp1	News	NaN	12.8620
352	353	en	luo	challenge_SSA-MTE	hyp1	News	NaN	5.4314
353	354	en	luo	challenge_SSA-MTE	hyp1	News	NaN	3.8898
354	355	en	luo	challenge_SSA-MTE	hyp1	News	NaN	4.4857
355	356	en	luo	challenge_SSA-MTE	hyp1	News	NaN	0.0000
356	357	en	luo	challenge_SSA-MTE	hyp1	News	NaN	17.3167
357	358	en	luo	challenge_SSA-MTE	hyp1	News	NaN	16.6949
358	359	en	luo	challenge_SSA-MTE	hyp1	News	NaN	9.3882
359	360	en	luo	challenge_SSA-MTE	hyp1	News	NaN	3.9253
360	361	en	luo	challenge_SSA-MTE	hyp1	News	NaN	21.3951
361	362	en	luo	challenge_SSA-MTE	hyp1	News	NaN	3.3582
362	363	en	luo	challenge_SSA-MTE	hyp1	News	NaN	37.8416
363	364	en	luo	challenge_SSA-MTE	hyp1	News	NaN	51.2959
364	365	en	luo	challenge_SSA-MTE	hyp1	News	NaN	28.1291
365	366	en	luo	challenge_SSA-MTE	hyp1	News	NaN	23.7268
366	367	en	luo	challenge_SSA-MTE	hyp1	News	NaN	34.2668
367	368	en	luo	challenge_SSA-MTE	hyp1	News	NaN	18.2267
368	369	en	luo	challenge_SSA-MTE	hyp1	News	NaN	44.1302
369	370	en	luo	challenge_SSA-MTE	hyp1	News	NaN	34.3150
370	371	en	luo	challenge_SSA-MTE	hyp1	News	NaN	48.2435
371	372	en	luo	challenge_SSA-MTE	hyp1	News	NaN	2.9382
372	373	en	luo	challenge_SSA-MTE	hyp1	News	NaN	4.5046
373	374	en	luo	challenge_SSA-MTE	hyp1	News	NaN	3.9566
374	375	en	luo	challenge_SSA-MTE	hyp1	News	NaN	1.6794
375	376	en	luo	challenge_SSA-MTE	hyp1	News	NaN	15.4488
376	377	en	luo	challenge_SSA-MTE	hyp1	News	NaN	26.9205
377	378	en	luo	challenge_SSA-MTE	hyp1	News	NaN	3.0060
378	379	en	luo	challenge_SSA-MTE	hyp1	News	NaN	8.5861
379	380	en	luo	challenge_SSA-MTE	hyp1	News	NaN	6.0157
380	381	en	luo	challenge_SSA-MTE	hyp1	News	NaN	11.4334
381	382	en	luo	challenge_SSA-MTE	hyp1	News	NaN	38.9724
382	383	en	luo	challenge_SSA-MTE	hyp1	News	NaN	10.9143
383	384	en	luo	challenge_SSA-MTE	hyp1	News	NaN	25.5904
384	385	en	luo	challenge_SSA-MTE	hyp1	News	NaN	11.4343
385	386	en	luo	challenge_SSA-MTE	hyp1	News	NaN	1.8265
386	387	en	luo	challenge_SSA-MTE	hyp1	News	NaN	20.8261
387	388	en	luo	challenge_SSA-MTE	hyp1	News	NaN	34.1409
388	389	en	luo	challenge_SSA-MTE	hyp1	News	NaN	15.3622
389	390	en	luo	challenge_SSA-MTE	hyp1	News	NaN	2.7028
390	391	en	luo	challenge_SSA-MTE	hyp1	News	NaN	3.9517
391	392	en	luo	challenge_SSA-MTE	hyp1	News	NaN	21.2335
392	393	en	luo	challenge_SSA-MTE	hyp1	News	NaN	37.2575
393	394	en	luo	challenge_SSA-MTE	hyp1	News	NaN	13.0480
394	395	en	luo	challenge_SSA-MTE	hyp1	News	NaN	22.9791
395	396	en	luo	challenge_SSA-MTE	hyp1	News	NaN	2.3573
396	397	en	luo	challenge_SSA-MTE	hyp1	News	NaN	4.3343
397	398	en	luo	challenge_SSA-MTE	hyp1	News	NaN	5.6633
398	399	en	luo	challenge_SSA-MTE	hyp1	News	NaN	3.6120
399	400	en	luo	challenge_SSA-MTE	hyp1	News	NaN	7.2239
400	401	en	luo	challenge_SSA-MTE	hyp1	News	NaN	5.6808
401	402	en	luo	challenge_SSA-MTE	hyp1	News	NaN	20.7110
402	403	en	luo	challenge_SSA-MTE	hyp1	News	NaN	8.7725
403	404	en	luo	challenge_SSA-MTE	hyp1	News	NaN	9.2807
404	405	en	luo	challenge_SSA-MTE	hyp1	News	NaN	14.3586
405	406	en	luo	challenge_SSA-MTE	hyp1	News	NaN	29.8179
406	407	en	luo	challenge_SSA-MTE	hyp1	News	NaN	20.4703
407	408	en	luo	challenge_SSA-MTE	hyp1	News	NaN	3.4392
408	409	en	luo	challenge_SSA-MTE	hyp1	News	NaN	3.4354
409	410	en	luo	challenge_SSA-MTE	hyp1	News	NaN	3.1573
410	411	en	luo	challenge_SSA-MTE	hyp1	News	NaN	3.3958
411	412	en	luo	challenge_SSA-MTE	hyp1	News	NaN	3.4934
412	413	en	luo	challenge_SSA-MTE	hyp1	News	NaN	2.6549
413	414	en	luo	challenge_SSA-MTE	hyp1	News	NaN	2.2250
414	415	en	luo	challenge_SSA-MTE	hyp1	News	NaN	4.3038
415	416	en	luo	challenge_SSA-MTE	hyp1	News	NaN	9.9293
416	417	en	luo	challenge_SSA-MTE	hyp1	News	NaN	12.5122
417	418	en	luo	challenge_SSA-MTE	hyp1	News	NaN	7.5358
418	419	en	luo	challenge_SSA-MTE	hyp1	News	NaN	6.4399
419	420	en	luo	challenge_SSA-MTE	hyp1	News	NaN	30.5908
420	421	en	luo	challenge_SSA-MTE	hyp1	News	NaN	21.6830
421	422	en	luo	challenge_SSA-MTE	hyp1	News	NaN	11.3401
422	423	en	luo	challenge_SSA-MTE	hyp1	News	NaN	26.7412
423	424	en	luo	challenge_SSA-MTE	hyp1	News	NaN	31.7131
424	425	en	luo	challenge_SSA-MTE	hyp1	News	NaN	30.5401
425	426	en	luo	challenge_SSA-MTE	hyp1	News	NaN	4.5739
426	427	en	luo	challenge_SSA-MTE	hyp1	News	NaN	6.6608
427	428	en	luo	challenge_SSA-MTE	hyp1	News	NaN	5.1081
428	429	en	luo	challenge_SSA-MTE	hyp1	News	NaN	40.3358
429	430	en	luo	challenge_SSA-MTE	hyp1	News	NaN	32.6360
430	431	en	luo	challenge_SSA-MTE	hyp1	News	NaN	14.4479
431	432	en	luo	challenge_SSA-MTE	hyp1	News	NaN	2.1612
432	433	en	luo	challenge_SSA-MTE	hyp1	News	NaN	5.1468
433	434	en	luo	challenge_SSA-MTE	hyp1	News	NaN	0.5239
434	435	en	luo	challenge_SSA-MTE	hyp1	News	NaN	16.2793
435	436	en	luo	challenge_SSA-MTE	hyp1	News	NaN	7.9113
436	437	en	luo	challenge_SSA-MTE	hyp1	News	NaN	10.7380
437	438	en	luo	challenge_SSA-MTE	hyp1	News	NaN	2.8720
438	439	en	luo	challenge_SSA-MTE	hyp1	News	NaN	12.8589
439	440	en	luo	challenge_SSA-MTE	hyp1	News	NaN	7.2893
440	441	en	luo	challenge_SSA-MTE	hyp1	News	NaN	2.7110
441	442	en	luo	challenge_SSA-MTE	hyp1	News	NaN	10.4144
442	443	en	luo	challenge_SSA-MTE	hyp1	News	NaN	14.1797
443	444	en	luo	challenge_SSA-MTE	hyp1	News	NaN	2.8630
444	445	en	luo	challenge_SSA-MTE	hyp1	News	NaN	5.1093
445	446	en	luo	challenge_SSA-MTE	hyp1	News	NaN	4.1411
446	447	en	luo	challenge_SSA-MTE	hyp1	News	NaN	9.9320
447	448	en	luo	challenge_SSA-MTE	hyp1	News	NaN	16.7387
448	449	en	luo	challenge_SSA-MTE	hyp1	News	NaN	5.2300
449	450	en	luo	challenge_SSA-MTE	hyp1	News	NaN	15.2370
450	451	en	luo	challenge_SSA-MTE	hyp1	News	NaN	4.9680
451	452	en	luo	challenge_SSA-MTE	hyp1	News	NaN	16.7426
452	453	en	luo	challenge_SSA-MTE	hyp1	News	NaN	20.3390
453	454	en	luo	challenge_SSA-MTE	hyp1	News	NaN	15.4151
454	455	en	luo	challenge_SSA-MTE	hyp1	News	NaN	10.8627
455	456	en	luo	challenge_SSA-MTE	hyp1	News	NaN	13.1717
456	457	en	luo	challenge_SSA-MTE	hyp1	News	NaN	11.0147
457	458	en	luo	challenge_SSA-MTE	hyp1	News	NaN	10.3074
458	459	en	luo	challenge_SSA-MTE	hyp1	News	NaN	15.9805
459	460	en	luo	challenge_SSA-MTE	hyp1	News	NaN	14.9628
460	461	en	luo	challenge_SSA-MTE	hyp1	News	NaN	18.4099
461	462	en	luo	challenge_SSA-MTE	hyp1	News	NaN	13.5205
462	463	en	luo	challenge_SSA-MTE	hyp1	News	NaN	4.5463
463	464	en	luo	challenge_SSA-MTE	hyp1	News	NaN	13.1204
464	465	en	luo	challenge_SSA-MTE	hyp1	News	NaN	9.9320
465	466	en	luo	challenge_SSA-MTE	hyp1	News	NaN	19.1750
466	467	en	luo	challenge_SSA-MTE	hyp1	News	NaN	8.7654
467	468	en	luo	challenge_SSA-MTE	hyp1	News	NaN	2.4623
468	469	en	luo	challenge_SSA-MTE	hyp1	News	NaN	6.7983
469	470	en	luo	challenge_SSA-MTE	hyp1	News	NaN	5.0395
470	471	en	luo	challenge_SSA-MTE	hyp1	News	NaN	6.6324
471	472	en	luo	challenge_SSA-MTE	hyp1	News	NaN	13.5966
472	473	en	luo	challenge_SSA-MTE	hyp1	News	NaN	4.7249
473	474	en	luo	challenge_SSA-MTE	hyp1	News	NaN	7.9290
474	475	en	luo	challenge_SSA-MTE	hyp1	News	NaN	12.1479
475	476	en	luo	challenge_SSA-MTE	hyp1	News	NaN	9.9786
476	477	en	luo	challenge_SSA-MTE	hyp1	News	NaN	10.5409
477	478	en	luo	challenge_SSA-MTE	hyp1	News	NaN	5.2616
478	479	en	luo	challenge_SSA-MTE	hyp1	News	NaN	11.4888
479	480	en	luo	challenge_SSA-MTE	hyp1	News	NaN	4.7967
480	481	en	luo	challenge_SSA-MTE	hyp1	News	NaN	9.1906
481	482	en	luo	challenge_SSA-MTE	hyp1	News	NaN	6.8246
482	483	en	luo	challenge_SSA-MTE	hyp1	News	NaN	26.7717
483	484	en	luo	challenge_SSA-MTE	hyp1	News	NaN	18.0319
484	485	en	luo	challenge_SSA-MTE	hyp1	News	NaN	3.9302
485	486	en	luo	challenge_SSA-MTE	hyp1	News	NaN	15.7745
486	487	en	luo	challenge_SSA-MTE	hyp1	News	NaN	32.7444
487	488	en	luo	challenge_SSA-MTE	hyp1	News	NaN	19.4086
488	489	en	luo	challenge_SSA-MTE	hyp1	News	NaN	20.3137
489	490	en	luo	challenge_SSA-MTE	hyp1	News	NaN	26.1531
490	491	en	luo	challenge_SSA-MTE	hyp1	News	NaN	23.2139
491	492	en	luo	challenge_SSA-MTE	hyp1	News	NaN	3.7834
492	493	en	luo	challenge_SSA-MTE	hyp1	News	NaN	3.0723
493	494	en	luo	challenge_SSA-MTE	hyp1	News	NaN	1.6003
494	495	en	luo	challenge_SSA-MTE	hyp1	News	NaN	4.5897
495	496	en	luo	challenge_SSA-MTE	hyp1	News	NaN	18.2104
496	497	en	luo	challenge_SSA-MTE	hyp1	News	NaN	3.6300
497	498	en	luo	challenge_SSA-MTE	hyp1	News	NaN	8.3639
498	499	en	luo	challenge_SSA-MTE	hyp1	News	NaN	8.6633
499	500	en	luo	challenge_SSA-MTE	hyp1	News	NaN	11.9666
500	501	en	luo	challenge_SSA-MTE	hyp1	News	NaN	16.0154
501	502	en	luo	challenge_SSA-MTE	hyp1	News	NaN	10.8992
502	503	en	luo	challenge_SSA-MTE	hyp1	News	NaN	2.9103
503	504	en	luo	challenge_SSA-MTE	hyp1	News	NaN	3.7644
504	505	en	luo	challenge_SSA-MTE	hyp1	News	NaN	3.6580
505	506	en	luo	challenge_SSA-MTE	hyp1	News	NaN	15.7036
506	507	en	luo	challenge_SSA-MTE	hyp1	News	NaN	33.5327
507	508	en	luo	challenge_SSA-MTE	hyp1	News	NaN	13.8220
508	509	en	luo	challenge_SSA-MTE	hyp1	News	NaN	7.7284
509	510	en	luo	challenge_SSA-MTE	hyp1	News	NaN	4.4766
510	511	en	luo	challenge_SSA-MTE	hyp1	News	NaN	4.8154
511	512	en	luo	challenge_SSA-MTE	hyp1	News	NaN	14.7983
512	513	en	luo	challenge_SSA-MTE	hyp1	News	NaN	27.5964
513	514	en	luo	challenge_SSA-MTE	hyp1	News	NaN	41.5483
514	515	en	luo	challenge_SSA-MTE	hyp1	News	NaN	13.2603
515	516	en	luo	challenge_SSA-MTE	hyp1	News	NaN	8.5861
516	517	en	luo	challenge_SSA-MTE	hyp1	News	NaN	7.0770
517	518	en	luo	challenge_SSA-MTE	hyp1	News	NaN	0.7188
518	519	en	luo	challenge_SSA-MTE	hyp1	News	NaN	35.6305
519	520	en	luo	challenge_SSA-MTE	hyp1	News	NaN	15.7630
520	521	en	luo	challenge_SSA-MTE	hyp1	News	NaN	23.1042
521	522	en	luo	challenge_SSA-MTE	hyp1	News	NaN	14.5214
522	523	en	luo	challenge_SSA-MTE	hyp1	News	NaN	10.2755
523	524	en	luo	challenge_SSA-MTE	hyp1	News	NaN	0.7003
524	525	en	luo	challenge_SSA-MTE	hyp1	News	NaN	14.5003
525	526	en	luo	challenge_SSA-MTE	hyp1	News	NaN	13.7966
526	527	en	luo	challenge_SSA-MTE	hyp1	News	NaN	36.9675
527	528	en	luo	challenge_SSA-MTE	hyp1	News	NaN	24.6031
528	529	en	luo	challenge_SSA-MTE	hyp1	News	NaN	24.9728
529	530	en	luo	challenge_SSA-MTE	hyp1	News	NaN	22.8775
530	531	en	luo	challenge_SSA-MTE	hyp1	News	NaN	26.0317
531	532	en	luo	challenge_SSA-MTE	hyp1	News	NaN	36.4761
532	533	en	luo	challenge_SSA-MTE	hyp1	News	NaN	26.2296
533	534	en	luo	challenge_SSA-MTE	hyp1	News	NaN	10.3899
534	535	en	luo	challenge_SSA-MTE	hyp1	News	NaN	6.9761
535	536	en	luo	challenge_SSA-MTE	hyp1	News	NaN	7.4179
536	537	en	luo	challenge_SSA-MTE	hyp1	News	NaN	8.8214
537	538	en	luo	challenge_SSA-MTE	hyp1	News	NaN	14.6698
538	539	en	luo	challenge_SSA-MTE	hyp1	News	NaN	11.6517
539	540	en	luo	challenge_SSA-MTE	hyp1	News	NaN	7.3788
540	541	en	luo	challenge_SSA-MTE	hyp1	News	NaN	4.0859
541	542	en	luo	challenge_SSA-MTE	hyp1	News	NaN	1.8838
542	543	en	luo	challenge_SSA-MTE	hyp1	News	NaN	8.5640
543	544	en	luo	challenge_SSA-MTE	hyp1	News	NaN	14.7623
544	545	en	luo	challenge_SSA-MTE	hyp1	News	NaN	5.8723
545	546	en	luo	challenge_SSA-MTE	hyp1	News	NaN	20.9888
546	547	en	luo	challenge_SSA-MTE	hyp1	News	NaN	16.5746
547	548	en	luo	challenge_SSA-MTE	hyp1	News	NaN	3.1331
548	549	en	luo	challenge_SSA-MTE	hyp1	News	NaN	22.4075
549	550	en	luo	challenge_SSA-MTE	hyp1	News	NaN	25.3771
550	551	en	luo	challenge_SSA-MTE	hyp1	News	NaN	21.8115
551	552	en	luo	challenge_SSA-MTE	hyp1	News	NaN	10.9720
552	553	en	luo	challenge_SSA-MTE	hyp1	News	NaN	24.1926
553	554	en	luo	challenge_SSA-MTE	hyp1	News	NaN	16.9164
554	555	en	luo	challenge_SSA-MTE	hyp1	News	NaN	26.8396
555	556	en	luo	challenge_SSA-MTE	hyp1	News	NaN	5.2291
556	557	en	luo	challenge_SSA-MTE	hyp1	News	NaN	15.0484
557	558	en	luo	challenge_SSA-MTE	hyp1	News	NaN	9.7256
558	559	en	luo	challenge_SSA-MTE	hyp1	News	NaN	28.1639
559	560	en	luo	challenge_SSA-MTE	hyp1	News	NaN	34.6659
560	561	en	luo	challenge_SSA-MTE	hyp1	News	NaN	38.6572
561	562	en	luo	challenge_SSA-MTE	hyp1	News	NaN	28.7832
562	563	en	luo	challenge_SSA-MTE	hyp1	News	NaN	11.4027
563	564	en	luo	challenge_SSA-MTE	hyp1	News	NaN	2.5198
564	565	en	luo	challenge_SSA-MTE	hyp1	News	NaN	4.5537
565	566	en	luo	challenge_SSA-MTE	hyp1	News	NaN	3.2342
566	567	en	luo	challenge_SSA-MTE	hyp1	News	NaN	9.0836
567	568	en	luo	challenge_SSA-MTE	hyp1	News	NaN	9.8461
568	569	en	luo	challenge_SSA-MTE	hyp1	News	NaN	3.2186
569	570	en	luo	challenge_SSA-MTE	hyp1	News	NaN	4.3959
570	571	en	luo	challenge_SSA-MTE	hyp1	News	NaN	12.0963
571	572	en	luo	challenge_SSA-MTE	hyp1	News	NaN	1.6794
572	573	en	luo	challenge_SSA-MTE	hyp1	News	NaN	15.1210
573	574	en	luo	challenge_SSA-MTE	hyp1	News	NaN	24.6014
574	575	en	luo	challenge_SSA-MTE	hyp1	News	NaN	22.2051
575	576	en	luo	challenge_SSA-MTE	hyp1	News	NaN	5.0442
576	577	en	luo	challenge_SSA-MTE	hyp1	News	NaN	4.1203
577	578	en	luo	challenge_SSA-MTE	hyp1	News	NaN	8.0410
578	579	en	luo	challenge_SSA-MTE	hyp1	News	NaN	12.9919
579	580	en	luo	challenge_SSA-MTE	hyp1	News	NaN	19.8005
580	581	en	luo	challenge_SSA-MTE	hyp1	News	NaN	17.9478
581	582	en	luo	challenge_SSA-MTE	hyp1	News	NaN	8.1914
582	583	en	luo	challenge_SSA-MTE	hyp1	News	NaN	15.9592
583	584	en	luo	challenge_SSA-MTE	hyp1	News	NaN	23.1633
584	585	en	luo	challenge_SSA-MTE	hyp1	News	NaN	26.8128
585	586	en	luo	challenge_SSA-MTE	hyp1	News	NaN	9.2264
586	587	en	luo	challenge_SSA-MTE	hyp1	News	NaN	14.7576
587	588	en	luo	challenge_SSA-MTE	hyp1	News	NaN	3.3923
588	589	en	luo	challenge_SSA-MTE	hyp1	News	NaN	33.7090
589	590	en	luo	challenge_SSA-MTE	hyp1	News	NaN	27.3400
590	591	en	luo	challenge_SSA-MTE	hyp1	News	NaN	27.6687
591	592	en	luo	challenge_SSA-MTE	hyp1	News	NaN	5.6175
592	593	en	luo	challenge_SSA-MTE	hyp1	News	NaN	13.8178
593	594	en	luo	challenge_SSA-MTE	hyp1	News	NaN	11.7629
594	595	en	luo	challenge_SSA-MTE	hyp1	News	NaN	1.9582
595	596	en	luo	challenge_SSA-MTE	hyp1	News	NaN	29.1702
596	597	en	luo	challenge_SSA-MTE	hyp1	News	NaN	40.1089
597	598	en	luo	challenge_SSA-MTE	hyp1	News	NaN	32.3858
598	599	en	luo	challenge_SSA-MTE	hyp1	News	NaN	14.9660
599	600	en	luo	challenge_SSA-MTE	hyp1	News	NaN	17.5091
600	601	en	luo	challenge_SSA-MTE	hyp1	News	NaN	1.0952
601	602	en	luo	challenge_SSA-MTE	hyp1	News	NaN	34.0791
602	603	en	luo	challenge_SSA-MTE	hyp1	News	NaN	28.8801
603	604	en	luo	challenge_SSA-MTE	hyp1	News	NaN	25.1644
604	605	en	luo	challenge_SSA-MTE	hyp1	News	NaN	3.8763
605	606	en	luo	challenge_SSA-MTE	hyp1	News	NaN	4.9170
606	607	en	luo	challenge_SSA-MTE	hyp1	News	NaN	9.6535
607	608	en	luo	challenge_SSA-MTE	hyp1	News	NaN	38.4255
608	609	en	luo	challenge_SSA-MTE	hyp1	News	NaN	28.0590
609	610	en	luo	challenge_SSA-MTE	hyp1	News	NaN	16.6360
610	611	en	luo	challenge_SSA-MTE	hyp1	News	NaN	9.8461
611	612	en	luo	challenge_SSA-MTE	hyp1	News	NaN	17.0596
612	613	en	luo	challenge_SSA-MTE	hyp1	News	NaN	25.9898
613	614	en	luo	challenge_SSA-MTE	hyp1	News	NaN	69.8534
614	615	en	luo	challenge_SSA-MTE	hyp1	News	NaN	38.2224
615	616	en	luo	challenge_SSA-MTE	hyp1	News	NaN	22.9911
616	617	en	luo	challenge_SSA-MTE	hyp1	News	NaN	9.1958
617	618	en	luo	challenge_SSA-MTE	hyp1	News	NaN	29.1062
618	619	en	luo	challenge_SSA-MTE	hyp1	News	NaN	8.3832
619	620	en	luo	challenge_SSA-MTE	hyp1	News	NaN	32.3735
620	621	en	luo	challenge_SSA-MTE	hyp1	News	NaN	22.8168
621	622	en	luo	challenge_SSA-MTE	hyp1	News	NaN	16.6526
622	623	en	luo	challenge_SSA-MTE	hyp1	News	NaN	6.6092
623	624	en	luo	challenge_SSA-MTE	hyp1	News	NaN	5.3286
624	625	en	luo	challenge_SSA-MTE	hyp1	News	NaN	2.4623
625	626	en	luo	challenge_SSA-MTE	hyp1	News	NaN	15.6638
626	627	en	luo	challenge_SSA-MTE	hyp1	News	NaN	5.5380
627	628	en	luo	challenge_SSA-MTE	hyp1	News	NaN	6.1086
628	629	en	luo	challenge_SSA-MTE	hyp1	News	NaN	9.3491
629	630	en	luo	challenge_SSA-MTE	hyp1	News	NaN	7.2433
630	631	en	luo	challenge_SSA-MTE	hyp1	News	NaN	11.2595
631	632	en	luo	challenge_SSA-MTE	hyp1	News	NaN	32.9510
632	633	en	luo	challenge_SSA-MTE	hyp1	News	NaN	11.9038
633	634	en	luo	challenge_SSA-MTE	hyp1	News	NaN	7.0171
634	635	en	luo	challenge_SSA-MTE	hyp1	News	NaN	4.3437
635	636	en	luo	challenge_SSA-MTE	hyp1	News	NaN	2.7693
636	637	en	luo	challenge_SSA-MTE	hyp1	News	NaN	2.8453
637	638	en	luo	challenge_SSA-MTE	hyp1	News	NaN	23.3070
638	639	en	luo	challenge_SSA-MTE	hyp1	News	NaN	30.0943
639	640	en	luo	challenge_SSA-MTE	hyp1	News	NaN	4.5046
640	641	en	luo	challenge_SSA-MTE	hyp1	News	NaN	7.1757
641	642	en	luo	challenge_SSA-MTE	hyp1	News	NaN	6.6019
642	643	en	luo	challenge_SSA-MTE	hyp1	News	NaN	1.4934
643	644	en	luo	challenge_SSA-MTE	hyp1	News	NaN	33.8934
644	645	en	luo	challenge_SSA-MTE	hyp1	News	NaN	19.6243
645	646	en	luo	challenge_SSA-MTE	hyp1	News	NaN	11.6719
646	647	en	luo	challenge_SSA-MTE	hyp1	News	NaN	4.0426
647	648	en	luo	challenge_SSA-MTE	hyp1	News	NaN	5.1660
648	649	en	luo	challenge_SSA-MTE	hyp1	News	NaN	5.2176
649	650	en	luo	challenge_SSA-MTE	hyp1	News	NaN	4.9655
650	651	en	luo	challenge_SSA-MTE	hyp1	News	NaN	8.4001
651	652	en	luo	challenge_SSA-MTE	hyp1	News	NaN	7.3951
652	653	en	luo	challenge_SSA-MTE	hyp1	News	NaN	13.9639
653	654	en	luo	challenge_SSA-MTE	hyp1	News	NaN	9.4412
654	655	en	luo	challenge_SSA-MTE	hyp1	News	NaN	1.8265
655	656	en	luo	challenge_SSA-MTE	hyp1	News	NaN	41.9794
656	657	en	luo	challenge_SSA-MTE	hyp1	News	NaN	43.2802
657	658	en	luo	challenge_SSA-MTE	hyp1	News	NaN	9.6143
658	659	en	luo	challenge_SSA-MTE	hyp1	News	NaN	13.6892
659	660	en	luo	challenge_SSA-MTE	hyp1	News	NaN	6.0315
660	661	en	luo	challenge_SSA-MTE	hyp1	News	NaN	6.2911
661	662	en	luo	challenge_SSA-MTE	hyp1	News	NaN	25.5078
662	663	en	luo	challenge_SSA-MTE	hyp1	News	NaN	9.8791
663	664	en	luo	challenge_SSA-MTE	hyp1	News	NaN	21.4000
664	665	en	luo	challenge_SSA-MTE	hyp1	News	NaN	4.3038
665	666	en	luo	challenge_SSA-MTE	hyp1	News	NaN	8.5506
666	667	en	luo	challenge_SSA-MTE	hyp1	News	NaN	7.7263
667	668	en	luo	challenge_SSA-MTE	hyp1	News	NaN	15.3526
668	669	en	luo	challenge_SSA-MTE	hyp1	News	NaN	7.9113
669	670	en	luo	challenge_SSA-MTE	hyp1	News	NaN	9.1659
670	671	en	luo	challenge_SSA-MTE	hyp1	News	NaN	3.2760
671	672	en	luo	challenge_SSA-MTE	hyp1	News	NaN	3.7334
672	673	en	luo	challenge_SSA-MTE	hyp1	News	NaN	13.5978
673	674	en	luo	challenge_SSA-MTE	hyp1	News	NaN	10.8933
674	675	en	luo	challenge_SSA-MTE	hyp1	News	NaN	12.3070
675	676	en	luo	challenge_SSA-MTE	hyp1	News	NaN	6.7414
676	677	en	luo	challenge_SSA-MTE	hyp1	News	NaN	14.0517
677	678	en	luo	challenge_SSA-MTE	hyp1	News	NaN	7.3788
678	679	en	luo	challenge_SSA-MTE	hyp1	News	NaN	1.3897
679	680	en	luo	challenge_SSA-MTE	hyp1	News	NaN	42.8495
680	681	en	luo	challenge_SSA-MTE	hyp1	News	NaN	18.0592
681	682	en	luo	challenge_SSA-MTE	hyp1	News	NaN	5.9080
682	683	en	luo	challenge_SSA-MTE	hyp1	News	NaN	7.6704
683	684	en	luo	challenge_SSA-MTE	hyp1	News	NaN	10.4039
684	685	en	luo	challenge_SSA-MTE	hyp1	News	NaN	1.2350
685	686	en	luo	challenge_SSA-MTE	hyp1	News	NaN	17.0422
686	687	en	luo	challenge_SSA-MTE	hyp1	News	NaN	30.2222
687	688	en	luo	challenge_SSA-MTE	hyp1	News	NaN	19.7897
688	689	en	luo	challenge_SSA-MTE	hyp1	News	NaN	9.3643
689	690	en	luo	challenge_SSA-MTE	hyp1	News	NaN	6.8157
690	691	en	luo	challenge_SSA-MTE	hyp1	News	NaN	36.2389
691	692	en	luo	challenge_SSA-MTE	hyp1	News	NaN	23.5501
692	693	en	luo	challenge_SSA-MTE	hyp1	News	NaN	39.5236
693	694	en	luo	challenge_SSA-MTE	hyp1	News	NaN	15.9538
694	695	en	luo	challenge_SSA-MTE	hyp1	News	NaN	9.5794
695	696	en	luo	challenge_SSA-MTE	hyp1	News	NaN	12.1780
696	697	en	luo	challenge_SSA-MTE	hyp1	News	NaN	2.3699
697	698	en	luo	challenge_SSA-MTE	hyp1	News	NaN	15.6644
698	699	en	luo	challenge_SSA-MTE	hyp1	News	NaN	1.6785
699	700	en	luo	challenge_SSA-MTE	hyp1	News	NaN	14.9925
700	701	en	luo	challenge_SSA-MTE	hyp1	News	NaN	1.5342
701	702	en	luo	challenge_SSA-MTE	hyp1	News	NaN	1.8778
702	703	en	luo	challenge_SSA-MTE	hyp1	News	NaN	2.4827
703	704	en	luo	challenge_SSA-MTE	hyp1	News	NaN	7.4251
704	705	en	luo	challenge_SSA-MTE	hyp1	News	NaN	4.9484
705	706	en	luo	challenge_SSA-MTE	hyp1	News	NaN	2.5488
706	707	en	luo	challenge_SSA-MTE	hyp1	News	NaN	2.9484
707	708	en	luo	challenge_SSA-MTE	hyp1	News	NaN	3.8515
708	709	en	luo	challenge_SSA-MTE	hyp1	News	NaN	1.4500
709	710	en	luo	challenge_SSA-MTE	hyp1	News	NaN	4.2048
710	711	en	luo	challenge_SSA-MTE	hyp1	News	NaN	3.8332
711	712	en	luo	challenge_SSA-MTE	hyp1	News	NaN	4.1126
712	713	en	luo	challenge_SSA-MTE	hyp1	News	NaN	6.4812
713	714	en	luo	challenge_SSA-MTE	hyp1	News	NaN	4.8999
714	715	en	luo	challenge_SSA-MTE	hyp1	News	NaN	14.1690
715	716	en	luo	challenge_SSA-MTE	hyp1	News	NaN	22.8836
716	717	en	luo	challenge_SSA-MTE	hyp1	News	NaN	4.3876
717	718	en	luo	challenge_SSA-MTE	hyp1	News	NaN	15.6639
718	719	en	luo	challenge_SSA-MTE	hyp1	News	NaN	24.8318
719	720	en	luo	challenge_SSA-MTE	hyp1	News	NaN	2.5683
720	721	en	luo	challenge_SSA-MTE	hyp1	News	NaN	15.7491
721	722	en	luo	challenge_SSA-MTE	hyp1	News	NaN	13.5658
722	723	en	luo	challenge_SSA-MTE	hyp1	News	NaN	24.7617
723	724	en	luo	challenge_SSA-MTE	hyp1	News	NaN	5.9765
724	725	en	luo	challenge_SSA-MTE	hyp1	News	NaN	3.1140
725	726	en	luo	challenge_SSA-MTE	hyp1	News	NaN	2.5972
726	727	en	luo	challenge_SSA-MTE	hyp1	News	NaN	3.1998
727	728	en	luo	challenge_SSA-MTE	hyp1	News	NaN	4.3090
728	729	en	luo	challenge_SSA-MTE	hyp1	News	NaN	9.0185
729	730	en	luo	challenge_SSA-MTE	hyp1	News	NaN	16.4677
730	731	en	luo	challenge_SSA-MTE	hyp1	News	NaN	4.4239
731	732	en	luo	challenge_SSA-MTE	hyp1	News	NaN	10.4355
732	733	en	luo	challenge_SSA-MTE	hyp1	News	NaN	17.8840
733	734	en	luo	challenge_SSA-MTE	hyp1	News	NaN	13.6817
734	735	en	luo	challenge_SSA-MTE	hyp1	News	NaN	4.8959
735	736	en	luo	challenge_SSA-MTE	hyp1	News	NaN	12.7895
736	737	en	luo	challenge_SSA-MTE	hyp1	News	NaN	4.4334
737	738	en	luo	challenge_SSA-MTE	hyp1	News	NaN	5.1949
738	739	en	luo	challenge_SSA-MTE	hyp1	News	NaN	38.0754
739	740	en	luo	challenge_SSA-MTE	hyp1	News	NaN	14.4400
740	741	en	luo	challenge_SSA-MTE	hyp1	News	NaN	4.5077
741	742	en	luo	challenge_SSA-MTE	hyp1	News	NaN	3.7481
742	743	en	luo	challenge_SSA-MTE	hyp1	News	NaN	6.2889
743	744	en	luo	challenge_SSA-MTE	hyp1	News	NaN	10.9743
744	745	en	luo	challenge_SSA-MTE	hyp1	News	NaN	10.6184
745	746	en	luo	challenge_SSA-MTE	hyp1	News	NaN	9.0180
746	747	en	luo	challenge_SSA-MTE	hyp1	News	NaN	4.2097
747	748	en	luo	challenge_SSA-MTE	hyp1	News	NaN	2.3497
748	749	en	luo	challenge_SSA-MTE	hyp1	News	NaN	2.3012
749	750	en	luo	challenge_SSA-MTE	hyp1	News	NaN	4.4827
750	751	en	luo	challenge_SSA-MTE	hyp1	News	NaN	4.4337
751	752	en	luo	challenge_SSA-MTE	hyp1	News	NaN	2.3576
752	753	en	luo	challenge_SSA-MTE	hyp1	News	NaN	4.2585
753	754	en	luo	challenge_SSA-MTE	hyp1	News	NaN	9.1684
754	755	en	luo	challenge_SSA-MTE	hyp1	News	NaN	1.3794
755	756	en	luo	challenge_SSA-MTE	hyp1	News	NaN	23.8480
756	757	en	luo	challenge_SSA-MTE	hyp1	News	NaN	23.4584
757	758	en	luo	challenge_SSA-MTE	hyp1	News	NaN	10.3489
758	759	en	luo	challenge_SSA-MTE	hyp1	News	NaN	39.2136
759	760	en	luo	challenge_SSA-MTE	hyp1	News	NaN	56.9718
760	761	en	luo	challenge_SSA-MTE	hyp1	News	NaN	88.6661
761	762	en	luo	challenge_SSA-MTE	hyp1	News	NaN	26.5181
762	763	en	luo	challenge_SSA-MTE	hyp1	News	NaN	75.3922
763	764	en	luo	challenge_SSA-MTE	hyp1	News	NaN	7.5878
764	765	en	luo	challenge_SSA-MTE	hyp1	News	NaN	3.6734
765	766	en	luo	challenge_SSA-MTE	hyp1	News	NaN	6.2146
766	767	en	luo	challenge_SSA-MTE	hyp1	News	NaN	6.2961
767	768	en	luo	challenge_SSA-MTE	hyp1	News	NaN	13.1287
768	769	en	luo	challenge_SSA-MTE	hyp1	News	NaN	5.8769
769	770	en	luo	challenge_SSA-MTE	hyp1	News	NaN	3.3828
770	771	en	luo	challenge_SSA-MTE	hyp1	News	NaN	22.7614
771	772	en	luo	challenge_SSA-MTE	hyp1	News	NaN	26.6701
772	773	en	luo	challenge_SSA-MTE	hyp1	News	NaN	0.0000
773	774	en	luo	challenge_SSA-MTE	hyp1	News	NaN	26.6609
774	775	en	luo	challenge_SSA-MTE	hyp1	News	NaN	26.3644
775	776	en	luo	challenge_SSA-MTE	hyp1	News	NaN	17.2027
776	777	en	luo	challenge_SSA-MTE	hyp1	News	NaN	11.6687
777	778	en	luo	challenge_SSA-MTE	hyp1	News	NaN	24.9078
778	779	en	luo	challenge_SSA-MTE	hyp1	News	NaN	21.0980
779	780	en	luo	challenge_SSA-MTE	hyp1	News	NaN	16.9805
780	781	en	luo	challenge_SSA-MTE	hyp1	News	NaN	5.2178
781	782	en	luo	challenge_SSA-MTE	hyp1	News	NaN	16.7622
782	783	en	luo	challenge_SSA-MTE	hyp1	News	NaN	3.8303
783	784	en	luo	challenge_SSA-MTE	hyp1	News	NaN	10.5138
784	785	en	luo	challenge_SSA-MTE	hyp1	News	NaN	17.4379
785	786	en	luo	challenge_SSA-MTE	hyp1	News	NaN	14.3995
786	787	en	luo	challenge_SSA-MTE	hyp1	News	NaN	10.9429
787	788	en	luo	challenge_SSA-MTE	hyp1	News	NaN	9.2519
788	789	en	luo	challenge_SSA-MTE	hyp1	News	NaN	18.2017
789	790	en	luo	challenge_SSA-MTE	hyp1	News	NaN	35.7173
790	791	en	luo	challenge_SSA-MTE	hyp1	News	NaN	2.6505
791	792	en	luo	challenge_SSA-MTE	hyp1	News	NaN	17.3023
792	793	en	luo	challenge_SSA-MTE	hyp1	News	NaN	10.1913
793	794	en	luo	challenge_SSA-MTE	hyp1	News	NaN	14.5938
794	795	en	luo	challenge_SSA-MTE	hyp1	News	NaN	22.8654
795	796	en	luo	challenge_SSA-MTE	hyp1	News	NaN	56.4597
796	797	en	luo	challenge_SSA-MTE	hyp1	News	NaN	36.8529
797	798	en	luo	challenge_SSA-MTE	hyp1	News	NaN	35.7141
798	799	en	luo	challenge_SSA-MTE	hyp1	News	NaN	11.0190
799	800	en	luo	challenge_SSA-MTE	hyp1	News	NaN	13.2090
800	801	en	luo	challenge_SSA-MTE	hyp1	News	NaN	30.4619
801	802	en	luo	challenge_SSA-MTE	hyp1	News	NaN	42.0623
802	803	en	luo	challenge_SSA-MTE	hyp1	News	NaN	48.7013
803	804	en	luo	challenge_SSA-MTE	hyp1	News	NaN	41.4976
804	805	en	luo	challenge_SSA-MTE	hyp1	News	NaN	2.6461
805	806	en	luo	challenge_SSA-MTE	hyp1	News	NaN	5.5955
806	807	en	luo	challenge_SSA-MTE	hyp1	News	NaN	5.5536
807	808	en	luo	challenge_SSA-MTE	hyp1	News	NaN	16.1105
808	809	en	luo	challenge_SSA-MTE	hyp1	News	NaN	26.2431
809	810	en	luo	challenge_SSA-MTE	hyp1	News	NaN	10.9295
810	811	en	luo	challenge_SSA-MTE	hyp1	News	NaN	10.1175
811	812	en	luo	challenge_SSA-MTE	hyp1	News	NaN	7.5566
812	813	en	luo	challenge_SSA-MTE	hyp1	News	NaN	16.4034
813	814	en	luo	challenge_SSA-MTE	hyp1	News	NaN	20.4773
814	815	en	luo	challenge_SSA-MTE	hyp1	News	NaN	23.7980
815	816	en	luo	challenge_SSA-MTE	hyp1	News	NaN	9.8365
816	817	en	luo	challenge_SSA-MTE	hyp1	News	NaN	33.8883
817	818	en	luo	challenge_SSA-MTE	hyp1	News	NaN	35.0626
818	819	en	luo	challenge_SSA-MTE	hyp1	News	NaN	21.2464
819	820	en	luo	challenge_SSA-MTE	hyp1	News	NaN	38.8927
820	821	en	luo	challenge_SSA-MTE	hyp1	News	NaN	11.1379
821	822	en	luo	challenge_SSA-MTE	hyp1	News	NaN	36.6613
822	823	en	luo	challenge_SSA-MTE	hyp1	News	NaN	10.5445
823	824	en	luo	challenge_SSA-MTE	hyp1	News	NaN	9.0595
824	825	en	luo	challenge_SSA-MTE	hyp1	News	NaN	13.6698
825	826	en	luo	challenge_SSA-MTE	hyp1	News	NaN	21.5531
826	827	en	luo	challenge_SSA-MTE	hyp1	News	NaN	20.8386
827	828	en	luo	challenge_SSA-MTE	hyp1	News	NaN	9.3490
828	829	en	luo	challenge_SSA-MTE	hyp1	News	NaN	2.2574
829	830	en	luo	challenge_SSA-MTE	hyp1	News	NaN	7.6978
830	831	en	luo	challenge_SSA-MTE	hyp1	News	NaN	15.0225
831	832	en	luo	challenge_SSA-MTE	hyp1	News	NaN	19.5438
832	833	en	luo	challenge_SSA-MTE	hyp1	News	NaN	8.3598
833	834	en	luo	challenge_SSA-MTE	hyp1	News	NaN	4.4885
834	835	en	luo	challenge_SSA-MTE	hyp1	News	NaN	4.2111
835	836	en	luo	challenge_SSA-MTE	hyp1	News	NaN	9.3662
836	837	en	luo	challenge_SSA-MTE	hyp1	News	NaN	9.7949
837	838	en	luo	challenge_SSA-MTE	hyp1	News	NaN	6.5979
838	839	en	luo	challenge_SSA-MTE	hyp1	News	NaN	1.8394
839	840	en	luo	challenge_SSA-MTE	hyp1	News	NaN	3.4198
840	841	en	luo	challenge_SSA-MTE	hyp1	News	NaN	5.0088
841	842	en	luo	challenge_SSA-MTE	hyp1	News	NaN	9.2177
842	843	en	luo	challenge_SSA-MTE	hyp1	News	NaN	17.1898
843	844	en	luo	challenge_SSA-MTE	hyp1	News	NaN	16.5928
844	845	en	luo	challenge_SSA-MTE	hyp1	News	NaN	5.0631
845	846	en	luo	challenge_SSA-MTE	hyp1	News	NaN	4.6701
846	847	en	luo	challenge_SSA-MTE	hyp1	News	NaN	7.6784
847	848	en	luo	challenge_SSA-MTE	hyp1	News	NaN	32.6668
848	849	en	luo	challenge_SSA-MTE	hyp1	News	NaN	28.8834
849	850	en	luo	challenge_SSA-MTE	hyp1	News	NaN	10.3321
850	851	en	luo	challenge_SSA-MTE	hyp1	News	NaN	3.3060
851	852	en	luo	challenge_SSA-MTE	hyp1	News	NaN	14.6069
852	853	en	luo	challenge_SSA-MTE	hyp1	News	NaN	4.8133
853	854	en	luo	challenge_SSA-MTE	hyp1	News	NaN	22.6374
854	855	en	luo	challenge_SSA-MTE	hyp1	News	NaN	18.3303
855	856	en	luo	challenge_SSA-MTE	hyp1	News	NaN	14.8582
856	857	en	luo	challenge_SSA-MTE	hyp1	News	NaN	4.3376
857	858	en	luo	challenge_SSA-MTE	hyp1	News	NaN	6.1435
858	859	en	luo	challenge_SSA-MTE	hyp1	News	NaN	6.3520
859	860	en	luo	challenge_SSA-MTE	hyp1	News	NaN	27.4123
860	861	en	luo	challenge_SSA-MTE	hyp1	News	NaN	31.9880
861	862	en	luo	challenge_SSA-MTE	hyp1	News	NaN	3.5568
862	863	en	luo	challenge_SSA-MTE	hyp1	News	NaN	1.8891
863	864	en	luo	challenge_SSA-MTE	hyp1	News	NaN	3.7310
864	865	en	luo	challenge_SSA-MTE	hyp1	News	NaN	4.1878
865	866	en	luo	challenge_SSA-MTE	hyp1	News	NaN	3.6536
866	867	en	luo	challenge_SSA-MTE	hyp1	News	NaN	4.6306
867	868	en	luo	challenge_SSA-MTE	hyp1	News	NaN	17.0360
868	869	en	luo	challenge_SSA-MTE	hyp1	News	NaN	19.9115
869	870	en	luo	challenge_SSA-MTE	hyp1	News	NaN	1.2686
870	871	en	luo	challenge_SSA-MTE	hyp1	News	NaN	18.2585
871	872	en	luo	challenge_SSA-MTE	hyp1	News	NaN	7.1443
872	873	en	luo	challenge_SSA-MTE	hyp1	News	NaN	32.4767
873	874	en	luo	challenge_SSA-MTE	hyp1	News	NaN	1.6773
874	875	en	luo	challenge_SSA-MTE	hyp1	News	NaN	1.7329
875	876	en	luo	challenge_SSA-MTE	hyp1	News	NaN	5.1605
876	877	en	luo	challenge_SSA-MTE	hyp1	News	NaN	13.1943
877	878	en	luo	challenge_SSA-MTE	hyp1	News	NaN	4.4850
878	879	en	luo	challenge_SSA-MTE	hyp1	News	NaN	14.1004
879	880	en	luo	challenge_SSA-MTE	hyp1	News	NaN	14.8413
880	881	en	luo	challenge_SSA-MTE	hyp1	News	NaN	17.4636
881	882	en	luo	challenge_SSA-MTE	hyp1	News	NaN	8.1281
882	883	en	luo	challenge_SSA-MTE	hyp1	News	NaN	3.2604
883	884	en	luo	challenge_SSA-MTE	hyp1	News	NaN	5.8756
884	885	en	luo	challenge_SSA-MTE	hyp1	News	NaN	3.1386
885	886	en	luo	challenge_SSA-MTE	hyp1	News	NaN	7.1731
886	887	en	luo	challenge_SSA-MTE	hyp1	News	NaN	4.3696
887	888	en	luo	challenge_SSA-MTE	hyp1	News	NaN	9.6085
888	889	en	luo	challenge_SSA-MTE	hyp1	News	NaN	3.6529
889	890	en	luo	challenge_SSA-MTE	hyp1	News	NaN	7.8320
890	891	en	luo	challenge_SSA-MTE	hyp1	News	NaN	2.4680
891	892	en	luo	challenge_SSA-MTE	hyp1	News	NaN	12.7895
892	893	en	luo	challenge_SSA-MTE	hyp1	News	NaN	9.4985
893	894	en	luo	challenge_SSA-MTE	hyp1	News	NaN	4.6700
894	895	en	luo	challenge_SSA-MTE	hyp1	News	NaN	6.2048
895	896	en	luo	challenge_SSA-MTE	hyp1	News	NaN	15.0484
896	897	en	luo	challenge_SSA-MTE	hyp1	News	NaN	6.4960
897	898	en	luo	challenge_SSA-MTE	hyp1	News	NaN	18.4969
898	899	en	luo	challenge_SSA-MTE	hyp1	News	NaN	4.1547
899	900	en	luo	challenge_SSA-MTE	hyp1	News	NaN	24.8108
900	901	en	luo	challenge_SSA-MTE	hyp1	News	NaN	21.0614
901	902	en	luo	challenge_SSA-MTE	hyp1	News	NaN	24.1637
902	903	en	luo	challenge_SSA-MTE	hyp1	News	NaN	13.1916
903	904	en	luo	challenge_SSA-MTE	hyp1	News	NaN	16.7177
904	905	en	luo	challenge_SSA-MTE	hyp1	News	NaN	15.7980
905	906	en	luo	challenge_SSA-MTE	hyp1	News	NaN	17.0270
906	907	en	luo	challenge_SSA-MTE	hyp1	News	NaN	5.5815
907	908	en	luo	challenge_SSA-MTE	hyp1	News	NaN	4.4626
908	909	en	luo	challenge_SSA-MTE	hyp1	News	NaN	13.3152
909	910	en	luo	challenge_SSA-MTE	hyp1	News	NaN	20.2374
910	911	en	luo	challenge_SSA-MTE	hyp1	News	NaN	6.4616
911	912	en	luo	challenge_SSA-MTE	hyp1	News	NaN	23.9762
912	913	en	luo	challenge_SSA-MTE	hyp1	News	NaN	16.3307
913	914	en	luo	challenge_SSA-MTE	hyp1	News	NaN	2.5059
914	915	en	luo	challenge_SSA-MTE	hyp1	News	NaN	25.8069
915	916	en	luo	challenge_SSA-MTE	hyp1	News	NaN	25.1152
916	917	en	luo	challenge_SSA-MTE	hyp1	News	NaN	24.1060
917	918	en	luo	challenge_SSA-MTE	hyp1	News	NaN	1.8053
918	919	en	luo	challenge_SSA-MTE	hyp1	News	NaN	3.8611
919	920	en	luo	challenge_SSA-MTE	hyp1	News	NaN	1.3960
920	921	en	luo	challenge_SSA-MTE	hyp1	News	NaN	9.7244
921	922	en	luo	challenge_SSA-MTE	hyp1	News	NaN	2.7117
922	923	en	luo	challenge_SSA-MTE	hyp1	News	NaN	8.1021
923	924	en	luo	challenge_SSA-MTE	hyp1	News	NaN	4.3509
924	925	en	luo	challenge_SSA-MTE	hyp1	News	NaN	8.4853
925	926	en	luo	challenge_SSA-MTE	hyp1	News	NaN	9.8955
926	927	en	luo	challenge_SSA-MTE	hyp1	News	NaN	7.9422
927	928	en	luo	challenge_SSA-MTE	hyp1	News	NaN	5.5178
928	929	en	luo	challenge_SSA-MTE	hyp1	News	NaN	14.8687
929	930	en	luo	challenge_SSA-MTE	hyp1	News	NaN	26.9714
930	931	en	luo	challenge_SSA-MTE	hyp1	News	NaN	20.5347
931	932	en	luo	challenge_SSA-MTE	hyp1	News	NaN	19.2132
932	933	en	luo	challenge_SSA-MTE	hyp1	News	NaN	4.7610
933	934	en	luo	challenge_SSA-MTE	hyp1	News	NaN	8.2070
934	935	en	luo	challenge_SSA-MTE	hyp1	News	NaN	4.2511
935	936	en	luo	challenge_SSA-MTE	hyp1	News	NaN	11.3719
936	937	en	luo	challenge_SSA-MTE	hyp1	News	NaN	5.3569
937	938	en	luo	challenge_SSA-MTE	hyp1	News	NaN	3.0935
938	939	en	luo	challenge_SSA-MTE	hyp1	News	NaN	2.9733
939	940	en	luo	challenge_SSA-MTE	hyp1	News	NaN	9.8338
940	941	en	luo	challenge_SSA-MTE	hyp1	News	NaN	7.0297
941	942	en	luo	challenge_SSA-MTE	hyp1	News	NaN	5.9608
942	943	en	luo	challenge_SSA-MTE	hyp1	News	NaN	6.8370
943	944	en	luo	challenge_SSA-MTE	hyp1	News	NaN	10.7452
944	945	en	luo	challenge_SSA-MTE	hyp1	News	NaN	15.4365
945	946	en	luo	challenge_SSA-MTE	hyp1	News	NaN	8.1975
946	947	en	luo	challenge_SSA-MTE	hyp1	News	NaN	6.7635
947	948	en	luo	challenge_SSA-MTE	hyp1	News	NaN	6.9742
948	949	en	luo	challenge_SSA-MTE	hyp1	News	NaN	16.1533
949	950	en	luo	challenge_SSA-MTE	hyp1	News	NaN	0.0148
950	951	en	luo	challenge_SSA-MTE	hyp1	News	NaN	5.3599
951	952	en	luo	challenge_SSA-MTE	hyp1	News	NaN	4.8049
952	953	en	luo	challenge_SSA-MTE	hyp1	News	NaN	0.4107
953	954	en	luo	challenge_SSA-MTE	hyp1	News	NaN	2.3573
954	955	en	luo	challenge_SSA-MTE	hyp1	News	NaN	2.6088
955	956	en	luo	challenge_SSA-MTE	hyp1	News	NaN	2.5683
956	957	en	luo	challenge_SSA-MTE	hyp1	News	NaN	3.2678
957	958	en	luo	challenge_SSA-MTE	hyp1	News	NaN	0.6610
958	959	en	luo	challenge_SSA-MTE	hyp1	News	NaN	2.7162
959	960	en	luo	challenge_SSA-MTE	hyp1	News	NaN	2.4427
960	961	en	luo	challenge_SSA-MTE	hyp1	News	NaN	5.6186
961	962	en	luo	challenge_SSA-MTE	hyp1	News	NaN	5.7851
962	963	en	luo	challenge_SSA-MTE	hyp1	News	NaN	6.9824
963	964	en	luo	challenge_SSA-MTE	hyp1	News	NaN	9.6454
964	965	en	luo	challenge_SSA-MTE	hyp1	News	NaN	14.5404
965	966	en	luo	challenge_SSA-MTE	hyp1	News	NaN	44.6895
966	967	en	luo	challenge_SSA-MTE	hyp1	News	NaN	9.9415
967	968	en	luo	challenge_SSA-MTE	hyp1	News	NaN	16.6187
968	969	en	luo	challenge_SSA-MTE	hyp1	News	NaN	11.8557
969	970	en	luo	challenge_SSA-MTE	hyp1	News	NaN	49.6922
970	971	en	luo	challenge_SSA-MTE	hyp1	News	NaN	4.3443
971	972	en	luo	challenge_SSA-MTE	hyp1	News	NaN	15.8581
972	973	en	luo	challenge_SSA-MTE	hyp1	News	NaN	5.3569
973	974	en	luo	challenge_SSA-MTE	hyp1	News	NaN	16.2994
974	975	en	luo	challenge_SSA-MTE	hyp1	News	NaN	8.3011
975	976	en	luo	challenge_SSA-MTE	hyp1	News	NaN	13.5773
976	977	en	luo	challenge_SSA-MTE	hyp1	News	NaN	2.7066
977	978	en	luo	challenge_SSA-MTE	hyp1	News	NaN	3.3553
978	979	en	luo	challenge_SSA-MTE	hyp1	News	NaN	3.5818
979	980	en	luo	challenge_SSA-MTE	hyp1	News	NaN	6.5563
980	981	en	luo	challenge_SSA-MTE	hyp1	News	NaN	3.1988
981	982	en	luo	challenge_SSA-MTE	hyp1	News	NaN	15.8462
982	983	en	luo	challenge_SSA-MTE	hyp1	News	NaN	11.6051
983	984	en	luo	challenge_SSA-MTE	hyp1	News	NaN	10.3785
984	985	en	luo	challenge_SSA-MTE	hyp1	News	NaN	14.3381
985	986	en	luo	challenge_SSA-MTE	hyp1	News	NaN	8.3357
986	987	en	luo	challenge_SSA-MTE	hyp1	News	NaN	11.9251
987	988	en	luo	challenge_SSA-MTE	hyp1	News	NaN	17.2749
988	989	en	luo	challenge_SSA-MTE	hyp1	News	NaN	8.4464
989	990	en	luo	challenge_SSA-MTE	hyp1	News	NaN	3.0683
990	991	en	luo	challenge_SSA-MTE	hyp1	News	NaN	6.5368
991	992	en	luo	challenge_SSA-MTE	hyp1	News	NaN	6.6593
992	993	en	luo	challenge_SSA-MTE	hyp1	News	NaN	6.8988
993	994	en	luo	challenge_SSA-MTE	hyp1	News	NaN	3.1613
994	995	en	luo	challenge_SSA-MTE	hyp1	News	NaN	1.6773
995	996	en	luo	challenge_SSA-MTE	hyp1	News	NaN	5.9142
996	997	en	luo	challenge_SSA-MTE	hyp1	News	NaN	6.0839
997	998	en	luo	challenge_SSA-MTE	hyp1	News	NaN	6.5203
998	999	en	luo	challenge_SSA-MTE	hyp1	News	NaN	2.0171
999	1000	en	luo	challenge_SSA-MTE	hyp1	News	NaN	4.6273
1000	1001	en	luo	challenge_SSA-MTE	hyp1	News	NaN	2.0899
1001	1002	en	luo	challenge_SSA-MTE	hyp1	News	NaN	3.9566
1002	1003	en	luo	challenge_SSA-MTE	hyp1	News	NaN	6.9295
1003	1004	en	luo	challenge_SSA-MTE	hyp1	News	NaN	6.8797
1004	1005	en	luo	challenge_SSA-MTE	hyp1	News	NaN	8.1037
1005	1006	en	luo	challenge_SSA-MTE	hyp1	News	NaN	10.2755
1006	1007	en	luo	challenge_SSA-MTE	hyp1	News	NaN	4.5218
1007	1008	en	luo	challenge_SSA-MTE	hyp1	News	NaN	5.4257
1008	1009	en	luo	challenge_SSA-MTE	hyp1	News	NaN	1.3897
1009	1010	en	luo	challenge_SSA-MTE	hyp1	News	NaN	8.7918
1010	1011	en	luo	challenge_SSA-MTE	hyp1	News	NaN	4.8834
1011	1012	en	luo	challenge_SSA-MTE	hyp1	News	NaN	5.7117
1012	1013	en	luo	challenge_SSA-MTE	hyp1	News	NaN	1.9968
1013	1014	en	luo	challenge_SSA-MTE	hyp1	News	NaN	2.0429
1014	1015	en	luo	challenge_SSA-MTE	hyp1	News	NaN	2.7157
1015	1016	en	luo	challenge_SSA-MTE	hyp1	News	NaN	3.3589
1016	1017	en	luo	challenge_SSA-MTE	hyp1	News	NaN	8.2823
1017	1018	en	luo	challenge_SSA-MTE	hyp1	News	NaN	3.7965
1018	1019	en	luo	challenge_SSA-MTE	hyp1	News	NaN	12.8392
1019	1020	en	luo	challenge_SSA-MTE	hyp1	News	NaN	6.2444
1020	1021	en	luo	challenge_SSA-MTE	hyp1	News	NaN	21.4761
1021	1022	en	luo	challenge_SSA-MTE	hyp1	News	NaN	6.7165
1022	1023	en	luo	challenge_SSA-MTE	hyp1	News	NaN	3.7769
1023	1024	en	luo	challenge_SSA-MTE	hyp1	News	NaN	7.4963
1024	1025	en	luo	challenge_SSA-MTE	hyp1	News	NaN	9.1075
1025	1026	en	luo	challenge_SSA-MTE	hyp1	News	NaN	20.7640
1026	1027	en	luo	challenge_SSA-MTE	hyp1	News	NaN	34.8415
1027	1028	en	luo	challenge_SSA-MTE	hyp1	News	NaN	12.7874
1028	1029	en	luo	challenge_SSA-MTE	hyp1	News	NaN	19.2551
1029	1030	en	luo	challenge_SSA-MTE	hyp1	News	NaN	1.6760
1030	1031	en	luo	challenge_SSA-MTE	hyp1	News	NaN	1.5991
1031	1032	en	luo	challenge_SSA-MTE	hyp1	News	NaN	1.5391
1032	1033	en	luo	challenge_SSA-MTE	hyp1	News	NaN	1.6139
1033	1034	en	luo	challenge_SSA-MTE	hyp1	News	NaN	2.9402
1034	1035	en	luo	challenge_SSA-MTE	hyp1	News	NaN	2.8140
1035	1036	en	luo	challenge_SSA-MTE	hyp1	News	NaN	14.0941
1036	1037	en	luo	challenge_SSA-MTE	hyp1	News	NaN	9.0316
1037	1038	en	luo	challenge_SSA-MTE	hyp1	News	NaN	12.8487
1038	1039	en	luo	challenge_SSA-MTE	hyp1	News	NaN	7.7265
1039	1040	en	luo	challenge_SSA-MTE	hyp1	News	NaN	16.4519
1040	1041	en	luo	challenge_SSA-MTE	hyp1	News	NaN	3.2853
1041	1042	en	luo	challenge_SSA-MTE	hyp1	News	NaN	1.4263
1042	1043	en	luo	challenge_SSA-MTE	hyp1	News	NaN	1.0649
1043	1044	en	luo	challenge_SSA-MTE	hyp1	News	NaN	4.1287
1044	1045	en	luo	challenge_SSA-MTE	hyp1	News	NaN	1.5305
1045	1046	en	luo	challenge_SSA-MTE	hyp1	News	NaN	16.5161
1046	1047	en	luo	challenge_SSA-MTE	hyp1	News	NaN	4.6816
1047	1048	en	luo	challenge_SSA-MTE	hyp1	News	NaN	12.0778
1048	1049	en	luo	challenge_SSA-MTE	hyp1	News	NaN	11.5094
1049	1050	en	luo	challenge_SSA-MTE	hyp1	News	NaN	10.9602
1050	1051	en	luo	challenge_SSA-MTE	hyp1	News	NaN	4.0486
1051	1052	en	luo	challenge_SSA-MTE	hyp1	News	NaN	1.8233
1052	1053	en	luo	challenge_SSA-MTE	hyp1	News	NaN	3.3462
1053	1054	en	luo	challenge_SSA-MTE	hyp1	News	NaN	4.8410
1054	1055	en	luo	challenge_SSA-MTE	hyp1	News	NaN	10.4255
1055	1056	en	luo	challenge_SSA-MTE	hyp1	News	NaN	9.9326
1056	1057	en	luo	challenge_SSA-MTE	hyp1	News	NaN	8.9094
1057	1058	en	luo	challenge_SSA-MTE	hyp1	News	NaN	3.5033
1058	1059	en	luo	challenge_SSA-MTE	hyp1	News	NaN	2.1453
1059	1060	en	luo	challenge_SSA-MTE	hyp1	News	NaN	4.5707
1060	1061	en	luo	challenge_SSA-MTE	hyp1	News	NaN	3.6880
1061	1062	en	luo	challenge_SSA-MTE	hyp1	News	NaN	2.0739
1062	1063	en	luo	challenge_SSA-MTE	hyp1	News	NaN	3.3518
1063	1064	en	luo	challenge_SSA-MTE	hyp1	News	NaN	3.7129
1064	1065	en	luo	challenge_SSA-MTE	hyp1	News	NaN	3.6592
1065	1066	en	luo	challenge_SSA-MTE	hyp1	News	NaN	2.0907
1066	1067	en	luo	challenge_SSA-MTE	hyp1	News	NaN	5.2559
1067	1068	en	luo	challenge_SSA-MTE	hyp1	News	NaN	4.4154
1068	1069	en	luo	challenge_SSA-MTE	hyp1	News	NaN	2.3682
1069	1070	en	luo	challenge_SSA-MTE	hyp1	News	NaN	1.7346
1070	1071	en	luo	challenge_SSA-MTE	hyp1	News	NaN	2.4623
1071	1072	en	luo	challenge_SSA-MTE	hyp1	News	NaN	2.4623
1072	1073	en	luo	challenge_SSA-MTE	hyp1	News	NaN	8.0670
1073	1074	en	luo	challenge_SSA-MTE	hyp1	News	NaN	2.2609
1074	1075	en	luo	challenge_SSA-MTE	hyp1	News	NaN	2.4499
1075	1076	en	luo	challenge_SSA-MTE	hyp1	News	NaN	9.9063
1076	1077	en	luo	challenge_SSA-MTE	hyp1	News	NaN	11.0673
1077	1078	en	luo	challenge_SSA-MTE	hyp1	News	NaN	4.0726
1078	1079	en	luo	challenge_SSA-MTE	hyp1	News	NaN	28.1937
1079	1080	en	luo	challenge_SSA-MTE	hyp1	News	NaN	27.1965
1080	1081	en	luo	challenge_SSA-MTE	hyp1	News	NaN	15.2391
1081	1082	en	luo	challenge_SSA-MTE	hyp1	News	NaN	3.1581
1082	1083	en	luo	challenge_SSA-MTE	hyp1	News	NaN	3.5298
1083	1084	en	luo	challenge_SSA-MTE	hyp1	News	NaN	4.5256
1084	1085	en	luo	challenge_SSA-MTE	hyp1	News	NaN	18.4924
1085	1086	en	luo	challenge_SSA-MTE	hyp1	News	NaN	3.1526
1086	1087	en	luo	challenge_SSA-MTE	hyp1	News	NaN	6.6107
1087	1088	en	luo	challenge_SSA-MTE	hyp1	News	NaN	7.9257
1088	1089	en	luo	challenge_SSA-MTE	hyp1	News	NaN	12.7690
1089	1090	en	luo	challenge_SSA-MTE	hyp1	News	NaN	7.4182
1090	1091	en	luo	challenge_SSA-MTE	hyp1	News	NaN	13.9892
1091	1092	en	luo	challenge_SSA-MTE	hyp1	News	NaN	14.9558
1092	1093	en	luo	challenge_SSA-MTE	hyp1	News	NaN	13.8182
1093	1094	en	luo	challenge_SSA-MTE	hyp1	News	NaN	2.1602
1094	1095	en	luo	challenge_SSA-MTE	hyp1	News	NaN	2.3340
1095	1096	en	luo	challenge_SSA-MTE	hyp1	News	NaN	1.5394
1096	1097	en	luo	challenge_SSA-MTE	hyp1	News	NaN	4.7595
1097	1098	en	luo	challenge_SSA-MTE	hyp1	News	NaN	6.4568
1098	1099	en	luo	challenge_SSA-MTE	hyp1	News	NaN	2.0899
1099	1100	en	luo	challenge_SSA-MTE	hyp1	News	NaN	1.8746
1100	1101	en	luo	challenge_SSA-MTE	hyp1	News	NaN	3.2895
1101	1102	en	luo	challenge_SSA-MTE	hyp1	News	NaN	1.7094
1102	1103	en	luo	challenge_SSA-MTE	hyp1	News	NaN	5.3113
1103	1104	en	luo	challenge_SSA-MTE	hyp1	News	NaN	8.9324
1104	1105	en	luo	challenge_SSA-MTE	hyp1	News	NaN	3.2553
1105	1106	en	luo	challenge_SSA-MTE	hyp1	News	NaN	1.9430
1106	1107	en	luo	challenge_SSA-MTE	hyp1	News	NaN	2.8887
1107	1108	en	luo	challenge_SSA-MTE	hyp1	News	NaN	0.5317
1108	1109	en	luo	challenge_SSA-MTE	hyp1	News	NaN	3.7601
1109	1110	en	luo	challenge_SSA-MTE	hyp1	News	NaN	3.8939
1110	1111	en	luo	challenge_SSA-MTE	hyp1	News	NaN	6.6007
1111	1112	en	luo	challenge_SSA-MTE	hyp1	News	NaN	15.7462
1112	1113	en	luo	challenge_SSA-MTE	hyp1	News	NaN	1.4761
1113	1114	en	luo	challenge_SSA-MTE	hyp1	News	NaN	29.9601
1114	1115	en	luo	challenge_SSA-MTE	hyp1	News	NaN	26.1865
1115	1116	en	luo	challenge_SSA-MTE	hyp1	News	NaN	2.4902
1116	1117	en	luo	challenge_SSA-MTE	hyp1	News	NaN	3.9647
1117	1118	en	luo	challenge_SSA-MTE	hyp1	News	NaN	4.4052
1118	1119	en	luo	challenge_SSA-MTE	hyp1	News	NaN	3.7091
1119	1120	en	luo	challenge_SSA-MTE	hyp1	News	NaN	5.1138
1120	1121	en	luo	challenge_SSA-MTE	hyp1	News	NaN	4.6322
1121	1122	en	luo	challenge_SSA-MTE	hyp1	News	NaN	11.3603
1122	1123	en	luo	challenge_SSA-MTE	hyp1	News	NaN	9.5691
1123	1124	en	luo	challenge_SSA-MTE	hyp1	News	NaN	8.2096
1124	1125	en	luo	challenge_SSA-MTE	hyp1	News	NaN	12.8767
1125	1126	en	luo	challenge_SSA-MTE	hyp1	News	NaN	15.7133
1126	1127	en	luo	challenge_SSA-MTE	hyp1	News	NaN	13.8579
1127	1128	en	luo	challenge_SSA-MTE	hyp1	News	NaN	10.2698
1128	1129	en	luo	challenge_SSA-MTE	hyp1	News	NaN	26.8894
1129	1130	en	luo	challenge_SSA-MTE	hyp1	News	NaN	12.6591
1130	1131	en	luo	challenge_SSA-MTE	hyp1	News	NaN	7.8155
1131	1132	en	luo	challenge_SSA-MTE	hyp1	News	NaN	6.0877
1132	1133	en	luo	challenge_SSA-MTE	hyp1	News	NaN	7.1545
1133	1134	en	luo	challenge_SSA-MTE	hyp1	News	NaN	0.7209
1134	1135	en	luo	challenge_SSA-MTE	hyp1	News	NaN	1.8726
1135	1136	en	luo	challenge_SSA-MTE	hyp1	News	NaN	5.9396
1136	1137	en	luo	challenge_SSA-MTE	hyp1	News	NaN	5.9854
1137	1138	en	luo	challenge_SSA-MTE	hyp1	News	NaN	22.7455
1138	1139	en	luo	challenge_SSA-MTE	hyp1	News	NaN	10.1808
1139	1140	en	luo	challenge_SSA-MTE	hyp1	News	NaN	10.8433
1140	1141	en	luo	challenge_SSA-MTE	hyp1	News	NaN	0.5969
1141	1142	en	luo	challenge_SSA-MTE	hyp1	News	NaN	24.6366
1142	1143	en	luo	challenge_SSA-MTE	hyp1	News	NaN	7.1487
1143	1144	en	luo	challenge_SSA-MTE	hyp1	News	NaN	6.8784
1144	1145	en	luo	challenge_SSA-MTE	hyp1	News	NaN	13.5999
1145	1146	en	luo	challenge_SSA-MTE	hyp1	News	NaN	23.2442
1146	1147	en	luo	challenge_SSA-MTE	hyp1	News	NaN	17.8785
1147	1148	en	luo	challenge_SSA-MTE	hyp1	News	NaN	10.1452
1148	1149	en	luo	challenge_SSA-MTE	hyp1	News	NaN	12.9240
1149	1150	en	luo	challenge_SSA-MTE	hyp1	News	NaN	14.4354
1150	1151	en	luo	challenge_SSA-MTE	hyp1	News	NaN	6.5036
1151	1152	en	luo	challenge_SSA-MTE	hyp1	News	NaN	6.4429
1152	1153	en	luo	challenge_SSA-MTE	hyp1	News	NaN	14.3403
1153	1154	en	luo	challenge_SSA-MTE	hyp1	News	NaN	7.8167
1154	1155	en	luo	challenge_SSA-MTE	hyp1	News	NaN	5.3569
1155	1156	en	luo	challenge_SSA-MTE	hyp1	News	NaN	7.7238
1156	1157	en	luo	challenge_SSA-MTE	hyp1	News	NaN	13.3364
1157	1158	en	luo	challenge_SSA-MTE	hyp1	News	NaN	4.5046
1158	1159	en	luo	challenge_SSA-MTE	hyp1	News	NaN	12.7895
1159	1160	en	luo	challenge_SSA-MTE	hyp1	News	NaN	7.1487
1160	1161	en	luo	challenge_SSA-MTE	hyp1	News	NaN	4.6214
1161	1162	en	luo	challenge_SSA-MTE	hyp1	News	NaN	15.9885
1162	1163	en	luo	challenge_SSA-MTE	hyp1	News	NaN	17.5286
1163	1164	en	luo	challenge_SSA-MTE	hyp1	News	NaN	18.0871
1164	1165	en	luo	challenge_SSA-MTE	hyp1	News	NaN	25.0912
1165	1166	en	luo	challenge_SSA-MTE	hyp1	News	NaN	1.4414
1166	1167	en	luo	challenge_SSA-MTE	hyp1	News	NaN	1.4943
1167	1168	en	luo	challenge_SSA-MTE	hyp1	News	NaN	1.8306
1168	1169	en	luo	challenge_SSA-MTE	hyp1	News	NaN	3.3226
1169	1170	en	luo	challenge_SSA-MTE	hyp1	News	NaN	2.6748
1170	1171	en	luo	challenge_SSA-MTE	hyp1	News	NaN	41.7847
1171	1172	en	luo	challenge_SSA-MTE	hyp1	News	NaN	20.9699
1172	1173	en	luo	challenge_SSA-MTE	hyp1	News	NaN	30.0497
1173	1174	en	luo	challenge_SSA-MTE	hyp1	News	NaN	25.9042
1174	1175	en	luo	challenge_SSA-MTE	hyp1	News	NaN	38.2168
1175	1176	en	luo	challenge_SSA-MTE	hyp1	News	NaN	2.6227
1176	1177	en	luo	challenge_SSA-MTE	hyp1	News	NaN	2.8183
1177	1178	en	luo	challenge_SSA-MTE	hyp1	News	NaN	0.0000
1178	1179	en	luo	challenge_SSA-MTE	hyp1	News	NaN	6.8606
1179	1180	en	luo	challenge_SSA-MTE	hyp1	News	NaN	6.2389
1180	1181	en	luo	challenge_SSA-MTE	hyp1	News	NaN	5.4071
1181	1182	en	luo	challenge_SSA-MTE	hyp1	News	NaN	2.0773
1182	1183	en	luo	challenge_SSA-MTE	hyp1	News	NaN	1.6934
1183	1184	en	luo	challenge_SSA-MTE	hyp1	News	NaN	3.6164
1184	1185	en	luo	challenge_SSA-MTE	hyp1	News	NaN	1.8969
1185	1186	en	luo	challenge_SSA-MTE	hyp1	News	NaN	3.0270
1186	1187	en	luo	challenge_SSA-MTE	hyp1	News	NaN	4.1813
1187	1188	en	luo	challenge_SSA-MTE	hyp1	News	NaN	2.2386
1188	1189	en	luo	challenge_SSA-MTE	hyp1	News	NaN	6.4554
1189	1190	en	luo	challenge_SSA-MTE	hyp1	News	NaN	1.8155
1190	1191	en	luo	challenge_SSA-MTE	hyp1	News	NaN	1.8868
1191	1192	en	luo	challenge_SSA-MTE	hyp1	News	NaN	5.3672
1192	1193	en	luo	challenge_SSA-MTE	hyp1	News	NaN	18.5810
1193	1194	en	luo	challenge_SSA-MTE	hyp1	News	NaN	12.9919
1194	1195	en	luo	challenge_SSA-MTE	hyp1	News	NaN	3.5542
1195	1196	en	luo	challenge_SSA-MTE	hyp1	News	NaN	2.8889
1196	1197	en	luo	challenge_SSA-MTE	hyp1	News	NaN	1.5167
1197	1198	en	luo	challenge_SSA-MTE	hyp1	News	NaN	9.7732
1198	1199	en	luo	challenge_SSA-MTE	hyp1	News	NaN	4.2361
0	1	en	twi	challenge_SSA-MTE	hyp1	News	NaN	9.4252
1	2	en	twi	challenge_SSA-MTE	hyp1	News	NaN	9.5485
2	3	en	twi	challenge_SSA-MTE	hyp1	News	NaN	28.2568
3	4	en	twi	challenge_SSA-MTE	hyp1	News	NaN	25.9654
4	5	en	twi	challenge_SSA-MTE	hyp1	News	NaN	29.9822
5	6	en	twi	challenge_SSA-MTE	hyp1	News	NaN	8.5166
6	7	en	twi	challenge_SSA-MTE	hyp1	News	NaN	6.9172
7	8	en	twi	challenge_SSA-MTE	hyp1	News	NaN	28.2410
8	9	en	twi	challenge_SSA-MTE	hyp1	News	NaN	5.5224
9	10	en	twi	challenge_SSA-MTE	hyp1	News	NaN	9.1035
10	11	en	twi	challenge_SSA-MTE	hyp1	News	NaN	10.1280
11	12	en	twi	challenge_SSA-MTE	hyp1	News	NaN	20.4480
12	13	en	twi	challenge_SSA-MTE	hyp1	News	NaN	7.0304
13	14	en	twi	challenge_SSA-MTE	hyp1	News	NaN	7.4105
14	15	en	twi	challenge_SSA-MTE	hyp1	News	NaN	6.7543
15	16	en	twi	challenge_SSA-MTE	hyp1	News	NaN	7.2707
16	17	en	twi	challenge_SSA-MTE	hyp1	News	NaN	7.3934
17	18	en	twi	challenge_SSA-MTE	hyp1	News	NaN	7.2707
18	19	en	twi	challenge_SSA-MTE	hyp1	News	NaN	4.9324
19	20	en	twi	challenge_SSA-MTE	hyp1	News	NaN	11.9901
20	21	en	twi	challenge_SSA-MTE	hyp1	News	NaN	6.7702
21	22	en	twi	challenge_SSA-MTE	hyp1	News	NaN	8.2952
22	23	en	twi	challenge_SSA-MTE	hyp1	News	NaN	24.5981
23	24	en	twi	challenge_SSA-MTE	hyp1	News	NaN	3.2186
24	25	en	twi	challenge_SSA-MTE	hyp1	News	NaN	4.9900
25	26	en	twi	challenge_SSA-MTE	hyp1	News	NaN	5.3002
26	27	en	twi	challenge_SSA-MTE	hyp1	News	NaN	5.9342
27	28	en	twi	challenge_SSA-MTE	hyp1	News	NaN	13.1345
28	29	en	twi	challenge_SSA-MTE	hyp1	News	NaN	11.4175
29	30	en	twi	challenge_SSA-MTE	hyp1	News	NaN	11.3551
30	31	en	twi	challenge_SSA-MTE	hyp1	News	NaN	10.7390
31	32	en	twi	challenge_SSA-MTE	hyp1	News	NaN	11.4175
32	33	en	twi	challenge_SSA-MTE	hyp1	News	NaN	58.7728
33	34	en	twi	challenge_SSA-MTE	hyp1	News	NaN	11.4175
34	35	en	twi	challenge_SSA-MTE	hyp1	News	NaN	11.4174
35	36	en	twi	challenge_SSA-MTE	hyp1	News	NaN	5.9573
36	37	en	twi	challenge_SSA-MTE	hyp1	News	NaN	4.0261
37	38	en	twi	challenge_SSA-MTE	hyp1	News	NaN	0.2496
38	39	en	twi	challenge_SSA-MTE	hyp1	News	NaN	10.6073
39	40	en	twi	challenge_SSA-MTE	hyp1	News	NaN	7.1367
40	41	en	twi	challenge_SSA-MTE	hyp1	News	NaN	5.4314
41	42	en	twi	challenge_SSA-MTE	hyp1	News	NaN	3.0098
42	43	en	twi	challenge_SSA-MTE	hyp1	News	NaN	14.8796
43	44	en	twi	challenge_SSA-MTE	hyp1	News	NaN	6.8549
44	45	en	twi	challenge_SSA-MTE	hyp1	News	NaN	6.4981
45	46	en	twi	challenge_SSA-MTE	hyp1	News	NaN	6.4962
46	47	en	twi	challenge_SSA-MTE	hyp1	News	NaN	14.9911
47	48	en	twi	challenge_SSA-MTE	hyp1	News	NaN	20.7728
48	49	en	twi	challenge_SSA-MTE	hyp1	News	NaN	0.0000
49	50	en	twi	challenge_SSA-MTE	hyp1	News	NaN	22.0336
50	51	en	twi	challenge_SSA-MTE	hyp1	News	NaN	34.3764
51	52	en	twi	challenge_SSA-MTE	hyp1	News	NaN	24.7032
52	53	en	twi	challenge_SSA-MTE	hyp1	News	NaN	22.3829
53	54	en	twi	challenge_SSA-MTE	hyp1	News	NaN	9.2384
54	55	en	twi	challenge_SSA-MTE	hyp1	News	NaN	7.1418
55	56	en	twi	challenge_SSA-MTE	hyp1	News	NaN	7.4338
56	57	en	twi	challenge_SSA-MTE	hyp1	News	NaN	13.2160
57	58	en	twi	challenge_SSA-MTE	hyp1	News	NaN	9.2384
58	59	en	twi	challenge_SSA-MTE	hyp1	News	NaN	15.5801
59	60	en	twi	challenge_SSA-MTE	hyp1	News	NaN	7.4749
60	61	en	twi	challenge_SSA-MTE	hyp1	News	NaN	4.4569
61	62	en	twi	challenge_SSA-MTE	hyp1	News	NaN	17.2422
62	63	en	twi	challenge_SSA-MTE	hyp1	News	NaN	17.8275
63	64	en	twi	challenge_SSA-MTE	hyp1	News	NaN	9.1628
64	65	en	twi	challenge_SSA-MTE	hyp1	News	NaN	24.3674
65	66	en	twi	challenge_SSA-MTE	hyp1	News	NaN	21.0237
66	67	en	twi	challenge_SSA-MTE	hyp1	News	NaN	18.7602
67	68	en	twi	challenge_SSA-MTE	hyp1	News	NaN	34.1529
68	69	en	twi	challenge_SSA-MTE	hyp1	News	NaN	40.4841
69	70	en	twi	challenge_SSA-MTE	hyp1	News	NaN	25.4276
70	71	en	twi	challenge_SSA-MTE	hyp1	News	NaN	34.3920
71	72	en	twi	challenge_SSA-MTE	hyp1	News	NaN	42.8182
72	73	en	twi	challenge_SSA-MTE	hyp1	News	NaN	28.2391
73	74	en	twi	challenge_SSA-MTE	hyp1	News	NaN	38.2456
74	75	en	twi	challenge_SSA-MTE	hyp1	News	NaN	38.8906
75	76	en	twi	challenge_SSA-MTE	hyp1	News	NaN	33.6970
76	77	en	twi	challenge_SSA-MTE	hyp1	News	NaN	3.3143
77	78	en	twi	challenge_SSA-MTE	hyp1	News	NaN	32.9039
78	79	en	twi	challenge_SSA-MTE	hyp1	News	NaN	33.5474
79	80	en	twi	challenge_SSA-MTE	hyp1	News	NaN	2.4499
80	81	en	twi	challenge_SSA-MTE	hyp1	News	NaN	5.9886
81	82	en	twi	challenge_SSA-MTE	hyp1	News	NaN	2.2633
82	83	en	twi	challenge_SSA-MTE	hyp1	News	NaN	3.4673
83	84	en	twi	challenge_SSA-MTE	hyp1	News	NaN	4.4016
84	85	en	twi	challenge_SSA-MTE	hyp1	News	NaN	3.8875
85	86	en	twi	challenge_SSA-MTE	hyp1	News	NaN	14.3210
86	87	en	twi	challenge_SSA-MTE	hyp1	News	NaN	8.9730
87	88	en	twi	challenge_SSA-MTE	hyp1	News	NaN	3.7374
88	89	en	twi	challenge_SSA-MTE	hyp1	News	NaN	14.3210
89	90	en	twi	challenge_SSA-MTE	hyp1	News	NaN	3.4586
90	91	en	twi	challenge_SSA-MTE	hyp1	News	NaN	8.6398
91	92	en	twi	challenge_SSA-MTE	hyp1	News	NaN	7.4749
92	93	en	twi	challenge_SSA-MTE	hyp1	News	NaN	6.1503
93	94	en	twi	challenge_SSA-MTE	hyp1	News	NaN	10.1280
94	95	en	twi	challenge_SSA-MTE	hyp1	News	NaN	44.8339
95	96	en	twi	challenge_SSA-MTE	hyp1	News	NaN	4.8585
96	97	en	twi	challenge_SSA-MTE	hyp1	News	NaN	16.3676
97	98	en	twi	challenge_SSA-MTE	hyp1	News	NaN	4.8853
98	99	en	twi	challenge_SSA-MTE	hyp1	News	NaN	8.4616
99	100	en	twi	challenge_SSA-MTE	hyp1	News	NaN	13.9472
100	101	en	twi	challenge_SSA-MTE	hyp1	News	NaN	13.5966
101	102	en	twi	challenge_SSA-MTE	hyp1	News	NaN	3.6120
102	103	en	twi	challenge_SSA-MTE	hyp1	News	NaN	8.1710
103	104	en	twi	challenge_SSA-MTE	hyp1	News	NaN	3.4586
104	105	en	twi	challenge_SSA-MTE	hyp1	News	NaN	3.4198
105	106	en	twi	challenge_SSA-MTE	hyp1	News	NaN	15.2080
106	107	en	twi	challenge_SSA-MTE	hyp1	News	NaN	4.0272
107	108	en	twi	challenge_SSA-MTE	hyp1	News	NaN	9.5485
108	109	en	twi	challenge_SSA-MTE	hyp1	News	NaN	4.0272
109	110	en	twi	challenge_SSA-MTE	hyp1	News	NaN	3.4586
110	111	en	twi	challenge_SSA-MTE	hyp1	News	NaN	3.8177
111	112	en	twi	challenge_SSA-MTE	hyp1	News	NaN	34.1723
112	113	en	twi	challenge_SSA-MTE	hyp1	News	NaN	4.4569
113	114	en	twi	challenge_SSA-MTE	hyp1	News	NaN	5.7514
114	115	en	twi	challenge_SSA-MTE	hyp1	News	NaN	13.7796
115	116	en	twi	challenge_SSA-MTE	hyp1	News	NaN	6.3369
116	117	en	twi	challenge_SSA-MTE	hyp1	News	NaN	31.8432
117	118	en	twi	challenge_SSA-MTE	hyp1	News	NaN	40.8185
118	119	en	twi	challenge_SSA-MTE	hyp1	News	NaN	7.1934
119	120	en	twi	challenge_SSA-MTE	hyp1	News	NaN	6.1686
120	121	en	twi	challenge_SSA-MTE	hyp1	News	NaN	23.1961
121	122	en	twi	challenge_SSA-MTE	hyp1	News	NaN	3.7374
122	123	en	twi	challenge_SSA-MTE	hyp1	News	NaN	9.1424
123	124	en	twi	challenge_SSA-MTE	hyp1	News	NaN	46.5484
124	125	en	twi	challenge_SSA-MTE	hyp1	News	NaN	4.4190
125	126	en	twi	challenge_SSA-MTE	hyp1	News	NaN	7.9559
126	127	en	twi	challenge_SSA-MTE	hyp1	News	NaN	5.0395
127	128	en	twi	challenge_SSA-MTE	hyp1	News	NaN	3.1307
128	129	en	twi	challenge_SSA-MTE	hyp1	News	NaN	3.6570
129	130	en	twi	challenge_SSA-MTE	hyp1	News	NaN	6.4798
130	131	en	twi	challenge_SSA-MTE	hyp1	News	NaN	6.1676
131	132	en	twi	challenge_SSA-MTE	hyp1	News	NaN	6.6090
132	133	en	twi	challenge_SSA-MTE	hyp1	News	NaN	5.2375
133	134	en	twi	challenge_SSA-MTE	hyp1	News	NaN	3.8230
134	135	en	twi	challenge_SSA-MTE	hyp1	News	NaN	6.1503
135	136	en	twi	challenge_SSA-MTE	hyp1	News	NaN	6.7543
136	137	en	twi	challenge_SSA-MTE	hyp1	News	NaN	3.8276
137	138	en	twi	challenge_SSA-MTE	hyp1	News	NaN	34.3893
138	139	en	twi	challenge_SSA-MTE	hyp1	News	NaN	31.6149
139	140	en	twi	challenge_SSA-MTE	hyp1	News	NaN	11.6439
140	141	en	twi	challenge_SSA-MTE	hyp1	News	NaN	15.1332
141	142	en	twi	challenge_SSA-MTE	hyp1	News	NaN	39.8329
142	143	en	twi	challenge_SSA-MTE	hyp1	News	NaN	11.4988
143	144	en	twi	challenge_SSA-MTE	hyp1	News	NaN	7.6551
144	145	en	twi	challenge_SSA-MTE	hyp1	News	NaN	5.4314
145	146	en	twi	challenge_SSA-MTE	hyp1	News	NaN	14.2166
146	147	en	twi	challenge_SSA-MTE	hyp1	News	NaN	16.4670
147	148	en	twi	challenge_SSA-MTE	hyp1	News	NaN	14.8796
148	149	en	twi	challenge_SSA-MTE	hyp1	News	NaN	5.3286
149	150	en	twi	challenge_SSA-MTE	hyp1	News	NaN	49.4875
150	151	en	twi	challenge_SSA-MTE	hyp1	News	NaN	37.0816
151	152	en	twi	challenge_SSA-MTE	hyp1	News	NaN	49.5959
152	153	en	twi	challenge_SSA-MTE	hyp1	News	NaN	49.4875
153	154	en	twi	challenge_SSA-MTE	hyp1	News	NaN	46.3788
154	155	en	twi	challenge_SSA-MTE	hyp1	News	NaN	3.9297
155	156	en	twi	challenge_SSA-MTE	hyp1	News	NaN	7.3471
156	157	en	twi	challenge_SSA-MTE	hyp1	News	NaN	6.8442
157	158	en	twi	challenge_SSA-MTE	hyp1	News	NaN	6.8372
158	159	en	twi	challenge_SSA-MTE	hyp1	News	NaN	4.0161
159	160	en	twi	challenge_SSA-MTE	hyp1	News	NaN	28.9178
160	161	en	twi	challenge_SSA-MTE	hyp1	News	NaN	3.2415
161	162	en	twi	challenge_SSA-MTE	hyp1	News	NaN	3.5793
162	163	en	twi	challenge_SSA-MTE	hyp1	News	NaN	3.0269
163	164	en	twi	challenge_SSA-MTE	hyp1	News	NaN	3.2415
164	165	en	twi	challenge_SSA-MTE	hyp1	News	NaN	10.5696
165	166	en	twi	challenge_SSA-MTE	hyp1	News	NaN	3.0373
166	167	en	twi	challenge_SSA-MTE	hyp1	News	NaN	3.7199
167	168	en	twi	challenge_SSA-MTE	hyp1	News	NaN	2.3573
168	169	en	twi	challenge_SSA-MTE	hyp1	News	NaN	3.6844
169	170	en	twi	challenge_SSA-MTE	hyp1	News	NaN	6.9596
170	171	en	twi	challenge_SSA-MTE	hyp1	News	NaN	6.0746
171	172	en	twi	challenge_SSA-MTE	hyp1	News	NaN	20.1054
172	173	en	twi	challenge_SSA-MTE	hyp1	News	NaN	17.1039
173	174	en	twi	challenge_SSA-MTE	hyp1	News	NaN	6.0248
174	175	en	twi	challenge_SSA-MTE	hyp1	News	NaN	13.1717
175	176	en	twi	challenge_SSA-MTE	hyp1	News	NaN	17.9233
176	177	en	twi	challenge_SSA-MTE	hyp1	News	NaN	16.1956
177	178	en	twi	challenge_SSA-MTE	hyp1	News	NaN	3.1573
178	179	en	twi	challenge_SSA-MTE	hyp1	News	NaN	3.0373
179	180	en	twi	challenge_SSA-MTE	hyp1	News	NaN	1.9601
180	181	en	twi	challenge_SSA-MTE	hyp1	News	NaN	4.9414
181	182	en	twi	challenge_SSA-MTE	hyp1	News	NaN	3.5996
182	183	en	twi	challenge_SSA-MTE	hyp1	News	NaN	3.0719
183	184	en	twi	challenge_SSA-MTE	hyp1	News	NaN	4.1260
184	185	en	twi	challenge_SSA-MTE	hyp1	News	NaN	4.1446
185	186	en	twi	challenge_SSA-MTE	hyp1	News	NaN	1.5762
186	187	en	twi	challenge_SSA-MTE	hyp1	News	NaN	4.1260
187	188	en	twi	challenge_SSA-MTE	hyp1	News	NaN	4.3129
188	189	en	twi	challenge_SSA-MTE	hyp1	News	NaN	7.4996
189	190	en	twi	challenge_SSA-MTE	hyp1	News	NaN	3.7393
190	191	en	twi	challenge_SSA-MTE	hyp1	News	NaN	7.1890
191	192	en	twi	challenge_SSA-MTE	hyp1	News	NaN	7.2643
192	193	en	twi	challenge_SSA-MTE	hyp1	News	NaN	3.4586
193	194	en	twi	challenge_SSA-MTE	hyp1	News	NaN	14.2478
194	195	en	twi	challenge_SSA-MTE	hyp1	News	NaN	14.2433
195	196	en	twi	challenge_SSA-MTE	hyp1	News	NaN	11.2133
196	197	en	twi	challenge_SSA-MTE	hyp1	News	NaN	12.8297
197	198	en	twi	challenge_SSA-MTE	hyp1	News	NaN	12.4685
198	199	en	twi	challenge_SSA-MTE	hyp1	News	NaN	15.4625
199	200	en	twi	challenge_SSA-MTE	hyp1	News	NaN	13.2432
200	201	en	twi	challenge_SSA-MTE	hyp1	News	NaN	6.1503
201	202	en	twi	challenge_SSA-MTE	hyp1	News	NaN	2.0540
202	203	en	twi	challenge_SSA-MTE	hyp1	News	NaN	2.8265
203	204	en	twi	challenge_SSA-MTE	hyp1	News	NaN	2.8630
204	205	en	twi	challenge_SSA-MTE	hyp1	News	NaN	5.0912
205	206	en	twi	challenge_SSA-MTE	hyp1	News	NaN	7.6551
206	207	en	twi	challenge_SSA-MTE	hyp1	News	NaN	15.0717
207	208	en	twi	challenge_SSA-MTE	hyp1	News	NaN	15.5740
208	209	en	twi	challenge_SSA-MTE	hyp1	News	NaN	8.4754
209	210	en	twi	challenge_SSA-MTE	hyp1	News	NaN	8.9935
210	211	en	twi	challenge_SSA-MTE	hyp1	News	NaN	10.6573
211	212	en	twi	challenge_SSA-MTE	hyp1	News	NaN	9.3537
212	213	en	twi	challenge_SSA-MTE	hyp1	News	NaN	24.4051
213	214	en	twi	challenge_SSA-MTE	hyp1	News	NaN	7.8320
214	215	en	twi	challenge_SSA-MTE	hyp1	News	NaN	6.0746
215	216	en	twi	challenge_SSA-MTE	hyp1	News	NaN	4.8853
216	217	en	twi	challenge_SSA-MTE	hyp1	News	NaN	7.9132
217	218	en	twi	challenge_SSA-MTE	hyp1	News	NaN	6.6324
218	219	en	twi	challenge_SSA-MTE	hyp1	News	NaN	10.1237
219	220	en	twi	challenge_SSA-MTE	hyp1	News	NaN	5.3286
220	221	en	twi	challenge_SSA-MTE	hyp1	News	NaN	3.1497
221	222	en	twi	challenge_SSA-MTE	hyp1	News	NaN	8.2161
222	223	en	twi	challenge_SSA-MTE	hyp1	News	NaN	10.2162
223	224	en	twi	challenge_SSA-MTE	hyp1	News	NaN	12.9370
224	225	en	twi	challenge_SSA-MTE	hyp1	News	NaN	10.6573
225	226	en	twi	challenge_SSA-MTE	hyp1	News	NaN	8.3552
226	227	en	twi	challenge_SSA-MTE	hyp1	News	NaN	2.1597
227	228	en	twi	challenge_SSA-MTE	hyp1	News	NaN	9.3277
228	229	en	twi	challenge_SSA-MTE	hyp1	News	NaN	9.0001
229	230	en	twi	challenge_SSA-MTE	hyp1	News	NaN	6.3640
230	231	en	twi	challenge_SSA-MTE	hyp1	News	NaN	7.0210
231	232	en	twi	challenge_SSA-MTE	hyp1	News	NaN	7.0210
232	233	en	twi	challenge_SSA-MTE	hyp1	News	NaN	2.1582
233	234	en	twi	challenge_SSA-MTE	hyp1	News	NaN	5.6808
234	235	en	twi	challenge_SSA-MTE	hyp1	News	NaN	7.4763
235	236	en	twi	challenge_SSA-MTE	hyp1	News	NaN	5.6530
236	237	en	twi	challenge_SSA-MTE	hyp1	News	NaN	4.7536
237	238	en	twi	challenge_SSA-MTE	hyp1	News	NaN	5.6530
238	239	en	twi	challenge_SSA-MTE	hyp1	News	NaN	3.2399
239	240	en	twi	challenge_SSA-MTE	hyp1	News	NaN	4.3437
240	241	en	twi	challenge_SSA-MTE	hyp1	News	NaN	5.8552
241	242	en	twi	challenge_SSA-MTE	hyp1	News	NaN	6.0472
242	243	en	twi	challenge_SSA-MTE	hyp1	News	NaN	4.8150
243	244	en	twi	challenge_SSA-MTE	hyp1	News	NaN	1.6934
244	245	en	twi	challenge_SSA-MTE	hyp1	News	NaN	11.6439
245	246	en	twi	challenge_SSA-MTE	hyp1	News	NaN	7.2239
246	247	en	twi	challenge_SSA-MTE	hyp1	News	NaN	4.5672
247	248	en	twi	challenge_SSA-MTE	hyp1	News	NaN	35.7884
248	249	en	twi	challenge_SSA-MTE	hyp1	News	NaN	8.5013
249	250	en	twi	challenge_SSA-MTE	hyp1	News	NaN	16.0047
250	251	en	twi	challenge_SSA-MTE	hyp1	News	NaN	8.7688
251	252	en	twi	challenge_SSA-MTE	hyp1	News	NaN	39.5374
252	253	en	twi	challenge_SSA-MTE	hyp1	News	NaN	5.9180
253	254	en	twi	challenge_SSA-MTE	hyp1	News	NaN	2.6958
254	255	en	twi	challenge_SSA-MTE	hyp1	News	NaN	9.5506
255	256	en	twi	challenge_SSA-MTE	hyp1	News	NaN	13.1146
256	257	en	twi	challenge_SSA-MTE	hyp1	News	NaN	17.9952
257	258	en	twi	challenge_SSA-MTE	hyp1	News	NaN	62.4724
258	259	en	twi	challenge_SSA-MTE	hyp1	News	NaN	6.1259
259	260	en	twi	challenge_SSA-MTE	hyp1	News	NaN	7.4398
260	261	en	twi	challenge_SSA-MTE	hyp1	News	NaN	6.1086
261	262	en	twi	challenge_SSA-MTE	hyp1	News	NaN	0.0000
262	263	en	twi	challenge_SSA-MTE	hyp1	News	NaN	10.8787
263	264	en	twi	challenge_SSA-MTE	hyp1	News	NaN	19.3834
264	265	en	twi	challenge_SSA-MTE	hyp1	News	NaN	18.7511
265	266	en	twi	challenge_SSA-MTE	hyp1	News	NaN	17.0328
266	267	en	twi	challenge_SSA-MTE	hyp1	News	NaN	5.0395
267	268	en	twi	challenge_SSA-MTE	hyp1	News	NaN	3.2355
268	269	en	twi	challenge_SSA-MTE	hyp1	News	NaN	9.0926
269	270	en	twi	challenge_SSA-MTE	hyp1	News	NaN	26.8017
270	271	en	twi	challenge_SSA-MTE	hyp1	News	NaN	5.0395
271	272	en	twi	challenge_SSA-MTE	hyp1	News	NaN	5.3800
272	273	en	twi	challenge_SSA-MTE	hyp1	News	NaN	9.5793
273	274	en	twi	challenge_SSA-MTE	hyp1	News	NaN	2.1210
274	275	en	twi	challenge_SSA-MTE	hyp1	News	NaN	7.8951
275	276	en	twi	challenge_SSA-MTE	hyp1	News	NaN	9.2264
276	277	en	twi	challenge_SSA-MTE	hyp1	News	NaN	3.9154
277	278	en	twi	challenge_SSA-MTE	hyp1	News	NaN	13.9222
278	279	en	twi	challenge_SSA-MTE	hyp1	News	NaN	14.6562
279	280	en	twi	challenge_SSA-MTE	hyp1	News	NaN	9.2735
280	281	en	twi	challenge_SSA-MTE	hyp1	News	NaN	6.0182
281	282	en	twi	challenge_SSA-MTE	hyp1	News	NaN	22.0659
282	283	en	twi	challenge_SSA-MTE	hyp1	News	NaN	11.1562
283	284	en	twi	challenge_SSA-MTE	hyp1	News	NaN	31.6756
284	285	en	twi	challenge_SSA-MTE	hyp1	News	NaN	5.1367
285	286	en	twi	challenge_SSA-MTE	hyp1	News	NaN	4.0967
286	287	en	twi	challenge_SSA-MTE	hyp1	News	NaN	37.2148
287	288	en	twi	challenge_SSA-MTE	hyp1	News	NaN	48.4577
288	289	en	twi	challenge_SSA-MTE	hyp1	News	NaN	4.7575
289	290	en	twi	challenge_SSA-MTE	hyp1	News	NaN	23.2879
290	291	en	twi	challenge_SSA-MTE	hyp1	News	NaN	21.3146
291	292	en	twi	challenge_SSA-MTE	hyp1	News	NaN	5.2375
292	293	en	twi	challenge_SSA-MTE	hyp1	News	NaN	12.5122
293	294	en	twi	challenge_SSA-MTE	hyp1	News	NaN	15.8445
294	295	en	twi	challenge_SSA-MTE	hyp1	News	NaN	12.3990
295	296	en	twi	challenge_SSA-MTE	hyp1	News	NaN	14.4001
296	297	en	twi	challenge_SSA-MTE	hyp1	News	NaN	5.3569
297	298	en	twi	challenge_SSA-MTE	hyp1	News	NaN	4.5046
298	299	en	twi	challenge_SSA-MTE	hyp1	News	NaN	6.9736
299	300	en	twi	challenge_SSA-MTE	hyp1	News	NaN	32.7887
300	301	en	twi	challenge_SSA-MTE	hyp1	News	NaN	16.2568
301	302	en	twi	challenge_SSA-MTE	hyp1	News	NaN	22.0122
302	303	en	twi	challenge_SSA-MTE	hyp1	News	NaN	9.6641
303	304	en	twi	challenge_SSA-MTE	hyp1	News	NaN	41.0013
304	305	en	twi	challenge_SSA-MTE	hyp1	News	NaN	13.6072
305	306	en	twi	challenge_SSA-MTE	hyp1	News	NaN	22.0294
306	307	en	twi	challenge_SSA-MTE	hyp1	News	NaN	15.5452
307	308	en	twi	challenge_SSA-MTE	hyp1	News	NaN	3.1009
308	309	en	twi	challenge_SSA-MTE	hyp1	News	NaN	3.2817
309	310	en	twi	challenge_SSA-MTE	hyp1	News	NaN	2.2432
310	311	en	twi	challenge_SSA-MTE	hyp1	News	NaN	1.8891
311	312	en	twi	challenge_SSA-MTE	hyp1	News	NaN	1.8758
312	313	en	twi	challenge_SSA-MTE	hyp1	News	NaN	1.7159
313	314	en	twi	challenge_SSA-MTE	hyp1	News	NaN	2.3539
314	315	en	twi	challenge_SSA-MTE	hyp1	News	NaN	4.3007
315	316	en	twi	challenge_SSA-MTE	hyp1	News	NaN	2.1612
316	317	en	twi	challenge_SSA-MTE	hyp1	News	NaN	2.0366
317	318	en	twi	challenge_SSA-MTE	hyp1	News	NaN	3.9537
318	319	en	twi	challenge_SSA-MTE	hyp1	News	NaN	2.3071
319	320	en	twi	challenge_SSA-MTE	hyp1	News	NaN	12.5206
320	321	en	twi	challenge_SSA-MTE	hyp1	News	NaN	12.8121
321	322	en	twi	challenge_SSA-MTE	hyp1	News	NaN	2.2399
322	323	en	twi	challenge_SSA-MTE	hyp1	News	NaN	12.5143
323	324	en	twi	challenge_SSA-MTE	hyp1	News	NaN	23.0339
324	325	en	twi	challenge_SSA-MTE	hyp1	News	NaN	11.8649
325	326	en	twi	challenge_SSA-MTE	hyp1	News	NaN	3.7601
326	327	en	twi	challenge_SSA-MTE	hyp1	News	NaN	2.0929
327	328	en	twi	challenge_SSA-MTE	hyp1	News	NaN	11.5484
328	329	en	twi	challenge_SSA-MTE	hyp1	News	NaN	1.6988
329	330	en	twi	challenge_SSA-MTE	hyp1	News	NaN	8.5013
330	331	en	twi	challenge_SSA-MTE	hyp1	News	NaN	4.1064
331	332	en	twi	challenge_SSA-MTE	hyp1	News	NaN	4.9782
332	333	en	twi	challenge_SSA-MTE	hyp1	News	NaN	2.1503
333	334	en	twi	challenge_SSA-MTE	hyp1	News	NaN	1.7905
334	335	en	twi	challenge_SSA-MTE	hyp1	News	NaN	4.7365
335	336	en	twi	challenge_SSA-MTE	hyp1	News	NaN	3.6544
336	337	en	twi	challenge_SSA-MTE	hyp1	News	NaN	3.8794
337	338	en	twi	challenge_SSA-MTE	hyp1	News	NaN	2.4254
338	339	en	twi	challenge_SSA-MTE	hyp1	News	NaN	2.2075
339	340	en	twi	challenge_SSA-MTE	hyp1	News	NaN	1.7934
340	341	en	twi	challenge_SSA-MTE	hyp1	News	NaN	3.7601
341	342	en	twi	challenge_SSA-MTE	hyp1	News	NaN	3.9822
342	343	en	twi	challenge_SSA-MTE	hyp1	News	NaN	2.0587
343	344	en	twi	challenge_SSA-MTE	hyp1	News	NaN	9.7760
344	345	en	twi	challenge_SSA-MTE	hyp1	News	NaN	2.1510
345	346	en	twi	challenge_SSA-MTE	hyp1	News	NaN	7.0297
346	347	en	twi	challenge_SSA-MTE	hyp1	News	NaN	7.0297
347	348	en	twi	challenge_SSA-MTE	hyp1	News	NaN	11.7800
348	349	en	twi	challenge_SSA-MTE	hyp1	News	NaN	13.0912
349	350	en	twi	challenge_SSA-MTE	hyp1	News	NaN	23.2780
350	351	en	twi	challenge_SSA-MTE	hyp1	News	NaN	22.8784
351	352	en	twi	challenge_SSA-MTE	hyp1	News	NaN	24.1926
352	353	en	twi	challenge_SSA-MTE	hyp1	News	NaN	23.3318
353	354	en	twi	challenge_SSA-MTE	hyp1	News	NaN	20.3334
354	355	en	twi	challenge_SSA-MTE	hyp1	News	NaN	21.0500
355	356	en	twi	challenge_SSA-MTE	hyp1	News	NaN	2.7157
356	357	en	twi	challenge_SSA-MTE	hyp1	News	NaN	5.0395
357	358	en	twi	challenge_SSA-MTE	hyp1	News	NaN	2.1721
358	359	en	twi	challenge_SSA-MTE	hyp1	News	NaN	3.0318
359	360	en	twi	challenge_SSA-MTE	hyp1	News	NaN	2.6460
360	361	en	twi	challenge_SSA-MTE	hyp1	News	NaN	5.2981
361	362	en	twi	challenge_SSA-MTE	hyp1	News	NaN	30.1100
362	363	en	twi	challenge_SSA-MTE	hyp1	News	NaN	12.0226
363	364	en	twi	challenge_SSA-MTE	hyp1	News	NaN	6.0410
364	365	en	twi	challenge_SSA-MTE	hyp1	News	NaN	25.9952
365	366	en	twi	challenge_SSA-MTE	hyp1	News	NaN	47.3746
366	367	en	twi	challenge_SSA-MTE	hyp1	News	NaN	20.6895
367	368	en	twi	challenge_SSA-MTE	hyp1	News	NaN	8.5436
368	369	en	twi	challenge_SSA-MTE	hyp1	News	NaN	7.8257
369	370	en	twi	challenge_SSA-MTE	hyp1	News	NaN	2.0607
370	371	en	twi	challenge_SSA-MTE	hyp1	News	NaN	10.6733
371	372	en	twi	challenge_SSA-MTE	hyp1	News	NaN	41.8209
372	373	en	twi	challenge_SSA-MTE	hyp1	News	NaN	9.2456
373	374	en	twi	challenge_SSA-MTE	hyp1	News	NaN	30.5306
374	375	en	twi	challenge_SSA-MTE	hyp1	News	NaN	19.3834
375	376	en	twi	challenge_SSA-MTE	hyp1	News	NaN	3.6394
376	377	en	twi	challenge_SSA-MTE	hyp1	News	NaN	16.2467
377	378	en	twi	challenge_SSA-MTE	hyp1	News	NaN	63.8324
378	379	en	twi	challenge_SSA-MTE	hyp1	News	NaN	9.5933
379	380	en	twi	challenge_SSA-MTE	hyp1	News	NaN	2.5828
380	381	en	twi	challenge_SSA-MTE	hyp1	News	NaN	2.2523
381	382	en	twi	challenge_SSA-MTE	hyp1	News	NaN	4.5672
382	383	en	twi	challenge_SSA-MTE	hyp1	News	NaN	5.4012
383	384	en	twi	challenge_SSA-MTE	hyp1	News	NaN	3.9164
384	385	en	twi	challenge_SSA-MTE	hyp1	News	NaN	3.1497
385	386	en	twi	challenge_SSA-MTE	hyp1	News	NaN	17.9765
386	387	en	twi	challenge_SSA-MTE	hyp1	News	NaN	14.2307
387	388	en	twi	challenge_SSA-MTE	hyp1	News	NaN	4.2601
388	389	en	twi	challenge_SSA-MTE	hyp1	News	NaN	19.2685
389	390	en	twi	challenge_SSA-MTE	hyp1	News	NaN	26.2272
390	391	en	twi	challenge_SSA-MTE	hyp1	News	NaN	9.5604
391	392	en	twi	challenge_SSA-MTE	hyp1	News	NaN	4.2683
392	393	en	twi	challenge_SSA-MTE	hyp1	News	NaN	8.1817
393	394	en	twi	challenge_SSA-MTE	hyp1	News	NaN	4.1294
394	395	en	twi	challenge_SSA-MTE	hyp1	News	NaN	5.5505
395	396	en	twi	challenge_SSA-MTE	hyp1	News	NaN	5.7853
396	397	en	twi	challenge_SSA-MTE	hyp1	News	NaN	5.3388
397	398	en	twi	challenge_SSA-MTE	hyp1	News	NaN	5.0313
398	399	en	twi	challenge_SSA-MTE	hyp1	News	NaN	8.0410
399	400	en	twi	challenge_SSA-MTE	hyp1	News	NaN	2.8630
400	401	en	twi	challenge_SSA-MTE	hyp1	News	NaN	4.1859
401	402	en	twi	challenge_SSA-MTE	hyp1	News	NaN	4.3875
402	403	en	twi	challenge_SSA-MTE	hyp1	News	NaN	4.4499
403	404	en	twi	challenge_SSA-MTE	hyp1	News	NaN	15.9805
404	405	en	twi	challenge_SSA-MTE	hyp1	News	NaN	10.8603
405	406	en	twi	challenge_SSA-MTE	hyp1	News	NaN	8.4195
406	407	en	twi	challenge_SSA-MTE	hyp1	News	NaN	11.5330
407	408	en	twi	challenge_SSA-MTE	hyp1	News	NaN	10.6898
408	409	en	twi	challenge_SSA-MTE	hyp1	News	NaN	10.2613
409	410	en	twi	challenge_SSA-MTE	hyp1	News	NaN	2.5653
410	411	en	twi	challenge_SSA-MTE	hyp1	News	NaN	2.4353
411	412	en	twi	challenge_SSA-MTE	hyp1	News	NaN	7.3432
412	413	en	twi	challenge_SSA-MTE	hyp1	News	NaN	1.8629
413	414	en	twi	challenge_SSA-MTE	hyp1	News	NaN	4.2097
414	415	en	twi	challenge_SSA-MTE	hyp1	News	NaN	7.6794
415	416	en	twi	challenge_SSA-MTE	hyp1	News	NaN	3.8462
416	417	en	twi	challenge_SSA-MTE	hyp1	News	NaN	3.3923
417	418	en	twi	challenge_SSA-MTE	hyp1	News	NaN	2.0899
418	419	en	twi	challenge_SSA-MTE	hyp1	News	NaN	3.2760
419	420	en	twi	challenge_SSA-MTE	hyp1	News	NaN	3.9317
420	421	en	twi	challenge_SSA-MTE	hyp1	News	NaN	4.1255
421	422	en	twi	challenge_SSA-MTE	hyp1	News	NaN	6.1342
422	423	en	twi	challenge_SSA-MTE	hyp1	News	NaN	4.2601
423	424	en	twi	challenge_SSA-MTE	hyp1	News	NaN	2.4326
424	425	en	twi	challenge_SSA-MTE	hyp1	News	NaN	2.5791
425	426	en	twi	challenge_SSA-MTE	hyp1	News	NaN	10.9001
426	427	en	twi	challenge_SSA-MTE	hyp1	News	NaN	4.3376
427	428	en	twi	challenge_SSA-MTE	hyp1	News	NaN	7.0129
428	429	en	twi	challenge_SSA-MTE	hyp1	News	NaN	12.8589
429	430	en	twi	challenge_SSA-MTE	hyp1	News	NaN	6.2911
430	431	en	twi	challenge_SSA-MTE	hyp1	News	NaN	17.1503
431	432	en	twi	challenge_SSA-MTE	hyp1	News	NaN	6.8196
432	433	en	twi	challenge_SSA-MTE	hyp1	News	NaN	16.7511
433	434	en	twi	challenge_SSA-MTE	hyp1	News	NaN	2.1721
434	435	en	twi	challenge_SSA-MTE	hyp1	News	NaN	6.1462
435	436	en	twi	challenge_SSA-MTE	hyp1	News	NaN	6.3877
436	437	en	twi	challenge_SSA-MTE	hyp1	News	NaN	4.4499
437	438	en	twi	challenge_SSA-MTE	hyp1	News	NaN	18.7453
438	439	en	twi	challenge_SSA-MTE	hyp1	News	NaN	4.5579
439	440	en	twi	challenge_SSA-MTE	hyp1	News	NaN	20.8844
440	441	en	twi	challenge_SSA-MTE	hyp1	News	NaN	6.6385
441	442	en	twi	challenge_SSA-MTE	hyp1	News	NaN	14.1690
442	443	en	twi	challenge_SSA-MTE	hyp1	News	NaN	2.5683
443	444	en	twi	challenge_SSA-MTE	hyp1	News	NaN	4.5537
444	445	en	twi	challenge_SSA-MTE	hyp1	News	NaN	3.2186
445	446	en	twi	challenge_SSA-MTE	hyp1	News	NaN	4.5218
446	447	en	twi	challenge_SSA-MTE	hyp1	News	NaN	6.6901
447	448	en	twi	challenge_SSA-MTE	hyp1	News	NaN	3.4198
448	449	en	twi	challenge_SSA-MTE	hyp1	News	NaN	8.1660
449	450	en	twi	challenge_SSA-MTE	hyp1	News	NaN	7.0772
450	451	en	twi	challenge_SSA-MTE	hyp1	News	NaN	4.0859
451	452	en	twi	challenge_SSA-MTE	hyp1	News	NaN	5.9283
452	453	en	twi	challenge_SSA-MTE	hyp1	News	NaN	8.6406
453	454	en	twi	challenge_SSA-MTE	hyp1	News	NaN	4.6575
454	455	en	twi	challenge_SSA-MTE	hyp1	News	NaN	6.2072
455	456	en	twi	challenge_SSA-MTE	hyp1	News	NaN	4.9216
456	457	en	twi	challenge_SSA-MTE	hyp1	News	NaN	4.0492
457	458	en	twi	challenge_SSA-MTE	hyp1	News	NaN	7.5025
458	459	en	twi	challenge_SSA-MTE	hyp1	News	NaN	22.5027
459	460	en	twi	challenge_SSA-MTE	hyp1	News	NaN	2.7410
460	461	en	twi	challenge_SSA-MTE	hyp1	News	NaN	15.6042
461	462	en	twi	challenge_SSA-MTE	hyp1	News	NaN	10.3732
462	463	en	twi	challenge_SSA-MTE	hyp1	News	NaN	14.3779
463	464	en	twi	challenge_SSA-MTE	hyp1	News	NaN	13.0769
464	465	en	twi	challenge_SSA-MTE	hyp1	News	NaN	13.0480
465	466	en	twi	challenge_SSA-MTE	hyp1	News	NaN	4.3727
466	467	en	twi	challenge_SSA-MTE	hyp1	News	NaN	15.0958
467	468	en	twi	challenge_SSA-MTE	hyp1	News	NaN	12.0505
468	469	en	twi	challenge_SSA-MTE	hyp1	News	NaN	4.4645
469	470	en	twi	challenge_SSA-MTE	hyp1	News	NaN	7.2122
470	471	en	twi	challenge_SSA-MTE	hyp1	News	NaN	26.8532
471	472	en	twi	challenge_SSA-MTE	hyp1	News	NaN	3.7141
472	473	en	twi	challenge_SSA-MTE	hyp1	News	NaN	18.1516
473	474	en	twi	challenge_SSA-MTE	hyp1	News	NaN	7.7768
474	475	en	twi	challenge_SSA-MTE	hyp1	News	NaN	4.4694
475	476	en	twi	challenge_SSA-MTE	hyp1	News	NaN	15.0386
476	477	en	twi	challenge_SSA-MTE	hyp1	News	NaN	20.7763
477	478	en	twi	challenge_SSA-MTE	hyp1	News	NaN	4.6563
478	479	en	twi	challenge_SSA-MTE	hyp1	News	NaN	3.9060
479	480	en	twi	challenge_SSA-MTE	hyp1	News	NaN	3.7177
480	481	en	twi	challenge_SSA-MTE	hyp1	News	NaN	4.8227
481	482	en	twi	challenge_SSA-MTE	hyp1	News	NaN	4.0386
482	483	en	twi	challenge_SSA-MTE	hyp1	News	NaN	6.2025
483	484	en	twi	challenge_SSA-MTE	hyp1	News	NaN	4.4168
484	485	en	twi	challenge_SSA-MTE	hyp1	News	NaN	4.3437
485	486	en	twi	challenge_SSA-MTE	hyp1	News	NaN	6.6460
486	487	en	twi	challenge_SSA-MTE	hyp1	News	NaN	3.9645
487	488	en	twi	challenge_SSA-MTE	hyp1	News	NaN	4.5801
488	489	en	twi	challenge_SSA-MTE	hyp1	News	NaN	4.3437
489	490	en	twi	challenge_SSA-MTE	hyp1	News	NaN	5.1213
490	491	en	twi	challenge_SSA-MTE	hyp1	News	NaN	7.6152
491	492	en	twi	challenge_SSA-MTE	hyp1	News	NaN	1.2992
492	493	en	twi	challenge_SSA-MTE	hyp1	News	NaN	7.9249
493	494	en	twi	challenge_SSA-MTE	hyp1	News	NaN	12.3249
494	495	en	twi	challenge_SSA-MTE	hyp1	News	NaN	6.6640
495	496	en	twi	challenge_SSA-MTE	hyp1	News	NaN	18.1896
496	497	en	twi	challenge_SSA-MTE	hyp1	News	NaN	5.1468
497	498	en	twi	challenge_SSA-MTE	hyp1	News	NaN	2.1210
498	499	en	twi	challenge_SSA-MTE	hyp1	News	NaN	4.8590
499	500	en	twi	challenge_SSA-MTE	hyp1	News	NaN	33.9551
500	501	en	twi	challenge_SSA-MTE	hyp1	News	NaN	7.0805
501	502	en	twi	challenge_SSA-MTE	hyp1	News	NaN	21.2245
502	503	en	twi	challenge_SSA-MTE	hyp1	News	NaN	19.9827
503	504	en	twi	challenge_SSA-MTE	hyp1	News	NaN	17.9657
504	505	en	twi	challenge_SSA-MTE	hyp1	News	NaN	19.6550
505	506	en	twi	challenge_SSA-MTE	hyp1	News	NaN	22.3270
506	507	en	twi	challenge_SSA-MTE	hyp1	News	NaN	19.5928
507	508	en	twi	challenge_SSA-MTE	hyp1	News	NaN	4.6745
508	509	en	twi	challenge_SSA-MTE	hyp1	News	NaN	3.4936
509	510	en	twi	challenge_SSA-MTE	hyp1	News	NaN	0.0000
510	511	en	twi	challenge_SSA-MTE	hyp1	News	NaN	4.6214
511	512	en	twi	challenge_SSA-MTE	hyp1	News	NaN	10.0933
512	513	en	twi	challenge_SSA-MTE	hyp1	News	NaN	3.8898
513	514	en	twi	challenge_SSA-MTE	hyp1	News	NaN	9.6198
514	515	en	twi	challenge_SSA-MTE	hyp1	News	NaN	4.5748
515	516	en	twi	challenge_SSA-MTE	hyp1	News	NaN	1.5151
516	517	en	twi	challenge_SSA-MTE	hyp1	News	NaN	7.9293
517	518	en	twi	challenge_SSA-MTE	hyp1	News	NaN	19.8135
518	519	en	twi	challenge_SSA-MTE	hyp1	News	NaN	9.7997
519	520	en	twi	challenge_SSA-MTE	hyp1	News	NaN	4.9341
520	521	en	twi	challenge_SSA-MTE	hyp1	News	NaN	4.8482
521	522	en	twi	challenge_SSA-MTE	hyp1	News	NaN	4.6903
522	523	en	twi	challenge_SSA-MTE	hyp1	News	NaN	2.9867
523	524	en	twi	challenge_SSA-MTE	hyp1	News	NaN	16.4343
524	525	en	twi	challenge_SSA-MTE	hyp1	News	NaN	10.3321
525	526	en	twi	challenge_SSA-MTE	hyp1	News	NaN	2.0592
526	527	en	twi	challenge_SSA-MTE	hyp1	News	NaN	4.0931
527	528	en	twi	challenge_SSA-MTE	hyp1	News	NaN	11.1467
528	529	en	twi	challenge_SSA-MTE	hyp1	News	NaN	11.0021
529	530	en	twi	challenge_SSA-MTE	hyp1	News	NaN	5.2569
530	531	en	twi	challenge_SSA-MTE	hyp1	News	NaN	4.8398
531	532	en	twi	challenge_SSA-MTE	hyp1	News	NaN	4.5904
532	533	en	twi	challenge_SSA-MTE	hyp1	News	NaN	2.2642
533	534	en	twi	challenge_SSA-MTE	hyp1	News	NaN	3.9659
534	535	en	twi	challenge_SSA-MTE	hyp1	News	NaN	4.6273
535	536	en	twi	challenge_SSA-MTE	hyp1	News	NaN	5.0988
536	537	en	twi	challenge_SSA-MTE	hyp1	News	NaN	8.0104
537	538	en	twi	challenge_SSA-MTE	hyp1	News	NaN	5.0988
538	539	en	twi	challenge_SSA-MTE	hyp1	News	NaN	7.2893
539	540	en	twi	challenge_SSA-MTE	hyp1	News	NaN	20.9199
540	541	en	twi	challenge_SSA-MTE	hyp1	News	NaN	15.6639
541	542	en	twi	challenge_SSA-MTE	hyp1	News	NaN	12.5008
542	543	en	twi	challenge_SSA-MTE	hyp1	News	NaN	3.6529
543	544	en	twi	challenge_SSA-MTE	hyp1	News	NaN	6.4718
544	545	en	twi	challenge_SSA-MTE	hyp1	News	NaN	7.7796
545	546	en	twi	challenge_SSA-MTE	hyp1	News	NaN	12.4219
546	547	en	twi	challenge_SSA-MTE	hyp1	News	NaN	4.6258
547	548	en	twi	challenge_SSA-MTE	hyp1	News	NaN	3.9253
548	549	en	twi	challenge_SSA-MTE	hyp1	News	NaN	3.6529
549	550	en	twi	challenge_SSA-MTE	hyp1	News	NaN	4.1411
550	551	en	twi	challenge_SSA-MTE	hyp1	News	NaN	4.6258
551	552	en	twi	challenge_SSA-MTE	hyp1	News	NaN	3.9253
552	553	en	twi	challenge_SSA-MTE	hyp1	News	NaN	8.5013
553	554	en	twi	challenge_SSA-MTE	hyp1	News	NaN	4.2601
554	555	en	twi	challenge_SSA-MTE	hyp1	News	NaN	5.3687
555	556	en	twi	challenge_SSA-MTE	hyp1	News	NaN	7.5242
556	557	en	twi	challenge_SSA-MTE	hyp1	News	NaN	4.8590
557	558	en	twi	challenge_SSA-MTE	hyp1	News	NaN	5.0042
558	559	en	twi	challenge_SSA-MTE	hyp1	News	NaN	7.0223
559	560	en	twi	challenge_SSA-MTE	hyp1	News	NaN	7.7584
560	561	en	twi	challenge_SSA-MTE	hyp1	News	NaN	7.4118
561	562	en	twi	challenge_SSA-MTE	hyp1	News	NaN	7.9113
562	563	en	twi	challenge_SSA-MTE	hyp1	News	NaN	6.8784
563	564	en	twi	challenge_SSA-MTE	hyp1	News	NaN	8.3598
564	565	en	twi	challenge_SSA-MTE	hyp1	News	NaN	2.9048
565	566	en	twi	challenge_SSA-MTE	hyp1	News	NaN	4.8853
566	567	en	twi	challenge_SSA-MTE	hyp1	News	NaN	1.8565
567	568	en	twi	challenge_SSA-MTE	hyp1	News	NaN	4.5463
568	569	en	twi	challenge_SSA-MTE	hyp1	News	NaN	7.0770
569	570	en	twi	challenge_SSA-MTE	hyp1	News	NaN	12.8917
570	571	en	twi	challenge_SSA-MTE	hyp1	News	NaN	8.0572
571	572	en	twi	challenge_SSA-MTE	hyp1	News	NaN	3.8801
572	573	en	twi	challenge_SSA-MTE	hyp1	News	NaN	1.6867
573	574	en	twi	challenge_SSA-MTE	hyp1	News	NaN	5.1377
574	575	en	twi	challenge_SSA-MTE	hyp1	News	NaN	5.2616
575	576	en	twi	challenge_SSA-MTE	hyp1	News	NaN	9.9154
576	577	en	twi	challenge_SSA-MTE	hyp1	News	NaN	18.9748
577	578	en	twi	challenge_SSA-MTE	hyp1	News	NaN	15.8595
578	579	en	twi	challenge_SSA-MTE	hyp1	News	NaN	4.2458
579	580	en	twi	challenge_SSA-MTE	hyp1	News	NaN	17.0046
580	581	en	twi	challenge_SSA-MTE	hyp1	News	NaN	14.4822
581	582	en	twi	challenge_SSA-MTE	hyp1	News	NaN	19.0635
582	583	en	twi	challenge_SSA-MTE	hyp1	News	NaN	21.0341
583	584	en	twi	challenge_SSA-MTE	hyp1	News	NaN	8.6406
584	585	en	twi	challenge_SSA-MTE	hyp1	News	NaN	8.0104
585	586	en	twi	challenge_SSA-MTE	hyp1	News	NaN	15.4951
586	587	en	twi	challenge_SSA-MTE	hyp1	News	NaN	10.6898
587	588	en	twi	challenge_SSA-MTE	hyp1	News	NaN	18.5567
588	589	en	twi	challenge_SSA-MTE	hyp1	News	NaN	7.6607
589	590	en	twi	challenge_SSA-MTE	hyp1	News	NaN	6.7458
590	591	en	twi	challenge_SSA-MTE	hyp1	News	NaN	1.9976
591	592	en	twi	challenge_SSA-MTE	hyp1	News	NaN	6.3035
592	593	en	twi	challenge_SSA-MTE	hyp1	News	NaN	7.7189
593	594	en	twi	challenge_SSA-MTE	hyp1	News	NaN	6.3750
594	595	en	twi	challenge_SSA-MTE	hyp1	News	NaN	7.5757
595	596	en	twi	challenge_SSA-MTE	hyp1	News	NaN	10.7547
596	597	en	twi	challenge_SSA-MTE	hyp1	News	NaN	3.7965
597	598	en	twi	challenge_SSA-MTE	hyp1	News	NaN	5.4227
598	599	en	twi	challenge_SSA-MTE	hyp1	News	NaN	4.6575
599	600	en	twi	challenge_SSA-MTE	hyp1	News	NaN	10.3622
600	601	en	twi	challenge_SSA-MTE	hyp1	News	NaN	7.7284
601	602	en	twi	challenge_SSA-MTE	hyp1	News	NaN	20.0227
602	603	en	twi	challenge_SSA-MTE	hyp1	News	NaN	3.8898
603	604	en	twi	challenge_SSA-MTE	hyp1	News	NaN	8.2309
604	605	en	twi	challenge_SSA-MTE	hyp1	News	NaN	7.7284
605	606	en	twi	challenge_SSA-MTE	hyp1	News	NaN	7.7376
606	607	en	twi	challenge_SSA-MTE	hyp1	News	NaN	5.2919
607	608	en	twi	challenge_SSA-MTE	hyp1	News	NaN	5.9080
608	609	en	twi	challenge_SSA-MTE	hyp1	News	NaN	7.2659
609	610	en	twi	challenge_SSA-MTE	hyp1	News	NaN	11.4334
610	611	en	twi	challenge_SSA-MTE	hyp1	News	NaN	7.4814
611	612	en	twi	challenge_SSA-MTE	hyp1	News	NaN	11.1910
612	613	en	twi	challenge_SSA-MTE	hyp1	News	NaN	2.1590
613	614	en	twi	challenge_SSA-MTE	hyp1	News	NaN	2.1149
614	615	en	twi	challenge_SSA-MTE	hyp1	News	NaN	2.0096
615	616	en	twi	challenge_SSA-MTE	hyp1	News	NaN	3.5155
616	617	en	twi	challenge_SSA-MTE	hyp1	News	NaN	2.0633
617	618	en	twi	challenge_SSA-MTE	hyp1	News	NaN	23.7368
618	619	en	twi	challenge_SSA-MTE	hyp1	News	NaN	12.7653
619	620	en	twi	challenge_SSA-MTE	hyp1	News	NaN	6.3066
620	621	en	twi	challenge_SSA-MTE	hyp1	News	NaN	14.4795
621	622	en	twi	challenge_SSA-MTE	hyp1	News	NaN	9.2427
622	623	en	twi	challenge_SSA-MTE	hyp1	News	NaN	13.0555
623	624	en	twi	challenge_SSA-MTE	hyp1	News	NaN	8.3639
624	625	en	twi	challenge_SSA-MTE	hyp1	News	NaN	2.5772
625	626	en	twi	challenge_SSA-MTE	hyp1	News	NaN	4.3437
626	627	en	twi	challenge_SSA-MTE	hyp1	News	NaN	9.2776
627	628	en	twi	challenge_SSA-MTE	hyp1	News	NaN	4.6575
628	629	en	twi	challenge_SSA-MTE	hyp1	News	NaN	4.7249
629	630	en	twi	challenge_SSA-MTE	hyp1	News	NaN	9.2316
630	631	en	twi	challenge_SSA-MTE	hyp1	News	NaN	13.4977
631	632	en	twi	challenge_SSA-MTE	hyp1	News	NaN	1.7035
632	633	en	twi	challenge_SSA-MTE	hyp1	News	NaN	6.3845
633	634	en	twi	challenge_SSA-MTE	hyp1	News	NaN	8.7918
634	635	en	twi	challenge_SSA-MTE	hyp1	News	NaN	8.9788
635	636	en	twi	challenge_SSA-MTE	hyp1	News	NaN	3.9434
636	637	en	twi	challenge_SSA-MTE	hyp1	News	NaN	9.2967
637	638	en	twi	challenge_SSA-MTE	hyp1	News	NaN	2.2626
638	639	en	twi	challenge_SSA-MTE	hyp1	News	NaN	3.4528
639	640	en	twi	challenge_SSA-MTE	hyp1	News	NaN	4.4107
640	641	en	twi	challenge_SSA-MTE	hyp1	News	NaN	4.0790
641	642	en	twi	challenge_SSA-MTE	hyp1	News	NaN	5.3569
642	643	en	twi	challenge_SSA-MTE	hyp1	News	NaN	7.4330
643	644	en	twi	challenge_SSA-MTE	hyp1	News	NaN	2.1597
644	645	en	twi	challenge_SSA-MTE	hyp1	News	NaN	5.6858
645	646	en	twi	challenge_SSA-MTE	hyp1	News	NaN	6.6216
646	647	en	twi	challenge_SSA-MTE	hyp1	News	NaN	9.2649
647	648	en	twi	challenge_SSA-MTE	hyp1	News	NaN	3.5865
648	649	en	twi	challenge_SSA-MTE	hyp1	News	NaN	4.6603
649	650	en	twi	challenge_SSA-MTE	hyp1	News	NaN	3.0977
650	651	en	twi	challenge_SSA-MTE	hyp1	News	NaN	3.8482
651	652	en	twi	challenge_SSA-MTE	hyp1	News	NaN	3.5865
652	653	en	twi	challenge_SSA-MTE	hyp1	News	NaN	8.9565
653	654	en	twi	challenge_SSA-MTE	hyp1	News	NaN	5.1367
654	655	en	twi	challenge_SSA-MTE	hyp1	News	NaN	3.5064
655	656	en	twi	challenge_SSA-MTE	hyp1	News	NaN	5.4153
656	657	en	twi	challenge_SSA-MTE	hyp1	News	NaN	9.9929
657	658	en	twi	challenge_SSA-MTE	hyp1	News	NaN	5.7260
658	659	en	twi	challenge_SSA-MTE	hyp1	News	NaN	6.0746
659	660	en	twi	challenge_SSA-MTE	hyp1	News	NaN	3.0334
660	661	en	twi	challenge_SSA-MTE	hyp1	News	NaN	3.2342
661	662	en	twi	challenge_SSA-MTE	hyp1	News	NaN	2.1510
662	663	en	twi	challenge_SSA-MTE	hyp1	News	NaN	3.6309
663	664	en	twi	challenge_SSA-MTE	hyp1	News	NaN	2.3107
664	665	en	twi	challenge_SSA-MTE	hyp1	News	NaN	2.0669
665	666	en	twi	challenge_SSA-MTE	hyp1	News	NaN	7.0821
666	667	en	twi	challenge_SSA-MTE	hyp1	News	NaN	3.3589
667	668	en	twi	challenge_SSA-MTE	hyp1	News	NaN	1.1497
668	669	en	twi	challenge_SSA-MTE	hyp1	News	NaN	4.0907
669	670	en	twi	challenge_SSA-MTE	hyp1	News	NaN	4.8482
670	671	en	twi	challenge_SSA-MTE	hyp1	News	NaN	6.6711
671	672	en	twi	challenge_SSA-MTE	hyp1	News	NaN	5.6153
672	673	en	twi	challenge_SSA-MTE	hyp1	News	NaN	3.8462
673	674	en	twi	challenge_SSA-MTE	hyp1	News	NaN	1.1997
674	675	en	twi	challenge_SSA-MTE	hyp1	News	NaN	4.7711
675	676	en	twi	challenge_SSA-MTE	hyp1	News	NaN	5.1411
676	677	en	twi	challenge_SSA-MTE	hyp1	News	NaN	6.3415
677	678	en	twi	challenge_SSA-MTE	hyp1	News	NaN	11.3654
678	679	en	twi	challenge_SSA-MTE	hyp1	News	NaN	16.1940
679	680	en	twi	challenge_SSA-MTE	hyp1	News	NaN	1.0645
680	681	en	twi	challenge_SSA-MTE	hyp1	News	NaN	11.6687
681	682	en	twi	challenge_SSA-MTE	hyp1	News	NaN	18.2664
682	683	en	twi	challenge_SSA-MTE	hyp1	News	NaN	6.8203
683	684	en	twi	challenge_SSA-MTE	hyp1	News	NaN	3.7533
684	685	en	twi	challenge_SSA-MTE	hyp1	News	NaN	2.0778
685	686	en	twi	challenge_SSA-MTE	hyp1	News	NaN	3.3880
686	687	en	twi	challenge_SSA-MTE	hyp1	News	NaN	4.3295
687	688	en	twi	challenge_SSA-MTE	hyp1	News	NaN	1.9419
688	689	en	twi	challenge_SSA-MTE	hyp1	News	NaN	1.9665
689	690	en	twi	challenge_SSA-MTE	hyp1	News	NaN	2.2655
690	691	en	twi	challenge_SSA-MTE	hyp1	News	NaN	3.3789
691	692	en	twi	challenge_SSA-MTE	hyp1	News	NaN	2.3340
692	693	en	twi	challenge_SSA-MTE	hyp1	News	NaN	3.6394
693	694	en	twi	challenge_SSA-MTE	hyp1	News	NaN	2.4344
694	695	en	twi	challenge_SSA-MTE	hyp1	News	NaN	6.3210
695	696	en	twi	challenge_SSA-MTE	hyp1	News	NaN	3.9638
696	697	en	twi	challenge_SSA-MTE	hyp1	News	NaN	4.3437
697	698	en	twi	challenge_SSA-MTE	hyp1	News	NaN	4.3395
698	699	en	twi	challenge_SSA-MTE	hyp1	News	NaN	7.3550
699	700	en	twi	challenge_SSA-MTE	hyp1	News	NaN	11.5484
700	701	en	twi	challenge_SSA-MTE	hyp1	News	NaN	4.5835
701	702	en	twi	challenge_SSA-MTE	hyp1	News	NaN	3.8385
702	703	en	twi	challenge_SSA-MTE	hyp1	News	NaN	4.6757
703	704	en	twi	challenge_SSA-MTE	hyp1	News	NaN	4.9848
704	705	en	twi	challenge_SSA-MTE	hyp1	News	NaN	5.0648
705	706	en	twi	challenge_SSA-MTE	hyp1	News	NaN	4.6749
706	707	en	twi	challenge_SSA-MTE	hyp1	News	NaN	2.3129
707	708	en	twi	challenge_SSA-MTE	hyp1	News	NaN	2.2077
708	709	en	twi	challenge_SSA-MTE	hyp1	News	NaN	2.2649
709	710	en	twi	challenge_SSA-MTE	hyp1	News	NaN	2.5021
710	711	en	twi	challenge_SSA-MTE	hyp1	News	NaN	2.2881
711	712	en	twi	challenge_SSA-MTE	hyp1	News	NaN	2.2523
712	713	en	twi	challenge_SSA-MTE	hyp1	News	NaN	0.0351
713	714	en	twi	challenge_SSA-MTE	hyp1	News	NaN	1.9241
714	715	en	twi	challenge_SSA-MTE	hyp1	News	NaN	2.3542
715	716	en	twi	challenge_SSA-MTE	hyp1	News	NaN	2.5331
716	717	en	twi	challenge_SSA-MTE	hyp1	News	NaN	2.4295
717	718	en	twi	challenge_SSA-MTE	hyp1	News	NaN	5.1690
718	719	en	twi	challenge_SSA-MTE	hyp1	News	NaN	5.3221
719	720	en	twi	challenge_SSA-MTE	hyp1	News	NaN	3.6220
720	721	en	twi	challenge_SSA-MTE	hyp1	News	NaN	5.3986
721	722	en	twi	challenge_SSA-MTE	hyp1	News	NaN	8.6200
722	723	en	twi	challenge_SSA-MTE	hyp1	News	NaN	8.4492
723	724	en	twi	challenge_SSA-MTE	hyp1	News	NaN	10.5269
724	725	en	twi	challenge_SSA-MTE	hyp1	News	NaN	6.9900
725	726	en	twi	challenge_SSA-MTE	hyp1	News	NaN	9.0436
726	727	en	twi	challenge_SSA-MTE	hyp1	News	NaN	13.4617
727	728	en	twi	challenge_SSA-MTE	hyp1	News	NaN	10.5409
728	729	en	twi	challenge_SSA-MTE	hyp1	News	NaN	14.9924
729	730	en	twi	challenge_SSA-MTE	hyp1	News	NaN	5.7117
730	731	en	twi	challenge_SSA-MTE	hyp1	News	NaN	1.4565
731	732	en	twi	challenge_SSA-MTE	hyp1	News	NaN	0.0000
732	733	en	twi	challenge_SSA-MTE	hyp1	News	NaN	5.1778
733	734	en	twi	challenge_SSA-MTE	hyp1	News	NaN	4.0907
734	735	en	twi	challenge_SSA-MTE	hyp1	News	NaN	3.7668
735	736	en	twi	challenge_SSA-MTE	hyp1	News	NaN	5.2709
736	737	en	twi	challenge_SSA-MTE	hyp1	News	NaN	4.6603
737	738	en	twi	challenge_SSA-MTE	hyp1	News	NaN	2.3545
738	739	en	twi	challenge_SSA-MTE	hyp1	News	NaN	10.1443
739	740	en	twi	challenge_SSA-MTE	hyp1	News	NaN	5.0549
740	741	en	twi	challenge_SSA-MTE	hyp1	News	NaN	7.6478
741	742	en	twi	challenge_SSA-MTE	hyp1	News	NaN	9.5184
742	743	en	twi	challenge_SSA-MTE	hyp1	News	NaN	10.6428
743	744	en	twi	challenge_SSA-MTE	hyp1	News	NaN	2.9631
744	745	en	twi	challenge_SSA-MTE	hyp1	News	NaN	7.1592
745	746	en	twi	challenge_SSA-MTE	hyp1	News	NaN	10.7900
746	747	en	twi	challenge_SSA-MTE	hyp1	News	NaN	18.6240
747	748	en	twi	challenge_SSA-MTE	hyp1	News	NaN	4.7897
748	749	en	twi	challenge_SSA-MTE	hyp1	News	NaN	7.8438
749	750	en	twi	challenge_SSA-MTE	hyp1	News	NaN	3.8794
750	751	en	twi	challenge_SSA-MTE	hyp1	News	NaN	3.8861
751	752	en	twi	challenge_SSA-MTE	hyp1	News	NaN	4.2651
752	753	en	twi	challenge_SSA-MTE	hyp1	News	NaN	7.1826
753	754	en	twi	challenge_SSA-MTE	hyp1	News	NaN	7.3452
754	755	en	twi	challenge_SSA-MTE	hyp1	News	NaN	3.8905
755	756	en	twi	challenge_SSA-MTE	hyp1	News	NaN	3.3390
756	757	en	twi	challenge_SSA-MTE	hyp1	News	NaN	3.1933
757	758	en	twi	challenge_SSA-MTE	hyp1	News	NaN	3.1480
758	759	en	twi	challenge_SSA-MTE	hyp1	News	NaN	6.2050
759	760	en	twi	challenge_SSA-MTE	hyp1	News	NaN	6.6081
760	761	en	twi	challenge_SSA-MTE	hyp1	News	NaN	6.3877
761	762	en	twi	challenge_SSA-MTE	hyp1	News	NaN	6.7414
762	763	en	twi	challenge_SSA-MTE	hyp1	News	NaN	9.3897
763	764	en	twi	challenge_SSA-MTE	hyp1	News	NaN	12.7905
764	765	en	twi	challenge_SSA-MTE	hyp1	News	NaN	28.7684
765	766	en	twi	challenge_SSA-MTE	hyp1	News	NaN	12.2443
766	767	en	twi	challenge_SSA-MTE	hyp1	News	NaN	8.7469
767	768	en	twi	challenge_SSA-MTE	hyp1	News	NaN	10.9298
768	769	en	twi	challenge_SSA-MTE	hyp1	News	NaN	15.8558
769	770	en	twi	challenge_SSA-MTE	hyp1	News	NaN	18.8915
770	771	en	twi	challenge_SSA-MTE	hyp1	News	NaN	7.2851
771	772	en	twi	challenge_SSA-MTE	hyp1	News	NaN	54.3986
772	773	en	twi	challenge_SSA-MTE	hyp1	News	NaN	29.5051
773	774	en	twi	challenge_SSA-MTE	hyp1	News	NaN	30.7345
774	775	en	twi	challenge_SSA-MTE	hyp1	News	NaN	35.4761
775	776	en	twi	challenge_SSA-MTE	hyp1	News	NaN	48.3630
776	777	en	twi	challenge_SSA-MTE	hyp1	News	NaN	30.8035
777	778	en	twi	challenge_SSA-MTE	hyp1	News	NaN	12.0454
778	779	en	twi	challenge_SSA-MTE	hyp1	News	NaN	13.5210
779	780	en	twi	challenge_SSA-MTE	hyp1	News	NaN	0.0000
780	781	en	twi	challenge_SSA-MTE	hyp1	News	NaN	13.5999
781	782	en	twi	challenge_SSA-MTE	hyp1	News	NaN	16.1985
782	783	en	twi	challenge_SSA-MTE	hyp1	News	NaN	14.5231
783	784	en	twi	challenge_SSA-MTE	hyp1	News	NaN	22.2219
784	785	en	twi	challenge_SSA-MTE	hyp1	News	NaN	11.4608
785	786	en	twi	challenge_SSA-MTE	hyp1	News	NaN	0.0000
786	787	en	twi	challenge_SSA-MTE	hyp1	News	NaN	9.9477
787	788	en	twi	challenge_SSA-MTE	hyp1	News	NaN	3.3211
788	789	en	twi	challenge_SSA-MTE	hyp1	News	NaN	14.7567
789	790	en	twi	challenge_SSA-MTE	hyp1	News	NaN	20.3334
790	791	en	twi	challenge_SSA-MTE	hyp1	News	NaN	18.5297
791	792	en	twi	challenge_SSA-MTE	hyp1	News	NaN	4.5219
792	793	en	twi	challenge_SSA-MTE	hyp1	News	NaN	12.2129
793	794	en	twi	challenge_SSA-MTE	hyp1	News	NaN	10.4484
794	795	en	twi	challenge_SSA-MTE	hyp1	News	NaN	6.0227
795	796	en	twi	challenge_SSA-MTE	hyp1	News	NaN	4.1751
796	797	en	twi	challenge_SSA-MTE	hyp1	News	NaN	16.3185
797	798	en	twi	challenge_SSA-MTE	hyp1	News	NaN	6.6199
798	799	en	twi	challenge_SSA-MTE	hyp1	News	NaN	5.3523
799	800	en	twi	challenge_SSA-MTE	hyp1	News	NaN	3.4408
800	801	en	twi	challenge_SSA-MTE	hyp1	News	NaN	10.4525
801	802	en	twi	challenge_SSA-MTE	hyp1	News	NaN	4.6038
802	803	en	twi	challenge_SSA-MTE	hyp1	News	NaN	2.6762
803	804	en	twi	challenge_SSA-MTE	hyp1	News	NaN	4.7089
804	805	en	twi	challenge_SSA-MTE	hyp1	News	NaN	4.1729
805	806	en	twi	challenge_SSA-MTE	hyp1	News	NaN	5.0645
806	807	en	twi	challenge_SSA-MTE	hyp1	News	NaN	4.3007
807	808	en	twi	challenge_SSA-MTE	hyp1	News	NaN	3.8659
808	809	en	twi	challenge_SSA-MTE	hyp1	News	NaN	3.1526
809	810	en	twi	challenge_SSA-MTE	hyp1	News	NaN	3.0518
810	811	en	twi	challenge_SSA-MTE	hyp1	News	NaN	6.0814
811	812	en	twi	challenge_SSA-MTE	hyp1	News	NaN	6.5446
812	813	en	twi	challenge_SSA-MTE	hyp1	News	NaN	7.2933
813	814	en	twi	challenge_SSA-MTE	hyp1	News	NaN	13.7733
814	815	en	twi	challenge_SSA-MTE	hyp1	News	NaN	5.0721
815	816	en	twi	challenge_SSA-MTE	hyp1	News	NaN	1.7121
816	817	en	twi	challenge_SSA-MTE	hyp1	News	NaN	5.3080
817	818	en	twi	challenge_SSA-MTE	hyp1	News	NaN	22.4403
818	819	en	twi	challenge_SSA-MTE	hyp1	News	NaN	7.5553
819	820	en	twi	challenge_SSA-MTE	hyp1	News	NaN	12.0787
820	821	en	twi	challenge_SSA-MTE	hyp1	News	NaN	0.3414
821	822	en	twi	challenge_SSA-MTE	hyp1	News	NaN	5.7134
822	823	en	twi	challenge_SSA-MTE	hyp1	News	NaN	3.2459
823	824	en	twi	challenge_SSA-MTE	hyp1	News	NaN	8.0412
824	825	en	twi	challenge_SSA-MTE	hyp1	News	NaN	6.3052
825	826	en	twi	challenge_SSA-MTE	hyp1	News	NaN	6.3415
826	827	en	twi	challenge_SSA-MTE	hyp1	News	NaN	5.6122
827	828	en	twi	challenge_SSA-MTE	hyp1	News	NaN	3.3868
828	829	en	twi	challenge_SSA-MTE	hyp1	News	NaN	6.7165
829	830	en	twi	challenge_SSA-MTE	hyp1	News	NaN	15.6548
830	831	en	twi	challenge_SSA-MTE	hyp1	News	NaN	7.6252
831	832	en	twi	challenge_SSA-MTE	hyp1	News	NaN	18.5282
832	833	en	twi	challenge_SSA-MTE	hyp1	News	NaN	5.9774
833	834	en	twi	challenge_SSA-MTE	hyp1	News	NaN	1.8944
834	835	en	twi	challenge_SSA-MTE	hyp1	News	NaN	9.7945
835	836	en	twi	challenge_SSA-MTE	hyp1	News	NaN	12.8384
836	837	en	twi	challenge_SSA-MTE	hyp1	News	NaN	9.3828
837	838	en	twi	challenge_SSA-MTE	hyp1	News	NaN	11.4400
838	839	en	twi	challenge_SSA-MTE	hyp1	News	NaN	42.1194
839	840	en	twi	challenge_SSA-MTE	hyp1	News	NaN	0.9451
840	841	en	twi	challenge_SSA-MTE	hyp1	News	NaN	10.0812
841	842	en	twi	challenge_SSA-MTE	hyp1	News	NaN	10.4111
842	843	en	twi	challenge_SSA-MTE	hyp1	News	NaN	14.7056
843	844	en	twi	challenge_SSA-MTE	hyp1	News	NaN	18.8084
844	845	en	twi	challenge_SSA-MTE	hyp1	News	NaN	4.1640
845	846	en	twi	challenge_SSA-MTE	hyp1	News	NaN	4.4961
846	847	en	twi	challenge_SSA-MTE	hyp1	News	NaN	19.4209
847	848	en	twi	challenge_SSA-MTE	hyp1	News	NaN	89.6677
848	849	en	twi	challenge_SSA-MTE	hyp1	News	NaN	11.6101
849	850	en	twi	challenge_SSA-MTE	hyp1	News	NaN	21.6312
850	851	en	twi	challenge_SSA-MTE	hyp1	News	NaN	18.6751
851	852	en	twi	challenge_SSA-MTE	hyp1	News	NaN	1.7126
852	853	en	twi	challenge_SSA-MTE	hyp1	News	NaN	35.9370
853	854	en	twi	challenge_SSA-MTE	hyp1	News	NaN	81.3565
854	855	en	twi	challenge_SSA-MTE	hyp1	News	NaN	5.0043
855	856	en	twi	challenge_SSA-MTE	hyp1	News	NaN	4.7595
856	857	en	twi	challenge_SSA-MTE	hyp1	News	NaN	4.5763
857	858	en	twi	challenge_SSA-MTE	hyp1	News	NaN	16.3527
858	859	en	twi	challenge_SSA-MTE	hyp1	News	NaN	77.4552
859	860	en	twi	challenge_SSA-MTE	hyp1	News	NaN	4.3007
860	861	en	twi	challenge_SSA-MTE	hyp1	News	NaN	51.9789
861	862	en	twi	challenge_SSA-MTE	hyp1	News	NaN	26.3081
862	863	en	twi	challenge_SSA-MTE	hyp1	News	NaN	20.2163
863	864	en	twi	challenge_SSA-MTE	hyp1	News	NaN	41.7210
864	865	en	twi	challenge_SSA-MTE	hyp1	News	NaN	81.9100
865	866	en	twi	challenge_SSA-MTE	hyp1	News	NaN	24.7864
866	867	en	twi	challenge_SSA-MTE	hyp1	News	NaN	50.2900
867	868	en	twi	challenge_SSA-MTE	hyp1	News	NaN	17.3700
868	869	en	twi	challenge_SSA-MTE	hyp1	News	NaN	9.5477
869	870	en	twi	challenge_SSA-MTE	hyp1	News	NaN	36.6465
870	871	en	twi	challenge_SSA-MTE	hyp1	News	NaN	55.6847
871	872	en	twi	challenge_SSA-MTE	hyp1	News	NaN	33.1984
872	873	en	twi	challenge_SSA-MTE	hyp1	News	NaN	20.5141
873	874	en	twi	challenge_SSA-MTE	hyp1	News	NaN	16.4606
874	875	en	twi	challenge_SSA-MTE	hyp1	News	NaN	14.0104
875	876	en	twi	challenge_SSA-MTE	hyp1	News	NaN	12.2601
876	877	en	twi	challenge_SSA-MTE	hyp1	News	NaN	78.1547
877	878	en	twi	challenge_SSA-MTE	hyp1	News	NaN	4.1991
878	879	en	twi	challenge_SSA-MTE	hyp1	News	NaN	51.3584
879	880	en	twi	challenge_SSA-MTE	hyp1	News	NaN	26.7142
880	881	en	twi	challenge_SSA-MTE	hyp1	News	NaN	45.3145
881	882	en	twi	challenge_SSA-MTE	hyp1	News	NaN	48.6455
882	883	en	twi	challenge_SSA-MTE	hyp1	News	NaN	86.9640
883	884	en	twi	challenge_SSA-MTE	hyp1	News	NaN	43.7061
884	885	en	twi	challenge_SSA-MTE	hyp1	News	NaN	14.0706
885	886	en	twi	challenge_SSA-MTE	hyp1	News	NaN	8.9383
886	887	en	twi	challenge_SSA-MTE	hyp1	News	NaN	0.8671
887	888	en	twi	challenge_SSA-MTE	hyp1	News	NaN	12.2259
888	889	en	twi	challenge_SSA-MTE	hyp1	News	NaN	66.9772
889	890	en	twi	challenge_SSA-MTE	hyp1	News	NaN	6.3217
890	891	en	twi	challenge_SSA-MTE	hyp1	News	NaN	15.4446
891	892	en	twi	challenge_SSA-MTE	hyp1	News	NaN	9.4296
892	893	en	twi	challenge_SSA-MTE	hyp1	News	NaN	9.3514
893	894	en	twi	challenge_SSA-MTE	hyp1	News	NaN	33.0028
894	895	en	twi	challenge_SSA-MTE	hyp1	News	NaN	70.5339
895	896	en	twi	challenge_SSA-MTE	hyp1	News	NaN	3.6580
896	897	en	twi	challenge_SSA-MTE	hyp1	News	NaN	16.5904
897	898	en	twi	challenge_SSA-MTE	hyp1	News	NaN	22.5762
898	899	en	twi	challenge_SSA-MTE	hyp1	News	NaN	11.4729
899	900	en	twi	challenge_SSA-MTE	hyp1	News	NaN	7.9595
900	901	en	twi	challenge_SSA-MTE	hyp1	News	NaN	31.6083
901	902	en	twi	challenge_SSA-MTE	hyp1	News	NaN	23.2533
902	903	en	twi	challenge_SSA-MTE	hyp1	News	NaN	23.2583
903	904	en	twi	challenge_SSA-MTE	hyp1	News	NaN	4.7442
904	905	en	twi	challenge_SSA-MTE	hyp1	News	NaN	1.1754
905	906	en	twi	challenge_SSA-MTE	hyp1	News	NaN	14.5757
906	907	en	twi	challenge_SSA-MTE	hyp1	News	NaN	36.1508
907	908	en	twi	challenge_SSA-MTE	hyp1	News	NaN	36.6748
908	909	en	twi	challenge_SSA-MTE	hyp1	News	NaN	47.2720
909	910	en	twi	challenge_SSA-MTE	hyp1	News	NaN	26.1015
910	911	en	twi	challenge_SSA-MTE	hyp1	News	NaN	4.3093
911	912	en	twi	challenge_SSA-MTE	hyp1	News	NaN	37.2552
912	913	en	twi	challenge_SSA-MTE	hyp1	News	NaN	54.3194
913	914	en	twi	challenge_SSA-MTE	hyp1	News	NaN	21.0689
914	915	en	twi	challenge_SSA-MTE	hyp1	News	NaN	5.6179
915	916	en	twi	challenge_SSA-MTE	hyp1	News	NaN	24.0830
916	917	en	twi	challenge_SSA-MTE	hyp1	News	NaN	5.9885
917	918	en	twi	challenge_SSA-MTE	hyp1	News	NaN	5.3915
918	919	en	twi	challenge_SSA-MTE	hyp1	News	NaN	24.4816
919	920	en	twi	challenge_SSA-MTE	hyp1	News	NaN	24.4380
920	921	en	twi	challenge_SSA-MTE	hyp1	News	NaN	1.6355
921	922	en	twi	challenge_SSA-MTE	hyp1	News	NaN	1.5941
922	923	en	twi	challenge_SSA-MTE	hyp1	News	NaN	1.8168
923	924	en	twi	challenge_SSA-MTE	hyp1	News	NaN	1.7596
924	925	en	twi	challenge_SSA-MTE	hyp1	News	NaN	1.7272
925	926	en	twi	challenge_SSA-MTE	hyp1	News	NaN	28.7560
926	927	en	twi	challenge_SSA-MTE	hyp1	News	NaN	10.1168
927	928	en	twi	challenge_SSA-MTE	hyp1	News	NaN	8.4927
928	929	en	twi	challenge_SSA-MTE	hyp1	News	NaN	8.0397
929	930	en	twi	challenge_SSA-MTE	hyp1	News	NaN	58.9847
930	931	en	twi	challenge_SSA-MTE	hyp1	News	NaN	21.2155
931	932	en	twi	challenge_SSA-MTE	hyp1	News	NaN	18.3610
932	933	en	twi	challenge_SSA-MTE	hyp1	News	NaN	11.0955
933	934	en	twi	challenge_SSA-MTE	hyp1	News	NaN	12.1909
934	935	en	twi	challenge_SSA-MTE	hyp1	News	NaN	28.9140
935	936	en	twi	challenge_SSA-MTE	hyp1	News	NaN	77.1708
936	937	en	twi	challenge_SSA-MTE	hyp1	News	NaN	27.9782
937	938	en	twi	challenge_SSA-MTE	hyp1	News	NaN	12.2762
938	939	en	twi	challenge_SSA-MTE	hyp1	News	NaN	7.9856
939	940	en	twi	challenge_SSA-MTE	hyp1	News	NaN	7.0801
940	941	en	twi	challenge_SSA-MTE	hyp1	News	NaN	10.6005
941	942	en	twi	challenge_SSA-MTE	hyp1	News	NaN	37.0942
942	943	en	twi	challenge_SSA-MTE	hyp1	News	NaN	3.6105
943	944	en	twi	challenge_SSA-MTE	hyp1	News	NaN	27.5492
944	945	en	twi	challenge_SSA-MTE	hyp1	News	NaN	15.7950
945	946	en	twi	challenge_SSA-MTE	hyp1	News	NaN	21.2202
946	947	en	twi	challenge_SSA-MTE	hyp1	News	NaN	13.6347
947	948	en	twi	challenge_SSA-MTE	hyp1	News	NaN	74.2671
948	949	en	twi	challenge_SSA-MTE	hyp1	News	NaN	11.1481
949	950	en	twi	challenge_SSA-MTE	hyp1	News	NaN	20.9187
950	951	en	twi	challenge_SSA-MTE	hyp1	News	NaN	19.5067
951	952	en	twi	challenge_SSA-MTE	hyp1	News	NaN	0.7979
952	953	en	twi	challenge_SSA-MTE	hyp1	News	NaN	13.1392
953	954	en	twi	challenge_SSA-MTE	hyp1	News	NaN	75.5092
954	955	en	twi	challenge_SSA-MTE	hyp1	News	NaN	9.6323
955	956	en	twi	challenge_SSA-MTE	hyp1	News	NaN	19.3940
956	957	en	twi	challenge_SSA-MTE	hyp1	News	NaN	27.1032
957	958	en	twi	challenge_SSA-MTE	hyp1	News	NaN	44.3009
958	959	en	twi	challenge_SSA-MTE	hyp1	News	NaN	100.0000
959	960	en	twi	challenge_SSA-MTE	hyp1	News	NaN	33.0257
960	961	en	twi	challenge_SSA-MTE	hyp1	News	NaN	31.5828
961	962	en	twi	challenge_SSA-MTE	hyp1	News	NaN	8.9225
962	963	en	twi	challenge_SSA-MTE	hyp1	News	NaN	15.8995
963	964	en	twi	challenge_SSA-MTE	hyp1	News	NaN	34.2663
964	965	en	twi	challenge_SSA-MTE	hyp1	News	NaN	63.4890
965	966	en	twi	challenge_SSA-MTE	hyp1	News	NaN	15.8613
966	967	en	twi	challenge_SSA-MTE	hyp1	News	NaN	3.6772
967	968	en	twi	challenge_SSA-MTE	hyp1	News	NaN	6.7086
968	969	en	twi	challenge_SSA-MTE	hyp1	News	NaN	4.1754
969	970	en	twi	challenge_SSA-MTE	hyp1	News	NaN	9.3663
970	971	en	twi	challenge_SSA-MTE	hyp1	News	NaN	30.7894
971	972	en	twi	challenge_SSA-MTE	hyp1	News	NaN	10.1332
972	973	en	twi	challenge_SSA-MTE	hyp1	News	NaN	21.6887
973	974	en	twi	challenge_SSA-MTE	hyp1	News	NaN	20.9796
974	975	en	twi	challenge_SSA-MTE	hyp1	News	NaN	3.0584
975	976	en	twi	challenge_SSA-MTE	hyp1	News	NaN	11.0396
976	977	en	twi	challenge_SSA-MTE	hyp1	News	NaN	77.1708
977	978	en	twi	challenge_SSA-MTE	hyp1	News	NaN	5.5078
978	979	en	twi	challenge_SSA-MTE	hyp1	News	NaN	57.1559
979	980	en	twi	challenge_SSA-MTE	hyp1	News	NaN	33.0684
980	981	en	twi	challenge_SSA-MTE	hyp1	News	NaN	2.8183
981	982	en	twi	challenge_SSA-MTE	hyp1	News	NaN	12.8986
982	983	en	twi	challenge_SSA-MTE	hyp1	News	NaN	88.4387
983	984	en	twi	challenge_SSA-MTE	hyp1	News	NaN	16.9190
984	985	en	twi	challenge_SSA-MTE	hyp1	News	NaN	16.7371
985	986	en	twi	challenge_SSA-MTE	hyp1	News	NaN	7.9801
986	987	en	twi	challenge_SSA-MTE	hyp1	News	NaN	0.0000
987	988	en	twi	challenge_SSA-MTE	hyp1	News	NaN	30.8851
988	989	en	twi	challenge_SSA-MTE	hyp1	News	NaN	85.4203
989	990	en	twi	challenge_SSA-MTE	hyp1	News	NaN	8.1707
990	991	en	twi	challenge_SSA-MTE	hyp1	News	NaN	17.5958
991	992	en	twi	challenge_SSA-MTE	hyp1	News	NaN	8.6614
992	993	en	twi	challenge_SSA-MTE	hyp1	News	NaN	6.8705
993	994	en	twi	challenge_SSA-MTE	hyp1	News	NaN	14.4555
994	995	en	twi	challenge_SSA-MTE	hyp1	News	NaN	49.5908
995	996	en	twi	challenge_SSA-MTE	hyp1	News	NaN	11.4501
996	997	en	twi	challenge_SSA-MTE	hyp1	News	NaN	21.2147
997	998	en	twi	challenge_SSA-MTE	hyp1	News	NaN	12.5033
998	999	en	twi	challenge_SSA-MTE	hyp1	News	NaN	10.9013
999	1000	en	twi	challenge_SSA-MTE	hyp1	News	NaN	34.1656
1000	1001	en	twi	challenge_SSA-MTE	hyp1	News	NaN	85.6183
1001	1002	en	twi	challenge_SSA-MTE	hyp1	News	NaN	20.7187
1002	1003	en	twi	challenge_SSA-MTE	hyp1	News	NaN	28.7490
1003	1004	en	twi	challenge_SSA-MTE	hyp1	News	NaN	5.9308
1004	1005	en	twi	challenge_SSA-MTE	hyp1	News	NaN	4.4414
1005	1006	en	twi	challenge_SSA-MTE	hyp1	News	NaN	21.1023
1006	1007	en	twi	challenge_SSA-MTE	hyp1	News	NaN	74.7174
1007	1008	en	twi	challenge_SSA-MTE	hyp1	News	NaN	10.5912
1008	1009	en	twi	challenge_SSA-MTE	hyp1	News	NaN	12.3433
1009	1010	en	twi	challenge_SSA-MTE	hyp1	News	NaN	15.7298
1010	1011	en	twi	challenge_SSA-MTE	hyp1	News	NaN	0.7117
1011	1012	en	twi	challenge_SSA-MTE	hyp1	News	NaN	17.3579
1012	1013	en	twi	challenge_SSA-MTE	hyp1	News	NaN	71.3449
1013	1014	en	twi	challenge_SSA-MTE	hyp1	News	NaN	18.3343
1014	1015	en	twi	challenge_SSA-MTE	hyp1	News	NaN	8.2953
1015	1016	en	twi	challenge_SSA-MTE	hyp1	News	NaN	15.4231
1016	1017	en	twi	challenge_SSA-MTE	hyp1	News	NaN	2.7410
1017	1018	en	twi	challenge_SSA-MTE	hyp1	News	NaN	34.6434
1018	1019	en	twi	challenge_SSA-MTE	hyp1	News	NaN	83.6252
1019	1020	en	twi	challenge_SSA-MTE	hyp1	News	NaN	7.9787
1020	1021	en	twi	challenge_SSA-MTE	hyp1	News	NaN	9.3954
1021	1022	en	twi	challenge_SSA-MTE	hyp1	News	NaN	3.4275
1022	1023	en	twi	challenge_SSA-MTE	hyp1	News	NaN	25.2904
1023	1024	en	twi	challenge_SSA-MTE	hyp1	News	NaN	39.7329
1024	1025	en	twi	challenge_SSA-MTE	hyp1	News	NaN	74.4714
1025	1026	en	twi	challenge_SSA-MTE	hyp1	News	NaN	12.2763
1026	1027	en	twi	challenge_SSA-MTE	hyp1	News	NaN	3.0642
1027	1028	en	twi	challenge_SSA-MTE	hyp1	News	NaN	3.7456
1028	1029	en	twi	challenge_SSA-MTE	hyp1	News	NaN	3.0568
1029	1030	en	twi	challenge_SSA-MTE	hyp1	News	NaN	3.6061
1030	1031	en	twi	challenge_SSA-MTE	hyp1	News	NaN	63.4086
1031	1032	en	twi	challenge_SSA-MTE	hyp1	News	NaN	2.8789
1032	1033	en	twi	challenge_SSA-MTE	hyp1	News	NaN	21.9450
1033	1034	en	twi	challenge_SSA-MTE	hyp1	News	NaN	9.9829
1034	1035	en	twi	challenge_SSA-MTE	hyp1	News	NaN	3.5202
1035	1036	en	twi	challenge_SSA-MTE	hyp1	News	NaN	35.2186
1036	1037	en	twi	challenge_SSA-MTE	hyp1	News	NaN	90.3869
1037	1038	en	twi	challenge_SSA-MTE	hyp1	News	NaN	4.5897
1038	1039	en	twi	challenge_SSA-MTE	hyp1	News	NaN	5.2993
1039	1040	en	twi	challenge_SSA-MTE	hyp1	News	NaN	4.8860
1040	1041	en	twi	challenge_SSA-MTE	hyp1	News	NaN	1.6914
1041	1042	en	twi	challenge_SSA-MTE	hyp1	News	NaN	6.5078
1042	1043	en	twi	challenge_SSA-MTE	hyp1	News	NaN	62.6888
1043	1044	en	twi	challenge_SSA-MTE	hyp1	News	NaN	3.1373
1044	1045	en	twi	challenge_SSA-MTE	hyp1	News	NaN	6.0713
1045	1046	en	twi	challenge_SSA-MTE	hyp1	News	NaN	4.7206
1046	1047	en	twi	challenge_SSA-MTE	hyp1	News	NaN	3.7499
1047	1048	en	twi	challenge_SSA-MTE	hyp1	News	NaN	31.4850
1048	1049	en	twi	challenge_SSA-MTE	hyp1	News	NaN	100.0000
1049	1050	en	twi	challenge_SSA-MTE	hyp1	News	NaN	8.5000
1050	1051	en	twi	challenge_SSA-MTE	hyp1	News	NaN	43.0060
1051	1052	en	twi	challenge_SSA-MTE	hyp1	News	NaN	6.1187
1052	1053	en	twi	challenge_SSA-MTE	hyp1	News	NaN	24.4081
1053	1054	en	twi	challenge_SSA-MTE	hyp1	News	NaN	31.5217
1054	1055	en	twi	challenge_SSA-MTE	hyp1	News	NaN	87.2130
1055	1056	en	twi	challenge_SSA-MTE	hyp1	News	NaN	24.1927
1056	1057	en	twi	challenge_SSA-MTE	hyp1	News	NaN	21.6230
1057	1058	en	twi	challenge_SSA-MTE	hyp1	News	NaN	5.9328
1058	1059	en	twi	challenge_SSA-MTE	hyp1	News	NaN	11.4511
1059	1060	en	twi	challenge_SSA-MTE	hyp1	News	NaN	13.1036
1060	1061	en	twi	challenge_SSA-MTE	hyp1	News	NaN	93.5370
1061	1062	en	twi	challenge_SSA-MTE	hyp1	News	NaN	9.0243
1062	1063	en	twi	challenge_SSA-MTE	hyp1	News	NaN	12.4455
1063	1064	en	twi	challenge_SSA-MTE	hyp1	News	NaN	8.8132
1064	1065	en	twi	challenge_SSA-MTE	hyp1	News	NaN	15.5156
1065	1066	en	twi	challenge_SSA-MTE	hyp1	News	NaN	19.8915
1066	1067	en	twi	challenge_SSA-MTE	hyp1	News	NaN	66.0788
1067	1068	en	twi	challenge_SSA-MTE	hyp1	News	NaN	6.3635
1068	1069	en	twi	challenge_SSA-MTE	hyp1	News	NaN	27.6992
1069	1070	en	twi	challenge_SSA-MTE	hyp1	News	NaN	8.9495
1070	1071	en	twi	challenge_SSA-MTE	hyp1	News	NaN	5.1349
1071	1072	en	twi	challenge_SSA-MTE	hyp1	News	NaN	15.1007
1072	1073	en	twi	challenge_SSA-MTE	hyp1	News	NaN	46.0638
1073	1074	en	twi	challenge_SSA-MTE	hyp1	News	NaN	11.4097
1074	1075	en	twi	challenge_SSA-MTE	hyp1	News	NaN	26.5251
1075	1076	en	twi	challenge_SSA-MTE	hyp1	News	NaN	2.8011
1076	1077	en	twi	challenge_SSA-MTE	hyp1	News	NaN	8.7459
1077	1078	en	twi	challenge_SSA-MTE	hyp1	News	NaN	19.7891
1078	1079	en	twi	challenge_SSA-MTE	hyp1	News	NaN	66.0237
1079	1080	en	twi	challenge_SSA-MTE	hyp1	News	NaN	18.5920
1080	1081	en	twi	challenge_SSA-MTE	hyp1	News	NaN	41.7320
1081	1082	en	twi	challenge_SSA-MTE	hyp1	News	NaN	12.4941
1082	1083	en	twi	challenge_SSA-MTE	hyp1	News	NaN	9.3976
1083	1084	en	twi	challenge_SSA-MTE	hyp1	News	NaN	8.1273
1084	1085	en	twi	challenge_SSA-MTE	hyp1	News	NaN	100.0000
1085	1086	en	twi	challenge_SSA-MTE	hyp1	News	NaN	6.7294
1086	1087	en	twi	challenge_SSA-MTE	hyp1	News	NaN	15.9564
1087	1088	en	twi	challenge_SSA-MTE	hyp1	News	NaN	13.4603
1088	1089	en	twi	challenge_SSA-MTE	hyp1	News	NaN	5.8371
1089	1090	en	twi	challenge_SSA-MTE	hyp1	News	NaN	3.2535
1090	1091	en	twi	challenge_SSA-MTE	hyp1	News	NaN	53.4676
1091	1092	en	twi	challenge_SSA-MTE	hyp1	News	NaN	9.9289
1092	1093	en	twi	challenge_SSA-MTE	hyp1	News	NaN	31.6810
1093	1094	en	twi	challenge_SSA-MTE	hyp1	News	NaN	20.2599
1094	1095	en	twi	challenge_SSA-MTE	hyp1	News	NaN	19.0589
1095	1096	en	twi	challenge_SSA-MTE	hyp1	News	NaN	34.5000
1096	1097	en	twi	challenge_SSA-MTE	hyp1	News	NaN	62.6399
1097	1098	en	twi	challenge_SSA-MTE	hyp1	News	NaN	26.8423
1098	1099	en	twi	challenge_SSA-MTE	hyp1	News	NaN	7.3053
1099	1100	en	twi	challenge_SSA-MTE	hyp1	News	NaN	4.1196
1100	1101	en	twi	challenge_SSA-MTE	hyp1	News	NaN	0.0000
1101	1102	en	twi	challenge_SSA-MTE	hyp1	News	NaN	7.4958
1102	1103	en	twi	challenge_SSA-MTE	hyp1	News	NaN	50.5403
1103	1104	en	twi	challenge_SSA-MTE	hyp1	News	NaN	8.2525
1104	1105	en	twi	challenge_SSA-MTE	hyp1	News	NaN	25.2647
1105	1106	en	twi	challenge_SSA-MTE	hyp1	News	NaN	12.6886
1106	1107	en	twi	challenge_SSA-MTE	hyp1	News	NaN	15.3348
1107	1108	en	twi	challenge_SSA-MTE	hyp1	News	NaN	21.7264
1108	1109	en	twi	challenge_SSA-MTE	hyp1	News	NaN	92.3473
1109	1110	en	twi	challenge_SSA-MTE	hyp1	News	NaN	31.7184
1110	1111	en	twi	challenge_SSA-MTE	hyp1	News	NaN	29.3899
1111	1112	en	twi	challenge_SSA-MTE	hyp1	News	NaN	17.1015
1112	1113	en	twi	challenge_SSA-MTE	hyp1	News	NaN	3.2715
1113	1114	en	twi	challenge_SSA-MTE	hyp1	News	NaN	42.3231
1114	1115	en	twi	challenge_SSA-MTE	hyp1	News	NaN	58.2879
1115	1116	en	twi	challenge_SSA-MTE	hyp1	News	NaN	25.7591
1116	1117	en	twi	challenge_SSA-MTE	hyp1	News	NaN	28.1978
1117	1118	en	twi	challenge_SSA-MTE	hyp1	News	NaN	20.7776
1118	1119	en	twi	challenge_SSA-MTE	hyp1	News	NaN	3.8885
1119	1120	en	twi	challenge_SSA-MTE	hyp1	News	NaN	10.7618
1120	1121	en	twi	challenge_SSA-MTE	hyp1	News	NaN	56.7814
1121	1122	en	twi	challenge_SSA-MTE	hyp1	News	NaN	38.6815
1122	1123	en	twi	challenge_SSA-MTE	hyp1	News	NaN	22.9214
1123	1124	en	twi	challenge_SSA-MTE	hyp1	News	NaN	10.7360
1124	1125	en	twi	challenge_SSA-MTE	hyp1	News	NaN	11.9874
1125	1126	en	twi	challenge_SSA-MTE	hyp1	News	NaN	25.0095
1126	1127	en	twi	challenge_SSA-MTE	hyp1	News	NaN	1.0343
1127	1128	en	twi	challenge_SSA-MTE	hyp1	News	NaN	11.2238
1128	1129	en	twi	challenge_SSA-MTE	hyp1	News	NaN	59.8257
1129	1130	en	twi	challenge_SSA-MTE	hyp1	News	NaN	21.2190
1130	1131	en	twi	challenge_SSA-MTE	hyp1	News	NaN	0.0000
1131	1132	en	twi	challenge_SSA-MTE	hyp1	News	NaN	25.8949
1132	1133	en	twi	challenge_SSA-MTE	hyp1	News	NaN	89.4355
1133	1134	en	twi	challenge_SSA-MTE	hyp1	News	NaN	18.6864
1134	1135	en	twi	challenge_SSA-MTE	hyp1	News	NaN	53.3728
1135	1136	en	twi	challenge_SSA-MTE	hyp1	News	NaN	22.4379
1136	1137	en	twi	challenge_SSA-MTE	hyp1	News	NaN	27.6889
1137	1138	en	twi	challenge_SSA-MTE	hyp1	News	NaN	36.4378
1138	1139	en	twi	challenge_SSA-MTE	hyp1	News	NaN	100.0000
1139	1140	en	twi	challenge_SSA-MTE	hyp1	News	NaN	28.9225
1140	1141	en	twi	challenge_SSA-MTE	hyp1	News	NaN	52.6863
1141	1142	en	twi	challenge_SSA-MTE	hyp1	News	NaN	9.4438
1142	1143	en	twi	challenge_SSA-MTE	hyp1	News	NaN	11.8434
1143	1144	en	twi	challenge_SSA-MTE	hyp1	News	NaN	31.3895
1144	1145	en	twi	challenge_SSA-MTE	hyp1	News	NaN	78.8967
1145	1146	en	twi	challenge_SSA-MTE	hyp1	News	NaN	19.7630
1146	1147	en	twi	challenge_SSA-MTE	hyp1	News	NaN	29.0865
1147	1148	en	twi	challenge_SSA-MTE	hyp1	News	NaN	15.7841
1148	1149	en	twi	challenge_SSA-MTE	hyp1	News	NaN	5.6122
1149	1150	en	twi	challenge_SSA-MTE	hyp1	News	NaN	42.3962
1150	1151	en	twi	challenge_SSA-MTE	hyp1	News	NaN	100.0000
1151	1152	en	twi	challenge_SSA-MTE	hyp1	News	NaN	14.6281
1152	1153	en	twi	challenge_SSA-MTE	hyp1	News	NaN	14.7353
1153	1154	en	twi	challenge_SSA-MTE	hyp1	News	NaN	4.7292
1154	1155	en	twi	challenge_SSA-MTE	hyp1	News	NaN	1.8268
1155	1156	en	twi	challenge_SSA-MTE	hyp1	News	NaN	15.7817
1156	1157	en	twi	challenge_SSA-MTE	hyp1	News	NaN	91.7020
1157	1158	en	twi	challenge_SSA-MTE	hyp1	News	NaN	8.2594
1158	1159	en	twi	challenge_SSA-MTE	hyp1	News	NaN	25.2796
1159	1160	en	twi	challenge_SSA-MTE	hyp1	News	NaN	26.3039
1160	1161	en	twi	challenge_SSA-MTE	hyp1	News	NaN	12.3133
1161	1162	en	twi	challenge_SSA-MTE	hyp1	News	NaN	23.3785
1162	1163	en	twi	challenge_SSA-MTE	hyp1	News	NaN	61.6477
1163	1164	en	twi	challenge_SSA-MTE	hyp1	News	NaN	28.3294
1164	1165	en	twi	challenge_SSA-MTE	hyp1	News	NaN	19.8639
1165	1166	en	twi	challenge_SSA-MTE	hyp1	News	NaN	5.3943
1166	1167	en	twi	challenge_SSA-MTE	hyp1	News	NaN	9.9144
1167	1168	en	twi	challenge_SSA-MTE	hyp1	News	NaN	25.4882
1168	1169	en	twi	challenge_SSA-MTE	hyp1	News	NaN	73.6953
1169	1170	en	twi	challenge_SSA-MTE	hyp1	News	NaN	10.4773
1170	1171	en	twi	challenge_SSA-MTE	hyp1	News	NaN	27.9912
1171	1172	en	twi	challenge_SSA-MTE	hyp1	News	NaN	13.8019
1172	1173	en	twi	challenge_SSA-MTE	hyp1	News	NaN	2.7428
1173	1174	en	twi	challenge_SSA-MTE	hyp1	News	NaN	33.1404
1174	1175	en	twi	challenge_SSA-MTE	hyp1	News	NaN	100.0000
1175	1176	en	twi	challenge_SSA-MTE	hyp1	News	NaN	8.9611
1176	1177	en	twi	challenge_SSA-MTE	hyp1	News	NaN	30.3809
1177	1178	en	twi	challenge_SSA-MTE	hyp1	News	NaN	8.2172
1178	1179	en	twi	challenge_SSA-MTE	hyp1	News	NaN	8.6358
1179	1180	en	twi	challenge_SSA-MTE	hyp1	News	NaN	11.0021
1180	1181	en	twi	challenge_SSA-MTE	hyp1	News	NaN	80.2022
1181	1182	en	twi	challenge_SSA-MTE	hyp1	News	NaN	15.9118
1182	1183	en	twi	challenge_SSA-MTE	hyp1	News	NaN	47.3327
1183	1184	en	twi	challenge_SSA-MTE	hyp1	News	NaN	5.9735
1184	1185	en	twi	challenge_SSA-MTE	hyp1	News	NaN	3.8643
1185	1186	en	twi	challenge_SSA-MTE	hyp1	News	NaN	22.4014
1186	1187	en	twi	challenge_SSA-MTE	hyp1	News	NaN	84.9292
1187	1188	en	twi	challenge_SSA-MTE	hyp1	News	NaN	30.2430
1188	1189	en	twi	challenge_SSA-MTE	hyp1	News	NaN	15.2205
1189	1190	en	twi	challenge_SSA-MTE	hyp1	News	NaN	5.1231
1190	1191	en	twi	challenge_SSA-MTE	hyp1	News	NaN	17.0906
1191	1192	en	twi	challenge_SSA-MTE	hyp1	News	NaN	7.0844
1192	1193	en	twi	challenge_SSA-MTE	hyp1	News	NaN	100.0000
1193	1194	en	twi	challenge_SSA-MTE	hyp1	News	NaN	14.3079
1194	1195	en	twi	challenge_SSA-MTE	hyp1	News	NaN	21.7811
1195	1196	en	twi	challenge_SSA-MTE	hyp1	News	NaN	25.0287
1196	1197	en	twi	challenge_SSA-MTE	hyp1	News	NaN	22.0461
1197	1198	en	twi	challenge_SSA-MTE	hyp1	News	NaN	30.1451
1198	1199	en	twi	challenge_SSA-MTE	hyp1	News	NaN	100.0000
1199	1200	en	twi	challenge_SSA-MTE	hyp1	News	NaN	22.0333
0	1	en	yor	challenge_SSA-MTE	hyp1	News	NaN	39.4588
1	2	en	yor	challenge_SSA-MTE	hyp1	News	NaN	40.8960
2	3	en	yor	challenge_SSA-MTE	hyp1	News	NaN	4.9324
3	4	en	yor	challenge_SSA-MTE	hyp1	News	NaN	7.4398
4	5	en	yor	challenge_SSA-MTE	hyp1	News	NaN	4.5136
5	6	en	yor	challenge_SSA-MTE	hyp1	News	NaN	14.3231
6	7	en	yor	challenge_SSA-MTE	hyp1	News	NaN	21.3590
7	8	en	yor	challenge_SSA-MTE	hyp1	News	NaN	6.1686
8	9	en	yor	challenge_SSA-MTE	hyp1	News	NaN	4.1005
9	10	en	yor	challenge_SSA-MTE	hyp1	News	NaN	3.5152
10	11	en	yor	challenge_SSA-MTE	hyp1	News	NaN	20.9118
11	12	en	yor	challenge_SSA-MTE	hyp1	News	NaN	5.8622
12	13	en	yor	challenge_SSA-MTE	hyp1	News	NaN	8.6162
13	14	en	yor	challenge_SSA-MTE	hyp1	News	NaN	3.0982
14	15	en	yor	challenge_SSA-MTE	hyp1	News	NaN	9.5354
15	16	en	yor	challenge_SSA-MTE	hyp1	News	NaN	3.0982
16	17	en	yor	challenge_SSA-MTE	hyp1	News	NaN	26.5290
17	18	en	yor	challenge_SSA-MTE	hyp1	News	NaN	25.9654
18	19	en	yor	challenge_SSA-MTE	hyp1	News	NaN	24.8084
19	20	en	yor	challenge_SSA-MTE	hyp1	News	NaN	5.0736
20	21	en	yor	challenge_SSA-MTE	hyp1	News	NaN	38.1633
21	22	en	yor	challenge_SSA-MTE	hyp1	News	NaN	34.4844
22	23	en	yor	challenge_SSA-MTE	hyp1	News	NaN	38.1633
23	24	en	yor	challenge_SSA-MTE	hyp1	News	NaN	5.6698
24	25	en	yor	challenge_SSA-MTE	hyp1	News	NaN	4.9324
25	26	en	yor	challenge_SSA-MTE	hyp1	News	NaN	2.2870
26	27	en	yor	challenge_SSA-MTE	hyp1	News	NaN	4.7892
27	28	en	yor	challenge_SSA-MTE	hyp1	News	NaN	4.9324
28	29	en	yor	challenge_SSA-MTE	hyp1	News	NaN	4.9900
29	30	en	yor	challenge_SSA-MTE	hyp1	News	NaN	55.6492
30	31	en	yor	challenge_SSA-MTE	hyp1	News	NaN	57.9915
31	32	en	yor	challenge_SSA-MTE	hyp1	News	NaN	4.0161
32	33	en	yor	challenge_SSA-MTE	hyp1	News	NaN	6.7543
33	34	en	yor	challenge_SSA-MTE	hyp1	News	NaN	7.4749
34	35	en	yor	challenge_SSA-MTE	hyp1	News	NaN	9.2875
35	36	en	yor	challenge_SSA-MTE	hyp1	News	NaN	13.4851
36	37	en	yor	challenge_SSA-MTE	hyp1	News	NaN	10.5527
37	38	en	yor	challenge_SSA-MTE	hyp1	News	NaN	9.2875
38	39	en	yor	challenge_SSA-MTE	hyp1	News	NaN	33.5689
39	40	en	yor	challenge_SSA-MTE	hyp1	News	NaN	12.0111
40	41	en	yor	challenge_SSA-MTE	hyp1	News	NaN	4.0272
41	42	en	yor	challenge_SSA-MTE	hyp1	News	NaN	2.2870
42	43	en	yor	challenge_SSA-MTE	hyp1	News	NaN	4.2377
43	44	en	yor	challenge_SSA-MTE	hyp1	News	NaN	4.5152
44	45	en	yor	challenge_SSA-MTE	hyp1	News	NaN	5.8166
45	46	en	yor	challenge_SSA-MTE	hyp1	News	NaN	24.7980
46	47	en	yor	challenge_SSA-MTE	hyp1	News	NaN	6.8962
47	48	en	yor	challenge_SSA-MTE	hyp1	News	NaN	3.6354
48	49	en	yor	challenge_SSA-MTE	hyp1	News	NaN	0.1003
49	50	en	yor	challenge_SSA-MTE	hyp1	News	NaN	6.9161
50	51	en	yor	challenge_SSA-MTE	hyp1	News	NaN	33.6493
51	52	en	yor	challenge_SSA-MTE	hyp1	News	NaN	4.9900
52	53	en	yor	challenge_SSA-MTE	hyp1	News	NaN	18.5751
53	54	en	yor	challenge_SSA-MTE	hyp1	News	NaN	4.9900
54	55	en	yor	challenge_SSA-MTE	hyp1	News	NaN	10.5527
55	56	en	yor	challenge_SSA-MTE	hyp1	News	NaN	5.6698
56	57	en	yor	challenge_SSA-MTE	hyp1	News	NaN	18.5751
57	58	en	yor	challenge_SSA-MTE	hyp1	News	NaN	17.4447
58	59	en	yor	challenge_SSA-MTE	hyp1	News	NaN	12.0146
59	60	en	yor	challenge_SSA-MTE	hyp1	News	NaN	5.8473
60	61	en	yor	challenge_SSA-MTE	hyp1	News	NaN	17.4447
61	62	en	yor	challenge_SSA-MTE	hyp1	News	NaN	6.9630
62	63	en	yor	challenge_SSA-MTE	hyp1	News	NaN	7.6954
63	64	en	yor	challenge_SSA-MTE	hyp1	News	NaN	6.8180
64	65	en	yor	challenge_SSA-MTE	hyp1	News	NaN	3.2186
65	66	en	yor	challenge_SSA-MTE	hyp1	News	NaN	9.1035
66	67	en	yor	challenge_SSA-MTE	hyp1	News	NaN	6.7861
67	68	en	yor	challenge_SSA-MTE	hyp1	News	NaN	7.2091
68	69	en	yor	challenge_SSA-MTE	hyp1	News	NaN	37.7006
69	70	en	yor	challenge_SSA-MTE	hyp1	News	NaN	29.8995
70	71	en	yor	challenge_SSA-MTE	hyp1	News	NaN	6.6990
71	72	en	yor	challenge_SSA-MTE	hyp1	News	NaN	24.9033
72	73	en	yor	challenge_SSA-MTE	hyp1	News	NaN	13.6884
73	74	en	yor	challenge_SSA-MTE	hyp1	News	NaN	28.9178
74	75	en	yor	challenge_SSA-MTE	hyp1	News	NaN	49.3287
75	76	en	yor	challenge_SSA-MTE	hyp1	News	NaN	28.0516
76	77	en	yor	challenge_SSA-MTE	hyp1	News	NaN	29.7661
77	78	en	yor	challenge_SSA-MTE	hyp1	News	NaN	29.7881
78	79	en	yor	challenge_SSA-MTE	hyp1	News	NaN	28.8898
79	80	en	yor	challenge_SSA-MTE	hyp1	News	NaN	4.1411
80	81	en	yor	challenge_SSA-MTE	hyp1	News	NaN	32.7948
81	82	en	yor	challenge_SSA-MTE	hyp1	News	NaN	28.0395
82	83	en	yor	challenge_SSA-MTE	hyp1	News	NaN	8.2260
83	84	en	yor	challenge_SSA-MTE	hyp1	News	NaN	30.1814
84	85	en	yor	challenge_SSA-MTE	hyp1	News	NaN	2.6086
85	86	en	yor	challenge_SSA-MTE	hyp1	News	NaN	30.1304
86	87	en	yor	challenge_SSA-MTE	hyp1	News	NaN	16.1706
87	88	en	yor	challenge_SSA-MTE	hyp1	News	NaN	12.9924
88	89	en	yor	challenge_SSA-MTE	hyp1	News	NaN	1.8334
89	90	en	yor	challenge_SSA-MTE	hyp1	News	NaN	17.0486
90	91	en	yor	challenge_SSA-MTE	hyp1	News	NaN	1.6069
91	92	en	yor	challenge_SSA-MTE	hyp1	News	NaN	44.7189
92	93	en	yor	challenge_SSA-MTE	hyp1	News	NaN	7.0210
93	94	en	yor	challenge_SSA-MTE	hyp1	News	NaN	5.6808
94	95	en	yor	challenge_SSA-MTE	hyp1	News	NaN	11.3266
95	96	en	yor	challenge_SSA-MTE	hyp1	News	NaN	6.9425
96	97	en	yor	challenge_SSA-MTE	hyp1	News	NaN	17.7271
97	98	en	yor	challenge_SSA-MTE	hyp1	News	NaN	11.1326
98	99	en	yor	challenge_SSA-MTE	hyp1	News	NaN	26.5816
99	100	en	yor	challenge_SSA-MTE	hyp1	News	NaN	3.4221
100	101	en	yor	challenge_SSA-MTE	hyp1	News	NaN	10.7117
101	102	en	yor	challenge_SSA-MTE	hyp1	News	NaN	3.6735
102	103	en	yor	challenge_SSA-MTE	hyp1	News	NaN	3.4162
103	104	en	yor	challenge_SSA-MTE	hyp1	News	NaN	13.0369
104	105	en	yor	challenge_SSA-MTE	hyp1	News	NaN	14.2961
105	106	en	yor	challenge_SSA-MTE	hyp1	News	NaN	3.0236
106	107	en	yor	challenge_SSA-MTE	hyp1	News	NaN	6.2561
107	108	en	yor	challenge_SSA-MTE	hyp1	News	NaN	2.6643
108	109	en	yor	challenge_SSA-MTE	hyp1	News	NaN	12.2430
109	110	en	yor	challenge_SSA-MTE	hyp1	News	NaN	4.0626
110	111	en	yor	challenge_SSA-MTE	hyp1	News	NaN	4.0272
111	112	en	yor	challenge_SSA-MTE	hyp1	News	NaN	3.0891
112	113	en	yor	challenge_SSA-MTE	hyp1	News	NaN	3.4221
113	114	en	yor	challenge_SSA-MTE	hyp1	News	NaN	4.0696
114	115	en	yor	challenge_SSA-MTE	hyp1	News	NaN	0.0000
115	116	en	yor	challenge_SSA-MTE	hyp1	News	NaN	51.7680
116	117	en	yor	challenge_SSA-MTE	hyp1	News	NaN	15.8512
117	118	en	yor	challenge_SSA-MTE	hyp1	News	NaN	8.4499
118	119	en	yor	challenge_SSA-MTE	hyp1	News	NaN	7.7686
119	120	en	yor	challenge_SSA-MTE	hyp1	News	NaN	6.6090
120	121	en	yor	challenge_SSA-MTE	hyp1	News	NaN	4.4569
121	122	en	yor	challenge_SSA-MTE	hyp1	News	NaN	1.5784
122	123	en	yor	challenge_SSA-MTE	hyp1	News	NaN	4.0654
123	124	en	yor	challenge_SSA-MTE	hyp1	News	NaN	7.4956
124	125	en	yor	challenge_SSA-MTE	hyp1	News	NaN	14.8660
125	126	en	yor	challenge_SSA-MTE	hyp1	News	NaN	5.6332
126	127	en	yor	challenge_SSA-MTE	hyp1	News	NaN	3.0266
127	128	en	yor	challenge_SSA-MTE	hyp1	News	NaN	12.9532
128	129	en	yor	challenge_SSA-MTE	hyp1	News	NaN	5.4179
129	130	en	yor	challenge_SSA-MTE	hyp1	News	NaN	7.9665
130	131	en	yor	challenge_SSA-MTE	hyp1	News	NaN	7.4956
131	132	en	yor	challenge_SSA-MTE	hyp1	News	NaN	7.4956
132	133	en	yor	challenge_SSA-MTE	hyp1	News	NaN	4.0272
133	134	en	yor	challenge_SSA-MTE	hyp1	News	NaN	13.6744
134	135	en	yor	challenge_SSA-MTE	hyp1	News	NaN	7.6040
135	136	en	yor	challenge_SSA-MTE	hyp1	News	NaN	7.6040
136	137	en	yor	challenge_SSA-MTE	hyp1	News	NaN	20.5711
137	138	en	yor	challenge_SSA-MTE	hyp1	News	NaN	3.2526
138	139	en	yor	challenge_SSA-MTE	hyp1	News	NaN	3.2342
139	140	en	yor	challenge_SSA-MTE	hyp1	News	NaN	6.0472
140	141	en	yor	challenge_SSA-MTE	hyp1	News	NaN	3.0236
141	142	en	yor	challenge_SSA-MTE	hyp1	News	NaN	18.2957
142	143	en	yor	challenge_SSA-MTE	hyp1	News	NaN	14.2879
143	144	en	yor	challenge_SSA-MTE	hyp1	News	NaN	3.2355
144	145	en	yor	challenge_SSA-MTE	hyp1	News	NaN	2.9276
145	146	en	yor	challenge_SSA-MTE	hyp1	News	NaN	6.1676
146	147	en	yor	challenge_SSA-MTE	hyp1	News	NaN	3.2399
147	148	en	yor	challenge_SSA-MTE	hyp1	News	NaN	16.4982
148	149	en	yor	challenge_SSA-MTE	hyp1	News	NaN	6.9172
149	150	en	yor	challenge_SSA-MTE	hyp1	News	NaN	30.6205
150	151	en	yor	challenge_SSA-MTE	hyp1	News	NaN	2.5540
151	152	en	yor	challenge_SSA-MTE	hyp1	News	NaN	7.6551
152	153	en	yor	challenge_SSA-MTE	hyp1	News	NaN	28.9779
153	154	en	yor	challenge_SSA-MTE	hyp1	News	NaN	28.7879
154	155	en	yor	challenge_SSA-MTE	hyp1	News	NaN	15.9094
155	156	en	yor	challenge_SSA-MTE	hyp1	News	NaN	42.4818
156	157	en	yor	challenge_SSA-MTE	hyp1	News	NaN	38.3867
157	158	en	yor	challenge_SSA-MTE	hyp1	News	NaN	43.2423
158	159	en	yor	challenge_SSA-MTE	hyp1	News	NaN	57.6084
159	160	en	yor	challenge_SSA-MTE	hyp1	News	NaN	14.0258
160	161	en	yor	challenge_SSA-MTE	hyp1	News	NaN	2.6280
161	162	en	yor	challenge_SSA-MTE	hyp1	News	NaN	14.2478
162	163	en	yor	challenge_SSA-MTE	hyp1	News	NaN	3.3772
163	164	en	yor	challenge_SSA-MTE	hyp1	News	NaN	3.1157
164	165	en	yor	challenge_SSA-MTE	hyp1	News	NaN	3.7374
165	166	en	yor	challenge_SSA-MTE	hyp1	News	NaN	3.4586
166	167	en	yor	challenge_SSA-MTE	hyp1	News	NaN	1.7912
167	168	en	yor	challenge_SSA-MTE	hyp1	News	NaN	4.8999
168	169	en	yor	challenge_SSA-MTE	hyp1	News	NaN	3.7374
169	170	en	yor	challenge_SSA-MTE	hyp1	News	NaN	3.7165
170	171	en	yor	challenge_SSA-MTE	hyp1	News	NaN	7.4820
171	172	en	yor	challenge_SSA-MTE	hyp1	News	NaN	7.1586
172	173	en	yor	challenge_SSA-MTE	hyp1	News	NaN	0.0000
173	174	en	yor	challenge_SSA-MTE	hyp1	News	NaN	10.3074
174	175	en	yor	challenge_SSA-MTE	hyp1	News	NaN	2.5540
175	176	en	yor	challenge_SSA-MTE	hyp1	News	NaN	6.5858
176	177	en	yor	challenge_SSA-MTE	hyp1	News	NaN	16.8370
177	178	en	yor	challenge_SSA-MTE	hyp1	News	NaN	8.1631
178	179	en	yor	challenge_SSA-MTE	hyp1	News	NaN	3.2760
179	180	en	yor	challenge_SSA-MTE	hyp1	News	NaN	4.7276
180	181	en	yor	challenge_SSA-MTE	hyp1	News	NaN	3.0982
181	182	en	yor	challenge_SSA-MTE	hyp1	News	NaN	10.6589
182	183	en	yor	challenge_SSA-MTE	hyp1	News	NaN	3.0373
183	184	en	yor	challenge_SSA-MTE	hyp1	News	NaN	3.4798
184	185	en	yor	challenge_SSA-MTE	hyp1	News	NaN	2.6643
185	186	en	yor	challenge_SSA-MTE	hyp1	News	NaN	10.5496
186	187	en	yor	challenge_SSA-MTE	hyp1	News	NaN	2.9083
187	188	en	yor	challenge_SSA-MTE	hyp1	News	NaN	3.0098
188	189	en	yor	challenge_SSA-MTE	hyp1	News	NaN	12.2104
189	190	en	yor	challenge_SSA-MTE	hyp1	News	NaN	8.6341
190	191	en	yor	challenge_SSA-MTE	hyp1	News	NaN	2.1410
191	192	en	yor	challenge_SSA-MTE	hyp1	News	NaN	8.2349
192	193	en	yor	challenge_SSA-MTE	hyp1	News	NaN	8.9321
193	194	en	yor	challenge_SSA-MTE	hyp1	News	NaN	22.2495
194	195	en	yor	challenge_SSA-MTE	hyp1	News	NaN	20.2421
195	196	en	yor	challenge_SSA-MTE	hyp1	News	NaN	3.4586
196	197	en	yor	challenge_SSA-MTE	hyp1	News	NaN	3.4798
197	198	en	yor	challenge_SSA-MTE	hyp1	News	NaN	10.5215
198	199	en	yor	challenge_SSA-MTE	hyp1	News	NaN	3.4586
199	200	en	yor	challenge_SSA-MTE	hyp1	News	NaN	27.8824
200	201	en	yor	challenge_SSA-MTE	hyp1	News	NaN	37.6369
201	202	en	yor	challenge_SSA-MTE	hyp1	News	NaN	12.7138
202	203	en	yor	challenge_SSA-MTE	hyp1	News	NaN	12.7216
203	204	en	yor	challenge_SSA-MTE	hyp1	News	NaN	30.9237
204	205	en	yor	challenge_SSA-MTE	hyp1	News	NaN	12.7216
205	206	en	yor	challenge_SSA-MTE	hyp1	News	NaN	28.8187
206	207	en	yor	challenge_SSA-MTE	hyp1	News	NaN	6.6406
207	208	en	yor	challenge_SSA-MTE	hyp1	News	NaN	3.0980
208	209	en	yor	challenge_SSA-MTE	hyp1	News	NaN	2.5293
209	210	en	yor	challenge_SSA-MTE	hyp1	News	NaN	6.8179
210	211	en	yor	challenge_SSA-MTE	hyp1	News	NaN	2.5293
211	212	en	yor	challenge_SSA-MTE	hyp1	News	NaN	5.5841
212	213	en	yor	challenge_SSA-MTE	hyp1	News	NaN	13.9453
213	214	en	yor	challenge_SSA-MTE	hyp1	News	NaN	15.5934
214	215	en	yor	challenge_SSA-MTE	hyp1	News	NaN	5.0988
215	216	en	yor	challenge_SSA-MTE	hyp1	News	NaN	8.6875
216	217	en	yor	challenge_SSA-MTE	hyp1	News	NaN	9.0001
217	218	en	yor	challenge_SSA-MTE	hyp1	News	NaN	18.0033
218	219	en	yor	challenge_SSA-MTE	hyp1	News	NaN	21.6904
219	220	en	yor	challenge_SSA-MTE	hyp1	News	NaN	11.7281
220	221	en	yor	challenge_SSA-MTE	hyp1	News	NaN	2.7110
221	222	en	yor	challenge_SSA-MTE	hyp1	News	NaN	5.2902
222	223	en	yor	challenge_SSA-MTE	hyp1	News	NaN	2.5229
223	224	en	yor	challenge_SSA-MTE	hyp1	News	NaN	14.7940
224	225	en	yor	challenge_SSA-MTE	hyp1	News	NaN	6.0196
225	226	en	yor	challenge_SSA-MTE	hyp1	News	NaN	6.2561
226	227	en	yor	challenge_SSA-MTE	hyp1	News	NaN	3.0098
227	228	en	yor	challenge_SSA-MTE	hyp1	News	NaN	5.3569
228	229	en	yor	challenge_SSA-MTE	hyp1	News	NaN	6.1503
229	230	en	yor	challenge_SSA-MTE	hyp1	News	NaN	6.0196
230	231	en	yor	challenge_SSA-MTE	hyp1	News	NaN	40.5922
231	232	en	yor	challenge_SSA-MTE	hyp1	News	NaN	20.9734
232	233	en	yor	challenge_SSA-MTE	hyp1	News	NaN	0.0000
233	234	en	yor	challenge_SSA-MTE	hyp1	News	NaN	49.6158
234	235	en	yor	challenge_SSA-MTE	hyp1	News	NaN	16.4670
235	236	en	yor	challenge_SSA-MTE	hyp1	News	NaN	13.0766
236	237	en	yor	challenge_SSA-MTE	hyp1	News	NaN	24.0043
237	238	en	yor	challenge_SSA-MTE	hyp1	News	NaN	3.9592
238	239	en	yor	challenge_SSA-MTE	hyp1	News	NaN	10.9001
239	240	en	yor	challenge_SSA-MTE	hyp1	News	NaN	2.4038
240	241	en	yor	challenge_SSA-MTE	hyp1	News	NaN	1.5560
241	242	en	yor	challenge_SSA-MTE	hyp1	News	NaN	32.1553
242	243	en	yor	challenge_SSA-MTE	hyp1	News	NaN	20.3334
243	244	en	yor	challenge_SSA-MTE	hyp1	News	NaN	9.3051
244	245	en	yor	challenge_SSA-MTE	hyp1	News	NaN	3.3930
245	246	en	yor	challenge_SSA-MTE	hyp1	News	NaN	8.4931
246	247	en	yor	challenge_SSA-MTE	hyp1	News	NaN	6.7543
247	248	en	yor	challenge_SSA-MTE	hyp1	News	NaN	3.7644
248	249	en	yor	challenge_SSA-MTE	hyp1	News	NaN	4.1411
249	250	en	yor	challenge_SSA-MTE	hyp1	News	NaN	3.9164
250	251	en	yor	challenge_SSA-MTE	hyp1	News	NaN	1.3354
251	252	en	yor	challenge_SSA-MTE	hyp1	News	NaN	8.5298
252	253	en	yor	challenge_SSA-MTE	hyp1	News	NaN	2.3901
253	254	en	yor	challenge_SSA-MTE	hyp1	News	NaN	19.1248
254	255	en	yor	challenge_SSA-MTE	hyp1	News	NaN	20.3905
255	256	en	yor	challenge_SSA-MTE	hyp1	News	NaN	20.3779
256	257	en	yor	challenge_SSA-MTE	hyp1	News	NaN	4.5300
257	258	en	yor	challenge_SSA-MTE	hyp1	News	NaN	7.3677
258	259	en	yor	challenge_SSA-MTE	hyp1	News	NaN	4.7355
259	260	en	yor	challenge_SSA-MTE	hyp1	News	NaN	13.3067
260	261	en	yor	challenge_SSA-MTE	hyp1	News	NaN	24.1259
261	262	en	yor	challenge_SSA-MTE	hyp1	News	NaN	21.7930
262	263	en	yor	challenge_SSA-MTE	hyp1	News	NaN	1.7042
263	264	en	yor	challenge_SSA-MTE	hyp1	News	NaN	2.4499
264	265	en	yor	challenge_SSA-MTE	hyp1	News	NaN	1.7288
265	266	en	yor	challenge_SSA-MTE	hyp1	News	NaN	15.4488
266	267	en	yor	challenge_SSA-MTE	hyp1	News	NaN	24.7076
267	268	en	yor	challenge_SSA-MTE	hyp1	News	NaN	23.0809
268	269	en	yor	challenge_SSA-MTE	hyp1	News	NaN	4.7355
269	270	en	yor	challenge_SSA-MTE	hyp1	News	NaN	14.6105
270	271	en	yor	challenge_SSA-MTE	hyp1	News	NaN	2.7110
271	272	en	yor	challenge_SSA-MTE	hyp1	News	NaN	18.5287
272	273	en	yor	challenge_SSA-MTE	hyp1	News	NaN	58.8340
273	274	en	yor	challenge_SSA-MTE	hyp1	News	NaN	9.9177
274	275	en	yor	challenge_SSA-MTE	hyp1	News	NaN	10.1701
275	276	en	yor	challenge_SSA-MTE	hyp1	News	NaN	12.0943
276	277	en	yor	challenge_SSA-MTE	hyp1	News	NaN	9.6726
277	278	en	yor	challenge_SSA-MTE	hyp1	News	NaN	45.9301
278	279	en	yor	challenge_SSA-MTE	hyp1	News	NaN	14.7641
279	280	en	yor	challenge_SSA-MTE	hyp1	News	NaN	13.4798
280	281	en	yor	challenge_SSA-MTE	hyp1	News	NaN	1.5560
281	282	en	yor	challenge_SSA-MTE	hyp1	News	NaN	1.3379
282	283	en	yor	challenge_SSA-MTE	hyp1	News	NaN	1.5151
283	284	en	yor	challenge_SSA-MTE	hyp1	News	NaN	5.4615
284	285	en	yor	challenge_SSA-MTE	hyp1	News	NaN	7.8320
285	286	en	yor	challenge_SSA-MTE	hyp1	News	NaN	2.2841
286	287	en	yor	challenge_SSA-MTE	hyp1	News	NaN	1.3354
287	288	en	yor	challenge_SSA-MTE	hyp1	News	NaN	2.9172
288	289	en	yor	challenge_SSA-MTE	hyp1	News	NaN	1.7272
289	290	en	yor	challenge_SSA-MTE	hyp1	News	NaN	6.2285
290	291	en	yor	challenge_SSA-MTE	hyp1	News	NaN	36.9233
291	292	en	yor	challenge_SSA-MTE	hyp1	News	NaN	16.5427
292	293	en	yor	challenge_SSA-MTE	hyp1	News	NaN	5.6808
293	294	en	yor	challenge_SSA-MTE	hyp1	News	NaN	5.4110
294	295	en	yor	challenge_SSA-MTE	hyp1	News	NaN	32.6248
295	296	en	yor	challenge_SSA-MTE	hyp1	News	NaN	45.8303
296	297	en	yor	challenge_SSA-MTE	hyp1	News	NaN	3.2342
297	298	en	yor	challenge_SSA-MTE	hyp1	News	NaN	3.0098
298	299	en	yor	challenge_SSA-MTE	hyp1	News	NaN	5.8751
299	300	en	yor	challenge_SSA-MTE	hyp1	News	NaN	3.0098
300	301	en	yor	challenge_SSA-MTE	hyp1	News	NaN	45.8303
301	302	en	yor	challenge_SSA-MTE	hyp1	News	NaN	7.5757
302	303	en	yor	challenge_SSA-MTE	hyp1	News	NaN	12.6835
303	304	en	yor	challenge_SSA-MTE	hyp1	News	NaN	2.0593
304	305	en	yor	challenge_SSA-MTE	hyp1	News	NaN	4.9359
305	306	en	yor	challenge_SSA-MTE	hyp1	News	NaN	2.0602
306	307	en	yor	challenge_SSA-MTE	hyp1	News	NaN	4.7967
307	308	en	yor	challenge_SSA-MTE	hyp1	News	NaN	6.3418
308	309	en	yor	challenge_SSA-MTE	hyp1	News	NaN	9.1419
309	310	en	yor	challenge_SSA-MTE	hyp1	News	NaN	2.7077
310	311	en	yor	challenge_SSA-MTE	hyp1	News	NaN	6.9804
311	312	en	yor	challenge_SSA-MTE	hyp1	News	NaN	2.3287
312	313	en	yor	challenge_SSA-MTE	hyp1	News	NaN	2.5683
313	314	en	yor	challenge_SSA-MTE	hyp1	News	NaN	9.0014
314	315	en	yor	challenge_SSA-MTE	hyp1	News	NaN	5.4393
315	316	en	yor	challenge_SSA-MTE	hyp1	News	NaN	5.4393
316	317	en	yor	challenge_SSA-MTE	hyp1	News	NaN	2.4623
317	318	en	yor	challenge_SSA-MTE	hyp1	News	NaN	5.4642
318	319	en	yor	challenge_SSA-MTE	hyp1	News	NaN	7.2239
319	320	en	yor	challenge_SSA-MTE	hyp1	News	NaN	2.0194
320	321	en	yor	challenge_SSA-MTE	hyp1	News	NaN	1.7934
321	322	en	yor	challenge_SSA-MTE	hyp1	News	NaN	2.1348
322	323	en	yor	challenge_SSA-MTE	hyp1	News	NaN	2.4330
323	324	en	yor	challenge_SSA-MTE	hyp1	News	NaN	2.1301
324	325	en	yor	challenge_SSA-MTE	hyp1	News	NaN	1.9624
325	326	en	yor	challenge_SSA-MTE	hyp1	News	NaN	5.8565
326	327	en	yor	challenge_SSA-MTE	hyp1	News	NaN	2.2752
327	328	en	yor	challenge_SSA-MTE	hyp1	News	NaN	2.2732
328	329	en	yor	challenge_SSA-MTE	hyp1	News	NaN	6.1435
329	330	en	yor	challenge_SSA-MTE	hyp1	News	NaN	2.2800
330	331	en	yor	challenge_SSA-MTE	hyp1	News	NaN	3.8482
331	332	en	yor	challenge_SSA-MTE	hyp1	News	NaN	5.0645
332	333	en	yor	challenge_SSA-MTE	hyp1	News	NaN	10.0869
333	334	en	yor	challenge_SSA-MTE	hyp1	News	NaN	8.8165
334	335	en	yor	challenge_SSA-MTE	hyp1	News	NaN	3.3789
335	336	en	yor	challenge_SSA-MTE	hyp1	News	NaN	11.2665
336	337	en	yor	challenge_SSA-MTE	hyp1	News	NaN	5.1193
337	338	en	yor	challenge_SSA-MTE	hyp1	News	NaN	2.5643
338	339	en	yor	challenge_SSA-MTE	hyp1	News	NaN	2.4075
339	340	en	yor	challenge_SSA-MTE	hyp1	News	NaN	2.2769
340	341	en	yor	challenge_SSA-MTE	hyp1	News	NaN	0.0870
341	342	en	yor	challenge_SSA-MTE	hyp1	News	NaN	2.4075
342	343	en	yor	challenge_SSA-MTE	hyp1	News	NaN	26.8017
343	344	en	yor	challenge_SSA-MTE	hyp1	News	NaN	3.6347
344	345	en	yor	challenge_SSA-MTE	hyp1	News	NaN	7.3680
345	346	en	yor	challenge_SSA-MTE	hyp1	News	NaN	3.6403
346	347	en	yor	challenge_SSA-MTE	hyp1	News	NaN	9.8122
347	348	en	yor	challenge_SSA-MTE	hyp1	News	NaN	3.6347
348	349	en	yor	challenge_SSA-MTE	hyp1	News	NaN	12.1047
349	350	en	yor	challenge_SSA-MTE	hyp1	News	NaN	15.9317
350	351	en	yor	challenge_SSA-MTE	hyp1	News	NaN	15.0834
351	352	en	yor	challenge_SSA-MTE	hyp1	News	NaN	6.8805
352	353	en	yor	challenge_SSA-MTE	hyp1	News	NaN	5.8332
353	354	en	yor	challenge_SSA-MTE	hyp1	News	NaN	3.9009
354	355	en	yor	challenge_SSA-MTE	hyp1	News	NaN	30.9418
355	356	en	yor	challenge_SSA-MTE	hyp1	News	NaN	14.9628
356	357	en	yor	challenge_SSA-MTE	hyp1	News	NaN	6.3593
357	358	en	yor	challenge_SSA-MTE	hyp1	News	NaN	5.3475
358	359	en	yor	challenge_SSA-MTE	hyp1	News	NaN	14.7474
359	360	en	yor	challenge_SSA-MTE	hyp1	News	NaN	6.3369
360	361	en	yor	challenge_SSA-MTE	hyp1	News	NaN	41.8609
361	362	en	yor	challenge_SSA-MTE	hyp1	News	NaN	65.3392
362	363	en	yor	challenge_SSA-MTE	hyp1	News	NaN	40.9027
363	364	en	yor	challenge_SSA-MTE	hyp1	News	NaN	7.1481
364	365	en	yor	challenge_SSA-MTE	hyp1	News	NaN	19.7752
365	366	en	yor	challenge_SSA-MTE	hyp1	News	NaN	43.0071
366	367	en	yor	challenge_SSA-MTE	hyp1	News	NaN	68.9156
367	368	en	yor	challenge_SSA-MTE	hyp1	News	NaN	9.5072
368	369	en	yor	challenge_SSA-MTE	hyp1	News	NaN	1.9146
369	370	en	yor	challenge_SSA-MTE	hyp1	News	NaN	1.2867
370	371	en	yor	challenge_SSA-MTE	hyp1	News	NaN	1.7179
371	372	en	yor	challenge_SSA-MTE	hyp1	News	NaN	2.8265
372	373	en	yor	challenge_SSA-MTE	hyp1	News	NaN	5.8229
373	374	en	yor	challenge_SSA-MTE	hyp1	News	NaN	4.8978
374	375	en	yor	challenge_SSA-MTE	hyp1	News	NaN	4.8853
375	376	en	yor	challenge_SSA-MTE	hyp1	News	NaN	7.1285
376	377	en	yor	challenge_SSA-MTE	hyp1	News	NaN	4.1117
377	378	en	yor	challenge_SSA-MTE	hyp1	News	NaN	29.9638
378	379	en	yor	challenge_SSA-MTE	hyp1	News	NaN	48.8510
379	380	en	yor	challenge_SSA-MTE	hyp1	News	NaN	8.7749
380	381	en	yor	challenge_SSA-MTE	hyp1	News	NaN	4.3143
381	382	en	yor	challenge_SSA-MTE	hyp1	News	NaN	36.9621
382	383	en	yor	challenge_SSA-MTE	hyp1	News	NaN	9.1882
383	384	en	yor	challenge_SSA-MTE	hyp1	News	NaN	31.6492
384	385	en	yor	challenge_SSA-MTE	hyp1	News	NaN	4.2250
385	386	en	yor	challenge_SSA-MTE	hyp1	News	NaN	4.4645
386	387	en	yor	challenge_SSA-MTE	hyp1	News	NaN	5.7721
387	388	en	yor	challenge_SSA-MTE	hyp1	News	NaN	8.0965
388	389	en	yor	challenge_SSA-MTE	hyp1	News	NaN	1.4571
389	390	en	yor	challenge_SSA-MTE	hyp1	News	NaN	11.3702
390	391	en	yor	challenge_SSA-MTE	hyp1	News	NaN	39.6451
391	392	en	yor	challenge_SSA-MTE	hyp1	News	NaN	2.3350
392	393	en	yor	challenge_SSA-MTE	hyp1	News	NaN	2.3195
393	394	en	yor	challenge_SSA-MTE	hyp1	News	NaN	29.6152
394	395	en	yor	challenge_SSA-MTE	hyp1	News	NaN	2.1147
395	396	en	yor	challenge_SSA-MTE	hyp1	News	NaN	30.9014
396	397	en	yor	challenge_SSA-MTE	hyp1	News	NaN	4.2175
397	398	en	yor	challenge_SSA-MTE	hyp1	News	NaN	3.9512
398	399	en	yor	challenge_SSA-MTE	hyp1	News	NaN	1.6045
399	400	en	yor	challenge_SSA-MTE	hyp1	News	NaN	15.6388
400	401	en	yor	challenge_SSA-MTE	hyp1	News	NaN	3.9668
401	402	en	yor	challenge_SSA-MTE	hyp1	News	NaN	23.7658
402	403	en	yor	challenge_SSA-MTE	hyp1	News	NaN	2.2841
403	404	en	yor	challenge_SSA-MTE	hyp1	News	NaN	1.9582
404	405	en	yor	challenge_SSA-MTE	hyp1	News	NaN	3.0078
405	406	en	yor	challenge_SSA-MTE	hyp1	News	NaN	2.2841
406	407	en	yor	challenge_SSA-MTE	hyp1	News	NaN	7.1539
407	408	en	yor	challenge_SSA-MTE	hyp1	News	NaN	1.8749
408	409	en	yor	challenge_SSA-MTE	hyp1	News	NaN	11.1883
409	410	en	yor	challenge_SSA-MTE	hyp1	News	NaN	1.5675
410	411	en	yor	challenge_SSA-MTE	hyp1	News	NaN	2.5803
411	412	en	yor	challenge_SSA-MTE	hyp1	News	NaN	1.7179
412	413	en	yor	challenge_SSA-MTE	hyp1	News	NaN	1.5733
413	414	en	yor	challenge_SSA-MTE	hyp1	News	NaN	46.8362
414	415	en	yor	challenge_SSA-MTE	hyp1	News	NaN	43.9371
415	416	en	yor	challenge_SSA-MTE	hyp1	News	NaN	33.3850
416	417	en	yor	challenge_SSA-MTE	hyp1	News	NaN	37.6374
417	418	en	yor	challenge_SSA-MTE	hyp1	News	NaN	35.0183
418	419	en	yor	challenge_SSA-MTE	hyp1	News	NaN	57.1439
419	420	en	yor	challenge_SSA-MTE	hyp1	News	NaN	24.0432
420	421	en	yor	challenge_SSA-MTE	hyp1	News	NaN	2.2250
421	422	en	yor	challenge_SSA-MTE	hyp1	News	NaN	2.1671
422	423	en	yor	challenge_SSA-MTE	hyp1	News	NaN	9.5925
423	424	en	yor	challenge_SSA-MTE	hyp1	News	NaN	2.5756
424	425	en	yor	challenge_SSA-MTE	hyp1	News	NaN	24.7055
425	426	en	yor	challenge_SSA-MTE	hyp1	News	NaN	10.0156
426	427	en	yor	challenge_SSA-MTE	hyp1	News	NaN	3.5163
427	428	en	yor	challenge_SSA-MTE	hyp1	News	NaN	2.1688
428	429	en	yor	challenge_SSA-MTE	hyp1	News	NaN	8.8490
429	430	en	yor	challenge_SSA-MTE	hyp1	News	NaN	1.6505
430	431	en	yor	challenge_SSA-MTE	hyp1	News	NaN	10.9001
431	432	en	yor	challenge_SSA-MTE	hyp1	News	NaN	2.3305
432	433	en	yor	challenge_SSA-MTE	hyp1	News	NaN	2.3341
433	434	en	yor	challenge_SSA-MTE	hyp1	News	NaN	17.2133
434	435	en	yor	challenge_SSA-MTE	hyp1	News	NaN	3.7905
435	436	en	yor	challenge_SSA-MTE	hyp1	News	NaN	2.1640
436	437	en	yor	challenge_SSA-MTE	hyp1	News	NaN	4.5240
437	438	en	yor	challenge_SSA-MTE	hyp1	News	NaN	2.2649
438	439	en	yor	challenge_SSA-MTE	hyp1	News	NaN	11.8649
439	440	en	yor	challenge_SSA-MTE	hyp1	News	NaN	25.4816
440	441	en	yor	challenge_SSA-MTE	hyp1	News	NaN	2.4427
441	442	en	yor	challenge_SSA-MTE	hyp1	News	NaN	2.7157
442	443	en	yor	challenge_SSA-MTE	hyp1	News	NaN	1.8197
443	444	en	yor	challenge_SSA-MTE	hyp1	News	NaN	2.5683
444	445	en	yor	challenge_SSA-MTE	hyp1	News	NaN	5.8097
445	446	en	yor	challenge_SSA-MTE	hyp1	News	NaN	3.6644
446	447	en	yor	challenge_SSA-MTE	hyp1	News	NaN	6.3520
447	448	en	yor	challenge_SSA-MTE	hyp1	News	NaN	1.6423
448	449	en	yor	challenge_SSA-MTE	hyp1	News	NaN	8.8336
449	450	en	yor	challenge_SSA-MTE	hyp1	News	NaN	3.3734
450	451	en	yor	challenge_SSA-MTE	hyp1	News	NaN	4.2718
451	452	en	yor	challenge_SSA-MTE	hyp1	News	NaN	18.3741
452	453	en	yor	challenge_SSA-MTE	hyp1	News	NaN	1.9597
453	454	en	yor	challenge_SSA-MTE	hyp1	News	NaN	2.1688
454	455	en	yor	challenge_SSA-MTE	hyp1	News	NaN	6.0324
455	456	en	yor	challenge_SSA-MTE	hyp1	News	NaN	2.1688
456	457	en	yor	challenge_SSA-MTE	hyp1	News	NaN	1.9597
457	458	en	yor	challenge_SSA-MTE	hyp1	News	NaN	4.1507
458	459	en	yor	challenge_SSA-MTE	hyp1	News	NaN	4.1523
459	460	en	yor	challenge_SSA-MTE	hyp1	News	NaN	3.9255
460	461	en	yor	challenge_SSA-MTE	hyp1	News	NaN	3.3789
461	462	en	yor	challenge_SSA-MTE	hyp1	News	NaN	3.6545
462	463	en	yor	challenge_SSA-MTE	hyp1	News	NaN	15.2880
463	464	en	yor	challenge_SSA-MTE	hyp1	News	NaN	12.8799
464	465	en	yor	challenge_SSA-MTE	hyp1	News	NaN	17.9765
465	466	en	yor	challenge_SSA-MTE	hyp1	News	NaN	1.2415
466	467	en	yor	challenge_SSA-MTE	hyp1	News	NaN	4.0341
467	468	en	yor	challenge_SSA-MTE	hyp1	News	NaN	2.5198
468	469	en	yor	challenge_SSA-MTE	hyp1	News	NaN	5.2902
469	470	en	yor	challenge_SSA-MTE	hyp1	News	NaN	29.1106
470	471	en	yor	challenge_SSA-MTE	hyp1	News	NaN	27.3951
471	472	en	yor	challenge_SSA-MTE	hyp1	News	NaN	10.4639
472	473	en	yor	challenge_SSA-MTE	hyp1	News	NaN	10.7101
473	474	en	yor	challenge_SSA-MTE	hyp1	News	NaN	10.4639
474	475	en	yor	challenge_SSA-MTE	hyp1	News	NaN	27.4706
475	476	en	yor	challenge_SSA-MTE	hyp1	News	NaN	14.7454
476	477	en	yor	challenge_SSA-MTE	hyp1	News	NaN	26.8532
477	478	en	yor	challenge_SSA-MTE	hyp1	News	NaN	2.0762
478	479	en	yor	challenge_SSA-MTE	hyp1	News	NaN	3.3493
479	480	en	yor	challenge_SSA-MTE	hyp1	News	NaN	1.9635
480	481	en	yor	challenge_SSA-MTE	hyp1	News	NaN	30.1860
481	482	en	yor	challenge_SSA-MTE	hyp1	News	NaN	26.5181
482	483	en	yor	challenge_SSA-MTE	hyp1	News	NaN	27.0466
483	484	en	yor	challenge_SSA-MTE	hyp1	News	NaN	1.9756
484	485	en	yor	challenge_SSA-MTE	hyp1	News	NaN	13.9274
485	486	en	yor	challenge_SSA-MTE	hyp1	News	NaN	1.9624
486	487	en	yor	challenge_SSA-MTE	hyp1	News	NaN	21.2236
487	488	en	yor	challenge_SSA-MTE	hyp1	News	NaN	2.0935
488	489	en	yor	challenge_SSA-MTE	hyp1	News	NaN	1.9976
489	490	en	yor	challenge_SSA-MTE	hyp1	News	NaN	1.5904
490	491	en	yor	challenge_SSA-MTE	hyp1	News	NaN	5.0406
491	492	en	yor	challenge_SSA-MTE	hyp1	News	NaN	2.0935
492	493	en	yor	challenge_SSA-MTE	hyp1	News	NaN	12.7751
493	494	en	yor	challenge_SSA-MTE	hyp1	News	NaN	23.9854
494	495	en	yor	challenge_SSA-MTE	hyp1	News	NaN	11.9151
495	496	en	yor	challenge_SSA-MTE	hyp1	News	NaN	1.6425
496	497	en	yor	challenge_SSA-MTE	hyp1	News	NaN	13.3324
497	498	en	yor	challenge_SSA-MTE	hyp1	News	NaN	1.5283
498	499	en	yor	challenge_SSA-MTE	hyp1	News	NaN	27.8515
499	500	en	yor	challenge_SSA-MTE	hyp1	News	NaN	8.5287
500	501	en	yor	challenge_SSA-MTE	hyp1	News	NaN	6.9105
501	502	en	yor	challenge_SSA-MTE	hyp1	News	NaN	0.0000
502	503	en	yor	challenge_SSA-MTE	hyp1	News	NaN	5.7514
503	504	en	yor	challenge_SSA-MTE	hyp1	News	NaN	1.6505
504	505	en	yor	challenge_SSA-MTE	hyp1	News	NaN	4.0859
505	506	en	yor	challenge_SSA-MTE	hyp1	News	NaN	4.8675
506	507	en	yor	challenge_SSA-MTE	hyp1	News	NaN	16.5626
507	508	en	yor	challenge_SSA-MTE	hyp1	News	NaN	4.8614
508	509	en	yor	challenge_SSA-MTE	hyp1	News	NaN	9.0595
509	510	en	yor	challenge_SSA-MTE	hyp1	News	NaN	4.8590
510	511	en	yor	challenge_SSA-MTE	hyp1	News	NaN	14.3779
511	512	en	yor	challenge_SSA-MTE	hyp1	News	NaN	25.6242
512	513	en	yor	challenge_SSA-MTE	hyp1	News	NaN	44.4117
513	514	en	yor	challenge_SSA-MTE	hyp1	News	NaN	25.0371
514	515	en	yor	challenge_SSA-MTE	hyp1	News	NaN	25.0371
515	516	en	yor	challenge_SSA-MTE	hyp1	News	NaN	49.2728
516	517	en	yor	challenge_SSA-MTE	hyp1	News	NaN	7.6584
517	518	en	yor	challenge_SSA-MTE	hyp1	News	NaN	6.2911
518	519	en	yor	challenge_SSA-MTE	hyp1	News	NaN	0.0000
519	520	en	yor	challenge_SSA-MTE	hyp1	News	NaN	3.2678
520	521	en	yor	challenge_SSA-MTE	hyp1	News	NaN	8.0978
521	522	en	yor	challenge_SSA-MTE	hyp1	News	NaN	9.1478
522	523	en	yor	challenge_SSA-MTE	hyp1	News	NaN	13.5999
523	524	en	yor	challenge_SSA-MTE	hyp1	News	NaN	23.8120
524	525	en	yor	challenge_SSA-MTE	hyp1	News	NaN	0.5036
525	526	en	yor	challenge_SSA-MTE	hyp1	News	NaN	2.9867
526	527	en	yor	challenge_SSA-MTE	hyp1	News	NaN	1.9627
527	528	en	yor	challenge_SSA-MTE	hyp1	News	NaN	24.0218
528	529	en	yor	challenge_SSA-MTE	hyp1	News	NaN	9.5916
529	530	en	yor	challenge_SSA-MTE	hyp1	News	NaN	9.2811
530	531	en	yor	challenge_SSA-MTE	hyp1	News	NaN	12.1620
531	532	en	yor	challenge_SSA-MTE	hyp1	News	NaN	9.7553
532	533	en	yor	challenge_SSA-MTE	hyp1	News	NaN	9.6126
533	534	en	yor	challenge_SSA-MTE	hyp1	News	NaN	21.6559
534	535	en	yor	challenge_SSA-MTE	hyp1	News	NaN	6.7989
535	536	en	yor	challenge_SSA-MTE	hyp1	News	NaN	7.2398
536	537	en	yor	challenge_SSA-MTE	hyp1	News	NaN	5.0549
537	538	en	yor	challenge_SSA-MTE	hyp1	News	NaN	4.2683
538	539	en	yor	challenge_SSA-MTE	hyp1	News	NaN	46.8528
539	540	en	yor	challenge_SSA-MTE	hyp1	News	NaN	24.0026
540	541	en	yor	challenge_SSA-MTE	hyp1	News	NaN	15.0989
541	542	en	yor	challenge_SSA-MTE	hyp1	News	NaN	6.4418
542	543	en	yor	challenge_SSA-MTE	hyp1	News	NaN	13.7972
543	544	en	yor	challenge_SSA-MTE	hyp1	News	NaN	6.4418
544	545	en	yor	challenge_SSA-MTE	hyp1	News	NaN	10.1707
545	546	en	yor	challenge_SSA-MTE	hyp1	News	NaN	2.7693
546	547	en	yor	challenge_SSA-MTE	hyp1	News	NaN	9.6443
547	548	en	yor	challenge_SSA-MTE	hyp1	News	NaN	1.7272
548	549	en	yor	challenge_SSA-MTE	hyp1	News	NaN	3.7879
549	550	en	yor	challenge_SSA-MTE	hyp1	News	NaN	2.0244
550	551	en	yor	challenge_SSA-MTE	hyp1	News	NaN	3.1820
551	552	en	yor	challenge_SSA-MTE	hyp1	News	NaN	10.6295
552	553	en	yor	challenge_SSA-MTE	hyp1	News	NaN	3.0794
553	554	en	yor	challenge_SSA-MTE	hyp1	News	NaN	3.0037
554	555	en	yor	challenge_SSA-MTE	hyp1	News	NaN	15.8858
555	556	en	yor	challenge_SSA-MTE	hyp1	News	NaN	25.0119
556	557	en	yor	challenge_SSA-MTE	hyp1	News	NaN	38.8287
557	558	en	yor	challenge_SSA-MTE	hyp1	News	NaN	23.6064
558	559	en	yor	challenge_SSA-MTE	hyp1	News	NaN	29.6297
559	560	en	yor	challenge_SSA-MTE	hyp1	News	NaN	3.3972
560	561	en	yor	challenge_SSA-MTE	hyp1	News	NaN	4.0440
561	562	en	yor	challenge_SSA-MTE	hyp1	News	NaN	3.3882
562	563	en	yor	challenge_SSA-MTE	hyp1	News	NaN	35.5123
563	564	en	yor	challenge_SSA-MTE	hyp1	News	NaN	13.8019
564	565	en	yor	challenge_SSA-MTE	hyp1	News	NaN	3.2725
565	566	en	yor	challenge_SSA-MTE	hyp1	News	NaN	4.8921
566	567	en	yor	challenge_SSA-MTE	hyp1	News	NaN	3.2720
567	568	en	yor	challenge_SSA-MTE	hyp1	News	NaN	19.0596
568	569	en	yor	challenge_SSA-MTE	hyp1	News	NaN	46.7658
569	570	en	yor	challenge_SSA-MTE	hyp1	News	NaN	37.2553
570	571	en	yor	challenge_SSA-MTE	hyp1	News	NaN	3.9663
571	572	en	yor	challenge_SSA-MTE	hyp1	News	NaN	7.0660
572	573	en	yor	challenge_SSA-MTE	hyp1	News	NaN	8.4500
573	574	en	yor	challenge_SSA-MTE	hyp1	News	NaN	37.9542
574	575	en	yor	challenge_SSA-MTE	hyp1	News	NaN	9.5518
575	576	en	yor	challenge_SSA-MTE	hyp1	News	NaN	3.6589
576	577	en	yor	challenge_SSA-MTE	hyp1	News	NaN	8.5050
577	578	en	yor	challenge_SSA-MTE	hyp1	News	NaN	9.2165
578	579	en	yor	challenge_SSA-MTE	hyp1	News	NaN	15.8757
579	580	en	yor	challenge_SSA-MTE	hyp1	News	NaN	36.8809
580	581	en	yor	challenge_SSA-MTE	hyp1	News	NaN	1.3878
581	582	en	yor	challenge_SSA-MTE	hyp1	News	NaN	13.8412
582	583	en	yor	challenge_SSA-MTE	hyp1	News	NaN	7.8329
583	584	en	yor	challenge_SSA-MTE	hyp1	News	NaN	49.3802
584	585	en	yor	challenge_SSA-MTE	hyp1	News	NaN	25.0552
585	586	en	yor	challenge_SSA-MTE	hyp1	News	NaN	19.9657
586	587	en	yor	challenge_SSA-MTE	hyp1	News	NaN	4.3225
587	588	en	yor	challenge_SSA-MTE	hyp1	News	NaN	6.7177
588	589	en	yor	challenge_SSA-MTE	hyp1	News	NaN	19.9240
589	590	en	yor	challenge_SSA-MTE	hyp1	News	NaN	4.8075
590	591	en	yor	challenge_SSA-MTE	hyp1	News	NaN	22.5495
591	592	en	yor	challenge_SSA-MTE	hyp1	News	NaN	1.8151
592	593	en	yor	challenge_SSA-MTE	hyp1	News	NaN	1.8203
593	594	en	yor	challenge_SSA-MTE	hyp1	News	NaN	5.0662
594	595	en	yor	challenge_SSA-MTE	hyp1	News	NaN	1.8151
595	596	en	yor	challenge_SSA-MTE	hyp1	News	NaN	10.7885
596	597	en	yor	challenge_SSA-MTE	hyp1	News	NaN	9.2316
597	598	en	yor	challenge_SSA-MTE	hyp1	News	NaN	23.7368
598	599	en	yor	challenge_SSA-MTE	hyp1	News	NaN	3.5844
599	600	en	yor	challenge_SSA-MTE	hyp1	News	NaN	10.4583
600	601	en	yor	challenge_SSA-MTE	hyp1	News	NaN	3.5823
601	602	en	yor	challenge_SSA-MTE	hyp1	News	NaN	24.4070
602	603	en	yor	challenge_SSA-MTE	hyp1	News	NaN	3.9164
603	604	en	yor	challenge_SSA-MTE	hyp1	News	NaN	10.8650
604	605	en	yor	challenge_SSA-MTE	hyp1	News	NaN	1.9582
605	606	en	yor	challenge_SSA-MTE	hyp1	News	NaN	20.0167
606	607	en	yor	challenge_SSA-MTE	hyp1	News	NaN	2.0706
607	608	en	yor	challenge_SSA-MTE	hyp1	News	NaN	4.1081
608	609	en	yor	challenge_SSA-MTE	hyp1	News	NaN	23.3078
609	610	en	yor	challenge_SSA-MTE	hyp1	News	NaN	31.6220
610	611	en	yor	challenge_SSA-MTE	hyp1	News	NaN	7.3062
611	612	en	yor	challenge_SSA-MTE	hyp1	News	NaN	25.0717
612	613	en	yor	challenge_SSA-MTE	hyp1	News	NaN	6.9645
613	614	en	yor	challenge_SSA-MTE	hyp1	News	NaN	19.6213
614	615	en	yor	challenge_SSA-MTE	hyp1	News	NaN	27.8642
615	616	en	yor	challenge_SSA-MTE	hyp1	News	NaN	1.1600
616	617	en	yor	challenge_SSA-MTE	hyp1	News	NaN	2.9556
617	618	en	yor	challenge_SSA-MTE	hyp1	News	NaN	10.5118
618	619	en	yor	challenge_SSA-MTE	hyp1	News	NaN	3.1543
619	620	en	yor	challenge_SSA-MTE	hyp1	News	NaN	3.3337
620	621	en	yor	challenge_SSA-MTE	hyp1	News	NaN	7.1857
621	622	en	yor	challenge_SSA-MTE	hyp1	News	NaN	6.4056
622	623	en	yor	challenge_SSA-MTE	hyp1	News	NaN	1.4452
623	624	en	yor	challenge_SSA-MTE	hyp1	News	NaN	3.5298
624	625	en	yor	challenge_SSA-MTE	hyp1	News	NaN	1.4623
625	626	en	yor	challenge_SSA-MTE	hyp1	News	NaN	9.0721
626	627	en	yor	challenge_SSA-MTE	hyp1	News	NaN	9.8558
627	628	en	yor	challenge_SSA-MTE	hyp1	News	NaN	3.1974
628	629	en	yor	challenge_SSA-MTE	hyp1	News	NaN	3.3337
629	630	en	yor	challenge_SSA-MTE	hyp1	News	NaN	14.4584
630	631	en	yor	challenge_SSA-MTE	hyp1	News	NaN	3.3337
631	632	en	yor	challenge_SSA-MTE	hyp1	News	NaN	17.8372
632	633	en	yor	challenge_SSA-MTE	hyp1	News	NaN	5.6214
633	634	en	yor	challenge_SSA-MTE	hyp1	News	NaN	22.1834
634	635	en	yor	challenge_SSA-MTE	hyp1	News	NaN	1.5593
635	636	en	yor	challenge_SSA-MTE	hyp1	News	NaN	4.6603
636	637	en	yor	challenge_SSA-MTE	hyp1	News	NaN	8.3071
637	638	en	yor	challenge_SSA-MTE	hyp1	News	NaN	3.1499
638	639	en	yor	challenge_SSA-MTE	hyp1	News	NaN	7.3307
639	640	en	yor	challenge_SSA-MTE	hyp1	News	NaN	1.7122
640	641	en	yor	challenge_SSA-MTE	hyp1	News	NaN	4.6876
641	642	en	yor	challenge_SSA-MTE	hyp1	News	NaN	3.2411
642	643	en	yor	challenge_SSA-MTE	hyp1	News	NaN	7.4173
643	644	en	yor	challenge_SSA-MTE	hyp1	News	NaN	8.7016
644	645	en	yor	challenge_SSA-MTE	hyp1	News	NaN	4.7551
645	646	en	yor	challenge_SSA-MTE	hyp1	News	NaN	3.1903
646	647	en	yor	challenge_SSA-MTE	hyp1	News	NaN	4.3171
647	648	en	yor	challenge_SSA-MTE	hyp1	News	NaN	7.7707
648	649	en	yor	challenge_SSA-MTE	hyp1	News	NaN	7.9416
649	650	en	yor	challenge_SSA-MTE	hyp1	News	NaN	17.3442
650	651	en	yor	challenge_SSA-MTE	hyp1	News	NaN	29.1322
651	652	en	yor	challenge_SSA-MTE	hyp1	News	NaN	20.2649
652	653	en	yor	challenge_SSA-MTE	hyp1	News	NaN	20.2649
653	654	en	yor	challenge_SSA-MTE	hyp1	News	NaN	6.6781
654	655	en	yor	challenge_SSA-MTE	hyp1	News	NaN	3.6221
655	656	en	yor	challenge_SSA-MTE	hyp1	News	NaN	3.4966
656	657	en	yor	challenge_SSA-MTE	hyp1	News	NaN	1.6934
657	658	en	yor	challenge_SSA-MTE	hyp1	News	NaN	26.6964
658	659	en	yor	challenge_SSA-MTE	hyp1	News	NaN	3.6221
659	660	en	yor	challenge_SSA-MTE	hyp1	News	NaN	14.9494
660	661	en	yor	challenge_SSA-MTE	hyp1	News	NaN	24.5523
661	662	en	yor	challenge_SSA-MTE	hyp1	News	NaN	23.3402
662	663	en	yor	challenge_SSA-MTE	hyp1	News	NaN	1.3495
663	664	en	yor	challenge_SSA-MTE	hyp1	News	NaN	10.2269
664	665	en	yor	challenge_SSA-MTE	hyp1	News	NaN	2.8049
665	666	en	yor	challenge_SSA-MTE	hyp1	News	NaN	17.4957
666	667	en	yor	challenge_SSA-MTE	hyp1	News	NaN	11.7129
667	668	en	yor	challenge_SSA-MTE	hyp1	News	NaN	4.9359
668	669	en	yor	challenge_SSA-MTE	hyp1	News	NaN	2.4448
669	670	en	yor	challenge_SSA-MTE	hyp1	News	NaN	9.1659
670	671	en	yor	challenge_SSA-MTE	hyp1	News	NaN	2.2633
671	672	en	yor	challenge_SSA-MTE	hyp1	News	NaN	13.6374
672	673	en	yor	challenge_SSA-MTE	hyp1	News	NaN	2.9208
673	674	en	yor	challenge_SSA-MTE	hyp1	News	NaN	3.0540
674	675	en	yor	challenge_SSA-MTE	hyp1	News	NaN	3.1772
675	676	en	yor	challenge_SSA-MTE	hyp1	News	NaN	4.4380
676	677	en	yor	challenge_SSA-MTE	hyp1	News	NaN	3.1140
677	678	en	yor	challenge_SSA-MTE	hyp1	News	NaN	4.4926
678	679	en	yor	challenge_SSA-MTE	hyp1	News	NaN	9.8934
679	680	en	yor	challenge_SSA-MTE	hyp1	News	NaN	7.6693
680	681	en	yor	challenge_SSA-MTE	hyp1	News	NaN	1.9453
681	682	en	yor	challenge_SSA-MTE	hyp1	News	NaN	1.8771
682	683	en	yor	challenge_SSA-MTE	hyp1	News	NaN	1.8888
683	684	en	yor	challenge_SSA-MTE	hyp1	News	NaN	9.9036
684	685	en	yor	challenge_SSA-MTE	hyp1	News	NaN	2.0906
685	686	en	yor	challenge_SSA-MTE	hyp1	News	NaN	2.0200
686	687	en	yor	challenge_SSA-MTE	hyp1	News	NaN	9.7501
687	688	en	yor	challenge_SSA-MTE	hyp1	News	NaN	5.1496
688	689	en	yor	challenge_SSA-MTE	hyp1	News	NaN	1.9009
689	690	en	yor	challenge_SSA-MTE	hyp1	News	NaN	25.8040
690	691	en	yor	challenge_SSA-MTE	hyp1	News	NaN	53.9039
691	692	en	yor	challenge_SSA-MTE	hyp1	News	NaN	21.5860
692	693	en	yor	challenge_SSA-MTE	hyp1	News	NaN	1.7563
693	694	en	yor	challenge_SSA-MTE	hyp1	News	NaN	1.8592
694	695	en	yor	challenge_SSA-MTE	hyp1	News	NaN	17.9273
695	696	en	yor	challenge_SSA-MTE	hyp1	News	NaN	8.8299
696	697	en	yor	challenge_SSA-MTE	hyp1	News	NaN	3.1599
697	698	en	yor	challenge_SSA-MTE	hyp1	News	NaN	1.2565
698	699	en	yor	challenge_SSA-MTE	hyp1	News	NaN	17.7004
699	700	en	yor	challenge_SSA-MTE	hyp1	News	NaN	3.1599
700	701	en	yor	challenge_SSA-MTE	hyp1	News	NaN	3.3880
701	702	en	yor	challenge_SSA-MTE	hyp1	News	NaN	13.8592
702	703	en	yor	challenge_SSA-MTE	hyp1	News	NaN	12.4740
703	704	en	yor	challenge_SSA-MTE	hyp1	News	NaN	2.2250
704	705	en	yor	challenge_SSA-MTE	hyp1	News	NaN	2.4038
705	706	en	yor	challenge_SSA-MTE	hyp1	News	NaN	2.0540
706	707	en	yor	challenge_SSA-MTE	hyp1	News	NaN	2.3287
707	708	en	yor	challenge_SSA-MTE	hyp1	News	NaN	9.3940
708	709	en	yor	challenge_SSA-MTE	hyp1	News	NaN	12.5536
709	710	en	yor	challenge_SSA-MTE	hyp1	News	NaN	1.3495
710	711	en	yor	challenge_SSA-MTE	hyp1	News	NaN	6.6411
711	712	en	yor	challenge_SSA-MTE	hyp1	News	NaN	1.4704
712	713	en	yor	challenge_SSA-MTE	hyp1	News	NaN	13.7420
713	714	en	yor	challenge_SSA-MTE	hyp1	News	NaN	18.3733
714	715	en	yor	challenge_SSA-MTE	hyp1	News	NaN	3.7879
715	716	en	yor	challenge_SSA-MTE	hyp1	News	NaN	3.7879
716	717	en	yor	challenge_SSA-MTE	hyp1	News	NaN	7.3910
717	718	en	yor	challenge_SSA-MTE	hyp1	News	NaN	2.2523
718	719	en	yor	challenge_SSA-MTE	hyp1	News	NaN	9.9250
719	720	en	yor	challenge_SSA-MTE	hyp1	News	NaN	15.9118
720	721	en	yor	challenge_SSA-MTE	hyp1	News	NaN	3.9017
721	722	en	yor	challenge_SSA-MTE	hyp1	News	NaN	4.5148
722	723	en	yor	challenge_SSA-MTE	hyp1	News	NaN	8.3952
723	724	en	yor	challenge_SSA-MTE	hyp1	News	NaN	5.2008
724	725	en	yor	challenge_SSA-MTE	hyp1	News	NaN	3.1526
725	726	en	yor	challenge_SSA-MTE	hyp1	News	NaN	4.5763
726	727	en	yor	challenge_SSA-MTE	hyp1	News	NaN	11.6221
727	728	en	yor	challenge_SSA-MTE	hyp1	News	NaN	1.9627
728	729	en	yor	challenge_SSA-MTE	hyp1	News	NaN	6.0589
729	730	en	yor	challenge_SSA-MTE	hyp1	News	NaN	2.0753
730	731	en	yor	challenge_SSA-MTE	hyp1	News	NaN	19.4826
731	732	en	yor	challenge_SSA-MTE	hyp1	News	NaN	7.7781
732	733	en	yor	challenge_SSA-MTE	hyp1	News	NaN	3.2743
733	734	en	yor	challenge_SSA-MTE	hyp1	News	NaN	5.6580
734	735	en	yor	challenge_SSA-MTE	hyp1	News	NaN	3.6536
735	736	en	yor	challenge_SSA-MTE	hyp1	News	NaN	2.9505
736	737	en	yor	challenge_SSA-MTE	hyp1	News	NaN	7.5641
737	738	en	yor	challenge_SSA-MTE	hyp1	News	NaN	3.6329
738	739	en	yor	challenge_SSA-MTE	hyp1	News	NaN	11.9020
739	740	en	yor	challenge_SSA-MTE	hyp1	News	NaN	16.2793
740	741	en	yor	challenge_SSA-MTE	hyp1	News	NaN	11.4343
741	742	en	yor	challenge_SSA-MTE	hyp1	News	NaN	11.2133
742	743	en	yor	challenge_SSA-MTE	hyp1	News	NaN	3.0783
743	744	en	yor	challenge_SSA-MTE	hyp1	News	NaN	4.2420
744	745	en	yor	challenge_SSA-MTE	hyp1	News	NaN	2.3019
745	746	en	yor	challenge_SSA-MTE	hyp1	News	NaN	4.3439
746	747	en	yor	challenge_SSA-MTE	hyp1	News	NaN	2.8299
747	748	en	yor	challenge_SSA-MTE	hyp1	News	NaN	11.9053
748	749	en	yor	challenge_SSA-MTE	hyp1	News	NaN	39.4505
749	750	en	yor	challenge_SSA-MTE	hyp1	News	NaN	22.2508
750	751	en	yor	challenge_SSA-MTE	hyp1	News	NaN	0.0000
751	752	en	yor	challenge_SSA-MTE	hyp1	News	NaN	37.5392
752	753	en	yor	challenge_SSA-MTE	hyp1	News	NaN	22.2313
753	754	en	yor	challenge_SSA-MTE	hyp1	News	NaN	5.6968
754	755	en	yor	challenge_SSA-MTE	hyp1	News	NaN	7.2371
755	756	en	yor	challenge_SSA-MTE	hyp1	News	NaN	5.4492
756	757	en	yor	challenge_SSA-MTE	hyp1	News	NaN	7.4431
757	758	en	yor	challenge_SSA-MTE	hyp1	News	NaN	7.4847
758	759	en	yor	challenge_SSA-MTE	hyp1	News	NaN	7.9707
759	760	en	yor	challenge_SSA-MTE	hyp1	News	NaN	6.1228
760	761	en	yor	challenge_SSA-MTE	hyp1	News	NaN	7.7084
761	762	en	yor	challenge_SSA-MTE	hyp1	News	NaN	3.2410
762	763	en	yor	challenge_SSA-MTE	hyp1	News	NaN	2.2318
763	764	en	yor	challenge_SSA-MTE	hyp1	News	NaN	7.6049
764	765	en	yor	challenge_SSA-MTE	hyp1	News	NaN	5.3162
765	766	en	yor	challenge_SSA-MTE	hyp1	News	NaN	12.7260
766	767	en	yor	challenge_SSA-MTE	hyp1	News	NaN	5.9907
767	768	en	yor	challenge_SSA-MTE	hyp1	News	NaN	8.7109
768	769	en	yor	challenge_SSA-MTE	hyp1	News	NaN	2.5346
769	770	en	yor	challenge_SSA-MTE	hyp1	News	NaN	6.0196
770	771	en	yor	challenge_SSA-MTE	hyp1	News	NaN	18.5032
771	772	en	yor	challenge_SSA-MTE	hyp1	News	NaN	19.0625
772	773	en	yor	challenge_SSA-MTE	hyp1	News	NaN	1.5054
773	774	en	yor	challenge_SSA-MTE	hyp1	News	NaN	12.1818
774	775	en	yor	challenge_SSA-MTE	hyp1	News	NaN	12.6795
775	776	en	yor	challenge_SSA-MTE	hyp1	News	NaN	35.0089
776	777	en	yor	challenge_SSA-MTE	hyp1	News	NaN	49.0412
777	778	en	yor	challenge_SSA-MTE	hyp1	News	NaN	71.2611
778	779	en	yor	challenge_SSA-MTE	hyp1	News	NaN	8.3740
779	780	en	yor	challenge_SSA-MTE	hyp1	News	NaN	35.9338
780	781	en	yor	challenge_SSA-MTE	hyp1	News	NaN	8.1938
781	782	en	yor	challenge_SSA-MTE	hyp1	News	NaN	5.3918
782	783	en	yor	challenge_SSA-MTE	hyp1	News	NaN	28.8752
783	784	en	yor	challenge_SSA-MTE	hyp1	News	NaN	29.6164
784	785	en	yor	challenge_SSA-MTE	hyp1	News	NaN	5.5948
785	786	en	yor	challenge_SSA-MTE	hyp1	News	NaN	9.1463
786	787	en	yor	challenge_SSA-MTE	hyp1	News	NaN	5.5948
787	788	en	yor	challenge_SSA-MTE	hyp1	News	NaN	30.9485
788	789	en	yor	challenge_SSA-MTE	hyp1	News	NaN	13.3606
789	790	en	yor	challenge_SSA-MTE	hyp1	News	NaN	22.0677
790	791	en	yor	challenge_SSA-MTE	hyp1	News	NaN	7.1785
791	792	en	yor	challenge_SSA-MTE	hyp1	News	NaN	6.8716
792	793	en	yor	challenge_SSA-MTE	hyp1	News	NaN	7.1647
793	794	en	yor	challenge_SSA-MTE	hyp1	News	NaN	5.4624
794	795	en	yor	challenge_SSA-MTE	hyp1	News	NaN	20.8226
795	796	en	yor	challenge_SSA-MTE	hyp1	News	NaN	8.8396
796	797	en	yor	challenge_SSA-MTE	hyp1	News	NaN	9.1132
797	798	en	yor	challenge_SSA-MTE	hyp1	News	NaN	9.1132
798	799	en	yor	challenge_SSA-MTE	hyp1	News	NaN	2.9776
799	800	en	yor	challenge_SSA-MTE	hyp1	News	NaN	20.4773
800	801	en	yor	challenge_SSA-MTE	hyp1	News	NaN	10.4772
801	802	en	yor	challenge_SSA-MTE	hyp1	News	NaN	13.8080
802	803	en	yor	challenge_SSA-MTE	hyp1	News	NaN	3.2602
803	804	en	yor	challenge_SSA-MTE	hyp1	News	NaN	12.9135
804	805	en	yor	challenge_SSA-MTE	hyp1	News	NaN	3.2688
805	806	en	yor	challenge_SSA-MTE	hyp1	News	NaN	12.3008
806	807	en	yor	challenge_SSA-MTE	hyp1	News	NaN	14.5989
807	808	en	yor	challenge_SSA-MTE	hyp1	News	NaN	1.5645
808	809	en	yor	challenge_SSA-MTE	hyp1	News	NaN	1.6530
809	810	en	yor	challenge_SSA-MTE	hyp1	News	NaN	5.7600
810	811	en	yor	challenge_SSA-MTE	hyp1	News	NaN	1.5715
811	812	en	yor	challenge_SSA-MTE	hyp1	News	NaN	25.1888
812	813	en	yor	challenge_SSA-MTE	hyp1	News	NaN	5.1452
813	814	en	yor	challenge_SSA-MTE	hyp1	News	NaN	11.0858
814	815	en	yor	challenge_SSA-MTE	hyp1	News	NaN	1.5790
815	816	en	yor	challenge_SSA-MTE	hyp1	News	NaN	5.9870
816	817	en	yor	challenge_SSA-MTE	hyp1	News	NaN	1.5167
817	818	en	yor	challenge_SSA-MTE	hyp1	News	NaN	8.0023
818	819	en	yor	challenge_SSA-MTE	hyp1	News	NaN	20.3103
819	820	en	yor	challenge_SSA-MTE	hyp1	News	NaN	1.6247
820	821	en	yor	challenge_SSA-MTE	hyp1	News	NaN	1.4299
821	822	en	yor	challenge_SSA-MTE	hyp1	News	NaN	3.6382
822	823	en	yor	challenge_SSA-MTE	hyp1	News	NaN	1.5411
823	824	en	yor	challenge_SSA-MTE	hyp1	News	NaN	23.4093
824	825	en	yor	challenge_SSA-MTE	hyp1	News	NaN	6.4023
825	826	en	yor	challenge_SSA-MTE	hyp1	News	NaN	4.7476
826	827	en	yor	challenge_SSA-MTE	hyp1	News	NaN	1.6339
827	828	en	yor	challenge_SSA-MTE	hyp1	News	NaN	8.4979
828	829	en	yor	challenge_SSA-MTE	hyp1	News	NaN	10.3143
829	830	en	yor	challenge_SSA-MTE	hyp1	News	NaN	1.6794
830	831	en	yor	challenge_SSA-MTE	hyp1	News	NaN	8.9053
831	832	en	yor	challenge_SSA-MTE	hyp1	News	NaN	1.7596
832	833	en	yor	challenge_SSA-MTE	hyp1	News	NaN	4.1816
833	834	en	yor	challenge_SSA-MTE	hyp1	News	NaN	3.1974
834	835	en	yor	challenge_SSA-MTE	hyp1	News	NaN	12.4096
835	836	en	yor	challenge_SSA-MTE	hyp1	News	NaN	3.1222
836	837	en	yor	challenge_SSA-MTE	hyp1	News	NaN	9.2533
837	838	en	yor	challenge_SSA-MTE	hyp1	News	NaN	2.8480
838	839	en	yor	challenge_SSA-MTE	hyp1	News	NaN	14.9925
839	840	en	yor	challenge_SSA-MTE	hyp1	News	NaN	8.9324
840	841	en	yor	challenge_SSA-MTE	hyp1	News	NaN	6.7872
841	842	en	yor	challenge_SSA-MTE	hyp1	News	NaN	1.6363
842	843	en	yor	challenge_SSA-MTE	hyp1	News	NaN	4.1563
843	844	en	yor	challenge_SSA-MTE	hyp1	News	NaN	1.6360
844	845	en	yor	challenge_SSA-MTE	hyp1	News	NaN	7.1285
845	846	en	yor	challenge_SSA-MTE	hyp1	News	NaN	9.5312
846	847	en	yor	challenge_SSA-MTE	hyp1	News	NaN	9.5219
847	848	en	yor	challenge_SSA-MTE	hyp1	News	NaN	9.1958
848	849	en	yor	challenge_SSA-MTE	hyp1	News	NaN	8.9523
849	850	en	yor	challenge_SSA-MTE	hyp1	News	NaN	1.8440
850	851	en	yor	challenge_SSA-MTE	hyp1	News	NaN	24.6900
851	852	en	yor	challenge_SSA-MTE	hyp1	News	NaN	2.5132
852	853	en	yor	challenge_SSA-MTE	hyp1	News	NaN	1.4105
853	854	en	yor	challenge_SSA-MTE	hyp1	News	NaN	1.4762
854	855	en	yor	challenge_SSA-MTE	hyp1	News	NaN	9.4196
855	856	en	yor	challenge_SSA-MTE	hyp1	News	NaN	1.5763
856	857	en	yor	challenge_SSA-MTE	hyp1	News	NaN	2.4827
857	858	en	yor	challenge_SSA-MTE	hyp1	News	NaN	7.1031
858	859	en	yor	challenge_SSA-MTE	hyp1	News	NaN	4.3090
859	860	en	yor	challenge_SSA-MTE	hyp1	News	NaN	4.3090
860	861	en	yor	challenge_SSA-MTE	hyp1	News	NaN	19.4205
861	862	en	yor	challenge_SSA-MTE	hyp1	News	NaN	4.3090
862	863	en	yor	challenge_SSA-MTE	hyp1	News	NaN	20.2335
863	864	en	yor	challenge_SSA-MTE	hyp1	News	NaN	2.0194
864	865	en	yor	challenge_SSA-MTE	hyp1	News	NaN	4.0859
865	866	en	yor	challenge_SSA-MTE	hyp1	News	NaN	2.0471
866	867	en	yor	challenge_SSA-MTE	hyp1	News	NaN	3.6164
867	868	en	yor	challenge_SSA-MTE	hyp1	News	NaN	1.9627
868	869	en	yor	challenge_SSA-MTE	hyp1	News	NaN	4.0183
869	870	en	yor	challenge_SSA-MTE	hyp1	News	NaN	1.7244
870	871	en	yor	challenge_SSA-MTE	hyp1	News	NaN	1.6794
871	872	en	yor	challenge_SSA-MTE	hyp1	News	NaN	1.6794
872	873	en	yor	challenge_SSA-MTE	hyp1	News	NaN	12.2892
873	874	en	yor	challenge_SSA-MTE	hyp1	News	NaN	1.7365
874	875	en	yor	challenge_SSA-MTE	hyp1	News	NaN	1.7365
875	876	en	yor	challenge_SSA-MTE	hyp1	News	NaN	32.9510
876	877	en	yor	challenge_SSA-MTE	hyp1	News	NaN	3.3789
877	878	en	yor	challenge_SSA-MTE	hyp1	News	NaN	3.8025
878	879	en	yor	challenge_SSA-MTE	hyp1	News	NaN	24.2490
879	880	en	yor	challenge_SSA-MTE	hyp1	News	NaN	3.4936
880	881	en	yor	challenge_SSA-MTE	hyp1	News	NaN	3.4691
881	882	en	yor	challenge_SSA-MTE	hyp1	News	NaN	8.5873
882	883	en	yor	challenge_SSA-MTE	hyp1	News	NaN	17.7251
883	884	en	yor	challenge_SSA-MTE	hyp1	News	NaN	17.4084
884	885	en	yor	challenge_SSA-MTE	hyp1	News	NaN	17.6099
885	886	en	yor	challenge_SSA-MTE	hyp1	News	NaN	22.4919
886	887	en	yor	challenge_SSA-MTE	hyp1	News	NaN	7.6035
887	888	en	yor	challenge_SSA-MTE	hyp1	News	NaN	1.4411
888	889	en	yor	challenge_SSA-MTE	hyp1	News	NaN	5.8298
889	890	en	yor	challenge_SSA-MTE	hyp1	News	NaN	10.7863
890	891	en	yor	challenge_SSA-MTE	hyp1	News	NaN	1.3793
891	892	en	yor	challenge_SSA-MTE	hyp1	News	NaN	48.4653
892	893	en	yor	challenge_SSA-MTE	hyp1	News	NaN	17.0585
893	894	en	yor	challenge_SSA-MTE	hyp1	News	NaN	16.4361
894	895	en	yor	challenge_SSA-MTE	hyp1	News	NaN	49.6906
895	896	en	yor	challenge_SSA-MTE	hyp1	News	NaN	49.9722
896	897	en	yor	challenge_SSA-MTE	hyp1	News	NaN	1.4779
897	898	en	yor	challenge_SSA-MTE	hyp1	News	NaN	1.4779
898	899	en	yor	challenge_SSA-MTE	hyp1	News	NaN	1.0331
899	900	en	yor	challenge_SSA-MTE	hyp1	News	NaN	4.3218
900	901	en	yor	challenge_SSA-MTE	hyp1	News	NaN	1.4701
901	902	en	yor	challenge_SSA-MTE	hyp1	News	NaN	6.5391
902	903	en	yor	challenge_SSA-MTE	hyp1	News	NaN	10.9640
903	904	en	yor	challenge_SSA-MTE	hyp1	News	NaN	1.7416
904	905	en	yor	challenge_SSA-MTE	hyp1	News	NaN	2.8571
905	906	en	yor	challenge_SSA-MTE	hyp1	News	NaN	5.4533
906	907	en	yor	challenge_SSA-MTE	hyp1	News	NaN	2.1651
907	908	en	yor	challenge_SSA-MTE	hyp1	News	NaN	10.2993
908	909	en	yor	challenge_SSA-MTE	hyp1	News	NaN	2.6759
909	910	en	yor	challenge_SSA-MTE	hyp1	News	NaN	35.5943
910	911	en	yor	challenge_SSA-MTE	hyp1	News	NaN	2.6985
911	912	en	yor	challenge_SSA-MTE	hyp1	News	NaN	32.3344
912	913	en	yor	challenge_SSA-MTE	hyp1	News	NaN	2.8261
913	914	en	yor	challenge_SSA-MTE	hyp1	News	NaN	25.8994
914	915	en	yor	challenge_SSA-MTE	hyp1	News	NaN	15.9105
915	916	en	yor	challenge_SSA-MTE	hyp1	News	NaN	15.8377
916	917	en	yor	challenge_SSA-MTE	hyp1	News	NaN	5.1060
917	918	en	yor	challenge_SSA-MTE	hyp1	News	NaN	10.9210
918	919	en	yor	challenge_SSA-MTE	hyp1	News	NaN	5.0624
919	920	en	yor	challenge_SSA-MTE	hyp1	News	NaN	37.1757
920	921	en	yor	challenge_SSA-MTE	hyp1	News	NaN	9.3765
921	922	en	yor	challenge_SSA-MTE	hyp1	News	NaN	1.5307
922	923	en	yor	challenge_SSA-MTE	hyp1	News	NaN	3.6131
923	924	en	yor	challenge_SSA-MTE	hyp1	News	NaN	1.5323
924	925	en	yor	challenge_SSA-MTE	hyp1	News	NaN	29.2704
925	926	en	yor	challenge_SSA-MTE	hyp1	News	NaN	7.4539
926	927	en	yor	challenge_SSA-MTE	hyp1	News	NaN	3.2182
927	928	en	yor	challenge_SSA-MTE	hyp1	News	NaN	3.0972
928	929	en	yor	challenge_SSA-MTE	hyp1	News	NaN	10.4840
929	930	en	yor	challenge_SSA-MTE	hyp1	News	NaN	3.0553
930	931	en	yor	challenge_SSA-MTE	hyp1	News	NaN	12.5911
931	932	en	yor	challenge_SSA-MTE	hyp1	News	NaN	20.6642
932	933	en	yor	challenge_SSA-MTE	hyp1	News	NaN	1.6504
933	934	en	yor	challenge_SSA-MTE	hyp1	News	NaN	1.6456
934	935	en	yor	challenge_SSA-MTE	hyp1	News	NaN	4.9341
935	936	en	yor	challenge_SSA-MTE	hyp1	News	NaN	1.6456
936	937	en	yor	challenge_SSA-MTE	hyp1	News	NaN	10.8330
937	938	en	yor	challenge_SSA-MTE	hyp1	News	NaN	7.9816
938	939	en	yor	challenge_SSA-MTE	hyp1	News	NaN	7.3225
939	940	en	yor	challenge_SSA-MTE	hyp1	News	NaN	2.8651
940	941	en	yor	challenge_SSA-MTE	hyp1	News	NaN	5.1369
941	942	en	yor	challenge_SSA-MTE	hyp1	News	NaN	2.6556
942	943	en	yor	challenge_SSA-MTE	hyp1	News	NaN	6.8976
943	944	en	yor	challenge_SSA-MTE	hyp1	News	NaN	6.4750
944	945	en	yor	challenge_SSA-MTE	hyp1	News	NaN	6.7344
945	946	en	yor	challenge_SSA-MTE	hyp1	News	NaN	5.8832
946	947	en	yor	challenge_SSA-MTE	hyp1	News	NaN	8.7673
947	948	en	yor	challenge_SSA-MTE	hyp1	News	NaN	6.3363
948	949	en	yor	challenge_SSA-MTE	hyp1	News	NaN	17.9309
949	950	en	yor	challenge_SSA-MTE	hyp1	News	NaN	2.9592
950	951	en	yor	challenge_SSA-MTE	hyp1	News	NaN	3.6587
951	952	en	yor	challenge_SSA-MTE	hyp1	News	NaN	2.8748
952	953	en	yor	challenge_SSA-MTE	hyp1	News	NaN	4.4389
953	954	en	yor	challenge_SSA-MTE	hyp1	News	NaN	2.8892
954	955	en	yor	challenge_SSA-MTE	hyp1	News	NaN	14.4126
955	956	en	yor	challenge_SSA-MTE	hyp1	News	NaN	13.8220
956	957	en	yor	challenge_SSA-MTE	hyp1	News	NaN	10.9400
957	958	en	yor	challenge_SSA-MTE	hyp1	News	NaN	2.0753
958	959	en	yor	challenge_SSA-MTE	hyp1	News	NaN	7.5113
959	960	en	yor	challenge_SSA-MTE	hyp1	News	NaN	1.6961
960	961	en	yor	challenge_SSA-MTE	hyp1	News	NaN	15.3322
961	962	en	yor	challenge_SSA-MTE	hyp1	News	NaN	8.9324
962	963	en	yor	challenge_SSA-MTE	hyp1	News	NaN	1.6949
963	964	en	yor	challenge_SSA-MTE	hyp1	News	NaN	1.7705
964	965	en	yor	challenge_SSA-MTE	hyp1	News	NaN	9.0777
965	966	en	yor	challenge_SSA-MTE	hyp1	News	NaN	1.6760
966	967	en	yor	challenge_SSA-MTE	hyp1	News	NaN	10.7863
967	968	en	yor	challenge_SSA-MTE	hyp1	News	NaN	6.2374
968	969	en	yor	challenge_SSA-MTE	hyp1	News	NaN	7.0222
969	970	en	yor	challenge_SSA-MTE	hyp1	News	NaN	7.1379
970	971	en	yor	challenge_SSA-MTE	hyp1	News	NaN	10.7926
971	972	en	yor	challenge_SSA-MTE	hyp1	News	NaN	9.3144
972	973	en	yor	challenge_SSA-MTE	hyp1	News	NaN	8.9735
973	974	en	yor	challenge_SSA-MTE	hyp1	News	NaN	6.4792
974	975	en	yor	challenge_SSA-MTE	hyp1	News	NaN	2.9319
975	976	en	yor	challenge_SSA-MTE	hyp1	News	NaN	10.1511
976	977	en	yor	challenge_SSA-MTE	hyp1	News	NaN	2.9319
977	978	en	yor	challenge_SSA-MTE	hyp1	News	NaN	6.9566
978	979	en	yor	challenge_SSA-MTE	hyp1	News	NaN	1.3552
979	980	en	yor	challenge_SSA-MTE	hyp1	News	NaN	1.3904
980	981	en	yor	challenge_SSA-MTE	hyp1	News	NaN	0.9732
981	982	en	yor	challenge_SSA-MTE	hyp1	News	NaN	3.5568
982	983	en	yor	challenge_SSA-MTE	hyp1	News	NaN	1.2453
983	984	en	yor	challenge_SSA-MTE	hyp1	News	NaN	1.2743
984	985	en	yor	challenge_SSA-MTE	hyp1	News	NaN	8.6853
985	986	en	yor	challenge_SSA-MTE	hyp1	News	NaN	1.5793
986	987	en	yor	challenge_SSA-MTE	hyp1	News	NaN	0.7484
987	988	en	yor	challenge_SSA-MTE	hyp1	News	NaN	1.6337
988	989	en	yor	challenge_SSA-MTE	hyp1	News	NaN	1.5763
989	990	en	yor	challenge_SSA-MTE	hyp1	News	NaN	5.3122
990	991	en	yor	challenge_SSA-MTE	hyp1	News	NaN	12.2413
991	992	en	yor	challenge_SSA-MTE	hyp1	News	NaN	4.1411
992	993	en	yor	challenge_SSA-MTE	hyp1	News	NaN	2.1301
993	994	en	yor	challenge_SSA-MTE	hyp1	News	NaN	5.9510
994	995	en	yor	challenge_SSA-MTE	hyp1	News	NaN	3.7879
995	996	en	yor	challenge_SSA-MTE	hyp1	News	NaN	22.0677
996	997	en	yor	challenge_SSA-MTE	hyp1	News	NaN	5.4165
997	998	en	yor	challenge_SSA-MTE	hyp1	News	NaN	3.2809
998	999	en	yor	challenge_SSA-MTE	hyp1	News	NaN	1.7346
999	1000	en	yor	challenge_SSA-MTE	hyp1	News	NaN	6.2050
1000	1001	en	yor	challenge_SSA-MTE	hyp1	News	NaN	3.6536
1001	1002	en	yor	challenge_SSA-MTE	hyp1	News	NaN	7.4330
1002	1003	en	yor	challenge_SSA-MTE	hyp1	News	NaN	18.2260
1003	1004	en	yor	challenge_SSA-MTE	hyp1	News	NaN	1.8565
1004	1005	en	yor	challenge_SSA-MTE	hyp1	News	NaN	2.1602
1005	1006	en	yor	challenge_SSA-MTE	hyp1	News	NaN	5.4624
1006	1007	en	yor	challenge_SSA-MTE	hyp1	News	NaN	3.6329
1007	1008	en	yor	challenge_SSA-MTE	hyp1	News	NaN	22.2099
1008	1009	en	yor	challenge_SSA-MTE	hyp1	News	NaN	3.5230
1009	1010	en	yor	challenge_SSA-MTE	hyp1	News	NaN	5.8059
1010	1011	en	yor	challenge_SSA-MTE	hyp1	News	NaN	5.7576
1011	1012	en	yor	challenge_SSA-MTE	hyp1	News	NaN	4.6639
1012	1013	en	yor	challenge_SSA-MTE	hyp1	News	NaN	5.8907
1013	1014	en	yor	challenge_SSA-MTE	hyp1	News	NaN	3.5418
1014	1015	en	yor	challenge_SSA-MTE	hyp1	News	NaN	7.6084
1015	1016	en	yor	challenge_SSA-MTE	hyp1	News	NaN	1.1136
1016	1017	en	yor	challenge_SSA-MTE	hyp1	News	NaN	1.1084
1017	1018	en	yor	challenge_SSA-MTE	hyp1	News	NaN	10.1220
1018	1019	en	yor	challenge_SSA-MTE	hyp1	News	NaN	1.1084
1019	1020	en	yor	challenge_SSA-MTE	hyp1	News	NaN	13.8948
1020	1021	en	yor	challenge_SSA-MTE	hyp1	News	NaN	5.8618
1021	1022	en	yor	challenge_SSA-MTE	hyp1	News	NaN	8.8316
1022	1023	en	yor	challenge_SSA-MTE	hyp1	News	NaN	9.5052
1023	1024	en	yor	challenge_SSA-MTE	hyp1	News	NaN	13.5562
1024	1025	en	yor	challenge_SSA-MTE	hyp1	News	NaN	8.8316
1025	1026	en	yor	challenge_SSA-MTE	hyp1	News	NaN	9.0101
1026	1027	en	yor	challenge_SSA-MTE	hyp1	News	NaN	12.3394
1027	1028	en	yor	challenge_SSA-MTE	hyp1	News	NaN	16.0651
1028	1029	en	yor	challenge_SSA-MTE	hyp1	News	NaN	1.3650
1029	1030	en	yor	challenge_SSA-MTE	hyp1	News	NaN	3.3462
1030	1031	en	yor	challenge_SSA-MTE	hyp1	News	NaN	2.2616
1031	1032	en	yor	challenge_SSA-MTE	hyp1	News	NaN	11.7153
1032	1033	en	yor	challenge_SSA-MTE	hyp1	News	NaN	26.1942
1033	1034	en	yor	challenge_SSA-MTE	hyp1	News	NaN	2.6363
1034	1035	en	yor	challenge_SSA-MTE	hyp1	News	NaN	2.4208
1035	1036	en	yor	challenge_SSA-MTE	hyp1	News	NaN	3.9587
1036	1037	en	yor	challenge_SSA-MTE	hyp1	News	NaN	2.6485
1037	1038	en	yor	challenge_SSA-MTE	hyp1	News	NaN	10.6198
1038	1039	en	yor	challenge_SSA-MTE	hyp1	News	NaN	10.7638
1039	1040	en	yor	challenge_SSA-MTE	hyp1	News	NaN	19.3062
1040	1041	en	yor	challenge_SSA-MTE	hyp1	News	NaN	4.4116
1041	1042	en	yor	challenge_SSA-MTE	hyp1	News	NaN	9.3365
1042	1043	en	yor	challenge_SSA-MTE	hyp1	News	NaN	4.1800
1043	1044	en	yor	challenge_SSA-MTE	hyp1	News	NaN	4.1800
1044	1045	en	yor	challenge_SSA-MTE	hyp1	News	NaN	21.2115
1045	1046	en	yor	challenge_SSA-MTE	hyp1	News	NaN	12.0926
1046	1047	en	yor	challenge_SSA-MTE	hyp1	News	NaN	1.4729
1047	1048	en	yor	challenge_SSA-MTE	hyp1	News	NaN	13.2994
1048	1049	en	yor	challenge_SSA-MTE	hyp1	News	NaN	1.6360
1049	1050	en	yor	challenge_SSA-MTE	hyp1	News	NaN	1.7580
1050	1051	en	yor	challenge_SSA-MTE	hyp1	News	NaN	1.5883
1051	1052	en	yor	challenge_SSA-MTE	hyp1	News	NaN	1.2754
1052	1053	en	yor	challenge_SSA-MTE	hyp1	News	NaN	1.3356
1053	1054	en	yor	challenge_SSA-MTE	hyp1	News	NaN	2.3806
1054	1055	en	yor	challenge_SSA-MTE	hyp1	News	NaN	1.6404
1055	1056	en	yor	challenge_SSA-MTE	hyp1	News	NaN	3.2809
1056	1057	en	yor	challenge_SSA-MTE	hyp1	News	NaN	11.6531
1057	1058	en	yor	challenge_SSA-MTE	hyp1	News	NaN	5.8166
1058	1059	en	yor	challenge_SSA-MTE	hyp1	News	NaN	2.0138
1059	1060	en	yor	challenge_SSA-MTE	hyp1	News	NaN	7.1037
1060	1061	en	yor	challenge_SSA-MTE	hyp1	News	NaN	2.1758
1061	1062	en	yor	challenge_SSA-MTE	hyp1	News	NaN	2.0899
1062	1063	en	yor	challenge_SSA-MTE	hyp1	News	NaN	20.9016
1063	1064	en	yor	challenge_SSA-MTE	hyp1	News	NaN	23.7591
1064	1065	en	yor	challenge_SSA-MTE	hyp1	News	NaN	13.0537
1065	1066	en	yor	challenge_SSA-MTE	hyp1	News	NaN	28.2161
1066	1067	en	yor	challenge_SSA-MTE	hyp1	News	NaN	12.1528
1067	1068	en	yor	challenge_SSA-MTE	hyp1	News	NaN	14.7079
1068	1069	en	yor	challenge_SSA-MTE	hyp1	News	NaN	6.6355
1069	1070	en	yor	challenge_SSA-MTE	hyp1	News	NaN	1.3688
1070	1071	en	yor	challenge_SSA-MTE	hyp1	News	NaN	1.4890
1071	1072	en	yor	challenge_SSA-MTE	hyp1	News	NaN	6.1328
1072	1073	en	yor	challenge_SSA-MTE	hyp1	News	NaN	1.3688
1073	1074	en	yor	challenge_SSA-MTE	hyp1	News	NaN	1.4841
1074	1075	en	yor	challenge_SSA-MTE	hyp1	News	NaN	24.6854
1075	1076	en	yor	challenge_SSA-MTE	hyp1	News	NaN	6.1365
1076	1077	en	yor	challenge_SSA-MTE	hyp1	News	NaN	6.4053
1077	1078	en	yor	challenge_SSA-MTE	hyp1	News	NaN	23.4603
1078	1079	en	yor	challenge_SSA-MTE	hyp1	News	NaN	6.5697
1079	1080	en	yor	challenge_SSA-MTE	hyp1	News	NaN	23.7341
1080	1081	en	yor	challenge_SSA-MTE	hyp1	News	NaN	34.7534
1081	1082	en	yor	challenge_SSA-MTE	hyp1	News	NaN	6.9132
1082	1083	en	yor	challenge_SSA-MTE	hyp1	News	NaN	6.2868
1083	1084	en	yor	challenge_SSA-MTE	hyp1	News	NaN	9.4845
1084	1085	en	yor	challenge_SSA-MTE	hyp1	News	NaN	6.0798
1085	1086	en	yor	challenge_SSA-MTE	hyp1	News	NaN	7.6064
1086	1087	en	yor	challenge_SSA-MTE	hyp1	News	NaN	25.1490
1087	1088	en	yor	challenge_SSA-MTE	hyp1	News	NaN	10.4155
1088	1089	en	yor	challenge_SSA-MTE	hyp1	News	NaN	5.1786
1089	1090	en	yor	challenge_SSA-MTE	hyp1	News	NaN	6.7870
1090	1091	en	yor	challenge_SSA-MTE	hyp1	News	NaN	5.6871
1091	1092	en	yor	challenge_SSA-MTE	hyp1	News	NaN	13.9908
1092	1093	en	yor	challenge_SSA-MTE	hyp1	News	NaN	14.0190
1093	1094	en	yor	challenge_SSA-MTE	hyp1	News	NaN	1.3677
1094	1095	en	yor	challenge_SSA-MTE	hyp1	News	NaN	6.1659
1095	1096	en	yor	challenge_SSA-MTE	hyp1	News	NaN	1.3584
1096	1097	en	yor	challenge_SSA-MTE	hyp1	News	NaN	7.2933
1097	1098	en	yor	challenge_SSA-MTE	hyp1	News	NaN	4.1754
1098	1099	en	yor	challenge_SSA-MTE	hyp1	News	NaN	1.7039
1099	1100	en	yor	challenge_SSA-MTE	hyp1	News	NaN	3.0818
1100	1101	en	yor	challenge_SSA-MTE	hyp1	News	NaN	2.4241
1101	1102	en	yor	challenge_SSA-MTE	hyp1	News	NaN	1.6293
1102	1103	en	yor	challenge_SSA-MTE	hyp1	News	NaN	12.6599
1103	1104	en	yor	challenge_SSA-MTE	hyp1	News	NaN	2.4817
1104	1105	en	yor	challenge_SSA-MTE	hyp1	News	NaN	3.7429
1105	1106	en	yor	challenge_SSA-MTE	hyp1	News	NaN	4.0121
1106	1107	en	yor	challenge_SSA-MTE	hyp1	News	NaN	10.4010
1107	1108	en	yor	challenge_SSA-MTE	hyp1	News	NaN	2.3742
1108	1109	en	yor	challenge_SSA-MTE	hyp1	News	NaN	12.0987
1109	1110	en	yor	challenge_SSA-MTE	hyp1	News	NaN	7.7450
1110	1111	en	yor	challenge_SSA-MTE	hyp1	News	NaN	8.0358
1111	1112	en	yor	challenge_SSA-MTE	hyp1	News	NaN	4.7196
1112	1113	en	yor	challenge_SSA-MTE	hyp1	News	NaN	7.2700
1113	1114	en	yor	challenge_SSA-MTE	hyp1	News	NaN	4.7012
1114	1115	en	yor	challenge_SSA-MTE	hyp1	News	NaN	4.7012
1115	1116	en	yor	challenge_SSA-MTE	hyp1	News	NaN	21.5372
1116	1117	en	yor	challenge_SSA-MTE	hyp1	News	NaN	21.7476
1117	1118	en	yor	challenge_SSA-MTE	hyp1	News	NaN	3.0569
1118	1119	en	yor	challenge_SSA-MTE	hyp1	News	NaN	14.1659
1119	1120	en	yor	challenge_SSA-MTE	hyp1	News	NaN	17.5811
1120	1121	en	yor	challenge_SSA-MTE	hyp1	News	NaN	19.7338
1121	1122	en	yor	challenge_SSA-MTE	hyp1	News	NaN	8.5196
1122	1123	en	yor	challenge_SSA-MTE	hyp1	News	NaN	8.0965
1123	1124	en	yor	challenge_SSA-MTE	hyp1	News	NaN	16.3507
1124	1125	en	yor	challenge_SSA-MTE	hyp1	News	NaN	8.8239
1125	1126	en	yor	challenge_SSA-MTE	hyp1	News	NaN	8.8430
1126	1127	en	yor	challenge_SSA-MTE	hyp1	News	NaN	16.4298
1127	1128	en	yor	challenge_SSA-MTE	hyp1	News	NaN	5.2454
1128	1129	en	yor	challenge_SSA-MTE	hyp1	News	NaN	5.4024
1129	1130	en	yor	challenge_SSA-MTE	hyp1	News	NaN	7.5315
1130	1131	en	yor	challenge_SSA-MTE	hyp1	News	NaN	5.4024
1131	1132	en	yor	challenge_SSA-MTE	hyp1	News	NaN	13.2326
1132	1133	en	yor	challenge_SSA-MTE	hyp1	News	NaN	17.5045
1133	1134	en	yor	challenge_SSA-MTE	hyp1	News	NaN	16.4603
1134	1135	en	yor	challenge_SSA-MTE	hyp1	News	NaN	7.7470
1135	1136	en	yor	challenge_SSA-MTE	hyp1	News	NaN	0.1358
1136	1137	en	yor	challenge_SSA-MTE	hyp1	News	NaN	7.3267
1137	1138	en	yor	challenge_SSA-MTE	hyp1	News	NaN	30.8489
1138	1139	en	yor	challenge_SSA-MTE	hyp1	News	NaN	9.6465
1139	1140	en	yor	challenge_SSA-MTE	hyp1	News	NaN	5.7359
1140	1141	en	yor	challenge_SSA-MTE	hyp1	News	NaN	3.3898
1141	1142	en	yor	challenge_SSA-MTE	hyp1	News	NaN	3.3054
1142	1143	en	yor	challenge_SSA-MTE	hyp1	News	NaN	19.1469
1143	1144	en	yor	challenge_SSA-MTE	hyp1	News	NaN	8.9735
1144	1145	en	yor	challenge_SSA-MTE	hyp1	News	NaN	30.9110
1145	1146	en	yor	challenge_SSA-MTE	hyp1	News	NaN	8.2198
1146	1147	en	yor	challenge_SSA-MTE	hyp1	News	NaN	17.4555
1147	1148	en	yor	challenge_SSA-MTE	hyp1	News	NaN	8.3548
1148	1149	en	yor	challenge_SSA-MTE	hyp1	News	NaN	39.2274
1149	1150	en	yor	challenge_SSA-MTE	hyp1	News	NaN	3.3054
1150	1151	en	yor	challenge_SSA-MTE	hyp1	News	NaN	3.5155
1151	1152	en	yor	challenge_SSA-MTE	hyp1	News	NaN	2.7374
1152	1153	en	yor	challenge_SSA-MTE	hyp1	News	NaN	15.4714
1153	1154	en	yor	challenge_SSA-MTE	hyp1	News	NaN	3.5155
1154	1155	en	yor	challenge_SSA-MTE	hyp1	News	NaN	8.2275
1155	1156	en	yor	challenge_SSA-MTE	hyp1	News	NaN	36.4141
1156	1157	en	yor	challenge_SSA-MTE	hyp1	News	NaN	5.6575
1157	1158	en	yor	challenge_SSA-MTE	hyp1	News	NaN	5.6575
1158	1159	en	yor	challenge_SSA-MTE	hyp1	News	NaN	4.9717
1159	1160	en	yor	challenge_SSA-MTE	hyp1	News	NaN	3.3633
1160	1161	en	yor	challenge_SSA-MTE	hyp1	News	NaN	36.4141
1161	1162	en	yor	challenge_SSA-MTE	hyp1	News	NaN	1.2745
1162	1163	en	yor	challenge_SSA-MTE	hyp1	News	NaN	2.2219
1163	1164	en	yor	challenge_SSA-MTE	hyp1	News	NaN	2.5193
1164	1165	en	yor	challenge_SSA-MTE	hyp1	News	NaN	2.1988
1165	1166	en	yor	challenge_SSA-MTE	hyp1	News	NaN	3.5972
1166	1167	en	yor	challenge_SSA-MTE	hyp1	News	NaN	11.7813
1167	1168	en	yor	challenge_SSA-MTE	hyp1	News	NaN	23.3896
1168	1169	en	yor	challenge_SSA-MTE	hyp1	News	NaN	15.5139
1169	1170	en	yor	challenge_SSA-MTE	hyp1	News	NaN	29.6844
1170	1171	en	yor	challenge_SSA-MTE	hyp1	News	NaN	4.3726
1171	1172	en	yor	challenge_SSA-MTE	hyp1	News	NaN	9.8918
1172	1173	en	yor	challenge_SSA-MTE	hyp1	News	NaN	6.2881
1173	1174	en	yor	challenge_SSA-MTE	hyp1	News	NaN	1.4360
1174	1175	en	yor	challenge_SSA-MTE	hyp1	News	NaN	10.3544
1175	1176	en	yor	challenge_SSA-MTE	hyp1	News	NaN	1.2994
1176	1177	en	yor	challenge_SSA-MTE	hyp1	News	NaN	12.1721
1177	1178	en	yor	challenge_SSA-MTE	hyp1	News	NaN	16.2542
1178	1179	en	yor	challenge_SSA-MTE	hyp1	News	NaN	5.6959
1179	1180	en	yor	challenge_SSA-MTE	hyp1	News	NaN	5.6959
1180	1181	en	yor	challenge_SSA-MTE	hyp1	News	NaN	3.6074
1181	1182	en	yor	challenge_SSA-MTE	hyp1	News	NaN	5.9112
1182	1183	en	yor	challenge_SSA-MTE	hyp1	News	NaN	20.8633
1183	1184	en	yor	challenge_SSA-MTE	hyp1	News	NaN	2.5258
1184	1185	en	yor	challenge_SSA-MTE	hyp1	News	NaN	12.0959
1185	1186	en	yor	challenge_SSA-MTE	hyp1	News	NaN	1.4328
1186	1187	en	yor	challenge_SSA-MTE	hyp1	News	NaN	1.5019
1187	1188	en	yor	challenge_SSA-MTE	hyp1	News	NaN	1.5397
1188	1189	en	yor	challenge_SSA-MTE	hyp1	News	NaN	9.6389
1189	1190	en	yor	challenge_SSA-MTE	hyp1	News	NaN	11.6469
1190	1191	en	yor	challenge_SSA-MTE	hyp1	News	NaN	10.3590
1191	1192	en	yor	challenge_SSA-MTE	hyp1	News	NaN	2.7105
1192	1193	en	yor	challenge_SSA-MTE	hyp1	News	NaN	10.2962
1193	1194	en	yor	challenge_SSA-MTE	hyp1	News	NaN	1.5397
1194	1195	en	yor	challenge_SSA-MTE	hyp1	News	NaN	15.2852
1195	1196	en	yor	challenge_SSA-MTE	hyp1	News	NaN	9.7123
1196	1197	en	yor	challenge_SSA-MTE	hyp1	News	NaN	15.8142
1197	1198	en	yor	challenge_SSA-MTE	hyp1	News	NaN	2.6003
1198	1199	en	yor	challenge_SSA-MTE	hyp1	News	NaN	7.0717
1199	1200	en	yor	challenge_SSA-MTE	hyp1	News	NaN	21.0813
1200	1201	en	yor	challenge_SSA-MTE	hyp1	News	NaN	4.0616
1201	1202	en	yor	challenge_SSA-MTE	hyp1	News	NaN	23.2119
1202	1203	en	yor	challenge_SSA-MTE	hyp1	News	NaN	3.3570
1203	1204	en	yor	challenge_SSA-MTE	hyp1	News	NaN	2.9415
1204	1205	en	yor	challenge_SSA-MTE	hyp1	News	NaN	14.3068
1205	1206	en	yor	challenge_SSA-MTE	hyp1	News	NaN	2.9415
0	1	fr	ewe	challenge_SSA-MTE	hyp1	News	NaN	4.9969
1	2	fr	ewe	challenge_SSA-MTE	hyp1	News	NaN	2.7077
2	3	fr	ewe	challenge_SSA-MTE	hyp1	News	NaN	4.5400
3	4	fr	ewe	challenge_SSA-MTE	hyp1	News	NaN	3.7374
4	5	fr	ewe	challenge_SSA-MTE	hyp1	News	NaN	4.9951
5	6	fr	ewe	challenge_SSA-MTE	hyp1	News	NaN	6.6899
6	7	fr	ewe	challenge_SSA-MTE	hyp1	News	NaN	4.2465
7	8	fr	ewe	challenge_SSA-MTE	hyp1	News	NaN	3.7644
8	9	fr	ewe	challenge_SSA-MTE	hyp1	News	NaN	4.2665
9	10	fr	ewe	challenge_SSA-MTE	hyp1	News	NaN	3.7018
10	11	fr	ewe	challenge_SSA-MTE	hyp1	News	NaN	4.4569
11	12	fr	ewe	challenge_SSA-MTE	hyp1	News	NaN	5.1146
12	13	fr	ewe	challenge_SSA-MTE	hyp1	News	NaN	5.6148
13	14	fr	ewe	challenge_SSA-MTE	hyp1	News	NaN	5.1146
14	15	fr	ewe	challenge_SSA-MTE	hyp1	News	NaN	6.4791
15	16	fr	ewe	challenge_SSA-MTE	hyp1	News	NaN	5.8689
16	17	fr	ewe	challenge_SSA-MTE	hyp1	News	NaN	11.3396
17	18	fr	ewe	challenge_SSA-MTE	hyp1	News	NaN	12.2562
18	19	fr	ewe	challenge_SSA-MTE	hyp1	News	NaN	6.4139
19	20	fr	ewe	challenge_SSA-MTE	hyp1	News	NaN	8.2086
20	21	fr	ewe	challenge_SSA-MTE	hyp1	News	NaN	3.7087
21	22	fr	ewe	challenge_SSA-MTE	hyp1	News	NaN	8.2952
22	23	fr	ewe	challenge_SSA-MTE	hyp1	News	NaN	8.9138
23	24	fr	ewe	challenge_SSA-MTE	hyp1	News	NaN	4.0654
24	25	fr	ewe	challenge_SSA-MTE	hyp1	News	NaN	4.0626
25	26	fr	ewe	challenge_SSA-MTE	hyp1	News	NaN	4.4960
26	27	fr	ewe	challenge_SSA-MTE	hyp1	News	NaN	4.0654
27	28	fr	ewe	challenge_SSA-MTE	hyp1	News	NaN	4.0626
28	29	fr	ewe	challenge_SSA-MTE	hyp1	News	NaN	7.7388
29	30	fr	ewe	challenge_SSA-MTE	hyp1	News	NaN	15.9956
30	31	fr	ewe	challenge_SSA-MTE	hyp1	News	NaN	47.6310
31	32	fr	ewe	challenge_SSA-MTE	hyp1	News	NaN	19.6943
32	33	fr	ewe	challenge_SSA-MTE	hyp1	News	NaN	7.2570
33	34	fr	ewe	challenge_SSA-MTE	hyp1	News	NaN	4.1961
34	35	fr	ewe	challenge_SSA-MTE	hyp1	News	NaN	4.1961
35	36	fr	ewe	challenge_SSA-MTE	hyp1	News	NaN	4.7677
36	37	fr	ewe	challenge_SSA-MTE	hyp1	News	NaN	4.9900
37	38	fr	ewe	challenge_SSA-MTE	hyp1	News	NaN	5.0619
38	39	fr	ewe	challenge_SSA-MTE	hyp1	News	NaN	3.3865
39	40	fr	ewe	challenge_SSA-MTE	hyp1	News	NaN	3.0891
40	41	fr	ewe	challenge_SSA-MTE	hyp1	News	NaN	5.8166
41	42	fr	ewe	challenge_SSA-MTE	hyp1	News	NaN	4.5739
42	43	fr	ewe	challenge_SSA-MTE	hyp1	News	NaN	9.5604
43	44	fr	ewe	challenge_SSA-MTE	hyp1	News	NaN	2.9083
44	45	fr	ewe	challenge_SSA-MTE	hyp1	News	NaN	37.7733
45	46	fr	ewe	challenge_SSA-MTE	hyp1	News	NaN	13.1883
46	47	fr	ewe	challenge_SSA-MTE	hyp1	News	NaN	14.3210
47	48	fr	ewe	challenge_SSA-MTE	hyp1	News	NaN	6.2043
48	49	fr	ewe	challenge_SSA-MTE	hyp1	News	NaN	18.1076
49	50	fr	ewe	challenge_SSA-MTE	hyp1	News	NaN	28.1872
50	51	fr	ewe	challenge_SSA-MTE	hyp1	News	NaN	15.8445
51	52	fr	ewe	challenge_SSA-MTE	hyp1	News	NaN	16.9912
52	53	fr	ewe	challenge_SSA-MTE	hyp1	News	NaN	21.3054
53	54	fr	ewe	challenge_SSA-MTE	hyp1	News	NaN	11.1212
54	55	fr	ewe	challenge_SSA-MTE	hyp1	News	NaN	6.8962
55	56	fr	ewe	challenge_SSA-MTE	hyp1	News	NaN	8.5908
56	57	fr	ewe	challenge_SSA-MTE	hyp1	News	NaN	9.3182
57	58	fr	ewe	challenge_SSA-MTE	hyp1	News	NaN	11.1914
58	59	fr	ewe	challenge_SSA-MTE	hyp1	News	NaN	40.3250
59	60	fr	ewe	challenge_SSA-MTE	hyp1	News	NaN	8.9534
60	61	fr	ewe	challenge_SSA-MTE	hyp1	News	NaN	7.5289
61	62	fr	ewe	challenge_SSA-MTE	hyp1	News	NaN	7.2091
62	63	fr	ewe	challenge_SSA-MTE	hyp1	News	NaN	8.9534
63	64	fr	ewe	challenge_SSA-MTE	hyp1	News	NaN	24.9033
64	65	fr	ewe	challenge_SSA-MTE	hyp1	News	NaN	16.4519
65	66	fr	ewe	challenge_SSA-MTE	hyp1	News	NaN	33.3448
66	67	fr	ewe	challenge_SSA-MTE	hyp1	News	NaN	32.3772
67	68	fr	ewe	challenge_SSA-MTE	hyp1	News	NaN	28.4333
68	69	fr	ewe	challenge_SSA-MTE	hyp1	News	NaN	53.4600
69	70	fr	ewe	challenge_SSA-MTE	hyp1	News	NaN	2.8603
70	71	fr	ewe	challenge_SSA-MTE	hyp1	News	NaN	36.7050
71	72	fr	ewe	challenge_SSA-MTE	hyp1	News	NaN	4.2791
72	73	fr	ewe	challenge_SSA-MTE	hyp1	News	NaN	44.2835
73	74	fr	ewe	challenge_SSA-MTE	hyp1	News	NaN	2.2573
74	75	fr	ewe	challenge_SSA-MTE	hyp1	News	NaN	4.5145
75	76	fr	ewe	challenge_SSA-MTE	hyp1	News	NaN	4.2097
76	77	fr	ewe	challenge_SSA-MTE	hyp1	News	NaN	4.1487
77	78	fr	ewe	challenge_SSA-MTE	hyp1	News	NaN	4.0506
78	79	fr	ewe	challenge_SSA-MTE	hyp1	News	NaN	7.2570
79	80	fr	ewe	challenge_SSA-MTE	hyp1	News	NaN	7.8939
80	81	fr	ewe	challenge_SSA-MTE	hyp1	News	NaN	2.8289
81	82	fr	ewe	challenge_SSA-MTE	hyp1	News	NaN	8.2952
82	83	fr	ewe	challenge_SSA-MTE	hyp1	News	NaN	3.8177
83	84	fr	ewe	challenge_SSA-MTE	hyp1	News	NaN	5.3708
84	85	fr	ewe	challenge_SSA-MTE	hyp1	News	NaN	11.2038
85	86	fr	ewe	challenge_SSA-MTE	hyp1	News	NaN	7.4956
86	87	fr	ewe	challenge_SSA-MTE	hyp1	News	NaN	6.2504
87	88	fr	ewe	challenge_SSA-MTE	hyp1	News	NaN	21.2588
88	89	fr	ewe	challenge_SSA-MTE	hyp1	News	NaN	9.8461
89	90	fr	ewe	challenge_SSA-MTE	hyp1	News	NaN	22.6374
90	91	fr	ewe	challenge_SSA-MTE	hyp1	News	NaN	11.6439
91	92	fr	ewe	challenge_SSA-MTE	hyp1	News	NaN	3.6354
92	93	fr	ewe	challenge_SSA-MTE	hyp1	News	NaN	3.6354
93	94	fr	ewe	challenge_SSA-MTE	hyp1	News	NaN	3.6735
94	95	fr	ewe	challenge_SSA-MTE	hyp1	News	NaN	27.7762
95	96	fr	ewe	challenge_SSA-MTE	hyp1	News	NaN	3.3865
96	97	fr	ewe	challenge_SSA-MTE	hyp1	News	NaN	10.5118
97	98	fr	ewe	challenge_SSA-MTE	hyp1	News	NaN	31.2394
98	99	fr	ewe	challenge_SSA-MTE	hyp1	News	NaN	11.2085
99	100	fr	ewe	challenge_SSA-MTE	hyp1	News	NaN	2.7197
100	101	fr	ewe	challenge_SSA-MTE	hyp1	News	NaN	3.4586
101	102	fr	ewe	challenge_SSA-MTE	hyp1	News	NaN	8.0545
102	103	fr	ewe	challenge_SSA-MTE	hyp1	News	NaN	9.9801
103	104	fr	ewe	challenge_SSA-MTE	hyp1	News	NaN	6.2504
104	105	fr	ewe	challenge_SSA-MTE	hyp1	News	NaN	5.6797
105	106	fr	ewe	challenge_SSA-MTE	hyp1	News	NaN	3.7478
106	107	fr	ewe	challenge_SSA-MTE	hyp1	News	NaN	7.4956
107	108	fr	ewe	challenge_SSA-MTE	hyp1	News	NaN	9.2875
108	109	fr	ewe	challenge_SSA-MTE	hyp1	News	NaN	14.3595
109	110	fr	ewe	challenge_SSA-MTE	hyp1	News	NaN	28.8898
110	111	fr	ewe	challenge_SSA-MTE	hyp1	News	NaN	21.7847
111	112	fr	ewe	challenge_SSA-MTE	hyp1	News	NaN	21.5287
112	113	fr	ewe	challenge_SSA-MTE	hyp1	News	NaN	24.9417
113	114	fr	ewe	challenge_SSA-MTE	hyp1	News	NaN	7.2239
114	115	fr	ewe	challenge_SSA-MTE	hyp1	News	NaN	7.5358
115	116	fr	ewe	challenge_SSA-MTE	hyp1	News	NaN	8.7674
116	117	fr	ewe	challenge_SSA-MTE	hyp1	News	NaN	8.5544
117	118	fr	ewe	challenge_SSA-MTE	hyp1	News	NaN	14.0258
118	119	fr	ewe	challenge_SSA-MTE	hyp1	News	NaN	13.8344
119	120	fr	ewe	challenge_SSA-MTE	hyp1	News	NaN	14.9498
120	121	fr	ewe	challenge_SSA-MTE	hyp1	News	NaN	8.9534
121	122	fr	ewe	challenge_SSA-MTE	hyp1	News	NaN	5.4130
122	123	fr	ewe	challenge_SSA-MTE	hyp1	News	NaN	6.8396
123	124	fr	ewe	challenge_SSA-MTE	hyp1	News	NaN	4.6192
124	125	fr	ewe	challenge_SSA-MTE	hyp1	News	NaN	2.1301
125	126	fr	ewe	challenge_SSA-MTE	hyp1	News	NaN	3.8276
126	127	fr	ewe	challenge_SSA-MTE	hyp1	News	NaN	6.2504
127	128	fr	ewe	challenge_SSA-MTE	hyp1	News	NaN	3.6735
128	129	fr	ewe	challenge_SSA-MTE	hyp1	News	NaN	3.0098
129	130	fr	ewe	challenge_SSA-MTE	hyp1	News	NaN	9.7707
130	131	fr	ewe	challenge_SSA-MTE	hyp1	News	NaN	6.0545
131	132	fr	ewe	challenge_SSA-MTE	hyp1	News	NaN	7.1270
132	133	fr	ewe	challenge_SSA-MTE	hyp1	News	NaN	5.5618
133	134	fr	ewe	challenge_SSA-MTE	hyp1	News	NaN	5.1182
134	135	fr	ewe	challenge_SSA-MTE	hyp1	News	NaN	8.9063
135	136	fr	ewe	challenge_SSA-MTE	hyp1	News	NaN	4.0967
136	137	fr	ewe	challenge_SSA-MTE	hyp1	News	NaN	16.2436
137	138	fr	ewe	challenge_SSA-MTE	hyp1	News	NaN	12.2591
138	139	fr	ewe	challenge_SSA-MTE	hyp1	News	NaN	2.1597
139	140	fr	ewe	challenge_SSA-MTE	hyp1	News	NaN	4.5720
140	141	fr	ewe	challenge_SSA-MTE	hyp1	News	NaN	2.5770
141	142	fr	ewe	challenge_SSA-MTE	hyp1	News	NaN	33.3448
142	143	fr	ewe	challenge_SSA-MTE	hyp1	News	NaN	3.4586
143	144	fr	ewe	challenge_SSA-MTE	hyp1	News	NaN	18.3498
144	145	fr	ewe	challenge_SSA-MTE	hyp1	News	NaN	26.2207
145	146	fr	ewe	challenge_SSA-MTE	hyp1	News	NaN	40.7122
146	147	fr	ewe	challenge_SSA-MTE	hyp1	News	NaN	12.5822
147	148	fr	ewe	challenge_SSA-MTE	hyp1	News	NaN	9.1683
148	149	fr	ewe	challenge_SSA-MTE	hyp1	News	NaN	15.2243
149	150	fr	ewe	challenge_SSA-MTE	hyp1	News	NaN	11.2133
150	151	fr	ewe	challenge_SSA-MTE	hyp1	News	NaN	13.4008
151	152	fr	ewe	challenge_SSA-MTE	hyp1	News	NaN	2.5772
152	153	fr	ewe	challenge_SSA-MTE	hyp1	News	NaN	5.9773
153	154	fr	ewe	challenge_SSA-MTE	hyp1	News	NaN	3.1142
154	155	fr	ewe	challenge_SSA-MTE	hyp1	News	NaN	4.7575
155	156	fr	ewe	challenge_SSA-MTE	hyp1	News	NaN	19.1750
156	157	fr	ewe	challenge_SSA-MTE	hyp1	News	NaN	4.5825
157	158	fr	ewe	challenge_SSA-MTE	hyp1	News	NaN	2.5561
158	159	fr	ewe	challenge_SSA-MTE	hyp1	News	NaN	6.8147
159	160	fr	ewe	challenge_SSA-MTE	hyp1	News	NaN	5.4110
160	161	fr	ewe	challenge_SSA-MTE	hyp1	News	NaN	5.5387
161	162	fr	ewe	challenge_SSA-MTE	hyp1	News	NaN	4.5046
162	163	fr	ewe	challenge_SSA-MTE	hyp1	News	NaN	5.6808
163	164	fr	ewe	challenge_SSA-MTE	hyp1	News	NaN	6.2847
164	165	fr	ewe	challenge_SSA-MTE	hyp1	News	NaN	2.8265
165	166	fr	ewe	challenge_SSA-MTE	hyp1	News	NaN	6.0472
166	167	fr	ewe	challenge_SSA-MTE	hyp1	News	NaN	26.9166
167	168	fr	ewe	challenge_SSA-MTE	hyp1	News	NaN	2.0316
168	169	fr	ewe	challenge_SSA-MTE	hyp1	News	NaN	29.0137
169	170	fr	ewe	challenge_SSA-MTE	hyp1	News	NaN	31.5696
170	171	fr	ewe	challenge_SSA-MTE	hyp1	News	NaN	4.2989
171	172	fr	ewe	challenge_SSA-MTE	hyp1	News	NaN	1.5997
172	173	fr	ewe	challenge_SSA-MTE	hyp1	News	NaN	2.3184
173	174	fr	ewe	challenge_SSA-MTE	hyp1	News	NaN	2.7032
174	175	fr	ewe	challenge_SSA-MTE	hyp1	News	NaN	5.1174
175	176	fr	ewe	challenge_SSA-MTE	hyp1	News	NaN	2.4426
176	177	fr	ewe	challenge_SSA-MTE	hyp1	News	NaN	5.2509
177	178	fr	ewe	challenge_SSA-MTE	hyp1	News	NaN	8.7941
178	179	fr	ewe	challenge_SSA-MTE	hyp1	News	NaN	6.9868
179	180	fr	ewe	challenge_SSA-MTE	hyp1	News	NaN	6.9622
180	181	fr	ewe	challenge_SSA-MTE	hyp1	News	NaN	5.1656
181	182	fr	ewe	challenge_SSA-MTE	hyp1	News	NaN	5.7260
182	183	fr	ewe	challenge_SSA-MTE	hyp1	News	NaN	7.7321
183	184	fr	ewe	challenge_SSA-MTE	hyp1	News	NaN	6.9868
184	185	fr	ewe	challenge_SSA-MTE	hyp1	News	NaN	15.2158
185	186	fr	ewe	challenge_SSA-MTE	hyp1	News	NaN	3.3396
186	187	fr	ewe	challenge_SSA-MTE	hyp1	News	NaN	12.6894
187	188	fr	ewe	challenge_SSA-MTE	hyp1	News	NaN	3.1933
188	189	fr	ewe	challenge_SSA-MTE	hyp1	News	NaN	2.2732
189	190	fr	ewe	challenge_SSA-MTE	hyp1	News	NaN	2.6643
190	191	fr	ewe	challenge_SSA-MTE	hyp1	News	NaN	3.6447
191	192	fr	ewe	challenge_SSA-MTE	hyp1	News	NaN	2.1301
192	193	fr	ewe	challenge_SSA-MTE	hyp1	News	NaN	0.0000
193	194	fr	ewe	challenge_SSA-MTE	hyp1	News	NaN	6.6090
194	195	fr	ewe	challenge_SSA-MTE	hyp1	News	NaN	5.7514
195	196	fr	ewe	challenge_SSA-MTE	hyp1	News	NaN	4.2212
196	197	fr	ewe	challenge_SSA-MTE	hyp1	News	NaN	5.9886
197	198	fr	ewe	challenge_SSA-MTE	hyp1	News	NaN	2.5198
198	199	fr	ewe	challenge_SSA-MTE	hyp1	News	NaN	3.4586
199	200	fr	ewe	challenge_SSA-MTE	hyp1	News	NaN	3.0982
200	201	fr	ewe	challenge_SSA-MTE	hyp1	News	NaN	2.1671
201	202	fr	ewe	challenge_SSA-MTE	hyp1	News	NaN	1.7912
202	203	fr	ewe	challenge_SSA-MTE	hyp1	News	NaN	11.9809
203	204	fr	ewe	challenge_SSA-MTE	hyp1	News	NaN	29.2561
204	205	fr	ewe	challenge_SSA-MTE	hyp1	News	NaN	10.5803
205	206	fr	ewe	challenge_SSA-MTE	hyp1	News	NaN	45.4670
206	207	fr	ewe	challenge_SSA-MTE	hyp1	News	NaN	24.6014
207	208	fr	ewe	challenge_SSA-MTE	hyp1	News	NaN	37.2779
208	209	fr	ewe	challenge_SSA-MTE	hyp1	News	NaN	2.0677
209	210	fr	ewe	challenge_SSA-MTE	hyp1	News	NaN	38.8172
210	211	fr	ewe	challenge_SSA-MTE	hyp1	News	NaN	13.5585
211	212	fr	ewe	challenge_SSA-MTE	hyp1	News	NaN	4.8150
212	213	fr	ewe	challenge_SSA-MTE	hyp1	News	NaN	2.4427
213	214	fr	ewe	challenge_SSA-MTE	hyp1	News	NaN	4.8150
214	215	fr	ewe	challenge_SSA-MTE	hyp1	News	NaN	5.3286
215	216	fr	ewe	challenge_SSA-MTE	hyp1	News	NaN	6.9172
216	217	fr	ewe	challenge_SSA-MTE	hyp1	News	NaN	16.9164
217	218	fr	ewe	challenge_SSA-MTE	hyp1	News	NaN	8.1385
218	219	fr	ewe	challenge_SSA-MTE	hyp1	News	NaN	9.6198
219	220	fr	ewe	challenge_SSA-MTE	hyp1	News	NaN	7.9023
220	221	fr	ewe	challenge_SSA-MTE	hyp1	News	NaN	2.8630
221	222	fr	ewe	challenge_SSA-MTE	hyp1	News	NaN	2.3901
222	223	fr	ewe	challenge_SSA-MTE	hyp1	News	NaN	1.2350
223	224	fr	ewe	challenge_SSA-MTE	hyp1	News	NaN	2.4427
224	225	fr	ewe	challenge_SSA-MTE	hyp1	News	NaN	3.6529
225	226	fr	ewe	challenge_SSA-MTE	hyp1	News	NaN	5.4277
226	227	fr	ewe	challenge_SSA-MTE	hyp1	News	NaN	2.9965
227	228	fr	ewe	challenge_SSA-MTE	hyp1	News	NaN	3.3868
228	229	fr	ewe	challenge_SSA-MTE	hyp1	News	NaN	4.7249
229	230	fr	ewe	challenge_SSA-MTE	hyp1	News	NaN	8.8526
230	231	fr	ewe	challenge_SSA-MTE	hyp1	News	NaN	11.6221
231	232	fr	ewe	challenge_SSA-MTE	hyp1	News	NaN	9.4285
232	233	fr	ewe	challenge_SSA-MTE	hyp1	News	NaN	12.5056
233	234	fr	ewe	challenge_SSA-MTE	hyp1	News	NaN	8.2096
234	235	fr	ewe	challenge_SSA-MTE	hyp1	News	NaN	2.2732
235	236	fr	ewe	challenge_SSA-MTE	hyp1	News	NaN	6.4372
236	237	fr	ewe	challenge_SSA-MTE	hyp1	News	NaN	2.1301
237	238	fr	ewe	challenge_SSA-MTE	hyp1	News	NaN	2.2250
238	239	fr	ewe	challenge_SSA-MTE	hyp1	News	NaN	2.5683
239	240	fr	ewe	challenge_SSA-MTE	hyp1	News	NaN	4.0579
240	241	fr	ewe	challenge_SSA-MTE	hyp1	News	NaN	1.8868
241	242	fr	ewe	challenge_SSA-MTE	hyp1	News	NaN	5.4012
242	243	fr	ewe	challenge_SSA-MTE	hyp1	News	NaN	5.4012
243	244	fr	ewe	challenge_SSA-MTE	hyp1	News	NaN	6.1503
244	245	fr	ewe	challenge_SSA-MTE	hyp1	News	NaN	5.7514
245	246	fr	ewe	challenge_SSA-MTE	hyp1	News	NaN	4.1411
246	247	fr	ewe	challenge_SSA-MTE	hyp1	News	NaN	2.7033
247	248	fr	ewe	challenge_SSA-MTE	hyp1	News	NaN	5.6530
248	249	fr	ewe	challenge_SSA-MTE	hyp1	News	NaN	3.2929
249	250	fr	ewe	challenge_SSA-MTE	hyp1	News	NaN	3.2200
250	251	fr	ewe	challenge_SSA-MTE	hyp1	News	NaN	2.5021
251	252	fr	ewe	challenge_SSA-MTE	hyp1	News	NaN	2.3129
252	253	fr	ewe	challenge_SSA-MTE	hyp1	News	NaN	4.7167
253	254	fr	ewe	challenge_SSA-MTE	hyp1	News	NaN	2.5591
254	255	fr	ewe	challenge_SSA-MTE	hyp1	News	NaN	2.6088
255	256	fr	ewe	challenge_SSA-MTE	hyp1	News	NaN	3.0373
256	257	fr	ewe	challenge_SSA-MTE	hyp1	News	NaN	2.4427
257	258	fr	ewe	challenge_SSA-MTE	hyp1	News	NaN	4.5941
258	259	fr	ewe	challenge_SSA-MTE	hyp1	News	NaN	5.8229
259	260	fr	ewe	challenge_SSA-MTE	hyp1	News	NaN	8.7574
260	261	fr	ewe	challenge_SSA-MTE	hyp1	News	NaN	4.4011
261	262	fr	ewe	challenge_SSA-MTE	hyp1	News	NaN	5.2176
262	263	fr	ewe	challenge_SSA-MTE	hyp1	News	NaN	6.3273
263	264	fr	ewe	challenge_SSA-MTE	hyp1	News	NaN	1.9346
264	265	fr	ewe	challenge_SSA-MTE	hyp1	News	NaN	5.5515
265	266	fr	ewe	challenge_SSA-MTE	hyp1	News	NaN	5.5387
266	267	fr	ewe	challenge_SSA-MTE	hyp1	News	NaN	4.1561
267	268	fr	ewe	challenge_SSA-MTE	hyp1	News	NaN	6.3704
268	269	fr	ewe	challenge_SSA-MTE	hyp1	News	NaN	7.4330
269	270	fr	ewe	challenge_SSA-MTE	hyp1	News	NaN	6.1342
270	271	fr	ewe	challenge_SSA-MTE	hyp1	News	NaN	8.9344
271	272	fr	ewe	challenge_SSA-MTE	hyp1	News	NaN	3.3873
272	273	fr	ewe	challenge_SSA-MTE	hyp1	News	NaN	1.6867
273	274	fr	ewe	challenge_SSA-MTE	hyp1	News	NaN	3.1000
274	275	fr	ewe	challenge_SSA-MTE	hyp1	News	NaN	3.9517
275	276	fr	ewe	challenge_SSA-MTE	hyp1	News	NaN	8.0621
276	277	fr	ewe	challenge_SSA-MTE	hyp1	News	NaN	2.4427
277	278	fr	ewe	challenge_SSA-MTE	hyp1	News	NaN	13.7859
278	279	fr	ewe	challenge_SSA-MTE	hyp1	News	NaN	4.5537
279	280	fr	ewe	challenge_SSA-MTE	hyp1	News	NaN	17.0328
280	281	fr	ewe	challenge_SSA-MTE	hyp1	News	NaN	4.3437
281	282	fr	ewe	challenge_SSA-MTE	hyp1	News	NaN	5.6530
282	283	fr	ewe	challenge_SSA-MTE	hyp1	News	NaN	2.1671
283	284	fr	ewe	challenge_SSA-MTE	hyp1	News	NaN	1.6610
284	285	fr	ewe	challenge_SSA-MTE	hyp1	News	NaN	1.8075
285	286	fr	ewe	challenge_SSA-MTE	hyp1	News	NaN	11.7281
286	287	fr	ewe	challenge_SSA-MTE	hyp1	News	NaN	6.3463
287	288	fr	ewe	challenge_SSA-MTE	hyp1	News	NaN	12.8491
288	289	fr	ewe	challenge_SSA-MTE	hyp1	News	NaN	11.7281
289	290	fr	ewe	challenge_SSA-MTE	hyp1	News	NaN	10.6573
290	291	fr	ewe	challenge_SSA-MTE	hyp1	News	NaN	6.7602
291	292	fr	ewe	challenge_SSA-MTE	hyp1	News	NaN	5.4393
292	293	fr	ewe	challenge_SSA-MTE	hyp1	News	NaN	2.5198
293	294	fr	ewe	challenge_SSA-MTE	hyp1	News	NaN	3.0373
294	295	fr	ewe	challenge_SSA-MTE	hyp1	News	NaN	2.2573
295	296	fr	ewe	challenge_SSA-MTE	hyp1	News	NaN	4.2239
296	297	fr	ewe	challenge_SSA-MTE	hyp1	News	NaN	9.7773
297	298	fr	ewe	challenge_SSA-MTE	hyp1	News	NaN	4.1759
298	299	fr	ewe	challenge_SSA-MTE	hyp1	News	NaN	4.5219
299	300	fr	ewe	challenge_SSA-MTE	hyp1	News	NaN	16.0799
300	301	fr	ewe	challenge_SSA-MTE	hyp1	News	NaN	10.2288
301	302	fr	ewe	challenge_SSA-MTE	hyp1	News	NaN	11.1830
302	303	fr	ewe	challenge_SSA-MTE	hyp1	News	NaN	7.6811
303	304	fr	ewe	challenge_SSA-MTE	hyp1	News	NaN	10.7643
304	305	fr	ewe	challenge_SSA-MTE	hyp1	News	NaN	7.6811
305	306	fr	ewe	challenge_SSA-MTE	hyp1	News	NaN	10.5118
306	307	fr	ewe	challenge_SSA-MTE	hyp1	News	NaN	9.5827
307	308	fr	ewe	challenge_SSA-MTE	hyp1	News	NaN	21.9614
308	309	fr	ewe	challenge_SSA-MTE	hyp1	News	NaN	12.4896
309	310	fr	ewe	challenge_SSA-MTE	hyp1	News	NaN	14.0517
310	311	fr	ewe	challenge_SSA-MTE	hyp1	News	NaN	2.6342
311	312	fr	ewe	challenge_SSA-MTE	hyp1	News	NaN	31.6426
312	313	fr	ewe	challenge_SSA-MTE	hyp1	News	NaN	5.8097
313	314	fr	ewe	challenge_SSA-MTE	hyp1	News	NaN	5.8166
314	315	fr	ewe	challenge_SSA-MTE	hyp1	News	NaN	2.0753
315	316	fr	ewe	challenge_SSA-MTE	hyp1	News	NaN	6.1296
316	317	fr	ewe	challenge_SSA-MTE	hyp1	News	NaN	2.3901
317	318	fr	ewe	challenge_SSA-MTE	hyp1	News	NaN	4.6575
318	319	fr	ewe	challenge_SSA-MTE	hyp1	News	NaN	9.8808
319	320	fr	ewe	challenge_SSA-MTE	hyp1	News	NaN	3.7769
320	321	fr	ewe	challenge_SSA-MTE	hyp1	News	NaN	2.1301
321	322	fr	ewe	challenge_SSA-MTE	hyp1	News	NaN	4.2601
322	323	fr	ewe	challenge_SSA-MTE	hyp1	News	NaN	2.1640
323	324	fr	ewe	challenge_SSA-MTE	hyp1	News	NaN	6.5867
324	325	fr	ewe	challenge_SSA-MTE	hyp1	News	NaN	6.2568
325	326	fr	ewe	challenge_SSA-MTE	hyp1	News	NaN	16.5591
326	327	fr	ewe	challenge_SSA-MTE	hyp1	News	NaN	12.3849
327	328	fr	ewe	challenge_SSA-MTE	hyp1	News	NaN	10.1428
328	329	fr	ewe	challenge_SSA-MTE	hyp1	News	NaN	12.5822
329	330	fr	ewe	challenge_SSA-MTE	hyp1	News	NaN	3.2715
330	331	fr	ewe	challenge_SSA-MTE	hyp1	News	NaN	3.3868
331	332	fr	ewe	challenge_SSA-MTE	hyp1	News	NaN	2.9777
332	333	fr	ewe	challenge_SSA-MTE	hyp1	News	NaN	4.6680
333	334	fr	ewe	challenge_SSA-MTE	hyp1	News	NaN	3.2809
334	335	fr	ewe	challenge_SSA-MTE	hyp1	News	NaN	12.3819
335	336	fr	ewe	challenge_SSA-MTE	hyp1	News	NaN	17.8912
336	337	fr	ewe	challenge_SSA-MTE	hyp1	News	NaN	19.0520
337	338	fr	ewe	challenge_SSA-MTE	hyp1	News	NaN	16.8059
338	339	fr	ewe	challenge_SSA-MTE	hyp1	News	NaN	34.0791
339	340	fr	ewe	challenge_SSA-MTE	hyp1	News	NaN	8.0670
340	341	fr	ewe	challenge_SSA-MTE	hyp1	News	NaN	4.4499
341	342	fr	ewe	challenge_SSA-MTE	hyp1	News	NaN	3.7481
342	343	fr	ewe	challenge_SSA-MTE	hyp1	News	NaN	9.1870
343	344	fr	ewe	challenge_SSA-MTE	hyp1	News	NaN	7.3788
344	345	fr	ewe	challenge_SSA-MTE	hyp1	News	NaN	3.6221
345	346	fr	ewe	challenge_SSA-MTE	hyp1	News	NaN	3.8958
346	347	fr	ewe	challenge_SSA-MTE	hyp1	News	NaN	5.5966
347	348	fr	ewe	challenge_SSA-MTE	hyp1	News	NaN	4.6546
348	349	fr	ewe	challenge_SSA-MTE	hyp1	News	NaN	3.7905
349	350	fr	ewe	challenge_SSA-MTE	hyp1	News	NaN	1.4500
350	351	fr	ewe	challenge_SSA-MTE	hyp1	News	NaN	2.2620
351	352	fr	ewe	challenge_SSA-MTE	hyp1	News	NaN	2.1210
352	353	fr	ewe	challenge_SSA-MTE	hyp1	News	NaN	4.6848
353	354	fr	ewe	challenge_SSA-MTE	hyp1	News	NaN	2.4623
354	355	fr	ewe	challenge_SSA-MTE	hyp1	News	NaN	2.2250
355	356	fr	ewe	challenge_SSA-MTE	hyp1	News	NaN	3.6164
356	357	fr	ewe	challenge_SSA-MTE	hyp1	News	NaN	2.2523
357	358	fr	ewe	challenge_SSA-MTE	hyp1	News	NaN	1.8565
358	359	fr	ewe	challenge_SSA-MTE	hyp1	News	NaN	17.8957
359	360	fr	ewe	challenge_SSA-MTE	hyp1	News	NaN	29.3729
360	361	fr	ewe	challenge_SSA-MTE	hyp1	News	NaN	33.9567
361	362	fr	ewe	challenge_SSA-MTE	hyp1	News	NaN	26.7386
362	363	fr	ewe	challenge_SSA-MTE	hyp1	News	NaN	9.5627
363	364	fr	ewe	challenge_SSA-MTE	hyp1	News	NaN	7.3790
364	365	fr	ewe	challenge_SSA-MTE	hyp1	News	NaN	7.6122
365	366	fr	ewe	challenge_SSA-MTE	hyp1	News	NaN	10.3337
366	367	fr	ewe	challenge_SSA-MTE	hyp1	News	NaN	7.6478
367	368	fr	ewe	challenge_SSA-MTE	hyp1	News	NaN	8.2823
368	369	fr	ewe	challenge_SSA-MTE	hyp1	News	NaN	4.9680
369	370	fr	ewe	challenge_SSA-MTE	hyp1	News	NaN	4.8590
370	371	fr	ewe	challenge_SSA-MTE	hyp1	News	NaN	2.9624
371	372	fr	ewe	challenge_SSA-MTE	hyp1	News	NaN	5.1543
372	373	fr	ewe	challenge_SSA-MTE	hyp1	News	NaN	7.7323
373	374	fr	ewe	challenge_SSA-MTE	hyp1	News	NaN	2.7410
374	375	fr	ewe	challenge_SSA-MTE	hyp1	News	NaN	7.9782
375	376	fr	ewe	challenge_SSA-MTE	hyp1	News	NaN	9.6816
376	377	fr	ewe	challenge_SSA-MTE	hyp1	News	NaN	8.2391
377	378	fr	ewe	challenge_SSA-MTE	hyp1	News	NaN	4.2303
378	379	fr	ewe	challenge_SSA-MTE	hyp1	News	NaN	6.8962
379	380	fr	ewe	challenge_SSA-MTE	hyp1	News	NaN	4.3555
380	381	fr	ewe	challenge_SSA-MTE	hyp1	News	NaN	4.4063
381	382	fr	ewe	challenge_SSA-MTE	hyp1	News	NaN	4.9561
382	383	fr	ewe	challenge_SSA-MTE	hyp1	News	NaN	20.9888
383	384	fr	ewe	challenge_SSA-MTE	hyp1	News	NaN	18.4762
384	385	fr	ewe	challenge_SSA-MTE	hyp1	News	NaN	5.0124
385	386	fr	ewe	challenge_SSA-MTE	hyp1	News	NaN	21.9720
386	387	fr	ewe	challenge_SSA-MTE	hyp1	News	NaN	2.5198
387	388	fr	ewe	challenge_SSA-MTE	hyp1	News	NaN	2.4456
388	389	fr	ewe	challenge_SSA-MTE	hyp1	News	NaN	10.4233
389	390	fr	ewe	challenge_SSA-MTE	hyp1	News	NaN	9.5691
390	391	fr	ewe	challenge_SSA-MTE	hyp1	News	NaN	7.0910
391	392	fr	ewe	challenge_SSA-MTE	hyp1	News	NaN	18.8471
392	393	fr	ewe	challenge_SSA-MTE	hyp1	News	NaN	10.1443
393	394	fr	ewe	challenge_SSA-MTE	hyp1	News	NaN	19.8527
394	395	fr	ewe	challenge_SSA-MTE	hyp1	News	NaN	14.0459
395	396	fr	ewe	challenge_SSA-MTE	hyp1	News	NaN	24.0990
396	397	fr	ewe	challenge_SSA-MTE	hyp1	News	NaN	20.4213
397	398	fr	ewe	challenge_SSA-MTE	hyp1	News	NaN	29.3247
398	399	fr	ewe	challenge_SSA-MTE	hyp1	News	NaN	3.7781
399	400	fr	ewe	challenge_SSA-MTE	hyp1	News	NaN	3.8488
400	401	fr	ewe	challenge_SSA-MTE	hyp1	News	NaN	2.0706
401	402	fr	ewe	challenge_SSA-MTE	hyp1	News	NaN	3.0162
402	403	fr	ewe	challenge_SSA-MTE	hyp1	News	NaN	4.3194
403	404	fr	ewe	challenge_SSA-MTE	hyp1	News	NaN	4.3343
404	405	fr	ewe	challenge_SSA-MTE	hyp1	News	NaN	5.7260
405	406	fr	ewe	challenge_SSA-MTE	hyp1	News	NaN	40.5699
406	407	fr	ewe	challenge_SSA-MTE	hyp1	News	NaN	1.4446
407	408	fr	ewe	challenge_SSA-MTE	hyp1	News	NaN	35.8490
408	409	fr	ewe	challenge_SSA-MTE	hyp1	News	NaN	4.9564
409	410	fr	ewe	challenge_SSA-MTE	hyp1	News	NaN	18.5595
410	411	fr	ewe	challenge_SSA-MTE	hyp1	News	NaN	1.1525
411	412	fr	ewe	challenge_SSA-MTE	hyp1	News	NaN	3.6653
412	413	fr	ewe	challenge_SSA-MTE	hyp1	News	NaN	11.3829
413	414	fr	ewe	challenge_SSA-MTE	hyp1	News	NaN	12.1184
414	415	fr	ewe	challenge_SSA-MTE	hyp1	News	NaN	24.1807
415	416	fr	ewe	challenge_SSA-MTE	hyp1	News	NaN	22.1692
416	417	fr	ewe	challenge_SSA-MTE	hyp1	News	NaN	25.7487
417	418	fr	ewe	challenge_SSA-MTE	hyp1	News	NaN	12.8767
418	419	fr	ewe	challenge_SSA-MTE	hyp1	News	NaN	10.1290
419	420	fr	ewe	challenge_SSA-MTE	hyp1	News	NaN	16.1938
420	421	fr	ewe	challenge_SSA-MTE	hyp1	News	NaN	1.6404
421	422	fr	ewe	challenge_SSA-MTE	hyp1	News	NaN	4.3038
422	423	fr	ewe	challenge_SSA-MTE	hyp1	News	NaN	2.2250
423	424	fr	ewe	challenge_SSA-MTE	hyp1	News	NaN	3.7965
424	425	fr	ewe	challenge_SSA-MTE	hyp1	News	NaN	2.3287
425	426	fr	ewe	challenge_SSA-MTE	hyp1	News	NaN	4.8853
426	427	fr	ewe	challenge_SSA-MTE	hyp1	News	NaN	0.8496
427	428	fr	ewe	challenge_SSA-MTE	hyp1	News	NaN	2.5683
428	429	fr	ewe	challenge_SSA-MTE	hyp1	News	NaN	22.1102
429	430	fr	ewe	challenge_SSA-MTE	hyp1	News	NaN	28.2878
430	431	fr	ewe	challenge_SSA-MTE	hyp1	News	NaN	17.8469
431	432	fr	ewe	challenge_SSA-MTE	hyp1	News	NaN	9.8123
432	433	fr	ewe	challenge_SSA-MTE	hyp1	News	NaN	5.3133
433	434	fr	ewe	challenge_SSA-MTE	hyp1	News	NaN	7.5026
434	435	fr	ewe	challenge_SSA-MTE	hyp1	News	NaN	6.0648
435	436	fr	ewe	challenge_SSA-MTE	hyp1	News	NaN	5.5961
436	437	fr	ewe	challenge_SSA-MTE	hyp1	News	NaN	3.1732
437	438	fr	ewe	challenge_SSA-MTE	hyp1	News	NaN	7.7250
438	439	fr	ewe	challenge_SSA-MTE	hyp1	News	NaN	4.7442
439	440	fr	ewe	challenge_SSA-MTE	hyp1	News	NaN	3.5199
440	441	fr	ewe	challenge_SSA-MTE	hyp1	News	NaN	3.7769
441	442	fr	ewe	challenge_SSA-MTE	hyp1	News	NaN	2.1721
442	443	fr	ewe	challenge_SSA-MTE	hyp1	News	NaN	2.2250
443	444	fr	ewe	challenge_SSA-MTE	hyp1	News	NaN	4.7802
444	445	fr	ewe	challenge_SSA-MTE	hyp1	News	NaN	4.3441
445	446	fr	ewe	challenge_SSA-MTE	hyp1	News	NaN	5.4065
446	447	fr	ewe	challenge_SSA-MTE	hyp1	News	NaN	12.0226
447	448	fr	ewe	challenge_SSA-MTE	hyp1	News	NaN	8.3387
448	449	fr	ewe	challenge_SSA-MTE	hyp1	News	NaN	7.7796
449	450	fr	ewe	challenge_SSA-MTE	hyp1	News	NaN	11.6221
450	451	fr	ewe	challenge_SSA-MTE	hyp1	News	NaN	7.0549
451	452	fr	ewe	challenge_SSA-MTE	hyp1	News	NaN	8.8988
452	453	fr	ewe	challenge_SSA-MTE	hyp1	News	NaN	10.6573
453	454	fr	ewe	challenge_SSA-MTE	hyp1	News	NaN	9.7707
454	455	fr	ewe	challenge_SSA-MTE	hyp1	News	NaN	10.5803
455	456	fr	ewe	challenge_SSA-MTE	hyp1	News	NaN	19.4645
456	457	fr	ewe	challenge_SSA-MTE	hyp1	News	NaN	13.1236
457	458	fr	ewe	challenge_SSA-MTE	hyp1	News	NaN	6.6808
458	459	fr	ewe	challenge_SSA-MTE	hyp1	News	NaN	9.6315
459	460	fr	ewe	challenge_SSA-MTE	hyp1	News	NaN	9.3605
460	461	fr	ewe	challenge_SSA-MTE	hyp1	News	NaN	9.0334
461	462	fr	ewe	challenge_SSA-MTE	hyp1	News	NaN	5.1144
462	463	fr	ewe	challenge_SSA-MTE	hyp1	News	NaN	0.0000
463	464	fr	ewe	challenge_SSA-MTE	hyp1	News	NaN	5.0491
464	465	fr	ewe	challenge_SSA-MTE	hyp1	News	NaN	32.1411
465	466	fr	ewe	challenge_SSA-MTE	hyp1	News	NaN	2.3618
466	467	fr	ewe	challenge_SSA-MTE	hyp1	News	NaN	6.1086
467	468	fr	ewe	challenge_SSA-MTE	hyp1	News	NaN	1.5394
468	469	fr	ewe	challenge_SSA-MTE	hyp1	News	NaN	3.7769
469	470	fr	ewe	challenge_SSA-MTE	hyp1	News	NaN	4.9247
470	471	fr	ewe	challenge_SSA-MTE	hyp1	News	NaN	5.3286
471	472	fr	ewe	challenge_SSA-MTE	hyp1	News	NaN	5.9301
472	473	fr	ewe	challenge_SSA-MTE	hyp1	News	NaN	0.9432
473	474	fr	ewe	challenge_SSA-MTE	hyp1	News	NaN	4.9725
474	475	fr	ewe	challenge_SSA-MTE	hyp1	News	NaN	5.3366
475	476	fr	ewe	challenge_SSA-MTE	hyp1	News	NaN	11.4848
476	477	fr	ewe	challenge_SSA-MTE	hyp1	News	NaN	5.3014
477	478	fr	ewe	challenge_SSA-MTE	hyp1	News	NaN	26.9947
478	479	fr	ewe	challenge_SSA-MTE	hyp1	News	NaN	13.5978
479	480	fr	ewe	challenge_SSA-MTE	hyp1	News	NaN	30.8887
480	481	fr	ewe	challenge_SSA-MTE	hyp1	News	NaN	16.3071
481	482	fr	ewe	challenge_SSA-MTE	hyp1	News	NaN	5.7965
482	483	fr	ewe	challenge_SSA-MTE	hyp1	News	NaN	0.0000
483	484	fr	ewe	challenge_SSA-MTE	hyp1	News	NaN	3.9647
484	485	fr	ewe	challenge_SSA-MTE	hyp1	News	NaN	6.3364
485	486	fr	ewe	challenge_SSA-MTE	hyp1	News	NaN	9.5019
486	487	fr	ewe	challenge_SSA-MTE	hyp1	News	NaN	11.1467
487	488	fr	ewe	challenge_SSA-MTE	hyp1	News	NaN	1.6184
488	489	fr	ewe	challenge_SSA-MTE	hyp1	News	NaN	3.1847
489	490	fr	ewe	challenge_SSA-MTE	hyp1	News	NaN	1.5863
490	491	fr	ewe	challenge_SSA-MTE	hyp1	News	NaN	2.0879
491	492	fr	ewe	challenge_SSA-MTE	hyp1	News	NaN	14.4795
492	493	fr	ewe	challenge_SSA-MTE	hyp1	News	NaN	1.1517
493	494	fr	ewe	challenge_SSA-MTE	hyp1	News	NaN	6.6759
494	495	fr	ewe	challenge_SSA-MTE	hyp1	News	NaN	6.9105
495	496	fr	ewe	challenge_SSA-MTE	hyp1	News	NaN	14.8172
496	497	fr	ewe	challenge_SSA-MTE	hyp1	News	NaN	9.2016
497	498	fr	ewe	challenge_SSA-MTE	hyp1	News	NaN	4.3074
498	499	fr	ewe	challenge_SSA-MTE	hyp1	News	NaN	7.3350
499	500	fr	ewe	challenge_SSA-MTE	hyp1	News	NaN	4.2656
500	501	fr	ewe	challenge_SSA-MTE	hyp1	News	NaN	7.3991
501	502	fr	ewe	challenge_SSA-MTE	hyp1	News	NaN	12.5396
502	503	fr	ewe	challenge_SSA-MTE	hyp1	News	NaN	12.4692
503	504	fr	ewe	challenge_SSA-MTE	hyp1	News	NaN	6.5849
504	505	fr	ewe	challenge_SSA-MTE	hyp1	News	NaN	7.0913
505	506	fr	ewe	challenge_SSA-MTE	hyp1	News	NaN	13.7966
506	507	fr	ewe	challenge_SSA-MTE	hyp1	News	NaN	5.4966
507	508	fr	ewe	challenge_SSA-MTE	hyp1	News	NaN	13.2677
508	509	fr	ewe	challenge_SSA-MTE	hyp1	News	NaN	2.2287
509	510	fr	ewe	challenge_SSA-MTE	hyp1	News	NaN	7.9335
510	511	fr	ewe	challenge_SSA-MTE	hyp1	News	NaN	7.4963
511	512	fr	ewe	challenge_SSA-MTE	hyp1	News	NaN	4.9660
512	513	fr	ewe	challenge_SSA-MTE	hyp1	News	NaN	1.4900
513	514	fr	ewe	challenge_SSA-MTE	hyp1	News	NaN	1.7346
514	515	fr	ewe	challenge_SSA-MTE	hyp1	News	NaN	1.8197
515	516	fr	ewe	challenge_SSA-MTE	hyp1	News	NaN	1.6339
516	517	fr	ewe	challenge_SSA-MTE	hyp1	News	NaN	2.6524
517	518	fr	ewe	challenge_SSA-MTE	hyp1	News	NaN	8.9686
518	519	fr	ewe	challenge_SSA-MTE	hyp1	News	NaN	0.0000
519	520	fr	ewe	challenge_SSA-MTE	hyp1	News	NaN	9.8493
520	521	fr	ewe	challenge_SSA-MTE	hyp1	News	NaN	5.5955
521	522	fr	ewe	challenge_SSA-MTE	hyp1	News	NaN	18.5197
522	523	fr	ewe	challenge_SSA-MTE	hyp1	News	NaN	7.6687
523	524	fr	ewe	challenge_SSA-MTE	hyp1	News	NaN	19.0635
524	525	fr	ewe	challenge_SSA-MTE	hyp1	News	NaN	16.3365
525	526	fr	ewe	challenge_SSA-MTE	hyp1	News	NaN	10.4016
526	527	fr	ewe	challenge_SSA-MTE	hyp1	News	NaN	5.0395
527	528	fr	ewe	challenge_SSA-MTE	hyp1	News	NaN	5.4153
528	529	fr	ewe	challenge_SSA-MTE	hyp1	News	NaN	15.0717
529	530	fr	ewe	challenge_SSA-MTE	hyp1	News	NaN	7.6047
530	531	fr	ewe	challenge_SSA-MTE	hyp1	News	NaN	3.9517
531	532	fr	ewe	challenge_SSA-MTE	hyp1	News	NaN	5.3366
532	533	fr	ewe	challenge_SSA-MTE	hyp1	News	NaN	4.3233
533	534	fr	ewe	challenge_SSA-MTE	hyp1	News	NaN	4.5164
534	535	fr	ewe	challenge_SSA-MTE	hyp1	News	NaN	9.3490
535	536	fr	ewe	challenge_SSA-MTE	hyp1	News	NaN	6.4023
536	537	fr	ewe	challenge_SSA-MTE	hyp1	News	NaN	2.2473
537	538	fr	ewe	challenge_SSA-MTE	hyp1	News	NaN	5.6827
538	539	fr	ewe	challenge_SSA-MTE	hyp1	News	NaN	0.0000
539	540	fr	ewe	challenge_SSA-MTE	hyp1	News	NaN	3.9422
540	541	fr	ewe	challenge_SSA-MTE	hyp1	News	NaN	3.5199
541	542	fr	ewe	challenge_SSA-MTE	hyp1	News	NaN	7.2558
542	543	fr	ewe	challenge_SSA-MTE	hyp1	News	NaN	1.1525
543	544	fr	ewe	challenge_SSA-MTE	hyp1	News	NaN	1.3794
544	545	fr	ewe	challenge_SSA-MTE	hyp1	News	NaN	1.8197
545	546	fr	ewe	challenge_SSA-MTE	hyp1	News	NaN	1.5302
546	547	fr	ewe	challenge_SSA-MTE	hyp1	News	NaN	16.6360
547	548	fr	ewe	challenge_SSA-MTE	hyp1	News	NaN	1.9766
548	549	fr	ewe	challenge_SSA-MTE	hyp1	News	NaN	7.0868
549	550	fr	ewe	challenge_SSA-MTE	hyp1	News	NaN	8.5303
550	551	fr	ewe	challenge_SSA-MTE	hyp1	News	NaN	5.8677
551	552	fr	ewe	challenge_SSA-MTE	hyp1	News	NaN	10.1562
552	553	fr	ewe	challenge_SSA-MTE	hyp1	News	NaN	2.0475
553	554	fr	ewe	challenge_SSA-MTE	hyp1	News	NaN	7.5048
554	555	fr	ewe	challenge_SSA-MTE	hyp1	News	NaN	14.3021
555	556	fr	ewe	challenge_SSA-MTE	hyp1	News	NaN	4.1806
556	557	fr	ewe	challenge_SSA-MTE	hyp1	News	NaN	26.0733
557	558	fr	ewe	challenge_SSA-MTE	hyp1	News	NaN	0.0000
558	559	fr	ewe	challenge_SSA-MTE	hyp1	News	NaN	11.4364
559	560	fr	ewe	challenge_SSA-MTE	hyp1	News	NaN	6.0218
560	561	fr	ewe	challenge_SSA-MTE	hyp1	News	NaN	13.8369
561	562	fr	ewe	challenge_SSA-MTE	hyp1	News	NaN	9.4346
562	563	fr	ewe	challenge_SSA-MTE	hyp1	News	NaN	5.0691
563	564	fr	ewe	challenge_SSA-MTE	hyp1	News	NaN	11.6655
564	565	fr	ewe	challenge_SSA-MTE	hyp1	News	NaN	13.4336
565	566	fr	ewe	challenge_SSA-MTE	hyp1	News	NaN	9.2468
566	567	fr	ewe	challenge_SSA-MTE	hyp1	News	NaN	28.4994
567	568	fr	ewe	challenge_SSA-MTE	hyp1	News	NaN	32.2891
568	569	fr	ewe	challenge_SSA-MTE	hyp1	News	NaN	22.4992
569	570	fr	ewe	challenge_SSA-MTE	hyp1	News	NaN	29.4295
570	571	fr	ewe	challenge_SSA-MTE	hyp1	News	NaN	23.3899
571	572	fr	ewe	challenge_SSA-MTE	hyp1	News	NaN	11.5681
572	573	fr	ewe	challenge_SSA-MTE	hyp1	News	NaN	7.2426
573	574	fr	ewe	challenge_SSA-MTE	hyp1	News	NaN	12.3040
574	575	fr	ewe	challenge_SSA-MTE	hyp1	News	NaN	14.9664
575	576	fr	ewe	challenge_SSA-MTE	hyp1	News	NaN	5.6827
576	577	fr	ewe	challenge_SSA-MTE	hyp1	News	NaN	22.5338
577	578	fr	ewe	challenge_SSA-MTE	hyp1	News	NaN	0.0000
578	579	fr	ewe	challenge_SSA-MTE	hyp1	News	NaN	16.8660
579	580	fr	ewe	challenge_SSA-MTE	hyp1	News	NaN	15.2956
580	581	fr	ewe	challenge_SSA-MTE	hyp1	News	NaN	14.1166
581	582	fr	ewe	challenge_SSA-MTE	hyp1	News	NaN	8.5520
582	583	fr	ewe	challenge_SSA-MTE	hyp1	News	NaN	0.0000
583	584	fr	ewe	challenge_SSA-MTE	hyp1	News	NaN	4.8344
584	585	fr	ewe	challenge_SSA-MTE	hyp1	News	NaN	11.0626
585	586	fr	ewe	challenge_SSA-MTE	hyp1	News	NaN	11.0644
586	587	fr	ewe	challenge_SSA-MTE	hyp1	News	NaN	39.6830
587	588	fr	ewe	challenge_SSA-MTE	hyp1	News	NaN	10.8933
588	589	fr	ewe	challenge_SSA-MTE	hyp1	News	NaN	35.3719
589	590	fr	ewe	challenge_SSA-MTE	hyp1	News	NaN	31.8753
590	591	fr	ewe	challenge_SSA-MTE	hyp1	News	NaN	37.5240
591	592	fr	ewe	challenge_SSA-MTE	hyp1	News	NaN	5.2503
592	593	fr	ewe	challenge_SSA-MTE	hyp1	News	NaN	4.6993
593	594	fr	ewe	challenge_SSA-MTE	hyp1	News	NaN	5.5626
594	595	fr	ewe	challenge_SSA-MTE	hyp1	News	NaN	4.6903
595	596	fr	ewe	challenge_SSA-MTE	hyp1	News	NaN	8.3052
596	597	fr	ewe	challenge_SSA-MTE	hyp1	News	NaN	5.3976
597	598	fr	ewe	challenge_SSA-MTE	hyp1	News	NaN	8.8738
598	599	fr	ewe	challenge_SSA-MTE	hyp1	News	NaN	3.5865
599	600	fr	ewe	challenge_SSA-MTE	hyp1	News	NaN	25.0899
600	601	fr	ewe	challenge_SSA-MTE	hyp1	News	NaN	7.5174
601	602	fr	ewe	challenge_SSA-MTE	hyp1	News	NaN	14.1940
602	603	fr	ewe	challenge_SSA-MTE	hyp1	News	NaN	6.1440
603	604	fr	ewe	challenge_SSA-MTE	hyp1	News	NaN	11.7353
604	605	fr	ewe	challenge_SSA-MTE	hyp1	News	NaN	6.4830
605	606	fr	ewe	challenge_SSA-MTE	hyp1	News	NaN	5.4217
606	607	fr	ewe	challenge_SSA-MTE	hyp1	News	NaN	6.7579
607	608	fr	ewe	challenge_SSA-MTE	hyp1	News	NaN	2.5059
608	609	fr	ewe	challenge_SSA-MTE	hyp1	News	NaN	5.1377
609	610	fr	ewe	challenge_SSA-MTE	hyp1	News	NaN	4.7967
610	611	fr	ewe	challenge_SSA-MTE	hyp1	News	NaN	2.5689
611	612	fr	ewe	challenge_SSA-MTE	hyp1	News	NaN	9.3279
612	613	fr	ewe	challenge_SSA-MTE	hyp1	News	NaN	4.5763
613	614	fr	ewe	challenge_SSA-MTE	hyp1	News	NaN	3.5115
614	615	fr	ewe	challenge_SSA-MTE	hyp1	News	NaN	5.7863
615	616	fr	ewe	challenge_SSA-MTE	hyp1	News	NaN	4.9408
616	617	fr	ewe	challenge_SSA-MTE	hyp1	News	NaN	3.8957
617	618	fr	ewe	challenge_SSA-MTE	hyp1	News	NaN	2.0931
618	619	fr	ewe	challenge_SSA-MTE	hyp1	News	NaN	2.4360
619	620	fr	ewe	challenge_SSA-MTE	hyp1	News	NaN	2.3782
620	621	fr	ewe	challenge_SSA-MTE	hyp1	News	NaN	2.2610
621	622	fr	ewe	challenge_SSA-MTE	hyp1	News	NaN	2.5488
622	623	fr	ewe	challenge_SSA-MTE	hyp1	News	NaN	6.9933
623	624	fr	ewe	challenge_SSA-MTE	hyp1	News	NaN	6.2083
624	625	fr	ewe	challenge_SSA-MTE	hyp1	News	NaN	9.0602
625	626	fr	ewe	challenge_SSA-MTE	hyp1	News	NaN	7.5681
626	627	fr	ewe	challenge_SSA-MTE	hyp1	News	NaN	22.9252
627	628	fr	ewe	challenge_SSA-MTE	hyp1	News	NaN	2.0669
628	629	fr	ewe	challenge_SSA-MTE	hyp1	News	NaN	10.9293
629	630	fr	ewe	challenge_SSA-MTE	hyp1	News	NaN	3.7458
630	631	fr	ewe	challenge_SSA-MTE	hyp1	News	NaN	15.4613
631	632	fr	ewe	challenge_SSA-MTE	hyp1	News	NaN	5.6414
632	633	fr	ewe	challenge_SSA-MTE	hyp1	News	NaN	2.9443
633	634	fr	ewe	challenge_SSA-MTE	hyp1	News	NaN	10.5184
634	635	fr	ewe	challenge_SSA-MTE	hyp1	News	NaN	11.7577
635	636	fr	ewe	challenge_SSA-MTE	hyp1	News	NaN	7.9347
636	637	fr	ewe	challenge_SSA-MTE	hyp1	News	NaN	7.9816
637	638	fr	ewe	challenge_SSA-MTE	hyp1	News	NaN	11.7111
638	639	fr	ewe	challenge_SSA-MTE	hyp1	News	NaN	7.3979
639	640	fr	ewe	challenge_SSA-MTE	hyp1	News	NaN	12.9876
640	641	fr	ewe	challenge_SSA-MTE	hyp1	News	NaN	11.7111
641	642	fr	ewe	challenge_SSA-MTE	hyp1	News	NaN	20.9700
642	643	fr	ewe	challenge_SSA-MTE	hyp1	News	NaN	15.5648
643	644	fr	ewe	challenge_SSA-MTE	hyp1	News	NaN	14.9635
644	645	fr	ewe	challenge_SSA-MTE	hyp1	News	NaN	24.7280
645	646	fr	ewe	challenge_SSA-MTE	hyp1	News	NaN	5.3631
646	647	fr	ewe	challenge_SSA-MTE	hyp1	News	NaN	14.4641
647	648	fr	ewe	challenge_SSA-MTE	hyp1	News	NaN	3.6580
648	649	fr	ewe	challenge_SSA-MTE	hyp1	News	NaN	6.8577
649	650	fr	ewe	challenge_SSA-MTE	hyp1	News	NaN	33.0739
650	651	fr	ewe	challenge_SSA-MTE	hyp1	News	NaN	21.7119
651	652	fr	ewe	challenge_SSA-MTE	hyp1	News	NaN	8.7928
652	653	fr	ewe	challenge_SSA-MTE	hyp1	News	NaN	11.8247
653	654	fr	ewe	challenge_SSA-MTE	hyp1	News	NaN	11.3161
654	655	fr	ewe	challenge_SSA-MTE	hyp1	News	NaN	9.0289
655	656	fr	ewe	challenge_SSA-MTE	hyp1	News	NaN	21.3534
656	657	fr	ewe	challenge_SSA-MTE	hyp1	News	NaN	16.8955
657	658	fr	ewe	challenge_SSA-MTE	hyp1	News	NaN	5.9026
658	659	fr	ewe	challenge_SSA-MTE	hyp1	News	NaN	16.8955
659	660	fr	ewe	challenge_SSA-MTE	hyp1	News	NaN	19.7981
660	661	fr	ewe	challenge_SSA-MTE	hyp1	News	NaN	19.7190
661	662	fr	ewe	challenge_SSA-MTE	hyp1	News	NaN	16.5963
662	663	fr	ewe	challenge_SSA-MTE	hyp1	News	NaN	4.1301
663	664	fr	ewe	challenge_SSA-MTE	hyp1	News	NaN	8.1037
664	665	fr	ewe	challenge_SSA-MTE	hyp1	News	NaN	3.2554
665	666	fr	ewe	challenge_SSA-MTE	hyp1	News	NaN	19.1216
666	667	fr	ewe	challenge_SSA-MTE	hyp1	News	NaN	35.0298
667	668	fr	ewe	challenge_SSA-MTE	hyp1	News	NaN	10.5018
668	669	fr	ewe	challenge_SSA-MTE	hyp1	News	NaN	28.3096
669	670	fr	ewe	challenge_SSA-MTE	hyp1	News	NaN	26.7603
670	671	fr	ewe	challenge_SSA-MTE	hyp1	News	NaN	26.7735
671	672	fr	ewe	challenge_SSA-MTE	hyp1	News	NaN	14.5404
672	673	fr	ewe	challenge_SSA-MTE	hyp1	News	NaN	12.2889
673	674	fr	ewe	challenge_SSA-MTE	hyp1	News	NaN	7.9844
674	675	fr	ewe	challenge_SSA-MTE	hyp1	News	NaN	11.6844
675	676	fr	ewe	challenge_SSA-MTE	hyp1	News	NaN	8.3126
676	677	fr	ewe	challenge_SSA-MTE	hyp1	News	NaN	6.6711
677	678	fr	ewe	challenge_SSA-MTE	hyp1	News	NaN	6.4245
678	679	fr	ewe	challenge_SSA-MTE	hyp1	News	NaN	3.1132
679	680	fr	ewe	challenge_SSA-MTE	hyp1	News	NaN	3.7177
680	681	fr	ewe	challenge_SSA-MTE	hyp1	News	NaN	3.4521
681	682	fr	ewe	challenge_SSA-MTE	hyp1	News	NaN	4.0165
682	683	fr	ewe	challenge_SSA-MTE	hyp1	News	NaN	2.9613
683	684	fr	ewe	challenge_SSA-MTE	hyp1	News	NaN	4.3684
684	685	fr	ewe	challenge_SSA-MTE	hyp1	News	NaN	5.7302
685	686	fr	ewe	challenge_SSA-MTE	hyp1	News	NaN	6.8144
686	687	fr	ewe	challenge_SSA-MTE	hyp1	News	NaN	10.8156
687	688	fr	ewe	challenge_SSA-MTE	hyp1	News	NaN	2.1851
688	689	fr	ewe	challenge_SSA-MTE	hyp1	News	NaN	4.0332
689	690	fr	ewe	challenge_SSA-MTE	hyp1	News	NaN	9.9120
690	691	fr	ewe	challenge_SSA-MTE	hyp1	News	NaN	12.9107
691	692	fr	ewe	challenge_SSA-MTE	hyp1	News	NaN	19.5239
692	693	fr	ewe	challenge_SSA-MTE	hyp1	News	NaN	6.9761
693	694	fr	ewe	challenge_SSA-MTE	hyp1	News	NaN	16.1364
694	695	fr	ewe	challenge_SSA-MTE	hyp1	News	NaN	18.6722
695	696	fr	ewe	challenge_SSA-MTE	hyp1	News	NaN	17.0348
696	697	fr	ewe	challenge_SSA-MTE	hyp1	News	NaN	9.3490
697	698	fr	ewe	challenge_SSA-MTE	hyp1	News	NaN	2.4822
698	699	fr	ewe	challenge_SSA-MTE	hyp1	News	NaN	6.7093
699	700	fr	ewe	challenge_SSA-MTE	hyp1	News	NaN	7.9284
700	701	fr	ewe	challenge_SSA-MTE	hyp1	News	NaN	2.9338
701	702	fr	ewe	challenge_SSA-MTE	hyp1	News	NaN	4.6866
702	703	fr	ewe	challenge_SSA-MTE	hyp1	News	NaN	13.2677
703	704	fr	ewe	challenge_SSA-MTE	hyp1	News	NaN	4.5778
704	705	fr	ewe	challenge_SSA-MTE	hyp1	News	NaN	10.7885
705	706	fr	ewe	challenge_SSA-MTE	hyp1	News	NaN	5.9285
706	707	fr	ewe	challenge_SSA-MTE	hyp1	News	NaN	2.7028
707	708	fr	ewe	challenge_SSA-MTE	hyp1	News	NaN	2.4623
708	709	fr	ewe	challenge_SSA-MTE	hyp1	News	NaN	2.1721
709	710	fr	ewe	challenge_SSA-MTE	hyp1	News	NaN	2.1721
710	711	fr	ewe	challenge_SSA-MTE	hyp1	News	NaN	2.5772
711	712	fr	ewe	challenge_SSA-MTE	hyp1	News	NaN	7.0326
712	713	fr	ewe	challenge_SSA-MTE	hyp1	News	NaN	9.6281
713	714	fr	ewe	challenge_SSA-MTE	hyp1	News	NaN	7.0538
714	715	fr	ewe	challenge_SSA-MTE	hyp1	News	NaN	7.1815
715	716	fr	ewe	challenge_SSA-MTE	hyp1	News	NaN	9.7956
716	717	fr	ewe	challenge_SSA-MTE	hyp1	News	NaN	4.0859
717	718	fr	ewe	challenge_SSA-MTE	hyp1	News	NaN	2.4642
718	719	fr	ewe	challenge_SSA-MTE	hyp1	News	NaN	6.1435
719	720	fr	ewe	challenge_SSA-MTE	hyp1	News	NaN	7.5757
720	721	fr	ewe	challenge_SSA-MTE	hyp1	News	NaN	4.0341
721	722	fr	ewe	challenge_SSA-MTE	hyp1	News	NaN	7.8615
722	723	fr	ewe	challenge_SSA-MTE	hyp1	News	NaN	5.7302
723	724	fr	ewe	challenge_SSA-MTE	hyp1	News	NaN	6.9105
724	725	fr	ewe	challenge_SSA-MTE	hyp1	News	NaN	4.0341
725	726	fr	ewe	challenge_SSA-MTE	hyp1	News	NaN	13.6519
726	727	fr	ewe	challenge_SSA-MTE	hyp1	News	NaN	6.5203
727	728	fr	ewe	challenge_SSA-MTE	hyp1	News	NaN	1.4205
728	729	fr	ewe	challenge_SSA-MTE	hyp1	News	NaN	3.2725
729	730	fr	ewe	challenge_SSA-MTE	hyp1	News	NaN	3.1732
730	731	fr	ewe	challenge_SSA-MTE	hyp1	News	NaN	5.5239
731	732	fr	ewe	challenge_SSA-MTE	hyp1	News	NaN	17.9535
732	733	fr	ewe	challenge_SSA-MTE	hyp1	News	NaN	3.9964
733	734	fr	ewe	challenge_SSA-MTE	hyp1	News	NaN	17.3357
734	735	fr	ewe	challenge_SSA-MTE	hyp1	News	NaN	17.2226
735	736	fr	ewe	challenge_SSA-MTE	hyp1	News	NaN	29.1581
736	737	fr	ewe	challenge_SSA-MTE	hyp1	News	NaN	13.6003
737	738	fr	ewe	challenge_SSA-MTE	hyp1	News	NaN	32.6562
738	739	fr	ewe	challenge_SSA-MTE	hyp1	News	NaN	13.6109
739	740	fr	ewe	challenge_SSA-MTE	hyp1	News	NaN	15.2636
740	741	fr	ewe	challenge_SSA-MTE	hyp1	News	NaN	14.8376
741	742	fr	ewe	challenge_SSA-MTE	hyp1	News	NaN	5.3007
742	743	fr	ewe	challenge_SSA-MTE	hyp1	News	NaN	2.2609
743	744	fr	ewe	challenge_SSA-MTE	hyp1	News	NaN	3.9936
744	745	fr	ewe	challenge_SSA-MTE	hyp1	News	NaN	7.3468
745	746	fr	ewe	challenge_SSA-MTE	hyp1	News	NaN	3.5528
746	747	fr	ewe	challenge_SSA-MTE	hyp1	News	NaN	12.0860
747	748	fr	ewe	challenge_SSA-MTE	hyp1	News	NaN	2.8853
748	749	fr	ewe	challenge_SSA-MTE	hyp1	News	NaN	8.2013
749	750	fr	ewe	challenge_SSA-MTE	hyp1	News	NaN	4.7202
750	751	fr	ewe	challenge_SSA-MTE	hyp1	News	NaN	16.5005
751	752	fr	ewe	challenge_SSA-MTE	hyp1	News	NaN	5.5387
752	753	fr	ewe	challenge_SSA-MTE	hyp1	News	NaN	4.1203
753	754	fr	ewe	challenge_SSA-MTE	hyp1	News	NaN	4.3007
754	755	fr	ewe	challenge_SSA-MTE	hyp1	News	NaN	6.1925
755	756	fr	ewe	challenge_SSA-MTE	hyp1	News	NaN	5.1543
756	757	fr	ewe	challenge_SSA-MTE	hyp1	News	NaN	6.7309
757	758	fr	ewe	challenge_SSA-MTE	hyp1	News	NaN	3.5997
758	759	fr	ewe	challenge_SSA-MTE	hyp1	News	NaN	5.0043
759	760	fr	ewe	challenge_SSA-MTE	hyp1	News	NaN	4.4469
760	761	fr	ewe	challenge_SSA-MTE	hyp1	News	NaN	4.1203
761	762	fr	ewe	challenge_SSA-MTE	hyp1	News	NaN	18.5567
762	763	fr	ewe	challenge_SSA-MTE	hyp1	News	NaN	6.2889
763	764	fr	ewe	challenge_SSA-MTE	hyp1	News	NaN	9.5627
764	765	fr	ewe	challenge_SSA-MTE	hyp1	News	NaN	13.7339
765	766	fr	ewe	challenge_SSA-MTE	hyp1	News	NaN	8.2487
766	767	fr	ewe	challenge_SSA-MTE	hyp1	News	NaN	6.5349
767	768	fr	ewe	challenge_SSA-MTE	hyp1	News	NaN	10.4873
768	769	fr	ewe	challenge_SSA-MTE	hyp1	News	NaN	11.1763
769	770	fr	ewe	challenge_SSA-MTE	hyp1	News	NaN	10.5891
770	771	fr	ewe	challenge_SSA-MTE	hyp1	News	NaN	2.6679
771	772	fr	ewe	challenge_SSA-MTE	hyp1	News	NaN	1.9012
772	773	fr	ewe	challenge_SSA-MTE	hyp1	News	NaN	3.2359
773	774	fr	ewe	challenge_SSA-MTE	hyp1	News	NaN	4.1859
774	775	fr	ewe	challenge_SSA-MTE	hyp1	News	NaN	7.0660
775	776	fr	ewe	challenge_SSA-MTE	hyp1	News	NaN	9.1246
776	777	fr	ewe	challenge_SSA-MTE	hyp1	News	NaN	0.0000
777	778	fr	ewe	challenge_SSA-MTE	hyp1	News	NaN	5.0615
778	779	fr	ewe	challenge_SSA-MTE	hyp1	News	NaN	10.1899
779	780	fr	ewe	challenge_SSA-MTE	hyp1	News	NaN	18.6315
780	781	fr	ewe	challenge_SSA-MTE	hyp1	News	NaN	13.7410
781	782	fr	ewe	challenge_SSA-MTE	hyp1	News	NaN	4.3233
782	783	fr	ewe	challenge_SSA-MTE	hyp1	News	NaN	5.2400
783	784	fr	ewe	challenge_SSA-MTE	hyp1	News	NaN	4.7993
784	785	fr	ewe	challenge_SSA-MTE	hyp1	News	NaN	4.2297
785	786	fr	ewe	challenge_SSA-MTE	hyp1	News	NaN	27.7360
786	787	fr	ewe	challenge_SSA-MTE	hyp1	News	NaN	18.5622
787	788	fr	ewe	challenge_SSA-MTE	hyp1	News	NaN	22.1084
788	789	fr	ewe	challenge_SSA-MTE	hyp1	News	NaN	27.1910
789	790	fr	ewe	challenge_SSA-MTE	hyp1	News	NaN	20.5733
790	791	fr	ewe	challenge_SSA-MTE	hyp1	News	NaN	10.7529
791	792	fr	ewe	challenge_SSA-MTE	hyp1	News	NaN	1.8916
792	793	fr	ewe	challenge_SSA-MTE	hyp1	News	NaN	3.2411
793	794	fr	ewe	challenge_SSA-MTE	hyp1	News	NaN	5.8449
794	795	fr	ewe	challenge_SSA-MTE	hyp1	News	NaN	8.5686
795	796	fr	ewe	challenge_SSA-MTE	hyp1	News	NaN	1.7951
796	797	fr	ewe	challenge_SSA-MTE	hyp1	News	NaN	1.8729
797	798	fr	ewe	challenge_SSA-MTE	hyp1	News	NaN	1.6810
798	799	fr	ewe	challenge_SSA-MTE	hyp1	News	NaN	3.1432
799	800	fr	ewe	challenge_SSA-MTE	hyp1	News	NaN	3.1432
800	801	fr	ewe	challenge_SSA-MTE	hyp1	News	NaN	7.4982
801	802	fr	ewe	challenge_SSA-MTE	hyp1	News	NaN	0.0000
802	803	fr	ewe	challenge_SSA-MTE	hyp1	News	NaN	6.2299
803	804	fr	ewe	challenge_SSA-MTE	hyp1	News	NaN	1.8778
804	805	fr	ewe	challenge_SSA-MTE	hyp1	News	NaN	2.0091
805	806	fr	ewe	challenge_SSA-MTE	hyp1	News	NaN	5.2559
806	807	fr	ewe	challenge_SSA-MTE	hyp1	News	NaN	0.0000
807	808	fr	ewe	challenge_SSA-MTE	hyp1	News	NaN	3.6529
808	809	fr	ewe	challenge_SSA-MTE	hyp1	News	NaN	3.9517
809	810	fr	ewe	challenge_SSA-MTE	hyp1	News	NaN	14.1321
810	811	fr	ewe	challenge_SSA-MTE	hyp1	News	NaN	3.4933
811	812	fr	ewe	challenge_SSA-MTE	hyp1	News	NaN	5.3358
812	813	fr	ewe	challenge_SSA-MTE	hyp1	News	NaN	1.5862
813	814	fr	ewe	challenge_SSA-MTE	hyp1	News	NaN	14.2782
814	815	fr	ewe	challenge_SSA-MTE	hyp1	News	NaN	5.6941
815	816	fr	ewe	challenge_SSA-MTE	hyp1	News	NaN	4.3100
816	817	fr	ewe	challenge_SSA-MTE	hyp1	News	NaN	3.0060
817	818	fr	ewe	challenge_SSA-MTE	hyp1	News	NaN	3.7210
818	819	fr	ewe	challenge_SSA-MTE	hyp1	News	NaN	4.5000
819	820	fr	ewe	challenge_SSA-MTE	hyp1	News	NaN	1.7194
820	821	fr	ewe	challenge_SSA-MTE	hyp1	News	NaN	5.0239
821	822	fr	ewe	challenge_SSA-MTE	hyp1	News	NaN	6.8614
822	823	fr	ewe	challenge_SSA-MTE	hyp1	News	NaN	9.1950
823	824	fr	ewe	challenge_SSA-MTE	hyp1	News	NaN	5.2197
824	825	fr	ewe	challenge_SSA-MTE	hyp1	News	NaN	13.9837
825	826	fr	ewe	challenge_SSA-MTE	hyp1	News	NaN	9.1884
826	827	fr	ewe	challenge_SSA-MTE	hyp1	News	NaN	7.4884
827	828	fr	ewe	challenge_SSA-MTE	hyp1	News	NaN	7.3072
828	829	fr	ewe	challenge_SSA-MTE	hyp1	News	NaN	7.4086
829	830	fr	ewe	challenge_SSA-MTE	hyp1	News	NaN	7.2618
830	831	fr	ewe	challenge_SSA-MTE	hyp1	News	NaN	13.8080
831	832	fr	ewe	challenge_SSA-MTE	hyp1	News	NaN	13.2179
832	833	fr	ewe	challenge_SSA-MTE	hyp1	News	NaN	10.4909
833	834	fr	ewe	challenge_SSA-MTE	hyp1	News	NaN	15.2636
834	835	fr	ewe	challenge_SSA-MTE	hyp1	News	NaN	5.0043
835	836	fr	ewe	challenge_SSA-MTE	hyp1	News	NaN	3.8167
836	837	fr	ewe	challenge_SSA-MTE	hyp1	News	NaN	13.3519
837	838	fr	ewe	challenge_SSA-MTE	hyp1	News	NaN	14.1544
838	839	fr	ewe	challenge_SSA-MTE	hyp1	News	NaN	3.3789
839	840	fr	ewe	challenge_SSA-MTE	hyp1	News	NaN	10.5006
840	841	fr	ewe	challenge_SSA-MTE	hyp1	News	NaN	1.6221
841	842	fr	ewe	challenge_SSA-MTE	hyp1	News	NaN	3.6043
842	843	fr	ewe	challenge_SSA-MTE	hyp1	News	NaN	2.9909
843	844	fr	ewe	challenge_SSA-MTE	hyp1	News	NaN	1.6732
844	845	fr	ewe	challenge_SSA-MTE	hyp1	News	NaN	1.6116
845	846	fr	ewe	challenge_SSA-MTE	hyp1	News	NaN	16.2404
846	847	fr	ewe	challenge_SSA-MTE	hyp1	News	NaN	16.3210
847	848	fr	ewe	challenge_SSA-MTE	hyp1	News	NaN	13.5796
848	849	fr	ewe	challenge_SSA-MTE	hyp1	News	NaN	19.9990
849	850	fr	ewe	challenge_SSA-MTE	hyp1	News	NaN	14.2514
850	851	fr	ewe	challenge_SSA-MTE	hyp1	News	NaN	5.9273
851	852	fr	ewe	challenge_SSA-MTE	hyp1	News	NaN	2.6990
852	853	fr	ewe	challenge_SSA-MTE	hyp1	News	NaN	2.6204
853	854	fr	ewe	challenge_SSA-MTE	hyp1	News	NaN	5.0058
854	855	fr	ewe	challenge_SSA-MTE	hyp1	News	NaN	5.1231
855	856	fr	ewe	challenge_SSA-MTE	hyp1	News	NaN	6.5487
856	857	fr	ewe	challenge_SSA-MTE	hyp1	News	NaN	9.5179
857	858	fr	ewe	challenge_SSA-MTE	hyp1	News	NaN	9.2705
858	859	fr	ewe	challenge_SSA-MTE	hyp1	News	NaN	8.0931
859	860	fr	ewe	challenge_SSA-MTE	hyp1	News	NaN	9.6347
860	861	fr	ewe	challenge_SSA-MTE	hyp1	News	NaN	12.2666
861	862	fr	ewe	challenge_SSA-MTE	hyp1	News	NaN	7.6601
862	863	fr	ewe	challenge_SSA-MTE	hyp1	News	NaN	8.6559
863	864	fr	ewe	challenge_SSA-MTE	hyp1	News	NaN	6.5446
864	865	fr	ewe	challenge_SSA-MTE	hyp1	News	NaN	9.6059
865	866	fr	ewe	challenge_SSA-MTE	hyp1	News	NaN	6.8549
866	867	fr	ewe	challenge_SSA-MTE	hyp1	News	NaN	3.0760
867	868	fr	ewe	challenge_SSA-MTE	hyp1	News	NaN	6.5403
868	869	fr	ewe	challenge_SSA-MTE	hyp1	News	NaN	6.7942
869	870	fr	ewe	challenge_SSA-MTE	hyp1	News	NaN	7.1766
870	871	fr	ewe	challenge_SSA-MTE	hyp1	News	NaN	2.8595
871	872	fr	ewe	challenge_SSA-MTE	hyp1	News	NaN	7.0222
872	873	fr	ewe	challenge_SSA-MTE	hyp1	News	NaN	3.3789
873	874	fr	ewe	challenge_SSA-MTE	hyp1	News	NaN	1.1559
874	875	fr	ewe	challenge_SSA-MTE	hyp1	News	NaN	3.2850
875	876	fr	ewe	challenge_SSA-MTE	hyp1	News	NaN	20.0727
876	877	fr	ewe	challenge_SSA-MTE	hyp1	News	NaN	3.0685
877	878	fr	ewe	challenge_SSA-MTE	hyp1	News	NaN	4.4977
878	879	fr	ewe	challenge_SSA-MTE	hyp1	News	NaN	7.3072
879	880	fr	ewe	challenge_SSA-MTE	hyp1	News	NaN	16.0854
880	881	fr	ewe	challenge_SSA-MTE	hyp1	News	NaN	5.3851
881	882	fr	ewe	challenge_SSA-MTE	hyp1	News	NaN	5.8621
882	883	fr	ewe	challenge_SSA-MTE	hyp1	News	NaN	10.2359
883	884	fr	ewe	challenge_SSA-MTE	hyp1	News	NaN	6.4422
884	885	fr	ewe	challenge_SSA-MTE	hyp1	News	NaN	8.2238
885	886	fr	ewe	challenge_SSA-MTE	hyp1	News	NaN	1.3339
886	887	fr	ewe	challenge_SSA-MTE	hyp1	News	NaN	1.6344
887	888	fr	ewe	challenge_SSA-MTE	hyp1	News	NaN	1.6229
888	889	fr	ewe	challenge_SSA-MTE	hyp1	News	NaN	1.7577
889	890	fr	ewe	challenge_SSA-MTE	hyp1	News	NaN	1.7934
890	891	fr	ewe	challenge_SSA-MTE	hyp1	News	NaN	7.8033
891	892	fr	ewe	challenge_SSA-MTE	hyp1	News	NaN	2.2241
892	893	fr	ewe	challenge_SSA-MTE	hyp1	News	NaN	4.2651
893	894	fr	ewe	challenge_SSA-MTE	hyp1	News	NaN	4.5602
894	895	fr	ewe	challenge_SSA-MTE	hyp1	News	NaN	5.4295
895	896	fr	ewe	challenge_SSA-MTE	hyp1	News	NaN	3.7872
896	897	fr	ewe	challenge_SSA-MTE	hyp1	News	NaN	1.8119
897	898	fr	ewe	challenge_SSA-MTE	hyp1	News	NaN	6.1803
898	899	fr	ewe	challenge_SSA-MTE	hyp1	News	NaN	9.0076
899	900	fr	ewe	challenge_SSA-MTE	hyp1	News	NaN	6.3650
900	901	fr	ewe	challenge_SSA-MTE	hyp1	News	NaN	6.7741
901	902	fr	ewe	challenge_SSA-MTE	hyp1	News	NaN	4.0258
902	903	fr	ewe	challenge_SSA-MTE	hyp1	News	NaN	4.1877
903	904	fr	ewe	challenge_SSA-MTE	hyp1	News	NaN	4.6635
904	905	fr	ewe	challenge_SSA-MTE	hyp1	News	NaN	4.3143
905	906	fr	ewe	challenge_SSA-MTE	hyp1	News	NaN	1.5167
906	907	fr	ewe	challenge_SSA-MTE	hyp1	News	NaN	1.4934
907	908	fr	ewe	challenge_SSA-MTE	hyp1	News	NaN	1.6363
908	909	fr	ewe	challenge_SSA-MTE	hyp1	News	NaN	1.5332
909	910	fr	ewe	challenge_SSA-MTE	hyp1	News	NaN	1.5266
910	911	fr	ewe	challenge_SSA-MTE	hyp1	News	NaN	6.9590
911	912	fr	ewe	challenge_SSA-MTE	hyp1	News	NaN	5.5464
912	913	fr	ewe	challenge_SSA-MTE	hyp1	News	NaN	6.6107
913	914	fr	ewe	challenge_SSA-MTE	hyp1	News	NaN	5.1789
914	915	fr	ewe	challenge_SSA-MTE	hyp1	News	NaN	3.3168
915	916	fr	ewe	challenge_SSA-MTE	hyp1	News	NaN	11.4498
916	917	fr	ewe	challenge_SSA-MTE	hyp1	News	NaN	3.0665
917	918	fr	ewe	challenge_SSA-MTE	hyp1	News	NaN	5.5589
918	919	fr	ewe	challenge_SSA-MTE	hyp1	News	NaN	5.5589
919	920	fr	ewe	challenge_SSA-MTE	hyp1	News	NaN	6.9521
920	921	fr	ewe	challenge_SSA-MTE	hyp1	News	NaN	9.4485
921	922	fr	ewe	challenge_SSA-MTE	hyp1	News	NaN	2.9919
922	923	fr	ewe	challenge_SSA-MTE	hyp1	News	NaN	5.9834
923	924	fr	ewe	challenge_SSA-MTE	hyp1	News	NaN	9.7315
924	925	fr	ewe	challenge_SSA-MTE	hyp1	News	NaN	3.0556
925	926	fr	ewe	challenge_SSA-MTE	hyp1	News	NaN	5.7965
926	927	fr	ewe	challenge_SSA-MTE	hyp1	News	NaN	4.3179
927	928	fr	ewe	challenge_SSA-MTE	hyp1	News	NaN	3.4860
928	929	fr	ewe	challenge_SSA-MTE	hyp1	News	NaN	7.3510
929	930	fr	ewe	challenge_SSA-MTE	hyp1	News	NaN	6.7579
930	931	fr	ewe	challenge_SSA-MTE	hyp1	News	NaN	28.1905
931	932	fr	ewe	challenge_SSA-MTE	hyp1	News	NaN	23.3374
932	933	fr	ewe	challenge_SSA-MTE	hyp1	News	NaN	31.0881
933	934	fr	ewe	challenge_SSA-MTE	hyp1	News	NaN	33.3077
934	935	fr	ewe	challenge_SSA-MTE	hyp1	News	NaN	33.2284
935	936	fr	ewe	challenge_SSA-MTE	hyp1	News	NaN	4.2594
936	937	fr	ewe	challenge_SSA-MTE	hyp1	News	NaN	5.9288
937	938	fr	ewe	challenge_SSA-MTE	hyp1	News	NaN	3.5991
938	939	fr	ewe	challenge_SSA-MTE	hyp1	News	NaN	3.6974
939	940	fr	ewe	challenge_SSA-MTE	hyp1	News	NaN	5.5288
940	941	fr	ewe	challenge_SSA-MTE	hyp1	News	NaN	6.0135
941	942	fr	ewe	challenge_SSA-MTE	hyp1	News	NaN	4.1811
942	943	fr	ewe	challenge_SSA-MTE	hyp1	News	NaN	7.7910
943	944	fr	ewe	challenge_SSA-MTE	hyp1	News	NaN	3.6506
944	945	fr	ewe	challenge_SSA-MTE	hyp1	News	NaN	2.3583
945	946	fr	ewe	challenge_SSA-MTE	hyp1	News	NaN	4.7212
946	947	fr	ewe	challenge_SSA-MTE	hyp1	News	NaN	4.7110
947	948	fr	ewe	challenge_SSA-MTE	hyp1	News	NaN	3.8951
948	949	fr	ewe	challenge_SSA-MTE	hyp1	News	NaN	4.0907
949	950	fr	ewe	challenge_SSA-MTE	hyp1	News	NaN	3.4406
950	951	fr	ewe	challenge_SSA-MTE	hyp1	News	NaN	14.0769
951	952	fr	ewe	challenge_SSA-MTE	hyp1	News	NaN	9.4426
952	953	fr	ewe	challenge_SSA-MTE	hyp1	News	NaN	0.0912
953	954	fr	ewe	challenge_SSA-MTE	hyp1	News	NaN	13.2553
954	955	fr	ewe	challenge_SSA-MTE	hyp1	News	NaN	6.0677
955	956	fr	ewe	challenge_SSA-MTE	hyp1	News	NaN	20.8243
956	957	fr	ewe	challenge_SSA-MTE	hyp1	News	NaN	7.4310
957	958	fr	ewe	challenge_SSA-MTE	hyp1	News	NaN	76.8489
958	959	fr	ewe	challenge_SSA-MTE	hyp1	News	NaN	7.3061
959	960	fr	ewe	challenge_SSA-MTE	hyp1	News	NaN	9.5683
960	961	fr	ewe	challenge_SSA-MTE	hyp1	News	NaN	6.8363
961	962	fr	ewe	challenge_SSA-MTE	hyp1	News	NaN	8.1199
962	963	fr	ewe	challenge_SSA-MTE	hyp1	News	NaN	33.2304
963	964	fr	ewe	challenge_SSA-MTE	hyp1	News	NaN	14.9752
964	965	fr	ewe	challenge_SSA-MTE	hyp1	News	NaN	29.0377
965	966	fr	ewe	challenge_SSA-MTE	hyp1	News	NaN	36.8853
966	967	fr	ewe	challenge_SSA-MTE	hyp1	News	NaN	46.0926
967	968	fr	ewe	challenge_SSA-MTE	hyp1	News	NaN	67.8810
968	969	fr	ewe	challenge_SSA-MTE	hyp1	News	NaN	40.4369
969	970	fr	ewe	challenge_SSA-MTE	hyp1	News	NaN	11.6354
970	971	fr	ewe	challenge_SSA-MTE	hyp1	News	NaN	4.7202
971	972	fr	ewe	challenge_SSA-MTE	hyp1	News	NaN	10.5555
972	973	fr	ewe	challenge_SSA-MTE	hyp1	News	NaN	4.8141
973	974	fr	ewe	challenge_SSA-MTE	hyp1	News	NaN	4.1338
974	975	fr	ewe	challenge_SSA-MTE	hyp1	News	NaN	28.3343
975	976	fr	ewe	challenge_SSA-MTE	hyp1	News	NaN	5.1082
976	977	fr	ewe	challenge_SSA-MTE	hyp1	News	NaN	12.3875
977	978	fr	ewe	challenge_SSA-MTE	hyp1	News	NaN	86.5250
978	979	fr	ewe	challenge_SSA-MTE	hyp1	News	NaN	29.6824
979	980	fr	ewe	challenge_SSA-MTE	hyp1	News	NaN	16.3931
980	981	fr	ewe	challenge_SSA-MTE	hyp1	News	NaN	68.6649
981	982	fr	ewe	challenge_SSA-MTE	hyp1	News	NaN	10.7452
982	983	fr	ewe	challenge_SSA-MTE	hyp1	News	NaN	13.5765
983	984	fr	ewe	challenge_SSA-MTE	hyp1	News	NaN	32.6038
984	985	fr	ewe	challenge_SSA-MTE	hyp1	News	NaN	11.2917
985	986	fr	ewe	challenge_SSA-MTE	hyp1	News	NaN	4.8586
986	987	fr	ewe	challenge_SSA-MTE	hyp1	News	NaN	3.1732
987	988	fr	ewe	challenge_SSA-MTE	hyp1	News	NaN	2.8028
988	989	fr	ewe	challenge_SSA-MTE	hyp1	News	NaN	1.7719
989	990	fr	ewe	challenge_SSA-MTE	hyp1	News	NaN	2.7467
990	991	fr	ewe	challenge_SSA-MTE	hyp1	News	NaN	3.3553
991	992	fr	ewe	challenge_SSA-MTE	hyp1	News	NaN	3.8573
992	993	fr	ewe	challenge_SSA-MTE	hyp1	News	NaN	77.6398
993	994	fr	ewe	challenge_SSA-MTE	hyp1	News	NaN	13.6709
994	995	fr	ewe	challenge_SSA-MTE	hyp1	News	NaN	40.2711
995	996	fr	ewe	challenge_SSA-MTE	hyp1	News	NaN	8.0537
996	997	fr	ewe	challenge_SSA-MTE	hyp1	News	NaN	30.7612
997	998	fr	ewe	challenge_SSA-MTE	hyp1	News	NaN	91.4406
998	999	fr	ewe	challenge_SSA-MTE	hyp1	News	NaN	21.8002
999	1000	fr	ewe	challenge_SSA-MTE	hyp1	News	NaN	16.5089
1000	1001	fr	ewe	challenge_SSA-MTE	hyp1	News	NaN	2.7049
1001	1002	fr	ewe	challenge_SSA-MTE	hyp1	News	NaN	5.0337
1002	1003	fr	ewe	challenge_SSA-MTE	hyp1	News	NaN	84.8466
1003	1004	fr	ewe	challenge_SSA-MTE	hyp1	News	NaN	8.1516
1004	1005	fr	ewe	challenge_SSA-MTE	hyp1	News	NaN	8.2097
1005	1006	fr	ewe	challenge_SSA-MTE	hyp1	News	NaN	5.6089
1006	1007	fr	ewe	challenge_SSA-MTE	hyp1	News	NaN	22.0472
1007	1008	fr	ewe	challenge_SSA-MTE	hyp1	News	NaN	94.4060
1008	1009	fr	ewe	challenge_SSA-MTE	hyp1	News	NaN	13.9043
1009	1010	fr	ewe	challenge_SSA-MTE	hyp1	News	NaN	4.0365
1010	1011	fr	ewe	challenge_SSA-MTE	hyp1	News	NaN	9.6884
1011	1012	fr	ewe	challenge_SSA-MTE	hyp1	News	NaN	15.7079
1012	1013	fr	ewe	challenge_SSA-MTE	hyp1	News	NaN	70.1864
1013	1014	fr	ewe	challenge_SSA-MTE	hyp1	News	NaN	5.2583
1014	1015	fr	ewe	challenge_SSA-MTE	hyp1	News	NaN	9.8629
1015	1016	fr	ewe	challenge_SSA-MTE	hyp1	News	NaN	25.5729
1016	1017	fr	ewe	challenge_SSA-MTE	hyp1	News	NaN	20.7798
1017	1018	fr	ewe	challenge_SSA-MTE	hyp1	News	NaN	7.4020
1018	1019	fr	ewe	challenge_SSA-MTE	hyp1	News	NaN	25.4627
1019	1020	fr	ewe	challenge_SSA-MTE	hyp1	News	NaN	12.3306
1020	1021	fr	ewe	challenge_SSA-MTE	hyp1	News	NaN	12.9723
1021	1022	fr	ewe	challenge_SSA-MTE	hyp1	News	NaN	97.5886
1022	1023	fr	ewe	challenge_SSA-MTE	hyp1	News	NaN	6.6881
1023	1024	fr	ewe	challenge_SSA-MTE	hyp1	News	NaN	6.2881
1024	1025	fr	ewe	challenge_SSA-MTE	hyp1	News	NaN	0.0000
1025	1026	fr	ewe	challenge_SSA-MTE	hyp1	News	NaN	4.4662
1026	1027	fr	ewe	challenge_SSA-MTE	hyp1	News	NaN	28.6164
1027	1028	fr	ewe	challenge_SSA-MTE	hyp1	News	NaN	10.4909
1028	1029	fr	ewe	challenge_SSA-MTE	hyp1	News	NaN	22.3979
1029	1030	fr	ewe	challenge_SSA-MTE	hyp1	News	NaN	6.6758
1030	1031	fr	ewe	challenge_SSA-MTE	hyp1	News	NaN	7.8522
1031	1032	fr	ewe	challenge_SSA-MTE	hyp1	News	NaN	94.4060
1032	1033	fr	ewe	challenge_SSA-MTE	hyp1	News	NaN	26.6271
1033	1034	fr	ewe	challenge_SSA-MTE	hyp1	News	NaN	5.4419
1034	1035	fr	ewe	challenge_SSA-MTE	hyp1	News	NaN	4.6767
1035	1036	fr	ewe	challenge_SSA-MTE	hyp1	News	NaN	5.7370
1036	1037	fr	ewe	challenge_SSA-MTE	hyp1	News	NaN	80.5477
1037	1038	fr	ewe	challenge_SSA-MTE	hyp1	News	NaN	24.5555
1038	1039	fr	ewe	challenge_SSA-MTE	hyp1	News	NaN	35.8454
1039	1040	fr	ewe	challenge_SSA-MTE	hyp1	News	NaN	16.0307
1040	1041	fr	ewe	challenge_SSA-MTE	hyp1	News	NaN	20.3485
1041	1042	fr	ewe	challenge_SSA-MTE	hyp1	News	NaN	87.4967
1042	1043	fr	ewe	challenge_SSA-MTE	hyp1	News	NaN	18.0113
1043	1044	fr	ewe	challenge_SSA-MTE	hyp1	News	NaN	20.1605
1044	1045	fr	ewe	challenge_SSA-MTE	hyp1	News	NaN	5.4412
1045	1046	fr	ewe	challenge_SSA-MTE	hyp1	News	NaN	5.9211
1046	1047	fr	ewe	challenge_SSA-MTE	hyp1	News	NaN	94.5286
1047	1048	fr	ewe	challenge_SSA-MTE	hyp1	News	NaN	6.5863
1048	1049	fr	ewe	challenge_SSA-MTE	hyp1	News	NaN	20.2069
1049	1050	fr	ewe	challenge_SSA-MTE	hyp1	News	NaN	14.5968
1050	1051	fr	ewe	challenge_SSA-MTE	hyp1	News	NaN	21.9810
1051	1052	fr	ewe	challenge_SSA-MTE	hyp1	News	NaN	88.8978
1052	1053	fr	ewe	challenge_SSA-MTE	hyp1	News	NaN	32.2957
1053	1054	fr	ewe	challenge_SSA-MTE	hyp1	News	NaN	20.9120
1054	1055	fr	ewe	challenge_SSA-MTE	hyp1	News	NaN	14.0316
1055	1056	fr	ewe	challenge_SSA-MTE	hyp1	News	NaN	25.9159
1056	1057	fr	ewe	challenge_SSA-MTE	hyp1	News	NaN	100.0000
1057	1058	fr	ewe	challenge_SSA-MTE	hyp1	News	NaN	30.3185
1058	1059	fr	ewe	challenge_SSA-MTE	hyp1	News	NaN	25.5303
1059	1060	fr	ewe	challenge_SSA-MTE	hyp1	News	NaN	2.4738
1060	1061	fr	ewe	challenge_SSA-MTE	hyp1	News	NaN	9.2100
1061	1062	fr	ewe	challenge_SSA-MTE	hyp1	News	NaN	100.0000
1062	1063	fr	ewe	challenge_SSA-MTE	hyp1	News	NaN	7.1519
1063	1064	fr	ewe	challenge_SSA-MTE	hyp1	News	NaN	36.6781
1064	1065	fr	ewe	challenge_SSA-MTE	hyp1	News	NaN	7.2530
1065	1066	fr	ewe	challenge_SSA-MTE	hyp1	News	NaN	7.5221
1066	1067	fr	ewe	challenge_SSA-MTE	hyp1	News	NaN	89.8257
1067	1068	fr	ewe	challenge_SSA-MTE	hyp1	News	NaN	8.8030
1068	1069	fr	ewe	challenge_SSA-MTE	hyp1	News	NaN	17.2429
1069	1070	fr	ewe	challenge_SSA-MTE	hyp1	News	NaN	18.6636
1070	1071	fr	ewe	challenge_SSA-MTE	hyp1	News	NaN	100.0000
1071	1072	fr	ewe	challenge_SSA-MTE	hyp1	News	NaN	17.7075
1072	1073	fr	ewe	challenge_SSA-MTE	hyp1	News	NaN	10.6248
1073	1074	fr	ewe	challenge_SSA-MTE	hyp1	News	NaN	5.4592
1074	1075	fr	ewe	challenge_SSA-MTE	hyp1	News	NaN	5.3997
1075	1076	fr	ewe	challenge_SSA-MTE	hyp1	News	NaN	100.0000
1076	1077	fr	ewe	challenge_SSA-MTE	hyp1	News	NaN	8.4098
0	1	fr	wol	challenge_SSA-MTE	hyp1	News	NaN	5.1081
1	2	fr	wol	challenge_SSA-MTE	hyp1	News	NaN	19.6966
2	3	fr	wol	challenge_SSA-MTE	hyp1	News	NaN	4.4655
3	4	fr	wol	challenge_SSA-MTE	hyp1	News	NaN	4.4655
4	5	fr	wol	challenge_SSA-MTE	hyp1	News	NaN	7.8247
5	6	fr	wol	challenge_SSA-MTE	hyp1	News	NaN	12.3562
6	7	fr	wol	challenge_SSA-MTE	hyp1	News	NaN	5.5224
7	8	fr	wol	challenge_SSA-MTE	hyp1	News	NaN	8.0545
8	9	fr	wol	challenge_SSA-MTE	hyp1	News	NaN	19.0708
9	10	fr	wol	challenge_SSA-MTE	hyp1	News	NaN	8.2952
10	11	fr	wol	challenge_SSA-MTE	hyp1	News	NaN	4.4569
11	12	fr	wol	challenge_SSA-MTE	hyp1	News	NaN	7.7686
12	13	fr	wol	challenge_SSA-MTE	hyp1	News	NaN	11.2085
13	14	fr	wol	challenge_SSA-MTE	hyp1	News	NaN	26.0847
14	15	fr	wol	challenge_SSA-MTE	hyp1	News	NaN	20.5046
15	16	fr	wol	challenge_SSA-MTE	hyp1	News	NaN	10.5527
16	17	fr	wol	challenge_SSA-MTE	hyp1	News	NaN	4.9324
17	18	fr	wol	challenge_SSA-MTE	hyp1	News	NaN	11.7378
18	19	fr	wol	challenge_SSA-MTE	hyp1	News	NaN	20.5567
19	20	fr	wol	challenge_SSA-MTE	hyp1	News	NaN	10.1280
20	21	fr	wol	challenge_SSA-MTE	hyp1	News	NaN	6.0532
21	22	fr	wol	challenge_SSA-MTE	hyp1	News	NaN	1.4446
22	23	fr	wol	challenge_SSA-MTE	hyp1	News	NaN	6.6327
23	24	fr	wol	challenge_SSA-MTE	hyp1	News	NaN	5.7894
24	25	fr	wol	challenge_SSA-MTE	hyp1	News	NaN	6.4005
25	26	fr	wol	challenge_SSA-MTE	hyp1	News	NaN	8.5130
26	27	fr	wol	challenge_SSA-MTE	hyp1	News	NaN	1.1525
27	28	fr	wol	challenge_SSA-MTE	hyp1	News	NaN	9.7303
28	29	fr	wol	challenge_SSA-MTE	hyp1	News	NaN	34.7864
29	30	fr	wol	challenge_SSA-MTE	hyp1	News	NaN	10.1359
30	31	fr	wol	challenge_SSA-MTE	hyp1	News	NaN	3.4586
31	32	fr	wol	challenge_SSA-MTE	hyp1	News	NaN	34.1723
32	33	fr	wol	challenge_SSA-MTE	hyp1	News	NaN	9.0075
33	34	fr	wol	challenge_SSA-MTE	hyp1	News	NaN	67.0423
34	35	fr	wol	challenge_SSA-MTE	hyp1	News	NaN	9.2384
35	36	fr	wol	challenge_SSA-MTE	hyp1	News	NaN	4.7892
36	37	fr	wol	challenge_SSA-MTE	hyp1	News	NaN	4.9324
37	38	fr	wol	challenge_SSA-MTE	hyp1	News	NaN	6.2747
38	39	fr	wol	challenge_SSA-MTE	hyp1	News	NaN	5.5084
39	40	fr	wol	challenge_SSA-MTE	hyp1	News	NaN	11.0448
40	41	fr	wol	challenge_SSA-MTE	hyp1	News	NaN	2.1301
41	42	fr	wol	challenge_SSA-MTE	hyp1	News	NaN	2.4906
42	43	fr	wol	challenge_SSA-MTE	hyp1	News	NaN	3.1252
43	44	fr	wol	challenge_SSA-MTE	hyp1	News	NaN	3.4287
44	45	fr	wol	challenge_SSA-MTE	hyp1	News	NaN	3.4857
45	46	fr	wol	challenge_SSA-MTE	hyp1	News	NaN	11.2550
46	47	fr	wol	challenge_SSA-MTE	hyp1	News	NaN	10.2081
47	48	fr	wol	challenge_SSA-MTE	hyp1	News	NaN	5.5439
48	49	fr	wol	challenge_SSA-MTE	hyp1	News	NaN	13.0448
49	50	fr	wol	challenge_SSA-MTE	hyp1	News	NaN	11.2289
50	51	fr	wol	challenge_SSA-MTE	hyp1	News	NaN	7.8583
51	52	fr	wol	challenge_SSA-MTE	hyp1	News	NaN	3.1086
52	53	fr	wol	challenge_SSA-MTE	hyp1	News	NaN	4.6725
53	54	fr	wol	challenge_SSA-MTE	hyp1	News	NaN	8.1822
54	55	fr	wol	challenge_SSA-MTE	hyp1	News	NaN	8.1822
55	56	fr	wol	challenge_SSA-MTE	hyp1	News	NaN	5.0012
56	57	fr	wol	challenge_SSA-MTE	hyp1	News	NaN	15.7619
57	58	fr	wol	challenge_SSA-MTE	hyp1	News	NaN	4.7416
58	59	fr	wol	challenge_SSA-MTE	hyp1	News	NaN	24.6913
59	60	fr	wol	challenge_SSA-MTE	hyp1	News	NaN	8.0338
60	61	fr	wol	challenge_SSA-MTE	hyp1	News	NaN	3.6735
61	62	fr	wol	challenge_SSA-MTE	hyp1	News	NaN	4.4569
62	63	fr	wol	challenge_SSA-MTE	hyp1	News	NaN	8.4037
63	64	fr	wol	challenge_SSA-MTE	hyp1	News	NaN	9.6693
64	65	fr	wol	challenge_SSA-MTE	hyp1	News	NaN	15.2707
65	66	fr	wol	challenge_SSA-MTE	hyp1	News	NaN	10.9349
66	67	fr	wol	challenge_SSA-MTE	hyp1	News	NaN	9.2384
67	68	fr	wol	challenge_SSA-MTE	hyp1	News	NaN	7.2091
68	69	fr	wol	challenge_SSA-MTE	hyp1	News	NaN	13.9123
69	70	fr	wol	challenge_SSA-MTE	hyp1	News	NaN	39.5533
70	71	fr	wol	challenge_SSA-MTE	hyp1	News	NaN	3.6967
71	72	fr	wol	challenge_SSA-MTE	hyp1	News	NaN	42.8032
72	73	fr	wol	challenge_SSA-MTE	hyp1	News	NaN	28.4333
73	74	fr	wol	challenge_SSA-MTE	hyp1	News	NaN	33.6493
74	75	fr	wol	challenge_SSA-MTE	hyp1	News	NaN	4.0232
75	76	fr	wol	challenge_SSA-MTE	hyp1	News	NaN	0.0000
76	77	fr	wol	challenge_SSA-MTE	hyp1	News	NaN	4.0654
77	78	fr	wol	challenge_SSA-MTE	hyp1	News	NaN	2.1567
78	79	fr	wol	challenge_SSA-MTE	hyp1	News	NaN	3.7165
79	80	fr	wol	challenge_SSA-MTE	hyp1	News	NaN	2.1426
80	81	fr	wol	challenge_SSA-MTE	hyp1	News	NaN	1.4815
81	82	fr	wol	challenge_SSA-MTE	hyp1	News	NaN	1.0648
82	83	fr	wol	challenge_SSA-MTE	hyp1	News	NaN	15.6704
83	84	fr	wol	challenge_SSA-MTE	hyp1	News	NaN	2.2006
84	85	fr	wol	challenge_SSA-MTE	hyp1	News	NaN	8.5330
85	86	fr	wol	challenge_SSA-MTE	hyp1	News	NaN	10.2240
86	87	fr	wol	challenge_SSA-MTE	hyp1	News	NaN	8.2260
87	88	fr	wol	challenge_SSA-MTE	hyp1	News	NaN	8.9730
88	89	fr	wol	challenge_SSA-MTE	hyp1	News	NaN	8.8892
89	90	fr	wol	challenge_SSA-MTE	hyp1	News	NaN	3.7977
90	91	fr	wol	challenge_SSA-MTE	hyp1	News	NaN	6.7089
91	92	fr	wol	challenge_SSA-MTE	hyp1	News	NaN	2.8827
92	93	fr	wol	challenge_SSA-MTE	hyp1	News	NaN	6.1676
93	94	fr	wol	challenge_SSA-MTE	hyp1	News	NaN	3.4436
94	95	fr	wol	challenge_SSA-MTE	hyp1	News	NaN	9.0926
95	96	fr	wol	challenge_SSA-MTE	hyp1	News	NaN	12.3546
96	97	fr	wol	challenge_SSA-MTE	hyp1	News	NaN	7.7058
97	98	fr	wol	challenge_SSA-MTE	hyp1	News	NaN	10.8306
98	99	fr	wol	challenge_SSA-MTE	hyp1	News	NaN	7.2239
99	100	fr	wol	challenge_SSA-MTE	hyp1	News	NaN	3.7374
100	101	fr	wol	challenge_SSA-MTE	hyp1	News	NaN	4.0272
101	102	fr	wol	challenge_SSA-MTE	hyp1	News	NaN	7.6354
102	103	fr	wol	challenge_SSA-MTE	hyp1	News	NaN	4.5136
103	104	fr	wol	challenge_SSA-MTE	hyp1	News	NaN	3.7374
104	105	fr	wol	challenge_SSA-MTE	hyp1	News	NaN	3.5509
105	106	fr	wol	challenge_SSA-MTE	hyp1	News	NaN	20.0983
106	107	fr	wol	challenge_SSA-MTE	hyp1	News	NaN	4.3686
107	108	fr	wol	challenge_SSA-MTE	hyp1	News	NaN	32.1609
108	109	fr	wol	challenge_SSA-MTE	hyp1	News	NaN	28.9178
109	110	fr	wol	challenge_SSA-MTE	hyp1	News	NaN	3.4586
110	111	fr	wol	challenge_SSA-MTE	hyp1	News	NaN	3.1497
111	112	fr	wol	challenge_SSA-MTE	hyp1	News	NaN	6.2504
112	113	fr	wol	challenge_SSA-MTE	hyp1	News	NaN	3.4710
113	114	fr	wol	challenge_SSA-MTE	hyp1	News	NaN	17.2454
114	115	fr	wol	challenge_SSA-MTE	hyp1	News	NaN	2.1321
115	116	fr	wol	challenge_SSA-MTE	hyp1	News	NaN	2.7351
116	117	fr	wol	challenge_SSA-MTE	hyp1	News	NaN	4.9293
117	118	fr	wol	challenge_SSA-MTE	hyp1	News	NaN	4.6618
118	119	fr	wol	challenge_SSA-MTE	hyp1	News	NaN	5.4626
119	120	fr	wol	challenge_SSA-MTE	hyp1	News	NaN	9.4424
120	121	fr	wol	challenge_SSA-MTE	hyp1	News	NaN	8.5130
121	122	fr	wol	challenge_SSA-MTE	hyp1	News	NaN	5.0263
122	123	fr	wol	challenge_SSA-MTE	hyp1	News	NaN	2.1321
123	124	fr	wol	challenge_SSA-MTE	hyp1	News	NaN	6.8709
124	125	fr	wol	challenge_SSA-MTE	hyp1	News	NaN	9.5072
125	126	fr	wol	challenge_SSA-MTE	hyp1	News	NaN	13.2963
126	127	fr	wol	challenge_SSA-MTE	hyp1	News	NaN	6.4553
127	128	fr	wol	challenge_SSA-MTE	hyp1	News	NaN	7.9783
128	129	fr	wol	challenge_SSA-MTE	hyp1	News	NaN	28.1872
129	130	fr	wol	challenge_SSA-MTE	hyp1	News	NaN	4.1961
130	131	fr	wol	challenge_SSA-MTE	hyp1	News	NaN	4.4569
131	132	fr	wol	challenge_SSA-MTE	hyp1	News	NaN	4.4569
132	133	fr	wol	challenge_SSA-MTE	hyp1	News	NaN	9.4252
133	134	fr	wol	challenge_SSA-MTE	hyp1	News	NaN	4.9324
134	135	fr	wol	challenge_SSA-MTE	hyp1	News	NaN	2.3526
135	136	fr	wol	challenge_SSA-MTE	hyp1	News	NaN	13.4283
136	137	fr	wol	challenge_SSA-MTE	hyp1	News	NaN	4.1130
137	138	fr	wol	challenge_SSA-MTE	hyp1	News	NaN	20.1494
138	139	fr	wol	challenge_SSA-MTE	hyp1	News	NaN	4.3008
139	140	fr	wol	challenge_SSA-MTE	hyp1	News	NaN	34.7916
140	141	fr	wol	challenge_SSA-MTE	hyp1	News	NaN	4.2465
141	142	fr	wol	challenge_SSA-MTE	hyp1	News	NaN	39.8949
142	143	fr	wol	challenge_SSA-MTE	hyp1	News	NaN	49.1953
143	144	fr	wol	challenge_SSA-MTE	hyp1	News	NaN	41.2491
144	145	fr	wol	challenge_SSA-MTE	hyp1	News	NaN	2.2870
145	146	fr	wol	challenge_SSA-MTE	hyp1	News	NaN	3.0891
146	147	fr	wol	challenge_SSA-MTE	hyp1	News	NaN	2.2870
147	148	fr	wol	challenge_SSA-MTE	hyp1	News	NaN	22.7721
148	149	fr	wol	challenge_SSA-MTE	hyp1	News	NaN	4.4569
149	150	fr	wol	challenge_SSA-MTE	hyp1	News	NaN	2.0706
150	151	fr	wol	challenge_SSA-MTE	hyp1	News	NaN	3.0891
151	152	fr	wol	challenge_SSA-MTE	hyp1	News	NaN	4.5672
152	153	fr	wol	challenge_SSA-MTE	hyp1	News	NaN	8.7372
153	154	fr	wol	challenge_SSA-MTE	hyp1	News	NaN	3.5793
154	155	fr	wol	challenge_SSA-MTE	hyp1	News	NaN	2.8856
155	156	fr	wol	challenge_SSA-MTE	hyp1	News	NaN	3.4683
156	157	fr	wol	challenge_SSA-MTE	hyp1	News	NaN	3.8383
157	158	fr	wol	challenge_SSA-MTE	hyp1	News	NaN	12.5172
158	159	fr	wol	challenge_SSA-MTE	hyp1	News	NaN	17.6950
159	160	fr	wol	challenge_SSA-MTE	hyp1	News	NaN	3.5115
160	161	fr	wol	challenge_SSA-MTE	hyp1	News	NaN	2.1851
161	162	fr	wol	challenge_SSA-MTE	hyp1	News	NaN	4.6680
162	163	fr	wol	challenge_SSA-MTE	hyp1	News	NaN	8.6685
163	164	fr	wol	challenge_SSA-MTE	hyp1	News	NaN	5.7742
164	165	fr	wol	challenge_SSA-MTE	hyp1	News	NaN	3.1760
165	166	fr	wol	challenge_SSA-MTE	hyp1	News	NaN	4.0654
166	167	fr	wol	challenge_SSA-MTE	hyp1	News	NaN	2.8265
167	168	fr	wol	challenge_SSA-MTE	hyp1	News	NaN	7.7686
168	169	fr	wol	challenge_SSA-MTE	hyp1	News	NaN	3.7374
169	170	fr	wol	challenge_SSA-MTE	hyp1	News	NaN	4.6994
170	171	fr	wol	challenge_SSA-MTE	hyp1	News	NaN	1.6071
171	172	fr	wol	challenge_SSA-MTE	hyp1	News	NaN	5.4376
172	173	fr	wol	challenge_SSA-MTE	hyp1	News	NaN	6.3443
173	174	fr	wol	challenge_SSA-MTE	hyp1	News	NaN	8.6137
174	175	fr	wol	challenge_SSA-MTE	hyp1	News	NaN	18.2071
175	176	fr	wol	challenge_SSA-MTE	hyp1	News	NaN	10.5118
176	177	fr	wol	challenge_SSA-MTE	hyp1	News	NaN	3.9297
177	178	fr	wol	challenge_SSA-MTE	hyp1	News	NaN	21.0237
178	179	fr	wol	challenge_SSA-MTE	hyp1	News	NaN	18.2957
179	180	fr	wol	challenge_SSA-MTE	hyp1	News	NaN	2.5645
180	181	fr	wol	challenge_SSA-MTE	hyp1	News	NaN	3.3332
181	182	fr	wol	challenge_SSA-MTE	hyp1	News	NaN	3.7283
182	183	fr	wol	challenge_SSA-MTE	hyp1	News	NaN	4.4529
183	184	fr	wol	challenge_SSA-MTE	hyp1	News	NaN	5.2726
184	185	fr	wol	challenge_SSA-MTE	hyp1	News	NaN	2.2732
185	186	fr	wol	challenge_SSA-MTE	hyp1	News	NaN	2.5999
186	187	fr	wol	challenge_SSA-MTE	hyp1	News	NaN	4.7355
187	188	fr	wol	challenge_SSA-MTE	hyp1	News	NaN	15.5143
188	189	fr	wol	challenge_SSA-MTE	hyp1	News	NaN	5.5948
189	190	fr	wol	challenge_SSA-MTE	hyp1	News	NaN	3.0273
190	191	fr	wol	challenge_SSA-MTE	hyp1	News	NaN	3.1443
191	192	fr	wol	challenge_SSA-MTE	hyp1	News	NaN	2.8630
192	193	fr	wol	challenge_SSA-MTE	hyp1	News	NaN	5.5380
193	194	fr	wol	challenge_SSA-MTE	hyp1	News	NaN	3.4198
194	195	fr	wol	challenge_SSA-MTE	hyp1	News	NaN	3.4902
195	196	fr	wol	challenge_SSA-MTE	hyp1	News	NaN	2.8630
196	197	fr	wol	challenge_SSA-MTE	hyp1	News	NaN	3.0373
197	198	fr	wol	challenge_SSA-MTE	hyp1	News	NaN	5.3286
198	199	fr	wol	challenge_SSA-MTE	hyp1	News	NaN	2.7077
199	200	fr	wol	challenge_SSA-MTE	hyp1	News	NaN	3.3958
200	201	fr	wol	challenge_SSA-MTE	hyp1	News	NaN	5.0395
201	202	fr	wol	challenge_SSA-MTE	hyp1	News	NaN	4.8150
202	203	fr	wol	challenge_SSA-MTE	hyp1	News	NaN	10.5215
203	204	fr	wol	challenge_SSA-MTE	hyp1	News	NaN	10.5696
204	205	fr	wol	challenge_SSA-MTE	hyp1	News	NaN	24.4799
205	206	fr	wol	challenge_SSA-MTE	hyp1	News	NaN	26.6997
206	207	fr	wol	challenge_SSA-MTE	hyp1	News	NaN	23.9326
207	208	fr	wol	challenge_SSA-MTE	hyp1	News	NaN	35.8700
208	209	fr	wol	challenge_SSA-MTE	hyp1	News	NaN	4.3038
209	210	fr	wol	challenge_SSA-MTE	hyp1	News	NaN	2.8049
210	211	fr	wol	challenge_SSA-MTE	hyp1	News	NaN	9.3796
211	212	fr	wol	challenge_SSA-MTE	hyp1	News	NaN	30.7716
212	213	fr	wol	challenge_SSA-MTE	hyp1	News	NaN	41.3235
213	214	fr	wol	challenge_SSA-MTE	hyp1	News	NaN	6.3310
214	215	fr	wol	challenge_SSA-MTE	hyp1	News	NaN	3.3930
215	216	fr	wol	challenge_SSA-MTE	hyp1	News	NaN	12.8743
216	217	fr	wol	challenge_SSA-MTE	hyp1	News	NaN	14.3779
217	218	fr	wol	challenge_SSA-MTE	hyp1	News	NaN	14.5768
218	219	fr	wol	challenge_SSA-MTE	hyp1	News	NaN	5.1543
219	220	fr	wol	challenge_SSA-MTE	hyp1	News	NaN	8.6388
220	221	fr	wol	challenge_SSA-MTE	hyp1	News	NaN	9.2465
221	222	fr	wol	challenge_SSA-MTE	hyp1	News	NaN	8.8084
222	223	fr	wol	challenge_SSA-MTE	hyp1	News	NaN	23.9095
223	224	fr	wol	challenge_SSA-MTE	hyp1	News	NaN	14.2734
224	225	fr	wol	challenge_SSA-MTE	hyp1	News	NaN	4.5599
225	226	fr	wol	challenge_SSA-MTE	hyp1	News	NaN	12.2859
226	227	fr	wol	challenge_SSA-MTE	hyp1	News	NaN	14.6478
227	228	fr	wol	challenge_SSA-MTE	hyp1	News	NaN	15.7349
228	229	fr	wol	challenge_SSA-MTE	hyp1	News	NaN	3.6529
229	230	fr	wol	challenge_SSA-MTE	hyp1	News	NaN	3.2920
230	231	fr	wol	challenge_SSA-MTE	hyp1	News	NaN	3.7674
231	232	fr	wol	challenge_SSA-MTE	hyp1	News	NaN	2.0592
232	233	fr	wol	challenge_SSA-MTE	hyp1	News	NaN	2.4427
233	234	fr	wol	challenge_SSA-MTE	hyp1	News	NaN	6.4231
234	235	fr	wol	challenge_SSA-MTE	hyp1	News	NaN	11.2673
235	236	fr	wol	challenge_SSA-MTE	hyp1	News	NaN	7.3876
236	237	fr	wol	challenge_SSA-MTE	hyp1	News	NaN	26.9205
237	238	fr	wol	challenge_SSA-MTE	hyp1	News	NaN	18.9224
238	239	fr	wol	challenge_SSA-MTE	hyp1	News	NaN	3.7374
239	240	fr	wol	challenge_SSA-MTE	hyp1	News	NaN	11.1149
240	241	fr	wol	challenge_SSA-MTE	hyp1	News	NaN	15.8445
241	242	fr	wol	challenge_SSA-MTE	hyp1	News	NaN	14.8796
242	243	fr	wol	challenge_SSA-MTE	hyp1	News	NaN	2.5828
243	244	fr	wol	challenge_SSA-MTE	hyp1	News	NaN	5.4110
244	245	fr	wol	challenge_SSA-MTE	hyp1	News	NaN	4.7249
245	246	fr	wol	challenge_SSA-MTE	hyp1	News	NaN	4.9680
246	247	fr	wol	challenge_SSA-MTE	hyp1	News	NaN	4.7249
247	248	fr	wol	challenge_SSA-MTE	hyp1	News	NaN	2.3305
248	249	fr	wol	challenge_SSA-MTE	hyp1	News	NaN	1.4314
249	250	fr	wol	challenge_SSA-MTE	hyp1	News	NaN	2.3195
250	251	fr	wol	challenge_SSA-MTE	hyp1	News	NaN	6.8805
251	252	fr	wol	challenge_SSA-MTE	hyp1	News	NaN	2.1585
252	253	fr	wol	challenge_SSA-MTE	hyp1	News	NaN	11.2673
253	254	fr	wol	challenge_SSA-MTE	hyp1	News	NaN	9.6726
254	255	fr	wol	challenge_SSA-MTE	hyp1	News	NaN	0.7281
255	256	fr	wol	challenge_SSA-MTE	hyp1	News	NaN	14.3826
256	257	fr	wol	challenge_SSA-MTE	hyp1	News	NaN	13.3236
257	258	fr	wol	challenge_SSA-MTE	hyp1	News	NaN	10.3436
258	259	fr	wol	challenge_SSA-MTE	hyp1	News	NaN	16.9436
259	260	fr	wol	challenge_SSA-MTE	hyp1	News	NaN	9.6726
260	261	fr	wol	challenge_SSA-MTE	hyp1	News	NaN	6.6090
261	262	fr	wol	challenge_SSA-MTE	hyp1	News	NaN	25.7487
262	263	fr	wol	challenge_SSA-MTE	hyp1	News	NaN	8.9617
263	264	fr	wol	challenge_SSA-MTE	hyp1	News	NaN	3.0373
264	265	fr	wol	challenge_SSA-MTE	hyp1	News	NaN	3.0166
265	266	fr	wol	challenge_SSA-MTE	hyp1	News	NaN	30.0645
266	267	fr	wol	challenge_SSA-MTE	hyp1	News	NaN	6.0472
267	268	fr	wol	challenge_SSA-MTE	hyp1	News	NaN	2.1671
268	269	fr	wol	challenge_SSA-MTE	hyp1	News	NaN	2.3901
269	270	fr	wol	challenge_SSA-MTE	hyp1	News	NaN	2.1301
270	271	fr	wol	challenge_SSA-MTE	hyp1	News	NaN	8.3552
271	272	fr	wol	challenge_SSA-MTE	hyp1	News	NaN	2.3287
272	273	fr	wol	challenge_SSA-MTE	hyp1	News	NaN	2.0429
273	274	fr	wol	challenge_SSA-MTE	hyp1	News	NaN	2.2669
274	275	fr	wol	challenge_SSA-MTE	hyp1	News	NaN	4.5720
275	276	fr	wol	challenge_SSA-MTE	hyp1	News	NaN	5.9142
276	277	fr	wol	challenge_SSA-MTE	hyp1	News	NaN	2.5828
277	278	fr	wol	challenge_SSA-MTE	hyp1	News	NaN	2.8138
278	279	fr	wol	challenge_SSA-MTE	hyp1	News	NaN	0.7577
279	280	fr	wol	challenge_SSA-MTE	hyp1	News	NaN	0.3684
280	281	fr	wol	challenge_SSA-MTE	hyp1	News	NaN	5.9985
281	282	fr	wol	challenge_SSA-MTE	hyp1	News	NaN	4.2601
282	283	fr	wol	challenge_SSA-MTE	hyp1	News	NaN	1.6047
283	284	fr	wol	challenge_SSA-MTE	hyp1	News	NaN	2.1440
284	285	fr	wol	challenge_SSA-MTE	hyp1	News	NaN	1.3339
285	286	fr	wol	challenge_SSA-MTE	hyp1	News	NaN	2.4499
286	287	fr	wol	challenge_SSA-MTE	hyp1	News	NaN	2.0753
287	288	fr	wol	challenge_SSA-MTE	hyp1	News	NaN	5.4649
288	289	fr	wol	challenge_SSA-MTE	hyp1	News	NaN	4.7619
289	290	fr	wol	challenge_SSA-MTE	hyp1	News	NaN	5.4210
290	291	fr	wol	challenge_SSA-MTE	hyp1	News	NaN	13.3154
291	292	fr	wol	challenge_SSA-MTE	hyp1	News	NaN	18.6280
292	293	fr	wol	challenge_SSA-MTE	hyp1	News	NaN	21.6419
293	294	fr	wol	challenge_SSA-MTE	hyp1	News	NaN	5.6757
294	295	fr	wol	challenge_SSA-MTE	hyp1	News	NaN	6.2911
295	296	fr	wol	challenge_SSA-MTE	hyp1	News	NaN	35.7530
296	297	fr	wol	challenge_SSA-MTE	hyp1	News	NaN	26.5090
297	298	fr	wol	challenge_SSA-MTE	hyp1	News	NaN	5.6858
298	299	fr	wol	challenge_SSA-MTE	hyp1	News	NaN	1.0956
299	300	fr	wol	challenge_SSA-MTE	hyp1	News	NaN	1.6758
300	301	fr	wol	challenge_SSA-MTE	hyp1	News	NaN	14.8824
301	302	fr	wol	challenge_SSA-MTE	hyp1	News	NaN	5.3827
302	303	fr	wol	challenge_SSA-MTE	hyp1	News	NaN	17.0596
303	304	fr	wol	challenge_SSA-MTE	hyp1	News	NaN	2.3184
304	305	fr	wol	challenge_SSA-MTE	hyp1	News	NaN	14.2650
305	306	fr	wol	challenge_SSA-MTE	hyp1	News	NaN	12.9546
306	307	fr	wol	challenge_SSA-MTE	hyp1	News	NaN	6.9695
307	308	fr	wol	challenge_SSA-MTE	hyp1	News	NaN	4.8946
308	309	fr	wol	challenge_SSA-MTE	hyp1	News	NaN	2.9639
309	310	fr	wol	challenge_SSA-MTE	hyp1	News	NaN	4.2601
310	311	fr	wol	challenge_SSA-MTE	hyp1	News	NaN	4.9732
311	312	fr	wol	challenge_SSA-MTE	hyp1	News	NaN	6.3863
312	313	fr	wol	challenge_SSA-MTE	hyp1	News	NaN	3.8383
313	314	fr	wol	challenge_SSA-MTE	hyp1	News	NaN	4.6337
314	315	fr	wol	challenge_SSA-MTE	hyp1	News	NaN	4.8501
315	316	fr	wol	challenge_SSA-MTE	hyp1	News	NaN	3.9952
316	317	fr	wol	challenge_SSA-MTE	hyp1	News	NaN	2.8379
317	318	fr	wol	challenge_SSA-MTE	hyp1	News	NaN	5.0757
318	319	fr	wol	challenge_SSA-MTE	hyp1	News	NaN	2.8480
319	320	fr	wol	challenge_SSA-MTE	hyp1	News	NaN	5.0395
320	321	fr	wol	challenge_SSA-MTE	hyp1	News	NaN	5.3569
321	322	fr	wol	challenge_SSA-MTE	hyp1	News	NaN	4.1203
322	323	fr	wol	challenge_SSA-MTE	hyp1	News	NaN	9.5704
323	324	fr	wol	challenge_SSA-MTE	hyp1	News	NaN	6.3036
324	325	fr	wol	challenge_SSA-MTE	hyp1	News	NaN	19.8508
325	326	fr	wol	challenge_SSA-MTE	hyp1	News	NaN	16.4519
326	327	fr	wol	challenge_SSA-MTE	hyp1	News	NaN	12.4096
327	328	fr	wol	challenge_SSA-MTE	hyp1	News	NaN	5.6847
328	329	fr	wol	challenge_SSA-MTE	hyp1	News	NaN	23.3078
329	330	fr	wol	challenge_SSA-MTE	hyp1	News	NaN	22.9911
330	331	fr	wol	challenge_SSA-MTE	hyp1	News	NaN	22.9142
331	332	fr	wol	challenge_SSA-MTE	hyp1	News	NaN	2.0171
332	333	fr	wol	challenge_SSA-MTE	hyp1	News	NaN	4.6766
333	334	fr	wol	challenge_SSA-MTE	hyp1	News	NaN	4.7894
334	335	fr	wol	challenge_SSA-MTE	hyp1	News	NaN	7.4456
335	336	fr	wol	challenge_SSA-MTE	hyp1	News	NaN	9.1794
336	337	fr	wol	challenge_SSA-MTE	hyp1	News	NaN	2.2250
337	338	fr	wol	challenge_SSA-MTE	hyp1	News	NaN	6.2994
338	339	fr	wol	challenge_SSA-MTE	hyp1	News	NaN	0.2510
339	340	fr	wol	challenge_SSA-MTE	hyp1	News	NaN	12.0392
340	341	fr	wol	challenge_SSA-MTE	hyp1	News	NaN	9.6143
341	342	fr	wol	challenge_SSA-MTE	hyp1	News	NaN	3.3868
342	343	fr	wol	challenge_SSA-MTE	hyp1	News	NaN	2.2732
343	344	fr	wol	challenge_SSA-MTE	hyp1	News	NaN	4.3343
344	345	fr	wol	challenge_SSA-MTE	hyp1	News	NaN	12.3993
345	346	fr	wol	challenge_SSA-MTE	hyp1	News	NaN	9.5604
346	347	fr	wol	challenge_SSA-MTE	hyp1	News	NaN	2.1688
347	348	fr	wol	challenge_SSA-MTE	hyp1	News	NaN	4.0410
348	349	fr	wol	challenge_SSA-MTE	hyp1	News	NaN	4.2820
349	350	fr	wol	challenge_SSA-MTE	hyp1	News	NaN	3.8771
350	351	fr	wol	challenge_SSA-MTE	hyp1	News	NaN	12.4328
351	352	fr	wol	challenge_SSA-MTE	hyp1	News	NaN	2.4623
352	353	fr	wol	challenge_SSA-MTE	hyp1	News	NaN	3.0522
353	354	fr	wol	challenge_SSA-MTE	hyp1	News	NaN	2.9540
354	355	fr	wol	challenge_SSA-MTE	hyp1	News	NaN	7.0210
355	356	fr	wol	challenge_SSA-MTE	hyp1	News	NaN	2.4427
356	357	fr	wol	challenge_SSA-MTE	hyp1	News	NaN	13.1854
357	358	fr	wol	challenge_SSA-MTE	hyp1	News	NaN	4.9566
358	359	fr	wol	challenge_SSA-MTE	hyp1	News	NaN	6.9923
359	360	fr	wol	challenge_SSA-MTE	hyp1	News	NaN	9.5848
360	361	fr	wol	challenge_SSA-MTE	hyp1	News	NaN	6.9617
361	362	fr	wol	challenge_SSA-MTE	hyp1	News	NaN	4.0489
362	363	fr	wol	challenge_SSA-MTE	hyp1	News	NaN	3.0098
363	364	fr	wol	challenge_SSA-MTE	hyp1	News	NaN	5.0906
364	365	fr	wol	challenge_SSA-MTE	hyp1	News	NaN	3.4354
365	366	fr	wol	challenge_SSA-MTE	hyp1	News	NaN	5.7840
366	367	fr	wol	challenge_SSA-MTE	hyp1	News	NaN	1.8589
367	368	fr	wol	challenge_SSA-MTE	hyp1	News	NaN	10.0232
368	369	fr	wol	challenge_SSA-MTE	hyp1	News	NaN	2.0200
369	370	fr	wol	challenge_SSA-MTE	hyp1	News	NaN	6.6125
370	371	fr	wol	challenge_SSA-MTE	hyp1	News	NaN	3.6164
371	372	fr	wol	challenge_SSA-MTE	hyp1	News	NaN	8.6732
372	373	fr	wol	challenge_SSA-MTE	hyp1	News	NaN	6.7279
373	374	fr	wol	challenge_SSA-MTE	hyp1	News	NaN	9.5893
374	375	fr	wol	challenge_SSA-MTE	hyp1	News	NaN	3.5148
375	376	fr	wol	challenge_SSA-MTE	hyp1	News	NaN	10.6184
376	377	fr	wol	challenge_SSA-MTE	hyp1	News	NaN	2.2574
377	378	fr	wol	challenge_SSA-MTE	hyp1	News	NaN	8.4038
378	379	fr	wol	challenge_SSA-MTE	hyp1	News	NaN	2.6150
379	380	fr	wol	challenge_SSA-MTE	hyp1	News	NaN	2.9965
380	381	fr	wol	challenge_SSA-MTE	hyp1	News	NaN	5.4153
381	382	fr	wol	challenge_SSA-MTE	hyp1	News	NaN	4.8999
382	383	fr	wol	challenge_SSA-MTE	hyp1	News	NaN	8.3034
383	384	fr	wol	challenge_SSA-MTE	hyp1	News	NaN	7.1481
384	385	fr	wol	challenge_SSA-MTE	hyp1	News	NaN	12.9793
385	386	fr	wol	challenge_SSA-MTE	hyp1	News	NaN	13.3067
386	387	fr	wol	challenge_SSA-MTE	hyp1	News	NaN	4.1255
387	388	fr	wol	challenge_SSA-MTE	hyp1	News	NaN	7.3350
388	389	fr	wol	challenge_SSA-MTE	hyp1	News	NaN	10.4212
389	390	fr	wol	challenge_SSA-MTE	hyp1	News	NaN	33.3278
390	391	fr	wol	challenge_SSA-MTE	hyp1	News	NaN	20.3733
391	392	fr	wol	challenge_SSA-MTE	hyp1	News	NaN	2.0749
392	393	fr	wol	challenge_SSA-MTE	hyp1	News	NaN	3.6034
393	394	fr	wol	challenge_SSA-MTE	hyp1	News	NaN	3.5823
394	395	fr	wol	challenge_SSA-MTE	hyp1	News	NaN	7.4223
395	396	fr	wol	challenge_SSA-MTE	hyp1	News	NaN	4.2881
396	397	fr	wol	challenge_SSA-MTE	hyp1	News	NaN	1.9191
397	398	fr	wol	challenge_SSA-MTE	hyp1	News	NaN	5.3191
398	399	fr	wol	challenge_SSA-MTE	hyp1	News	NaN	1.6857
399	400	fr	wol	challenge_SSA-MTE	hyp1	News	NaN	3.0113
400	401	fr	wol	challenge_SSA-MTE	hyp1	News	NaN	3.7192
401	402	fr	wol	challenge_SSA-MTE	hyp1	News	NaN	25.8620
402	403	fr	wol	challenge_SSA-MTE	hyp1	News	NaN	0.8166
403	404	fr	wol	challenge_SSA-MTE	hyp1	News	NaN	4.2048
404	405	fr	wol	challenge_SSA-MTE	hyp1	News	NaN	12.2515
405	406	fr	wol	challenge_SSA-MTE	hyp1	News	NaN	21.2584
406	407	fr	wol	challenge_SSA-MTE	hyp1	News	NaN	2.6441
407	408	fr	wol	challenge_SSA-MTE	hyp1	News	NaN	3.4857
408	409	fr	wol	challenge_SSA-MTE	hyp1	News	NaN	2.7077
409	410	fr	wol	challenge_SSA-MTE	hyp1	News	NaN	5.4012
410	411	fr	wol	challenge_SSA-MTE	hyp1	News	NaN	3.7165
411	412	fr	wol	challenge_SSA-MTE	hyp1	News	NaN	8.2823
412	413	fr	wol	challenge_SSA-MTE	hyp1	News	NaN	4.6682
413	414	fr	wol	challenge_SSA-MTE	hyp1	News	NaN	4.7776
414	415	fr	wol	challenge_SSA-MTE	hyp1	News	NaN	4.8003
415	416	fr	wol	challenge_SSA-MTE	hyp1	News	NaN	1.7604
416	417	fr	wol	challenge_SSA-MTE	hyp1	News	NaN	1.9663
417	418	fr	wol	challenge_SSA-MTE	hyp1	News	NaN	2.7795
418	419	fr	wol	challenge_SSA-MTE	hyp1	News	NaN	7.6252
419	420	fr	wol	challenge_SSA-MTE	hyp1	News	NaN	6.1435
420	421	fr	wol	challenge_SSA-MTE	hyp1	News	NaN	5.8097
421	422	fr	wol	challenge_SSA-MTE	hyp1	News	NaN	6.9645
422	423	fr	wol	challenge_SSA-MTE	hyp1	News	NaN	2.3497
423	424	fr	wol	challenge_SSA-MTE	hyp1	News	NaN	10.5345
424	425	fr	wol	challenge_SSA-MTE	hyp1	News	NaN	20.8751
425	426	fr	wol	challenge_SSA-MTE	hyp1	News	NaN	5.1377
426	427	fr	wol	challenge_SSA-MTE	hyp1	News	NaN	2.2574
427	428	fr	wol	challenge_SSA-MTE	hyp1	News	NaN	4.1203
428	429	fr	wol	challenge_SSA-MTE	hyp1	News	NaN	2.5380
429	430	fr	wol	challenge_SSA-MTE	hyp1	News	NaN	2.3497
430	431	fr	wol	challenge_SSA-MTE	hyp1	News	NaN	5.9510
431	432	fr	wol	challenge_SSA-MTE	hyp1	News	NaN	33.0624
432	433	fr	wol	challenge_SSA-MTE	hyp1	News	NaN	5.4860
433	434	fr	wol	challenge_SSA-MTE	hyp1	News	NaN	28.3088
434	435	fr	wol	challenge_SSA-MTE	hyp1	News	NaN	4.2601
435	436	fr	wol	challenge_SSA-MTE	hyp1	News	NaN	1.6633
436	437	fr	wol	challenge_SSA-MTE	hyp1	News	NaN	6.9761
437	438	fr	wol	challenge_SSA-MTE	hyp1	News	NaN	2.8166
438	439	fr	wol	challenge_SSA-MTE	hyp1	News	NaN	6.7165
439	440	fr	wol	challenge_SSA-MTE	hyp1	News	NaN	2.2800
440	441	fr	wol	challenge_SSA-MTE	hyp1	News	NaN	0.0000
441	442	fr	wol	challenge_SSA-MTE	hyp1	News	NaN	2.2523
442	443	fr	wol	challenge_SSA-MTE	hyp1	News	NaN	7.3059
443	444	fr	wol	challenge_SSA-MTE	hyp1	News	NaN	4.3343
444	445	fr	wol	challenge_SSA-MTE	hyp1	News	NaN	24.5342
445	446	fr	wol	challenge_SSA-MTE	hyp1	News	NaN	21.8145
446	447	fr	wol	challenge_SSA-MTE	hyp1	News	NaN	27.9443
447	448	fr	wol	challenge_SSA-MTE	hyp1	News	NaN	27.4700
448	449	fr	wol	challenge_SSA-MTE	hyp1	News	NaN	17.2689
449	450	fr	wol	challenge_SSA-MTE	hyp1	News	NaN	1.7036
450	451	fr	wol	challenge_SSA-MTE	hyp1	News	NaN	1.8334
451	452	fr	wol	challenge_SSA-MTE	hyp1	News	NaN	3.8024
452	453	fr	wol	challenge_SSA-MTE	hyp1	News	NaN	2.4623
453	454	fr	wol	challenge_SSA-MTE	hyp1	News	NaN	4.6575
454	455	fr	wol	challenge_SSA-MTE	hyp1	News	NaN	1.4687
455	456	fr	wol	challenge_SSA-MTE	hyp1	News	NaN	4.3170
456	457	fr	wol	challenge_SSA-MTE	hyp1	News	NaN	2.3526
457	458	fr	wol	challenge_SSA-MTE	hyp1	News	NaN	6.8784
458	459	fr	wol	challenge_SSA-MTE	hyp1	News	NaN	5.9977
459	460	fr	wol	challenge_SSA-MTE	hyp1	News	NaN	2.9006
460	461	fr	wol	challenge_SSA-MTE	hyp1	News	NaN	2.4321
461	462	fr	wol	challenge_SSA-MTE	hyp1	News	NaN	2.8275
462	463	fr	wol	challenge_SSA-MTE	hyp1	News	NaN	3.7995
463	464	fr	wol	challenge_SSA-MTE	hyp1	News	NaN	3.7379
464	465	fr	wol	challenge_SSA-MTE	hyp1	News	NaN	7.9498
465	466	fr	wol	challenge_SSA-MTE	hyp1	News	NaN	3.2342
466	467	fr	wol	challenge_SSA-MTE	hyp1	News	NaN	3.3711
467	468	fr	wol	challenge_SSA-MTE	hyp1	News	NaN	4.9099
468	469	fr	wol	challenge_SSA-MTE	hyp1	News	NaN	7.8055
469	470	fr	wol	challenge_SSA-MTE	hyp1	News	NaN	12.0787
470	471	fr	wol	challenge_SSA-MTE	hyp1	News	NaN	23.1396
471	472	fr	wol	challenge_SSA-MTE	hyp1	News	NaN	9.9592
472	473	fr	wol	challenge_SSA-MTE	hyp1	News	NaN	12.5361
473	474	fr	wol	challenge_SSA-MTE	hyp1	News	NaN	21.4783
474	475	fr	wol	challenge_SSA-MTE	hyp1	News	NaN	6.3369
475	476	fr	wol	challenge_SSA-MTE	hyp1	News	NaN	3.2342
476	477	fr	wol	challenge_SSA-MTE	hyp1	News	NaN	4.5046
477	478	fr	wol	challenge_SSA-MTE	hyp1	News	NaN	9.6726
478	479	fr	wol	challenge_SSA-MTE	hyp1	News	NaN	10.8260
479	480	fr	wol	challenge_SSA-MTE	hyp1	News	NaN	8.4393
480	481	fr	wol	challenge_SSA-MTE	hyp1	News	NaN	1.4341
481	482	fr	wol	challenge_SSA-MTE	hyp1	News	NaN	13.2804
482	483	fr	wol	challenge_SSA-MTE	hyp1	News	NaN	29.2019
483	484	fr	wol	challenge_SSA-MTE	hyp1	News	NaN	5.7304
484	485	fr	wol	challenge_SSA-MTE	hyp1	News	NaN	2.3584
485	486	fr	wol	challenge_SSA-MTE	hyp1	News	NaN	6.9804
486	487	fr	wol	challenge_SSA-MTE	hyp1	News	NaN	10.4363
487	488	fr	wol	challenge_SSA-MTE	hyp1	News	NaN	5.2616
488	489	fr	wol	challenge_SSA-MTE	hyp1	News	NaN	3.3783
489	490	fr	wol	challenge_SSA-MTE	hyp1	News	NaN	13.8590
490	491	fr	wol	challenge_SSA-MTE	hyp1	News	NaN	3.5769
491	492	fr	wol	challenge_SSA-MTE	hyp1	News	NaN	6.3805
492	493	fr	wol	challenge_SSA-MTE	hyp1	News	NaN	4.0290
493	494	fr	wol	challenge_SSA-MTE	hyp1	News	NaN	4.0426
494	495	fr	wol	challenge_SSA-MTE	hyp1	News	NaN	12.0226
495	496	fr	wol	challenge_SSA-MTE	hyp1	News	NaN	3.7481
496	497	fr	wol	challenge_SSA-MTE	hyp1	News	NaN	5.2176
497	498	fr	wol	challenge_SSA-MTE	hyp1	News	NaN	22.7224
498	499	fr	wol	challenge_SSA-MTE	hyp1	News	NaN	3.1766
499	500	fr	wol	challenge_SSA-MTE	hyp1	News	NaN	4.7536
500	501	fr	wol	challenge_SSA-MTE	hyp1	News	NaN	10.6573
501	502	fr	wol	challenge_SSA-MTE	hyp1	News	NaN	3.1684
502	503	fr	wol	challenge_SSA-MTE	hyp1	News	NaN	9.0542
503	504	fr	wol	challenge_SSA-MTE	hyp1	News	NaN	1.8255
504	505	fr	wol	challenge_SSA-MTE	hyp1	News	NaN	6.9941
505	506	fr	wol	challenge_SSA-MTE	hyp1	News	NaN	11.6404
506	507	fr	wol	challenge_SSA-MTE	hyp1	News	NaN	11.2385
507	508	fr	wol	challenge_SSA-MTE	hyp1	News	NaN	1.7055
508	509	fr	wol	challenge_SSA-MTE	hyp1	News	NaN	2.8373
509	510	fr	wol	challenge_SSA-MTE	hyp1	News	NaN	0.1835
510	511	fr	wol	challenge_SSA-MTE	hyp1	News	NaN	2.9484
511	512	fr	wol	challenge_SSA-MTE	hyp1	News	NaN	3.6426
512	513	fr	wol	challenge_SSA-MTE	hyp1	News	NaN	4.7936
513	514	fr	wol	challenge_SSA-MTE	hyp1	News	NaN	10.5409
514	515	fr	wol	challenge_SSA-MTE	hyp1	News	NaN	13.5243
515	516	fr	wol	challenge_SSA-MTE	hyp1	News	NaN	10.1476
516	517	fr	wol	challenge_SSA-MTE	hyp1	News	NaN	20.8047
517	518	fr	wol	challenge_SSA-MTE	hyp1	News	NaN	5.6577
518	519	fr	wol	challenge_SSA-MTE	hyp1	News	NaN	9.5704
519	520	fr	wol	challenge_SSA-MTE	hyp1	News	NaN	9.2727
520	521	fr	wol	challenge_SSA-MTE	hyp1	News	NaN	9.5925
521	522	fr	wol	challenge_SSA-MTE	hyp1	News	NaN	6.1259
522	523	fr	wol	challenge_SSA-MTE	hyp1	News	NaN	3.3546
523	524	fr	wol	challenge_SSA-MTE	hyp1	News	NaN	2.2790
524	525	fr	wol	challenge_SSA-MTE	hyp1	News	NaN	11.1973
525	526	fr	wol	challenge_SSA-MTE	hyp1	News	NaN	26.9435
526	527	fr	wol	challenge_SSA-MTE	hyp1	News	NaN	4.8075
527	528	fr	wol	challenge_SSA-MTE	hyp1	News	NaN	4.2806
528	529	fr	wol	challenge_SSA-MTE	hyp1	News	NaN	4.7708
529	530	fr	wol	challenge_SSA-MTE	hyp1	News	NaN	4.0879
530	531	fr	wol	challenge_SSA-MTE	hyp1	News	NaN	9.5672
531	532	fr	wol	challenge_SSA-MTE	hyp1	News	NaN	2.1602
532	533	fr	wol	challenge_SSA-MTE	hyp1	News	NaN	4.1203
533	534	fr	wol	challenge_SSA-MTE	hyp1	News	NaN	3.0786
534	535	fr	wol	challenge_SSA-MTE	hyp1	News	NaN	2.6088
535	536	fr	wol	challenge_SSA-MTE	hyp1	News	NaN	2.3573
536	537	fr	wol	challenge_SSA-MTE	hyp1	News	NaN	9.2076
537	538	fr	wol	challenge_SSA-MTE	hyp1	News	NaN	7.5242
538	539	fr	wol	challenge_SSA-MTE	hyp1	News	NaN	3.0723
539	540	fr	wol	challenge_SSA-MTE	hyp1	News	NaN	6.9873
540	541	fr	wol	challenge_SSA-MTE	hyp1	News	NaN	5.2371
541	542	fr	wol	challenge_SSA-MTE	hyp1	News	NaN	1.4000
542	543	fr	wol	challenge_SSA-MTE	hyp1	News	NaN	3.6724
543	544	fr	wol	challenge_SSA-MTE	hyp1	News	NaN	5.3047
544	545	fr	wol	challenge_SSA-MTE	hyp1	News	NaN	3.1020
545	546	fr	wol	challenge_SSA-MTE	hyp1	News	NaN	3.2809
546	547	fr	wol	challenge_SSA-MTE	hyp1	News	NaN	1.8771
547	548	fr	wol	challenge_SSA-MTE	hyp1	News	NaN	8.9605
548	549	fr	wol	challenge_SSA-MTE	hyp1	News	NaN	4.0931
549	550	fr	wol	challenge_SSA-MTE	hyp1	News	NaN	4.8075
550	551	fr	wol	challenge_SSA-MTE	hyp1	News	NaN	5.4536
551	552	fr	wol	challenge_SSA-MTE	hyp1	News	NaN	5.3309
552	553	fr	wol	challenge_SSA-MTE	hyp1	News	NaN	6.9792
553	554	fr	wol	challenge_SSA-MTE	hyp1	News	NaN	13.2245
554	555	fr	wol	challenge_SSA-MTE	hyp1	News	NaN	5.5067
555	556	fr	wol	challenge_SSA-MTE	hyp1	News	NaN	4.9450
556	557	fr	wol	challenge_SSA-MTE	hyp1	News	NaN	22.7451
557	558	fr	wol	challenge_SSA-MTE	hyp1	News	NaN	10.2857
558	559	fr	wol	challenge_SSA-MTE	hyp1	News	NaN	2.3138
559	560	fr	wol	challenge_SSA-MTE	hyp1	News	NaN	2.1450
560	561	fr	wol	challenge_SSA-MTE	hyp1	News	NaN	16.7446
561	562	fr	wol	challenge_SSA-MTE	hyp1	News	NaN	26.8659
562	563	fr	wol	challenge_SSA-MTE	hyp1	News	NaN	8.2997
563	564	fr	wol	challenge_SSA-MTE	hyp1	News	NaN	1.4833
564	565	fr	wol	challenge_SSA-MTE	hyp1	News	NaN	2.4085
565	566	fr	wol	challenge_SSA-MTE	hyp1	News	NaN	4.1203
566	567	fr	wol	challenge_SSA-MTE	hyp1	News	NaN	4.7151
567	568	fr	wol	challenge_SSA-MTE	hyp1	News	NaN	1.5451
568	569	fr	wol	challenge_SSA-MTE	hyp1	News	NaN	1.8089
569	570	fr	wol	challenge_SSA-MTE	hyp1	News	NaN	1.5763
570	571	fr	wol	challenge_SSA-MTE	hyp1	News	NaN	4.2651
571	572	fr	wol	challenge_SSA-MTE	hyp1	News	NaN	2.0773
572	573	fr	wol	challenge_SSA-MTE	hyp1	News	NaN	4.8853
573	574	fr	wol	challenge_SSA-MTE	hyp1	News	NaN	5.9283
574	575	fr	wol	challenge_SSA-MTE	hyp1	News	NaN	7.8329
575	576	fr	wol	challenge_SSA-MTE	hyp1	News	NaN	5.3569
576	577	fr	wol	challenge_SSA-MTE	hyp1	News	NaN	10.8627
577	578	fr	wol	challenge_SSA-MTE	hyp1	News	NaN	3.1814
578	579	fr	wol	challenge_SSA-MTE	hyp1	News	NaN	0.6582
579	580	fr	wol	challenge_SSA-MTE	hyp1	News	NaN	0.2522
580	581	fr	wol	challenge_SSA-MTE	hyp1	News	NaN	3.9889
581	582	fr	wol	challenge_SSA-MTE	hyp1	News	NaN	13.8196
582	583	fr	wol	challenge_SSA-MTE	hyp1	News	NaN	1.9376
583	584	fr	wol	challenge_SSA-MTE	hyp1	News	NaN	1.6247
584	585	fr	wol	challenge_SSA-MTE	hyp1	News	NaN	1.7176
585	586	fr	wol	challenge_SSA-MTE	hyp1	News	NaN	1.9258
586	587	fr	wol	challenge_SSA-MTE	hyp1	News	NaN	1.8213
587	588	fr	wol	challenge_SSA-MTE	hyp1	News	NaN	3.5155
588	589	fr	wol	challenge_SSA-MTE	hyp1	News	NaN	2.8244
589	590	fr	wol	challenge_SSA-MTE	hyp1	News	NaN	3.7784
590	591	fr	wol	challenge_SSA-MTE	hyp1	News	NaN	6.8811
591	592	fr	wol	challenge_SSA-MTE	hyp1	News	NaN	6.3520
592	593	fr	wol	challenge_SSA-MTE	hyp1	News	NaN	3.1760
593	594	fr	wol	challenge_SSA-MTE	hyp1	News	NaN	2.0736
594	595	fr	wol	challenge_SSA-MTE	hyp1	News	NaN	6.3036
595	596	fr	wol	challenge_SSA-MTE	hyp1	News	NaN	28.0191
596	597	fr	wol	challenge_SSA-MTE	hyp1	News	NaN	10.4235
597	598	fr	wol	challenge_SSA-MTE	hyp1	News	NaN	4.5218
598	599	fr	wol	challenge_SSA-MTE	hyp1	News	NaN	6.1614
599	600	fr	wol	challenge_SSA-MTE	hyp1	News	NaN	0.3115
600	601	fr	wol	challenge_SSA-MTE	hyp1	News	NaN	10.1903
601	602	fr	wol	challenge_SSA-MTE	hyp1	News	NaN	6.9622
602	603	fr	wol	challenge_SSA-MTE	hyp1	News	NaN	3.5869
603	604	fr	wol	challenge_SSA-MTE	hyp1	News	NaN	3.7192
604	605	fr	wol	challenge_SSA-MTE	hyp1	News	NaN	14.2341
605	606	fr	wol	challenge_SSA-MTE	hyp1	News	NaN	15.3178
606	607	fr	wol	challenge_SSA-MTE	hyp1	News	NaN	14.0594
607	608	fr	wol	challenge_SSA-MTE	hyp1	News	NaN	2.9867
608	609	fr	wol	challenge_SSA-MTE	hyp1	News	NaN	6.9448
609	610	fr	wol	challenge_SSA-MTE	hyp1	News	NaN	6.5419
610	611	fr	wol	challenge_SSA-MTE	hyp1	News	NaN	9.5794
611	612	fr	wol	challenge_SSA-MTE	hyp1	News	NaN	4.9061
612	613	fr	wol	challenge_SSA-MTE	hyp1	News	NaN	3.9069
613	614	fr	wol	challenge_SSA-MTE	hyp1	News	NaN	1.4090
614	615	fr	wol	challenge_SSA-MTE	hyp1	News	NaN	1.6924
615	616	fr	wol	challenge_SSA-MTE	hyp1	News	NaN	4.1991
616	617	fr	wol	challenge_SSA-MTE	hyp1	News	NaN	2.0126
617	618	fr	wol	challenge_SSA-MTE	hyp1	News	NaN	2.3287
618	619	fr	wol	challenge_SSA-MTE	hyp1	News	NaN	7.6447
619	620	fr	wol	challenge_SSA-MTE	hyp1	News	NaN	3.6529
620	621	fr	wol	challenge_SSA-MTE	hyp1	News	NaN	4.4245
621	622	fr	wol	challenge_SSA-MTE	hyp1	News	NaN	4.7249
622	623	fr	wol	challenge_SSA-MTE	hyp1	News	NaN	3.6447
623	624	fr	wol	challenge_SSA-MTE	hyp1	News	NaN	1.7042
624	625	fr	wol	challenge_SSA-MTE	hyp1	News	NaN	2.3526
625	626	fr	wol	challenge_SSA-MTE	hyp1	News	NaN	2.4623
626	627	fr	wol	challenge_SSA-MTE	hyp1	News	NaN	2.4623
627	628	fr	wol	challenge_SSA-MTE	hyp1	News	NaN	3.7625
628	629	fr	wol	challenge_SSA-MTE	hyp1	News	NaN	1.4306
629	630	fr	wol	challenge_SSA-MTE	hyp1	News	NaN	3.6498
630	631	fr	wol	challenge_SSA-MTE	hyp1	News	NaN	6.9132
631	632	fr	wol	challenge_SSA-MTE	hyp1	News	NaN	12.2197
632	633	fr	wol	challenge_SSA-MTE	hyp1	News	NaN	18.0187
633	634	fr	wol	challenge_SSA-MTE	hyp1	News	NaN	9.2554
634	635	fr	wol	challenge_SSA-MTE	hyp1	News	NaN	16.0245
635	636	fr	wol	challenge_SSA-MTE	hyp1	News	NaN	10.9241
636	637	fr	wol	challenge_SSA-MTE	hyp1	News	NaN	19.0228
637	638	fr	wol	challenge_SSA-MTE	hyp1	News	NaN	3.8770
638	639	fr	wol	challenge_SSA-MTE	hyp1	News	NaN	1.3113
639	640	fr	wol	challenge_SSA-MTE	hyp1	News	NaN	4.3578
640	641	fr	wol	challenge_SSA-MTE	hyp1	News	NaN	6.5096
641	642	fr	wol	challenge_SSA-MTE	hyp1	News	NaN	4.1819
642	643	fr	wol	challenge_SSA-MTE	hyp1	News	NaN	3.0723
643	644	fr	wol	challenge_SSA-MTE	hyp1	News	NaN	2.0753
644	645	fr	wol	challenge_SSA-MTE	hyp1	News	NaN	2.0929
645	646	fr	wol	challenge_SSA-MTE	hyp1	News	NaN	3.6394
646	647	fr	wol	challenge_SSA-MTE	hyp1	News	NaN	3.9944
647	648	fr	wol	challenge_SSA-MTE	hyp1	News	NaN	1.0813
648	649	fr	wol	challenge_SSA-MTE	hyp1	News	NaN	4.3876
649	650	fr	wol	challenge_SSA-MTE	hyp1	News	NaN	5.0078
650	651	fr	wol	challenge_SSA-MTE	hyp1	News	NaN	6.4295
651	652	fr	wol	challenge_SSA-MTE	hyp1	News	NaN	2.4902
652	653	fr	wol	challenge_SSA-MTE	hyp1	News	NaN	1.9419
653	654	fr	wol	challenge_SSA-MTE	hyp1	News	NaN	5.9280
654	655	fr	wol	challenge_SSA-MTE	hyp1	News	NaN	4.4154
655	656	fr	wol	challenge_SSA-MTE	hyp1	News	NaN	10.1290
656	657	fr	wol	challenge_SSA-MTE	hyp1	News	NaN	6.8706
657	658	fr	wol	challenge_SSA-MTE	hyp1	News	NaN	11.0343
658	659	fr	wol	challenge_SSA-MTE	hyp1	News	NaN	11.9186
659	660	fr	wol	challenge_SSA-MTE	hyp1	News	NaN	2.3487
660	661	fr	wol	challenge_SSA-MTE	hyp1	News	NaN	4.0102
661	662	fr	wol	challenge_SSA-MTE	hyp1	News	NaN	4.3876
662	663	fr	wol	challenge_SSA-MTE	hyp1	News	NaN	2.2724
663	664	fr	wol	challenge_SSA-MTE	hyp1	News	NaN	5.9748
664	665	fr	wol	challenge_SSA-MTE	hyp1	News	NaN	9.3511
665	666	fr	wol	challenge_SSA-MTE	hyp1	News	NaN	15.3102
666	667	fr	wol	challenge_SSA-MTE	hyp1	News	NaN	4.9116
667	668	fr	wol	challenge_SSA-MTE	hyp1	News	NaN	2.6662
668	669	fr	wol	challenge_SSA-MTE	hyp1	News	NaN	4.8048
669	670	fr	wol	challenge_SSA-MTE	hyp1	News	NaN	20.7689
670	671	fr	wol	challenge_SSA-MTE	hyp1	News	NaN	10.7326
671	672	fr	wol	challenge_SSA-MTE	hyp1	News	NaN	4.1547
672	673	fr	wol	challenge_SSA-MTE	hyp1	News	NaN	4.0859
673	674	fr	wol	challenge_SSA-MTE	hyp1	News	NaN	20.3301
674	675	fr	wol	challenge_SSA-MTE	hyp1	News	NaN	17.7976
675	676	fr	wol	challenge_SSA-MTE	hyp1	News	NaN	8.3717
676	677	fr	wol	challenge_SSA-MTE	hyp1	News	NaN	3.8713
677	678	fr	wol	challenge_SSA-MTE	hyp1	News	NaN	2.6712
678	679	fr	wol	challenge_SSA-MTE	hyp1	News	NaN	9.4105
679	680	fr	wol	challenge_SSA-MTE	hyp1	News	NaN	4.5829
680	681	fr	wol	challenge_SSA-MTE	hyp1	News	NaN	3.3789
681	682	fr	wol	challenge_SSA-MTE	hyp1	News	NaN	22.3669
682	683	fr	wol	challenge_SSA-MTE	hyp1	News	NaN	1.4006
683	684	fr	wol	challenge_SSA-MTE	hyp1	News	NaN	29.9671
684	685	fr	wol	challenge_SSA-MTE	hyp1	News	NaN	43.5919
685	686	fr	wol	challenge_SSA-MTE	hyp1	News	NaN	26.6609
686	687	fr	wol	challenge_SSA-MTE	hyp1	News	NaN	3.5199
687	688	fr	wol	challenge_SSA-MTE	hyp1	News	NaN	1.2663
688	689	fr	wol	challenge_SSA-MTE	hyp1	News	NaN	14.1000
689	690	fr	wol	challenge_SSA-MTE	hyp1	News	NaN	10.1717
690	691	fr	wol	challenge_SSA-MTE	hyp1	News	NaN	13.7966
691	692	fr	wol	challenge_SSA-MTE	hyp1	News	NaN	2.4888
692	693	fr	wol	challenge_SSA-MTE	hyp1	News	NaN	0.8539
693	694	fr	wol	challenge_SSA-MTE	hyp1	News	NaN	3.1847
694	695	fr	wol	challenge_SSA-MTE	hyp1	News	NaN	6.2763
695	696	fr	wol	challenge_SSA-MTE	hyp1	News	NaN	1.6758
696	697	fr	wol	challenge_SSA-MTE	hyp1	News	NaN	6.6138
697	698	fr	wol	challenge_SSA-MTE	hyp1	News	NaN	3.3589
698	699	fr	wol	challenge_SSA-MTE	hyp1	News	NaN	2.3383
699	700	fr	wol	challenge_SSA-MTE	hyp1	News	NaN	4.8773
700	701	fr	wol	challenge_SSA-MTE	hyp1	News	NaN	1.6794
701	702	fr	wol	challenge_SSA-MTE	hyp1	News	NaN	1.4082
702	703	fr	wol	challenge_SSA-MTE	hyp1	News	NaN	3.6329
703	704	fr	wol	challenge_SSA-MTE	hyp1	News	NaN	2.9613
704	705	fr	wol	challenge_SSA-MTE	hyp1	News	NaN	16.1364
705	706	fr	wol	challenge_SSA-MTE	hyp1	News	NaN	1.8306
706	707	fr	wol	challenge_SSA-MTE	hyp1	News	NaN	6.2889
707	708	fr	wol	challenge_SSA-MTE	hyp1	News	NaN	7.1405
708	709	fr	wol	challenge_SSA-MTE	hyp1	News	NaN	7.1056
709	710	fr	wol	challenge_SSA-MTE	hyp1	News	NaN	15.9118
710	711	fr	wol	challenge_SSA-MTE	hyp1	News	NaN	8.0775
711	712	fr	wol	challenge_SSA-MTE	hyp1	News	NaN	4.1542
712	713	fr	wol	challenge_SSA-MTE	hyp1	News	NaN	3.1499
713	714	fr	wol	challenge_SSA-MTE	hyp1	News	NaN	7.1581
714	715	fr	wol	challenge_SSA-MTE	hyp1	News	NaN	9.8254
715	716	fr	wol	challenge_SSA-MTE	hyp1	News	NaN	1.8771
716	717	fr	wol	challenge_SSA-MTE	hyp1	News	NaN	3.5298
717	718	fr	wol	challenge_SSA-MTE	hyp1	News	NaN	1.8969
718	719	fr	wol	challenge_SSA-MTE	hyp1	News	NaN	4.5219
719	720	fr	wol	challenge_SSA-MTE	hyp1	News	NaN	3.7540
720	721	fr	wol	challenge_SSA-MTE	hyp1	News	NaN	1.9084
721	722	fr	wol	challenge_SSA-MTE	hyp1	News	NaN	1.8673
722	723	fr	wol	challenge_SSA-MTE	hyp1	News	NaN	3.3242
723	724	fr	wol	challenge_SSA-MTE	hyp1	News	NaN	3.4979
724	725	fr	wol	challenge_SSA-MTE	hyp1	News	NaN	2.0195
725	726	fr	wol	challenge_SSA-MTE	hyp1	News	NaN	2.1357
726	727	fr	wol	challenge_SSA-MTE	hyp1	News	NaN	11.0228
727	728	fr	wol	challenge_SSA-MTE	hyp1	News	NaN	0.7861
728	729	fr	wol	challenge_SSA-MTE	hyp1	News	NaN	16.0730
729	730	fr	wol	challenge_SSA-MTE	hyp1	News	NaN	13.5195
730	731	fr	wol	challenge_SSA-MTE	hyp1	News	NaN	55.7369
731	732	fr	wol	challenge_SSA-MTE	hyp1	News	NaN	2.5380
732	733	fr	wol	challenge_SSA-MTE	hyp1	News	NaN	2.3688
733	734	fr	wol	challenge_SSA-MTE	hyp1	News	NaN	15.7795
734	735	fr	wol	challenge_SSA-MTE	hyp1	News	NaN	33.9719
735	736	fr	wol	challenge_SSA-MTE	hyp1	News	NaN	25.8394
736	737	fr	wol	challenge_SSA-MTE	hyp1	News	NaN	6.8369
737	738	fr	wol	challenge_SSA-MTE	hyp1	News	NaN	1.2945
738	739	fr	wol	challenge_SSA-MTE	hyp1	News	NaN	6.7579
739	740	fr	wol	challenge_SSA-MTE	hyp1	News	NaN	17.3609
740	741	fr	wol	challenge_SSA-MTE	hyp1	News	NaN	10.9269
741	742	fr	wol	challenge_SSA-MTE	hyp1	News	NaN	5.6130
742	743	fr	wol	challenge_SSA-MTE	hyp1	News	NaN	3.8988
743	744	fr	wol	challenge_SSA-MTE	hyp1	News	NaN	4.7414
744	745	fr	wol	challenge_SSA-MTE	hyp1	News	NaN	3.8608
745	746	fr	wol	challenge_SSA-MTE	hyp1	News	NaN	6.8705
746	747	fr	wol	challenge_SSA-MTE	hyp1	News	NaN	7.3350
747	748	fr	wol	challenge_SSA-MTE	hyp1	News	NaN	3.2435
748	749	fr	wol	challenge_SSA-MTE	hyp1	News	NaN	3.4880
749	750	fr	wol	challenge_SSA-MTE	hyp1	News	NaN	11.4388
750	751	fr	wol	challenge_SSA-MTE	hyp1	News	NaN	16.8130
751	752	fr	wol	challenge_SSA-MTE	hyp1	News	NaN	3.1179
752	753	fr	wol	challenge_SSA-MTE	hyp1	News	NaN	3.8620
753	754	fr	wol	challenge_SSA-MTE	hyp1	News	NaN	1.8922
754	755	fr	wol	challenge_SSA-MTE	hyp1	News	NaN	5.1195
755	756	fr	wol	challenge_SSA-MTE	hyp1	News	NaN	3.7711
756	757	fr	wol	challenge_SSA-MTE	hyp1	News	NaN	4.4288
757	758	fr	wol	challenge_SSA-MTE	hyp1	News	NaN	2.2895
758	759	fr	wol	challenge_SSA-MTE	hyp1	News	NaN	3.1973
759	760	fr	wol	challenge_SSA-MTE	hyp1	News	NaN	6.3180
760	761	fr	wol	challenge_SSA-MTE	hyp1	News	NaN	3.0771
761	762	fr	wol	challenge_SSA-MTE	hyp1	News	NaN	20.6880
762	763	fr	wol	challenge_SSA-MTE	hyp1	News	NaN	24.0145
763	764	fr	wol	challenge_SSA-MTE	hyp1	News	NaN	24.5056
764	765	fr	wol	challenge_SSA-MTE	hyp1	News	NaN	20.7335
765	766	fr	wol	challenge_SSA-MTE	hyp1	News	NaN	26.9931
766	767	fr	wol	challenge_SSA-MTE	hyp1	News	NaN	2.7476
767	768	fr	wol	challenge_SSA-MTE	hyp1	News	NaN	0.9799
768	769	fr	wol	challenge_SSA-MTE	hyp1	News	NaN	1.5231
769	770	fr	wol	challenge_SSA-MTE	hyp1	News	NaN	21.9113
770	771	fr	wol	challenge_SSA-MTE	hyp1	News	NaN	16.4476
771	772	fr	wol	challenge_SSA-MTE	hyp1	News	NaN	2.5855
772	773	fr	wol	challenge_SSA-MTE	hyp1	News	NaN	1.5157
773	774	fr	wol	challenge_SSA-MTE	hyp1	News	NaN	1.3150
774	775	fr	wol	challenge_SSA-MTE	hyp1	News	NaN	3.5609
775	776	fr	wol	challenge_SSA-MTE	hyp1	News	NaN	5.2001
776	777	fr	wol	challenge_SSA-MTE	hyp1	News	NaN	3.9004
777	778	fr	wol	challenge_SSA-MTE	hyp1	News	NaN	6.6347
778	779	fr	wol	challenge_SSA-MTE	hyp1	News	NaN	1.0070
779	780	fr	wol	challenge_SSA-MTE	hyp1	News	NaN	6.8597
780	781	fr	wol	challenge_SSA-MTE	hyp1	News	NaN	6.6663
781	782	fr	wol	challenge_SSA-MTE	hyp1	News	NaN	3.7523
782	783	fr	wol	challenge_SSA-MTE	hyp1	News	NaN	0.7784
783	784	fr	wol	challenge_SSA-MTE	hyp1	News	NaN	0.0953
784	785	fr	wol	challenge_SSA-MTE	hyp1	News	NaN	9.3097
785	786	fr	wol	challenge_SSA-MTE	hyp1	News	NaN	3.7427
786	787	fr	wol	challenge_SSA-MTE	hyp1	News	NaN	6.5024
787	788	fr	wol	challenge_SSA-MTE	hyp1	News	NaN	1.4790
788	789	fr	wol	challenge_SSA-MTE	hyp1	News	NaN	6.7291
789	790	fr	wol	challenge_SSA-MTE	hyp1	News	NaN	6.9206
790	791	fr	wol	challenge_SSA-MTE	hyp1	News	NaN	10.3470
791	792	fr	wol	challenge_SSA-MTE	hyp1	News	NaN	5.3227
792	793	fr	wol	challenge_SSA-MTE	hyp1	News	NaN	4.4745
793	794	fr	wol	challenge_SSA-MTE	hyp1	News	NaN	6.5335
794	795	fr	wol	challenge_SSA-MTE	hyp1	News	NaN	5.9071
795	796	fr	wol	challenge_SSA-MTE	hyp1	News	NaN	3.1339
796	797	fr	wol	challenge_SSA-MTE	hyp1	News	NaN	4.0941
797	798	fr	wol	challenge_SSA-MTE	hyp1	News	NaN	2.1210
798	799	fr	wol	challenge_SSA-MTE	hyp1	News	NaN	5.6973
799	800	fr	wol	challenge_SSA-MTE	hyp1	News	NaN	4.3279
800	801	fr	wol	challenge_SSA-MTE	hyp1	News	NaN	9.0296
801	802	fr	wol	challenge_SSA-MTE	hyp1	News	NaN	3.2342
802	803	fr	wol	challenge_SSA-MTE	hyp1	News	NaN	1.7581
803	804	fr	wol	challenge_SSA-MTE	hyp1	News	NaN	8.6730
804	805	fr	wol	challenge_SSA-MTE	hyp1	News	NaN	6.4295
805	806	fr	wol	challenge_SSA-MTE	hyp1	News	NaN	6.4269
806	807	fr	wol	challenge_SSA-MTE	hyp1	News	NaN	11.4224
807	808	fr	wol	challenge_SSA-MTE	hyp1	News	NaN	0.4064
808	809	fr	wol	challenge_SSA-MTE	hyp1	News	NaN	11.2358
809	810	fr	wol	challenge_SSA-MTE	hyp1	News	NaN	13.7778
810	811	fr	wol	challenge_SSA-MTE	hyp1	News	NaN	9.4138
811	812	fr	wol	challenge_SSA-MTE	hyp1	News	NaN	2.8850
812	813	fr	wol	challenge_SSA-MTE	hyp1	News	NaN	0.7139
813	814	fr	wol	challenge_SSA-MTE	hyp1	News	NaN	1.4655
814	815	fr	wol	challenge_SSA-MTE	hyp1	News	NaN	1.4163
815	816	fr	wol	challenge_SSA-MTE	hyp1	News	NaN	6.3036
816	817	fr	wol	challenge_SSA-MTE	hyp1	News	NaN	1.1567
817	818	fr	wol	challenge_SSA-MTE	hyp1	News	NaN	6.4685
818	819	fr	wol	challenge_SSA-MTE	hyp1	News	NaN	19.2880
819	820	fr	wol	challenge_SSA-MTE	hyp1	News	NaN	3.6164
820	821	fr	wol	challenge_SSA-MTE	hyp1	News	NaN	2.9682
821	822	fr	wol	challenge_SSA-MTE	hyp1	News	NaN	2.2578
822	823	fr	wol	challenge_SSA-MTE	hyp1	News	NaN	3.7510
823	824	fr	wol	challenge_SSA-MTE	hyp1	News	NaN	1.7914
824	825	fr	wol	challenge_SSA-MTE	hyp1	News	NaN	1.7741
825	826	fr	wol	challenge_SSA-MTE	hyp1	News	NaN	7.9948
826	827	fr	wol	challenge_SSA-MTE	hyp1	News	NaN	12.0537
827	828	fr	wol	challenge_SSA-MTE	hyp1	News	NaN	0.6707
828	829	fr	wol	challenge_SSA-MTE	hyp1	News	NaN	9.0949
829	830	fr	wol	challenge_SSA-MTE	hyp1	News	NaN	13.8882
830	831	fr	wol	challenge_SSA-MTE	hyp1	News	NaN	1.7288
831	832	fr	wol	challenge_SSA-MTE	hyp1	News	NaN	5.4449
832	833	fr	wol	challenge_SSA-MTE	hyp1	News	NaN	2.6561
833	834	fr	wol	challenge_SSA-MTE	hyp1	News	NaN	5.5077
834	835	fr	wol	challenge_SSA-MTE	hyp1	News	NaN	1.4452
835	836	fr	wol	challenge_SSA-MTE	hyp1	News	NaN	4.9767
836	837	fr	wol	challenge_SSA-MTE	hyp1	News	NaN	3.0760
837	838	fr	wol	challenge_SSA-MTE	hyp1	News	NaN	1.8126
838	839	fr	wol	challenge_SSA-MTE	hyp1	News	NaN	1.8306
839	840	fr	wol	challenge_SSA-MTE	hyp1	News	NaN	11.4737
840	841	fr	wol	challenge_SSA-MTE	hyp1	News	NaN	5.4393
841	842	fr	wol	challenge_SSA-MTE	hyp1	News	NaN	6.9105
842	843	fr	wol	challenge_SSA-MTE	hyp1	News	NaN	4.3129
843	844	fr	wol	challenge_SSA-MTE	hyp1	News	NaN	4.4499
844	845	fr	wol	challenge_SSA-MTE	hyp1	News	NaN	6.3418
845	846	fr	wol	challenge_SSA-MTE	hyp1	News	NaN	5.8351
846	847	fr	wol	challenge_SSA-MTE	hyp1	News	NaN	5.1630
847	848	fr	wol	challenge_SSA-MTE	hyp1	News	NaN	0.0000
848	849	fr	wol	challenge_SSA-MTE	hyp1	News	NaN	5.0505
849	850	fr	wol	challenge_SSA-MTE	hyp1	News	NaN	2.5308
850	851	fr	wol	challenge_SSA-MTE	hyp1	News	NaN	4.7266
851	852	fr	wol	challenge_SSA-MTE	hyp1	News	NaN	6.5024
852	853	fr	wol	challenge_SSA-MTE	hyp1	News	NaN	5.8343
853	854	fr	wol	challenge_SSA-MTE	hyp1	News	NaN	9.3482
854	855	fr	wol	challenge_SSA-MTE	hyp1	News	NaN	29.3882
855	856	fr	wol	challenge_SSA-MTE	hyp1	News	NaN	6.4032
856	857	fr	wol	challenge_SSA-MTE	hyp1	News	NaN	5.2609
857	858	fr	wol	challenge_SSA-MTE	hyp1	News	NaN	14.9361
858	859	fr	wol	challenge_SSA-MTE	hyp1	News	NaN	10.5163
859	860	fr	wol	challenge_SSA-MTE	hyp1	News	NaN	6.5248
860	861	fr	wol	challenge_SSA-MTE	hyp1	News	NaN	9.3156
861	862	fr	wol	challenge_SSA-MTE	hyp1	News	NaN	8.3713
862	863	fr	wol	challenge_SSA-MTE	hyp1	News	NaN	1.1009
863	864	fr	wol	challenge_SSA-MTE	hyp1	News	NaN	1.1391
864	865	fr	wol	challenge_SSA-MTE	hyp1	News	NaN	7.2043
865	866	fr	wol	challenge_SSA-MTE	hyp1	News	NaN	9.8214
866	867	fr	wol	challenge_SSA-MTE	hyp1	News	NaN	10.4986
867	868	fr	wol	challenge_SSA-MTE	hyp1	News	NaN	0.6327
868	869	fr	wol	challenge_SSA-MTE	hyp1	News	NaN	8.5235
869	870	fr	wol	challenge_SSA-MTE	hyp1	News	NaN	8.2250
870	871	fr	wol	challenge_SSA-MTE	hyp1	News	NaN	15.1135
871	872	fr	wol	challenge_SSA-MTE	hyp1	News	NaN	4.2595
872	873	fr	wol	challenge_SSA-MTE	hyp1	News	NaN	0.9843
873	874	fr	wol	challenge_SSA-MTE	hyp1	News	NaN	2.9402
874	875	fr	wol	challenge_SSA-MTE	hyp1	News	NaN	12.6773
875	876	fr	wol	challenge_SSA-MTE	hyp1	News	NaN	12.1012
876	877	fr	wol	challenge_SSA-MTE	hyp1	News	NaN	4.5656
877	878	fr	wol	challenge_SSA-MTE	hyp1	News	NaN	3.3923
878	879	fr	wol	challenge_SSA-MTE	hyp1	News	NaN	2.8183
879	880	fr	wol	challenge_SSA-MTE	hyp1	News	NaN	22.0168
880	881	fr	wol	challenge_SSA-MTE	hyp1	News	NaN	8.6606
881	882	fr	wol	challenge_SSA-MTE	hyp1	News	NaN	3.3278
882	883	fr	wol	challenge_SSA-MTE	hyp1	News	NaN	1.3392
883	884	fr	wol	challenge_SSA-MTE	hyp1	News	NaN	2.3814
884	885	fr	wol	challenge_SSA-MTE	hyp1	News	NaN	8.3313
885	886	fr	wol	challenge_SSA-MTE	hyp1	News	NaN	3.8167
886	887	fr	wol	challenge_SSA-MTE	hyp1	News	NaN	5.9125
887	888	fr	wol	challenge_SSA-MTE	hyp1	News	NaN	1.8885
888	889	fr	wol	challenge_SSA-MTE	hyp1	News	NaN	6.2388
889	890	fr	wol	challenge_SSA-MTE	hyp1	News	NaN	3.3875
890	891	fr	wol	challenge_SSA-MTE	hyp1	News	NaN	2.7543
891	892	fr	wol	challenge_SSA-MTE	hyp1	News	NaN	0.2846
892	893	fr	wol	challenge_SSA-MTE	hyp1	News	NaN	0.8806
893	894	fr	wol	challenge_SSA-MTE	hyp1	News	NaN	2.4420
894	895	fr	wol	challenge_SSA-MTE	hyp1	News	NaN	2.4955
895	896	fr	wol	challenge_SSA-MTE	hyp1	News	NaN	3.3868
896	897	fr	wol	challenge_SSA-MTE	hyp1	News	NaN	1.4934
897	898	fr	wol	challenge_SSA-MTE	hyp1	News	NaN	2.2458
898	899	fr	wol	challenge_SSA-MTE	hyp1	News	NaN	2.1908
899	900	fr	wol	challenge_SSA-MTE	hyp1	News	NaN	1.9972
900	901	fr	wol	challenge_SSA-MTE	hyp1	News	NaN	15.0320
901	902	fr	wol	challenge_SSA-MTE	hyp1	News	NaN	4.6105
902	903	fr	wol	challenge_SSA-MTE	hyp1	News	NaN	9.7847
903	904	fr	wol	challenge_SSA-MTE	hyp1	News	NaN	13.2553
904	905	fr	wol	challenge_SSA-MTE	hyp1	News	NaN	16.0231
905	906	fr	wol	challenge_SSA-MTE	hyp1	News	NaN	3.8337
906	907	fr	wol	challenge_SSA-MTE	hyp1	News	NaN	0.8549
907	908	fr	wol	challenge_SSA-MTE	hyp1	News	NaN	8.4781
908	909	fr	wol	challenge_SSA-MTE	hyp1	News	NaN	14.9769
909	910	fr	wol	challenge_SSA-MTE	hyp1	News	NaN	13.8196
910	911	fr	wol	challenge_SSA-MTE	hyp1	News	NaN	10.5152
911	912	fr	wol	challenge_SSA-MTE	hyp1	News	NaN	3.1499
912	913	fr	wol	challenge_SSA-MTE	hyp1	News	NaN	7.7580
913	914	fr	wol	challenge_SSA-MTE	hyp1	News	NaN	8.2685
914	915	fr	wol	challenge_SSA-MTE	hyp1	News	NaN	18.0198
915	916	fr	wol	challenge_SSA-MTE	hyp1	News	NaN	3.2554
916	917	fr	wol	challenge_SSA-MTE	hyp1	News	NaN	14.6184
917	918	fr	wol	challenge_SSA-MTE	hyp1	News	NaN	4.8238
918	919	fr	wol	challenge_SSA-MTE	hyp1	News	NaN	1.8819
919	920	fr	wol	challenge_SSA-MTE	hyp1	News	NaN	27.0452
920	921	fr	wol	challenge_SSA-MTE	hyp1	News	NaN	5.3126
921	922	fr	wol	challenge_SSA-MTE	hyp1	News	NaN	0.9526
922	923	fr	wol	challenge_SSA-MTE	hyp1	News	NaN	4.8409
923	924	fr	wol	challenge_SSA-MTE	hyp1	News	NaN	5.8705
924	925	fr	wol	challenge_SSA-MTE	hyp1	News	NaN	17.1021
925	926	fr	wol	challenge_SSA-MTE	hyp1	News	NaN	3.4056
926	927	fr	wol	challenge_SSA-MTE	hyp1	News	NaN	1.3694
927	928	fr	wol	challenge_SSA-MTE	hyp1	News	NaN	3.1218
928	929	fr	wol	challenge_SSA-MTE	hyp1	News	NaN	2.9657
929	930	fr	wol	challenge_SSA-MTE	hyp1	News	NaN	9.1543
930	931	fr	wol	challenge_SSA-MTE	hyp1	News	NaN	2.8209
931	932	fr	wol	challenge_SSA-MTE	hyp1	News	NaN	2.9294
932	933	fr	wol	challenge_SSA-MTE	hyp1	News	NaN	4.1126
933	934	fr	wol	challenge_SSA-MTE	hyp1	News	NaN	4.0559
934	935	fr	wol	challenge_SSA-MTE	hyp1	News	NaN	5.5319
935	936	fr	wol	challenge_SSA-MTE	hyp1	News	NaN	8.3799
936	937	fr	wol	challenge_SSA-MTE	hyp1	News	NaN	4.9032
937	938	fr	wol	challenge_SSA-MTE	hyp1	News	NaN	8.2544
938	939	fr	wol	challenge_SSA-MTE	hyp1	News	NaN	10.3598
939	940	fr	wol	challenge_SSA-MTE	hyp1	News	NaN	6.7346
940	941	fr	wol	challenge_SSA-MTE	hyp1	News	NaN	4.7439
941	942	fr	wol	challenge_SSA-MTE	hyp1	News	NaN	5.7368
942	943	fr	wol	challenge_SSA-MTE	hyp1	News	NaN	5.8246
943	944	fr	wol	challenge_SSA-MTE	hyp1	News	NaN	3.0559
944	945	fr	wol	challenge_SSA-MTE	hyp1	News	NaN	10.0818
945	946	fr	wol	challenge_SSA-MTE	hyp1	News	NaN	9.3177
946	947	fr	wol	challenge_SSA-MTE	hyp1	News	NaN	9.8883
947	948	fr	wol	challenge_SSA-MTE	hyp1	News	NaN	14.4964
948	949	fr	wol	challenge_SSA-MTE	hyp1	News	NaN	13.0229
949	950	fr	wol	challenge_SSA-MTE	hyp1	News	NaN	12.1192
950	951	fr	wol	challenge_SSA-MTE	hyp1	News	NaN	2.6049
951	952	fr	wol	challenge_SSA-MTE	hyp1	News	NaN	9.0621
952	953	fr	wol	challenge_SSA-MTE	hyp1	News	NaN	3.3346
953	954	fr	wol	challenge_SSA-MTE	hyp1	News	NaN	1.9376
954	955	fr	wol	challenge_SSA-MTE	hyp1	News	NaN	22.5786
955	956	fr	wol	challenge_SSA-MTE	hyp1	News	NaN	4.3645
956	957	fr	wol	challenge_SSA-MTE	hyp1	News	NaN	5.5160
957	958	fr	wol	challenge_SSA-MTE	hyp1	News	NaN	6.0856
958	959	fr	wol	challenge_SSA-MTE	hyp1	News	NaN	4.4962
959	960	fr	wol	challenge_SSA-MTE	hyp1	News	NaN	7.6093
960	961	fr	wol	challenge_SSA-MTE	hyp1	News	NaN	3.2572
961	962	fr	wol	challenge_SSA-MTE	hyp1	News	NaN	1.2375
962	963	fr	wol	challenge_SSA-MTE	hyp1	News	NaN	3.6633
963	964	fr	wol	challenge_SSA-MTE	hyp1	News	NaN	0.1459
964	965	fr	wol	challenge_SSA-MTE	hyp1	News	NaN	5.9921
965	966	fr	wol	challenge_SSA-MTE	hyp1	News	NaN	13.2821
966	967	fr	wol	challenge_SSA-MTE	hyp1	News	NaN	5.1225
967	968	fr	wol	challenge_SSA-MTE	hyp1	News	NaN	5.9597
968	969	fr	wol	challenge_SSA-MTE	hyp1	News	NaN	8.2567
969	970	fr	wol	challenge_SSA-MTE	hyp1	News	NaN	14.2396
970	971	fr	wol	challenge_SSA-MTE	hyp1	News	NaN	7.4016
971	972	fr	wol	challenge_SSA-MTE	hyp1	News	NaN	4.5785
972	973	fr	wol	challenge_SSA-MTE	hyp1	News	NaN	0.1030
973	974	fr	wol	challenge_SSA-MTE	hyp1	News	NaN	23.7826
974	975	fr	wol	challenge_SSA-MTE	hyp1	News	NaN	12.6480
975	976	fr	wol	challenge_SSA-MTE	hyp1	News	NaN	2.4105
976	977	fr	wol	challenge_SSA-MTE	hyp1	News	NaN	3.2434
977	978	fr	wol	challenge_SSA-MTE	hyp1	News	NaN	7.0090
978	979	fr	wol	challenge_SSA-MTE	hyp1	News	NaN	11.7430
979	980	fr	wol	challenge_SSA-MTE	hyp1	News	NaN	8.1579
980	981	fr	wol	challenge_SSA-MTE	hyp1	News	NaN	3.0311
981	982	fr	wol	challenge_SSA-MTE	hyp1	News	NaN	0.0904
982	983	fr	wol	challenge_SSA-MTE	hyp1	News	NaN	6.0074
983	984	fr	wol	challenge_SSA-MTE	hyp1	News	NaN	23.9625
984	985	fr	wol	challenge_SSA-MTE	hyp1	News	NaN	6.4554
985	986	fr	wol	challenge_SSA-MTE	hyp1	News	NaN	2.8275
986	987	fr	wol	challenge_SSA-MTE	hyp1	News	NaN	4.9003
987	988	fr	wol	challenge_SSA-MTE	hyp1	News	NaN	0.1734
988	989	fr	wol	challenge_SSA-MTE	hyp1	News	NaN	8.0097
989	990	fr	wol	challenge_SSA-MTE	hyp1	News	NaN	5.5244
990	991	fr	wol	challenge_SSA-MTE	hyp1	News	NaN	5.1484
991	992	fr	wol	challenge_SSA-MTE	hyp1	News	NaN	4.6658
992	993	fr	wol	challenge_SSA-MTE	hyp1	News	NaN	9.9160
993	994	fr	wol	challenge_SSA-MTE	hyp1	News	NaN	21.6889
994	995	fr	wol	challenge_SSA-MTE	hyp1	News	NaN	4.4728
995	996	fr	wol	challenge_SSA-MTE	hyp1	News	NaN	2.8311
996	997	fr	wol	challenge_SSA-MTE	hyp1	News	NaN	4.6425
997	998	fr	wol	challenge_SSA-MTE	hyp1	News	NaN	5.4264
998	999	fr	wol	challenge_SSA-MTE	hyp1	News	NaN	6.5738
999	1000	fr	wol	challenge_SSA-MTE	hyp1	News	NaN	3.8370
1000	1001	fr	wol	challenge_SSA-MTE	hyp1	News	NaN	2.2941
1001	1002	fr	wol	challenge_SSA-MTE	hyp1	News	NaN	2.2020
1002	1003	fr	wol	challenge_SSA-MTE	hyp1	News	NaN	7.9657
1003	1004	fr	wol	challenge_SSA-MTE	hyp1	News	NaN	6.9313
1004	1005	fr	wol	challenge_SSA-MTE	hyp1	News	NaN	3.1037
1005	1006	fr	wol	challenge_SSA-MTE	hyp1	News	NaN	3.0121
1006	1007	fr	wol	challenge_SSA-MTE	hyp1	News	NaN	3.0862
1007	1008	fr	wol	challenge_SSA-MTE	hyp1	News	NaN	4.5038
1008	1009	fr	wol	challenge_SSA-MTE	hyp1	News	NaN	21.7264
1009	1010	fr	wol	challenge_SSA-MTE	hyp1	News	NaN	5.6616
1010	1011	fr	wol	challenge_SSA-MTE	hyp1	News	NaN	4.3546
1011	1012	fr	wol	challenge_SSA-MTE	hyp1	News	NaN	3.3463
1012	1013	fr	wol	challenge_SSA-MTE	hyp1	News	NaN	0.0864
1013	1014	fr	wol	challenge_SSA-MTE	hyp1	News	NaN	7.6644
1014	1015	fr	wol	challenge_SSA-MTE	hyp1	News	NaN	6.7513
1015	1016	fr	wol	challenge_SSA-MTE	hyp1	News	NaN	4.5204
1016	1017	fr	wol	challenge_SSA-MTE	hyp1	News	NaN	4.2594
1017	1018	fr	wol	challenge_SSA-MTE	hyp1	News	NaN	2.9431
1018	1019	fr	wol	challenge_SSA-MTE	hyp1	News	NaN	6.1369
1019	1020	fr	wol	challenge_SSA-MTE	hyp1	News	NaN	6.2747
1020	1021	fr	wol	challenge_SSA-MTE	hyp1	News	NaN	5.7111
1021	1022	fr	wol	challenge_SSA-MTE	hyp1	News	NaN	3.9176
1022	1023	fr	wol	challenge_SSA-MTE	hyp1	News	NaN	7.1246
1023	1024	fr	wol	challenge_SSA-MTE	hyp1	News	NaN	27.3016
1024	1025	fr	wol	challenge_SSA-MTE	hyp1	News	NaN	11.6111
1025	1026	fr	wol	challenge_SSA-MTE	hyp1	News	NaN	3.2670
1026	1027	fr	wol	challenge_SSA-MTE	hyp1	News	NaN	5.2673
1027	1028	fr	wol	challenge_SSA-MTE	hyp1	News	NaN	3.1327
1028	1029	fr	wol	challenge_SSA-MTE	hyp1	News	NaN	7.1007
1029	1030	fr	wol	challenge_SSA-MTE	hyp1	News	NaN	5.9207
1030	1031	fr	wol	challenge_SSA-MTE	hyp1	News	NaN	1.7233
1031	1032	fr	wol	challenge_SSA-MTE	hyp1	News	NaN	5.1436
1032	1033	fr	wol	challenge_SSA-MTE	hyp1	News	NaN	3.1404
1033	1034	fr	wol	challenge_SSA-MTE	hyp1	News	NaN	16.9978
1034	1035	fr	wol	challenge_SSA-MTE	hyp1	News	NaN	6.9090
1035	1036	fr	wol	challenge_SSA-MTE	hyp1	News	NaN	3.1707
1036	1037	fr	wol	challenge_SSA-MTE	hyp1	News	NaN	1.4340
1037	1038	fr	wol	challenge_SSA-MTE	hyp1	News	NaN	2.7659
1038	1039	fr	wol	challenge_SSA-MTE	hyp1	News	NaN	6.6751
1039	1040	fr	wol	challenge_SSA-MTE	hyp1	News	NaN	7.5414
1040	1041	fr	wol	challenge_SSA-MTE	hyp1	News	NaN	5.4348
1041	1042	fr	wol	challenge_SSA-MTE	hyp1	News	NaN	8.6826
1042	1043	fr	wol	challenge_SSA-MTE	hyp1	News	NaN	5.6907
1043	1044	fr	wol	challenge_SSA-MTE	hyp1	News	NaN	7.3267
1044	1045	fr	wol	challenge_SSA-MTE	hyp1	News	NaN	4.4130
1045	1046	fr	wol	challenge_SSA-MTE	hyp1	News	NaN	8.0767
1046	1047	fr	wol	challenge_SSA-MTE	hyp1	News	NaN	10.3363
1047	1048	fr	wol	challenge_SSA-MTE	hyp1	News	NaN	13.9800
1048	1049	fr	wol	challenge_SSA-MTE	hyp1	News	NaN	18.1554
1049	1050	fr	wol	challenge_SSA-MTE	hyp1	News	NaN	16.6360
1050	1051	fr	wol	challenge_SSA-MTE	hyp1	News	NaN	2.5380
1051	1052	fr	wol	challenge_SSA-MTE	hyp1	News	NaN	3.8362
1052	1053	fr	wol	challenge_SSA-MTE	hyp1	News	NaN	3.4095
1053	1054	fr	wol	challenge_SSA-MTE	hyp1	News	NaN	11.6890
1054	1055	fr	wol	challenge_SSA-MTE	hyp1	News	NaN	7.4246
1055	1056	fr	wol	challenge_SSA-MTE	hyp1	News	NaN	8.0952
1056	1057	fr	wol	challenge_SSA-MTE	hyp1	News	NaN	6.4069
1057	1058	fr	wol	challenge_SSA-MTE	hyp1	News	NaN	0.5038
1058	1059	fr	wol	challenge_SSA-MTE	hyp1	News	NaN	12.1882
1059	1060	fr	wol	challenge_SSA-MTE	hyp1	News	NaN	20.3632
1060	1061	fr	wol	challenge_SSA-MTE	hyp1	News	NaN	3.8712
1061	1062	fr	wol	challenge_SSA-MTE	hyp1	News	NaN	10.7549
1062	1063	fr	wol	challenge_SSA-MTE	hyp1	News	NaN	19.6967
1063	1064	fr	wol	challenge_SSA-MTE	hyp1	News	NaN	13.6895
1064	1065	fr	wol	challenge_SSA-MTE	hyp1	News	NaN	10.4018
1065	1066	fr	wol	challenge_SSA-MTE	hyp1	News	NaN	1.0002
1066	1067	fr	wol	challenge_SSA-MTE	hyp1	News	NaN	2.1097
1067	1068	fr	wol	challenge_SSA-MTE	hyp1	News	NaN	2.9020
1068	1069	fr	wol	challenge_SSA-MTE	hyp1	News	NaN	14.8712
1069	1070	fr	wol	challenge_SSA-MTE	hyp1	News	NaN	5.9005
1070	1071	fr	wol	challenge_SSA-MTE	hyp1	News	NaN	2.6118
1071	1072	fr	wol	challenge_SSA-MTE	hyp1	News	NaN	13.4978
1072	1073	fr	wol	challenge_SSA-MTE	hyp1	News	NaN	1.5715
1073	1074	fr	wol	challenge_SSA-MTE	hyp1	News	NaN	4.4662
1074	1075	fr	wol	challenge_SSA-MTE	hyp1	News	NaN	6.6188
1075	1076	fr	wol	challenge_SSA-MTE	hyp1	News	NaN	4.8128
1076	1077	fr	wol	challenge_SSA-MTE	hyp1	News	NaN	7.7476
1077	1078	fr	wol	challenge_SSA-MTE	hyp1	News	NaN	5.1309
1078	1079	fr	wol	challenge_SSA-MTE	hyp1	News	NaN	5.9129
1079	1080	fr	wol	challenge_SSA-MTE	hyp1	News	NaN	5.5662
1080	1081	fr	wol	challenge_SSA-MTE	hyp1	News	NaN	3.0615
1081	1082	fr	wol	challenge_SSA-MTE	hyp1	News	NaN	5.7619
1082	1083	fr	wol	challenge_SSA-MTE	hyp1	News	NaN	1.2559
1083	1084	fr	wol	challenge_SSA-MTE	hyp1	News	NaN	4.7776
1084	1085	fr	wol	challenge_SSA-MTE	hyp1	News	NaN	10.3937
1085	1086	fr	wol	challenge_SSA-MTE	hyp1	News	NaN	0.0304
1086	1087	fr	wol	challenge_SSA-MTE	hyp1	News	NaN	2.7254
1087	1088	fr	wol	challenge_SSA-MTE	hyp1	News	NaN	3.0125
1088	1089	fr	wol	challenge_SSA-MTE	hyp1	News	NaN	4.1091
1089	1090	fr	wol	challenge_SSA-MTE	hyp1	News	NaN	12.8709
1090	1091	fr	wol	challenge_SSA-MTE	hyp1	News	NaN	6.3268
1091	1092	fr	wol	challenge_SSA-MTE	hyp1	News	NaN	1.4062
1092	1093	fr	wol	challenge_SSA-MTE	hyp1	News	NaN	9.0839
1093	1094	fr	wol	challenge_SSA-MTE	hyp1	News	NaN	6.1502
1094	1095	fr	wol	challenge_SSA-MTE	hyp1	News	NaN	17.2244
1095	1096	fr	wol	challenge_SSA-MTE	hyp1	News	NaN	2.2158
1096	1097	fr	wol	challenge_SSA-MTE	hyp1	News	NaN	0.5553
1097	1098	fr	wol	challenge_SSA-MTE	hyp1	News	NaN	0.0491
1098	1099	fr	wol	challenge_SSA-MTE	hyp1	News	NaN	11.5111
1099	1100	fr	wol	challenge_SSA-MTE	hyp1	News	NaN	12.3583
1100	1101	fr	wol	challenge_SSA-MTE	hyp1	News	NaN	2.5102
1101	1102	fr	wol	challenge_SSA-MTE	hyp1	News	NaN	0.9148
1102	1103	fr	wol	challenge_SSA-MTE	hyp1	News	NaN	2.2595
1103	1104	fr	wol	challenge_SSA-MTE	hyp1	News	NaN	14.1131
1104	1105	fr	wol	challenge_SSA-MTE	hyp1	News	NaN	9.0256
1105	1106	fr	wol	challenge_SSA-MTE	hyp1	News	NaN	2.6922
1106	1107	fr	wol	challenge_SSA-MTE	hyp1	News	NaN	5.8805
1107	1108	fr	wol	challenge_SSA-MTE	hyp1	News	NaN	4.9979
1108	1109	fr	wol	challenge_SSA-MTE	hyp1	News	NaN	11.6891
1109	1110	fr	wol	challenge_SSA-MTE	hyp1	News	NaN	7.4180
1110	1111	fr	wol	challenge_SSA-MTE	hyp1	News	NaN	4.5864
1111	1112	fr	wol	challenge_SSA-MTE	hyp1	News	NaN	5.2468
1112	1113	fr	wol	challenge_SSA-MTE	hyp1	News	NaN	7.2241
1113	1114	fr	wol	challenge_SSA-MTE	hyp1	News	NaN	9.4701
1114	1115	fr	wol	challenge_SSA-MTE	hyp1	News	NaN	7.8063
1115	1116	fr	wol	challenge_SSA-MTE	hyp1	News	NaN	11.4136
1116	1117	fr	wol	challenge_SSA-MTE	hyp1	News	NaN	8.0702
1117	1118	fr	wol	challenge_SSA-MTE	hyp1	News	NaN	4.6931
1118	1119	fr	wol	challenge_SSA-MTE	hyp1	News	NaN	3.4039
1119	1120	fr	wol	challenge_SSA-MTE	hyp1	News	NaN	18.0398
1120	1121	fr	wol	challenge_SSA-MTE	hyp1	News	NaN	5.6240
1121	1122	fr	wol	challenge_SSA-MTE	hyp1	News	NaN	1.1848
1122	1123	fr	wol	challenge_SSA-MTE	hyp1	News	NaN	1.9535
1123	1124	fr	wol	challenge_SSA-MTE	hyp1	News	NaN	6.2999
1124	1125	fr	wol	challenge_SSA-MTE	hyp1	News	NaN	3.9308
1125	1126	fr	wol	challenge_SSA-MTE	hyp1	News	NaN	5.3453
1126	1127	fr	wol	challenge_SSA-MTE	hyp1	News	NaN	0.9671
1127	1128	fr	wol	challenge_SSA-MTE	hyp1	News	NaN	0.4824
1128	1129	fr	wol	challenge_SSA-MTE	hyp1	News	NaN	23.8540
1129	1130	fr	wol	challenge_SSA-MTE	hyp1	News	NaN	15.7405
1130	1131	fr	wol	challenge_SSA-MTE	hyp1	News	NaN	11.2812
1131	1132	fr	wol	challenge_SSA-MTE	hyp1	News	NaN	6.4540
1132	1133	fr	wol	challenge_SSA-MTE	hyp1	News	NaN	8.3385
1133	1134	fr	wol	challenge_SSA-MTE	hyp1	News	NaN	3.7217
1134	1135	fr	wol	challenge_SSA-MTE	hyp1	News	NaN	11.5759
1135	1136	fr	wol	challenge_SSA-MTE	hyp1	News	NaN	2.1220
1136	1137	fr	wol	challenge_SSA-MTE	hyp1	News	NaN	2.2251
1137	1138	fr	wol	challenge_SSA-MTE	hyp1	News	NaN	5.5962
1138	1139	fr	wol	challenge_SSA-MTE	hyp1	News	NaN	4.9566
1139	1140	fr	wol	challenge_SSA-MTE	hyp1	News	NaN	4.4779
1140	1141	fr	wol	challenge_SSA-MTE	hyp1	News	NaN	2.9027
1141	1142	fr	wol	challenge_SSA-MTE	hyp1	News	NaN	4.1331
1142	1143	fr	wol	challenge_SSA-MTE	hyp1	News	NaN	8.5600
1143	1144	fr	wol	challenge_SSA-MTE	hyp1	News	NaN	12.9017
1144	1145	fr	wol	challenge_SSA-MTE	hyp1	News	NaN	5.6262
1145	1146	fr	wol	challenge_SSA-MTE	hyp1	News	NaN	7.8916
1146	1147	fr	wol	challenge_SSA-MTE	hyp1	News	NaN	2.8980
1147	1148	fr	wol	challenge_SSA-MTE	hyp1	News	NaN	9.0078
1148	1149	fr	wol	challenge_SSA-MTE	hyp1	News	NaN	8.2812
1149	1150	fr	wol	challenge_SSA-MTE	hyp1	News	NaN	2.9658
1150	1151	fr	wol	challenge_SSA-MTE	hyp1	News	NaN	4.9610
1151	1152	fr	wol	challenge_SSA-MTE	hyp1	News	NaN	3.1325
1152	1153	fr	wol	challenge_SSA-MTE	hyp1	News	NaN	8.2785
1153	1154	fr	wol	challenge_SSA-MTE	hyp1	News	NaN	4.8115
1154	1155	fr	wol	challenge_SSA-MTE	hyp1	News	NaN	5.0283
1155	1156	fr	wol	challenge_SSA-MTE	hyp1	News	NaN	0.0194
1156	1157	fr	wol	challenge_SSA-MTE	hyp1	News	NaN	0.5918
1157	1158	fr	wol	challenge_SSA-MTE	hyp1	News	NaN	2.2662
1158	1159	fr	wol	challenge_SSA-MTE	hyp1	News	NaN	6.8163
1159	1160	fr	wol	challenge_SSA-MTE	hyp1	News	NaN	3.1459
1160	1161	fr	wol	challenge_SSA-MTE	hyp1	News	NaN	1.2107
1161	1162	fr	wol	challenge_SSA-MTE	hyp1	News	NaN	1.1361
1162	1163	fr	wol	challenge_SSA-MTE	hyp1	News	NaN	5.3116
1163	1164	fr	wol	challenge_SSA-MTE	hyp1	News	NaN	9.4838
1164	1165	fr	wol	challenge_SSA-MTE	hyp1	News	NaN	6.4435
1165	1166	fr	wol	challenge_SSA-MTE	hyp1	News	NaN	3.2140
1166	1167	fr	wol	challenge_SSA-MTE	hyp1	News	NaN	2.4878
1167	1168	fr	wol	challenge_SSA-MTE	hyp1	News	NaN	5.5227
1168	1169	fr	wol	challenge_SSA-MTE	hyp1	News	NaN	14.7254
1169	1170	fr	wol	challenge_SSA-MTE	hyp1	News	NaN	14.4257
1170	1171	fr	wol	challenge_SSA-MTE	hyp1	News	NaN	2.2815
1171	1172	fr	wol	challenge_SSA-MTE	hyp1	News	NaN	2.5043
1172	1173	fr	wol	challenge_SSA-MTE	hyp1	News	NaN	3.3459
1173	1174	fr	wol	challenge_SSA-MTE	hyp1	News	NaN	14.1571
1174	1175	fr	wol	challenge_SSA-MTE	hyp1	News	NaN	2.9832
0	1	pt	nya	challenge_SSA-MTE	hyp1	News	NaN	14.1074
1	2	pt	nya	challenge_SSA-MTE	hyp1	News	NaN	13.4610
2	3	pt	nya	challenge_SSA-MTE	hyp1	News	NaN	15.1488
3	4	pt	nya	challenge_SSA-MTE	hyp1	News	NaN	0.1472
4	5	pt	nya	challenge_SSA-MTE	hyp1	News	NaN	2.8887
5	6	pt	nya	challenge_SSA-MTE	hyp1	News	NaN	3.3582
6	7	pt	nya	challenge_SSA-MTE	hyp1	News	NaN	3.2809
7	8	pt	nya	challenge_SSA-MTE	hyp1	News	NaN	0.0000
8	9	pt	nya	challenge_SSA-MTE	hyp1	News	NaN	17.1127
9	10	pt	nya	challenge_SSA-MTE	hyp1	News	NaN	14.9911
10	11	pt	nya	challenge_SSA-MTE	hyp1	News	NaN	27.7762
11	12	pt	nya	challenge_SSA-MTE	hyp1	News	NaN	13.9508
12	13	pt	nya	challenge_SSA-MTE	hyp1	News	NaN	14.0012
13	14	pt	nya	challenge_SSA-MTE	hyp1	News	NaN	4.1301
14	15	pt	nya	challenge_SSA-MTE	hyp1	News	NaN	4.0519
15	16	pt	nya	challenge_SSA-MTE	hyp1	News	NaN	1.6650
16	17	pt	nya	challenge_SSA-MTE	hyp1	News	NaN	5.3241
17	18	pt	nya	challenge_SSA-MTE	hyp1	News	NaN	7.5043
18	19	pt	nya	challenge_SSA-MTE	hyp1	News	NaN	8.1831
19	20	pt	nya	challenge_SSA-MTE	hyp1	News	NaN	0.4010
20	21	pt	nya	challenge_SSA-MTE	hyp1	News	NaN	2.9471
21	22	pt	nya	challenge_SSA-MTE	hyp1	News	NaN	5.4358
22	23	pt	nya	challenge_SSA-MTE	hyp1	News	NaN	5.4220
23	24	pt	nya	challenge_SSA-MTE	hyp1	News	NaN	0.0000
24	25	pt	nya	challenge_SSA-MTE	hyp1	News	NaN	4.3343
25	26	pt	nya	challenge_SSA-MTE	hyp1	News	NaN	5.5536
26	27	pt	nya	challenge_SSA-MTE	hyp1	News	NaN	4.4502
27	28	pt	nya	challenge_SSA-MTE	hyp1	News	NaN	0.0000
28	29	pt	nya	challenge_SSA-MTE	hyp1	News	NaN	5.7643
29	30	pt	nya	challenge_SSA-MTE	hyp1	News	NaN	5.7840
30	31	pt	nya	challenge_SSA-MTE	hyp1	News	NaN	3.2526
31	32	pt	nya	challenge_SSA-MTE	hyp1	News	NaN	2.5540
32	33	pt	nya	challenge_SSA-MTE	hyp1	News	NaN	6.7730
33	34	pt	nya	challenge_SSA-MTE	hyp1	News	NaN	4.4569
34	35	pt	nya	challenge_SSA-MTE	hyp1	News	NaN	3.6735
35	36	pt	nya	challenge_SSA-MTE	hyp1	News	NaN	0.0000
36	37	pt	nya	challenge_SSA-MTE	hyp1	News	NaN	17.9733
37	38	pt	nya	challenge_SSA-MTE	hyp1	News	NaN	11.5878
38	39	pt	nya	challenge_SSA-MTE	hyp1	News	NaN	14.4406
39	40	pt	nya	challenge_SSA-MTE	hyp1	News	NaN	2.4450
40	41	pt	nya	challenge_SSA-MTE	hyp1	News	NaN	22.0489
41	42	pt	nya	challenge_SSA-MTE	hyp1	News	NaN	10.5215
42	43	pt	nya	challenge_SSA-MTE	hyp1	News	NaN	10.0790
43	44	pt	nya	challenge_SSA-MTE	hyp1	News	NaN	5.4710
44	45	pt	nya	challenge_SSA-MTE	hyp1	News	NaN	9.6693
45	46	pt	nya	challenge_SSA-MTE	hyp1	News	NaN	37.7006
46	47	pt	nya	challenge_SSA-MTE	hyp1	News	NaN	10.2345
47	48	pt	nya	challenge_SSA-MTE	hyp1	News	NaN	4.0654
48	49	pt	nya	challenge_SSA-MTE	hyp1	News	NaN	27.2652
49	50	pt	nya	challenge_SSA-MTE	hyp1	News	NaN	20.7460
50	51	pt	nya	challenge_SSA-MTE	hyp1	News	NaN	28.8791
51	52	pt	nya	challenge_SSA-MTE	hyp1	News	NaN	1.1245
52	53	pt	nya	challenge_SSA-MTE	hyp1	News	NaN	5.3388
53	54	pt	nya	challenge_SSA-MTE	hyp1	News	NaN	9.0091
54	55	pt	nya	challenge_SSA-MTE	hyp1	News	NaN	11.1755
55	56	pt	nya	challenge_SSA-MTE	hyp1	News	NaN	1.3492
56	57	pt	nya	challenge_SSA-MTE	hyp1	News	NaN	6.1259
57	58	pt	nya	challenge_SSA-MTE	hyp1	News	NaN	9.4730
58	59	pt	nya	challenge_SSA-MTE	hyp1	News	NaN	7.4391
59	60	pt	nya	challenge_SSA-MTE	hyp1	News	NaN	1.5601
60	61	pt	nya	challenge_SSA-MTE	hyp1	News	NaN	23.4624
61	62	pt	nya	challenge_SSA-MTE	hyp1	News	NaN	22.4169
62	63	pt	nya	challenge_SSA-MTE	hyp1	News	NaN	10.5527
63	64	pt	nya	challenge_SSA-MTE	hyp1	News	NaN	0.0000
64	65	pt	nya	challenge_SSA-MTE	hyp1	News	NaN	6.1827
65	66	pt	nya	challenge_SSA-MTE	hyp1	News	NaN	3.4316
66	67	pt	nya	challenge_SSA-MTE	hyp1	News	NaN	3.4316
67	68	pt	nya	challenge_SSA-MTE	hyp1	News	NaN	2.8856
68	69	pt	nya	challenge_SSA-MTE	hyp1	News	NaN	11.8972
69	70	pt	nya	challenge_SSA-MTE	hyp1	News	NaN	7.0734
70	71	pt	nya	challenge_SSA-MTE	hyp1	News	NaN	8.9750
71	72	pt	nya	challenge_SSA-MTE	hyp1	News	NaN	0.9297
72	73	pt	nya	challenge_SSA-MTE	hyp1	News	NaN	5.4515
73	74	pt	nya	challenge_SSA-MTE	hyp1	News	NaN	2.7423
74	75	pt	nya	challenge_SSA-MTE	hyp1	News	NaN	5.7643
75	76	pt	nya	challenge_SSA-MTE	hyp1	News	NaN	3.0166
76	77	pt	nya	challenge_SSA-MTE	hyp1	News	NaN	18.4755
77	78	pt	nya	challenge_SSA-MTE	hyp1	News	NaN	16.8067
78	79	pt	nya	challenge_SSA-MTE	hyp1	News	NaN	16.5434
79	80	pt	nya	challenge_SSA-MTE	hyp1	News	NaN	1.0048
80	81	pt	nya	challenge_SSA-MTE	hyp1	News	NaN	7.7890
81	82	pt	nya	challenge_SSA-MTE	hyp1	News	NaN	7.9077
82	83	pt	nya	challenge_SSA-MTE	hyp1	News	NaN	9.4582
83	84	pt	nya	challenge_SSA-MTE	hyp1	News	NaN	0.5727
84	85	pt	nya	challenge_SSA-MTE	hyp1	News	NaN	19.7622
85	86	pt	nya	challenge_SSA-MTE	hyp1	News	NaN	13.3490
86	87	pt	nya	challenge_SSA-MTE	hyp1	News	NaN	22.5703
87	88	pt	nya	challenge_SSA-MTE	hyp1	News	NaN	1.6067
88	89	pt	nya	challenge_SSA-MTE	hyp1	News	NaN	6.0196
89	90	pt	nya	challenge_SSA-MTE	hyp1	News	NaN	5.7514
90	91	pt	nya	challenge_SSA-MTE	hyp1	News	NaN	8.2260
91	92	pt	nya	challenge_SSA-MTE	hyp1	News	NaN	0.0000
92	93	pt	nya	challenge_SSA-MTE	hyp1	News	NaN	11.4084
93	94	pt	nya	challenge_SSA-MTE	hyp1	News	NaN	4.6994
94	95	pt	nya	challenge_SSA-MTE	hyp1	News	NaN	7.0297
95	96	pt	nya	challenge_SSA-MTE	hyp1	News	NaN	2.8630
96	97	pt	nya	challenge_SSA-MTE	hyp1	News	NaN	15.5371
97	98	pt	nya	challenge_SSA-MTE	hyp1	News	NaN	6.8031
98	99	pt	nya	challenge_SSA-MTE	hyp1	News	NaN	12.6897
99	100	pt	nya	challenge_SSA-MTE	hyp1	News	NaN	5.4130
100	101	pt	nya	challenge_SSA-MTE	hyp1	News	NaN	17.5882
101	102	pt	nya	challenge_SSA-MTE	hyp1	News	NaN	31.5696
102	103	pt	nya	challenge_SSA-MTE	hyp1	News	NaN	41.6792
103	104	pt	nya	challenge_SSA-MTE	hyp1	News	NaN	2.2650
104	105	pt	nya	challenge_SSA-MTE	hyp1	News	NaN	12.5822
105	106	pt	nya	challenge_SSA-MTE	hyp1	News	NaN	20.2389
106	107	pt	nya	challenge_SSA-MTE	hyp1	News	NaN	19.2649
107	108	pt	nya	challenge_SSA-MTE	hyp1	News	NaN	4.0239
108	109	pt	nya	challenge_SSA-MTE	hyp1	News	NaN	3.4275
109	110	pt	nya	challenge_SSA-MTE	hyp1	News	NaN	3.5957
110	111	pt	nya	challenge_SSA-MTE	hyp1	News	NaN	6.0331
111	112	pt	nya	challenge_SSA-MTE	hyp1	News	NaN	2.7258
112	113	pt	nya	challenge_SSA-MTE	hyp1	News	NaN	18.1806
113	114	pt	nya	challenge_SSA-MTE	hyp1	News	NaN	10.0177
114	115	pt	nya	challenge_SSA-MTE	hyp1	News	NaN	22.7813
115	116	pt	nya	challenge_SSA-MTE	hyp1	News	NaN	0.0000
116	117	pt	nya	challenge_SSA-MTE	hyp1	News	NaN	4.0696
117	118	pt	nya	challenge_SSA-MTE	hyp1	News	NaN	13.6884
118	119	pt	nya	challenge_SSA-MTE	hyp1	News	NaN	9.2384
119	120	pt	nya	challenge_SSA-MTE	hyp1	News	NaN	3.3865
120	121	pt	nya	challenge_SSA-MTE	hyp1	News	NaN	9.5604
121	122	pt	nya	challenge_SSA-MTE	hyp1	News	NaN	13.5966
122	123	pt	nya	challenge_SSA-MTE	hyp1	News	NaN	18.3257
123	124	pt	nya	challenge_SSA-MTE	hyp1	News	NaN	4.8150
124	125	pt	nya	challenge_SSA-MTE	hyp1	News	NaN	15.4954
125	126	pt	nya	challenge_SSA-MTE	hyp1	News	NaN	15.3374
126	127	pt	nya	challenge_SSA-MTE	hyp1	News	NaN	21.1504
127	128	pt	nya	challenge_SSA-MTE	hyp1	News	NaN	3.3194
128	129	pt	nya	challenge_SSA-MTE	hyp1	News	NaN	22.3538
129	130	pt	nya	challenge_SSA-MTE	hyp1	News	NaN	18.1603
130	131	pt	nya	challenge_SSA-MTE	hyp1	News	NaN	22.2906
131	132	pt	nya	challenge_SSA-MTE	hyp1	News	NaN	2.1829
132	133	pt	nya	challenge_SSA-MTE	hyp1	News	NaN	16.7060
133	134	pt	nya	challenge_SSA-MTE	hyp1	News	NaN	9.0168
134	135	pt	nya	challenge_SSA-MTE	hyp1	News	NaN	11.5959
135	136	pt	nya	challenge_SSA-MTE	hyp1	News	NaN	0.9300
136	137	pt	nya	challenge_SSA-MTE	hyp1	News	NaN	4.3343
137	138	pt	nya	challenge_SSA-MTE	hyp1	News	NaN	11.6490
138	139	pt	nya	challenge_SSA-MTE	hyp1	News	NaN	16.2994
139	140	pt	nya	challenge_SSA-MTE	hyp1	News	NaN	4.1081
140	141	pt	nya	challenge_SSA-MTE	hyp1	News	NaN	7.3471
141	142	pt	nya	challenge_SSA-MTE	hyp1	News	NaN	12.7593
142	143	pt	nya	challenge_SSA-MTE	hyp1	News	NaN	12.5493
143	144	pt	nya	challenge_SSA-MTE	hyp1	News	NaN	4.4569
144	145	pt	nya	challenge_SSA-MTE	hyp1	News	NaN	6.1086
145	146	pt	nya	challenge_SSA-MTE	hyp1	News	NaN	3.9566
146	147	pt	nya	challenge_SSA-MTE	hyp1	News	NaN	4.5148
147	148	pt	nya	challenge_SSA-MTE	hyp1	News	NaN	2.5198
148	149	pt	nya	challenge_SSA-MTE	hyp1	News	NaN	2.5591
149	150	pt	nya	challenge_SSA-MTE	hyp1	News	NaN	7.5242
150	151	pt	nya	challenge_SSA-MTE	hyp1	News	NaN	9.5875
151	152	pt	nya	challenge_SSA-MTE	hyp1	News	NaN	2.5710
152	153	pt	nya	challenge_SSA-MTE	hyp1	News	NaN	5.6191
153	154	pt	nya	challenge_SSA-MTE	hyp1	News	NaN	5.3672
154	155	pt	nya	challenge_SSA-MTE	hyp1	News	NaN	18.5672
155	156	pt	nya	challenge_SSA-MTE	hyp1	News	NaN	5.2409
156	157	pt	nya	challenge_SSA-MTE	hyp1	News	NaN	10.3250
157	158	pt	nya	challenge_SSA-MTE	hyp1	News	NaN	3.3242
158	159	pt	nya	challenge_SSA-MTE	hyp1	News	NaN	10.3671
159	160	pt	nya	challenge_SSA-MTE	hyp1	News	NaN	0.7234
160	161	pt	nya	challenge_SSA-MTE	hyp1	News	NaN	8.2318
161	162	pt	nya	challenge_SSA-MTE	hyp1	News	NaN	5.0899
162	163	pt	nya	challenge_SSA-MTE	hyp1	News	NaN	3.2933
163	164	pt	nya	challenge_SSA-MTE	hyp1	News	NaN	0.4255
164	165	pt	nya	challenge_SSA-MTE	hyp1	News	NaN	14.6393
165	166	pt	nya	challenge_SSA-MTE	hyp1	News	NaN	12.5356
166	167	pt	nya	challenge_SSA-MTE	hyp1	News	NaN	17.7511
167	168	pt	nya	challenge_SSA-MTE	hyp1	News	NaN	0.9335
168	169	pt	nya	challenge_SSA-MTE	hyp1	News	NaN	5.8097
169	170	pt	nya	challenge_SSA-MTE	hyp1	News	NaN	4.8853
170	171	pt	nya	challenge_SSA-MTE	hyp1	News	NaN	4.6575
171	172	pt	nya	challenge_SSA-MTE	hyp1	News	NaN	5.7441
172	173	pt	nya	challenge_SSA-MTE	hyp1	News	NaN	6.1781
173	174	pt	nya	challenge_SSA-MTE	hyp1	News	NaN	4.0272
174	175	pt	nya	challenge_SSA-MTE	hyp1	News	NaN	4.0654
175	176	pt	nya	challenge_SSA-MTE	hyp1	News	NaN	0.0000
176	177	pt	nya	challenge_SSA-MTE	hyp1	News	NaN	10.8236
177	178	pt	nya	challenge_SSA-MTE	hyp1	News	NaN	10.6249
178	179	pt	nya	challenge_SSA-MTE	hyp1	News	NaN	14.5068
179	180	pt	nya	challenge_SSA-MTE	hyp1	News	NaN	0.0000
180	181	pt	nya	challenge_SSA-MTE	hyp1	News	NaN	6.9295
181	182	pt	nya	challenge_SSA-MTE	hyp1	News	NaN	6.6460
182	183	pt	nya	challenge_SSA-MTE	hyp1	News	NaN	12.4367
183	184	pt	nya	challenge_SSA-MTE	hyp1	News	NaN	4.0967
184	185	pt	nya	challenge_SSA-MTE	hyp1	News	NaN	18.3733
185	186	pt	nya	challenge_SSA-MTE	hyp1	News	NaN	19.1248
186	187	pt	nya	challenge_SSA-MTE	hyp1	News	NaN	15.2094
187	188	pt	nya	challenge_SSA-MTE	hyp1	News	NaN	3.3225
188	189	pt	nya	challenge_SSA-MTE	hyp1	News	NaN	10.1471
189	190	pt	nya	challenge_SSA-MTE	hyp1	News	NaN	41.8013
190	191	pt	nya	challenge_SSA-MTE	hyp1	News	NaN	41.8013
191	192	pt	nya	challenge_SSA-MTE	hyp1	News	NaN	5.0736
192	193	pt	nya	challenge_SSA-MTE	hyp1	News	NaN	5.4642
193	194	pt	nya	challenge_SSA-MTE	hyp1	News	NaN	3.0373
194	195	pt	nya	challenge_SSA-MTE	hyp1	News	NaN	5.4393
195	196	pt	nya	challenge_SSA-MTE	hyp1	News	NaN	0.0000
196	197	pt	nya	challenge_SSA-MTE	hyp1	News	NaN	8.4008
197	198	pt	nya	challenge_SSA-MTE	hyp1	News	NaN	17.8694
198	199	pt	nya	challenge_SSA-MTE	hyp1	News	NaN	18.6005
199	200	pt	nya	challenge_SSA-MTE	hyp1	News	NaN	6.2856
200	201	pt	nya	challenge_SSA-MTE	hyp1	News	NaN	11.8244
201	202	pt	nya	challenge_SSA-MTE	hyp1	News	NaN	8.5435
202	203	pt	nya	challenge_SSA-MTE	hyp1	News	NaN	3.4242
203	204	pt	nya	challenge_SSA-MTE	hyp1	News	NaN	1.6444
204	205	pt	nya	challenge_SSA-MTE	hyp1	News	NaN	6.8461
205	206	pt	nya	challenge_SSA-MTE	hyp1	News	NaN	2.8853
206	207	pt	nya	challenge_SSA-MTE	hyp1	News	NaN	1.9535
207	208	pt	nya	challenge_SSA-MTE	hyp1	News	NaN	1.1097
208	209	pt	nya	challenge_SSA-MTE	hyp1	News	NaN	6.2520
209	210	pt	nya	challenge_SSA-MTE	hyp1	News	NaN	10.0916
210	211	pt	nya	challenge_SSA-MTE	hyp1	News	NaN	9.7850
211	212	pt	nya	challenge_SSA-MTE	hyp1	News	NaN	2.1440
212	213	pt	nya	challenge_SSA-MTE	hyp1	News	NaN	14.9628
213	214	pt	nya	challenge_SSA-MTE	hyp1	News	NaN	6.1259
214	215	pt	nya	challenge_SSA-MTE	hyp1	News	NaN	5.1367
215	216	pt	nya	challenge_SSA-MTE	hyp1	News	NaN	2.0540
216	217	pt	nya	challenge_SSA-MTE	hyp1	News	NaN	12.7497
217	218	pt	nya	challenge_SSA-MTE	hyp1	News	NaN	11.9980
218	219	pt	nya	challenge_SSA-MTE	hyp1	News	NaN	7.2432
219	220	pt	nya	challenge_SSA-MTE	hyp1	News	NaN	1.5010
220	221	pt	nya	challenge_SSA-MTE	hyp1	News	NaN	17.1598
221	222	pt	nya	challenge_SSA-MTE	hyp1	News	NaN	14.7375
222	223	pt	nya	challenge_SSA-MTE	hyp1	News	NaN	14.9826
223	224	pt	nya	challenge_SSA-MTE	hyp1	News	NaN	3.4798
224	225	pt	nya	challenge_SSA-MTE	hyp1	News	NaN	18.0841
225	226	pt	nya	challenge_SSA-MTE	hyp1	News	NaN	23.4712
226	227	pt	nya	challenge_SSA-MTE	hyp1	News	NaN	21.6588
227	228	pt	nya	challenge_SSA-MTE	hyp1	News	NaN	7.2352
228	229	pt	nya	challenge_SSA-MTE	hyp1	News	NaN	3.5993
229	230	pt	nya	challenge_SSA-MTE	hyp1	News	NaN	3.4287
230	231	pt	nya	challenge_SSA-MTE	hyp1	News	NaN	3.7299
231	232	pt	nya	challenge_SSA-MTE	hyp1	News	NaN	3.1364
232	233	pt	nya	challenge_SSA-MTE	hyp1	News	NaN	19.6951
233	234	pt	nya	challenge_SSA-MTE	hyp1	News	NaN	16.2965
234	235	pt	nya	challenge_SSA-MTE	hyp1	News	NaN	13.2813
235	236	pt	nya	challenge_SSA-MTE	hyp1	News	NaN	2.0733
236	237	pt	nya	challenge_SSA-MTE	hyp1	News	NaN	3.6394
237	238	pt	nya	challenge_SSA-MTE	hyp1	News	NaN	3.9317
238	239	pt	nya	challenge_SSA-MTE	hyp1	News	NaN	3.9271
239	240	pt	nya	challenge_SSA-MTE	hyp1	News	NaN	1.5102
240	241	pt	nya	challenge_SSA-MTE	hyp1	News	NaN	15.2296
241	242	pt	nya	challenge_SSA-MTE	hyp1	News	NaN	28.7313
242	243	pt	nya	challenge_SSA-MTE	hyp1	News	NaN	27.5658
243	244	pt	nya	challenge_SSA-MTE	hyp1	News	NaN	1.6636
244	245	pt	nya	challenge_SSA-MTE	hyp1	News	NaN	11.6333
245	246	pt	nya	challenge_SSA-MTE	hyp1	News	NaN	13.1779
246	247	pt	nya	challenge_SSA-MTE	hyp1	News	NaN	31.4556
247	248	pt	nya	challenge_SSA-MTE	hyp1	News	NaN	3.3772
248	249	pt	nya	challenge_SSA-MTE	hyp1	News	NaN	2.2609
249	250	pt	nya	challenge_SSA-MTE	hyp1	News	NaN	3.7965
250	251	pt	nya	challenge_SSA-MTE	hyp1	News	NaN	2.1602
251	252	pt	nya	challenge_SSA-MTE	hyp1	News	NaN	1.5880
252	253	pt	nya	challenge_SSA-MTE	hyp1	News	NaN	9.9801
253	254	pt	nya	challenge_SSA-MTE	hyp1	News	NaN	10.6003
254	255	pt	nya	challenge_SSA-MTE	hyp1	News	NaN	5.3002
255	256	pt	nya	challenge_SSA-MTE	hyp1	News	NaN	4.1961
256	257	pt	nya	challenge_SSA-MTE	hyp1	News	NaN	10.5754
257	258	pt	nya	challenge_SSA-MTE	hyp1	News	NaN	4.1769
258	259	pt	nya	challenge_SSA-MTE	hyp1	News	NaN	4.2599
259	260	pt	nya	challenge_SSA-MTE	hyp1	News	NaN	0.4263
260	261	pt	nya	challenge_SSA-MTE	hyp1	News	NaN	18.8265
261	262	pt	nya	challenge_SSA-MTE	hyp1	News	NaN	18.2203
262	263	pt	nya	challenge_SSA-MTE	hyp1	News	NaN	29.4994
263	264	pt	nya	challenge_SSA-MTE	hyp1	News	NaN	3.3868
264	265	pt	nya	challenge_SSA-MTE	hyp1	News	NaN	13.0385
265	266	pt	nya	challenge_SSA-MTE	hyp1	News	NaN	12.9660
266	267	pt	nya	challenge_SSA-MTE	hyp1	News	NaN	42.0474
267	268	pt	nya	challenge_SSA-MTE	hyp1	News	NaN	8.6559
268	269	pt	nya	challenge_SSA-MTE	hyp1	News	NaN	1.5099
269	270	pt	nya	challenge_SSA-MTE	hyp1	News	NaN	2.5416
270	271	pt	nya	challenge_SSA-MTE	hyp1	News	NaN	1.4908
271	272	pt	nya	challenge_SSA-MTE	hyp1	News	NaN	0.4460
272	273	pt	nya	challenge_SSA-MTE	hyp1	News	NaN	32.6823
273	274	pt	nya	challenge_SSA-MTE	hyp1	News	NaN	28.6671
274	275	pt	nya	challenge_SSA-MTE	hyp1	News	NaN	25.0566
275	276	pt	nya	challenge_SSA-MTE	hyp1	News	NaN	2.3568
276	277	pt	nya	challenge_SSA-MTE	hyp1	News	NaN	4.0197
277	278	pt	nya	challenge_SSA-MTE	hyp1	News	NaN	3.8230
278	279	pt	nya	challenge_SSA-MTE	hyp1	News	NaN	4.5537
279	280	pt	nya	challenge_SSA-MTE	hyp1	News	NaN	2.1477
280	281	pt	nya	challenge_SSA-MTE	hyp1	News	NaN	5.1021
281	282	pt	nya	challenge_SSA-MTE	hyp1	News	NaN	6.1010
282	283	pt	nya	challenge_SSA-MTE	hyp1	News	NaN	7.9871
283	284	pt	nya	challenge_SSA-MTE	hyp1	News	NaN	0.3076
284	285	pt	nya	challenge_SSA-MTE	hyp1	News	NaN	28.0810
285	286	pt	nya	challenge_SSA-MTE	hyp1	News	NaN	29.7407
286	287	pt	nya	challenge_SSA-MTE	hyp1	News	NaN	28.0374
287	288	pt	nya	challenge_SSA-MTE	hyp1	News	NaN	4.2239
288	289	pt	nya	challenge_SSA-MTE	hyp1	News	NaN	0.0000
289	290	pt	nya	challenge_SSA-MTE	hyp1	News	NaN	4.3008
290	291	pt	nya	challenge_SSA-MTE	hyp1	News	NaN	5.1146
291	292	pt	nya	challenge_SSA-MTE	hyp1	News	NaN	0.0000
292	293	pt	nya	challenge_SSA-MTE	hyp1	News	NaN	16.7845
293	294	pt	nya	challenge_SSA-MTE	hyp1	News	NaN	19.0708
294	295	pt	nya	challenge_SSA-MTE	hyp1	News	NaN	15.8512
295	296	pt	nya	challenge_SSA-MTE	hyp1	News	NaN	15.6197
296	297	pt	nya	challenge_SSA-MTE	hyp1	News	NaN	2.9025
297	298	pt	nya	challenge_SSA-MTE	hyp1	News	NaN	3.2372
298	299	pt	nya	challenge_SSA-MTE	hyp1	News	NaN	6.3052
299	300	pt	nya	challenge_SSA-MTE	hyp1	News	NaN	1.0440
300	301	pt	nya	challenge_SSA-MTE	hyp1	News	NaN	4.2782
301	302	pt	nya	challenge_SSA-MTE	hyp1	News	NaN	0.0000
302	303	pt	nya	challenge_SSA-MTE	hyp1	News	NaN	5.1146
303	304	pt	nya	challenge_SSA-MTE	hyp1	News	NaN	0.0000
304	305	pt	nya	challenge_SSA-MTE	hyp1	News	NaN	6.0571
305	306	pt	nya	challenge_SSA-MTE	hyp1	News	NaN	7.1545
306	307	pt	nya	challenge_SSA-MTE	hyp1	News	NaN	2.6228
307	308	pt	nya	challenge_SSA-MTE	hyp1	News	NaN	1.1501
308	309	pt	nya	challenge_SSA-MTE	hyp1	News	NaN	11.1574
309	310	pt	nya	challenge_SSA-MTE	hyp1	News	NaN	17.2338
310	311	pt	nya	challenge_SSA-MTE	hyp1	News	NaN	21.2446
311	312	pt	nya	challenge_SSA-MTE	hyp1	News	NaN	3.3728
312	313	pt	nya	challenge_SSA-MTE	hyp1	News	NaN	4.6745
313	314	pt	nya	challenge_SSA-MTE	hyp1	News	NaN	5.9285
314	315	pt	nya	challenge_SSA-MTE	hyp1	News	NaN	12.6420
315	316	pt	nya	challenge_SSA-MTE	hyp1	News	NaN	2.0577
316	317	pt	nya	challenge_SSA-MTE	hyp1	News	NaN	4.6390
317	318	pt	nya	challenge_SSA-MTE	hyp1	News	NaN	2.4713
318	319	pt	nya	challenge_SSA-MTE	hyp1	News	NaN	4.6390
319	320	pt	nya	challenge_SSA-MTE	hyp1	News	NaN	1.9968
320	321	pt	nya	challenge_SSA-MTE	hyp1	News	NaN	2.9965
321	322	pt	nya	challenge_SSA-MTE	hyp1	News	NaN	2.6643
322	323	pt	nya	challenge_SSA-MTE	hyp1	News	NaN	3.3613
323	324	pt	nya	challenge_SSA-MTE	hyp1	News	NaN	2.4525
324	325	pt	nya	challenge_SSA-MTE	hyp1	News	NaN	4.6033
325	326	pt	nya	challenge_SSA-MTE	hyp1	News	NaN	2.5767
326	327	pt	nya	challenge_SSA-MTE	hyp1	News	NaN	5.6009
327	328	pt	nya	challenge_SSA-MTE	hyp1	News	NaN	0.6908
328	329	pt	nya	challenge_SSA-MTE	hyp1	News	NaN	5.8271
329	330	pt	nya	challenge_SSA-MTE	hyp1	News	NaN	13.3380
330	331	pt	nya	challenge_SSA-MTE	hyp1	News	NaN	24.8734
331	332	pt	nya	challenge_SSA-MTE	hyp1	News	NaN	2.4321
332	333	pt	nya	challenge_SSA-MTE	hyp1	News	NaN	7.5360
333	334	pt	nya	challenge_SSA-MTE	hyp1	News	NaN	5.0542
334	335	pt	nya	challenge_SSA-MTE	hyp1	News	NaN	7.2687
335	336	pt	nya	challenge_SSA-MTE	hyp1	News	NaN	0.9129
336	337	pt	nya	challenge_SSA-MTE	hyp1	News	NaN	11.9809
337	338	pt	nya	challenge_SSA-MTE	hyp1	News	NaN	13.0771
338	339	pt	nya	challenge_SSA-MTE	hyp1	News	NaN	13.7143
339	340	pt	nya	challenge_SSA-MTE	hyp1	News	NaN	0.7847
340	341	pt	nya	challenge_SSA-MTE	hyp1	News	NaN	10.3900
341	342	pt	nya	challenge_SSA-MTE	hyp1	News	NaN	12.3638
342	343	pt	nya	challenge_SSA-MTE	hyp1	News	NaN	10.7601
343	344	pt	nya	challenge_SSA-MTE	hyp1	News	NaN	0.6412
344	345	pt	nya	challenge_SSA-MTE	hyp1	News	NaN	14.2478
345	346	pt	nya	challenge_SSA-MTE	hyp1	News	NaN	11.7942
346	347	pt	nya	challenge_SSA-MTE	hyp1	News	NaN	12.5122
347	348	pt	nya	challenge_SSA-MTE	hyp1	News	NaN	4.0161
348	349	pt	nya	challenge_SSA-MTE	hyp1	News	NaN	3.4934
349	350	pt	nya	challenge_SSA-MTE	hyp1	News	NaN	10.3436
350	351	pt	nya	challenge_SSA-MTE	hyp1	News	NaN	4.3686
351	352	pt	nya	challenge_SSA-MTE	hyp1	News	NaN	2.8398
352	353	pt	nya	challenge_SSA-MTE	hyp1	News	NaN	6.5602
353	354	pt	nya	challenge_SSA-MTE	hyp1	News	NaN	6.7673
354	355	pt	nya	challenge_SSA-MTE	hyp1	News	NaN	17.8443
355	356	pt	nya	challenge_SSA-MTE	hyp1	News	NaN	5.6847
356	357	pt	nya	challenge_SSA-MTE	hyp1	News	NaN	4.7967
357	358	pt	nya	challenge_SSA-MTE	hyp1	News	NaN	2.8519
358	359	pt	nya	challenge_SSA-MTE	hyp1	News	NaN	8.9276
359	360	pt	nya	challenge_SSA-MTE	hyp1	News	NaN	2.3926
360	361	pt	nya	challenge_SSA-MTE	hyp1	News	NaN	45.8303
361	362	pt	nya	challenge_SSA-MTE	hyp1	News	NaN	16.7535
362	363	pt	nya	challenge_SSA-MTE	hyp1	News	NaN	47.9548
363	364	pt	nya	challenge_SSA-MTE	hyp1	News	NaN	11.5229
364	365	pt	nya	challenge_SSA-MTE	hyp1	News	NaN	48.4152
365	366	pt	nya	challenge_SSA-MTE	hyp1	News	NaN	46.0533
366	367	pt	nya	challenge_SSA-MTE	hyp1	News	NaN	46.0533
367	368	pt	nya	challenge_SSA-MTE	hyp1	News	NaN	8.0323
368	369	pt	nya	challenge_SSA-MTE	hyp1	News	NaN	21.7451
369	370	pt	nya	challenge_SSA-MTE	hyp1	News	NaN	12.4149
370	371	pt	nya	challenge_SSA-MTE	hyp1	News	NaN	23.7235
371	372	pt	nya	challenge_SSA-MTE	hyp1	News	NaN	2.8311
372	373	pt	nya	challenge_SSA-MTE	hyp1	News	NaN	9.4474
373	374	pt	nya	challenge_SSA-MTE	hyp1	News	NaN	11.4545
374	375	pt	nya	challenge_SSA-MTE	hyp1	News	NaN	8.2349
375	376	pt	nya	challenge_SSA-MTE	hyp1	News	NaN	0.0000
376	377	pt	nya	challenge_SSA-MTE	hyp1	News	NaN	2.7476
377	378	pt	nya	challenge_SSA-MTE	hyp1	News	NaN	2.6227
378	379	pt	nya	challenge_SSA-MTE	hyp1	News	NaN	3.3462
379	380	pt	nya	challenge_SSA-MTE	hyp1	News	NaN	0.0000
380	381	pt	nya	challenge_SSA-MTE	hyp1	News	NaN	7.8496
381	382	pt	nya	challenge_SSA-MTE	hyp1	News	NaN	11.2635
382	383	pt	nya	challenge_SSA-MTE	hyp1	News	NaN	7.8496
383	384	pt	nya	challenge_SSA-MTE	hyp1	News	NaN	0.0000
384	385	pt	nya	challenge_SSA-MTE	hyp1	News	NaN	8.7473
385	386	pt	nya	challenge_SSA-MTE	hyp1	News	NaN	6.1577
386	387	pt	nya	challenge_SSA-MTE	hyp1	News	NaN	14.4126
387	388	pt	nya	challenge_SSA-MTE	hyp1	News	NaN	1.4593
388	389	pt	nya	challenge_SSA-MTE	hyp1	News	NaN	17.2399
389	390	pt	nya	challenge_SSA-MTE	hyp1	News	NaN	23.9718
390	391	pt	nya	challenge_SSA-MTE	hyp1	News	NaN	19.3651
391	392	pt	nya	challenge_SSA-MTE	hyp1	News	NaN	6.4599
392	393	pt	nya	challenge_SSA-MTE	hyp1	News	NaN	0.0350
393	394	pt	nya	challenge_SSA-MTE	hyp1	News	NaN	12.8061
394	395	pt	nya	challenge_SSA-MTE	hyp1	News	NaN	32.9451
395	396	pt	nya	challenge_SSA-MTE	hyp1	News	NaN	5.1682
396	397	pt	nya	challenge_SSA-MTE	hyp1	News	NaN	7.3677
397	398	pt	nya	challenge_SSA-MTE	hyp1	News	NaN	20.8333
398	399	pt	nya	challenge_SSA-MTE	hyp1	News	NaN	9.1121
399	400	pt	nya	challenge_SSA-MTE	hyp1	News	NaN	0.6191
400	401	pt	nya	challenge_SSA-MTE	hyp1	News	NaN	26.4718
401	402	pt	nya	challenge_SSA-MTE	hyp1	News	NaN	19.7265
402	403	pt	nya	challenge_SSA-MTE	hyp1	News	NaN	18.9290
403	404	pt	nya	challenge_SSA-MTE	hyp1	News	NaN	0.6889
404	405	pt	nya	challenge_SSA-MTE	hyp1	News	NaN	7.1538
405	406	pt	nya	challenge_SSA-MTE	hyp1	News	NaN	6.2198
406	407	pt	nya	challenge_SSA-MTE	hyp1	News	NaN	11.9917
407	408	pt	nya	challenge_SSA-MTE	hyp1	News	NaN	0.2730
408	409	pt	nya	challenge_SSA-MTE	hyp1	News	NaN	5.0395
409	410	pt	nya	challenge_SSA-MTE	hyp1	News	NaN	5.6189
410	411	pt	nya	challenge_SSA-MTE	hyp1	News	NaN	9.3643
411	412	pt	nya	challenge_SSA-MTE	hyp1	News	NaN	0.0000
412	413	pt	nya	challenge_SSA-MTE	hyp1	News	NaN	6.8372
413	414	pt	nya	challenge_SSA-MTE	hyp1	News	NaN	7.4956
414	415	pt	nya	challenge_SSA-MTE	hyp1	News	NaN	6.8372
415	416	pt	nya	challenge_SSA-MTE	hyp1	News	NaN	3.3772
416	417	pt	nya	challenge_SSA-MTE	hyp1	News	NaN	11.9192
417	418	pt	nya	challenge_SSA-MTE	hyp1	News	NaN	12.9823
418	419	pt	nya	challenge_SSA-MTE	hyp1	News	NaN	12.9823
419	420	pt	nya	challenge_SSA-MTE	hyp1	News	NaN	0.4045
420	421	pt	nya	challenge_SSA-MTE	hyp1	News	NaN	5.1081
421	422	pt	nya	challenge_SSA-MTE	hyp1	News	NaN	5.8330
422	423	pt	nya	challenge_SSA-MTE	hyp1	News	NaN	5.8552
423	424	pt	nya	challenge_SSA-MTE	hyp1	News	NaN	2.5540
424	425	pt	nya	challenge_SSA-MTE	hyp1	News	NaN	7.2013
425	426	pt	nya	challenge_SSA-MTE	hyp1	News	NaN	6.8571
426	427	pt	nya	challenge_SSA-MTE	hyp1	News	NaN	6.8973
427	428	pt	nya	challenge_SSA-MTE	hyp1	News	NaN	2.0573
428	429	pt	nya	challenge_SSA-MTE	hyp1	News	NaN	3.8025
429	430	pt	nya	challenge_SSA-MTE	hyp1	News	NaN	6.3036
430	431	pt	nya	challenge_SSA-MTE	hyp1	News	NaN	6.3520
431	432	pt	nya	challenge_SSA-MTE	hyp1	News	NaN	0.0000
432	433	pt	nya	challenge_SSA-MTE	hyp1	News	NaN	2.3560
433	434	pt	nya	challenge_SSA-MTE	hyp1	News	NaN	2.8298
434	435	pt	nya	challenge_SSA-MTE	hyp1	News	NaN	2.8017
435	436	pt	nya	challenge_SSA-MTE	hyp1	News	NaN	0.4320
436	437	pt	nya	challenge_SSA-MTE	hyp1	News	NaN	21.0237
437	438	pt	nya	challenge_SSA-MTE	hyp1	News	NaN	30.1304
438	439	pt	nya	challenge_SSA-MTE	hyp1	News	NaN	25.3365
439	440	pt	nya	challenge_SSA-MTE	hyp1	News	NaN	6.1503
440	441	pt	nya	challenge_SSA-MTE	hyp1	News	NaN	2.5894
441	442	pt	nya	challenge_SSA-MTE	hyp1	News	NaN	4.7291
442	443	pt	nya	challenge_SSA-MTE	hyp1	News	NaN	2.4500
443	444	pt	nya	challenge_SSA-MTE	hyp1	News	NaN	1.9598
444	445	pt	nya	challenge_SSA-MTE	hyp1	News	NaN	9.9137
445	446	pt	nya	challenge_SSA-MTE	hyp1	News	NaN	5.9518
446	447	pt	nya	challenge_SSA-MTE	hyp1	News	NaN	6.2715
447	448	pt	nya	challenge_SSA-MTE	hyp1	News	NaN	0.5522
448	449	pt	nya	challenge_SSA-MTE	hyp1	News	NaN	4.8096
449	450	pt	nya	challenge_SSA-MTE	hyp1	News	NaN	7.9697
450	451	pt	nya	challenge_SSA-MTE	hyp1	News	NaN	5.5429
451	452	pt	nya	challenge_SSA-MTE	hyp1	News	NaN	1.1967
452	453	pt	nya	challenge_SSA-MTE	hyp1	News	NaN	15.8445
453	454	pt	nya	challenge_SSA-MTE	hyp1	News	NaN	11.4520
454	455	pt	nya	challenge_SSA-MTE	hyp1	News	NaN	18.8424
455	456	pt	nya	challenge_SSA-MTE	hyp1	News	NaN	2.6441
456	457	pt	nya	challenge_SSA-MTE	hyp1	News	NaN	20.8220
457	458	pt	nya	challenge_SSA-MTE	hyp1	News	NaN	15.8213
458	459	pt	nya	challenge_SSA-MTE	hyp1	News	NaN	21.2987
459	460	pt	nya	challenge_SSA-MTE	hyp1	News	NaN	4.3476
460	461	pt	nya	challenge_SSA-MTE	hyp1	News	NaN	10.8660
461	462	pt	nya	challenge_SSA-MTE	hyp1	News	NaN	6.4441
462	463	pt	nya	challenge_SSA-MTE	hyp1	News	NaN	3.9512
463	464	pt	nya	challenge_SSA-MTE	hyp1	News	NaN	1.6571
464	465	pt	nya	challenge_SSA-MTE	hyp1	News	NaN	2.8127
465	466	pt	nya	challenge_SSA-MTE	hyp1	News	NaN	3.3449
466	467	pt	nya	challenge_SSA-MTE	hyp1	News	NaN	8.4121
467	468	pt	nya	challenge_SSA-MTE	hyp1	News	NaN	2.7355
468	469	pt	nya	challenge_SSA-MTE	hyp1	News	NaN	8.2361
469	470	pt	nya	challenge_SSA-MTE	hyp1	News	NaN	8.4560
470	471	pt	nya	challenge_SSA-MTE	hyp1	News	NaN	6.5500
471	472	pt	nya	challenge_SSA-MTE	hyp1	News	NaN	1.4231
472	473	pt	nya	challenge_SSA-MTE	hyp1	News	NaN	6.2504
473	474	pt	nya	challenge_SSA-MTE	hyp1	News	NaN	5.8166
474	475	pt	nya	challenge_SSA-MTE	hyp1	News	NaN	3.7393
475	476	pt	nya	challenge_SSA-MTE	hyp1	News	NaN	2.5540
476	477	pt	nya	challenge_SSA-MTE	hyp1	News	NaN	19.9234
477	478	pt	nya	challenge_SSA-MTE	hyp1	News	NaN	15.4643
478	479	pt	nya	challenge_SSA-MTE	hyp1	News	NaN	39.5672
479	480	pt	nya	challenge_SSA-MTE	hyp1	News	NaN	2.9083
480	481	pt	nya	challenge_SSA-MTE	hyp1	News	NaN	10.9567
481	482	pt	nya	challenge_SSA-MTE	hyp1	News	NaN	6.4352
482	483	pt	nya	challenge_SSA-MTE	hyp1	News	NaN	7.3053
483	484	pt	nya	challenge_SSA-MTE	hyp1	News	NaN	1.3787
484	485	pt	nya	challenge_SSA-MTE	hyp1	News	NaN	5.5960
485	486	pt	nya	challenge_SSA-MTE	hyp1	News	NaN	3.5425
486	487	pt	nya	challenge_SSA-MTE	hyp1	News	NaN	11.9282
487	488	pt	nya	challenge_SSA-MTE	hyp1	News	NaN	0.9570
488	489	pt	nya	challenge_SSA-MTE	hyp1	News	NaN	5.8166
489	490	pt	nya	challenge_SSA-MTE	hyp1	News	NaN	6.2504
490	491	pt	nya	challenge_SSA-MTE	hyp1	News	NaN	7.8594
491	492	pt	nya	challenge_SSA-MTE	hyp1	News	NaN	3.0098
492	493	pt	nya	challenge_SSA-MTE	hyp1	News	NaN	5.0757
493	494	pt	nya	challenge_SSA-MTE	hyp1	News	NaN	5.1332
494	495	pt	nya	challenge_SSA-MTE	hyp1	News	NaN	5.1174
495	496	pt	nya	challenge_SSA-MTE	hyp1	News	NaN	2.8265
496	497	pt	nya	challenge_SSA-MTE	hyp1	News	NaN	3.8079
497	498	pt	nya	challenge_SSA-MTE	hyp1	News	NaN	9.7893
498	499	pt	nya	challenge_SSA-MTE	hyp1	News	NaN	9.2411
499	500	pt	nya	challenge_SSA-MTE	hyp1	News	NaN	2.1486
500	501	pt	nya	challenge_SSA-MTE	hyp1	News	NaN	6.0331
501	502	pt	nya	challenge_SSA-MTE	hyp1	News	NaN	8.2712
502	503	pt	nya	challenge_SSA-MTE	hyp1	News	NaN	8.2335
503	504	pt	nya	challenge_SSA-MTE	hyp1	News	NaN	4.0197
504	505	pt	nya	challenge_SSA-MTE	hyp1	News	NaN	2.4085
505	506	pt	nya	challenge_SSA-MTE	hyp1	News	NaN	3.7965
506	507	pt	nya	challenge_SSA-MTE	hyp1	News	NaN	2.4533
507	508	pt	nya	challenge_SSA-MTE	hyp1	News	NaN	0.0000
508	509	pt	nya	challenge_SSA-MTE	hyp1	News	NaN	3.2809
509	510	pt	nya	challenge_SSA-MTE	hyp1	News	NaN	4.3506
510	511	pt	nya	challenge_SSA-MTE	hyp1	News	NaN	4.4933
511	512	pt	nya	challenge_SSA-MTE	hyp1	News	NaN	1.6217
512	513	pt	nya	challenge_SSA-MTE	hyp1	News	NaN	10.9084
513	514	pt	nya	challenge_SSA-MTE	hyp1	News	NaN	5.2913
514	515	pt	nya	challenge_SSA-MTE	hyp1	News	NaN	4.7552
515	516	pt	nya	challenge_SSA-MTE	hyp1	News	NaN	0.4397
516	517	pt	nya	challenge_SSA-MTE	hyp1	News	NaN	1.8789
517	518	pt	nya	challenge_SSA-MTE	hyp1	News	NaN	3.3783
518	519	pt	nya	challenge_SSA-MTE	hyp1	News	NaN	1.9102
519	520	pt	nya	challenge_SSA-MTE	hyp1	News	NaN	1.0729
520	521	pt	nya	challenge_SSA-MTE	hyp1	News	NaN	16.5626
521	522	pt	nya	challenge_SSA-MTE	hyp1	News	NaN	27.6593
522	523	pt	nya	challenge_SSA-MTE	hyp1	News	NaN	15.7189
523	524	pt	nya	challenge_SSA-MTE	hyp1	News	NaN	2.1721
524	525	pt	nya	challenge_SSA-MTE	hyp1	News	NaN	3.9721
525	526	pt	nya	challenge_SSA-MTE	hyp1	News	NaN	3.7963
526	527	pt	nya	challenge_SSA-MTE	hyp1	News	NaN	2.3618
527	528	pt	nya	challenge_SSA-MTE	hyp1	News	NaN	1.4595
528	529	pt	nya	challenge_SSA-MTE	hyp1	News	NaN	3.3772
529	530	pt	nya	challenge_SSA-MTE	hyp1	News	NaN	4.0654
530	531	pt	nya	challenge_SSA-MTE	hyp1	News	NaN	4.0654
531	532	pt	nya	challenge_SSA-MTE	hyp1	News	NaN	1.9146
532	533	pt	nya	challenge_SSA-MTE	hyp1	News	NaN	12.7408
533	534	pt	nya	challenge_SSA-MTE	hyp1	News	NaN	4.3875
534	535	pt	nya	challenge_SSA-MTE	hyp1	News	NaN	12.5143
535	536	pt	nya	challenge_SSA-MTE	hyp1	News	NaN	1.9012
536	537	pt	nya	challenge_SSA-MTE	hyp1	News	NaN	6.9206
537	538	pt	nya	challenge_SSA-MTE	hyp1	News	NaN	9.4516
538	539	pt	nya	challenge_SSA-MTE	hyp1	News	NaN	9.2211
539	540	pt	nya	challenge_SSA-MTE	hyp1	News	NaN	1.5918
540	541	pt	nya	challenge_SSA-MTE	hyp1	News	NaN	4.1961
541	542	pt	nya	challenge_SSA-MTE	hyp1	News	NaN	4.9900
542	543	pt	nya	challenge_SSA-MTE	hyp1	News	NaN	5.6698
543	544	pt	nya	challenge_SSA-MTE	hyp1	News	NaN	0.0000
544	545	pt	nya	challenge_SSA-MTE	hyp1	News	NaN	2.1662
545	546	pt	nya	challenge_SSA-MTE	hyp1	News	NaN	1.9812
546	547	pt	nya	challenge_SSA-MTE	hyp1	News	NaN	2.1753
547	548	pt	nya	challenge_SSA-MTE	hyp1	News	NaN	1.5475
548	549	pt	nya	challenge_SSA-MTE	hyp1	News	NaN	12.8743
549	550	pt	nya	challenge_SSA-MTE	hyp1	News	NaN	12.8743
550	551	pt	nya	challenge_SSA-MTE	hyp1	News	NaN	7.6924
551	552	pt	nya	challenge_SSA-MTE	hyp1	News	NaN	3.4586
552	553	pt	nya	challenge_SSA-MTE	hyp1	News	NaN	18.9224
553	554	pt	nya	challenge_SSA-MTE	hyp1	News	NaN	17.5322
554	555	pt	nya	challenge_SSA-MTE	hyp1	News	NaN	19.0384
555	556	pt	nya	challenge_SSA-MTE	hyp1	News	NaN	0.5040
556	557	pt	nya	challenge_SSA-MTE	hyp1	News	NaN	15.7780
557	558	pt	nya	challenge_SSA-MTE	hyp1	News	NaN	29.2615
558	559	pt	nya	challenge_SSA-MTE	hyp1	News	NaN	19.5005
559	560	pt	nya	challenge_SSA-MTE	hyp1	News	NaN	3.1204
560	561	pt	nya	challenge_SSA-MTE	hyp1	News	NaN	8.5327
561	562	pt	nya	challenge_SSA-MTE	hyp1	News	NaN	9.2875
562	563	pt	nya	challenge_SSA-MTE	hyp1	News	NaN	7.4956
563	564	pt	nya	challenge_SSA-MTE	hyp1	News	NaN	4.1961
564	565	pt	nya	challenge_SSA-MTE	hyp1	News	NaN	5.2237
565	566	pt	nya	challenge_SSA-MTE	hyp1	News	NaN	4.3002
566	567	pt	nya	challenge_SSA-MTE	hyp1	News	NaN	5.2371
567	568	pt	nya	challenge_SSA-MTE	hyp1	News	NaN	2.3146
568	569	pt	nya	challenge_SSA-MTE	hyp1	News	NaN	4.1816
569	570	pt	nya	challenge_SSA-MTE	hyp1	News	NaN	2.0453
570	571	pt	nya	challenge_SSA-MTE	hyp1	News	NaN	6.5500
571	572	pt	nya	challenge_SSA-MTE	hyp1	News	NaN	0.9334
572	573	pt	nya	challenge_SSA-MTE	hyp1	News	NaN	28.7879
573	574	pt	nya	challenge_SSA-MTE	hyp1	News	NaN	16.5609
574	575	pt	nya	challenge_SSA-MTE	hyp1	News	NaN	31.5355
575	576	pt	nya	challenge_SSA-MTE	hyp1	News	NaN	9.8472
576	577	pt	nya	challenge_SSA-MTE	hyp1	News	NaN	6.1037
577	578	pt	nya	challenge_SSA-MTE	hyp1	News	NaN	4.0482
578	579	pt	nya	challenge_SSA-MTE	hyp1	News	NaN	4.1563
579	580	pt	nya	challenge_SSA-MTE	hyp1	News	NaN	0.0482
580	581	pt	nya	challenge_SSA-MTE	hyp1	News	NaN	14.3245
581	582	pt	nya	challenge_SSA-MTE	hyp1	News	NaN	14.1140
582	583	pt	nya	challenge_SSA-MTE	hyp1	News	NaN	4.0341
583	584	pt	nya	challenge_SSA-MTE	hyp1	News	NaN	0.0000
584	585	pt	nya	challenge_SSA-MTE	hyp1	News	NaN	13.6294
585	586	pt	nya	challenge_SSA-MTE	hyp1	News	NaN	13.9397
586	587	pt	nya	challenge_SSA-MTE	hyp1	News	NaN	14.2650
587	588	pt	nya	challenge_SSA-MTE	hyp1	News	NaN	2.1730
588	589	pt	nya	challenge_SSA-MTE	hyp1	News	NaN	21.5864
589	590	pt	nya	challenge_SSA-MTE	hyp1	News	NaN	21.5864
590	591	pt	nya	challenge_SSA-MTE	hyp1	News	NaN	21.5864
591	592	pt	nya	challenge_SSA-MTE	hyp1	News	NaN	0.0000
592	593	pt	nya	challenge_SSA-MTE	hyp1	News	NaN	7.5242
593	594	pt	nya	challenge_SSA-MTE	hyp1	News	NaN	16.3436
594	595	pt	nya	challenge_SSA-MTE	hyp1	News	NaN	11.7395
595	596	pt	nya	challenge_SSA-MTE	hyp1	News	NaN	1.2514
596	597	pt	nya	challenge_SSA-MTE	hyp1	News	NaN	25.3365
597	598	pt	nya	challenge_SSA-MTE	hyp1	News	NaN	16.1886
598	599	pt	nya	challenge_SSA-MTE	hyp1	News	NaN	13.2591
599	600	pt	nya	challenge_SSA-MTE	hyp1	News	NaN	0.5040
600	601	pt	nya	challenge_SSA-MTE	hyp1	News	NaN	15.0077
601	602	pt	nya	challenge_SSA-MTE	hyp1	News	NaN	14.6544
602	603	pt	nya	challenge_SSA-MTE	hyp1	News	NaN	10.8226
603	604	pt	nya	challenge_SSA-MTE	hyp1	News	NaN	2.2790
604	605	pt	nya	challenge_SSA-MTE	hyp1	News	NaN	9.9801
605	606	pt	nya	challenge_SSA-MTE	hyp1	News	NaN	29.5580
606	607	pt	nya	challenge_SSA-MTE	hyp1	News	NaN	8.9138
607	608	pt	nya	challenge_SSA-MTE	hyp1	News	NaN	9.2875
608	609	pt	nya	challenge_SSA-MTE	hyp1	News	NaN	5.0912
609	610	pt	nya	challenge_SSA-MTE	hyp1	News	NaN	5.2375
610	611	pt	nya	challenge_SSA-MTE	hyp1	News	NaN	8.2161
611	612	pt	nya	challenge_SSA-MTE	hyp1	News	NaN	0.0000
612	613	pt	nya	challenge_SSA-MTE	hyp1	News	NaN	2.0875
613	614	pt	nya	challenge_SSA-MTE	hyp1	News	NaN	3.6806
614	615	pt	nya	challenge_SSA-MTE	hyp1	News	NaN	1.9730
615	616	pt	nya	challenge_SSA-MTE	hyp1	News	NaN	1.3749
616	617	pt	nya	challenge_SSA-MTE	hyp1	News	NaN	17.1536
617	618	pt	nya	challenge_SSA-MTE	hyp1	News	NaN	17.9729
618	619	pt	nya	challenge_SSA-MTE	hyp1	News	NaN	17.7545
619	620	pt	nya	challenge_SSA-MTE	hyp1	News	NaN	0.9844
620	621	pt	nya	challenge_SSA-MTE	hyp1	News	NaN	17.7884
621	622	pt	nya	challenge_SSA-MTE	hyp1	News	NaN	12.7949
622	623	pt	nya	challenge_SSA-MTE	hyp1	News	NaN	22.0948
623	624	pt	nya	challenge_SSA-MTE	hyp1	News	NaN	0.5747
624	625	pt	nya	challenge_SSA-MTE	hyp1	News	NaN	8.2335
625	626	pt	nya	challenge_SSA-MTE	hyp1	News	NaN	17.6365
626	627	pt	nya	challenge_SSA-MTE	hyp1	News	NaN	10.9349
627	628	pt	nya	challenge_SSA-MTE	hyp1	News	NaN	2.6643
628	629	pt	nya	challenge_SSA-MTE	hyp1	News	NaN	16.9912
629	630	pt	nya	challenge_SSA-MTE	hyp1	News	NaN	16.4812
630	631	pt	nya	challenge_SSA-MTE	hyp1	News	NaN	17.4720
631	632	pt	nya	challenge_SSA-MTE	hyp1	News	NaN	2.4525
632	633	pt	nya	challenge_SSA-MTE	hyp1	News	NaN	3.4586
633	634	pt	nya	challenge_SSA-MTE	hyp1	News	NaN	3.7052
634	635	pt	nya	challenge_SSA-MTE	hyp1	News	NaN	4.0654
635	636	pt	nya	challenge_SSA-MTE	hyp1	News	NaN	1.6467
636	637	pt	nya	challenge_SSA-MTE	hyp1	News	NaN	20.2719
637	638	pt	nya	challenge_SSA-MTE	hyp1	News	NaN	7.4319
638	639	pt	nya	challenge_SSA-MTE	hyp1	News	NaN	15.1332
639	640	pt	nya	challenge_SSA-MTE	hyp1	News	NaN	4.3232
640	641	pt	nya	challenge_SSA-MTE	hyp1	News	NaN	3.2200
641	642	pt	nya	challenge_SSA-MTE	hyp1	News	NaN	3.0543
642	643	pt	nya	challenge_SSA-MTE	hyp1	News	NaN	2.9540
643	644	pt	nya	challenge_SSA-MTE	hyp1	News	NaN	2.5666
644	645	pt	nya	challenge_SSA-MTE	hyp1	News	NaN	3.5844
645	646	pt	nya	challenge_SSA-MTE	hyp1	News	NaN	7.6731
646	647	pt	nya	challenge_SSA-MTE	hyp1	News	NaN	1.4595
647	648	pt	nya	challenge_SSA-MTE	hyp1	News	NaN	6.0363
648	649	pt	nya	challenge_SSA-MTE	hyp1	News	NaN	7.9559
649	650	pt	nya	challenge_SSA-MTE	hyp1	News	NaN	10.9349
650	651	pt	nya	challenge_SSA-MTE	hyp1	News	NaN	5.7514
651	652	pt	nya	challenge_SSA-MTE	hyp1	News	NaN	2.7197
652	653	pt	nya	challenge_SSA-MTE	hyp1	News	NaN	3.9297
653	654	pt	nya	challenge_SSA-MTE	hyp1	News	NaN	6.0196
654	655	pt	nya	challenge_SSA-MTE	hyp1	News	NaN	4.4446
655	656	pt	nya	challenge_SSA-MTE	hyp1	News	NaN	0.0000
656	657	pt	nya	challenge_SSA-MTE	hyp1	News	NaN	23.3945
657	658	pt	nya	challenge_SSA-MTE	hyp1	News	NaN	5.4515
658	659	pt	nya	challenge_SSA-MTE	hyp1	News	NaN	0.0000
659	660	pt	nya	challenge_SSA-MTE	hyp1	News	NaN	2.9887
660	661	pt	nya	challenge_SSA-MTE	hyp1	News	NaN	6.8336
661	662	pt	nya	challenge_SSA-MTE	hyp1	News	NaN	5.2981
662	663	pt	nya	challenge_SSA-MTE	hyp1	News	NaN	14.0859
663	664	pt	nya	challenge_SSA-MTE	hyp1	News	NaN	4.1411
664	665	pt	nya	challenge_SSA-MTE	hyp1	News	NaN	5.8259
665	666	pt	nya	challenge_SSA-MTE	hyp1	News	NaN	12.8899
666	667	pt	nya	challenge_SSA-MTE	hyp1	News	NaN	13.6793
667	668	pt	nya	challenge_SSA-MTE	hyp1	News	NaN	0.0000
668	669	pt	nya	challenge_SSA-MTE	hyp1	News	NaN	4.0506
669	670	pt	nya	challenge_SSA-MTE	hyp1	News	NaN	5.1215
670	671	pt	nya	challenge_SSA-MTE	hyp1	News	NaN	6.0354
671	672	pt	nya	challenge_SSA-MTE	hyp1	News	NaN	2.2006
672	673	pt	nya	challenge_SSA-MTE	hyp1	News	NaN	7.3729
673	674	pt	nya	challenge_SSA-MTE	hyp1	News	NaN	7.0414
674	675	pt	nya	challenge_SSA-MTE	hyp1	News	NaN	9.7145
675	676	pt	nya	challenge_SSA-MTE	hyp1	News	NaN	0.0744
676	677	pt	nya	challenge_SSA-MTE	hyp1	News	NaN	14.8687
677	678	pt	nya	challenge_SSA-MTE	hyp1	News	NaN	12.5031
678	679	pt	nya	challenge_SSA-MTE	hyp1	News	NaN	21.1615
679	680	pt	nya	challenge_SSA-MTE	hyp1	News	NaN	2.7209
680	681	pt	nya	challenge_SSA-MTE	hyp1	News	NaN	7.9391
681	682	pt	nya	challenge_SSA-MTE	hyp1	News	NaN	5.0043
682	683	pt	nya	challenge_SSA-MTE	hyp1	News	NaN	9.0316
683	684	pt	nya	challenge_SSA-MTE	hyp1	News	NaN	1.4654
684	685	pt	nya	challenge_SSA-MTE	hyp1	News	NaN	14.8498
685	686	pt	nya	challenge_SSA-MTE	hyp1	News	NaN	10.0250
686	687	pt	nya	challenge_SSA-MTE	hyp1	News	NaN	11.1019
687	688	pt	nya	challenge_SSA-MTE	hyp1	News	NaN	0.8663
688	689	pt	nya	challenge_SSA-MTE	hyp1	News	NaN	21.5564
689	690	pt	nya	challenge_SSA-MTE	hyp1	News	NaN	17.3391
690	691	pt	nya	challenge_SSA-MTE	hyp1	News	NaN	15.2267
691	692	pt	nya	challenge_SSA-MTE	hyp1	News	NaN	3.9708
692	693	pt	nya	challenge_SSA-MTE	hyp1	News	NaN	17.3666
693	694	pt	nya	challenge_SSA-MTE	hyp1	News	NaN	5.3229
694	695	pt	nya	challenge_SSA-MTE	hyp1	News	NaN	8.8218
695	696	pt	nya	challenge_SSA-MTE	hyp1	News	NaN	0.9745
696	697	pt	nya	challenge_SSA-MTE	hyp1	News	NaN	3.1707
697	698	pt	nya	challenge_SSA-MTE	hyp1	News	NaN	7.3350
698	699	pt	nya	challenge_SSA-MTE	hyp1	News	NaN	3.6529
699	700	pt	nya	challenge_SSA-MTE	hyp1	News	NaN	0.0000
700	701	pt	nya	challenge_SSA-MTE	hyp1	News	NaN	5.8166
701	702	pt	nya	challenge_SSA-MTE	hyp1	News	NaN	3.0098
702	703	pt	nya	challenge_SSA-MTE	hyp1	News	NaN	3.2355
703	704	pt	nya	challenge_SSA-MTE	hyp1	News	NaN	2.8265
704	705	pt	nya	challenge_SSA-MTE	hyp1	News	NaN	8.6925
705	706	pt	nya	challenge_SSA-MTE	hyp1	News	NaN	4.6940
706	707	pt	nya	challenge_SSA-MTE	hyp1	News	NaN	6.6383
707	708	pt	nya	challenge_SSA-MTE	hyp1	News	NaN	5.0585
708	709	pt	nya	challenge_SSA-MTE	hyp1	News	NaN	7.4739
709	710	pt	nya	challenge_SSA-MTE	hyp1	News	NaN	13.0103
710	711	pt	nya	challenge_SSA-MTE	hyp1	News	NaN	3.4275
711	712	pt	nya	challenge_SSA-MTE	hyp1	News	NaN	2.8265
712	713	pt	nya	challenge_SSA-MTE	hyp1	News	NaN	3.9637
713	714	pt	nya	challenge_SSA-MTE	hyp1	News	NaN	6.9150
714	715	pt	nya	challenge_SSA-MTE	hyp1	News	NaN	4.4181
715	716	pt	nya	challenge_SSA-MTE	hyp1	News	NaN	0.5832
716	717	pt	nya	challenge_SSA-MTE	hyp1	News	NaN	6.6141
717	718	pt	nya	challenge_SSA-MTE	hyp1	News	NaN	2.8673
718	719	pt	nya	challenge_SSA-MTE	hyp1	News	NaN	2.6757
719	720	pt	nya	challenge_SSA-MTE	hyp1	News	NaN	2.3155
720	721	pt	nya	challenge_SSA-MTE	hyp1	News	NaN	17.4723
721	722	pt	nya	challenge_SSA-MTE	hyp1	News	NaN	17.7990
722	723	pt	nya	challenge_SSA-MTE	hyp1	News	NaN	16.7576
723	724	pt	nya	challenge_SSA-MTE	hyp1	News	NaN	0.0000
724	725	pt	nya	challenge_SSA-MTE	hyp1	News	NaN	15.2486
725	726	pt	nya	challenge_SSA-MTE	hyp1	News	NaN	11.6292
726	727	pt	nya	challenge_SSA-MTE	hyp1	News	NaN	14.1926
727	728	pt	nya	challenge_SSA-MTE	hyp1	News	NaN	1.1726
728	729	pt	nya	challenge_SSA-MTE	hyp1	News	NaN	23.2279
729	730	pt	nya	challenge_SSA-MTE	hyp1	News	NaN	10.8589
730	731	pt	nya	challenge_SSA-MTE	hyp1	News	NaN	11.2030
731	732	pt	nya	challenge_SSA-MTE	hyp1	News	NaN	1.6404
732	733	pt	nya	challenge_SSA-MTE	hyp1	News	NaN	10.2345
733	734	pt	nya	challenge_SSA-MTE	hyp1	News	NaN	10.2345
734	735	pt	nya	challenge_SSA-MTE	hyp1	News	NaN	3.0891
735	736	pt	nya	challenge_SSA-MTE	hyp1	News	NaN	21.8497
736	737	pt	nya	challenge_SSA-MTE	hyp1	News	NaN	23.7133
737	738	pt	nya	challenge_SSA-MTE	hyp1	News	NaN	21.5559
738	739	pt	nya	challenge_SSA-MTE	hyp1	News	NaN	1.8301
739	740	pt	nya	challenge_SSA-MTE	hyp1	News	NaN	6.3036
740	741	pt	nya	challenge_SSA-MTE	hyp1	News	NaN	7.5275
741	742	pt	nya	challenge_SSA-MTE	hyp1	News	NaN	5.3153
742	743	pt	nya	challenge_SSA-MTE	hyp1	News	NaN	1.5491
743	744	pt	nya	challenge_SSA-MTE	hyp1	News	NaN	3.2526
744	745	pt	nya	challenge_SSA-MTE	hyp1	News	NaN	3.0166
745	746	pt	nya	challenge_SSA-MTE	hyp1	News	NaN	3.5996
746	747	pt	nya	challenge_SSA-MTE	hyp1	News	NaN	3.0269
747	748	pt	nya	challenge_SSA-MTE	hyp1	News	NaN	4.4542
748	749	pt	nya	challenge_SSA-MTE	hyp1	News	NaN	3.6226
749	750	pt	nya	challenge_SSA-MTE	hyp1	News	NaN	6.3211
750	751	pt	nya	challenge_SSA-MTE	hyp1	News	NaN	0.2309
751	752	pt	nya	challenge_SSA-MTE	hyp1	News	NaN	1.6785
752	753	pt	nya	challenge_SSA-MTE	hyp1	News	NaN	1.8888
753	754	pt	nya	challenge_SSA-MTE	hyp1	News	NaN	3.2715
754	755	pt	nya	challenge_SSA-MTE	hyp1	News	NaN	1.0729
755	756	pt	nya	challenge_SSA-MTE	hyp1	News	NaN	3.7165
756	757	pt	nya	challenge_SSA-MTE	hyp1	News	NaN	6.1503
757	758	pt	nya	challenge_SSA-MTE	hyp1	News	NaN	6.0196
758	759	pt	nya	challenge_SSA-MTE	hyp1	News	NaN	0.0000
759	760	pt	nya	challenge_SSA-MTE	hyp1	News	NaN	17.8334
760	761	pt	nya	challenge_SSA-MTE	hyp1	News	NaN	17.0388
761	762	pt	nya	challenge_SSA-MTE	hyp1	News	NaN	16.3023
762	763	pt	nya	challenge_SSA-MTE	hyp1	News	NaN	0.7810
763	764	pt	nya	challenge_SSA-MTE	hyp1	News	NaN	5.6448
764	765	pt	nya	challenge_SSA-MTE	hyp1	News	NaN	2.5246
765	766	pt	nya	challenge_SSA-MTE	hyp1	News	NaN	5.1633
766	767	pt	nya	challenge_SSA-MTE	hyp1	News	NaN	0.0000
767	768	pt	nya	challenge_SSA-MTE	hyp1	News	NaN	2.4448
768	769	pt	nya	challenge_SSA-MTE	hyp1	News	NaN	2.5716
769	770	pt	nya	challenge_SSA-MTE	hyp1	News	NaN	2.4489
770	771	pt	nya	challenge_SSA-MTE	hyp1	News	NaN	2.4489
771	772	pt	nya	challenge_SSA-MTE	hyp1	News	NaN	6.6516
772	773	pt	nya	challenge_SSA-MTE	hyp1	News	NaN	8.4639
773	774	pt	nya	challenge_SSA-MTE	hyp1	News	NaN	7.3873
774	775	pt	nya	challenge_SSA-MTE	hyp1	News	NaN	0.8489
775	776	pt	nya	challenge_SSA-MTE	hyp1	News	NaN	12.5008
776	777	pt	nya	challenge_SSA-MTE	hyp1	News	NaN	14.9090
777	778	pt	nya	challenge_SSA-MTE	hyp1	News	NaN	28.8268
778	779	pt	nya	challenge_SSA-MTE	hyp1	News	NaN	0.9596
779	780	pt	nya	challenge_SSA-MTE	hyp1	News	NaN	11.7164
780	781	pt	nya	challenge_SSA-MTE	hyp1	News	NaN	9.0237
781	782	pt	nya	challenge_SSA-MTE	hyp1	News	NaN	6.4604
782	783	pt	nya	challenge_SSA-MTE	hyp1	News	NaN	0.0333
783	784	pt	nya	challenge_SSA-MTE	hyp1	News	NaN	11.1543
784	785	pt	nya	challenge_SSA-MTE	hyp1	News	NaN	35.4242
785	786	pt	nya	challenge_SSA-MTE	hyp1	News	NaN	15.2803
786	787	pt	nya	challenge_SSA-MTE	hyp1	News	NaN	6.2195
787	788	pt	nya	challenge_SSA-MTE	hyp1	News	NaN	4.3437
788	789	pt	nya	challenge_SSA-MTE	hyp1	News	NaN	8.8084
789	790	pt	nya	challenge_SSA-MTE	hyp1	News	NaN	5.6530
790	791	pt	nya	challenge_SSA-MTE	hyp1	News	NaN	3.0273
791	792	pt	nya	challenge_SSA-MTE	hyp1	News	NaN	8.3839
792	793	pt	nya	challenge_SSA-MTE	hyp1	News	NaN	4.5463
793	794	pt	nya	challenge_SSA-MTE	hyp1	News	NaN	4.7249
794	795	pt	nya	challenge_SSA-MTE	hyp1	News	NaN	2.1669
795	796	pt	nya	challenge_SSA-MTE	hyp1	News	NaN	22.0762
796	797	pt	nya	challenge_SSA-MTE	hyp1	News	NaN	22.4813
797	798	pt	nya	challenge_SSA-MTE	hyp1	News	NaN	11.8211
798	799	pt	nya	challenge_SSA-MTE	hyp1	News	NaN	0.5903
799	800	pt	nya	challenge_SSA-MTE	hyp1	News	NaN	5.5948
800	801	pt	nya	challenge_SSA-MTE	hyp1	News	NaN	8.4313
801	802	pt	nya	challenge_SSA-MTE	hyp1	News	NaN	8.4313
802	803	pt	nya	challenge_SSA-MTE	hyp1	News	NaN	2.0540
803	804	pt	nya	challenge_SSA-MTE	hyp1	News	NaN	22.8984
804	805	pt	nya	challenge_SSA-MTE	hyp1	News	NaN	25.4383
805	806	pt	nya	challenge_SSA-MTE	hyp1	News	NaN	43.6163
806	807	pt	nya	challenge_SSA-MTE	hyp1	News	NaN	1.5907
807	808	pt	nya	challenge_SSA-MTE	hyp1	News	NaN	6.1781
808	809	pt	nya	challenge_SSA-MTE	hyp1	News	NaN	4.2663
809	810	pt	nya	challenge_SSA-MTE	hyp1	News	NaN	4.9324
810	811	pt	nya	challenge_SSA-MTE	hyp1	News	NaN	0.0000
811	812	pt	nya	challenge_SSA-MTE	hyp1	News	NaN	7.8615
812	813	pt	nya	challenge_SSA-MTE	hyp1	News	NaN	4.6321
813	814	pt	nya	challenge_SSA-MTE	hyp1	News	NaN	6.7053
814	815	pt	nya	challenge_SSA-MTE	hyp1	News	NaN	1.7118
815	816	pt	nya	challenge_SSA-MTE	hyp1	News	NaN	5.6775
816	817	pt	nya	challenge_SSA-MTE	hyp1	News	NaN	5.3990
817	818	pt	nya	challenge_SSA-MTE	hyp1	News	NaN	25.2711
818	819	pt	nya	challenge_SSA-MTE	hyp1	News	NaN	4.5400
819	820	pt	nya	challenge_SSA-MTE	hyp1	News	NaN	18.4938
820	821	pt	nya	challenge_SSA-MTE	hyp1	News	NaN	4.4645
821	822	pt	nya	challenge_SSA-MTE	hyp1	News	NaN	17.6276
822	823	pt	nya	challenge_SSA-MTE	hyp1	News	NaN	0.6952
823	824	pt	nya	challenge_SSA-MTE	hyp1	News	NaN	3.4042
824	825	pt	nya	challenge_SSA-MTE	hyp1	News	NaN	3.5995
825	826	pt	nya	challenge_SSA-MTE	hyp1	News	NaN	7.3680
826	827	pt	nya	challenge_SSA-MTE	hyp1	News	NaN	1.6018
827	828	pt	nya	challenge_SSA-MTE	hyp1	News	NaN	18.1896
828	829	pt	nya	challenge_SSA-MTE	hyp1	News	NaN	2.3433
829	830	pt	nya	challenge_SSA-MTE	hyp1	News	NaN	4.7493
830	831	pt	nya	challenge_SSA-MTE	hyp1	News	NaN	1.1748
831	832	pt	nya	challenge_SSA-MTE	hyp1	News	NaN	8.9394
832	833	pt	nya	challenge_SSA-MTE	hyp1	News	NaN	12.3262
833	834	pt	nya	challenge_SSA-MTE	hyp1	News	NaN	9.8562
834	835	pt	nya	challenge_SSA-MTE	hyp1	News	NaN	1.0803
835	836	pt	nya	challenge_SSA-MTE	hyp1	News	NaN	10.7903
836	837	pt	nya	challenge_SSA-MTE	hyp1	News	NaN	10.9269
837	838	pt	nya	challenge_SSA-MTE	hyp1	News	NaN	21.0035
838	839	pt	nya	challenge_SSA-MTE	hyp1	News	NaN	0.0000
839	840	pt	nya	challenge_SSA-MTE	hyp1	News	NaN	10.6157
840	841	pt	nya	challenge_SSA-MTE	hyp1	News	NaN	11.9116
841	842	pt	nya	challenge_SSA-MTE	hyp1	News	NaN	17.5824
842	843	pt	nya	challenge_SSA-MTE	hyp1	News	NaN	1.3047
843	844	pt	nya	challenge_SSA-MTE	hyp1	News	NaN	14.2912
844	845	pt	nya	challenge_SSA-MTE	hyp1	News	NaN	8.2082
845	846	pt	nya	challenge_SSA-MTE	hyp1	News	NaN	16.3369
846	847	pt	nya	challenge_SSA-MTE	hyp1	News	NaN	1.2723
847	848	pt	nya	challenge_SSA-MTE	hyp1	News	NaN	10.1290
848	849	pt	nya	challenge_SSA-MTE	hyp1	News	NaN	11.3200
849	850	pt	nya	challenge_SSA-MTE	hyp1	News	NaN	11.3200
850	851	pt	nya	challenge_SSA-MTE	hyp1	News	NaN	1.8155
851	852	pt	nya	challenge_SSA-MTE	hyp1	News	NaN	11.6995
852	853	pt	nya	challenge_SSA-MTE	hyp1	News	NaN	7.8917
853	854	pt	nya	challenge_SSA-MTE	hyp1	News	NaN	12.2297
854	855	pt	nya	challenge_SSA-MTE	hyp1	News	NaN	0.4229
855	856	pt	nya	challenge_SSA-MTE	hyp1	News	NaN	6.9105
856	857	pt	nya	challenge_SSA-MTE	hyp1	News	NaN	4.7493
857	858	pt	nya	challenge_SSA-MTE	hyp1	News	NaN	4.3515
858	859	pt	nya	challenge_SSA-MTE	hyp1	News	NaN	0.9503
859	860	pt	nya	challenge_SSA-MTE	hyp1	News	NaN	3.8482
860	861	pt	nya	challenge_SSA-MTE	hyp1	News	NaN	2.4127
861	862	pt	nya	challenge_SSA-MTE	hyp1	News	NaN	5.1866
862	863	pt	nya	challenge_SSA-MTE	hyp1	News	NaN	0.0000
863	864	pt	nya	challenge_SSA-MTE	hyp1	News	NaN	2.2458
864	865	pt	nya	challenge_SSA-MTE	hyp1	News	NaN	2.2781
865	866	pt	nya	challenge_SSA-MTE	hyp1	News	NaN	2.3509
866	867	pt	nya	challenge_SSA-MTE	hyp1	News	NaN	1.8952
867	868	pt	nya	challenge_SSA-MTE	hyp1	News	NaN	7.8494
868	869	pt	nya	challenge_SSA-MTE	hyp1	News	NaN	7.8494
869	870	pt	nya	challenge_SSA-MTE	hyp1	News	NaN	4.1247
870	871	pt	nya	challenge_SSA-MTE	hyp1	News	NaN	5.5867
871	872	pt	nya	challenge_SSA-MTE	hyp1	News	NaN	3.0593
872	873	pt	nya	challenge_SSA-MTE	hyp1	News	NaN	3.3478
873	874	pt	nya	challenge_SSA-MTE	hyp1	News	NaN	0.6972
874	875	pt	nya	challenge_SSA-MTE	hyp1	News	NaN	7.6377
875	876	pt	nya	challenge_SSA-MTE	hyp1	News	NaN	7.0150
876	877	pt	nya	challenge_SSA-MTE	hyp1	News	NaN	5.6246
877	878	pt	nya	challenge_SSA-MTE	hyp1	News	NaN	0.8661
878	879	pt	nya	challenge_SSA-MTE	hyp1	News	NaN	17.2422
879	880	pt	nya	challenge_SSA-MTE	hyp1	News	NaN	11.6333
880	881	pt	nya	challenge_SSA-MTE	hyp1	News	NaN	4.7892
881	882	pt	nya	challenge_SSA-MTE	hyp1	News	NaN	0.0000
882	883	pt	nya	challenge_SSA-MTE	hyp1	News	NaN	26.1149
883	884	pt	nya	challenge_SSA-MTE	hyp1	News	NaN	9.8802
884	885	pt	nya	challenge_SSA-MTE	hyp1	News	NaN	10.9802
885	886	pt	nya	challenge_SSA-MTE	hyp1	News	NaN	0.5793
886	887	pt	nya	challenge_SSA-MTE	hyp1	News	NaN	4.3343
887	888	pt	nya	challenge_SSA-MTE	hyp1	News	NaN	4.5080
888	889	pt	nya	challenge_SSA-MTE	hyp1	News	NaN	11.7129
889	890	pt	nya	challenge_SSA-MTE	hyp1	News	NaN	2.1721
890	891	pt	nya	challenge_SSA-MTE	hyp1	News	NaN	6.7253
891	892	pt	nya	challenge_SSA-MTE	hyp1	News	NaN	7.4398
892	893	pt	nya	challenge_SSA-MTE	hyp1	News	NaN	8.2260
893	894	pt	nya	challenge_SSA-MTE	hyp1	News	NaN	4.8531
894	895	pt	nya	challenge_SSA-MTE	hyp1	News	NaN	16.2864
895	896	pt	nya	challenge_SSA-MTE	hyp1	News	NaN	3.9393
896	897	pt	nya	challenge_SSA-MTE	hyp1	News	NaN	16.1100
897	898	pt	nya	challenge_SSA-MTE	hyp1	News	NaN	1.7676
898	899	pt	nya	challenge_SSA-MTE	hyp1	News	NaN	2.7719
899	900	pt	nya	challenge_SSA-MTE	hyp1	News	NaN	2.6925
900	901	pt	nya	challenge_SSA-MTE	hyp1	News	NaN	2.7308
901	902	pt	nya	challenge_SSA-MTE	hyp1	News	NaN	0.4140
902	903	pt	nya	challenge_SSA-MTE	hyp1	News	NaN	7.0895
903	904	pt	nya	challenge_SSA-MTE	hyp1	News	NaN	6.8613
904	905	pt	nya	challenge_SSA-MTE	hyp1	News	NaN	7.6122
905	906	pt	nya	challenge_SSA-MTE	hyp1	News	NaN	1.9968
906	907	pt	nya	challenge_SSA-MTE	hyp1	News	NaN	6.8804
907	908	pt	nya	challenge_SSA-MTE	hyp1	News	NaN	9.2968
908	909	pt	nya	challenge_SSA-MTE	hyp1	News	NaN	9.3451
909	910	pt	nya	challenge_SSA-MTE	hyp1	News	NaN	2.7870
910	911	pt	nya	challenge_SSA-MTE	hyp1	News	NaN	4.7769
911	912	pt	nya	challenge_SSA-MTE	hyp1	News	NaN	2.5006
912	913	pt	nya	challenge_SSA-MTE	hyp1	News	NaN	2.5666
913	914	pt	nya	challenge_SSA-MTE	hyp1	News	NaN	1.6504
914	915	pt	nya	challenge_SSA-MTE	hyp1	News	NaN	20.3334
915	916	pt	nya	challenge_SSA-MTE	hyp1	News	NaN	18.2574
916	917	pt	nya	challenge_SSA-MTE	hyp1	News	NaN	19.0041
917	918	pt	nya	challenge_SSA-MTE	hyp1	News	NaN	3.7674
918	919	pt	nya	challenge_SSA-MTE	hyp1	News	NaN	9.0916
919	920	pt	nya	challenge_SSA-MTE	hyp1	News	NaN	6.6961
920	921	pt	nya	challenge_SSA-MTE	hyp1	News	NaN	6.6151
921	922	pt	nya	challenge_SSA-MTE	hyp1	News	NaN	0.8093
922	923	pt	nya	challenge_SSA-MTE	hyp1	News	NaN	23.1042
923	924	pt	nya	challenge_SSA-MTE	hyp1	News	NaN	20.7444
924	925	pt	nya	challenge_SSA-MTE	hyp1	News	NaN	25.2997
925	926	pt	nya	challenge_SSA-MTE	hyp1	News	NaN	3.5513
926	927	pt	nya	challenge_SSA-MTE	hyp1	News	NaN	10.3230
927	928	pt	nya	challenge_SSA-MTE	hyp1	News	NaN	14.0459
928	929	pt	nya	challenge_SSA-MTE	hyp1	News	NaN	18.5595
929	930	pt	nya	challenge_SSA-MTE	hyp1	News	NaN	0.0000
930	931	pt	nya	challenge_SSA-MTE	hyp1	News	NaN	23.6931
931	932	pt	nya	challenge_SSA-MTE	hyp1	News	NaN	17.9156
932	933	pt	nya	challenge_SSA-MTE	hyp1	News	NaN	8.8046
933	934	pt	nya	challenge_SSA-MTE	hyp1	News	NaN	3.2186
934	935	pt	nya	challenge_SSA-MTE	hyp1	News	NaN	11.8607
935	936	pt	nya	challenge_SSA-MTE	hyp1	News	NaN	13.7517
936	937	pt	nya	challenge_SSA-MTE	hyp1	News	NaN	11.8293
937	938	pt	nya	challenge_SSA-MTE	hyp1	News	NaN	1.0233
938	939	pt	nya	challenge_SSA-MTE	hyp1	News	NaN	32.3364
939	940	pt	nya	challenge_SSA-MTE	hyp1	News	NaN	37.2258
940	941	pt	nya	challenge_SSA-MTE	hyp1	News	NaN	36.1688
941	942	pt	nya	challenge_SSA-MTE	hyp1	News	NaN	13.5858
942	943	pt	nya	challenge_SSA-MTE	hyp1	News	NaN	12.9614
943	944	pt	nya	challenge_SSA-MTE	hyp1	News	NaN	11.9370
944	945	pt	nya	challenge_SSA-MTE	hyp1	News	NaN	15.9513
945	946	pt	nya	challenge_SSA-MTE	hyp1	News	NaN	0.7940
946	947	pt	nya	challenge_SSA-MTE	hyp1	News	NaN	11.2038
947	948	pt	nya	challenge_SSA-MTE	hyp1	News	NaN	5.9283
948	949	pt	nya	challenge_SSA-MTE	hyp1	News	NaN	18.0100
949	950	pt	nya	challenge_SSA-MTE	hyp1	News	NaN	4.7536
950	951	pt	nya	challenge_SSA-MTE	hyp1	News	NaN	12.4096
951	952	pt	nya	challenge_SSA-MTE	hyp1	News	NaN	7.2398
952	953	pt	nya	challenge_SSA-MTE	hyp1	News	NaN	9.7730
953	954	pt	nya	challenge_SSA-MTE	hyp1	News	NaN	1.9522
954	955	pt	nya	challenge_SSA-MTE	hyp1	News	NaN	11.8228
955	956	pt	nya	challenge_SSA-MTE	hyp1	News	NaN	8.6769
956	957	pt	nya	challenge_SSA-MTE	hyp1	News	NaN	10.8165
957	958	pt	nya	challenge_SSA-MTE	hyp1	News	NaN	0.3637
958	959	pt	nya	challenge_SSA-MTE	hyp1	News	NaN	14.5269
959	960	pt	nya	challenge_SSA-MTE	hyp1	News	NaN	14.5952
960	961	pt	nya	challenge_SSA-MTE	hyp1	News	NaN	23.3976
961	962	pt	nya	challenge_SSA-MTE	hyp1	News	NaN	2.8603
962	963	pt	nya	challenge_SSA-MTE	hyp1	News	NaN	14.5749
963	964	pt	nya	challenge_SSA-MTE	hyp1	News	NaN	14.9734
964	965	pt	nya	challenge_SSA-MTE	hyp1	News	NaN	6.1999
965	966	pt	nya	challenge_SSA-MTE	hyp1	News	NaN	1.8123
966	967	pt	nya	challenge_SSA-MTE	hyp1	News	NaN	8.0831
967	968	pt	nya	challenge_SSA-MTE	hyp1	News	NaN	11.2244
968	969	pt	nya	challenge_SSA-MTE	hyp1	News	NaN	11.4560
969	970	pt	nya	challenge_SSA-MTE	hyp1	News	NaN	0.2092
970	971	pt	nya	challenge_SSA-MTE	hyp1	News	NaN	9.8863
971	972	pt	nya	challenge_SSA-MTE	hyp1	News	NaN	10.9880
972	973	pt	nya	challenge_SSA-MTE	hyp1	News	NaN	8.9875
973	974	pt	nya	challenge_SSA-MTE	hyp1	News	NaN	0.1427
974	975	pt	nya	challenge_SSA-MTE	hyp1	News	NaN	4.1759
975	976	pt	nya	challenge_SSA-MTE	hyp1	News	NaN	10.3032
976	977	pt	nya	challenge_SSA-MTE	hyp1	News	NaN	1.3137
977	978	pt	nya	challenge_SSA-MTE	hyp1	News	NaN	7.6607
978	979	pt	nya	challenge_SSA-MTE	hyp1	News	NaN	6.6475
979	980	pt	nya	challenge_SSA-MTE	hyp1	News	NaN	11.1198
980	981	pt	nya	challenge_SSA-MTE	hyp1	News	NaN	11.7367
981	982	pt	nya	challenge_SSA-MTE	hyp1	News	NaN	0.5900
982	983	pt	nya	challenge_SSA-MTE	hyp1	News	NaN	3.7963
983	984	pt	nya	challenge_SSA-MTE	hyp1	News	NaN	3.9721
984	985	pt	nya	challenge_SSA-MTE	hyp1	News	NaN	3.7952
985	986	pt	nya	challenge_SSA-MTE	hyp1	News	NaN	0.0000
986	987	pt	nya	challenge_SSA-MTE	hyp1	News	NaN	11.3082
987	988	pt	nya	challenge_SSA-MTE	hyp1	News	NaN	16.6273
988	989	pt	nya	challenge_SSA-MTE	hyp1	News	NaN	17.3603
989	990	pt	nya	challenge_SSA-MTE	hyp1	News	NaN	0.4115
990	991	pt	nya	challenge_SSA-MTE	hyp1	News	NaN	7.4330
991	992	pt	nya	challenge_SSA-MTE	hyp1	News	NaN	3.5115
992	993	pt	nya	challenge_SSA-MTE	hyp1	News	NaN	3.6529
993	994	pt	nya	challenge_SSA-MTE	hyp1	News	NaN	1.8265
994	995	pt	nya	challenge_SSA-MTE	hyp1	News	NaN	2.1671
995	996	pt	nya	challenge_SSA-MTE	hyp1	News	NaN	2.6643
996	997	pt	nya	challenge_SSA-MTE	hyp1	News	NaN	4.7802
997	998	pt	nya	challenge_SSA-MTE	hyp1	News	NaN	1.3794
998	999	pt	nya	challenge_SSA-MTE	hyp1	News	NaN	2.0585
999	1000	pt	nya	challenge_SSA-MTE	hyp1	News	NaN	1.8655
1000	1001	pt	nya	challenge_SSA-MTE	hyp1	News	NaN	3.4300
1001	1002	pt	nya	challenge_SSA-MTE	hyp1	News	NaN	1.4654
1002	1003	pt	nya	challenge_SSA-MTE	hyp1	News	NaN	6.3057
1003	1004	pt	nya	challenge_SSA-MTE	hyp1	News	NaN	4.4588
1004	1005	pt	nya	challenge_SSA-MTE	hyp1	News	NaN	4.8865
1005	1006	pt	nya	challenge_SSA-MTE	hyp1	News	NaN	0.0000
1006	1007	pt	nya	challenge_SSA-MTE	hyp1	News	NaN	4.2707
1007	1008	pt	nya	challenge_SSA-MTE	hyp1	News	NaN	3.5912
1008	1009	pt	nya	challenge_SSA-MTE	hyp1	News	NaN	7.2618
1009	1010	pt	nya	challenge_SSA-MTE	hyp1	News	NaN	2.1511
1010	1011	pt	nya	challenge_SSA-MTE	hyp1	News	NaN	5.3569
1011	1012	pt	nya	challenge_SSA-MTE	hyp1	News	NaN	12.2197
1012	1013	pt	nya	challenge_SSA-MTE	hyp1	News	NaN	11.4084
1013	1014	pt	nya	challenge_SSA-MTE	hyp1	News	NaN	1.9046
1014	1015	pt	nya	challenge_SSA-MTE	hyp1	News	NaN	10.3752
1015	1016	pt	nya	challenge_SSA-MTE	hyp1	News	NaN	8.0459
1016	1017	pt	nya	challenge_SSA-MTE	hyp1	News	NaN	4.2423
1017	1018	pt	nya	challenge_SSA-MTE	hyp1	News	NaN	0.7953
1018	1019	pt	nya	challenge_SSA-MTE	hyp1	News	NaN	8.0674
1019	1020	pt	nya	challenge_SSA-MTE	hyp1	News	NaN	3.6828
1020	1021	pt	nya	challenge_SSA-MTE	hyp1	News	NaN	7.8908
1021	1022	pt	nya	challenge_SSA-MTE	hyp1	News	NaN	0.0000
1022	1023	pt	nya	challenge_SSA-MTE	hyp1	News	NaN	12.9721
1023	1024	pt	nya	challenge_SSA-MTE	hyp1	News	NaN	19.0874
1024	1025	pt	nya	challenge_SSA-MTE	hyp1	News	NaN	12.8969
1025	1026	pt	nya	challenge_SSA-MTE	hyp1	News	NaN	0.5270
1026	1027	pt	nya	challenge_SSA-MTE	hyp1	News	NaN	4.3065
1027	1028	pt	nya	challenge_SSA-MTE	hyp1	News	NaN	4.4257
1028	1029	pt	nya	challenge_SSA-MTE	hyp1	News	NaN	4.9775
1029	1030	pt	nya	challenge_SSA-MTE	hyp1	News	NaN	1.3359
1030	1031	pt	nya	challenge_SSA-MTE	hyp1	News	NaN	8.9682
1031	1032	pt	nya	challenge_SSA-MTE	hyp1	News	NaN	7.6871
1032	1033	pt	nya	challenge_SSA-MTE	hyp1	News	NaN	7.6871
1033	1034	pt	nya	challenge_SSA-MTE	hyp1	News	NaN	0.0000
1034	1035	pt	nya	challenge_SSA-MTE	hyp1	News	NaN	12.4032
1035	1036	pt	nya	challenge_SSA-MTE	hyp1	News	NaN	11.7907
1036	1037	pt	nya	challenge_SSA-MTE	hyp1	News	NaN	12.4672
1037	1038	pt	nya	challenge_SSA-MTE	hyp1	News	NaN	1.4654
1038	1039	pt	nya	challenge_SSA-MTE	hyp1	News	NaN	5.3676
1039	1040	pt	nya	challenge_SSA-MTE	hyp1	News	NaN	4.4569
1040	1041	pt	nya	challenge_SSA-MTE	hyp1	News	NaN	9.6010
1041	1042	pt	nya	challenge_SSA-MTE	hyp1	News	NaN	3.0891
1042	1043	pt	nya	challenge_SSA-MTE	hyp1	News	NaN	17.0838
1043	1044	pt	nya	challenge_SSA-MTE	hyp1	News	NaN	10.3962
1044	1045	pt	nya	challenge_SSA-MTE	hyp1	News	NaN	8.3958
1045	1046	pt	nya	challenge_SSA-MTE	hyp1	News	NaN	2.3388
1046	1047	pt	nya	challenge_SSA-MTE	hyp1	News	NaN	44.6587
1047	1048	pt	nya	challenge_SSA-MTE	hyp1	News	NaN	34.7090
1048	1049	pt	nya	challenge_SSA-MTE	hyp1	News	NaN	47.1956
1049	1050	pt	nya	challenge_SSA-MTE	hyp1	News	NaN	0.1331
1050	1051	pt	nya	challenge_SSA-MTE	hyp1	News	NaN	11.7554
1051	1052	pt	nya	challenge_SSA-MTE	hyp1	News	NaN	13.7892
1052	1053	pt	nya	challenge_SSA-MTE	hyp1	News	NaN	14.7816
1053	1054	pt	nya	challenge_SSA-MTE	hyp1	News	NaN	4.1247
1054	1055	pt	nya	challenge_SSA-MTE	hyp1	News	NaN	11.1212
1055	1056	pt	nya	challenge_SSA-MTE	hyp1	News	NaN	9.7528
1056	1057	pt	nya	challenge_SSA-MTE	hyp1	News	NaN	11.2173
1057	1058	pt	nya	challenge_SSA-MTE	hyp1	News	NaN	4.1005
1058	1059	pt	nya	challenge_SSA-MTE	hyp1	News	NaN	19.4307
1059	1060	pt	nya	challenge_SSA-MTE	hyp1	News	NaN	17.9724
1060	1061	pt	nya	challenge_SSA-MTE	hyp1	News	NaN	18.4521
1061	1062	pt	nya	challenge_SSA-MTE	hyp1	News	NaN	1.8301
1062	1063	pt	nya	challenge_SSA-MTE	hyp1	News	NaN	11.4662
1063	1064	pt	nya	challenge_SSA-MTE	hyp1	News	NaN	2.2882
1064	1065	pt	nya	challenge_SSA-MTE	hyp1	News	NaN	7.2117
1065	1066	pt	nya	challenge_SSA-MTE	hyp1	News	NaN	1.7387
1066	1067	pt	nya	challenge_SSA-MTE	hyp1	News	NaN	19.2599
1067	1068	pt	nya	challenge_SSA-MTE	hyp1	News	NaN	18.1896
1068	1069	pt	nya	challenge_SSA-MTE	hyp1	News	NaN	24.1287
1069	1070	pt	nya	challenge_SSA-MTE	hyp1	News	NaN	1.0852
1070	1071	pt	nya	challenge_SSA-MTE	hyp1	News	NaN	14.5418
1071	1072	pt	nya	challenge_SSA-MTE	hyp1	News	NaN	7.3654
1072	1073	pt	nya	challenge_SSA-MTE	hyp1	News	NaN	25.3562
1073	1074	pt	nya	challenge_SSA-MTE	hyp1	News	NaN	2.9307
1074	1075	pt	nya	challenge_SSA-MTE	hyp1	News	NaN	6.5989
1075	1076	pt	nya	challenge_SSA-MTE	hyp1	News	NaN	5.2400
1076	1077	pt	nya	challenge_SSA-MTE	hyp1	News	NaN	5.3426
1077	1078	pt	nya	challenge_SSA-MTE	hyp1	News	NaN	1.2455
1078	1079	pt	nya	challenge_SSA-MTE	hyp1	News	NaN	25.7399
1079	1080	pt	nya	challenge_SSA-MTE	hyp1	News	NaN	27.1141
1080	1081	pt	nya	challenge_SSA-MTE	hyp1	News	NaN	25.7399
1081	1082	pt	nya	challenge_SSA-MTE	hyp1	News	NaN	2.2297
1082	1083	pt	nya	challenge_SSA-MTE	hyp1	News	NaN	43.5429
1083	1084	pt	nya	challenge_SSA-MTE	hyp1	News	NaN	31.5696
1084	1085	pt	nya	challenge_SSA-MTE	hyp1	News	NaN	29.8567
1085	1086	pt	nya	challenge_SSA-MTE	hyp1	News	NaN	2.4075
1086	1087	pt	nya	challenge_SSA-MTE	hyp1	News	NaN	8.5918
1087	1088	pt	nya	challenge_SSA-MTE	hyp1	News	NaN	11.5111
1088	1089	pt	nya	challenge_SSA-MTE	hyp1	News	NaN	7.9766
1089	1090	pt	nya	challenge_SSA-MTE	hyp1	News	NaN	1.9422
1090	1091	pt	nya	challenge_SSA-MTE	hyp1	News	NaN	17.7842
1091	1092	pt	nya	challenge_SSA-MTE	hyp1	News	NaN	7.2949
1092	1093	pt	nya	challenge_SSA-MTE	hyp1	News	NaN	4.5167
1093	1094	pt	nya	challenge_SSA-MTE	hyp1	News	NaN	3.4823
1094	1095	pt	nya	challenge_SSA-MTE	hyp1	News	NaN	4.3203
1095	1096	pt	nya	challenge_SSA-MTE	hyp1	News	NaN	7.8540
1096	1097	pt	nya	challenge_SSA-MTE	hyp1	News	NaN	8.0731
1097	1098	pt	nya	challenge_SSA-MTE	hyp1	News	NaN	2.0290
1098	1099	pt	nya	challenge_SSA-MTE	hyp1	News	NaN	28.9201
1099	1100	pt	nya	challenge_SSA-MTE	hyp1	News	NaN	24.0784
1100	1101	pt	nya	challenge_SSA-MTE	hyp1	News	NaN	31.1080
1101	1102	pt	nya	challenge_SSA-MTE	hyp1	News	NaN	3.5553
1102	1103	pt	nya	challenge_SSA-MTE	hyp1	News	NaN	5.8636
1103	1104	pt	nya	challenge_SSA-MTE	hyp1	News	NaN	6.0658
1104	1105	pt	nya	challenge_SSA-MTE	hyp1	News	NaN	5.8450
1105	1106	pt	nya	challenge_SSA-MTE	hyp1	News	NaN	0.1548
1106	1107	pt	nya	challenge_SSA-MTE	hyp1	News	NaN	5.3827
1107	1108	pt	nya	challenge_SSA-MTE	hyp1	News	NaN	7.3178
1108	1109	pt	nya	challenge_SSA-MTE	hyp1	News	NaN	8.5170
1109	1110	pt	nya	challenge_SSA-MTE	hyp1	News	NaN	0.8751
1110	1111	pt	nya	challenge_SSA-MTE	hyp1	News	NaN	15.0512
1111	1112	pt	nya	challenge_SSA-MTE	hyp1	News	NaN	16.8486
1112	1113	pt	nya	challenge_SSA-MTE	hyp1	News	NaN	12.7365
1113	1114	pt	nya	challenge_SSA-MTE	hyp1	News	NaN	1.5262
1114	1115	pt	nya	challenge_SSA-MTE	hyp1	News	NaN	10.7293
1115	1116	pt	nya	challenge_SSA-MTE	hyp1	News	NaN	15.8512
1116	1117	pt	nya	challenge_SSA-MTE	hyp1	News	NaN	25.9654
1117	1118	pt	nya	challenge_SSA-MTE	hyp1	News	NaN	6.8372
1118	1119	pt	nya	challenge_SSA-MTE	hyp1	News	NaN	4.7677
1119	1120	pt	nya	challenge_SSA-MTE	hyp1	News	NaN	4.7677
1120	1121	pt	nya	challenge_SSA-MTE	hyp1	News	NaN	4.9324
1121	1122	pt	nya	challenge_SSA-MTE	hyp1	News	NaN	3.7478
1122	1123	pt	nya	challenge_SSA-MTE	hyp1	News	NaN	2.5066
1123	1124	pt	nya	challenge_SSA-MTE	hyp1	News	NaN	5.0133
1124	1125	pt	nya	challenge_SSA-MTE	hyp1	News	NaN	5.0554
1125	1126	pt	nya	challenge_SSA-MTE	hyp1	News	NaN	2.7162
1126	1127	pt	nya	challenge_SSA-MTE	hyp1	News	NaN	20.7923
1127	1128	pt	nya	challenge_SSA-MTE	hyp1	News	NaN	24.4677
1128	1129	pt	nya	challenge_SSA-MTE	hyp1	News	NaN	24.7743
1129	1130	pt	nya	challenge_SSA-MTE	hyp1	News	NaN	0.0350
1130	1131	pt	nya	challenge_SSA-MTE	hyp1	News	NaN	18.3571
1131	1132	pt	nya	challenge_SSA-MTE	hyp1	News	NaN	15.9252
1132	1133	pt	nya	challenge_SSA-MTE	hyp1	News	NaN	22.0983
1133	1134	pt	nya	challenge_SSA-MTE	hyp1	News	NaN	1.9964
1134	1135	pt	nya	challenge_SSA-MTE	hyp1	News	NaN	10.8528
1135	1136	pt	nya	challenge_SSA-MTE	hyp1	News	NaN	9.6085
1136	1137	pt	nya	challenge_SSA-MTE	hyp1	News	NaN	10.3671
1137	1138	pt	nya	challenge_SSA-MTE	hyp1	News	NaN	1.0181
1138	1139	pt	nya	challenge_SSA-MTE	hyp1	News	NaN	4.0729
1139	1140	pt	nya	challenge_SSA-MTE	hyp1	News	NaN	6.5544
1140	1141	pt	nya	challenge_SSA-MTE	hyp1	News	NaN	3.0665
1141	1142	pt	nya	challenge_SSA-MTE	hyp1	News	NaN	0.4583
1142	1143	pt	nya	challenge_SSA-MTE	hyp1	News	NaN	4.2651
1143	1144	pt	nya	challenge_SSA-MTE	hyp1	News	NaN	4.2701
1144	1145	pt	nya	challenge_SSA-MTE	hyp1	News	NaN	3.3054
1145	1146	pt	nya	challenge_SSA-MTE	hyp1	News	NaN	1.6903
1146	1147	pt	nya	challenge_SSA-MTE	hyp1	News	NaN	3.7879
1147	1148	pt	nya	challenge_SSA-MTE	hyp1	News	NaN	2.6784
1148	1149	pt	nya	challenge_SSA-MTE	hyp1	News	NaN	2.8666
1149	1150	pt	nya	challenge_SSA-MTE	hyp1	News	NaN	2.5277
1150	1151	pt	nya	challenge_SSA-MTE	hyp1	News	NaN	4.0654
1151	1152	pt	nya	challenge_SSA-MTE	hyp1	News	NaN	4.9324
1152	1153	pt	nya	challenge_SSA-MTE	hyp1	News	NaN	4.4569
1153	1154	pt	nya	challenge_SSA-MTE	hyp1	News	NaN	4.0272
1154	1155	pt	nya	challenge_SSA-MTE	hyp1	News	NaN	9.7585
1155	1156	pt	nya	challenge_SSA-MTE	hyp1	News	NaN	3.8025
1156	1157	pt	nya	challenge_SSA-MTE	hyp1	News	NaN	10.1572
1157	1158	pt	nya	challenge_SSA-MTE	hyp1	News	NaN	0.7456
1158	1159	pt	nya	challenge_SSA-MTE	hyp1	News	NaN	6.5384
1159	1160	pt	nya	challenge_SSA-MTE	hyp1	News	NaN	11.7957
1160	1161	pt	nya	challenge_SSA-MTE	hyp1	News	NaN	14.6613
1161	1162	pt	nya	challenge_SSA-MTE	hyp1	News	NaN	0.3655
1162	1163	pt	nya	challenge_SSA-MTE	hyp1	News	NaN	7.1868
1163	1164	pt	nya	challenge_SSA-MTE	hyp1	News	NaN	8.5833
1164	1165	pt	nya	challenge_SSA-MTE	hyp1	News	NaN	7.4800
1165	1166	pt	nya	challenge_SSA-MTE	hyp1	News	NaN	0.4092
1166	1167	pt	nya	challenge_SSA-MTE	hyp1	News	NaN	17.1917
1167	1168	pt	nya	challenge_SSA-MTE	hyp1	News	NaN	9.8709
1168	1169	pt	nya	challenge_SSA-MTE	hyp1	News	NaN	21.5184
1169	1170	pt	nya	challenge_SSA-MTE	hyp1	News	NaN	1.2148
1170	1171	pt	nya	challenge_SSA-MTE	hyp1	News	NaN	17.9502
1171	1172	pt	nya	challenge_SSA-MTE	hyp1	News	NaN	13.1538
1172	1173	pt	nya	challenge_SSA-MTE	hyp1	News	NaN	14.5404
1173	1174	pt	nya	challenge_SSA-MTE	hyp1	News	NaN	2.7724
1174	1175	pt	nya	challenge_SSA-MTE	hyp1	News	NaN	10.2326
1175	1176	pt	nya	challenge_SSA-MTE	hyp1	News	NaN	19.9190
1176	1177	pt	nya	challenge_SSA-MTE	hyp1	News	NaN	13.4910
1177	1178	pt	nya	challenge_SSA-MTE	hyp1	News	NaN	1.4477
1178	1179	pt	nya	challenge_SSA-MTE	hyp1	News	NaN	12.6897
1179	1180	pt	nya	challenge_SSA-MTE	hyp1	News	NaN	15.0907
1180	1181	pt	nya	challenge_SSA-MTE	hyp1	News	NaN	16.5446
1181	1182	pt	nya	challenge_SSA-MTE	hyp1	News	NaN	3.2186
1182	1183	pt	nya	challenge_SSA-MTE	hyp1	News	NaN	4.6132
1183	1184	pt	nya	challenge_SSA-MTE	hyp1	News	NaN	2.1640
1184	1185	pt	nya	challenge_SSA-MTE	hyp1	News	NaN	5.3672
1185	1186	pt	nya	challenge_SSA-MTE	hyp1	News	NaN	1.7951
1186	1187	pt	nya	challenge_SSA-MTE	hyp1	News	NaN	9.8339
1187	1188	pt	nya	challenge_SSA-MTE	hyp1	News	NaN	10.3981
1188	1189	pt	nya	challenge_SSA-MTE	hyp1	News	NaN	10.3436
1189	1190	pt	nya	challenge_SSA-MTE	hyp1	News	NaN	2.4525
1190	1191	pt	nya	challenge_SSA-MTE	hyp1	News	NaN	5.0043
1191	1192	pt	nya	challenge_SSA-MTE	hyp1	News	NaN	2.0091
1192	1193	pt	nya	challenge_SSA-MTE	hyp1	News	NaN	4.2656
1193	1194	pt	nya	challenge_SSA-MTE	hyp1	News	NaN	1.2906
1194	1195	pt	nya	challenge_SSA-MTE	hyp1	News	NaN	12.1243
1195	1196	pt	nya	challenge_SSA-MTE	hyp1	News	NaN	11.5697
1196	1197	pt	nya	challenge_SSA-MTE	hyp1	News	NaN	36.0153
1197	1198	pt	nya	challenge_SSA-MTE	hyp1	News	NaN	2.4456
1198	1199	pt	nya	challenge_SSA-MTE	hyp1	News	NaN	19.8866
1199	1200	pt	nya	challenge_SSA-MTE	hyp1	News	NaN	15.8158
1200	1201	pt	nya	challenge_SSA-MTE	hyp1	News	NaN	20.0117
1201	1202	pt	nya	challenge_SSA-MTE	hyp1	News	NaN	1.0195
1202	1203	pt	nya	challenge_SSA-MTE	hyp1	News	NaN	8.5952
1203	1204	pt	nya	challenge_SSA-MTE	hyp1	News	NaN	4.8177
1204	1205	pt	nya	challenge_SSA-MTE	hyp1	News	NaN	5.4030
1205	1206	pt	nya	challenge_SSA-MTE	hyp1	News	NaN	0.7052
1206	1207	pt	nya	challenge_SSA-MTE	hyp1	News	NaN	3.2342
1207	1208	pt	nya	challenge_SSA-MTE	hyp1	News	NaN	3.0098
1208	1209	pt	nya	challenge_SSA-MTE	hyp1	News	NaN	4.8150
1209	1210	pt	nya	challenge_SSA-MTE	hyp1	News	NaN	3.1364
1210	1211	pt	nya	challenge_SSA-MTE	hyp1	News	NaN	7.7284
1211	1212	pt	nya	challenge_SSA-MTE	hyp1	News	NaN	8.3146
1212	1213	pt	nya	challenge_SSA-MTE	hyp1	News	NaN	2.1537
1213	1214	pt	nya	challenge_SSA-MTE	hyp1	News	NaN	2.0175
1214	1215	pt	nya	challenge_SSA-MTE	hyp1	News	NaN	3.4392
1215	1216	pt	nya	challenge_SSA-MTE	hyp1	News	NaN	3.4275
1216	1217	pt	nya	challenge_SSA-MTE	hyp1	News	NaN	3.5957
1217	1218	pt	nya	challenge_SSA-MTE	hyp1	News	NaN	0.0000
1218	1219	pt	nya	challenge_SSA-MTE	hyp1	News	NaN	5.4228
1219	1220	pt	nya	challenge_SSA-MTE	hyp1	News	NaN	5.3286
1220	1221	pt	nya	challenge_SSA-MTE	hyp1	News	NaN	5.0395
1221	1222	pt	nya	challenge_SSA-MTE	hyp1	News	NaN	1.9834
1222	1223	pt	nya	challenge_SSA-MTE	hyp1	News	NaN	5.7514
1223	1224	pt	nya	challenge_SSA-MTE	hyp1	News	NaN	5.6062
1224	1225	pt	nya	challenge_SSA-MTE	hyp1	News	NaN	9.3084
1225	1226	pt	nya	challenge_SSA-MTE	hyp1	News	NaN	0.6633
1226	1227	pt	nya	challenge_SSA-MTE	hyp1	News	NaN	25.9192
1227	1228	pt	nya	challenge_SSA-MTE	hyp1	News	NaN	39.5830
1228	1229	pt	nya	challenge_SSA-MTE	hyp1	News	NaN	17.0260
1229	1230	pt	nya	challenge_SSA-MTE	hyp1	News	NaN	5.4415
1230	1231	pt	nya	challenge_SSA-MTE	hyp1	News	NaN	5.6067
1231	1232	pt	nya	challenge_SSA-MTE	hyp1	News	NaN	6.4987
1232	1233	pt	nya	challenge_SSA-MTE	hyp1	News	NaN	6.0315
1233	1234	pt	nya	challenge_SSA-MTE	hyp1	News	NaN	2.0781
1234	1235	pt	nya	challenge_SSA-MTE	hyp1	News	NaN	15.9896
1235	1236	pt	nya	challenge_SSA-MTE	hyp1	News	NaN	12.1426
1236	1237	pt	nya	challenge_SSA-MTE	hyp1	News	NaN	15.2772
1237	1238	pt	nya	challenge_SSA-MTE	hyp1	News	NaN	1.1462
1238	1239	pt	nya	challenge_SSA-MTE	hyp1	News	NaN	6.5858
1239	1240	pt	nya	challenge_SSA-MTE	hyp1	News	NaN	6.9868
1240	1241	pt	nya	challenge_SSA-MTE	hyp1	News	NaN	6.9868
1241	1242	pt	nya	challenge_SSA-MTE	hyp1	News	NaN	2.6643
0	1	pt	vmw	challenge_SSA-MTE	hyp1	News	NaN	3.0348
1	2	pt	vmw	challenge_SSA-MTE	hyp1	News	NaN	8.9862
2	3	pt	vmw	challenge_SSA-MTE	hyp1	News	NaN	9.9140
3	4	pt	vmw	challenge_SSA-MTE	hyp1	News	NaN	7.1234
4	5	pt	vmw	challenge_SSA-MTE	hyp1	News	NaN	3.2809
5	6	pt	vmw	challenge_SSA-MTE	hyp1	News	NaN	9.9453
6	7	pt	vmw	challenge_SSA-MTE	hyp1	News	NaN	3.3595
7	8	pt	vmw	challenge_SSA-MTE	hyp1	News	NaN	17.0653
8	9	pt	vmw	challenge_SSA-MTE	hyp1	News	NaN	18.0444
9	10	pt	vmw	challenge_SSA-MTE	hyp1	News	NaN	17.7474
10	11	pt	vmw	challenge_SSA-MTE	hyp1	News	NaN	3.7091
11	12	pt	vmw	challenge_SSA-MTE	hyp1	News	NaN	14.1310
12	13	pt	vmw	challenge_SSA-MTE	hyp1	News	NaN	4.1851
13	14	pt	vmw	challenge_SSA-MTE	hyp1	News	NaN	7.5604
14	15	pt	vmw	challenge_SSA-MTE	hyp1	News	NaN	4.7795
15	16	pt	vmw	challenge_SSA-MTE	hyp1	News	NaN	5.0916
16	17	pt	vmw	challenge_SSA-MTE	hyp1	News	NaN	2.1429
17	18	pt	vmw	challenge_SSA-MTE	hyp1	News	NaN	2.8630
18	19	pt	vmw	challenge_SSA-MTE	hyp1	News	NaN	4.7802
19	20	pt	vmw	challenge_SSA-MTE	hyp1	News	NaN	2.0540
20	21	pt	vmw	challenge_SSA-MTE	hyp1	News	NaN	7.9464
21	22	pt	vmw	challenge_SSA-MTE	hyp1	News	NaN	8.6013
22	23	pt	vmw	challenge_SSA-MTE	hyp1	News	NaN	1.6961
23	24	pt	vmw	challenge_SSA-MTE	hyp1	News	NaN	5.7643
24	25	pt	vmw	challenge_SSA-MTE	hyp1	News	NaN	6.8442
25	26	pt	vmw	challenge_SSA-MTE	hyp1	News	NaN	6.7730
26	27	pt	vmw	challenge_SSA-MTE	hyp1	News	NaN	3.4586
27	28	pt	vmw	challenge_SSA-MTE	hyp1	News	NaN	3.3962
28	29	pt	vmw	challenge_SSA-MTE	hyp1	News	NaN	3.7769
29	30	pt	vmw	challenge_SSA-MTE	hyp1	News	NaN	3.9271
30	31	pt	vmw	challenge_SSA-MTE	hyp1	News	NaN	10.3074
31	32	pt	vmw	challenge_SSA-MTE	hyp1	News	NaN	10.2482
32	33	pt	vmw	challenge_SSA-MTE	hyp1	News	NaN	14.3231
33	34	pt	vmw	challenge_SSA-MTE	hyp1	News	NaN	12.0111
34	35	pt	vmw	challenge_SSA-MTE	hyp1	News	NaN	16.0585
35	36	pt	vmw	challenge_SSA-MTE	hyp1	News	NaN	13.9904
36	37	pt	vmw	challenge_SSA-MTE	hyp1	News	NaN	24.2616
37	38	pt	vmw	challenge_SSA-MTE	hyp1	News	NaN	9.8336
38	39	pt	vmw	challenge_SSA-MTE	hyp1	News	NaN	3.2301
39	40	pt	vmw	challenge_SSA-MTE	hyp1	News	NaN	3.7965
40	41	pt	vmw	challenge_SSA-MTE	hyp1	News	NaN	7.9132
41	42	pt	vmw	challenge_SSA-MTE	hyp1	News	NaN	2.6936
42	43	pt	vmw	challenge_SSA-MTE	hyp1	News	NaN	6.0101
43	44	pt	vmw	challenge_SSA-MTE	hyp1	News	NaN	3.6515
44	45	pt	vmw	challenge_SSA-MTE	hyp1	News	NaN	4.3390
45	46	pt	vmw	challenge_SSA-MTE	hyp1	News	NaN	0.6994
46	47	pt	vmw	challenge_SSA-MTE	hyp1	News	NaN	0.0000
47	48	pt	vmw	challenge_SSA-MTE	hyp1	News	NaN	6.7543
48	49	pt	vmw	challenge_SSA-MTE	hyp1	News	NaN	8.1309
49	50	pt	vmw	challenge_SSA-MTE	hyp1	News	NaN	0.0000
50	51	pt	vmw	challenge_SSA-MTE	hyp1	News	NaN	2.7443
51	52	pt	vmw	challenge_SSA-MTE	hyp1	News	NaN	7.9150
52	53	pt	vmw	challenge_SSA-MTE	hyp1	News	NaN	3.9287
53	54	pt	vmw	challenge_SSA-MTE	hyp1	News	NaN	11.3061
54	55	pt	vmw	challenge_SSA-MTE	hyp1	News	NaN	0.8862
55	56	pt	vmw	challenge_SSA-MTE	hyp1	News	NaN	2.7467
56	57	pt	vmw	challenge_SSA-MTE	hyp1	News	NaN	2.6351
57	58	pt	vmw	challenge_SSA-MTE	hyp1	News	NaN	1.1183
58	59	pt	vmw	challenge_SSA-MTE	hyp1	News	NaN	5.5279
59	60	pt	vmw	challenge_SSA-MTE	hyp1	News	NaN	11.7922
60	61	pt	vmw	challenge_SSA-MTE	hyp1	News	NaN	12.5024
61	62	pt	vmw	challenge_SSA-MTE	hyp1	News	NaN	9.7958
62	63	pt	vmw	challenge_SSA-MTE	hyp1	News	NaN	4.1859
63	64	pt	vmw	challenge_SSA-MTE	hyp1	News	NaN	3.2809
64	65	pt	vmw	challenge_SSA-MTE	hyp1	News	NaN	4.6337
65	66	pt	vmw	challenge_SSA-MTE	hyp1	News	NaN	3.3868
66	67	pt	vmw	challenge_SSA-MTE	hyp1	News	NaN	5.6847
67	68	pt	vmw	challenge_SSA-MTE	hyp1	News	NaN	6.0196
68	69	pt	vmw	challenge_SSA-MTE	hyp1	News	NaN	4.8150
69	70	pt	vmw	challenge_SSA-MTE	hyp1	News	NaN	4.1411
70	71	pt	vmw	challenge_SSA-MTE	hyp1	News	NaN	2.3350
71	72	pt	vmw	challenge_SSA-MTE	hyp1	News	NaN	2.2523
72	73	pt	vmw	challenge_SSA-MTE	hyp1	News	NaN	2.1301
73	74	pt	vmw	challenge_SSA-MTE	hyp1	News	NaN	1.5266
74	75	pt	vmw	challenge_SSA-MTE	hyp1	News	NaN	11.6439
75	76	pt	vmw	challenge_SSA-MTE	hyp1	News	NaN	10.5696
76	77	pt	vmw	challenge_SSA-MTE	hyp1	News	NaN	11.5622
77	78	pt	vmw	challenge_SSA-MTE	hyp1	News	NaN	4.7962
78	79	pt	vmw	challenge_SSA-MTE	hyp1	News	NaN	2.4623
79	80	pt	vmw	challenge_SSA-MTE	hyp1	News	NaN	2.8453
80	81	pt	vmw	challenge_SSA-MTE	hyp1	News	NaN	4.7852
81	82	pt	vmw	challenge_SSA-MTE	hyp1	News	NaN	7.0148
82	83	pt	vmw	challenge_SSA-MTE	hyp1	News	NaN	6.7556
83	84	pt	vmw	challenge_SSA-MTE	hyp1	News	NaN	17.1815
84	85	pt	vmw	challenge_SSA-MTE	hyp1	News	NaN	14.2306
85	86	pt	vmw	challenge_SSA-MTE	hyp1	News	NaN	3.2490
86	87	pt	vmw	challenge_SSA-MTE	hyp1	News	NaN	3.2526
87	88	pt	vmw	challenge_SSA-MTE	hyp1	News	NaN	2.5683
88	89	pt	vmw	challenge_SSA-MTE	hyp1	News	NaN	3.4398
89	90	pt	vmw	challenge_SSA-MTE	hyp1	News	NaN	10.3939
90	91	pt	vmw	challenge_SSA-MTE	hyp1	News	NaN	10.8589
91	92	pt	vmw	challenge_SSA-MTE	hyp1	News	NaN	4.0341
92	93	pt	vmw	challenge_SSA-MTE	hyp1	News	NaN	8.0545
93	94	pt	vmw	challenge_SSA-MTE	hyp1	News	NaN	7.1418
94	95	pt	vmw	challenge_SSA-MTE	hyp1	News	NaN	13.9123
95	96	pt	vmw	challenge_SSA-MTE	hyp1	News	NaN	3.4355
96	97	pt	vmw	challenge_SSA-MTE	hyp1	News	NaN	9.2468
97	98	pt	vmw	challenge_SSA-MTE	hyp1	News	NaN	10.8086
98	99	pt	vmw	challenge_SSA-MTE	hyp1	News	NaN	5.0491
99	100	pt	vmw	challenge_SSA-MTE	hyp1	News	NaN	6.2662
100	101	pt	vmw	challenge_SSA-MTE	hyp1	News	NaN	7.6999
101	102	pt	vmw	challenge_SSA-MTE	hyp1	News	NaN	10.0043
102	103	pt	vmw	challenge_SSA-MTE	hyp1	News	NaN	5.4710
103	104	pt	vmw	challenge_SSA-MTE	hyp1	News	NaN	7.9066
104	105	pt	vmw	challenge_SSA-MTE	hyp1	News	NaN	4.1845
105	106	pt	vmw	challenge_SSA-MTE	hyp1	News	NaN	2.2267
106	107	pt	vmw	challenge_SSA-MTE	hyp1	News	NaN	14.2651
107	108	pt	vmw	challenge_SSA-MTE	hyp1	News	NaN	11.8370
108	109	pt	vmw	challenge_SSA-MTE	hyp1	News	NaN	1.0395
109	110	pt	vmw	challenge_SSA-MTE	hyp1	News	NaN	2.8017
110	111	pt	vmw	challenge_SSA-MTE	hyp1	News	NaN	4.9582
111	112	pt	vmw	challenge_SSA-MTE	hyp1	News	NaN	4.7493
112	113	pt	vmw	challenge_SSA-MTE	hyp1	News	NaN	11.3396
113	114	pt	vmw	challenge_SSA-MTE	hyp1	News	NaN	3.3772
114	115	pt	vmw	challenge_SSA-MTE	hyp1	News	NaN	4.9352
115	116	pt	vmw	challenge_SSA-MTE	hyp1	News	NaN	8.5050
116	117	pt	vmw	challenge_SSA-MTE	hyp1	News	NaN	6.5419
117	118	pt	vmw	challenge_SSA-MTE	hyp1	News	NaN	5.4958
118	119	pt	vmw	challenge_SSA-MTE	hyp1	News	NaN	1.6714
119	120	pt	vmw	challenge_SSA-MTE	hyp1	News	NaN	4.9247
120	121	pt	vmw	challenge_SSA-MTE	hyp1	News	NaN	4.9000
121	122	pt	vmw	challenge_SSA-MTE	hyp1	News	NaN	9.1659
122	123	pt	vmw	challenge_SSA-MTE	hyp1	News	NaN	4.9359
123	124	pt	vmw	challenge_SSA-MTE	hyp1	News	NaN	13.8245
124	125	pt	vmw	challenge_SSA-MTE	hyp1	News	NaN	2.2620
125	126	pt	vmw	challenge_SSA-MTE	hyp1	News	NaN	3.6803
126	127	pt	vmw	challenge_SSA-MTE	hyp1	News	NaN	7.8033
127	128	pt	vmw	challenge_SSA-MTE	hyp1	News	NaN	1.6621
128	129	pt	vmw	challenge_SSA-MTE	hyp1	News	NaN	7.3355
129	130	pt	vmw	challenge_SSA-MTE	hyp1	News	NaN	3.3405
130	131	pt	vmw	challenge_SSA-MTE	hyp1	News	NaN	3.7242
131	132	pt	vmw	challenge_SSA-MTE	hyp1	News	NaN	4.2386
132	133	pt	vmw	challenge_SSA-MTE	hyp1	News	NaN	4.3703
133	134	pt	vmw	challenge_SSA-MTE	hyp1	News	NaN	3.5202
134	135	pt	vmw	challenge_SSA-MTE	hyp1	News	NaN	18.4238
135	136	pt	vmw	challenge_SSA-MTE	hyp1	News	NaN	8.3964
136	137	pt	vmw	challenge_SSA-MTE	hyp1	News	NaN	5.9833
137	138	pt	vmw	challenge_SSA-MTE	hyp1	News	NaN	5.2919
138	139	pt	vmw	challenge_SSA-MTE	hyp1	News	NaN	2.7110
139	140	pt	vmw	challenge_SSA-MTE	hyp1	News	NaN	7.4956
140	141	pt	vmw	challenge_SSA-MTE	hyp1	News	NaN	6.2504
141	142	pt	vmw	challenge_SSA-MTE	hyp1	News	NaN	4.4104
142	143	pt	vmw	challenge_SSA-MTE	hyp1	News	NaN	3.9952
143	144	pt	vmw	challenge_SSA-MTE	hyp1	News	NaN	3.6544
144	145	pt	vmw	challenge_SSA-MTE	hyp1	News	NaN	5.2178
145	146	pt	vmw	challenge_SSA-MTE	hyp1	News	NaN	10.5301
146	147	pt	vmw	challenge_SSA-MTE	hyp1	News	NaN	32.2679
147	148	pt	vmw	challenge_SSA-MTE	hyp1	News	NaN	25.4491
148	149	pt	vmw	challenge_SSA-MTE	hyp1	News	NaN	11.8331
149	150	pt	vmw	challenge_SSA-MTE	hyp1	News	NaN	7.7250
150	151	pt	vmw	challenge_SSA-MTE	hyp1	News	NaN	10.8650
151	152	pt	vmw	challenge_SSA-MTE	hyp1	News	NaN	4.1505
152	153	pt	vmw	challenge_SSA-MTE	hyp1	News	NaN	2.3625
153	154	pt	vmw	challenge_SSA-MTE	hyp1	News	NaN	14.8346
154	155	pt	vmw	challenge_SSA-MTE	hyp1	News	NaN	17.7655
155	156	pt	vmw	challenge_SSA-MTE	hyp1	News	NaN	9.0304
156	157	pt	vmw	challenge_SSA-MTE	hyp1	News	NaN	3.2186
157	158	pt	vmw	challenge_SSA-MTE	hyp1	News	NaN	2.2769
158	159	pt	vmw	challenge_SSA-MTE	hyp1	News	NaN	10.7390
159	160	pt	vmw	challenge_SSA-MTE	hyp1	News	NaN	10.7980
160	161	pt	vmw	challenge_SSA-MTE	hyp1	News	NaN	10.6003
161	162	pt	vmw	challenge_SSA-MTE	hyp1	News	NaN	8.4499
162	163	pt	vmw	challenge_SSA-MTE	hyp1	News	NaN	5.2959
163	164	pt	vmw	challenge_SSA-MTE	hyp1	News	NaN	3.8020
164	165	pt	vmw	challenge_SSA-MTE	hyp1	News	NaN	3.1026
165	166	pt	vmw	challenge_SSA-MTE	hyp1	News	NaN	2.4219
166	167	pt	vmw	challenge_SSA-MTE	hyp1	News	NaN	3.3923
167	168	pt	vmw	challenge_SSA-MTE	hyp1	News	NaN	3.2809
168	169	pt	vmw	challenge_SSA-MTE	hyp1	News	NaN	2.1803
169	170	pt	vmw	challenge_SSA-MTE	hyp1	News	NaN	2.1602
170	171	pt	vmw	challenge_SSA-MTE	hyp1	News	NaN	2.8630
171	172	pt	vmw	challenge_SSA-MTE	hyp1	News	NaN	3.0273
172	173	pt	vmw	challenge_SSA-MTE	hyp1	News	NaN	9.6943
173	174	pt	vmw	challenge_SSA-MTE	hyp1	News	NaN	5.3286
174	175	pt	vmw	challenge_SSA-MTE	hyp1	News	NaN	13.8045
175	176	pt	vmw	challenge_SSA-MTE	hyp1	News	NaN	3.8857
176	177	pt	vmw	challenge_SSA-MTE	hyp1	News	NaN	8.2999
177	178	pt	vmw	challenge_SSA-MTE	hyp1	News	NaN	8.2984
178	179	pt	vmw	challenge_SSA-MTE	hyp1	News	NaN	7.7075
179	180	pt	vmw	challenge_SSA-MTE	hyp1	News	NaN	2.6846
180	181	pt	vmw	challenge_SSA-MTE	hyp1	News	NaN	4.4499
181	182	pt	vmw	challenge_SSA-MTE	hyp1	News	NaN	3.7879
182	183	pt	vmw	challenge_SSA-MTE	hyp1	News	NaN	29.4899
183	184	pt	vmw	challenge_SSA-MTE	hyp1	News	NaN	33.8871
184	185	pt	vmw	challenge_SSA-MTE	hyp1	News	NaN	24.7530
185	186	pt	vmw	challenge_SSA-MTE	hyp1	News	NaN	25.0531
186	187	pt	vmw	challenge_SSA-MTE	hyp1	News	NaN	13.1494
187	188	pt	vmw	challenge_SSA-MTE	hyp1	News	NaN	6.2994
188	189	pt	vmw	challenge_SSA-MTE	hyp1	News	NaN	11.6333
189	190	pt	vmw	challenge_SSA-MTE	hyp1	News	NaN	6.9596
190	191	pt	vmw	challenge_SSA-MTE	hyp1	News	NaN	3.4710
191	192	pt	vmw	challenge_SSA-MTE	hyp1	News	NaN	3.7400
192	193	pt	vmw	challenge_SSA-MTE	hyp1	News	NaN	13.6997
193	194	pt	vmw	challenge_SSA-MTE	hyp1	News	NaN	4.2104
194	195	pt	vmw	challenge_SSA-MTE	hyp1	News	NaN	10.5788
195	196	pt	vmw	challenge_SSA-MTE	hyp1	News	NaN	13.9521
196	197	pt	vmw	challenge_SSA-MTE	hyp1	News	NaN	10.1452
197	198	pt	vmw	challenge_SSA-MTE	hyp1	News	NaN	10.9725
198	199	pt	vmw	challenge_SSA-MTE	hyp1	News	NaN	8.0553
199	200	pt	vmw	challenge_SSA-MTE	hyp1	News	NaN	11.4451
200	201	pt	vmw	challenge_SSA-MTE	hyp1	News	NaN	5.5288
201	202	pt	vmw	challenge_SSA-MTE	hyp1	News	NaN	10.1260
202	203	pt	vmw	challenge_SSA-MTE	hyp1	News	NaN	2.3782
203	204	pt	vmw	challenge_SSA-MTE	hyp1	News	NaN	6.8372
204	205	pt	vmw	challenge_SSA-MTE	hyp1	News	NaN	3.3865
205	206	pt	vmw	challenge_SSA-MTE	hyp1	News	NaN	3.7478
206	207	pt	vmw	challenge_SSA-MTE	hyp1	News	NaN	3.2359
207	208	pt	vmw	challenge_SSA-MTE	hyp1	News	NaN	8.3740
208	209	pt	vmw	challenge_SSA-MTE	hyp1	News	NaN	3.6394
209	210	pt	vmw	challenge_SSA-MTE	hyp1	News	NaN	3.4221
210	211	pt	vmw	challenge_SSA-MTE	hyp1	News	NaN	4.0855
211	212	pt	vmw	challenge_SSA-MTE	hyp1	News	NaN	4.7892
212	213	pt	vmw	challenge_SSA-MTE	hyp1	News	NaN	4.0626
213	214	pt	vmw	challenge_SSA-MTE	hyp1	News	NaN	5.8225
214	215	pt	vmw	challenge_SSA-MTE	hyp1	News	NaN	3.2575
215	216	pt	vmw	challenge_SSA-MTE	hyp1	News	NaN	5.9768
216	217	pt	vmw	challenge_SSA-MTE	hyp1	News	NaN	3.0657
217	218	pt	vmw	challenge_SSA-MTE	hyp1	News	NaN	13.2556
218	219	pt	vmw	challenge_SSA-MTE	hyp1	News	NaN	21.2611
219	220	pt	vmw	challenge_SSA-MTE	hyp1	News	NaN	3.6246
220	221	pt	vmw	challenge_SSA-MTE	hyp1	News	NaN	19.4333
221	222	pt	vmw	challenge_SSA-MTE	hyp1	News	NaN	14.5410
222	223	pt	vmw	challenge_SSA-MTE	hyp1	News	NaN	8.8420
223	224	pt	vmw	challenge_SSA-MTE	hyp1	News	NaN	1.6287
224	225	pt	vmw	challenge_SSA-MTE	hyp1	News	NaN	4.7172
225	226	pt	vmw	challenge_SSA-MTE	hyp1	News	NaN	12.1091
226	227	pt	vmw	challenge_SSA-MTE	hyp1	News	NaN	8.4954
227	228	pt	vmw	challenge_SSA-MTE	hyp1	News	NaN	3.6584
228	229	pt	vmw	challenge_SSA-MTE	hyp1	News	NaN	3.2958
229	230	pt	vmw	challenge_SSA-MTE	hyp1	News	NaN	3.0717
230	231	pt	vmw	challenge_SSA-MTE	hyp1	News	NaN	5.0619
231	232	pt	vmw	challenge_SSA-MTE	hyp1	News	NaN	2.9341
232	233	pt	vmw	challenge_SSA-MTE	hyp1	News	NaN	4.4780
233	234	pt	vmw	challenge_SSA-MTE	hyp1	News	NaN	3.2220
234	235	pt	vmw	challenge_SSA-MTE	hyp1	News	NaN	1.1429
235	236	pt	vmw	challenge_SSA-MTE	hyp1	News	NaN	34.1399
236	237	pt	vmw	challenge_SSA-MTE	hyp1	News	NaN	35.9144
237	238	pt	vmw	challenge_SSA-MTE	hyp1	News	NaN	2.9580
238	239	pt	vmw	challenge_SSA-MTE	hyp1	News	NaN	5.1146
239	240	pt	vmw	challenge_SSA-MTE	hyp1	News	NaN	4.1673
240	241	pt	vmw	challenge_SSA-MTE	hyp1	News	NaN	3.3772
241	242	pt	vmw	challenge_SSA-MTE	hyp1	News	NaN	4.3008
242	243	pt	vmw	challenge_SSA-MTE	hyp1	News	NaN	17.2454
243	244	pt	vmw	challenge_SSA-MTE	hyp1	News	NaN	16.8471
244	245	pt	vmw	challenge_SSA-MTE	hyp1	News	NaN	16.3097
245	246	pt	vmw	challenge_SSA-MTE	hyp1	News	NaN	15.3242
246	247	pt	vmw	challenge_SSA-MTE	hyp1	News	NaN	5.2877
247	248	pt	vmw	challenge_SSA-MTE	hyp1	News	NaN	6.6711
248	249	pt	vmw	challenge_SSA-MTE	hyp1	News	NaN	13.1104
249	250	pt	vmw	challenge_SSA-MTE	hyp1	News	NaN	2.7014
250	251	pt	vmw	challenge_SSA-MTE	hyp1	News	NaN	4.2663
251	252	pt	vmw	challenge_SSA-MTE	hyp1	News	NaN	6.7650
252	253	pt	vmw	challenge_SSA-MTE	hyp1	News	NaN	3.9287
253	254	pt	vmw	challenge_SSA-MTE	hyp1	News	NaN	7.3697
254	255	pt	vmw	challenge_SSA-MTE	hyp1	News	NaN	3.2874
255	256	pt	vmw	challenge_SSA-MTE	hyp1	News	NaN	4.9359
256	257	pt	vmw	challenge_SSA-MTE	hyp1	News	NaN	3.5869
257	258	pt	vmw	challenge_SSA-MTE	hyp1	News	NaN	5.3569
258	259	pt	vmw	challenge_SSA-MTE	hyp1	News	NaN	2.4254
259	260	pt	vmw	challenge_SSA-MTE	hyp1	News	NaN	2.4295
260	261	pt	vmw	challenge_SSA-MTE	hyp1	News	NaN	3.9394
261	262	pt	vmw	challenge_SSA-MTE	hyp1	News	NaN	2.0242
262	263	pt	vmw	challenge_SSA-MTE	hyp1	News	NaN	7.8405
263	264	pt	vmw	challenge_SSA-MTE	hyp1	News	NaN	7.9534
264	265	pt	vmw	challenge_SSA-MTE	hyp1	News	NaN	2.7693
265	266	pt	vmw	challenge_SSA-MTE	hyp1	News	NaN	11.9772
266	267	pt	vmw	challenge_SSA-MTE	hyp1	News	NaN	5.7463
267	268	pt	vmw	challenge_SSA-MTE	hyp1	News	NaN	3.3046
268	269	pt	vmw	challenge_SSA-MTE	hyp1	News	NaN	3.2978
269	270	pt	vmw	challenge_SSA-MTE	hyp1	News	NaN	2.9712
270	271	pt	vmw	challenge_SSA-MTE	hyp1	News	NaN	3.9647
271	272	pt	vmw	challenge_SSA-MTE	hyp1	News	NaN	2.9800
272	273	pt	vmw	challenge_SSA-MTE	hyp1	News	NaN	1.7759
273	274	pt	vmw	challenge_SSA-MTE	hyp1	News	NaN	1.3668
274	275	pt	vmw	challenge_SSA-MTE	hyp1	News	NaN	24.6229
275	276	pt	vmw	challenge_SSA-MTE	hyp1	News	NaN	6.8336
276	277	pt	vmw	challenge_SSA-MTE	hyp1	News	NaN	15.1251
277	278	pt	vmw	challenge_SSA-MTE	hyp1	News	NaN	2.2154
278	279	pt	vmw	challenge_SSA-MTE	hyp1	News	NaN	4.4538
279	280	pt	vmw	challenge_SSA-MTE	hyp1	News	NaN	2.9431
280	281	pt	vmw	challenge_SSA-MTE	hyp1	News	NaN	2.2967
281	282	pt	vmw	challenge_SSA-MTE	hyp1	News	NaN	1.0921
282	283	pt	vmw	challenge_SSA-MTE	hyp1	News	NaN	1.8416
283	284	pt	vmw	challenge_SSA-MTE	hyp1	News	NaN	0.9496
284	285	pt	vmw	challenge_SSA-MTE	hyp1	News	NaN	1.5802
285	286	pt	vmw	challenge_SSA-MTE	hyp1	News	NaN	0.9566
286	287	pt	vmw	challenge_SSA-MTE	hyp1	News	NaN	5.2815
287	288	pt	vmw	challenge_SSA-MTE	hyp1	News	NaN	2.2363
288	289	pt	vmw	challenge_SSA-MTE	hyp1	News	NaN	6.7226
289	290	pt	vmw	challenge_SSA-MTE	hyp1	News	NaN	13.0651
290	291	pt	vmw	challenge_SSA-MTE	hyp1	News	NaN	21.9728
291	292	pt	vmw	challenge_SSA-MTE	hyp1	News	NaN	8.5492
292	293	pt	vmw	challenge_SSA-MTE	hyp1	News	NaN	6.1676
293	294	pt	vmw	challenge_SSA-MTE	hyp1	News	NaN	3.4815
294	295	pt	vmw	challenge_SSA-MTE	hyp1	News	NaN	5.6530
295	296	pt	vmw	challenge_SSA-MTE	hyp1	News	NaN	2.7197
296	297	pt	vmw	challenge_SSA-MTE	hyp1	News	NaN	5.8700
297	298	pt	vmw	challenge_SSA-MTE	hyp1	News	NaN	5.7149
298	299	pt	vmw	challenge_SSA-MTE	hyp1	News	NaN	2.4713
299	300	pt	vmw	challenge_SSA-MTE	hyp1	News	NaN	4.5672
300	301	pt	vmw	challenge_SSA-MTE	hyp1	News	NaN	5.9247
301	302	pt	vmw	challenge_SSA-MTE	hyp1	News	NaN	2.3573
302	303	pt	vmw	challenge_SSA-MTE	hyp1	News	NaN	2.1301
303	304	pt	vmw	challenge_SSA-MTE	hyp1	News	NaN	18.7852
304	305	pt	vmw	challenge_SSA-MTE	hyp1	News	NaN	27.6941
305	306	pt	vmw	challenge_SSA-MTE	hyp1	News	NaN	20.7893
306	307	pt	vmw	challenge_SSA-MTE	hyp1	News	NaN	27.7444
307	308	pt	vmw	challenge_SSA-MTE	hyp1	News	NaN	11.2038
308	309	pt	vmw	challenge_SSA-MTE	hyp1	News	NaN	6.8709
309	310	pt	vmw	challenge_SSA-MTE	hyp1	News	NaN	11.7100
310	311	pt	vmw	challenge_SSA-MTE	hyp1	News	NaN	16.9546
311	312	pt	vmw	challenge_SSA-MTE	hyp1	News	NaN	14.2588
312	313	pt	vmw	challenge_SSA-MTE	hyp1	News	NaN	20.3372
313	314	pt	vmw	challenge_SSA-MTE	hyp1	News	NaN	7.7903
314	315	pt	vmw	challenge_SSA-MTE	hyp1	News	NaN	1.9635
315	316	pt	vmw	challenge_SSA-MTE	hyp1	News	NaN	2.9562
316	317	pt	vmw	challenge_SSA-MTE	hyp1	News	NaN	3.4322
317	318	pt	vmw	challenge_SSA-MTE	hyp1	News	NaN	6.1064
318	319	pt	vmw	challenge_SSA-MTE	hyp1	News	NaN	1.6208
319	320	pt	vmw	challenge_SSA-MTE	hyp1	News	NaN	2.7476
320	321	pt	vmw	challenge_SSA-MTE	hyp1	News	NaN	2.9682
321	322	pt	vmw	challenge_SSA-MTE	hyp1	News	NaN	1.4602
322	323	pt	vmw	challenge_SSA-MTE	hyp1	News	NaN	5.5515
323	324	pt	vmw	challenge_SSA-MTE	hyp1	News	NaN	2.5669
324	325	pt	vmw	challenge_SSA-MTE	hyp1	News	NaN	7.8540
325	326	pt	vmw	challenge_SSA-MTE	hyp1	News	NaN	2.4690
326	327	pt	vmw	challenge_SSA-MTE	hyp1	News	NaN	9.0721
327	328	pt	vmw	challenge_SSA-MTE	hyp1	News	NaN	9.5925
328	329	pt	vmw	challenge_SSA-MTE	hyp1	News	NaN	5.2503
329	330	pt	vmw	challenge_SSA-MTE	hyp1	News	NaN	4.6639
330	331	pt	vmw	challenge_SSA-MTE	hyp1	News	NaN	6.8001
331	332	pt	vmw	challenge_SSA-MTE	hyp1	News	NaN	10.4773
332	333	pt	vmw	challenge_SSA-MTE	hyp1	News	NaN	14.1986
333	334	pt	vmw	challenge_SSA-MTE	hyp1	News	NaN	32.2114
334	335	pt	vmw	challenge_SSA-MTE	hyp1	News	NaN	31.6756
335	336	pt	vmw	challenge_SSA-MTE	hyp1	News	NaN	6.1259
336	337	pt	vmw	challenge_SSA-MTE	hyp1	News	NaN	4.9681
337	338	pt	vmw	challenge_SSA-MTE	hyp1	News	NaN	8.0478
338	339	pt	vmw	challenge_SSA-MTE	hyp1	News	NaN	8.3973
339	340	pt	vmw	challenge_SSA-MTE	hyp1	News	NaN	6.7132
340	341	pt	vmw	challenge_SSA-MTE	hyp1	News	NaN	12.3361
341	342	pt	vmw	challenge_SSA-MTE	hyp1	News	NaN	10.1885
342	343	pt	vmw	challenge_SSA-MTE	hyp1	News	NaN	9.5480
343	344	pt	vmw	challenge_SSA-MTE	hyp1	News	NaN	3.4685
344	345	pt	vmw	challenge_SSA-MTE	hyp1	News	NaN	4.0093
345	346	pt	vmw	challenge_SSA-MTE	hyp1	News	NaN	2.9453
346	347	pt	vmw	challenge_SSA-MTE	hyp1	News	NaN	2.8318
347	348	pt	vmw	challenge_SSA-MTE	hyp1	News	NaN	2.7157
348	349	pt	vmw	challenge_SSA-MTE	hyp1	News	NaN	2.8630
349	350	pt	vmw	challenge_SSA-MTE	hyp1	News	NaN	3.8024
350	351	pt	vmw	challenge_SSA-MTE	hyp1	News	NaN	2.9556
351	352	pt	vmw	challenge_SSA-MTE	hyp1	News	NaN	12.0111
352	353	pt	vmw	challenge_SSA-MTE	hyp1	News	NaN	6.8372
353	354	pt	vmw	challenge_SSA-MTE	hyp1	News	NaN	7.1418
354	355	pt	vmw	challenge_SSA-MTE	hyp1	News	NaN	5.0619
355	356	pt	vmw	challenge_SSA-MTE	hyp1	News	NaN	5.5091
356	357	pt	vmw	challenge_SSA-MTE	hyp1	News	NaN	4.8985
357	358	pt	vmw	challenge_SSA-MTE	hyp1	News	NaN	4.5080
358	359	pt	vmw	challenge_SSA-MTE	hyp1	News	NaN	4.8148
359	360	pt	vmw	challenge_SSA-MTE	hyp1	News	NaN	7.1418
360	361	pt	vmw	challenge_SSA-MTE	hyp1	News	NaN	3.4586
361	362	pt	vmw	challenge_SSA-MTE	hyp1	News	NaN	10.5215
362	363	pt	vmw	challenge_SSA-MTE	hyp1	News	NaN	3.7374
363	364	pt	vmw	challenge_SSA-MTE	hyp1	News	NaN	4.3745
364	365	pt	vmw	challenge_SSA-MTE	hyp1	News	NaN	2.6858
365	366	pt	vmw	challenge_SSA-MTE	hyp1	News	NaN	4.2084
366	367	pt	vmw	challenge_SSA-MTE	hyp1	News	NaN	1.0696
367	368	pt	vmw	challenge_SSA-MTE	hyp1	News	NaN	1.8516
368	369	pt	vmw	challenge_SSA-MTE	hyp1	News	NaN	1.7426
369	370	pt	vmw	challenge_SSA-MTE	hyp1	News	NaN	1.8049
370	371	pt	vmw	challenge_SSA-MTE	hyp1	News	NaN	1.7705
371	372	pt	vmw	challenge_SSA-MTE	hyp1	News	NaN	2.8700
372	373	pt	vmw	challenge_SSA-MTE	hyp1	News	NaN	2.5449
373	374	pt	vmw	challenge_SSA-MTE	hyp1	News	NaN	2.6049
374	375	pt	vmw	challenge_SSA-MTE	hyp1	News	NaN	6.1503
375	376	pt	vmw	challenge_SSA-MTE	hyp1	News	NaN	3.7727
376	377	pt	vmw	challenge_SSA-MTE	hyp1	News	NaN	2.6086
377	378	pt	vmw	challenge_SSA-MTE	hyp1	News	NaN	4.5537
378	379	pt	vmw	challenge_SSA-MTE	hyp1	News	NaN	4.1411
379	380	pt	vmw	challenge_SSA-MTE	hyp1	News	NaN	4.7249
380	381	pt	vmw	challenge_SSA-MTE	hyp1	News	NaN	1.1876
381	382	pt	vmw	challenge_SSA-MTE	hyp1	News	NaN	2.5295
382	383	pt	vmw	challenge_SSA-MTE	hyp1	News	NaN	7.3053
383	384	pt	vmw	challenge_SSA-MTE	hyp1	News	NaN	7.6687
384	385	pt	vmw	challenge_SSA-MTE	hyp1	News	NaN	2.2769
385	386	pt	vmw	challenge_SSA-MTE	hyp1	News	NaN	11.0188
386	387	pt	vmw	challenge_SSA-MTE	hyp1	News	NaN	2.8630
387	388	pt	vmw	challenge_SSA-MTE	hyp1	News	NaN	4.5537
388	389	pt	vmw	challenge_SSA-MTE	hyp1	News	NaN	5.5387
389	390	pt	vmw	challenge_SSA-MTE	hyp1	News	NaN	5.7742
390	391	pt	vmw	challenge_SSA-MTE	hyp1	News	NaN	5.8565
391	392	pt	vmw	challenge_SSA-MTE	hyp1	News	NaN	4.3377
392	393	pt	vmw	challenge_SSA-MTE	hyp1	News	NaN	4.1411
393	394	pt	vmw	challenge_SSA-MTE	hyp1	News	NaN	6.0805
394	395	pt	vmw	challenge_SSA-MTE	hyp1	News	NaN	2.8753
395	396	pt	vmw	challenge_SSA-MTE	hyp1	News	NaN	8.1252
396	397	pt	vmw	challenge_SSA-MTE	hyp1	News	NaN	14.3231
397	398	pt	vmw	challenge_SSA-MTE	hyp1	News	NaN	3.7374
398	399	pt	vmw	challenge_SSA-MTE	hyp1	News	NaN	4.0272
399	400	pt	vmw	challenge_SSA-MTE	hyp1	News	NaN	4.1330
400	401	pt	vmw	challenge_SSA-MTE	hyp1	News	NaN	3.8905
401	402	pt	vmw	challenge_SSA-MTE	hyp1	News	NaN	6.1303
402	403	pt	vmw	challenge_SSA-MTE	hyp1	News	NaN	7.4749
403	404	pt	vmw	challenge_SSA-MTE	hyp1	News	NaN	5.8751
404	405	pt	vmw	challenge_SSA-MTE	hyp1	News	NaN	3.0373
405	406	pt	vmw	challenge_SSA-MTE	hyp1	News	NaN	5.4393
406	407	pt	vmw	challenge_SSA-MTE	hyp1	News	NaN	5.0912
407	408	pt	vmw	challenge_SSA-MTE	hyp1	News	NaN	4.5537
408	409	pt	vmw	challenge_SSA-MTE	hyp1	News	NaN	5.7514
409	410	pt	vmw	challenge_SSA-MTE	hyp1	News	NaN	7.6047
410	411	pt	vmw	challenge_SSA-MTE	hyp1	News	NaN	2.5894
411	412	pt	vmw	challenge_SSA-MTE	hyp1	News	NaN	2.2800
412	413	pt	vmw	challenge_SSA-MTE	hyp1	News	NaN	2.7643
413	414	pt	vmw	challenge_SSA-MTE	hyp1	News	NaN	2.9711
414	415	pt	vmw	challenge_SSA-MTE	hyp1	News	NaN	0.7215
415	416	pt	vmw	challenge_SSA-MTE	hyp1	News	NaN	2.4427
416	417	pt	vmw	challenge_SSA-MTE	hyp1	News	NaN	2.7077
417	418	pt	vmw	challenge_SSA-MTE	hyp1	News	NaN	3.0715
418	419	pt	vmw	challenge_SSA-MTE	hyp1	News	NaN	3.2174
419	420	pt	vmw	challenge_SSA-MTE	hyp1	News	NaN	2.5198
420	421	pt	vmw	challenge_SSA-MTE	hyp1	News	NaN	4.5537
421	422	pt	vmw	challenge_SSA-MTE	hyp1	News	NaN	5.8166
422	423	pt	vmw	challenge_SSA-MTE	hyp1	News	NaN	22.3069
423	424	pt	vmw	challenge_SSA-MTE	hyp1	News	NaN	15.9186
424	425	pt	vmw	challenge_SSA-MTE	hyp1	News	NaN	11.9945
425	426	pt	vmw	challenge_SSA-MTE	hyp1	News	NaN	12.8370
426	427	pt	vmw	challenge_SSA-MTE	hyp1	News	NaN	4.9969
427	428	pt	vmw	challenge_SSA-MTE	hyp1	News	NaN	4.8321
428	429	pt	vmw	challenge_SSA-MTE	hyp1	News	NaN	6.8336
429	430	pt	vmw	challenge_SSA-MTE	hyp1	News	NaN	2.4160
430	431	pt	vmw	challenge_SSA-MTE	hyp1	News	NaN	2.4623
431	432	pt	vmw	challenge_SSA-MTE	hyp1	News	NaN	2.4427
432	433	pt	vmw	challenge_SSA-MTE	hyp1	News	NaN	4.1411
433	434	pt	vmw	challenge_SSA-MTE	hyp1	News	NaN	2.3526
434	435	pt	vmw	challenge_SSA-MTE	hyp1	News	NaN	8.0965
435	436	pt	vmw	challenge_SSA-MTE	hyp1	News	NaN	1.7934
436	437	pt	vmw	challenge_SSA-MTE	hyp1	News	NaN	4.4469
437	438	pt	vmw	challenge_SSA-MTE	hyp1	News	NaN	3.2404
438	439	pt	vmw	challenge_SSA-MTE	hyp1	News	NaN	3.5928
439	440	pt	vmw	challenge_SSA-MTE	hyp1	News	NaN	4.6326
440	441	pt	vmw	challenge_SSA-MTE	hyp1	News	NaN	2.8227
441	442	pt	vmw	challenge_SSA-MTE	hyp1	News	NaN	3.2740
442	443	pt	vmw	challenge_SSA-MTE	hyp1	News	NaN	2.1645
443	444	pt	vmw	challenge_SSA-MTE	hyp1	News	NaN	3.7965
444	445	pt	vmw	challenge_SSA-MTE	hyp1	News	NaN	2.1534
445	446	pt	vmw	challenge_SSA-MTE	hyp1	News	NaN	2.0471
446	447	pt	vmw	challenge_SSA-MTE	hyp1	News	NaN	15.4501
447	448	pt	vmw	challenge_SSA-MTE	hyp1	News	NaN	18.2071
448	449	pt	vmw	challenge_SSA-MTE	hyp1	News	NaN	10.9249
449	450	pt	vmw	challenge_SSA-MTE	hyp1	News	NaN	10.3321
450	451	pt	vmw	challenge_SSA-MTE	hyp1	News	NaN	1.6360
451	452	pt	vmw	challenge_SSA-MTE	hyp1	News	NaN	1.4069
452	453	pt	vmw	challenge_SSA-MTE	hyp1	News	NaN	1.7440
453	454	pt	vmw	challenge_SSA-MTE	hyp1	News	NaN	1.9459
454	455	pt	vmw	challenge_SSA-MTE	hyp1	News	NaN	3.7165
455	456	pt	vmw	challenge_SSA-MTE	hyp1	News	NaN	3.2215
456	457	pt	vmw	challenge_SSA-MTE	hyp1	News	NaN	6.0532
457	458	pt	vmw	challenge_SSA-MTE	hyp1	News	NaN	2.5540
458	459	pt	vmw	challenge_SSA-MTE	hyp1	News	NaN	2.4427
459	460	pt	vmw	challenge_SSA-MTE	hyp1	News	NaN	2.4427
460	461	pt	vmw	challenge_SSA-MTE	hyp1	News	NaN	5.4012
461	462	pt	vmw	challenge_SSA-MTE	hyp1	News	NaN	3.0098
462	463	pt	vmw	challenge_SSA-MTE	hyp1	News	NaN	3.8957
463	464	pt	vmw	challenge_SSA-MTE	hyp1	News	NaN	2.1758
464	465	pt	vmw	challenge_SSA-MTE	hyp1	News	NaN	2.3129
465	466	pt	vmw	challenge_SSA-MTE	hyp1	News	NaN	2.0907
466	467	pt	vmw	challenge_SSA-MTE	hyp1	News	NaN	3.7478
467	468	pt	vmw	challenge_SSA-MTE	hyp1	News	NaN	5.0736
468	469	pt	vmw	challenge_SSA-MTE	hyp1	News	NaN	1.9627
469	470	pt	vmw	challenge_SSA-MTE	hyp1	News	NaN	2.0706
470	471	pt	vmw	challenge_SSA-MTE	hyp1	News	NaN	2.7033
471	472	pt	vmw	challenge_SSA-MTE	hyp1	News	NaN	2.0593
472	473	pt	vmw	challenge_SSA-MTE	hyp1	News	NaN	3.0373
473	474	pt	vmw	challenge_SSA-MTE	hyp1	News	NaN	5.0912
474	475	pt	vmw	challenge_SSA-MTE	hyp1	News	NaN	5.3286
475	476	pt	vmw	challenge_SSA-MTE	hyp1	News	NaN	4.8150
476	477	pt	vmw	challenge_SSA-MTE	hyp1	News	NaN	2.4456
477	478	pt	vmw	challenge_SSA-MTE	hyp1	News	NaN	3.2186
478	479	pt	vmw	challenge_SSA-MTE	hyp1	News	NaN	3.3865
479	480	pt	vmw	challenge_SSA-MTE	hyp1	News	NaN	2.8398
480	481	pt	vmw	challenge_SSA-MTE	hyp1	News	NaN	13.5473
481	482	pt	vmw	challenge_SSA-MTE	hyp1	News	NaN	12.6274
482	483	pt	vmw	challenge_SSA-MTE	hyp1	News	NaN	13.9521
483	484	pt	vmw	challenge_SSA-MTE	hyp1	News	NaN	14.7101
484	485	pt	vmw	challenge_SSA-MTE	hyp1	News	NaN	3.8177
485	486	pt	vmw	challenge_SSA-MTE	hyp1	News	NaN	3.6735
486	487	pt	vmw	challenge_SSA-MTE	hyp1	News	NaN	4.5152
487	488	pt	vmw	challenge_SSA-MTE	hyp1	News	NaN	3.7968
488	489	pt	vmw	challenge_SSA-MTE	hyp1	News	NaN	9.9036
489	490	pt	vmw	challenge_SSA-MTE	hyp1	News	NaN	5.8057
490	491	pt	vmw	challenge_SSA-MTE	hyp1	News	NaN	1.9801
491	492	pt	vmw	challenge_SSA-MTE	hyp1	News	NaN	1.7845
492	493	pt	vmw	challenge_SSA-MTE	hyp1	News	NaN	1.7346
493	494	pt	vmw	challenge_SSA-MTE	hyp1	News	NaN	1.9627
494	495	pt	vmw	challenge_SSA-MTE	hyp1	News	NaN	4.8773
495	496	pt	vmw	challenge_SSA-MTE	hyp1	News	NaN	1.7934
496	497	pt	vmw	challenge_SSA-MTE	hyp1	News	NaN	9.0836
497	498	pt	vmw	challenge_SSA-MTE	hyp1	News	NaN	10.8260
498	499	pt	vmw	challenge_SSA-MTE	hyp1	News	NaN	6.6675
499	500	pt	vmw	challenge_SSA-MTE	hyp1	News	NaN	6.1503
500	501	pt	vmw	challenge_SSA-MTE	hyp1	News	NaN	5.8779
501	502	pt	vmw	challenge_SSA-MTE	hyp1	News	NaN	3.5519
502	503	pt	vmw	challenge_SSA-MTE	hyp1	News	NaN	1.7557
503	504	pt	vmw	challenge_SSA-MTE	hyp1	News	NaN	7.3350
504	505	pt	vmw	challenge_SSA-MTE	hyp1	News	NaN	2.3433
505	506	pt	vmw	challenge_SSA-MTE	hyp1	News	NaN	3.6529
506	507	pt	vmw	challenge_SSA-MTE	hyp1	News	NaN	2.5683
507	508	pt	vmw	challenge_SSA-MTE	hyp1	News	NaN	4.8853
508	509	pt	vmw	challenge_SSA-MTE	hyp1	News	NaN	2.1301
509	510	pt	vmw	challenge_SSA-MTE	hyp1	News	NaN	3.7159
510	511	pt	vmw	challenge_SSA-MTE	hyp1	News	NaN	4.4063
511	512	pt	vmw	challenge_SSA-MTE	hyp1	News	NaN	3.6735
512	513	pt	vmw	challenge_SSA-MTE	hyp1	News	NaN	0.0000
513	514	pt	vmw	challenge_SSA-MTE	hyp1	News	NaN	1.9012
514	515	pt	vmw	challenge_SSA-MTE	hyp1	News	NaN	1.7574
515	516	pt	vmw	challenge_SSA-MTE	hyp1	News	NaN	2.1301
516	517	pt	vmw	challenge_SSA-MTE	hyp1	News	NaN	2.0451
517	518	pt	vmw	challenge_SSA-MTE	hyp1	News	NaN	7.3625
518	519	pt	vmw	challenge_SSA-MTE	hyp1	News	NaN	7.3526
519	520	pt	vmw	challenge_SSA-MTE	hyp1	News	NaN	7.3140
520	521	pt	vmw	challenge_SSA-MTE	hyp1	News	NaN	2.5828
521	522	pt	vmw	challenge_SSA-MTE	hyp1	News	NaN	2.2732
522	523	pt	vmw	challenge_SSA-MTE	hyp1	News	NaN	2.7157
523	524	pt	vmw	challenge_SSA-MTE	hyp1	News	NaN	1.6934
524	525	pt	vmw	challenge_SSA-MTE	hyp1	News	NaN	8.9920
525	526	pt	vmw	challenge_SSA-MTE	hyp1	News	NaN	10.2345
526	527	pt	vmw	challenge_SSA-MTE	hyp1	News	NaN	8.1392
527	528	pt	vmw	challenge_SSA-MTE	hyp1	News	NaN	10.2345
528	529	pt	vmw	challenge_SSA-MTE	hyp1	News	NaN	3.3008
529	530	pt	vmw	challenge_SSA-MTE	hyp1	News	NaN	2.1028
530	531	pt	vmw	challenge_SSA-MTE	hyp1	News	NaN	1.8771
531	532	pt	vmw	challenge_SSA-MTE	hyp1	News	NaN	3.8024
532	533	pt	vmw	challenge_SSA-MTE	hyp1	News	NaN	2.3573
533	534	pt	vmw	challenge_SSA-MTE	hyp1	News	NaN	2.8630
534	535	pt	vmw	challenge_SSA-MTE	hyp1	News	NaN	6.6240
535	536	pt	vmw	challenge_SSA-MTE	hyp1	News	NaN	5.2088
536	537	pt	vmw	challenge_SSA-MTE	hyp1	News	NaN	8.1395
537	538	pt	vmw	challenge_SSA-MTE	hyp1	News	NaN	5.7808
538	539	pt	vmw	challenge_SSA-MTE	hyp1	News	NaN	7.3406
539	540	pt	vmw	challenge_SSA-MTE	hyp1	News	NaN	1.4798
540	541	pt	vmw	challenge_SSA-MTE	hyp1	News	NaN	7.9171
541	542	pt	vmw	challenge_SSA-MTE	hyp1	News	NaN	1.8161
542	543	pt	vmw	challenge_SSA-MTE	hyp1	News	NaN	3.0098
543	544	pt	vmw	challenge_SSA-MTE	hyp1	News	NaN	2.6643
544	545	pt	vmw	challenge_SSA-MTE	hyp1	News	NaN	5.4012
545	546	pt	vmw	challenge_SSA-MTE	hyp1	News	NaN	3.7419
546	547	pt	vmw	challenge_SSA-MTE	hyp1	News	NaN	3.1497
547	548	pt	vmw	challenge_SSA-MTE	hyp1	News	NaN	3.0373
548	549	pt	vmw	challenge_SSA-MTE	hyp1	News	NaN	3.1443
549	550	pt	vmw	challenge_SSA-MTE	hyp1	News	NaN	3.4586
550	551	pt	vmw	challenge_SSA-MTE	hyp1	News	NaN	5.8166
551	552	pt	vmw	challenge_SSA-MTE	hyp1	News	NaN	3.2342
552	553	pt	vmw	challenge_SSA-MTE	hyp1	News	NaN	3.7052
553	554	pt	vmw	challenge_SSA-MTE	hyp1	News	NaN	8.1710
554	555	pt	vmw	challenge_SSA-MTE	hyp1	News	NaN	4.0161
555	556	pt	vmw	challenge_SSA-MTE	hyp1	News	NaN	4.0161
556	557	pt	vmw	challenge_SSA-MTE	hyp1	News	NaN	0.0000
557	558	pt	vmw	challenge_SSA-MTE	hyp1	News	NaN	2.5327
558	559	pt	vmw	challenge_SSA-MTE	hyp1	News	NaN	2.7033
559	560	pt	vmw	challenge_SSA-MTE	hyp1	News	NaN	4.6575
560	561	pt	vmw	challenge_SSA-MTE	hyp1	News	NaN	2.5851
561	562	pt	vmw	challenge_SSA-MTE	hyp1	News	NaN	2.2250
562	563	pt	vmw	challenge_SSA-MTE	hyp1	News	NaN	2.8265
563	564	pt	vmw	challenge_SSA-MTE	hyp1	News	NaN	1.8885
564	565	pt	vmw	challenge_SSA-MTE	hyp1	News	NaN	2.2732
565	566	pt	vmw	challenge_SSA-MTE	hyp1	News	NaN	2.7197
566	567	pt	vmw	challenge_SSA-MTE	hyp1	News	NaN	4.7536
567	568	pt	vmw	challenge_SSA-MTE	hyp1	News	NaN	3.7159
568	569	pt	vmw	challenge_SSA-MTE	hyp1	News	NaN	2.4456
569	570	pt	vmw	challenge_SSA-MTE	hyp1	News	NaN	3.3772
570	571	pt	vmw	challenge_SSA-MTE	hyp1	News	NaN	3.2186
571	572	pt	vmw	challenge_SSA-MTE	hyp1	News	NaN	4.7802
572	573	pt	vmw	challenge_SSA-MTE	hyp1	News	NaN	5.4130
573	574	pt	vmw	challenge_SSA-MTE	hyp1	News	NaN	2.9083
574	575	pt	vmw	challenge_SSA-MTE	hyp1	News	NaN	2.6374
575	576	pt	vmw	challenge_SSA-MTE	hyp1	News	NaN	2.9083
576	577	pt	vmw	challenge_SSA-MTE	hyp1	News	NaN	2.6052
577	578	pt	vmw	challenge_SSA-MTE	hyp1	News	NaN	6.1430
578	579	pt	vmw	challenge_SSA-MTE	hyp1	News	NaN	7.0148
579	580	pt	vmw	challenge_SSA-MTE	hyp1	News	NaN	10.1089
580	581	pt	vmw	challenge_SSA-MTE	hyp1	News	NaN	5.0395
581	582	pt	vmw	challenge_SSA-MTE	hyp1	News	NaN	1.6731
582	583	pt	vmw	challenge_SSA-MTE	hyp1	News	NaN	4.7323
583	584	pt	vmw	challenge_SSA-MTE	hyp1	News	NaN	2.6677
584	585	pt	vmw	challenge_SSA-MTE	hyp1	News	NaN	1.7216
585	586	pt	vmw	challenge_SSA-MTE	hyp1	News	NaN	5.0620
586	587	pt	vmw	challenge_SSA-MTE	hyp1	News	NaN	7.2382
587	588	pt	vmw	challenge_SSA-MTE	hyp1	News	NaN	5.0995
588	589	pt	vmw	challenge_SSA-MTE	hyp1	News	NaN	5.1289
589	590	pt	vmw	challenge_SSA-MTE	hyp1	News	NaN	3.9980
590	591	pt	vmw	challenge_SSA-MTE	hyp1	News	NaN	3.2999
591	592	pt	vmw	challenge_SSA-MTE	hyp1	News	NaN	6.4095
592	593	pt	vmw	challenge_SSA-MTE	hyp1	News	NaN	3.6697
593	594	pt	vmw	challenge_SSA-MTE	hyp1	News	NaN	7.4344
594	595	pt	vmw	challenge_SSA-MTE	hyp1	News	NaN	6.7291
595	596	pt	vmw	challenge_SSA-MTE	hyp1	News	NaN	3.9051
596	597	pt	vmw	challenge_SSA-MTE	hyp1	News	NaN	4.6810
597	598	pt	vmw	challenge_SSA-MTE	hyp1	News	NaN	10.8589
598	599	pt	vmw	challenge_SSA-MTE	hyp1	News	NaN	2.8049
599	600	pt	vmw	challenge_SSA-MTE	hyp1	News	NaN	9.0777
600	601	pt	vmw	challenge_SSA-MTE	hyp1	News	NaN	3.4198
601	602	pt	vmw	challenge_SSA-MTE	hyp1	News	NaN	3.2365
602	603	pt	vmw	challenge_SSA-MTE	hyp1	News	NaN	4.1338
603	604	pt	vmw	challenge_SSA-MTE	hyp1	News	NaN	11.5681
604	605	pt	vmw	challenge_SSA-MTE	hyp1	News	NaN	11.0178
605	606	pt	vmw	challenge_SSA-MTE	hyp1	News	NaN	5.0645
606	607	pt	vmw	challenge_SSA-MTE	hyp1	News	NaN	6.9581
607	608	pt	vmw	challenge_SSA-MTE	hyp1	News	NaN	8.6319
608	609	pt	vmw	challenge_SSA-MTE	hyp1	News	NaN	2.7410
609	610	pt	vmw	challenge_SSA-MTE	hyp1	News	NaN	3.3339
610	611	pt	vmw	challenge_SSA-MTE	hyp1	News	NaN	2.7410
611	612	pt	vmw	challenge_SSA-MTE	hyp1	News	NaN	3.6164
612	613	pt	vmw	challenge_SSA-MTE	hyp1	News	NaN	3.5115
613	614	pt	vmw	challenge_SSA-MTE	hyp1	News	NaN	3.2554
614	615	pt	vmw	challenge_SSA-MTE	hyp1	News	NaN	1.8771
615	616	pt	vmw	challenge_SSA-MTE	hyp1	News	NaN	9.6726
616	617	pt	vmw	challenge_SSA-MTE	hyp1	News	NaN	5.1081
617	618	pt	vmw	challenge_SSA-MTE	hyp1	News	NaN	2.7376
618	619	pt	vmw	challenge_SSA-MTE	hyp1	News	NaN	2.5451
619	620	pt	vmw	challenge_SSA-MTE	hyp1	News	NaN	4.6399
620	621	pt	vmw	challenge_SSA-MTE	hyp1	News	NaN	4.7148
621	622	pt	vmw	challenge_SSA-MTE	hyp1	News	NaN	3.9326
622	623	pt	vmw	challenge_SSA-MTE	hyp1	News	NaN	4.0519
623	624	pt	vmw	challenge_SSA-MTE	hyp1	News	NaN	8.2260
624	625	pt	vmw	challenge_SSA-MTE	hyp1	News	NaN	3.7165
625	626	pt	vmw	challenge_SSA-MTE	hyp1	News	NaN	3.7550
626	627	pt	vmw	challenge_SSA-MTE	hyp1	News	NaN	3.3930
627	628	pt	vmw	challenge_SSA-MTE	hyp1	News	NaN	2.8011
628	629	pt	vmw	challenge_SSA-MTE	hyp1	News	NaN	2.3914
629	630	pt	vmw	challenge_SSA-MTE	hyp1	News	NaN	2.4749
630	631	pt	vmw	challenge_SSA-MTE	hyp1	News	NaN	2.2825
631	632	pt	vmw	challenge_SSA-MTE	hyp1	News	NaN	2.8630
632	633	pt	vmw	challenge_SSA-MTE	hyp1	News	NaN	5.1093
633	634	pt	vmw	challenge_SSA-MTE	hyp1	News	NaN	2.2523
634	635	pt	vmw	challenge_SSA-MTE	hyp1	News	NaN	4.1081
635	636	pt	vmw	challenge_SSA-MTE	hyp1	News	NaN	2.0471
636	637	pt	vmw	challenge_SSA-MTE	hyp1	News	NaN	1.9627
637	638	pt	vmw	challenge_SSA-MTE	hyp1	News	NaN	3.9517
638	639	pt	vmw	challenge_SSA-MTE	hyp1	News	NaN	1.7126
639	640	pt	vmw	challenge_SSA-MTE	hyp1	News	NaN	3.0265
640	641	pt	vmw	challenge_SSA-MTE	hyp1	News	NaN	5.2097
641	642	pt	vmw	challenge_SSA-MTE	hyp1	News	NaN	3.5415
642	643	pt	vmw	challenge_SSA-MTE	hyp1	News	NaN	2.5259
643	644	pt	vmw	challenge_SSA-MTE	hyp1	News	NaN	2.1640
644	645	pt	vmw	challenge_SSA-MTE	hyp1	News	NaN	1.7577
645	646	pt	vmw	challenge_SSA-MTE	hyp1	News	NaN	1.8110
646	647	pt	vmw	challenge_SSA-MTE	hyp1	News	NaN	8.2260
647	648	pt	vmw	challenge_SSA-MTE	hyp1	News	NaN	13.5460
648	649	pt	vmw	challenge_SSA-MTE	hyp1	News	NaN	4.8150
649	650	pt	vmw	challenge_SSA-MTE	hyp1	News	NaN	4.0654
650	651	pt	vmw	challenge_SSA-MTE	hyp1	News	NaN	13.4718
651	652	pt	vmw	challenge_SSA-MTE	hyp1	News	NaN	2.5828
652	653	pt	vmw	challenge_SSA-MTE	hyp1	News	NaN	4.7095
653	654	pt	vmw	challenge_SSA-MTE	hyp1	News	NaN	1.7892
654	655	pt	vmw	challenge_SSA-MTE	hyp1	News	NaN	5.4624
655	656	pt	vmw	challenge_SSA-MTE	hyp1	News	NaN	4.4916
656	657	pt	vmw	challenge_SSA-MTE	hyp1	News	NaN	7.8507
657	658	pt	vmw	challenge_SSA-MTE	hyp1	News	NaN	5.5515
658	659	pt	vmw	challenge_SSA-MTE	hyp1	News	NaN	2.7674
659	660	pt	vmw	challenge_SSA-MTE	hyp1	News	NaN	2.8379
660	661	pt	vmw	challenge_SSA-MTE	hyp1	News	NaN	2.5683
661	662	pt	vmw	challenge_SSA-MTE	hyp1	News	NaN	2.1028
662	663	pt	vmw	challenge_SSA-MTE	hyp1	News	NaN	6.2889
663	664	pt	vmw	challenge_SSA-MTE	hyp1	News	NaN	4.2250
664	665	pt	vmw	challenge_SSA-MTE	hyp1	News	NaN	2.0045
665	666	pt	vmw	challenge_SSA-MTE	hyp1	News	NaN	1.8155
666	667	pt	vmw	challenge_SSA-MTE	hyp1	News	NaN	3.5298
667	668	pt	vmw	challenge_SSA-MTE	hyp1	News	NaN	3.8905
668	669	pt	vmw	challenge_SSA-MTE	hyp1	News	NaN	2.8916
669	670	pt	vmw	challenge_SSA-MTE	hyp1	News	NaN	3.1581
670	671	pt	vmw	challenge_SSA-MTE	hyp1	News	NaN	10.3436
671	672	pt	vmw	challenge_SSA-MTE	hyp1	News	NaN	5.1081
672	673	pt	vmw	challenge_SSA-MTE	hyp1	News	NaN	3.5793
673	674	pt	vmw	challenge_SSA-MTE	hyp1	News	NaN	3.4586
674	675	pt	vmw	challenge_SSA-MTE	hyp1	News	NaN	2.2477
675	676	pt	vmw	challenge_SSA-MTE	hyp1	News	NaN	3.3018
676	677	pt	vmw	challenge_SSA-MTE	hyp1	News	NaN	5.7832
677	678	pt	vmw	challenge_SSA-MTE	hyp1	News	NaN	1.2321
678	679	pt	vmw	challenge_SSA-MTE	hyp1	News	NaN	7.6605
679	680	pt	vmw	challenge_SSA-MTE	hyp1	News	NaN	3.5244
680	681	pt	vmw	challenge_SSA-MTE	hyp1	News	NaN	8.1080
681	682	pt	vmw	challenge_SSA-MTE	hyp1	News	NaN	0.7567
682	683	pt	vmw	challenge_SSA-MTE	hyp1	News	NaN	15.1620
683	684	pt	vmw	challenge_SSA-MTE	hyp1	News	NaN	15.0696
684	685	pt	vmw	challenge_SSA-MTE	hyp1	News	NaN	14.9946
685	686	pt	vmw	challenge_SSA-MTE	hyp1	News	NaN	13.4924
686	687	pt	vmw	challenge_SSA-MTE	hyp1	News	NaN	5.1607
687	688	pt	vmw	challenge_SSA-MTE	hyp1	News	NaN	3.4110
688	689	pt	vmw	challenge_SSA-MTE	hyp1	News	NaN	4.9179
689	690	pt	vmw	challenge_SSA-MTE	hyp1	News	NaN	4.6172
690	691	pt	vmw	challenge_SSA-MTE	hyp1	News	NaN	5.3303
691	692	pt	vmw	challenge_SSA-MTE	hyp1	News	NaN	3.9317
692	693	pt	vmw	challenge_SSA-MTE	hyp1	News	NaN	6.0589
693	694	pt	vmw	challenge_SSA-MTE	hyp1	News	NaN	6.9873
694	695	pt	vmw	challenge_SSA-MTE	hyp1	News	NaN	4.2239
695	696	pt	vmw	challenge_SSA-MTE	hyp1	News	NaN	13.2728
696	697	pt	vmw	challenge_SSA-MTE	hyp1	News	NaN	14.5875
697	698	pt	vmw	challenge_SSA-MTE	hyp1	News	NaN	5.6710
698	699	pt	vmw	challenge_SSA-MTE	hyp1	News	NaN	36.1917
699	700	pt	vmw	challenge_SSA-MTE	hyp1	News	NaN	21.8002
700	701	pt	vmw	challenge_SSA-MTE	hyp1	News	NaN	28.0516
701	702	pt	vmw	challenge_SSA-MTE	hyp1	News	NaN	17.1287
702	703	pt	vmw	challenge_SSA-MTE	hyp1	News	NaN	10.0790
703	704	pt	vmw	challenge_SSA-MTE	hyp1	News	NaN	5.5380
704	705	pt	vmw	challenge_SSA-MTE	hyp1	News	NaN	9.8461
705	706	pt	vmw	challenge_SSA-MTE	hyp1	News	NaN	6.4372
706	707	pt	vmw	challenge_SSA-MTE	hyp1	News	NaN	4.0276
707	708	pt	vmw	challenge_SSA-MTE	hyp1	News	NaN	4.0183
708	709	pt	vmw	challenge_SSA-MTE	hyp1	News	NaN	4.7669
709	710	pt	vmw	challenge_SSA-MTE	hyp1	News	NaN	3.7965
710	711	pt	vmw	challenge_SSA-MTE	hyp1	News	NaN	2.8207
711	712	pt	vmw	challenge_SSA-MTE	hyp1	News	NaN	2.7798
712	713	pt	vmw	challenge_SSA-MTE	hyp1	News	NaN	2.7353
713	714	pt	vmw	challenge_SSA-MTE	hyp1	News	NaN	3.1023
714	715	pt	vmw	challenge_SSA-MTE	hyp1	News	NaN	3.6529
715	716	pt	vmw	challenge_SSA-MTE	hyp1	News	NaN	2.8732
716	717	pt	vmw	challenge_SSA-MTE	hyp1	News	NaN	3.6164
717	718	pt	vmw	challenge_SSA-MTE	hyp1	News	NaN	7.5242
718	719	pt	vmw	challenge_SSA-MTE	hyp1	News	NaN	4.0859
719	720	pt	vmw	challenge_SSA-MTE	hyp1	News	NaN	2.2620
720	721	pt	vmw	challenge_SSA-MTE	hyp1	News	NaN	2.8289
721	722	pt	vmw	challenge_SSA-MTE	hyp1	News	NaN	9.0326
722	723	pt	vmw	challenge_SSA-MTE	hyp1	News	NaN	4.6058
723	724	pt	vmw	challenge_SSA-MTE	hyp1	News	NaN	4.3007
724	725	pt	vmw	challenge_SSA-MTE	hyp1	News	NaN	2.0453
725	726	pt	vmw	challenge_SSA-MTE	hyp1	News	NaN	7.6334
726	727	pt	vmw	challenge_SSA-MTE	hyp1	News	NaN	3.7481
727	728	pt	vmw	challenge_SSA-MTE	hyp1	News	NaN	5.1146
728	729	pt	vmw	challenge_SSA-MTE	hyp1	News	NaN	4.4569
729	730	pt	vmw	challenge_SSA-MTE	hyp1	News	NaN	8.9138
730	731	pt	vmw	challenge_SSA-MTE	hyp1	News	NaN	21.1615
731	732	pt	vmw	challenge_SSA-MTE	hyp1	News	NaN	5.5464
732	733	pt	vmw	challenge_SSA-MTE	hyp1	News	NaN	12.6245
733	734	pt	vmw	challenge_SSA-MTE	hyp1	News	NaN	6.2379
734	735	pt	vmw	challenge_SSA-MTE	hyp1	News	NaN	4.0341
735	736	pt	vmw	challenge_SSA-MTE	hyp1	News	NaN	3.7736
736	737	pt	vmw	challenge_SSA-MTE	hyp1	News	NaN	6.4023
737	738	pt	vmw	challenge_SSA-MTE	hyp1	News	NaN	1.9508
738	739	pt	vmw	challenge_SSA-MTE	hyp1	News	NaN	11.0021
739	740	pt	vmw	challenge_SSA-MTE	hyp1	News	NaN	4.8154
740	741	pt	vmw	challenge_SSA-MTE	hyp1	News	NaN	6.0890
741	742	pt	vmw	challenge_SSA-MTE	hyp1	News	NaN	3.5111
742	743	pt	vmw	challenge_SSA-MTE	hyp1	News	NaN	4.1884
743	744	pt	vmw	challenge_SSA-MTE	hyp1	News	NaN	7.9844
744	745	pt	vmw	challenge_SSA-MTE	hyp1	News	NaN	4.7436
745	746	pt	vmw	challenge_SSA-MTE	hyp1	News	NaN	19.6189
746	747	pt	vmw	challenge_SSA-MTE	hyp1	News	NaN	12.5008
747	748	pt	vmw	challenge_SSA-MTE	hyp1	News	NaN	3.4936
748	749	pt	vmw	challenge_SSA-MTE	hyp1	News	NaN	14.9868
749	750	pt	vmw	challenge_SSA-MTE	hyp1	News	NaN	9.5279
750	751	pt	vmw	challenge_SSA-MTE	hyp1	News	NaN	11.5409
751	752	pt	vmw	challenge_SSA-MTE	hyp1	News	NaN	11.5699
752	753	pt	vmw	challenge_SSA-MTE	hyp1	News	NaN	12.0174
753	754	pt	vmw	challenge_SSA-MTE	hyp1	News	NaN	6.3222
754	755	pt	vmw	challenge_SSA-MTE	hyp1	News	NaN	8.9053
755	756	pt	vmw	challenge_SSA-MTE	hyp1	News	NaN	6.1487
756	757	pt	vmw	challenge_SSA-MTE	hyp1	News	NaN	2.1590
757	758	pt	vmw	challenge_SSA-MTE	hyp1	News	NaN	2.9682
758	759	pt	vmw	challenge_SSA-MTE	hyp1	News	NaN	2.0453
759	760	pt	vmw	challenge_SSA-MTE	hyp1	News	NaN	1.9295
760	761	pt	vmw	challenge_SSA-MTE	hyp1	News	NaN	7.5796
761	762	pt	vmw	challenge_SSA-MTE	hyp1	News	NaN	6.9063
762	763	pt	vmw	challenge_SSA-MTE	hyp1	News	NaN	5.4924
763	764	pt	vmw	challenge_SSA-MTE	hyp1	News	NaN	1.6404
764	765	pt	vmw	challenge_SSA-MTE	hyp1	News	NaN	3.3570
765	766	pt	vmw	challenge_SSA-MTE	hyp1	News	NaN	1.7912
766	767	pt	vmw	challenge_SSA-MTE	hyp1	News	NaN	4.3280
767	768	pt	vmw	challenge_SSA-MTE	hyp1	News	NaN	4.5231
768	769	pt	vmw	challenge_SSA-MTE	hyp1	News	NaN	13.9907
769	770	pt	vmw	challenge_SSA-MTE	hyp1	News	NaN	1.9461
770	771	pt	vmw	challenge_SSA-MTE	hyp1	News	NaN	4.2154
771	772	pt	vmw	challenge_SSA-MTE	hyp1	News	NaN	3.8024
772	773	pt	vmw	challenge_SSA-MTE	hyp1	News	NaN	3.6164
773	774	pt	vmw	challenge_SSA-MTE	hyp1	News	NaN	2.2574
774	775	pt	vmw	challenge_SSA-MTE	hyp1	News	NaN	3.0098
775	776	pt	vmw	challenge_SSA-MTE	hyp1	News	NaN	14.0258
776	777	pt	vmw	challenge_SSA-MTE	hyp1	News	NaN	3.0273
777	778	pt	vmw	challenge_SSA-MTE	hyp1	News	NaN	2.7197
778	779	pt	vmw	challenge_SSA-MTE	hyp1	News	NaN	6.1356
779	780	pt	vmw	challenge_SSA-MTE	hyp1	News	NaN	1.9304
780	781	pt	vmw	challenge_SSA-MTE	hyp1	News	NaN	9.1728
781	782	pt	vmw	challenge_SSA-MTE	hyp1	News	NaN	2.8174
782	783	pt	vmw	challenge_SSA-MTE	hyp1	News	NaN	4.6375
783	784	pt	vmw	challenge_SSA-MTE	hyp1	News	NaN	3.1876
784	785	pt	vmw	challenge_SSA-MTE	hyp1	News	NaN	3.4809
785	786	pt	vmw	challenge_SSA-MTE	hyp1	News	NaN	9.4733
786	787	pt	vmw	challenge_SSA-MTE	hyp1	News	NaN	6.2504
787	788	pt	vmw	challenge_SSA-MTE	hyp1	News	NaN	3.4586
788	789	pt	vmw	challenge_SSA-MTE	hyp1	News	NaN	9.5072
789	790	pt	vmw	challenge_SSA-MTE	hyp1	News	NaN	11.8964
790	791	pt	vmw	challenge_SSA-MTE	hyp1	News	NaN	3.4979
791	792	pt	vmw	challenge_SSA-MTE	hyp1	News	NaN	5.2441
792	793	pt	vmw	challenge_SSA-MTE	hyp1	News	NaN	0.7099
793	794	pt	vmw	challenge_SSA-MTE	hyp1	News	NaN	9.8717
794	795	pt	vmw	challenge_SSA-MTE	hyp1	News	NaN	7.1487
795	796	pt	vmw	challenge_SSA-MTE	hyp1	News	NaN	2.4499
796	797	pt	vmw	challenge_SSA-MTE	hyp1	News	NaN	2.9135
797	798	pt	vmw	challenge_SSA-MTE	hyp1	News	NaN	7.2239
798	799	pt	vmw	challenge_SSA-MTE	hyp1	News	NaN	10.9349
799	800	pt	vmw	challenge_SSA-MTE	hyp1	News	NaN	5.0912
800	801	pt	vmw	challenge_SSA-MTE	hyp1	News	NaN	10.1237
801	802	pt	vmw	challenge_SSA-MTE	hyp1	News	NaN	7.5543
802	803	pt	vmw	challenge_SSA-MTE	hyp1	News	NaN	4.8684
803	804	pt	vmw	challenge_SSA-MTE	hyp1	News	NaN	3.0503
804	805	pt	vmw	challenge_SSA-MTE	hyp1	News	NaN	1.2439
805	806	pt	vmw	challenge_SSA-MTE	hyp1	News	NaN	6.4826
806	807	pt	vmw	challenge_SSA-MTE	hyp1	News	NaN	7.1817
807	808	pt	vmw	challenge_SSA-MTE	hyp1	News	NaN	7.3656
808	809	pt	vmw	challenge_SSA-MTE	hyp1	News	NaN	3.6619
809	810	pt	vmw	challenge_SSA-MTE	hyp1	News	NaN	2.2611
810	811	pt	vmw	challenge_SSA-MTE	hyp1	News	NaN	2.0693
811	812	pt	vmw	challenge_SSA-MTE	hyp1	News	NaN	2.1756
812	813	pt	vmw	challenge_SSA-MTE	hyp1	News	NaN	2.0175
813	814	pt	vmw	challenge_SSA-MTE	hyp1	News	NaN	2.4478
814	815	pt	vmw	challenge_SSA-MTE	hyp1	News	NaN	7.6115
815	816	pt	vmw	challenge_SSA-MTE	hyp1	News	NaN	3.1497
816	817	pt	vmw	challenge_SSA-MTE	hyp1	News	NaN	5.6332
817	818	pt	vmw	challenge_SSA-MTE	hyp1	News	NaN	3.2342
818	819	pt	vmw	challenge_SSA-MTE	hyp1	News	NaN	2.5540
819	820	pt	vmw	challenge_SSA-MTE	hyp1	News	NaN	3.2490
820	821	pt	vmw	challenge_SSA-MTE	hyp1	News	NaN	2.4075
821	822	pt	vmw	challenge_SSA-MTE	hyp1	News	NaN	10.7654
822	823	pt	vmw	challenge_SSA-MTE	hyp1	News	NaN	4.8858
823	824	pt	vmw	challenge_SSA-MTE	hyp1	News	NaN	5.3053
824	825	pt	vmw	challenge_SSA-MTE	hyp1	News	NaN	1.4861
825	826	pt	vmw	challenge_SSA-MTE	hyp1	News	NaN	1.8693
826	827	pt	vmw	challenge_SSA-MTE	hyp1	News	NaN	1.7410
827	828	pt	vmw	challenge_SSA-MTE	hyp1	News	NaN	6.5666
828	829	pt	vmw	challenge_SSA-MTE	hyp1	News	NaN	0.7279
829	830	pt	vmw	challenge_SSA-MTE	hyp1	News	NaN	5.7278
830	831	pt	vmw	challenge_SSA-MTE	hyp1	News	NaN	7.9369
831	832	pt	vmw	challenge_SSA-MTE	hyp1	News	NaN	4.9216
832	833	pt	vmw	challenge_SSA-MTE	hyp1	News	NaN	4.5017
833	834	pt	vmw	challenge_SSA-MTE	hyp1	News	NaN	5.5948
834	835	pt	vmw	challenge_SSA-MTE	hyp1	News	NaN	9.1478
835	836	pt	vmw	challenge_SSA-MTE	hyp1	News	NaN	5.1643
836	837	pt	vmw	challenge_SSA-MTE	hyp1	News	NaN	8.8809
837	838	pt	vmw	challenge_SSA-MTE	hyp1	News	NaN	9.4092
838	839	pt	vmw	challenge_SSA-MTE	hyp1	News	NaN	4.8210
839	840	pt	vmw	challenge_SSA-MTE	hyp1	News	NaN	2.5198
840	841	pt	vmw	challenge_SSA-MTE	hyp1	News	NaN	2.4347
841	842	pt	vmw	challenge_SSA-MTE	hyp1	News	NaN	12.3982
842	843	pt	vmw	challenge_SSA-MTE	hyp1	News	NaN	16.6853
843	844	pt	vmw	challenge_SSA-MTE	hyp1	News	NaN	12.1620
844	845	pt	vmw	challenge_SSA-MTE	hyp1	News	NaN	5.4071
845	846	pt	vmw	challenge_SSA-MTE	hyp1	News	NaN	15.2160
846	847	pt	vmw	challenge_SSA-MTE	hyp1	News	NaN	18.0728
847	848	pt	vmw	challenge_SSA-MTE	hyp1	News	NaN	14.0881
848	849	pt	vmw	challenge_SSA-MTE	hyp1	News	NaN	2.6485
849	850	pt	vmw	challenge_SSA-MTE	hyp1	News	NaN	6.1419
850	851	pt	vmw	challenge_SSA-MTE	hyp1	News	NaN	8.4872
851	852	pt	vmw	challenge_SSA-MTE	hyp1	News	NaN	3.0462
852	853	pt	vmw	challenge_SSA-MTE	hyp1	News	NaN	6.6092
853	854	pt	vmw	challenge_SSA-MTE	hyp1	News	NaN	4.8222
854	855	pt	vmw	challenge_SSA-MTE	hyp1	News	NaN	5.3475
855	856	pt	vmw	challenge_SSA-MTE	hyp1	News	NaN	4.8321
856	857	pt	vmw	challenge_SSA-MTE	hyp1	News	NaN	4.0492
857	858	pt	vmw	challenge_SSA-MTE	hyp1	News	NaN	2.0138
858	859	pt	vmw	challenge_SSA-MTE	hyp1	News	NaN	3.7129
859	860	pt	vmw	challenge_SSA-MTE	hyp1	News	NaN	2.0693
860	861	pt	vmw	challenge_SSA-MTE	hyp1	News	NaN	9.1733
861	862	pt	vmw	challenge_SSA-MTE	hyp1	News	NaN	13.7905
862	863	pt	vmw	challenge_SSA-MTE	hyp1	News	NaN	10.6828
863	864	pt	vmw	challenge_SSA-MTE	hyp1	News	NaN	3.0902
864	865	pt	vmw	challenge_SSA-MTE	hyp1	News	NaN	14.2306
865	866	pt	vmw	challenge_SSA-MTE	hyp1	News	NaN	16.6476
866	867	pt	vmw	challenge_SSA-MTE	hyp1	News	NaN	8.4616
867	868	pt	vmw	challenge_SSA-MTE	hyp1	News	NaN	2.8166
868	869	pt	vmw	challenge_SSA-MTE	hyp1	News	NaN	2.8521
869	870	pt	vmw	challenge_SSA-MTE	hyp1	News	NaN	0.9301
870	871	pt	vmw	challenge_SSA-MTE	hyp1	News	NaN	5.9251
871	872	pt	vmw	challenge_SSA-MTE	hyp1	News	NaN	3.6655
872	873	pt	vmw	challenge_SSA-MTE	hyp1	News	NaN	9.9584
873	874	pt	vmw	challenge_SSA-MTE	hyp1	News	NaN	2.4559
874	875	pt	vmw	challenge_SSA-MTE	hyp1	News	NaN	6.0449
875	876	pt	vmw	challenge_SSA-MTE	hyp1	News	NaN	4.3731
876	877	pt	vmw	challenge_SSA-MTE	hyp1	News	NaN	4.6267
877	878	pt	vmw	challenge_SSA-MTE	hyp1	News	NaN	2.0061
878	879	pt	vmw	challenge_SSA-MTE	hyp1	News	NaN	6.1870
879	880	pt	vmw	challenge_SSA-MTE	hyp1	News	NaN	7.6704
880	881	pt	vmw	challenge_SSA-MTE	hyp1	News	NaN	5.5379
881	882	pt	vmw	challenge_SSA-MTE	hyp1	News	NaN	2.9804
882	883	pt	vmw	challenge_SSA-MTE	hyp1	News	NaN	9.3279
883	884	pt	vmw	challenge_SSA-MTE	hyp1	News	NaN	3.0389
884	885	pt	vmw	challenge_SSA-MTE	hyp1	News	NaN	3.5199
885	886	pt	vmw	challenge_SSA-MTE	hyp1	News	NaN	4.3441
886	887	pt	vmw	challenge_SSA-MTE	hyp1	News	NaN	1.9627
887	888	pt	vmw	challenge_SSA-MTE	hyp1	News	NaN	2.0471
888	889	pt	vmw	challenge_SSA-MTE	hyp1	News	NaN	8.8705
889	890	pt	vmw	challenge_SSA-MTE	hyp1	News	NaN	6.2404
890	891	pt	vmw	challenge_SSA-MTE	hyp1	News	NaN	7.0728
891	892	pt	vmw	challenge_SSA-MTE	hyp1	News	NaN	6.8823
892	893	pt	vmw	challenge_SSA-MTE	hyp1	News	NaN	6.5419
893	894	pt	vmw	challenge_SSA-MTE	hyp1	News	NaN	7.8320
894	895	pt	vmw	challenge_SSA-MTE	hyp1	News	NaN	6.6753
895	896	pt	vmw	challenge_SSA-MTE	hyp1	News	NaN	2.2574
896	897	pt	vmw	challenge_SSA-MTE	hyp1	News	NaN	2.8326
897	898	pt	vmw	challenge_SSA-MTE	hyp1	News	NaN	1.1072
898	899	pt	vmw	challenge_SSA-MTE	hyp1	News	NaN	2.1637
899	900	pt	vmw	challenge_SSA-MTE	hyp1	News	NaN	2.9827
900	901	pt	vmw	challenge_SSA-MTE	hyp1	News	NaN	2.9402
901	902	pt	vmw	challenge_SSA-MTE	hyp1	News	NaN	3.4903
902	903	pt	vmw	challenge_SSA-MTE	hyp1	News	NaN	1.4701
903	904	pt	vmw	challenge_SSA-MTE	hyp1	News	NaN	4.7212
904	905	pt	vmw	challenge_SSA-MTE	hyp1	News	NaN	1.7040
905	906	pt	vmw	challenge_SSA-MTE	hyp1	News	NaN	1.1440
906	907	pt	vmw	challenge_SSA-MTE	hyp1	News	NaN	1.6814
907	908	pt	vmw	challenge_SSA-MTE	hyp1	News	NaN	3.6237
908	909	pt	vmw	challenge_SSA-MTE	hyp1	News	NaN	6.0540
909	910	pt	vmw	challenge_SSA-MTE	hyp1	News	NaN	9.3136
910	911	pt	vmw	challenge_SSA-MTE	hyp1	News	NaN	2.5877
911	912	pt	vmw	challenge_SSA-MTE	hyp1	News	NaN	4.1260
912	913	pt	vmw	challenge_SSA-MTE	hyp1	News	NaN	1.9522
913	914	pt	vmw	challenge_SSA-MTE	hyp1	News	NaN	3.6271
914	915	pt	vmw	challenge_SSA-MTE	hyp1	News	NaN	3.9645
915	916	pt	vmw	challenge_SSA-MTE	hyp1	News	NaN	12.5243
916	917	pt	vmw	challenge_SSA-MTE	hyp1	News	NaN	5.2371
917	918	pt	vmw	challenge_SSA-MTE	hyp1	News	NaN	4.3906
918	919	pt	vmw	challenge_SSA-MTE	hyp1	News	NaN	2.5597
919	920	pt	vmw	challenge_SSA-MTE	hyp1	News	NaN	3.8211
920	921	pt	vmw	challenge_SSA-MTE	hyp1	News	NaN	4.5301
921	922	pt	vmw	challenge_SSA-MTE	hyp1	News	NaN	1.9217
922	923	pt	vmw	challenge_SSA-MTE	hyp1	News	NaN	1.1561
923	924	pt	vmw	challenge_SSA-MTE	hyp1	News	NaN	5.1556
924	925	pt	vmw	challenge_SSA-MTE	hyp1	News	NaN	8.2459
925	926	pt	vmw	challenge_SSA-MTE	hyp1	News	NaN	5.2686
926	927	pt	vmw	challenge_SSA-MTE	hyp1	News	NaN	5.2788
927	928	pt	vmw	challenge_SSA-MTE	hyp1	News	NaN	7.2053
928	929	pt	vmw	challenge_SSA-MTE	hyp1	News	NaN	2.9025
929	930	pt	vmw	challenge_SSA-MTE	hyp1	News	NaN	3.6164
