doc_id	segment_id	source_lang	target_lang	set_id	system_id	domain_name	method	overall
0	1	en	amh	challenge_SSA-MTE	hyp1	News	NaN	0.8482
1	2	en	amh	challenge_SSA-MTE	hyp1	News	NaN	0.8185
2	3	en	amh	challenge_SSA-MTE	hyp1	News	NaN	0.6149
3	4	en	amh	challenge_SSA-MTE	hyp1	News	NaN	0.6085
4	5	en	amh	challenge_SSA-MTE	hyp1	News	NaN	0.8459
5	6	en	amh	challenge_SSA-MTE	hyp1	News	NaN	0.8790
6	7	en	amh	challenge_SSA-MTE	hyp1	News	NaN	0.8466
7	8	en	amh	challenge_SSA-MTE	hyp1	News	NaN	0.8989
8	9	en	amh	challenge_SSA-MTE	hyp1	News	NaN	0.6233
9	10	en	amh	challenge_SSA-MTE	hyp1	News	NaN	0.8938
10	11	en	amh	challenge_SSA-MTE	hyp1	News	NaN	0.8769
11	12	en	amh	challenge_SSA-MTE	hyp1	News	NaN	0.6760
12	13	en	amh	challenge_SSA-MTE	hyp1	News	NaN	0.8354
13	14	en	amh	challenge_SSA-MTE	hyp1	News	NaN	0.8831
14	15	en	amh	challenge_SSA-MTE	hyp1	News	NaN	0.8819
15	16	en	amh	challenge_SSA-MTE	hyp1	News	NaN	0.8275
16	17	en	amh	challenge_SSA-MTE	hyp1	News	NaN	0.8938
17	18	en	amh	challenge_SSA-MTE	hyp1	News	NaN	0.8860
18	19	en	amh	challenge_SSA-MTE	hyp1	News	NaN	0.8830
19	20	en	amh	challenge_SSA-MTE	hyp1	News	NaN	0.8880
20	21	en	amh	challenge_SSA-MTE	hyp1	News	NaN	0.8574
21	22	en	amh	challenge_SSA-MTE	hyp1	News	NaN	0.8938
22	23	en	amh	challenge_SSA-MTE	hyp1	News	NaN	0.8624
23	24	en	amh	challenge_SSA-MTE	hyp1	News	NaN	0.8381
24	25	en	amh	challenge_SSA-MTE	hyp1	News	NaN	0.8962
25	26	en	amh	challenge_SSA-MTE	hyp1	News	NaN	0.8933
26	27	en	amh	challenge_SSA-MTE	hyp1	News	NaN	0.8746
27	28	en	amh	challenge_SSA-MTE	hyp1	News	NaN	0.8650
28	29	en	amh	challenge_SSA-MTE	hyp1	News	NaN	0.8739
29	30	en	amh	challenge_SSA-MTE	hyp1	News	NaN	0.8717
30	31	en	amh	challenge_SSA-MTE	hyp1	News	NaN	0.8745
31	32	en	amh	challenge_SSA-MTE	hyp1	News	NaN	0.8990
32	33	en	amh	challenge_SSA-MTE	hyp1	News	NaN	0.9068
33	34	en	amh	challenge_SSA-MTE	hyp1	News	NaN	0.8953
34	35	en	amh	challenge_SSA-MTE	hyp1	News	NaN	0.9061
35	36	en	amh	challenge_SSA-MTE	hyp1	News	NaN	0.9053
36	37	en	amh	challenge_SSA-MTE	hyp1	News	NaN	0.9000
37	38	en	amh	challenge_SSA-MTE	hyp1	News	NaN	0.9012
38	39	en	amh	challenge_SSA-MTE	hyp1	News	NaN	0.9023
39	40	en	amh	challenge_SSA-MTE	hyp1	News	NaN	0.8947
40	41	en	amh	challenge_SSA-MTE	hyp1	News	NaN	0.8124
41	42	en	amh	challenge_SSA-MTE	hyp1	News	NaN	0.8971
42	43	en	amh	challenge_SSA-MTE	hyp1	News	NaN	0.8090
43	44	en	amh	challenge_SSA-MTE	hyp1	News	NaN	0.7893
44	45	en	amh	challenge_SSA-MTE	hyp1	News	NaN	0.9088
45	46	en	amh	challenge_SSA-MTE	hyp1	News	NaN	0.8406
46	47	en	amh	challenge_SSA-MTE	hyp1	News	NaN	0.9048
47	48	en	amh	challenge_SSA-MTE	hyp1	News	NaN	0.9067
48	49	en	amh	challenge_SSA-MTE	hyp1	News	NaN	0.9035
49	50	en	amh	challenge_SSA-MTE	hyp1	News	NaN	0.9040
50	51	en	amh	challenge_SSA-MTE	hyp1	News	NaN	0.9020
51	52	en	amh	challenge_SSA-MTE	hyp1	News	NaN	0.9075
52	53	en	amh	challenge_SSA-MTE	hyp1	News	NaN	0.7335
53	54	en	amh	challenge_SSA-MTE	hyp1	News	NaN	0.8847
54	55	en	amh	challenge_SSA-MTE	hyp1	News	NaN	0.7196
55	56	en	amh	challenge_SSA-MTE	hyp1	News	NaN	0.6447
56	57	en	amh	challenge_SSA-MTE	hyp1	News	NaN	0.8678
57	58	en	amh	challenge_SSA-MTE	hyp1	News	NaN	0.9043
58	59	en	amh	challenge_SSA-MTE	hyp1	News	NaN	0.8449
59	60	en	amh	challenge_SSA-MTE	hyp1	News	NaN	0.8730
60	61	en	amh	challenge_SSA-MTE	hyp1	News	NaN	0.9123
61	62	en	amh	challenge_SSA-MTE	hyp1	News	NaN	0.8951
62	63	en	amh	challenge_SSA-MTE	hyp1	News	NaN	0.8763
63	64	en	amh	challenge_SSA-MTE	hyp1	News	NaN	0.9074
64	65	en	amh	challenge_SSA-MTE	hyp1	News	NaN	0.8762
65	66	en	amh	challenge_SSA-MTE	hyp1	News	NaN	0.8029
66	67	en	amh	challenge_SSA-MTE	hyp1	News	NaN	0.9044
67	68	en	amh	challenge_SSA-MTE	hyp1	News	NaN	0.9058
68	69	en	amh	challenge_SSA-MTE	hyp1	News	NaN	0.7874
69	70	en	amh	challenge_SSA-MTE	hyp1	News	NaN	0.7962
70	71	en	amh	challenge_SSA-MTE	hyp1	News	NaN	0.8882
71	72	en	amh	challenge_SSA-MTE	hyp1	News	NaN	0.8896
72	73	en	amh	challenge_SSA-MTE	hyp1	News	NaN	0.8318
73	74	en	amh	challenge_SSA-MTE	hyp1	News	NaN	0.8975
74	75	en	amh	challenge_SSA-MTE	hyp1	News	NaN	0.8930
75	76	en	amh	challenge_SSA-MTE	hyp1	News	NaN	0.8179
76	77	en	amh	challenge_SSA-MTE	hyp1	News	NaN	0.8978
77	78	en	amh	challenge_SSA-MTE	hyp1	News	NaN	0.4767
78	79	en	amh	challenge_SSA-MTE	hyp1	News	NaN	0.8977
79	80	en	amh	challenge_SSA-MTE	hyp1	News	NaN	0.9101
80	81	en	amh	challenge_SSA-MTE	hyp1	News	NaN	0.8327
81	82	en	amh	challenge_SSA-MTE	hyp1	News	NaN	0.8875
82	83	en	amh	challenge_SSA-MTE	hyp1	News	NaN	0.8963
83	84	en	amh	challenge_SSA-MTE	hyp1	News	NaN	0.8836
84	85	en	amh	challenge_SSA-MTE	hyp1	News	NaN	0.8836
85	86	en	amh	challenge_SSA-MTE	hyp1	News	NaN	0.8742
86	87	en	amh	challenge_SSA-MTE	hyp1	News	NaN	0.8447
87	88	en	amh	challenge_SSA-MTE	hyp1	News	NaN	0.8851
88	89	en	amh	challenge_SSA-MTE	hyp1	News	NaN	0.9148
89	90	en	amh	challenge_SSA-MTE	hyp1	News	NaN	0.8934
90	91	en	amh	challenge_SSA-MTE	hyp1	News	NaN	0.9024
91	92	en	amh	challenge_SSA-MTE	hyp1	News	NaN	0.8870
92	93	en	amh	challenge_SSA-MTE	hyp1	News	NaN	0.9139
93	94	en	amh	challenge_SSA-MTE	hyp1	News	NaN	0.9011
94	95	en	amh	challenge_SSA-MTE	hyp1	News	NaN	0.8199
95	96	en	amh	challenge_SSA-MTE	hyp1	News	NaN	0.8127
96	97	en	amh	challenge_SSA-MTE	hyp1	News	NaN	0.6071
97	98	en	amh	challenge_SSA-MTE	hyp1	News	NaN	0.8403
98	99	en	amh	challenge_SSA-MTE	hyp1	News	NaN	0.8733
99	100	en	amh	challenge_SSA-MTE	hyp1	News	NaN	0.8458
100	101	en	amh	challenge_SSA-MTE	hyp1	News	NaN	0.9055
101	102	en	amh	challenge_SSA-MTE	hyp1	News	NaN	0.9046
102	103	en	amh	challenge_SSA-MTE	hyp1	News	NaN	0.9015
103	104	en	amh	challenge_SSA-MTE	hyp1	News	NaN	0.9053
104	105	en	amh	challenge_SSA-MTE	hyp1	News	NaN	0.8896
105	106	en	amh	challenge_SSA-MTE	hyp1	News	NaN	0.8915
106	107	en	amh	challenge_SSA-MTE	hyp1	News	NaN	0.9097
107	108	en	amh	challenge_SSA-MTE	hyp1	News	NaN	0.9039
108	109	en	amh	challenge_SSA-MTE	hyp1	News	NaN	0.8799
109	110	en	amh	challenge_SSA-MTE	hyp1	News	NaN	0.8694
110	111	en	amh	challenge_SSA-MTE	hyp1	News	NaN	0.8273
111	112	en	amh	challenge_SSA-MTE	hyp1	News	NaN	0.8656
112	113	en	amh	challenge_SSA-MTE	hyp1	News	NaN	0.8528
113	114	en	amh	challenge_SSA-MTE	hyp1	News	NaN	0.8360
114	115	en	amh	challenge_SSA-MTE	hyp1	News	NaN	0.6955
115	116	en	amh	challenge_SSA-MTE	hyp1	News	NaN	0.8437
116	117	en	amh	challenge_SSA-MTE	hyp1	News	NaN	0.7880
117	118	en	amh	challenge_SSA-MTE	hyp1	News	NaN	0.8575
118	119	en	amh	challenge_SSA-MTE	hyp1	News	NaN	0.5375
119	120	en	amh	challenge_SSA-MTE	hyp1	News	NaN	0.7445
120	121	en	amh	challenge_SSA-MTE	hyp1	News	NaN	0.6821
121	122	en	amh	challenge_SSA-MTE	hyp1	News	NaN	0.5216
122	123	en	amh	challenge_SSA-MTE	hyp1	News	NaN	0.7508
123	124	en	amh	challenge_SSA-MTE	hyp1	News	NaN	0.9026
124	125	en	amh	challenge_SSA-MTE	hyp1	News	NaN	0.9009
125	126	en	amh	challenge_SSA-MTE	hyp1	News	NaN	0.9079
126	127	en	amh	challenge_SSA-MTE	hyp1	News	NaN	0.9060
127	128	en	amh	challenge_SSA-MTE	hyp1	News	NaN	0.9045
128	129	en	amh	challenge_SSA-MTE	hyp1	News	NaN	0.9040
129	130	en	amh	challenge_SSA-MTE	hyp1	News	NaN	0.9127
130	131	en	amh	challenge_SSA-MTE	hyp1	News	NaN	0.9124
131	132	en	amh	challenge_SSA-MTE	hyp1	News	NaN	0.9094
132	133	en	amh	challenge_SSA-MTE	hyp1	News	NaN	0.9099
133	134	en	amh	challenge_SSA-MTE	hyp1	News	NaN	0.9134
134	135	en	amh	challenge_SSA-MTE	hyp1	News	NaN	0.9024
135	136	en	amh	challenge_SSA-MTE	hyp1	News	NaN	0.8937
136	137	en	amh	challenge_SSA-MTE	hyp1	News	NaN	0.9023
137	138	en	amh	challenge_SSA-MTE	hyp1	News	NaN	0.9019
138	139	en	amh	challenge_SSA-MTE	hyp1	News	NaN	0.8546
139	140	en	amh	challenge_SSA-MTE	hyp1	News	NaN	0.9002
140	141	en	amh	challenge_SSA-MTE	hyp1	News	NaN	0.9075
141	142	en	amh	challenge_SSA-MTE	hyp1	News	NaN	0.9036
142	143	en	amh	challenge_SSA-MTE	hyp1	News	NaN	0.9066
143	144	en	amh	challenge_SSA-MTE	hyp1	News	NaN	0.8403
144	145	en	amh	challenge_SSA-MTE	hyp1	News	NaN	0.5787
145	146	en	amh	challenge_SSA-MTE	hyp1	News	NaN	0.8387
146	147	en	amh	challenge_SSA-MTE	hyp1	News	NaN	0.7957
147	148	en	amh	challenge_SSA-MTE	hyp1	News	NaN	0.7603
148	149	en	amh	challenge_SSA-MTE	hyp1	News	NaN	0.9087
149	150	en	amh	challenge_SSA-MTE	hyp1	News	NaN	0.8934
150	151	en	amh	challenge_SSA-MTE	hyp1	News	NaN	0.9032
151	152	en	amh	challenge_SSA-MTE	hyp1	News	NaN	0.8893
152	153	en	amh	challenge_SSA-MTE	hyp1	News	NaN	0.9038
153	154	en	amh	challenge_SSA-MTE	hyp1	News	NaN	0.9055
154	155	en	amh	challenge_SSA-MTE	hyp1	News	NaN	0.7963
155	156	en	amh	challenge_SSA-MTE	hyp1	News	NaN	0.7164
156	157	en	amh	challenge_SSA-MTE	hyp1	News	NaN	0.8596
157	158	en	amh	challenge_SSA-MTE	hyp1	News	NaN	0.8761
158	159	en	amh	challenge_SSA-MTE	hyp1	News	NaN	0.6723
159	160	en	amh	challenge_SSA-MTE	hyp1	News	NaN	0.8632
160	161	en	amh	challenge_SSA-MTE	hyp1	News	NaN	0.8197
161	162	en	amh	challenge_SSA-MTE	hyp1	News	NaN	0.8920
162	163	en	amh	challenge_SSA-MTE	hyp1	News	NaN	0.7903
163	164	en	amh	challenge_SSA-MTE	hyp1	News	NaN	0.8787
164	165	en	amh	challenge_SSA-MTE	hyp1	News	NaN	0.8530
165	166	en	amh	challenge_SSA-MTE	hyp1	News	NaN	0.8803
166	167	en	amh	challenge_SSA-MTE	hyp1	News	NaN	0.7269
167	168	en	amh	challenge_SSA-MTE	hyp1	News	NaN	0.8696
168	169	en	amh	challenge_SSA-MTE	hyp1	News	NaN	0.8780
169	170	en	amh	challenge_SSA-MTE	hyp1	News	NaN	0.9085
170	171	en	amh	challenge_SSA-MTE	hyp1	News	NaN	0.9046
171	172	en	amh	challenge_SSA-MTE	hyp1	News	NaN	0.9004
172	173	en	amh	challenge_SSA-MTE	hyp1	News	NaN	0.9076
173	174	en	amh	challenge_SSA-MTE	hyp1	News	NaN	0.9016
174	175	en	amh	challenge_SSA-MTE	hyp1	News	NaN	0.9026
175	176	en	amh	challenge_SSA-MTE	hyp1	News	NaN	0.8990
176	177	en	amh	challenge_SSA-MTE	hyp1	News	NaN	0.6076
177	178	en	amh	challenge_SSA-MTE	hyp1	News	NaN	0.4294
178	179	en	amh	challenge_SSA-MTE	hyp1	News	NaN	0.9003
179	180	en	amh	challenge_SSA-MTE	hyp1	News	NaN	0.8970
180	181	en	amh	challenge_SSA-MTE	hyp1	News	NaN	0.8920
181	182	en	amh	challenge_SSA-MTE	hyp1	News	NaN	0.8913
182	183	en	amh	challenge_SSA-MTE	hyp1	News	NaN	0.8876
183	184	en	amh	challenge_SSA-MTE	hyp1	News	NaN	0.8994
184	185	en	amh	challenge_SSA-MTE	hyp1	News	NaN	0.8959
185	186	en	amh	challenge_SSA-MTE	hyp1	News	NaN	0.8967
186	187	en	amh	challenge_SSA-MTE	hyp1	News	NaN	0.9127
187	188	en	amh	challenge_SSA-MTE	hyp1	News	NaN	0.8183
188	189	en	amh	challenge_SSA-MTE	hyp1	News	NaN	0.9110
189	190	en	amh	challenge_SSA-MTE	hyp1	News	NaN	0.4253
190	191	en	amh	challenge_SSA-MTE	hyp1	News	NaN	0.9092
191	192	en	amh	challenge_SSA-MTE	hyp1	News	NaN	0.9145
192	193	en	amh	challenge_SSA-MTE	hyp1	News	NaN	0.9029
193	194	en	amh	challenge_SSA-MTE	hyp1	News	NaN	0.9029
194	195	en	amh	challenge_SSA-MTE	hyp1	News	NaN	0.9039
195	196	en	amh	challenge_SSA-MTE	hyp1	News	NaN	0.4554
196	197	en	amh	challenge_SSA-MTE	hyp1	News	NaN	0.9055
197	198	en	amh	challenge_SSA-MTE	hyp1	News	NaN	0.9068
198	199	en	amh	challenge_SSA-MTE	hyp1	News	NaN	0.8973
199	200	en	amh	challenge_SSA-MTE	hyp1	News	NaN	0.8509
200	201	en	amh	challenge_SSA-MTE	hyp1	News	NaN	0.8859
201	202	en	amh	challenge_SSA-MTE	hyp1	News	NaN	0.8960
202	203	en	amh	challenge_SSA-MTE	hyp1	News	NaN	0.8992
203	204	en	amh	challenge_SSA-MTE	hyp1	News	NaN	0.6584
204	205	en	amh	challenge_SSA-MTE	hyp1	News	NaN	0.7229
205	206	en	amh	challenge_SSA-MTE	hyp1	News	NaN	0.9114
206	207	en	amh	challenge_SSA-MTE	hyp1	News	NaN	0.8982
207	208	en	amh	challenge_SSA-MTE	hyp1	News	NaN	0.9004
208	209	en	amh	challenge_SSA-MTE	hyp1	News	NaN	0.9043
209	210	en	amh	challenge_SSA-MTE	hyp1	News	NaN	0.8982
210	211	en	amh	challenge_SSA-MTE	hyp1	News	NaN	0.8923
211	212	en	amh	challenge_SSA-MTE	hyp1	News	NaN	0.8944
212	213	en	amh	challenge_SSA-MTE	hyp1	News	NaN	0.8890
213	214	en	amh	challenge_SSA-MTE	hyp1	News	NaN	0.8747
214	215	en	amh	challenge_SSA-MTE	hyp1	News	NaN	0.8867
215	216	en	amh	challenge_SSA-MTE	hyp1	News	NaN	0.8516
216	217	en	amh	challenge_SSA-MTE	hyp1	News	NaN	0.7529
217	218	en	amh	challenge_SSA-MTE	hyp1	News	NaN	0.7505
218	219	en	amh	challenge_SSA-MTE	hyp1	News	NaN	0.8858
219	220	en	amh	challenge_SSA-MTE	hyp1	News	NaN	0.8843
220	221	en	amh	challenge_SSA-MTE	hyp1	News	NaN	0.9004
221	222	en	amh	challenge_SSA-MTE	hyp1	News	NaN	0.8878
222	223	en	amh	challenge_SSA-MTE	hyp1	News	NaN	0.9032
223	224	en	amh	challenge_SSA-MTE	hyp1	News	NaN	0.9029
224	225	en	amh	challenge_SSA-MTE	hyp1	News	NaN	0.9021
225	226	en	amh	challenge_SSA-MTE	hyp1	News	NaN	0.9050
226	227	en	amh	challenge_SSA-MTE	hyp1	News	NaN	0.8894
227	228	en	amh	challenge_SSA-MTE	hyp1	News	NaN	0.8743
228	229	en	amh	challenge_SSA-MTE	hyp1	News	NaN	0.8714
229	230	en	amh	challenge_SSA-MTE	hyp1	News	NaN	0.8798
230	231	en	amh	challenge_SSA-MTE	hyp1	News	NaN	0.8794
231	232	en	amh	challenge_SSA-MTE	hyp1	News	NaN	0.8874
232	233	en	amh	challenge_SSA-MTE	hyp1	News	NaN	0.8986
233	234	en	amh	challenge_SSA-MTE	hyp1	News	NaN	0.8625
234	235	en	amh	challenge_SSA-MTE	hyp1	News	NaN	0.9040
235	236	en	amh	challenge_SSA-MTE	hyp1	News	NaN	0.9097
236	237	en	amh	challenge_SSA-MTE	hyp1	News	NaN	0.8997
237	238	en	amh	challenge_SSA-MTE	hyp1	News	NaN	0.9039
238	239	en	amh	challenge_SSA-MTE	hyp1	News	NaN	0.8960
239	240	en	amh	challenge_SSA-MTE	hyp1	News	NaN	0.9105
240	241	en	amh	challenge_SSA-MTE	hyp1	News	NaN	0.8950
241	242	en	amh	challenge_SSA-MTE	hyp1	News	NaN	0.7098
242	243	en	amh	challenge_SSA-MTE	hyp1	News	NaN	0.8576
243	244	en	amh	challenge_SSA-MTE	hyp1	News	NaN	0.8442
244	245	en	amh	challenge_SSA-MTE	hyp1	News	NaN	0.9142
245	246	en	amh	challenge_SSA-MTE	hyp1	News	NaN	0.7351
246	247	en	amh	challenge_SSA-MTE	hyp1	News	NaN	0.9110
247	248	en	amh	challenge_SSA-MTE	hyp1	News	NaN	0.9139
248	249	en	amh	challenge_SSA-MTE	hyp1	News	NaN	0.9098
249	250	en	amh	challenge_SSA-MTE	hyp1	News	NaN	0.9132
250	251	en	amh	challenge_SSA-MTE	hyp1	News	NaN	0.6809
251	252	en	amh	challenge_SSA-MTE	hyp1	News	NaN	0.8459
252	253	en	amh	challenge_SSA-MTE	hyp1	News	NaN	0.8553
253	254	en	amh	challenge_SSA-MTE	hyp1	News	NaN	0.8662
254	255	en	amh	challenge_SSA-MTE	hyp1	News	NaN	0.8296
255	256	en	amh	challenge_SSA-MTE	hyp1	News	NaN	0.8918
256	257	en	amh	challenge_SSA-MTE	hyp1	News	NaN	0.8896
257	258	en	amh	challenge_SSA-MTE	hyp1	News	NaN	0.8743
258	259	en	amh	challenge_SSA-MTE	hyp1	News	NaN	0.8875
259	260	en	amh	challenge_SSA-MTE	hyp1	News	NaN	0.8860
260	261	en	amh	challenge_SSA-MTE	hyp1	News	NaN	0.9053
261	262	en	amh	challenge_SSA-MTE	hyp1	News	NaN	0.7548
262	263	en	amh	challenge_SSA-MTE	hyp1	News	NaN	0.9166
263	264	en	amh	challenge_SSA-MTE	hyp1	News	NaN	0.9110
264	265	en	amh	challenge_SSA-MTE	hyp1	News	NaN	0.9144
265	266	en	amh	challenge_SSA-MTE	hyp1	News	NaN	0.9117
266	267	en	amh	challenge_SSA-MTE	hyp1	News	NaN	0.9087
267	268	en	amh	challenge_SSA-MTE	hyp1	News	NaN	0.9073
268	269	en	amh	challenge_SSA-MTE	hyp1	News	NaN	0.7842
269	270	en	amh	challenge_SSA-MTE	hyp1	News	NaN	0.8981
270	271	en	amh	challenge_SSA-MTE	hyp1	News	NaN	0.8944
271	272	en	amh	challenge_SSA-MTE	hyp1	News	NaN	0.9050
272	273	en	amh	challenge_SSA-MTE	hyp1	News	NaN	0.8990
273	274	en	amh	challenge_SSA-MTE	hyp1	News	NaN	0.9040
274	275	en	amh	challenge_SSA-MTE	hyp1	News	NaN	0.8473
275	276	en	amh	challenge_SSA-MTE	hyp1	News	NaN	0.9102
276	277	en	amh	challenge_SSA-MTE	hyp1	News	NaN	0.9069
277	278	en	amh	challenge_SSA-MTE	hyp1	News	NaN	0.9059
278	279	en	amh	challenge_SSA-MTE	hyp1	News	NaN	0.9071
279	280	en	amh	challenge_SSA-MTE	hyp1	News	NaN	0.8583
280	281	en	amh	challenge_SSA-MTE	hyp1	News	NaN	0.9016
281	282	en	amh	challenge_SSA-MTE	hyp1	News	NaN	0.8478
282	283	en	amh	challenge_SSA-MTE	hyp1	News	NaN	0.8216
283	284	en	amh	challenge_SSA-MTE	hyp1	News	NaN	0.7092
284	285	en	amh	challenge_SSA-MTE	hyp1	News	NaN	0.4526
285	286	en	amh	challenge_SSA-MTE	hyp1	News	NaN	0.7673
286	287	en	amh	challenge_SSA-MTE	hyp1	News	NaN	0.8823
287	288	en	amh	challenge_SSA-MTE	hyp1	News	NaN	0.7701
288	289	en	amh	challenge_SSA-MTE	hyp1	News	NaN	0.7224
289	290	en	amh	challenge_SSA-MTE	hyp1	News	NaN	0.7000
290	291	en	amh	challenge_SSA-MTE	hyp1	News	NaN	0.7246
291	292	en	amh	challenge_SSA-MTE	hyp1	News	NaN	0.7669
292	293	en	amh	challenge_SSA-MTE	hyp1	News	NaN	0.7591
293	294	en	amh	challenge_SSA-MTE	hyp1	News	NaN	0.8898
294	295	en	amh	challenge_SSA-MTE	hyp1	News	NaN	0.7579
295	296	en	amh	challenge_SSA-MTE	hyp1	News	NaN	0.9000
296	297	en	amh	challenge_SSA-MTE	hyp1	News	NaN	0.8953
297	298	en	amh	challenge_SSA-MTE	hyp1	News	NaN	0.9017
298	299	en	amh	challenge_SSA-MTE	hyp1	News	NaN	0.9013
299	300	en	amh	challenge_SSA-MTE	hyp1	News	NaN	0.9194
300	301	en	amh	challenge_SSA-MTE	hyp1	News	NaN	0.9000
301	302	en	amh	challenge_SSA-MTE	hyp1	News	NaN	0.9158
302	303	en	amh	challenge_SSA-MTE	hyp1	News	NaN	0.9167
303	304	en	amh	challenge_SSA-MTE	hyp1	News	NaN	0.9146
304	305	en	amh	challenge_SSA-MTE	hyp1	News	NaN	0.9168
305	306	en	amh	challenge_SSA-MTE	hyp1	News	NaN	0.8672
306	307	en	amh	challenge_SSA-MTE	hyp1	News	NaN	0.9064
307	308	en	amh	challenge_SSA-MTE	hyp1	News	NaN	0.9028
308	309	en	amh	challenge_SSA-MTE	hyp1	News	NaN	0.8981
309	310	en	amh	challenge_SSA-MTE	hyp1	News	NaN	0.8395
310	311	en	amh	challenge_SSA-MTE	hyp1	News	NaN	0.7524
311	312	en	amh	challenge_SSA-MTE	hyp1	News	NaN	0.8962
312	313	en	amh	challenge_SSA-MTE	hyp1	News	NaN	0.8394
313	314	en	amh	challenge_SSA-MTE	hyp1	News	NaN	0.9079
314	315	en	amh	challenge_SSA-MTE	hyp1	News	NaN	0.9150
315	316	en	amh	challenge_SSA-MTE	hyp1	News	NaN	0.9047
316	317	en	amh	challenge_SSA-MTE	hyp1	News	NaN	0.9124
317	318	en	amh	challenge_SSA-MTE	hyp1	News	NaN	0.9106
318	319	en	amh	challenge_SSA-MTE	hyp1	News	NaN	0.9153
319	320	en	amh	challenge_SSA-MTE	hyp1	News	NaN	0.9147
320	321	en	amh	challenge_SSA-MTE	hyp1	News	NaN	0.9103
321	322	en	amh	challenge_SSA-MTE	hyp1	News	NaN	0.9083
322	323	en	amh	challenge_SSA-MTE	hyp1	News	NaN	0.8901
323	324	en	amh	challenge_SSA-MTE	hyp1	News	NaN	0.8899
324	325	en	amh	challenge_SSA-MTE	hyp1	News	NaN	0.8954
325	326	en	amh	challenge_SSA-MTE	hyp1	News	NaN	0.8733
326	327	en	amh	challenge_SSA-MTE	hyp1	News	NaN	0.6830
327	328	en	amh	challenge_SSA-MTE	hyp1	News	NaN	0.8401
328	329	en	amh	challenge_SSA-MTE	hyp1	News	NaN	0.8441
329	330	en	amh	challenge_SSA-MTE	hyp1	News	NaN	0.8885
330	331	en	amh	challenge_SSA-MTE	hyp1	News	NaN	0.8789
331	332	en	amh	challenge_SSA-MTE	hyp1	News	NaN	0.9025
332	333	en	amh	challenge_SSA-MTE	hyp1	News	NaN	0.9041
333	334	en	amh	challenge_SSA-MTE	hyp1	News	NaN	0.9038
334	335	en	amh	challenge_SSA-MTE	hyp1	News	NaN	0.9045
335	336	en	amh	challenge_SSA-MTE	hyp1	News	NaN	0.8865
336	337	en	amh	challenge_SSA-MTE	hyp1	News	NaN	0.8001
337	338	en	amh	challenge_SSA-MTE	hyp1	News	NaN	0.8949
338	339	en	amh	challenge_SSA-MTE	hyp1	News	NaN	0.8995
339	340	en	amh	challenge_SSA-MTE	hyp1	News	NaN	0.9000
340	341	en	amh	challenge_SSA-MTE	hyp1	News	NaN	0.8761
341	342	en	amh	challenge_SSA-MTE	hyp1	News	NaN	0.8366
342	343	en	amh	challenge_SSA-MTE	hyp1	News	NaN	0.8012
343	344	en	amh	challenge_SSA-MTE	hyp1	News	NaN	0.8461
344	345	en	amh	challenge_SSA-MTE	hyp1	News	NaN	0.8530
345	346	en	amh	challenge_SSA-MTE	hyp1	News	NaN	0.8588
346	347	en	amh	challenge_SSA-MTE	hyp1	News	NaN	0.8490
347	348	en	amh	challenge_SSA-MTE	hyp1	News	NaN	0.8751
348	349	en	amh	challenge_SSA-MTE	hyp1	News	NaN	0.8696
349	350	en	amh	challenge_SSA-MTE	hyp1	News	NaN	0.8992
350	351	en	amh	challenge_SSA-MTE	hyp1	News	NaN	0.8951
351	352	en	amh	challenge_SSA-MTE	hyp1	News	NaN	0.8919
352	353	en	amh	challenge_SSA-MTE	hyp1	News	NaN	0.9138
353	354	en	amh	challenge_SSA-MTE	hyp1	News	NaN	0.8848
354	355	en	amh	challenge_SSA-MTE	hyp1	News	NaN	0.9070
355	356	en	amh	challenge_SSA-MTE	hyp1	News	NaN	0.9064
356	357	en	amh	challenge_SSA-MTE	hyp1	News	NaN	0.9101
357	358	en	amh	challenge_SSA-MTE	hyp1	News	NaN	0.9129
358	359	en	amh	challenge_SSA-MTE	hyp1	News	NaN	0.8894
359	360	en	amh	challenge_SSA-MTE	hyp1	News	NaN	0.8459
360	361	en	amh	challenge_SSA-MTE	hyp1	News	NaN	0.9053
361	362	en	amh	challenge_SSA-MTE	hyp1	News	NaN	0.9065
362	363	en	amh	challenge_SSA-MTE	hyp1	News	NaN	0.9119
363	364	en	amh	challenge_SSA-MTE	hyp1	News	NaN	0.9071
364	365	en	amh	challenge_SSA-MTE	hyp1	News	NaN	0.9038
365	366	en	amh	challenge_SSA-MTE	hyp1	News	NaN	0.8782
366	367	en	amh	challenge_SSA-MTE	hyp1	News	NaN	0.8981
367	368	en	amh	challenge_SSA-MTE	hyp1	News	NaN	0.9063
368	369	en	amh	challenge_SSA-MTE	hyp1	News	NaN	0.9095
369	370	en	amh	challenge_SSA-MTE	hyp1	News	NaN	0.9059
370	371	en	amh	challenge_SSA-MTE	hyp1	News	NaN	0.8005
371	372	en	amh	challenge_SSA-MTE	hyp1	News	NaN	0.8964
372	373	en	amh	challenge_SSA-MTE	hyp1	News	NaN	0.8950
373	374	en	amh	challenge_SSA-MTE	hyp1	News	NaN	0.8964
374	375	en	amh	challenge_SSA-MTE	hyp1	News	NaN	0.8987
375	376	en	amh	challenge_SSA-MTE	hyp1	News	NaN	0.8904
376	377	en	amh	challenge_SSA-MTE	hyp1	News	NaN	0.8771
377	378	en	amh	challenge_SSA-MTE	hyp1	News	NaN	0.8300
378	379	en	amh	challenge_SSA-MTE	hyp1	News	NaN	0.8892
379	380	en	amh	challenge_SSA-MTE	hyp1	News	NaN	0.8725
380	381	en	amh	challenge_SSA-MTE	hyp1	News	NaN	0.8906
381	382	en	amh	challenge_SSA-MTE	hyp1	News	NaN	0.8525
382	383	en	amh	challenge_SSA-MTE	hyp1	News	NaN	0.8907
383	384	en	amh	challenge_SSA-MTE	hyp1	News	NaN	0.7602
384	385	en	amh	challenge_SSA-MTE	hyp1	News	NaN	0.8858
385	386	en	amh	challenge_SSA-MTE	hyp1	News	NaN	0.8934
386	387	en	amh	challenge_SSA-MTE	hyp1	News	NaN	0.8955
387	388	en	amh	challenge_SSA-MTE	hyp1	News	NaN	0.9042
388	389	en	amh	challenge_SSA-MTE	hyp1	News	NaN	0.9068
389	390	en	amh	challenge_SSA-MTE	hyp1	News	NaN	0.8740
390	391	en	amh	challenge_SSA-MTE	hyp1	News	NaN	0.9065
391	392	en	amh	challenge_SSA-MTE	hyp1	News	NaN	0.9057
392	393	en	amh	challenge_SSA-MTE	hyp1	News	NaN	0.9070
393	394	en	amh	challenge_SSA-MTE	hyp1	News	NaN	0.9042
394	395	en	amh	challenge_SSA-MTE	hyp1	News	NaN	0.8812
395	396	en	amh	challenge_SSA-MTE	hyp1	News	NaN	0.6813
396	397	en	amh	challenge_SSA-MTE	hyp1	News	NaN	0.7347
397	398	en	amh	challenge_SSA-MTE	hyp1	News	NaN	0.6377
398	399	en	amh	challenge_SSA-MTE	hyp1	News	NaN	0.6064
399	400	en	amh	challenge_SSA-MTE	hyp1	News	NaN	0.7488
400	401	en	amh	challenge_SSA-MTE	hyp1	News	NaN	0.9095
401	402	en	amh	challenge_SSA-MTE	hyp1	News	NaN	0.9060
402	403	en	amh	challenge_SSA-MTE	hyp1	News	NaN	0.8964
403	404	en	amh	challenge_SSA-MTE	hyp1	News	NaN	0.9079
404	405	en	amh	challenge_SSA-MTE	hyp1	News	NaN	0.9085
405	406	en	amh	challenge_SSA-MTE	hyp1	News	NaN	0.8825
406	407	en	amh	challenge_SSA-MTE	hyp1	News	NaN	0.8913
407	408	en	amh	challenge_SSA-MTE	hyp1	News	NaN	0.8653
408	409	en	amh	challenge_SSA-MTE	hyp1	News	NaN	0.7724
409	410	en	amh	challenge_SSA-MTE	hyp1	News	NaN	0.8502
410	411	en	amh	challenge_SSA-MTE	hyp1	News	NaN	0.8922
411	412	en	amh	challenge_SSA-MTE	hyp1	News	NaN	0.8941
412	413	en	amh	challenge_SSA-MTE	hyp1	News	NaN	0.8564
413	414	en	amh	challenge_SSA-MTE	hyp1	News	NaN	0.8959
414	415	en	amh	challenge_SSA-MTE	hyp1	News	NaN	0.8902
415	416	en	amh	challenge_SSA-MTE	hyp1	News	NaN	0.8925
416	417	en	amh	challenge_SSA-MTE	hyp1	News	NaN	0.8790
417	418	en	amh	challenge_SSA-MTE	hyp1	News	NaN	0.8608
418	419	en	amh	challenge_SSA-MTE	hyp1	News	NaN	0.7244
419	420	en	amh	challenge_SSA-MTE	hyp1	News	NaN	0.8916
420	421	en	amh	challenge_SSA-MTE	hyp1	News	NaN	0.8591
421	422	en	amh	challenge_SSA-MTE	hyp1	News	NaN	0.8184
422	423	en	amh	challenge_SSA-MTE	hyp1	News	NaN	0.8765
423	424	en	amh	challenge_SSA-MTE	hyp1	News	NaN	0.8984
424	425	en	amh	challenge_SSA-MTE	hyp1	News	NaN	0.9028
425	426	en	amh	challenge_SSA-MTE	hyp1	News	NaN	0.6318
426	427	en	amh	challenge_SSA-MTE	hyp1	News	NaN	0.9032
427	428	en	amh	challenge_SSA-MTE	hyp1	News	NaN	0.9011
428	429	en	amh	challenge_SSA-MTE	hyp1	News	NaN	0.8976
429	430	en	amh	challenge_SSA-MTE	hyp1	News	NaN	0.9037
430	431	en	amh	challenge_SSA-MTE	hyp1	News	NaN	0.8798
431	432	en	amh	challenge_SSA-MTE	hyp1	News	NaN	0.8890
432	433	en	amh	challenge_SSA-MTE	hyp1	News	NaN	0.9076
433	434	en	amh	challenge_SSA-MTE	hyp1	News	NaN	0.9107
434	435	en	amh	challenge_SSA-MTE	hyp1	News	NaN	0.9049
435	436	en	amh	challenge_SSA-MTE	hyp1	News	NaN	0.9075
436	437	en	amh	challenge_SSA-MTE	hyp1	News	NaN	0.9059
437	438	en	amh	challenge_SSA-MTE	hyp1	News	NaN	0.9015
438	439	en	amh	challenge_SSA-MTE	hyp1	News	NaN	0.9045
439	440	en	amh	challenge_SSA-MTE	hyp1	News	NaN	0.8920
440	441	en	amh	challenge_SSA-MTE	hyp1	News	NaN	0.8969
441	442	en	amh	challenge_SSA-MTE	hyp1	News	NaN	0.8929
442	443	en	amh	challenge_SSA-MTE	hyp1	News	NaN	0.8917
443	444	en	amh	challenge_SSA-MTE	hyp1	News	NaN	0.8881
444	445	en	amh	challenge_SSA-MTE	hyp1	News	NaN	0.7723
445	446	en	amh	challenge_SSA-MTE	hyp1	News	NaN	0.7768
446	447	en	amh	challenge_SSA-MTE	hyp1	News	NaN	0.8285
447	448	en	amh	challenge_SSA-MTE	hyp1	News	NaN	0.7144
448	449	en	amh	challenge_SSA-MTE	hyp1	News	NaN	0.6889
449	450	en	amh	challenge_SSA-MTE	hyp1	News	NaN	0.8301
450	451	en	amh	challenge_SSA-MTE	hyp1	News	NaN	0.8922
451	452	en	amh	challenge_SSA-MTE	hyp1	News	NaN	0.8749
452	453	en	amh	challenge_SSA-MTE	hyp1	News	NaN	0.7260
453	454	en	amh	challenge_SSA-MTE	hyp1	News	NaN	0.8449
454	455	en	amh	challenge_SSA-MTE	hyp1	News	NaN	0.6875
455	456	en	amh	challenge_SSA-MTE	hyp1	News	NaN	0.8935
456	457	en	amh	challenge_SSA-MTE	hyp1	News	NaN	0.9053
457	458	en	amh	challenge_SSA-MTE	hyp1	News	NaN	0.8998
458	459	en	amh	challenge_SSA-MTE	hyp1	News	NaN	0.8975
459	460	en	amh	challenge_SSA-MTE	hyp1	News	NaN	0.9058
460	461	en	amh	challenge_SSA-MTE	hyp1	News	NaN	0.8866
461	462	en	amh	challenge_SSA-MTE	hyp1	News	NaN	0.9065
462	463	en	amh	challenge_SSA-MTE	hyp1	News	NaN	0.8841
463	464	en	amh	challenge_SSA-MTE	hyp1	News	NaN	0.8744
464	465	en	amh	challenge_SSA-MTE	hyp1	News	NaN	0.7916
465	466	en	amh	challenge_SSA-MTE	hyp1	News	NaN	0.8777
466	467	en	amh	challenge_SSA-MTE	hyp1	News	NaN	0.7170
467	468	en	amh	challenge_SSA-MTE	hyp1	News	NaN	0.8918
468	469	en	amh	challenge_SSA-MTE	hyp1	News	NaN	0.8985
469	470	en	amh	challenge_SSA-MTE	hyp1	News	NaN	0.8955
470	471	en	amh	challenge_SSA-MTE	hyp1	News	NaN	0.9092
471	472	en	amh	challenge_SSA-MTE	hyp1	News	NaN	0.9012
472	473	en	amh	challenge_SSA-MTE	hyp1	News	NaN	0.9050
473	474	en	amh	challenge_SSA-MTE	hyp1	News	NaN	0.7290
474	475	en	amh	challenge_SSA-MTE	hyp1	News	NaN	0.8870
475	476	en	amh	challenge_SSA-MTE	hyp1	News	NaN	0.8614
476	477	en	amh	challenge_SSA-MTE	hyp1	News	NaN	0.8362
477	478	en	amh	challenge_SSA-MTE	hyp1	News	NaN	0.8991
478	479	en	amh	challenge_SSA-MTE	hyp1	News	NaN	0.8952
479	480	en	amh	challenge_SSA-MTE	hyp1	News	NaN	0.6734
480	481	en	amh	challenge_SSA-MTE	hyp1	News	NaN	0.6527
481	482	en	amh	challenge_SSA-MTE	hyp1	News	NaN	0.7831
482	483	en	amh	challenge_SSA-MTE	hyp1	News	NaN	0.8257
483	484	en	amh	challenge_SSA-MTE	hyp1	News	NaN	0.7442
484	485	en	amh	challenge_SSA-MTE	hyp1	News	NaN	0.7406
485	486	en	amh	challenge_SSA-MTE	hyp1	News	NaN	0.8453
486	487	en	amh	challenge_SSA-MTE	hyp1	News	NaN	0.5707
487	488	en	amh	challenge_SSA-MTE	hyp1	News	NaN	0.7663
488	489	en	amh	challenge_SSA-MTE	hyp1	News	NaN	0.8749
489	490	en	amh	challenge_SSA-MTE	hyp1	News	NaN	0.8637
490	491	en	amh	challenge_SSA-MTE	hyp1	News	NaN	0.8422
491	492	en	amh	challenge_SSA-MTE	hyp1	News	NaN	0.6489
492	493	en	amh	challenge_SSA-MTE	hyp1	News	NaN	0.8591
493	494	en	amh	challenge_SSA-MTE	hyp1	News	NaN	0.8505
494	495	en	amh	challenge_SSA-MTE	hyp1	News	NaN	0.8290
495	496	en	amh	challenge_SSA-MTE	hyp1	News	NaN	0.8030
496	497	en	amh	challenge_SSA-MTE	hyp1	News	NaN	0.8960
497	498	en	amh	challenge_SSA-MTE	hyp1	News	NaN	0.9046
498	499	en	amh	challenge_SSA-MTE	hyp1	News	NaN	0.8921
499	500	en	amh	challenge_SSA-MTE	hyp1	News	NaN	0.8850
500	501	en	amh	challenge_SSA-MTE	hyp1	News	NaN	0.8953
501	502	en	amh	challenge_SSA-MTE	hyp1	News	NaN	0.8940
502	503	en	amh	challenge_SSA-MTE	hyp1	News	NaN	0.8736
503	504	en	amh	challenge_SSA-MTE	hyp1	News	NaN	0.8463
504	505	en	amh	challenge_SSA-MTE	hyp1	News	NaN	0.7772
505	506	en	amh	challenge_SSA-MTE	hyp1	News	NaN	0.8725
506	507	en	amh	challenge_SSA-MTE	hyp1	News	NaN	0.8732
507	508	en	amh	challenge_SSA-MTE	hyp1	News	NaN	0.8659
508	509	en	amh	challenge_SSA-MTE	hyp1	News	NaN	0.8853
509	510	en	amh	challenge_SSA-MTE	hyp1	News	NaN	0.8614
510	511	en	amh	challenge_SSA-MTE	hyp1	News	NaN	0.8835
511	512	en	amh	challenge_SSA-MTE	hyp1	News	NaN	0.9067
512	513	en	amh	challenge_SSA-MTE	hyp1	News	NaN	0.8912
513	514	en	amh	challenge_SSA-MTE	hyp1	News	NaN	0.8753
514	515	en	amh	challenge_SSA-MTE	hyp1	News	NaN	0.8644
515	516	en	amh	challenge_SSA-MTE	hyp1	News	NaN	0.7214
516	517	en	amh	challenge_SSA-MTE	hyp1	News	NaN	0.8937
517	518	en	amh	challenge_SSA-MTE	hyp1	News	NaN	0.7149
518	519	en	amh	challenge_SSA-MTE	hyp1	News	NaN	0.8945
519	520	en	amh	challenge_SSA-MTE	hyp1	News	NaN	0.8907
520	521	en	amh	challenge_SSA-MTE	hyp1	News	NaN	0.8928
521	522	en	amh	challenge_SSA-MTE	hyp1	News	NaN	0.8624
522	523	en	amh	challenge_SSA-MTE	hyp1	News	NaN	0.8876
523	524	en	amh	challenge_SSA-MTE	hyp1	News	NaN	0.8739
524	525	en	amh	challenge_SSA-MTE	hyp1	News	NaN	0.8899
525	526	en	amh	challenge_SSA-MTE	hyp1	News	NaN	0.8758
526	527	en	amh	challenge_SSA-MTE	hyp1	News	NaN	0.8246
527	528	en	amh	challenge_SSA-MTE	hyp1	News	NaN	0.8887
528	529	en	amh	challenge_SSA-MTE	hyp1	News	NaN	0.8551
529	530	en	amh	challenge_SSA-MTE	hyp1	News	NaN	0.8574
530	531	en	amh	challenge_SSA-MTE	hyp1	News	NaN	0.7944
531	532	en	amh	challenge_SSA-MTE	hyp1	News	NaN	0.8981
532	533	en	amh	challenge_SSA-MTE	hyp1	News	NaN	0.8845
533	534	en	amh	challenge_SSA-MTE	hyp1	News	NaN	0.8844
534	535	en	amh	challenge_SSA-MTE	hyp1	News	NaN	0.8806
535	536	en	amh	challenge_SSA-MTE	hyp1	News	NaN	0.8378
536	537	en	amh	challenge_SSA-MTE	hyp1	News	NaN	0.9123
537	538	en	amh	challenge_SSA-MTE	hyp1	News	NaN	0.8406
538	539	en	amh	challenge_SSA-MTE	hyp1	News	NaN	0.7031
539	540	en	amh	challenge_SSA-MTE	hyp1	News	NaN	0.7968
540	541	en	amh	challenge_SSA-MTE	hyp1	News	NaN	0.7499
541	542	en	amh	challenge_SSA-MTE	hyp1	News	NaN	0.8441
542	543	en	amh	challenge_SSA-MTE	hyp1	News	NaN	0.7197
543	544	en	amh	challenge_SSA-MTE	hyp1	News	NaN	0.8930
544	545	en	amh	challenge_SSA-MTE	hyp1	News	NaN	0.8042
545	546	en	amh	challenge_SSA-MTE	hyp1	News	NaN	0.8919
546	547	en	amh	challenge_SSA-MTE	hyp1	News	NaN	0.8956
547	548	en	amh	challenge_SSA-MTE	hyp1	News	NaN	0.8954
548	549	en	amh	challenge_SSA-MTE	hyp1	News	NaN	0.8934
549	550	en	amh	challenge_SSA-MTE	hyp1	News	NaN	0.8684
550	551	en	amh	challenge_SSA-MTE	hyp1	News	NaN	0.9102
551	552	en	amh	challenge_SSA-MTE	hyp1	News	NaN	0.9052
552	553	en	amh	challenge_SSA-MTE	hyp1	News	NaN	0.9070
553	554	en	amh	challenge_SSA-MTE	hyp1	News	NaN	0.9066
554	555	en	amh	challenge_SSA-MTE	hyp1	News	NaN	0.9066
555	556	en	amh	challenge_SSA-MTE	hyp1	News	NaN	0.8966
556	557	en	amh	challenge_SSA-MTE	hyp1	News	NaN	0.8426
557	558	en	amh	challenge_SSA-MTE	hyp1	News	NaN	0.8856
558	559	en	amh	challenge_SSA-MTE	hyp1	News	NaN	0.8840
559	560	en	amh	challenge_SSA-MTE	hyp1	News	NaN	0.8916
560	561	en	amh	challenge_SSA-MTE	hyp1	News	NaN	0.8905
561	562	en	amh	challenge_SSA-MTE	hyp1	News	NaN	0.9052
562	563	en	amh	challenge_SSA-MTE	hyp1	News	NaN	0.9019
563	564	en	amh	challenge_SSA-MTE	hyp1	News	NaN	0.8981
564	565	en	amh	challenge_SSA-MTE	hyp1	News	NaN	0.9022
565	566	en	amh	challenge_SSA-MTE	hyp1	News	NaN	0.8986
566	567	en	amh	challenge_SSA-MTE	hyp1	News	NaN	0.9054
567	568	en	amh	challenge_SSA-MTE	hyp1	News	NaN	0.8384
568	569	en	amh	challenge_SSA-MTE	hyp1	News	NaN	0.7545
569	570	en	amh	challenge_SSA-MTE	hyp1	News	NaN	0.8524
570	571	en	amh	challenge_SSA-MTE	hyp1	News	NaN	0.8272
571	572	en	amh	challenge_SSA-MTE	hyp1	News	NaN	0.8742
572	573	en	amh	challenge_SSA-MTE	hyp1	News	NaN	0.8537
573	574	en	amh	challenge_SSA-MTE	hyp1	News	NaN	0.8912
574	575	en	amh	challenge_SSA-MTE	hyp1	News	NaN	0.8921
575	576	en	amh	challenge_SSA-MTE	hyp1	News	NaN	0.8843
576	577	en	amh	challenge_SSA-MTE	hyp1	News	NaN	0.8854
577	578	en	amh	challenge_SSA-MTE	hyp1	News	NaN	0.8929
578	579	en	amh	challenge_SSA-MTE	hyp1	News	NaN	0.8998
579	580	en	amh	challenge_SSA-MTE	hyp1	News	NaN	0.8920
580	581	en	amh	challenge_SSA-MTE	hyp1	News	NaN	0.9067
581	582	en	amh	challenge_SSA-MTE	hyp1	News	NaN	0.8002
582	583	en	amh	challenge_SSA-MTE	hyp1	News	NaN	0.9111
583	584	en	amh	challenge_SSA-MTE	hyp1	News	NaN	0.8568
584	585	en	amh	challenge_SSA-MTE	hyp1	News	NaN	0.8832
585	586	en	amh	challenge_SSA-MTE	hyp1	News	NaN	0.6213
586	587	en	amh	challenge_SSA-MTE	hyp1	News	NaN	0.8626
587	588	en	amh	challenge_SSA-MTE	hyp1	News	NaN	0.8925
588	589	en	amh	challenge_SSA-MTE	hyp1	News	NaN	0.8949
589	590	en	amh	challenge_SSA-MTE	hyp1	News	NaN	0.7542
590	591	en	amh	challenge_SSA-MTE	hyp1	News	NaN	0.8272
591	592	en	amh	challenge_SSA-MTE	hyp1	News	NaN	0.8626
592	593	en	amh	challenge_SSA-MTE	hyp1	News	NaN	0.8539
593	594	en	amh	challenge_SSA-MTE	hyp1	News	NaN	0.7986
594	595	en	amh	challenge_SSA-MTE	hyp1	News	NaN	0.8821
595	596	en	amh	challenge_SSA-MTE	hyp1	News	NaN	0.8716
596	597	en	amh	challenge_SSA-MTE	hyp1	News	NaN	0.7452
597	598	en	amh	challenge_SSA-MTE	hyp1	News	NaN	0.7632
598	599	en	amh	challenge_SSA-MTE	hyp1	News	NaN	0.8471
599	600	en	amh	challenge_SSA-MTE	hyp1	News	NaN	0.8599
600	601	en	amh	challenge_SSA-MTE	hyp1	News	NaN	0.8776
601	602	en	amh	challenge_SSA-MTE	hyp1	News	NaN	0.8942
602	603	en	amh	challenge_SSA-MTE	hyp1	News	NaN	0.8283
603	604	en	amh	challenge_SSA-MTE	hyp1	News	NaN	0.8748
604	605	en	amh	challenge_SSA-MTE	hyp1	News	NaN	0.8995
605	606	en	amh	challenge_SSA-MTE	hyp1	News	NaN	0.8203
606	607	en	amh	challenge_SSA-MTE	hyp1	News	NaN	0.8992
607	608	en	amh	challenge_SSA-MTE	hyp1	News	NaN	0.8467
608	609	en	amh	challenge_SSA-MTE	hyp1	News	NaN	0.7427
609	610	en	amh	challenge_SSA-MTE	hyp1	News	NaN	0.8203
610	611	en	amh	challenge_SSA-MTE	hyp1	News	NaN	0.8343
611	612	en	amh	challenge_SSA-MTE	hyp1	News	NaN	0.8352
612	613	en	amh	challenge_SSA-MTE	hyp1	News	NaN	0.8849
613	614	en	amh	challenge_SSA-MTE	hyp1	News	NaN	0.8872
614	615	en	amh	challenge_SSA-MTE	hyp1	News	NaN	0.8848
615	616	en	amh	challenge_SSA-MTE	hyp1	News	NaN	0.8549
616	617	en	amh	challenge_SSA-MTE	hyp1	News	NaN	0.9071
617	618	en	amh	challenge_SSA-MTE	hyp1	News	NaN	0.9007
618	619	en	amh	challenge_SSA-MTE	hyp1	News	NaN	0.9008
619	620	en	amh	challenge_SSA-MTE	hyp1	News	NaN	0.8967
620	621	en	amh	challenge_SSA-MTE	hyp1	News	NaN	0.8515
621	622	en	amh	challenge_SSA-MTE	hyp1	News	NaN	0.9036
622	623	en	amh	challenge_SSA-MTE	hyp1	News	NaN	0.8960
623	624	en	amh	challenge_SSA-MTE	hyp1	News	NaN	0.8961
624	625	en	amh	challenge_SSA-MTE	hyp1	News	NaN	0.8941
625	626	en	amh	challenge_SSA-MTE	hyp1	News	NaN	0.8120
626	627	en	amh	challenge_SSA-MTE	hyp1	News	NaN	0.6481
627	628	en	amh	challenge_SSA-MTE	hyp1	News	NaN	0.8399
628	629	en	amh	challenge_SSA-MTE	hyp1	News	NaN	0.7851
629	630	en	amh	challenge_SSA-MTE	hyp1	News	NaN	0.7478
630	631	en	amh	challenge_SSA-MTE	hyp1	News	NaN	0.8616
631	632	en	amh	challenge_SSA-MTE	hyp1	News	NaN	0.9099
632	633	en	amh	challenge_SSA-MTE	hyp1	News	NaN	0.8906
633	634	en	amh	challenge_SSA-MTE	hyp1	News	NaN	0.9061
634	635	en	amh	challenge_SSA-MTE	hyp1	News	NaN	0.9034
635	636	en	amh	challenge_SSA-MTE	hyp1	News	NaN	0.9029
636	637	en	amh	challenge_SSA-MTE	hyp1	News	NaN	0.9095
637	638	en	amh	challenge_SSA-MTE	hyp1	News	NaN	0.8490
638	639	en	amh	challenge_SSA-MTE	hyp1	News	NaN	0.7876
639	640	en	amh	challenge_SSA-MTE	hyp1	News	NaN	0.7155
640	641	en	amh	challenge_SSA-MTE	hyp1	News	NaN	0.8049
641	642	en	amh	challenge_SSA-MTE	hyp1	News	NaN	0.8276
642	643	en	amh	challenge_SSA-MTE	hyp1	News	NaN	0.8586
643	644	en	amh	challenge_SSA-MTE	hyp1	News	NaN	0.8556
644	645	en	amh	challenge_SSA-MTE	hyp1	News	NaN	0.6581
645	646	en	amh	challenge_SSA-MTE	hyp1	News	NaN	0.7733
646	647	en	amh	challenge_SSA-MTE	hyp1	News	NaN	0.7110
647	648	en	amh	challenge_SSA-MTE	hyp1	News	NaN	0.8111
648	649	en	amh	challenge_SSA-MTE	hyp1	News	NaN	0.8434
649	650	en	amh	challenge_SSA-MTE	hyp1	News	NaN	0.8248
650	651	en	amh	challenge_SSA-MTE	hyp1	News	NaN	0.6449
651	652	en	amh	challenge_SSA-MTE	hyp1	News	NaN	0.7768
652	653	en	amh	challenge_SSA-MTE	hyp1	News	NaN	0.6581
653	654	en	amh	challenge_SSA-MTE	hyp1	News	NaN	0.8508
654	655	en	amh	challenge_SSA-MTE	hyp1	News	NaN	0.8394
655	656	en	amh	challenge_SSA-MTE	hyp1	News	NaN	0.7296
656	657	en	amh	challenge_SSA-MTE	hyp1	News	NaN	0.8602
657	658	en	amh	challenge_SSA-MTE	hyp1	News	NaN	0.8699
658	659	en	amh	challenge_SSA-MTE	hyp1	News	NaN	0.8629
659	660	en	amh	challenge_SSA-MTE	hyp1	News	NaN	0.8973
660	661	en	amh	challenge_SSA-MTE	hyp1	News	NaN	0.7905
661	662	en	amh	challenge_SSA-MTE	hyp1	News	NaN	0.8669
662	663	en	amh	challenge_SSA-MTE	hyp1	News	NaN	0.8521
663	664	en	amh	challenge_SSA-MTE	hyp1	News	NaN	0.8939
664	665	en	amh	challenge_SSA-MTE	hyp1	News	NaN	0.8850
665	666	en	amh	challenge_SSA-MTE	hyp1	News	NaN	0.8875
666	667	en	amh	challenge_SSA-MTE	hyp1	News	NaN	0.8626
667	668	en	amh	challenge_SSA-MTE	hyp1	News	NaN	0.8834
668	669	en	amh	challenge_SSA-MTE	hyp1	News	NaN	0.8550
669	670	en	amh	challenge_SSA-MTE	hyp1	News	NaN	0.7861
670	671	en	amh	challenge_SSA-MTE	hyp1	News	NaN	0.8464
671	672	en	amh	challenge_SSA-MTE	hyp1	News	NaN	0.8468
672	673	en	amh	challenge_SSA-MTE	hyp1	News	NaN	0.7487
673	674	en	amh	challenge_SSA-MTE	hyp1	News	NaN	0.6184
674	675	en	amh	challenge_SSA-MTE	hyp1	News	NaN	0.8010
675	676	en	amh	challenge_SSA-MTE	hyp1	News	NaN	0.8120
676	677	en	amh	challenge_SSA-MTE	hyp1	News	NaN	0.8796
677	678	en	amh	challenge_SSA-MTE	hyp1	News	NaN	0.9070
678	679	en	amh	challenge_SSA-MTE	hyp1	News	NaN	0.8844
679	680	en	amh	challenge_SSA-MTE	hyp1	News	NaN	0.9054
680	681	en	amh	challenge_SSA-MTE	hyp1	News	NaN	0.9099
681	682	en	amh	challenge_SSA-MTE	hyp1	News	NaN	0.8992
682	683	en	amh	challenge_SSA-MTE	hyp1	News	NaN	0.9085
683	684	en	amh	challenge_SSA-MTE	hyp1	News	NaN	0.9046
684	685	en	amh	challenge_SSA-MTE	hyp1	News	NaN	0.8846
685	686	en	amh	challenge_SSA-MTE	hyp1	News	NaN	0.9059
686	687	en	amh	challenge_SSA-MTE	hyp1	News	NaN	0.8970
687	688	en	amh	challenge_SSA-MTE	hyp1	News	NaN	0.9032
688	689	en	amh	challenge_SSA-MTE	hyp1	News	NaN	0.9085
689	690	en	amh	challenge_SSA-MTE	hyp1	News	NaN	0.8242
690	691	en	amh	challenge_SSA-MTE	hyp1	News	NaN	0.8584
691	692	en	amh	challenge_SSA-MTE	hyp1	News	NaN	0.8959
692	693	en	amh	challenge_SSA-MTE	hyp1	News	NaN	0.8960
693	694	en	amh	challenge_SSA-MTE	hyp1	News	NaN	0.8908
694	695	en	amh	challenge_SSA-MTE	hyp1	News	NaN	0.6781
695	696	en	amh	challenge_SSA-MTE	hyp1	News	NaN	0.6937
696	697	en	amh	challenge_SSA-MTE	hyp1	News	NaN	0.8663
697	698	en	amh	challenge_SSA-MTE	hyp1	News	NaN	0.8908
698	699	en	amh	challenge_SSA-MTE	hyp1	News	NaN	0.8654
699	700	en	amh	challenge_SSA-MTE	hyp1	News	NaN	0.8999
700	701	en	amh	challenge_SSA-MTE	hyp1	News	NaN	0.9006
701	702	en	amh	challenge_SSA-MTE	hyp1	News	NaN	0.8991
702	703	en	amh	challenge_SSA-MTE	hyp1	News	NaN	0.8729
703	704	en	amh	challenge_SSA-MTE	hyp1	News	NaN	0.8352
704	705	en	amh	challenge_SSA-MTE	hyp1	News	NaN	0.7891
705	706	en	amh	challenge_SSA-MTE	hyp1	News	NaN	0.9019
706	707	en	amh	challenge_SSA-MTE	hyp1	News	NaN	0.8544
707	708	en	amh	challenge_SSA-MTE	hyp1	News	NaN	0.5913
708	709	en	amh	challenge_SSA-MTE	hyp1	News	NaN	0.6418
709	710	en	amh	challenge_SSA-MTE	hyp1	News	NaN	0.7438
710	711	en	amh	challenge_SSA-MTE	hyp1	News	NaN	0.8314
711	712	en	amh	challenge_SSA-MTE	hyp1	News	NaN	0.7808
712	713	en	amh	challenge_SSA-MTE	hyp1	News	NaN	0.8848
713	714	en	amh	challenge_SSA-MTE	hyp1	News	NaN	0.8075
714	715	en	amh	challenge_SSA-MTE	hyp1	News	NaN	0.8804
715	716	en	amh	challenge_SSA-MTE	hyp1	News	NaN	0.8761
716	717	en	amh	challenge_SSA-MTE	hyp1	News	NaN	0.8785
717	718	en	amh	challenge_SSA-MTE	hyp1	News	NaN	0.8627
718	719	en	amh	challenge_SSA-MTE	hyp1	News	NaN	0.7546
719	720	en	amh	challenge_SSA-MTE	hyp1	News	NaN	0.8211
720	721	en	amh	challenge_SSA-MTE	hyp1	News	NaN	0.8303
721	722	en	amh	challenge_SSA-MTE	hyp1	News	NaN	0.2686
722	723	en	amh	challenge_SSA-MTE	hyp1	News	NaN	0.7392
723	724	en	amh	challenge_SSA-MTE	hyp1	News	NaN	0.8659
724	725	en	amh	challenge_SSA-MTE	hyp1	News	NaN	0.8915
725	726	en	amh	challenge_SSA-MTE	hyp1	News	NaN	0.7821
726	727	en	amh	challenge_SSA-MTE	hyp1	News	NaN	0.8862
727	728	en	amh	challenge_SSA-MTE	hyp1	News	NaN	0.8947
728	729	en	amh	challenge_SSA-MTE	hyp1	News	NaN	0.8980
729	730	en	amh	challenge_SSA-MTE	hyp1	News	NaN	0.7624
730	731	en	amh	challenge_SSA-MTE	hyp1	News	NaN	0.8384
731	732	en	amh	challenge_SSA-MTE	hyp1	News	NaN	0.8208
732	733	en	amh	challenge_SSA-MTE	hyp1	News	NaN	0.4384
733	734	en	amh	challenge_SSA-MTE	hyp1	News	NaN	0.8773
734	735	en	amh	challenge_SSA-MTE	hyp1	News	NaN	0.8749
735	736	en	amh	challenge_SSA-MTE	hyp1	News	NaN	0.8492
736	737	en	amh	challenge_SSA-MTE	hyp1	News	NaN	0.9011
737	738	en	amh	challenge_SSA-MTE	hyp1	News	NaN	0.8726
738	739	en	amh	challenge_SSA-MTE	hyp1	News	NaN	0.8740
739	740	en	amh	challenge_SSA-MTE	hyp1	News	NaN	0.8880
740	741	en	amh	challenge_SSA-MTE	hyp1	News	NaN	0.7344
741	742	en	amh	challenge_SSA-MTE	hyp1	News	NaN	0.8908
742	743	en	amh	challenge_SSA-MTE	hyp1	News	NaN	0.8886
743	744	en	amh	challenge_SSA-MTE	hyp1	News	NaN	0.8931
744	745	en	amh	challenge_SSA-MTE	hyp1	News	NaN	0.8788
745	746	en	amh	challenge_SSA-MTE	hyp1	News	NaN	0.8896
746	747	en	amh	challenge_SSA-MTE	hyp1	News	NaN	0.9042
747	748	en	amh	challenge_SSA-MTE	hyp1	News	NaN	0.9019
748	749	en	amh	challenge_SSA-MTE	hyp1	News	NaN	0.8997
749	750	en	amh	challenge_SSA-MTE	hyp1	News	NaN	0.8989
750	751	en	amh	challenge_SSA-MTE	hyp1	News	NaN	0.9072
751	752	en	amh	challenge_SSA-MTE	hyp1	News	NaN	0.8762
752	753	en	amh	challenge_SSA-MTE	hyp1	News	NaN	0.8497
753	754	en	amh	challenge_SSA-MTE	hyp1	News	NaN	0.7932
754	755	en	amh	challenge_SSA-MTE	hyp1	News	NaN	0.8469
755	756	en	amh	challenge_SSA-MTE	hyp1	News	NaN	0.8757
756	757	en	amh	challenge_SSA-MTE	hyp1	News	NaN	0.8904
757	758	en	amh	challenge_SSA-MTE	hyp1	News	NaN	0.7907
758	759	en	amh	challenge_SSA-MTE	hyp1	News	NaN	0.8268
759	760	en	amh	challenge_SSA-MTE	hyp1	News	NaN	0.8705
760	761	en	amh	challenge_SSA-MTE	hyp1	News	NaN	0.8224
761	762	en	amh	challenge_SSA-MTE	hyp1	News	NaN	0.6809
762	763	en	amh	challenge_SSA-MTE	hyp1	News	NaN	0.8529
763	764	en	amh	challenge_SSA-MTE	hyp1	News	NaN	0.8443
764	765	en	amh	challenge_SSA-MTE	hyp1	News	NaN	0.8953
765	766	en	amh	challenge_SSA-MTE	hyp1	News	NaN	0.8351
766	767	en	amh	challenge_SSA-MTE	hyp1	News	NaN	0.8308
767	768	en	amh	challenge_SSA-MTE	hyp1	News	NaN	0.8619
768	769	en	amh	challenge_SSA-MTE	hyp1	News	NaN	0.8356
769	770	en	amh	challenge_SSA-MTE	hyp1	News	NaN	0.8895
770	771	en	amh	challenge_SSA-MTE	hyp1	News	NaN	0.7966
771	772	en	amh	challenge_SSA-MTE	hyp1	News	NaN	0.8779
772	773	en	amh	challenge_SSA-MTE	hyp1	News	NaN	0.8757
773	774	en	amh	challenge_SSA-MTE	hyp1	News	NaN	0.8901
774	775	en	amh	challenge_SSA-MTE	hyp1	News	NaN	0.8773
775	776	en	amh	challenge_SSA-MTE	hyp1	News	NaN	0.8496
776	777	en	amh	challenge_SSA-MTE	hyp1	News	NaN	0.6808
777	778	en	amh	challenge_SSA-MTE	hyp1	News	NaN	0.7876
778	779	en	amh	challenge_SSA-MTE	hyp1	News	NaN	0.7544
779	780	en	amh	challenge_SSA-MTE	hyp1	News	NaN	0.8279
780	781	en	amh	challenge_SSA-MTE	hyp1	News	NaN	0.8765
781	782	en	amh	challenge_SSA-MTE	hyp1	News	NaN	0.8963
782	783	en	amh	challenge_SSA-MTE	hyp1	News	NaN	0.8984
783	784	en	amh	challenge_SSA-MTE	hyp1	News	NaN	0.8735
784	785	en	amh	challenge_SSA-MTE	hyp1	News	NaN	0.8817
785	786	en	amh	challenge_SSA-MTE	hyp1	News	NaN	0.8974
786	787	en	amh	challenge_SSA-MTE	hyp1	News	NaN	0.8950
787	788	en	amh	challenge_SSA-MTE	hyp1	News	NaN	0.9095
788	789	en	amh	challenge_SSA-MTE	hyp1	News	NaN	0.8530
789	790	en	amh	challenge_SSA-MTE	hyp1	News	NaN	0.8944
790	791	en	amh	challenge_SSA-MTE	hyp1	News	NaN	0.8528
791	792	en	amh	challenge_SSA-MTE	hyp1	News	NaN	0.9053
792	793	en	amh	challenge_SSA-MTE	hyp1	News	NaN	0.8835
793	794	en	amh	challenge_SSA-MTE	hyp1	News	NaN	0.9023
794	795	en	amh	challenge_SSA-MTE	hyp1	News	NaN	0.9045
795	796	en	amh	challenge_SSA-MTE	hyp1	News	NaN	0.8886
796	797	en	amh	challenge_SSA-MTE	hyp1	News	NaN	0.9087
797	798	en	amh	challenge_SSA-MTE	hyp1	News	NaN	0.8950
798	799	en	amh	challenge_SSA-MTE	hyp1	News	NaN	0.9056
799	800	en	amh	challenge_SSA-MTE	hyp1	News	NaN	0.8970
800	801	en	amh	challenge_SSA-MTE	hyp1	News	NaN	0.8973
801	802	en	amh	challenge_SSA-MTE	hyp1	News	NaN	0.9019
802	803	en	amh	challenge_SSA-MTE	hyp1	News	NaN	0.8976
803	804	en	amh	challenge_SSA-MTE	hyp1	News	NaN	0.9034
804	805	en	amh	challenge_SSA-MTE	hyp1	News	NaN	0.8989
805	806	en	amh	challenge_SSA-MTE	hyp1	News	NaN	0.8911
806	807	en	amh	challenge_SSA-MTE	hyp1	News	NaN	0.7618
807	808	en	amh	challenge_SSA-MTE	hyp1	News	NaN	0.7747
808	809	en	amh	challenge_SSA-MTE	hyp1	News	NaN	0.8942
809	810	en	amh	challenge_SSA-MTE	hyp1	News	NaN	0.8754
810	811	en	amh	challenge_SSA-MTE	hyp1	News	NaN	0.8793
811	812	en	amh	challenge_SSA-MTE	hyp1	News	NaN	0.8925
812	813	en	amh	challenge_SSA-MTE	hyp1	News	NaN	0.8944
813	814	en	amh	challenge_SSA-MTE	hyp1	News	NaN	0.8514
814	815	en	amh	challenge_SSA-MTE	hyp1	News	NaN	0.8177
815	816	en	amh	challenge_SSA-MTE	hyp1	News	NaN	0.8922
816	817	en	amh	challenge_SSA-MTE	hyp1	News	NaN	0.8693
817	818	en	amh	challenge_SSA-MTE	hyp1	News	NaN	0.8200
818	819	en	amh	challenge_SSA-MTE	hyp1	News	NaN	0.8765
819	820	en	amh	challenge_SSA-MTE	hyp1	News	NaN	0.9133
820	821	en	amh	challenge_SSA-MTE	hyp1	News	NaN	0.8122
821	822	en	amh	challenge_SSA-MTE	hyp1	News	NaN	0.8756
822	823	en	amh	challenge_SSA-MTE	hyp1	News	NaN	0.8766
823	824	en	amh	challenge_SSA-MTE	hyp1	News	NaN	0.8657
824	825	en	amh	challenge_SSA-MTE	hyp1	News	NaN	0.8652
825	826	en	amh	challenge_SSA-MTE	hyp1	News	NaN	0.8770
826	827	en	amh	challenge_SSA-MTE	hyp1	News	NaN	0.8629
827	828	en	amh	challenge_SSA-MTE	hyp1	News	NaN	0.8710
828	829	en	amh	challenge_SSA-MTE	hyp1	News	NaN	0.9043
829	830	en	amh	challenge_SSA-MTE	hyp1	News	NaN	0.8848
830	831	en	amh	challenge_SSA-MTE	hyp1	News	NaN	0.8890
831	832	en	amh	challenge_SSA-MTE	hyp1	News	NaN	0.8995
832	833	en	amh	challenge_SSA-MTE	hyp1	News	NaN	0.8964
833	834	en	amh	challenge_SSA-MTE	hyp1	News	NaN	0.9064
834	835	en	amh	challenge_SSA-MTE	hyp1	News	NaN	0.9104
835	836	en	amh	challenge_SSA-MTE	hyp1	News	NaN	0.9120
836	837	en	amh	challenge_SSA-MTE	hyp1	News	NaN	0.9140
837	838	en	amh	challenge_SSA-MTE	hyp1	News	NaN	0.9117
838	839	en	amh	challenge_SSA-MTE	hyp1	News	NaN	0.9126
839	840	en	amh	challenge_SSA-MTE	hyp1	News	NaN	0.8930
840	841	en	amh	challenge_SSA-MTE	hyp1	News	NaN	0.8906
841	842	en	amh	challenge_SSA-MTE	hyp1	News	NaN	0.9120
842	843	en	amh	challenge_SSA-MTE	hyp1	News	NaN	0.9076
843	844	en	amh	challenge_SSA-MTE	hyp1	News	NaN	0.9107
844	845	en	amh	challenge_SSA-MTE	hyp1	News	NaN	0.8992
845	846	en	amh	challenge_SSA-MTE	hyp1	News	NaN	0.8569
846	847	en	amh	challenge_SSA-MTE	hyp1	News	NaN	0.8989
847	848	en	amh	challenge_SSA-MTE	hyp1	News	NaN	0.9042
848	849	en	amh	challenge_SSA-MTE	hyp1	News	NaN	0.8906
849	850	en	amh	challenge_SSA-MTE	hyp1	News	NaN	0.9017
850	851	en	amh	challenge_SSA-MTE	hyp1	News	NaN	0.9026
851	852	en	amh	challenge_SSA-MTE	hyp1	News	NaN	0.9067
852	853	en	amh	challenge_SSA-MTE	hyp1	News	NaN	0.9028
853	854	en	amh	challenge_SSA-MTE	hyp1	News	NaN	0.9044
854	855	en	amh	challenge_SSA-MTE	hyp1	News	NaN	0.9049
855	856	en	amh	challenge_SSA-MTE	hyp1	News	NaN	0.9020
856	857	en	amh	challenge_SSA-MTE	hyp1	News	NaN	0.8909
857	858	en	amh	challenge_SSA-MTE	hyp1	News	NaN	0.8595
858	859	en	amh	challenge_SSA-MTE	hyp1	News	NaN	0.8850
859	860	en	amh	challenge_SSA-MTE	hyp1	News	NaN	0.8367
860	861	en	amh	challenge_SSA-MTE	hyp1	News	NaN	0.8790
861	862	en	amh	challenge_SSA-MTE	hyp1	News	NaN	0.9164
862	863	en	amh	challenge_SSA-MTE	hyp1	News	NaN	0.8646
863	864	en	amh	challenge_SSA-MTE	hyp1	News	NaN	0.9162
864	865	en	amh	challenge_SSA-MTE	hyp1	News	NaN	0.9200
865	866	en	amh	challenge_SSA-MTE	hyp1	News	NaN	0.9205
866	867	en	amh	challenge_SSA-MTE	hyp1	News	NaN	0.8303
867	868	en	amh	challenge_SSA-MTE	hyp1	News	NaN	0.7263
868	869	en	amh	challenge_SSA-MTE	hyp1	News	NaN	0.8487
869	870	en	amh	challenge_SSA-MTE	hyp1	News	NaN	0.8845
870	871	en	amh	challenge_SSA-MTE	hyp1	News	NaN	0.8645
871	872	en	amh	challenge_SSA-MTE	hyp1	News	NaN	0.9033
872	873	en	amh	challenge_SSA-MTE	hyp1	News	NaN	0.8974
873	874	en	amh	challenge_SSA-MTE	hyp1	News	NaN	0.8820
874	875	en	amh	challenge_SSA-MTE	hyp1	News	NaN	0.9046
875	876	en	amh	challenge_SSA-MTE	hyp1	News	NaN	0.8978
876	877	en	amh	challenge_SSA-MTE	hyp1	News	NaN	0.9120
877	878	en	amh	challenge_SSA-MTE	hyp1	News	NaN	0.7235
878	879	en	amh	challenge_SSA-MTE	hyp1	News	NaN	0.6904
879	880	en	amh	challenge_SSA-MTE	hyp1	News	NaN	0.7569
880	881	en	amh	challenge_SSA-MTE	hyp1	News	NaN	0.8379
881	882	en	amh	challenge_SSA-MTE	hyp1	News	NaN	0.7849
882	883	en	amh	challenge_SSA-MTE	hyp1	News	NaN	0.7748
883	884	en	amh	challenge_SSA-MTE	hyp1	News	NaN	0.7737
884	885	en	amh	challenge_SSA-MTE	hyp1	News	NaN	0.8710
885	886	en	amh	challenge_SSA-MTE	hyp1	News	NaN	0.8421
886	887	en	amh	challenge_SSA-MTE	hyp1	News	NaN	0.8101
887	888	en	amh	challenge_SSA-MTE	hyp1	News	NaN	0.8849
888	889	en	amh	challenge_SSA-MTE	hyp1	News	NaN	0.8947
889	890	en	amh	challenge_SSA-MTE	hyp1	News	NaN	0.8850
890	891	en	amh	challenge_SSA-MTE	hyp1	News	NaN	0.6953
891	892	en	amh	challenge_SSA-MTE	hyp1	News	NaN	0.8540
892	893	en	amh	challenge_SSA-MTE	hyp1	News	NaN	0.8862
893	894	en	amh	challenge_SSA-MTE	hyp1	News	NaN	0.8906
894	895	en	amh	challenge_SSA-MTE	hyp1	News	NaN	0.9097
895	896	en	amh	challenge_SSA-MTE	hyp1	News	NaN	0.9115
896	897	en	amh	challenge_SSA-MTE	hyp1	News	NaN	0.9087
897	898	en	amh	challenge_SSA-MTE	hyp1	News	NaN	0.9052
898	899	en	amh	challenge_SSA-MTE	hyp1	News	NaN	0.9049
899	900	en	amh	challenge_SSA-MTE	hyp1	News	NaN	0.6387
900	901	en	amh	challenge_SSA-MTE	hyp1	News	NaN	0.7315
901	902	en	amh	challenge_SSA-MTE	hyp1	News	NaN	0.8201
902	903	en	amh	challenge_SSA-MTE	hyp1	News	NaN	0.7674
903	904	en	amh	challenge_SSA-MTE	hyp1	News	NaN	0.6595
904	905	en	amh	challenge_SSA-MTE	hyp1	News	NaN	0.8155
905	906	en	amh	challenge_SSA-MTE	hyp1	News	NaN	0.8861
906	907	en	amh	challenge_SSA-MTE	hyp1	News	NaN	0.8404
907	908	en	amh	challenge_SSA-MTE	hyp1	News	NaN	0.8654
908	909	en	amh	challenge_SSA-MTE	hyp1	News	NaN	0.8658
909	910	en	amh	challenge_SSA-MTE	hyp1	News	NaN	0.8917
910	911	en	amh	challenge_SSA-MTE	hyp1	News	NaN	0.9065
911	912	en	amh	challenge_SSA-MTE	hyp1	News	NaN	0.8229
912	913	en	amh	challenge_SSA-MTE	hyp1	News	NaN	0.7950
913	914	en	amh	challenge_SSA-MTE	hyp1	News	NaN	0.8871
914	915	en	amh	challenge_SSA-MTE	hyp1	News	NaN	0.8147
915	916	en	amh	challenge_SSA-MTE	hyp1	News	NaN	0.8959
916	917	en	amh	challenge_SSA-MTE	hyp1	News	NaN	0.7759
917	918	en	amh	challenge_SSA-MTE	hyp1	News	NaN	0.9047
918	919	en	amh	challenge_SSA-MTE	hyp1	News	NaN	0.9048
919	920	en	amh	challenge_SSA-MTE	hyp1	News	NaN	0.8182
920	921	en	amh	challenge_SSA-MTE	hyp1	News	NaN	0.7892
921	922	en	amh	challenge_SSA-MTE	hyp1	News	NaN	0.7513
922	923	en	amh	challenge_SSA-MTE	hyp1	News	NaN	0.8767
923	924	en	amh	challenge_SSA-MTE	hyp1	News	NaN	0.8719
924	925	en	amh	challenge_SSA-MTE	hyp1	News	NaN	0.8851
925	926	en	amh	challenge_SSA-MTE	hyp1	News	NaN	0.8961
926	927	en	amh	challenge_SSA-MTE	hyp1	News	NaN	0.7277
927	928	en	amh	challenge_SSA-MTE	hyp1	News	NaN	0.7972
928	929	en	amh	challenge_SSA-MTE	hyp1	News	NaN	0.8860
929	930	en	amh	challenge_SSA-MTE	hyp1	News	NaN	0.8931
930	931	en	amh	challenge_SSA-MTE	hyp1	News	NaN	0.9178
931	932	en	amh	challenge_SSA-MTE	hyp1	News	NaN	0.9087
932	933	en	amh	challenge_SSA-MTE	hyp1	News	NaN	0.9144
933	934	en	amh	challenge_SSA-MTE	hyp1	News	NaN	0.9119
934	935	en	amh	challenge_SSA-MTE	hyp1	News	NaN	0.9062
935	936	en	amh	challenge_SSA-MTE	hyp1	News	NaN	0.9170
936	937	en	amh	challenge_SSA-MTE	hyp1	News	NaN	0.8425
937	938	en	amh	challenge_SSA-MTE	hyp1	News	NaN	0.8183
938	939	en	amh	challenge_SSA-MTE	hyp1	News	NaN	0.8645
939	940	en	amh	challenge_SSA-MTE	hyp1	News	NaN	0.8559
940	941	en	amh	challenge_SSA-MTE	hyp1	News	NaN	0.8489
941	942	en	amh	challenge_SSA-MTE	hyp1	News	NaN	0.8701
942	943	en	amh	challenge_SSA-MTE	hyp1	News	NaN	0.9052
943	944	en	amh	challenge_SSA-MTE	hyp1	News	NaN	0.8009
944	945	en	amh	challenge_SSA-MTE	hyp1	News	NaN	0.9036
945	946	en	amh	challenge_SSA-MTE	hyp1	News	NaN	0.9031
946	947	en	amh	challenge_SSA-MTE	hyp1	News	NaN	0.8912
947	948	en	amh	challenge_SSA-MTE	hyp1	News	NaN	0.9032
948	949	en	amh	challenge_SSA-MTE	hyp1	News	NaN	0.9070
949	950	en	amh	challenge_SSA-MTE	hyp1	News	NaN	0.8945
950	951	en	amh	challenge_SSA-MTE	hyp1	News	NaN	0.9123
951	952	en	amh	challenge_SSA-MTE	hyp1	News	NaN	0.9099
952	953	en	amh	challenge_SSA-MTE	hyp1	News	NaN	0.9061
953	954	en	amh	challenge_SSA-MTE	hyp1	News	NaN	0.9064
954	955	en	amh	challenge_SSA-MTE	hyp1	News	NaN	0.8646
955	956	en	amh	challenge_SSA-MTE	hyp1	News	NaN	0.5346
956	957	en	amh	challenge_SSA-MTE	hyp1	News	NaN	0.7610
957	958	en	amh	challenge_SSA-MTE	hyp1	News	NaN	0.8543
958	959	en	amh	challenge_SSA-MTE	hyp1	News	NaN	0.8228
959	960	en	amh	challenge_SSA-MTE	hyp1	News	NaN	0.8247
960	961	en	amh	challenge_SSA-MTE	hyp1	News	NaN	0.9071
961	962	en	amh	challenge_SSA-MTE	hyp1	News	NaN	0.8927
962	963	en	amh	challenge_SSA-MTE	hyp1	News	NaN	0.8223
963	964	en	amh	challenge_SSA-MTE	hyp1	News	NaN	0.9088
964	965	en	amh	challenge_SSA-MTE	hyp1	News	NaN	0.8776
965	966	en	amh	challenge_SSA-MTE	hyp1	News	NaN	0.8986
966	967	en	amh	challenge_SSA-MTE	hyp1	News	NaN	0.8753
967	968	en	amh	challenge_SSA-MTE	hyp1	News	NaN	0.8515
968	969	en	amh	challenge_SSA-MTE	hyp1	News	NaN	0.8586
969	970	en	amh	challenge_SSA-MTE	hyp1	News	NaN	0.8668
970	971	en	amh	challenge_SSA-MTE	hyp1	News	NaN	0.8087
971	972	en	amh	challenge_SSA-MTE	hyp1	News	NaN	0.8235
972	973	en	amh	challenge_SSA-MTE	hyp1	News	NaN	0.8942
973	974	en	amh	challenge_SSA-MTE	hyp1	News	NaN	0.8363
974	975	en	amh	challenge_SSA-MTE	hyp1	News	NaN	0.8806
975	976	en	amh	challenge_SSA-MTE	hyp1	News	NaN	0.8923
976	977	en	amh	challenge_SSA-MTE	hyp1	News	NaN	0.8960
977	978	en	amh	challenge_SSA-MTE	hyp1	News	NaN	0.7063
978	979	en	amh	challenge_SSA-MTE	hyp1	News	NaN	0.7544
979	980	en	amh	challenge_SSA-MTE	hyp1	News	NaN	0.8546
980	981	en	amh	challenge_SSA-MTE	hyp1	News	NaN	0.7936
981	982	en	amh	challenge_SSA-MTE	hyp1	News	NaN	0.8738
982	983	en	amh	challenge_SSA-MTE	hyp1	News	NaN	0.9082
983	984	en	amh	challenge_SSA-MTE	hyp1	News	NaN	0.8737
984	985	en	amh	challenge_SSA-MTE	hyp1	News	NaN	0.9065
985	986	en	amh	challenge_SSA-MTE	hyp1	News	NaN	0.8971
986	987	en	amh	challenge_SSA-MTE	hyp1	News	NaN	0.8919
987	988	en	amh	challenge_SSA-MTE	hyp1	News	NaN	0.8942
988	989	en	amh	challenge_SSA-MTE	hyp1	News	NaN	0.8959
989	990	en	amh	challenge_SSA-MTE	hyp1	News	NaN	0.8739
990	991	en	amh	challenge_SSA-MTE	hyp1	News	NaN	0.8313
991	992	en	amh	challenge_SSA-MTE	hyp1	News	NaN	0.8932
992	993	en	amh	challenge_SSA-MTE	hyp1	News	NaN	0.8998
993	994	en	amh	challenge_SSA-MTE	hyp1	News	NaN	0.9078
994	995	en	amh	challenge_SSA-MTE	hyp1	News	NaN	0.7966
995	996	en	amh	challenge_SSA-MTE	hyp1	News	NaN	0.8737
996	997	en	amh	challenge_SSA-MTE	hyp1	News	NaN	0.9098
997	998	en	amh	challenge_SSA-MTE	hyp1	News	NaN	0.8789
998	999	en	amh	challenge_SSA-MTE	hyp1	News	NaN	0.9109
999	1000	en	amh	challenge_SSA-MTE	hyp1	News	NaN	0.8561
1000	1001	en	amh	challenge_SSA-MTE	hyp1	News	NaN	0.8600
1001	1002	en	amh	challenge_SSA-MTE	hyp1	News	NaN	0.8596
1002	1003	en	amh	challenge_SSA-MTE	hyp1	News	NaN	0.8834
1003	1004	en	amh	challenge_SSA-MTE	hyp1	News	NaN	0.8697
1004	1005	en	amh	challenge_SSA-MTE	hyp1	News	NaN	0.8553
1005	1006	en	amh	challenge_SSA-MTE	hyp1	News	NaN	0.7804
1006	1007	en	amh	challenge_SSA-MTE	hyp1	News	NaN	0.8312
1007	1008	en	amh	challenge_SSA-MTE	hyp1	News	NaN	0.8831
1008	1009	en	amh	challenge_SSA-MTE	hyp1	News	NaN	0.6965
1009	1010	en	amh	challenge_SSA-MTE	hyp1	News	NaN	0.8167
1010	1011	en	amh	challenge_SSA-MTE	hyp1	News	NaN	0.8032
1011	1012	en	amh	challenge_SSA-MTE	hyp1	News	NaN	0.8250
1012	1013	en	amh	challenge_SSA-MTE	hyp1	News	NaN	0.8622
1013	1014	en	amh	challenge_SSA-MTE	hyp1	News	NaN	0.7834
1014	1015	en	amh	challenge_SSA-MTE	hyp1	News	NaN	0.8566
1015	1016	en	amh	challenge_SSA-MTE	hyp1	News	NaN	0.8353
1016	1017	en	amh	challenge_SSA-MTE	hyp1	News	NaN	0.8382
1017	1018	en	amh	challenge_SSA-MTE	hyp1	News	NaN	0.8781
1018	1019	en	amh	challenge_SSA-MTE	hyp1	News	NaN	0.8806
1019	1020	en	amh	challenge_SSA-MTE	hyp1	News	NaN	0.8717
1020	1021	en	amh	challenge_SSA-MTE	hyp1	News	NaN	0.7669
1021	1022	en	amh	challenge_SSA-MTE	hyp1	News	NaN	0.8740
1022	1023	en	amh	challenge_SSA-MTE	hyp1	News	NaN	0.8714
1023	1024	en	amh	challenge_SSA-MTE	hyp1	News	NaN	0.8780
1024	1025	en	amh	challenge_SSA-MTE	hyp1	News	NaN	0.8662
1025	1026	en	amh	challenge_SSA-MTE	hyp1	News	NaN	0.8115
1026	1027	en	amh	challenge_SSA-MTE	hyp1	News	NaN	0.8661
1027	1028	en	amh	challenge_SSA-MTE	hyp1	News	NaN	0.8704
1028	1029	en	amh	challenge_SSA-MTE	hyp1	News	NaN	0.8823
1029	1030	en	amh	challenge_SSA-MTE	hyp1	News	NaN	0.8905
1030	1031	en	amh	challenge_SSA-MTE	hyp1	News	NaN	0.8134
1031	1032	en	amh	challenge_SSA-MTE	hyp1	News	NaN	0.8759
1032	1033	en	amh	challenge_SSA-MTE	hyp1	News	NaN	0.8701
1033	1034	en	amh	challenge_SSA-MTE	hyp1	News	NaN	0.8915
1034	1035	en	amh	challenge_SSA-MTE	hyp1	News	NaN	0.8932
1035	1036	en	amh	challenge_SSA-MTE	hyp1	News	NaN	0.8639
1036	1037	en	amh	challenge_SSA-MTE	hyp1	News	NaN	0.8520
1037	1038	en	amh	challenge_SSA-MTE	hyp1	News	NaN	0.7290
1038	1039	en	amh	challenge_SSA-MTE	hyp1	News	NaN	0.8223
1039	1040	en	amh	challenge_SSA-MTE	hyp1	News	NaN	0.8753
1040	1041	en	amh	challenge_SSA-MTE	hyp1	News	NaN	0.8555
1041	1042	en	amh	challenge_SSA-MTE	hyp1	News	NaN	0.8927
1042	1043	en	amh	challenge_SSA-MTE	hyp1	News	NaN	0.8125
1043	1044	en	amh	challenge_SSA-MTE	hyp1	News	NaN	0.8768
1044	1045	en	amh	challenge_SSA-MTE	hyp1	News	NaN	0.9025
1045	1046	en	amh	challenge_SSA-MTE	hyp1	News	NaN	0.8886
1046	1047	en	amh	challenge_SSA-MTE	hyp1	News	NaN	0.8701
1047	1048	en	amh	challenge_SSA-MTE	hyp1	News	NaN	0.8413
1048	1049	en	amh	challenge_SSA-MTE	hyp1	News	NaN	0.8960
1049	1050	en	amh	challenge_SSA-MTE	hyp1	News	NaN	0.9088
1050	1051	en	amh	challenge_SSA-MTE	hyp1	News	NaN	0.8864
1051	1052	en	amh	challenge_SSA-MTE	hyp1	News	NaN	0.9104
1052	1053	en	amh	challenge_SSA-MTE	hyp1	News	NaN	0.8961
1053	1054	en	amh	challenge_SSA-MTE	hyp1	News	NaN	0.8989
1054	1055	en	amh	challenge_SSA-MTE	hyp1	News	NaN	0.8792
1055	1056	en	amh	challenge_SSA-MTE	hyp1	News	NaN	0.8746
1056	1057	en	amh	challenge_SSA-MTE	hyp1	News	NaN	0.8944
1057	1058	en	amh	challenge_SSA-MTE	hyp1	News	NaN	0.9005
1058	1059	en	amh	challenge_SSA-MTE	hyp1	News	NaN	0.9087
1059	1060	en	amh	challenge_SSA-MTE	hyp1	News	NaN	0.8455
1060	1061	en	amh	challenge_SSA-MTE	hyp1	News	NaN	0.8649
1061	1062	en	amh	challenge_SSA-MTE	hyp1	News	NaN	0.8896
1062	1063	en	amh	challenge_SSA-MTE	hyp1	News	NaN	0.8900
1063	1064	en	amh	challenge_SSA-MTE	hyp1	News	NaN	0.8857
1064	1065	en	amh	challenge_SSA-MTE	hyp1	News	NaN	0.8436
1065	1066	en	amh	challenge_SSA-MTE	hyp1	News	NaN	0.8790
1066	1067	en	amh	challenge_SSA-MTE	hyp1	News	NaN	0.8550
1067	1068	en	amh	challenge_SSA-MTE	hyp1	News	NaN	0.8322
1068	1069	en	amh	challenge_SSA-MTE	hyp1	News	NaN	0.8122
1069	1070	en	amh	challenge_SSA-MTE	hyp1	News	NaN	0.8399
1070	1071	en	amh	challenge_SSA-MTE	hyp1	News	NaN	0.8417
1071	1072	en	amh	challenge_SSA-MTE	hyp1	News	NaN	0.7875
1072	1073	en	amh	challenge_SSA-MTE	hyp1	News	NaN	0.9027
1073	1074	en	amh	challenge_SSA-MTE	hyp1	News	NaN	0.8674
1074	1075	en	amh	challenge_SSA-MTE	hyp1	News	NaN	0.9021
1075	1076	en	amh	challenge_SSA-MTE	hyp1	News	NaN	0.8573
1076	1077	en	amh	challenge_SSA-MTE	hyp1	News	NaN	0.8092
1077	1078	en	amh	challenge_SSA-MTE	hyp1	News	NaN	0.8669
1078	1079	en	amh	challenge_SSA-MTE	hyp1	News	NaN	0.8849
1079	1080	en	amh	challenge_SSA-MTE	hyp1	News	NaN	0.8725
1080	1081	en	amh	challenge_SSA-MTE	hyp1	News	NaN	0.8947
1081	1082	en	amh	challenge_SSA-MTE	hyp1	News	NaN	0.8980
1082	1083	en	amh	challenge_SSA-MTE	hyp1	News	NaN	0.8891
1083	1084	en	amh	challenge_SSA-MTE	hyp1	News	NaN	0.8936
1084	1085	en	amh	challenge_SSA-MTE	hyp1	News	NaN	0.4945
1085	1086	en	amh	challenge_SSA-MTE	hyp1	News	NaN	0.8822
1086	1087	en	amh	challenge_SSA-MTE	hyp1	News	NaN	0.8908
1087	1088	en	amh	challenge_SSA-MTE	hyp1	News	NaN	0.8501
1088	1089	en	amh	challenge_SSA-MTE	hyp1	News	NaN	0.6907
1089	1090	en	amh	challenge_SSA-MTE	hyp1	News	NaN	0.7512
1090	1091	en	amh	challenge_SSA-MTE	hyp1	News	NaN	0.8210
1091	1092	en	amh	challenge_SSA-MTE	hyp1	News	NaN	0.8812
1092	1093	en	amh	challenge_SSA-MTE	hyp1	News	NaN	0.8064
1093	1094	en	amh	challenge_SSA-MTE	hyp1	News	NaN	0.8623
1094	1095	en	amh	challenge_SSA-MTE	hyp1	News	NaN	0.8315
1095	1096	en	amh	challenge_SSA-MTE	hyp1	News	NaN	0.8676
1096	1097	en	amh	challenge_SSA-MTE	hyp1	News	NaN	0.8357
1097	1098	en	amh	challenge_SSA-MTE	hyp1	News	NaN	0.8951
1098	1099	en	amh	challenge_SSA-MTE	hyp1	News	NaN	0.8022
1099	1100	en	amh	challenge_SSA-MTE	hyp1	News	NaN	0.8533
1100	1101	en	amh	challenge_SSA-MTE	hyp1	News	NaN	0.8904
1101	1102	en	amh	challenge_SSA-MTE	hyp1	News	NaN	0.8759
1102	1103	en	amh	challenge_SSA-MTE	hyp1	News	NaN	0.9022
1103	1104	en	amh	challenge_SSA-MTE	hyp1	News	NaN	0.8990
1104	1105	en	amh	challenge_SSA-MTE	hyp1	News	NaN	0.7407
1105	1106	en	amh	challenge_SSA-MTE	hyp1	News	NaN	0.7547
1106	1107	en	amh	challenge_SSA-MTE	hyp1	News	NaN	0.8477
1107	1108	en	amh	challenge_SSA-MTE	hyp1	News	NaN	0.8080
1108	1109	en	amh	challenge_SSA-MTE	hyp1	News	NaN	0.8210
1109	1110	en	amh	challenge_SSA-MTE	hyp1	News	NaN	0.7644
1110	1111	en	amh	challenge_SSA-MTE	hyp1	News	NaN	0.8082
1111	1112	en	amh	challenge_SSA-MTE	hyp1	News	NaN	0.7804
1112	1113	en	amh	challenge_SSA-MTE	hyp1	News	NaN	0.8916
1113	1114	en	amh	challenge_SSA-MTE	hyp1	News	NaN	0.8932
1114	1115	en	amh	challenge_SSA-MTE	hyp1	News	NaN	0.8574
1115	1116	en	amh	challenge_SSA-MTE	hyp1	News	NaN	0.8930
1116	1117	en	amh	challenge_SSA-MTE	hyp1	News	NaN	0.8906
1117	1118	en	amh	challenge_SSA-MTE	hyp1	News	NaN	0.8945
1118	1119	en	amh	challenge_SSA-MTE	hyp1	News	NaN	0.8885
1119	1120	en	amh	challenge_SSA-MTE	hyp1	News	NaN	0.8814
1120	1121	en	amh	challenge_SSA-MTE	hyp1	News	NaN	0.7787
1121	1122	en	amh	challenge_SSA-MTE	hyp1	News	NaN	0.8872
1122	1123	en	amh	challenge_SSA-MTE	hyp1	News	NaN	0.8625
1123	1124	en	amh	challenge_SSA-MTE	hyp1	News	NaN	0.8965
1124	1125	en	amh	challenge_SSA-MTE	hyp1	News	NaN	0.8949
1125	1126	en	amh	challenge_SSA-MTE	hyp1	News	NaN	0.8676
1126	1127	en	amh	challenge_SSA-MTE	hyp1	News	NaN	0.8837
1127	1128	en	amh	challenge_SSA-MTE	hyp1	News	NaN	0.8822
1128	1129	en	amh	challenge_SSA-MTE	hyp1	News	NaN	0.8864
1129	1130	en	amh	challenge_SSA-MTE	hyp1	News	NaN	0.8676
1130	1131	en	amh	challenge_SSA-MTE	hyp1	News	NaN	0.8824
1131	1132	en	amh	challenge_SSA-MTE	hyp1	News	NaN	0.9076
1132	1133	en	amh	challenge_SSA-MTE	hyp1	News	NaN	0.8998
1133	1134	en	amh	challenge_SSA-MTE	hyp1	News	NaN	0.9123
1134	1135	en	amh	challenge_SSA-MTE	hyp1	News	NaN	0.8918
1135	1136	en	amh	challenge_SSA-MTE	hyp1	News	NaN	0.9123
1136	1137	en	amh	challenge_SSA-MTE	hyp1	News	NaN	0.9131
1137	1138	en	amh	challenge_SSA-MTE	hyp1	News	NaN	0.8988
1138	1139	en	amh	challenge_SSA-MTE	hyp1	News	NaN	0.8809
1139	1140	en	amh	challenge_SSA-MTE	hyp1	News	NaN	0.9065
1140	1141	en	amh	challenge_SSA-MTE	hyp1	News	NaN	0.9084
1141	1142	en	amh	challenge_SSA-MTE	hyp1	News	NaN	0.9096
1142	1143	en	amh	challenge_SSA-MTE	hyp1	News	NaN	0.9117
1143	1144	en	amh	challenge_SSA-MTE	hyp1	News	NaN	0.8716
1144	1145	en	amh	challenge_SSA-MTE	hyp1	News	NaN	0.7005
1145	1146	en	amh	challenge_SSA-MTE	hyp1	News	NaN	0.8358
1146	1147	en	amh	challenge_SSA-MTE	hyp1	News	NaN	0.7608
1147	1148	en	amh	challenge_SSA-MTE	hyp1	News	NaN	0.8545
1148	1149	en	amh	challenge_SSA-MTE	hyp1	News	NaN	0.8486
1149	1150	en	amh	challenge_SSA-MTE	hyp1	News	NaN	0.9000
1150	1151	en	amh	challenge_SSA-MTE	hyp1	News	NaN	0.7741
1151	1152	en	amh	challenge_SSA-MTE	hyp1	News	NaN	0.8439
1152	1153	en	amh	challenge_SSA-MTE	hyp1	News	NaN	0.8628
1153	1154	en	amh	challenge_SSA-MTE	hyp1	News	NaN	0.8290
1154	1155	en	amh	challenge_SSA-MTE	hyp1	News	NaN	0.9068
1155	1156	en	amh	challenge_SSA-MTE	hyp1	News	NaN	0.8748
1156	1157	en	amh	challenge_SSA-MTE	hyp1	News	NaN	0.7912
1157	1158	en	amh	challenge_SSA-MTE	hyp1	News	NaN	0.7636
1158	1159	en	amh	challenge_SSA-MTE	hyp1	News	NaN	0.7749
1159	1160	en	amh	challenge_SSA-MTE	hyp1	News	NaN	0.8875
1160	1161	en	amh	challenge_SSA-MTE	hyp1	News	NaN	0.8494
1161	1162	en	amh	challenge_SSA-MTE	hyp1	News	NaN	0.8945
1162	1163	en	amh	challenge_SSA-MTE	hyp1	News	NaN	0.8967
1163	1164	en	amh	challenge_SSA-MTE	hyp1	News	NaN	0.8706
1164	1165	en	amh	challenge_SSA-MTE	hyp1	News	NaN	0.8621
1165	1166	en	amh	challenge_SSA-MTE	hyp1	News	NaN	0.9054
0	1	en	hau	challenge_SSA-MTE	hyp1	News	NaN	0.4800
1	2	en	hau	challenge_SSA-MTE	hyp1	News	NaN	0.4084
2	3	en	hau	challenge_SSA-MTE	hyp1	News	NaN	0.3713
3	4	en	hau	challenge_SSA-MTE	hyp1	News	NaN	0.6441
4	5	en	hau	challenge_SSA-MTE	hyp1	News	NaN	0.4421
5	6	en	hau	challenge_SSA-MTE	hyp1	News	NaN	0.4841
6	7	en	hau	challenge_SSA-MTE	hyp1	News	NaN	0.4972
7	8	en	hau	challenge_SSA-MTE	hyp1	News	NaN	0.5718
8	9	en	hau	challenge_SSA-MTE	hyp1	News	NaN	0.5528
9	10	en	hau	challenge_SSA-MTE	hyp1	News	NaN	0.6055
10	11	en	hau	challenge_SSA-MTE	hyp1	News	NaN	0.6336
11	12	en	hau	challenge_SSA-MTE	hyp1	News	NaN	0.4787
12	13	en	hau	challenge_SSA-MTE	hyp1	News	NaN	0.8208
13	14	en	hau	challenge_SSA-MTE	hyp1	News	NaN	0.7853
14	15	en	hau	challenge_SSA-MTE	hyp1	News	NaN	0.8592
15	16	en	hau	challenge_SSA-MTE	hyp1	News	NaN	0.8020
16	17	en	hau	challenge_SSA-MTE	hyp1	News	NaN	0.7632
17	18	en	hau	challenge_SSA-MTE	hyp1	News	NaN	0.7926
18	19	en	hau	challenge_SSA-MTE	hyp1	News	NaN	0.6703
19	20	en	hau	challenge_SSA-MTE	hyp1	News	NaN	0.5998
20	21	en	hau	challenge_SSA-MTE	hyp1	News	NaN	0.5212
21	22	en	hau	challenge_SSA-MTE	hyp1	News	NaN	0.5062
22	23	en	hau	challenge_SSA-MTE	hyp1	News	NaN	0.5422
23	24	en	hau	challenge_SSA-MTE	hyp1	News	NaN	0.5705
24	25	en	hau	challenge_SSA-MTE	hyp1	News	NaN	0.6907
25	26	en	hau	challenge_SSA-MTE	hyp1	News	NaN	0.6557
26	27	en	hau	challenge_SSA-MTE	hyp1	News	NaN	0.6738
27	28	en	hau	challenge_SSA-MTE	hyp1	News	NaN	0.6915
28	29	en	hau	challenge_SSA-MTE	hyp1	News	NaN	0.6731
29	30	en	hau	challenge_SSA-MTE	hyp1	News	NaN	0.7086
30	31	en	hau	challenge_SSA-MTE	hyp1	News	NaN	0.8050
31	32	en	hau	challenge_SSA-MTE	hyp1	News	NaN	0.4368
32	33	en	hau	challenge_SSA-MTE	hyp1	News	NaN	0.4865
33	34	en	hau	challenge_SSA-MTE	hyp1	News	NaN	0.5323
34	35	en	hau	challenge_SSA-MTE	hyp1	News	NaN	0.6959
35	36	en	hau	challenge_SSA-MTE	hyp1	News	NaN	0.7158
36	37	en	hau	challenge_SSA-MTE	hyp1	News	NaN	0.6710
37	38	en	hau	challenge_SSA-MTE	hyp1	News	NaN	0.6128
38	39	en	hau	challenge_SSA-MTE	hyp1	News	NaN	0.4305
39	40	en	hau	challenge_SSA-MTE	hyp1	News	NaN	0.5621
40	41	en	hau	challenge_SSA-MTE	hyp1	News	NaN	0.4682
41	42	en	hau	challenge_SSA-MTE	hyp1	News	NaN	0.5970
42	43	en	hau	challenge_SSA-MTE	hyp1	News	NaN	0.4562
43	44	en	hau	challenge_SSA-MTE	hyp1	News	NaN	0.4672
44	45	en	hau	challenge_SSA-MTE	hyp1	News	NaN	0.4325
45	46	en	hau	challenge_SSA-MTE	hyp1	News	NaN	0.4892
46	47	en	hau	challenge_SSA-MTE	hyp1	News	NaN	0.4415
47	48	en	hau	challenge_SSA-MTE	hyp1	News	NaN	0.4545
48	49	en	hau	challenge_SSA-MTE	hyp1	News	NaN	0.4722
49	50	en	hau	challenge_SSA-MTE	hyp1	News	NaN	0.4517
50	51	en	hau	challenge_SSA-MTE	hyp1	News	NaN	0.3967
51	52	en	hau	challenge_SSA-MTE	hyp1	News	NaN	0.5934
52	53	en	hau	challenge_SSA-MTE	hyp1	News	NaN	0.5201
53	54	en	hau	challenge_SSA-MTE	hyp1	News	NaN	0.3650
54	55	en	hau	challenge_SSA-MTE	hyp1	News	NaN	0.5058
55	56	en	hau	challenge_SSA-MTE	hyp1	News	NaN	0.6737
56	57	en	hau	challenge_SSA-MTE	hyp1	News	NaN	0.6761
57	58	en	hau	challenge_SSA-MTE	hyp1	News	NaN	0.4886
58	59	en	hau	challenge_SSA-MTE	hyp1	News	NaN	0.5193
59	60	en	hau	challenge_SSA-MTE	hyp1	News	NaN	0.5939
60	61	en	hau	challenge_SSA-MTE	hyp1	News	NaN	0.8360
61	62	en	hau	challenge_SSA-MTE	hyp1	News	NaN	0.8509
62	63	en	hau	challenge_SSA-MTE	hyp1	News	NaN	0.8497
63	64	en	hau	challenge_SSA-MTE	hyp1	News	NaN	0.6347
64	65	en	hau	challenge_SSA-MTE	hyp1	News	NaN	0.5078
65	66	en	hau	challenge_SSA-MTE	hyp1	News	NaN	0.5054
66	67	en	hau	challenge_SSA-MTE	hyp1	News	NaN	0.4357
67	68	en	hau	challenge_SSA-MTE	hyp1	News	NaN	0.3460
68	69	en	hau	challenge_SSA-MTE	hyp1	News	NaN	0.3623
69	70	en	hau	challenge_SSA-MTE	hyp1	News	NaN	0.3773
70	71	en	hau	challenge_SSA-MTE	hyp1	News	NaN	0.6011
71	72	en	hau	challenge_SSA-MTE	hyp1	News	NaN	0.5227
72	73	en	hau	challenge_SSA-MTE	hyp1	News	NaN	0.5326
73	74	en	hau	challenge_SSA-MTE	hyp1	News	NaN	0.6543
74	75	en	hau	challenge_SSA-MTE	hyp1	News	NaN	0.6819
75	76	en	hau	challenge_SSA-MTE	hyp1	News	NaN	0.6757
76	77	en	hau	challenge_SSA-MTE	hyp1	News	NaN	0.4641
77	78	en	hau	challenge_SSA-MTE	hyp1	News	NaN	0.8451
78	79	en	hau	challenge_SSA-MTE	hyp1	News	NaN	0.8392
79	80	en	hau	challenge_SSA-MTE	hyp1	News	NaN	0.7668
80	81	en	hau	challenge_SSA-MTE	hyp1	News	NaN	0.8513
81	82	en	hau	challenge_SSA-MTE	hyp1	News	NaN	0.8531
82	83	en	hau	challenge_SSA-MTE	hyp1	News	NaN	0.7100
83	84	en	hau	challenge_SSA-MTE	hyp1	News	NaN	0.7908
84	85	en	hau	challenge_SSA-MTE	hyp1	News	NaN	0.6163
85	86	en	hau	challenge_SSA-MTE	hyp1	News	NaN	0.7350
86	87	en	hau	challenge_SSA-MTE	hyp1	News	NaN	0.6600
87	88	en	hau	challenge_SSA-MTE	hyp1	News	NaN	0.7916
88	89	en	hau	challenge_SSA-MTE	hyp1	News	NaN	0.4784
89	90	en	hau	challenge_SSA-MTE	hyp1	News	NaN	0.4986
90	91	en	hau	challenge_SSA-MTE	hyp1	News	NaN	0.4670
91	92	en	hau	challenge_SSA-MTE	hyp1	News	NaN	0.6264
92	93	en	hau	challenge_SSA-MTE	hyp1	News	NaN	0.5178
93	94	en	hau	challenge_SSA-MTE	hyp1	News	NaN	0.4508
94	95	en	hau	challenge_SSA-MTE	hyp1	News	NaN	0.5092
95	96	en	hau	challenge_SSA-MTE	hyp1	News	NaN	0.4094
96	97	en	hau	challenge_SSA-MTE	hyp1	News	NaN	0.8604
97	98	en	hau	challenge_SSA-MTE	hyp1	News	NaN	0.5300
98	99	en	hau	challenge_SSA-MTE	hyp1	News	NaN	0.4866
99	100	en	hau	challenge_SSA-MTE	hyp1	News	NaN	0.4014
100	101	en	hau	challenge_SSA-MTE	hyp1	News	NaN	0.4976
101	102	en	hau	challenge_SSA-MTE	hyp1	News	NaN	0.4892
102	103	en	hau	challenge_SSA-MTE	hyp1	News	NaN	0.6233
103	104	en	hau	challenge_SSA-MTE	hyp1	News	NaN	0.4654
104	105	en	hau	challenge_SSA-MTE	hyp1	News	NaN	0.4843
105	106	en	hau	challenge_SSA-MTE	hyp1	News	NaN	0.4851
106	107	en	hau	challenge_SSA-MTE	hyp1	News	NaN	0.7656
107	108	en	hau	challenge_SSA-MTE	hyp1	News	NaN	0.5171
108	109	en	hau	challenge_SSA-MTE	hyp1	News	NaN	0.4884
109	110	en	hau	challenge_SSA-MTE	hyp1	News	NaN	0.5398
110	111	en	hau	challenge_SSA-MTE	hyp1	News	NaN	0.4607
111	112	en	hau	challenge_SSA-MTE	hyp1	News	NaN	0.8144
112	113	en	hau	challenge_SSA-MTE	hyp1	News	NaN	0.8063
113	114	en	hau	challenge_SSA-MTE	hyp1	News	NaN	0.7652
114	115	en	hau	challenge_SSA-MTE	hyp1	News	NaN	0.6921
115	116	en	hau	challenge_SSA-MTE	hyp1	News	NaN	0.6374
116	117	en	hau	challenge_SSA-MTE	hyp1	News	NaN	0.7377
117	118	en	hau	challenge_SSA-MTE	hyp1	News	NaN	0.5022
118	119	en	hau	challenge_SSA-MTE	hyp1	News	NaN	0.5163
119	120	en	hau	challenge_SSA-MTE	hyp1	News	NaN	0.4845
120	121	en	hau	challenge_SSA-MTE	hyp1	News	NaN	0.3936
121	122	en	hau	challenge_SSA-MTE	hyp1	News	NaN	0.4334
122	123	en	hau	challenge_SSA-MTE	hyp1	News	NaN	0.2987
123	124	en	hau	challenge_SSA-MTE	hyp1	News	NaN	0.6621
124	125	en	hau	challenge_SSA-MTE	hyp1	News	NaN	0.6515
125	126	en	hau	challenge_SSA-MTE	hyp1	News	NaN	0.6937
126	127	en	hau	challenge_SSA-MTE	hyp1	News	NaN	0.7249
127	128	en	hau	challenge_SSA-MTE	hyp1	News	NaN	0.7172
128	129	en	hau	challenge_SSA-MTE	hyp1	News	NaN	0.5723
129	130	en	hau	challenge_SSA-MTE	hyp1	News	NaN	0.7479
130	131	en	hau	challenge_SSA-MTE	hyp1	News	NaN	0.7794
131	132	en	hau	challenge_SSA-MTE	hyp1	News	NaN	0.8592
132	133	en	hau	challenge_SSA-MTE	hyp1	News	NaN	0.8630
133	134	en	hau	challenge_SSA-MTE	hyp1	News	NaN	0.8533
134	135	en	hau	challenge_SSA-MTE	hyp1	News	NaN	0.7986
135	136	en	hau	challenge_SSA-MTE	hyp1	News	NaN	0.4307
136	137	en	hau	challenge_SSA-MTE	hyp1	News	NaN	0.4729
137	138	en	hau	challenge_SSA-MTE	hyp1	News	NaN	0.4373
138	139	en	hau	challenge_SSA-MTE	hyp1	News	NaN	0.5051
139	140	en	hau	challenge_SSA-MTE	hyp1	News	NaN	0.4418
140	141	en	hau	challenge_SSA-MTE	hyp1	News	NaN	0.4967
141	142	en	hau	challenge_SSA-MTE	hyp1	News	NaN	0.6037
142	143	en	hau	challenge_SSA-MTE	hyp1	News	NaN	0.4884
143	144	en	hau	challenge_SSA-MTE	hyp1	News	NaN	0.3770
144	145	en	hau	challenge_SSA-MTE	hyp1	News	NaN	0.5165
145	146	en	hau	challenge_SSA-MTE	hyp1	News	NaN	0.5075
146	147	en	hau	challenge_SSA-MTE	hyp1	News	NaN	0.5152
147	148	en	hau	challenge_SSA-MTE	hyp1	News	NaN	0.5996
148	149	en	hau	challenge_SSA-MTE	hyp1	News	NaN	0.6120
149	150	en	hau	challenge_SSA-MTE	hyp1	News	NaN	0.5246
150	151	en	hau	challenge_SSA-MTE	hyp1	News	NaN	0.5935
151	152	en	hau	challenge_SSA-MTE	hyp1	News	NaN	0.6569
152	153	en	hau	challenge_SSA-MTE	hyp1	News	NaN	0.4839
153	154	en	hau	challenge_SSA-MTE	hyp1	News	NaN	0.4593
154	155	en	hau	challenge_SSA-MTE	hyp1	News	NaN	0.6847
155	156	en	hau	challenge_SSA-MTE	hyp1	News	NaN	0.5920
156	157	en	hau	challenge_SSA-MTE	hyp1	News	NaN	0.4811
157	158	en	hau	challenge_SSA-MTE	hyp1	News	NaN	0.6617
158	159	en	hau	challenge_SSA-MTE	hyp1	News	NaN	0.6017
159	160	en	hau	challenge_SSA-MTE	hyp1	News	NaN	0.5263
160	161	en	hau	challenge_SSA-MTE	hyp1	News	NaN	0.5687
161	162	en	hau	challenge_SSA-MTE	hyp1	News	NaN	0.6239
162	163	en	hau	challenge_SSA-MTE	hyp1	News	NaN	0.6378
163	164	en	hau	challenge_SSA-MTE	hyp1	News	NaN	0.5180
164	165	en	hau	challenge_SSA-MTE	hyp1	News	NaN	0.4288
165	166	en	hau	challenge_SSA-MTE	hyp1	News	NaN	0.4732
166	167	en	hau	challenge_SSA-MTE	hyp1	News	NaN	0.4935
167	168	en	hau	challenge_SSA-MTE	hyp1	News	NaN	0.4762
168	169	en	hau	challenge_SSA-MTE	hyp1	News	NaN	0.7154
169	170	en	hau	challenge_SSA-MTE	hyp1	News	NaN	0.7981
170	171	en	hau	challenge_SSA-MTE	hyp1	News	NaN	0.7910
171	172	en	hau	challenge_SSA-MTE	hyp1	News	NaN	0.7546
172	173	en	hau	challenge_SSA-MTE	hyp1	News	NaN	0.6548
173	174	en	hau	challenge_SSA-MTE	hyp1	News	NaN	0.6671
174	175	en	hau	challenge_SSA-MTE	hyp1	News	NaN	0.5241
175	176	en	hau	challenge_SSA-MTE	hyp1	News	NaN	0.4657
176	177	en	hau	challenge_SSA-MTE	hyp1	News	NaN	0.5560
177	178	en	hau	challenge_SSA-MTE	hyp1	News	NaN	0.4866
178	179	en	hau	challenge_SSA-MTE	hyp1	News	NaN	0.4772
179	180	en	hau	challenge_SSA-MTE	hyp1	News	NaN	0.4714
180	181	en	hau	challenge_SSA-MTE	hyp1	News	NaN	0.4864
181	182	en	hau	challenge_SSA-MTE	hyp1	News	NaN	0.4956
182	183	en	hau	challenge_SSA-MTE	hyp1	News	NaN	0.4611
183	184	en	hau	challenge_SSA-MTE	hyp1	News	NaN	0.4435
184	185	en	hau	challenge_SSA-MTE	hyp1	News	NaN	0.4367
185	186	en	hau	challenge_SSA-MTE	hyp1	News	NaN	0.3993
186	187	en	hau	challenge_SSA-MTE	hyp1	News	NaN	0.8408
187	188	en	hau	challenge_SSA-MTE	hyp1	News	NaN	0.8336
188	189	en	hau	challenge_SSA-MTE	hyp1	News	NaN	0.8622
189	190	en	hau	challenge_SSA-MTE	hyp1	News	NaN	0.8052
190	191	en	hau	challenge_SSA-MTE	hyp1	News	NaN	0.8124
191	192	en	hau	challenge_SSA-MTE	hyp1	News	NaN	0.8381
192	193	en	hau	challenge_SSA-MTE	hyp1	News	NaN	0.5621
193	194	en	hau	challenge_SSA-MTE	hyp1	News	NaN	0.7102
194	195	en	hau	challenge_SSA-MTE	hyp1	News	NaN	0.6011
195	196	en	hau	challenge_SSA-MTE	hyp1	News	NaN	0.5054
196	197	en	hau	challenge_SSA-MTE	hyp1	News	NaN	0.6278
197	198	en	hau	challenge_SSA-MTE	hyp1	News	NaN	0.7446
198	199	en	hau	challenge_SSA-MTE	hyp1	News	NaN	0.6102
199	200	en	hau	challenge_SSA-MTE	hyp1	News	NaN	0.7159
200	201	en	hau	challenge_SSA-MTE	hyp1	News	NaN	0.6708
201	202	en	hau	challenge_SSA-MTE	hyp1	News	NaN	0.5593
202	203	en	hau	challenge_SSA-MTE	hyp1	News	NaN	0.4509
203	204	en	hau	challenge_SSA-MTE	hyp1	News	NaN	0.4883
204	205	en	hau	challenge_SSA-MTE	hyp1	News	NaN	0.2567
205	206	en	hau	challenge_SSA-MTE	hyp1	News	NaN	0.5370
206	207	en	hau	challenge_SSA-MTE	hyp1	News	NaN	0.5221
207	208	en	hau	challenge_SSA-MTE	hyp1	News	NaN	0.5017
208	209	en	hau	challenge_SSA-MTE	hyp1	News	NaN	0.6303
209	210	en	hau	challenge_SSA-MTE	hyp1	News	NaN	0.6702
210	211	en	hau	challenge_SSA-MTE	hyp1	News	NaN	0.7502
211	212	en	hau	challenge_SSA-MTE	hyp1	News	NaN	0.6439
212	213	en	hau	challenge_SSA-MTE	hyp1	News	NaN	0.6668
213	214	en	hau	challenge_SSA-MTE	hyp1	News	NaN	0.5187
214	215	en	hau	challenge_SSA-MTE	hyp1	News	NaN	0.6164
215	216	en	hau	challenge_SSA-MTE	hyp1	News	NaN	0.5420
216	217	en	hau	challenge_SSA-MTE	hyp1	News	NaN	0.3614
217	218	en	hau	challenge_SSA-MTE	hyp1	News	NaN	0.5701
218	219	en	hau	challenge_SSA-MTE	hyp1	News	NaN	0.5124
219	220	en	hau	challenge_SSA-MTE	hyp1	News	NaN	0.7024
220	221	en	hau	challenge_SSA-MTE	hyp1	News	NaN	0.5434
221	222	en	hau	challenge_SSA-MTE	hyp1	News	NaN	0.5596
222	223	en	hau	challenge_SSA-MTE	hyp1	News	NaN	0.5002
223	224	en	hau	challenge_SSA-MTE	hyp1	News	NaN	0.6319
224	225	en	hau	challenge_SSA-MTE	hyp1	News	NaN	0.6362
225	226	en	hau	challenge_SSA-MTE	hyp1	News	NaN	0.6191
226	227	en	hau	challenge_SSA-MTE	hyp1	News	NaN	0.4759
227	228	en	hau	challenge_SSA-MTE	hyp1	News	NaN	0.7506
228	229	en	hau	challenge_SSA-MTE	hyp1	News	NaN	0.7269
229	230	en	hau	challenge_SSA-MTE	hyp1	News	NaN	0.4658
230	231	en	hau	challenge_SSA-MTE	hyp1	News	NaN	0.7301
231	232	en	hau	challenge_SSA-MTE	hyp1	News	NaN	0.7956
232	233	en	hau	challenge_SSA-MTE	hyp1	News	NaN	0.7502
233	234	en	hau	challenge_SSA-MTE	hyp1	News	NaN	0.8191
234	235	en	hau	challenge_SSA-MTE	hyp1	News	NaN	0.8375
235	236	en	hau	challenge_SSA-MTE	hyp1	News	NaN	0.7929
236	237	en	hau	challenge_SSA-MTE	hyp1	News	NaN	0.7638
237	238	en	hau	challenge_SSA-MTE	hyp1	News	NaN	0.7047
238	239	en	hau	challenge_SSA-MTE	hyp1	News	NaN	0.7429
239	240	en	hau	challenge_SSA-MTE	hyp1	News	NaN	0.6087
240	241	en	hau	challenge_SSA-MTE	hyp1	News	NaN	0.6218
241	242	en	hau	challenge_SSA-MTE	hyp1	News	NaN	0.5627
242	243	en	hau	challenge_SSA-MTE	hyp1	News	NaN	0.7013
243	244	en	hau	challenge_SSA-MTE	hyp1	News	NaN	0.4751
244	245	en	hau	challenge_SSA-MTE	hyp1	News	NaN	0.4831
245	246	en	hau	challenge_SSA-MTE	hyp1	News	NaN	0.4761
246	247	en	hau	challenge_SSA-MTE	hyp1	News	NaN	0.5377
247	248	en	hau	challenge_SSA-MTE	hyp1	News	NaN	0.6030
248	249	en	hau	challenge_SSA-MTE	hyp1	News	NaN	0.5832
249	250	en	hau	challenge_SSA-MTE	hyp1	News	NaN	0.5462
250	251	en	hau	challenge_SSA-MTE	hyp1	News	NaN	0.3971
251	252	en	hau	challenge_SSA-MTE	hyp1	News	NaN	0.6126
252	253	en	hau	challenge_SSA-MTE	hyp1	News	NaN	0.6364
253	254	en	hau	challenge_SSA-MTE	hyp1	News	NaN	0.4573
254	255	en	hau	challenge_SSA-MTE	hyp1	News	NaN	0.5721
255	256	en	hau	challenge_SSA-MTE	hyp1	News	NaN	0.5785
256	257	en	hau	challenge_SSA-MTE	hyp1	News	NaN	0.4603
257	258	en	hau	challenge_SSA-MTE	hyp1	News	NaN	0.4053
258	259	en	hau	challenge_SSA-MTE	hyp1	News	NaN	0.4548
259	260	en	hau	challenge_SSA-MTE	hyp1	News	NaN	0.4492
260	261	en	hau	challenge_SSA-MTE	hyp1	News	NaN	0.5172
261	262	en	hau	challenge_SSA-MTE	hyp1	News	NaN	0.5498
262	263	en	hau	challenge_SSA-MTE	hyp1	News	NaN	0.4619
263	264	en	hau	challenge_SSA-MTE	hyp1	News	NaN	0.6022
264	265	en	hau	challenge_SSA-MTE	hyp1	News	NaN	0.5423
265	266	en	hau	challenge_SSA-MTE	hyp1	News	NaN	0.4976
266	267	en	hau	challenge_SSA-MTE	hyp1	News	NaN	0.6482
267	268	en	hau	challenge_SSA-MTE	hyp1	News	NaN	0.7385
268	269	en	hau	challenge_SSA-MTE	hyp1	News	NaN	0.6072
269	270	en	hau	challenge_SSA-MTE	hyp1	News	NaN	0.6862
270	271	en	hau	challenge_SSA-MTE	hyp1	News	NaN	0.6119
271	272	en	hau	challenge_SSA-MTE	hyp1	News	NaN	0.5337
272	273	en	hau	challenge_SSA-MTE	hyp1	News	NaN	0.6517
273	274	en	hau	challenge_SSA-MTE	hyp1	News	NaN	0.7109
274	275	en	hau	challenge_SSA-MTE	hyp1	News	NaN	0.6164
275	276	en	hau	challenge_SSA-MTE	hyp1	News	NaN	0.6867
276	277	en	hau	challenge_SSA-MTE	hyp1	News	NaN	0.6059
277	278	en	hau	challenge_SSA-MTE	hyp1	News	NaN	0.6579
278	279	en	hau	challenge_SSA-MTE	hyp1	News	NaN	0.6849
279	280	en	hau	challenge_SSA-MTE	hyp1	News	NaN	0.8371
280	281	en	hau	challenge_SSA-MTE	hyp1	News	NaN	0.6282
281	282	en	hau	challenge_SSA-MTE	hyp1	News	NaN	0.7426
282	283	en	hau	challenge_SSA-MTE	hyp1	News	NaN	0.5855
283	284	en	hau	challenge_SSA-MTE	hyp1	News	NaN	0.4215
284	285	en	hau	challenge_SSA-MTE	hyp1	News	NaN	0.7514
285	286	en	hau	challenge_SSA-MTE	hyp1	News	NaN	0.5722
286	287	en	hau	challenge_SSA-MTE	hyp1	News	NaN	0.5414
287	288	en	hau	challenge_SSA-MTE	hyp1	News	NaN	0.5306
288	289	en	hau	challenge_SSA-MTE	hyp1	News	NaN	0.5484
289	290	en	hau	challenge_SSA-MTE	hyp1	News	NaN	0.4966
290	291	en	hau	challenge_SSA-MTE	hyp1	News	NaN	0.5607
291	292	en	hau	challenge_SSA-MTE	hyp1	News	NaN	0.4676
292	293	en	hau	challenge_SSA-MTE	hyp1	News	NaN	0.5142
293	294	en	hau	challenge_SSA-MTE	hyp1	News	NaN	0.4920
294	295	en	hau	challenge_SSA-MTE	hyp1	News	NaN	0.5450
295	296	en	hau	challenge_SSA-MTE	hyp1	News	NaN	0.4609
296	297	en	hau	challenge_SSA-MTE	hyp1	News	NaN	0.4853
297	298	en	hau	challenge_SSA-MTE	hyp1	News	NaN	0.5201
298	299	en	hau	challenge_SSA-MTE	hyp1	News	NaN	0.4916
299	300	en	hau	challenge_SSA-MTE	hyp1	News	NaN	0.6563
300	301	en	hau	challenge_SSA-MTE	hyp1	News	NaN	0.7378
301	302	en	hau	challenge_SSA-MTE	hyp1	News	NaN	0.6195
302	303	en	hau	challenge_SSA-MTE	hyp1	News	NaN	0.6630
303	304	en	hau	challenge_SSA-MTE	hyp1	News	NaN	0.7028
304	305	en	hau	challenge_SSA-MTE	hyp1	News	NaN	0.6965
305	306	en	hau	challenge_SSA-MTE	hyp1	News	NaN	0.5880
306	307	en	hau	challenge_SSA-MTE	hyp1	News	NaN	0.5900
307	308	en	hau	challenge_SSA-MTE	hyp1	News	NaN	0.5292
308	309	en	hau	challenge_SSA-MTE	hyp1	News	NaN	0.6440
309	310	en	hau	challenge_SSA-MTE	hyp1	News	NaN	0.5199
310	311	en	hau	challenge_SSA-MTE	hyp1	News	NaN	0.6299
311	312	en	hau	challenge_SSA-MTE	hyp1	News	NaN	0.6494
312	313	en	hau	challenge_SSA-MTE	hyp1	News	NaN	0.7440
313	314	en	hau	challenge_SSA-MTE	hyp1	News	NaN	0.6048
314	315	en	hau	challenge_SSA-MTE	hyp1	News	NaN	0.6672
315	316	en	hau	challenge_SSA-MTE	hyp1	News	NaN	0.5350
316	317	en	hau	challenge_SSA-MTE	hyp1	News	NaN	0.6543
317	318	en	hau	challenge_SSA-MTE	hyp1	News	NaN	0.8033
318	319	en	hau	challenge_SSA-MTE	hyp1	News	NaN	0.8169
319	320	en	hau	challenge_SSA-MTE	hyp1	News	NaN	0.7795
320	321	en	hau	challenge_SSA-MTE	hyp1	News	NaN	0.8123
321	322	en	hau	challenge_SSA-MTE	hyp1	News	NaN	0.7830
322	323	en	hau	challenge_SSA-MTE	hyp1	News	NaN	0.7909
323	324	en	hau	challenge_SSA-MTE	hyp1	News	NaN	0.7786
324	325	en	hau	challenge_SSA-MTE	hyp1	News	NaN	0.6374
325	326	en	hau	challenge_SSA-MTE	hyp1	News	NaN	0.6319
326	327	en	hau	challenge_SSA-MTE	hyp1	News	NaN	0.7731
327	328	en	hau	challenge_SSA-MTE	hyp1	News	NaN	0.7227
328	329	en	hau	challenge_SSA-MTE	hyp1	News	NaN	0.7736
329	330	en	hau	challenge_SSA-MTE	hyp1	News	NaN	0.6836
330	331	en	hau	challenge_SSA-MTE	hyp1	News	NaN	0.6757
331	332	en	hau	challenge_SSA-MTE	hyp1	News	NaN	0.7568
332	333	en	hau	challenge_SSA-MTE	hyp1	News	NaN	0.7459
333	334	en	hau	challenge_SSA-MTE	hyp1	News	NaN	0.8165
334	335	en	hau	challenge_SSA-MTE	hyp1	News	NaN	0.4890
335	336	en	hau	challenge_SSA-MTE	hyp1	News	NaN	0.4744
336	337	en	hau	challenge_SSA-MTE	hyp1	News	NaN	0.5983
337	338	en	hau	challenge_SSA-MTE	hyp1	News	NaN	0.5048
338	339	en	hau	challenge_SSA-MTE	hyp1	News	NaN	0.6457
339	340	en	hau	challenge_SSA-MTE	hyp1	News	NaN	0.4998
340	341	en	hau	challenge_SSA-MTE	hyp1	News	NaN	0.4802
341	342	en	hau	challenge_SSA-MTE	hyp1	News	NaN	0.5231
342	343	en	hau	challenge_SSA-MTE	hyp1	News	NaN	0.4933
343	344	en	hau	challenge_SSA-MTE	hyp1	News	NaN	0.4918
344	345	en	hau	challenge_SSA-MTE	hyp1	News	NaN	0.6800
345	346	en	hau	challenge_SSA-MTE	hyp1	News	NaN	0.6667
346	347	en	hau	challenge_SSA-MTE	hyp1	News	NaN	0.6498
347	348	en	hau	challenge_SSA-MTE	hyp1	News	NaN	0.6393
348	349	en	hau	challenge_SSA-MTE	hyp1	News	NaN	0.6970
349	350	en	hau	challenge_SSA-MTE	hyp1	News	NaN	0.6008
350	351	en	hau	challenge_SSA-MTE	hyp1	News	NaN	0.7153
351	352	en	hau	challenge_SSA-MTE	hyp1	News	NaN	0.6146
352	353	en	hau	challenge_SSA-MTE	hyp1	News	NaN	0.5816
353	354	en	hau	challenge_SSA-MTE	hyp1	News	NaN	0.6706
354	355	en	hau	challenge_SSA-MTE	hyp1	News	NaN	0.5778
355	356	en	hau	challenge_SSA-MTE	hyp1	News	NaN	0.6052
356	357	en	hau	challenge_SSA-MTE	hyp1	News	NaN	0.5524
357	358	en	hau	challenge_SSA-MTE	hyp1	News	NaN	0.4326
358	359	en	hau	challenge_SSA-MTE	hyp1	News	NaN	0.4691
359	360	en	hau	challenge_SSA-MTE	hyp1	News	NaN	0.5615
360	361	en	hau	challenge_SSA-MTE	hyp1	News	NaN	0.5801
361	362	en	hau	challenge_SSA-MTE	hyp1	News	NaN	0.5925
362	363	en	hau	challenge_SSA-MTE	hyp1	News	NaN	0.7110
363	364	en	hau	challenge_SSA-MTE	hyp1	News	NaN	0.8654
364	365	en	hau	challenge_SSA-MTE	hyp1	News	NaN	0.8532
365	366	en	hau	challenge_SSA-MTE	hyp1	News	NaN	0.7943
366	367	en	hau	challenge_SSA-MTE	hyp1	News	NaN	0.6874
367	368	en	hau	challenge_SSA-MTE	hyp1	News	NaN	0.6233
368	369	en	hau	challenge_SSA-MTE	hyp1	News	NaN	0.4282
369	370	en	hau	challenge_SSA-MTE	hyp1	News	NaN	0.5669
370	371	en	hau	challenge_SSA-MTE	hyp1	News	NaN	0.5866
371	372	en	hau	challenge_SSA-MTE	hyp1	News	NaN	0.6162
372	373	en	hau	challenge_SSA-MTE	hyp1	News	NaN	0.7209
373	374	en	hau	challenge_SSA-MTE	hyp1	News	NaN	0.4591
374	375	en	hau	challenge_SSA-MTE	hyp1	News	NaN	0.6171
375	376	en	hau	challenge_SSA-MTE	hyp1	News	NaN	0.5371
376	377	en	hau	challenge_SSA-MTE	hyp1	News	NaN	0.5703
377	378	en	hau	challenge_SSA-MTE	hyp1	News	NaN	0.5745
378	379	en	hau	challenge_SSA-MTE	hyp1	News	NaN	0.5246
379	380	en	hau	challenge_SSA-MTE	hyp1	News	NaN	0.8218
380	381	en	hau	challenge_SSA-MTE	hyp1	News	NaN	0.8313
381	382	en	hau	challenge_SSA-MTE	hyp1	News	NaN	0.6238
382	383	en	hau	challenge_SSA-MTE	hyp1	News	NaN	0.7300
383	384	en	hau	challenge_SSA-MTE	hyp1	News	NaN	0.8480
384	385	en	hau	challenge_SSA-MTE	hyp1	News	NaN	0.8377
385	386	en	hau	challenge_SSA-MTE	hyp1	News	NaN	0.6369
386	387	en	hau	challenge_SSA-MTE	hyp1	News	NaN	0.6488
387	388	en	hau	challenge_SSA-MTE	hyp1	News	NaN	0.5456
388	389	en	hau	challenge_SSA-MTE	hyp1	News	NaN	0.5197
389	390	en	hau	challenge_SSA-MTE	hyp1	News	NaN	0.5125
390	391	en	hau	challenge_SSA-MTE	hyp1	News	NaN	0.7083
391	392	en	hau	challenge_SSA-MTE	hyp1	News	NaN	0.8474
392	393	en	hau	challenge_SSA-MTE	hyp1	News	NaN	0.7714
393	394	en	hau	challenge_SSA-MTE	hyp1	News	NaN	0.8303
394	395	en	hau	challenge_SSA-MTE	hyp1	News	NaN	0.8154
395	396	en	hau	challenge_SSA-MTE	hyp1	News	NaN	0.8312
396	397	en	hau	challenge_SSA-MTE	hyp1	News	NaN	0.5892
397	398	en	hau	challenge_SSA-MTE	hyp1	News	NaN	0.6197
398	399	en	hau	challenge_SSA-MTE	hyp1	News	NaN	0.4770
399	400	en	hau	challenge_SSA-MTE	hyp1	News	NaN	0.5395
400	401	en	hau	challenge_SSA-MTE	hyp1	News	NaN	0.7235
401	402	en	hau	challenge_SSA-MTE	hyp1	News	NaN	0.5741
402	403	en	hau	challenge_SSA-MTE	hyp1	News	NaN	0.5002
403	404	en	hau	challenge_SSA-MTE	hyp1	News	NaN	0.7338
404	405	en	hau	challenge_SSA-MTE	hyp1	News	NaN	0.6174
405	406	en	hau	challenge_SSA-MTE	hyp1	News	NaN	0.6198
406	407	en	hau	challenge_SSA-MTE	hyp1	News	NaN	0.7076
407	408	en	hau	challenge_SSA-MTE	hyp1	News	NaN	0.7434
408	409	en	hau	challenge_SSA-MTE	hyp1	News	NaN	0.8273
409	410	en	hau	challenge_SSA-MTE	hyp1	News	NaN	0.7009
410	411	en	hau	challenge_SSA-MTE	hyp1	News	NaN	0.8410
411	412	en	hau	challenge_SSA-MTE	hyp1	News	NaN	0.7691
412	413	en	hau	challenge_SSA-MTE	hyp1	News	NaN	0.7525
413	414	en	hau	challenge_SSA-MTE	hyp1	News	NaN	0.8595
414	415	en	hau	challenge_SSA-MTE	hyp1	News	NaN	0.5607
415	416	en	hau	challenge_SSA-MTE	hyp1	News	NaN	0.5742
416	417	en	hau	challenge_SSA-MTE	hyp1	News	NaN	0.5837
417	418	en	hau	challenge_SSA-MTE	hyp1	News	NaN	0.5757
418	419	en	hau	challenge_SSA-MTE	hyp1	News	NaN	0.6427
419	420	en	hau	challenge_SSA-MTE	hyp1	News	NaN	0.6016
420	421	en	hau	challenge_SSA-MTE	hyp1	News	NaN	0.6322
421	422	en	hau	challenge_SSA-MTE	hyp1	News	NaN	0.6625
422	423	en	hau	challenge_SSA-MTE	hyp1	News	NaN	0.5177
423	424	en	hau	challenge_SSA-MTE	hyp1	News	NaN	0.6414
424	425	en	hau	challenge_SSA-MTE	hyp1	News	NaN	0.5932
425	426	en	hau	challenge_SSA-MTE	hyp1	News	NaN	0.6270
426	427	en	hau	challenge_SSA-MTE	hyp1	News	NaN	0.6023
427	428	en	hau	challenge_SSA-MTE	hyp1	News	NaN	0.4830
428	429	en	hau	challenge_SSA-MTE	hyp1	News	NaN	0.5742
429	430	en	hau	challenge_SSA-MTE	hyp1	News	NaN	0.5667
430	431	en	hau	challenge_SSA-MTE	hyp1	News	NaN	0.6573
431	432	en	hau	challenge_SSA-MTE	hyp1	News	NaN	0.6757
432	433	en	hau	challenge_SSA-MTE	hyp1	News	NaN	0.5600
433	434	en	hau	challenge_SSA-MTE	hyp1	News	NaN	0.7802
434	435	en	hau	challenge_SSA-MTE	hyp1	News	NaN	0.7485
435	436	en	hau	challenge_SSA-MTE	hyp1	News	NaN	0.7565
436	437	en	hau	challenge_SSA-MTE	hyp1	News	NaN	0.6600
437	438	en	hau	challenge_SSA-MTE	hyp1	News	NaN	0.6180
438	439	en	hau	challenge_SSA-MTE	hyp1	News	NaN	0.5198
439	440	en	hau	challenge_SSA-MTE	hyp1	News	NaN	0.5361
440	441	en	hau	challenge_SSA-MTE	hyp1	News	NaN	0.6853
441	442	en	hau	challenge_SSA-MTE	hyp1	News	NaN	0.6996
442	443	en	hau	challenge_SSA-MTE	hyp1	News	NaN	0.6055
443	444	en	hau	challenge_SSA-MTE	hyp1	News	NaN	0.6706
444	445	en	hau	challenge_SSA-MTE	hyp1	News	NaN	0.8709
445	446	en	hau	challenge_SSA-MTE	hyp1	News	NaN	0.8418
446	447	en	hau	challenge_SSA-MTE	hyp1	News	NaN	0.8548
447	448	en	hau	challenge_SSA-MTE	hyp1	News	NaN	0.8299
448	449	en	hau	challenge_SSA-MTE	hyp1	News	NaN	0.8328
449	450	en	hau	challenge_SSA-MTE	hyp1	News	NaN	0.7857
450	451	en	hau	challenge_SSA-MTE	hyp1	News	NaN	0.5660
451	452	en	hau	challenge_SSA-MTE	hyp1	News	NaN	0.5418
452	453	en	hau	challenge_SSA-MTE	hyp1	News	NaN	0.4605
453	454	en	hau	challenge_SSA-MTE	hyp1	News	NaN	0.4405
454	455	en	hau	challenge_SSA-MTE	hyp1	News	NaN	0.5339
455	456	en	hau	challenge_SSA-MTE	hyp1	News	NaN	0.5277
456	457	en	hau	challenge_SSA-MTE	hyp1	News	NaN	0.3914
457	458	en	hau	challenge_SSA-MTE	hyp1	News	NaN	0.7764
458	459	en	hau	challenge_SSA-MTE	hyp1	News	NaN	0.7721
459	460	en	hau	challenge_SSA-MTE	hyp1	News	NaN	0.3966
460	461	en	hau	challenge_SSA-MTE	hyp1	News	NaN	0.4222
461	462	en	hau	challenge_SSA-MTE	hyp1	News	NaN	0.5123
462	463	en	hau	challenge_SSA-MTE	hyp1	News	NaN	0.5588
463	464	en	hau	challenge_SSA-MTE	hyp1	News	NaN	0.5372
464	465	en	hau	challenge_SSA-MTE	hyp1	News	NaN	0.5473
465	466	en	hau	challenge_SSA-MTE	hyp1	News	NaN	0.3826
466	467	en	hau	challenge_SSA-MTE	hyp1	News	NaN	0.5259
467	468	en	hau	challenge_SSA-MTE	hyp1	News	NaN	0.7115
468	469	en	hau	challenge_SSA-MTE	hyp1	News	NaN	0.5661
469	470	en	hau	challenge_SSA-MTE	hyp1	News	NaN	0.6852
470	471	en	hau	challenge_SSA-MTE	hyp1	News	NaN	0.6931
471	472	en	hau	challenge_SSA-MTE	hyp1	News	NaN	0.5338
472	473	en	hau	challenge_SSA-MTE	hyp1	News	NaN	0.6727
473	474	en	hau	challenge_SSA-MTE	hyp1	News	NaN	0.5001
474	475	en	hau	challenge_SSA-MTE	hyp1	News	NaN	0.5418
475	476	en	hau	challenge_SSA-MTE	hyp1	News	NaN	0.7969
476	477	en	hau	challenge_SSA-MTE	hyp1	News	NaN	0.5341
477	478	en	hau	challenge_SSA-MTE	hyp1	News	NaN	0.5493
478	479	en	hau	challenge_SSA-MTE	hyp1	News	NaN	0.5444
479	480	en	hau	challenge_SSA-MTE	hyp1	News	NaN	0.5105
480	481	en	hau	challenge_SSA-MTE	hyp1	News	NaN	0.5853
481	482	en	hau	challenge_SSA-MTE	hyp1	News	NaN	0.6482
482	483	en	hau	challenge_SSA-MTE	hyp1	News	NaN	0.5524
483	484	en	hau	challenge_SSA-MTE	hyp1	News	NaN	0.5646
484	485	en	hau	challenge_SSA-MTE	hyp1	News	NaN	0.8568
485	486	en	hau	challenge_SSA-MTE	hyp1	News	NaN	0.8425
486	487	en	hau	challenge_SSA-MTE	hyp1	News	NaN	0.8180
487	488	en	hau	challenge_SSA-MTE	hyp1	News	NaN	0.7929
488	489	en	hau	challenge_SSA-MTE	hyp1	News	NaN	0.8709
489	490	en	hau	challenge_SSA-MTE	hyp1	News	NaN	0.8407
490	491	en	hau	challenge_SSA-MTE	hyp1	News	NaN	0.5432
491	492	en	hau	challenge_SSA-MTE	hyp1	News	NaN	0.7629
492	493	en	hau	challenge_SSA-MTE	hyp1	News	NaN	0.5111
493	494	en	hau	challenge_SSA-MTE	hyp1	News	NaN	0.7398
494	495	en	hau	challenge_SSA-MTE	hyp1	News	NaN	0.7546
495	496	en	hau	challenge_SSA-MTE	hyp1	News	NaN	0.6798
496	497	en	hau	challenge_SSA-MTE	hyp1	News	NaN	0.5216
497	498	en	hau	challenge_SSA-MTE	hyp1	News	NaN	0.4831
498	499	en	hau	challenge_SSA-MTE	hyp1	News	NaN	0.4850
499	500	en	hau	challenge_SSA-MTE	hyp1	News	NaN	0.5042
500	501	en	hau	challenge_SSA-MTE	hyp1	News	NaN	0.5081
501	502	en	hau	challenge_SSA-MTE	hyp1	News	NaN	0.4975
502	503	en	hau	challenge_SSA-MTE	hyp1	News	NaN	0.7195
503	504	en	hau	challenge_SSA-MTE	hyp1	News	NaN	0.6493
504	505	en	hau	challenge_SSA-MTE	hyp1	News	NaN	0.6304
505	506	en	hau	challenge_SSA-MTE	hyp1	News	NaN	0.5807
506	507	en	hau	challenge_SSA-MTE	hyp1	News	NaN	0.5849
507	508	en	hau	challenge_SSA-MTE	hyp1	News	NaN	0.4704
508	509	en	hau	challenge_SSA-MTE	hyp1	News	NaN	0.7535
509	510	en	hau	challenge_SSA-MTE	hyp1	News	NaN	0.7966
510	511	en	hau	challenge_SSA-MTE	hyp1	News	NaN	0.6663
511	512	en	hau	challenge_SSA-MTE	hyp1	News	NaN	0.7213
512	513	en	hau	challenge_SSA-MTE	hyp1	News	NaN	0.6977
513	514	en	hau	challenge_SSA-MTE	hyp1	News	NaN	0.8472
514	515	en	hau	challenge_SSA-MTE	hyp1	News	NaN	0.8697
515	516	en	hau	challenge_SSA-MTE	hyp1	News	NaN	0.8077
516	517	en	hau	challenge_SSA-MTE	hyp1	News	NaN	0.8429
517	518	en	hau	challenge_SSA-MTE	hyp1	News	NaN	0.8564
518	519	en	hau	challenge_SSA-MTE	hyp1	News	NaN	0.8530
519	520	en	hau	challenge_SSA-MTE	hyp1	News	NaN	0.8495
520	521	en	hau	challenge_SSA-MTE	hyp1	News	NaN	0.6014
521	522	en	hau	challenge_SSA-MTE	hyp1	News	NaN	0.6082
522	523	en	hau	challenge_SSA-MTE	hyp1	News	NaN	0.4400
523	524	en	hau	challenge_SSA-MTE	hyp1	News	NaN	0.6624
524	525	en	hau	challenge_SSA-MTE	hyp1	News	NaN	0.7522
525	526	en	hau	challenge_SSA-MTE	hyp1	News	NaN	0.7993
526	527	en	hau	challenge_SSA-MTE	hyp1	News	NaN	0.7115
527	528	en	hau	challenge_SSA-MTE	hyp1	News	NaN	0.4925
528	529	en	hau	challenge_SSA-MTE	hyp1	News	NaN	0.5813
529	530	en	hau	challenge_SSA-MTE	hyp1	News	NaN	0.7422
530	531	en	hau	challenge_SSA-MTE	hyp1	News	NaN	0.7038
531	532	en	hau	challenge_SSA-MTE	hyp1	News	NaN	0.7648
532	533	en	hau	challenge_SSA-MTE	hyp1	News	NaN	0.7949
533	534	en	hau	challenge_SSA-MTE	hyp1	News	NaN	0.8047
534	535	en	hau	challenge_SSA-MTE	hyp1	News	NaN	0.6873
535	536	en	hau	challenge_SSA-MTE	hyp1	News	NaN	0.7307
536	537	en	hau	challenge_SSA-MTE	hyp1	News	NaN	0.7874
537	538	en	hau	challenge_SSA-MTE	hyp1	News	NaN	0.5992
538	539	en	hau	challenge_SSA-MTE	hyp1	News	NaN	0.5820
539	540	en	hau	challenge_SSA-MTE	hyp1	News	NaN	0.6313
540	541	en	hau	challenge_SSA-MTE	hyp1	News	NaN	0.5889
541	542	en	hau	challenge_SSA-MTE	hyp1	News	NaN	0.6276
542	543	en	hau	challenge_SSA-MTE	hyp1	News	NaN	0.5620
543	544	en	hau	challenge_SSA-MTE	hyp1	News	NaN	0.7177
544	545	en	hau	challenge_SSA-MTE	hyp1	News	NaN	0.8136
545	546	en	hau	challenge_SSA-MTE	hyp1	News	NaN	0.7521
546	547	en	hau	challenge_SSA-MTE	hyp1	News	NaN	0.7195
547	548	en	hau	challenge_SSA-MTE	hyp1	News	NaN	0.6146
548	549	en	hau	challenge_SSA-MTE	hyp1	News	NaN	0.6057
549	550	en	hau	challenge_SSA-MTE	hyp1	News	NaN	0.6195
550	551	en	hau	challenge_SSA-MTE	hyp1	News	NaN	0.5743
551	552	en	hau	challenge_SSA-MTE	hyp1	News	NaN	0.5200
552	553	en	hau	challenge_SSA-MTE	hyp1	News	NaN	0.5181
553	554	en	hau	challenge_SSA-MTE	hyp1	News	NaN	0.6311
554	555	en	hau	challenge_SSA-MTE	hyp1	News	NaN	0.5022
555	556	en	hau	challenge_SSA-MTE	hyp1	News	NaN	0.7718
556	557	en	hau	challenge_SSA-MTE	hyp1	News	NaN	0.6373
557	558	en	hau	challenge_SSA-MTE	hyp1	News	NaN	0.5593
558	559	en	hau	challenge_SSA-MTE	hyp1	News	NaN	0.6224
559	560	en	hau	challenge_SSA-MTE	hyp1	News	NaN	0.6260
560	561	en	hau	challenge_SSA-MTE	hyp1	News	NaN	0.8295
561	562	en	hau	challenge_SSA-MTE	hyp1	News	NaN	0.7975
562	563	en	hau	challenge_SSA-MTE	hyp1	News	NaN	0.7856
563	564	en	hau	challenge_SSA-MTE	hyp1	News	NaN	0.8445
564	565	en	hau	challenge_SSA-MTE	hyp1	News	NaN	0.7394
565	566	en	hau	challenge_SSA-MTE	hyp1	News	NaN	0.7009
566	567	en	hau	challenge_SSA-MTE	hyp1	News	NaN	0.8230
567	568	en	hau	challenge_SSA-MTE	hyp1	News	NaN	0.7272
568	569	en	hau	challenge_SSA-MTE	hyp1	News	NaN	0.5739
569	570	en	hau	challenge_SSA-MTE	hyp1	News	NaN	0.6240
570	571	en	hau	challenge_SSA-MTE	hyp1	News	NaN	0.7905
571	572	en	hau	challenge_SSA-MTE	hyp1	News	NaN	0.7803
572	573	en	hau	challenge_SSA-MTE	hyp1	News	NaN	0.6065
573	574	en	hau	challenge_SSA-MTE	hyp1	News	NaN	0.6685
574	575	en	hau	challenge_SSA-MTE	hyp1	News	NaN	0.6833
575	576	en	hau	challenge_SSA-MTE	hyp1	News	NaN	0.5000
576	577	en	hau	challenge_SSA-MTE	hyp1	News	NaN	0.4885
577	578	en	hau	challenge_SSA-MTE	hyp1	News	NaN	0.5656
578	579	en	hau	challenge_SSA-MTE	hyp1	News	NaN	0.7562
579	580	en	hau	challenge_SSA-MTE	hyp1	News	NaN	0.5149
580	581	en	hau	challenge_SSA-MTE	hyp1	News	NaN	0.5526
581	582	en	hau	challenge_SSA-MTE	hyp1	News	NaN	0.4833
582	583	en	hau	challenge_SSA-MTE	hyp1	News	NaN	0.4773
583	584	en	hau	challenge_SSA-MTE	hyp1	News	NaN	0.5422
584	585	en	hau	challenge_SSA-MTE	hyp1	News	NaN	0.6459
585	586	en	hau	challenge_SSA-MTE	hyp1	News	NaN	0.5964
586	587	en	hau	challenge_SSA-MTE	hyp1	News	NaN	0.7289
587	588	en	hau	challenge_SSA-MTE	hyp1	News	NaN	0.6802
588	589	en	hau	challenge_SSA-MTE	hyp1	News	NaN	0.7559
589	590	en	hau	challenge_SSA-MTE	hyp1	News	NaN	0.5697
590	591	en	hau	challenge_SSA-MTE	hyp1	News	NaN	0.5878
591	592	en	hau	challenge_SSA-MTE	hyp1	News	NaN	0.8002
592	593	en	hau	challenge_SSA-MTE	hyp1	News	NaN	0.7131
593	594	en	hau	challenge_SSA-MTE	hyp1	News	NaN	0.7874
594	595	en	hau	challenge_SSA-MTE	hyp1	News	NaN	0.8299
595	596	en	hau	challenge_SSA-MTE	hyp1	News	NaN	0.8011
596	597	en	hau	challenge_SSA-MTE	hyp1	News	NaN	0.7547
597	598	en	hau	challenge_SSA-MTE	hyp1	News	NaN	0.6279
598	599	en	hau	challenge_SSA-MTE	hyp1	News	NaN	0.5458
599	600	en	hau	challenge_SSA-MTE	hyp1	News	NaN	0.5782
600	601	en	hau	challenge_SSA-MTE	hyp1	News	NaN	0.6709
601	602	en	hau	challenge_SSA-MTE	hyp1	News	NaN	0.5368
602	603	en	hau	challenge_SSA-MTE	hyp1	News	NaN	0.5398
603	604	en	hau	challenge_SSA-MTE	hyp1	News	NaN	0.6145
604	605	en	hau	challenge_SSA-MTE	hyp1	News	NaN	0.6501
605	606	en	hau	challenge_SSA-MTE	hyp1	News	NaN	0.7279
606	607	en	hau	challenge_SSA-MTE	hyp1	News	NaN	0.6587
607	608	en	hau	challenge_SSA-MTE	hyp1	News	NaN	0.6731
608	609	en	hau	challenge_SSA-MTE	hyp1	News	NaN	0.7727
609	610	en	hau	challenge_SSA-MTE	hyp1	News	NaN	0.7945
610	611	en	hau	challenge_SSA-MTE	hyp1	News	NaN	0.6312
611	612	en	hau	challenge_SSA-MTE	hyp1	News	NaN	0.6938
612	613	en	hau	challenge_SSA-MTE	hyp1	News	NaN	0.4926
613	614	en	hau	challenge_SSA-MTE	hyp1	News	NaN	0.7056
614	615	en	hau	challenge_SSA-MTE	hyp1	News	NaN	0.6098
615	616	en	hau	challenge_SSA-MTE	hyp1	News	NaN	0.6692
616	617	en	hau	challenge_SSA-MTE	hyp1	News	NaN	0.6975
617	618	en	hau	challenge_SSA-MTE	hyp1	News	NaN	0.6217
618	619	en	hau	challenge_SSA-MTE	hyp1	News	NaN	0.5942
619	620	en	hau	challenge_SSA-MTE	hyp1	News	NaN	0.6339
620	621	en	hau	challenge_SSA-MTE	hyp1	News	NaN	0.7612
621	622	en	hau	challenge_SSA-MTE	hyp1	News	NaN	0.7434
622	623	en	hau	challenge_SSA-MTE	hyp1	News	NaN	0.6915
623	624	en	hau	challenge_SSA-MTE	hyp1	News	NaN	0.6499
624	625	en	hau	challenge_SSA-MTE	hyp1	News	NaN	0.7073
625	626	en	hau	challenge_SSA-MTE	hyp1	News	NaN	0.7486
626	627	en	hau	challenge_SSA-MTE	hyp1	News	NaN	0.7071
627	628	en	hau	challenge_SSA-MTE	hyp1	News	NaN	0.7037
628	629	en	hau	challenge_SSA-MTE	hyp1	News	NaN	0.7574
629	630	en	hau	challenge_SSA-MTE	hyp1	News	NaN	0.6924
630	631	en	hau	challenge_SSA-MTE	hyp1	News	NaN	0.7220
631	632	en	hau	challenge_SSA-MTE	hyp1	News	NaN	0.7876
632	633	en	hau	challenge_SSA-MTE	hyp1	News	NaN	0.6889
633	634	en	hau	challenge_SSA-MTE	hyp1	News	NaN	0.5688
634	635	en	hau	challenge_SSA-MTE	hyp1	News	NaN	0.5939
635	636	en	hau	challenge_SSA-MTE	hyp1	News	NaN	0.7432
636	637	en	hau	challenge_SSA-MTE	hyp1	News	NaN	0.5189
637	638	en	hau	challenge_SSA-MTE	hyp1	News	NaN	0.4667
638	639	en	hau	challenge_SSA-MTE	hyp1	News	NaN	0.4975
639	640	en	hau	challenge_SSA-MTE	hyp1	News	NaN	0.4364
640	641	en	hau	challenge_SSA-MTE	hyp1	News	NaN	0.4608
641	642	en	hau	challenge_SSA-MTE	hyp1	News	NaN	0.4408
642	643	en	hau	challenge_SSA-MTE	hyp1	News	NaN	0.4767
643	644	en	hau	challenge_SSA-MTE	hyp1	News	NaN	0.6059
644	645	en	hau	challenge_SSA-MTE	hyp1	News	NaN	0.8453
645	646	en	hau	challenge_SSA-MTE	hyp1	News	NaN	0.7986
646	647	en	hau	challenge_SSA-MTE	hyp1	News	NaN	0.6410
647	648	en	hau	challenge_SSA-MTE	hyp1	News	NaN	0.7800
648	649	en	hau	challenge_SSA-MTE	hyp1	News	NaN	0.7798
649	650	en	hau	challenge_SSA-MTE	hyp1	News	NaN	0.5078
650	651	en	hau	challenge_SSA-MTE	hyp1	News	NaN	0.5820
651	652	en	hau	challenge_SSA-MTE	hyp1	News	NaN	0.5230
652	653	en	hau	challenge_SSA-MTE	hyp1	News	NaN	0.5077
653	654	en	hau	challenge_SSA-MTE	hyp1	News	NaN	0.4751
654	655	en	hau	challenge_SSA-MTE	hyp1	News	NaN	0.4471
655	656	en	hau	challenge_SSA-MTE	hyp1	News	NaN	0.4556
656	657	en	hau	challenge_SSA-MTE	hyp1	News	NaN	0.3975
657	658	en	hau	challenge_SSA-MTE	hyp1	News	NaN	0.4222
658	659	en	hau	challenge_SSA-MTE	hyp1	News	NaN	0.5244
659	660	en	hau	challenge_SSA-MTE	hyp1	News	NaN	0.4761
660	661	en	hau	challenge_SSA-MTE	hyp1	News	NaN	0.4829
661	662	en	hau	challenge_SSA-MTE	hyp1	News	NaN	0.4859
662	663	en	hau	challenge_SSA-MTE	hyp1	News	NaN	0.5377
663	664	en	hau	challenge_SSA-MTE	hyp1	News	NaN	0.4480
664	665	en	hau	challenge_SSA-MTE	hyp1	News	NaN	0.6179
665	666	en	hau	challenge_SSA-MTE	hyp1	News	NaN	0.5724
666	667	en	hau	challenge_SSA-MTE	hyp1	News	NaN	0.5857
667	668	en	hau	challenge_SSA-MTE	hyp1	News	NaN	0.7161
668	669	en	hau	challenge_SSA-MTE	hyp1	News	NaN	0.5708
669	670	en	hau	challenge_SSA-MTE	hyp1	News	NaN	0.6086
670	671	en	hau	challenge_SSA-MTE	hyp1	News	NaN	0.6804
671	672	en	hau	challenge_SSA-MTE	hyp1	News	NaN	0.7419
672	673	en	hau	challenge_SSA-MTE	hyp1	News	NaN	0.8126
673	674	en	hau	challenge_SSA-MTE	hyp1	News	NaN	0.8005
674	675	en	hau	challenge_SSA-MTE	hyp1	News	NaN	0.8133
675	676	en	hau	challenge_SSA-MTE	hyp1	News	NaN	0.6634
676	677	en	hau	challenge_SSA-MTE	hyp1	News	NaN	0.8488
677	678	en	hau	challenge_SSA-MTE	hyp1	News	NaN	0.5780
678	679	en	hau	challenge_SSA-MTE	hyp1	News	NaN	0.4588
679	680	en	hau	challenge_SSA-MTE	hyp1	News	NaN	0.4445
680	681	en	hau	challenge_SSA-MTE	hyp1	News	NaN	0.5564
681	682	en	hau	challenge_SSA-MTE	hyp1	News	NaN	0.5145
682	683	en	hau	challenge_SSA-MTE	hyp1	News	NaN	0.5913
683	684	en	hau	challenge_SSA-MTE	hyp1	News	NaN	0.5478
684	685	en	hau	challenge_SSA-MTE	hyp1	News	NaN	0.6591
685	686	en	hau	challenge_SSA-MTE	hyp1	News	NaN	0.4871
686	687	en	hau	challenge_SSA-MTE	hyp1	News	NaN	0.5165
687	688	en	hau	challenge_SSA-MTE	hyp1	News	NaN	0.4956
688	689	en	hau	challenge_SSA-MTE	hyp1	News	NaN	0.5120
689	690	en	hau	challenge_SSA-MTE	hyp1	News	NaN	0.6890
690	691	en	hau	challenge_SSA-MTE	hyp1	News	NaN	0.7819
691	692	en	hau	challenge_SSA-MTE	hyp1	News	NaN	0.7605
692	693	en	hau	challenge_SSA-MTE	hyp1	News	NaN	0.7338
693	694	en	hau	challenge_SSA-MTE	hyp1	News	NaN	0.5968
694	695	en	hau	challenge_SSA-MTE	hyp1	News	NaN	0.7639
695	696	en	hau	challenge_SSA-MTE	hyp1	News	NaN	0.6952
696	697	en	hau	challenge_SSA-MTE	hyp1	News	NaN	0.6426
697	698	en	hau	challenge_SSA-MTE	hyp1	News	NaN	0.5170
698	699	en	hau	challenge_SSA-MTE	hyp1	News	NaN	0.7251
699	700	en	hau	challenge_SSA-MTE	hyp1	News	NaN	0.6672
700	701	en	hau	challenge_SSA-MTE	hyp1	News	NaN	0.6588
701	702	en	hau	challenge_SSA-MTE	hyp1	News	NaN	0.5681
702	703	en	hau	challenge_SSA-MTE	hyp1	News	NaN	0.6623
703	704	en	hau	challenge_SSA-MTE	hyp1	News	NaN	0.5231
704	705	en	hau	challenge_SSA-MTE	hyp1	News	NaN	0.6027
705	706	en	hau	challenge_SSA-MTE	hyp1	News	NaN	0.5591
706	707	en	hau	challenge_SSA-MTE	hyp1	News	NaN	0.4904
707	708	en	hau	challenge_SSA-MTE	hyp1	News	NaN	0.4282
708	709	en	hau	challenge_SSA-MTE	hyp1	News	NaN	0.5058
709	710	en	hau	challenge_SSA-MTE	hyp1	News	NaN	0.4495
710	711	en	hau	challenge_SSA-MTE	hyp1	News	NaN	0.4344
711	712	en	hau	challenge_SSA-MTE	hyp1	News	NaN	0.6391
712	713	en	hau	challenge_SSA-MTE	hyp1	News	NaN	0.7254
713	714	en	hau	challenge_SSA-MTE	hyp1	News	NaN	0.7481
714	715	en	hau	challenge_SSA-MTE	hyp1	News	NaN	0.7762
715	716	en	hau	challenge_SSA-MTE	hyp1	News	NaN	0.7770
716	717	en	hau	challenge_SSA-MTE	hyp1	News	NaN	0.5796
717	718	en	hau	challenge_SSA-MTE	hyp1	News	NaN	0.5561
718	719	en	hau	challenge_SSA-MTE	hyp1	News	NaN	0.4158
719	720	en	hau	challenge_SSA-MTE	hyp1	News	NaN	0.5814
720	721	en	hau	challenge_SSA-MTE	hyp1	News	NaN	0.5599
721	722	en	hau	challenge_SSA-MTE	hyp1	News	NaN	0.5469
722	723	en	hau	challenge_SSA-MTE	hyp1	News	NaN	0.5257
723	724	en	hau	challenge_SSA-MTE	hyp1	News	NaN	0.5559
724	725	en	hau	challenge_SSA-MTE	hyp1	News	NaN	0.5233
725	726	en	hau	challenge_SSA-MTE	hyp1	News	NaN	0.5422
726	727	en	hau	challenge_SSA-MTE	hyp1	News	NaN	0.5698
727	728	en	hau	challenge_SSA-MTE	hyp1	News	NaN	0.6129
728	729	en	hau	challenge_SSA-MTE	hyp1	News	NaN	0.4989
729	730	en	hau	challenge_SSA-MTE	hyp1	News	NaN	0.6376
730	731	en	hau	challenge_SSA-MTE	hyp1	News	NaN	0.3984
731	732	en	hau	challenge_SSA-MTE	hyp1	News	NaN	0.6269
732	733	en	hau	challenge_SSA-MTE	hyp1	News	NaN	0.5014
733	734	en	hau	challenge_SSA-MTE	hyp1	News	NaN	0.5700
734	735	en	hau	challenge_SSA-MTE	hyp1	News	NaN	0.7728
735	736	en	hau	challenge_SSA-MTE	hyp1	News	NaN	0.6760
736	737	en	hau	challenge_SSA-MTE	hyp1	News	NaN	0.7089
737	738	en	hau	challenge_SSA-MTE	hyp1	News	NaN	0.7836
738	739	en	hau	challenge_SSA-MTE	hyp1	News	NaN	0.7105
739	740	en	hau	challenge_SSA-MTE	hyp1	News	NaN	0.7459
740	741	en	hau	challenge_SSA-MTE	hyp1	News	NaN	0.5523
741	742	en	hau	challenge_SSA-MTE	hyp1	News	NaN	0.5446
742	743	en	hau	challenge_SSA-MTE	hyp1	News	NaN	0.5515
743	744	en	hau	challenge_SSA-MTE	hyp1	News	NaN	0.5948
744	745	en	hau	challenge_SSA-MTE	hyp1	News	NaN	0.3706
745	746	en	hau	challenge_SSA-MTE	hyp1	News	NaN	0.6396
746	747	en	hau	challenge_SSA-MTE	hyp1	News	NaN	0.6384
747	748	en	hau	challenge_SSA-MTE	hyp1	News	NaN	0.7785
748	749	en	hau	challenge_SSA-MTE	hyp1	News	NaN	0.6403
749	750	en	hau	challenge_SSA-MTE	hyp1	News	NaN	0.7012
750	751	en	hau	challenge_SSA-MTE	hyp1	News	NaN	0.5652
751	752	en	hau	challenge_SSA-MTE	hyp1	News	NaN	0.6844
752	753	en	hau	challenge_SSA-MTE	hyp1	News	NaN	0.7693
753	754	en	hau	challenge_SSA-MTE	hyp1	News	NaN	0.7484
754	755	en	hau	challenge_SSA-MTE	hyp1	News	NaN	0.7605
755	756	en	hau	challenge_SSA-MTE	hyp1	News	NaN	0.8110
756	757	en	hau	challenge_SSA-MTE	hyp1	News	NaN	0.6979
757	758	en	hau	challenge_SSA-MTE	hyp1	News	NaN	0.7827
758	759	en	hau	challenge_SSA-MTE	hyp1	News	NaN	0.5703
759	760	en	hau	challenge_SSA-MTE	hyp1	News	NaN	0.7749
760	761	en	hau	challenge_SSA-MTE	hyp1	News	NaN	0.7960
761	762	en	hau	challenge_SSA-MTE	hyp1	News	NaN	0.7229
762	763	en	hau	challenge_SSA-MTE	hyp1	News	NaN	0.6826
763	764	en	hau	challenge_SSA-MTE	hyp1	News	NaN	0.5974
764	765	en	hau	challenge_SSA-MTE	hyp1	News	NaN	0.5967
765	766	en	hau	challenge_SSA-MTE	hyp1	News	NaN	0.5480
766	767	en	hau	challenge_SSA-MTE	hyp1	News	NaN	0.5256
767	768	en	hau	challenge_SSA-MTE	hyp1	News	NaN	0.5646
768	769	en	hau	challenge_SSA-MTE	hyp1	News	NaN	0.5205
769	770	en	hau	challenge_SSA-MTE	hyp1	News	NaN	0.5649
770	771	en	hau	challenge_SSA-MTE	hyp1	News	NaN	0.6996
771	772	en	hau	challenge_SSA-MTE	hyp1	News	NaN	0.6641
772	773	en	hau	challenge_SSA-MTE	hyp1	News	NaN	0.6920
773	774	en	hau	challenge_SSA-MTE	hyp1	News	NaN	0.4961
774	775	en	hau	challenge_SSA-MTE	hyp1	News	NaN	0.5933
775	776	en	hau	challenge_SSA-MTE	hyp1	News	NaN	0.7665
776	777	en	hau	challenge_SSA-MTE	hyp1	News	NaN	0.3057
777	778	en	hau	challenge_SSA-MTE	hyp1	News	NaN	0.7078
778	779	en	hau	challenge_SSA-MTE	hyp1	News	NaN	0.6593
779	780	en	hau	challenge_SSA-MTE	hyp1	News	NaN	0.6328
780	781	en	hau	challenge_SSA-MTE	hyp1	News	NaN	0.7992
781	782	en	hau	challenge_SSA-MTE	hyp1	News	NaN	0.5780
782	783	en	hau	challenge_SSA-MTE	hyp1	News	NaN	0.6611
783	784	en	hau	challenge_SSA-MTE	hyp1	News	NaN	0.6811
784	785	en	hau	challenge_SSA-MTE	hyp1	News	NaN	0.5730
785	786	en	hau	challenge_SSA-MTE	hyp1	News	NaN	0.6783
786	787	en	hau	challenge_SSA-MTE	hyp1	News	NaN	0.6756
787	788	en	hau	challenge_SSA-MTE	hyp1	News	NaN	0.5907
788	789	en	hau	challenge_SSA-MTE	hyp1	News	NaN	0.6691
789	790	en	hau	challenge_SSA-MTE	hyp1	News	NaN	0.5884
790	791	en	hau	challenge_SSA-MTE	hyp1	News	NaN	0.6386
791	792	en	hau	challenge_SSA-MTE	hyp1	News	NaN	0.4845
792	793	en	hau	challenge_SSA-MTE	hyp1	News	NaN	0.6130
793	794	en	hau	challenge_SSA-MTE	hyp1	News	NaN	0.6587
794	795	en	hau	challenge_SSA-MTE	hyp1	News	NaN	0.7211
795	796	en	hau	challenge_SSA-MTE	hyp1	News	NaN	0.6822
796	797	en	hau	challenge_SSA-MTE	hyp1	News	NaN	0.6544
797	798	en	hau	challenge_SSA-MTE	hyp1	News	NaN	0.6853
798	799	en	hau	challenge_SSA-MTE	hyp1	News	NaN	0.7352
799	800	en	hau	challenge_SSA-MTE	hyp1	News	NaN	0.4219
800	801	en	hau	challenge_SSA-MTE	hyp1	News	NaN	0.4412
801	802	en	hau	challenge_SSA-MTE	hyp1	News	NaN	0.4546
802	803	en	hau	challenge_SSA-MTE	hyp1	News	NaN	0.4440
803	804	en	hau	challenge_SSA-MTE	hyp1	News	NaN	0.4127
804	805	en	hau	challenge_SSA-MTE	hyp1	News	NaN	0.4455
805	806	en	hau	challenge_SSA-MTE	hyp1	News	NaN	0.6369
806	807	en	hau	challenge_SSA-MTE	hyp1	News	NaN	0.6431
807	808	en	hau	challenge_SSA-MTE	hyp1	News	NaN	0.7272
808	809	en	hau	challenge_SSA-MTE	hyp1	News	NaN	0.6782
809	810	en	hau	challenge_SSA-MTE	hyp1	News	NaN	0.6099
810	811	en	hau	challenge_SSA-MTE	hyp1	News	NaN	0.6682
811	812	en	hau	challenge_SSA-MTE	hyp1	News	NaN	0.6893
812	813	en	hau	challenge_SSA-MTE	hyp1	News	NaN	0.6175
813	814	en	hau	challenge_SSA-MTE	hyp1	News	NaN	0.7807
814	815	en	hau	challenge_SSA-MTE	hyp1	News	NaN	0.6010
815	816	en	hau	challenge_SSA-MTE	hyp1	News	NaN	0.6496
816	817	en	hau	challenge_SSA-MTE	hyp1	News	NaN	0.7755
817	818	en	hau	challenge_SSA-MTE	hyp1	News	NaN	0.4222
818	819	en	hau	challenge_SSA-MTE	hyp1	News	NaN	0.6228
819	820	en	hau	challenge_SSA-MTE	hyp1	News	NaN	0.6138
820	821	en	hau	challenge_SSA-MTE	hyp1	News	NaN	0.4305
821	822	en	hau	challenge_SSA-MTE	hyp1	News	NaN	0.5784
822	823	en	hau	challenge_SSA-MTE	hyp1	News	NaN	0.3887
823	824	en	hau	challenge_SSA-MTE	hyp1	News	NaN	0.4847
824	825	en	hau	challenge_SSA-MTE	hyp1	News	NaN	0.4924
825	826	en	hau	challenge_SSA-MTE	hyp1	News	NaN	0.6596
826	827	en	hau	challenge_SSA-MTE	hyp1	News	NaN	0.4832
827	828	en	hau	challenge_SSA-MTE	hyp1	News	NaN	0.4705
828	829	en	hau	challenge_SSA-MTE	hyp1	News	NaN	0.5545
829	830	en	hau	challenge_SSA-MTE	hyp1	News	NaN	0.6528
830	831	en	hau	challenge_SSA-MTE	hyp1	News	NaN	0.5884
831	832	en	hau	challenge_SSA-MTE	hyp1	News	NaN	0.5380
832	833	en	hau	challenge_SSA-MTE	hyp1	News	NaN	0.5515
833	834	en	hau	challenge_SSA-MTE	hyp1	News	NaN	0.5028
834	835	en	hau	challenge_SSA-MTE	hyp1	News	NaN	0.5040
835	836	en	hau	challenge_SSA-MTE	hyp1	News	NaN	0.6785
836	837	en	hau	challenge_SSA-MTE	hyp1	News	NaN	0.6529
837	838	en	hau	challenge_SSA-MTE	hyp1	News	NaN	0.6143
838	839	en	hau	challenge_SSA-MTE	hyp1	News	NaN	0.7425
839	840	en	hau	challenge_SSA-MTE	hyp1	News	NaN	0.6196
840	841	en	hau	challenge_SSA-MTE	hyp1	News	NaN	0.6465
841	842	en	hau	challenge_SSA-MTE	hyp1	News	NaN	0.5358
842	843	en	hau	challenge_SSA-MTE	hyp1	News	NaN	0.4825
843	844	en	hau	challenge_SSA-MTE	hyp1	News	NaN	0.5931
844	845	en	hau	challenge_SSA-MTE	hyp1	News	NaN	0.7492
845	846	en	hau	challenge_SSA-MTE	hyp1	News	NaN	0.5153
846	847	en	hau	challenge_SSA-MTE	hyp1	News	NaN	0.5927
847	848	en	hau	challenge_SSA-MTE	hyp1	News	NaN	0.7278
848	849	en	hau	challenge_SSA-MTE	hyp1	News	NaN	0.6882
849	850	en	hau	challenge_SSA-MTE	hyp1	News	NaN	0.6550
850	851	en	hau	challenge_SSA-MTE	hyp1	News	NaN	0.7341
851	852	en	hau	challenge_SSA-MTE	hyp1	News	NaN	0.7292
852	853	en	hau	challenge_SSA-MTE	hyp1	News	NaN	0.7387
853	854	en	hau	challenge_SSA-MTE	hyp1	News	NaN	0.8319
854	855	en	hau	challenge_SSA-MTE	hyp1	News	NaN	0.7819
855	856	en	hau	challenge_SSA-MTE	hyp1	News	NaN	0.5336
856	857	en	hau	challenge_SSA-MTE	hyp1	News	NaN	0.6224
857	858	en	hau	challenge_SSA-MTE	hyp1	News	NaN	0.5333
858	859	en	hau	challenge_SSA-MTE	hyp1	News	NaN	0.4931
859	860	en	hau	challenge_SSA-MTE	hyp1	News	NaN	0.8139
860	861	en	hau	challenge_SSA-MTE	hyp1	News	NaN	0.6090
861	862	en	hau	challenge_SSA-MTE	hyp1	News	NaN	0.7892
862	863	en	hau	challenge_SSA-MTE	hyp1	News	NaN	0.8376
863	864	en	hau	challenge_SSA-MTE	hyp1	News	NaN	0.8271
864	865	en	hau	challenge_SSA-MTE	hyp1	News	NaN	0.6701
865	866	en	hau	challenge_SSA-MTE	hyp1	News	NaN	0.5796
866	867	en	hau	challenge_SSA-MTE	hyp1	News	NaN	0.5959
867	868	en	hau	challenge_SSA-MTE	hyp1	News	NaN	0.5520
868	869	en	hau	challenge_SSA-MTE	hyp1	News	NaN	0.6303
869	870	en	hau	challenge_SSA-MTE	hyp1	News	NaN	0.5176
870	871	en	hau	challenge_SSA-MTE	hyp1	News	NaN	0.6232
871	872	en	hau	challenge_SSA-MTE	hyp1	News	NaN	0.5493
872	873	en	hau	challenge_SSA-MTE	hyp1	News	NaN	0.6267
873	874	en	hau	challenge_SSA-MTE	hyp1	News	NaN	0.5213
874	875	en	hau	challenge_SSA-MTE	hyp1	News	NaN	0.4949
875	876	en	hau	challenge_SSA-MTE	hyp1	News	NaN	0.5542
876	877	en	hau	challenge_SSA-MTE	hyp1	News	NaN	0.4542
877	878	en	hau	challenge_SSA-MTE	hyp1	News	NaN	0.5452
878	879	en	hau	challenge_SSA-MTE	hyp1	News	NaN	0.7854
879	880	en	hau	challenge_SSA-MTE	hyp1	News	NaN	0.6974
880	881	en	hau	challenge_SSA-MTE	hyp1	News	NaN	0.6296
881	882	en	hau	challenge_SSA-MTE	hyp1	News	NaN	0.5714
882	883	en	hau	challenge_SSA-MTE	hyp1	News	NaN	0.7216
883	884	en	hau	challenge_SSA-MTE	hyp1	News	NaN	0.7847
884	885	en	hau	challenge_SSA-MTE	hyp1	News	NaN	0.6725
885	886	en	hau	challenge_SSA-MTE	hyp1	News	NaN	0.5467
886	887	en	hau	challenge_SSA-MTE	hyp1	News	NaN	0.5978
887	888	en	hau	challenge_SSA-MTE	hyp1	News	NaN	0.7610
888	889	en	hau	challenge_SSA-MTE	hyp1	News	NaN	0.5934
889	890	en	hau	challenge_SSA-MTE	hyp1	News	NaN	0.6718
890	891	en	hau	challenge_SSA-MTE	hyp1	News	NaN	0.5732
891	892	en	hau	challenge_SSA-MTE	hyp1	News	NaN	0.6785
892	893	en	hau	challenge_SSA-MTE	hyp1	News	NaN	0.6849
893	894	en	hau	challenge_SSA-MTE	hyp1	News	NaN	0.7416
894	895	en	hau	challenge_SSA-MTE	hyp1	News	NaN	0.6174
895	896	en	hau	challenge_SSA-MTE	hyp1	News	NaN	0.5829
896	897	en	hau	challenge_SSA-MTE	hyp1	News	NaN	0.6559
897	898	en	hau	challenge_SSA-MTE	hyp1	News	NaN	0.6953
898	899	en	hau	challenge_SSA-MTE	hyp1	News	NaN	0.5911
899	900	en	hau	challenge_SSA-MTE	hyp1	News	NaN	0.6713
900	901	en	hau	challenge_SSA-MTE	hyp1	News	NaN	0.6069
901	902	en	hau	challenge_SSA-MTE	hyp1	News	NaN	0.5490
902	903	en	hau	challenge_SSA-MTE	hyp1	News	NaN	0.6311
903	904	en	hau	challenge_SSA-MTE	hyp1	News	NaN	0.5577
904	905	en	hau	challenge_SSA-MTE	hyp1	News	NaN	0.5186
905	906	en	hau	challenge_SSA-MTE	hyp1	News	NaN	0.6156
906	907	en	hau	challenge_SSA-MTE	hyp1	News	NaN	0.6264
907	908	en	hau	challenge_SSA-MTE	hyp1	News	NaN	0.5992
908	909	en	hau	challenge_SSA-MTE	hyp1	News	NaN	0.6737
909	910	en	hau	challenge_SSA-MTE	hyp1	News	NaN	0.6044
910	911	en	hau	challenge_SSA-MTE	hyp1	News	NaN	0.5602
911	912	en	hau	challenge_SSA-MTE	hyp1	News	NaN	0.6037
912	913	en	hau	challenge_SSA-MTE	hyp1	News	NaN	0.5385
913	914	en	hau	challenge_SSA-MTE	hyp1	News	NaN	0.5511
914	915	en	hau	challenge_SSA-MTE	hyp1	News	NaN	0.5847
915	916	en	hau	challenge_SSA-MTE	hyp1	News	NaN	0.6126
916	917	en	hau	challenge_SSA-MTE	hyp1	News	NaN	0.5602
917	918	en	hau	challenge_SSA-MTE	hyp1	News	NaN	0.7051
918	919	en	hau	challenge_SSA-MTE	hyp1	News	NaN	0.4570
919	920	en	hau	challenge_SSA-MTE	hyp1	News	NaN	0.2387
920	921	en	hau	challenge_SSA-MTE	hyp1	News	NaN	0.7283
921	922	en	hau	challenge_SSA-MTE	hyp1	News	NaN	0.6033
922	923	en	hau	challenge_SSA-MTE	hyp1	News	NaN	0.4992
923	924	en	hau	challenge_SSA-MTE	hyp1	News	NaN	0.6383
924	925	en	hau	challenge_SSA-MTE	hyp1	News	NaN	0.5129
925	926	en	hau	challenge_SSA-MTE	hyp1	News	NaN	0.7020
926	927	en	hau	challenge_SSA-MTE	hyp1	News	NaN	0.6899
927	928	en	hau	challenge_SSA-MTE	hyp1	News	NaN	0.6497
928	929	en	hau	challenge_SSA-MTE	hyp1	News	NaN	0.6783
929	930	en	hau	challenge_SSA-MTE	hyp1	News	NaN	0.5702
930	931	en	hau	challenge_SSA-MTE	hyp1	News	NaN	0.7853
931	932	en	hau	challenge_SSA-MTE	hyp1	News	NaN	0.5679
932	933	en	hau	challenge_SSA-MTE	hyp1	News	NaN	0.5261
933	934	en	hau	challenge_SSA-MTE	hyp1	News	NaN	0.5446
934	935	en	hau	challenge_SSA-MTE	hyp1	News	NaN	0.5414
935	936	en	hau	challenge_SSA-MTE	hyp1	News	NaN	0.6016
936	937	en	hau	challenge_SSA-MTE	hyp1	News	NaN	0.4778
937	938	en	hau	challenge_SSA-MTE	hyp1	News	NaN	0.5669
938	939	en	hau	challenge_SSA-MTE	hyp1	News	NaN	0.5751
939	940	en	hau	challenge_SSA-MTE	hyp1	News	NaN	0.7685
940	941	en	hau	challenge_SSA-MTE	hyp1	News	NaN	0.5973
941	942	en	hau	challenge_SSA-MTE	hyp1	News	NaN	0.6765
942	943	en	hau	challenge_SSA-MTE	hyp1	News	NaN	0.6079
943	944	en	hau	challenge_SSA-MTE	hyp1	News	NaN	0.8468
944	945	en	hau	challenge_SSA-MTE	hyp1	News	NaN	0.8345
945	946	en	hau	challenge_SSA-MTE	hyp1	News	NaN	0.7386
946	947	en	hau	challenge_SSA-MTE	hyp1	News	NaN	0.7777
947	948	en	hau	challenge_SSA-MTE	hyp1	News	NaN	0.7460
948	949	en	hau	challenge_SSA-MTE	hyp1	News	NaN	0.7881
949	950	en	hau	challenge_SSA-MTE	hyp1	News	NaN	0.7456
950	951	en	hau	challenge_SSA-MTE	hyp1	News	NaN	0.4912
951	952	en	hau	challenge_SSA-MTE	hyp1	News	NaN	0.7073
952	953	en	hau	challenge_SSA-MTE	hyp1	News	NaN	0.6973
953	954	en	hau	challenge_SSA-MTE	hyp1	News	NaN	0.7176
954	955	en	hau	challenge_SSA-MTE	hyp1	News	NaN	0.5806
955	956	en	hau	challenge_SSA-MTE	hyp1	News	NaN	0.6457
956	957	en	hau	challenge_SSA-MTE	hyp1	News	NaN	0.6746
957	958	en	hau	challenge_SSA-MTE	hyp1	News	NaN	0.6678
958	959	en	hau	challenge_SSA-MTE	hyp1	News	NaN	0.6599
959	960	en	hau	challenge_SSA-MTE	hyp1	News	NaN	0.7096
960	961	en	hau	challenge_SSA-MTE	hyp1	News	NaN	0.7007
961	962	en	hau	challenge_SSA-MTE	hyp1	News	NaN	0.6863
962	963	en	hau	challenge_SSA-MTE	hyp1	News	NaN	0.7641
963	964	en	hau	challenge_SSA-MTE	hyp1	News	NaN	0.6287
964	965	en	hau	challenge_SSA-MTE	hyp1	News	NaN	0.6226
965	966	en	hau	challenge_SSA-MTE	hyp1	News	NaN	0.7115
966	967	en	hau	challenge_SSA-MTE	hyp1	News	NaN	0.6531
967	968	en	hau	challenge_SSA-MTE	hyp1	News	NaN	0.6696
968	969	en	hau	challenge_SSA-MTE	hyp1	News	NaN	0.5545
969	970	en	hau	challenge_SSA-MTE	hyp1	News	NaN	0.5451
970	971	en	hau	challenge_SSA-MTE	hyp1	News	NaN	0.5980
971	972	en	hau	challenge_SSA-MTE	hyp1	News	NaN	0.5279
972	973	en	hau	challenge_SSA-MTE	hyp1	News	NaN	0.5374
973	974	en	hau	challenge_SSA-MTE	hyp1	News	NaN	0.7786
974	975	en	hau	challenge_SSA-MTE	hyp1	News	NaN	0.7824
975	976	en	hau	challenge_SSA-MTE	hyp1	News	NaN	0.8104
976	977	en	hau	challenge_SSA-MTE	hyp1	News	NaN	0.8089
977	978	en	hau	challenge_SSA-MTE	hyp1	News	NaN	0.7129
978	979	en	hau	challenge_SSA-MTE	hyp1	News	NaN	0.7089
979	980	en	hau	challenge_SSA-MTE	hyp1	News	NaN	0.8492
980	981	en	hau	challenge_SSA-MTE	hyp1	News	NaN	0.8516
981	982	en	hau	challenge_SSA-MTE	hyp1	News	NaN	0.7759
982	983	en	hau	challenge_SSA-MTE	hyp1	News	NaN	0.7581
983	984	en	hau	challenge_SSA-MTE	hyp1	News	NaN	0.8129
984	985	en	hau	challenge_SSA-MTE	hyp1	News	NaN	0.8039
985	986	en	hau	challenge_SSA-MTE	hyp1	News	NaN	0.7345
986	987	en	hau	challenge_SSA-MTE	hyp1	News	NaN	0.7120
987	988	en	hau	challenge_SSA-MTE	hyp1	News	NaN	0.6719
988	989	en	hau	challenge_SSA-MTE	hyp1	News	NaN	0.6780
989	990	en	hau	challenge_SSA-MTE	hyp1	News	NaN	0.7077
990	991	en	hau	challenge_SSA-MTE	hyp1	News	NaN	0.7068
991	992	en	hau	challenge_SSA-MTE	hyp1	News	NaN	0.6182
992	993	en	hau	challenge_SSA-MTE	hyp1	News	NaN	0.6354
993	994	en	hau	challenge_SSA-MTE	hyp1	News	NaN	0.7465
994	995	en	hau	challenge_SSA-MTE	hyp1	News	NaN	0.7837
995	996	en	hau	challenge_SSA-MTE	hyp1	News	NaN	0.7986
996	997	en	hau	challenge_SSA-MTE	hyp1	News	NaN	0.7579
997	998	en	hau	challenge_SSA-MTE	hyp1	News	NaN	0.7700
998	999	en	hau	challenge_SSA-MTE	hyp1	News	NaN	0.6204
999	1000	en	hau	challenge_SSA-MTE	hyp1	News	NaN	0.5668
1000	1001	en	hau	challenge_SSA-MTE	hyp1	News	NaN	0.5150
1001	1002	en	hau	challenge_SSA-MTE	hyp1	News	NaN	0.5533
1002	1003	en	hau	challenge_SSA-MTE	hyp1	News	NaN	0.6161
1003	1004	en	hau	challenge_SSA-MTE	hyp1	News	NaN	0.5894
1004	1005	en	hau	challenge_SSA-MTE	hyp1	News	NaN	0.6019
1005	1006	en	hau	challenge_SSA-MTE	hyp1	News	NaN	0.6821
1006	1007	en	hau	challenge_SSA-MTE	hyp1	News	NaN	0.5737
1007	1008	en	hau	challenge_SSA-MTE	hyp1	News	NaN	0.7357
1008	1009	en	hau	challenge_SSA-MTE	hyp1	News	NaN	0.6862
1009	1010	en	hau	challenge_SSA-MTE	hyp1	News	NaN	0.6486
1010	1011	en	hau	challenge_SSA-MTE	hyp1	News	NaN	0.7157
1011	1012	en	hau	challenge_SSA-MTE	hyp1	News	NaN	0.6182
1012	1013	en	hau	challenge_SSA-MTE	hyp1	News	NaN	0.7203
1013	1014	en	hau	challenge_SSA-MTE	hyp1	News	NaN	0.5722
1014	1015	en	hau	challenge_SSA-MTE	hyp1	News	NaN	0.6331
1015	1016	en	hau	challenge_SSA-MTE	hyp1	News	NaN	0.5619
1016	1017	en	hau	challenge_SSA-MTE	hyp1	News	NaN	0.7387
1017	1018	en	hau	challenge_SSA-MTE	hyp1	News	NaN	0.5062
1018	1019	en	hau	challenge_SSA-MTE	hyp1	News	NaN	0.4412
1019	1020	en	hau	challenge_SSA-MTE	hyp1	News	NaN	0.4235
1020	1021	en	hau	challenge_SSA-MTE	hyp1	News	NaN	0.4484
1021	1022	en	hau	challenge_SSA-MTE	hyp1	News	NaN	0.4397
1022	1023	en	hau	challenge_SSA-MTE	hyp1	News	NaN	0.4435
1023	1024	en	hau	challenge_SSA-MTE	hyp1	News	NaN	0.4674
1024	1025	en	hau	challenge_SSA-MTE	hyp1	News	NaN	0.6824
1025	1026	en	hau	challenge_SSA-MTE	hyp1	News	NaN	0.5517
1026	1027	en	hau	challenge_SSA-MTE	hyp1	News	NaN	0.4721
1027	1028	en	hau	challenge_SSA-MTE	hyp1	News	NaN	0.5360
1028	1029	en	hau	challenge_SSA-MTE	hyp1	News	NaN	0.4074
1029	1030	en	hau	challenge_SSA-MTE	hyp1	News	NaN	0.6858
1030	1031	en	hau	challenge_SSA-MTE	hyp1	News	NaN	0.6626
1031	1032	en	hau	challenge_SSA-MTE	hyp1	News	NaN	0.6966
1032	1033	en	hau	challenge_SSA-MTE	hyp1	News	NaN	0.6716
1033	1034	en	hau	challenge_SSA-MTE	hyp1	News	NaN	0.6654
1034	1035	en	hau	challenge_SSA-MTE	hyp1	News	NaN	0.6607
1035	1036	en	hau	challenge_SSA-MTE	hyp1	News	NaN	0.4595
1036	1037	en	hau	challenge_SSA-MTE	hyp1	News	NaN	0.4541
1037	1038	en	hau	challenge_SSA-MTE	hyp1	News	NaN	0.4553
1038	1039	en	hau	challenge_SSA-MTE	hyp1	News	NaN	0.4094
1039	1040	en	hau	challenge_SSA-MTE	hyp1	News	NaN	0.4201
1040	1041	en	hau	challenge_SSA-MTE	hyp1	News	NaN	0.4668
1041	1042	en	hau	challenge_SSA-MTE	hyp1	News	NaN	0.5566
1042	1043	en	hau	challenge_SSA-MTE	hyp1	News	NaN	0.6044
1043	1044	en	hau	challenge_SSA-MTE	hyp1	News	NaN	0.5984
1044	1045	en	hau	challenge_SSA-MTE	hyp1	News	NaN	0.6222
1045	1046	en	hau	challenge_SSA-MTE	hyp1	News	NaN	0.5646
1046	1047	en	hau	challenge_SSA-MTE	hyp1	News	NaN	0.5486
1047	1048	en	hau	challenge_SSA-MTE	hyp1	News	NaN	0.5762
1048	1049	en	hau	challenge_SSA-MTE	hyp1	News	NaN	0.4824
1049	1050	en	hau	challenge_SSA-MTE	hyp1	News	NaN	0.5351
1050	1051	en	hau	challenge_SSA-MTE	hyp1	News	NaN	0.4573
1051	1052	en	hau	challenge_SSA-MTE	hyp1	News	NaN	0.4866
1052	1053	en	hau	challenge_SSA-MTE	hyp1	News	NaN	0.5622
1053	1054	en	hau	challenge_SSA-MTE	hyp1	News	NaN	0.6258
1054	1055	en	hau	challenge_SSA-MTE	hyp1	News	NaN	0.7487
1055	1056	en	hau	challenge_SSA-MTE	hyp1	News	NaN	0.5684
1056	1057	en	hau	challenge_SSA-MTE	hyp1	News	NaN	0.7908
1057	1058	en	hau	challenge_SSA-MTE	hyp1	News	NaN	0.5974
1058	1059	en	hau	challenge_SSA-MTE	hyp1	News	NaN	0.6912
1059	1060	en	hau	challenge_SSA-MTE	hyp1	News	NaN	0.7850
1060	1061	en	hau	challenge_SSA-MTE	hyp1	News	NaN	0.8332
1061	1062	en	hau	challenge_SSA-MTE	hyp1	News	NaN	0.7775
1062	1063	en	hau	challenge_SSA-MTE	hyp1	News	NaN	0.7994
1063	1064	en	hau	challenge_SSA-MTE	hyp1	News	NaN	0.7667
1064	1065	en	hau	challenge_SSA-MTE	hyp1	News	NaN	0.7183
1065	1066	en	hau	challenge_SSA-MTE	hyp1	News	NaN	0.6330
1066	1067	en	hau	challenge_SSA-MTE	hyp1	News	NaN	0.7091
1067	1068	en	hau	challenge_SSA-MTE	hyp1	News	NaN	0.6055
1068	1069	en	hau	challenge_SSA-MTE	hyp1	News	NaN	0.7231
1069	1070	en	hau	challenge_SSA-MTE	hyp1	News	NaN	0.6150
1070	1071	en	hau	challenge_SSA-MTE	hyp1	News	NaN	0.6729
1071	1072	en	hau	challenge_SSA-MTE	hyp1	News	NaN	0.6518
1072	1073	en	hau	challenge_SSA-MTE	hyp1	News	NaN	0.6666
1073	1074	en	hau	challenge_SSA-MTE	hyp1	News	NaN	0.6129
1074	1075	en	hau	challenge_SSA-MTE	hyp1	News	NaN	0.6979
1075	1076	en	hau	challenge_SSA-MTE	hyp1	News	NaN	0.5802
1076	1077	en	hau	challenge_SSA-MTE	hyp1	News	NaN	0.6304
1077	1078	en	hau	challenge_SSA-MTE	hyp1	News	NaN	0.7360
1078	1079	en	hau	challenge_SSA-MTE	hyp1	News	NaN	0.7616
1079	1080	en	hau	challenge_SSA-MTE	hyp1	News	NaN	0.7299
1080	1081	en	hau	challenge_SSA-MTE	hyp1	News	NaN	0.7343
1081	1082	en	hau	challenge_SSA-MTE	hyp1	News	NaN	0.7151
1082	1083	en	hau	challenge_SSA-MTE	hyp1	News	NaN	0.6459
1083	1084	en	hau	challenge_SSA-MTE	hyp1	News	NaN	0.6664
1084	1085	en	hau	challenge_SSA-MTE	hyp1	News	NaN	0.6521
1085	1086	en	hau	challenge_SSA-MTE	hyp1	News	NaN	0.8681
1086	1087	en	hau	challenge_SSA-MTE	hyp1	News	NaN	0.7976
1087	1088	en	hau	challenge_SSA-MTE	hyp1	News	NaN	0.8918
1088	1089	en	hau	challenge_SSA-MTE	hyp1	News	NaN	0.8817
1089	1090	en	hau	challenge_SSA-MTE	hyp1	News	NaN	0.8371
1090	1091	en	hau	challenge_SSA-MTE	hyp1	News	NaN	0.8641
1091	1092	en	hau	challenge_SSA-MTE	hyp1	News	NaN	0.6611
1092	1093	en	hau	challenge_SSA-MTE	hyp1	News	NaN	0.6928
1093	1094	en	hau	challenge_SSA-MTE	hyp1	News	NaN	0.6327
1094	1095	en	hau	challenge_SSA-MTE	hyp1	News	NaN	0.6160
1095	1096	en	hau	challenge_SSA-MTE	hyp1	News	NaN	0.6513
1096	1097	en	hau	challenge_SSA-MTE	hyp1	News	NaN	0.4596
1097	1098	en	hau	challenge_SSA-MTE	hyp1	News	NaN	0.5037
1098	1099	en	hau	challenge_SSA-MTE	hyp1	News	NaN	0.6194
1099	1100	en	hau	challenge_SSA-MTE	hyp1	News	NaN	0.5787
1100	1101	en	hau	challenge_SSA-MTE	hyp1	News	NaN	0.4453
1101	1102	en	hau	challenge_SSA-MTE	hyp1	News	NaN	0.5007
1102	1103	en	hau	challenge_SSA-MTE	hyp1	News	NaN	0.6434
1103	1104	en	hau	challenge_SSA-MTE	hyp1	News	NaN	0.4838
1104	1105	en	hau	challenge_SSA-MTE	hyp1	News	NaN	0.6663
1105	1106	en	hau	challenge_SSA-MTE	hyp1	News	NaN	0.6391
1106	1107	en	hau	challenge_SSA-MTE	hyp1	News	NaN	0.6587
1107	1108	en	hau	challenge_SSA-MTE	hyp1	News	NaN	0.5847
1108	1109	en	hau	challenge_SSA-MTE	hyp1	News	NaN	0.6573
1109	1110	en	hau	challenge_SSA-MTE	hyp1	News	NaN	0.6518
1110	1111	en	hau	challenge_SSA-MTE	hyp1	News	NaN	0.6364
1111	1112	en	hau	challenge_SSA-MTE	hyp1	News	NaN	0.6915
1112	1113	en	hau	challenge_SSA-MTE	hyp1	News	NaN	0.7225
1113	1114	en	hau	challenge_SSA-MTE	hyp1	News	NaN	0.6495
1114	1115	en	hau	challenge_SSA-MTE	hyp1	News	NaN	0.7498
1115	1116	en	hau	challenge_SSA-MTE	hyp1	News	NaN	0.8250
1116	1117	en	hau	challenge_SSA-MTE	hyp1	News	NaN	0.7447
1117	1118	en	hau	challenge_SSA-MTE	hyp1	News	NaN	0.7649
1118	1119	en	hau	challenge_SSA-MTE	hyp1	News	NaN	0.7705
1119	1120	en	hau	challenge_SSA-MTE	hyp1	News	NaN	0.7548
1120	1121	en	hau	challenge_SSA-MTE	hyp1	News	NaN	0.5799
1121	1122	en	hau	challenge_SSA-MTE	hyp1	News	NaN	0.5812
1122	1123	en	hau	challenge_SSA-MTE	hyp1	News	NaN	0.4863
1123	1124	en	hau	challenge_SSA-MTE	hyp1	News	NaN	0.5666
1124	1125	en	hau	challenge_SSA-MTE	hyp1	News	NaN	0.5180
1125	1126	en	hau	challenge_SSA-MTE	hyp1	News	NaN	0.5625
1126	1127	en	hau	challenge_SSA-MTE	hyp1	News	NaN	0.6446
1127	1128	en	hau	challenge_SSA-MTE	hyp1	News	NaN	0.6546
1128	1129	en	hau	challenge_SSA-MTE	hyp1	News	NaN	0.4482
1129	1130	en	hau	challenge_SSA-MTE	hyp1	News	NaN	0.4489
1130	1131	en	hau	challenge_SSA-MTE	hyp1	News	NaN	0.4875
1131	1132	en	hau	challenge_SSA-MTE	hyp1	News	NaN	0.5404
1132	1133	en	hau	challenge_SSA-MTE	hyp1	News	NaN	0.8434
1133	1134	en	hau	challenge_SSA-MTE	hyp1	News	NaN	0.8454
1134	1135	en	hau	challenge_SSA-MTE	hyp1	News	NaN	0.6838
1135	1136	en	hau	challenge_SSA-MTE	hyp1	News	NaN	0.8005
1136	1137	en	hau	challenge_SSA-MTE	hyp1	News	NaN	0.6301
1137	1138	en	hau	challenge_SSA-MTE	hyp1	News	NaN	0.5218
1138	1139	en	hau	challenge_SSA-MTE	hyp1	News	NaN	0.5149
1139	1140	en	hau	challenge_SSA-MTE	hyp1	News	NaN	0.5201
1140	1141	en	hau	challenge_SSA-MTE	hyp1	News	NaN	0.5828
1141	1142	en	hau	challenge_SSA-MTE	hyp1	News	NaN	0.5656
1142	1143	en	hau	challenge_SSA-MTE	hyp1	News	NaN	0.5040
1143	1144	en	hau	challenge_SSA-MTE	hyp1	News	NaN	0.5803
1144	1145	en	hau	challenge_SSA-MTE	hyp1	News	NaN	0.6411
1145	1146	en	hau	challenge_SSA-MTE	hyp1	News	NaN	0.4796
1146	1147	en	hau	challenge_SSA-MTE	hyp1	News	NaN	0.6556
1147	1148	en	hau	challenge_SSA-MTE	hyp1	News	NaN	0.5515
1148	1149	en	hau	challenge_SSA-MTE	hyp1	News	NaN	0.6580
1149	1150	en	hau	challenge_SSA-MTE	hyp1	News	NaN	0.6257
1150	1151	en	hau	challenge_SSA-MTE	hyp1	News	NaN	0.6623
1151	1152	en	hau	challenge_SSA-MTE	hyp1	News	NaN	0.5664
1152	1153	en	hau	challenge_SSA-MTE	hyp1	News	NaN	0.6132
1153	1154	en	hau	challenge_SSA-MTE	hyp1	News	NaN	0.5799
1154	1155	en	hau	challenge_SSA-MTE	hyp1	News	NaN	0.8022
1155	1156	en	hau	challenge_SSA-MTE	hyp1	News	NaN	0.8086
1156	1157	en	hau	challenge_SSA-MTE	hyp1	News	NaN	0.7268
1157	1158	en	hau	challenge_SSA-MTE	hyp1	News	NaN	0.7887
1158	1159	en	hau	challenge_SSA-MTE	hyp1	News	NaN	0.7680
1159	1160	en	hau	challenge_SSA-MTE	hyp1	News	NaN	0.7217
1160	1161	en	hau	challenge_SSA-MTE	hyp1	News	NaN	0.6022
1161	1162	en	hau	challenge_SSA-MTE	hyp1	News	NaN	0.4722
1162	1163	en	hau	challenge_SSA-MTE	hyp1	News	NaN	0.6147
1163	1164	en	hau	challenge_SSA-MTE	hyp1	News	NaN	0.6115
1164	1165	en	hau	challenge_SSA-MTE	hyp1	News	NaN	0.6044
1165	1166	en	hau	challenge_SSA-MTE	hyp1	News	NaN	0.6465
1166	1167	en	hau	challenge_SSA-MTE	hyp1	News	NaN	0.7394
1167	1168	en	hau	challenge_SSA-MTE	hyp1	News	NaN	0.7157
1168	1169	en	hau	challenge_SSA-MTE	hyp1	News	NaN	0.5670
1169	1170	en	hau	challenge_SSA-MTE	hyp1	News	NaN	0.5314
1170	1171	en	hau	challenge_SSA-MTE	hyp1	News	NaN	0.4576
1171	1172	en	hau	challenge_SSA-MTE	hyp1	News	NaN	0.4899
1172	1173	en	hau	challenge_SSA-MTE	hyp1	News	NaN	0.5533
1173	1174	en	hau	challenge_SSA-MTE	hyp1	News	NaN	0.5962
1174	1175	en	hau	challenge_SSA-MTE	hyp1	News	NaN	0.7021
1175	1176	en	hau	challenge_SSA-MTE	hyp1	News	NaN	0.7455
1176	1177	en	hau	challenge_SSA-MTE	hyp1	News	NaN	0.6503
1177	1178	en	hau	challenge_SSA-MTE	hyp1	News	NaN	0.6573
1178	1179	en	hau	challenge_SSA-MTE	hyp1	News	NaN	0.6854
1179	1180	en	hau	challenge_SSA-MTE	hyp1	News	NaN	0.5499
1180	1181	en	hau	challenge_SSA-MTE	hyp1	News	NaN	0.6409
1181	1182	en	hau	challenge_SSA-MTE	hyp1	News	NaN	0.6345
1182	1183	en	hau	challenge_SSA-MTE	hyp1	News	NaN	0.4323
1183	1184	en	hau	challenge_SSA-MTE	hyp1	News	NaN	0.5801
1184	1185	en	hau	challenge_SSA-MTE	hyp1	News	NaN	0.5574
1185	1186	en	hau	challenge_SSA-MTE	hyp1	News	NaN	0.5635
1186	1187	en	hau	challenge_SSA-MTE	hyp1	News	NaN	0.6508
1187	1188	en	hau	challenge_SSA-MTE	hyp1	News	NaN	0.5654
1188	1189	en	hau	challenge_SSA-MTE	hyp1	News	NaN	0.7006
1189	1190	en	hau	challenge_SSA-MTE	hyp1	News	NaN	0.6164
1190	1191	en	hau	challenge_SSA-MTE	hyp1	News	NaN	0.6685
1191	1192	en	hau	challenge_SSA-MTE	hyp1	News	NaN	0.6943
0	1	en	kik	challenge_SSA-MTE	hyp1	News	NaN	0.3719
1	2	en	kik	challenge_SSA-MTE	hyp1	News	NaN	0.3300
2	3	en	kik	challenge_SSA-MTE	hyp1	News	NaN	0.2752
3	4	en	kik	challenge_SSA-MTE	hyp1	News	NaN	0.3020
4	5	en	kik	challenge_SSA-MTE	hyp1	News	NaN	0.5187
5	6	en	kik	challenge_SSA-MTE	hyp1	News	NaN	0.4241
6	7	en	kik	challenge_SSA-MTE	hyp1	News	NaN	0.4028
7	8	en	kik	challenge_SSA-MTE	hyp1	News	NaN	0.3651
8	9	en	kik	challenge_SSA-MTE	hyp1	News	NaN	0.3000
9	10	en	kik	challenge_SSA-MTE	hyp1	News	NaN	0.4913
10	11	en	kik	challenge_SSA-MTE	hyp1	News	NaN	0.4660
11	12	en	kik	challenge_SSA-MTE	hyp1	News	NaN	0.3784
12	13	en	kik	challenge_SSA-MTE	hyp1	News	NaN	0.3285
13	14	en	kik	challenge_SSA-MTE	hyp1	News	NaN	0.3969
14	15	en	kik	challenge_SSA-MTE	hyp1	News	NaN	0.5916
15	16	en	kik	challenge_SSA-MTE	hyp1	News	NaN	0.3543
16	17	en	kik	challenge_SSA-MTE	hyp1	News	NaN	0.3189
17	18	en	kik	challenge_SSA-MTE	hyp1	News	NaN	0.3455
18	19	en	kik	challenge_SSA-MTE	hyp1	News	NaN	0.4424
19	20	en	kik	challenge_SSA-MTE	hyp1	News	NaN	0.4303
20	21	en	kik	challenge_SSA-MTE	hyp1	News	NaN	0.2472
21	22	en	kik	challenge_SSA-MTE	hyp1	News	NaN	0.2682
22	23	en	kik	challenge_SSA-MTE	hyp1	News	NaN	0.4273
23	24	en	kik	challenge_SSA-MTE	hyp1	News	NaN	0.3792
24	25	en	kik	challenge_SSA-MTE	hyp1	News	NaN	0.3313
25	26	en	kik	challenge_SSA-MTE	hyp1	News	NaN	0.5409
26	27	en	kik	challenge_SSA-MTE	hyp1	News	NaN	0.6019
27	28	en	kik	challenge_SSA-MTE	hyp1	News	NaN	0.3837
28	29	en	kik	challenge_SSA-MTE	hyp1	News	NaN	0.3683
29	30	en	kik	challenge_SSA-MTE	hyp1	News	NaN	0.3323
30	31	en	kik	challenge_SSA-MTE	hyp1	News	NaN	0.4404
31	32	en	kik	challenge_SSA-MTE	hyp1	News	NaN	0.7421
32	33	en	kik	challenge_SSA-MTE	hyp1	News	NaN	0.4941
33	34	en	kik	challenge_SSA-MTE	hyp1	News	NaN	0.6306
34	35	en	kik	challenge_SSA-MTE	hyp1	News	NaN	0.3991
35	36	en	kik	challenge_SSA-MTE	hyp1	News	NaN	0.2902
36	37	en	kik	challenge_SSA-MTE	hyp1	News	NaN	0.7666
37	38	en	kik	challenge_SSA-MTE	hyp1	News	NaN	0.3350
38	39	en	kik	challenge_SSA-MTE	hyp1	News	NaN	0.3245
39	40	en	kik	challenge_SSA-MTE	hyp1	News	NaN	0.3952
40	41	en	kik	challenge_SSA-MTE	hyp1	News	NaN	0.3550
41	42	en	kik	challenge_SSA-MTE	hyp1	News	NaN	0.4154
42	43	en	kik	challenge_SSA-MTE	hyp1	News	NaN	0.3933
43	44	en	kik	challenge_SSA-MTE	hyp1	News	NaN	0.4536
44	45	en	kik	challenge_SSA-MTE	hyp1	News	NaN	0.4372
45	46	en	kik	challenge_SSA-MTE	hyp1	News	NaN	0.5524
46	47	en	kik	challenge_SSA-MTE	hyp1	News	NaN	0.4774
47	48	en	kik	challenge_SSA-MTE	hyp1	News	NaN	0.4049
48	49	en	kik	challenge_SSA-MTE	hyp1	News	NaN	0.2957
49	50	en	kik	challenge_SSA-MTE	hyp1	News	NaN	0.4246
50	51	en	kik	challenge_SSA-MTE	hyp1	News	NaN	0.5043
51	52	en	kik	challenge_SSA-MTE	hyp1	News	NaN	0.2781
52	53	en	kik	challenge_SSA-MTE	hyp1	News	NaN	0.2213
53	54	en	kik	challenge_SSA-MTE	hyp1	News	NaN	0.3265
54	55	en	kik	challenge_SSA-MTE	hyp1	News	NaN	0.4027
55	56	en	kik	challenge_SSA-MTE	hyp1	News	NaN	0.3200
56	57	en	kik	challenge_SSA-MTE	hyp1	News	NaN	0.3618
57	58	en	kik	challenge_SSA-MTE	hyp1	News	NaN	0.3085
58	59	en	kik	challenge_SSA-MTE	hyp1	News	NaN	0.4741
59	60	en	kik	challenge_SSA-MTE	hyp1	News	NaN	0.4665
60	61	en	kik	challenge_SSA-MTE	hyp1	News	NaN	0.5144
61	62	en	kik	challenge_SSA-MTE	hyp1	News	NaN	0.4204
62	63	en	kik	challenge_SSA-MTE	hyp1	News	NaN	0.3418
63	64	en	kik	challenge_SSA-MTE	hyp1	News	NaN	0.3334
64	65	en	kik	challenge_SSA-MTE	hyp1	News	NaN	0.3857
65	66	en	kik	challenge_SSA-MTE	hyp1	News	NaN	0.5391
66	67	en	kik	challenge_SSA-MTE	hyp1	News	NaN	0.4483
67	68	en	kik	challenge_SSA-MTE	hyp1	News	NaN	0.4290
68	69	en	kik	challenge_SSA-MTE	hyp1	News	NaN	0.4038
69	70	en	kik	challenge_SSA-MTE	hyp1	News	NaN	0.3098
70	71	en	kik	challenge_SSA-MTE	hyp1	News	NaN	0.5580
71	72	en	kik	challenge_SSA-MTE	hyp1	News	NaN	0.5362
72	73	en	kik	challenge_SSA-MTE	hyp1	News	NaN	0.2132
73	74	en	kik	challenge_SSA-MTE	hyp1	News	NaN	0.4632
74	75	en	kik	challenge_SSA-MTE	hyp1	News	NaN	0.5738
75	76	en	kik	challenge_SSA-MTE	hyp1	News	NaN	0.4290
76	77	en	kik	challenge_SSA-MTE	hyp1	News	NaN	0.3963
77	78	en	kik	challenge_SSA-MTE	hyp1	News	NaN	0.2514
78	79	en	kik	challenge_SSA-MTE	hyp1	News	NaN	0.3892
79	80	en	kik	challenge_SSA-MTE	hyp1	News	NaN	0.4593
80	81	en	kik	challenge_SSA-MTE	hyp1	News	NaN	0.4146
81	82	en	kik	challenge_SSA-MTE	hyp1	News	NaN	0.2597
82	83	en	kik	challenge_SSA-MTE	hyp1	News	NaN	0.4207
83	84	en	kik	challenge_SSA-MTE	hyp1	News	NaN	0.4167
84	85	en	kik	challenge_SSA-MTE	hyp1	News	NaN	0.2864
85	86	en	kik	challenge_SSA-MTE	hyp1	News	NaN	0.3626
86	87	en	kik	challenge_SSA-MTE	hyp1	News	NaN	0.3491
87	88	en	kik	challenge_SSA-MTE	hyp1	News	NaN	0.3665
88	89	en	kik	challenge_SSA-MTE	hyp1	News	NaN	0.3816
89	90	en	kik	challenge_SSA-MTE	hyp1	News	NaN	0.3841
90	91	en	kik	challenge_SSA-MTE	hyp1	News	NaN	0.4218
91	92	en	kik	challenge_SSA-MTE	hyp1	News	NaN	0.3934
92	93	en	kik	challenge_SSA-MTE	hyp1	News	NaN	0.4586
93	94	en	kik	challenge_SSA-MTE	hyp1	News	NaN	0.4657
94	95	en	kik	challenge_SSA-MTE	hyp1	News	NaN	0.3350
95	96	en	kik	challenge_SSA-MTE	hyp1	News	NaN	0.2598
96	97	en	kik	challenge_SSA-MTE	hyp1	News	NaN	0.3065
97	98	en	kik	challenge_SSA-MTE	hyp1	News	NaN	0.5679
98	99	en	kik	challenge_SSA-MTE	hyp1	News	NaN	0.4234
99	100	en	kik	challenge_SSA-MTE	hyp1	News	NaN	0.3383
100	101	en	kik	challenge_SSA-MTE	hyp1	News	NaN	0.2471
101	102	en	kik	challenge_SSA-MTE	hyp1	News	NaN	0.4498
102	103	en	kik	challenge_SSA-MTE	hyp1	News	NaN	0.3714
103	104	en	kik	challenge_SSA-MTE	hyp1	News	NaN	0.5502
104	105	en	kik	challenge_SSA-MTE	hyp1	News	NaN	0.5988
105	106	en	kik	challenge_SSA-MTE	hyp1	News	NaN	0.3673
106	107	en	kik	challenge_SSA-MTE	hyp1	News	NaN	0.4253
107	108	en	kik	challenge_SSA-MTE	hyp1	News	NaN	0.4876
108	109	en	kik	challenge_SSA-MTE	hyp1	News	NaN	0.8380
109	110	en	kik	challenge_SSA-MTE	hyp1	News	NaN	0.4327
110	111	en	kik	challenge_SSA-MTE	hyp1	News	NaN	0.3087
111	112	en	kik	challenge_SSA-MTE	hyp1	News	NaN	0.5109
112	113	en	kik	challenge_SSA-MTE	hyp1	News	NaN	0.5487
113	114	en	kik	challenge_SSA-MTE	hyp1	News	NaN	0.3499
114	115	en	kik	challenge_SSA-MTE	hyp1	News	NaN	0.3402
115	116	en	kik	challenge_SSA-MTE	hyp1	News	NaN	0.3473
116	117	en	kik	challenge_SSA-MTE	hyp1	News	NaN	0.3763
117	118	en	kik	challenge_SSA-MTE	hyp1	News	NaN	0.4165
118	119	en	kik	challenge_SSA-MTE	hyp1	News	NaN	0.3692
119	120	en	kik	challenge_SSA-MTE	hyp1	News	NaN	0.5333
120	121	en	kik	challenge_SSA-MTE	hyp1	News	NaN	0.3272
121	122	en	kik	challenge_SSA-MTE	hyp1	News	NaN	0.4427
122	123	en	kik	challenge_SSA-MTE	hyp1	News	NaN	0.5907
123	124	en	kik	challenge_SSA-MTE	hyp1	News	NaN	0.3142
124	125	en	kik	challenge_SSA-MTE	hyp1	News	NaN	0.2746
125	126	en	kik	challenge_SSA-MTE	hyp1	News	NaN	0.3227
126	127	en	kik	challenge_SSA-MTE	hyp1	News	NaN	0.3791
127	128	en	kik	challenge_SSA-MTE	hyp1	News	NaN	0.3650
128	129	en	kik	challenge_SSA-MTE	hyp1	News	NaN	0.5072
129	130	en	kik	challenge_SSA-MTE	hyp1	News	NaN	0.6743
130	131	en	kik	challenge_SSA-MTE	hyp1	News	NaN	0.6059
131	132	en	kik	challenge_SSA-MTE	hyp1	News	NaN	0.4287
132	133	en	kik	challenge_SSA-MTE	hyp1	News	NaN	0.5048
133	134	en	kik	challenge_SSA-MTE	hyp1	News	NaN	0.3210
134	135	en	kik	challenge_SSA-MTE	hyp1	News	NaN	0.3761
135	136	en	kik	challenge_SSA-MTE	hyp1	News	NaN	0.3784
136	137	en	kik	challenge_SSA-MTE	hyp1	News	NaN	0.3292
137	138	en	kik	challenge_SSA-MTE	hyp1	News	NaN	0.3125
138	139	en	kik	challenge_SSA-MTE	hyp1	News	NaN	0.3957
139	140	en	kik	challenge_SSA-MTE	hyp1	News	NaN	0.3319
140	141	en	kik	challenge_SSA-MTE	hyp1	News	NaN	0.3624
141	142	en	kik	challenge_SSA-MTE	hyp1	News	NaN	0.3711
142	143	en	kik	challenge_SSA-MTE	hyp1	News	NaN	0.2956
143	144	en	kik	challenge_SSA-MTE	hyp1	News	NaN	0.2639
144	145	en	kik	challenge_SSA-MTE	hyp1	News	NaN	0.3558
145	146	en	kik	challenge_SSA-MTE	hyp1	News	NaN	0.3506
146	147	en	kik	challenge_SSA-MTE	hyp1	News	NaN	0.3695
147	148	en	kik	challenge_SSA-MTE	hyp1	News	NaN	0.3646
148	149	en	kik	challenge_SSA-MTE	hyp1	News	NaN	0.4141
149	150	en	kik	challenge_SSA-MTE	hyp1	News	NaN	0.2834
150	151	en	kik	challenge_SSA-MTE	hyp1	News	NaN	0.3896
151	152	en	kik	challenge_SSA-MTE	hyp1	News	NaN	0.4054
152	153	en	kik	challenge_SSA-MTE	hyp1	News	NaN	0.3517
153	154	en	kik	challenge_SSA-MTE	hyp1	News	NaN	0.3660
154	155	en	kik	challenge_SSA-MTE	hyp1	News	NaN	0.4328
155	156	en	kik	challenge_SSA-MTE	hyp1	News	NaN	0.5202
156	157	en	kik	challenge_SSA-MTE	hyp1	News	NaN	0.4360
157	158	en	kik	challenge_SSA-MTE	hyp1	News	NaN	0.2379
158	159	en	kik	challenge_SSA-MTE	hyp1	News	NaN	0.2810
159	160	en	kik	challenge_SSA-MTE	hyp1	News	NaN	0.3545
160	161	en	kik	challenge_SSA-MTE	hyp1	News	NaN	0.3843
161	162	en	kik	challenge_SSA-MTE	hyp1	News	NaN	0.3748
162	163	en	kik	challenge_SSA-MTE	hyp1	News	NaN	0.4227
163	164	en	kik	challenge_SSA-MTE	hyp1	News	NaN	0.4070
164	165	en	kik	challenge_SSA-MTE	hyp1	News	NaN	0.4127
165	166	en	kik	challenge_SSA-MTE	hyp1	News	NaN	0.3943
166	167	en	kik	challenge_SSA-MTE	hyp1	News	NaN	0.4280
167	168	en	kik	challenge_SSA-MTE	hyp1	News	NaN	0.3380
168	169	en	kik	challenge_SSA-MTE	hyp1	News	NaN	0.4450
169	170	en	kik	challenge_SSA-MTE	hyp1	News	NaN	0.3968
170	171	en	kik	challenge_SSA-MTE	hyp1	News	NaN	0.3250
171	172	en	kik	challenge_SSA-MTE	hyp1	News	NaN	0.4437
172	173	en	kik	challenge_SSA-MTE	hyp1	News	NaN	0.3803
173	174	en	kik	challenge_SSA-MTE	hyp1	News	NaN	0.3804
174	175	en	kik	challenge_SSA-MTE	hyp1	News	NaN	0.3322
175	176	en	kik	challenge_SSA-MTE	hyp1	News	NaN	0.5031
176	177	en	kik	challenge_SSA-MTE	hyp1	News	NaN	0.3911
177	178	en	kik	challenge_SSA-MTE	hyp1	News	NaN	0.4619
178	179	en	kik	challenge_SSA-MTE	hyp1	News	NaN	0.3448
179	180	en	kik	challenge_SSA-MTE	hyp1	News	NaN	0.3921
180	181	en	kik	challenge_SSA-MTE	hyp1	News	NaN	0.4291
181	182	en	kik	challenge_SSA-MTE	hyp1	News	NaN	0.4307
182	183	en	kik	challenge_SSA-MTE	hyp1	News	NaN	0.2725
183	184	en	kik	challenge_SSA-MTE	hyp1	News	NaN	0.3894
184	185	en	kik	challenge_SSA-MTE	hyp1	News	NaN	0.4637
185	186	en	kik	challenge_SSA-MTE	hyp1	News	NaN	0.3388
186	187	en	kik	challenge_SSA-MTE	hyp1	News	NaN	0.3204
187	188	en	kik	challenge_SSA-MTE	hyp1	News	NaN	0.3697
188	189	en	kik	challenge_SSA-MTE	hyp1	News	NaN	0.3039
189	190	en	kik	challenge_SSA-MTE	hyp1	News	NaN	0.3394
190	191	en	kik	challenge_SSA-MTE	hyp1	News	NaN	0.3596
191	192	en	kik	challenge_SSA-MTE	hyp1	News	NaN	0.2729
192	193	en	kik	challenge_SSA-MTE	hyp1	News	NaN	0.3680
193	194	en	kik	challenge_SSA-MTE	hyp1	News	NaN	0.3569
194	195	en	kik	challenge_SSA-MTE	hyp1	News	NaN	0.3484
195	196	en	kik	challenge_SSA-MTE	hyp1	News	NaN	0.3768
196	197	en	kik	challenge_SSA-MTE	hyp1	News	NaN	0.2671
197	198	en	kik	challenge_SSA-MTE	hyp1	News	NaN	0.4219
198	199	en	kik	challenge_SSA-MTE	hyp1	News	NaN	0.3941
199	200	en	kik	challenge_SSA-MTE	hyp1	News	NaN	0.3574
200	201	en	kik	challenge_SSA-MTE	hyp1	News	NaN	0.3404
201	202	en	kik	challenge_SSA-MTE	hyp1	News	NaN	0.3263
202	203	en	kik	challenge_SSA-MTE	hyp1	News	NaN	0.4428
203	204	en	kik	challenge_SSA-MTE	hyp1	News	NaN	0.3518
204	205	en	kik	challenge_SSA-MTE	hyp1	News	NaN	0.4119
205	206	en	kik	challenge_SSA-MTE	hyp1	News	NaN	0.2448
206	207	en	kik	challenge_SSA-MTE	hyp1	News	NaN	0.3283
207	208	en	kik	challenge_SSA-MTE	hyp1	News	NaN	0.3307
208	209	en	kik	challenge_SSA-MTE	hyp1	News	NaN	0.3198
209	210	en	kik	challenge_SSA-MTE	hyp1	News	NaN	0.3447
210	211	en	kik	challenge_SSA-MTE	hyp1	News	NaN	0.2723
211	212	en	kik	challenge_SSA-MTE	hyp1	News	NaN	0.2727
212	213	en	kik	challenge_SSA-MTE	hyp1	News	NaN	0.3915
213	214	en	kik	challenge_SSA-MTE	hyp1	News	NaN	0.4156
214	215	en	kik	challenge_SSA-MTE	hyp1	News	NaN	0.2378
215	216	en	kik	challenge_SSA-MTE	hyp1	News	NaN	0.2871
216	217	en	kik	challenge_SSA-MTE	hyp1	News	NaN	0.4847
217	218	en	kik	challenge_SSA-MTE	hyp1	News	NaN	0.3993
218	219	en	kik	challenge_SSA-MTE	hyp1	News	NaN	0.3545
219	220	en	kik	challenge_SSA-MTE	hyp1	News	NaN	0.2336
220	221	en	kik	challenge_SSA-MTE	hyp1	News	NaN	0.3819
221	222	en	kik	challenge_SSA-MTE	hyp1	News	NaN	0.3871
222	223	en	kik	challenge_SSA-MTE	hyp1	News	NaN	0.2851
223	224	en	kik	challenge_SSA-MTE	hyp1	News	NaN	0.3287
224	225	en	kik	challenge_SSA-MTE	hyp1	News	NaN	0.3037
225	226	en	kik	challenge_SSA-MTE	hyp1	News	NaN	0.3396
226	227	en	kik	challenge_SSA-MTE	hyp1	News	NaN	0.3281
227	228	en	kik	challenge_SSA-MTE	hyp1	News	NaN	0.3502
228	229	en	kik	challenge_SSA-MTE	hyp1	News	NaN	0.4145
229	230	en	kik	challenge_SSA-MTE	hyp1	News	NaN	0.4354
230	231	en	kik	challenge_SSA-MTE	hyp1	News	NaN	0.3474
231	232	en	kik	challenge_SSA-MTE	hyp1	News	NaN	0.4028
232	233	en	kik	challenge_SSA-MTE	hyp1	News	NaN	0.3023
233	234	en	kik	challenge_SSA-MTE	hyp1	News	NaN	0.3187
234	235	en	kik	challenge_SSA-MTE	hyp1	News	NaN	0.2885
235	236	en	kik	challenge_SSA-MTE	hyp1	News	NaN	0.4043
236	237	en	kik	challenge_SSA-MTE	hyp1	News	NaN	0.4407
237	238	en	kik	challenge_SSA-MTE	hyp1	News	NaN	0.4011
238	239	en	kik	challenge_SSA-MTE	hyp1	News	NaN	0.3183
239	240	en	kik	challenge_SSA-MTE	hyp1	News	NaN	0.5203
240	241	en	kik	challenge_SSA-MTE	hyp1	News	NaN	0.4491
241	242	en	kik	challenge_SSA-MTE	hyp1	News	NaN	0.3861
242	243	en	kik	challenge_SSA-MTE	hyp1	News	NaN	0.5134
243	244	en	kik	challenge_SSA-MTE	hyp1	News	NaN	0.2701
244	245	en	kik	challenge_SSA-MTE	hyp1	News	NaN	0.4186
245	246	en	kik	challenge_SSA-MTE	hyp1	News	NaN	0.4438
246	247	en	kik	challenge_SSA-MTE	hyp1	News	NaN	0.3477
247	248	en	kik	challenge_SSA-MTE	hyp1	News	NaN	0.3499
248	249	en	kik	challenge_SSA-MTE	hyp1	News	NaN	0.3484
249	250	en	kik	challenge_SSA-MTE	hyp1	News	NaN	0.3973
250	251	en	kik	challenge_SSA-MTE	hyp1	News	NaN	0.4254
251	252	en	kik	challenge_SSA-MTE	hyp1	News	NaN	0.3837
252	253	en	kik	challenge_SSA-MTE	hyp1	News	NaN	0.2680
253	254	en	kik	challenge_SSA-MTE	hyp1	News	NaN	0.3426
254	255	en	kik	challenge_SSA-MTE	hyp1	News	NaN	0.3665
255	256	en	kik	challenge_SSA-MTE	hyp1	News	NaN	0.3793
256	257	en	kik	challenge_SSA-MTE	hyp1	News	NaN	0.3202
257	258	en	kik	challenge_SSA-MTE	hyp1	News	NaN	0.5275
258	259	en	kik	challenge_SSA-MTE	hyp1	News	NaN	0.3524
259	260	en	kik	challenge_SSA-MTE	hyp1	News	NaN	0.2794
260	261	en	kik	challenge_SSA-MTE	hyp1	News	NaN	0.4057
261	262	en	kik	challenge_SSA-MTE	hyp1	News	NaN	0.3151
262	263	en	kik	challenge_SSA-MTE	hyp1	News	NaN	0.3951
263	264	en	kik	challenge_SSA-MTE	hyp1	News	NaN	0.3371
264	265	en	kik	challenge_SSA-MTE	hyp1	News	NaN	0.3897
265	266	en	kik	challenge_SSA-MTE	hyp1	News	NaN	0.4289
266	267	en	kik	challenge_SSA-MTE	hyp1	News	NaN	0.4730
267	268	en	kik	challenge_SSA-MTE	hyp1	News	NaN	0.5117
268	269	en	kik	challenge_SSA-MTE	hyp1	News	NaN	0.3535
269	270	en	kik	challenge_SSA-MTE	hyp1	News	NaN	0.4590
270	271	en	kik	challenge_SSA-MTE	hyp1	News	NaN	0.4652
271	272	en	kik	challenge_SSA-MTE	hyp1	News	NaN	0.2745
272	273	en	kik	challenge_SSA-MTE	hyp1	News	NaN	0.3118
273	274	en	kik	challenge_SSA-MTE	hyp1	News	NaN	0.3885
274	275	en	kik	challenge_SSA-MTE	hyp1	News	NaN	0.2751
275	276	en	kik	challenge_SSA-MTE	hyp1	News	NaN	0.3906
276	277	en	kik	challenge_SSA-MTE	hyp1	News	NaN	0.3307
277	278	en	kik	challenge_SSA-MTE	hyp1	News	NaN	0.2451
278	279	en	kik	challenge_SSA-MTE	hyp1	News	NaN	0.3304
279	280	en	kik	challenge_SSA-MTE	hyp1	News	NaN	0.3931
280	281	en	kik	challenge_SSA-MTE	hyp1	News	NaN	0.5212
281	282	en	kik	challenge_SSA-MTE	hyp1	News	NaN	0.4120
282	283	en	kik	challenge_SSA-MTE	hyp1	News	NaN	0.2618
283	284	en	kik	challenge_SSA-MTE	hyp1	News	NaN	0.4044
284	285	en	kik	challenge_SSA-MTE	hyp1	News	NaN	0.4070
285	286	en	kik	challenge_SSA-MTE	hyp1	News	NaN	0.3061
286	287	en	kik	challenge_SSA-MTE	hyp1	News	NaN	0.3125
287	288	en	kik	challenge_SSA-MTE	hyp1	News	NaN	0.2902
288	289	en	kik	challenge_SSA-MTE	hyp1	News	NaN	0.2400
289	290	en	kik	challenge_SSA-MTE	hyp1	News	NaN	0.4108
290	291	en	kik	challenge_SSA-MTE	hyp1	News	NaN	0.6625
291	292	en	kik	challenge_SSA-MTE	hyp1	News	NaN	0.5480
292	293	en	kik	challenge_SSA-MTE	hyp1	News	NaN	0.2820
293	294	en	kik	challenge_SSA-MTE	hyp1	News	NaN	0.5299
294	295	en	kik	challenge_SSA-MTE	hyp1	News	NaN	0.6424
295	296	en	kik	challenge_SSA-MTE	hyp1	News	NaN	0.4143
296	297	en	kik	challenge_SSA-MTE	hyp1	News	NaN	0.3924
297	298	en	kik	challenge_SSA-MTE	hyp1	News	NaN	0.3035
298	299	en	kik	challenge_SSA-MTE	hyp1	News	NaN	0.3979
299	300	en	kik	challenge_SSA-MTE	hyp1	News	NaN	0.4351
300	301	en	kik	challenge_SSA-MTE	hyp1	News	NaN	0.3036
301	302	en	kik	challenge_SSA-MTE	hyp1	News	NaN	0.2936
302	303	en	kik	challenge_SSA-MTE	hyp1	News	NaN	0.2672
303	304	en	kik	challenge_SSA-MTE	hyp1	News	NaN	0.3254
304	305	en	kik	challenge_SSA-MTE	hyp1	News	NaN	0.3716
305	306	en	kik	challenge_SSA-MTE	hyp1	News	NaN	0.4101
306	307	en	kik	challenge_SSA-MTE	hyp1	News	NaN	0.4191
307	308	en	kik	challenge_SSA-MTE	hyp1	News	NaN	0.2427
308	309	en	kik	challenge_SSA-MTE	hyp1	News	NaN	0.4240
309	310	en	kik	challenge_SSA-MTE	hyp1	News	NaN	0.4371
310	311	en	kik	challenge_SSA-MTE	hyp1	News	NaN	0.3518
311	312	en	kik	challenge_SSA-MTE	hyp1	News	NaN	0.3759
312	313	en	kik	challenge_SSA-MTE	hyp1	News	NaN	0.3095
313	314	en	kik	challenge_SSA-MTE	hyp1	News	NaN	0.3781
314	315	en	kik	challenge_SSA-MTE	hyp1	News	NaN	0.2834
315	316	en	kik	challenge_SSA-MTE	hyp1	News	NaN	0.2855
316	317	en	kik	challenge_SSA-MTE	hyp1	News	NaN	0.2862
317	318	en	kik	challenge_SSA-MTE	hyp1	News	NaN	0.3997
318	319	en	kik	challenge_SSA-MTE	hyp1	News	NaN	0.3318
319	320	en	kik	challenge_SSA-MTE	hyp1	News	NaN	0.3471
320	321	en	kik	challenge_SSA-MTE	hyp1	News	NaN	0.3827
321	322	en	kik	challenge_SSA-MTE	hyp1	News	NaN	0.3987
322	323	en	kik	challenge_SSA-MTE	hyp1	News	NaN	0.3402
323	324	en	kik	challenge_SSA-MTE	hyp1	News	NaN	0.4111
324	325	en	kik	challenge_SSA-MTE	hyp1	News	NaN	0.3911
325	326	en	kik	challenge_SSA-MTE	hyp1	News	NaN	0.3971
326	327	en	kik	challenge_SSA-MTE	hyp1	News	NaN	0.3801
327	328	en	kik	challenge_SSA-MTE	hyp1	News	NaN	0.3220
328	329	en	kik	challenge_SSA-MTE	hyp1	News	NaN	0.3685
329	330	en	kik	challenge_SSA-MTE	hyp1	News	NaN	0.3147
330	331	en	kik	challenge_SSA-MTE	hyp1	News	NaN	0.2829
331	332	en	kik	challenge_SSA-MTE	hyp1	News	NaN	0.2813
332	333	en	kik	challenge_SSA-MTE	hyp1	News	NaN	0.2987
333	334	en	kik	challenge_SSA-MTE	hyp1	News	NaN	0.2732
334	335	en	kik	challenge_SSA-MTE	hyp1	News	NaN	0.4718
335	336	en	kik	challenge_SSA-MTE	hyp1	News	NaN	0.5252
336	337	en	kik	challenge_SSA-MTE	hyp1	News	NaN	0.2459
337	338	en	kik	challenge_SSA-MTE	hyp1	News	NaN	0.2539
338	339	en	kik	challenge_SSA-MTE	hyp1	News	NaN	0.3950
339	340	en	kik	challenge_SSA-MTE	hyp1	News	NaN	0.4467
340	341	en	kik	challenge_SSA-MTE	hyp1	News	NaN	0.4136
341	342	en	kik	challenge_SSA-MTE	hyp1	News	NaN	0.3954
342	343	en	kik	challenge_SSA-MTE	hyp1	News	NaN	0.3993
343	344	en	kik	challenge_SSA-MTE	hyp1	News	NaN	0.3943
344	345	en	kik	challenge_SSA-MTE	hyp1	News	NaN	0.3712
345	346	en	kik	challenge_SSA-MTE	hyp1	News	NaN	0.4559
346	347	en	kik	challenge_SSA-MTE	hyp1	News	NaN	0.3271
347	348	en	kik	challenge_SSA-MTE	hyp1	News	NaN	0.3578
348	349	en	kik	challenge_SSA-MTE	hyp1	News	NaN	0.3771
349	350	en	kik	challenge_SSA-MTE	hyp1	News	NaN	0.2913
350	351	en	kik	challenge_SSA-MTE	hyp1	News	NaN	0.3708
351	352	en	kik	challenge_SSA-MTE	hyp1	News	NaN	0.2140
352	353	en	kik	challenge_SSA-MTE	hyp1	News	NaN	0.3179
353	354	en	kik	challenge_SSA-MTE	hyp1	News	NaN	0.2949
354	355	en	kik	challenge_SSA-MTE	hyp1	News	NaN	0.3561
355	356	en	kik	challenge_SSA-MTE	hyp1	News	NaN	0.4017
356	357	en	kik	challenge_SSA-MTE	hyp1	News	NaN	0.3419
357	358	en	kik	challenge_SSA-MTE	hyp1	News	NaN	0.2962
358	359	en	kik	challenge_SSA-MTE	hyp1	News	NaN	0.3353
359	360	en	kik	challenge_SSA-MTE	hyp1	News	NaN	0.4115
360	361	en	kik	challenge_SSA-MTE	hyp1	News	NaN	0.3202
361	362	en	kik	challenge_SSA-MTE	hyp1	News	NaN	0.3481
362	363	en	kik	challenge_SSA-MTE	hyp1	News	NaN	0.3263
363	364	en	kik	challenge_SSA-MTE	hyp1	News	NaN	0.3276
364	365	en	kik	challenge_SSA-MTE	hyp1	News	NaN	0.2372
365	366	en	kik	challenge_SSA-MTE	hyp1	News	NaN	0.2631
366	367	en	kik	challenge_SSA-MTE	hyp1	News	NaN	0.3606
367	368	en	kik	challenge_SSA-MTE	hyp1	News	NaN	0.2782
368	369	en	kik	challenge_SSA-MTE	hyp1	News	NaN	0.3743
369	370	en	kik	challenge_SSA-MTE	hyp1	News	NaN	0.3274
370	371	en	kik	challenge_SSA-MTE	hyp1	News	NaN	0.3810
371	372	en	kik	challenge_SSA-MTE	hyp1	News	NaN	0.3989
372	373	en	kik	challenge_SSA-MTE	hyp1	News	NaN	0.4495
373	374	en	kik	challenge_SSA-MTE	hyp1	News	NaN	0.3139
374	375	en	kik	challenge_SSA-MTE	hyp1	News	NaN	0.2843
375	376	en	kik	challenge_SSA-MTE	hyp1	News	NaN	0.4309
376	377	en	kik	challenge_SSA-MTE	hyp1	News	NaN	0.3994
377	378	en	kik	challenge_SSA-MTE	hyp1	News	NaN	0.3473
378	379	en	kik	challenge_SSA-MTE	hyp1	News	NaN	0.2674
379	380	en	kik	challenge_SSA-MTE	hyp1	News	NaN	0.3579
380	381	en	kik	challenge_SSA-MTE	hyp1	News	NaN	0.3132
381	382	en	kik	challenge_SSA-MTE	hyp1	News	NaN	0.3901
382	383	en	kik	challenge_SSA-MTE	hyp1	News	NaN	0.4662
383	384	en	kik	challenge_SSA-MTE	hyp1	News	NaN	0.2485
384	385	en	kik	challenge_SSA-MTE	hyp1	News	NaN	0.4714
385	386	en	kik	challenge_SSA-MTE	hyp1	News	NaN	0.5055
386	387	en	kik	challenge_SSA-MTE	hyp1	News	NaN	0.3144
387	388	en	kik	challenge_SSA-MTE	hyp1	News	NaN	0.3009
388	389	en	kik	challenge_SSA-MTE	hyp1	News	NaN	0.2554
389	390	en	kik	challenge_SSA-MTE	hyp1	News	NaN	0.3148
390	391	en	kik	challenge_SSA-MTE	hyp1	News	NaN	0.3645
391	392	en	kik	challenge_SSA-MTE	hyp1	News	NaN	0.3274
392	393	en	kik	challenge_SSA-MTE	hyp1	News	NaN	0.3530
393	394	en	kik	challenge_SSA-MTE	hyp1	News	NaN	0.2296
394	395	en	kik	challenge_SSA-MTE	hyp1	News	NaN	0.2765
395	396	en	kik	challenge_SSA-MTE	hyp1	News	NaN	0.4119
396	397	en	kik	challenge_SSA-MTE	hyp1	News	NaN	0.2511
397	398	en	kik	challenge_SSA-MTE	hyp1	News	NaN	0.3469
398	399	en	kik	challenge_SSA-MTE	hyp1	News	NaN	0.3207
399	400	en	kik	challenge_SSA-MTE	hyp1	News	NaN	0.2853
400	401	en	kik	challenge_SSA-MTE	hyp1	News	NaN	0.3361
401	402	en	kik	challenge_SSA-MTE	hyp1	News	NaN	0.3556
402	403	en	kik	challenge_SSA-MTE	hyp1	News	NaN	0.4102
403	404	en	kik	challenge_SSA-MTE	hyp1	News	NaN	0.2360
404	405	en	kik	challenge_SSA-MTE	hyp1	News	NaN	0.3311
405	406	en	kik	challenge_SSA-MTE	hyp1	News	NaN	0.3335
406	407	en	kik	challenge_SSA-MTE	hyp1	News	NaN	0.2952
407	408	en	kik	challenge_SSA-MTE	hyp1	News	NaN	0.2855
408	409	en	kik	challenge_SSA-MTE	hyp1	News	NaN	0.3313
409	410	en	kik	challenge_SSA-MTE	hyp1	News	NaN	0.3438
410	411	en	kik	challenge_SSA-MTE	hyp1	News	NaN	0.3329
411	412	en	kik	challenge_SSA-MTE	hyp1	News	NaN	0.3321
412	413	en	kik	challenge_SSA-MTE	hyp1	News	NaN	0.3321
413	414	en	kik	challenge_SSA-MTE	hyp1	News	NaN	0.3341
414	415	en	kik	challenge_SSA-MTE	hyp1	News	NaN	0.2682
415	416	en	kik	challenge_SSA-MTE	hyp1	News	NaN	0.4107
416	417	en	kik	challenge_SSA-MTE	hyp1	News	NaN	0.3210
417	418	en	kik	challenge_SSA-MTE	hyp1	News	NaN	0.3417
418	419	en	kik	challenge_SSA-MTE	hyp1	News	NaN	0.3990
419	420	en	kik	challenge_SSA-MTE	hyp1	News	NaN	0.3843
420	421	en	kik	challenge_SSA-MTE	hyp1	News	NaN	0.3121
421	422	en	kik	challenge_SSA-MTE	hyp1	News	NaN	0.3709
422	423	en	kik	challenge_SSA-MTE	hyp1	News	NaN	0.2683
423	424	en	kik	challenge_SSA-MTE	hyp1	News	NaN	0.2913
424	425	en	kik	challenge_SSA-MTE	hyp1	News	NaN	0.3697
425	426	en	kik	challenge_SSA-MTE	hyp1	News	NaN	0.3542
426	427	en	kik	challenge_SSA-MTE	hyp1	News	NaN	0.3246
427	428	en	kik	challenge_SSA-MTE	hyp1	News	NaN	0.4082
428	429	en	kik	challenge_SSA-MTE	hyp1	News	NaN	0.3834
429	430	en	kik	challenge_SSA-MTE	hyp1	News	NaN	0.3892
430	431	en	kik	challenge_SSA-MTE	hyp1	News	NaN	0.3050
431	432	en	kik	challenge_SSA-MTE	hyp1	News	NaN	0.3413
432	433	en	kik	challenge_SSA-MTE	hyp1	News	NaN	0.2807
433	434	en	kik	challenge_SSA-MTE	hyp1	News	NaN	0.2843
434	435	en	kik	challenge_SSA-MTE	hyp1	News	NaN	0.3533
435	436	en	kik	challenge_SSA-MTE	hyp1	News	NaN	0.3792
436	437	en	kik	challenge_SSA-MTE	hyp1	News	NaN	0.4051
437	438	en	kik	challenge_SSA-MTE	hyp1	News	NaN	0.2564
438	439	en	kik	challenge_SSA-MTE	hyp1	News	NaN	0.4195
439	440	en	kik	challenge_SSA-MTE	hyp1	News	NaN	0.3321
440	441	en	kik	challenge_SSA-MTE	hyp1	News	NaN	0.4109
441	442	en	kik	challenge_SSA-MTE	hyp1	News	NaN	0.4211
442	443	en	kik	challenge_SSA-MTE	hyp1	News	NaN	0.4173
443	444	en	kik	challenge_SSA-MTE	hyp1	News	NaN	0.4467
444	445	en	kik	challenge_SSA-MTE	hyp1	News	NaN	0.4023
445	446	en	kik	challenge_SSA-MTE	hyp1	News	NaN	0.3172
446	447	en	kik	challenge_SSA-MTE	hyp1	News	NaN	0.4074
447	448	en	kik	challenge_SSA-MTE	hyp1	News	NaN	0.3470
448	449	en	kik	challenge_SSA-MTE	hyp1	News	NaN	0.3134
449	450	en	kik	challenge_SSA-MTE	hyp1	News	NaN	0.3179
450	451	en	kik	challenge_SSA-MTE	hyp1	News	NaN	0.3109
451	452	en	kik	challenge_SSA-MTE	hyp1	News	NaN	0.2625
452	453	en	kik	challenge_SSA-MTE	hyp1	News	NaN	0.1909
453	454	en	kik	challenge_SSA-MTE	hyp1	News	NaN	0.3751
454	455	en	kik	challenge_SSA-MTE	hyp1	News	NaN	0.3890
455	456	en	kik	challenge_SSA-MTE	hyp1	News	NaN	0.3199
456	457	en	kik	challenge_SSA-MTE	hyp1	News	NaN	0.3070
457	458	en	kik	challenge_SSA-MTE	hyp1	News	NaN	0.2600
458	459	en	kik	challenge_SSA-MTE	hyp1	News	NaN	0.3799
459	460	en	kik	challenge_SSA-MTE	hyp1	News	NaN	0.3832
460	461	en	kik	challenge_SSA-MTE	hyp1	News	NaN	0.3237
461	462	en	kik	challenge_SSA-MTE	hyp1	News	NaN	0.2400
462	463	en	kik	challenge_SSA-MTE	hyp1	News	NaN	0.3080
463	464	en	kik	challenge_SSA-MTE	hyp1	News	NaN	0.3396
464	465	en	kik	challenge_SSA-MTE	hyp1	News	NaN	0.2938
465	466	en	kik	challenge_SSA-MTE	hyp1	News	NaN	0.3645
466	467	en	kik	challenge_SSA-MTE	hyp1	News	NaN	0.2204
467	468	en	kik	challenge_SSA-MTE	hyp1	News	NaN	0.3398
468	469	en	kik	challenge_SSA-MTE	hyp1	News	NaN	0.3389
469	470	en	kik	challenge_SSA-MTE	hyp1	News	NaN	0.3511
470	471	en	kik	challenge_SSA-MTE	hyp1	News	NaN	0.3028
471	472	en	kik	challenge_SSA-MTE	hyp1	News	NaN	0.2555
472	473	en	kik	challenge_SSA-MTE	hyp1	News	NaN	0.2912
473	474	en	kik	challenge_SSA-MTE	hyp1	News	NaN	0.2927
474	475	en	kik	challenge_SSA-MTE	hyp1	News	NaN	0.4606
475	476	en	kik	challenge_SSA-MTE	hyp1	News	NaN	0.3572
476	477	en	kik	challenge_SSA-MTE	hyp1	News	NaN	0.2388
477	478	en	kik	challenge_SSA-MTE	hyp1	News	NaN	0.5616
478	479	en	kik	challenge_SSA-MTE	hyp1	News	NaN	0.4352
479	480	en	kik	challenge_SSA-MTE	hyp1	News	NaN	0.4024
480	481	en	kik	challenge_SSA-MTE	hyp1	News	NaN	0.2438
481	482	en	kik	challenge_SSA-MTE	hyp1	News	NaN	0.3705
482	483	en	kik	challenge_SSA-MTE	hyp1	News	NaN	0.3379
483	484	en	kik	challenge_SSA-MTE	hyp1	News	NaN	0.4035
484	485	en	kik	challenge_SSA-MTE	hyp1	News	NaN	0.3446
485	486	en	kik	challenge_SSA-MTE	hyp1	News	NaN	0.2891
486	487	en	kik	challenge_SSA-MTE	hyp1	News	NaN	0.3118
487	488	en	kik	challenge_SSA-MTE	hyp1	News	NaN	0.3956
488	489	en	kik	challenge_SSA-MTE	hyp1	News	NaN	0.4405
489	490	en	kik	challenge_SSA-MTE	hyp1	News	NaN	0.3587
490	491	en	kik	challenge_SSA-MTE	hyp1	News	NaN	0.4033
491	492	en	kik	challenge_SSA-MTE	hyp1	News	NaN	0.5090
492	493	en	kik	challenge_SSA-MTE	hyp1	News	NaN	0.5180
493	494	en	kik	challenge_SSA-MTE	hyp1	News	NaN	0.3014
494	495	en	kik	challenge_SSA-MTE	hyp1	News	NaN	0.2802
495	496	en	kik	challenge_SSA-MTE	hyp1	News	NaN	0.3639
496	497	en	kik	challenge_SSA-MTE	hyp1	News	NaN	0.3272
497	498	en	kik	challenge_SSA-MTE	hyp1	News	NaN	0.3588
498	499	en	kik	challenge_SSA-MTE	hyp1	News	NaN	0.3474
499	500	en	kik	challenge_SSA-MTE	hyp1	News	NaN	0.4573
500	501	en	kik	challenge_SSA-MTE	hyp1	News	NaN	0.3078
501	502	en	kik	challenge_SSA-MTE	hyp1	News	NaN	0.3225
502	503	en	kik	challenge_SSA-MTE	hyp1	News	NaN	0.3109
503	504	en	kik	challenge_SSA-MTE	hyp1	News	NaN	0.3932
504	505	en	kik	challenge_SSA-MTE	hyp1	News	NaN	0.3516
505	506	en	kik	challenge_SSA-MTE	hyp1	News	NaN	0.3222
506	507	en	kik	challenge_SSA-MTE	hyp1	News	NaN	0.3598
507	508	en	kik	challenge_SSA-MTE	hyp1	News	NaN	0.2985
508	509	en	kik	challenge_SSA-MTE	hyp1	News	NaN	0.4228
509	510	en	kik	challenge_SSA-MTE	hyp1	News	NaN	0.3503
510	511	en	kik	challenge_SSA-MTE	hyp1	News	NaN	0.3357
511	512	en	kik	challenge_SSA-MTE	hyp1	News	NaN	0.3656
512	513	en	kik	challenge_SSA-MTE	hyp1	News	NaN	0.3560
513	514	en	kik	challenge_SSA-MTE	hyp1	News	NaN	0.3412
514	515	en	kik	challenge_SSA-MTE	hyp1	News	NaN	0.2369
515	516	en	kik	challenge_SSA-MTE	hyp1	News	NaN	0.3981
516	517	en	kik	challenge_SSA-MTE	hyp1	News	NaN	0.3307
517	518	en	kik	challenge_SSA-MTE	hyp1	News	NaN	0.3610
518	519	en	kik	challenge_SSA-MTE	hyp1	News	NaN	0.2639
519	520	en	kik	challenge_SSA-MTE	hyp1	News	NaN	0.2742
520	521	en	kik	challenge_SSA-MTE	hyp1	News	NaN	0.3758
521	522	en	kik	challenge_SSA-MTE	hyp1	News	NaN	0.2973
522	523	en	kik	challenge_SSA-MTE	hyp1	News	NaN	0.3566
523	524	en	kik	challenge_SSA-MTE	hyp1	News	NaN	0.3671
524	525	en	kik	challenge_SSA-MTE	hyp1	News	NaN	0.3679
525	526	en	kik	challenge_SSA-MTE	hyp1	News	NaN	0.4498
526	527	en	kik	challenge_SSA-MTE	hyp1	News	NaN	0.4475
527	528	en	kik	challenge_SSA-MTE	hyp1	News	NaN	0.3953
528	529	en	kik	challenge_SSA-MTE	hyp1	News	NaN	0.4342
529	530	en	kik	challenge_SSA-MTE	hyp1	News	NaN	0.3063
530	531	en	kik	challenge_SSA-MTE	hyp1	News	NaN	0.2949
531	532	en	kik	challenge_SSA-MTE	hyp1	News	NaN	0.3824
532	533	en	kik	challenge_SSA-MTE	hyp1	News	NaN	0.3459
533	534	en	kik	challenge_SSA-MTE	hyp1	News	NaN	0.2735
534	535	en	kik	challenge_SSA-MTE	hyp1	News	NaN	0.2700
535	536	en	kik	challenge_SSA-MTE	hyp1	News	NaN	0.3759
536	537	en	kik	challenge_SSA-MTE	hyp1	News	NaN	0.4137
537	538	en	kik	challenge_SSA-MTE	hyp1	News	NaN	0.4668
538	539	en	kik	challenge_SSA-MTE	hyp1	News	NaN	0.4105
539	540	en	kik	challenge_SSA-MTE	hyp1	News	NaN	0.3942
540	541	en	kik	challenge_SSA-MTE	hyp1	News	NaN	0.4236
541	542	en	kik	challenge_SSA-MTE	hyp1	News	NaN	0.3843
542	543	en	kik	challenge_SSA-MTE	hyp1	News	NaN	0.3793
543	544	en	kik	challenge_SSA-MTE	hyp1	News	NaN	0.2219
544	545	en	kik	challenge_SSA-MTE	hyp1	News	NaN	0.3672
545	546	en	kik	challenge_SSA-MTE	hyp1	News	NaN	0.4233
546	547	en	kik	challenge_SSA-MTE	hyp1	News	NaN	0.3100
547	548	en	kik	challenge_SSA-MTE	hyp1	News	NaN	0.2647
548	549	en	kik	challenge_SSA-MTE	hyp1	News	NaN	0.2065
549	550	en	kik	challenge_SSA-MTE	hyp1	News	NaN	0.2879
550	551	en	kik	challenge_SSA-MTE	hyp1	News	NaN	0.4238
551	552	en	kik	challenge_SSA-MTE	hyp1	News	NaN	0.3588
552	553	en	kik	challenge_SSA-MTE	hyp1	News	NaN	0.4362
553	554	en	kik	challenge_SSA-MTE	hyp1	News	NaN	0.2629
554	555	en	kik	challenge_SSA-MTE	hyp1	News	NaN	0.4398
555	556	en	kik	challenge_SSA-MTE	hyp1	News	NaN	0.4428
556	557	en	kik	challenge_SSA-MTE	hyp1	News	NaN	0.2990
557	558	en	kik	challenge_SSA-MTE	hyp1	News	NaN	0.3706
558	559	en	kik	challenge_SSA-MTE	hyp1	News	NaN	0.3165
559	560	en	kik	challenge_SSA-MTE	hyp1	News	NaN	0.4096
560	561	en	kik	challenge_SSA-MTE	hyp1	News	NaN	0.3856
561	562	en	kik	challenge_SSA-MTE	hyp1	News	NaN	0.3751
562	563	en	kik	challenge_SSA-MTE	hyp1	News	NaN	0.3585
563	564	en	kik	challenge_SSA-MTE	hyp1	News	NaN	0.3719
564	565	en	kik	challenge_SSA-MTE	hyp1	News	NaN	0.3255
565	566	en	kik	challenge_SSA-MTE	hyp1	News	NaN	0.3456
566	567	en	kik	challenge_SSA-MTE	hyp1	News	NaN	0.3458
567	568	en	kik	challenge_SSA-MTE	hyp1	News	NaN	0.2994
568	569	en	kik	challenge_SSA-MTE	hyp1	News	NaN	0.3038
569	570	en	kik	challenge_SSA-MTE	hyp1	News	NaN	0.3727
570	571	en	kik	challenge_SSA-MTE	hyp1	News	NaN	0.3595
571	572	en	kik	challenge_SSA-MTE	hyp1	News	NaN	0.4131
572	573	en	kik	challenge_SSA-MTE	hyp1	News	NaN	0.3331
573	574	en	kik	challenge_SSA-MTE	hyp1	News	NaN	0.3794
574	575	en	kik	challenge_SSA-MTE	hyp1	News	NaN	0.4638
575	576	en	kik	challenge_SSA-MTE	hyp1	News	NaN	0.2813
576	577	en	kik	challenge_SSA-MTE	hyp1	News	NaN	0.4021
577	578	en	kik	challenge_SSA-MTE	hyp1	News	NaN	0.2993
578	579	en	kik	challenge_SSA-MTE	hyp1	News	NaN	0.3227
579	580	en	kik	challenge_SSA-MTE	hyp1	News	NaN	0.3556
580	581	en	kik	challenge_SSA-MTE	hyp1	News	NaN	0.4156
581	582	en	kik	challenge_SSA-MTE	hyp1	News	NaN	0.3011
582	583	en	kik	challenge_SSA-MTE	hyp1	News	NaN	0.3498
583	584	en	kik	challenge_SSA-MTE	hyp1	News	NaN	0.2968
584	585	en	kik	challenge_SSA-MTE	hyp1	News	NaN	0.2731
585	586	en	kik	challenge_SSA-MTE	hyp1	News	NaN	0.2437
586	587	en	kik	challenge_SSA-MTE	hyp1	News	NaN	0.3306
587	588	en	kik	challenge_SSA-MTE	hyp1	News	NaN	0.3361
588	589	en	kik	challenge_SSA-MTE	hyp1	News	NaN	0.5130
589	590	en	kik	challenge_SSA-MTE	hyp1	News	NaN	0.5092
590	591	en	kik	challenge_SSA-MTE	hyp1	News	NaN	0.3874
591	592	en	kik	challenge_SSA-MTE	hyp1	News	NaN	0.5156
592	593	en	kik	challenge_SSA-MTE	hyp1	News	NaN	0.5654
593	594	en	kik	challenge_SSA-MTE	hyp1	News	NaN	0.3382
594	595	en	kik	challenge_SSA-MTE	hyp1	News	NaN	0.3721
595	596	en	kik	challenge_SSA-MTE	hyp1	News	NaN	0.3111
596	597	en	kik	challenge_SSA-MTE	hyp1	News	NaN	0.4178
597	598	en	kik	challenge_SSA-MTE	hyp1	News	NaN	0.3701
598	599	en	kik	challenge_SSA-MTE	hyp1	News	NaN	0.4809
599	600	en	kik	challenge_SSA-MTE	hyp1	News	NaN	0.4645
600	601	en	kik	challenge_SSA-MTE	hyp1	News	NaN	0.2728
601	602	en	kik	challenge_SSA-MTE	hyp1	News	NaN	0.4353
602	603	en	kik	challenge_SSA-MTE	hyp1	News	NaN	0.5350
603	604	en	kik	challenge_SSA-MTE	hyp1	News	NaN	0.4023
604	605	en	kik	challenge_SSA-MTE	hyp1	News	NaN	0.4868
605	606	en	kik	challenge_SSA-MTE	hyp1	News	NaN	0.3393
606	607	en	kik	challenge_SSA-MTE	hyp1	News	NaN	0.4646
607	608	en	kik	challenge_SSA-MTE	hyp1	News	NaN	0.4832
608	609	en	kik	challenge_SSA-MTE	hyp1	News	NaN	0.3609
609	610	en	kik	challenge_SSA-MTE	hyp1	News	NaN	0.3826
610	611	en	kik	challenge_SSA-MTE	hyp1	News	NaN	0.3384
611	612	en	kik	challenge_SSA-MTE	hyp1	News	NaN	0.3931
612	613	en	kik	challenge_SSA-MTE	hyp1	News	NaN	0.3485
613	614	en	kik	challenge_SSA-MTE	hyp1	News	NaN	0.3945
614	615	en	kik	challenge_SSA-MTE	hyp1	News	NaN	0.3170
615	616	en	kik	challenge_SSA-MTE	hyp1	News	NaN	0.2749
616	617	en	kik	challenge_SSA-MTE	hyp1	News	NaN	0.4560
617	618	en	kik	challenge_SSA-MTE	hyp1	News	NaN	0.4123
618	619	en	kik	challenge_SSA-MTE	hyp1	News	NaN	0.5318
619	620	en	kik	challenge_SSA-MTE	hyp1	News	NaN	0.4194
620	621	en	kik	challenge_SSA-MTE	hyp1	News	NaN	0.2369
621	622	en	kik	challenge_SSA-MTE	hyp1	News	NaN	0.5156
622	623	en	kik	challenge_SSA-MTE	hyp1	News	NaN	0.5763
623	624	en	kik	challenge_SSA-MTE	hyp1	News	NaN	0.3022
624	625	en	kik	challenge_SSA-MTE	hyp1	News	NaN	0.4438
625	626	en	kik	challenge_SSA-MTE	hyp1	News	NaN	0.3011
626	627	en	kik	challenge_SSA-MTE	hyp1	News	NaN	0.2813
627	628	en	kik	challenge_SSA-MTE	hyp1	News	NaN	0.3115
628	629	en	kik	challenge_SSA-MTE	hyp1	News	NaN	0.4189
629	630	en	kik	challenge_SSA-MTE	hyp1	News	NaN	0.4052
630	631	en	kik	challenge_SSA-MTE	hyp1	News	NaN	0.2949
631	632	en	kik	challenge_SSA-MTE	hyp1	News	NaN	0.4584
632	633	en	kik	challenge_SSA-MTE	hyp1	News	NaN	0.4364
633	634	en	kik	challenge_SSA-MTE	hyp1	News	NaN	0.3518
634	635	en	kik	challenge_SSA-MTE	hyp1	News	NaN	0.2887
635	636	en	kik	challenge_SSA-MTE	hyp1	News	NaN	0.2515
636	637	en	kik	challenge_SSA-MTE	hyp1	News	NaN	0.3381
637	638	en	kik	challenge_SSA-MTE	hyp1	News	NaN	0.3449
638	639	en	kik	challenge_SSA-MTE	hyp1	News	NaN	0.3120
639	640	en	kik	challenge_SSA-MTE	hyp1	News	NaN	0.3290
640	641	en	kik	challenge_SSA-MTE	hyp1	News	NaN	0.3409
641	642	en	kik	challenge_SSA-MTE	hyp1	News	NaN	0.2952
642	643	en	kik	challenge_SSA-MTE	hyp1	News	NaN	0.3291
643	644	en	kik	challenge_SSA-MTE	hyp1	News	NaN	0.2956
644	645	en	kik	challenge_SSA-MTE	hyp1	News	NaN	0.3768
645	646	en	kik	challenge_SSA-MTE	hyp1	News	NaN	0.2634
646	647	en	kik	challenge_SSA-MTE	hyp1	News	NaN	0.3629
647	648	en	kik	challenge_SSA-MTE	hyp1	News	NaN	0.3846
648	649	en	kik	challenge_SSA-MTE	hyp1	News	NaN	0.2926
649	650	en	kik	challenge_SSA-MTE	hyp1	News	NaN	0.3446
650	651	en	kik	challenge_SSA-MTE	hyp1	News	NaN	0.2984
651	652	en	kik	challenge_SSA-MTE	hyp1	News	NaN	0.3777
652	653	en	kik	challenge_SSA-MTE	hyp1	News	NaN	0.3501
653	654	en	kik	challenge_SSA-MTE	hyp1	News	NaN	0.3449
654	655	en	kik	challenge_SSA-MTE	hyp1	News	NaN	0.3054
655	656	en	kik	challenge_SSA-MTE	hyp1	News	NaN	0.2977
656	657	en	kik	challenge_SSA-MTE	hyp1	News	NaN	0.4334
657	658	en	kik	challenge_SSA-MTE	hyp1	News	NaN	0.3375
658	659	en	kik	challenge_SSA-MTE	hyp1	News	NaN	0.3715
659	660	en	kik	challenge_SSA-MTE	hyp1	News	NaN	0.2882
660	661	en	kik	challenge_SSA-MTE	hyp1	News	NaN	0.2836
661	662	en	kik	challenge_SSA-MTE	hyp1	News	NaN	0.2900
662	663	en	kik	challenge_SSA-MTE	hyp1	News	NaN	0.3384
663	664	en	kik	challenge_SSA-MTE	hyp1	News	NaN	0.4557
664	665	en	kik	challenge_SSA-MTE	hyp1	News	NaN	0.4440
665	666	en	kik	challenge_SSA-MTE	hyp1	News	NaN	0.3350
666	667	en	kik	challenge_SSA-MTE	hyp1	News	NaN	0.3881
667	668	en	kik	challenge_SSA-MTE	hyp1	News	NaN	0.4211
668	669	en	kik	challenge_SSA-MTE	hyp1	News	NaN	0.2920
669	670	en	kik	challenge_SSA-MTE	hyp1	News	NaN	0.2740
670	671	en	kik	challenge_SSA-MTE	hyp1	News	NaN	0.3547
671	672	en	kik	challenge_SSA-MTE	hyp1	News	NaN	0.2773
672	673	en	kik	challenge_SSA-MTE	hyp1	News	NaN	0.3058
673	674	en	kik	challenge_SSA-MTE	hyp1	News	NaN	0.3325
674	675	en	kik	challenge_SSA-MTE	hyp1	News	NaN	0.3511
675	676	en	kik	challenge_SSA-MTE	hyp1	News	NaN	0.2512
676	677	en	kik	challenge_SSA-MTE	hyp1	News	NaN	0.4045
677	678	en	kik	challenge_SSA-MTE	hyp1	News	NaN	0.3182
678	679	en	kik	challenge_SSA-MTE	hyp1	News	NaN	0.2223
679	680	en	kik	challenge_SSA-MTE	hyp1	News	NaN	0.3528
680	681	en	kik	challenge_SSA-MTE	hyp1	News	NaN	0.3340
681	682	en	kik	challenge_SSA-MTE	hyp1	News	NaN	0.2385
682	683	en	kik	challenge_SSA-MTE	hyp1	News	NaN	0.2541
683	684	en	kik	challenge_SSA-MTE	hyp1	News	NaN	0.4179
684	685	en	kik	challenge_SSA-MTE	hyp1	News	NaN	0.3954
685	686	en	kik	challenge_SSA-MTE	hyp1	News	NaN	0.2759
686	687	en	kik	challenge_SSA-MTE	hyp1	News	NaN	0.4568
687	688	en	kik	challenge_SSA-MTE	hyp1	News	NaN	0.3293
688	689	en	kik	challenge_SSA-MTE	hyp1	News	NaN	0.2498
689	690	en	kik	challenge_SSA-MTE	hyp1	News	NaN	0.2890
690	691	en	kik	challenge_SSA-MTE	hyp1	News	NaN	0.2729
691	692	en	kik	challenge_SSA-MTE	hyp1	News	NaN	0.2949
692	693	en	kik	challenge_SSA-MTE	hyp1	News	NaN	0.4241
693	694	en	kik	challenge_SSA-MTE	hyp1	News	NaN	0.3799
694	695	en	kik	challenge_SSA-MTE	hyp1	News	NaN	0.3961
695	696	en	kik	challenge_SSA-MTE	hyp1	News	NaN	0.3085
696	697	en	kik	challenge_SSA-MTE	hyp1	News	NaN	0.4089
697	698	en	kik	challenge_SSA-MTE	hyp1	News	NaN	0.4361
698	699	en	kik	challenge_SSA-MTE	hyp1	News	NaN	0.3289
699	700	en	kik	challenge_SSA-MTE	hyp1	News	NaN	0.3771
700	701	en	kik	challenge_SSA-MTE	hyp1	News	NaN	0.4491
701	702	en	kik	challenge_SSA-MTE	hyp1	News	NaN	0.3366
702	703	en	kik	challenge_SSA-MTE	hyp1	News	NaN	0.3170
703	704	en	kik	challenge_SSA-MTE	hyp1	News	NaN	0.3402
704	705	en	kik	challenge_SSA-MTE	hyp1	News	NaN	0.3317
705	706	en	kik	challenge_SSA-MTE	hyp1	News	NaN	0.3298
706	707	en	kik	challenge_SSA-MTE	hyp1	News	NaN	0.3899
707	708	en	kik	challenge_SSA-MTE	hyp1	News	NaN	0.3963
708	709	en	kik	challenge_SSA-MTE	hyp1	News	NaN	0.3112
709	710	en	kik	challenge_SSA-MTE	hyp1	News	NaN	0.4361
710	711	en	kik	challenge_SSA-MTE	hyp1	News	NaN	0.2584
711	712	en	kik	challenge_SSA-MTE	hyp1	News	NaN	0.2935
712	713	en	kik	challenge_SSA-MTE	hyp1	News	NaN	0.3150
713	714	en	kik	challenge_SSA-MTE	hyp1	News	NaN	0.3959
714	715	en	kik	challenge_SSA-MTE	hyp1	News	NaN	0.2539
715	716	en	kik	challenge_SSA-MTE	hyp1	News	NaN	0.2897
716	717	en	kik	challenge_SSA-MTE	hyp1	News	NaN	0.4035
717	718	en	kik	challenge_SSA-MTE	hyp1	News	NaN	0.3313
718	719	en	kik	challenge_SSA-MTE	hyp1	News	NaN	0.4471
719	720	en	kik	challenge_SSA-MTE	hyp1	News	NaN	0.3003
720	721	en	kik	challenge_SSA-MTE	hyp1	News	NaN	0.4696
721	722	en	kik	challenge_SSA-MTE	hyp1	News	NaN	0.3356
722	723	en	kik	challenge_SSA-MTE	hyp1	News	NaN	0.3294
723	724	en	kik	challenge_SSA-MTE	hyp1	News	NaN	0.2933
724	725	en	kik	challenge_SSA-MTE	hyp1	News	NaN	0.2734
725	726	en	kik	challenge_SSA-MTE	hyp1	News	NaN	0.3439
726	727	en	kik	challenge_SSA-MTE	hyp1	News	NaN	0.3361
727	728	en	kik	challenge_SSA-MTE	hyp1	News	NaN	0.2765
728	729	en	kik	challenge_SSA-MTE	hyp1	News	NaN	0.3239
729	730	en	kik	challenge_SSA-MTE	hyp1	News	NaN	0.3571
730	731	en	kik	challenge_SSA-MTE	hyp1	News	NaN	0.3391
731	732	en	kik	challenge_SSA-MTE	hyp1	News	NaN	0.2830
732	733	en	kik	challenge_SSA-MTE	hyp1	News	NaN	0.3261
733	734	en	kik	challenge_SSA-MTE	hyp1	News	NaN	0.3728
734	735	en	kik	challenge_SSA-MTE	hyp1	News	NaN	0.3606
735	736	en	kik	challenge_SSA-MTE	hyp1	News	NaN	0.3865
736	737	en	kik	challenge_SSA-MTE	hyp1	News	NaN	0.3100
737	738	en	kik	challenge_SSA-MTE	hyp1	News	NaN	0.4071
738	739	en	kik	challenge_SSA-MTE	hyp1	News	NaN	0.4281
739	740	en	kik	challenge_SSA-MTE	hyp1	News	NaN	0.4272
740	741	en	kik	challenge_SSA-MTE	hyp1	News	NaN	0.3518
741	742	en	kik	challenge_SSA-MTE	hyp1	News	NaN	0.3142
742	743	en	kik	challenge_SSA-MTE	hyp1	News	NaN	0.3777
743	744	en	kik	challenge_SSA-MTE	hyp1	News	NaN	0.3713
744	745	en	kik	challenge_SSA-MTE	hyp1	News	NaN	0.2530
745	746	en	kik	challenge_SSA-MTE	hyp1	News	NaN	0.3216
746	747	en	kik	challenge_SSA-MTE	hyp1	News	NaN	0.2700
747	748	en	kik	challenge_SSA-MTE	hyp1	News	NaN	0.2732
748	749	en	kik	challenge_SSA-MTE	hyp1	News	NaN	0.3610
749	750	en	kik	challenge_SSA-MTE	hyp1	News	NaN	0.3406
750	751	en	kik	challenge_SSA-MTE	hyp1	News	NaN	0.2839
751	752	en	kik	challenge_SSA-MTE	hyp1	News	NaN	0.3264
752	753	en	kik	challenge_SSA-MTE	hyp1	News	NaN	0.4745
753	754	en	kik	challenge_SSA-MTE	hyp1	News	NaN	0.4001
754	755	en	kik	challenge_SSA-MTE	hyp1	News	NaN	0.4159
755	756	en	kik	challenge_SSA-MTE	hyp1	News	NaN	0.4579
756	757	en	kik	challenge_SSA-MTE	hyp1	News	NaN	0.4217
757	758	en	kik	challenge_SSA-MTE	hyp1	News	NaN	0.4733
758	759	en	kik	challenge_SSA-MTE	hyp1	News	NaN	0.3454
759	760	en	kik	challenge_SSA-MTE	hyp1	News	NaN	0.4234
760	761	en	kik	challenge_SSA-MTE	hyp1	News	NaN	0.3845
761	762	en	kik	challenge_SSA-MTE	hyp1	News	NaN	0.4241
762	763	en	kik	challenge_SSA-MTE	hyp1	News	NaN	0.3173
763	764	en	kik	challenge_SSA-MTE	hyp1	News	NaN	0.3339
764	765	en	kik	challenge_SSA-MTE	hyp1	News	NaN	0.3464
765	766	en	kik	challenge_SSA-MTE	hyp1	News	NaN	0.3412
766	767	en	kik	challenge_SSA-MTE	hyp1	News	NaN	0.3535
767	768	en	kik	challenge_SSA-MTE	hyp1	News	NaN	0.4027
768	769	en	kik	challenge_SSA-MTE	hyp1	News	NaN	0.4369
769	770	en	kik	challenge_SSA-MTE	hyp1	News	NaN	0.2190
770	771	en	kik	challenge_SSA-MTE	hyp1	News	NaN	0.2453
771	772	en	kik	challenge_SSA-MTE	hyp1	News	NaN	0.3346
772	773	en	kik	challenge_SSA-MTE	hyp1	News	NaN	0.2860
773	774	en	kik	challenge_SSA-MTE	hyp1	News	NaN	0.2659
774	775	en	kik	challenge_SSA-MTE	hyp1	News	NaN	0.3589
775	776	en	kik	challenge_SSA-MTE	hyp1	News	NaN	0.3247
776	777	en	kik	challenge_SSA-MTE	hyp1	News	NaN	0.4180
777	778	en	kik	challenge_SSA-MTE	hyp1	News	NaN	0.4016
778	779	en	kik	challenge_SSA-MTE	hyp1	News	NaN	0.2792
779	780	en	kik	challenge_SSA-MTE	hyp1	News	NaN	0.4308
780	781	en	kik	challenge_SSA-MTE	hyp1	News	NaN	0.3990
781	782	en	kik	challenge_SSA-MTE	hyp1	News	NaN	0.2641
782	783	en	kik	challenge_SSA-MTE	hyp1	News	NaN	0.2777
783	784	en	kik	challenge_SSA-MTE	hyp1	News	NaN	0.3284
784	785	en	kik	challenge_SSA-MTE	hyp1	News	NaN	0.3345
785	786	en	kik	challenge_SSA-MTE	hyp1	News	NaN	0.3376
786	787	en	kik	challenge_SSA-MTE	hyp1	News	NaN	0.3004
787	788	en	kik	challenge_SSA-MTE	hyp1	News	NaN	0.3233
788	789	en	kik	challenge_SSA-MTE	hyp1	News	NaN	0.3684
789	790	en	kik	challenge_SSA-MTE	hyp1	News	NaN	0.4411
790	791	en	kik	challenge_SSA-MTE	hyp1	News	NaN	0.2588
791	792	en	kik	challenge_SSA-MTE	hyp1	News	NaN	0.3628
792	793	en	kik	challenge_SSA-MTE	hyp1	News	NaN	0.2397
793	794	en	kik	challenge_SSA-MTE	hyp1	News	NaN	0.2383
794	795	en	kik	challenge_SSA-MTE	hyp1	News	NaN	0.3090
795	796	en	kik	challenge_SSA-MTE	hyp1	News	NaN	0.2670
796	797	en	kik	challenge_SSA-MTE	hyp1	News	NaN	0.3914
797	798	en	kik	challenge_SSA-MTE	hyp1	News	NaN	0.4146
798	799	en	kik	challenge_SSA-MTE	hyp1	News	NaN	0.3956
799	800	en	kik	challenge_SSA-MTE	hyp1	News	NaN	0.2497
800	801	en	kik	challenge_SSA-MTE	hyp1	News	NaN	0.2571
801	802	en	kik	challenge_SSA-MTE	hyp1	News	NaN	0.3543
802	803	en	kik	challenge_SSA-MTE	hyp1	News	NaN	0.3913
803	804	en	kik	challenge_SSA-MTE	hyp1	News	NaN	0.3531
804	805	en	kik	challenge_SSA-MTE	hyp1	News	NaN	0.3924
805	806	en	kik	challenge_SSA-MTE	hyp1	News	NaN	0.3274
806	807	en	kik	challenge_SSA-MTE	hyp1	News	NaN	0.4176
807	808	en	kik	challenge_SSA-MTE	hyp1	News	NaN	0.3722
808	809	en	kik	challenge_SSA-MTE	hyp1	News	NaN	0.2959
809	810	en	kik	challenge_SSA-MTE	hyp1	News	NaN	0.2280
810	811	en	kik	challenge_SSA-MTE	hyp1	News	NaN	0.3000
811	812	en	kik	challenge_SSA-MTE	hyp1	News	NaN	0.3124
812	813	en	kik	challenge_SSA-MTE	hyp1	News	NaN	0.2911
813	814	en	kik	challenge_SSA-MTE	hyp1	News	NaN	0.3666
814	815	en	kik	challenge_SSA-MTE	hyp1	News	NaN	0.3408
815	816	en	kik	challenge_SSA-MTE	hyp1	News	NaN	0.3505
816	817	en	kik	challenge_SSA-MTE	hyp1	News	NaN	0.4069
817	818	en	kik	challenge_SSA-MTE	hyp1	News	NaN	0.3808
818	819	en	kik	challenge_SSA-MTE	hyp1	News	NaN	0.3529
819	820	en	kik	challenge_SSA-MTE	hyp1	News	NaN	0.3321
820	821	en	kik	challenge_SSA-MTE	hyp1	News	NaN	0.3242
821	822	en	kik	challenge_SSA-MTE	hyp1	News	NaN	0.3352
822	823	en	kik	challenge_SSA-MTE	hyp1	News	NaN	0.3637
823	824	en	kik	challenge_SSA-MTE	hyp1	News	NaN	0.3993
824	825	en	kik	challenge_SSA-MTE	hyp1	News	NaN	0.3079
825	826	en	kik	challenge_SSA-MTE	hyp1	News	NaN	0.3477
826	827	en	kik	challenge_SSA-MTE	hyp1	News	NaN	0.3193
827	828	en	kik	challenge_SSA-MTE	hyp1	News	NaN	0.3515
828	829	en	kik	challenge_SSA-MTE	hyp1	News	NaN	0.4138
829	830	en	kik	challenge_SSA-MTE	hyp1	News	NaN	0.4092
830	831	en	kik	challenge_SSA-MTE	hyp1	News	NaN	0.2868
831	832	en	kik	challenge_SSA-MTE	hyp1	News	NaN	0.3745
832	833	en	kik	challenge_SSA-MTE	hyp1	News	NaN	0.3414
833	834	en	kik	challenge_SSA-MTE	hyp1	News	NaN	0.3522
834	835	en	kik	challenge_SSA-MTE	hyp1	News	NaN	0.3805
835	836	en	kik	challenge_SSA-MTE	hyp1	News	NaN	0.2423
836	837	en	kik	challenge_SSA-MTE	hyp1	News	NaN	0.3980
837	838	en	kik	challenge_SSA-MTE	hyp1	News	NaN	0.3705
838	839	en	kik	challenge_SSA-MTE	hyp1	News	NaN	0.3301
839	840	en	kik	challenge_SSA-MTE	hyp1	News	NaN	0.4031
840	841	en	kik	challenge_SSA-MTE	hyp1	News	NaN	0.3663
841	842	en	kik	challenge_SSA-MTE	hyp1	News	NaN	0.4328
842	843	en	kik	challenge_SSA-MTE	hyp1	News	NaN	0.3912
843	844	en	kik	challenge_SSA-MTE	hyp1	News	NaN	0.3583
844	845	en	kik	challenge_SSA-MTE	hyp1	News	NaN	0.3773
845	846	en	kik	challenge_SSA-MTE	hyp1	News	NaN	0.1934
846	847	en	kik	challenge_SSA-MTE	hyp1	News	NaN	0.3282
847	848	en	kik	challenge_SSA-MTE	hyp1	News	NaN	0.3718
848	849	en	kik	challenge_SSA-MTE	hyp1	News	NaN	0.3524
849	850	en	kik	challenge_SSA-MTE	hyp1	News	NaN	0.3415
850	851	en	kik	challenge_SSA-MTE	hyp1	News	NaN	0.1980
851	852	en	kik	challenge_SSA-MTE	hyp1	News	NaN	0.3174
852	853	en	kik	challenge_SSA-MTE	hyp1	News	NaN	0.3469
853	854	en	kik	challenge_SSA-MTE	hyp1	News	NaN	0.4085
854	855	en	kik	challenge_SSA-MTE	hyp1	News	NaN	0.3458
855	856	en	kik	challenge_SSA-MTE	hyp1	News	NaN	0.2853
856	857	en	kik	challenge_SSA-MTE	hyp1	News	NaN	0.4183
857	858	en	kik	challenge_SSA-MTE	hyp1	News	NaN	0.4855
858	859	en	kik	challenge_SSA-MTE	hyp1	News	NaN	0.4523
859	860	en	kik	challenge_SSA-MTE	hyp1	News	NaN	0.2153
860	861	en	kik	challenge_SSA-MTE	hyp1	News	NaN	0.3023
861	862	en	kik	challenge_SSA-MTE	hyp1	News	NaN	0.5251
862	863	en	kik	challenge_SSA-MTE	hyp1	News	NaN	0.3808
863	864	en	kik	challenge_SSA-MTE	hyp1	News	NaN	0.3433
864	865	en	kik	challenge_SSA-MTE	hyp1	News	NaN	0.3422
865	866	en	kik	challenge_SSA-MTE	hyp1	News	NaN	0.4064
866	867	en	kik	challenge_SSA-MTE	hyp1	News	NaN	0.4005
867	868	en	kik	challenge_SSA-MTE	hyp1	News	NaN	0.3721
868	869	en	kik	challenge_SSA-MTE	hyp1	News	NaN	0.3778
869	870	en	kik	challenge_SSA-MTE	hyp1	News	NaN	0.3779
870	871	en	kik	challenge_SSA-MTE	hyp1	News	NaN	0.3389
871	872	en	kik	challenge_SSA-MTE	hyp1	News	NaN	0.3880
872	873	en	kik	challenge_SSA-MTE	hyp1	News	NaN	0.4069
873	874	en	kik	challenge_SSA-MTE	hyp1	News	NaN	0.3253
874	875	en	kik	challenge_SSA-MTE	hyp1	News	NaN	0.3451
875	876	en	kik	challenge_SSA-MTE	hyp1	News	NaN	0.4084
876	877	en	kik	challenge_SSA-MTE	hyp1	News	NaN	0.4732
877	878	en	kik	challenge_SSA-MTE	hyp1	News	NaN	0.3598
878	879	en	kik	challenge_SSA-MTE	hyp1	News	NaN	0.3733
879	880	en	kik	challenge_SSA-MTE	hyp1	News	NaN	0.4056
880	881	en	kik	challenge_SSA-MTE	hyp1	News	NaN	0.2708
881	882	en	kik	challenge_SSA-MTE	hyp1	News	NaN	0.3873
882	883	en	kik	challenge_SSA-MTE	hyp1	News	NaN	0.4217
883	884	en	kik	challenge_SSA-MTE	hyp1	News	NaN	0.4217
884	885	en	kik	challenge_SSA-MTE	hyp1	News	NaN	0.3680
885	886	en	kik	challenge_SSA-MTE	hyp1	News	NaN	0.3721
886	887	en	kik	challenge_SSA-MTE	hyp1	News	NaN	0.4238
887	888	en	kik	challenge_SSA-MTE	hyp1	News	NaN	0.3205
888	889	en	kik	challenge_SSA-MTE	hyp1	News	NaN	0.2565
889	890	en	kik	challenge_SSA-MTE	hyp1	News	NaN	0.2586
890	891	en	kik	challenge_SSA-MTE	hyp1	News	NaN	0.3510
891	892	en	kik	challenge_SSA-MTE	hyp1	News	NaN	0.4153
892	893	en	kik	challenge_SSA-MTE	hyp1	News	NaN	0.4763
893	894	en	kik	challenge_SSA-MTE	hyp1	News	NaN	0.4025
894	895	en	kik	challenge_SSA-MTE	hyp1	News	NaN	0.2883
895	896	en	kik	challenge_SSA-MTE	hyp1	News	NaN	0.3387
896	897	en	kik	challenge_SSA-MTE	hyp1	News	NaN	0.4166
897	898	en	kik	challenge_SSA-MTE	hyp1	News	NaN	0.2700
898	899	en	kik	challenge_SSA-MTE	hyp1	News	NaN	0.2731
899	900	en	kik	challenge_SSA-MTE	hyp1	News	NaN	0.2418
900	901	en	kik	challenge_SSA-MTE	hyp1	News	NaN	0.3943
901	902	en	kik	challenge_SSA-MTE	hyp1	News	NaN	0.2570
902	903	en	kik	challenge_SSA-MTE	hyp1	News	NaN	0.3557
903	904	en	kik	challenge_SSA-MTE	hyp1	News	NaN	0.3416
904	905	en	kik	challenge_SSA-MTE	hyp1	News	NaN	0.3002
905	906	en	kik	challenge_SSA-MTE	hyp1	News	NaN	0.3346
906	907	en	kik	challenge_SSA-MTE	hyp1	News	NaN	0.3935
907	908	en	kik	challenge_SSA-MTE	hyp1	News	NaN	0.2532
908	909	en	kik	challenge_SSA-MTE	hyp1	News	NaN	0.2828
909	910	en	kik	challenge_SSA-MTE	hyp1	News	NaN	0.2261
910	911	en	kik	challenge_SSA-MTE	hyp1	News	NaN	0.2791
911	912	en	kik	challenge_SSA-MTE	hyp1	News	NaN	0.3284
912	913	en	kik	challenge_SSA-MTE	hyp1	News	NaN	0.3662
913	914	en	kik	challenge_SSA-MTE	hyp1	News	NaN	0.3947
914	915	en	kik	challenge_SSA-MTE	hyp1	News	NaN	0.3247
915	916	en	kik	challenge_SSA-MTE	hyp1	News	NaN	0.4356
916	917	en	kik	challenge_SSA-MTE	hyp1	News	NaN	0.4194
917	918	en	kik	challenge_SSA-MTE	hyp1	News	NaN	0.3016
918	919	en	kik	challenge_SSA-MTE	hyp1	News	NaN	0.2880
919	920	en	kik	challenge_SSA-MTE	hyp1	News	NaN	0.2931
920	921	en	kik	challenge_SSA-MTE	hyp1	News	NaN	0.2568
921	922	en	kik	challenge_SSA-MTE	hyp1	News	NaN	0.2614
922	923	en	kik	challenge_SSA-MTE	hyp1	News	NaN	0.2486
923	924	en	kik	challenge_SSA-MTE	hyp1	News	NaN	0.3455
924	925	en	kik	challenge_SSA-MTE	hyp1	News	NaN	0.3299
925	926	en	kik	challenge_SSA-MTE	hyp1	News	NaN	0.3099
926	927	en	kik	challenge_SSA-MTE	hyp1	News	NaN	0.3482
927	928	en	kik	challenge_SSA-MTE	hyp1	News	NaN	0.3519
928	929	en	kik	challenge_SSA-MTE	hyp1	News	NaN	0.4129
929	930	en	kik	challenge_SSA-MTE	hyp1	News	NaN	0.3395
930	931	en	kik	challenge_SSA-MTE	hyp1	News	NaN	0.4510
931	932	en	kik	challenge_SSA-MTE	hyp1	News	NaN	0.4005
932	933	en	kik	challenge_SSA-MTE	hyp1	News	NaN	0.3019
933	934	en	kik	challenge_SSA-MTE	hyp1	News	NaN	0.3350
934	935	en	kik	challenge_SSA-MTE	hyp1	News	NaN	0.2449
935	936	en	kik	challenge_SSA-MTE	hyp1	News	NaN	0.3319
936	937	en	kik	challenge_SSA-MTE	hyp1	News	NaN	0.3258
937	938	en	kik	challenge_SSA-MTE	hyp1	News	NaN	0.2591
938	939	en	kik	challenge_SSA-MTE	hyp1	News	NaN	0.2632
939	940	en	kik	challenge_SSA-MTE	hyp1	News	NaN	0.2823
940	941	en	kik	challenge_SSA-MTE	hyp1	News	NaN	0.3179
941	942	en	kik	challenge_SSA-MTE	hyp1	News	NaN	0.3977
942	943	en	kik	challenge_SSA-MTE	hyp1	News	NaN	0.2776
943	944	en	kik	challenge_SSA-MTE	hyp1	News	NaN	0.3114
944	945	en	kik	challenge_SSA-MTE	hyp1	News	NaN	0.3167
945	946	en	kik	challenge_SSA-MTE	hyp1	News	NaN	0.2900
946	947	en	kik	challenge_SSA-MTE	hyp1	News	NaN	0.2997
947	948	en	kik	challenge_SSA-MTE	hyp1	News	NaN	0.2995
948	949	en	kik	challenge_SSA-MTE	hyp1	News	NaN	0.2404
949	950	en	kik	challenge_SSA-MTE	hyp1	News	NaN	0.2380
950	951	en	kik	challenge_SSA-MTE	hyp1	News	NaN	0.3199
951	952	en	kik	challenge_SSA-MTE	hyp1	News	NaN	0.3845
952	953	en	kik	challenge_SSA-MTE	hyp1	News	NaN	0.3395
953	954	en	kik	challenge_SSA-MTE	hyp1	News	NaN	0.3776
954	955	en	kik	challenge_SSA-MTE	hyp1	News	NaN	0.2909
955	956	en	kik	challenge_SSA-MTE	hyp1	News	NaN	0.3181
956	957	en	kik	challenge_SSA-MTE	hyp1	News	NaN	0.3530
957	958	en	kik	challenge_SSA-MTE	hyp1	News	NaN	0.2785
958	959	en	kik	challenge_SSA-MTE	hyp1	News	NaN	0.2625
959	960	en	kik	challenge_SSA-MTE	hyp1	News	NaN	0.3798
960	961	en	kik	challenge_SSA-MTE	hyp1	News	NaN	0.3945
961	962	en	kik	challenge_SSA-MTE	hyp1	News	NaN	0.3970
962	963	en	kik	challenge_SSA-MTE	hyp1	News	NaN	0.2121
963	964	en	kik	challenge_SSA-MTE	hyp1	News	NaN	0.2828
964	965	en	kik	challenge_SSA-MTE	hyp1	News	NaN	0.3595
965	966	en	kik	challenge_SSA-MTE	hyp1	News	NaN	0.3847
966	967	en	kik	challenge_SSA-MTE	hyp1	News	NaN	0.3091
967	968	en	kik	challenge_SSA-MTE	hyp1	News	NaN	0.3748
968	969	en	kik	challenge_SSA-MTE	hyp1	News	NaN	0.3131
969	970	en	kik	challenge_SSA-MTE	hyp1	News	NaN	0.4157
970	971	en	kik	challenge_SSA-MTE	hyp1	News	NaN	0.4201
971	972	en	kik	challenge_SSA-MTE	hyp1	News	NaN	0.3936
972	973	en	kik	challenge_SSA-MTE	hyp1	News	NaN	0.3873
973	974	en	kik	challenge_SSA-MTE	hyp1	News	NaN	0.2252
974	975	en	kik	challenge_SSA-MTE	hyp1	News	NaN	0.3670
975	976	en	kik	challenge_SSA-MTE	hyp1	News	NaN	0.3498
976	977	en	kik	challenge_SSA-MTE	hyp1	News	NaN	0.3033
977	978	en	kik	challenge_SSA-MTE	hyp1	News	NaN	0.3172
978	979	en	kik	challenge_SSA-MTE	hyp1	News	NaN	0.1892
979	980	en	kik	challenge_SSA-MTE	hyp1	News	NaN	0.3971
980	981	en	kik	challenge_SSA-MTE	hyp1	News	NaN	0.4172
981	982	en	kik	challenge_SSA-MTE	hyp1	News	NaN	0.3305
982	983	en	kik	challenge_SSA-MTE	hyp1	News	NaN	0.2199
983	984	en	kik	challenge_SSA-MTE	hyp1	News	NaN	0.3273
984	985	en	kik	challenge_SSA-MTE	hyp1	News	NaN	0.3539
985	986	en	kik	challenge_SSA-MTE	hyp1	News	NaN	0.3845
986	987	en	kik	challenge_SSA-MTE	hyp1	News	NaN	0.4196
987	988	en	kik	challenge_SSA-MTE	hyp1	News	NaN	0.3218
988	989	en	kik	challenge_SSA-MTE	hyp1	News	NaN	0.3665
989	990	en	kik	challenge_SSA-MTE	hyp1	News	NaN	0.3636
990	991	en	kik	challenge_SSA-MTE	hyp1	News	NaN	0.4196
991	992	en	kik	challenge_SSA-MTE	hyp1	News	NaN	0.2260
992	993	en	kik	challenge_SSA-MTE	hyp1	News	NaN	0.3283
993	994	en	kik	challenge_SSA-MTE	hyp1	News	NaN	0.2922
994	995	en	kik	challenge_SSA-MTE	hyp1	News	NaN	0.3601
995	996	en	kik	challenge_SSA-MTE	hyp1	News	NaN	0.2635
996	997	en	kik	challenge_SSA-MTE	hyp1	News	NaN	0.2508
997	998	en	kik	challenge_SSA-MTE	hyp1	News	NaN	0.2861
998	999	en	kik	challenge_SSA-MTE	hyp1	News	NaN	0.3089
999	1000	en	kik	challenge_SSA-MTE	hyp1	News	NaN	0.3081
1000	1001	en	kik	challenge_SSA-MTE	hyp1	News	NaN	0.4161
1001	1002	en	kik	challenge_SSA-MTE	hyp1	News	NaN	0.3874
1002	1003	en	kik	challenge_SSA-MTE	hyp1	News	NaN	0.2269
1003	1004	en	kik	challenge_SSA-MTE	hyp1	News	NaN	0.3598
1004	1005	en	kik	challenge_SSA-MTE	hyp1	News	NaN	0.3514
1005	1006	en	kik	challenge_SSA-MTE	hyp1	News	NaN	0.3688
1006	1007	en	kik	challenge_SSA-MTE	hyp1	News	NaN	0.2948
1007	1008	en	kik	challenge_SSA-MTE	hyp1	News	NaN	0.2029
1008	1009	en	kik	challenge_SSA-MTE	hyp1	News	NaN	0.3549
1009	1010	en	kik	challenge_SSA-MTE	hyp1	News	NaN	0.4408
1010	1011	en	kik	challenge_SSA-MTE	hyp1	News	NaN	0.3888
1011	1012	en	kik	challenge_SSA-MTE	hyp1	News	NaN	0.3578
1012	1013	en	kik	challenge_SSA-MTE	hyp1	News	NaN	0.2790
1013	1014	en	kik	challenge_SSA-MTE	hyp1	News	NaN	0.3219
1014	1015	en	kik	challenge_SSA-MTE	hyp1	News	NaN	0.3831
1015	1016	en	kik	challenge_SSA-MTE	hyp1	News	NaN	0.2963
1016	1017	en	kik	challenge_SSA-MTE	hyp1	News	NaN	0.3233
1017	1018	en	kik	challenge_SSA-MTE	hyp1	News	NaN	0.3048
1018	1019	en	kik	challenge_SSA-MTE	hyp1	News	NaN	0.3479
1019	1020	en	kik	challenge_SSA-MTE	hyp1	News	NaN	0.3357
1020	1021	en	kik	challenge_SSA-MTE	hyp1	News	NaN	0.2763
1021	1022	en	kik	challenge_SSA-MTE	hyp1	News	NaN	0.3501
1022	1023	en	kik	challenge_SSA-MTE	hyp1	News	NaN	0.2836
1023	1024	en	kik	challenge_SSA-MTE	hyp1	News	NaN	0.2962
1024	1025	en	kik	challenge_SSA-MTE	hyp1	News	NaN	0.4425
1025	1026	en	kik	challenge_SSA-MTE	hyp1	News	NaN	0.3393
1026	1027	en	kik	challenge_SSA-MTE	hyp1	News	NaN	0.3718
1027	1028	en	kik	challenge_SSA-MTE	hyp1	News	NaN	0.3196
1028	1029	en	kik	challenge_SSA-MTE	hyp1	News	NaN	0.3797
1029	1030	en	kik	challenge_SSA-MTE	hyp1	News	NaN	0.4053
1030	1031	en	kik	challenge_SSA-MTE	hyp1	News	NaN	0.3404
1031	1032	en	kik	challenge_SSA-MTE	hyp1	News	NaN	0.3637
1032	1033	en	kik	challenge_SSA-MTE	hyp1	News	NaN	0.2236
1033	1034	en	kik	challenge_SSA-MTE	hyp1	News	NaN	0.3590
1034	1035	en	kik	challenge_SSA-MTE	hyp1	News	NaN	0.3888
1035	1036	en	kik	challenge_SSA-MTE	hyp1	News	NaN	0.3736
1036	1037	en	kik	challenge_SSA-MTE	hyp1	News	NaN	0.3541
1037	1038	en	kik	challenge_SSA-MTE	hyp1	News	NaN	0.4046
1038	1039	en	kik	challenge_SSA-MTE	hyp1	News	NaN	0.3240
1039	1040	en	kik	challenge_SSA-MTE	hyp1	News	NaN	0.4180
1040	1041	en	kik	challenge_SSA-MTE	hyp1	News	NaN	0.4853
1041	1042	en	kik	challenge_SSA-MTE	hyp1	News	NaN	0.3882
1042	1043	en	kik	challenge_SSA-MTE	hyp1	News	NaN	0.2826
1043	1044	en	kik	challenge_SSA-MTE	hyp1	News	NaN	0.3581
1044	1045	en	kik	challenge_SSA-MTE	hyp1	News	NaN	0.3564
1045	1046	en	kik	challenge_SSA-MTE	hyp1	News	NaN	0.4022
1046	1047	en	kik	challenge_SSA-MTE	hyp1	News	NaN	0.2741
1047	1048	en	kik	challenge_SSA-MTE	hyp1	News	NaN	0.2486
1048	1049	en	kik	challenge_SSA-MTE	hyp1	News	NaN	0.4339
1049	1050	en	kik	challenge_SSA-MTE	hyp1	News	NaN	0.3574
1050	1051	en	kik	challenge_SSA-MTE	hyp1	News	NaN	0.3600
1051	1052	en	kik	challenge_SSA-MTE	hyp1	News	NaN	0.3728
1052	1053	en	kik	challenge_SSA-MTE	hyp1	News	NaN	0.3715
1053	1054	en	kik	challenge_SSA-MTE	hyp1	News	NaN	0.3614
1054	1055	en	kik	challenge_SSA-MTE	hyp1	News	NaN	0.3294
1055	1056	en	kik	challenge_SSA-MTE	hyp1	News	NaN	0.4616
1056	1057	en	kik	challenge_SSA-MTE	hyp1	News	NaN	0.3480
1057	1058	en	kik	challenge_SSA-MTE	hyp1	News	NaN	0.3468
1058	1059	en	kik	challenge_SSA-MTE	hyp1	News	NaN	0.3659
1059	1060	en	kik	challenge_SSA-MTE	hyp1	News	NaN	0.3637
1060	1061	en	kik	challenge_SSA-MTE	hyp1	News	NaN	0.3139
1061	1062	en	kik	challenge_SSA-MTE	hyp1	News	NaN	0.2364
1062	1063	en	kik	challenge_SSA-MTE	hyp1	News	NaN	0.3363
1063	1064	en	kik	challenge_SSA-MTE	hyp1	News	NaN	0.3260
1064	1065	en	kik	challenge_SSA-MTE	hyp1	News	NaN	0.3416
1065	1066	en	kik	challenge_SSA-MTE	hyp1	News	NaN	0.3906
1066	1067	en	kik	challenge_SSA-MTE	hyp1	News	NaN	0.3092
1067	1068	en	kik	challenge_SSA-MTE	hyp1	News	NaN	0.1846
1068	1069	en	kik	challenge_SSA-MTE	hyp1	News	NaN	0.3664
1069	1070	en	kik	challenge_SSA-MTE	hyp1	News	NaN	0.2699
1070	1071	en	kik	challenge_SSA-MTE	hyp1	News	NaN	0.3732
1071	1072	en	kik	challenge_SSA-MTE	hyp1	News	NaN	0.2797
1072	1073	en	kik	challenge_SSA-MTE	hyp1	News	NaN	0.3333
1073	1074	en	kik	challenge_SSA-MTE	hyp1	News	NaN	0.3223
1074	1075	en	kik	challenge_SSA-MTE	hyp1	News	NaN	0.3400
1075	1076	en	kik	challenge_SSA-MTE	hyp1	News	NaN	0.3667
1076	1077	en	kik	challenge_SSA-MTE	hyp1	News	NaN	0.2900
1077	1078	en	kik	challenge_SSA-MTE	hyp1	News	NaN	0.3425
1078	1079	en	kik	challenge_SSA-MTE	hyp1	News	NaN	0.3474
1079	1080	en	kik	challenge_SSA-MTE	hyp1	News	NaN	0.4050
1080	1081	en	kik	challenge_SSA-MTE	hyp1	News	NaN	0.2851
1081	1082	en	kik	challenge_SSA-MTE	hyp1	News	NaN	0.3980
1082	1083	en	kik	challenge_SSA-MTE	hyp1	News	NaN	0.3706
1083	1084	en	kik	challenge_SSA-MTE	hyp1	News	NaN	0.3810
1084	1085	en	kik	challenge_SSA-MTE	hyp1	News	NaN	0.3253
1085	1086	en	kik	challenge_SSA-MTE	hyp1	News	NaN	0.3102
1086	1087	en	kik	challenge_SSA-MTE	hyp1	News	NaN	0.4456
1087	1088	en	kik	challenge_SSA-MTE	hyp1	News	NaN	0.3516
1088	1089	en	kik	challenge_SSA-MTE	hyp1	News	NaN	0.4346
1089	1090	en	kik	challenge_SSA-MTE	hyp1	News	NaN	0.3260
1090	1091	en	kik	challenge_SSA-MTE	hyp1	News	NaN	0.2043
1091	1092	en	kik	challenge_SSA-MTE	hyp1	News	NaN	0.4196
1092	1093	en	kik	challenge_SSA-MTE	hyp1	News	NaN	0.3322
1093	1094	en	kik	challenge_SSA-MTE	hyp1	News	NaN	0.2674
1094	1095	en	kik	challenge_SSA-MTE	hyp1	News	NaN	0.3477
1095	1096	en	kik	challenge_SSA-MTE	hyp1	News	NaN	0.2909
1096	1097	en	kik	challenge_SSA-MTE	hyp1	News	NaN	0.2899
1097	1098	en	kik	challenge_SSA-MTE	hyp1	News	NaN	0.2674
1098	1099	en	kik	challenge_SSA-MTE	hyp1	News	NaN	0.2512
1099	1100	en	kik	challenge_SSA-MTE	hyp1	News	NaN	0.2607
1100	1101	en	kik	challenge_SSA-MTE	hyp1	News	NaN	0.3555
1101	1102	en	kik	challenge_SSA-MTE	hyp1	News	NaN	0.3851
1102	1103	en	kik	challenge_SSA-MTE	hyp1	News	NaN	0.3864
1103	1104	en	kik	challenge_SSA-MTE	hyp1	News	NaN	0.4739
1104	1105	en	kik	challenge_SSA-MTE	hyp1	News	NaN	0.4803
1105	1106	en	kik	challenge_SSA-MTE	hyp1	News	NaN	0.3393
1106	1107	en	kik	challenge_SSA-MTE	hyp1	News	NaN	0.4434
1107	1108	en	kik	challenge_SSA-MTE	hyp1	News	NaN	0.5114
1108	1109	en	kik	challenge_SSA-MTE	hyp1	News	NaN	0.5211
1109	1110	en	kik	challenge_SSA-MTE	hyp1	News	NaN	0.2931
1110	1111	en	kik	challenge_SSA-MTE	hyp1	News	NaN	0.3706
1111	1112	en	kik	challenge_SSA-MTE	hyp1	News	NaN	0.3924
1112	1113	en	kik	challenge_SSA-MTE	hyp1	News	NaN	0.2331
1113	1114	en	kik	challenge_SSA-MTE	hyp1	News	NaN	0.3517
1114	1115	en	kik	challenge_SSA-MTE	hyp1	News	NaN	0.2665
1115	1116	en	kik	challenge_SSA-MTE	hyp1	News	NaN	0.3372
1116	1117	en	kik	challenge_SSA-MTE	hyp1	News	NaN	0.3710
1117	1118	en	kik	challenge_SSA-MTE	hyp1	News	NaN	0.3973
1118	1119	en	kik	challenge_SSA-MTE	hyp1	News	NaN	0.4337
1119	1120	en	kik	challenge_SSA-MTE	hyp1	News	NaN	0.3095
1120	1121	en	kik	challenge_SSA-MTE	hyp1	News	NaN	0.3690
1121	1122	en	kik	challenge_SSA-MTE	hyp1	News	NaN	0.4027
1122	1123	en	kik	challenge_SSA-MTE	hyp1	News	NaN	0.4304
1123	1124	en	kik	challenge_SSA-MTE	hyp1	News	NaN	0.3378
1124	1125	en	kik	challenge_SSA-MTE	hyp1	News	NaN	0.3452
1125	1126	en	kik	challenge_SSA-MTE	hyp1	News	NaN	0.3130
1126	1127	en	kik	challenge_SSA-MTE	hyp1	News	NaN	0.4159
1127	1128	en	kik	challenge_SSA-MTE	hyp1	News	NaN	0.3125
1128	1129	en	kik	challenge_SSA-MTE	hyp1	News	NaN	0.3747
1129	1130	en	kik	challenge_SSA-MTE	hyp1	News	NaN	0.2830
1130	1131	en	kik	challenge_SSA-MTE	hyp1	News	NaN	0.4302
1131	1132	en	kik	challenge_SSA-MTE	hyp1	News	NaN	0.3710
1132	1133	en	kik	challenge_SSA-MTE	hyp1	News	NaN	0.3194
1133	1134	en	kik	challenge_SSA-MTE	hyp1	News	NaN	0.3092
1134	1135	en	kik	challenge_SSA-MTE	hyp1	News	NaN	0.2044
1135	1136	en	kik	challenge_SSA-MTE	hyp1	News	NaN	0.3095
1136	1137	en	kik	challenge_SSA-MTE	hyp1	News	NaN	0.2956
1137	1138	en	kik	challenge_SSA-MTE	hyp1	News	NaN	0.3027
1138	1139	en	kik	challenge_SSA-MTE	hyp1	News	NaN	0.3170
1139	1140	en	kik	challenge_SSA-MTE	hyp1	News	NaN	0.2716
1140	1141	en	kik	challenge_SSA-MTE	hyp1	News	NaN	0.2995
1141	1142	en	kik	challenge_SSA-MTE	hyp1	News	NaN	0.3257
1142	1143	en	kik	challenge_SSA-MTE	hyp1	News	NaN	0.2506
1143	1144	en	kik	challenge_SSA-MTE	hyp1	News	NaN	0.2156
1144	1145	en	kik	challenge_SSA-MTE	hyp1	News	NaN	0.2330
1145	1146	en	kik	challenge_SSA-MTE	hyp1	News	NaN	0.3498
1146	1147	en	kik	challenge_SSA-MTE	hyp1	News	NaN	0.3871
1147	1148	en	kik	challenge_SSA-MTE	hyp1	News	NaN	0.4812
1148	1149	en	kik	challenge_SSA-MTE	hyp1	News	NaN	0.4017
1149	1150	en	kik	challenge_SSA-MTE	hyp1	News	NaN	0.3060
1150	1151	en	kik	challenge_SSA-MTE	hyp1	News	NaN	0.3273
1151	1152	en	kik	challenge_SSA-MTE	hyp1	News	NaN	0.4699
1152	1153	en	kik	challenge_SSA-MTE	hyp1	News	NaN	0.2270
1153	1154	en	kik	challenge_SSA-MTE	hyp1	News	NaN	0.2750
1154	1155	en	kik	challenge_SSA-MTE	hyp1	News	NaN	0.2889
1155	1156	en	kik	challenge_SSA-MTE	hyp1	News	NaN	0.2646
1156	1157	en	kik	challenge_SSA-MTE	hyp1	News	NaN	0.3743
1157	1158	en	kik	challenge_SSA-MTE	hyp1	News	NaN	0.3707
1158	1159	en	kik	challenge_SSA-MTE	hyp1	News	NaN	0.3895
1159	1160	en	kik	challenge_SSA-MTE	hyp1	News	NaN	0.3328
1160	1161	en	kik	challenge_SSA-MTE	hyp1	News	NaN	0.3774
1161	1162	en	kik	challenge_SSA-MTE	hyp1	News	NaN	0.3512
1162	1163	en	kik	challenge_SSA-MTE	hyp1	News	NaN	0.3914
1163	1164	en	kik	challenge_SSA-MTE	hyp1	News	NaN	0.3087
1164	1165	en	kik	challenge_SSA-MTE	hyp1	News	NaN	0.2453
1165	1166	en	kik	challenge_SSA-MTE	hyp1	News	NaN	0.2289
1166	1167	en	kik	challenge_SSA-MTE	hyp1	News	NaN	0.3527
1167	1168	en	kik	challenge_SSA-MTE	hyp1	News	NaN	0.3135
1168	1169	en	kik	challenge_SSA-MTE	hyp1	News	NaN	0.3187
1169	1170	en	kik	challenge_SSA-MTE	hyp1	News	NaN	0.3039
1170	1171	en	kik	challenge_SSA-MTE	hyp1	News	NaN	0.3151
1171	1172	en	kik	challenge_SSA-MTE	hyp1	News	NaN	0.4226
0	1	en	kin	challenge_SSA-MTE	hyp1	News	NaN	0.5604
1	2	en	kin	challenge_SSA-MTE	hyp1	News	NaN	0.4888
2	3	en	kin	challenge_SSA-MTE	hyp1	News	NaN	0.3961
3	4	en	kin	challenge_SSA-MTE	hyp1	News	NaN	0.4223
4	5	en	kin	challenge_SSA-MTE	hyp1	News	NaN	0.5187
5	6	en	kin	challenge_SSA-MTE	hyp1	News	NaN	0.5017
6	7	en	kin	challenge_SSA-MTE	hyp1	News	NaN	0.3848
7	8	en	kin	challenge_SSA-MTE	hyp1	News	NaN	0.4130
8	9	en	kin	challenge_SSA-MTE	hyp1	News	NaN	0.4237
9	10	en	kin	challenge_SSA-MTE	hyp1	News	NaN	0.4435
10	11	en	kin	challenge_SSA-MTE	hyp1	News	NaN	0.4463
11	12	en	kin	challenge_SSA-MTE	hyp1	News	NaN	0.3890
12	13	en	kin	challenge_SSA-MTE	hyp1	News	NaN	0.4901
13	14	en	kin	challenge_SSA-MTE	hyp1	News	NaN	0.4809
14	15	en	kin	challenge_SSA-MTE	hyp1	News	NaN	0.4289
15	16	en	kin	challenge_SSA-MTE	hyp1	News	NaN	0.4928
16	17	en	kin	challenge_SSA-MTE	hyp1	News	NaN	0.4646
17	18	en	kin	challenge_SSA-MTE	hyp1	News	NaN	0.4837
18	19	en	kin	challenge_SSA-MTE	hyp1	News	NaN	0.4025
19	20	en	kin	challenge_SSA-MTE	hyp1	News	NaN	0.4200
20	21	en	kin	challenge_SSA-MTE	hyp1	News	NaN	0.3995
21	22	en	kin	challenge_SSA-MTE	hyp1	News	NaN	0.3999
22	23	en	kin	challenge_SSA-MTE	hyp1	News	NaN	0.4035
23	24	en	kin	challenge_SSA-MTE	hyp1	News	NaN	0.3712
24	25	en	kin	challenge_SSA-MTE	hyp1	News	NaN	0.5052
25	26	en	kin	challenge_SSA-MTE	hyp1	News	NaN	0.4769
26	27	en	kin	challenge_SSA-MTE	hyp1	News	NaN	0.4134
27	28	en	kin	challenge_SSA-MTE	hyp1	News	NaN	0.4747
28	29	en	kin	challenge_SSA-MTE	hyp1	News	NaN	0.3664
29	30	en	kin	challenge_SSA-MTE	hyp1	News	NaN	0.5625
30	31	en	kin	challenge_SSA-MTE	hyp1	News	NaN	0.4480
31	32	en	kin	challenge_SSA-MTE	hyp1	News	NaN	0.4287
32	33	en	kin	challenge_SSA-MTE	hyp1	News	NaN	0.3070
33	34	en	kin	challenge_SSA-MTE	hyp1	News	NaN	0.3876
34	35	en	kin	challenge_SSA-MTE	hyp1	News	NaN	0.3520
35	36	en	kin	challenge_SSA-MTE	hyp1	News	NaN	0.4369
36	37	en	kin	challenge_SSA-MTE	hyp1	News	NaN	0.4553
37	38	en	kin	challenge_SSA-MTE	hyp1	News	NaN	0.4738
38	39	en	kin	challenge_SSA-MTE	hyp1	News	NaN	0.2397
39	40	en	kin	challenge_SSA-MTE	hyp1	News	NaN	0.4095
40	41	en	kin	challenge_SSA-MTE	hyp1	News	NaN	0.4588
41	42	en	kin	challenge_SSA-MTE	hyp1	News	NaN	0.3979
42	43	en	kin	challenge_SSA-MTE	hyp1	News	NaN	0.6360
43	44	en	kin	challenge_SSA-MTE	hyp1	News	NaN	0.5619
44	45	en	kin	challenge_SSA-MTE	hyp1	News	NaN	0.5444
45	46	en	kin	challenge_SSA-MTE	hyp1	News	NaN	0.5757
46	47	en	kin	challenge_SSA-MTE	hyp1	News	NaN	0.6899
47	48	en	kin	challenge_SSA-MTE	hyp1	News	NaN	0.7712
48	49	en	kin	challenge_SSA-MTE	hyp1	News	NaN	0.5857
49	50	en	kin	challenge_SSA-MTE	hyp1	News	NaN	0.3933
50	51	en	kin	challenge_SSA-MTE	hyp1	News	NaN	0.3479
51	52	en	kin	challenge_SSA-MTE	hyp1	News	NaN	0.4103
52	53	en	kin	challenge_SSA-MTE	hyp1	News	NaN	0.5117
53	54	en	kin	challenge_SSA-MTE	hyp1	News	NaN	0.4870
54	55	en	kin	challenge_SSA-MTE	hyp1	News	NaN	0.4262
55	56	en	kin	challenge_SSA-MTE	hyp1	News	NaN	0.4164
56	57	en	kin	challenge_SSA-MTE	hyp1	News	NaN	0.3754
57	58	en	kin	challenge_SSA-MTE	hyp1	News	NaN	0.4570
58	59	en	kin	challenge_SSA-MTE	hyp1	News	NaN	0.4511
59	60	en	kin	challenge_SSA-MTE	hyp1	News	NaN	0.4194
60	61	en	kin	challenge_SSA-MTE	hyp1	News	NaN	0.4986
61	62	en	kin	challenge_SSA-MTE	hyp1	News	NaN	0.4465
62	63	en	kin	challenge_SSA-MTE	hyp1	News	NaN	0.5800
63	64	en	kin	challenge_SSA-MTE	hyp1	News	NaN	0.4479
64	65	en	kin	challenge_SSA-MTE	hyp1	News	NaN	0.5281
65	66	en	kin	challenge_SSA-MTE	hyp1	News	NaN	0.5979
66	67	en	kin	challenge_SSA-MTE	hyp1	News	NaN	0.4856
67	68	en	kin	challenge_SSA-MTE	hyp1	News	NaN	0.5828
68	69	en	kin	challenge_SSA-MTE	hyp1	News	NaN	0.4116
69	70	en	kin	challenge_SSA-MTE	hyp1	News	NaN	0.5054
70	71	en	kin	challenge_SSA-MTE	hyp1	News	NaN	0.5893
71	72	en	kin	challenge_SSA-MTE	hyp1	News	NaN	0.4475
72	73	en	kin	challenge_SSA-MTE	hyp1	News	NaN	0.5895
73	74	en	kin	challenge_SSA-MTE	hyp1	News	NaN	0.7492
74	75	en	kin	challenge_SSA-MTE	hyp1	News	NaN	0.4757
75	76	en	kin	challenge_SSA-MTE	hyp1	News	NaN	0.6426
76	77	en	kin	challenge_SSA-MTE	hyp1	News	NaN	0.5538
77	78	en	kin	challenge_SSA-MTE	hyp1	News	NaN	0.3756
78	79	en	kin	challenge_SSA-MTE	hyp1	News	NaN	0.3754
79	80	en	kin	challenge_SSA-MTE	hyp1	News	NaN	0.3938
80	81	en	kin	challenge_SSA-MTE	hyp1	News	NaN	0.3793
81	82	en	kin	challenge_SSA-MTE	hyp1	News	NaN	0.3879
82	83	en	kin	challenge_SSA-MTE	hyp1	News	NaN	0.3792
83	84	en	kin	challenge_SSA-MTE	hyp1	News	NaN	0.4569
84	85	en	kin	challenge_SSA-MTE	hyp1	News	NaN	0.4068
85	86	en	kin	challenge_SSA-MTE	hyp1	News	NaN	0.4697
86	87	en	kin	challenge_SSA-MTE	hyp1	News	NaN	0.4329
87	88	en	kin	challenge_SSA-MTE	hyp1	News	NaN	0.3786
88	89	en	kin	challenge_SSA-MTE	hyp1	News	NaN	0.4057
89	90	en	kin	challenge_SSA-MTE	hyp1	News	NaN	0.4346
90	91	en	kin	challenge_SSA-MTE	hyp1	News	NaN	0.4071
91	92	en	kin	challenge_SSA-MTE	hyp1	News	NaN	0.4150
92	93	en	kin	challenge_SSA-MTE	hyp1	News	NaN	0.5489
93	94	en	kin	challenge_SSA-MTE	hyp1	News	NaN	0.4463
94	95	en	kin	challenge_SSA-MTE	hyp1	News	NaN	0.4535
95	96	en	kin	challenge_SSA-MTE	hyp1	News	NaN	0.5115
96	97	en	kin	challenge_SSA-MTE	hyp1	News	NaN	0.4371
97	98	en	kin	challenge_SSA-MTE	hyp1	News	NaN	0.2362
98	99	en	kin	challenge_SSA-MTE	hyp1	News	NaN	0.4502
99	100	en	kin	challenge_SSA-MTE	hyp1	News	NaN	0.4445
100	101	en	kin	challenge_SSA-MTE	hyp1	News	NaN	0.4333
101	102	en	kin	challenge_SSA-MTE	hyp1	News	NaN	0.3822
102	103	en	kin	challenge_SSA-MTE	hyp1	News	NaN	0.4543
103	104	en	kin	challenge_SSA-MTE	hyp1	News	NaN	0.5233
104	105	en	kin	challenge_SSA-MTE	hyp1	News	NaN	0.3863
105	106	en	kin	challenge_SSA-MTE	hyp1	News	NaN	0.3925
106	107	en	kin	challenge_SSA-MTE	hyp1	News	NaN	0.4521
107	108	en	kin	challenge_SSA-MTE	hyp1	News	NaN	0.5293
108	109	en	kin	challenge_SSA-MTE	hyp1	News	NaN	0.3449
109	110	en	kin	challenge_SSA-MTE	hyp1	News	NaN	0.5119
110	111	en	kin	challenge_SSA-MTE	hyp1	News	NaN	0.5285
111	112	en	kin	challenge_SSA-MTE	hyp1	News	NaN	0.4070
112	113	en	kin	challenge_SSA-MTE	hyp1	News	NaN	0.5472
113	114	en	kin	challenge_SSA-MTE	hyp1	News	NaN	0.6791
114	115	en	kin	challenge_SSA-MTE	hyp1	News	NaN	0.4643
115	116	en	kin	challenge_SSA-MTE	hyp1	News	NaN	0.7329
116	117	en	kin	challenge_SSA-MTE	hyp1	News	NaN	0.5690
117	118	en	kin	challenge_SSA-MTE	hyp1	News	NaN	0.5730
118	119	en	kin	challenge_SSA-MTE	hyp1	News	NaN	0.4068
119	120	en	kin	challenge_SSA-MTE	hyp1	News	NaN	0.4845
120	121	en	kin	challenge_SSA-MTE	hyp1	News	NaN	0.3885
121	122	en	kin	challenge_SSA-MTE	hyp1	News	NaN	0.3547
122	123	en	kin	challenge_SSA-MTE	hyp1	News	NaN	0.4931
123	124	en	kin	challenge_SSA-MTE	hyp1	News	NaN	0.4333
124	125	en	kin	challenge_SSA-MTE	hyp1	News	NaN	0.4557
125	126	en	kin	challenge_SSA-MTE	hyp1	News	NaN	0.4543
126	127	en	kin	challenge_SSA-MTE	hyp1	News	NaN	0.4988
127	128	en	kin	challenge_SSA-MTE	hyp1	News	NaN	0.4895
128	129	en	kin	challenge_SSA-MTE	hyp1	News	NaN	0.4157
129	130	en	kin	challenge_SSA-MTE	hyp1	News	NaN	0.5064
130	131	en	kin	challenge_SSA-MTE	hyp1	News	NaN	0.3227
131	132	en	kin	challenge_SSA-MTE	hyp1	News	NaN	0.3784
132	133	en	kin	challenge_SSA-MTE	hyp1	News	NaN	0.3403
133	134	en	kin	challenge_SSA-MTE	hyp1	News	NaN	0.4648
134	135	en	kin	challenge_SSA-MTE	hyp1	News	NaN	0.4435
135	136	en	kin	challenge_SSA-MTE	hyp1	News	NaN	0.4406
136	137	en	kin	challenge_SSA-MTE	hyp1	News	NaN	0.6482
137	138	en	kin	challenge_SSA-MTE	hyp1	News	NaN	0.6134
138	139	en	kin	challenge_SSA-MTE	hyp1	News	NaN	0.7078
139	140	en	kin	challenge_SSA-MTE	hyp1	News	NaN	0.6673
140	141	en	kin	challenge_SSA-MTE	hyp1	News	NaN	0.4714
141	142	en	kin	challenge_SSA-MTE	hyp1	News	NaN	0.5431
142	143	en	kin	challenge_SSA-MTE	hyp1	News	NaN	0.4413
143	144	en	kin	challenge_SSA-MTE	hyp1	News	NaN	0.4451
144	145	en	kin	challenge_SSA-MTE	hyp1	News	NaN	0.4364
145	146	en	kin	challenge_SSA-MTE	hyp1	News	NaN	0.3975
146	147	en	kin	challenge_SSA-MTE	hyp1	News	NaN	0.4413
147	148	en	kin	challenge_SSA-MTE	hyp1	News	NaN	0.4489
148	149	en	kin	challenge_SSA-MTE	hyp1	News	NaN	0.3946
149	150	en	kin	challenge_SSA-MTE	hyp1	News	NaN	0.3769
150	151	en	kin	challenge_SSA-MTE	hyp1	News	NaN	0.3458
151	152	en	kin	challenge_SSA-MTE	hyp1	News	NaN	0.4427
152	153	en	kin	challenge_SSA-MTE	hyp1	News	NaN	0.4299
153	154	en	kin	challenge_SSA-MTE	hyp1	News	NaN	0.3928
154	155	en	kin	challenge_SSA-MTE	hyp1	News	NaN	0.3629
155	156	en	kin	challenge_SSA-MTE	hyp1	News	NaN	0.3647
156	157	en	kin	challenge_SSA-MTE	hyp1	News	NaN	0.3585
157	158	en	kin	challenge_SSA-MTE	hyp1	News	NaN	0.3486
158	159	en	kin	challenge_SSA-MTE	hyp1	News	NaN	0.4897
159	160	en	kin	challenge_SSA-MTE	hyp1	News	NaN	0.3630
160	161	en	kin	challenge_SSA-MTE	hyp1	News	NaN	0.3655
161	162	en	kin	challenge_SSA-MTE	hyp1	News	NaN	0.3691
162	163	en	kin	challenge_SSA-MTE	hyp1	News	NaN	0.3700
163	164	en	kin	challenge_SSA-MTE	hyp1	News	NaN	0.4077
164	165	en	kin	challenge_SSA-MTE	hyp1	News	NaN	0.4046
165	166	en	kin	challenge_SSA-MTE	hyp1	News	NaN	0.4325
166	167	en	kin	challenge_SSA-MTE	hyp1	News	NaN	0.4326
167	168	en	kin	challenge_SSA-MTE	hyp1	News	NaN	0.4272
168	169	en	kin	challenge_SSA-MTE	hyp1	News	NaN	0.4316
169	170	en	kin	challenge_SSA-MTE	hyp1	News	NaN	0.4890
170	171	en	kin	challenge_SSA-MTE	hyp1	News	NaN	0.5003
171	172	en	kin	challenge_SSA-MTE	hyp1	News	NaN	0.4888
172	173	en	kin	challenge_SSA-MTE	hyp1	News	NaN	0.3841
173	174	en	kin	challenge_SSA-MTE	hyp1	News	NaN	0.4611
174	175	en	kin	challenge_SSA-MTE	hyp1	News	NaN	0.4988
175	176	en	kin	challenge_SSA-MTE	hyp1	News	NaN	0.4554
176	177	en	kin	challenge_SSA-MTE	hyp1	News	NaN	0.4601
177	178	en	kin	challenge_SSA-MTE	hyp1	News	NaN	0.4883
178	179	en	kin	challenge_SSA-MTE	hyp1	News	NaN	0.4993
179	180	en	kin	challenge_SSA-MTE	hyp1	News	NaN	0.4567
180	181	en	kin	challenge_SSA-MTE	hyp1	News	NaN	0.5948
181	182	en	kin	challenge_SSA-MTE	hyp1	News	NaN	0.4698
182	183	en	kin	challenge_SSA-MTE	hyp1	News	NaN	0.4417
183	184	en	kin	challenge_SSA-MTE	hyp1	News	NaN	0.4971
184	185	en	kin	challenge_SSA-MTE	hyp1	News	NaN	0.4945
185	186	en	kin	challenge_SSA-MTE	hyp1	News	NaN	0.4751
186	187	en	kin	challenge_SSA-MTE	hyp1	News	NaN	0.5560
187	188	en	kin	challenge_SSA-MTE	hyp1	News	NaN	0.4053
188	189	en	kin	challenge_SSA-MTE	hyp1	News	NaN	0.4078
189	190	en	kin	challenge_SSA-MTE	hyp1	News	NaN	0.4142
190	191	en	kin	challenge_SSA-MTE	hyp1	News	NaN	0.4507
191	192	en	kin	challenge_SSA-MTE	hyp1	News	NaN	0.3637
192	193	en	kin	challenge_SSA-MTE	hyp1	News	NaN	0.4300
193	194	en	kin	challenge_SSA-MTE	hyp1	News	NaN	0.4029
194	195	en	kin	challenge_SSA-MTE	hyp1	News	NaN	0.4000
195	196	en	kin	challenge_SSA-MTE	hyp1	News	NaN	0.4108
196	197	en	kin	challenge_SSA-MTE	hyp1	News	NaN	0.4719
197	198	en	kin	challenge_SSA-MTE	hyp1	News	NaN	0.4376
198	199	en	kin	challenge_SSA-MTE	hyp1	News	NaN	0.4196
199	200	en	kin	challenge_SSA-MTE	hyp1	News	NaN	0.4320
200	201	en	kin	challenge_SSA-MTE	hyp1	News	NaN	0.4909
201	202	en	kin	challenge_SSA-MTE	hyp1	News	NaN	0.5212
202	203	en	kin	challenge_SSA-MTE	hyp1	News	NaN	0.4595
203	204	en	kin	challenge_SSA-MTE	hyp1	News	NaN	0.4451
204	205	en	kin	challenge_SSA-MTE	hyp1	News	NaN	0.4581
205	206	en	kin	challenge_SSA-MTE	hyp1	News	NaN	0.4537
206	207	en	kin	challenge_SSA-MTE	hyp1	News	NaN	0.4466
207	208	en	kin	challenge_SSA-MTE	hyp1	News	NaN	0.4364
208	209	en	kin	challenge_SSA-MTE	hyp1	News	NaN	0.3655
209	210	en	kin	challenge_SSA-MTE	hyp1	News	NaN	0.3913
210	211	en	kin	challenge_SSA-MTE	hyp1	News	NaN	0.3485
211	212	en	kin	challenge_SSA-MTE	hyp1	News	NaN	0.3590
212	213	en	kin	challenge_SSA-MTE	hyp1	News	NaN	0.3808
213	214	en	kin	challenge_SSA-MTE	hyp1	News	NaN	0.3209
214	215	en	kin	challenge_SSA-MTE	hyp1	News	NaN	0.3569
215	216	en	kin	challenge_SSA-MTE	hyp1	News	NaN	0.6057
216	217	en	kin	challenge_SSA-MTE	hyp1	News	NaN	0.4090
217	218	en	kin	challenge_SSA-MTE	hyp1	News	NaN	0.5884
218	219	en	kin	challenge_SSA-MTE	hyp1	News	NaN	0.5426
219	220	en	kin	challenge_SSA-MTE	hyp1	News	NaN	0.4720
220	221	en	kin	challenge_SSA-MTE	hyp1	News	NaN	0.4732
221	222	en	kin	challenge_SSA-MTE	hyp1	News	NaN	0.4671
222	223	en	kin	challenge_SSA-MTE	hyp1	News	NaN	0.4299
223	224	en	kin	challenge_SSA-MTE	hyp1	News	NaN	0.4791
224	225	en	kin	challenge_SSA-MTE	hyp1	News	NaN	0.4572
225	226	en	kin	challenge_SSA-MTE	hyp1	News	NaN	0.4784
226	227	en	kin	challenge_SSA-MTE	hyp1	News	NaN	0.4629
227	228	en	kin	challenge_SSA-MTE	hyp1	News	NaN	0.4014
228	229	en	kin	challenge_SSA-MTE	hyp1	News	NaN	0.5339
229	230	en	kin	challenge_SSA-MTE	hyp1	News	NaN	0.4643
230	231	en	kin	challenge_SSA-MTE	hyp1	News	NaN	0.3824
231	232	en	kin	challenge_SSA-MTE	hyp1	News	NaN	0.3514
232	233	en	kin	challenge_SSA-MTE	hyp1	News	NaN	0.3579
233	234	en	kin	challenge_SSA-MTE	hyp1	News	NaN	0.3906
234	235	en	kin	challenge_SSA-MTE	hyp1	News	NaN	0.3485
235	236	en	kin	challenge_SSA-MTE	hyp1	News	NaN	0.3763
236	237	en	kin	challenge_SSA-MTE	hyp1	News	NaN	0.3727
237	238	en	kin	challenge_SSA-MTE	hyp1	News	NaN	0.3699
238	239	en	kin	challenge_SSA-MTE	hyp1	News	NaN	0.5207
239	240	en	kin	challenge_SSA-MTE	hyp1	News	NaN	0.5516
240	241	en	kin	challenge_SSA-MTE	hyp1	News	NaN	0.4391
241	242	en	kin	challenge_SSA-MTE	hyp1	News	NaN	0.4244
242	243	en	kin	challenge_SSA-MTE	hyp1	News	NaN	0.4218
243	244	en	kin	challenge_SSA-MTE	hyp1	News	NaN	0.4498
244	245	en	kin	challenge_SSA-MTE	hyp1	News	NaN	0.4299
245	246	en	kin	challenge_SSA-MTE	hyp1	News	NaN	0.4417
246	247	en	kin	challenge_SSA-MTE	hyp1	News	NaN	0.3676
247	248	en	kin	challenge_SSA-MTE	hyp1	News	NaN	0.4506
248	249	en	kin	challenge_SSA-MTE	hyp1	News	NaN	0.4806
249	250	en	kin	challenge_SSA-MTE	hyp1	News	NaN	0.5194
250	251	en	kin	challenge_SSA-MTE	hyp1	News	NaN	0.4187
251	252	en	kin	challenge_SSA-MTE	hyp1	News	NaN	0.3562
252	253	en	kin	challenge_SSA-MTE	hyp1	News	NaN	0.4097
253	254	en	kin	challenge_SSA-MTE	hyp1	News	NaN	0.4267
254	255	en	kin	challenge_SSA-MTE	hyp1	News	NaN	0.3501
255	256	en	kin	challenge_SSA-MTE	hyp1	News	NaN	0.4045
256	257	en	kin	challenge_SSA-MTE	hyp1	News	NaN	0.3847
257	258	en	kin	challenge_SSA-MTE	hyp1	News	NaN	0.4797
258	259	en	kin	challenge_SSA-MTE	hyp1	News	NaN	0.3721
259	260	en	kin	challenge_SSA-MTE	hyp1	News	NaN	0.3830
260	261	en	kin	challenge_SSA-MTE	hyp1	News	NaN	0.3977
261	262	en	kin	challenge_SSA-MTE	hyp1	News	NaN	0.4654
262	263	en	kin	challenge_SSA-MTE	hyp1	News	NaN	0.4088
263	264	en	kin	challenge_SSA-MTE	hyp1	News	NaN	0.3907
264	265	en	kin	challenge_SSA-MTE	hyp1	News	NaN	0.4587
265	266	en	kin	challenge_SSA-MTE	hyp1	News	NaN	0.4332
266	267	en	kin	challenge_SSA-MTE	hyp1	News	NaN	0.4347
267	268	en	kin	challenge_SSA-MTE	hyp1	News	NaN	0.5301
268	269	en	kin	challenge_SSA-MTE	hyp1	News	NaN	0.5014
269	270	en	kin	challenge_SSA-MTE	hyp1	News	NaN	0.2889
270	271	en	kin	challenge_SSA-MTE	hyp1	News	NaN	0.4719
271	272	en	kin	challenge_SSA-MTE	hyp1	News	NaN	0.5160
272	273	en	kin	challenge_SSA-MTE	hyp1	News	NaN	0.5364
273	274	en	kin	challenge_SSA-MTE	hyp1	News	NaN	0.4559
274	275	en	kin	challenge_SSA-MTE	hyp1	News	NaN	0.4691
275	276	en	kin	challenge_SSA-MTE	hyp1	News	NaN	0.4311
276	277	en	kin	challenge_SSA-MTE	hyp1	News	NaN	0.4905
277	278	en	kin	challenge_SSA-MTE	hyp1	News	NaN	0.4784
278	279	en	kin	challenge_SSA-MTE	hyp1	News	NaN	0.4581
279	280	en	kin	challenge_SSA-MTE	hyp1	News	NaN	0.5249
280	281	en	kin	challenge_SSA-MTE	hyp1	News	NaN	0.4660
281	282	en	kin	challenge_SSA-MTE	hyp1	News	NaN	0.4771
282	283	en	kin	challenge_SSA-MTE	hyp1	News	NaN	0.4870
283	284	en	kin	challenge_SSA-MTE	hyp1	News	NaN	0.4847
284	285	en	kin	challenge_SSA-MTE	hyp1	News	NaN	0.4871
285	286	en	kin	challenge_SSA-MTE	hyp1	News	NaN	0.4095
286	287	en	kin	challenge_SSA-MTE	hyp1	News	NaN	0.3813
287	288	en	kin	challenge_SSA-MTE	hyp1	News	NaN	0.3979
288	289	en	kin	challenge_SSA-MTE	hyp1	News	NaN	0.4320
289	290	en	kin	challenge_SSA-MTE	hyp1	News	NaN	0.4026
290	291	en	kin	challenge_SSA-MTE	hyp1	News	NaN	0.4210
291	292	en	kin	challenge_SSA-MTE	hyp1	News	NaN	0.4860
292	293	en	kin	challenge_SSA-MTE	hyp1	News	NaN	0.3622
293	294	en	kin	challenge_SSA-MTE	hyp1	News	NaN	0.4169
294	295	en	kin	challenge_SSA-MTE	hyp1	News	NaN	0.4106
295	296	en	kin	challenge_SSA-MTE	hyp1	News	NaN	0.4218
296	297	en	kin	challenge_SSA-MTE	hyp1	News	NaN	0.4415
297	298	en	kin	challenge_SSA-MTE	hyp1	News	NaN	0.4440
298	299	en	kin	challenge_SSA-MTE	hyp1	News	NaN	0.4286
299	300	en	kin	challenge_SSA-MTE	hyp1	News	NaN	0.4100
300	301	en	kin	challenge_SSA-MTE	hyp1	News	NaN	0.4164
301	302	en	kin	challenge_SSA-MTE	hyp1	News	NaN	0.4278
302	303	en	kin	challenge_SSA-MTE	hyp1	News	NaN	0.5083
303	304	en	kin	challenge_SSA-MTE	hyp1	News	NaN	0.4371
304	305	en	kin	challenge_SSA-MTE	hyp1	News	NaN	0.3112
305	306	en	kin	challenge_SSA-MTE	hyp1	News	NaN	0.4148
306	307	en	kin	challenge_SSA-MTE	hyp1	News	NaN	0.3248
307	308	en	kin	challenge_SSA-MTE	hyp1	News	NaN	0.3659
308	309	en	kin	challenge_SSA-MTE	hyp1	News	NaN	0.3448
309	310	en	kin	challenge_SSA-MTE	hyp1	News	NaN	0.3780
310	311	en	kin	challenge_SSA-MTE	hyp1	News	NaN	0.4356
311	312	en	kin	challenge_SSA-MTE	hyp1	News	NaN	0.3195
312	313	en	kin	challenge_SSA-MTE	hyp1	News	NaN	0.3122
313	314	en	kin	challenge_SSA-MTE	hyp1	News	NaN	0.4030
314	315	en	kin	challenge_SSA-MTE	hyp1	News	NaN	0.4214
315	316	en	kin	challenge_SSA-MTE	hyp1	News	NaN	0.4226
316	317	en	kin	challenge_SSA-MTE	hyp1	News	NaN	0.4106
317	318	en	kin	challenge_SSA-MTE	hyp1	News	NaN	0.4057
318	319	en	kin	challenge_SSA-MTE	hyp1	News	NaN	0.3591
319	320	en	kin	challenge_SSA-MTE	hyp1	News	NaN	0.4397
320	321	en	kin	challenge_SSA-MTE	hyp1	News	NaN	0.4029
321	322	en	kin	challenge_SSA-MTE	hyp1	News	NaN	0.3683
322	323	en	kin	challenge_SSA-MTE	hyp1	News	NaN	0.3746
323	324	en	kin	challenge_SSA-MTE	hyp1	News	NaN	0.3669
324	325	en	kin	challenge_SSA-MTE	hyp1	News	NaN	0.4192
325	326	en	kin	challenge_SSA-MTE	hyp1	News	NaN	0.4327
326	327	en	kin	challenge_SSA-MTE	hyp1	News	NaN	0.3260
327	328	en	kin	challenge_SSA-MTE	hyp1	News	NaN	0.4545
328	329	en	kin	challenge_SSA-MTE	hyp1	News	NaN	0.3967
329	330	en	kin	challenge_SSA-MTE	hyp1	News	NaN	0.5974
330	331	en	kin	challenge_SSA-MTE	hyp1	News	NaN	0.4132
331	332	en	kin	challenge_SSA-MTE	hyp1	News	NaN	0.3982
332	333	en	kin	challenge_SSA-MTE	hyp1	News	NaN	0.5515
333	334	en	kin	challenge_SSA-MTE	hyp1	News	NaN	0.5097
334	335	en	kin	challenge_SSA-MTE	hyp1	News	NaN	0.5113
335	336	en	kin	challenge_SSA-MTE	hyp1	News	NaN	0.4387
336	337	en	kin	challenge_SSA-MTE	hyp1	News	NaN	0.4961
337	338	en	kin	challenge_SSA-MTE	hyp1	News	NaN	0.4634
338	339	en	kin	challenge_SSA-MTE	hyp1	News	NaN	0.3223
339	340	en	kin	challenge_SSA-MTE	hyp1	News	NaN	0.3006
340	341	en	kin	challenge_SSA-MTE	hyp1	News	NaN	0.2800
341	342	en	kin	challenge_SSA-MTE	hyp1	News	NaN	0.3455
342	343	en	kin	challenge_SSA-MTE	hyp1	News	NaN	0.5856
343	344	en	kin	challenge_SSA-MTE	hyp1	News	NaN	0.3250
344	345	en	kin	challenge_SSA-MTE	hyp1	News	NaN	0.4907
345	346	en	kin	challenge_SSA-MTE	hyp1	News	NaN	0.4449
346	347	en	kin	challenge_SSA-MTE	hyp1	News	NaN	0.4210
347	348	en	kin	challenge_SSA-MTE	hyp1	News	NaN	0.4231
348	349	en	kin	challenge_SSA-MTE	hyp1	News	NaN	0.4840
349	350	en	kin	challenge_SSA-MTE	hyp1	News	NaN	0.4228
350	351	en	kin	challenge_SSA-MTE	hyp1	News	NaN	0.4141
351	352	en	kin	challenge_SSA-MTE	hyp1	News	NaN	0.4643
352	353	en	kin	challenge_SSA-MTE	hyp1	News	NaN	0.3645
353	354	en	kin	challenge_SSA-MTE	hyp1	News	NaN	0.4337
354	355	en	kin	challenge_SSA-MTE	hyp1	News	NaN	0.4518
355	356	en	kin	challenge_SSA-MTE	hyp1	News	NaN	0.3725
356	357	en	kin	challenge_SSA-MTE	hyp1	News	NaN	0.3810
357	358	en	kin	challenge_SSA-MTE	hyp1	News	NaN	0.3741
358	359	en	kin	challenge_SSA-MTE	hyp1	News	NaN	0.4105
359	360	en	kin	challenge_SSA-MTE	hyp1	News	NaN	0.4115
360	361	en	kin	challenge_SSA-MTE	hyp1	News	NaN	0.3915
361	362	en	kin	challenge_SSA-MTE	hyp1	News	NaN	0.4183
362	363	en	kin	challenge_SSA-MTE	hyp1	News	NaN	0.4926
363	364	en	kin	challenge_SSA-MTE	hyp1	News	NaN	0.4414
364	365	en	kin	challenge_SSA-MTE	hyp1	News	NaN	0.4920
365	366	en	kin	challenge_SSA-MTE	hyp1	News	NaN	0.4833
366	367	en	kin	challenge_SSA-MTE	hyp1	News	NaN	0.4659
367	368	en	kin	challenge_SSA-MTE	hyp1	News	NaN	0.4019
368	369	en	kin	challenge_SSA-MTE	hyp1	News	NaN	0.4598
369	370	en	kin	challenge_SSA-MTE	hyp1	News	NaN	0.4470
370	371	en	kin	challenge_SSA-MTE	hyp1	News	NaN	0.4158
371	372	en	kin	challenge_SSA-MTE	hyp1	News	NaN	0.4745
372	373	en	kin	challenge_SSA-MTE	hyp1	News	NaN	0.4935
373	374	en	kin	challenge_SSA-MTE	hyp1	News	NaN	0.4682
374	375	en	kin	challenge_SSA-MTE	hyp1	News	NaN	0.3955
375	376	en	kin	challenge_SSA-MTE	hyp1	News	NaN	0.3910
376	377	en	kin	challenge_SSA-MTE	hyp1	News	NaN	0.4051
377	378	en	kin	challenge_SSA-MTE	hyp1	News	NaN	0.3836
378	379	en	kin	challenge_SSA-MTE	hyp1	News	NaN	0.4249
379	380	en	kin	challenge_SSA-MTE	hyp1	News	NaN	0.3653
380	381	en	kin	challenge_SSA-MTE	hyp1	News	NaN	0.4595
381	382	en	kin	challenge_SSA-MTE	hyp1	News	NaN	0.4930
382	383	en	kin	challenge_SSA-MTE	hyp1	News	NaN	0.4212
383	384	en	kin	challenge_SSA-MTE	hyp1	News	NaN	0.4539
384	385	en	kin	challenge_SSA-MTE	hyp1	News	NaN	0.4464
385	386	en	kin	challenge_SSA-MTE	hyp1	News	NaN	0.4450
386	387	en	kin	challenge_SSA-MTE	hyp1	News	NaN	0.4560
387	388	en	kin	challenge_SSA-MTE	hyp1	News	NaN	0.3902
388	389	en	kin	challenge_SSA-MTE	hyp1	News	NaN	0.4156
389	390	en	kin	challenge_SSA-MTE	hyp1	News	NaN	0.3827
390	391	en	kin	challenge_SSA-MTE	hyp1	News	NaN	0.4168
391	392	en	kin	challenge_SSA-MTE	hyp1	News	NaN	0.4726
392	393	en	kin	challenge_SSA-MTE	hyp1	News	NaN	0.4980
393	394	en	kin	challenge_SSA-MTE	hyp1	News	NaN	0.3707
394	395	en	kin	challenge_SSA-MTE	hyp1	News	NaN	0.3639
395	396	en	kin	challenge_SSA-MTE	hyp1	News	NaN	0.4641
396	397	en	kin	challenge_SSA-MTE	hyp1	News	NaN	0.5255
397	398	en	kin	challenge_SSA-MTE	hyp1	News	NaN	0.4770
398	399	en	kin	challenge_SSA-MTE	hyp1	News	NaN	0.4456
399	400	en	kin	challenge_SSA-MTE	hyp1	News	NaN	0.4554
400	401	en	kin	challenge_SSA-MTE	hyp1	News	NaN	0.3762
401	402	en	kin	challenge_SSA-MTE	hyp1	News	NaN	0.4273
402	403	en	kin	challenge_SSA-MTE	hyp1	News	NaN	0.4312
403	404	en	kin	challenge_SSA-MTE	hyp1	News	NaN	0.4914
404	405	en	kin	challenge_SSA-MTE	hyp1	News	NaN	0.4442
405	406	en	kin	challenge_SSA-MTE	hyp1	News	NaN	0.4318
406	407	en	kin	challenge_SSA-MTE	hyp1	News	NaN	0.5321
407	408	en	kin	challenge_SSA-MTE	hyp1	News	NaN	0.5480
408	409	en	kin	challenge_SSA-MTE	hyp1	News	NaN	0.4773
409	410	en	kin	challenge_SSA-MTE	hyp1	News	NaN	0.4178
410	411	en	kin	challenge_SSA-MTE	hyp1	News	NaN	0.4138
411	412	en	kin	challenge_SSA-MTE	hyp1	News	NaN	0.4181
412	413	en	kin	challenge_SSA-MTE	hyp1	News	NaN	0.3974
413	414	en	kin	challenge_SSA-MTE	hyp1	News	NaN	0.3960
414	415	en	kin	challenge_SSA-MTE	hyp1	News	NaN	0.4038
415	416	en	kin	challenge_SSA-MTE	hyp1	News	NaN	0.4349
416	417	en	kin	challenge_SSA-MTE	hyp1	News	NaN	0.4326
417	418	en	kin	challenge_SSA-MTE	hyp1	News	NaN	0.5185
418	419	en	kin	challenge_SSA-MTE	hyp1	News	NaN	0.4467
419	420	en	kin	challenge_SSA-MTE	hyp1	News	NaN	0.4482
420	421	en	kin	challenge_SSA-MTE	hyp1	News	NaN	0.4218
421	422	en	kin	challenge_SSA-MTE	hyp1	News	NaN	0.4325
422	423	en	kin	challenge_SSA-MTE	hyp1	News	NaN	0.3755
423	424	en	kin	challenge_SSA-MTE	hyp1	News	NaN	0.4173
424	425	en	kin	challenge_SSA-MTE	hyp1	News	NaN	0.5349
425	426	en	kin	challenge_SSA-MTE	hyp1	News	NaN	0.4269
426	427	en	kin	challenge_SSA-MTE	hyp1	News	NaN	0.4340
427	428	en	kin	challenge_SSA-MTE	hyp1	News	NaN	0.4041
428	429	en	kin	challenge_SSA-MTE	hyp1	News	NaN	0.4025
429	430	en	kin	challenge_SSA-MTE	hyp1	News	NaN	0.3237
430	431	en	kin	challenge_SSA-MTE	hyp1	News	NaN	0.4140
431	432	en	kin	challenge_SSA-MTE	hyp1	News	NaN	0.3633
432	433	en	kin	challenge_SSA-MTE	hyp1	News	NaN	0.4059
433	434	en	kin	challenge_SSA-MTE	hyp1	News	NaN	0.3910
434	435	en	kin	challenge_SSA-MTE	hyp1	News	NaN	0.3698
435	436	en	kin	challenge_SSA-MTE	hyp1	News	NaN	0.3701
436	437	en	kin	challenge_SSA-MTE	hyp1	News	NaN	0.4118
437	438	en	kin	challenge_SSA-MTE	hyp1	News	NaN	0.3901
438	439	en	kin	challenge_SSA-MTE	hyp1	News	NaN	0.3887
439	440	en	kin	challenge_SSA-MTE	hyp1	News	NaN	0.3830
440	441	en	kin	challenge_SSA-MTE	hyp1	News	NaN	0.3630
441	442	en	kin	challenge_SSA-MTE	hyp1	News	NaN	0.3012
442	443	en	kin	challenge_SSA-MTE	hyp1	News	NaN	0.4009
443	444	en	kin	challenge_SSA-MTE	hyp1	News	NaN	0.3930
444	445	en	kin	challenge_SSA-MTE	hyp1	News	NaN	0.3999
445	446	en	kin	challenge_SSA-MTE	hyp1	News	NaN	0.3825
446	447	en	kin	challenge_SSA-MTE	hyp1	News	NaN	0.3717
447	448	en	kin	challenge_SSA-MTE	hyp1	News	NaN	0.4089
448	449	en	kin	challenge_SSA-MTE	hyp1	News	NaN	0.3944
449	450	en	kin	challenge_SSA-MTE	hyp1	News	NaN	0.3950
450	451	en	kin	challenge_SSA-MTE	hyp1	News	NaN	0.3154
451	452	en	kin	challenge_SSA-MTE	hyp1	News	NaN	0.5053
452	453	en	kin	challenge_SSA-MTE	hyp1	News	NaN	0.4320
453	454	en	kin	challenge_SSA-MTE	hyp1	News	NaN	0.3797
454	455	en	kin	challenge_SSA-MTE	hyp1	News	NaN	0.4254
455	456	en	kin	challenge_SSA-MTE	hyp1	News	NaN	0.4367
456	457	en	kin	challenge_SSA-MTE	hyp1	News	NaN	0.4654
457	458	en	kin	challenge_SSA-MTE	hyp1	News	NaN	0.4085
458	459	en	kin	challenge_SSA-MTE	hyp1	News	NaN	0.4162
459	460	en	kin	challenge_SSA-MTE	hyp1	News	NaN	0.3980
460	461	en	kin	challenge_SSA-MTE	hyp1	News	NaN	0.4218
461	462	en	kin	challenge_SSA-MTE	hyp1	News	NaN	0.4148
462	463	en	kin	challenge_SSA-MTE	hyp1	News	NaN	0.6114
463	464	en	kin	challenge_SSA-MTE	hyp1	News	NaN	0.5562
464	465	en	kin	challenge_SSA-MTE	hyp1	News	NaN	0.4504
465	466	en	kin	challenge_SSA-MTE	hyp1	News	NaN	0.5810
466	467	en	kin	challenge_SSA-MTE	hyp1	News	NaN	0.5396
467	468	en	kin	challenge_SSA-MTE	hyp1	News	NaN	0.3510
468	469	en	kin	challenge_SSA-MTE	hyp1	News	NaN	0.3871
469	470	en	kin	challenge_SSA-MTE	hyp1	News	NaN	0.4019
470	471	en	kin	challenge_SSA-MTE	hyp1	News	NaN	0.3991
471	472	en	kin	challenge_SSA-MTE	hyp1	News	NaN	0.4069
472	473	en	kin	challenge_SSA-MTE	hyp1	News	NaN	0.5454
473	474	en	kin	challenge_SSA-MTE	hyp1	News	NaN	0.4673
474	475	en	kin	challenge_SSA-MTE	hyp1	News	NaN	0.4513
475	476	en	kin	challenge_SSA-MTE	hyp1	News	NaN	0.5047
476	477	en	kin	challenge_SSA-MTE	hyp1	News	NaN	0.5716
477	478	en	kin	challenge_SSA-MTE	hyp1	News	NaN	0.4219
478	479	en	kin	challenge_SSA-MTE	hyp1	News	NaN	0.3889
479	480	en	kin	challenge_SSA-MTE	hyp1	News	NaN	0.4107
480	481	en	kin	challenge_SSA-MTE	hyp1	News	NaN	0.3582
481	482	en	kin	challenge_SSA-MTE	hyp1	News	NaN	0.2879
482	483	en	kin	challenge_SSA-MTE	hyp1	News	NaN	0.3336
483	484	en	kin	challenge_SSA-MTE	hyp1	News	NaN	0.3568
484	485	en	kin	challenge_SSA-MTE	hyp1	News	NaN	0.4166
485	486	en	kin	challenge_SSA-MTE	hyp1	News	NaN	0.3995
486	487	en	kin	challenge_SSA-MTE	hyp1	News	NaN	0.4337
487	488	en	kin	challenge_SSA-MTE	hyp1	News	NaN	0.3730
488	489	en	kin	challenge_SSA-MTE	hyp1	News	NaN	0.4256
489	490	en	kin	challenge_SSA-MTE	hyp1	News	NaN	0.4314
490	491	en	kin	challenge_SSA-MTE	hyp1	News	NaN	0.4520
491	492	en	kin	challenge_SSA-MTE	hyp1	News	NaN	0.3862
492	493	en	kin	challenge_SSA-MTE	hyp1	News	NaN	0.3691
493	494	en	kin	challenge_SSA-MTE	hyp1	News	NaN	0.4159
494	495	en	kin	challenge_SSA-MTE	hyp1	News	NaN	0.3615
495	496	en	kin	challenge_SSA-MTE	hyp1	News	NaN	0.4743
496	497	en	kin	challenge_SSA-MTE	hyp1	News	NaN	0.3277
497	498	en	kin	challenge_SSA-MTE	hyp1	News	NaN	0.3846
498	499	en	kin	challenge_SSA-MTE	hyp1	News	NaN	0.3255
499	500	en	kin	challenge_SSA-MTE	hyp1	News	NaN	0.3481
500	501	en	kin	challenge_SSA-MTE	hyp1	News	NaN	0.4067
501	502	en	kin	challenge_SSA-MTE	hyp1	News	NaN	0.3357
502	503	en	kin	challenge_SSA-MTE	hyp1	News	NaN	0.4490
503	504	en	kin	challenge_SSA-MTE	hyp1	News	NaN	0.4203
504	505	en	kin	challenge_SSA-MTE	hyp1	News	NaN	0.4375
505	506	en	kin	challenge_SSA-MTE	hyp1	News	NaN	0.4493
506	507	en	kin	challenge_SSA-MTE	hyp1	News	NaN	0.4558
507	508	en	kin	challenge_SSA-MTE	hyp1	News	NaN	0.4670
508	509	en	kin	challenge_SSA-MTE	hyp1	News	NaN	0.3840
509	510	en	kin	challenge_SSA-MTE	hyp1	News	NaN	0.3494
510	511	en	kin	challenge_SSA-MTE	hyp1	News	NaN	0.4050
511	512	en	kin	challenge_SSA-MTE	hyp1	News	NaN	0.4023
512	513	en	kin	challenge_SSA-MTE	hyp1	News	NaN	0.3910
513	514	en	kin	challenge_SSA-MTE	hyp1	News	NaN	0.3353
514	515	en	kin	challenge_SSA-MTE	hyp1	News	NaN	0.4391
515	516	en	kin	challenge_SSA-MTE	hyp1	News	NaN	0.3916
516	517	en	kin	challenge_SSA-MTE	hyp1	News	NaN	0.3292
517	518	en	kin	challenge_SSA-MTE	hyp1	News	NaN	0.4061
518	519	en	kin	challenge_SSA-MTE	hyp1	News	NaN	0.3203
519	520	en	kin	challenge_SSA-MTE	hyp1	News	NaN	0.4178
520	521	en	kin	challenge_SSA-MTE	hyp1	News	NaN	0.3806
521	522	en	kin	challenge_SSA-MTE	hyp1	News	NaN	0.4316
522	523	en	kin	challenge_SSA-MTE	hyp1	News	NaN	0.4086
523	524	en	kin	challenge_SSA-MTE	hyp1	News	NaN	0.4089
524	525	en	kin	challenge_SSA-MTE	hyp1	News	NaN	0.4428
525	526	en	kin	challenge_SSA-MTE	hyp1	News	NaN	0.4529
526	527	en	kin	challenge_SSA-MTE	hyp1	News	NaN	0.4636
527	528	en	kin	challenge_SSA-MTE	hyp1	News	NaN	0.4654
528	529	en	kin	challenge_SSA-MTE	hyp1	News	NaN	0.4702
529	530	en	kin	challenge_SSA-MTE	hyp1	News	NaN	0.5465
530	531	en	kin	challenge_SSA-MTE	hyp1	News	NaN	0.4115
531	532	en	kin	challenge_SSA-MTE	hyp1	News	NaN	0.4166
532	533	en	kin	challenge_SSA-MTE	hyp1	News	NaN	0.4150
533	534	en	kin	challenge_SSA-MTE	hyp1	News	NaN	0.4291
534	535	en	kin	challenge_SSA-MTE	hyp1	News	NaN	0.4007
535	536	en	kin	challenge_SSA-MTE	hyp1	News	NaN	0.4129
536	537	en	kin	challenge_SSA-MTE	hyp1	News	NaN	0.4396
537	538	en	kin	challenge_SSA-MTE	hyp1	News	NaN	0.3772
538	539	en	kin	challenge_SSA-MTE	hyp1	News	NaN	0.3940
539	540	en	kin	challenge_SSA-MTE	hyp1	News	NaN	0.4545
540	541	en	kin	challenge_SSA-MTE	hyp1	News	NaN	0.4656
541	542	en	kin	challenge_SSA-MTE	hyp1	News	NaN	0.4403
542	543	en	kin	challenge_SSA-MTE	hyp1	News	NaN	0.3724
543	544	en	kin	challenge_SSA-MTE	hyp1	News	NaN	0.4110
544	545	en	kin	challenge_SSA-MTE	hyp1	News	NaN	0.4555
545	546	en	kin	challenge_SSA-MTE	hyp1	News	NaN	0.4313
546	547	en	kin	challenge_SSA-MTE	hyp1	News	NaN	0.4749
547	548	en	kin	challenge_SSA-MTE	hyp1	News	NaN	0.4723
548	549	en	kin	challenge_SSA-MTE	hyp1	News	NaN	0.4504
549	550	en	kin	challenge_SSA-MTE	hyp1	News	NaN	0.4214
550	551	en	kin	challenge_SSA-MTE	hyp1	News	NaN	0.4807
551	552	en	kin	challenge_SSA-MTE	hyp1	News	NaN	0.3939
552	553	en	kin	challenge_SSA-MTE	hyp1	News	NaN	0.3584
553	554	en	kin	challenge_SSA-MTE	hyp1	News	NaN	0.4061
554	555	en	kin	challenge_SSA-MTE	hyp1	News	NaN	0.4490
555	556	en	kin	challenge_SSA-MTE	hyp1	News	NaN	0.4231
556	557	en	kin	challenge_SSA-MTE	hyp1	News	NaN	0.3918
557	558	en	kin	challenge_SSA-MTE	hyp1	News	NaN	0.5078
558	559	en	kin	challenge_SSA-MTE	hyp1	News	NaN	0.4666
559	560	en	kin	challenge_SSA-MTE	hyp1	News	NaN	0.3603
560	561	en	kin	challenge_SSA-MTE	hyp1	News	NaN	0.4555
561	562	en	kin	challenge_SSA-MTE	hyp1	News	NaN	0.5243
562	563	en	kin	challenge_SSA-MTE	hyp1	News	NaN	0.3938
563	564	en	kin	challenge_SSA-MTE	hyp1	News	NaN	0.4132
564	565	en	kin	challenge_SSA-MTE	hyp1	News	NaN	0.3813
565	566	en	kin	challenge_SSA-MTE	hyp1	News	NaN	0.3752
566	567	en	kin	challenge_SSA-MTE	hyp1	News	NaN	0.4357
567	568	en	kin	challenge_SSA-MTE	hyp1	News	NaN	0.4032
568	569	en	kin	challenge_SSA-MTE	hyp1	News	NaN	0.4746
569	570	en	kin	challenge_SSA-MTE	hyp1	News	NaN	0.3082
570	571	en	kin	challenge_SSA-MTE	hyp1	News	NaN	0.4047
571	572	en	kin	challenge_SSA-MTE	hyp1	News	NaN	0.4120
572	573	en	kin	challenge_SSA-MTE	hyp1	News	NaN	0.3924
573	574	en	kin	challenge_SSA-MTE	hyp1	News	NaN	0.3864
574	575	en	kin	challenge_SSA-MTE	hyp1	News	NaN	0.3587
575	576	en	kin	challenge_SSA-MTE	hyp1	News	NaN	0.4176
576	577	en	kin	challenge_SSA-MTE	hyp1	News	NaN	0.4049
577	578	en	kin	challenge_SSA-MTE	hyp1	News	NaN	0.3939
578	579	en	kin	challenge_SSA-MTE	hyp1	News	NaN	0.3905
579	580	en	kin	challenge_SSA-MTE	hyp1	News	NaN	0.4013
580	581	en	kin	challenge_SSA-MTE	hyp1	News	NaN	0.3861
581	582	en	kin	challenge_SSA-MTE	hyp1	News	NaN	0.4159
582	583	en	kin	challenge_SSA-MTE	hyp1	News	NaN	0.4389
583	584	en	kin	challenge_SSA-MTE	hyp1	News	NaN	0.4112
584	585	en	kin	challenge_SSA-MTE	hyp1	News	NaN	0.4848
585	586	en	kin	challenge_SSA-MTE	hyp1	News	NaN	0.4593
586	587	en	kin	challenge_SSA-MTE	hyp1	News	NaN	0.3863
587	588	en	kin	challenge_SSA-MTE	hyp1	News	NaN	0.3577
588	589	en	kin	challenge_SSA-MTE	hyp1	News	NaN	0.4324
589	590	en	kin	challenge_SSA-MTE	hyp1	News	NaN	0.4024
590	591	en	kin	challenge_SSA-MTE	hyp1	News	NaN	0.3527
591	592	en	kin	challenge_SSA-MTE	hyp1	News	NaN	0.3892
592	593	en	kin	challenge_SSA-MTE	hyp1	News	NaN	0.3228
593	594	en	kin	challenge_SSA-MTE	hyp1	News	NaN	0.3553
594	595	en	kin	challenge_SSA-MTE	hyp1	News	NaN	0.3652
595	596	en	kin	challenge_SSA-MTE	hyp1	News	NaN	0.3453
596	597	en	kin	challenge_SSA-MTE	hyp1	News	NaN	0.4015
597	598	en	kin	challenge_SSA-MTE	hyp1	News	NaN	0.4732
598	599	en	kin	challenge_SSA-MTE	hyp1	News	NaN	0.3192
599	600	en	kin	challenge_SSA-MTE	hyp1	News	NaN	0.4574
600	601	en	kin	challenge_SSA-MTE	hyp1	News	NaN	0.4107
601	602	en	kin	challenge_SSA-MTE	hyp1	News	NaN	0.3864
602	603	en	kin	challenge_SSA-MTE	hyp1	News	NaN	0.3560
603	604	en	kin	challenge_SSA-MTE	hyp1	News	NaN	0.3919
604	605	en	kin	challenge_SSA-MTE	hyp1	News	NaN	0.4080
605	606	en	kin	challenge_SSA-MTE	hyp1	News	NaN	0.3792
606	607	en	kin	challenge_SSA-MTE	hyp1	News	NaN	0.4494
607	608	en	kin	challenge_SSA-MTE	hyp1	News	NaN	0.3835
608	609	en	kin	challenge_SSA-MTE	hyp1	News	NaN	0.3969
609	610	en	kin	challenge_SSA-MTE	hyp1	News	NaN	0.4160
610	611	en	kin	challenge_SSA-MTE	hyp1	News	NaN	0.4787
611	612	en	kin	challenge_SSA-MTE	hyp1	News	NaN	0.3491
612	613	en	kin	challenge_SSA-MTE	hyp1	News	NaN	0.3765
613	614	en	kin	challenge_SSA-MTE	hyp1	News	NaN	0.3824
614	615	en	kin	challenge_SSA-MTE	hyp1	News	NaN	0.3539
615	616	en	kin	challenge_SSA-MTE	hyp1	News	NaN	0.4815
616	617	en	kin	challenge_SSA-MTE	hyp1	News	NaN	0.4141
617	618	en	kin	challenge_SSA-MTE	hyp1	News	NaN	0.4041
618	619	en	kin	challenge_SSA-MTE	hyp1	News	NaN	0.4305
619	620	en	kin	challenge_SSA-MTE	hyp1	News	NaN	0.4564
620	621	en	kin	challenge_SSA-MTE	hyp1	News	NaN	0.4243
621	622	en	kin	challenge_SSA-MTE	hyp1	News	NaN	0.4348
622	623	en	kin	challenge_SSA-MTE	hyp1	News	NaN	0.4245
623	624	en	kin	challenge_SSA-MTE	hyp1	News	NaN	0.4511
624	625	en	kin	challenge_SSA-MTE	hyp1	News	NaN	0.4535
625	626	en	kin	challenge_SSA-MTE	hyp1	News	NaN	0.3843
626	627	en	kin	challenge_SSA-MTE	hyp1	News	NaN	0.4365
627	628	en	kin	challenge_SSA-MTE	hyp1	News	NaN	0.3985
628	629	en	kin	challenge_SSA-MTE	hyp1	News	NaN	0.5076
629	630	en	kin	challenge_SSA-MTE	hyp1	News	NaN	0.4719
630	631	en	kin	challenge_SSA-MTE	hyp1	News	NaN	0.4527
631	632	en	kin	challenge_SSA-MTE	hyp1	News	NaN	0.4908
632	633	en	kin	challenge_SSA-MTE	hyp1	News	NaN	0.3696
633	634	en	kin	challenge_SSA-MTE	hyp1	News	NaN	0.4663
634	635	en	kin	challenge_SSA-MTE	hyp1	News	NaN	0.4302
635	636	en	kin	challenge_SSA-MTE	hyp1	News	NaN	0.4135
636	637	en	kin	challenge_SSA-MTE	hyp1	News	NaN	0.4102
637	638	en	kin	challenge_SSA-MTE	hyp1	News	NaN	0.3023
638	639	en	kin	challenge_SSA-MTE	hyp1	News	NaN	0.3243
639	640	en	kin	challenge_SSA-MTE	hyp1	News	NaN	0.4371
640	641	en	kin	challenge_SSA-MTE	hyp1	News	NaN	0.4637
641	642	en	kin	challenge_SSA-MTE	hyp1	News	NaN	0.4020
642	643	en	kin	challenge_SSA-MTE	hyp1	News	NaN	0.5168
643	644	en	kin	challenge_SSA-MTE	hyp1	News	NaN	0.4386
644	645	en	kin	challenge_SSA-MTE	hyp1	News	NaN	0.4219
645	646	en	kin	challenge_SSA-MTE	hyp1	News	NaN	0.4772
646	647	en	kin	challenge_SSA-MTE	hyp1	News	NaN	0.4354
647	648	en	kin	challenge_SSA-MTE	hyp1	News	NaN	0.5077
648	649	en	kin	challenge_SSA-MTE	hyp1	News	NaN	0.4131
649	650	en	kin	challenge_SSA-MTE	hyp1	News	NaN	0.4102
650	651	en	kin	challenge_SSA-MTE	hyp1	News	NaN	0.3908
651	652	en	kin	challenge_SSA-MTE	hyp1	News	NaN	0.4127
652	653	en	kin	challenge_SSA-MTE	hyp1	News	NaN	0.4137
653	654	en	kin	challenge_SSA-MTE	hyp1	News	NaN	0.4220
654	655	en	kin	challenge_SSA-MTE	hyp1	News	NaN	0.4631
655	656	en	kin	challenge_SSA-MTE	hyp1	News	NaN	0.4489
656	657	en	kin	challenge_SSA-MTE	hyp1	News	NaN	0.4634
657	658	en	kin	challenge_SSA-MTE	hyp1	News	NaN	0.4591
658	659	en	kin	challenge_SSA-MTE	hyp1	News	NaN	0.4762
659	660	en	kin	challenge_SSA-MTE	hyp1	News	NaN	0.4530
660	661	en	kin	challenge_SSA-MTE	hyp1	News	NaN	0.4334
661	662	en	kin	challenge_SSA-MTE	hyp1	News	NaN	0.4397
662	663	en	kin	challenge_SSA-MTE	hyp1	News	NaN	0.3800
663	664	en	kin	challenge_SSA-MTE	hyp1	News	NaN	0.4300
664	665	en	kin	challenge_SSA-MTE	hyp1	News	NaN	0.4608
665	666	en	kin	challenge_SSA-MTE	hyp1	News	NaN	0.3578
666	667	en	kin	challenge_SSA-MTE	hyp1	News	NaN	0.3913
667	668	en	kin	challenge_SSA-MTE	hyp1	News	NaN	0.4205
668	669	en	kin	challenge_SSA-MTE	hyp1	News	NaN	0.4123
669	670	en	kin	challenge_SSA-MTE	hyp1	News	NaN	0.4442
670	671	en	kin	challenge_SSA-MTE	hyp1	News	NaN	0.3918
671	672	en	kin	challenge_SSA-MTE	hyp1	News	NaN	0.4599
672	673	en	kin	challenge_SSA-MTE	hyp1	News	NaN	0.4160
673	674	en	kin	challenge_SSA-MTE	hyp1	News	NaN	0.4725
674	675	en	kin	challenge_SSA-MTE	hyp1	News	NaN	0.4794
675	676	en	kin	challenge_SSA-MTE	hyp1	News	NaN	0.4319
676	677	en	kin	challenge_SSA-MTE	hyp1	News	NaN	0.4207
677	678	en	kin	challenge_SSA-MTE	hyp1	News	NaN	0.4046
678	679	en	kin	challenge_SSA-MTE	hyp1	News	NaN	0.4229
679	680	en	kin	challenge_SSA-MTE	hyp1	News	NaN	0.1985
680	681	en	kin	challenge_SSA-MTE	hyp1	News	NaN	0.4100
681	682	en	kin	challenge_SSA-MTE	hyp1	News	NaN	0.4046
682	683	en	kin	challenge_SSA-MTE	hyp1	News	NaN	0.3466
683	684	en	kin	challenge_SSA-MTE	hyp1	News	NaN	0.4297
684	685	en	kin	challenge_SSA-MTE	hyp1	News	NaN	0.4266
685	686	en	kin	challenge_SSA-MTE	hyp1	News	NaN	0.4057
686	687	en	kin	challenge_SSA-MTE	hyp1	News	NaN	0.4194
687	688	en	kin	challenge_SSA-MTE	hyp1	News	NaN	0.4835
688	689	en	kin	challenge_SSA-MTE	hyp1	News	NaN	0.4611
689	690	en	kin	challenge_SSA-MTE	hyp1	News	NaN	0.3921
690	691	en	kin	challenge_SSA-MTE	hyp1	News	NaN	0.4189
691	692	en	kin	challenge_SSA-MTE	hyp1	News	NaN	0.3627
692	693	en	kin	challenge_SSA-MTE	hyp1	News	NaN	0.4030
693	694	en	kin	challenge_SSA-MTE	hyp1	News	NaN	0.4544
694	695	en	kin	challenge_SSA-MTE	hyp1	News	NaN	0.3877
695	696	en	kin	challenge_SSA-MTE	hyp1	News	NaN	0.4160
696	697	en	kin	challenge_SSA-MTE	hyp1	News	NaN	0.3347
697	698	en	kin	challenge_SSA-MTE	hyp1	News	NaN	0.3933
698	699	en	kin	challenge_SSA-MTE	hyp1	News	NaN	0.3708
699	700	en	kin	challenge_SSA-MTE	hyp1	News	NaN	0.4834
700	701	en	kin	challenge_SSA-MTE	hyp1	News	NaN	0.4327
701	702	en	kin	challenge_SSA-MTE	hyp1	News	NaN	0.3846
702	703	en	kin	challenge_SSA-MTE	hyp1	News	NaN	0.3586
703	704	en	kin	challenge_SSA-MTE	hyp1	News	NaN	0.4149
704	705	en	kin	challenge_SSA-MTE	hyp1	News	NaN	0.3816
705	706	en	kin	challenge_SSA-MTE	hyp1	News	NaN	0.3625
706	707	en	kin	challenge_SSA-MTE	hyp1	News	NaN	0.3736
707	708	en	kin	challenge_SSA-MTE	hyp1	News	NaN	0.3396
708	709	en	kin	challenge_SSA-MTE	hyp1	News	NaN	0.3297
709	710	en	kin	challenge_SSA-MTE	hyp1	News	NaN	0.3087
710	711	en	kin	challenge_SSA-MTE	hyp1	News	NaN	0.3499
711	712	en	kin	challenge_SSA-MTE	hyp1	News	NaN	0.3976
712	713	en	kin	challenge_SSA-MTE	hyp1	News	NaN	0.3647
713	714	en	kin	challenge_SSA-MTE	hyp1	News	NaN	0.4195
714	715	en	kin	challenge_SSA-MTE	hyp1	News	NaN	0.4000
715	716	en	kin	challenge_SSA-MTE	hyp1	News	NaN	0.3889
716	717	en	kin	challenge_SSA-MTE	hyp1	News	NaN	0.3645
717	718	en	kin	challenge_SSA-MTE	hyp1	News	NaN	0.4255
718	719	en	kin	challenge_SSA-MTE	hyp1	News	NaN	0.4031
719	720	en	kin	challenge_SSA-MTE	hyp1	News	NaN	0.3777
720	721	en	kin	challenge_SSA-MTE	hyp1	News	NaN	0.3362
721	722	en	kin	challenge_SSA-MTE	hyp1	News	NaN	0.4033
722	723	en	kin	challenge_SSA-MTE	hyp1	News	NaN	0.4606
723	724	en	kin	challenge_SSA-MTE	hyp1	News	NaN	0.3876
724	725	en	kin	challenge_SSA-MTE	hyp1	News	NaN	0.3872
725	726	en	kin	challenge_SSA-MTE	hyp1	News	NaN	0.4561
726	727	en	kin	challenge_SSA-MTE	hyp1	News	NaN	0.5403
727	728	en	kin	challenge_SSA-MTE	hyp1	News	NaN	0.4244
728	729	en	kin	challenge_SSA-MTE	hyp1	News	NaN	0.5470
729	730	en	kin	challenge_SSA-MTE	hyp1	News	NaN	0.4398
730	731	en	kin	challenge_SSA-MTE	hyp1	News	NaN	0.5127
731	732	en	kin	challenge_SSA-MTE	hyp1	News	NaN	0.3881
732	733	en	kin	challenge_SSA-MTE	hyp1	News	NaN	0.3884
733	734	en	kin	challenge_SSA-MTE	hyp1	News	NaN	0.4311
734	735	en	kin	challenge_SSA-MTE	hyp1	News	NaN	0.4098
735	736	en	kin	challenge_SSA-MTE	hyp1	News	NaN	0.4193
736	737	en	kin	challenge_SSA-MTE	hyp1	News	NaN	0.4265
737	738	en	kin	challenge_SSA-MTE	hyp1	News	NaN	0.4470
738	739	en	kin	challenge_SSA-MTE	hyp1	News	NaN	0.4589
739	740	en	kin	challenge_SSA-MTE	hyp1	News	NaN	0.2258
740	741	en	kin	challenge_SSA-MTE	hyp1	News	NaN	0.4270
741	742	en	kin	challenge_SSA-MTE	hyp1	News	NaN	0.4552
742	743	en	kin	challenge_SSA-MTE	hyp1	News	NaN	0.5143
743	744	en	kin	challenge_SSA-MTE	hyp1	News	NaN	0.5670
744	745	en	kin	challenge_SSA-MTE	hyp1	News	NaN	0.4083
745	746	en	kin	challenge_SSA-MTE	hyp1	News	NaN	0.4056
746	747	en	kin	challenge_SSA-MTE	hyp1	News	NaN	0.3641
747	748	en	kin	challenge_SSA-MTE	hyp1	News	NaN	0.3963
748	749	en	kin	challenge_SSA-MTE	hyp1	News	NaN	0.3837
749	750	en	kin	challenge_SSA-MTE	hyp1	News	NaN	0.4374
750	751	en	kin	challenge_SSA-MTE	hyp1	News	NaN	0.4150
751	752	en	kin	challenge_SSA-MTE	hyp1	News	NaN	0.3653
752	753	en	kin	challenge_SSA-MTE	hyp1	News	NaN	0.4473
753	754	en	kin	challenge_SSA-MTE	hyp1	News	NaN	0.4399
754	755	en	kin	challenge_SSA-MTE	hyp1	News	NaN	0.3556
755	756	en	kin	challenge_SSA-MTE	hyp1	News	NaN	0.5325
756	757	en	kin	challenge_SSA-MTE	hyp1	News	NaN	0.5602
757	758	en	kin	challenge_SSA-MTE	hyp1	News	NaN	0.4431
758	759	en	kin	challenge_SSA-MTE	hyp1	News	NaN	0.4447
759	760	en	kin	challenge_SSA-MTE	hyp1	News	NaN	0.4288
760	761	en	kin	challenge_SSA-MTE	hyp1	News	NaN	0.4142
761	762	en	kin	challenge_SSA-MTE	hyp1	News	NaN	0.4021
762	763	en	kin	challenge_SSA-MTE	hyp1	News	NaN	0.3681
763	764	en	kin	challenge_SSA-MTE	hyp1	News	NaN	0.4451
764	765	en	kin	challenge_SSA-MTE	hyp1	News	NaN	0.4267
765	766	en	kin	challenge_SSA-MTE	hyp1	News	NaN	0.4157
766	767	en	kin	challenge_SSA-MTE	hyp1	News	NaN	0.4313
767	768	en	kin	challenge_SSA-MTE	hyp1	News	NaN	0.4553
768	769	en	kin	challenge_SSA-MTE	hyp1	News	NaN	0.4539
769	770	en	kin	challenge_SSA-MTE	hyp1	News	NaN	0.4410
770	771	en	kin	challenge_SSA-MTE	hyp1	News	NaN	0.4793
771	772	en	kin	challenge_SSA-MTE	hyp1	News	NaN	0.4238
772	773	en	kin	challenge_SSA-MTE	hyp1	News	NaN	0.4062
773	774	en	kin	challenge_SSA-MTE	hyp1	News	NaN	0.3976
774	775	en	kin	challenge_SSA-MTE	hyp1	News	NaN	0.3596
775	776	en	kin	challenge_SSA-MTE	hyp1	News	NaN	0.3496
776	777	en	kin	challenge_SSA-MTE	hyp1	News	NaN	0.3944
777	778	en	kin	challenge_SSA-MTE	hyp1	News	NaN	0.3684
778	779	en	kin	challenge_SSA-MTE	hyp1	News	NaN	0.4121
779	780	en	kin	challenge_SSA-MTE	hyp1	News	NaN	0.4891
780	781	en	kin	challenge_SSA-MTE	hyp1	News	NaN	0.4534
781	782	en	kin	challenge_SSA-MTE	hyp1	News	NaN	0.4230
782	783	en	kin	challenge_SSA-MTE	hyp1	News	NaN	0.5560
783	784	en	kin	challenge_SSA-MTE	hyp1	News	NaN	0.4950
784	785	en	kin	challenge_SSA-MTE	hyp1	News	NaN	0.4590
785	786	en	kin	challenge_SSA-MTE	hyp1	News	NaN	0.4363
786	787	en	kin	challenge_SSA-MTE	hyp1	News	NaN	0.4318
787	788	en	kin	challenge_SSA-MTE	hyp1	News	NaN	0.4684
788	789	en	kin	challenge_SSA-MTE	hyp1	News	NaN	0.4005
789	790	en	kin	challenge_SSA-MTE	hyp1	News	NaN	0.4760
790	791	en	kin	challenge_SSA-MTE	hyp1	News	NaN	0.3765
791	792	en	kin	challenge_SSA-MTE	hyp1	News	NaN	0.3646
792	793	en	kin	challenge_SSA-MTE	hyp1	News	NaN	0.3234
793	794	en	kin	challenge_SSA-MTE	hyp1	News	NaN	0.3619
794	795	en	kin	challenge_SSA-MTE	hyp1	News	NaN	0.4568
795	796	en	kin	challenge_SSA-MTE	hyp1	News	NaN	0.4175
796	797	en	kin	challenge_SSA-MTE	hyp1	News	NaN	0.3756
797	798	en	kin	challenge_SSA-MTE	hyp1	News	NaN	0.4055
798	799	en	kin	challenge_SSA-MTE	hyp1	News	NaN	0.3603
799	800	en	kin	challenge_SSA-MTE	hyp1	News	NaN	0.4269
800	801	en	kin	challenge_SSA-MTE	hyp1	News	NaN	0.3629
801	802	en	kin	challenge_SSA-MTE	hyp1	News	NaN	0.3939
802	803	en	kin	challenge_SSA-MTE	hyp1	News	NaN	0.3991
803	804	en	kin	challenge_SSA-MTE	hyp1	News	NaN	0.3980
804	805	en	kin	challenge_SSA-MTE	hyp1	News	NaN	0.4540
805	806	en	kin	challenge_SSA-MTE	hyp1	News	NaN	0.4498
806	807	en	kin	challenge_SSA-MTE	hyp1	News	NaN	0.3576
807	808	en	kin	challenge_SSA-MTE	hyp1	News	NaN	0.3598
808	809	en	kin	challenge_SSA-MTE	hyp1	News	NaN	0.3766
809	810	en	kin	challenge_SSA-MTE	hyp1	News	NaN	0.3498
810	811	en	kin	challenge_SSA-MTE	hyp1	News	NaN	0.3423
811	812	en	kin	challenge_SSA-MTE	hyp1	News	NaN	0.3873
812	813	en	kin	challenge_SSA-MTE	hyp1	News	NaN	0.3327
813	814	en	kin	challenge_SSA-MTE	hyp1	News	NaN	0.4092
814	815	en	kin	challenge_SSA-MTE	hyp1	News	NaN	0.4356
815	816	en	kin	challenge_SSA-MTE	hyp1	News	NaN	0.3526
816	817	en	kin	challenge_SSA-MTE	hyp1	News	NaN	0.3852
817	818	en	kin	challenge_SSA-MTE	hyp1	News	NaN	0.3803
818	819	en	kin	challenge_SSA-MTE	hyp1	News	NaN	0.4654
819	820	en	kin	challenge_SSA-MTE	hyp1	News	NaN	0.3527
820	821	en	kin	challenge_SSA-MTE	hyp1	News	NaN	0.3324
821	822	en	kin	challenge_SSA-MTE	hyp1	News	NaN	0.3877
822	823	en	kin	challenge_SSA-MTE	hyp1	News	NaN	0.3910
823	824	en	kin	challenge_SSA-MTE	hyp1	News	NaN	0.3896
824	825	en	kin	challenge_SSA-MTE	hyp1	News	NaN	0.3982
825	826	en	kin	challenge_SSA-MTE	hyp1	News	NaN	0.4437
826	827	en	kin	challenge_SSA-MTE	hyp1	News	NaN	0.3776
827	828	en	kin	challenge_SSA-MTE	hyp1	News	NaN	0.3911
828	829	en	kin	challenge_SSA-MTE	hyp1	News	NaN	0.5936
829	830	en	kin	challenge_SSA-MTE	hyp1	News	NaN	0.4414
830	831	en	kin	challenge_SSA-MTE	hyp1	News	NaN	0.3922
831	832	en	kin	challenge_SSA-MTE	hyp1	News	NaN	0.3522
832	833	en	kin	challenge_SSA-MTE	hyp1	News	NaN	0.3473
833	834	en	kin	challenge_SSA-MTE	hyp1	News	NaN	0.3531
834	835	en	kin	challenge_SSA-MTE	hyp1	News	NaN	0.2996
835	836	en	kin	challenge_SSA-MTE	hyp1	News	NaN	0.3584
836	837	en	kin	challenge_SSA-MTE	hyp1	News	NaN	0.4061
837	838	en	kin	challenge_SSA-MTE	hyp1	News	NaN	0.4633
838	839	en	kin	challenge_SSA-MTE	hyp1	News	NaN	0.5251
839	840	en	kin	challenge_SSA-MTE	hyp1	News	NaN	0.4873
840	841	en	kin	challenge_SSA-MTE	hyp1	News	NaN	0.5222
841	842	en	kin	challenge_SSA-MTE	hyp1	News	NaN	0.4475
842	843	en	kin	challenge_SSA-MTE	hyp1	News	NaN	0.4442
843	844	en	kin	challenge_SSA-MTE	hyp1	News	NaN	0.3984
844	845	en	kin	challenge_SSA-MTE	hyp1	News	NaN	0.4019
845	846	en	kin	challenge_SSA-MTE	hyp1	News	NaN	0.3831
846	847	en	kin	challenge_SSA-MTE	hyp1	News	NaN	0.3940
847	848	en	kin	challenge_SSA-MTE	hyp1	News	NaN	0.3796
848	849	en	kin	challenge_SSA-MTE	hyp1	News	NaN	0.3520
849	850	en	kin	challenge_SSA-MTE	hyp1	News	NaN	0.4102
850	851	en	kin	challenge_SSA-MTE	hyp1	News	NaN	0.4265
851	852	en	kin	challenge_SSA-MTE	hyp1	News	NaN	0.3864
852	853	en	kin	challenge_SSA-MTE	hyp1	News	NaN	0.4520
853	854	en	kin	challenge_SSA-MTE	hyp1	News	NaN	0.4560
854	855	en	kin	challenge_SSA-MTE	hyp1	News	NaN	0.4173
855	856	en	kin	challenge_SSA-MTE	hyp1	News	NaN	0.4154
856	857	en	kin	challenge_SSA-MTE	hyp1	News	NaN	0.3354
857	858	en	kin	challenge_SSA-MTE	hyp1	News	NaN	0.3661
858	859	en	kin	challenge_SSA-MTE	hyp1	News	NaN	0.3984
859	860	en	kin	challenge_SSA-MTE	hyp1	News	NaN	0.4079
860	861	en	kin	challenge_SSA-MTE	hyp1	News	NaN	0.4187
861	862	en	kin	challenge_SSA-MTE	hyp1	News	NaN	0.3880
862	863	en	kin	challenge_SSA-MTE	hyp1	News	NaN	0.4320
863	864	en	kin	challenge_SSA-MTE	hyp1	News	NaN	0.4194
864	865	en	kin	challenge_SSA-MTE	hyp1	News	NaN	0.4508
865	866	en	kin	challenge_SSA-MTE	hyp1	News	NaN	0.4487
866	867	en	kin	challenge_SSA-MTE	hyp1	News	NaN	0.4448
867	868	en	kin	challenge_SSA-MTE	hyp1	News	NaN	0.4629
868	869	en	kin	challenge_SSA-MTE	hyp1	News	NaN	0.4395
869	870	en	kin	challenge_SSA-MTE	hyp1	News	NaN	0.4398
870	871	en	kin	challenge_SSA-MTE	hyp1	News	NaN	0.4421
871	872	en	kin	challenge_SSA-MTE	hyp1	News	NaN	0.4919
872	873	en	kin	challenge_SSA-MTE	hyp1	News	NaN	0.3695
873	874	en	kin	challenge_SSA-MTE	hyp1	News	NaN	0.3818
874	875	en	kin	challenge_SSA-MTE	hyp1	News	NaN	0.3993
875	876	en	kin	challenge_SSA-MTE	hyp1	News	NaN	0.3725
876	877	en	kin	challenge_SSA-MTE	hyp1	News	NaN	0.3772
877	878	en	kin	challenge_SSA-MTE	hyp1	News	NaN	0.3438
878	879	en	kin	challenge_SSA-MTE	hyp1	News	NaN	0.4971
879	880	en	kin	challenge_SSA-MTE	hyp1	News	NaN	0.5045
880	881	en	kin	challenge_SSA-MTE	hyp1	News	NaN	0.4518
881	882	en	kin	challenge_SSA-MTE	hyp1	News	NaN	0.4874
882	883	en	kin	challenge_SSA-MTE	hyp1	News	NaN	0.5150
883	884	en	kin	challenge_SSA-MTE	hyp1	News	NaN	0.4433
884	885	en	kin	challenge_SSA-MTE	hyp1	News	NaN	0.2953
885	886	en	kin	challenge_SSA-MTE	hyp1	News	NaN	0.2837
886	887	en	kin	challenge_SSA-MTE	hyp1	News	NaN	0.2803
887	888	en	kin	challenge_SSA-MTE	hyp1	News	NaN	0.2660
888	889	en	kin	challenge_SSA-MTE	hyp1	News	NaN	0.3197
889	890	en	kin	challenge_SSA-MTE	hyp1	News	NaN	0.2644
890	891	en	kin	challenge_SSA-MTE	hyp1	News	NaN	0.5391
891	892	en	kin	challenge_SSA-MTE	hyp1	News	NaN	0.5085
892	893	en	kin	challenge_SSA-MTE	hyp1	News	NaN	0.3918
893	894	en	kin	challenge_SSA-MTE	hyp1	News	NaN	0.4102
894	895	en	kin	challenge_SSA-MTE	hyp1	News	NaN	0.4253
895	896	en	kin	challenge_SSA-MTE	hyp1	News	NaN	0.5208
896	897	en	kin	challenge_SSA-MTE	hyp1	News	NaN	0.4107
897	898	en	kin	challenge_SSA-MTE	hyp1	News	NaN	0.4309
898	899	en	kin	challenge_SSA-MTE	hyp1	News	NaN	0.4150
899	900	en	kin	challenge_SSA-MTE	hyp1	News	NaN	0.4243
900	901	en	kin	challenge_SSA-MTE	hyp1	News	NaN	0.4331
901	902	en	kin	challenge_SSA-MTE	hyp1	News	NaN	0.4203
902	903	en	kin	challenge_SSA-MTE	hyp1	News	NaN	0.4628
903	904	en	kin	challenge_SSA-MTE	hyp1	News	NaN	0.4531
904	905	en	kin	challenge_SSA-MTE	hyp1	News	NaN	0.4300
905	906	en	kin	challenge_SSA-MTE	hyp1	News	NaN	0.5382
906	907	en	kin	challenge_SSA-MTE	hyp1	News	NaN	0.4789
907	908	en	kin	challenge_SSA-MTE	hyp1	News	NaN	0.4626
908	909	en	kin	challenge_SSA-MTE	hyp1	News	NaN	0.4000
909	910	en	kin	challenge_SSA-MTE	hyp1	News	NaN	0.4335
910	911	en	kin	challenge_SSA-MTE	hyp1	News	NaN	0.4532
911	912	en	kin	challenge_SSA-MTE	hyp1	News	NaN	0.4039
912	913	en	kin	challenge_SSA-MTE	hyp1	News	NaN	0.4444
913	914	en	kin	challenge_SSA-MTE	hyp1	News	NaN	0.3742
914	915	en	kin	challenge_SSA-MTE	hyp1	News	NaN	0.3336
915	916	en	kin	challenge_SSA-MTE	hyp1	News	NaN	0.3340
916	917	en	kin	challenge_SSA-MTE	hyp1	News	NaN	0.3896
917	918	en	kin	challenge_SSA-MTE	hyp1	News	NaN	0.3629
918	919	en	kin	challenge_SSA-MTE	hyp1	News	NaN	0.3568
919	920	en	kin	challenge_SSA-MTE	hyp1	News	NaN	0.3873
920	921	en	kin	challenge_SSA-MTE	hyp1	News	NaN	0.3355
921	922	en	kin	challenge_SSA-MTE	hyp1	News	NaN	0.3397
922	923	en	kin	challenge_SSA-MTE	hyp1	News	NaN	0.4234
923	924	en	kin	challenge_SSA-MTE	hyp1	News	NaN	0.3421
924	925	en	kin	challenge_SSA-MTE	hyp1	News	NaN	0.4342
925	926	en	kin	challenge_SSA-MTE	hyp1	News	NaN	0.4000
926	927	en	kin	challenge_SSA-MTE	hyp1	News	NaN	0.3377
927	928	en	kin	challenge_SSA-MTE	hyp1	News	NaN	0.4361
928	929	en	kin	challenge_SSA-MTE	hyp1	News	NaN	0.4143
929	930	en	kin	challenge_SSA-MTE	hyp1	News	NaN	0.4427
930	931	en	kin	challenge_SSA-MTE	hyp1	News	NaN	0.4184
931	932	en	kin	challenge_SSA-MTE	hyp1	News	NaN	0.3698
932	933	en	kin	challenge_SSA-MTE	hyp1	News	NaN	0.3968
933	934	en	kin	challenge_SSA-MTE	hyp1	News	NaN	0.4060
934	935	en	kin	challenge_SSA-MTE	hyp1	News	NaN	0.4227
935	936	en	kin	challenge_SSA-MTE	hyp1	News	NaN	0.3728
936	937	en	kin	challenge_SSA-MTE	hyp1	News	NaN	0.2976
937	938	en	kin	challenge_SSA-MTE	hyp1	News	NaN	0.3144
938	939	en	kin	challenge_SSA-MTE	hyp1	News	NaN	0.2915
939	940	en	kin	challenge_SSA-MTE	hyp1	News	NaN	0.3681
940	941	en	kin	challenge_SSA-MTE	hyp1	News	NaN	0.3510
941	942	en	kin	challenge_SSA-MTE	hyp1	News	NaN	0.3174
942	943	en	kin	challenge_SSA-MTE	hyp1	News	NaN	0.3691
943	944	en	kin	challenge_SSA-MTE	hyp1	News	NaN	0.3675
944	945	en	kin	challenge_SSA-MTE	hyp1	News	NaN	0.4084
945	946	en	kin	challenge_SSA-MTE	hyp1	News	NaN	0.4126
946	947	en	kin	challenge_SSA-MTE	hyp1	News	NaN	0.3777
947	948	en	kin	challenge_SSA-MTE	hyp1	News	NaN	0.3732
948	949	en	kin	challenge_SSA-MTE	hyp1	News	NaN	0.4578
949	950	en	kin	challenge_SSA-MTE	hyp1	News	NaN	0.4191
950	951	en	kin	challenge_SSA-MTE	hyp1	News	NaN	0.3610
951	952	en	kin	challenge_SSA-MTE	hyp1	News	NaN	0.4392
952	953	en	kin	challenge_SSA-MTE	hyp1	News	NaN	0.4590
953	954	en	kin	challenge_SSA-MTE	hyp1	News	NaN	0.3546
954	955	en	kin	challenge_SSA-MTE	hyp1	News	NaN	0.4107
955	956	en	kin	challenge_SSA-MTE	hyp1	News	NaN	0.3518
956	957	en	kin	challenge_SSA-MTE	hyp1	News	NaN	0.3819
957	958	en	kin	challenge_SSA-MTE	hyp1	News	NaN	0.3988
958	959	en	kin	challenge_SSA-MTE	hyp1	News	NaN	0.3641
959	960	en	kin	challenge_SSA-MTE	hyp1	News	NaN	0.4458
960	961	en	kin	challenge_SSA-MTE	hyp1	News	NaN	0.4980
961	962	en	kin	challenge_SSA-MTE	hyp1	News	NaN	0.4762
962	963	en	kin	challenge_SSA-MTE	hyp1	News	NaN	0.4592
963	964	en	kin	challenge_SSA-MTE	hyp1	News	NaN	0.5189
964	965	en	kin	challenge_SSA-MTE	hyp1	News	NaN	0.4727
965	966	en	kin	challenge_SSA-MTE	hyp1	News	NaN	0.4270
966	967	en	kin	challenge_SSA-MTE	hyp1	News	NaN	0.3283
967	968	en	kin	challenge_SSA-MTE	hyp1	News	NaN	0.3668
968	969	en	kin	challenge_SSA-MTE	hyp1	News	NaN	0.3933
969	970	en	kin	challenge_SSA-MTE	hyp1	News	NaN	0.3897
970	971	en	kin	challenge_SSA-MTE	hyp1	News	NaN	0.3514
971	972	en	kin	challenge_SSA-MTE	hyp1	News	NaN	0.3294
972	973	en	kin	challenge_SSA-MTE	hyp1	News	NaN	0.3063
973	974	en	kin	challenge_SSA-MTE	hyp1	News	NaN	0.4267
974	975	en	kin	challenge_SSA-MTE	hyp1	News	NaN	0.3459
975	976	en	kin	challenge_SSA-MTE	hyp1	News	NaN	0.3398
976	977	en	kin	challenge_SSA-MTE	hyp1	News	NaN	0.3122
977	978	en	kin	challenge_SSA-MTE	hyp1	News	NaN	0.4467
978	979	en	kin	challenge_SSA-MTE	hyp1	News	NaN	0.4615
979	980	en	kin	challenge_SSA-MTE	hyp1	News	NaN	0.3201
980	981	en	kin	challenge_SSA-MTE	hyp1	News	NaN	0.4693
981	982	en	kin	challenge_SSA-MTE	hyp1	News	NaN	0.3936
982	983	en	kin	challenge_SSA-MTE	hyp1	News	NaN	0.4444
983	984	en	kin	challenge_SSA-MTE	hyp1	News	NaN	0.4096
984	985	en	kin	challenge_SSA-MTE	hyp1	News	NaN	0.4058
985	986	en	kin	challenge_SSA-MTE	hyp1	News	NaN	0.2768
986	987	en	kin	challenge_SSA-MTE	hyp1	News	NaN	0.4347
987	988	en	kin	challenge_SSA-MTE	hyp1	News	NaN	0.3596
988	989	en	kin	challenge_SSA-MTE	hyp1	News	NaN	0.4323
989	990	en	kin	challenge_SSA-MTE	hyp1	News	NaN	0.3184
990	991	en	kin	challenge_SSA-MTE	hyp1	News	NaN	0.3182
991	992	en	kin	challenge_SSA-MTE	hyp1	News	NaN	0.3079
992	993	en	kin	challenge_SSA-MTE	hyp1	News	NaN	0.3281
993	994	en	kin	challenge_SSA-MTE	hyp1	News	NaN	0.3029
994	995	en	kin	challenge_SSA-MTE	hyp1	News	NaN	0.3016
995	996	en	kin	challenge_SSA-MTE	hyp1	News	NaN	0.4629
996	997	en	kin	challenge_SSA-MTE	hyp1	News	NaN	0.4147
997	998	en	kin	challenge_SSA-MTE	hyp1	News	NaN	0.3865
998	999	en	kin	challenge_SSA-MTE	hyp1	News	NaN	0.4319
999	1000	en	kin	challenge_SSA-MTE	hyp1	News	NaN	0.4482
1000	1001	en	kin	challenge_SSA-MTE	hyp1	News	NaN	0.4002
1001	1002	en	kin	challenge_SSA-MTE	hyp1	News	NaN	0.3464
1002	1003	en	kin	challenge_SSA-MTE	hyp1	News	NaN	0.3317
1003	1004	en	kin	challenge_SSA-MTE	hyp1	News	NaN	0.2811
1004	1005	en	kin	challenge_SSA-MTE	hyp1	News	NaN	0.3616
1005	1006	en	kin	challenge_SSA-MTE	hyp1	News	NaN	0.3601
1006	1007	en	kin	challenge_SSA-MTE	hyp1	News	NaN	0.3135
1007	1008	en	kin	challenge_SSA-MTE	hyp1	News	NaN	0.4794
1008	1009	en	kin	challenge_SSA-MTE	hyp1	News	NaN	0.4762
1009	1010	en	kin	challenge_SSA-MTE	hyp1	News	NaN	0.4532
1010	1011	en	kin	challenge_SSA-MTE	hyp1	News	NaN	0.4213
1011	1012	en	kin	challenge_SSA-MTE	hyp1	News	NaN	0.5055
1012	1013	en	kin	challenge_SSA-MTE	hyp1	News	NaN	0.5195
1013	1014	en	kin	challenge_SSA-MTE	hyp1	News	NaN	0.4443
1014	1015	en	kin	challenge_SSA-MTE	hyp1	News	NaN	0.4226
1015	1016	en	kin	challenge_SSA-MTE	hyp1	News	NaN	0.4454
1016	1017	en	kin	challenge_SSA-MTE	hyp1	News	NaN	0.4066
1017	1018	en	kin	challenge_SSA-MTE	hyp1	News	NaN	0.4338
1018	1019	en	kin	challenge_SSA-MTE	hyp1	News	NaN	0.4485
1019	1020	en	kin	challenge_SSA-MTE	hyp1	News	NaN	0.4145
1020	1021	en	kin	challenge_SSA-MTE	hyp1	News	NaN	0.3711
1021	1022	en	kin	challenge_SSA-MTE	hyp1	News	NaN	0.4257
1022	1023	en	kin	challenge_SSA-MTE	hyp1	News	NaN	0.4015
1023	1024	en	kin	challenge_SSA-MTE	hyp1	News	NaN	0.3928
1024	1025	en	kin	challenge_SSA-MTE	hyp1	News	NaN	0.4182
1025	1026	en	kin	challenge_SSA-MTE	hyp1	News	NaN	0.3239
1026	1027	en	kin	challenge_SSA-MTE	hyp1	News	NaN	0.4361
1027	1028	en	kin	challenge_SSA-MTE	hyp1	News	NaN	0.3430
1028	1029	en	kin	challenge_SSA-MTE	hyp1	News	NaN	0.3547
1029	1030	en	kin	challenge_SSA-MTE	hyp1	News	NaN	0.3488
1030	1031	en	kin	challenge_SSA-MTE	hyp1	News	NaN	0.4776
1031	1032	en	kin	challenge_SSA-MTE	hyp1	News	NaN	0.3916
1032	1033	en	kin	challenge_SSA-MTE	hyp1	News	NaN	0.3803
1033	1034	en	kin	challenge_SSA-MTE	hyp1	News	NaN	0.4468
1034	1035	en	kin	challenge_SSA-MTE	hyp1	News	NaN	0.4815
1035	1036	en	kin	challenge_SSA-MTE	hyp1	News	NaN	0.4526
1036	1037	en	kin	challenge_SSA-MTE	hyp1	News	NaN	0.4871
1037	1038	en	kin	challenge_SSA-MTE	hyp1	News	NaN	0.3806
1038	1039	en	kin	challenge_SSA-MTE	hyp1	News	NaN	0.4136
1039	1040	en	kin	challenge_SSA-MTE	hyp1	News	NaN	0.3640
1040	1041	en	kin	challenge_SSA-MTE	hyp1	News	NaN	0.4073
1041	1042	en	kin	challenge_SSA-MTE	hyp1	News	NaN	0.4518
1042	1043	en	kin	challenge_SSA-MTE	hyp1	News	NaN	0.3780
1043	1044	en	kin	challenge_SSA-MTE	hyp1	News	NaN	0.3973
1044	1045	en	kin	challenge_SSA-MTE	hyp1	News	NaN	0.4998
1045	1046	en	kin	challenge_SSA-MTE	hyp1	News	NaN	0.4134
1046	1047	en	kin	challenge_SSA-MTE	hyp1	News	NaN	0.4566
1047	1048	en	kin	challenge_SSA-MTE	hyp1	News	NaN	0.3998
1048	1049	en	kin	challenge_SSA-MTE	hyp1	News	NaN	0.3167
1049	1050	en	kin	challenge_SSA-MTE	hyp1	News	NaN	0.3788
1050	1051	en	kin	challenge_SSA-MTE	hyp1	News	NaN	0.4277
1051	1052	en	kin	challenge_SSA-MTE	hyp1	News	NaN	0.3864
1052	1053	en	kin	challenge_SSA-MTE	hyp1	News	NaN	0.3865
1053	1054	en	kin	challenge_SSA-MTE	hyp1	News	NaN	0.4032
1054	1055	en	kin	challenge_SSA-MTE	hyp1	News	NaN	0.3702
1055	1056	en	kin	challenge_SSA-MTE	hyp1	News	NaN	0.4547
1056	1057	en	kin	challenge_SSA-MTE	hyp1	News	NaN	0.4339
1057	1058	en	kin	challenge_SSA-MTE	hyp1	News	NaN	0.4058
1058	1059	en	kin	challenge_SSA-MTE	hyp1	News	NaN	0.3890
1059	1060	en	kin	challenge_SSA-MTE	hyp1	News	NaN	0.4506
1060	1061	en	kin	challenge_SSA-MTE	hyp1	News	NaN	0.4383
1061	1062	en	kin	challenge_SSA-MTE	hyp1	News	NaN	0.3932
1062	1063	en	kin	challenge_SSA-MTE	hyp1	News	NaN	0.4990
1063	1064	en	kin	challenge_SSA-MTE	hyp1	News	NaN	0.3908
1064	1065	en	kin	challenge_SSA-MTE	hyp1	News	NaN	0.3502
1065	1066	en	kin	challenge_SSA-MTE	hyp1	News	NaN	0.3551
1066	1067	en	kin	challenge_SSA-MTE	hyp1	News	NaN	0.3568
1067	1068	en	kin	challenge_SSA-MTE	hyp1	News	NaN	0.3990
1068	1069	en	kin	challenge_SSA-MTE	hyp1	News	NaN	0.3871
1069	1070	en	kin	challenge_SSA-MTE	hyp1	News	NaN	0.3686
1070	1071	en	kin	challenge_SSA-MTE	hyp1	News	NaN	0.4012
1071	1072	en	kin	challenge_SSA-MTE	hyp1	News	NaN	0.3681
1072	1073	en	kin	challenge_SSA-MTE	hyp1	News	NaN	0.4855
1073	1074	en	kin	challenge_SSA-MTE	hyp1	News	NaN	0.3892
1074	1075	en	kin	challenge_SSA-MTE	hyp1	News	NaN	0.3679
1075	1076	en	kin	challenge_SSA-MTE	hyp1	News	NaN	0.4326
1076	1077	en	kin	challenge_SSA-MTE	hyp1	News	NaN	0.3344
1077	1078	en	kin	challenge_SSA-MTE	hyp1	News	NaN	0.3431
1078	1079	en	kin	challenge_SSA-MTE	hyp1	News	NaN	0.3304
1079	1080	en	kin	challenge_SSA-MTE	hyp1	News	NaN	0.3836
1080	1081	en	kin	challenge_SSA-MTE	hyp1	News	NaN	0.3674
1081	1082	en	kin	challenge_SSA-MTE	hyp1	News	NaN	0.3808
1082	1083	en	kin	challenge_SSA-MTE	hyp1	News	NaN	0.3857
1083	1084	en	kin	challenge_SSA-MTE	hyp1	News	NaN	0.3988
1084	1085	en	kin	challenge_SSA-MTE	hyp1	News	NaN	0.3678
1085	1086	en	kin	challenge_SSA-MTE	hyp1	News	NaN	0.3809
1086	1087	en	kin	challenge_SSA-MTE	hyp1	News	NaN	0.4049
1087	1088	en	kin	challenge_SSA-MTE	hyp1	News	NaN	0.3927
1088	1089	en	kin	challenge_SSA-MTE	hyp1	News	NaN	0.4648
1089	1090	en	kin	challenge_SSA-MTE	hyp1	News	NaN	0.3945
1090	1091	en	kin	challenge_SSA-MTE	hyp1	News	NaN	0.4879
1091	1092	en	kin	challenge_SSA-MTE	hyp1	News	NaN	0.3910
1092	1093	en	kin	challenge_SSA-MTE	hyp1	News	NaN	0.4378
1093	1094	en	kin	challenge_SSA-MTE	hyp1	News	NaN	0.3986
1094	1095	en	kin	challenge_SSA-MTE	hyp1	News	NaN	0.3802
1095	1096	en	kin	challenge_SSA-MTE	hyp1	News	NaN	0.4031
1096	1097	en	kin	challenge_SSA-MTE	hyp1	News	NaN	0.3792
1097	1098	en	kin	challenge_SSA-MTE	hyp1	News	NaN	0.3923
1098	1099	en	kin	challenge_SSA-MTE	hyp1	News	NaN	0.4874
1099	1100	en	kin	challenge_SSA-MTE	hyp1	News	NaN	0.3786
1100	1101	en	kin	challenge_SSA-MTE	hyp1	News	NaN	0.3508
1101	1102	en	kin	challenge_SSA-MTE	hyp1	News	NaN	0.3233
1102	1103	en	kin	challenge_SSA-MTE	hyp1	News	NaN	0.3437
1103	1104	en	kin	challenge_SSA-MTE	hyp1	News	NaN	0.3396
1104	1105	en	kin	challenge_SSA-MTE	hyp1	News	NaN	0.2979
1105	1106	en	kin	challenge_SSA-MTE	hyp1	News	NaN	0.3711
1106	1107	en	kin	challenge_SSA-MTE	hyp1	News	NaN	0.3904
1107	1108	en	kin	challenge_SSA-MTE	hyp1	News	NaN	0.3721
1108	1109	en	kin	challenge_SSA-MTE	hyp1	News	NaN	0.3858
1109	1110	en	kin	challenge_SSA-MTE	hyp1	News	NaN	0.4187
1110	1111	en	kin	challenge_SSA-MTE	hyp1	News	NaN	0.3793
1111	1112	en	kin	challenge_SSA-MTE	hyp1	News	NaN	0.4721
1112	1113	en	kin	challenge_SSA-MTE	hyp1	News	NaN	0.4482
1113	1114	en	kin	challenge_SSA-MTE	hyp1	News	NaN	0.4193
1114	1115	en	kin	challenge_SSA-MTE	hyp1	News	NaN	0.3977
1115	1116	en	kin	challenge_SSA-MTE	hyp1	News	NaN	0.4144
1116	1117	en	kin	challenge_SSA-MTE	hyp1	News	NaN	0.4306
1117	1118	en	kin	challenge_SSA-MTE	hyp1	News	NaN	0.4050
1118	1119	en	kin	challenge_SSA-MTE	hyp1	News	NaN	0.3694
1119	1120	en	kin	challenge_SSA-MTE	hyp1	News	NaN	0.3960
1120	1121	en	kin	challenge_SSA-MTE	hyp1	News	NaN	0.3799
1121	1122	en	kin	challenge_SSA-MTE	hyp1	News	NaN	0.3749
1122	1123	en	kin	challenge_SSA-MTE	hyp1	News	NaN	0.3693
1123	1124	en	kin	challenge_SSA-MTE	hyp1	News	NaN	0.4069
1124	1125	en	kin	challenge_SSA-MTE	hyp1	News	NaN	0.3571
1125	1126	en	kin	challenge_SSA-MTE	hyp1	News	NaN	0.3440
1126	1127	en	kin	challenge_SSA-MTE	hyp1	News	NaN	0.4181
1127	1128	en	kin	challenge_SSA-MTE	hyp1	News	NaN	0.3959
1128	1129	en	kin	challenge_SSA-MTE	hyp1	News	NaN	0.4191
1129	1130	en	kin	challenge_SSA-MTE	hyp1	News	NaN	0.4141
1130	1131	en	kin	challenge_SSA-MTE	hyp1	News	NaN	0.2593
1131	1132	en	kin	challenge_SSA-MTE	hyp1	News	NaN	0.3942
1132	1133	en	kin	challenge_SSA-MTE	hyp1	News	NaN	0.4417
1133	1134	en	kin	challenge_SSA-MTE	hyp1	News	NaN	0.4892
1134	1135	en	kin	challenge_SSA-MTE	hyp1	News	NaN	0.4138
1135	1136	en	kin	challenge_SSA-MTE	hyp1	News	NaN	0.4120
1136	1137	en	kin	challenge_SSA-MTE	hyp1	News	NaN	0.4200
1137	1138	en	kin	challenge_SSA-MTE	hyp1	News	NaN	0.3533
1138	1139	en	kin	challenge_SSA-MTE	hyp1	News	NaN	0.4183
1139	1140	en	kin	challenge_SSA-MTE	hyp1	News	NaN	0.3784
1140	1141	en	kin	challenge_SSA-MTE	hyp1	News	NaN	0.3730
1141	1142	en	kin	challenge_SSA-MTE	hyp1	News	NaN	0.3994
1142	1143	en	kin	challenge_SSA-MTE	hyp1	News	NaN	0.3409
1143	1144	en	kin	challenge_SSA-MTE	hyp1	News	NaN	0.3860
1144	1145	en	kin	challenge_SSA-MTE	hyp1	News	NaN	0.4078
1145	1146	en	kin	challenge_SSA-MTE	hyp1	News	NaN	0.4794
1146	1147	en	kin	challenge_SSA-MTE	hyp1	News	NaN	0.3370
1147	1148	en	kin	challenge_SSA-MTE	hyp1	News	NaN	0.4076
1148	1149	en	kin	challenge_SSA-MTE	hyp1	News	NaN	0.2865
1149	1150	en	kin	challenge_SSA-MTE	hyp1	News	NaN	0.2734
1150	1151	en	kin	challenge_SSA-MTE	hyp1	News	NaN	0.3919
1151	1152	en	kin	challenge_SSA-MTE	hyp1	News	NaN	0.4071
1152	1153	en	kin	challenge_SSA-MTE	hyp1	News	NaN	0.3517
1153	1154	en	kin	challenge_SSA-MTE	hyp1	News	NaN	0.3501
1154	1155	en	kin	challenge_SSA-MTE	hyp1	News	NaN	0.3051
1155	1156	en	kin	challenge_SSA-MTE	hyp1	News	NaN	0.3168
1156	1157	en	kin	challenge_SSA-MTE	hyp1	News	NaN	0.3592
1157	1158	en	kin	challenge_SSA-MTE	hyp1	News	NaN	0.3233
1158	1159	en	kin	challenge_SSA-MTE	hyp1	News	NaN	0.3234
1159	1160	en	kin	challenge_SSA-MTE	hyp1	News	NaN	0.3368
1160	1161	en	kin	challenge_SSA-MTE	hyp1	News	NaN	0.3251
1161	1162	en	kin	challenge_SSA-MTE	hyp1	News	NaN	0.3234
1162	1163	en	kin	challenge_SSA-MTE	hyp1	News	NaN	0.3538
1163	1164	en	kin	challenge_SSA-MTE	hyp1	News	NaN	0.3134
1164	1165	en	kin	challenge_SSA-MTE	hyp1	News	NaN	0.4506
1165	1166	en	kin	challenge_SSA-MTE	hyp1	News	NaN	0.4353
1166	1167	en	kin	challenge_SSA-MTE	hyp1	News	NaN	0.5115
1167	1168	en	kin	challenge_SSA-MTE	hyp1	News	NaN	0.4012
1168	1169	en	kin	challenge_SSA-MTE	hyp1	News	NaN	0.4318
1169	1170	en	kin	challenge_SSA-MTE	hyp1	News	NaN	0.4563
1170	1171	en	kin	challenge_SSA-MTE	hyp1	News	NaN	0.4589
1171	1172	en	kin	challenge_SSA-MTE	hyp1	News	NaN	0.4779
1172	1173	en	kin	challenge_SSA-MTE	hyp1	News	NaN	0.2876
1173	1174	en	kin	challenge_SSA-MTE	hyp1	News	NaN	0.4375
1174	1175	en	kin	challenge_SSA-MTE	hyp1	News	NaN	0.4116
1175	1176	en	kin	challenge_SSA-MTE	hyp1	News	NaN	0.4469
1176	1177	en	kin	challenge_SSA-MTE	hyp1	News	NaN	0.3553
1177	1178	en	kin	challenge_SSA-MTE	hyp1	News	NaN	0.3476
1178	1179	en	kin	challenge_SSA-MTE	hyp1	News	NaN	0.4267
1179	1180	en	kin	challenge_SSA-MTE	hyp1	News	NaN	0.4606
1180	1181	en	kin	challenge_SSA-MTE	hyp1	News	NaN	0.4020
1181	1182	en	kin	challenge_SSA-MTE	hyp1	News	NaN	0.3678
1182	1183	en	kin	challenge_SSA-MTE	hyp1	News	NaN	0.4072
1183	1184	en	kin	challenge_SSA-MTE	hyp1	News	NaN	0.3545
1184	1185	en	kin	challenge_SSA-MTE	hyp1	News	NaN	0.3371
1185	1186	en	kin	challenge_SSA-MTE	hyp1	News	NaN	0.4113
1186	1187	en	kin	challenge_SSA-MTE	hyp1	News	NaN	0.3832
1187	1188	en	kin	challenge_SSA-MTE	hyp1	News	NaN	0.4180
1188	1189	en	kin	challenge_SSA-MTE	hyp1	News	NaN	0.3935
1189	1190	en	kin	challenge_SSA-MTE	hyp1	News	NaN	0.3963
1190	1191	en	kin	challenge_SSA-MTE	hyp1	News	NaN	0.4350
1191	1192	en	kin	challenge_SSA-MTE	hyp1	News	NaN	0.4170
1192	1193	en	kin	challenge_SSA-MTE	hyp1	News	NaN	0.3791
1193	1194	en	kin	challenge_SSA-MTE	hyp1	News	NaN	0.3716
1194	1195	en	kin	challenge_SSA-MTE	hyp1	News	NaN	0.3555
1195	1196	en	kin	challenge_SSA-MTE	hyp1	News	NaN	0.3497
1196	1197	en	kin	challenge_SSA-MTE	hyp1	News	NaN	0.4278
1197	1198	en	kin	challenge_SSA-MTE	hyp1	News	NaN	0.3752
1198	1199	en	kin	challenge_SSA-MTE	hyp1	News	NaN	0.4238
1199	1200	en	kin	challenge_SSA-MTE	hyp1	News	NaN	0.4224
1200	1201	en	kin	challenge_SSA-MTE	hyp1	News	NaN	0.4242
1201	1202	en	kin	challenge_SSA-MTE	hyp1	News	NaN	0.4584
1202	1203	en	kin	challenge_SSA-MTE	hyp1	News	NaN	0.4237
1203	1204	en	kin	challenge_SSA-MTE	hyp1	News	NaN	0.4513
1204	1205	en	kin	challenge_SSA-MTE	hyp1	News	NaN	0.4998
1205	1206	en	kin	challenge_SSA-MTE	hyp1	News	NaN	0.4416
1206	1207	en	kin	challenge_SSA-MTE	hyp1	News	NaN	0.4157
1207	1208	en	kin	challenge_SSA-MTE	hyp1	News	NaN	0.4610
1208	1209	en	kin	challenge_SSA-MTE	hyp1	News	NaN	0.4178
1209	1210	en	kin	challenge_SSA-MTE	hyp1	News	NaN	0.4917
0	1	en	luo	challenge_SSA-MTE	hyp1	News	NaN	0.3358
1	2	en	luo	challenge_SSA-MTE	hyp1	News	NaN	0.4000
2	3	en	luo	challenge_SSA-MTE	hyp1	News	NaN	0.3543
3	4	en	luo	challenge_SSA-MTE	hyp1	News	NaN	0.4457
4	5	en	luo	challenge_SSA-MTE	hyp1	News	NaN	0.4719
5	6	en	luo	challenge_SSA-MTE	hyp1	News	NaN	0.5761
6	7	en	luo	challenge_SSA-MTE	hyp1	News	NaN	0.4996
7	8	en	luo	challenge_SSA-MTE	hyp1	News	NaN	0.3860
8	9	en	luo	challenge_SSA-MTE	hyp1	News	NaN	0.4216
9	10	en	luo	challenge_SSA-MTE	hyp1	News	NaN	0.4711
10	11	en	luo	challenge_SSA-MTE	hyp1	News	NaN	0.5276
11	12	en	luo	challenge_SSA-MTE	hyp1	News	NaN	0.5268
12	13	en	luo	challenge_SSA-MTE	hyp1	News	NaN	0.6019
13	14	en	luo	challenge_SSA-MTE	hyp1	News	NaN	0.3781
14	15	en	luo	challenge_SSA-MTE	hyp1	News	NaN	0.6692
15	16	en	luo	challenge_SSA-MTE	hyp1	News	NaN	0.6195
16	17	en	luo	challenge_SSA-MTE	hyp1	News	NaN	0.4339
17	18	en	luo	challenge_SSA-MTE	hyp1	News	NaN	0.3536
18	19	en	luo	challenge_SSA-MTE	hyp1	News	NaN	0.3301
19	20	en	luo	challenge_SSA-MTE	hyp1	News	NaN	0.4084
20	21	en	luo	challenge_SSA-MTE	hyp1	News	NaN	0.3573
21	22	en	luo	challenge_SSA-MTE	hyp1	News	NaN	0.3847
22	23	en	luo	challenge_SSA-MTE	hyp1	News	NaN	0.6147
23	24	en	luo	challenge_SSA-MTE	hyp1	News	NaN	0.4515
24	25	en	luo	challenge_SSA-MTE	hyp1	News	NaN	0.3431
25	26	en	luo	challenge_SSA-MTE	hyp1	News	NaN	0.3070
26	27	en	luo	challenge_SSA-MTE	hyp1	News	NaN	0.5057
27	28	en	luo	challenge_SSA-MTE	hyp1	News	NaN	0.3306
28	29	en	luo	challenge_SSA-MTE	hyp1	News	NaN	0.4069
29	30	en	luo	challenge_SSA-MTE	hyp1	News	NaN	0.4940
30	31	en	luo	challenge_SSA-MTE	hyp1	News	NaN	0.5515
31	32	en	luo	challenge_SSA-MTE	hyp1	News	NaN	0.6657
32	33	en	luo	challenge_SSA-MTE	hyp1	News	NaN	0.5492
33	34	en	luo	challenge_SSA-MTE	hyp1	News	NaN	0.4392
34	35	en	luo	challenge_SSA-MTE	hyp1	News	NaN	0.5370
35	36	en	luo	challenge_SSA-MTE	hyp1	News	NaN	0.4425
36	37	en	luo	challenge_SSA-MTE	hyp1	News	NaN	0.5440
37	38	en	luo	challenge_SSA-MTE	hyp1	News	NaN	0.6316
38	39	en	luo	challenge_SSA-MTE	hyp1	News	NaN	0.4615
39	40	en	luo	challenge_SSA-MTE	hyp1	News	NaN	0.6407
40	41	en	luo	challenge_SSA-MTE	hyp1	News	NaN	0.5640
41	42	en	luo	challenge_SSA-MTE	hyp1	News	NaN	0.4848
42	43	en	luo	challenge_SSA-MTE	hyp1	News	NaN	0.6071
43	44	en	luo	challenge_SSA-MTE	hyp1	News	NaN	0.7654
44	45	en	luo	challenge_SSA-MTE	hyp1	News	NaN	0.5559
45	46	en	luo	challenge_SSA-MTE	hyp1	News	NaN	0.7124
46	47	en	luo	challenge_SSA-MTE	hyp1	News	NaN	0.3436
47	48	en	luo	challenge_SSA-MTE	hyp1	News	NaN	0.4001
48	49	en	luo	challenge_SSA-MTE	hyp1	News	NaN	0.3468
49	50	en	luo	challenge_SSA-MTE	hyp1	News	NaN	0.4000
50	51	en	luo	challenge_SSA-MTE	hyp1	News	NaN	0.4077
51	52	en	luo	challenge_SSA-MTE	hyp1	News	NaN	0.4571
52	53	en	luo	challenge_SSA-MTE	hyp1	News	NaN	0.5993
53	54	en	luo	challenge_SSA-MTE	hyp1	News	NaN	0.4885
54	55	en	luo	challenge_SSA-MTE	hyp1	News	NaN	0.3773
55	56	en	luo	challenge_SSA-MTE	hyp1	News	NaN	0.5006
56	57	en	luo	challenge_SSA-MTE	hyp1	News	NaN	0.4488
57	58	en	luo	challenge_SSA-MTE	hyp1	News	NaN	0.4400
58	59	en	luo	challenge_SSA-MTE	hyp1	News	NaN	0.4554
59	60	en	luo	challenge_SSA-MTE	hyp1	News	NaN	0.3198
60	61	en	luo	challenge_SSA-MTE	hyp1	News	NaN	0.4754
61	62	en	luo	challenge_SSA-MTE	hyp1	News	NaN	0.4741
62	63	en	luo	challenge_SSA-MTE	hyp1	News	NaN	0.5857
63	64	en	luo	challenge_SSA-MTE	hyp1	News	NaN	0.5564
64	65	en	luo	challenge_SSA-MTE	hyp1	News	NaN	0.4828
65	66	en	luo	challenge_SSA-MTE	hyp1	News	NaN	0.3123
66	67	en	luo	challenge_SSA-MTE	hyp1	News	NaN	0.3739
67	68	en	luo	challenge_SSA-MTE	hyp1	News	NaN	0.3179
68	69	en	luo	challenge_SSA-MTE	hyp1	News	NaN	0.3723
69	70	en	luo	challenge_SSA-MTE	hyp1	News	NaN	0.4772
70	71	en	luo	challenge_SSA-MTE	hyp1	News	NaN	0.5802
71	72	en	luo	challenge_SSA-MTE	hyp1	News	NaN	0.3914
72	73	en	luo	challenge_SSA-MTE	hyp1	News	NaN	0.5806
73	74	en	luo	challenge_SSA-MTE	hyp1	News	NaN	0.6301
74	75	en	luo	challenge_SSA-MTE	hyp1	News	NaN	0.5048
75	76	en	luo	challenge_SSA-MTE	hyp1	News	NaN	0.3432
76	77	en	luo	challenge_SSA-MTE	hyp1	News	NaN	0.4068
77	78	en	luo	challenge_SSA-MTE	hyp1	News	NaN	0.3244
78	79	en	luo	challenge_SSA-MTE	hyp1	News	NaN	0.3526
79	80	en	luo	challenge_SSA-MTE	hyp1	News	NaN	0.5049
80	81	en	luo	challenge_SSA-MTE	hyp1	News	NaN	0.6048
81	82	en	luo	challenge_SSA-MTE	hyp1	News	NaN	0.4466
82	83	en	luo	challenge_SSA-MTE	hyp1	News	NaN	0.4238
83	84	en	luo	challenge_SSA-MTE	hyp1	News	NaN	0.2646
84	85	en	luo	challenge_SSA-MTE	hyp1	News	NaN	0.5352
85	86	en	luo	challenge_SSA-MTE	hyp1	News	NaN	0.4771
86	87	en	luo	challenge_SSA-MTE	hyp1	News	NaN	0.4862
87	88	en	luo	challenge_SSA-MTE	hyp1	News	NaN	0.5302
88	89	en	luo	challenge_SSA-MTE	hyp1	News	NaN	0.4172
89	90	en	luo	challenge_SSA-MTE	hyp1	News	NaN	0.5010
90	91	en	luo	challenge_SSA-MTE	hyp1	News	NaN	0.3188
91	92	en	luo	challenge_SSA-MTE	hyp1	News	NaN	0.4693
92	93	en	luo	challenge_SSA-MTE	hyp1	News	NaN	0.3913
93	94	en	luo	challenge_SSA-MTE	hyp1	News	NaN	0.4187
94	95	en	luo	challenge_SSA-MTE	hyp1	News	NaN	0.3397
95	96	en	luo	challenge_SSA-MTE	hyp1	News	NaN	0.4393
96	97	en	luo	challenge_SSA-MTE	hyp1	News	NaN	0.2798
97	98	en	luo	challenge_SSA-MTE	hyp1	News	NaN	0.3843
98	99	en	luo	challenge_SSA-MTE	hyp1	News	NaN	0.6023
99	100	en	luo	challenge_SSA-MTE	hyp1	News	NaN	0.4301
100	101	en	luo	challenge_SSA-MTE	hyp1	News	NaN	0.3515
101	102	en	luo	challenge_SSA-MTE	hyp1	News	NaN	0.4770
102	103	en	luo	challenge_SSA-MTE	hyp1	News	NaN	0.4014
103	104	en	luo	challenge_SSA-MTE	hyp1	News	NaN	0.4583
104	105	en	luo	challenge_SSA-MTE	hyp1	News	NaN	0.5841
105	106	en	luo	challenge_SSA-MTE	hyp1	News	NaN	0.6446
106	107	en	luo	challenge_SSA-MTE	hyp1	News	NaN	0.3554
107	108	en	luo	challenge_SSA-MTE	hyp1	News	NaN	0.4566
108	109	en	luo	challenge_SSA-MTE	hyp1	News	NaN	0.4065
109	110	en	luo	challenge_SSA-MTE	hyp1	News	NaN	0.4077
110	111	en	luo	challenge_SSA-MTE	hyp1	News	NaN	0.5034
111	112	en	luo	challenge_SSA-MTE	hyp1	News	NaN	0.4323
112	113	en	luo	challenge_SSA-MTE	hyp1	News	NaN	0.3884
113	114	en	luo	challenge_SSA-MTE	hyp1	News	NaN	0.5422
114	115	en	luo	challenge_SSA-MTE	hyp1	News	NaN	0.4411
115	116	en	luo	challenge_SSA-MTE	hyp1	News	NaN	0.4128
116	117	en	luo	challenge_SSA-MTE	hyp1	News	NaN	0.4695
117	118	en	luo	challenge_SSA-MTE	hyp1	News	NaN	0.4404
118	119	en	luo	challenge_SSA-MTE	hyp1	News	NaN	0.3444
119	120	en	luo	challenge_SSA-MTE	hyp1	News	NaN	0.4912
120	121	en	luo	challenge_SSA-MTE	hyp1	News	NaN	0.5487
121	122	en	luo	challenge_SSA-MTE	hyp1	News	NaN	0.5100
122	123	en	luo	challenge_SSA-MTE	hyp1	News	NaN	0.5076
123	124	en	luo	challenge_SSA-MTE	hyp1	News	NaN	0.3666
124	125	en	luo	challenge_SSA-MTE	hyp1	News	NaN	0.5540
125	126	en	luo	challenge_SSA-MTE	hyp1	News	NaN	0.4161
126	127	en	luo	challenge_SSA-MTE	hyp1	News	NaN	0.3814
127	128	en	luo	challenge_SSA-MTE	hyp1	News	NaN	0.4391
128	129	en	luo	challenge_SSA-MTE	hyp1	News	NaN	0.6108
129	130	en	luo	challenge_SSA-MTE	hyp1	News	NaN	0.3849
130	131	en	luo	challenge_SSA-MTE	hyp1	News	NaN	0.5426
131	132	en	luo	challenge_SSA-MTE	hyp1	News	NaN	0.4442
132	133	en	luo	challenge_SSA-MTE	hyp1	News	NaN	0.4607
133	134	en	luo	challenge_SSA-MTE	hyp1	News	NaN	0.5165
134	135	en	luo	challenge_SSA-MTE	hyp1	News	NaN	0.2641
135	136	en	luo	challenge_SSA-MTE	hyp1	News	NaN	0.5302
136	137	en	luo	challenge_SSA-MTE	hyp1	News	NaN	0.5019
137	138	en	luo	challenge_SSA-MTE	hyp1	News	NaN	0.3948
138	139	en	luo	challenge_SSA-MTE	hyp1	News	NaN	0.4395
139	140	en	luo	challenge_SSA-MTE	hyp1	News	NaN	0.6638
140	141	en	luo	challenge_SSA-MTE	hyp1	News	NaN	0.5121
141	142	en	luo	challenge_SSA-MTE	hyp1	News	NaN	0.5210
142	143	en	luo	challenge_SSA-MTE	hyp1	News	NaN	0.4217
143	144	en	luo	challenge_SSA-MTE	hyp1	News	NaN	0.6971
144	145	en	luo	challenge_SSA-MTE	hyp1	News	NaN	0.3508
145	146	en	luo	challenge_SSA-MTE	hyp1	News	NaN	0.3721
146	147	en	luo	challenge_SSA-MTE	hyp1	News	NaN	0.3926
147	148	en	luo	challenge_SSA-MTE	hyp1	News	NaN	0.4601
148	149	en	luo	challenge_SSA-MTE	hyp1	News	NaN	0.4457
149	150	en	luo	challenge_SSA-MTE	hyp1	News	NaN	0.4529
150	151	en	luo	challenge_SSA-MTE	hyp1	News	NaN	0.3690
151	152	en	luo	challenge_SSA-MTE	hyp1	News	NaN	0.4108
152	153	en	luo	challenge_SSA-MTE	hyp1	News	NaN	0.4602
153	154	en	luo	challenge_SSA-MTE	hyp1	News	NaN	0.4920
154	155	en	luo	challenge_SSA-MTE	hyp1	News	NaN	0.5519
155	156	en	luo	challenge_SSA-MTE	hyp1	News	NaN	0.5847
156	157	en	luo	challenge_SSA-MTE	hyp1	News	NaN	0.4840
157	158	en	luo	challenge_SSA-MTE	hyp1	News	NaN	0.4321
158	159	en	luo	challenge_SSA-MTE	hyp1	News	NaN	0.3503
159	160	en	luo	challenge_SSA-MTE	hyp1	News	NaN	0.3525
160	161	en	luo	challenge_SSA-MTE	hyp1	News	NaN	0.3301
161	162	en	luo	challenge_SSA-MTE	hyp1	News	NaN	0.5304
162	163	en	luo	challenge_SSA-MTE	hyp1	News	NaN	0.4519
163	164	en	luo	challenge_SSA-MTE	hyp1	News	NaN	0.5939
164	165	en	luo	challenge_SSA-MTE	hyp1	News	NaN	0.4800
165	166	en	luo	challenge_SSA-MTE	hyp1	News	NaN	0.5134
166	167	en	luo	challenge_SSA-MTE	hyp1	News	NaN	0.5578
167	168	en	luo	challenge_SSA-MTE	hyp1	News	NaN	0.4505
168	169	en	luo	challenge_SSA-MTE	hyp1	News	NaN	0.4376
169	170	en	luo	challenge_SSA-MTE	hyp1	News	NaN	0.4730
170	171	en	luo	challenge_SSA-MTE	hyp1	News	NaN	0.3868
171	172	en	luo	challenge_SSA-MTE	hyp1	News	NaN	0.3811
172	173	en	luo	challenge_SSA-MTE	hyp1	News	NaN	0.4286
173	174	en	luo	challenge_SSA-MTE	hyp1	News	NaN	0.4543
174	175	en	luo	challenge_SSA-MTE	hyp1	News	NaN	0.3673
175	176	en	luo	challenge_SSA-MTE	hyp1	News	NaN	0.4046
176	177	en	luo	challenge_SSA-MTE	hyp1	News	NaN	0.3231
177	178	en	luo	challenge_SSA-MTE	hyp1	News	NaN	0.3256
178	179	en	luo	challenge_SSA-MTE	hyp1	News	NaN	0.4240
179	180	en	luo	challenge_SSA-MTE	hyp1	News	NaN	0.5648
180	181	en	luo	challenge_SSA-MTE	hyp1	News	NaN	0.3639
181	182	en	luo	challenge_SSA-MTE	hyp1	News	NaN	0.3431
182	183	en	luo	challenge_SSA-MTE	hyp1	News	NaN	0.3862
183	184	en	luo	challenge_SSA-MTE	hyp1	News	NaN	0.3224
184	185	en	luo	challenge_SSA-MTE	hyp1	News	NaN	0.3541
185	186	en	luo	challenge_SSA-MTE	hyp1	News	NaN	0.4145
186	187	en	luo	challenge_SSA-MTE	hyp1	News	NaN	0.4861
187	188	en	luo	challenge_SSA-MTE	hyp1	News	NaN	0.4007
188	189	en	luo	challenge_SSA-MTE	hyp1	News	NaN	0.4324
189	190	en	luo	challenge_SSA-MTE	hyp1	News	NaN	0.3820
190	191	en	luo	challenge_SSA-MTE	hyp1	News	NaN	0.4554
191	192	en	luo	challenge_SSA-MTE	hyp1	News	NaN	0.4112
192	193	en	luo	challenge_SSA-MTE	hyp1	News	NaN	0.3839
193	194	en	luo	challenge_SSA-MTE	hyp1	News	NaN	0.3902
194	195	en	luo	challenge_SSA-MTE	hyp1	News	NaN	0.3886
195	196	en	luo	challenge_SSA-MTE	hyp1	News	NaN	0.3600
196	197	en	luo	challenge_SSA-MTE	hyp1	News	NaN	0.3558
197	198	en	luo	challenge_SSA-MTE	hyp1	News	NaN	0.4063
198	199	en	luo	challenge_SSA-MTE	hyp1	News	NaN	0.3725
199	200	en	luo	challenge_SSA-MTE	hyp1	News	NaN	0.3347
200	201	en	luo	challenge_SSA-MTE	hyp1	News	NaN	0.3603
201	202	en	luo	challenge_SSA-MTE	hyp1	News	NaN	0.3887
202	203	en	luo	challenge_SSA-MTE	hyp1	News	NaN	0.5396
203	204	en	luo	challenge_SSA-MTE	hyp1	News	NaN	0.5393
204	205	en	luo	challenge_SSA-MTE	hyp1	News	NaN	0.4193
205	206	en	luo	challenge_SSA-MTE	hyp1	News	NaN	0.4704
206	207	en	luo	challenge_SSA-MTE	hyp1	News	NaN	0.5241
207	208	en	luo	challenge_SSA-MTE	hyp1	News	NaN	0.4289
208	209	en	luo	challenge_SSA-MTE	hyp1	News	NaN	0.4372
209	210	en	luo	challenge_SSA-MTE	hyp1	News	NaN	0.4325
210	211	en	luo	challenge_SSA-MTE	hyp1	News	NaN	0.2965
211	212	en	luo	challenge_SSA-MTE	hyp1	News	NaN	0.3493
212	213	en	luo	challenge_SSA-MTE	hyp1	News	NaN	0.4345
213	214	en	luo	challenge_SSA-MTE	hyp1	News	NaN	0.4784
214	215	en	luo	challenge_SSA-MTE	hyp1	News	NaN	0.4910
215	216	en	luo	challenge_SSA-MTE	hyp1	News	NaN	0.4727
216	217	en	luo	challenge_SSA-MTE	hyp1	News	NaN	0.3703
217	218	en	luo	challenge_SSA-MTE	hyp1	News	NaN	0.5173
218	219	en	luo	challenge_SSA-MTE	hyp1	News	NaN	0.4264
219	220	en	luo	challenge_SSA-MTE	hyp1	News	NaN	0.4113
220	221	en	luo	challenge_SSA-MTE	hyp1	News	NaN	0.4231
221	222	en	luo	challenge_SSA-MTE	hyp1	News	NaN	0.5935
222	223	en	luo	challenge_SSA-MTE	hyp1	News	NaN	0.3611
223	224	en	luo	challenge_SSA-MTE	hyp1	News	NaN	0.4150
224	225	en	luo	challenge_SSA-MTE	hyp1	News	NaN	0.3276
225	226	en	luo	challenge_SSA-MTE	hyp1	News	NaN	0.5279
226	227	en	luo	challenge_SSA-MTE	hyp1	News	NaN	0.4436
227	228	en	luo	challenge_SSA-MTE	hyp1	News	NaN	0.4241
228	229	en	luo	challenge_SSA-MTE	hyp1	News	NaN	0.3938
229	230	en	luo	challenge_SSA-MTE	hyp1	News	NaN	0.4119
230	231	en	luo	challenge_SSA-MTE	hyp1	News	NaN	0.4305
231	232	en	luo	challenge_SSA-MTE	hyp1	News	NaN	0.4466
232	233	en	luo	challenge_SSA-MTE	hyp1	News	NaN	0.5814
233	234	en	luo	challenge_SSA-MTE	hyp1	News	NaN	0.4615
234	235	en	luo	challenge_SSA-MTE	hyp1	News	NaN	0.3411
235	236	en	luo	challenge_SSA-MTE	hyp1	News	NaN	0.5400
236	237	en	luo	challenge_SSA-MTE	hyp1	News	NaN	0.5614
237	238	en	luo	challenge_SSA-MTE	hyp1	News	NaN	0.4763
238	239	en	luo	challenge_SSA-MTE	hyp1	News	NaN	0.3976
239	240	en	luo	challenge_SSA-MTE	hyp1	News	NaN	0.4422
240	241	en	luo	challenge_SSA-MTE	hyp1	News	NaN	0.4158
241	242	en	luo	challenge_SSA-MTE	hyp1	News	NaN	0.5865
242	243	en	luo	challenge_SSA-MTE	hyp1	News	NaN	0.4581
243	244	en	luo	challenge_SSA-MTE	hyp1	News	NaN	0.4371
244	245	en	luo	challenge_SSA-MTE	hyp1	News	NaN	0.4844
245	246	en	luo	challenge_SSA-MTE	hyp1	News	NaN	0.5443
246	247	en	luo	challenge_SSA-MTE	hyp1	News	NaN	0.5549
247	248	en	luo	challenge_SSA-MTE	hyp1	News	NaN	0.4360
248	249	en	luo	challenge_SSA-MTE	hyp1	News	NaN	0.4660
249	250	en	luo	challenge_SSA-MTE	hyp1	News	NaN	0.4547
250	251	en	luo	challenge_SSA-MTE	hyp1	News	NaN	0.4623
251	252	en	luo	challenge_SSA-MTE	hyp1	News	NaN	0.4436
252	253	en	luo	challenge_SSA-MTE	hyp1	News	NaN	0.4459
253	254	en	luo	challenge_SSA-MTE	hyp1	News	NaN	0.3929
254	255	en	luo	challenge_SSA-MTE	hyp1	News	NaN	0.4526
255	256	en	luo	challenge_SSA-MTE	hyp1	News	NaN	0.3751
256	257	en	luo	challenge_SSA-MTE	hyp1	News	NaN	0.3143
257	258	en	luo	challenge_SSA-MTE	hyp1	News	NaN	0.4060
258	259	en	luo	challenge_SSA-MTE	hyp1	News	NaN	0.3672
259	260	en	luo	challenge_SSA-MTE	hyp1	News	NaN	0.5255
260	261	en	luo	challenge_SSA-MTE	hyp1	News	NaN	0.5060
261	262	en	luo	challenge_SSA-MTE	hyp1	News	NaN	0.2681
262	263	en	luo	challenge_SSA-MTE	hyp1	News	NaN	0.5233
263	264	en	luo	challenge_SSA-MTE	hyp1	News	NaN	0.4613
264	265	en	luo	challenge_SSA-MTE	hyp1	News	NaN	0.5838
265	266	en	luo	challenge_SSA-MTE	hyp1	News	NaN	0.3126
266	267	en	luo	challenge_SSA-MTE	hyp1	News	NaN	0.3922
267	268	en	luo	challenge_SSA-MTE	hyp1	News	NaN	0.4030
268	269	en	luo	challenge_SSA-MTE	hyp1	News	NaN	0.4291
269	270	en	luo	challenge_SSA-MTE	hyp1	News	NaN	0.4992
270	271	en	luo	challenge_SSA-MTE	hyp1	News	NaN	0.3897
271	272	en	luo	challenge_SSA-MTE	hyp1	News	NaN	0.4432
272	273	en	luo	challenge_SSA-MTE	hyp1	News	NaN	0.3478
273	274	en	luo	challenge_SSA-MTE	hyp1	News	NaN	0.3662
274	275	en	luo	challenge_SSA-MTE	hyp1	News	NaN	0.3909
275	276	en	luo	challenge_SSA-MTE	hyp1	News	NaN	0.3096
276	277	en	luo	challenge_SSA-MTE	hyp1	News	NaN	0.3938
277	278	en	luo	challenge_SSA-MTE	hyp1	News	NaN	0.4770
278	279	en	luo	challenge_SSA-MTE	hyp1	News	NaN	0.3965
279	280	en	luo	challenge_SSA-MTE	hyp1	News	NaN	0.2968
280	281	en	luo	challenge_SSA-MTE	hyp1	News	NaN	0.4538
281	282	en	luo	challenge_SSA-MTE	hyp1	News	NaN	0.4451
282	283	en	luo	challenge_SSA-MTE	hyp1	News	NaN	0.3862
283	284	en	luo	challenge_SSA-MTE	hyp1	News	NaN	0.4572
284	285	en	luo	challenge_SSA-MTE	hyp1	News	NaN	0.4971
285	286	en	luo	challenge_SSA-MTE	hyp1	News	NaN	0.3097
286	287	en	luo	challenge_SSA-MTE	hyp1	News	NaN	0.5114
287	288	en	luo	challenge_SSA-MTE	hyp1	News	NaN	0.4923
288	289	en	luo	challenge_SSA-MTE	hyp1	News	NaN	0.5532
289	290	en	luo	challenge_SSA-MTE	hyp1	News	NaN	0.4087
290	291	en	luo	challenge_SSA-MTE	hyp1	News	NaN	0.4820
291	292	en	luo	challenge_SSA-MTE	hyp1	News	NaN	0.3056
292	293	en	luo	challenge_SSA-MTE	hyp1	News	NaN	0.5058
293	294	en	luo	challenge_SSA-MTE	hyp1	News	NaN	0.5086
294	295	en	luo	challenge_SSA-MTE	hyp1	News	NaN	0.3838
295	296	en	luo	challenge_SSA-MTE	hyp1	News	NaN	0.4054
296	297	en	luo	challenge_SSA-MTE	hyp1	News	NaN	0.2939
297	298	en	luo	challenge_SSA-MTE	hyp1	News	NaN	0.3465
298	299	en	luo	challenge_SSA-MTE	hyp1	News	NaN	0.3779
299	300	en	luo	challenge_SSA-MTE	hyp1	News	NaN	0.3801
300	301	en	luo	challenge_SSA-MTE	hyp1	News	NaN	0.4782
301	302	en	luo	challenge_SSA-MTE	hyp1	News	NaN	0.4413
302	303	en	luo	challenge_SSA-MTE	hyp1	News	NaN	0.4058
303	304	en	luo	challenge_SSA-MTE	hyp1	News	NaN	0.4162
304	305	en	luo	challenge_SSA-MTE	hyp1	News	NaN	0.4368
305	306	en	luo	challenge_SSA-MTE	hyp1	News	NaN	0.4103
306	307	en	luo	challenge_SSA-MTE	hyp1	News	NaN	0.4517
307	308	en	luo	challenge_SSA-MTE	hyp1	News	NaN	0.4198
308	309	en	luo	challenge_SSA-MTE	hyp1	News	NaN	0.3833
309	310	en	luo	challenge_SSA-MTE	hyp1	News	NaN	0.4700
310	311	en	luo	challenge_SSA-MTE	hyp1	News	NaN	0.4777
311	312	en	luo	challenge_SSA-MTE	hyp1	News	NaN	0.4944
312	313	en	luo	challenge_SSA-MTE	hyp1	News	NaN	0.5718
313	314	en	luo	challenge_SSA-MTE	hyp1	News	NaN	0.5522
314	315	en	luo	challenge_SSA-MTE	hyp1	News	NaN	0.3349
315	316	en	luo	challenge_SSA-MTE	hyp1	News	NaN	0.4085
316	317	en	luo	challenge_SSA-MTE	hyp1	News	NaN	0.4020
317	318	en	luo	challenge_SSA-MTE	hyp1	News	NaN	0.4773
318	319	en	luo	challenge_SSA-MTE	hyp1	News	NaN	0.5922
319	320	en	luo	challenge_SSA-MTE	hyp1	News	NaN	0.4269
320	321	en	luo	challenge_SSA-MTE	hyp1	News	NaN	0.4155
321	322	en	luo	challenge_SSA-MTE	hyp1	News	NaN	0.4419
322	323	en	luo	challenge_SSA-MTE	hyp1	News	NaN	0.5192
323	324	en	luo	challenge_SSA-MTE	hyp1	News	NaN	0.4878
324	325	en	luo	challenge_SSA-MTE	hyp1	News	NaN	0.4051
325	326	en	luo	challenge_SSA-MTE	hyp1	News	NaN	0.4262
326	327	en	luo	challenge_SSA-MTE	hyp1	News	NaN	0.3963
327	328	en	luo	challenge_SSA-MTE	hyp1	News	NaN	0.3733
328	329	en	luo	challenge_SSA-MTE	hyp1	News	NaN	0.3392
329	330	en	luo	challenge_SSA-MTE	hyp1	News	NaN	0.4405
330	331	en	luo	challenge_SSA-MTE	hyp1	News	NaN	0.4509
331	332	en	luo	challenge_SSA-MTE	hyp1	News	NaN	0.4443
332	333	en	luo	challenge_SSA-MTE	hyp1	News	NaN	0.3665
333	334	en	luo	challenge_SSA-MTE	hyp1	News	NaN	0.3225
334	335	en	luo	challenge_SSA-MTE	hyp1	News	NaN	0.3855
335	336	en	luo	challenge_SSA-MTE	hyp1	News	NaN	0.4431
336	337	en	luo	challenge_SSA-MTE	hyp1	News	NaN	0.5078
337	338	en	luo	challenge_SSA-MTE	hyp1	News	NaN	0.3922
338	339	en	luo	challenge_SSA-MTE	hyp1	News	NaN	0.5033
339	340	en	luo	challenge_SSA-MTE	hyp1	News	NaN	0.4680
340	341	en	luo	challenge_SSA-MTE	hyp1	News	NaN	0.4679
341	342	en	luo	challenge_SSA-MTE	hyp1	News	NaN	0.4313
342	343	en	luo	challenge_SSA-MTE	hyp1	News	NaN	0.4909
343	344	en	luo	challenge_SSA-MTE	hyp1	News	NaN	0.3843
344	345	en	luo	challenge_SSA-MTE	hyp1	News	NaN	0.4094
345	346	en	luo	challenge_SSA-MTE	hyp1	News	NaN	0.4255
346	347	en	luo	challenge_SSA-MTE	hyp1	News	NaN	0.5056
347	348	en	luo	challenge_SSA-MTE	hyp1	News	NaN	0.3982
348	349	en	luo	challenge_SSA-MTE	hyp1	News	NaN	0.4058
349	350	en	luo	challenge_SSA-MTE	hyp1	News	NaN	0.3625
350	351	en	luo	challenge_SSA-MTE	hyp1	News	NaN	0.4106
351	352	en	luo	challenge_SSA-MTE	hyp1	News	NaN	0.3669
352	353	en	luo	challenge_SSA-MTE	hyp1	News	NaN	0.3963
353	354	en	luo	challenge_SSA-MTE	hyp1	News	NaN	0.4215
354	355	en	luo	challenge_SSA-MTE	hyp1	News	NaN	0.4886
355	356	en	luo	challenge_SSA-MTE	hyp1	News	NaN	0.3066
356	357	en	luo	challenge_SSA-MTE	hyp1	News	NaN	0.4425
357	358	en	luo	challenge_SSA-MTE	hyp1	News	NaN	0.3865
358	359	en	luo	challenge_SSA-MTE	hyp1	News	NaN	0.4470
359	360	en	luo	challenge_SSA-MTE	hyp1	News	NaN	0.3129
360	361	en	luo	challenge_SSA-MTE	hyp1	News	NaN	0.2978
361	362	en	luo	challenge_SSA-MTE	hyp1	News	NaN	0.3065
362	363	en	luo	challenge_SSA-MTE	hyp1	News	NaN	0.3868
363	364	en	luo	challenge_SSA-MTE	hyp1	News	NaN	0.3977
364	365	en	luo	challenge_SSA-MTE	hyp1	News	NaN	0.3091
365	366	en	luo	challenge_SSA-MTE	hyp1	News	NaN	0.4475
366	367	en	luo	challenge_SSA-MTE	hyp1	News	NaN	0.5451
367	368	en	luo	challenge_SSA-MTE	hyp1	News	NaN	0.4180
368	369	en	luo	challenge_SSA-MTE	hyp1	News	NaN	0.4957
369	370	en	luo	challenge_SSA-MTE	hyp1	News	NaN	0.5165
370	371	en	luo	challenge_SSA-MTE	hyp1	News	NaN	0.5093
371	372	en	luo	challenge_SSA-MTE	hyp1	News	NaN	0.3561
372	373	en	luo	challenge_SSA-MTE	hyp1	News	NaN	0.2869
373	374	en	luo	challenge_SSA-MTE	hyp1	News	NaN	0.2983
374	375	en	luo	challenge_SSA-MTE	hyp1	News	NaN	0.3343
375	376	en	luo	challenge_SSA-MTE	hyp1	News	NaN	0.3268
376	377	en	luo	challenge_SSA-MTE	hyp1	News	NaN	0.3507
377	378	en	luo	challenge_SSA-MTE	hyp1	News	NaN	0.5021
378	379	en	luo	challenge_SSA-MTE	hyp1	News	NaN	0.3674
379	380	en	luo	challenge_SSA-MTE	hyp1	News	NaN	0.3235
380	381	en	luo	challenge_SSA-MTE	hyp1	News	NaN	0.3851
381	382	en	luo	challenge_SSA-MTE	hyp1	News	NaN	0.4007
382	383	en	luo	challenge_SSA-MTE	hyp1	News	NaN	0.4149
383	384	en	luo	challenge_SSA-MTE	hyp1	News	NaN	0.4235
384	385	en	luo	challenge_SSA-MTE	hyp1	News	NaN	0.4717
385	386	en	luo	challenge_SSA-MTE	hyp1	News	NaN	0.4179
386	387	en	luo	challenge_SSA-MTE	hyp1	News	NaN	0.4707
387	388	en	luo	challenge_SSA-MTE	hyp1	News	NaN	0.4810
388	389	en	luo	challenge_SSA-MTE	hyp1	News	NaN	0.5015
389	390	en	luo	challenge_SSA-MTE	hyp1	News	NaN	0.3569
390	391	en	luo	challenge_SSA-MTE	hyp1	News	NaN	0.3453
391	392	en	luo	challenge_SSA-MTE	hyp1	News	NaN	0.3837
392	393	en	luo	challenge_SSA-MTE	hyp1	News	NaN	0.3434
393	394	en	luo	challenge_SSA-MTE	hyp1	News	NaN	0.3692
394	395	en	luo	challenge_SSA-MTE	hyp1	News	NaN	0.3970
395	396	en	luo	challenge_SSA-MTE	hyp1	News	NaN	0.4014
396	397	en	luo	challenge_SSA-MTE	hyp1	News	NaN	0.3760
397	398	en	luo	challenge_SSA-MTE	hyp1	News	NaN	0.3729
398	399	en	luo	challenge_SSA-MTE	hyp1	News	NaN	0.4088
399	400	en	luo	challenge_SSA-MTE	hyp1	News	NaN	0.4770
400	401	en	luo	challenge_SSA-MTE	hyp1	News	NaN	0.4378
401	402	en	luo	challenge_SSA-MTE	hyp1	News	NaN	0.4128
402	403	en	luo	challenge_SSA-MTE	hyp1	News	NaN	0.4372
403	404	en	luo	challenge_SSA-MTE	hyp1	News	NaN	0.3891
404	405	en	luo	challenge_SSA-MTE	hyp1	News	NaN	0.3824
405	406	en	luo	challenge_SSA-MTE	hyp1	News	NaN	0.3775
406	407	en	luo	challenge_SSA-MTE	hyp1	News	NaN	0.4495
407	408	en	luo	challenge_SSA-MTE	hyp1	News	NaN	0.5664
408	409	en	luo	challenge_SSA-MTE	hyp1	News	NaN	0.4330
409	410	en	luo	challenge_SSA-MTE	hyp1	News	NaN	0.4140
410	411	en	luo	challenge_SSA-MTE	hyp1	News	NaN	0.3571
411	412	en	luo	challenge_SSA-MTE	hyp1	News	NaN	0.3543
412	413	en	luo	challenge_SSA-MTE	hyp1	News	NaN	0.4012
413	414	en	luo	challenge_SSA-MTE	hyp1	News	NaN	0.4307
414	415	en	luo	challenge_SSA-MTE	hyp1	News	NaN	0.4510
415	416	en	luo	challenge_SSA-MTE	hyp1	News	NaN	0.3192
416	417	en	luo	challenge_SSA-MTE	hyp1	News	NaN	0.2962
417	418	en	luo	challenge_SSA-MTE	hyp1	News	NaN	0.3987
418	419	en	luo	challenge_SSA-MTE	hyp1	News	NaN	0.4117
419	420	en	luo	challenge_SSA-MTE	hyp1	News	NaN	0.4090
420	421	en	luo	challenge_SSA-MTE	hyp1	News	NaN	0.4193
421	422	en	luo	challenge_SSA-MTE	hyp1	News	NaN	0.4100
422	423	en	luo	challenge_SSA-MTE	hyp1	News	NaN	0.4314
423	424	en	luo	challenge_SSA-MTE	hyp1	News	NaN	0.3929
424	425	en	luo	challenge_SSA-MTE	hyp1	News	NaN	0.4918
425	426	en	luo	challenge_SSA-MTE	hyp1	News	NaN	0.4422
426	427	en	luo	challenge_SSA-MTE	hyp1	News	NaN	0.4548
427	428	en	luo	challenge_SSA-MTE	hyp1	News	NaN	0.4262
428	429	en	luo	challenge_SSA-MTE	hyp1	News	NaN	0.4001
429	430	en	luo	challenge_SSA-MTE	hyp1	News	NaN	0.4474
430	431	en	luo	challenge_SSA-MTE	hyp1	News	NaN	0.4044
431	432	en	luo	challenge_SSA-MTE	hyp1	News	NaN	0.3966
432	433	en	luo	challenge_SSA-MTE	hyp1	News	NaN	0.4711
433	434	en	luo	challenge_SSA-MTE	hyp1	News	NaN	0.2753
434	435	en	luo	challenge_SSA-MTE	hyp1	News	NaN	0.5094
435	436	en	luo	challenge_SSA-MTE	hyp1	News	NaN	0.4902
436	437	en	luo	challenge_SSA-MTE	hyp1	News	NaN	0.3726
437	438	en	luo	challenge_SSA-MTE	hyp1	News	NaN	0.4434
438	439	en	luo	challenge_SSA-MTE	hyp1	News	NaN	0.3925
439	440	en	luo	challenge_SSA-MTE	hyp1	News	NaN	0.3848
440	441	en	luo	challenge_SSA-MTE	hyp1	News	NaN	0.4282
441	442	en	luo	challenge_SSA-MTE	hyp1	News	NaN	0.4039
442	443	en	luo	challenge_SSA-MTE	hyp1	News	NaN	0.4671
443	444	en	luo	challenge_SSA-MTE	hyp1	News	NaN	0.4398
444	445	en	luo	challenge_SSA-MTE	hyp1	News	NaN	0.4441
445	446	en	luo	challenge_SSA-MTE	hyp1	News	NaN	0.3077
446	447	en	luo	challenge_SSA-MTE	hyp1	News	NaN	0.3198
447	448	en	luo	challenge_SSA-MTE	hyp1	News	NaN	0.4068
448	449	en	luo	challenge_SSA-MTE	hyp1	News	NaN	0.4343
449	450	en	luo	challenge_SSA-MTE	hyp1	News	NaN	0.3705
450	451	en	luo	challenge_SSA-MTE	hyp1	News	NaN	0.3434
451	452	en	luo	challenge_SSA-MTE	hyp1	News	NaN	0.3559
452	453	en	luo	challenge_SSA-MTE	hyp1	News	NaN	0.3543
453	454	en	luo	challenge_SSA-MTE	hyp1	News	NaN	0.3239
454	455	en	luo	challenge_SSA-MTE	hyp1	News	NaN	0.3444
455	456	en	luo	challenge_SSA-MTE	hyp1	News	NaN	0.3811
456	457	en	luo	challenge_SSA-MTE	hyp1	News	NaN	0.3723
457	458	en	luo	challenge_SSA-MTE	hyp1	News	NaN	0.3175
458	459	en	luo	challenge_SSA-MTE	hyp1	News	NaN	0.3435
459	460	en	luo	challenge_SSA-MTE	hyp1	News	NaN	0.3939
460	461	en	luo	challenge_SSA-MTE	hyp1	News	NaN	0.3566
461	462	en	luo	challenge_SSA-MTE	hyp1	News	NaN	0.4190
462	463	en	luo	challenge_SSA-MTE	hyp1	News	NaN	0.3889
463	464	en	luo	challenge_SSA-MTE	hyp1	News	NaN	0.3853
464	465	en	luo	challenge_SSA-MTE	hyp1	News	NaN	0.3152
465	466	en	luo	challenge_SSA-MTE	hyp1	News	NaN	0.3816
466	467	en	luo	challenge_SSA-MTE	hyp1	News	NaN	0.2967
467	468	en	luo	challenge_SSA-MTE	hyp1	News	NaN	0.3395
468	469	en	luo	challenge_SSA-MTE	hyp1	News	NaN	0.3401
469	470	en	luo	challenge_SSA-MTE	hyp1	News	NaN	0.3745
470	471	en	luo	challenge_SSA-MTE	hyp1	News	NaN	0.4030
471	472	en	luo	challenge_SSA-MTE	hyp1	News	NaN	0.3693
472	473	en	luo	challenge_SSA-MTE	hyp1	News	NaN	0.3469
473	474	en	luo	challenge_SSA-MTE	hyp1	News	NaN	0.4694
474	475	en	luo	challenge_SSA-MTE	hyp1	News	NaN	0.4012
475	476	en	luo	challenge_SSA-MTE	hyp1	News	NaN	0.4541
476	477	en	luo	challenge_SSA-MTE	hyp1	News	NaN	0.4722
477	478	en	luo	challenge_SSA-MTE	hyp1	News	NaN	0.2951
478	479	en	luo	challenge_SSA-MTE	hyp1	News	NaN	0.4935
479	480	en	luo	challenge_SSA-MTE	hyp1	News	NaN	0.3183
480	481	en	luo	challenge_SSA-MTE	hyp1	News	NaN	0.4014
481	482	en	luo	challenge_SSA-MTE	hyp1	News	NaN	0.4541
482	483	en	luo	challenge_SSA-MTE	hyp1	News	NaN	0.3360
483	484	en	luo	challenge_SSA-MTE	hyp1	News	NaN	0.3798
484	485	en	luo	challenge_SSA-MTE	hyp1	News	NaN	0.3682
485	486	en	luo	challenge_SSA-MTE	hyp1	News	NaN	0.5920
486	487	en	luo	challenge_SSA-MTE	hyp1	News	NaN	0.6100
487	488	en	luo	challenge_SSA-MTE	hyp1	News	NaN	0.4371
488	489	en	luo	challenge_SSA-MTE	hyp1	News	NaN	0.4814
489	490	en	luo	challenge_SSA-MTE	hyp1	News	NaN	0.6176
490	491	en	luo	challenge_SSA-MTE	hyp1	News	NaN	0.6508
491	492	en	luo	challenge_SSA-MTE	hyp1	News	NaN	0.3995
492	493	en	luo	challenge_SSA-MTE	hyp1	News	NaN	0.3205
493	494	en	luo	challenge_SSA-MTE	hyp1	News	NaN	0.3012
494	495	en	luo	challenge_SSA-MTE	hyp1	News	NaN	0.4003
495	496	en	luo	challenge_SSA-MTE	hyp1	News	NaN	0.3172
496	497	en	luo	challenge_SSA-MTE	hyp1	News	NaN	0.4301
497	498	en	luo	challenge_SSA-MTE	hyp1	News	NaN	0.3434
498	499	en	luo	challenge_SSA-MTE	hyp1	News	NaN	0.4309
499	500	en	luo	challenge_SSA-MTE	hyp1	News	NaN	0.3636
500	501	en	luo	challenge_SSA-MTE	hyp1	News	NaN	0.3838
501	502	en	luo	challenge_SSA-MTE	hyp1	News	NaN	0.4502
502	503	en	luo	challenge_SSA-MTE	hyp1	News	NaN	0.4647
503	504	en	luo	challenge_SSA-MTE	hyp1	News	NaN	0.4151
504	505	en	luo	challenge_SSA-MTE	hyp1	News	NaN	0.3814
505	506	en	luo	challenge_SSA-MTE	hyp1	News	NaN	0.3668
506	507	en	luo	challenge_SSA-MTE	hyp1	News	NaN	0.4041
507	508	en	luo	challenge_SSA-MTE	hyp1	News	NaN	0.3666
508	509	en	luo	challenge_SSA-MTE	hyp1	News	NaN	0.4537
509	510	en	luo	challenge_SSA-MTE	hyp1	News	NaN	0.3710
510	511	en	luo	challenge_SSA-MTE	hyp1	News	NaN	0.3956
511	512	en	luo	challenge_SSA-MTE	hyp1	News	NaN	0.3714
512	513	en	luo	challenge_SSA-MTE	hyp1	News	NaN	0.3858
513	514	en	luo	challenge_SSA-MTE	hyp1	News	NaN	0.3692
514	515	en	luo	challenge_SSA-MTE	hyp1	News	NaN	0.3826
515	516	en	luo	challenge_SSA-MTE	hyp1	News	NaN	0.5257
516	517	en	luo	challenge_SSA-MTE	hyp1	News	NaN	0.4020
517	518	en	luo	challenge_SSA-MTE	hyp1	News	NaN	0.2444
518	519	en	luo	challenge_SSA-MTE	hyp1	News	NaN	0.4247
519	520	en	luo	challenge_SSA-MTE	hyp1	News	NaN	0.3563
520	521	en	luo	challenge_SSA-MTE	hyp1	News	NaN	0.5023
521	522	en	luo	challenge_SSA-MTE	hyp1	News	NaN	0.4104
522	523	en	luo	challenge_SSA-MTE	hyp1	News	NaN	0.3793
523	524	en	luo	challenge_SSA-MTE	hyp1	News	NaN	0.2345
524	525	en	luo	challenge_SSA-MTE	hyp1	News	NaN	0.4445
525	526	en	luo	challenge_SSA-MTE	hyp1	News	NaN	0.4344
526	527	en	luo	challenge_SSA-MTE	hyp1	News	NaN	0.4684
527	528	en	luo	challenge_SSA-MTE	hyp1	News	NaN	0.4796
528	529	en	luo	challenge_SSA-MTE	hyp1	News	NaN	0.4320
529	530	en	luo	challenge_SSA-MTE	hyp1	News	NaN	0.4428
530	531	en	luo	challenge_SSA-MTE	hyp1	News	NaN	0.4284
531	532	en	luo	challenge_SSA-MTE	hyp1	News	NaN	0.4357
532	533	en	luo	challenge_SSA-MTE	hyp1	News	NaN	0.4388
533	534	en	luo	challenge_SSA-MTE	hyp1	News	NaN	0.3799
534	535	en	luo	challenge_SSA-MTE	hyp1	News	NaN	0.3584
535	536	en	luo	challenge_SSA-MTE	hyp1	News	NaN	0.3317
536	537	en	luo	challenge_SSA-MTE	hyp1	News	NaN	0.3310
537	538	en	luo	challenge_SSA-MTE	hyp1	News	NaN	0.4292
538	539	en	luo	challenge_SSA-MTE	hyp1	News	NaN	0.3760
539	540	en	luo	challenge_SSA-MTE	hyp1	News	NaN	0.3797
540	541	en	luo	challenge_SSA-MTE	hyp1	News	NaN	0.3951
541	542	en	luo	challenge_SSA-MTE	hyp1	News	NaN	0.3834
542	543	en	luo	challenge_SSA-MTE	hyp1	News	NaN	0.4060
543	544	en	luo	challenge_SSA-MTE	hyp1	News	NaN	0.3783
544	545	en	luo	challenge_SSA-MTE	hyp1	News	NaN	0.4461
545	546	en	luo	challenge_SSA-MTE	hyp1	News	NaN	0.3729
546	547	en	luo	challenge_SSA-MTE	hyp1	News	NaN	0.3796
547	548	en	luo	challenge_SSA-MTE	hyp1	News	NaN	0.3570
548	549	en	luo	challenge_SSA-MTE	hyp1	News	NaN	0.3802
549	550	en	luo	challenge_SSA-MTE	hyp1	News	NaN	0.3616
550	551	en	luo	challenge_SSA-MTE	hyp1	News	NaN	0.4168
551	552	en	luo	challenge_SSA-MTE	hyp1	News	NaN	0.5704
552	553	en	luo	challenge_SSA-MTE	hyp1	News	NaN	0.5310
553	554	en	luo	challenge_SSA-MTE	hyp1	News	NaN	0.4356
554	555	en	luo	challenge_SSA-MTE	hyp1	News	NaN	0.4705
555	556	en	luo	challenge_SSA-MTE	hyp1	News	NaN	0.3932
556	557	en	luo	challenge_SSA-MTE	hyp1	News	NaN	0.4248
557	558	en	luo	challenge_SSA-MTE	hyp1	News	NaN	0.4854
558	559	en	luo	challenge_SSA-MTE	hyp1	News	NaN	0.4424
559	560	en	luo	challenge_SSA-MTE	hyp1	News	NaN	0.4963
560	561	en	luo	challenge_SSA-MTE	hyp1	News	NaN	0.4521
561	562	en	luo	challenge_SSA-MTE	hyp1	News	NaN	0.5079
562	563	en	luo	challenge_SSA-MTE	hyp1	News	NaN	0.5584
563	564	en	luo	challenge_SSA-MTE	hyp1	News	NaN	0.3283
564	565	en	luo	challenge_SSA-MTE	hyp1	News	NaN	0.4160
565	566	en	luo	challenge_SSA-MTE	hyp1	News	NaN	0.2895
566	567	en	luo	challenge_SSA-MTE	hyp1	News	NaN	0.4055
567	568	en	luo	challenge_SSA-MTE	hyp1	News	NaN	0.3036
568	569	en	luo	challenge_SSA-MTE	hyp1	News	NaN	0.3384
569	570	en	luo	challenge_SSA-MTE	hyp1	News	NaN	0.4575
570	571	en	luo	challenge_SSA-MTE	hyp1	News	NaN	0.4209
571	572	en	luo	challenge_SSA-MTE	hyp1	News	NaN	0.3520
572	573	en	luo	challenge_SSA-MTE	hyp1	News	NaN	0.3899
573	574	en	luo	challenge_SSA-MTE	hyp1	News	NaN	0.4250
574	575	en	luo	challenge_SSA-MTE	hyp1	News	NaN	0.3768
575	576	en	luo	challenge_SSA-MTE	hyp1	News	NaN	0.4984
576	577	en	luo	challenge_SSA-MTE	hyp1	News	NaN	0.3900
577	578	en	luo	challenge_SSA-MTE	hyp1	News	NaN	0.3340
578	579	en	luo	challenge_SSA-MTE	hyp1	News	NaN	0.3733
579	580	en	luo	challenge_SSA-MTE	hyp1	News	NaN	0.4124
580	581	en	luo	challenge_SSA-MTE	hyp1	News	NaN	0.3880
581	582	en	luo	challenge_SSA-MTE	hyp1	News	NaN	0.3943
582	583	en	luo	challenge_SSA-MTE	hyp1	News	NaN	0.3134
583	584	en	luo	challenge_SSA-MTE	hyp1	News	NaN	0.3253
584	585	en	luo	challenge_SSA-MTE	hyp1	News	NaN	0.3213
585	586	en	luo	challenge_SSA-MTE	hyp1	News	NaN	0.3540
586	587	en	luo	challenge_SSA-MTE	hyp1	News	NaN	0.3581
587	588	en	luo	challenge_SSA-MTE	hyp1	News	NaN	0.3578
588	589	en	luo	challenge_SSA-MTE	hyp1	News	NaN	0.4318
589	590	en	luo	challenge_SSA-MTE	hyp1	News	NaN	0.4378
590	591	en	luo	challenge_SSA-MTE	hyp1	News	NaN	0.4256
591	592	en	luo	challenge_SSA-MTE	hyp1	News	NaN	0.3793
592	593	en	luo	challenge_SSA-MTE	hyp1	News	NaN	0.4400
593	594	en	luo	challenge_SSA-MTE	hyp1	News	NaN	0.4421
594	595	en	luo	challenge_SSA-MTE	hyp1	News	NaN	0.3791
595	596	en	luo	challenge_SSA-MTE	hyp1	News	NaN	0.4647
596	597	en	luo	challenge_SSA-MTE	hyp1	News	NaN	0.4544
597	598	en	luo	challenge_SSA-MTE	hyp1	News	NaN	0.4126
598	599	en	luo	challenge_SSA-MTE	hyp1	News	NaN	0.4179
599	600	en	luo	challenge_SSA-MTE	hyp1	News	NaN	0.5731
600	601	en	luo	challenge_SSA-MTE	hyp1	News	NaN	0.2709
601	602	en	luo	challenge_SSA-MTE	hyp1	News	NaN	0.4293
602	603	en	luo	challenge_SSA-MTE	hyp1	News	NaN	0.3932
603	604	en	luo	challenge_SSA-MTE	hyp1	News	NaN	0.4605
604	605	en	luo	challenge_SSA-MTE	hyp1	News	NaN	0.3522
605	606	en	luo	challenge_SSA-MTE	hyp1	News	NaN	0.5316
606	607	en	luo	challenge_SSA-MTE	hyp1	News	NaN	0.4027
607	608	en	luo	challenge_SSA-MTE	hyp1	News	NaN	0.3619
608	609	en	luo	challenge_SSA-MTE	hyp1	News	NaN	0.3703
609	610	en	luo	challenge_SSA-MTE	hyp1	News	NaN	0.3995
610	611	en	luo	challenge_SSA-MTE	hyp1	News	NaN	0.3735
611	612	en	luo	challenge_SSA-MTE	hyp1	News	NaN	0.4464
612	613	en	luo	challenge_SSA-MTE	hyp1	News	NaN	0.3759
613	614	en	luo	challenge_SSA-MTE	hyp1	News	NaN	0.3157
614	615	en	luo	challenge_SSA-MTE	hyp1	News	NaN	0.3423
615	616	en	luo	challenge_SSA-MTE	hyp1	News	NaN	0.3367
616	617	en	luo	challenge_SSA-MTE	hyp1	News	NaN	0.3977
617	618	en	luo	challenge_SSA-MTE	hyp1	News	NaN	0.3970
618	619	en	luo	challenge_SSA-MTE	hyp1	News	NaN	0.4262
619	620	en	luo	challenge_SSA-MTE	hyp1	News	NaN	0.3981
620	621	en	luo	challenge_SSA-MTE	hyp1	News	NaN	0.3908
621	622	en	luo	challenge_SSA-MTE	hyp1	News	NaN	0.4400
622	623	en	luo	challenge_SSA-MTE	hyp1	News	NaN	0.3467
623	624	en	luo	challenge_SSA-MTE	hyp1	News	NaN	0.3907
624	625	en	luo	challenge_SSA-MTE	hyp1	News	NaN	0.3602
625	626	en	luo	challenge_SSA-MTE	hyp1	News	NaN	0.3720
626	627	en	luo	challenge_SSA-MTE	hyp1	News	NaN	0.4317
627	628	en	luo	challenge_SSA-MTE	hyp1	News	NaN	0.3553
628	629	en	luo	challenge_SSA-MTE	hyp1	News	NaN	0.5191
629	630	en	luo	challenge_SSA-MTE	hyp1	News	NaN	0.5264
630	631	en	luo	challenge_SSA-MTE	hyp1	News	NaN	0.3652
631	632	en	luo	challenge_SSA-MTE	hyp1	News	NaN	0.3785
632	633	en	luo	challenge_SSA-MTE	hyp1	News	NaN	0.4400
633	634	en	luo	challenge_SSA-MTE	hyp1	News	NaN	0.4413
634	635	en	luo	challenge_SSA-MTE	hyp1	News	NaN	0.3656
635	636	en	luo	challenge_SSA-MTE	hyp1	News	NaN	0.3499
636	637	en	luo	challenge_SSA-MTE	hyp1	News	NaN	0.5098
637	638	en	luo	challenge_SSA-MTE	hyp1	News	NaN	0.3809
638	639	en	luo	challenge_SSA-MTE	hyp1	News	NaN	0.3680
639	640	en	luo	challenge_SSA-MTE	hyp1	News	NaN	0.4371
640	641	en	luo	challenge_SSA-MTE	hyp1	News	NaN	0.3802
641	642	en	luo	challenge_SSA-MTE	hyp1	News	NaN	0.3594
642	643	en	luo	challenge_SSA-MTE	hyp1	News	NaN	0.2820
643	644	en	luo	challenge_SSA-MTE	hyp1	News	NaN	0.4190
644	645	en	luo	challenge_SSA-MTE	hyp1	News	NaN	0.4103
645	646	en	luo	challenge_SSA-MTE	hyp1	News	NaN	0.4180
646	647	en	luo	challenge_SSA-MTE	hyp1	News	NaN	0.3690
647	648	en	luo	challenge_SSA-MTE	hyp1	News	NaN	0.3851
648	649	en	luo	challenge_SSA-MTE	hyp1	News	NaN	0.4274
649	650	en	luo	challenge_SSA-MTE	hyp1	News	NaN	0.4578
650	651	en	luo	challenge_SSA-MTE	hyp1	News	NaN	0.4505
651	652	en	luo	challenge_SSA-MTE	hyp1	News	NaN	0.3974
652	653	en	luo	challenge_SSA-MTE	hyp1	News	NaN	0.4982
653	654	en	luo	challenge_SSA-MTE	hyp1	News	NaN	0.4408
654	655	en	luo	challenge_SSA-MTE	hyp1	News	NaN	0.4014
655	656	en	luo	challenge_SSA-MTE	hyp1	News	NaN	0.4356
656	657	en	luo	challenge_SSA-MTE	hyp1	News	NaN	0.4509
657	658	en	luo	challenge_SSA-MTE	hyp1	News	NaN	0.4760
658	659	en	luo	challenge_SSA-MTE	hyp1	News	NaN	0.4512
659	660	en	luo	challenge_SSA-MTE	hyp1	News	NaN	0.4019
660	661	en	luo	challenge_SSA-MTE	hyp1	News	NaN	0.4006
661	662	en	luo	challenge_SSA-MTE	hyp1	News	NaN	0.4039
662	663	en	luo	challenge_SSA-MTE	hyp1	News	NaN	0.4302
663	664	en	luo	challenge_SSA-MTE	hyp1	News	NaN	0.4203
664	665	en	luo	challenge_SSA-MTE	hyp1	News	NaN	0.3992
665	666	en	luo	challenge_SSA-MTE	hyp1	News	NaN	0.4488
666	667	en	luo	challenge_SSA-MTE	hyp1	News	NaN	0.3898
667	668	en	luo	challenge_SSA-MTE	hyp1	News	NaN	0.3621
668	669	en	luo	challenge_SSA-MTE	hyp1	News	NaN	0.3982
669	670	en	luo	challenge_SSA-MTE	hyp1	News	NaN	0.3888
670	671	en	luo	challenge_SSA-MTE	hyp1	News	NaN	0.4913
671	672	en	luo	challenge_SSA-MTE	hyp1	News	NaN	0.4199
672	673	en	luo	challenge_SSA-MTE	hyp1	News	NaN	0.3383
673	674	en	luo	challenge_SSA-MTE	hyp1	News	NaN	0.3956
674	675	en	luo	challenge_SSA-MTE	hyp1	News	NaN	0.3600
675	676	en	luo	challenge_SSA-MTE	hyp1	News	NaN	0.4255
676	677	en	luo	challenge_SSA-MTE	hyp1	News	NaN	0.4070
677	678	en	luo	challenge_SSA-MTE	hyp1	News	NaN	0.4107
678	679	en	luo	challenge_SSA-MTE	hyp1	News	NaN	0.3404
679	680	en	luo	challenge_SSA-MTE	hyp1	News	NaN	0.4616
680	681	en	luo	challenge_SSA-MTE	hyp1	News	NaN	0.3879
681	682	en	luo	challenge_SSA-MTE	hyp1	News	NaN	0.4078
682	683	en	luo	challenge_SSA-MTE	hyp1	News	NaN	0.3889
683	684	en	luo	challenge_SSA-MTE	hyp1	News	NaN	0.4273
684	685	en	luo	challenge_SSA-MTE	hyp1	News	NaN	0.3063
685	686	en	luo	challenge_SSA-MTE	hyp1	News	NaN	0.3978
686	687	en	luo	challenge_SSA-MTE	hyp1	News	NaN	0.3659
687	688	en	luo	challenge_SSA-MTE	hyp1	News	NaN	0.4129
688	689	en	luo	challenge_SSA-MTE	hyp1	News	NaN	0.5069
689	690	en	luo	challenge_SSA-MTE	hyp1	News	NaN	0.5118
690	691	en	luo	challenge_SSA-MTE	hyp1	News	NaN	0.4467
691	692	en	luo	challenge_SSA-MTE	hyp1	News	NaN	0.4711
692	693	en	luo	challenge_SSA-MTE	hyp1	News	NaN	0.5063
693	694	en	luo	challenge_SSA-MTE	hyp1	News	NaN	0.4757
694	695	en	luo	challenge_SSA-MTE	hyp1	News	NaN	0.4745
695	696	en	luo	challenge_SSA-MTE	hyp1	News	NaN	0.4325
696	697	en	luo	challenge_SSA-MTE	hyp1	News	NaN	0.3067
697	698	en	luo	challenge_SSA-MTE	hyp1	News	NaN	0.4057
698	699	en	luo	challenge_SSA-MTE	hyp1	News	NaN	0.3349
699	700	en	luo	challenge_SSA-MTE	hyp1	News	NaN	0.4103
700	701	en	luo	challenge_SSA-MTE	hyp1	News	NaN	0.4737
701	702	en	luo	challenge_SSA-MTE	hyp1	News	NaN	0.4125
702	703	en	luo	challenge_SSA-MTE	hyp1	News	NaN	0.2555
703	704	en	luo	challenge_SSA-MTE	hyp1	News	NaN	0.4126
704	705	en	luo	challenge_SSA-MTE	hyp1	News	NaN	0.3600
705	706	en	luo	challenge_SSA-MTE	hyp1	News	NaN	0.3893
706	707	en	luo	challenge_SSA-MTE	hyp1	News	NaN	0.4343
707	708	en	luo	challenge_SSA-MTE	hyp1	News	NaN	0.4414
708	709	en	luo	challenge_SSA-MTE	hyp1	News	NaN	0.3724
709	710	en	luo	challenge_SSA-MTE	hyp1	News	NaN	0.4564
710	711	en	luo	challenge_SSA-MTE	hyp1	News	NaN	0.4535
711	712	en	luo	challenge_SSA-MTE	hyp1	News	NaN	0.3920
712	713	en	luo	challenge_SSA-MTE	hyp1	News	NaN	0.3343
713	714	en	luo	challenge_SSA-MTE	hyp1	News	NaN	0.3562
714	715	en	luo	challenge_SSA-MTE	hyp1	News	NaN	0.3377
715	716	en	luo	challenge_SSA-MTE	hyp1	News	NaN	0.2894
716	717	en	luo	challenge_SSA-MTE	hyp1	News	NaN	0.3035
717	718	en	luo	challenge_SSA-MTE	hyp1	News	NaN	0.3989
718	719	en	luo	challenge_SSA-MTE	hyp1	News	NaN	0.4071
719	720	en	luo	challenge_SSA-MTE	hyp1	News	NaN	0.3441
720	721	en	luo	challenge_SSA-MTE	hyp1	News	NaN	0.4378
721	722	en	luo	challenge_SSA-MTE	hyp1	News	NaN	0.4427
722	723	en	luo	challenge_SSA-MTE	hyp1	News	NaN	0.3650
723	724	en	luo	challenge_SSA-MTE	hyp1	News	NaN	0.3518
724	725	en	luo	challenge_SSA-MTE	hyp1	News	NaN	0.4437
725	726	en	luo	challenge_SSA-MTE	hyp1	News	NaN	0.3213
726	727	en	luo	challenge_SSA-MTE	hyp1	News	NaN	0.3604
727	728	en	luo	challenge_SSA-MTE	hyp1	News	NaN	0.3437
728	729	en	luo	challenge_SSA-MTE	hyp1	News	NaN	0.4178
729	730	en	luo	challenge_SSA-MTE	hyp1	News	NaN	0.5244
730	731	en	luo	challenge_SSA-MTE	hyp1	News	NaN	0.3886
731	732	en	luo	challenge_SSA-MTE	hyp1	News	NaN	0.4061
732	733	en	luo	challenge_SSA-MTE	hyp1	News	NaN	0.3888
733	734	en	luo	challenge_SSA-MTE	hyp1	News	NaN	0.3726
734	735	en	luo	challenge_SSA-MTE	hyp1	News	NaN	0.3954
735	736	en	luo	challenge_SSA-MTE	hyp1	News	NaN	0.4580
736	737	en	luo	challenge_SSA-MTE	hyp1	News	NaN	0.4355
737	738	en	luo	challenge_SSA-MTE	hyp1	News	NaN	0.3714
738	739	en	luo	challenge_SSA-MTE	hyp1	News	NaN	0.4741
739	740	en	luo	challenge_SSA-MTE	hyp1	News	NaN	0.4453
740	741	en	luo	challenge_SSA-MTE	hyp1	News	NaN	0.5995
741	742	en	luo	challenge_SSA-MTE	hyp1	News	NaN	0.3589
742	743	en	luo	challenge_SSA-MTE	hyp1	News	NaN	0.3467
743	744	en	luo	challenge_SSA-MTE	hyp1	News	NaN	0.3859
744	745	en	luo	challenge_SSA-MTE	hyp1	News	NaN	0.4041
745	746	en	luo	challenge_SSA-MTE	hyp1	News	NaN	0.3789
746	747	en	luo	challenge_SSA-MTE	hyp1	News	NaN	0.5032
747	748	en	luo	challenge_SSA-MTE	hyp1	News	NaN	0.4952
748	749	en	luo	challenge_SSA-MTE	hyp1	News	NaN	0.3496
749	750	en	luo	challenge_SSA-MTE	hyp1	News	NaN	0.4572
750	751	en	luo	challenge_SSA-MTE	hyp1	News	NaN	0.4309
751	752	en	luo	challenge_SSA-MTE	hyp1	News	NaN	0.3374
752	753	en	luo	challenge_SSA-MTE	hyp1	News	NaN	0.4107
753	754	en	luo	challenge_SSA-MTE	hyp1	News	NaN	0.4023
754	755	en	luo	challenge_SSA-MTE	hyp1	News	NaN	0.2987
755	756	en	luo	challenge_SSA-MTE	hyp1	News	NaN	0.4371
756	757	en	luo	challenge_SSA-MTE	hyp1	News	NaN	0.3958
757	758	en	luo	challenge_SSA-MTE	hyp1	News	NaN	0.4133
758	759	en	luo	challenge_SSA-MTE	hyp1	News	NaN	0.5037
759	760	en	luo	challenge_SSA-MTE	hyp1	News	NaN	0.4598
760	761	en	luo	challenge_SSA-MTE	hyp1	News	NaN	0.4710
761	762	en	luo	challenge_SSA-MTE	hyp1	News	NaN	0.3970
762	763	en	luo	challenge_SSA-MTE	hyp1	News	NaN	0.4582
763	764	en	luo	challenge_SSA-MTE	hyp1	News	NaN	0.3782
764	765	en	luo	challenge_SSA-MTE	hyp1	News	NaN	0.4040
765	766	en	luo	challenge_SSA-MTE	hyp1	News	NaN	0.3391
766	767	en	luo	challenge_SSA-MTE	hyp1	News	NaN	0.4002
767	768	en	luo	challenge_SSA-MTE	hyp1	News	NaN	0.3228
768	769	en	luo	challenge_SSA-MTE	hyp1	News	NaN	0.3860
769	770	en	luo	challenge_SSA-MTE	hyp1	News	NaN	0.4097
770	771	en	luo	challenge_SSA-MTE	hyp1	News	NaN	0.3905
771	772	en	luo	challenge_SSA-MTE	hyp1	News	NaN	0.4692
772	773	en	luo	challenge_SSA-MTE	hyp1	News	NaN	0.2573
773	774	en	luo	challenge_SSA-MTE	hyp1	News	NaN	0.4287
774	775	en	luo	challenge_SSA-MTE	hyp1	News	NaN	0.4450
775	776	en	luo	challenge_SSA-MTE	hyp1	News	NaN	0.5414
776	777	en	luo	challenge_SSA-MTE	hyp1	News	NaN	0.4564
777	778	en	luo	challenge_SSA-MTE	hyp1	News	NaN	0.4444
778	779	en	luo	challenge_SSA-MTE	hyp1	News	NaN	0.5176
779	780	en	luo	challenge_SSA-MTE	hyp1	News	NaN	0.4921
780	781	en	luo	challenge_SSA-MTE	hyp1	News	NaN	0.3905
781	782	en	luo	challenge_SSA-MTE	hyp1	News	NaN	0.3748
782	783	en	luo	challenge_SSA-MTE	hyp1	News	NaN	0.3556
783	784	en	luo	challenge_SSA-MTE	hyp1	News	NaN	0.3904
784	785	en	luo	challenge_SSA-MTE	hyp1	News	NaN	0.3524
785	786	en	luo	challenge_SSA-MTE	hyp1	News	NaN	0.3732
786	787	en	luo	challenge_SSA-MTE	hyp1	News	NaN	0.4365
787	788	en	luo	challenge_SSA-MTE	hyp1	News	NaN	0.3414
788	789	en	luo	challenge_SSA-MTE	hyp1	News	NaN	0.3998
789	790	en	luo	challenge_SSA-MTE	hyp1	News	NaN	0.4275
790	791	en	luo	challenge_SSA-MTE	hyp1	News	NaN	0.3411
791	792	en	luo	challenge_SSA-MTE	hyp1	News	NaN	0.3654
792	793	en	luo	challenge_SSA-MTE	hyp1	News	NaN	0.4040
793	794	en	luo	challenge_SSA-MTE	hyp1	News	NaN	0.4500
794	795	en	luo	challenge_SSA-MTE	hyp1	News	NaN	0.4001
795	796	en	luo	challenge_SSA-MTE	hyp1	News	NaN	0.5237
796	797	en	luo	challenge_SSA-MTE	hyp1	News	NaN	0.3965
797	798	en	luo	challenge_SSA-MTE	hyp1	News	NaN	0.4443
798	799	en	luo	challenge_SSA-MTE	hyp1	News	NaN	0.5863
799	800	en	luo	challenge_SSA-MTE	hyp1	News	NaN	0.5145
800	801	en	luo	challenge_SSA-MTE	hyp1	News	NaN	0.4277
801	802	en	luo	challenge_SSA-MTE	hyp1	News	NaN	0.4708
802	803	en	luo	challenge_SSA-MTE	hyp1	News	NaN	0.4394
803	804	en	luo	challenge_SSA-MTE	hyp1	News	NaN	0.4669
804	805	en	luo	challenge_SSA-MTE	hyp1	News	NaN	0.3973
805	806	en	luo	challenge_SSA-MTE	hyp1	News	NaN	0.3311
806	807	en	luo	challenge_SSA-MTE	hyp1	News	NaN	0.3730
807	808	en	luo	challenge_SSA-MTE	hyp1	News	NaN	0.2642
808	809	en	luo	challenge_SSA-MTE	hyp1	News	NaN	0.3106
809	810	en	luo	challenge_SSA-MTE	hyp1	News	NaN	0.3059
810	811	en	luo	challenge_SSA-MTE	hyp1	News	NaN	0.4209
811	812	en	luo	challenge_SSA-MTE	hyp1	News	NaN	0.4389
812	813	en	luo	challenge_SSA-MTE	hyp1	News	NaN	0.3763
813	814	en	luo	challenge_SSA-MTE	hyp1	News	NaN	0.3976
814	815	en	luo	challenge_SSA-MTE	hyp1	News	NaN	0.3217
815	816	en	luo	challenge_SSA-MTE	hyp1	News	NaN	0.4399
816	817	en	luo	challenge_SSA-MTE	hyp1	News	NaN	0.5082
817	818	en	luo	challenge_SSA-MTE	hyp1	News	NaN	0.4693
818	819	en	luo	challenge_SSA-MTE	hyp1	News	NaN	0.4847
819	820	en	luo	challenge_SSA-MTE	hyp1	News	NaN	0.4689
820	821	en	luo	challenge_SSA-MTE	hyp1	News	NaN	0.3447
821	822	en	luo	challenge_SSA-MTE	hyp1	News	NaN	0.4641
822	823	en	luo	challenge_SSA-MTE	hyp1	News	NaN	0.4029
823	824	en	luo	challenge_SSA-MTE	hyp1	News	NaN	0.3487
824	825	en	luo	challenge_SSA-MTE	hyp1	News	NaN	0.3915
825	826	en	luo	challenge_SSA-MTE	hyp1	News	NaN	0.4320
826	827	en	luo	challenge_SSA-MTE	hyp1	News	NaN	0.4259
827	828	en	luo	challenge_SSA-MTE	hyp1	News	NaN	0.3196
828	829	en	luo	challenge_SSA-MTE	hyp1	News	NaN	0.3799
829	830	en	luo	challenge_SSA-MTE	hyp1	News	NaN	0.3462
830	831	en	luo	challenge_SSA-MTE	hyp1	News	NaN	0.3401
831	832	en	luo	challenge_SSA-MTE	hyp1	News	NaN	0.3645
832	833	en	luo	challenge_SSA-MTE	hyp1	News	NaN	0.3980
833	834	en	luo	challenge_SSA-MTE	hyp1	News	NaN	0.4727
834	835	en	luo	challenge_SSA-MTE	hyp1	News	NaN	0.3657
835	836	en	luo	challenge_SSA-MTE	hyp1	News	NaN	0.4200
836	837	en	luo	challenge_SSA-MTE	hyp1	News	NaN	0.4071
837	838	en	luo	challenge_SSA-MTE	hyp1	News	NaN	0.4492
838	839	en	luo	challenge_SSA-MTE	hyp1	News	NaN	0.4205
839	840	en	luo	challenge_SSA-MTE	hyp1	News	NaN	0.4021
840	841	en	luo	challenge_SSA-MTE	hyp1	News	NaN	0.4049
841	842	en	luo	challenge_SSA-MTE	hyp1	News	NaN	0.3063
842	843	en	luo	challenge_SSA-MTE	hyp1	News	NaN	0.4226
843	844	en	luo	challenge_SSA-MTE	hyp1	News	NaN	0.4077
844	845	en	luo	challenge_SSA-MTE	hyp1	News	NaN	0.3560
845	846	en	luo	challenge_SSA-MTE	hyp1	News	NaN	0.3849
846	847	en	luo	challenge_SSA-MTE	hyp1	News	NaN	0.3589
847	848	en	luo	challenge_SSA-MTE	hyp1	News	NaN	0.3612
848	849	en	luo	challenge_SSA-MTE	hyp1	News	NaN	0.3669
849	850	en	luo	challenge_SSA-MTE	hyp1	News	NaN	0.4158
850	851	en	luo	challenge_SSA-MTE	hyp1	News	NaN	0.3428
851	852	en	luo	challenge_SSA-MTE	hyp1	News	NaN	0.3227
852	853	en	luo	challenge_SSA-MTE	hyp1	News	NaN	0.3502
853	854	en	luo	challenge_SSA-MTE	hyp1	News	NaN	0.3095
854	855	en	luo	challenge_SSA-MTE	hyp1	News	NaN	0.3842
855	856	en	luo	challenge_SSA-MTE	hyp1	News	NaN	0.3544
856	857	en	luo	challenge_SSA-MTE	hyp1	News	NaN	0.5103
857	858	en	luo	challenge_SSA-MTE	hyp1	News	NaN	0.4361
858	859	en	luo	challenge_SSA-MTE	hyp1	News	NaN	0.4111
859	860	en	luo	challenge_SSA-MTE	hyp1	News	NaN	0.4412
860	861	en	luo	challenge_SSA-MTE	hyp1	News	NaN	0.3934
861	862	en	luo	challenge_SSA-MTE	hyp1	News	NaN	0.3653
862	863	en	luo	challenge_SSA-MTE	hyp1	News	NaN	0.3730
863	864	en	luo	challenge_SSA-MTE	hyp1	News	NaN	0.3347
864	865	en	luo	challenge_SSA-MTE	hyp1	News	NaN	0.3124
865	866	en	luo	challenge_SSA-MTE	hyp1	News	NaN	0.4199
866	867	en	luo	challenge_SSA-MTE	hyp1	News	NaN	0.2884
867	868	en	luo	challenge_SSA-MTE	hyp1	News	NaN	0.4045
868	869	en	luo	challenge_SSA-MTE	hyp1	News	NaN	0.4170
869	870	en	luo	challenge_SSA-MTE	hyp1	News	NaN	0.2533
870	871	en	luo	challenge_SSA-MTE	hyp1	News	NaN	0.3693
871	872	en	luo	challenge_SSA-MTE	hyp1	News	NaN	0.3367
872	873	en	luo	challenge_SSA-MTE	hyp1	News	NaN	0.4120
873	874	en	luo	challenge_SSA-MTE	hyp1	News	NaN	0.3269
874	875	en	luo	challenge_SSA-MTE	hyp1	News	NaN	0.4005
875	876	en	luo	challenge_SSA-MTE	hyp1	News	NaN	0.3084
876	877	en	luo	challenge_SSA-MTE	hyp1	News	NaN	0.3101
877	878	en	luo	challenge_SSA-MTE	hyp1	News	NaN	0.3157
878	879	en	luo	challenge_SSA-MTE	hyp1	News	NaN	0.4362
879	880	en	luo	challenge_SSA-MTE	hyp1	News	NaN	0.3883
880	881	en	luo	challenge_SSA-MTE	hyp1	News	NaN	0.4732
881	882	en	luo	challenge_SSA-MTE	hyp1	News	NaN	0.4343
882	883	en	luo	challenge_SSA-MTE	hyp1	News	NaN	0.3634
883	884	en	luo	challenge_SSA-MTE	hyp1	News	NaN	0.3419
884	885	en	luo	challenge_SSA-MTE	hyp1	News	NaN	0.2927
885	886	en	luo	challenge_SSA-MTE	hyp1	News	NaN	0.3244
886	887	en	luo	challenge_SSA-MTE	hyp1	News	NaN	0.2981
887	888	en	luo	challenge_SSA-MTE	hyp1	News	NaN	0.3799
888	889	en	luo	challenge_SSA-MTE	hyp1	News	NaN	0.3924
889	890	en	luo	challenge_SSA-MTE	hyp1	News	NaN	0.3496
890	891	en	luo	challenge_SSA-MTE	hyp1	News	NaN	0.2790
891	892	en	luo	challenge_SSA-MTE	hyp1	News	NaN	0.3526
892	893	en	luo	challenge_SSA-MTE	hyp1	News	NaN	0.3918
893	894	en	luo	challenge_SSA-MTE	hyp1	News	NaN	0.3757
894	895	en	luo	challenge_SSA-MTE	hyp1	News	NaN	0.4776
895	896	en	luo	challenge_SSA-MTE	hyp1	News	NaN	0.4182
896	897	en	luo	challenge_SSA-MTE	hyp1	News	NaN	0.4155
897	898	en	luo	challenge_SSA-MTE	hyp1	News	NaN	0.4378
898	899	en	luo	challenge_SSA-MTE	hyp1	News	NaN	0.4021
899	900	en	luo	challenge_SSA-MTE	hyp1	News	NaN	0.4516
900	901	en	luo	challenge_SSA-MTE	hyp1	News	NaN	0.4863
901	902	en	luo	challenge_SSA-MTE	hyp1	News	NaN	0.5101
902	903	en	luo	challenge_SSA-MTE	hyp1	News	NaN	0.3599
903	904	en	luo	challenge_SSA-MTE	hyp1	News	NaN	0.4248
904	905	en	luo	challenge_SSA-MTE	hyp1	News	NaN	0.4121
905	906	en	luo	challenge_SSA-MTE	hyp1	News	NaN	0.4878
906	907	en	luo	challenge_SSA-MTE	hyp1	News	NaN	0.3377
907	908	en	luo	challenge_SSA-MTE	hyp1	News	NaN	0.3522
908	909	en	luo	challenge_SSA-MTE	hyp1	News	NaN	0.3259
909	910	en	luo	challenge_SSA-MTE	hyp1	News	NaN	0.3117
910	911	en	luo	challenge_SSA-MTE	hyp1	News	NaN	0.3802
911	912	en	luo	challenge_SSA-MTE	hyp1	News	NaN	0.5036
912	913	en	luo	challenge_SSA-MTE	hyp1	News	NaN	0.4533
913	914	en	luo	challenge_SSA-MTE	hyp1	News	NaN	0.2811
914	915	en	luo	challenge_SSA-MTE	hyp1	News	NaN	0.4988
915	916	en	luo	challenge_SSA-MTE	hyp1	News	NaN	0.4703
916	917	en	luo	challenge_SSA-MTE	hyp1	News	NaN	0.4424
917	918	en	luo	challenge_SSA-MTE	hyp1	News	NaN	0.2996
918	919	en	luo	challenge_SSA-MTE	hyp1	News	NaN	0.4344
919	920	en	luo	challenge_SSA-MTE	hyp1	News	NaN	0.2468
920	921	en	luo	challenge_SSA-MTE	hyp1	News	NaN	0.3189
921	922	en	luo	challenge_SSA-MTE	hyp1	News	NaN	0.3525
922	923	en	luo	challenge_SSA-MTE	hyp1	News	NaN	0.3677
923	924	en	luo	challenge_SSA-MTE	hyp1	News	NaN	0.3429
924	925	en	luo	challenge_SSA-MTE	hyp1	News	NaN	0.3579
925	926	en	luo	challenge_SSA-MTE	hyp1	News	NaN	0.3881
926	927	en	luo	challenge_SSA-MTE	hyp1	News	NaN	0.3980
927	928	en	luo	challenge_SSA-MTE	hyp1	News	NaN	0.4427
928	929	en	luo	challenge_SSA-MTE	hyp1	News	NaN	0.3926
929	930	en	luo	challenge_SSA-MTE	hyp1	News	NaN	0.3529
930	931	en	luo	challenge_SSA-MTE	hyp1	News	NaN	0.3046
931	932	en	luo	challenge_SSA-MTE	hyp1	News	NaN	0.4090
932	933	en	luo	challenge_SSA-MTE	hyp1	News	NaN	0.5695
933	934	en	luo	challenge_SSA-MTE	hyp1	News	NaN	0.5035
934	935	en	luo	challenge_SSA-MTE	hyp1	News	NaN	0.5220
935	936	en	luo	challenge_SSA-MTE	hyp1	News	NaN	0.5400
936	937	en	luo	challenge_SSA-MTE	hyp1	News	NaN	0.4172
937	938	en	luo	challenge_SSA-MTE	hyp1	News	NaN	0.3570
938	939	en	luo	challenge_SSA-MTE	hyp1	News	NaN	0.4197
939	940	en	luo	challenge_SSA-MTE	hyp1	News	NaN	0.2998
940	941	en	luo	challenge_SSA-MTE	hyp1	News	NaN	0.3382
941	942	en	luo	challenge_SSA-MTE	hyp1	News	NaN	0.3477
942	943	en	luo	challenge_SSA-MTE	hyp1	News	NaN	0.3690
943	944	en	luo	challenge_SSA-MTE	hyp1	News	NaN	0.4134
944	945	en	luo	challenge_SSA-MTE	hyp1	News	NaN	0.4228
945	946	en	luo	challenge_SSA-MTE	hyp1	News	NaN	0.3869
946	947	en	luo	challenge_SSA-MTE	hyp1	News	NaN	0.4302
947	948	en	luo	challenge_SSA-MTE	hyp1	News	NaN	0.4034
948	949	en	luo	challenge_SSA-MTE	hyp1	News	NaN	0.4158
949	950	en	luo	challenge_SSA-MTE	hyp1	News	NaN	0.2869
950	951	en	luo	challenge_SSA-MTE	hyp1	News	NaN	0.3739
951	952	en	luo	challenge_SSA-MTE	hyp1	News	NaN	0.3513
952	953	en	luo	challenge_SSA-MTE	hyp1	News	NaN	0.3437
953	954	en	luo	challenge_SSA-MTE	hyp1	News	NaN	0.3333
954	955	en	luo	challenge_SSA-MTE	hyp1	News	NaN	0.4046
955	956	en	luo	challenge_SSA-MTE	hyp1	News	NaN	0.4580
956	957	en	luo	challenge_SSA-MTE	hyp1	News	NaN	0.4807
957	958	en	luo	challenge_SSA-MTE	hyp1	News	NaN	0.1829
958	959	en	luo	challenge_SSA-MTE	hyp1	News	NaN	0.4283
959	960	en	luo	challenge_SSA-MTE	hyp1	News	NaN	0.4596
960	961	en	luo	challenge_SSA-MTE	hyp1	News	NaN	0.4576
961	962	en	luo	challenge_SSA-MTE	hyp1	News	NaN	0.3751
962	963	en	luo	challenge_SSA-MTE	hyp1	News	NaN	0.4263
963	964	en	luo	challenge_SSA-MTE	hyp1	News	NaN	0.4648
964	965	en	luo	challenge_SSA-MTE	hyp1	News	NaN	0.3220
965	966	en	luo	challenge_SSA-MTE	hyp1	News	NaN	0.3401
966	967	en	luo	challenge_SSA-MTE	hyp1	News	NaN	0.3329
967	968	en	luo	challenge_SSA-MTE	hyp1	News	NaN	0.2928
968	969	en	luo	challenge_SSA-MTE	hyp1	News	NaN	0.2483
969	970	en	luo	challenge_SSA-MTE	hyp1	News	NaN	0.3971
970	971	en	luo	challenge_SSA-MTE	hyp1	News	NaN	0.4403
971	972	en	luo	challenge_SSA-MTE	hyp1	News	NaN	0.3933
972	973	en	luo	challenge_SSA-MTE	hyp1	News	NaN	0.4529
973	974	en	luo	challenge_SSA-MTE	hyp1	News	NaN	0.4487
974	975	en	luo	challenge_SSA-MTE	hyp1	News	NaN	0.4099
975	976	en	luo	challenge_SSA-MTE	hyp1	News	NaN	0.4185
976	977	en	luo	challenge_SSA-MTE	hyp1	News	NaN	0.3492
977	978	en	luo	challenge_SSA-MTE	hyp1	News	NaN	0.4043
978	979	en	luo	challenge_SSA-MTE	hyp1	News	NaN	0.2922
979	980	en	luo	challenge_SSA-MTE	hyp1	News	NaN	0.3333
980	981	en	luo	challenge_SSA-MTE	hyp1	News	NaN	0.3741
981	982	en	luo	challenge_SSA-MTE	hyp1	News	NaN	0.3212
982	983	en	luo	challenge_SSA-MTE	hyp1	News	NaN	0.5045
983	984	en	luo	challenge_SSA-MTE	hyp1	News	NaN	0.4253
984	985	en	luo	challenge_SSA-MTE	hyp1	News	NaN	0.4377
985	986	en	luo	challenge_SSA-MTE	hyp1	News	NaN	0.4578
986	987	en	luo	challenge_SSA-MTE	hyp1	News	NaN	0.4004
987	988	en	luo	challenge_SSA-MTE	hyp1	News	NaN	0.3846
988	989	en	luo	challenge_SSA-MTE	hyp1	News	NaN	0.4880
989	990	en	luo	challenge_SSA-MTE	hyp1	News	NaN	0.3807
990	991	en	luo	challenge_SSA-MTE	hyp1	News	NaN	0.4972
991	992	en	luo	challenge_SSA-MTE	hyp1	News	NaN	0.4205
992	993	en	luo	challenge_SSA-MTE	hyp1	News	NaN	0.4900
993	994	en	luo	challenge_SSA-MTE	hyp1	News	NaN	0.4431
994	995	en	luo	challenge_SSA-MTE	hyp1	News	NaN	0.3737
995	996	en	luo	challenge_SSA-MTE	hyp1	News	NaN	0.3314
996	997	en	luo	challenge_SSA-MTE	hyp1	News	NaN	0.3030
997	998	en	luo	challenge_SSA-MTE	hyp1	News	NaN	0.3288
998	999	en	luo	challenge_SSA-MTE	hyp1	News	NaN	0.2684
999	1000	en	luo	challenge_SSA-MTE	hyp1	News	NaN	0.3684
1000	1001	en	luo	challenge_SSA-MTE	hyp1	News	NaN	0.4719
1001	1002	en	luo	challenge_SSA-MTE	hyp1	News	NaN	0.5757
1002	1003	en	luo	challenge_SSA-MTE	hyp1	News	NaN	0.3354
1003	1004	en	luo	challenge_SSA-MTE	hyp1	News	NaN	0.4893
1004	1005	en	luo	challenge_SSA-MTE	hyp1	News	NaN	0.3822
1005	1006	en	luo	challenge_SSA-MTE	hyp1	News	NaN	0.5068
1006	1007	en	luo	challenge_SSA-MTE	hyp1	News	NaN	0.4046
1007	1008	en	luo	challenge_SSA-MTE	hyp1	News	NaN	0.4174
1008	1009	en	luo	challenge_SSA-MTE	hyp1	News	NaN	0.2995
1009	1010	en	luo	challenge_SSA-MTE	hyp1	News	NaN	0.3172
1010	1011	en	luo	challenge_SSA-MTE	hyp1	News	NaN	0.3707
1011	1012	en	luo	challenge_SSA-MTE	hyp1	News	NaN	0.5296
1012	1013	en	luo	challenge_SSA-MTE	hyp1	News	NaN	0.4730
1013	1014	en	luo	challenge_SSA-MTE	hyp1	News	NaN	0.3238
1014	1015	en	luo	challenge_SSA-MTE	hyp1	News	NaN	0.4043
1015	1016	en	luo	challenge_SSA-MTE	hyp1	News	NaN	0.4400
1016	1017	en	luo	challenge_SSA-MTE	hyp1	News	NaN	0.4128
1017	1018	en	luo	challenge_SSA-MTE	hyp1	News	NaN	0.4267
1018	1019	en	luo	challenge_SSA-MTE	hyp1	News	NaN	0.4243
1019	1020	en	luo	challenge_SSA-MTE	hyp1	News	NaN	0.3607
1020	1021	en	luo	challenge_SSA-MTE	hyp1	News	NaN	0.4086
1021	1022	en	luo	challenge_SSA-MTE	hyp1	News	NaN	0.4380
1022	1023	en	luo	challenge_SSA-MTE	hyp1	News	NaN	0.3285
1023	1024	en	luo	challenge_SSA-MTE	hyp1	News	NaN	0.4621
1024	1025	en	luo	challenge_SSA-MTE	hyp1	News	NaN	0.4086
1025	1026	en	luo	challenge_SSA-MTE	hyp1	News	NaN	0.3426
1026	1027	en	luo	challenge_SSA-MTE	hyp1	News	NaN	0.4628
1027	1028	en	luo	challenge_SSA-MTE	hyp1	News	NaN	0.4001
1028	1029	en	luo	challenge_SSA-MTE	hyp1	News	NaN	0.4730
1029	1030	en	luo	challenge_SSA-MTE	hyp1	News	NaN	0.3342
1030	1031	en	luo	challenge_SSA-MTE	hyp1	News	NaN	0.3905
1031	1032	en	luo	challenge_SSA-MTE	hyp1	News	NaN	0.2964
1032	1033	en	luo	challenge_SSA-MTE	hyp1	News	NaN	0.3063
1033	1034	en	luo	challenge_SSA-MTE	hyp1	News	NaN	0.2820
1034	1035	en	luo	challenge_SSA-MTE	hyp1	News	NaN	0.3262
1035	1036	en	luo	challenge_SSA-MTE	hyp1	News	NaN	0.4393
1036	1037	en	luo	challenge_SSA-MTE	hyp1	News	NaN	0.5561
1037	1038	en	luo	challenge_SSA-MTE	hyp1	News	NaN	0.4378
1038	1039	en	luo	challenge_SSA-MTE	hyp1	News	NaN	0.5080
1039	1040	en	luo	challenge_SSA-MTE	hyp1	News	NaN	0.5554
1040	1041	en	luo	challenge_SSA-MTE	hyp1	News	NaN	0.5355
1041	1042	en	luo	challenge_SSA-MTE	hyp1	News	NaN	0.3763
1042	1043	en	luo	challenge_SSA-MTE	hyp1	News	NaN	0.3626
1043	1044	en	luo	challenge_SSA-MTE	hyp1	News	NaN	0.4832
1044	1045	en	luo	challenge_SSA-MTE	hyp1	News	NaN	0.4119
1045	1046	en	luo	challenge_SSA-MTE	hyp1	News	NaN	0.4159
1046	1047	en	luo	challenge_SSA-MTE	hyp1	News	NaN	0.3578
1047	1048	en	luo	challenge_SSA-MTE	hyp1	News	NaN	0.2969
1048	1049	en	luo	challenge_SSA-MTE	hyp1	News	NaN	0.4691
1049	1050	en	luo	challenge_SSA-MTE	hyp1	News	NaN	0.3346
1050	1051	en	luo	challenge_SSA-MTE	hyp1	News	NaN	0.3982
1051	1052	en	luo	challenge_SSA-MTE	hyp1	News	NaN	0.3770
1052	1053	en	luo	challenge_SSA-MTE	hyp1	News	NaN	0.3477
1053	1054	en	luo	challenge_SSA-MTE	hyp1	News	NaN	0.3423
1054	1055	en	luo	challenge_SSA-MTE	hyp1	News	NaN	0.4278
1055	1056	en	luo	challenge_SSA-MTE	hyp1	News	NaN	0.3966
1056	1057	en	luo	challenge_SSA-MTE	hyp1	News	NaN	0.4504
1057	1058	en	luo	challenge_SSA-MTE	hyp1	News	NaN	0.3984
1058	1059	en	luo	challenge_SSA-MTE	hyp1	News	NaN	0.4300
1059	1060	en	luo	challenge_SSA-MTE	hyp1	News	NaN	0.4353
1060	1061	en	luo	challenge_SSA-MTE	hyp1	News	NaN	0.4884
1061	1062	en	luo	challenge_SSA-MTE	hyp1	News	NaN	0.4716
1062	1063	en	luo	challenge_SSA-MTE	hyp1	News	NaN	0.5115
1063	1064	en	luo	challenge_SSA-MTE	hyp1	News	NaN	0.4488
1064	1065	en	luo	challenge_SSA-MTE	hyp1	News	NaN	0.4695
1065	1066	en	luo	challenge_SSA-MTE	hyp1	News	NaN	0.3439
1066	1067	en	luo	challenge_SSA-MTE	hyp1	News	NaN	0.4315
1067	1068	en	luo	challenge_SSA-MTE	hyp1	News	NaN	0.3911
1068	1069	en	luo	challenge_SSA-MTE	hyp1	News	NaN	0.4115
1069	1070	en	luo	challenge_SSA-MTE	hyp1	News	NaN	0.3881
1070	1071	en	luo	challenge_SSA-MTE	hyp1	News	NaN	0.4250
1071	1072	en	luo	challenge_SSA-MTE	hyp1	News	NaN	0.3520
1072	1073	en	luo	challenge_SSA-MTE	hyp1	News	NaN	0.4338
1073	1074	en	luo	challenge_SSA-MTE	hyp1	News	NaN	0.4041
1074	1075	en	luo	challenge_SSA-MTE	hyp1	News	NaN	0.4683
1075	1076	en	luo	challenge_SSA-MTE	hyp1	News	NaN	0.3795
1076	1077	en	luo	challenge_SSA-MTE	hyp1	News	NaN	0.4259
1077	1078	en	luo	challenge_SSA-MTE	hyp1	News	NaN	0.3648
1078	1079	en	luo	challenge_SSA-MTE	hyp1	News	NaN	0.4530
1079	1080	en	luo	challenge_SSA-MTE	hyp1	News	NaN	0.3917
1080	1081	en	luo	challenge_SSA-MTE	hyp1	News	NaN	0.4140
1081	1082	en	luo	challenge_SSA-MTE	hyp1	News	NaN	0.4770
1082	1083	en	luo	challenge_SSA-MTE	hyp1	News	NaN	0.3928
1083	1084	en	luo	challenge_SSA-MTE	hyp1	News	NaN	0.3498
1084	1085	en	luo	challenge_SSA-MTE	hyp1	News	NaN	0.3530
1085	1086	en	luo	challenge_SSA-MTE	hyp1	News	NaN	0.4212
1086	1087	en	luo	challenge_SSA-MTE	hyp1	News	NaN	0.4043
1087	1088	en	luo	challenge_SSA-MTE	hyp1	News	NaN	0.4415
1088	1089	en	luo	challenge_SSA-MTE	hyp1	News	NaN	0.4123
1089	1090	en	luo	challenge_SSA-MTE	hyp1	News	NaN	0.3488
1090	1091	en	luo	challenge_SSA-MTE	hyp1	News	NaN	0.3288
1091	1092	en	luo	challenge_SSA-MTE	hyp1	News	NaN	0.3126
1092	1093	en	luo	challenge_SSA-MTE	hyp1	News	NaN	0.3809
1093	1094	en	luo	challenge_SSA-MTE	hyp1	News	NaN	0.4831
1094	1095	en	luo	challenge_SSA-MTE	hyp1	News	NaN	0.3895
1095	1096	en	luo	challenge_SSA-MTE	hyp1	News	NaN	0.2408
1096	1097	en	luo	challenge_SSA-MTE	hyp1	News	NaN	0.3946
1097	1098	en	luo	challenge_SSA-MTE	hyp1	News	NaN	0.4105
1098	1099	en	luo	challenge_SSA-MTE	hyp1	News	NaN	0.4415
1099	1100	en	luo	challenge_SSA-MTE	hyp1	News	NaN	0.4523
1100	1101	en	luo	challenge_SSA-MTE	hyp1	News	NaN	0.4238
1101	1102	en	luo	challenge_SSA-MTE	hyp1	News	NaN	0.3119
1102	1103	en	luo	challenge_SSA-MTE	hyp1	News	NaN	0.3425
1103	1104	en	luo	challenge_SSA-MTE	hyp1	News	NaN	0.4057
1104	1105	en	luo	challenge_SSA-MTE	hyp1	News	NaN	0.4349
1105	1106	en	luo	challenge_SSA-MTE	hyp1	News	NaN	0.4476
1106	1107	en	luo	challenge_SSA-MTE	hyp1	News	NaN	0.3989
1107	1108	en	luo	challenge_SSA-MTE	hyp1	News	NaN	0.3004
1108	1109	en	luo	challenge_SSA-MTE	hyp1	News	NaN	0.4818
1109	1110	en	luo	challenge_SSA-MTE	hyp1	News	NaN	0.4402
1110	1111	en	luo	challenge_SSA-MTE	hyp1	News	NaN	0.3922
1111	1112	en	luo	challenge_SSA-MTE	hyp1	News	NaN	0.4561
1112	1113	en	luo	challenge_SSA-MTE	hyp1	News	NaN	0.3623
1113	1114	en	luo	challenge_SSA-MTE	hyp1	News	NaN	0.3940
1114	1115	en	luo	challenge_SSA-MTE	hyp1	News	NaN	0.4546
1115	1116	en	luo	challenge_SSA-MTE	hyp1	News	NaN	0.3432
1116	1117	en	luo	challenge_SSA-MTE	hyp1	News	NaN	0.3858
1117	1118	en	luo	challenge_SSA-MTE	hyp1	News	NaN	0.4647
1118	1119	en	luo	challenge_SSA-MTE	hyp1	News	NaN	0.3983
1119	1120	en	luo	challenge_SSA-MTE	hyp1	News	NaN	0.4455
1120	1121	en	luo	challenge_SSA-MTE	hyp1	News	NaN	0.3027
1121	1122	en	luo	challenge_SSA-MTE	hyp1	News	NaN	0.3760
1122	1123	en	luo	challenge_SSA-MTE	hyp1	News	NaN	0.3668
1123	1124	en	luo	challenge_SSA-MTE	hyp1	News	NaN	0.3428
1124	1125	en	luo	challenge_SSA-MTE	hyp1	News	NaN	0.3796
1125	1126	en	luo	challenge_SSA-MTE	hyp1	News	NaN	0.3720
1126	1127	en	luo	challenge_SSA-MTE	hyp1	News	NaN	0.4994
1127	1128	en	luo	challenge_SSA-MTE	hyp1	News	NaN	0.4239
1128	1129	en	luo	challenge_SSA-MTE	hyp1	News	NaN	0.5215
1129	1130	en	luo	challenge_SSA-MTE	hyp1	News	NaN	0.5483
1130	1131	en	luo	challenge_SSA-MTE	hyp1	News	NaN	0.4903
1131	1132	en	luo	challenge_SSA-MTE	hyp1	News	NaN	0.4728
1132	1133	en	luo	challenge_SSA-MTE	hyp1	News	NaN	0.4048
1133	1134	en	luo	challenge_SSA-MTE	hyp1	News	NaN	0.3406
1134	1135	en	luo	challenge_SSA-MTE	hyp1	News	NaN	0.3465
1135	1136	en	luo	challenge_SSA-MTE	hyp1	News	NaN	0.4227
1136	1137	en	luo	challenge_SSA-MTE	hyp1	News	NaN	0.4622
1137	1138	en	luo	challenge_SSA-MTE	hyp1	News	NaN	0.4738
1138	1139	en	luo	challenge_SSA-MTE	hyp1	News	NaN	0.4180
1139	1140	en	luo	challenge_SSA-MTE	hyp1	News	NaN	0.3686
1140	1141	en	luo	challenge_SSA-MTE	hyp1	News	NaN	0.4006
1141	1142	en	luo	challenge_SSA-MTE	hyp1	News	NaN	0.3861
1142	1143	en	luo	challenge_SSA-MTE	hyp1	News	NaN	0.4537
1143	1144	en	luo	challenge_SSA-MTE	hyp1	News	NaN	0.5089
1144	1145	en	luo	challenge_SSA-MTE	hyp1	News	NaN	0.3910
1145	1146	en	luo	challenge_SSA-MTE	hyp1	News	NaN	0.4184
1146	1147	en	luo	challenge_SSA-MTE	hyp1	News	NaN	0.3764
1147	1148	en	luo	challenge_SSA-MTE	hyp1	News	NaN	0.4005
1148	1149	en	luo	challenge_SSA-MTE	hyp1	News	NaN	0.4907
1149	1150	en	luo	challenge_SSA-MTE	hyp1	News	NaN	0.4151
1150	1151	en	luo	challenge_SSA-MTE	hyp1	News	NaN	0.4147
1151	1152	en	luo	challenge_SSA-MTE	hyp1	News	NaN	0.3591
1152	1153	en	luo	challenge_SSA-MTE	hyp1	News	NaN	0.4005
1153	1154	en	luo	challenge_SSA-MTE	hyp1	News	NaN	0.3996
1154	1155	en	luo	challenge_SSA-MTE	hyp1	News	NaN	0.4561
1155	1156	en	luo	challenge_SSA-MTE	hyp1	News	NaN	0.4786
1156	1157	en	luo	challenge_SSA-MTE	hyp1	News	NaN	0.3174
1157	1158	en	luo	challenge_SSA-MTE	hyp1	News	NaN	0.4533
1158	1159	en	luo	challenge_SSA-MTE	hyp1	News	NaN	0.4278
1159	1160	en	luo	challenge_SSA-MTE	hyp1	News	NaN	0.3768
1160	1161	en	luo	challenge_SSA-MTE	hyp1	News	NaN	0.3825
1161	1162	en	luo	challenge_SSA-MTE	hyp1	News	NaN	0.3732
1162	1163	en	luo	challenge_SSA-MTE	hyp1	News	NaN	0.3785
1163	1164	en	luo	challenge_SSA-MTE	hyp1	News	NaN	0.4063
1164	1165	en	luo	challenge_SSA-MTE	hyp1	News	NaN	0.3788
1165	1166	en	luo	challenge_SSA-MTE	hyp1	News	NaN	0.3313
1166	1167	en	luo	challenge_SSA-MTE	hyp1	News	NaN	0.4196
1167	1168	en	luo	challenge_SSA-MTE	hyp1	News	NaN	0.3031
1168	1169	en	luo	challenge_SSA-MTE	hyp1	News	NaN	0.3934
1169	1170	en	luo	challenge_SSA-MTE	hyp1	News	NaN	0.3608
1170	1171	en	luo	challenge_SSA-MTE	hyp1	News	NaN	0.4092
1171	1172	en	luo	challenge_SSA-MTE	hyp1	News	NaN	0.3954
1172	1173	en	luo	challenge_SSA-MTE	hyp1	News	NaN	0.3263
1173	1174	en	luo	challenge_SSA-MTE	hyp1	News	NaN	0.3792
1174	1175	en	luo	challenge_SSA-MTE	hyp1	News	NaN	0.3809
1175	1176	en	luo	challenge_SSA-MTE	hyp1	News	NaN	0.3360
1176	1177	en	luo	challenge_SSA-MTE	hyp1	News	NaN	0.3465
1177	1178	en	luo	challenge_SSA-MTE	hyp1	News	NaN	0.2354
1178	1179	en	luo	challenge_SSA-MTE	hyp1	News	NaN	0.3591
1179	1180	en	luo	challenge_SSA-MTE	hyp1	News	NaN	0.3642
1180	1181	en	luo	challenge_SSA-MTE	hyp1	News	NaN	0.3829
1181	1182	en	luo	challenge_SSA-MTE	hyp1	News	NaN	0.4091
1182	1183	en	luo	challenge_SSA-MTE	hyp1	News	NaN	0.3794
1183	1184	en	luo	challenge_SSA-MTE	hyp1	News	NaN	0.3773
1184	1185	en	luo	challenge_SSA-MTE	hyp1	News	NaN	0.4159
1185	1186	en	luo	challenge_SSA-MTE	hyp1	News	NaN	0.4951
1186	1187	en	luo	challenge_SSA-MTE	hyp1	News	NaN	0.3856
1187	1188	en	luo	challenge_SSA-MTE	hyp1	News	NaN	0.3400
1188	1189	en	luo	challenge_SSA-MTE	hyp1	News	NaN	0.4353
1189	1190	en	luo	challenge_SSA-MTE	hyp1	News	NaN	0.4211
1190	1191	en	luo	challenge_SSA-MTE	hyp1	News	NaN	0.3640
1191	1192	en	luo	challenge_SSA-MTE	hyp1	News	NaN	0.4063
1192	1193	en	luo	challenge_SSA-MTE	hyp1	News	NaN	0.3947
1193	1194	en	luo	challenge_SSA-MTE	hyp1	News	NaN	0.4067
1194	1195	en	luo	challenge_SSA-MTE	hyp1	News	NaN	0.3921
1195	1196	en	luo	challenge_SSA-MTE	hyp1	News	NaN	0.4047
1196	1197	en	luo	challenge_SSA-MTE	hyp1	News	NaN	0.2747
1197	1198	en	luo	challenge_SSA-MTE	hyp1	News	NaN	0.3475
1198	1199	en	luo	challenge_SSA-MTE	hyp1	News	NaN	0.3680
0	1	en	twi	challenge_SSA-MTE	hyp1	News	NaN	0.3833
1	2	en	twi	challenge_SSA-MTE	hyp1	News	NaN	0.4131
2	3	en	twi	challenge_SSA-MTE	hyp1	News	NaN	0.3783
3	4	en	twi	challenge_SSA-MTE	hyp1	News	NaN	0.4504
4	5	en	twi	challenge_SSA-MTE	hyp1	News	NaN	0.4164
5	6	en	twi	challenge_SSA-MTE	hyp1	News	NaN	0.3972
6	7	en	twi	challenge_SSA-MTE	hyp1	News	NaN	0.3789
7	8	en	twi	challenge_SSA-MTE	hyp1	News	NaN	0.3989
8	9	en	twi	challenge_SSA-MTE	hyp1	News	NaN	0.3914
9	10	en	twi	challenge_SSA-MTE	hyp1	News	NaN	0.3723
10	11	en	twi	challenge_SSA-MTE	hyp1	News	NaN	0.3777
11	12	en	twi	challenge_SSA-MTE	hyp1	News	NaN	0.3523
12	13	en	twi	challenge_SSA-MTE	hyp1	News	NaN	0.4194
13	14	en	twi	challenge_SSA-MTE	hyp1	News	NaN	0.3100
14	15	en	twi	challenge_SSA-MTE	hyp1	News	NaN	0.3250
15	16	en	twi	challenge_SSA-MTE	hyp1	News	NaN	0.3971
16	17	en	twi	challenge_SSA-MTE	hyp1	News	NaN	0.3213
17	18	en	twi	challenge_SSA-MTE	hyp1	News	NaN	0.3985
18	19	en	twi	challenge_SSA-MTE	hyp1	News	NaN	0.3887
19	20	en	twi	challenge_SSA-MTE	hyp1	News	NaN	0.5664
20	21	en	twi	challenge_SSA-MTE	hyp1	News	NaN	0.2767
21	22	en	twi	challenge_SSA-MTE	hyp1	News	NaN	0.3528
22	23	en	twi	challenge_SSA-MTE	hyp1	News	NaN	0.4914
23	24	en	twi	challenge_SSA-MTE	hyp1	News	NaN	0.3176
24	25	en	twi	challenge_SSA-MTE	hyp1	News	NaN	0.2775
25	26	en	twi	challenge_SSA-MTE	hyp1	News	NaN	0.4757
26	27	en	twi	challenge_SSA-MTE	hyp1	News	NaN	0.3242
27	28	en	twi	challenge_SSA-MTE	hyp1	News	NaN	0.3773
28	29	en	twi	challenge_SSA-MTE	hyp1	News	NaN	0.6712
29	30	en	twi	challenge_SSA-MTE	hyp1	News	NaN	0.4800
30	31	en	twi	challenge_SSA-MTE	hyp1	News	NaN	0.4284
31	32	en	twi	challenge_SSA-MTE	hyp1	News	NaN	0.4599
32	33	en	twi	challenge_SSA-MTE	hyp1	News	NaN	0.4032
33	34	en	twi	challenge_SSA-MTE	hyp1	News	NaN	0.7533
34	35	en	twi	challenge_SSA-MTE	hyp1	News	NaN	0.3470
35	36	en	twi	challenge_SSA-MTE	hyp1	News	NaN	0.3510
36	37	en	twi	challenge_SSA-MTE	hyp1	News	NaN	0.3796
37	38	en	twi	challenge_SSA-MTE	hyp1	News	NaN	0.2762
38	39	en	twi	challenge_SSA-MTE	hyp1	News	NaN	0.3192
39	40	en	twi	challenge_SSA-MTE	hyp1	News	NaN	0.3273
40	41	en	twi	challenge_SSA-MTE	hyp1	News	NaN	0.3012
41	42	en	twi	challenge_SSA-MTE	hyp1	News	NaN	0.3712
42	43	en	twi	challenge_SSA-MTE	hyp1	News	NaN	0.3009
43	44	en	twi	challenge_SSA-MTE	hyp1	News	NaN	0.3981
44	45	en	twi	challenge_SSA-MTE	hyp1	News	NaN	0.4002
45	46	en	twi	challenge_SSA-MTE	hyp1	News	NaN	0.4060
46	47	en	twi	challenge_SSA-MTE	hyp1	News	NaN	0.4880
47	48	en	twi	challenge_SSA-MTE	hyp1	News	NaN	0.4690
48	49	en	twi	challenge_SSA-MTE	hyp1	News	NaN	0.3175
49	50	en	twi	challenge_SSA-MTE	hyp1	News	NaN	0.4705
50	51	en	twi	challenge_SSA-MTE	hyp1	News	NaN	0.4717
51	52	en	twi	challenge_SSA-MTE	hyp1	News	NaN	0.4434
52	53	en	twi	challenge_SSA-MTE	hyp1	News	NaN	0.5784
53	54	en	twi	challenge_SSA-MTE	hyp1	News	NaN	0.5903
54	55	en	twi	challenge_SSA-MTE	hyp1	News	NaN	0.4323
55	56	en	twi	challenge_SSA-MTE	hyp1	News	NaN	0.5895
56	57	en	twi	challenge_SSA-MTE	hyp1	News	NaN	0.6145
57	58	en	twi	challenge_SSA-MTE	hyp1	News	NaN	0.4256
58	59	en	twi	challenge_SSA-MTE	hyp1	News	NaN	0.4261
59	60	en	twi	challenge_SSA-MTE	hyp1	News	NaN	0.4032
60	61	en	twi	challenge_SSA-MTE	hyp1	News	NaN	0.3467
61	62	en	twi	challenge_SSA-MTE	hyp1	News	NaN	0.3879
62	63	en	twi	challenge_SSA-MTE	hyp1	News	NaN	0.4514
63	64	en	twi	challenge_SSA-MTE	hyp1	News	NaN	0.4122
64	65	en	twi	challenge_SSA-MTE	hyp1	News	NaN	0.3820
65	66	en	twi	challenge_SSA-MTE	hyp1	News	NaN	0.4396
66	67	en	twi	challenge_SSA-MTE	hyp1	News	NaN	0.3909
67	68	en	twi	challenge_SSA-MTE	hyp1	News	NaN	0.4224
68	69	en	twi	challenge_SSA-MTE	hyp1	News	NaN	0.3938
69	70	en	twi	challenge_SSA-MTE	hyp1	News	NaN	0.4618
70	71	en	twi	challenge_SSA-MTE	hyp1	News	NaN	0.4554
71	72	en	twi	challenge_SSA-MTE	hyp1	News	NaN	0.5205
72	73	en	twi	challenge_SSA-MTE	hyp1	News	NaN	0.2862
73	74	en	twi	challenge_SSA-MTE	hyp1	News	NaN	0.3911
74	75	en	twi	challenge_SSA-MTE	hyp1	News	NaN	0.4566
75	76	en	twi	challenge_SSA-MTE	hyp1	News	NaN	0.5298
76	77	en	twi	challenge_SSA-MTE	hyp1	News	NaN	0.3088
77	78	en	twi	challenge_SSA-MTE	hyp1	News	NaN	0.4822
78	79	en	twi	challenge_SSA-MTE	hyp1	News	NaN	0.4568
79	80	en	twi	challenge_SSA-MTE	hyp1	News	NaN	0.2748
80	81	en	twi	challenge_SSA-MTE	hyp1	News	NaN	0.2651
81	82	en	twi	challenge_SSA-MTE	hyp1	News	NaN	0.2724
82	83	en	twi	challenge_SSA-MTE	hyp1	News	NaN	0.3934
83	84	en	twi	challenge_SSA-MTE	hyp1	News	NaN	0.4366
84	85	en	twi	challenge_SSA-MTE	hyp1	News	NaN	0.3964
85	86	en	twi	challenge_SSA-MTE	hyp1	News	NaN	0.4455
86	87	en	twi	challenge_SSA-MTE	hyp1	News	NaN	0.3834
87	88	en	twi	challenge_SSA-MTE	hyp1	News	NaN	0.3210
88	89	en	twi	challenge_SSA-MTE	hyp1	News	NaN	0.4199
89	90	en	twi	challenge_SSA-MTE	hyp1	News	NaN	0.3060
90	91	en	twi	challenge_SSA-MTE	hyp1	News	NaN	0.3624
91	92	en	twi	challenge_SSA-MTE	hyp1	News	NaN	0.5408
92	93	en	twi	challenge_SSA-MTE	hyp1	News	NaN	0.3222
93	94	en	twi	challenge_SSA-MTE	hyp1	News	NaN	0.3390
94	95	en	twi	challenge_SSA-MTE	hyp1	News	NaN	0.3406
95	96	en	twi	challenge_SSA-MTE	hyp1	News	NaN	0.3739
96	97	en	twi	challenge_SSA-MTE	hyp1	News	NaN	0.3412
97	98	en	twi	challenge_SSA-MTE	hyp1	News	NaN	0.3574
98	99	en	twi	challenge_SSA-MTE	hyp1	News	NaN	0.3589
99	100	en	twi	challenge_SSA-MTE	hyp1	News	NaN	0.5048
100	101	en	twi	challenge_SSA-MTE	hyp1	News	NaN	0.3968
101	102	en	twi	challenge_SSA-MTE	hyp1	News	NaN	0.3868
102	103	en	twi	challenge_SSA-MTE	hyp1	News	NaN	0.4252
103	104	en	twi	challenge_SSA-MTE	hyp1	News	NaN	0.3044
104	105	en	twi	challenge_SSA-MTE	hyp1	News	NaN	0.3453
105	106	en	twi	challenge_SSA-MTE	hyp1	News	NaN	0.3639
106	107	en	twi	challenge_SSA-MTE	hyp1	News	NaN	0.3768
107	108	en	twi	challenge_SSA-MTE	hyp1	News	NaN	0.3771
108	109	en	twi	challenge_SSA-MTE	hyp1	News	NaN	0.3561
109	110	en	twi	challenge_SSA-MTE	hyp1	News	NaN	0.3308
110	111	en	twi	challenge_SSA-MTE	hyp1	News	NaN	0.4407
111	112	en	twi	challenge_SSA-MTE	hyp1	News	NaN	0.4319
112	113	en	twi	challenge_SSA-MTE	hyp1	News	NaN	0.5095
113	114	en	twi	challenge_SSA-MTE	hyp1	News	NaN	0.4330
114	115	en	twi	challenge_SSA-MTE	hyp1	News	NaN	0.4675
115	116	en	twi	challenge_SSA-MTE	hyp1	News	NaN	0.3056
116	117	en	twi	challenge_SSA-MTE	hyp1	News	NaN	0.3788
117	118	en	twi	challenge_SSA-MTE	hyp1	News	NaN	0.3514
118	119	en	twi	challenge_SSA-MTE	hyp1	News	NaN	0.3685
119	120	en	twi	challenge_SSA-MTE	hyp1	News	NaN	0.4572
120	121	en	twi	challenge_SSA-MTE	hyp1	News	NaN	0.3723
121	122	en	twi	challenge_SSA-MTE	hyp1	News	NaN	0.3297
122	123	en	twi	challenge_SSA-MTE	hyp1	News	NaN	0.4726
123	124	en	twi	challenge_SSA-MTE	hyp1	News	NaN	0.5069
124	125	en	twi	challenge_SSA-MTE	hyp1	News	NaN	0.3777
125	126	en	twi	challenge_SSA-MTE	hyp1	News	NaN	0.4245
126	127	en	twi	challenge_SSA-MTE	hyp1	News	NaN	0.4468
127	128	en	twi	challenge_SSA-MTE	hyp1	News	NaN	0.3461
128	129	en	twi	challenge_SSA-MTE	hyp1	News	NaN	0.4164
129	130	en	twi	challenge_SSA-MTE	hyp1	News	NaN	0.5785
130	131	en	twi	challenge_SSA-MTE	hyp1	News	NaN	0.6443
131	132	en	twi	challenge_SSA-MTE	hyp1	News	NaN	0.3350
132	133	en	twi	challenge_SSA-MTE	hyp1	News	NaN	0.3689
133	134	en	twi	challenge_SSA-MTE	hyp1	News	NaN	0.3095
134	135	en	twi	challenge_SSA-MTE	hyp1	News	NaN	0.3295
135	136	en	twi	challenge_SSA-MTE	hyp1	News	NaN	0.3150
136	137	en	twi	challenge_SSA-MTE	hyp1	News	NaN	0.3198
137	138	en	twi	challenge_SSA-MTE	hyp1	News	NaN	0.4257
138	139	en	twi	challenge_SSA-MTE	hyp1	News	NaN	0.4360
139	140	en	twi	challenge_SSA-MTE	hyp1	News	NaN	0.3786
140	141	en	twi	challenge_SSA-MTE	hyp1	News	NaN	0.4306
141	142	en	twi	challenge_SSA-MTE	hyp1	News	NaN	0.4905
142	143	en	twi	challenge_SSA-MTE	hyp1	News	NaN	0.4560
143	144	en	twi	challenge_SSA-MTE	hyp1	News	NaN	0.3841
144	145	en	twi	challenge_SSA-MTE	hyp1	News	NaN	0.3626
145	146	en	twi	challenge_SSA-MTE	hyp1	News	NaN	0.4519
146	147	en	twi	challenge_SSA-MTE	hyp1	News	NaN	0.3649
147	148	en	twi	challenge_SSA-MTE	hyp1	News	NaN	0.4065
148	149	en	twi	challenge_SSA-MTE	hyp1	News	NaN	0.3956
149	150	en	twi	challenge_SSA-MTE	hyp1	News	NaN	0.4490
150	151	en	twi	challenge_SSA-MTE	hyp1	News	NaN	0.3838
151	152	en	twi	challenge_SSA-MTE	hyp1	News	NaN	0.4351
152	153	en	twi	challenge_SSA-MTE	hyp1	News	NaN	0.4420
153	154	en	twi	challenge_SSA-MTE	hyp1	News	NaN	0.5897
154	155	en	twi	challenge_SSA-MTE	hyp1	News	NaN	0.3895
155	156	en	twi	challenge_SSA-MTE	hyp1	News	NaN	0.3972
156	157	en	twi	challenge_SSA-MTE	hyp1	News	NaN	0.4201
157	158	en	twi	challenge_SSA-MTE	hyp1	News	NaN	0.4350
158	159	en	twi	challenge_SSA-MTE	hyp1	News	NaN	0.3918
159	160	en	twi	challenge_SSA-MTE	hyp1	News	NaN	0.3850
160	161	en	twi	challenge_SSA-MTE	hyp1	News	NaN	0.3936
161	162	en	twi	challenge_SSA-MTE	hyp1	News	NaN	0.3578
162	163	en	twi	challenge_SSA-MTE	hyp1	News	NaN	0.3148
163	164	en	twi	challenge_SSA-MTE	hyp1	News	NaN	0.3598
164	165	en	twi	challenge_SSA-MTE	hyp1	News	NaN	0.3849
165	166	en	twi	challenge_SSA-MTE	hyp1	News	NaN	0.3515
166	167	en	twi	challenge_SSA-MTE	hyp1	News	NaN	0.3925
167	168	en	twi	challenge_SSA-MTE	hyp1	News	NaN	0.3243
168	169	en	twi	challenge_SSA-MTE	hyp1	News	NaN	0.4014
169	170	en	twi	challenge_SSA-MTE	hyp1	News	NaN	0.3334
170	171	en	twi	challenge_SSA-MTE	hyp1	News	NaN	0.3622
171	172	en	twi	challenge_SSA-MTE	hyp1	News	NaN	0.3814
172	173	en	twi	challenge_SSA-MTE	hyp1	News	NaN	0.3447
173	174	en	twi	challenge_SSA-MTE	hyp1	News	NaN	0.2934
174	175	en	twi	challenge_SSA-MTE	hyp1	News	NaN	0.4262
175	176	en	twi	challenge_SSA-MTE	hyp1	News	NaN	0.3598
176	177	en	twi	challenge_SSA-MTE	hyp1	News	NaN	0.3746
177	178	en	twi	challenge_SSA-MTE	hyp1	News	NaN	0.4295
178	179	en	twi	challenge_SSA-MTE	hyp1	News	NaN	0.3708
179	180	en	twi	challenge_SSA-MTE	hyp1	News	NaN	0.4269
180	181	en	twi	challenge_SSA-MTE	hyp1	News	NaN	0.4282
181	182	en	twi	challenge_SSA-MTE	hyp1	News	NaN	0.4064
182	183	en	twi	challenge_SSA-MTE	hyp1	News	NaN	0.4136
183	184	en	twi	challenge_SSA-MTE	hyp1	News	NaN	0.3621
184	185	en	twi	challenge_SSA-MTE	hyp1	News	NaN	0.3789
185	186	en	twi	challenge_SSA-MTE	hyp1	News	NaN	0.3881
186	187	en	twi	challenge_SSA-MTE	hyp1	News	NaN	0.3419
187	188	en	twi	challenge_SSA-MTE	hyp1	News	NaN	0.3203
188	189	en	twi	challenge_SSA-MTE	hyp1	News	NaN	0.3311
189	190	en	twi	challenge_SSA-MTE	hyp1	News	NaN	0.4580
190	191	en	twi	challenge_SSA-MTE	hyp1	News	NaN	0.4068
191	192	en	twi	challenge_SSA-MTE	hyp1	News	NaN	0.3540
192	193	en	twi	challenge_SSA-MTE	hyp1	News	NaN	0.4330
193	194	en	twi	challenge_SSA-MTE	hyp1	News	NaN	0.3959
194	195	en	twi	challenge_SSA-MTE	hyp1	News	NaN	0.3606
195	196	en	twi	challenge_SSA-MTE	hyp1	News	NaN	0.3712
196	197	en	twi	challenge_SSA-MTE	hyp1	News	NaN	0.3767
197	198	en	twi	challenge_SSA-MTE	hyp1	News	NaN	0.3180
198	199	en	twi	challenge_SSA-MTE	hyp1	News	NaN	0.3873
199	200	en	twi	challenge_SSA-MTE	hyp1	News	NaN	0.3819
200	201	en	twi	challenge_SSA-MTE	hyp1	News	NaN	0.3844
201	202	en	twi	challenge_SSA-MTE	hyp1	News	NaN	0.3030
202	203	en	twi	challenge_SSA-MTE	hyp1	News	NaN	0.3141
203	204	en	twi	challenge_SSA-MTE	hyp1	News	NaN	0.4070
204	205	en	twi	challenge_SSA-MTE	hyp1	News	NaN	0.3929
205	206	en	twi	challenge_SSA-MTE	hyp1	News	NaN	0.3829
206	207	en	twi	challenge_SSA-MTE	hyp1	News	NaN	0.4499
207	208	en	twi	challenge_SSA-MTE	hyp1	News	NaN	0.3909
208	209	en	twi	challenge_SSA-MTE	hyp1	News	NaN	0.3103
209	210	en	twi	challenge_SSA-MTE	hyp1	News	NaN	0.3666
210	211	en	twi	challenge_SSA-MTE	hyp1	News	NaN	0.3903
211	212	en	twi	challenge_SSA-MTE	hyp1	News	NaN	0.4744
212	213	en	twi	challenge_SSA-MTE	hyp1	News	NaN	0.3995
213	214	en	twi	challenge_SSA-MTE	hyp1	News	NaN	0.4332
214	215	en	twi	challenge_SSA-MTE	hyp1	News	NaN	0.3257
215	216	en	twi	challenge_SSA-MTE	hyp1	News	NaN	0.4150
216	217	en	twi	challenge_SSA-MTE	hyp1	News	NaN	0.4035
217	218	en	twi	challenge_SSA-MTE	hyp1	News	NaN	0.4249
218	219	en	twi	challenge_SSA-MTE	hyp1	News	NaN	0.4445
219	220	en	twi	challenge_SSA-MTE	hyp1	News	NaN	0.4179
220	221	en	twi	challenge_SSA-MTE	hyp1	News	NaN	0.2799
221	222	en	twi	challenge_SSA-MTE	hyp1	News	NaN	0.3935
222	223	en	twi	challenge_SSA-MTE	hyp1	News	NaN	0.3790
223	224	en	twi	challenge_SSA-MTE	hyp1	News	NaN	0.3891
224	225	en	twi	challenge_SSA-MTE	hyp1	News	NaN	0.4550
225	226	en	twi	challenge_SSA-MTE	hyp1	News	NaN	0.4994
226	227	en	twi	challenge_SSA-MTE	hyp1	News	NaN	0.3487
227	228	en	twi	challenge_SSA-MTE	hyp1	News	NaN	0.5498
228	229	en	twi	challenge_SSA-MTE	hyp1	News	NaN	0.4193
229	230	en	twi	challenge_SSA-MTE	hyp1	News	NaN	0.3879
230	231	en	twi	challenge_SSA-MTE	hyp1	News	NaN	0.3662
231	232	en	twi	challenge_SSA-MTE	hyp1	News	NaN	0.3931
232	233	en	twi	challenge_SSA-MTE	hyp1	News	NaN	0.3241
233	234	en	twi	challenge_SSA-MTE	hyp1	News	NaN	0.3570
234	235	en	twi	challenge_SSA-MTE	hyp1	News	NaN	0.4029
235	236	en	twi	challenge_SSA-MTE	hyp1	News	NaN	0.4029
236	237	en	twi	challenge_SSA-MTE	hyp1	News	NaN	0.5136
237	238	en	twi	challenge_SSA-MTE	hyp1	News	NaN	0.4543
238	239	en	twi	challenge_SSA-MTE	hyp1	News	NaN	0.4639
239	240	en	twi	challenge_SSA-MTE	hyp1	News	NaN	0.3857
240	241	en	twi	challenge_SSA-MTE	hyp1	News	NaN	0.3487
241	242	en	twi	challenge_SSA-MTE	hyp1	News	NaN	0.4100
242	243	en	twi	challenge_SSA-MTE	hyp1	News	NaN	0.3921
243	244	en	twi	challenge_SSA-MTE	hyp1	News	NaN	0.2521
244	245	en	twi	challenge_SSA-MTE	hyp1	News	NaN	0.3957
245	246	en	twi	challenge_SSA-MTE	hyp1	News	NaN	0.3927
246	247	en	twi	challenge_SSA-MTE	hyp1	News	NaN	0.3562
247	248	en	twi	challenge_SSA-MTE	hyp1	News	NaN	0.3527
248	249	en	twi	challenge_SSA-MTE	hyp1	News	NaN	0.2891
249	250	en	twi	challenge_SSA-MTE	hyp1	News	NaN	0.3316
250	251	en	twi	challenge_SSA-MTE	hyp1	News	NaN	0.3143
251	252	en	twi	challenge_SSA-MTE	hyp1	News	NaN	0.3216
252	253	en	twi	challenge_SSA-MTE	hyp1	News	NaN	0.2835
253	254	en	twi	challenge_SSA-MTE	hyp1	News	NaN	0.4369
254	255	en	twi	challenge_SSA-MTE	hyp1	News	NaN	0.3627
255	256	en	twi	challenge_SSA-MTE	hyp1	News	NaN	0.4213
256	257	en	twi	challenge_SSA-MTE	hyp1	News	NaN	0.3989
257	258	en	twi	challenge_SSA-MTE	hyp1	News	NaN	0.4152
258	259	en	twi	challenge_SSA-MTE	hyp1	News	NaN	0.3816
259	260	en	twi	challenge_SSA-MTE	hyp1	News	NaN	0.4168
260	261	en	twi	challenge_SSA-MTE	hyp1	News	NaN	0.3781
261	262	en	twi	challenge_SSA-MTE	hyp1	News	NaN	0.2508
262	263	en	twi	challenge_SSA-MTE	hyp1	News	NaN	0.4125
263	264	en	twi	challenge_SSA-MTE	hyp1	News	NaN	0.3475
264	265	en	twi	challenge_SSA-MTE	hyp1	News	NaN	0.4232
265	266	en	twi	challenge_SSA-MTE	hyp1	News	NaN	0.4119
266	267	en	twi	challenge_SSA-MTE	hyp1	News	NaN	0.3854
267	268	en	twi	challenge_SSA-MTE	hyp1	News	NaN	0.2998
268	269	en	twi	challenge_SSA-MTE	hyp1	News	NaN	0.3880
269	270	en	twi	challenge_SSA-MTE	hyp1	News	NaN	0.3700
270	271	en	twi	challenge_SSA-MTE	hyp1	News	NaN	0.3737
271	272	en	twi	challenge_SSA-MTE	hyp1	News	NaN	0.3237
272	273	en	twi	challenge_SSA-MTE	hyp1	News	NaN	0.3766
273	274	en	twi	challenge_SSA-MTE	hyp1	News	NaN	0.3052
274	275	en	twi	challenge_SSA-MTE	hyp1	News	NaN	0.3838
275	276	en	twi	challenge_SSA-MTE	hyp1	News	NaN	0.3483
276	277	en	twi	challenge_SSA-MTE	hyp1	News	NaN	0.3889
277	278	en	twi	challenge_SSA-MTE	hyp1	News	NaN	0.3846
278	279	en	twi	challenge_SSA-MTE	hyp1	News	NaN	0.4343
279	280	en	twi	challenge_SSA-MTE	hyp1	News	NaN	0.4050
280	281	en	twi	challenge_SSA-MTE	hyp1	News	NaN	0.4051
281	282	en	twi	challenge_SSA-MTE	hyp1	News	NaN	0.3930
282	283	en	twi	challenge_SSA-MTE	hyp1	News	NaN	0.3920
283	284	en	twi	challenge_SSA-MTE	hyp1	News	NaN	0.4215
284	285	en	twi	challenge_SSA-MTE	hyp1	News	NaN	0.3622
285	286	en	twi	challenge_SSA-MTE	hyp1	News	NaN	0.3264
286	287	en	twi	challenge_SSA-MTE	hyp1	News	NaN	0.4250
287	288	en	twi	challenge_SSA-MTE	hyp1	News	NaN	0.3877
288	289	en	twi	challenge_SSA-MTE	hyp1	News	NaN	0.4175
289	290	en	twi	challenge_SSA-MTE	hyp1	News	NaN	0.3864
290	291	en	twi	challenge_SSA-MTE	hyp1	News	NaN	0.4093
291	292	en	twi	challenge_SSA-MTE	hyp1	News	NaN	0.3790
292	293	en	twi	challenge_SSA-MTE	hyp1	News	NaN	0.3949
293	294	en	twi	challenge_SSA-MTE	hyp1	News	NaN	0.3938
294	295	en	twi	challenge_SSA-MTE	hyp1	News	NaN	0.4439
295	296	en	twi	challenge_SSA-MTE	hyp1	News	NaN	0.4260
296	297	en	twi	challenge_SSA-MTE	hyp1	News	NaN	0.3704
297	298	en	twi	challenge_SSA-MTE	hyp1	News	NaN	0.3412
298	299	en	twi	challenge_SSA-MTE	hyp1	News	NaN	0.4403
299	300	en	twi	challenge_SSA-MTE	hyp1	News	NaN	0.4384
300	301	en	twi	challenge_SSA-MTE	hyp1	News	NaN	0.4638
301	302	en	twi	challenge_SSA-MTE	hyp1	News	NaN	0.3756
302	303	en	twi	challenge_SSA-MTE	hyp1	News	NaN	0.3897
303	304	en	twi	challenge_SSA-MTE	hyp1	News	NaN	0.3477
304	305	en	twi	challenge_SSA-MTE	hyp1	News	NaN	0.3511
305	306	en	twi	challenge_SSA-MTE	hyp1	News	NaN	0.3616
306	307	en	twi	challenge_SSA-MTE	hyp1	News	NaN	0.3350
307	308	en	twi	challenge_SSA-MTE	hyp1	News	NaN	0.4008
308	309	en	twi	challenge_SSA-MTE	hyp1	News	NaN	0.3314
309	310	en	twi	challenge_SSA-MTE	hyp1	News	NaN	0.2821
310	311	en	twi	challenge_SSA-MTE	hyp1	News	NaN	0.3737
311	312	en	twi	challenge_SSA-MTE	hyp1	News	NaN	0.3722
312	313	en	twi	challenge_SSA-MTE	hyp1	News	NaN	0.3473
313	314	en	twi	challenge_SSA-MTE	hyp1	News	NaN	0.3004
314	315	en	twi	challenge_SSA-MTE	hyp1	News	NaN	0.3354
315	316	en	twi	challenge_SSA-MTE	hyp1	News	NaN	0.3264
316	317	en	twi	challenge_SSA-MTE	hyp1	News	NaN	0.3278
317	318	en	twi	challenge_SSA-MTE	hyp1	News	NaN	0.3522
318	319	en	twi	challenge_SSA-MTE	hyp1	News	NaN	0.3586
319	320	en	twi	challenge_SSA-MTE	hyp1	News	NaN	0.4933
320	321	en	twi	challenge_SSA-MTE	hyp1	News	NaN	0.4212
321	322	en	twi	challenge_SSA-MTE	hyp1	News	NaN	0.3352
322	323	en	twi	challenge_SSA-MTE	hyp1	News	NaN	0.5361
323	324	en	twi	challenge_SSA-MTE	hyp1	News	NaN	0.4673
324	325	en	twi	challenge_SSA-MTE	hyp1	News	NaN	0.4145
325	326	en	twi	challenge_SSA-MTE	hyp1	News	NaN	0.3682
326	327	en	twi	challenge_SSA-MTE	hyp1	News	NaN	0.3265
327	328	en	twi	challenge_SSA-MTE	hyp1	News	NaN	0.3254
328	329	en	twi	challenge_SSA-MTE	hyp1	News	NaN	0.2850
329	330	en	twi	challenge_SSA-MTE	hyp1	News	NaN	0.3360
330	331	en	twi	challenge_SSA-MTE	hyp1	News	NaN	0.3262
331	332	en	twi	challenge_SSA-MTE	hyp1	News	NaN	0.3774
332	333	en	twi	challenge_SSA-MTE	hyp1	News	NaN	0.4482
333	334	en	twi	challenge_SSA-MTE	hyp1	News	NaN	0.3093
334	335	en	twi	challenge_SSA-MTE	hyp1	News	NaN	0.4231
335	336	en	twi	challenge_SSA-MTE	hyp1	News	NaN	0.4455
336	337	en	twi	challenge_SSA-MTE	hyp1	News	NaN	0.3531
337	338	en	twi	challenge_SSA-MTE	hyp1	News	NaN	0.4762
338	339	en	twi	challenge_SSA-MTE	hyp1	News	NaN	0.5034
339	340	en	twi	challenge_SSA-MTE	hyp1	News	NaN	0.3108
340	341	en	twi	challenge_SSA-MTE	hyp1	News	NaN	0.5444
341	342	en	twi	challenge_SSA-MTE	hyp1	News	NaN	0.6161
342	343	en	twi	challenge_SSA-MTE	hyp1	News	NaN	0.5391
343	344	en	twi	challenge_SSA-MTE	hyp1	News	NaN	0.3260
344	345	en	twi	challenge_SSA-MTE	hyp1	News	NaN	0.3048
345	346	en	twi	challenge_SSA-MTE	hyp1	News	NaN	0.2913
346	347	en	twi	challenge_SSA-MTE	hyp1	News	NaN	0.3021
347	348	en	twi	challenge_SSA-MTE	hyp1	News	NaN	0.3374
348	349	en	twi	challenge_SSA-MTE	hyp1	News	NaN	0.3126
349	350	en	twi	challenge_SSA-MTE	hyp1	News	NaN	0.5209
350	351	en	twi	challenge_SSA-MTE	hyp1	News	NaN	0.4218
351	352	en	twi	challenge_SSA-MTE	hyp1	News	NaN	0.4719
352	353	en	twi	challenge_SSA-MTE	hyp1	News	NaN	0.5405
353	354	en	twi	challenge_SSA-MTE	hyp1	News	NaN	0.4368
354	355	en	twi	challenge_SSA-MTE	hyp1	News	NaN	0.5273
355	356	en	twi	challenge_SSA-MTE	hyp1	News	NaN	0.2924
356	357	en	twi	challenge_SSA-MTE	hyp1	News	NaN	0.3700
357	358	en	twi	challenge_SSA-MTE	hyp1	News	NaN	0.2639
358	359	en	twi	challenge_SSA-MTE	hyp1	News	NaN	0.3397
359	360	en	twi	challenge_SSA-MTE	hyp1	News	NaN	0.3447
360	361	en	twi	challenge_SSA-MTE	hyp1	News	NaN	0.3694
361	362	en	twi	challenge_SSA-MTE	hyp1	News	NaN	0.3674
362	363	en	twi	challenge_SSA-MTE	hyp1	News	NaN	0.3299
363	364	en	twi	challenge_SSA-MTE	hyp1	News	NaN	0.3682
364	365	en	twi	challenge_SSA-MTE	hyp1	News	NaN	0.3721
365	366	en	twi	challenge_SSA-MTE	hyp1	News	NaN	0.3532
366	367	en	twi	challenge_SSA-MTE	hyp1	News	NaN	0.3764
367	368	en	twi	challenge_SSA-MTE	hyp1	News	NaN	0.4179
368	369	en	twi	challenge_SSA-MTE	hyp1	News	NaN	0.4019
369	370	en	twi	challenge_SSA-MTE	hyp1	News	NaN	0.3285
370	371	en	twi	challenge_SSA-MTE	hyp1	News	NaN	0.4142
371	372	en	twi	challenge_SSA-MTE	hyp1	News	NaN	0.4494
372	373	en	twi	challenge_SSA-MTE	hyp1	News	NaN	0.3852
373	374	en	twi	challenge_SSA-MTE	hyp1	News	NaN	0.3478
374	375	en	twi	challenge_SSA-MTE	hyp1	News	NaN	0.3623
375	376	en	twi	challenge_SSA-MTE	hyp1	News	NaN	0.3004
376	377	en	twi	challenge_SSA-MTE	hyp1	News	NaN	0.3350
377	378	en	twi	challenge_SSA-MTE	hyp1	News	NaN	0.3191
378	379	en	twi	challenge_SSA-MTE	hyp1	News	NaN	0.3197
379	380	en	twi	challenge_SSA-MTE	hyp1	News	NaN	0.3889
380	381	en	twi	challenge_SSA-MTE	hyp1	News	NaN	0.3776
381	382	en	twi	challenge_SSA-MTE	hyp1	News	NaN	0.3468
382	383	en	twi	challenge_SSA-MTE	hyp1	News	NaN	0.4030
383	384	en	twi	challenge_SSA-MTE	hyp1	News	NaN	0.4220
384	385	en	twi	challenge_SSA-MTE	hyp1	News	NaN	0.4349
385	386	en	twi	challenge_SSA-MTE	hyp1	News	NaN	0.3826
386	387	en	twi	challenge_SSA-MTE	hyp1	News	NaN	0.3729
387	388	en	twi	challenge_SSA-MTE	hyp1	News	NaN	0.3755
388	389	en	twi	challenge_SSA-MTE	hyp1	News	NaN	0.4196
389	390	en	twi	challenge_SSA-MTE	hyp1	News	NaN	0.4137
390	391	en	twi	challenge_SSA-MTE	hyp1	News	NaN	0.4259
391	392	en	twi	challenge_SSA-MTE	hyp1	News	NaN	0.3339
392	393	en	twi	challenge_SSA-MTE	hyp1	News	NaN	0.3304
393	394	en	twi	challenge_SSA-MTE	hyp1	News	NaN	0.2724
394	395	en	twi	challenge_SSA-MTE	hyp1	News	NaN	0.3791
395	396	en	twi	challenge_SSA-MTE	hyp1	News	NaN	0.3401
396	397	en	twi	challenge_SSA-MTE	hyp1	News	NaN	0.2872
397	398	en	twi	challenge_SSA-MTE	hyp1	News	NaN	0.4015
398	399	en	twi	challenge_SSA-MTE	hyp1	News	NaN	0.3045
399	400	en	twi	challenge_SSA-MTE	hyp1	News	NaN	0.2809
400	401	en	twi	challenge_SSA-MTE	hyp1	News	NaN	0.3425
401	402	en	twi	challenge_SSA-MTE	hyp1	News	NaN	0.3648
402	403	en	twi	challenge_SSA-MTE	hyp1	News	NaN	0.3803
403	404	en	twi	challenge_SSA-MTE	hyp1	News	NaN	0.3633
404	405	en	twi	challenge_SSA-MTE	hyp1	News	NaN	0.3695
405	406	en	twi	challenge_SSA-MTE	hyp1	News	NaN	0.3563
406	407	en	twi	challenge_SSA-MTE	hyp1	News	NaN	0.3710
407	408	en	twi	challenge_SSA-MTE	hyp1	News	NaN	0.3536
408	409	en	twi	challenge_SSA-MTE	hyp1	News	NaN	0.3660
409	410	en	twi	challenge_SSA-MTE	hyp1	News	NaN	0.3442
410	411	en	twi	challenge_SSA-MTE	hyp1	News	NaN	0.3944
411	412	en	twi	challenge_SSA-MTE	hyp1	News	NaN	0.3953
412	413	en	twi	challenge_SSA-MTE	hyp1	News	NaN	0.4215
413	414	en	twi	challenge_SSA-MTE	hyp1	News	NaN	0.3508
414	415	en	twi	challenge_SSA-MTE	hyp1	News	NaN	0.3314
415	416	en	twi	challenge_SSA-MTE	hyp1	News	NaN	0.3682
416	417	en	twi	challenge_SSA-MTE	hyp1	News	NaN	0.4016
417	418	en	twi	challenge_SSA-MTE	hyp1	News	NaN	0.3526
418	419	en	twi	challenge_SSA-MTE	hyp1	News	NaN	0.3362
419	420	en	twi	challenge_SSA-MTE	hyp1	News	NaN	0.4192
420	421	en	twi	challenge_SSA-MTE	hyp1	News	NaN	0.3817
421	422	en	twi	challenge_SSA-MTE	hyp1	News	NaN	0.3329
422	423	en	twi	challenge_SSA-MTE	hyp1	News	NaN	0.3825
423	424	en	twi	challenge_SSA-MTE	hyp1	News	NaN	0.3854
424	425	en	twi	challenge_SSA-MTE	hyp1	News	NaN	0.3550
425	426	en	twi	challenge_SSA-MTE	hyp1	News	NaN	0.3996
426	427	en	twi	challenge_SSA-MTE	hyp1	News	NaN	0.3476
427	428	en	twi	challenge_SSA-MTE	hyp1	News	NaN	0.4088
428	429	en	twi	challenge_SSA-MTE	hyp1	News	NaN	0.3568
429	430	en	twi	challenge_SSA-MTE	hyp1	News	NaN	0.3468
430	431	en	twi	challenge_SSA-MTE	hyp1	News	NaN	0.3953
431	432	en	twi	challenge_SSA-MTE	hyp1	News	NaN	0.3829
432	433	en	twi	challenge_SSA-MTE	hyp1	News	NaN	0.3437
433	434	en	twi	challenge_SSA-MTE	hyp1	News	NaN	0.3322
434	435	en	twi	challenge_SSA-MTE	hyp1	News	NaN	0.3411
435	436	en	twi	challenge_SSA-MTE	hyp1	News	NaN	0.4136
436	437	en	twi	challenge_SSA-MTE	hyp1	News	NaN	0.3958
437	438	en	twi	challenge_SSA-MTE	hyp1	News	NaN	0.5411
438	439	en	twi	challenge_SSA-MTE	hyp1	News	NaN	0.3534
439	440	en	twi	challenge_SSA-MTE	hyp1	News	NaN	0.4565
440	441	en	twi	challenge_SSA-MTE	hyp1	News	NaN	0.4357
441	442	en	twi	challenge_SSA-MTE	hyp1	News	NaN	0.4365
442	443	en	twi	challenge_SSA-MTE	hyp1	News	NaN	0.3440
443	444	en	twi	challenge_SSA-MTE	hyp1	News	NaN	0.3465
444	445	en	twi	challenge_SSA-MTE	hyp1	News	NaN	0.3463
445	446	en	twi	challenge_SSA-MTE	hyp1	News	NaN	0.2970
446	447	en	twi	challenge_SSA-MTE	hyp1	News	NaN	0.3361
447	448	en	twi	challenge_SSA-MTE	hyp1	News	NaN	0.3471
448	449	en	twi	challenge_SSA-MTE	hyp1	News	NaN	0.2879
449	450	en	twi	challenge_SSA-MTE	hyp1	News	NaN	0.3213
450	451	en	twi	challenge_SSA-MTE	hyp1	News	NaN	0.3390
451	452	en	twi	challenge_SSA-MTE	hyp1	News	NaN	0.3391
452	453	en	twi	challenge_SSA-MTE	hyp1	News	NaN	0.3633
453	454	en	twi	challenge_SSA-MTE	hyp1	News	NaN	0.3398
454	455	en	twi	challenge_SSA-MTE	hyp1	News	NaN	0.4222
455	456	en	twi	challenge_SSA-MTE	hyp1	News	NaN	0.3919
456	457	en	twi	challenge_SSA-MTE	hyp1	News	NaN	0.2947
457	458	en	twi	challenge_SSA-MTE	hyp1	News	NaN	0.4069
458	459	en	twi	challenge_SSA-MTE	hyp1	News	NaN	0.3525
459	460	en	twi	challenge_SSA-MTE	hyp1	News	NaN	0.3495
460	461	en	twi	challenge_SSA-MTE	hyp1	News	NaN	0.3493
461	462	en	twi	challenge_SSA-MTE	hyp1	News	NaN	0.2890
462	463	en	twi	challenge_SSA-MTE	hyp1	News	NaN	0.3413
463	464	en	twi	challenge_SSA-MTE	hyp1	News	NaN	0.3718
464	465	en	twi	challenge_SSA-MTE	hyp1	News	NaN	0.3236
465	466	en	twi	challenge_SSA-MTE	hyp1	News	NaN	0.3898
466	467	en	twi	challenge_SSA-MTE	hyp1	News	NaN	0.3426
467	468	en	twi	challenge_SSA-MTE	hyp1	News	NaN	0.3475
468	469	en	twi	challenge_SSA-MTE	hyp1	News	NaN	0.3260
469	470	en	twi	challenge_SSA-MTE	hyp1	News	NaN	0.3081
470	471	en	twi	challenge_SSA-MTE	hyp1	News	NaN	0.3377
471	472	en	twi	challenge_SSA-MTE	hyp1	News	NaN	0.3096
472	473	en	twi	challenge_SSA-MTE	hyp1	News	NaN	0.3143
473	474	en	twi	challenge_SSA-MTE	hyp1	News	NaN	0.3915
474	475	en	twi	challenge_SSA-MTE	hyp1	News	NaN	0.3857
475	476	en	twi	challenge_SSA-MTE	hyp1	News	NaN	0.3572
476	477	en	twi	challenge_SSA-MTE	hyp1	News	NaN	0.3755
477	478	en	twi	challenge_SSA-MTE	hyp1	News	NaN	0.3635
478	479	en	twi	challenge_SSA-MTE	hyp1	News	NaN	0.4023
479	480	en	twi	challenge_SSA-MTE	hyp1	News	NaN	0.3503
480	481	en	twi	challenge_SSA-MTE	hyp1	News	NaN	0.2800
481	482	en	twi	challenge_SSA-MTE	hyp1	News	NaN	0.3209
482	483	en	twi	challenge_SSA-MTE	hyp1	News	NaN	0.3373
483	484	en	twi	challenge_SSA-MTE	hyp1	News	NaN	0.3389
484	485	en	twi	challenge_SSA-MTE	hyp1	News	NaN	0.3858
485	486	en	twi	challenge_SSA-MTE	hyp1	News	NaN	0.3688
486	487	en	twi	challenge_SSA-MTE	hyp1	News	NaN	0.3834
487	488	en	twi	challenge_SSA-MTE	hyp1	News	NaN	0.4124
488	489	en	twi	challenge_SSA-MTE	hyp1	News	NaN	0.4185
489	490	en	twi	challenge_SSA-MTE	hyp1	News	NaN	0.3645
490	491	en	twi	challenge_SSA-MTE	hyp1	News	NaN	0.4039
491	492	en	twi	challenge_SSA-MTE	hyp1	News	NaN	0.2006
492	493	en	twi	challenge_SSA-MTE	hyp1	News	NaN	0.4244
493	494	en	twi	challenge_SSA-MTE	hyp1	News	NaN	0.3243
494	495	en	twi	challenge_SSA-MTE	hyp1	News	NaN	0.3302
495	496	en	twi	challenge_SSA-MTE	hyp1	News	NaN	0.3212
496	497	en	twi	challenge_SSA-MTE	hyp1	News	NaN	0.3996
497	498	en	twi	challenge_SSA-MTE	hyp1	News	NaN	0.3099
498	499	en	twi	challenge_SSA-MTE	hyp1	News	NaN	0.3290
499	500	en	twi	challenge_SSA-MTE	hyp1	News	NaN	0.3477
500	501	en	twi	challenge_SSA-MTE	hyp1	News	NaN	0.4146
501	502	en	twi	challenge_SSA-MTE	hyp1	News	NaN	0.4018
502	503	en	twi	challenge_SSA-MTE	hyp1	News	NaN	0.4062
503	504	en	twi	challenge_SSA-MTE	hyp1	News	NaN	0.3974
504	505	en	twi	challenge_SSA-MTE	hyp1	News	NaN	0.3896
505	506	en	twi	challenge_SSA-MTE	hyp1	News	NaN	0.4119
506	507	en	twi	challenge_SSA-MTE	hyp1	News	NaN	0.3640
507	508	en	twi	challenge_SSA-MTE	hyp1	News	NaN	0.3329
508	509	en	twi	challenge_SSA-MTE	hyp1	News	NaN	0.3529
509	510	en	twi	challenge_SSA-MTE	hyp1	News	NaN	0.2201
510	511	en	twi	challenge_SSA-MTE	hyp1	News	NaN	0.3446
511	512	en	twi	challenge_SSA-MTE	hyp1	News	NaN	0.3621
512	513	en	twi	challenge_SSA-MTE	hyp1	News	NaN	0.3611
513	514	en	twi	challenge_SSA-MTE	hyp1	News	NaN	0.3734
514	515	en	twi	challenge_SSA-MTE	hyp1	News	NaN	0.3848
515	516	en	twi	challenge_SSA-MTE	hyp1	News	NaN	0.2840
516	517	en	twi	challenge_SSA-MTE	hyp1	News	NaN	0.3789
517	518	en	twi	challenge_SSA-MTE	hyp1	News	NaN	0.3963
518	519	en	twi	challenge_SSA-MTE	hyp1	News	NaN	0.3786
519	520	en	twi	challenge_SSA-MTE	hyp1	News	NaN	0.3170
520	521	en	twi	challenge_SSA-MTE	hyp1	News	NaN	0.3042
521	522	en	twi	challenge_SSA-MTE	hyp1	News	NaN	0.3221
522	523	en	twi	challenge_SSA-MTE	hyp1	News	NaN	0.3236
523	524	en	twi	challenge_SSA-MTE	hyp1	News	NaN	0.3524
524	525	en	twi	challenge_SSA-MTE	hyp1	News	NaN	0.4565
525	526	en	twi	challenge_SSA-MTE	hyp1	News	NaN	0.3689
526	527	en	twi	challenge_SSA-MTE	hyp1	News	NaN	0.5048
527	528	en	twi	challenge_SSA-MTE	hyp1	News	NaN	0.4764
528	529	en	twi	challenge_SSA-MTE	hyp1	News	NaN	0.4269
529	530	en	twi	challenge_SSA-MTE	hyp1	News	NaN	0.4102
530	531	en	twi	challenge_SSA-MTE	hyp1	News	NaN	0.4557
531	532	en	twi	challenge_SSA-MTE	hyp1	News	NaN	0.4712
532	533	en	twi	challenge_SSA-MTE	hyp1	News	NaN	0.3753
533	534	en	twi	challenge_SSA-MTE	hyp1	News	NaN	0.4281
534	535	en	twi	challenge_SSA-MTE	hyp1	News	NaN	0.4119
535	536	en	twi	challenge_SSA-MTE	hyp1	News	NaN	0.4014
536	537	en	twi	challenge_SSA-MTE	hyp1	News	NaN	0.3218
537	538	en	twi	challenge_SSA-MTE	hyp1	News	NaN	0.3275
538	539	en	twi	challenge_SSA-MTE	hyp1	News	NaN	0.3416
539	540	en	twi	challenge_SSA-MTE	hyp1	News	NaN	0.3930
540	541	en	twi	challenge_SSA-MTE	hyp1	News	NaN	0.3375
541	542	en	twi	challenge_SSA-MTE	hyp1	News	NaN	0.3608
542	543	en	twi	challenge_SSA-MTE	hyp1	News	NaN	0.3478
543	544	en	twi	challenge_SSA-MTE	hyp1	News	NaN	0.3244
544	545	en	twi	challenge_SSA-MTE	hyp1	News	NaN	0.3740
545	546	en	twi	challenge_SSA-MTE	hyp1	News	NaN	0.3764
546	547	en	twi	challenge_SSA-MTE	hyp1	News	NaN	0.3776
547	548	en	twi	challenge_SSA-MTE	hyp1	News	NaN	0.3850
548	549	en	twi	challenge_SSA-MTE	hyp1	News	NaN	0.3244
549	550	en	twi	challenge_SSA-MTE	hyp1	News	NaN	0.3896
550	551	en	twi	challenge_SSA-MTE	hyp1	News	NaN	0.3679
551	552	en	twi	challenge_SSA-MTE	hyp1	News	NaN	0.3675
552	553	en	twi	challenge_SSA-MTE	hyp1	News	NaN	0.3778
553	554	en	twi	challenge_SSA-MTE	hyp1	News	NaN	0.3679
554	555	en	twi	challenge_SSA-MTE	hyp1	News	NaN	0.3464
555	556	en	twi	challenge_SSA-MTE	hyp1	News	NaN	0.3487
556	557	en	twi	challenge_SSA-MTE	hyp1	News	NaN	0.4151
557	558	en	twi	challenge_SSA-MTE	hyp1	News	NaN	0.3816
558	559	en	twi	challenge_SSA-MTE	hyp1	News	NaN	0.4763
559	560	en	twi	challenge_SSA-MTE	hyp1	News	NaN	0.3624
560	561	en	twi	challenge_SSA-MTE	hyp1	News	NaN	0.4172
561	562	en	twi	challenge_SSA-MTE	hyp1	News	NaN	0.3704
562	563	en	twi	challenge_SSA-MTE	hyp1	News	NaN	0.4108
563	564	en	twi	challenge_SSA-MTE	hyp1	News	NaN	0.3419
564	565	en	twi	challenge_SSA-MTE	hyp1	News	NaN	0.4366
565	566	en	twi	challenge_SSA-MTE	hyp1	News	NaN	0.3655
566	567	en	twi	challenge_SSA-MTE	hyp1	News	NaN	0.3252
567	568	en	twi	challenge_SSA-MTE	hyp1	News	NaN	0.3795
568	569	en	twi	challenge_SSA-MTE	hyp1	News	NaN	0.3650
569	570	en	twi	challenge_SSA-MTE	hyp1	News	NaN	0.3877
570	571	en	twi	challenge_SSA-MTE	hyp1	News	NaN	0.4561
571	572	en	twi	challenge_SSA-MTE	hyp1	News	NaN	0.5099
572	573	en	twi	challenge_SSA-MTE	hyp1	News	NaN	0.2653
573	574	en	twi	challenge_SSA-MTE	hyp1	News	NaN	0.4673
574	575	en	twi	challenge_SSA-MTE	hyp1	News	NaN	0.4389
575	576	en	twi	challenge_SSA-MTE	hyp1	News	NaN	0.4632
576	577	en	twi	challenge_SSA-MTE	hyp1	News	NaN	0.3341
577	578	en	twi	challenge_SSA-MTE	hyp1	News	NaN	0.3614
578	579	en	twi	challenge_SSA-MTE	hyp1	News	NaN	0.3357
579	580	en	twi	challenge_SSA-MTE	hyp1	News	NaN	0.3754
580	581	en	twi	challenge_SSA-MTE	hyp1	News	NaN	0.3446
581	582	en	twi	challenge_SSA-MTE	hyp1	News	NaN	0.3252
582	583	en	twi	challenge_SSA-MTE	hyp1	News	NaN	0.3526
583	584	en	twi	challenge_SSA-MTE	hyp1	News	NaN	0.3286
584	585	en	twi	challenge_SSA-MTE	hyp1	News	NaN	0.3678
585	586	en	twi	challenge_SSA-MTE	hyp1	News	NaN	0.4285
586	587	en	twi	challenge_SSA-MTE	hyp1	News	NaN	0.3520
587	588	en	twi	challenge_SSA-MTE	hyp1	News	NaN	0.3339
588	589	en	twi	challenge_SSA-MTE	hyp1	News	NaN	0.4342
589	590	en	twi	challenge_SSA-MTE	hyp1	News	NaN	0.3958
590	591	en	twi	challenge_SSA-MTE	hyp1	News	NaN	0.2822
591	592	en	twi	challenge_SSA-MTE	hyp1	News	NaN	0.4227
592	593	en	twi	challenge_SSA-MTE	hyp1	News	NaN	0.4326
593	594	en	twi	challenge_SSA-MTE	hyp1	News	NaN	0.4025
594	595	en	twi	challenge_SSA-MTE	hyp1	News	NaN	0.3130
595	596	en	twi	challenge_SSA-MTE	hyp1	News	NaN	0.3267
596	597	en	twi	challenge_SSA-MTE	hyp1	News	NaN	0.2755
597	598	en	twi	challenge_SSA-MTE	hyp1	News	NaN	0.3712
598	599	en	twi	challenge_SSA-MTE	hyp1	News	NaN	0.3210
599	600	en	twi	challenge_SSA-MTE	hyp1	News	NaN	0.3471
600	601	en	twi	challenge_SSA-MTE	hyp1	News	NaN	0.4172
601	602	en	twi	challenge_SSA-MTE	hyp1	News	NaN	0.4082
602	603	en	twi	challenge_SSA-MTE	hyp1	News	NaN	0.3823
603	604	en	twi	challenge_SSA-MTE	hyp1	News	NaN	0.4547
604	605	en	twi	challenge_SSA-MTE	hyp1	News	NaN	0.4247
605	606	en	twi	challenge_SSA-MTE	hyp1	News	NaN	0.4142
606	607	en	twi	challenge_SSA-MTE	hyp1	News	NaN	0.3749
607	608	en	twi	challenge_SSA-MTE	hyp1	News	NaN	0.3918
608	609	en	twi	challenge_SSA-MTE	hyp1	News	NaN	0.2902
609	610	en	twi	challenge_SSA-MTE	hyp1	News	NaN	0.3873
610	611	en	twi	challenge_SSA-MTE	hyp1	News	NaN	0.3956
611	612	en	twi	challenge_SSA-MTE	hyp1	News	NaN	0.3775
612	613	en	twi	challenge_SSA-MTE	hyp1	News	NaN	0.3693
613	614	en	twi	challenge_SSA-MTE	hyp1	News	NaN	0.3617
614	615	en	twi	challenge_SSA-MTE	hyp1	News	NaN	0.3172
615	616	en	twi	challenge_SSA-MTE	hyp1	News	NaN	0.3308
616	617	en	twi	challenge_SSA-MTE	hyp1	News	NaN	0.3026
617	618	en	twi	challenge_SSA-MTE	hyp1	News	NaN	0.4167
618	619	en	twi	challenge_SSA-MTE	hyp1	News	NaN	0.3727
619	620	en	twi	challenge_SSA-MTE	hyp1	News	NaN	0.2779
620	621	en	twi	challenge_SSA-MTE	hyp1	News	NaN	0.4026
621	622	en	twi	challenge_SSA-MTE	hyp1	News	NaN	0.4102
622	623	en	twi	challenge_SSA-MTE	hyp1	News	NaN	0.3812
623	624	en	twi	challenge_SSA-MTE	hyp1	News	NaN	0.3747
624	625	en	twi	challenge_SSA-MTE	hyp1	News	NaN	0.3541
625	626	en	twi	challenge_SSA-MTE	hyp1	News	NaN	0.3401
626	627	en	twi	challenge_SSA-MTE	hyp1	News	NaN	0.3884
627	628	en	twi	challenge_SSA-MTE	hyp1	News	NaN	0.3813
628	629	en	twi	challenge_SSA-MTE	hyp1	News	NaN	0.3756
629	630	en	twi	challenge_SSA-MTE	hyp1	News	NaN	0.3385
630	631	en	twi	challenge_SSA-MTE	hyp1	News	NaN	0.4065
631	632	en	twi	challenge_SSA-MTE	hyp1	News	NaN	0.3841
632	633	en	twi	challenge_SSA-MTE	hyp1	News	NaN	0.3540
633	634	en	twi	challenge_SSA-MTE	hyp1	News	NaN	0.4172
634	635	en	twi	challenge_SSA-MTE	hyp1	News	NaN	0.3858
635	636	en	twi	challenge_SSA-MTE	hyp1	News	NaN	0.4048
636	637	en	twi	challenge_SSA-MTE	hyp1	News	NaN	0.3585
637	638	en	twi	challenge_SSA-MTE	hyp1	News	NaN	0.3400
638	639	en	twi	challenge_SSA-MTE	hyp1	News	NaN	0.4475
639	640	en	twi	challenge_SSA-MTE	hyp1	News	NaN	0.3892
640	641	en	twi	challenge_SSA-MTE	hyp1	News	NaN	0.4044
641	642	en	twi	challenge_SSA-MTE	hyp1	News	NaN	0.4302
642	643	en	twi	challenge_SSA-MTE	hyp1	News	NaN	0.3852
643	644	en	twi	challenge_SSA-MTE	hyp1	News	NaN	0.3163
644	645	en	twi	challenge_SSA-MTE	hyp1	News	NaN	0.4801
645	646	en	twi	challenge_SSA-MTE	hyp1	News	NaN	0.4268
646	647	en	twi	challenge_SSA-MTE	hyp1	News	NaN	0.4008
647	648	en	twi	challenge_SSA-MTE	hyp1	News	NaN	0.3311
648	649	en	twi	challenge_SSA-MTE	hyp1	News	NaN	0.3035
649	650	en	twi	challenge_SSA-MTE	hyp1	News	NaN	0.2671
650	651	en	twi	challenge_SSA-MTE	hyp1	News	NaN	0.3244
651	652	en	twi	challenge_SSA-MTE	hyp1	News	NaN	0.3323
652	653	en	twi	challenge_SSA-MTE	hyp1	News	NaN	0.3301
653	654	en	twi	challenge_SSA-MTE	hyp1	News	NaN	0.4981
654	655	en	twi	challenge_SSA-MTE	hyp1	News	NaN	0.5689
655	656	en	twi	challenge_SSA-MTE	hyp1	News	NaN	0.5319
656	657	en	twi	challenge_SSA-MTE	hyp1	News	NaN	0.4802
657	658	en	twi	challenge_SSA-MTE	hyp1	News	NaN	0.5035
658	659	en	twi	challenge_SSA-MTE	hyp1	News	NaN	0.4275
659	660	en	twi	challenge_SSA-MTE	hyp1	News	NaN	0.3129
660	661	en	twi	challenge_SSA-MTE	hyp1	News	NaN	0.3740
661	662	en	twi	challenge_SSA-MTE	hyp1	News	NaN	0.3242
662	663	en	twi	challenge_SSA-MTE	hyp1	News	NaN	0.3322
663	664	en	twi	challenge_SSA-MTE	hyp1	News	NaN	0.3192
664	665	en	twi	challenge_SSA-MTE	hyp1	News	NaN	0.3207
665	666	en	twi	challenge_SSA-MTE	hyp1	News	NaN	0.3712
666	667	en	twi	challenge_SSA-MTE	hyp1	News	NaN	0.4176
667	668	en	twi	challenge_SSA-MTE	hyp1	News	NaN	0.2979
668	669	en	twi	challenge_SSA-MTE	hyp1	News	NaN	0.3291
669	670	en	twi	challenge_SSA-MTE	hyp1	News	NaN	0.4483
670	671	en	twi	challenge_SSA-MTE	hyp1	News	NaN	0.3328
671	672	en	twi	challenge_SSA-MTE	hyp1	News	NaN	0.4162
672	673	en	twi	challenge_SSA-MTE	hyp1	News	NaN	0.3857
673	674	en	twi	challenge_SSA-MTE	hyp1	News	NaN	0.2773
674	675	en	twi	challenge_SSA-MTE	hyp1	News	NaN	0.4372
675	676	en	twi	challenge_SSA-MTE	hyp1	News	NaN	0.4311
676	677	en	twi	challenge_SSA-MTE	hyp1	News	NaN	0.3982
677	678	en	twi	challenge_SSA-MTE	hyp1	News	NaN	0.2787
678	679	en	twi	challenge_SSA-MTE	hyp1	News	NaN	0.2611
679	680	en	twi	challenge_SSA-MTE	hyp1	News	NaN	0.2480
680	681	en	twi	challenge_SSA-MTE	hyp1	News	NaN	0.2871
681	682	en	twi	challenge_SSA-MTE	hyp1	News	NaN	0.3043
682	683	en	twi	challenge_SSA-MTE	hyp1	News	NaN	0.3311
683	684	en	twi	challenge_SSA-MTE	hyp1	News	NaN	0.3761
684	685	en	twi	challenge_SSA-MTE	hyp1	News	NaN	0.3850
685	686	en	twi	challenge_SSA-MTE	hyp1	News	NaN	0.3264
686	687	en	twi	challenge_SSA-MTE	hyp1	News	NaN	0.3829
687	688	en	twi	challenge_SSA-MTE	hyp1	News	NaN	0.3930
688	689	en	twi	challenge_SSA-MTE	hyp1	News	NaN	0.3940
689	690	en	twi	challenge_SSA-MTE	hyp1	News	NaN	0.4421
690	691	en	twi	challenge_SSA-MTE	hyp1	News	NaN	0.3372
691	692	en	twi	challenge_SSA-MTE	hyp1	News	NaN	0.3264
692	693	en	twi	challenge_SSA-MTE	hyp1	News	NaN	0.4591
693	694	en	twi	challenge_SSA-MTE	hyp1	News	NaN	0.3791
694	695	en	twi	challenge_SSA-MTE	hyp1	News	NaN	0.3625
695	696	en	twi	challenge_SSA-MTE	hyp1	News	NaN	0.2865
696	697	en	twi	challenge_SSA-MTE	hyp1	News	NaN	0.3482
697	698	en	twi	challenge_SSA-MTE	hyp1	News	NaN	0.2798
698	699	en	twi	challenge_SSA-MTE	hyp1	News	NaN	0.3576
699	700	en	twi	challenge_SSA-MTE	hyp1	News	NaN	0.3272
700	701	en	twi	challenge_SSA-MTE	hyp1	News	NaN	0.3649
701	702	en	twi	challenge_SSA-MTE	hyp1	News	NaN	0.4112
702	703	en	twi	challenge_SSA-MTE	hyp1	News	NaN	0.2890
703	704	en	twi	challenge_SSA-MTE	hyp1	News	NaN	0.3796
704	705	en	twi	challenge_SSA-MTE	hyp1	News	NaN	0.4308
705	706	en	twi	challenge_SSA-MTE	hyp1	News	NaN	0.3671
706	707	en	twi	challenge_SSA-MTE	hyp1	News	NaN	0.3301
707	708	en	twi	challenge_SSA-MTE	hyp1	News	NaN	0.3630
708	709	en	twi	challenge_SSA-MTE	hyp1	News	NaN	0.2829
709	710	en	twi	challenge_SSA-MTE	hyp1	News	NaN	0.3226
710	711	en	twi	challenge_SSA-MTE	hyp1	News	NaN	0.3575
711	712	en	twi	challenge_SSA-MTE	hyp1	News	NaN	0.3956
712	713	en	twi	challenge_SSA-MTE	hyp1	News	NaN	0.2723
713	714	en	twi	challenge_SSA-MTE	hyp1	News	NaN	0.3280
714	715	en	twi	challenge_SSA-MTE	hyp1	News	NaN	0.3779
715	716	en	twi	challenge_SSA-MTE	hyp1	News	NaN	0.3429
716	717	en	twi	challenge_SSA-MTE	hyp1	News	NaN	0.4019
717	718	en	twi	challenge_SSA-MTE	hyp1	News	NaN	0.3021
718	719	en	twi	challenge_SSA-MTE	hyp1	News	NaN	0.3389
719	720	en	twi	challenge_SSA-MTE	hyp1	News	NaN	0.3022
720	721	en	twi	challenge_SSA-MTE	hyp1	News	NaN	0.3029
721	722	en	twi	challenge_SSA-MTE	hyp1	News	NaN	0.2920
722	723	en	twi	challenge_SSA-MTE	hyp1	News	NaN	0.3455
723	724	en	twi	challenge_SSA-MTE	hyp1	News	NaN	0.4476
724	725	en	twi	challenge_SSA-MTE	hyp1	News	NaN	0.4074
725	726	en	twi	challenge_SSA-MTE	hyp1	News	NaN	0.4492
726	727	en	twi	challenge_SSA-MTE	hyp1	News	NaN	0.5011
727	728	en	twi	challenge_SSA-MTE	hyp1	News	NaN	0.4622
728	729	en	twi	challenge_SSA-MTE	hyp1	News	NaN	0.4554
729	730	en	twi	challenge_SSA-MTE	hyp1	News	NaN	0.3222
730	731	en	twi	challenge_SSA-MTE	hyp1	News	NaN	0.3172
731	732	en	twi	challenge_SSA-MTE	hyp1	News	NaN	0.2962
732	733	en	twi	challenge_SSA-MTE	hyp1	News	NaN	0.3633
733	734	en	twi	challenge_SSA-MTE	hyp1	News	NaN	0.3240
734	735	en	twi	challenge_SSA-MTE	hyp1	News	NaN	0.3559
735	736	en	twi	challenge_SSA-MTE	hyp1	News	NaN	0.3947
736	737	en	twi	challenge_SSA-MTE	hyp1	News	NaN	0.3715
737	738	en	twi	challenge_SSA-MTE	hyp1	News	NaN	0.2924
738	739	en	twi	challenge_SSA-MTE	hyp1	News	NaN	0.4151
739	740	en	twi	challenge_SSA-MTE	hyp1	News	NaN	0.4268
740	741	en	twi	challenge_SSA-MTE	hyp1	News	NaN	0.3926
741	742	en	twi	challenge_SSA-MTE	hyp1	News	NaN	0.3861
742	743	en	twi	challenge_SSA-MTE	hyp1	News	NaN	0.3727
743	744	en	twi	challenge_SSA-MTE	hyp1	News	NaN	0.3341
744	745	en	twi	challenge_SSA-MTE	hyp1	News	NaN	0.2914
745	746	en	twi	challenge_SSA-MTE	hyp1	News	NaN	0.4678
746	747	en	twi	challenge_SSA-MTE	hyp1	News	NaN	0.3805
747	748	en	twi	challenge_SSA-MTE	hyp1	News	NaN	0.4053
748	749	en	twi	challenge_SSA-MTE	hyp1	News	NaN	0.3732
749	750	en	twi	challenge_SSA-MTE	hyp1	News	NaN	0.3841
750	751	en	twi	challenge_SSA-MTE	hyp1	News	NaN	0.3643
751	752	en	twi	challenge_SSA-MTE	hyp1	News	NaN	0.3790
752	753	en	twi	challenge_SSA-MTE	hyp1	News	NaN	0.3916
753	754	en	twi	challenge_SSA-MTE	hyp1	News	NaN	0.4181
754	755	en	twi	challenge_SSA-MTE	hyp1	News	NaN	0.3979
755	756	en	twi	challenge_SSA-MTE	hyp1	News	NaN	0.2463
756	757	en	twi	challenge_SSA-MTE	hyp1	News	NaN	0.3405
757	758	en	twi	challenge_SSA-MTE	hyp1	News	NaN	0.3372
758	759	en	twi	challenge_SSA-MTE	hyp1	News	NaN	0.3972
759	760	en	twi	challenge_SSA-MTE	hyp1	News	NaN	0.3974
760	761	en	twi	challenge_SSA-MTE	hyp1	News	NaN	0.3618
761	762	en	twi	challenge_SSA-MTE	hyp1	News	NaN	0.3580
762	763	en	twi	challenge_SSA-MTE	hyp1	News	NaN	0.4404
763	764	en	twi	challenge_SSA-MTE	hyp1	News	NaN	0.4033
764	765	en	twi	challenge_SSA-MTE	hyp1	News	NaN	0.4190
765	766	en	twi	challenge_SSA-MTE	hyp1	News	NaN	0.4405
766	767	en	twi	challenge_SSA-MTE	hyp1	News	NaN	0.4276
767	768	en	twi	challenge_SSA-MTE	hyp1	News	NaN	0.4270
768	769	en	twi	challenge_SSA-MTE	hyp1	News	NaN	0.4826
769	770	en	twi	challenge_SSA-MTE	hyp1	News	NaN	0.4636
770	771	en	twi	challenge_SSA-MTE	hyp1	News	NaN	0.4628
771	772	en	twi	challenge_SSA-MTE	hyp1	News	NaN	0.4153
772	773	en	twi	challenge_SSA-MTE	hyp1	News	NaN	0.3812
773	774	en	twi	challenge_SSA-MTE	hyp1	News	NaN	0.3852
774	775	en	twi	challenge_SSA-MTE	hyp1	News	NaN	0.4018
775	776	en	twi	challenge_SSA-MTE	hyp1	News	NaN	0.3635
776	777	en	twi	challenge_SSA-MTE	hyp1	News	NaN	0.3693
777	778	en	twi	challenge_SSA-MTE	hyp1	News	NaN	0.3675
778	779	en	twi	challenge_SSA-MTE	hyp1	News	NaN	0.3739
779	780	en	twi	challenge_SSA-MTE	hyp1	News	NaN	0.2881
780	781	en	twi	challenge_SSA-MTE	hyp1	News	NaN	0.3958
781	782	en	twi	challenge_SSA-MTE	hyp1	News	NaN	0.4125
782	783	en	twi	challenge_SSA-MTE	hyp1	News	NaN	0.3511
783	784	en	twi	challenge_SSA-MTE	hyp1	News	NaN	0.3912
784	785	en	twi	challenge_SSA-MTE	hyp1	News	NaN	0.3847
785	786	en	twi	challenge_SSA-MTE	hyp1	News	NaN	0.2833
786	787	en	twi	challenge_SSA-MTE	hyp1	News	NaN	0.4847
787	788	en	twi	challenge_SSA-MTE	hyp1	News	NaN	0.3671
788	789	en	twi	challenge_SSA-MTE	hyp1	News	NaN	0.4249
789	790	en	twi	challenge_SSA-MTE	hyp1	News	NaN	0.4027
790	791	en	twi	challenge_SSA-MTE	hyp1	News	NaN	0.3950
791	792	en	twi	challenge_SSA-MTE	hyp1	News	NaN	0.3264
792	793	en	twi	challenge_SSA-MTE	hyp1	News	NaN	0.3884
793	794	en	twi	challenge_SSA-MTE	hyp1	News	NaN	0.3650
794	795	en	twi	challenge_SSA-MTE	hyp1	News	NaN	0.3421
795	796	en	twi	challenge_SSA-MTE	hyp1	News	NaN	0.2975
796	797	en	twi	challenge_SSA-MTE	hyp1	News	NaN	0.4012
797	798	en	twi	challenge_SSA-MTE	hyp1	News	NaN	0.3147
798	799	en	twi	challenge_SSA-MTE	hyp1	News	NaN	0.3078
799	800	en	twi	challenge_SSA-MTE	hyp1	News	NaN	0.3373
800	801	en	twi	challenge_SSA-MTE	hyp1	News	NaN	0.3128
801	802	en	twi	challenge_SSA-MTE	hyp1	News	NaN	0.3871
802	803	en	twi	challenge_SSA-MTE	hyp1	News	NaN	0.3427
803	804	en	twi	challenge_SSA-MTE	hyp1	News	NaN	0.3702
804	805	en	twi	challenge_SSA-MTE	hyp1	News	NaN	0.4048
805	806	en	twi	challenge_SSA-MTE	hyp1	News	NaN	0.4277
806	807	en	twi	challenge_SSA-MTE	hyp1	News	NaN	0.3834
807	808	en	twi	challenge_SSA-MTE	hyp1	News	NaN	0.3185
808	809	en	twi	challenge_SSA-MTE	hyp1	News	NaN	0.3514
809	810	en	twi	challenge_SSA-MTE	hyp1	News	NaN	0.3221
810	811	en	twi	challenge_SSA-MTE	hyp1	News	NaN	0.3257
811	812	en	twi	challenge_SSA-MTE	hyp1	News	NaN	0.3228
812	813	en	twi	challenge_SSA-MTE	hyp1	News	NaN	0.3085
813	814	en	twi	challenge_SSA-MTE	hyp1	News	NaN	0.3432
814	815	en	twi	challenge_SSA-MTE	hyp1	News	NaN	0.3306
815	816	en	twi	challenge_SSA-MTE	hyp1	News	NaN	0.2681
816	817	en	twi	challenge_SSA-MTE	hyp1	News	NaN	0.3487
817	818	en	twi	challenge_SSA-MTE	hyp1	News	NaN	0.3913
818	819	en	twi	challenge_SSA-MTE	hyp1	News	NaN	0.3653
819	820	en	twi	challenge_SSA-MTE	hyp1	News	NaN	0.2874
820	821	en	twi	challenge_SSA-MTE	hyp1	News	NaN	0.2542
821	822	en	twi	challenge_SSA-MTE	hyp1	News	NaN	0.2913
822	823	en	twi	challenge_SSA-MTE	hyp1	News	NaN	0.2865
823	824	en	twi	challenge_SSA-MTE	hyp1	News	NaN	0.3033
824	825	en	twi	challenge_SSA-MTE	hyp1	News	NaN	0.3005
825	826	en	twi	challenge_SSA-MTE	hyp1	News	NaN	0.3543
826	827	en	twi	challenge_SSA-MTE	hyp1	News	NaN	0.3631
827	828	en	twi	challenge_SSA-MTE	hyp1	News	NaN	0.3063
828	829	en	twi	challenge_SSA-MTE	hyp1	News	NaN	0.4148
829	830	en	twi	challenge_SSA-MTE	hyp1	News	NaN	0.3265
830	831	en	twi	challenge_SSA-MTE	hyp1	News	NaN	0.3771
831	832	en	twi	challenge_SSA-MTE	hyp1	News	NaN	0.3448
832	833	en	twi	challenge_SSA-MTE	hyp1	News	NaN	0.3187
833	834	en	twi	challenge_SSA-MTE	hyp1	News	NaN	0.2885
834	835	en	twi	challenge_SSA-MTE	hyp1	News	NaN	0.3155
835	836	en	twi	challenge_SSA-MTE	hyp1	News	NaN	0.3290
836	837	en	twi	challenge_SSA-MTE	hyp1	News	NaN	0.3288
837	838	en	twi	challenge_SSA-MTE	hyp1	News	NaN	0.4377
838	839	en	twi	challenge_SSA-MTE	hyp1	News	NaN	0.4361
839	840	en	twi	challenge_SSA-MTE	hyp1	News	NaN	0.2034
840	841	en	twi	challenge_SSA-MTE	hyp1	News	NaN	0.3457
841	842	en	twi	challenge_SSA-MTE	hyp1	News	NaN	0.3765
842	843	en	twi	challenge_SSA-MTE	hyp1	News	NaN	0.4161
843	844	en	twi	challenge_SSA-MTE	hyp1	News	NaN	0.3077
844	845	en	twi	challenge_SSA-MTE	hyp1	News	NaN	0.3012
845	846	en	twi	challenge_SSA-MTE	hyp1	News	NaN	0.2901
846	847	en	twi	challenge_SSA-MTE	hyp1	News	NaN	0.3179
847	848	en	twi	challenge_SSA-MTE	hyp1	News	NaN	0.3110
848	849	en	twi	challenge_SSA-MTE	hyp1	News	NaN	0.3285
849	850	en	twi	challenge_SSA-MTE	hyp1	News	NaN	0.3937
850	851	en	twi	challenge_SSA-MTE	hyp1	News	NaN	0.4187
851	852	en	twi	challenge_SSA-MTE	hyp1	News	NaN	0.2944
852	853	en	twi	challenge_SSA-MTE	hyp1	News	NaN	0.4483
853	854	en	twi	challenge_SSA-MTE	hyp1	News	NaN	0.4607
854	855	en	twi	challenge_SSA-MTE	hyp1	News	NaN	0.2989
855	856	en	twi	challenge_SSA-MTE	hyp1	News	NaN	0.3134
856	857	en	twi	challenge_SSA-MTE	hyp1	News	NaN	0.3054
857	858	en	twi	challenge_SSA-MTE	hyp1	News	NaN	0.3182
858	859	en	twi	challenge_SSA-MTE	hyp1	News	NaN	0.3378
859	860	en	twi	challenge_SSA-MTE	hyp1	News	NaN	0.3222
860	861	en	twi	challenge_SSA-MTE	hyp1	News	NaN	0.4152
861	862	en	twi	challenge_SSA-MTE	hyp1	News	NaN	0.3933
862	863	en	twi	challenge_SSA-MTE	hyp1	News	NaN	0.3530
863	864	en	twi	challenge_SSA-MTE	hyp1	News	NaN	0.3955
864	865	en	twi	challenge_SSA-MTE	hyp1	News	NaN	0.4320
865	866	en	twi	challenge_SSA-MTE	hyp1	News	NaN	0.3911
866	867	en	twi	challenge_SSA-MTE	hyp1	News	NaN	0.3929
867	868	en	twi	challenge_SSA-MTE	hyp1	News	NaN	0.4192
868	869	en	twi	challenge_SSA-MTE	hyp1	News	NaN	0.3483
869	870	en	twi	challenge_SSA-MTE	hyp1	News	NaN	0.4034
870	871	en	twi	challenge_SSA-MTE	hyp1	News	NaN	0.4305
871	872	en	twi	challenge_SSA-MTE	hyp1	News	NaN	0.3754
872	873	en	twi	challenge_SSA-MTE	hyp1	News	NaN	0.3044
873	874	en	twi	challenge_SSA-MTE	hyp1	News	NaN	0.3032
874	875	en	twi	challenge_SSA-MTE	hyp1	News	NaN	0.2891
875	876	en	twi	challenge_SSA-MTE	hyp1	News	NaN	0.3094
876	877	en	twi	challenge_SSA-MTE	hyp1	News	NaN	0.2982
877	878	en	twi	challenge_SSA-MTE	hyp1	News	NaN	0.3186
878	879	en	twi	challenge_SSA-MTE	hyp1	News	NaN	0.4251
879	880	en	twi	challenge_SSA-MTE	hyp1	News	NaN	0.4218
880	881	en	twi	challenge_SSA-MTE	hyp1	News	NaN	0.4848
881	882	en	twi	challenge_SSA-MTE	hyp1	News	NaN	0.3772
882	883	en	twi	challenge_SSA-MTE	hyp1	News	NaN	0.4275
883	884	en	twi	challenge_SSA-MTE	hyp1	News	NaN	0.3995
884	885	en	twi	challenge_SSA-MTE	hyp1	News	NaN	0.2959
885	886	en	twi	challenge_SSA-MTE	hyp1	News	NaN	0.2989
886	887	en	twi	challenge_SSA-MTE	hyp1	News	NaN	0.2033
887	888	en	twi	challenge_SSA-MTE	hyp1	News	NaN	0.2839
888	889	en	twi	challenge_SSA-MTE	hyp1	News	NaN	0.2912
889	890	en	twi	challenge_SSA-MTE	hyp1	News	NaN	0.3275
890	891	en	twi	challenge_SSA-MTE	hyp1	News	NaN	0.3847
891	892	en	twi	challenge_SSA-MTE	hyp1	News	NaN	0.3542
892	893	en	twi	challenge_SSA-MTE	hyp1	News	NaN	0.3303
893	894	en	twi	challenge_SSA-MTE	hyp1	News	NaN	0.3066
894	895	en	twi	challenge_SSA-MTE	hyp1	News	NaN	0.4465
895	896	en	twi	challenge_SSA-MTE	hyp1	News	NaN	0.3676
896	897	en	twi	challenge_SSA-MTE	hyp1	News	NaN	0.3364
897	898	en	twi	challenge_SSA-MTE	hyp1	News	NaN	0.3246
898	899	en	twi	challenge_SSA-MTE	hyp1	News	NaN	0.2747
899	900	en	twi	challenge_SSA-MTE	hyp1	News	NaN	0.3511
900	901	en	twi	challenge_SSA-MTE	hyp1	News	NaN	0.3424
901	902	en	twi	challenge_SSA-MTE	hyp1	News	NaN	0.3613
902	903	en	twi	challenge_SSA-MTE	hyp1	News	NaN	0.3678
903	904	en	twi	challenge_SSA-MTE	hyp1	News	NaN	0.3654
904	905	en	twi	challenge_SSA-MTE	hyp1	News	NaN	0.2375
905	906	en	twi	challenge_SSA-MTE	hyp1	News	NaN	0.4228
906	907	en	twi	challenge_SSA-MTE	hyp1	News	NaN	0.3492
907	908	en	twi	challenge_SSA-MTE	hyp1	News	NaN	0.3659
908	909	en	twi	challenge_SSA-MTE	hyp1	News	NaN	0.3969
909	910	en	twi	challenge_SSA-MTE	hyp1	News	NaN	0.4098
910	911	en	twi	challenge_SSA-MTE	hyp1	News	NaN	0.3790
911	912	en	twi	challenge_SSA-MTE	hyp1	News	NaN	0.4135
912	913	en	twi	challenge_SSA-MTE	hyp1	News	NaN	0.4063
913	914	en	twi	challenge_SSA-MTE	hyp1	News	NaN	0.4017
914	915	en	twi	challenge_SSA-MTE	hyp1	News	NaN	0.2998
915	916	en	twi	challenge_SSA-MTE	hyp1	News	NaN	0.3130
916	917	en	twi	challenge_SSA-MTE	hyp1	News	NaN	0.3267
917	918	en	twi	challenge_SSA-MTE	hyp1	News	NaN	0.3732
918	919	en	twi	challenge_SSA-MTE	hyp1	News	NaN	0.3109
919	920	en	twi	challenge_SSA-MTE	hyp1	News	NaN	0.3490
920	921	en	twi	challenge_SSA-MTE	hyp1	News	NaN	0.4020
921	922	en	twi	challenge_SSA-MTE	hyp1	News	NaN	0.3998
922	923	en	twi	challenge_SSA-MTE	hyp1	News	NaN	0.3537
923	924	en	twi	challenge_SSA-MTE	hyp1	News	NaN	0.3532
924	925	en	twi	challenge_SSA-MTE	hyp1	News	NaN	0.3899
925	926	en	twi	challenge_SSA-MTE	hyp1	News	NaN	0.3114
926	927	en	twi	challenge_SSA-MTE	hyp1	News	NaN	0.2915
927	928	en	twi	challenge_SSA-MTE	hyp1	News	NaN	0.2223
928	929	en	twi	challenge_SSA-MTE	hyp1	News	NaN	0.3501
929	930	en	twi	challenge_SSA-MTE	hyp1	News	NaN	0.3330
930	931	en	twi	challenge_SSA-MTE	hyp1	News	NaN	0.3743
931	932	en	twi	challenge_SSA-MTE	hyp1	News	NaN	0.3966
932	933	en	twi	challenge_SSA-MTE	hyp1	News	NaN	0.4212
933	934	en	twi	challenge_SSA-MTE	hyp1	News	NaN	0.3717
934	935	en	twi	challenge_SSA-MTE	hyp1	News	NaN	0.3766
935	936	en	twi	challenge_SSA-MTE	hyp1	News	NaN	0.3765
936	937	en	twi	challenge_SSA-MTE	hyp1	News	NaN	0.3846
937	938	en	twi	challenge_SSA-MTE	hyp1	News	NaN	0.2698
938	939	en	twi	challenge_SSA-MTE	hyp1	News	NaN	0.3110
939	940	en	twi	challenge_SSA-MTE	hyp1	News	NaN	0.3139
940	941	en	twi	challenge_SSA-MTE	hyp1	News	NaN	0.2525
941	942	en	twi	challenge_SSA-MTE	hyp1	News	NaN	0.2691
942	943	en	twi	challenge_SSA-MTE	hyp1	News	NaN	0.2636
943	944	en	twi	challenge_SSA-MTE	hyp1	News	NaN	0.2651
944	945	en	twi	challenge_SSA-MTE	hyp1	News	NaN	0.3588
945	946	en	twi	challenge_SSA-MTE	hyp1	News	NaN	0.3334
946	947	en	twi	challenge_SSA-MTE	hyp1	News	NaN	0.3353
947	948	en	twi	challenge_SSA-MTE	hyp1	News	NaN	0.3172
948	949	en	twi	challenge_SSA-MTE	hyp1	News	NaN	0.3238
949	950	en	twi	challenge_SSA-MTE	hyp1	News	NaN	0.3605
950	951	en	twi	challenge_SSA-MTE	hyp1	News	NaN	0.3743
951	952	en	twi	challenge_SSA-MTE	hyp1	News	NaN	0.2772
952	953	en	twi	challenge_SSA-MTE	hyp1	News	NaN	0.3461
953	954	en	twi	challenge_SSA-MTE	hyp1	News	NaN	0.3923
954	955	en	twi	challenge_SSA-MTE	hyp1	News	NaN	0.3649
955	956	en	twi	challenge_SSA-MTE	hyp1	News	NaN	0.3615
956	957	en	twi	challenge_SSA-MTE	hyp1	News	NaN	0.3864
957	958	en	twi	challenge_SSA-MTE	hyp1	News	NaN	0.3981
958	959	en	twi	challenge_SSA-MTE	hyp1	News	NaN	0.4534
959	960	en	twi	challenge_SSA-MTE	hyp1	News	NaN	0.3684
960	961	en	twi	challenge_SSA-MTE	hyp1	News	NaN	0.3079
961	962	en	twi	challenge_SSA-MTE	hyp1	News	NaN	0.3509
962	963	en	twi	challenge_SSA-MTE	hyp1	News	NaN	0.3373
963	964	en	twi	challenge_SSA-MTE	hyp1	News	NaN	0.4066
964	965	en	twi	challenge_SSA-MTE	hyp1	News	NaN	0.3701
965	966	en	twi	challenge_SSA-MTE	hyp1	News	NaN	0.3895
966	967	en	twi	challenge_SSA-MTE	hyp1	News	NaN	0.3161
967	968	en	twi	challenge_SSA-MTE	hyp1	News	NaN	0.3028
968	969	en	twi	challenge_SSA-MTE	hyp1	News	NaN	0.2496
969	970	en	twi	challenge_SSA-MTE	hyp1	News	NaN	0.3775
970	971	en	twi	challenge_SSA-MTE	hyp1	News	NaN	0.3090
971	972	en	twi	challenge_SSA-MTE	hyp1	News	NaN	0.3264
972	973	en	twi	challenge_SSA-MTE	hyp1	News	NaN	0.3955
973	974	en	twi	challenge_SSA-MTE	hyp1	News	NaN	0.3674
974	975	en	twi	challenge_SSA-MTE	hyp1	News	NaN	0.3094
975	976	en	twi	challenge_SSA-MTE	hyp1	News	NaN	0.3685
976	977	en	twi	challenge_SSA-MTE	hyp1	News	NaN	0.4074
977	978	en	twi	challenge_SSA-MTE	hyp1	News	NaN	0.4223
978	979	en	twi	challenge_SSA-MTE	hyp1	News	NaN	0.4202
979	980	en	twi	challenge_SSA-MTE	hyp1	News	NaN	0.4172
980	981	en	twi	challenge_SSA-MTE	hyp1	News	NaN	0.2842
981	982	en	twi	challenge_SSA-MTE	hyp1	News	NaN	0.4180
982	983	en	twi	challenge_SSA-MTE	hyp1	News	NaN	0.3867
983	984	en	twi	challenge_SSA-MTE	hyp1	News	NaN	0.3785
984	985	en	twi	challenge_SSA-MTE	hyp1	News	NaN	0.3992
985	986	en	twi	challenge_SSA-MTE	hyp1	News	NaN	0.3726
986	987	en	twi	challenge_SSA-MTE	hyp1	News	NaN	0.3190
987	988	en	twi	challenge_SSA-MTE	hyp1	News	NaN	0.3649
988	989	en	twi	challenge_SSA-MTE	hyp1	News	NaN	0.3614
989	990	en	twi	challenge_SSA-MTE	hyp1	News	NaN	0.3521
990	991	en	twi	challenge_SSA-MTE	hyp1	News	NaN	0.3904
991	992	en	twi	challenge_SSA-MTE	hyp1	News	NaN	0.3362
992	993	en	twi	challenge_SSA-MTE	hyp1	News	NaN	0.3176
993	994	en	twi	challenge_SSA-MTE	hyp1	News	NaN	0.3661
994	995	en	twi	challenge_SSA-MTE	hyp1	News	NaN	0.3902
995	996	en	twi	challenge_SSA-MTE	hyp1	News	NaN	0.3622
996	997	en	twi	challenge_SSA-MTE	hyp1	News	NaN	0.3512
997	998	en	twi	challenge_SSA-MTE	hyp1	News	NaN	0.3717
998	999	en	twi	challenge_SSA-MTE	hyp1	News	NaN	0.3548
999	1000	en	twi	challenge_SSA-MTE	hyp1	News	NaN	0.3776
1000	1001	en	twi	challenge_SSA-MTE	hyp1	News	NaN	0.3324
1001	1002	en	twi	challenge_SSA-MTE	hyp1	News	NaN	0.3495
1002	1003	en	twi	challenge_SSA-MTE	hyp1	News	NaN	0.3046
1003	1004	en	twi	challenge_SSA-MTE	hyp1	News	NaN	0.3219
1004	1005	en	twi	challenge_SSA-MTE	hyp1	News	NaN	0.3084
1005	1006	en	twi	challenge_SSA-MTE	hyp1	News	NaN	0.3087
1006	1007	en	twi	challenge_SSA-MTE	hyp1	News	NaN	0.2952
1007	1008	en	twi	challenge_SSA-MTE	hyp1	News	NaN	0.2948
1008	1009	en	twi	challenge_SSA-MTE	hyp1	News	NaN	0.4217
1009	1010	en	twi	challenge_SSA-MTE	hyp1	News	NaN	0.4220
1010	1011	en	twi	challenge_SSA-MTE	hyp1	News	NaN	0.2738
1011	1012	en	twi	challenge_SSA-MTE	hyp1	News	NaN	0.4161
1012	1013	en	twi	challenge_SSA-MTE	hyp1	News	NaN	0.4544
1013	1014	en	twi	challenge_SSA-MTE	hyp1	News	NaN	0.4210
1014	1015	en	twi	challenge_SSA-MTE	hyp1	News	NaN	0.3786
1015	1016	en	twi	challenge_SSA-MTE	hyp1	News	NaN	0.3919
1016	1017	en	twi	challenge_SSA-MTE	hyp1	News	NaN	0.3337
1017	1018	en	twi	challenge_SSA-MTE	hyp1	News	NaN	0.3560
1018	1019	en	twi	challenge_SSA-MTE	hyp1	News	NaN	0.3775
1019	1020	en	twi	challenge_SSA-MTE	hyp1	News	NaN	0.3638
1020	1021	en	twi	challenge_SSA-MTE	hyp1	News	NaN	0.3405
1021	1022	en	twi	challenge_SSA-MTE	hyp1	News	NaN	0.3292
1022	1023	en	twi	challenge_SSA-MTE	hyp1	News	NaN	0.3124
1023	1024	en	twi	challenge_SSA-MTE	hyp1	News	NaN	0.3248
1024	1025	en	twi	challenge_SSA-MTE	hyp1	News	NaN	0.3423
1025	1026	en	twi	challenge_SSA-MTE	hyp1	News	NaN	0.3180
1026	1027	en	twi	challenge_SSA-MTE	hyp1	News	NaN	0.3247
1027	1028	en	twi	challenge_SSA-MTE	hyp1	News	NaN	0.3649
1028	1029	en	twi	challenge_SSA-MTE	hyp1	News	NaN	0.3201
1029	1030	en	twi	challenge_SSA-MTE	hyp1	News	NaN	0.3531
1030	1031	en	twi	challenge_SSA-MTE	hyp1	News	NaN	0.3649
1031	1032	en	twi	challenge_SSA-MTE	hyp1	News	NaN	0.3782
1032	1033	en	twi	challenge_SSA-MTE	hyp1	News	NaN	0.3443
1033	1034	en	twi	challenge_SSA-MTE	hyp1	News	NaN	0.3456
1034	1035	en	twi	challenge_SSA-MTE	hyp1	News	NaN	0.3185
1035	1036	en	twi	challenge_SSA-MTE	hyp1	News	NaN	0.3469
1036	1037	en	twi	challenge_SSA-MTE	hyp1	News	NaN	0.3603
1037	1038	en	twi	challenge_SSA-MTE	hyp1	News	NaN	0.3632
1038	1039	en	twi	challenge_SSA-MTE	hyp1	News	NaN	0.3831
1039	1040	en	twi	challenge_SSA-MTE	hyp1	News	NaN	0.3445
1040	1041	en	twi	challenge_SSA-MTE	hyp1	News	NaN	0.2672
1041	1042	en	twi	challenge_SSA-MTE	hyp1	News	NaN	0.3787
1042	1043	en	twi	challenge_SSA-MTE	hyp1	News	NaN	0.3608
1043	1044	en	twi	challenge_SSA-MTE	hyp1	News	NaN	0.3634
1044	1045	en	twi	challenge_SSA-MTE	hyp1	News	NaN	0.3981
1045	1046	en	twi	challenge_SSA-MTE	hyp1	News	NaN	0.3283
1046	1047	en	twi	challenge_SSA-MTE	hyp1	News	NaN	0.2990
1047	1048	en	twi	challenge_SSA-MTE	hyp1	News	NaN	0.3738
1048	1049	en	twi	challenge_SSA-MTE	hyp1	News	NaN	0.3801
1049	1050	en	twi	challenge_SSA-MTE	hyp1	News	NaN	0.4101
1050	1051	en	twi	challenge_SSA-MTE	hyp1	News	NaN	0.3722
1051	1052	en	twi	challenge_SSA-MTE	hyp1	News	NaN	0.2780
1052	1053	en	twi	challenge_SSA-MTE	hyp1	News	NaN	0.3819
1053	1054	en	twi	challenge_SSA-MTE	hyp1	News	NaN	0.3708
1054	1055	en	twi	challenge_SSA-MTE	hyp1	News	NaN	0.3771
1055	1056	en	twi	challenge_SSA-MTE	hyp1	News	NaN	0.3911
1056	1057	en	twi	challenge_SSA-MTE	hyp1	News	NaN	0.3637
1057	1058	en	twi	challenge_SSA-MTE	hyp1	News	NaN	0.3243
1058	1059	en	twi	challenge_SSA-MTE	hyp1	News	NaN	0.3362
1059	1060	en	twi	challenge_SSA-MTE	hyp1	News	NaN	0.3243
1060	1061	en	twi	challenge_SSA-MTE	hyp1	News	NaN	0.3474
1061	1062	en	twi	challenge_SSA-MTE	hyp1	News	NaN	0.3576
1062	1063	en	twi	challenge_SSA-MTE	hyp1	News	NaN	0.3453
1063	1064	en	twi	challenge_SSA-MTE	hyp1	News	NaN	0.3255
1064	1065	en	twi	challenge_SSA-MTE	hyp1	News	NaN	0.3243
1065	1066	en	twi	challenge_SSA-MTE	hyp1	News	NaN	0.3294
1066	1067	en	twi	challenge_SSA-MTE	hyp1	News	NaN	0.3481
1067	1068	en	twi	challenge_SSA-MTE	hyp1	News	NaN	0.3505
1068	1069	en	twi	challenge_SSA-MTE	hyp1	News	NaN	0.3971
1069	1070	en	twi	challenge_SSA-MTE	hyp1	News	NaN	0.3959
1070	1071	en	twi	challenge_SSA-MTE	hyp1	News	NaN	0.3141
1071	1072	en	twi	challenge_SSA-MTE	hyp1	News	NaN	0.4187
1072	1073	en	twi	challenge_SSA-MTE	hyp1	News	NaN	0.4028
1073	1074	en	twi	challenge_SSA-MTE	hyp1	News	NaN	0.4342
1074	1075	en	twi	challenge_SSA-MTE	hyp1	News	NaN	0.3742
1075	1076	en	twi	challenge_SSA-MTE	hyp1	News	NaN	0.3280
1076	1077	en	twi	challenge_SSA-MTE	hyp1	News	NaN	0.3006
1077	1078	en	twi	challenge_SSA-MTE	hyp1	News	NaN	0.4377
1078	1079	en	twi	challenge_SSA-MTE	hyp1	News	NaN	0.3926
1079	1080	en	twi	challenge_SSA-MTE	hyp1	News	NaN	0.3911
1080	1081	en	twi	challenge_SSA-MTE	hyp1	News	NaN	0.3539
1081	1082	en	twi	challenge_SSA-MTE	hyp1	News	NaN	0.3654
1082	1083	en	twi	challenge_SSA-MTE	hyp1	News	NaN	0.2925
1083	1084	en	twi	challenge_SSA-MTE	hyp1	News	NaN	0.3424
1084	1085	en	twi	challenge_SSA-MTE	hyp1	News	NaN	0.3472
1085	1086	en	twi	challenge_SSA-MTE	hyp1	News	NaN	0.3828
1086	1087	en	twi	challenge_SSA-MTE	hyp1	News	NaN	0.3720
1087	1088	en	twi	challenge_SSA-MTE	hyp1	News	NaN	0.3994
1088	1089	en	twi	challenge_SSA-MTE	hyp1	News	NaN	0.3692
1089	1090	en	twi	challenge_SSA-MTE	hyp1	News	NaN	0.3729
1090	1091	en	twi	challenge_SSA-MTE	hyp1	News	NaN	0.3794
1091	1092	en	twi	challenge_SSA-MTE	hyp1	News	NaN	0.3782
1092	1093	en	twi	challenge_SSA-MTE	hyp1	News	NaN	0.3690
1093	1094	en	twi	challenge_SSA-MTE	hyp1	News	NaN	0.2877
1094	1095	en	twi	challenge_SSA-MTE	hyp1	News	NaN	0.3167
1095	1096	en	twi	challenge_SSA-MTE	hyp1	News	NaN	0.3764
1096	1097	en	twi	challenge_SSA-MTE	hyp1	News	NaN	0.3357
1097	1098	en	twi	challenge_SSA-MTE	hyp1	News	NaN	0.4395
1098	1099	en	twi	challenge_SSA-MTE	hyp1	News	NaN	0.3153
1099	1100	en	twi	challenge_SSA-MTE	hyp1	News	NaN	0.2810
1100	1101	en	twi	challenge_SSA-MTE	hyp1	News	NaN	0.3199
1101	1102	en	twi	challenge_SSA-MTE	hyp1	News	NaN	0.3312
1102	1103	en	twi	challenge_SSA-MTE	hyp1	News	NaN	0.3464
1103	1104	en	twi	challenge_SSA-MTE	hyp1	News	NaN	0.3477
1104	1105	en	twi	challenge_SSA-MTE	hyp1	News	NaN	0.3631
1105	1106	en	twi	challenge_SSA-MTE	hyp1	News	NaN	0.3779
1106	1107	en	twi	challenge_SSA-MTE	hyp1	News	NaN	0.3688
1107	1108	en	twi	challenge_SSA-MTE	hyp1	News	NaN	0.3542
1108	1109	en	twi	challenge_SSA-MTE	hyp1	News	NaN	0.3555
1109	1110	en	twi	challenge_SSA-MTE	hyp1	News	NaN	0.3481
1110	1111	en	twi	challenge_SSA-MTE	hyp1	News	NaN	0.3915
1111	1112	en	twi	challenge_SSA-MTE	hyp1	News	NaN	0.3872
1112	1113	en	twi	challenge_SSA-MTE	hyp1	News	NaN	0.3248
1113	1114	en	twi	challenge_SSA-MTE	hyp1	News	NaN	0.3708
1114	1115	en	twi	challenge_SSA-MTE	hyp1	News	NaN	0.4266
1115	1116	en	twi	challenge_SSA-MTE	hyp1	News	NaN	0.4062
1116	1117	en	twi	challenge_SSA-MTE	hyp1	News	NaN	0.3312
1117	1118	en	twi	challenge_SSA-MTE	hyp1	News	NaN	0.3547
1118	1119	en	twi	challenge_SSA-MTE	hyp1	News	NaN	0.2914
1119	1120	en	twi	challenge_SSA-MTE	hyp1	News	NaN	0.3656
1120	1121	en	twi	challenge_SSA-MTE	hyp1	News	NaN	0.3242
1121	1122	en	twi	challenge_SSA-MTE	hyp1	News	NaN	0.3357
1122	1123	en	twi	challenge_SSA-MTE	hyp1	News	NaN	0.4158
1123	1124	en	twi	challenge_SSA-MTE	hyp1	News	NaN	0.3828
1124	1125	en	twi	challenge_SSA-MTE	hyp1	News	NaN	0.3182
1125	1126	en	twi	challenge_SSA-MTE	hyp1	News	NaN	0.3766
1126	1127	en	twi	challenge_SSA-MTE	hyp1	News	NaN	0.3792
1127	1128	en	twi	challenge_SSA-MTE	hyp1	News	NaN	0.3817
1128	1129	en	twi	challenge_SSA-MTE	hyp1	News	NaN	0.3545
1129	1130	en	twi	challenge_SSA-MTE	hyp1	News	NaN	0.3346
1130	1131	en	twi	challenge_SSA-MTE	hyp1	News	NaN	0.3098
1131	1132	en	twi	challenge_SSA-MTE	hyp1	News	NaN	0.3809
1132	1133	en	twi	challenge_SSA-MTE	hyp1	News	NaN	0.3506
1133	1134	en	twi	challenge_SSA-MTE	hyp1	News	NaN	0.3773
1134	1135	en	twi	challenge_SSA-MTE	hyp1	News	NaN	0.3432
1135	1136	en	twi	challenge_SSA-MTE	hyp1	News	NaN	0.3803
1136	1137	en	twi	challenge_SSA-MTE	hyp1	News	NaN	0.3500
1137	1138	en	twi	challenge_SSA-MTE	hyp1	News	NaN	0.3553
1138	1139	en	twi	challenge_SSA-MTE	hyp1	News	NaN	0.3560
1139	1140	en	twi	challenge_SSA-MTE	hyp1	News	NaN	0.4211
1140	1141	en	twi	challenge_SSA-MTE	hyp1	News	NaN	0.3342
1141	1142	en	twi	challenge_SSA-MTE	hyp1	News	NaN	0.3312
1142	1143	en	twi	challenge_SSA-MTE	hyp1	News	NaN	0.3272
1143	1144	en	twi	challenge_SSA-MTE	hyp1	News	NaN	0.3855
1144	1145	en	twi	challenge_SSA-MTE	hyp1	News	NaN	0.3415
1145	1146	en	twi	challenge_SSA-MTE	hyp1	News	NaN	0.3493
1146	1147	en	twi	challenge_SSA-MTE	hyp1	News	NaN	0.2911
1147	1148	en	twi	challenge_SSA-MTE	hyp1	News	NaN	0.3054
1148	1149	en	twi	challenge_SSA-MTE	hyp1	News	NaN	0.3257
1149	1150	en	twi	challenge_SSA-MTE	hyp1	News	NaN	0.3753
1150	1151	en	twi	challenge_SSA-MTE	hyp1	News	NaN	0.3409
1151	1152	en	twi	challenge_SSA-MTE	hyp1	News	NaN	0.3491
1152	1153	en	twi	challenge_SSA-MTE	hyp1	News	NaN	0.2855
1153	1154	en	twi	challenge_SSA-MTE	hyp1	News	NaN	0.2981
1154	1155	en	twi	challenge_SSA-MTE	hyp1	News	NaN	0.2972
1155	1156	en	twi	challenge_SSA-MTE	hyp1	News	NaN	0.2984
1156	1157	en	twi	challenge_SSA-MTE	hyp1	News	NaN	0.3047
1157	1158	en	twi	challenge_SSA-MTE	hyp1	News	NaN	0.2838
1158	1159	en	twi	challenge_SSA-MTE	hyp1	News	NaN	0.3442
1159	1160	en	twi	challenge_SSA-MTE	hyp1	News	NaN	0.3660
1160	1161	en	twi	challenge_SSA-MTE	hyp1	News	NaN	0.3267
1161	1162	en	twi	challenge_SSA-MTE	hyp1	News	NaN	0.3623
1162	1163	en	twi	challenge_SSA-MTE	hyp1	News	NaN	0.3901
1163	1164	en	twi	challenge_SSA-MTE	hyp1	News	NaN	0.4018
1164	1165	en	twi	challenge_SSA-MTE	hyp1	News	NaN	0.3112
1165	1166	en	twi	challenge_SSA-MTE	hyp1	News	NaN	0.2736
1166	1167	en	twi	challenge_SSA-MTE	hyp1	News	NaN	0.3321
1167	1168	en	twi	challenge_SSA-MTE	hyp1	News	NaN	0.2821
1168	1169	en	twi	challenge_SSA-MTE	hyp1	News	NaN	0.3263
1169	1170	en	twi	challenge_SSA-MTE	hyp1	News	NaN	0.2694
1170	1171	en	twi	challenge_SSA-MTE	hyp1	News	NaN	0.2681
1171	1172	en	twi	challenge_SSA-MTE	hyp1	News	NaN	0.3045
1172	1173	en	twi	challenge_SSA-MTE	hyp1	News	NaN	0.3545
1173	1174	en	twi	challenge_SSA-MTE	hyp1	News	NaN	0.3029
1174	1175	en	twi	challenge_SSA-MTE	hyp1	News	NaN	0.2997
1175	1176	en	twi	challenge_SSA-MTE	hyp1	News	NaN	0.3376
1176	1177	en	twi	challenge_SSA-MTE	hyp1	News	NaN	0.3801
1177	1178	en	twi	challenge_SSA-MTE	hyp1	News	NaN	0.3873
1178	1179	en	twi	challenge_SSA-MTE	hyp1	News	NaN	0.3453
1179	1180	en	twi	challenge_SSA-MTE	hyp1	News	NaN	0.2903
1180	1181	en	twi	challenge_SSA-MTE	hyp1	News	NaN	0.3155
1181	1182	en	twi	challenge_SSA-MTE	hyp1	News	NaN	0.3642
1182	1183	en	twi	challenge_SSA-MTE	hyp1	News	NaN	0.3217
1183	1184	en	twi	challenge_SSA-MTE	hyp1	News	NaN	0.3444
1184	1185	en	twi	challenge_SSA-MTE	hyp1	News	NaN	0.2889
1185	1186	en	twi	challenge_SSA-MTE	hyp1	News	NaN	0.3188
1186	1187	en	twi	challenge_SSA-MTE	hyp1	News	NaN	0.3288
1187	1188	en	twi	challenge_SSA-MTE	hyp1	News	NaN	0.3663
1188	1189	en	twi	challenge_SSA-MTE	hyp1	News	NaN	0.3176
1189	1190	en	twi	challenge_SSA-MTE	hyp1	News	NaN	0.3087
1190	1191	en	twi	challenge_SSA-MTE	hyp1	News	NaN	0.3120
1191	1192	en	twi	challenge_SSA-MTE	hyp1	News	NaN	0.3314
1192	1193	en	twi	challenge_SSA-MTE	hyp1	News	NaN	0.3092
1193	1194	en	twi	challenge_SSA-MTE	hyp1	News	NaN	0.3297
1194	1195	en	twi	challenge_SSA-MTE	hyp1	News	NaN	0.3903
1195	1196	en	twi	challenge_SSA-MTE	hyp1	News	NaN	0.3689
1196	1197	en	twi	challenge_SSA-MTE	hyp1	News	NaN	0.3323
1197	1198	en	twi	challenge_SSA-MTE	hyp1	News	NaN	0.3959
1198	1199	en	twi	challenge_SSA-MTE	hyp1	News	NaN	0.3350
1199	1200	en	twi	challenge_SSA-MTE	hyp1	News	NaN	0.4154
0	1	en	yor	challenge_SSA-MTE	hyp1	News	NaN	0.4212
1	2	en	yor	challenge_SSA-MTE	hyp1	News	NaN	0.3815
2	3	en	yor	challenge_SSA-MTE	hyp1	News	NaN	0.3766
3	4	en	yor	challenge_SSA-MTE	hyp1	News	NaN	0.4279
4	5	en	yor	challenge_SSA-MTE	hyp1	News	NaN	0.4509
5	6	en	yor	challenge_SSA-MTE	hyp1	News	NaN	0.4475
6	7	en	yor	challenge_SSA-MTE	hyp1	News	NaN	0.3820
7	8	en	yor	challenge_SSA-MTE	hyp1	News	NaN	0.4342
8	9	en	yor	challenge_SSA-MTE	hyp1	News	NaN	0.4351
9	10	en	yor	challenge_SSA-MTE	hyp1	News	NaN	0.3608
10	11	en	yor	challenge_SSA-MTE	hyp1	News	NaN	0.4714
11	12	en	yor	challenge_SSA-MTE	hyp1	News	NaN	0.3408
12	13	en	yor	challenge_SSA-MTE	hyp1	News	NaN	0.3411
13	14	en	yor	challenge_SSA-MTE	hyp1	News	NaN	0.3026
14	15	en	yor	challenge_SSA-MTE	hyp1	News	NaN	0.3497
15	16	en	yor	challenge_SSA-MTE	hyp1	News	NaN	0.3481
16	17	en	yor	challenge_SSA-MTE	hyp1	News	NaN	0.3195
17	18	en	yor	challenge_SSA-MTE	hyp1	News	NaN	0.3747
18	19	en	yor	challenge_SSA-MTE	hyp1	News	NaN	0.4769
19	20	en	yor	challenge_SSA-MTE	hyp1	News	NaN	0.2416
20	21	en	yor	challenge_SSA-MTE	hyp1	News	NaN	0.3660
21	22	en	yor	challenge_SSA-MTE	hyp1	News	NaN	0.3588
22	23	en	yor	challenge_SSA-MTE	hyp1	News	NaN	0.3443
23	24	en	yor	challenge_SSA-MTE	hyp1	News	NaN	0.4950
24	25	en	yor	challenge_SSA-MTE	hyp1	News	NaN	0.4495
25	26	en	yor	challenge_SSA-MTE	hyp1	News	NaN	0.1545
26	27	en	yor	challenge_SSA-MTE	hyp1	News	NaN	0.4485
27	28	en	yor	challenge_SSA-MTE	hyp1	News	NaN	0.4426
28	29	en	yor	challenge_SSA-MTE	hyp1	News	NaN	0.3217
29	30	en	yor	challenge_SSA-MTE	hyp1	News	NaN	0.3386
30	31	en	yor	challenge_SSA-MTE	hyp1	News	NaN	0.3347
31	32	en	yor	challenge_SSA-MTE	hyp1	News	NaN	0.3543
32	33	en	yor	challenge_SSA-MTE	hyp1	News	NaN	0.3173
33	34	en	yor	challenge_SSA-MTE	hyp1	News	NaN	0.3359
34	35	en	yor	challenge_SSA-MTE	hyp1	News	NaN	0.3899
35	36	en	yor	challenge_SSA-MTE	hyp1	News	NaN	0.6019
36	37	en	yor	challenge_SSA-MTE	hyp1	News	NaN	0.4417
37	38	en	yor	challenge_SSA-MTE	hyp1	News	NaN	0.4600
38	39	en	yor	challenge_SSA-MTE	hyp1	News	NaN	0.5750
39	40	en	yor	challenge_SSA-MTE	hyp1	News	NaN	0.4164
40	41	en	yor	challenge_SSA-MTE	hyp1	News	NaN	0.3463
41	42	en	yor	challenge_SSA-MTE	hyp1	News	NaN	0.1586
42	43	en	yor	challenge_SSA-MTE	hyp1	News	NaN	0.4619
43	44	en	yor	challenge_SSA-MTE	hyp1	News	NaN	0.3078
44	45	en	yor	challenge_SSA-MTE	hyp1	News	NaN	0.3025
45	46	en	yor	challenge_SSA-MTE	hyp1	News	NaN	0.3247
46	47	en	yor	challenge_SSA-MTE	hyp1	News	NaN	0.4965
47	48	en	yor	challenge_SSA-MTE	hyp1	News	NaN	0.3173
48	49	en	yor	challenge_SSA-MTE	hyp1	News	NaN	0.2501
49	50	en	yor	challenge_SSA-MTE	hyp1	News	NaN	0.5000
50	51	en	yor	challenge_SSA-MTE	hyp1	News	NaN	0.4187
51	52	en	yor	challenge_SSA-MTE	hyp1	News	NaN	0.3263
52	53	en	yor	challenge_SSA-MTE	hyp1	News	NaN	0.3401
53	54	en	yor	challenge_SSA-MTE	hyp1	News	NaN	0.3585
54	55	en	yor	challenge_SSA-MTE	hyp1	News	NaN	0.3243
55	56	en	yor	challenge_SSA-MTE	hyp1	News	NaN	0.3688
56	57	en	yor	challenge_SSA-MTE	hyp1	News	NaN	0.3379
57	58	en	yor	challenge_SSA-MTE	hyp1	News	NaN	0.5654
58	59	en	yor	challenge_SSA-MTE	hyp1	News	NaN	0.4746
59	60	en	yor	challenge_SSA-MTE	hyp1	News	NaN	0.5850
60	61	en	yor	challenge_SSA-MTE	hyp1	News	NaN	0.4699
61	62	en	yor	challenge_SSA-MTE	hyp1	News	NaN	0.5808
62	63	en	yor	challenge_SSA-MTE	hyp1	News	NaN	0.4615
63	64	en	yor	challenge_SSA-MTE	hyp1	News	NaN	0.4517
64	65	en	yor	challenge_SSA-MTE	hyp1	News	NaN	0.3483
65	66	en	yor	challenge_SSA-MTE	hyp1	News	NaN	0.4388
66	67	en	yor	challenge_SSA-MTE	hyp1	News	NaN	0.4840
67	68	en	yor	challenge_SSA-MTE	hyp1	News	NaN	0.3949
68	69	en	yor	challenge_SSA-MTE	hyp1	News	NaN	0.3676
69	70	en	yor	challenge_SSA-MTE	hyp1	News	NaN	0.3470
70	71	en	yor	challenge_SSA-MTE	hyp1	News	NaN	0.5116
71	72	en	yor	challenge_SSA-MTE	hyp1	News	NaN	0.3537
72	73	en	yor	challenge_SSA-MTE	hyp1	News	NaN	0.4688
73	74	en	yor	challenge_SSA-MTE	hyp1	News	NaN	0.4358
74	75	en	yor	challenge_SSA-MTE	hyp1	News	NaN	0.3774
75	76	en	yor	challenge_SSA-MTE	hyp1	News	NaN	0.4127
76	77	en	yor	challenge_SSA-MTE	hyp1	News	NaN	0.4125
77	78	en	yor	challenge_SSA-MTE	hyp1	News	NaN	0.3714
78	79	en	yor	challenge_SSA-MTE	hyp1	News	NaN	0.3984
79	80	en	yor	challenge_SSA-MTE	hyp1	News	NaN	0.3027
80	81	en	yor	challenge_SSA-MTE	hyp1	News	NaN	0.5659
81	82	en	yor	challenge_SSA-MTE	hyp1	News	NaN	0.5849
82	83	en	yor	challenge_SSA-MTE	hyp1	News	NaN	0.6388
83	84	en	yor	challenge_SSA-MTE	hyp1	News	NaN	0.6460
84	85	en	yor	challenge_SSA-MTE	hyp1	News	NaN	0.3625
85	86	en	yor	challenge_SSA-MTE	hyp1	News	NaN	0.4155
86	87	en	yor	challenge_SSA-MTE	hyp1	News	NaN	0.2450
87	88	en	yor	challenge_SSA-MTE	hyp1	News	NaN	0.2794
88	89	en	yor	challenge_SSA-MTE	hyp1	News	NaN	0.2581
89	90	en	yor	challenge_SSA-MTE	hyp1	News	NaN	0.2512
90	91	en	yor	challenge_SSA-MTE	hyp1	News	NaN	0.2760
91	92	en	yor	challenge_SSA-MTE	hyp1	News	NaN	0.5079
92	93	en	yor	challenge_SSA-MTE	hyp1	News	NaN	0.5839
93	94	en	yor	challenge_SSA-MTE	hyp1	News	NaN	0.4012
94	95	en	yor	challenge_SSA-MTE	hyp1	News	NaN	0.4395
95	96	en	yor	challenge_SSA-MTE	hyp1	News	NaN	0.6256
96	97	en	yor	challenge_SSA-MTE	hyp1	News	NaN	0.4318
97	98	en	yor	challenge_SSA-MTE	hyp1	News	NaN	0.4709
98	99	en	yor	challenge_SSA-MTE	hyp1	News	NaN	0.4151
99	100	en	yor	challenge_SSA-MTE	hyp1	News	NaN	0.5433
100	101	en	yor	challenge_SSA-MTE	hyp1	News	NaN	0.4594
101	102	en	yor	challenge_SSA-MTE	hyp1	News	NaN	0.3435
102	103	en	yor	challenge_SSA-MTE	hyp1	News	NaN	0.3951
103	104	en	yor	challenge_SSA-MTE	hyp1	News	NaN	0.3461
104	105	en	yor	challenge_SSA-MTE	hyp1	News	NaN	0.2812
105	106	en	yor	challenge_SSA-MTE	hyp1	News	NaN	0.4225
106	107	en	yor	challenge_SSA-MTE	hyp1	News	NaN	0.3351
107	108	en	yor	challenge_SSA-MTE	hyp1	News	NaN	0.3150
108	109	en	yor	challenge_SSA-MTE	hyp1	News	NaN	0.3399
109	110	en	yor	challenge_SSA-MTE	hyp1	News	NaN	0.3204
110	111	en	yor	challenge_SSA-MTE	hyp1	News	NaN	0.3504
111	112	en	yor	challenge_SSA-MTE	hyp1	News	NaN	0.3195
112	113	en	yor	challenge_SSA-MTE	hyp1	News	NaN	0.4667
113	114	en	yor	challenge_SSA-MTE	hyp1	News	NaN	0.4781
114	115	en	yor	challenge_SSA-MTE	hyp1	News	NaN	0.2358
115	116	en	yor	challenge_SSA-MTE	hyp1	News	NaN	0.7604
116	117	en	yor	challenge_SSA-MTE	hyp1	News	NaN	0.4554
117	118	en	yor	challenge_SSA-MTE	hyp1	News	NaN	0.3061
118	119	en	yor	challenge_SSA-MTE	hyp1	News	NaN	0.5069
119	120	en	yor	challenge_SSA-MTE	hyp1	News	NaN	0.3578
120	121	en	yor	challenge_SSA-MTE	hyp1	News	NaN	0.4411
121	122	en	yor	challenge_SSA-MTE	hyp1	News	NaN	0.3442
122	123	en	yor	challenge_SSA-MTE	hyp1	News	NaN	0.5508
123	124	en	yor	challenge_SSA-MTE	hyp1	News	NaN	0.3539
124	125	en	yor	challenge_SSA-MTE	hyp1	News	NaN	0.3629
125	126	en	yor	challenge_SSA-MTE	hyp1	News	NaN	0.5308
126	127	en	yor	challenge_SSA-MTE	hyp1	News	NaN	0.4227
127	128	en	yor	challenge_SSA-MTE	hyp1	News	NaN	0.3367
128	129	en	yor	challenge_SSA-MTE	hyp1	News	NaN	0.5221
129	130	en	yor	challenge_SSA-MTE	hyp1	News	NaN	0.4886
130	131	en	yor	challenge_SSA-MTE	hyp1	News	NaN	0.4945
131	132	en	yor	challenge_SSA-MTE	hyp1	News	NaN	0.5203
132	133	en	yor	challenge_SSA-MTE	hyp1	News	NaN	0.3163
133	134	en	yor	challenge_SSA-MTE	hyp1	News	NaN	0.6072
134	135	en	yor	challenge_SSA-MTE	hyp1	News	NaN	0.3911
135	136	en	yor	challenge_SSA-MTE	hyp1	News	NaN	0.4534
136	137	en	yor	challenge_SSA-MTE	hyp1	News	NaN	0.3376
137	138	en	yor	challenge_SSA-MTE	hyp1	News	NaN	0.3618
138	139	en	yor	challenge_SSA-MTE	hyp1	News	NaN	0.3663
139	140	en	yor	challenge_SSA-MTE	hyp1	News	NaN	0.4082
140	141	en	yor	challenge_SSA-MTE	hyp1	News	NaN	0.3736
141	142	en	yor	challenge_SSA-MTE	hyp1	News	NaN	0.3399
142	143	en	yor	challenge_SSA-MTE	hyp1	News	NaN	0.3985
143	144	en	yor	challenge_SSA-MTE	hyp1	News	NaN	0.4321
144	145	en	yor	challenge_SSA-MTE	hyp1	News	NaN	0.4053
145	146	en	yor	challenge_SSA-MTE	hyp1	News	NaN	0.3244
146	147	en	yor	challenge_SSA-MTE	hyp1	News	NaN	0.4001
147	148	en	yor	challenge_SSA-MTE	hyp1	News	NaN	0.3666
148	149	en	yor	challenge_SSA-MTE	hyp1	News	NaN	0.3757
149	150	en	yor	challenge_SSA-MTE	hyp1	News	NaN	0.4247
150	151	en	yor	challenge_SSA-MTE	hyp1	News	NaN	0.4881
151	152	en	yor	challenge_SSA-MTE	hyp1	News	NaN	0.4038
152	153	en	yor	challenge_SSA-MTE	hyp1	News	NaN	0.4318
153	154	en	yor	challenge_SSA-MTE	hyp1	News	NaN	0.4179
154	155	en	yor	challenge_SSA-MTE	hyp1	News	NaN	0.5678
155	156	en	yor	challenge_SSA-MTE	hyp1	News	NaN	0.4099
156	157	en	yor	challenge_SSA-MTE	hyp1	News	NaN	0.4723
157	158	en	yor	challenge_SSA-MTE	hyp1	News	NaN	0.4915
158	159	en	yor	challenge_SSA-MTE	hyp1	News	NaN	0.3952
159	160	en	yor	challenge_SSA-MTE	hyp1	News	NaN	0.3322
160	161	en	yor	challenge_SSA-MTE	hyp1	News	NaN	0.4678
161	162	en	yor	challenge_SSA-MTE	hyp1	News	NaN	0.3674
162	163	en	yor	challenge_SSA-MTE	hyp1	News	NaN	0.4268
163	164	en	yor	challenge_SSA-MTE	hyp1	News	NaN	0.4839
164	165	en	yor	challenge_SSA-MTE	hyp1	News	NaN	0.4072
165	166	en	yor	challenge_SSA-MTE	hyp1	News	NaN	0.3849
166	167	en	yor	challenge_SSA-MTE	hyp1	News	NaN	0.3771
167	168	en	yor	challenge_SSA-MTE	hyp1	News	NaN	0.3229
168	169	en	yor	challenge_SSA-MTE	hyp1	News	NaN	0.3870
169	170	en	yor	challenge_SSA-MTE	hyp1	News	NaN	0.4156
170	171	en	yor	challenge_SSA-MTE	hyp1	News	NaN	0.3799
171	172	en	yor	challenge_SSA-MTE	hyp1	News	NaN	0.3758
172	173	en	yor	challenge_SSA-MTE	hyp1	News	NaN	0.2174
173	174	en	yor	challenge_SSA-MTE	hyp1	News	NaN	0.3303
174	175	en	yor	challenge_SSA-MTE	hyp1	News	NaN	0.3891
175	176	en	yor	challenge_SSA-MTE	hyp1	News	NaN	0.3800
176	177	en	yor	challenge_SSA-MTE	hyp1	News	NaN	0.3288
177	178	en	yor	challenge_SSA-MTE	hyp1	News	NaN	0.3388
178	179	en	yor	challenge_SSA-MTE	hyp1	News	NaN	0.3720
179	180	en	yor	challenge_SSA-MTE	hyp1	News	NaN	0.4290
180	181	en	yor	challenge_SSA-MTE	hyp1	News	NaN	0.3831
181	182	en	yor	challenge_SSA-MTE	hyp1	News	NaN	0.2954
182	183	en	yor	challenge_SSA-MTE	hyp1	News	NaN	0.4018
183	184	en	yor	challenge_SSA-MTE	hyp1	News	NaN	0.4752
184	185	en	yor	challenge_SSA-MTE	hyp1	News	NaN	0.4146
185	186	en	yor	challenge_SSA-MTE	hyp1	News	NaN	0.4381
186	187	en	yor	challenge_SSA-MTE	hyp1	News	NaN	0.4248
187	188	en	yor	challenge_SSA-MTE	hyp1	News	NaN	0.4027
188	189	en	yor	challenge_SSA-MTE	hyp1	News	NaN	0.3509
189	190	en	yor	challenge_SSA-MTE	hyp1	News	NaN	0.4337
190	191	en	yor	challenge_SSA-MTE	hyp1	News	NaN	0.4359
191	192	en	yor	challenge_SSA-MTE	hyp1	News	NaN	0.3399
192	193	en	yor	challenge_SSA-MTE	hyp1	News	NaN	0.4859
193	194	en	yor	challenge_SSA-MTE	hyp1	News	NaN	0.4087
194	195	en	yor	challenge_SSA-MTE	hyp1	News	NaN	0.4005
195	196	en	yor	challenge_SSA-MTE	hyp1	News	NaN	0.5489
196	197	en	yor	challenge_SSA-MTE	hyp1	News	NaN	0.5201
197	198	en	yor	challenge_SSA-MTE	hyp1	News	NaN	0.3605
198	199	en	yor	challenge_SSA-MTE	hyp1	News	NaN	0.5642
199	200	en	yor	challenge_SSA-MTE	hyp1	News	NaN	0.3981
200	201	en	yor	challenge_SSA-MTE	hyp1	News	NaN	0.3578
201	202	en	yor	challenge_SSA-MTE	hyp1	News	NaN	0.4518
202	203	en	yor	challenge_SSA-MTE	hyp1	News	NaN	0.4469
203	204	en	yor	challenge_SSA-MTE	hyp1	News	NaN	0.4323
204	205	en	yor	challenge_SSA-MTE	hyp1	News	NaN	0.4361
205	206	en	yor	challenge_SSA-MTE	hyp1	News	NaN	0.3604
206	207	en	yor	challenge_SSA-MTE	hyp1	News	NaN	0.3540
207	208	en	yor	challenge_SSA-MTE	hyp1	News	NaN	0.3447
208	209	en	yor	challenge_SSA-MTE	hyp1	News	NaN	0.3931
209	210	en	yor	challenge_SSA-MTE	hyp1	News	NaN	0.3341
210	211	en	yor	challenge_SSA-MTE	hyp1	News	NaN	0.4582
211	212	en	yor	challenge_SSA-MTE	hyp1	News	NaN	0.3647
212	213	en	yor	challenge_SSA-MTE	hyp1	News	NaN	0.4374
213	214	en	yor	challenge_SSA-MTE	hyp1	News	NaN	0.3421
214	215	en	yor	challenge_SSA-MTE	hyp1	News	NaN	0.4434
215	216	en	yor	challenge_SSA-MTE	hyp1	News	NaN	0.4479
216	217	en	yor	challenge_SSA-MTE	hyp1	News	NaN	0.4768
217	218	en	yor	challenge_SSA-MTE	hyp1	News	NaN	0.3976
218	219	en	yor	challenge_SSA-MTE	hyp1	News	NaN	0.3350
219	220	en	yor	challenge_SSA-MTE	hyp1	News	NaN	0.3697
220	221	en	yor	challenge_SSA-MTE	hyp1	News	NaN	0.4055
221	222	en	yor	challenge_SSA-MTE	hyp1	News	NaN	0.3506
222	223	en	yor	challenge_SSA-MTE	hyp1	News	NaN	0.4688
223	224	en	yor	challenge_SSA-MTE	hyp1	News	NaN	0.3392
224	225	en	yor	challenge_SSA-MTE	hyp1	News	NaN	0.3495
225	226	en	yor	challenge_SSA-MTE	hyp1	News	NaN	0.3689
226	227	en	yor	challenge_SSA-MTE	hyp1	News	NaN	0.3892
227	228	en	yor	challenge_SSA-MTE	hyp1	News	NaN	0.3545
228	229	en	yor	challenge_SSA-MTE	hyp1	News	NaN	0.3280
229	230	en	yor	challenge_SSA-MTE	hyp1	News	NaN	0.3119
230	231	en	yor	challenge_SSA-MTE	hyp1	News	NaN	0.5301
231	232	en	yor	challenge_SSA-MTE	hyp1	News	NaN	0.3344
232	233	en	yor	challenge_SSA-MTE	hyp1	News	NaN	0.3037
233	234	en	yor	challenge_SSA-MTE	hyp1	News	NaN	0.3761
234	235	en	yor	challenge_SSA-MTE	hyp1	News	NaN	0.3949
235	236	en	yor	challenge_SSA-MTE	hyp1	News	NaN	0.3227
236	237	en	yor	challenge_SSA-MTE	hyp1	News	NaN	0.3515
237	238	en	yor	challenge_SSA-MTE	hyp1	News	NaN	0.3551
238	239	en	yor	challenge_SSA-MTE	hyp1	News	NaN	0.3260
239	240	en	yor	challenge_SSA-MTE	hyp1	News	NaN	0.3951
240	241	en	yor	challenge_SSA-MTE	hyp1	News	NaN	0.2929
241	242	en	yor	challenge_SSA-MTE	hyp1	News	NaN	0.3685
242	243	en	yor	challenge_SSA-MTE	hyp1	News	NaN	0.4565
243	244	en	yor	challenge_SSA-MTE	hyp1	News	NaN	0.4805
244	245	en	yor	challenge_SSA-MTE	hyp1	News	NaN	0.3309
245	246	en	yor	challenge_SSA-MTE	hyp1	News	NaN	0.4699
246	247	en	yor	challenge_SSA-MTE	hyp1	News	NaN	0.5274
247	248	en	yor	challenge_SSA-MTE	hyp1	News	NaN	0.3728
248	249	en	yor	challenge_SSA-MTE	hyp1	News	NaN	0.4891
249	250	en	yor	challenge_SSA-MTE	hyp1	News	NaN	0.5985
250	251	en	yor	challenge_SSA-MTE	hyp1	News	NaN	0.2165
251	252	en	yor	challenge_SSA-MTE	hyp1	News	NaN	0.3646
252	253	en	yor	challenge_SSA-MTE	hyp1	News	NaN	0.4741
253	254	en	yor	challenge_SSA-MTE	hyp1	News	NaN	0.3861
254	255	en	yor	challenge_SSA-MTE	hyp1	News	NaN	0.3550
255	256	en	yor	challenge_SSA-MTE	hyp1	News	NaN	0.3222
256	257	en	yor	challenge_SSA-MTE	hyp1	News	NaN	0.4111
257	258	en	yor	challenge_SSA-MTE	hyp1	News	NaN	0.3974
258	259	en	yor	challenge_SSA-MTE	hyp1	News	NaN	0.4298
259	260	en	yor	challenge_SSA-MTE	hyp1	News	NaN	0.3958
260	261	en	yor	challenge_SSA-MTE	hyp1	News	NaN	0.3021
261	262	en	yor	challenge_SSA-MTE	hyp1	News	NaN	0.3241
262	263	en	yor	challenge_SSA-MTE	hyp1	News	NaN	0.3764
263	264	en	yor	challenge_SSA-MTE	hyp1	News	NaN	0.3193
264	265	en	yor	challenge_SSA-MTE	hyp1	News	NaN	0.3377
265	266	en	yor	challenge_SSA-MTE	hyp1	News	NaN	0.3572
266	267	en	yor	challenge_SSA-MTE	hyp1	News	NaN	0.4772
267	268	en	yor	challenge_SSA-MTE	hyp1	News	NaN	0.4644
268	269	en	yor	challenge_SSA-MTE	hyp1	News	NaN	0.4374
269	270	en	yor	challenge_SSA-MTE	hyp1	News	NaN	0.3861
270	271	en	yor	challenge_SSA-MTE	hyp1	News	NaN	0.3821
271	272	en	yor	challenge_SSA-MTE	hyp1	News	NaN	0.4552
272	273	en	yor	challenge_SSA-MTE	hyp1	News	NaN	0.4360
273	274	en	yor	challenge_SSA-MTE	hyp1	News	NaN	0.4557
274	275	en	yor	challenge_SSA-MTE	hyp1	News	NaN	0.4725
275	276	en	yor	challenge_SSA-MTE	hyp1	News	NaN	0.3926
276	277	en	yor	challenge_SSA-MTE	hyp1	News	NaN	0.4306
277	278	en	yor	challenge_SSA-MTE	hyp1	News	NaN	0.4355
278	279	en	yor	challenge_SSA-MTE	hyp1	News	NaN	0.3151
279	280	en	yor	challenge_SSA-MTE	hyp1	News	NaN	0.2950
280	281	en	yor	challenge_SSA-MTE	hyp1	News	NaN	0.3666
281	282	en	yor	challenge_SSA-MTE	hyp1	News	NaN	0.2919
282	283	en	yor	challenge_SSA-MTE	hyp1	News	NaN	0.3656
283	284	en	yor	challenge_SSA-MTE	hyp1	News	NaN	0.3102
284	285	en	yor	challenge_SSA-MTE	hyp1	News	NaN	0.3262
285	286	en	yor	challenge_SSA-MTE	hyp1	News	NaN	0.4777
286	287	en	yor	challenge_SSA-MTE	hyp1	News	NaN	0.3249
287	288	en	yor	challenge_SSA-MTE	hyp1	News	NaN	0.3096
288	289	en	yor	challenge_SSA-MTE	hyp1	News	NaN	0.5357
289	290	en	yor	challenge_SSA-MTE	hyp1	News	NaN	0.3309
290	291	en	yor	challenge_SSA-MTE	hyp1	News	NaN	0.4618
291	292	en	yor	challenge_SSA-MTE	hyp1	News	NaN	0.3406
292	293	en	yor	challenge_SSA-MTE	hyp1	News	NaN	0.3715
293	294	en	yor	challenge_SSA-MTE	hyp1	News	NaN	0.3760
294	295	en	yor	challenge_SSA-MTE	hyp1	News	NaN	0.3221
295	296	en	yor	challenge_SSA-MTE	hyp1	News	NaN	0.4519
296	297	en	yor	challenge_SSA-MTE	hyp1	News	NaN	0.5086
297	298	en	yor	challenge_SSA-MTE	hyp1	News	NaN	0.4738
298	299	en	yor	challenge_SSA-MTE	hyp1	News	NaN	0.3685
299	300	en	yor	challenge_SSA-MTE	hyp1	News	NaN	0.4852
300	301	en	yor	challenge_SSA-MTE	hyp1	News	NaN	0.3812
301	302	en	yor	challenge_SSA-MTE	hyp1	News	NaN	0.3638
302	303	en	yor	challenge_SSA-MTE	hyp1	News	NaN	0.4026
303	304	en	yor	challenge_SSA-MTE	hyp1	News	NaN	0.4368
304	305	en	yor	challenge_SSA-MTE	hyp1	News	NaN	0.3134
305	306	en	yor	challenge_SSA-MTE	hyp1	News	NaN	0.5850
306	307	en	yor	challenge_SSA-MTE	hyp1	News	NaN	0.3499
307	308	en	yor	challenge_SSA-MTE	hyp1	News	NaN	0.3923
308	309	en	yor	challenge_SSA-MTE	hyp1	News	NaN	0.3730
309	310	en	yor	challenge_SSA-MTE	hyp1	News	NaN	0.3567
310	311	en	yor	challenge_SSA-MTE	hyp1	News	NaN	0.3901
311	312	en	yor	challenge_SSA-MTE	hyp1	News	NaN	0.3392
312	313	en	yor	challenge_SSA-MTE	hyp1	News	NaN	0.3463
313	314	en	yor	challenge_SSA-MTE	hyp1	News	NaN	0.4755
314	315	en	yor	challenge_SSA-MTE	hyp1	News	NaN	0.4352
315	316	en	yor	challenge_SSA-MTE	hyp1	News	NaN	0.3674
316	317	en	yor	challenge_SSA-MTE	hyp1	News	NaN	0.3543
317	318	en	yor	challenge_SSA-MTE	hyp1	News	NaN	0.4310
318	319	en	yor	challenge_SSA-MTE	hyp1	News	NaN	0.3821
319	320	en	yor	challenge_SSA-MTE	hyp1	News	NaN	0.3128
320	321	en	yor	challenge_SSA-MTE	hyp1	News	NaN	0.3909
321	322	en	yor	challenge_SSA-MTE	hyp1	News	NaN	0.3965
322	323	en	yor	challenge_SSA-MTE	hyp1	News	NaN	0.3764
323	324	en	yor	challenge_SSA-MTE	hyp1	News	NaN	0.3969
324	325	en	yor	challenge_SSA-MTE	hyp1	News	NaN	0.4790
325	326	en	yor	challenge_SSA-MTE	hyp1	News	NaN	0.3346
326	327	en	yor	challenge_SSA-MTE	hyp1	News	NaN	0.4576
327	328	en	yor	challenge_SSA-MTE	hyp1	News	NaN	0.4479
328	329	en	yor	challenge_SSA-MTE	hyp1	News	NaN	0.3013
329	330	en	yor	challenge_SSA-MTE	hyp1	News	NaN	0.5131
330	331	en	yor	challenge_SSA-MTE	hyp1	News	NaN	0.3174
331	332	en	yor	challenge_SSA-MTE	hyp1	News	NaN	0.3455
332	333	en	yor	challenge_SSA-MTE	hyp1	News	NaN	0.4165
333	334	en	yor	challenge_SSA-MTE	hyp1	News	NaN	0.4287
334	335	en	yor	challenge_SSA-MTE	hyp1	News	NaN	0.3687
335	336	en	yor	challenge_SSA-MTE	hyp1	News	NaN	0.4517
336	337	en	yor	challenge_SSA-MTE	hyp1	News	NaN	0.2842
337	338	en	yor	challenge_SSA-MTE	hyp1	News	NaN	0.4073
338	339	en	yor	challenge_SSA-MTE	hyp1	News	NaN	0.3979
339	340	en	yor	challenge_SSA-MTE	hyp1	News	NaN	0.3034
340	341	en	yor	challenge_SSA-MTE	hyp1	News	NaN	0.2663
341	342	en	yor	challenge_SSA-MTE	hyp1	News	NaN	0.3092
342	343	en	yor	challenge_SSA-MTE	hyp1	News	NaN	0.3371
343	344	en	yor	challenge_SSA-MTE	hyp1	News	NaN	0.3384
344	345	en	yor	challenge_SSA-MTE	hyp1	News	NaN	0.3248
345	346	en	yor	challenge_SSA-MTE	hyp1	News	NaN	0.2726
346	347	en	yor	challenge_SSA-MTE	hyp1	News	NaN	0.2733
347	348	en	yor	challenge_SSA-MTE	hyp1	News	NaN	0.3307
348	349	en	yor	challenge_SSA-MTE	hyp1	News	NaN	0.2954
349	350	en	yor	challenge_SSA-MTE	hyp1	News	NaN	0.3751
350	351	en	yor	challenge_SSA-MTE	hyp1	News	NaN	0.4241
351	352	en	yor	challenge_SSA-MTE	hyp1	News	NaN	0.4397
352	353	en	yor	challenge_SSA-MTE	hyp1	News	NaN	0.4674
353	354	en	yor	challenge_SSA-MTE	hyp1	News	NaN	0.3944
354	355	en	yor	challenge_SSA-MTE	hyp1	News	NaN	0.4237
355	356	en	yor	challenge_SSA-MTE	hyp1	News	NaN	0.3007
356	357	en	yor	challenge_SSA-MTE	hyp1	News	NaN	0.3718
357	358	en	yor	challenge_SSA-MTE	hyp1	News	NaN	0.2812
358	359	en	yor	challenge_SSA-MTE	hyp1	News	NaN	0.2659
359	360	en	yor	challenge_SSA-MTE	hyp1	News	NaN	0.4142
360	361	en	yor	challenge_SSA-MTE	hyp1	News	NaN	0.3066
361	362	en	yor	challenge_SSA-MTE	hyp1	News	NaN	0.5366
362	363	en	yor	challenge_SSA-MTE	hyp1	News	NaN	0.4366
363	364	en	yor	challenge_SSA-MTE	hyp1	News	NaN	0.4161
364	365	en	yor	challenge_SSA-MTE	hyp1	News	NaN	0.5043
365	366	en	yor	challenge_SSA-MTE	hyp1	News	NaN	0.3994
366	367	en	yor	challenge_SSA-MTE	hyp1	News	NaN	0.4859
367	368	en	yor	challenge_SSA-MTE	hyp1	News	NaN	0.3266
368	369	en	yor	challenge_SSA-MTE	hyp1	News	NaN	0.4548
369	370	en	yor	challenge_SSA-MTE	hyp1	News	NaN	0.1580
370	371	en	yor	challenge_SSA-MTE	hyp1	News	NaN	0.3728
371	372	en	yor	challenge_SSA-MTE	hyp1	News	NaN	0.3555
372	373	en	yor	challenge_SSA-MTE	hyp1	News	NaN	0.2601
373	374	en	yor	challenge_SSA-MTE	hyp1	News	NaN	0.3925
374	375	en	yor	challenge_SSA-MTE	hyp1	News	NaN	0.3814
375	376	en	yor	challenge_SSA-MTE	hyp1	News	NaN	0.3071
376	377	en	yor	challenge_SSA-MTE	hyp1	News	NaN	0.3904
377	378	en	yor	challenge_SSA-MTE	hyp1	News	NaN	0.3683
378	379	en	yor	challenge_SSA-MTE	hyp1	News	NaN	0.4618
379	380	en	yor	challenge_SSA-MTE	hyp1	News	NaN	0.4024
380	381	en	yor	challenge_SSA-MTE	hyp1	News	NaN	0.3746
381	382	en	yor	challenge_SSA-MTE	hyp1	News	NaN	0.4115
382	383	en	yor	challenge_SSA-MTE	hyp1	News	NaN	0.4135
383	384	en	yor	challenge_SSA-MTE	hyp1	News	NaN	0.3270
384	385	en	yor	challenge_SSA-MTE	hyp1	News	NaN	0.2986
385	386	en	yor	challenge_SSA-MTE	hyp1	News	NaN	0.3254
386	387	en	yor	challenge_SSA-MTE	hyp1	News	NaN	0.3905
387	388	en	yor	challenge_SSA-MTE	hyp1	News	NaN	0.3202
388	389	en	yor	challenge_SSA-MTE	hyp1	News	NaN	0.4132
389	390	en	yor	challenge_SSA-MTE	hyp1	News	NaN	0.2974
390	391	en	yor	challenge_SSA-MTE	hyp1	News	NaN	0.2758
391	392	en	yor	challenge_SSA-MTE	hyp1	News	NaN	0.3458
392	393	en	yor	challenge_SSA-MTE	hyp1	News	NaN	0.2965
393	394	en	yor	challenge_SSA-MTE	hyp1	News	NaN	0.3238
394	395	en	yor	challenge_SSA-MTE	hyp1	News	NaN	0.3661
395	396	en	yor	challenge_SSA-MTE	hyp1	News	NaN	0.2948
396	397	en	yor	challenge_SSA-MTE	hyp1	News	NaN	0.5044
397	398	en	yor	challenge_SSA-MTE	hyp1	News	NaN	0.4236
398	399	en	yor	challenge_SSA-MTE	hyp1	News	NaN	0.3198
399	400	en	yor	challenge_SSA-MTE	hyp1	News	NaN	0.5019
400	401	en	yor	challenge_SSA-MTE	hyp1	News	NaN	0.4439
401	402	en	yor	challenge_SSA-MTE	hyp1	News	NaN	0.4617
402	403	en	yor	challenge_SSA-MTE	hyp1	News	NaN	0.3078
403	404	en	yor	challenge_SSA-MTE	hyp1	News	NaN	0.3289
404	405	en	yor	challenge_SSA-MTE	hyp1	News	NaN	0.3517
405	406	en	yor	challenge_SSA-MTE	hyp1	News	NaN	0.3104
406	407	en	yor	challenge_SSA-MTE	hyp1	News	NaN	0.3848
407	408	en	yor	challenge_SSA-MTE	hyp1	News	NaN	0.3829
408	409	en	yor	challenge_SSA-MTE	hyp1	News	NaN	0.3241
409	410	en	yor	challenge_SSA-MTE	hyp1	News	NaN	0.4136
410	411	en	yor	challenge_SSA-MTE	hyp1	News	NaN	0.3069
411	412	en	yor	challenge_SSA-MTE	hyp1	News	NaN	0.3927
412	413	en	yor	challenge_SSA-MTE	hyp1	News	NaN	0.3920
413	414	en	yor	challenge_SSA-MTE	hyp1	News	NaN	0.5259
414	415	en	yor	challenge_SSA-MTE	hyp1	News	NaN	0.5697
415	416	en	yor	challenge_SSA-MTE	hyp1	News	NaN	0.3880
416	417	en	yor	challenge_SSA-MTE	hyp1	News	NaN	0.5057
417	418	en	yor	challenge_SSA-MTE	hyp1	News	NaN	0.4721
418	419	en	yor	challenge_SSA-MTE	hyp1	News	NaN	0.5473
419	420	en	yor	challenge_SSA-MTE	hyp1	News	NaN	0.2992
420	421	en	yor	challenge_SSA-MTE	hyp1	News	NaN	0.4449
421	422	en	yor	challenge_SSA-MTE	hyp1	News	NaN	0.4395
422	423	en	yor	challenge_SSA-MTE	hyp1	News	NaN	0.3385
423	424	en	yor	challenge_SSA-MTE	hyp1	News	NaN	0.4815
424	425	en	yor	challenge_SSA-MTE	hyp1	News	NaN	0.2973
425	426	en	yor	challenge_SSA-MTE	hyp1	News	NaN	0.3532
426	427	en	yor	challenge_SSA-MTE	hyp1	News	NaN	0.5505
427	428	en	yor	challenge_SSA-MTE	hyp1	News	NaN	0.4473
428	429	en	yor	challenge_SSA-MTE	hyp1	News	NaN	0.3017
429	430	en	yor	challenge_SSA-MTE	hyp1	News	NaN	0.2763
430	431	en	yor	challenge_SSA-MTE	hyp1	News	NaN	0.3698
431	432	en	yor	challenge_SSA-MTE	hyp1	News	NaN	0.4202
432	433	en	yor	challenge_SSA-MTE	hyp1	News	NaN	0.4174
433	434	en	yor	challenge_SSA-MTE	hyp1	News	NaN	0.3377
434	435	en	yor	challenge_SSA-MTE	hyp1	News	NaN	0.3750
435	436	en	yor	challenge_SSA-MTE	hyp1	News	NaN	0.3528
436	437	en	yor	challenge_SSA-MTE	hyp1	News	NaN	0.3423
437	438	en	yor	challenge_SSA-MTE	hyp1	News	NaN	0.3428
438	439	en	yor	challenge_SSA-MTE	hyp1	News	NaN	0.3122
439	440	en	yor	challenge_SSA-MTE	hyp1	News	NaN	0.3785
440	441	en	yor	challenge_SSA-MTE	hyp1	News	NaN	0.3217
441	442	en	yor	challenge_SSA-MTE	hyp1	News	NaN	0.3633
442	443	en	yor	challenge_SSA-MTE	hyp1	News	NaN	0.3959
443	444	en	yor	challenge_SSA-MTE	hyp1	News	NaN	0.3618
444	445	en	yor	challenge_SSA-MTE	hyp1	News	NaN	0.2962
445	446	en	yor	challenge_SSA-MTE	hyp1	News	NaN	0.3419
446	447	en	yor	challenge_SSA-MTE	hyp1	News	NaN	0.3531
447	448	en	yor	challenge_SSA-MTE	hyp1	News	NaN	0.3670
448	449	en	yor	challenge_SSA-MTE	hyp1	News	NaN	0.3494
449	450	en	yor	challenge_SSA-MTE	hyp1	News	NaN	0.4721
450	451	en	yor	challenge_SSA-MTE	hyp1	News	NaN	0.3873
451	452	en	yor	challenge_SSA-MTE	hyp1	News	NaN	0.3235
452	453	en	yor	challenge_SSA-MTE	hyp1	News	NaN	0.4649
453	454	en	yor	challenge_SSA-MTE	hyp1	News	NaN	0.4084
454	455	en	yor	challenge_SSA-MTE	hyp1	News	NaN	0.2900
455	456	en	yor	challenge_SSA-MTE	hyp1	News	NaN	0.4173
456	457	en	yor	challenge_SSA-MTE	hyp1	News	NaN	0.3961
457	458	en	yor	challenge_SSA-MTE	hyp1	News	NaN	0.3935
458	459	en	yor	challenge_SSA-MTE	hyp1	News	NaN	0.2635
459	460	en	yor	challenge_SSA-MTE	hyp1	News	NaN	0.3768
460	461	en	yor	challenge_SSA-MTE	hyp1	News	NaN	0.2316
461	462	en	yor	challenge_SSA-MTE	hyp1	News	NaN	0.3963
462	463	en	yor	challenge_SSA-MTE	hyp1	News	NaN	0.2635
463	464	en	yor	challenge_SSA-MTE	hyp1	News	NaN	0.3896
464	465	en	yor	challenge_SSA-MTE	hyp1	News	NaN	0.3266
465	466	en	yor	challenge_SSA-MTE	hyp1	News	NaN	0.1617
466	467	en	yor	challenge_SSA-MTE	hyp1	News	NaN	0.3266
467	468	en	yor	challenge_SSA-MTE	hyp1	News	NaN	0.4573
468	469	en	yor	challenge_SSA-MTE	hyp1	News	NaN	0.2995
469	470	en	yor	challenge_SSA-MTE	hyp1	News	NaN	0.3791
470	471	en	yor	challenge_SSA-MTE	hyp1	News	NaN	0.3827
471	472	en	yor	challenge_SSA-MTE	hyp1	News	NaN	0.3735
472	473	en	yor	challenge_SSA-MTE	hyp1	News	NaN	0.3777
473	474	en	yor	challenge_SSA-MTE	hyp1	News	NaN	0.3678
474	475	en	yor	challenge_SSA-MTE	hyp1	News	NaN	0.3798
475	476	en	yor	challenge_SSA-MTE	hyp1	News	NaN	0.3840
476	477	en	yor	challenge_SSA-MTE	hyp1	News	NaN	0.3288
477	478	en	yor	challenge_SSA-MTE	hyp1	News	NaN	0.4151
478	479	en	yor	challenge_SSA-MTE	hyp1	News	NaN	0.2787
479	480	en	yor	challenge_SSA-MTE	hyp1	News	NaN	0.4213
480	481	en	yor	challenge_SSA-MTE	hyp1	News	NaN	0.3113
481	482	en	yor	challenge_SSA-MTE	hyp1	News	NaN	0.2867
482	483	en	yor	challenge_SSA-MTE	hyp1	News	NaN	0.2879
483	484	en	yor	challenge_SSA-MTE	hyp1	News	NaN	0.2838
484	485	en	yor	challenge_SSA-MTE	hyp1	News	NaN	0.3307
485	486	en	yor	challenge_SSA-MTE	hyp1	News	NaN	0.3037
486	487	en	yor	challenge_SSA-MTE	hyp1	News	NaN	0.3012
487	488	en	yor	challenge_SSA-MTE	hyp1	News	NaN	0.3524
488	489	en	yor	challenge_SSA-MTE	hyp1	News	NaN	0.4150
489	490	en	yor	challenge_SSA-MTE	hyp1	News	NaN	0.1920
490	491	en	yor	challenge_SSA-MTE	hyp1	News	NaN	0.3193
491	492	en	yor	challenge_SSA-MTE	hyp1	News	NaN	0.3125
492	493	en	yor	challenge_SSA-MTE	hyp1	News	NaN	0.2963
493	494	en	yor	challenge_SSA-MTE	hyp1	News	NaN	0.3276
494	495	en	yor	challenge_SSA-MTE	hyp1	News	NaN	0.3013
495	496	en	yor	challenge_SSA-MTE	hyp1	News	NaN	0.3675
496	497	en	yor	challenge_SSA-MTE	hyp1	News	NaN	0.3353
497	498	en	yor	challenge_SSA-MTE	hyp1	News	NaN	0.3203
498	499	en	yor	challenge_SSA-MTE	hyp1	News	NaN	0.3489
499	500	en	yor	challenge_SSA-MTE	hyp1	News	NaN	0.3239
500	501	en	yor	challenge_SSA-MTE	hyp1	News	NaN	0.3122
501	502	en	yor	challenge_SSA-MTE	hyp1	News	NaN	0.2809
502	503	en	yor	challenge_SSA-MTE	hyp1	News	NaN	0.2900
503	504	en	yor	challenge_SSA-MTE	hyp1	News	NaN	0.2990
504	505	en	yor	challenge_SSA-MTE	hyp1	News	NaN	0.3074
505	506	en	yor	challenge_SSA-MTE	hyp1	News	NaN	0.3257
506	507	en	yor	challenge_SSA-MTE	hyp1	News	NaN	0.2629
507	508	en	yor	challenge_SSA-MTE	hyp1	News	NaN	0.3470
508	509	en	yor	challenge_SSA-MTE	hyp1	News	NaN	0.2855
509	510	en	yor	challenge_SSA-MTE	hyp1	News	NaN	0.3140
510	511	en	yor	challenge_SSA-MTE	hyp1	News	NaN	0.2274
511	512	en	yor	challenge_SSA-MTE	hyp1	News	NaN	0.3705
512	513	en	yor	challenge_SSA-MTE	hyp1	News	NaN	0.3283
513	514	en	yor	challenge_SSA-MTE	hyp1	News	NaN	0.5178
514	515	en	yor	challenge_SSA-MTE	hyp1	News	NaN	0.4805
515	516	en	yor	challenge_SSA-MTE	hyp1	News	NaN	0.3350
516	517	en	yor	challenge_SSA-MTE	hyp1	News	NaN	0.4377
517	518	en	yor	challenge_SSA-MTE	hyp1	News	NaN	0.3523
518	519	en	yor	challenge_SSA-MTE	hyp1	News	NaN	0.2151
519	520	en	yor	challenge_SSA-MTE	hyp1	News	NaN	0.3539
520	521	en	yor	challenge_SSA-MTE	hyp1	News	NaN	0.3863
521	522	en	yor	challenge_SSA-MTE	hyp1	News	NaN	0.4138
522	523	en	yor	challenge_SSA-MTE	hyp1	News	NaN	0.3290
523	524	en	yor	challenge_SSA-MTE	hyp1	News	NaN	0.3900
524	525	en	yor	challenge_SSA-MTE	hyp1	News	NaN	0.2805
525	526	en	yor	challenge_SSA-MTE	hyp1	News	NaN	0.3239
526	527	en	yor	challenge_SSA-MTE	hyp1	News	NaN	0.4193
527	528	en	yor	challenge_SSA-MTE	hyp1	News	NaN	0.3361
528	529	en	yor	challenge_SSA-MTE	hyp1	News	NaN	0.3590
529	530	en	yor	challenge_SSA-MTE	hyp1	News	NaN	0.3778
530	531	en	yor	challenge_SSA-MTE	hyp1	News	NaN	0.3101
531	532	en	yor	challenge_SSA-MTE	hyp1	News	NaN	0.3748
532	533	en	yor	challenge_SSA-MTE	hyp1	News	NaN	0.3398
533	534	en	yor	challenge_SSA-MTE	hyp1	News	NaN	0.3654
534	535	en	yor	challenge_SSA-MTE	hyp1	News	NaN	0.4101
535	536	en	yor	challenge_SSA-MTE	hyp1	News	NaN	0.5803
536	537	en	yor	challenge_SSA-MTE	hyp1	News	NaN	0.4510
537	538	en	yor	challenge_SSA-MTE	hyp1	News	NaN	0.5484
538	539	en	yor	challenge_SSA-MTE	hyp1	News	NaN	0.3593
539	540	en	yor	challenge_SSA-MTE	hyp1	News	NaN	0.5925
540	541	en	yor	challenge_SSA-MTE	hyp1	News	NaN	0.6446
541	542	en	yor	challenge_SSA-MTE	hyp1	News	NaN	0.4519
542	543	en	yor	challenge_SSA-MTE	hyp1	News	NaN	0.4884
543	544	en	yor	challenge_SSA-MTE	hyp1	News	NaN	0.4600
544	545	en	yor	challenge_SSA-MTE	hyp1	News	NaN	0.5657
545	546	en	yor	challenge_SSA-MTE	hyp1	News	NaN	0.3292
546	547	en	yor	challenge_SSA-MTE	hyp1	News	NaN	0.2966
547	548	en	yor	challenge_SSA-MTE	hyp1	News	NaN	0.3642
548	549	en	yor	challenge_SSA-MTE	hyp1	News	NaN	0.3423
549	550	en	yor	challenge_SSA-MTE	hyp1	News	NaN	0.3527
550	551	en	yor	challenge_SSA-MTE	hyp1	News	NaN	0.3450
551	552	en	yor	challenge_SSA-MTE	hyp1	News	NaN	0.2632
552	553	en	yor	challenge_SSA-MTE	hyp1	News	NaN	0.3709
553	554	en	yor	challenge_SSA-MTE	hyp1	News	NaN	0.3976
554	555	en	yor	challenge_SSA-MTE	hyp1	News	NaN	0.3365
555	556	en	yor	challenge_SSA-MTE	hyp1	News	NaN	0.3229
556	557	en	yor	challenge_SSA-MTE	hyp1	News	NaN	0.2918
557	558	en	yor	challenge_SSA-MTE	hyp1	News	NaN	0.3238
558	559	en	yor	challenge_SSA-MTE	hyp1	News	NaN	0.3499
559	560	en	yor	challenge_SSA-MTE	hyp1	News	NaN	0.3388
560	561	en	yor	challenge_SSA-MTE	hyp1	News	NaN	0.3611
561	562	en	yor	challenge_SSA-MTE	hyp1	News	NaN	0.3909
562	563	en	yor	challenge_SSA-MTE	hyp1	News	NaN	0.3077
563	564	en	yor	challenge_SSA-MTE	hyp1	News	NaN	0.3374
564	565	en	yor	challenge_SSA-MTE	hyp1	News	NaN	0.3654
565	566	en	yor	challenge_SSA-MTE	hyp1	News	NaN	0.3289
566	567	en	yor	challenge_SSA-MTE	hyp1	News	NaN	0.3394
567	568	en	yor	challenge_SSA-MTE	hyp1	News	NaN	0.3235
568	569	en	yor	challenge_SSA-MTE	hyp1	News	NaN	0.3510
569	570	en	yor	challenge_SSA-MTE	hyp1	News	NaN	0.4380
570	571	en	yor	challenge_SSA-MTE	hyp1	News	NaN	0.3912
571	572	en	yor	challenge_SSA-MTE	hyp1	News	NaN	0.4231
572	573	en	yor	challenge_SSA-MTE	hyp1	News	NaN	0.3538
573	574	en	yor	challenge_SSA-MTE	hyp1	News	NaN	0.3757
574	575	en	yor	challenge_SSA-MTE	hyp1	News	NaN	0.2655
575	576	en	yor	challenge_SSA-MTE	hyp1	News	NaN	0.2068
576	577	en	yor	challenge_SSA-MTE	hyp1	News	NaN	0.3498
577	578	en	yor	challenge_SSA-MTE	hyp1	News	NaN	0.2709
578	579	en	yor	challenge_SSA-MTE	hyp1	News	NaN	0.5182
579	580	en	yor	challenge_SSA-MTE	hyp1	News	NaN	0.3822
580	581	en	yor	challenge_SSA-MTE	hyp1	News	NaN	0.2367
581	582	en	yor	challenge_SSA-MTE	hyp1	News	NaN	0.3623
582	583	en	yor	challenge_SSA-MTE	hyp1	News	NaN	0.4754
583	584	en	yor	challenge_SSA-MTE	hyp1	News	NaN	0.4265
584	585	en	yor	challenge_SSA-MTE	hyp1	News	NaN	0.3277
585	586	en	yor	challenge_SSA-MTE	hyp1	News	NaN	0.3376
586	587	en	yor	challenge_SSA-MTE	hyp1	News	NaN	0.4372
587	588	en	yor	challenge_SSA-MTE	hyp1	News	NaN	0.3694
588	589	en	yor	challenge_SSA-MTE	hyp1	News	NaN	0.3208
589	590	en	yor	challenge_SSA-MTE	hyp1	News	NaN	0.3824
590	591	en	yor	challenge_SSA-MTE	hyp1	News	NaN	0.3448
591	592	en	yor	challenge_SSA-MTE	hyp1	News	NaN	0.3828
592	593	en	yor	challenge_SSA-MTE	hyp1	News	NaN	0.3455
593	594	en	yor	challenge_SSA-MTE	hyp1	News	NaN	0.3858
594	595	en	yor	challenge_SSA-MTE	hyp1	News	NaN	0.3417
595	596	en	yor	challenge_SSA-MTE	hyp1	News	NaN	0.3512
596	597	en	yor	challenge_SSA-MTE	hyp1	News	NaN	0.3999
597	598	en	yor	challenge_SSA-MTE	hyp1	News	NaN	0.3811
598	599	en	yor	challenge_SSA-MTE	hyp1	News	NaN	0.4272
599	600	en	yor	challenge_SSA-MTE	hyp1	News	NaN	0.3731
600	601	en	yor	challenge_SSA-MTE	hyp1	News	NaN	0.3937
601	602	en	yor	challenge_SSA-MTE	hyp1	News	NaN	0.3748
602	603	en	yor	challenge_SSA-MTE	hyp1	News	NaN	0.3823
603	604	en	yor	challenge_SSA-MTE	hyp1	News	NaN	0.3585
604	605	en	yor	challenge_SSA-MTE	hyp1	News	NaN	0.2601
605	606	en	yor	challenge_SSA-MTE	hyp1	News	NaN	0.3562
606	607	en	yor	challenge_SSA-MTE	hyp1	News	NaN	0.3276
607	608	en	yor	challenge_SSA-MTE	hyp1	News	NaN	0.3269
608	609	en	yor	challenge_SSA-MTE	hyp1	News	NaN	0.4058
609	610	en	yor	challenge_SSA-MTE	hyp1	News	NaN	0.5073
610	611	en	yor	challenge_SSA-MTE	hyp1	News	NaN	0.4777
611	612	en	yor	challenge_SSA-MTE	hyp1	News	NaN	0.4026
612	613	en	yor	challenge_SSA-MTE	hyp1	News	NaN	0.4833
613	614	en	yor	challenge_SSA-MTE	hyp1	News	NaN	0.4260
614	615	en	yor	challenge_SSA-MTE	hyp1	News	NaN	0.3609
615	616	en	yor	challenge_SSA-MTE	hyp1	News	NaN	0.3636
616	617	en	yor	challenge_SSA-MTE	hyp1	News	NaN	0.3636
617	618	en	yor	challenge_SSA-MTE	hyp1	News	NaN	0.3707
618	619	en	yor	challenge_SSA-MTE	hyp1	News	NaN	0.4432
619	620	en	yor	challenge_SSA-MTE	hyp1	News	NaN	0.4282
620	621	en	yor	challenge_SSA-MTE	hyp1	News	NaN	0.3122
621	622	en	yor	challenge_SSA-MTE	hyp1	News	NaN	0.2820
622	623	en	yor	challenge_SSA-MTE	hyp1	News	NaN	0.3759
623	624	en	yor	challenge_SSA-MTE	hyp1	News	NaN	0.3887
624	625	en	yor	challenge_SSA-MTE	hyp1	News	NaN	0.3616
625	626	en	yor	challenge_SSA-MTE	hyp1	News	NaN	0.2894
626	627	en	yor	challenge_SSA-MTE	hyp1	News	NaN	0.3140
627	628	en	yor	challenge_SSA-MTE	hyp1	News	NaN	0.3029
628	629	en	yor	challenge_SSA-MTE	hyp1	News	NaN	0.3482
629	630	en	yor	challenge_SSA-MTE	hyp1	News	NaN	0.3502
630	631	en	yor	challenge_SSA-MTE	hyp1	News	NaN	0.3292
631	632	en	yor	challenge_SSA-MTE	hyp1	News	NaN	0.2904
632	633	en	yor	challenge_SSA-MTE	hyp1	News	NaN	0.3463
633	634	en	yor	challenge_SSA-MTE	hyp1	News	NaN	0.3184
634	635	en	yor	challenge_SSA-MTE	hyp1	News	NaN	0.3633
635	636	en	yor	challenge_SSA-MTE	hyp1	News	NaN	0.3629
636	637	en	yor	challenge_SSA-MTE	hyp1	News	NaN	0.3459
637	638	en	yor	challenge_SSA-MTE	hyp1	News	NaN	0.3875
638	639	en	yor	challenge_SSA-MTE	hyp1	News	NaN	0.2929
639	640	en	yor	challenge_SSA-MTE	hyp1	News	NaN	0.3269
640	641	en	yor	challenge_SSA-MTE	hyp1	News	NaN	0.3456
641	642	en	yor	challenge_SSA-MTE	hyp1	News	NaN	0.3706
642	643	en	yor	challenge_SSA-MTE	hyp1	News	NaN	0.2968
643	644	en	yor	challenge_SSA-MTE	hyp1	News	NaN	0.3551
644	645	en	yor	challenge_SSA-MTE	hyp1	News	NaN	0.4071
645	646	en	yor	challenge_SSA-MTE	hyp1	News	NaN	0.3397
646	647	en	yor	challenge_SSA-MTE	hyp1	News	NaN	0.3794
647	648	en	yor	challenge_SSA-MTE	hyp1	News	NaN	0.3578
648	649	en	yor	challenge_SSA-MTE	hyp1	News	NaN	0.3889
649	650	en	yor	challenge_SSA-MTE	hyp1	News	NaN	0.2958
650	651	en	yor	challenge_SSA-MTE	hyp1	News	NaN	0.3272
651	652	en	yor	challenge_SSA-MTE	hyp1	News	NaN	0.4233
652	653	en	yor	challenge_SSA-MTE	hyp1	News	NaN	0.3949
653	654	en	yor	challenge_SSA-MTE	hyp1	News	NaN	0.3007
654	655	en	yor	challenge_SSA-MTE	hyp1	News	NaN	0.4895
655	656	en	yor	challenge_SSA-MTE	hyp1	News	NaN	0.4444
656	657	en	yor	challenge_SSA-MTE	hyp1	News	NaN	0.3465
657	658	en	yor	challenge_SSA-MTE	hyp1	News	NaN	0.3541
658	659	en	yor	challenge_SSA-MTE	hyp1	News	NaN	0.4202
659	660	en	yor	challenge_SSA-MTE	hyp1	News	NaN	0.4006
660	661	en	yor	challenge_SSA-MTE	hyp1	News	NaN	0.3237
661	662	en	yor	challenge_SSA-MTE	hyp1	News	NaN	0.3502
662	663	en	yor	challenge_SSA-MTE	hyp1	News	NaN	0.3381
663	664	en	yor	challenge_SSA-MTE	hyp1	News	NaN	0.2947
664	665	en	yor	challenge_SSA-MTE	hyp1	News	NaN	0.3910
665	666	en	yor	challenge_SSA-MTE	hyp1	News	NaN	0.3293
666	667	en	yor	challenge_SSA-MTE	hyp1	News	NaN	0.4695
667	668	en	yor	challenge_SSA-MTE	hyp1	News	NaN	0.3947
668	669	en	yor	challenge_SSA-MTE	hyp1	News	NaN	0.3903
669	670	en	yor	challenge_SSA-MTE	hyp1	News	NaN	0.4241
670	671	en	yor	challenge_SSA-MTE	hyp1	News	NaN	0.4005
671	672	en	yor	challenge_SSA-MTE	hyp1	News	NaN	0.3882
672	673	en	yor	challenge_SSA-MTE	hyp1	News	NaN	0.3695
673	674	en	yor	challenge_SSA-MTE	hyp1	News	NaN	0.4450
674	675	en	yor	challenge_SSA-MTE	hyp1	News	NaN	0.3639
675	676	en	yor	challenge_SSA-MTE	hyp1	News	NaN	0.3363
676	677	en	yor	challenge_SSA-MTE	hyp1	News	NaN	0.3867
677	678	en	yor	challenge_SSA-MTE	hyp1	News	NaN	0.3471
678	679	en	yor	challenge_SSA-MTE	hyp1	News	NaN	0.3705
679	680	en	yor	challenge_SSA-MTE	hyp1	News	NaN	0.4482
680	681	en	yor	challenge_SSA-MTE	hyp1	News	NaN	0.3447
681	682	en	yor	challenge_SSA-MTE	hyp1	News	NaN	0.4031
682	683	en	yor	challenge_SSA-MTE	hyp1	News	NaN	0.4388
683	684	en	yor	challenge_SSA-MTE	hyp1	News	NaN	0.3747
684	685	en	yor	challenge_SSA-MTE	hyp1	News	NaN	0.4732
685	686	en	yor	challenge_SSA-MTE	hyp1	News	NaN	0.5437
686	687	en	yor	challenge_SSA-MTE	hyp1	News	NaN	0.5822
687	688	en	yor	challenge_SSA-MTE	hyp1	News	NaN	0.3542
688	689	en	yor	challenge_SSA-MTE	hyp1	News	NaN	0.5487
689	690	en	yor	challenge_SSA-MTE	hyp1	News	NaN	0.4163
690	691	en	yor	challenge_SSA-MTE	hyp1	News	NaN	0.2697
691	692	en	yor	challenge_SSA-MTE	hyp1	News	NaN	0.2839
692	693	en	yor	challenge_SSA-MTE	hyp1	News	NaN	0.3452
693	694	en	yor	challenge_SSA-MTE	hyp1	News	NaN	0.3451
694	695	en	yor	challenge_SSA-MTE	hyp1	News	NaN	0.2922
695	696	en	yor	challenge_SSA-MTE	hyp1	News	NaN	0.3093
696	697	en	yor	challenge_SSA-MTE	hyp1	News	NaN	0.3008
697	698	en	yor	challenge_SSA-MTE	hyp1	News	NaN	0.2445
698	699	en	yor	challenge_SSA-MTE	hyp1	News	NaN	0.3471
699	700	en	yor	challenge_SSA-MTE	hyp1	News	NaN	0.3408
700	701	en	yor	challenge_SSA-MTE	hyp1	News	NaN	0.3180
701	702	en	yor	challenge_SSA-MTE	hyp1	News	NaN	0.3655
702	703	en	yor	challenge_SSA-MTE	hyp1	News	NaN	0.4166
703	704	en	yor	challenge_SSA-MTE	hyp1	News	NaN	0.3845
704	705	en	yor	challenge_SSA-MTE	hyp1	News	NaN	0.3647
705	706	en	yor	challenge_SSA-MTE	hyp1	News	NaN	0.4863
706	707	en	yor	challenge_SSA-MTE	hyp1	News	NaN	0.4260
707	708	en	yor	challenge_SSA-MTE	hyp1	News	NaN	0.3467
708	709	en	yor	challenge_SSA-MTE	hyp1	News	NaN	0.3509
709	710	en	yor	challenge_SSA-MTE	hyp1	News	NaN	0.3797
710	711	en	yor	challenge_SSA-MTE	hyp1	News	NaN	0.3714
711	712	en	yor	challenge_SSA-MTE	hyp1	News	NaN	0.3940
712	713	en	yor	challenge_SSA-MTE	hyp1	News	NaN	0.3802
713	714	en	yor	challenge_SSA-MTE	hyp1	News	NaN	0.3400
714	715	en	yor	challenge_SSA-MTE	hyp1	News	NaN	0.4059
715	716	en	yor	challenge_SSA-MTE	hyp1	News	NaN	0.4339
716	717	en	yor	challenge_SSA-MTE	hyp1	News	NaN	0.3970
717	718	en	yor	challenge_SSA-MTE	hyp1	News	NaN	0.4551
718	719	en	yor	challenge_SSA-MTE	hyp1	News	NaN	0.3771
719	720	en	yor	challenge_SSA-MTE	hyp1	News	NaN	0.2832
720	721	en	yor	challenge_SSA-MTE	hyp1	News	NaN	0.3561
721	722	en	yor	challenge_SSA-MTE	hyp1	News	NaN	0.3583
722	723	en	yor	challenge_SSA-MTE	hyp1	News	NaN	0.3100
723	724	en	yor	challenge_SSA-MTE	hyp1	News	NaN	0.3501
724	725	en	yor	challenge_SSA-MTE	hyp1	News	NaN	0.3461
725	726	en	yor	challenge_SSA-MTE	hyp1	News	NaN	0.3774
726	727	en	yor	challenge_SSA-MTE	hyp1	News	NaN	0.3589
727	728	en	yor	challenge_SSA-MTE	hyp1	News	NaN	0.3669
728	729	en	yor	challenge_SSA-MTE	hyp1	News	NaN	0.3744
729	730	en	yor	challenge_SSA-MTE	hyp1	News	NaN	0.4188
730	731	en	yor	challenge_SSA-MTE	hyp1	News	NaN	0.3389
731	732	en	yor	challenge_SSA-MTE	hyp1	News	NaN	0.2970
732	733	en	yor	challenge_SSA-MTE	hyp1	News	NaN	0.2492
733	734	en	yor	challenge_SSA-MTE	hyp1	News	NaN	0.3788
734	735	en	yor	challenge_SSA-MTE	hyp1	News	NaN	0.2653
735	736	en	yor	challenge_SSA-MTE	hyp1	News	NaN	0.3336
736	737	en	yor	challenge_SSA-MTE	hyp1	News	NaN	0.2885
737	738	en	yor	challenge_SSA-MTE	hyp1	News	NaN	0.4476
738	739	en	yor	challenge_SSA-MTE	hyp1	News	NaN	0.5737
739	740	en	yor	challenge_SSA-MTE	hyp1	News	NaN	0.6096
740	741	en	yor	challenge_SSA-MTE	hyp1	News	NaN	0.4422
741	742	en	yor	challenge_SSA-MTE	hyp1	News	NaN	0.4066
742	743	en	yor	challenge_SSA-MTE	hyp1	News	NaN	0.4283
743	744	en	yor	challenge_SSA-MTE	hyp1	News	NaN	0.3804
744	745	en	yor	challenge_SSA-MTE	hyp1	News	NaN	0.3328
745	746	en	yor	challenge_SSA-MTE	hyp1	News	NaN	0.3076
746	747	en	yor	challenge_SSA-MTE	hyp1	News	NaN	0.4306
747	748	en	yor	challenge_SSA-MTE	hyp1	News	NaN	0.3060
748	749	en	yor	challenge_SSA-MTE	hyp1	News	NaN	0.4498
749	750	en	yor	challenge_SSA-MTE	hyp1	News	NaN	0.4285
750	751	en	yor	challenge_SSA-MTE	hyp1	News	NaN	0.2138
751	752	en	yor	challenge_SSA-MTE	hyp1	News	NaN	0.3618
752	753	en	yor	challenge_SSA-MTE	hyp1	News	NaN	0.5326
753	754	en	yor	challenge_SSA-MTE	hyp1	News	NaN	0.3535
754	755	en	yor	challenge_SSA-MTE	hyp1	News	NaN	0.3921
755	756	en	yor	challenge_SSA-MTE	hyp1	News	NaN	0.4832
756	757	en	yor	challenge_SSA-MTE	hyp1	News	NaN	0.4714
757	758	en	yor	challenge_SSA-MTE	hyp1	News	NaN	0.4712
758	759	en	yor	challenge_SSA-MTE	hyp1	News	NaN	0.4066
759	760	en	yor	challenge_SSA-MTE	hyp1	News	NaN	0.3249
760	761	en	yor	challenge_SSA-MTE	hyp1	News	NaN	0.3302
761	762	en	yor	challenge_SSA-MTE	hyp1	News	NaN	0.3169
762	763	en	yor	challenge_SSA-MTE	hyp1	News	NaN	0.3422
763	764	en	yor	challenge_SSA-MTE	hyp1	News	NaN	0.3521
764	765	en	yor	challenge_SSA-MTE	hyp1	News	NaN	0.3308
765	766	en	yor	challenge_SSA-MTE	hyp1	News	NaN	0.3292
766	767	en	yor	challenge_SSA-MTE	hyp1	News	NaN	0.3441
767	768	en	yor	challenge_SSA-MTE	hyp1	News	NaN	0.3477
768	769	en	yor	challenge_SSA-MTE	hyp1	News	NaN	0.3245
769	770	en	yor	challenge_SSA-MTE	hyp1	News	NaN	0.3262
770	771	en	yor	challenge_SSA-MTE	hyp1	News	NaN	0.3842
771	772	en	yor	challenge_SSA-MTE	hyp1	News	NaN	0.3952
772	773	en	yor	challenge_SSA-MTE	hyp1	News	NaN	0.3338
773	774	en	yor	challenge_SSA-MTE	hyp1	News	NaN	0.4128
774	775	en	yor	challenge_SSA-MTE	hyp1	News	NaN	0.3573
775	776	en	yor	challenge_SSA-MTE	hyp1	News	NaN	0.3288
776	777	en	yor	challenge_SSA-MTE	hyp1	News	NaN	0.3809
777	778	en	yor	challenge_SSA-MTE	hyp1	News	NaN	0.4083
778	779	en	yor	challenge_SSA-MTE	hyp1	News	NaN	0.5075
779	780	en	yor	challenge_SSA-MTE	hyp1	News	NaN	0.3339
780	781	en	yor	challenge_SSA-MTE	hyp1	News	NaN	0.5172
781	782	en	yor	challenge_SSA-MTE	hyp1	News	NaN	0.4031
782	783	en	yor	challenge_SSA-MTE	hyp1	News	NaN	0.3778
783	784	en	yor	challenge_SSA-MTE	hyp1	News	NaN	0.3634
784	785	en	yor	challenge_SSA-MTE	hyp1	News	NaN	0.3102
785	786	en	yor	challenge_SSA-MTE	hyp1	News	NaN	0.3515
786	787	en	yor	challenge_SSA-MTE	hyp1	News	NaN	0.2887
787	788	en	yor	challenge_SSA-MTE	hyp1	News	NaN	0.3736
788	789	en	yor	challenge_SSA-MTE	hyp1	News	NaN	0.4020
789	790	en	yor	challenge_SSA-MTE	hyp1	News	NaN	0.3653
790	791	en	yor	challenge_SSA-MTE	hyp1	News	NaN	0.4444
791	792	en	yor	challenge_SSA-MTE	hyp1	News	NaN	0.3990
792	793	en	yor	challenge_SSA-MTE	hyp1	News	NaN	0.3992
793	794	en	yor	challenge_SSA-MTE	hyp1	News	NaN	0.3550
794	795	en	yor	challenge_SSA-MTE	hyp1	News	NaN	0.3855
795	796	en	yor	challenge_SSA-MTE	hyp1	News	NaN	0.3539
796	797	en	yor	challenge_SSA-MTE	hyp1	News	NaN	0.3734
797	798	en	yor	challenge_SSA-MTE	hyp1	News	NaN	0.3558
798	799	en	yor	challenge_SSA-MTE	hyp1	News	NaN	0.3075
799	800	en	yor	challenge_SSA-MTE	hyp1	News	NaN	0.3761
800	801	en	yor	challenge_SSA-MTE	hyp1	News	NaN	0.4100
801	802	en	yor	challenge_SSA-MTE	hyp1	News	NaN	0.3824
802	803	en	yor	challenge_SSA-MTE	hyp1	News	NaN	0.3794
803	804	en	yor	challenge_SSA-MTE	hyp1	News	NaN	0.3711
804	805	en	yor	challenge_SSA-MTE	hyp1	News	NaN	0.3665
805	806	en	yor	challenge_SSA-MTE	hyp1	News	NaN	0.4523
806	807	en	yor	challenge_SSA-MTE	hyp1	News	NaN	0.3096
807	808	en	yor	challenge_SSA-MTE	hyp1	News	NaN	0.3787
808	809	en	yor	challenge_SSA-MTE	hyp1	News	NaN	0.2885
809	810	en	yor	challenge_SSA-MTE	hyp1	News	NaN	0.2987
810	811	en	yor	challenge_SSA-MTE	hyp1	News	NaN	0.3869
811	812	en	yor	challenge_SSA-MTE	hyp1	News	NaN	0.2936
812	813	en	yor	challenge_SSA-MTE	hyp1	News	NaN	0.3125
813	814	en	yor	challenge_SSA-MTE	hyp1	News	NaN	0.3877
814	815	en	yor	challenge_SSA-MTE	hyp1	News	NaN	0.4588
815	816	en	yor	challenge_SSA-MTE	hyp1	News	NaN	0.3533
816	817	en	yor	challenge_SSA-MTE	hyp1	News	NaN	0.3781
817	818	en	yor	challenge_SSA-MTE	hyp1	News	NaN	0.3799
818	819	en	yor	challenge_SSA-MTE	hyp1	News	NaN	0.3301
819	820	en	yor	challenge_SSA-MTE	hyp1	News	NaN	0.2450
820	821	en	yor	challenge_SSA-MTE	hyp1	News	NaN	0.2990
821	822	en	yor	challenge_SSA-MTE	hyp1	News	NaN	0.3375
822	823	en	yor	challenge_SSA-MTE	hyp1	News	NaN	0.2559
823	824	en	yor	challenge_SSA-MTE	hyp1	News	NaN	0.3213
824	825	en	yor	challenge_SSA-MTE	hyp1	News	NaN	0.3148
825	826	en	yor	challenge_SSA-MTE	hyp1	News	NaN	0.3018
826	827	en	yor	challenge_SSA-MTE	hyp1	News	NaN	0.3841
827	828	en	yor	challenge_SSA-MTE	hyp1	News	NaN	0.3227
828	829	en	yor	challenge_SSA-MTE	hyp1	News	NaN	0.3608
829	830	en	yor	challenge_SSA-MTE	hyp1	News	NaN	0.3298
830	831	en	yor	challenge_SSA-MTE	hyp1	News	NaN	0.3546
831	832	en	yor	challenge_SSA-MTE	hyp1	News	NaN	0.3726
832	833	en	yor	challenge_SSA-MTE	hyp1	News	NaN	0.3225
833	834	en	yor	challenge_SSA-MTE	hyp1	News	NaN	0.4510
834	835	en	yor	challenge_SSA-MTE	hyp1	News	NaN	0.3938
835	836	en	yor	challenge_SSA-MTE	hyp1	News	NaN	0.4114
836	837	en	yor	challenge_SSA-MTE	hyp1	News	NaN	0.3311
837	838	en	yor	challenge_SSA-MTE	hyp1	News	NaN	0.4610
838	839	en	yor	challenge_SSA-MTE	hyp1	News	NaN	0.3687
839	840	en	yor	challenge_SSA-MTE	hyp1	News	NaN	0.2622
840	841	en	yor	challenge_SSA-MTE	hyp1	News	NaN	0.2967
841	842	en	yor	challenge_SSA-MTE	hyp1	News	NaN	0.3459
842	843	en	yor	challenge_SSA-MTE	hyp1	News	NaN	0.2981
843	844	en	yor	challenge_SSA-MTE	hyp1	News	NaN	0.3689
844	845	en	yor	challenge_SSA-MTE	hyp1	News	NaN	0.2447
845	846	en	yor	challenge_SSA-MTE	hyp1	News	NaN	0.4354
846	847	en	yor	challenge_SSA-MTE	hyp1	News	NaN	0.4391
847	848	en	yor	challenge_SSA-MTE	hyp1	News	NaN	0.4011
848	849	en	yor	challenge_SSA-MTE	hyp1	News	NaN	0.3126
849	850	en	yor	challenge_SSA-MTE	hyp1	News	NaN	0.3670
850	851	en	yor	challenge_SSA-MTE	hyp1	News	NaN	0.3662
851	852	en	yor	challenge_SSA-MTE	hyp1	News	NaN	0.3562
852	853	en	yor	challenge_SSA-MTE	hyp1	News	NaN	0.3656
853	854	en	yor	challenge_SSA-MTE	hyp1	News	NaN	0.3802
854	855	en	yor	challenge_SSA-MTE	hyp1	News	NaN	0.3191
855	856	en	yor	challenge_SSA-MTE	hyp1	News	NaN	0.3655
856	857	en	yor	challenge_SSA-MTE	hyp1	News	NaN	0.3799
857	858	en	yor	challenge_SSA-MTE	hyp1	News	NaN	0.3882
858	859	en	yor	challenge_SSA-MTE	hyp1	News	NaN	0.3467
859	860	en	yor	challenge_SSA-MTE	hyp1	News	NaN	0.4082
860	861	en	yor	challenge_SSA-MTE	hyp1	News	NaN	0.3266
861	862	en	yor	challenge_SSA-MTE	hyp1	News	NaN	0.3801
862	863	en	yor	challenge_SSA-MTE	hyp1	News	NaN	0.3323
863	864	en	yor	challenge_SSA-MTE	hyp1	News	NaN	0.3115
864	865	en	yor	challenge_SSA-MTE	hyp1	News	NaN	0.3211
865	866	en	yor	challenge_SSA-MTE	hyp1	News	NaN	0.3089
866	867	en	yor	challenge_SSA-MTE	hyp1	News	NaN	0.3024
867	868	en	yor	challenge_SSA-MTE	hyp1	News	NaN	0.2986
868	869	en	yor	challenge_SSA-MTE	hyp1	News	NaN	0.2975
869	870	en	yor	challenge_SSA-MTE	hyp1	News	NaN	0.4991
870	871	en	yor	challenge_SSA-MTE	hyp1	News	NaN	0.5112
871	872	en	yor	challenge_SSA-MTE	hyp1	News	NaN	0.4503
872	873	en	yor	challenge_SSA-MTE	hyp1	News	NaN	0.2917
873	874	en	yor	challenge_SSA-MTE	hyp1	News	NaN	0.4418
874	875	en	yor	challenge_SSA-MTE	hyp1	News	NaN	0.5174
875	876	en	yor	challenge_SSA-MTE	hyp1	News	NaN	0.3644
876	877	en	yor	challenge_SSA-MTE	hyp1	News	NaN	0.3390
877	878	en	yor	challenge_SSA-MTE	hyp1	News	NaN	0.3291
878	879	en	yor	challenge_SSA-MTE	hyp1	News	NaN	0.3479
879	880	en	yor	challenge_SSA-MTE	hyp1	News	NaN	0.3522
880	881	en	yor	challenge_SSA-MTE	hyp1	News	NaN	0.3148
881	882	en	yor	challenge_SSA-MTE	hyp1	News	NaN	0.3467
882	883	en	yor	challenge_SSA-MTE	hyp1	News	NaN	0.3521
883	884	en	yor	challenge_SSA-MTE	hyp1	News	NaN	0.3501
884	885	en	yor	challenge_SSA-MTE	hyp1	News	NaN	0.3812
885	886	en	yor	challenge_SSA-MTE	hyp1	News	NaN	0.3573
886	887	en	yor	challenge_SSA-MTE	hyp1	News	NaN	0.2794
887	888	en	yor	challenge_SSA-MTE	hyp1	News	NaN	0.3425
888	889	en	yor	challenge_SSA-MTE	hyp1	News	NaN	0.2921
889	890	en	yor	challenge_SSA-MTE	hyp1	News	NaN	0.2888
890	891	en	yor	challenge_SSA-MTE	hyp1	News	NaN	0.3071
891	892	en	yor	challenge_SSA-MTE	hyp1	News	NaN	0.3016
892	893	en	yor	challenge_SSA-MTE	hyp1	News	NaN	0.4454
893	894	en	yor	challenge_SSA-MTE	hyp1	News	NaN	0.3345
894	895	en	yor	challenge_SSA-MTE	hyp1	News	NaN	0.4237
895	896	en	yor	challenge_SSA-MTE	hyp1	News	NaN	0.3374
896	897	en	yor	challenge_SSA-MTE	hyp1	News	NaN	0.2964
897	898	en	yor	challenge_SSA-MTE	hyp1	News	NaN	0.2786
898	899	en	yor	challenge_SSA-MTE	hyp1	News	NaN	0.3150
899	900	en	yor	challenge_SSA-MTE	hyp1	News	NaN	0.2844
900	901	en	yor	challenge_SSA-MTE	hyp1	News	NaN	0.3341
901	902	en	yor	challenge_SSA-MTE	hyp1	News	NaN	0.2726
902	903	en	yor	challenge_SSA-MTE	hyp1	News	NaN	0.2660
903	904	en	yor	challenge_SSA-MTE	hyp1	News	NaN	0.3686
904	905	en	yor	challenge_SSA-MTE	hyp1	News	NaN	0.3055
905	906	en	yor	challenge_SSA-MTE	hyp1	News	NaN	0.3156
906	907	en	yor	challenge_SSA-MTE	hyp1	News	NaN	0.3847
907	908	en	yor	challenge_SSA-MTE	hyp1	News	NaN	0.2995
908	909	en	yor	challenge_SSA-MTE	hyp1	News	NaN	0.3579
909	910	en	yor	challenge_SSA-MTE	hyp1	News	NaN	0.2652
910	911	en	yor	challenge_SSA-MTE	hyp1	News	NaN	0.3619
911	912	en	yor	challenge_SSA-MTE	hyp1	News	NaN	0.2896
912	913	en	yor	challenge_SSA-MTE	hyp1	News	NaN	0.3486
913	914	en	yor	challenge_SSA-MTE	hyp1	News	NaN	0.2772
914	915	en	yor	challenge_SSA-MTE	hyp1	News	NaN	0.3692
915	916	en	yor	challenge_SSA-MTE	hyp1	News	NaN	0.3334
916	917	en	yor	challenge_SSA-MTE	hyp1	News	NaN	0.3315
917	918	en	yor	challenge_SSA-MTE	hyp1	News	NaN	0.3244
918	919	en	yor	challenge_SSA-MTE	hyp1	News	NaN	0.4317
919	920	en	yor	challenge_SSA-MTE	hyp1	News	NaN	0.3929
920	921	en	yor	challenge_SSA-MTE	hyp1	News	NaN	0.3416
921	922	en	yor	challenge_SSA-MTE	hyp1	News	NaN	0.3811
922	923	en	yor	challenge_SSA-MTE	hyp1	News	NaN	0.3500
923	924	en	yor	challenge_SSA-MTE	hyp1	News	NaN	0.3503
924	925	en	yor	challenge_SSA-MTE	hyp1	News	NaN	0.2906
925	926	en	yor	challenge_SSA-MTE	hyp1	News	NaN	0.3183
926	927	en	yor	challenge_SSA-MTE	hyp1	News	NaN	0.3717
927	928	en	yor	challenge_SSA-MTE	hyp1	News	NaN	0.3694
928	929	en	yor	challenge_SSA-MTE	hyp1	News	NaN	0.4350
929	930	en	yor	challenge_SSA-MTE	hyp1	News	NaN	0.3821
930	931	en	yor	challenge_SSA-MTE	hyp1	News	NaN	0.3438
931	932	en	yor	challenge_SSA-MTE	hyp1	News	NaN	0.3524
932	933	en	yor	challenge_SSA-MTE	hyp1	News	NaN	0.3421
933	934	en	yor	challenge_SSA-MTE	hyp1	News	NaN	0.4357
934	935	en	yor	challenge_SSA-MTE	hyp1	News	NaN	0.3529
935	936	en	yor	challenge_SSA-MTE	hyp1	News	NaN	0.3776
936	937	en	yor	challenge_SSA-MTE	hyp1	News	NaN	0.3419
937	938	en	yor	challenge_SSA-MTE	hyp1	News	NaN	0.3850
938	939	en	yor	challenge_SSA-MTE	hyp1	News	NaN	0.3766
939	940	en	yor	challenge_SSA-MTE	hyp1	News	NaN	0.3921
940	941	en	yor	challenge_SSA-MTE	hyp1	News	NaN	0.3725
941	942	en	yor	challenge_SSA-MTE	hyp1	News	NaN	0.3356
942	943	en	yor	challenge_SSA-MTE	hyp1	News	NaN	0.3183
943	944	en	yor	challenge_SSA-MTE	hyp1	News	NaN	0.4317
944	945	en	yor	challenge_SSA-MTE	hyp1	News	NaN	0.4799
945	946	en	yor	challenge_SSA-MTE	hyp1	News	NaN	0.4577
946	947	en	yor	challenge_SSA-MTE	hyp1	News	NaN	0.4101
947	948	en	yor	challenge_SSA-MTE	hyp1	News	NaN	0.4337
948	949	en	yor	challenge_SSA-MTE	hyp1	News	NaN	0.3772
949	950	en	yor	challenge_SSA-MTE	hyp1	News	NaN	0.2295
950	951	en	yor	challenge_SSA-MTE	hyp1	News	NaN	0.2595
951	952	en	yor	challenge_SSA-MTE	hyp1	News	NaN	0.3119
952	953	en	yor	challenge_SSA-MTE	hyp1	News	NaN	0.2788
953	954	en	yor	challenge_SSA-MTE	hyp1	News	NaN	0.3577
954	955	en	yor	challenge_SSA-MTE	hyp1	News	NaN	0.2140
955	956	en	yor	challenge_SSA-MTE	hyp1	News	NaN	0.3707
956	957	en	yor	challenge_SSA-MTE	hyp1	News	NaN	0.3237
957	958	en	yor	challenge_SSA-MTE	hyp1	News	NaN	0.3214
958	959	en	yor	challenge_SSA-MTE	hyp1	News	NaN	0.3228
959	960	en	yor	challenge_SSA-MTE	hyp1	News	NaN	0.3439
960	961	en	yor	challenge_SSA-MTE	hyp1	News	NaN	0.3852
961	962	en	yor	challenge_SSA-MTE	hyp1	News	NaN	0.3689
962	963	en	yor	challenge_SSA-MTE	hyp1	News	NaN	0.3836
963	964	en	yor	challenge_SSA-MTE	hyp1	News	NaN	0.3177
964	965	en	yor	challenge_SSA-MTE	hyp1	News	NaN	0.3971
965	966	en	yor	challenge_SSA-MTE	hyp1	News	NaN	0.3810
966	967	en	yor	challenge_SSA-MTE	hyp1	News	NaN	0.3843
967	968	en	yor	challenge_SSA-MTE	hyp1	News	NaN	0.4124
968	969	en	yor	challenge_SSA-MTE	hyp1	News	NaN	0.4112
969	970	en	yor	challenge_SSA-MTE	hyp1	News	NaN	0.4335
970	971	en	yor	challenge_SSA-MTE	hyp1	News	NaN	0.3961
971	972	en	yor	challenge_SSA-MTE	hyp1	News	NaN	0.3904
972	973	en	yor	challenge_SSA-MTE	hyp1	News	NaN	0.3860
973	974	en	yor	challenge_SSA-MTE	hyp1	News	NaN	0.3553
974	975	en	yor	challenge_SSA-MTE	hyp1	News	NaN	0.4598
975	976	en	yor	challenge_SSA-MTE	hyp1	News	NaN	0.3445
976	977	en	yor	challenge_SSA-MTE	hyp1	News	NaN	0.4809
977	978	en	yor	challenge_SSA-MTE	hyp1	News	NaN	0.3629
978	979	en	yor	challenge_SSA-MTE	hyp1	News	NaN	0.3788
979	980	en	yor	challenge_SSA-MTE	hyp1	News	NaN	0.3183
980	981	en	yor	challenge_SSA-MTE	hyp1	News	NaN	0.3423
981	982	en	yor	challenge_SSA-MTE	hyp1	News	NaN	0.3017
982	983	en	yor	challenge_SSA-MTE	hyp1	News	NaN	0.3753
983	984	en	yor	challenge_SSA-MTE	hyp1	News	NaN	0.3318
984	985	en	yor	challenge_SSA-MTE	hyp1	News	NaN	0.3656
985	986	en	yor	challenge_SSA-MTE	hyp1	News	NaN	0.3562
986	987	en	yor	challenge_SSA-MTE	hyp1	News	NaN	0.2737
987	988	en	yor	challenge_SSA-MTE	hyp1	News	NaN	0.3375
988	989	en	yor	challenge_SSA-MTE	hyp1	News	NaN	0.3834
989	990	en	yor	challenge_SSA-MTE	hyp1	News	NaN	0.4340
990	991	en	yor	challenge_SSA-MTE	hyp1	News	NaN	0.3440
991	992	en	yor	challenge_SSA-MTE	hyp1	News	NaN	0.4387
992	993	en	yor	challenge_SSA-MTE	hyp1	News	NaN	0.3723
993	994	en	yor	challenge_SSA-MTE	hyp1	News	NaN	0.2701
994	995	en	yor	challenge_SSA-MTE	hyp1	News	NaN	0.4260
995	996	en	yor	challenge_SSA-MTE	hyp1	News	NaN	0.3244
996	997	en	yor	challenge_SSA-MTE	hyp1	News	NaN	0.3908
997	998	en	yor	challenge_SSA-MTE	hyp1	News	NaN	0.4281
998	999	en	yor	challenge_SSA-MTE	hyp1	News	NaN	0.3551
999	1000	en	yor	challenge_SSA-MTE	hyp1	News	NaN	0.3866
1000	1001	en	yor	challenge_SSA-MTE	hyp1	News	NaN	0.4124
1001	1002	en	yor	challenge_SSA-MTE	hyp1	News	NaN	0.4004
1002	1003	en	yor	challenge_SSA-MTE	hyp1	News	NaN	0.3381
1003	1004	en	yor	challenge_SSA-MTE	hyp1	News	NaN	0.3211
1004	1005	en	yor	challenge_SSA-MTE	hyp1	News	NaN	0.3247
1005	1006	en	yor	challenge_SSA-MTE	hyp1	News	NaN	0.3884
1006	1007	en	yor	challenge_SSA-MTE	hyp1	News	NaN	0.2692
1007	1008	en	yor	challenge_SSA-MTE	hyp1	News	NaN	0.3571
1008	1009	en	yor	challenge_SSA-MTE	hyp1	News	NaN	0.4509
1009	1010	en	yor	challenge_SSA-MTE	hyp1	News	NaN	0.4029
1010	1011	en	yor	challenge_SSA-MTE	hyp1	News	NaN	0.3959
1011	1012	en	yor	challenge_SSA-MTE	hyp1	News	NaN	0.3724
1012	1013	en	yor	challenge_SSA-MTE	hyp1	News	NaN	0.3799
1013	1014	en	yor	challenge_SSA-MTE	hyp1	News	NaN	0.4093
1014	1015	en	yor	challenge_SSA-MTE	hyp1	News	NaN	0.2973
1015	1016	en	yor	challenge_SSA-MTE	hyp1	News	NaN	0.3742
1016	1017	en	yor	challenge_SSA-MTE	hyp1	News	NaN	0.4262
1017	1018	en	yor	challenge_SSA-MTE	hyp1	News	NaN	0.3168
1018	1019	en	yor	challenge_SSA-MTE	hyp1	News	NaN	0.3763
1019	1020	en	yor	challenge_SSA-MTE	hyp1	News	NaN	0.2682
1020	1021	en	yor	challenge_SSA-MTE	hyp1	News	NaN	0.4513
1021	1022	en	yor	challenge_SSA-MTE	hyp1	News	NaN	0.4250
1022	1023	en	yor	challenge_SSA-MTE	hyp1	News	NaN	0.5346
1023	1024	en	yor	challenge_SSA-MTE	hyp1	News	NaN	0.4495
1024	1025	en	yor	challenge_SSA-MTE	hyp1	News	NaN	0.5681
1025	1026	en	yor	challenge_SSA-MTE	hyp1	News	NaN	0.4675
1026	1027	en	yor	challenge_SSA-MTE	hyp1	News	NaN	0.3966
1027	1028	en	yor	challenge_SSA-MTE	hyp1	News	NaN	0.3378
1028	1029	en	yor	challenge_SSA-MTE	hyp1	News	NaN	0.3887
1029	1030	en	yor	challenge_SSA-MTE	hyp1	News	NaN	0.3443
1030	1031	en	yor	challenge_SSA-MTE	hyp1	News	NaN	0.3998
1031	1032	en	yor	challenge_SSA-MTE	hyp1	News	NaN	0.3238
1032	1033	en	yor	challenge_SSA-MTE	hyp1	News	NaN	0.3204
1033	1034	en	yor	challenge_SSA-MTE	hyp1	News	NaN	0.4216
1034	1035	en	yor	challenge_SSA-MTE	hyp1	News	NaN	0.4206
1035	1036	en	yor	challenge_SSA-MTE	hyp1	News	NaN	0.4349
1036	1037	en	yor	challenge_SSA-MTE	hyp1	News	NaN	0.4657
1037	1038	en	yor	challenge_SSA-MTE	hyp1	News	NaN	0.3694
1038	1039	en	yor	challenge_SSA-MTE	hyp1	News	NaN	0.2925
1039	1040	en	yor	challenge_SSA-MTE	hyp1	News	NaN	0.3483
1040	1041	en	yor	challenge_SSA-MTE	hyp1	News	NaN	0.3569
1041	1042	en	yor	challenge_SSA-MTE	hyp1	News	NaN	0.3480
1042	1043	en	yor	challenge_SSA-MTE	hyp1	News	NaN	0.3815
1043	1044	en	yor	challenge_SSA-MTE	hyp1	News	NaN	0.3244
1044	1045	en	yor	challenge_SSA-MTE	hyp1	News	NaN	0.3302
1045	1046	en	yor	challenge_SSA-MTE	hyp1	News	NaN	0.3546
1046	1047	en	yor	challenge_SSA-MTE	hyp1	News	NaN	0.3647
1047	1048	en	yor	challenge_SSA-MTE	hyp1	News	NaN	0.3177
1048	1049	en	yor	challenge_SSA-MTE	hyp1	News	NaN	0.3553
1049	1050	en	yor	challenge_SSA-MTE	hyp1	News	NaN	0.3224
1050	1051	en	yor	challenge_SSA-MTE	hyp1	News	NaN	0.3640
1051	1052	en	yor	challenge_SSA-MTE	hyp1	News	NaN	0.4039
1052	1053	en	yor	challenge_SSA-MTE	hyp1	News	NaN	0.3514
1053	1054	en	yor	challenge_SSA-MTE	hyp1	News	NaN	0.3265
1054	1055	en	yor	challenge_SSA-MTE	hyp1	News	NaN	0.4041
1055	1056	en	yor	challenge_SSA-MTE	hyp1	News	NaN	0.3654
1056	1057	en	yor	challenge_SSA-MTE	hyp1	News	NaN	0.4055
1057	1058	en	yor	challenge_SSA-MTE	hyp1	News	NaN	0.4191
1058	1059	en	yor	challenge_SSA-MTE	hyp1	News	NaN	0.4295
1059	1060	en	yor	challenge_SSA-MTE	hyp1	News	NaN	0.3537
1060	1061	en	yor	challenge_SSA-MTE	hyp1	News	NaN	0.3830
1061	1062	en	yor	challenge_SSA-MTE	hyp1	News	NaN	0.4433
1062	1063	en	yor	challenge_SSA-MTE	hyp1	News	NaN	0.3459
1063	1064	en	yor	challenge_SSA-MTE	hyp1	News	NaN	0.3279
1064	1065	en	yor	challenge_SSA-MTE	hyp1	News	NaN	0.4193
1065	1066	en	yor	challenge_SSA-MTE	hyp1	News	NaN	0.3128
1066	1067	en	yor	challenge_SSA-MTE	hyp1	News	NaN	0.3756
1067	1068	en	yor	challenge_SSA-MTE	hyp1	News	NaN	0.2638
1068	1069	en	yor	challenge_SSA-MTE	hyp1	News	NaN	0.2939
1069	1070	en	yor	challenge_SSA-MTE	hyp1	News	NaN	0.3668
1070	1071	en	yor	challenge_SSA-MTE	hyp1	News	NaN	0.3543
1071	1072	en	yor	challenge_SSA-MTE	hyp1	News	NaN	0.3408
1072	1073	en	yor	challenge_SSA-MTE	hyp1	News	NaN	0.4267
1073	1074	en	yor	challenge_SSA-MTE	hyp1	News	NaN	0.3964
1074	1075	en	yor	challenge_SSA-MTE	hyp1	News	NaN	0.3249
1075	1076	en	yor	challenge_SSA-MTE	hyp1	News	NaN	0.3672
1076	1077	en	yor	challenge_SSA-MTE	hyp1	News	NaN	0.3739
1077	1078	en	yor	challenge_SSA-MTE	hyp1	News	NaN	0.3224
1078	1079	en	yor	challenge_SSA-MTE	hyp1	News	NaN	0.3653
1079	1080	en	yor	challenge_SSA-MTE	hyp1	News	NaN	0.2941
1080	1081	en	yor	challenge_SSA-MTE	hyp1	News	NaN	0.2778
1081	1082	en	yor	challenge_SSA-MTE	hyp1	News	NaN	0.3533
1082	1083	en	yor	challenge_SSA-MTE	hyp1	News	NaN	0.4172
1083	1084	en	yor	challenge_SSA-MTE	hyp1	News	NaN	0.2576
1084	1085	en	yor	challenge_SSA-MTE	hyp1	News	NaN	0.3742
1085	1086	en	yor	challenge_SSA-MTE	hyp1	News	NaN	0.4603
1086	1087	en	yor	challenge_SSA-MTE	hyp1	News	NaN	0.3030
1087	1088	en	yor	challenge_SSA-MTE	hyp1	News	NaN	0.3656
1088	1089	en	yor	challenge_SSA-MTE	hyp1	News	NaN	0.3923
1089	1090	en	yor	challenge_SSA-MTE	hyp1	News	NaN	0.3532
1090	1091	en	yor	challenge_SSA-MTE	hyp1	News	NaN	0.4037
1091	1092	en	yor	challenge_SSA-MTE	hyp1	News	NaN	0.3490
1092	1093	en	yor	challenge_SSA-MTE	hyp1	News	NaN	0.3169
1093	1094	en	yor	challenge_SSA-MTE	hyp1	News	NaN	0.3499
1094	1095	en	yor	challenge_SSA-MTE	hyp1	News	NaN	0.2789
1095	1096	en	yor	challenge_SSA-MTE	hyp1	News	NaN	0.3606
1096	1097	en	yor	challenge_SSA-MTE	hyp1	News	NaN	0.3473
1097	1098	en	yor	challenge_SSA-MTE	hyp1	News	NaN	0.3418
1098	1099	en	yor	challenge_SSA-MTE	hyp1	News	NaN	0.4615
1099	1100	en	yor	challenge_SSA-MTE	hyp1	News	NaN	0.4231
1100	1101	en	yor	challenge_SSA-MTE	hyp1	News	NaN	0.3785
1101	1102	en	yor	challenge_SSA-MTE	hyp1	News	NaN	0.4278
1102	1103	en	yor	challenge_SSA-MTE	hyp1	News	NaN	0.3662
1103	1104	en	yor	challenge_SSA-MTE	hyp1	News	NaN	0.4072
1104	1105	en	yor	challenge_SSA-MTE	hyp1	News	NaN	0.4396
1105	1106	en	yor	challenge_SSA-MTE	hyp1	News	NaN	0.4685
1106	1107	en	yor	challenge_SSA-MTE	hyp1	News	NaN	0.3620
1107	1108	en	yor	challenge_SSA-MTE	hyp1	News	NaN	0.3556
1108	1109	en	yor	challenge_SSA-MTE	hyp1	News	NaN	0.3266
1109	1110	en	yor	challenge_SSA-MTE	hyp1	News	NaN	0.3498
1110	1111	en	yor	challenge_SSA-MTE	hyp1	News	NaN	0.3497
1111	1112	en	yor	challenge_SSA-MTE	hyp1	News	NaN	0.3111
1112	1113	en	yor	challenge_SSA-MTE	hyp1	News	NaN	0.3511
1113	1114	en	yor	challenge_SSA-MTE	hyp1	News	NaN	0.3071
1114	1115	en	yor	challenge_SSA-MTE	hyp1	News	NaN	0.3253
1115	1116	en	yor	challenge_SSA-MTE	hyp1	News	NaN	0.3392
1116	1117	en	yor	challenge_SSA-MTE	hyp1	News	NaN	0.3157
1117	1118	en	yor	challenge_SSA-MTE	hyp1	News	NaN	0.3570
1118	1119	en	yor	challenge_SSA-MTE	hyp1	News	NaN	0.3829
1119	1120	en	yor	challenge_SSA-MTE	hyp1	News	NaN	0.3479
1120	1121	en	yor	challenge_SSA-MTE	hyp1	News	NaN	0.3688
1121	1122	en	yor	challenge_SSA-MTE	hyp1	News	NaN	0.2967
1122	1123	en	yor	challenge_SSA-MTE	hyp1	News	NaN	0.4036
1123	1124	en	yor	challenge_SSA-MTE	hyp1	News	NaN	0.3656
1124	1125	en	yor	challenge_SSA-MTE	hyp1	News	NaN	0.4466
1125	1126	en	yor	challenge_SSA-MTE	hyp1	News	NaN	0.4269
1126	1127	en	yor	challenge_SSA-MTE	hyp1	News	NaN	0.3736
1127	1128	en	yor	challenge_SSA-MTE	hyp1	News	NaN	0.4125
1128	1129	en	yor	challenge_SSA-MTE	hyp1	News	NaN	0.3820
1129	1130	en	yor	challenge_SSA-MTE	hyp1	News	NaN	0.3851
1130	1131	en	yor	challenge_SSA-MTE	hyp1	News	NaN	0.3910
1131	1132	en	yor	challenge_SSA-MTE	hyp1	News	NaN	0.3604
1132	1133	en	yor	challenge_SSA-MTE	hyp1	News	NaN	0.3534
1133	1134	en	yor	challenge_SSA-MTE	hyp1	News	NaN	0.3704
1134	1135	en	yor	challenge_SSA-MTE	hyp1	News	NaN	0.3495
1135	1136	en	yor	challenge_SSA-MTE	hyp1	News	NaN	0.3820
1136	1137	en	yor	challenge_SSA-MTE	hyp1	News	NaN	0.4403
1137	1138	en	yor	challenge_SSA-MTE	hyp1	News	NaN	0.3238
1138	1139	en	yor	challenge_SSA-MTE	hyp1	News	NaN	0.3297
1139	1140	en	yor	challenge_SSA-MTE	hyp1	News	NaN	0.3639
1140	1141	en	yor	challenge_SSA-MTE	hyp1	News	NaN	0.3549
1141	1142	en	yor	challenge_SSA-MTE	hyp1	News	NaN	0.4113
1142	1143	en	yor	challenge_SSA-MTE	hyp1	News	NaN	0.2958
1143	1144	en	yor	challenge_SSA-MTE	hyp1	News	NaN	0.4474
1144	1145	en	yor	challenge_SSA-MTE	hyp1	News	NaN	0.3317
1145	1146	en	yor	challenge_SSA-MTE	hyp1	News	NaN	0.4054
1146	1147	en	yor	challenge_SSA-MTE	hyp1	News	NaN	0.3479
1147	1148	en	yor	challenge_SSA-MTE	hyp1	News	NaN	0.3911
1148	1149	en	yor	challenge_SSA-MTE	hyp1	News	NaN	0.3541
1149	1150	en	yor	challenge_SSA-MTE	hyp1	News	NaN	0.3674
1150	1151	en	yor	challenge_SSA-MTE	hyp1	News	NaN	0.4039
1151	1152	en	yor	challenge_SSA-MTE	hyp1	News	NaN	0.3515
1152	1153	en	yor	challenge_SSA-MTE	hyp1	News	NaN	0.3194
1153	1154	en	yor	challenge_SSA-MTE	hyp1	News	NaN	0.3881
1154	1155	en	yor	challenge_SSA-MTE	hyp1	News	NaN	0.3239
1155	1156	en	yor	challenge_SSA-MTE	hyp1	News	NaN	0.2832
1156	1157	en	yor	challenge_SSA-MTE	hyp1	News	NaN	0.3442
1157	1158	en	yor	challenge_SSA-MTE	hyp1	News	NaN	0.3632
1158	1159	en	yor	challenge_SSA-MTE	hyp1	News	NaN	0.3107
1159	1160	en	yor	challenge_SSA-MTE	hyp1	News	NaN	0.3341
1160	1161	en	yor	challenge_SSA-MTE	hyp1	News	NaN	0.2792
1161	1162	en	yor	challenge_SSA-MTE	hyp1	News	NaN	0.3200
1162	1163	en	yor	challenge_SSA-MTE	hyp1	News	NaN	0.3109
1163	1164	en	yor	challenge_SSA-MTE	hyp1	News	NaN	0.3194
1164	1165	en	yor	challenge_SSA-MTE	hyp1	News	NaN	0.3735
1165	1166	en	yor	challenge_SSA-MTE	hyp1	News	NaN	0.2959
1166	1167	en	yor	challenge_SSA-MTE	hyp1	News	NaN	0.4185
1167	1168	en	yor	challenge_SSA-MTE	hyp1	News	NaN	0.3745
1168	1169	en	yor	challenge_SSA-MTE	hyp1	News	NaN	0.4079
1169	1170	en	yor	challenge_SSA-MTE	hyp1	News	NaN	0.3256
1170	1171	en	yor	challenge_SSA-MTE	hyp1	News	NaN	0.2551
1171	1172	en	yor	challenge_SSA-MTE	hyp1	News	NaN	0.2821
1172	1173	en	yor	challenge_SSA-MTE	hyp1	News	NaN	0.2703
1173	1174	en	yor	challenge_SSA-MTE	hyp1	News	NaN	0.3073
1174	1175	en	yor	challenge_SSA-MTE	hyp1	News	NaN	0.3021
1175	1176	en	yor	challenge_SSA-MTE	hyp1	News	NaN	0.3250
1176	1177	en	yor	challenge_SSA-MTE	hyp1	News	NaN	0.3118
1177	1178	en	yor	challenge_SSA-MTE	hyp1	News	NaN	0.3352
1178	1179	en	yor	challenge_SSA-MTE	hyp1	News	NaN	0.3843
1179	1180	en	yor	challenge_SSA-MTE	hyp1	News	NaN	0.4725
1180	1181	en	yor	challenge_SSA-MTE	hyp1	News	NaN	0.3221
1181	1182	en	yor	challenge_SSA-MTE	hyp1	News	NaN	0.4520
1182	1183	en	yor	challenge_SSA-MTE	hyp1	News	NaN	0.3457
1183	1184	en	yor	challenge_SSA-MTE	hyp1	News	NaN	0.3421
1184	1185	en	yor	challenge_SSA-MTE	hyp1	News	NaN	0.3471
1185	1186	en	yor	challenge_SSA-MTE	hyp1	News	NaN	0.4030
1186	1187	en	yor	challenge_SSA-MTE	hyp1	News	NaN	0.3489
1187	1188	en	yor	challenge_SSA-MTE	hyp1	News	NaN	0.3792
1188	1189	en	yor	challenge_SSA-MTE	hyp1	News	NaN	0.3428
1189	1190	en	yor	challenge_SSA-MTE	hyp1	News	NaN	0.2935
1190	1191	en	yor	challenge_SSA-MTE	hyp1	News	NaN	0.3763
1191	1192	en	yor	challenge_SSA-MTE	hyp1	News	NaN	0.3249
1192	1193	en	yor	challenge_SSA-MTE	hyp1	News	NaN	0.3395
1193	1194	en	yor	challenge_SSA-MTE	hyp1	News	NaN	0.3667
1194	1195	en	yor	challenge_SSA-MTE	hyp1	News	NaN	0.3093
1195	1196	en	yor	challenge_SSA-MTE	hyp1	News	NaN	0.3267
1196	1197	en	yor	challenge_SSA-MTE	hyp1	News	NaN	0.2860
1197	1198	en	yor	challenge_SSA-MTE	hyp1	News	NaN	0.3475
1198	1199	en	yor	challenge_SSA-MTE	hyp1	News	NaN	0.3727
1199	1200	en	yor	challenge_SSA-MTE	hyp1	News	NaN	0.3363
1200	1201	en	yor	challenge_SSA-MTE	hyp1	News	NaN	0.2797
1201	1202	en	yor	challenge_SSA-MTE	hyp1	News	NaN	0.3047
1202	1203	en	yor	challenge_SSA-MTE	hyp1	News	NaN	0.3778
1203	1204	en	yor	challenge_SSA-MTE	hyp1	News	NaN	0.3438
1204	1205	en	yor	challenge_SSA-MTE	hyp1	News	NaN	0.3179
1205	1206	en	yor	challenge_SSA-MTE	hyp1	News	NaN	0.5027
0	1	fr	ewe	challenge_SSA-MTE	hyp1	News	NaN	0.3136
1	2	fr	ewe	challenge_SSA-MTE	hyp1	News	NaN	0.2898
2	3	fr	ewe	challenge_SSA-MTE	hyp1	News	NaN	0.3121
3	4	fr	ewe	challenge_SSA-MTE	hyp1	News	NaN	0.2804
4	5	fr	ewe	challenge_SSA-MTE	hyp1	News	NaN	0.3271
5	6	fr	ewe	challenge_SSA-MTE	hyp1	News	NaN	0.3659
6	7	fr	ewe	challenge_SSA-MTE	hyp1	News	NaN	0.3279
7	8	fr	ewe	challenge_SSA-MTE	hyp1	News	NaN	0.3390
8	9	fr	ewe	challenge_SSA-MTE	hyp1	News	NaN	0.3331
9	10	fr	ewe	challenge_SSA-MTE	hyp1	News	NaN	0.3603
10	11	fr	ewe	challenge_SSA-MTE	hyp1	News	NaN	0.3377
11	12	fr	ewe	challenge_SSA-MTE	hyp1	News	NaN	0.2932
12	13	fr	ewe	challenge_SSA-MTE	hyp1	News	NaN	0.3500
13	14	fr	ewe	challenge_SSA-MTE	hyp1	News	NaN	0.3671
14	15	fr	ewe	challenge_SSA-MTE	hyp1	News	NaN	0.3054
15	16	fr	ewe	challenge_SSA-MTE	hyp1	News	NaN	0.3083
16	17	fr	ewe	challenge_SSA-MTE	hyp1	News	NaN	0.3391
17	18	fr	ewe	challenge_SSA-MTE	hyp1	News	NaN	0.3433
18	19	fr	ewe	challenge_SSA-MTE	hyp1	News	NaN	0.3263
19	20	fr	ewe	challenge_SSA-MTE	hyp1	News	NaN	0.3205
20	21	fr	ewe	challenge_SSA-MTE	hyp1	News	NaN	0.2719
21	22	fr	ewe	challenge_SSA-MTE	hyp1	News	NaN	0.2804
22	23	fr	ewe	challenge_SSA-MTE	hyp1	News	NaN	0.3654
23	24	fr	ewe	challenge_SSA-MTE	hyp1	News	NaN	0.2909
24	25	fr	ewe	challenge_SSA-MTE	hyp1	News	NaN	0.6635
25	26	fr	ewe	challenge_SSA-MTE	hyp1	News	NaN	0.2896
26	27	fr	ewe	challenge_SSA-MTE	hyp1	News	NaN	0.3066
27	28	fr	ewe	challenge_SSA-MTE	hyp1	News	NaN	0.3107
28	29	fr	ewe	challenge_SSA-MTE	hyp1	News	NaN	0.4289
29	30	fr	ewe	challenge_SSA-MTE	hyp1	News	NaN	0.2480
30	31	fr	ewe	challenge_SSA-MTE	hyp1	News	NaN	0.3840
31	32	fr	ewe	challenge_SSA-MTE	hyp1	News	NaN	0.4296
32	33	fr	ewe	challenge_SSA-MTE	hyp1	News	NaN	0.4034
33	34	fr	ewe	challenge_SSA-MTE	hyp1	News	NaN	0.3947
34	35	fr	ewe	challenge_SSA-MTE	hyp1	News	NaN	0.3986
35	36	fr	ewe	challenge_SSA-MTE	hyp1	News	NaN	0.3385
36	37	fr	ewe	challenge_SSA-MTE	hyp1	News	NaN	0.4340
37	38	fr	ewe	challenge_SSA-MTE	hyp1	News	NaN	0.3238
38	39	fr	ewe	challenge_SSA-MTE	hyp1	News	NaN	0.2929
39	40	fr	ewe	challenge_SSA-MTE	hyp1	News	NaN	0.3316
40	41	fr	ewe	challenge_SSA-MTE	hyp1	News	NaN	0.3584
41	42	fr	ewe	challenge_SSA-MTE	hyp1	News	NaN	0.2911
42	43	fr	ewe	challenge_SSA-MTE	hyp1	News	NaN	0.2735
43	44	fr	ewe	challenge_SSA-MTE	hyp1	News	NaN	0.2003
44	45	fr	ewe	challenge_SSA-MTE	hyp1	News	NaN	0.3820
45	46	fr	ewe	challenge_SSA-MTE	hyp1	News	NaN	0.3714
46	47	fr	ewe	challenge_SSA-MTE	hyp1	News	NaN	0.3538
47	48	fr	ewe	challenge_SSA-MTE	hyp1	News	NaN	0.3637
48	49	fr	ewe	challenge_SSA-MTE	hyp1	News	NaN	0.3909
49	50	fr	ewe	challenge_SSA-MTE	hyp1	News	NaN	0.4428
50	51	fr	ewe	challenge_SSA-MTE	hyp1	News	NaN	0.3267
51	52	fr	ewe	challenge_SSA-MTE	hyp1	News	NaN	0.4352
52	53	fr	ewe	challenge_SSA-MTE	hyp1	News	NaN	0.4263
53	54	fr	ewe	challenge_SSA-MTE	hyp1	News	NaN	0.3553
54	55	fr	ewe	challenge_SSA-MTE	hyp1	News	NaN	0.3244
55	56	fr	ewe	challenge_SSA-MTE	hyp1	News	NaN	0.3640
56	57	fr	ewe	challenge_SSA-MTE	hyp1	News	NaN	0.3630
57	58	fr	ewe	challenge_SSA-MTE	hyp1	News	NaN	0.3772
58	59	fr	ewe	challenge_SSA-MTE	hyp1	News	NaN	0.4356
59	60	fr	ewe	challenge_SSA-MTE	hyp1	News	NaN	0.3160
60	61	fr	ewe	challenge_SSA-MTE	hyp1	News	NaN	0.3284
61	62	fr	ewe	challenge_SSA-MTE	hyp1	News	NaN	0.3339
62	63	fr	ewe	challenge_SSA-MTE	hyp1	News	NaN	0.3142
63	64	fr	ewe	challenge_SSA-MTE	hyp1	News	NaN	0.3359
64	65	fr	ewe	challenge_SSA-MTE	hyp1	News	NaN	0.2970
65	66	fr	ewe	challenge_SSA-MTE	hyp1	News	NaN	0.3064
66	67	fr	ewe	challenge_SSA-MTE	hyp1	News	NaN	0.3402
67	68	fr	ewe	challenge_SSA-MTE	hyp1	News	NaN	0.3441
68	69	fr	ewe	challenge_SSA-MTE	hyp1	News	NaN	0.4086
69	70	fr	ewe	challenge_SSA-MTE	hyp1	News	NaN	0.3154
70	71	fr	ewe	challenge_SSA-MTE	hyp1	News	NaN	0.4056
71	72	fr	ewe	challenge_SSA-MTE	hyp1	News	NaN	0.3184
72	73	fr	ewe	challenge_SSA-MTE	hyp1	News	NaN	0.4076
73	74	fr	ewe	challenge_SSA-MTE	hyp1	News	NaN	0.2993
74	75	fr	ewe	challenge_SSA-MTE	hyp1	News	NaN	0.2544
75	76	fr	ewe	challenge_SSA-MTE	hyp1	News	NaN	0.3143
76	77	fr	ewe	challenge_SSA-MTE	hyp1	News	NaN	0.3504
77	78	fr	ewe	challenge_SSA-MTE	hyp1	News	NaN	0.3005
78	79	fr	ewe	challenge_SSA-MTE	hyp1	News	NaN	0.3322
79	80	fr	ewe	challenge_SSA-MTE	hyp1	News	NaN	0.3415
80	81	fr	ewe	challenge_SSA-MTE	hyp1	News	NaN	0.3280
81	82	fr	ewe	challenge_SSA-MTE	hyp1	News	NaN	0.3496
82	83	fr	ewe	challenge_SSA-MTE	hyp1	News	NaN	0.3330
83	84	fr	ewe	challenge_SSA-MTE	hyp1	News	NaN	0.4130
84	85	fr	ewe	challenge_SSA-MTE	hyp1	News	NaN	0.3158
85	86	fr	ewe	challenge_SSA-MTE	hyp1	News	NaN	0.3448
86	87	fr	ewe	challenge_SSA-MTE	hyp1	News	NaN	0.3287
87	88	fr	ewe	challenge_SSA-MTE	hyp1	News	NaN	0.3036
88	89	fr	ewe	challenge_SSA-MTE	hyp1	News	NaN	0.3106
89	90	fr	ewe	challenge_SSA-MTE	hyp1	News	NaN	0.3170
90	91	fr	ewe	challenge_SSA-MTE	hyp1	News	NaN	0.2958
91	92	fr	ewe	challenge_SSA-MTE	hyp1	News	NaN	0.3148
92	93	fr	ewe	challenge_SSA-MTE	hyp1	News	NaN	0.3067
93	94	fr	ewe	challenge_SSA-MTE	hyp1	News	NaN	0.3181
94	95	fr	ewe	challenge_SSA-MTE	hyp1	News	NaN	0.2516
95	96	fr	ewe	challenge_SSA-MTE	hyp1	News	NaN	0.2677
96	97	fr	ewe	challenge_SSA-MTE	hyp1	News	NaN	0.2270
97	98	fr	ewe	challenge_SSA-MTE	hyp1	News	NaN	0.2553
98	99	fr	ewe	challenge_SSA-MTE	hyp1	News	NaN	0.2385
99	100	fr	ewe	challenge_SSA-MTE	hyp1	News	NaN	0.3748
100	101	fr	ewe	challenge_SSA-MTE	hyp1	News	NaN	0.3996
101	102	fr	ewe	challenge_SSA-MTE	hyp1	News	NaN	0.4100
102	103	fr	ewe	challenge_SSA-MTE	hyp1	News	NaN	0.4006
103	104	fr	ewe	challenge_SSA-MTE	hyp1	News	NaN	0.3970
104	105	fr	ewe	challenge_SSA-MTE	hyp1	News	NaN	0.3667
105	106	fr	ewe	challenge_SSA-MTE	hyp1	News	NaN	0.3026
106	107	fr	ewe	challenge_SSA-MTE	hyp1	News	NaN	0.4067
107	108	fr	ewe	challenge_SSA-MTE	hyp1	News	NaN	0.4134
108	109	fr	ewe	challenge_SSA-MTE	hyp1	News	NaN	0.2309
109	110	fr	ewe	challenge_SSA-MTE	hyp1	News	NaN	0.2795
110	111	fr	ewe	challenge_SSA-MTE	hyp1	News	NaN	0.2754
111	112	fr	ewe	challenge_SSA-MTE	hyp1	News	NaN	0.2350
112	113	fr	ewe	challenge_SSA-MTE	hyp1	News	NaN	0.2847
113	114	fr	ewe	challenge_SSA-MTE	hyp1	News	NaN	0.2782
114	115	fr	ewe	challenge_SSA-MTE	hyp1	News	NaN	0.3580
115	116	fr	ewe	challenge_SSA-MTE	hyp1	News	NaN	0.3411
116	117	fr	ewe	challenge_SSA-MTE	hyp1	News	NaN	0.2853
117	118	fr	ewe	challenge_SSA-MTE	hyp1	News	NaN	0.2988
118	119	fr	ewe	challenge_SSA-MTE	hyp1	News	NaN	0.2760
119	120	fr	ewe	challenge_SSA-MTE	hyp1	News	NaN	0.3160
120	121	fr	ewe	challenge_SSA-MTE	hyp1	News	NaN	0.2678
121	122	fr	ewe	challenge_SSA-MTE	hyp1	News	NaN	0.3113
122	123	fr	ewe	challenge_SSA-MTE	hyp1	News	NaN	0.3420
123	124	fr	ewe	challenge_SSA-MTE	hyp1	News	NaN	0.3398
124	125	fr	ewe	challenge_SSA-MTE	hyp1	News	NaN	0.2515
125	126	fr	ewe	challenge_SSA-MTE	hyp1	News	NaN	0.2918
126	127	fr	ewe	challenge_SSA-MTE	hyp1	News	NaN	0.2750
127	128	fr	ewe	challenge_SSA-MTE	hyp1	News	NaN	0.3055
128	129	fr	ewe	challenge_SSA-MTE	hyp1	News	NaN	0.2878
129	130	fr	ewe	challenge_SSA-MTE	hyp1	News	NaN	0.3022
130	131	fr	ewe	challenge_SSA-MTE	hyp1	News	NaN	0.2790
131	132	fr	ewe	challenge_SSA-MTE	hyp1	News	NaN	0.2750
132	133	fr	ewe	challenge_SSA-MTE	hyp1	News	NaN	0.2692
133	134	fr	ewe	challenge_SSA-MTE	hyp1	News	NaN	0.2748
134	135	fr	ewe	challenge_SSA-MTE	hyp1	News	NaN	0.2993
135	136	fr	ewe	challenge_SSA-MTE	hyp1	News	NaN	0.2871
136	137	fr	ewe	challenge_SSA-MTE	hyp1	News	NaN	0.2839
137	138	fr	ewe	challenge_SSA-MTE	hyp1	News	NaN	0.2711
138	139	fr	ewe	challenge_SSA-MTE	hyp1	News	NaN	0.3115
139	140	fr	ewe	challenge_SSA-MTE	hyp1	News	NaN	0.3149
140	141	fr	ewe	challenge_SSA-MTE	hyp1	News	NaN	0.3351
141	142	fr	ewe	challenge_SSA-MTE	hyp1	News	NaN	0.3815
142	143	fr	ewe	challenge_SSA-MTE	hyp1	News	NaN	0.3861
143	144	fr	ewe	challenge_SSA-MTE	hyp1	News	NaN	0.4048
144	145	fr	ewe	challenge_SSA-MTE	hyp1	News	NaN	0.3926
145	146	fr	ewe	challenge_SSA-MTE	hyp1	News	NaN	0.3598
146	147	fr	ewe	challenge_SSA-MTE	hyp1	News	NaN	0.3503
147	148	fr	ewe	challenge_SSA-MTE	hyp1	News	NaN	0.3866
148	149	fr	ewe	challenge_SSA-MTE	hyp1	News	NaN	0.3461
149	150	fr	ewe	challenge_SSA-MTE	hyp1	News	NaN	0.3566
150	151	fr	ewe	challenge_SSA-MTE	hyp1	News	NaN	0.4461
151	152	fr	ewe	challenge_SSA-MTE	hyp1	News	NaN	0.2312
152	153	fr	ewe	challenge_SSA-MTE	hyp1	News	NaN	0.2920
153	154	fr	ewe	challenge_SSA-MTE	hyp1	News	NaN	0.3192
154	155	fr	ewe	challenge_SSA-MTE	hyp1	News	NaN	0.3376
155	156	fr	ewe	challenge_SSA-MTE	hyp1	News	NaN	0.3127
156	157	fr	ewe	challenge_SSA-MTE	hyp1	News	NaN	0.3127
157	158	fr	ewe	challenge_SSA-MTE	hyp1	News	NaN	0.2843
158	159	fr	ewe	challenge_SSA-MTE	hyp1	News	NaN	0.3173
159	160	fr	ewe	challenge_SSA-MTE	hyp1	News	NaN	0.3098
160	161	fr	ewe	challenge_SSA-MTE	hyp1	News	NaN	0.3226
161	162	fr	ewe	challenge_SSA-MTE	hyp1	News	NaN	0.3075
162	163	fr	ewe	challenge_SSA-MTE	hyp1	News	NaN	0.3304
163	164	fr	ewe	challenge_SSA-MTE	hyp1	News	NaN	0.2994
164	165	fr	ewe	challenge_SSA-MTE	hyp1	News	NaN	0.2905
165	166	fr	ewe	challenge_SSA-MTE	hyp1	News	NaN	0.3154
166	167	fr	ewe	challenge_SSA-MTE	hyp1	News	NaN	0.3094
167	168	fr	ewe	challenge_SSA-MTE	hyp1	News	NaN	0.2957
168	169	fr	ewe	challenge_SSA-MTE	hyp1	News	NaN	0.4119
169	170	fr	ewe	challenge_SSA-MTE	hyp1	News	NaN	0.5052
170	171	fr	ewe	challenge_SSA-MTE	hyp1	News	NaN	0.3303
171	172	fr	ewe	challenge_SSA-MTE	hyp1	News	NaN	0.2886
172	173	fr	ewe	challenge_SSA-MTE	hyp1	News	NaN	0.3495
173	174	fr	ewe	challenge_SSA-MTE	hyp1	News	NaN	0.3344
174	175	fr	ewe	challenge_SSA-MTE	hyp1	News	NaN	0.3766
175	176	fr	ewe	challenge_SSA-MTE	hyp1	News	NaN	0.3570
176	177	fr	ewe	challenge_SSA-MTE	hyp1	News	NaN	0.2762
177	178	fr	ewe	challenge_SSA-MTE	hyp1	News	NaN	0.2891
178	179	fr	ewe	challenge_SSA-MTE	hyp1	News	NaN	0.3248
179	180	fr	ewe	challenge_SSA-MTE	hyp1	News	NaN	0.3494
180	181	fr	ewe	challenge_SSA-MTE	hyp1	News	NaN	0.3561
181	182	fr	ewe	challenge_SSA-MTE	hyp1	News	NaN	0.3371
182	183	fr	ewe	challenge_SSA-MTE	hyp1	News	NaN	0.3580
183	184	fr	ewe	challenge_SSA-MTE	hyp1	News	NaN	0.3519
184	185	fr	ewe	challenge_SSA-MTE	hyp1	News	NaN	0.3143
185	186	fr	ewe	challenge_SSA-MTE	hyp1	News	NaN	0.3202
186	187	fr	ewe	challenge_SSA-MTE	hyp1	News	NaN	0.3274
187	188	fr	ewe	challenge_SSA-MTE	hyp1	News	NaN	0.3503
188	189	fr	ewe	challenge_SSA-MTE	hyp1	News	NaN	0.2766
189	190	fr	ewe	challenge_SSA-MTE	hyp1	News	NaN	0.2652
190	191	fr	ewe	challenge_SSA-MTE	hyp1	News	NaN	0.2869
191	192	fr	ewe	challenge_SSA-MTE	hyp1	News	NaN	0.2548
192	193	fr	ewe	challenge_SSA-MTE	hyp1	News	NaN	0.3303
193	194	fr	ewe	challenge_SSA-MTE	hyp1	News	NaN	0.2967
194	195	fr	ewe	challenge_SSA-MTE	hyp1	News	NaN	0.2980
195	196	fr	ewe	challenge_SSA-MTE	hyp1	News	NaN	0.2988
196	197	fr	ewe	challenge_SSA-MTE	hyp1	News	NaN	0.3270
197	198	fr	ewe	challenge_SSA-MTE	hyp1	News	NaN	0.3090
198	199	fr	ewe	challenge_SSA-MTE	hyp1	News	NaN	0.3269
199	200	fr	ewe	challenge_SSA-MTE	hyp1	News	NaN	0.3528
200	201	fr	ewe	challenge_SSA-MTE	hyp1	News	NaN	0.2988
201	202	fr	ewe	challenge_SSA-MTE	hyp1	News	NaN	0.3158
202	203	fr	ewe	challenge_SSA-MTE	hyp1	News	NaN	0.2944
203	204	fr	ewe	challenge_SSA-MTE	hyp1	News	NaN	0.2992
204	205	fr	ewe	challenge_SSA-MTE	hyp1	News	NaN	0.3064
205	206	fr	ewe	challenge_SSA-MTE	hyp1	News	NaN	0.3092
206	207	fr	ewe	challenge_SSA-MTE	hyp1	News	NaN	0.2835
207	208	fr	ewe	challenge_SSA-MTE	hyp1	News	NaN	0.3770
208	209	fr	ewe	challenge_SSA-MTE	hyp1	News	NaN	0.3690
209	210	fr	ewe	challenge_SSA-MTE	hyp1	News	NaN	0.3663
210	211	fr	ewe	challenge_SSA-MTE	hyp1	News	NaN	0.3283
211	212	fr	ewe	challenge_SSA-MTE	hyp1	News	NaN	0.3287
212	213	fr	ewe	challenge_SSA-MTE	hyp1	News	NaN	0.3276
213	214	fr	ewe	challenge_SSA-MTE	hyp1	News	NaN	0.3401
214	215	fr	ewe	challenge_SSA-MTE	hyp1	News	NaN	0.3156
215	216	fr	ewe	challenge_SSA-MTE	hyp1	News	NaN	0.3744
216	217	fr	ewe	challenge_SSA-MTE	hyp1	News	NaN	0.3225
217	218	fr	ewe	challenge_SSA-MTE	hyp1	News	NaN	0.3286
218	219	fr	ewe	challenge_SSA-MTE	hyp1	News	NaN	0.3146
219	220	fr	ewe	challenge_SSA-MTE	hyp1	News	NaN	0.4158
220	221	fr	ewe	challenge_SSA-MTE	hyp1	News	NaN	0.3465
221	222	fr	ewe	challenge_SSA-MTE	hyp1	News	NaN	0.3023
222	223	fr	ewe	challenge_SSA-MTE	hyp1	News	NaN	0.2760
223	224	fr	ewe	challenge_SSA-MTE	hyp1	News	NaN	0.3187
224	225	fr	ewe	challenge_SSA-MTE	hyp1	News	NaN	0.3058
225	226	fr	ewe	challenge_SSA-MTE	hyp1	News	NaN	0.3065
226	227	fr	ewe	challenge_SSA-MTE	hyp1	News	NaN	0.2877
227	228	fr	ewe	challenge_SSA-MTE	hyp1	News	NaN	0.3008
228	229	fr	ewe	challenge_SSA-MTE	hyp1	News	NaN	0.3130
229	230	fr	ewe	challenge_SSA-MTE	hyp1	News	NaN	0.4072
230	231	fr	ewe	challenge_SSA-MTE	hyp1	News	NaN	0.3156
231	232	fr	ewe	challenge_SSA-MTE	hyp1	News	NaN	0.3144
232	233	fr	ewe	challenge_SSA-MTE	hyp1	News	NaN	0.3909
233	234	fr	ewe	challenge_SSA-MTE	hyp1	News	NaN	0.3313
234	235	fr	ewe	challenge_SSA-MTE	hyp1	News	NaN	0.3271
235	236	fr	ewe	challenge_SSA-MTE	hyp1	News	NaN	0.2928
236	237	fr	ewe	challenge_SSA-MTE	hyp1	News	NaN	0.3224
237	238	fr	ewe	challenge_SSA-MTE	hyp1	News	NaN	0.3124
238	239	fr	ewe	challenge_SSA-MTE	hyp1	News	NaN	0.2862
239	240	fr	ewe	challenge_SSA-MTE	hyp1	News	NaN	0.2860
240	241	fr	ewe	challenge_SSA-MTE	hyp1	News	NaN	0.2804
241	242	fr	ewe	challenge_SSA-MTE	hyp1	News	NaN	0.4298
242	243	fr	ewe	challenge_SSA-MTE	hyp1	News	NaN	0.4227
243	244	fr	ewe	challenge_SSA-MTE	hyp1	News	NaN	0.4417
244	245	fr	ewe	challenge_SSA-MTE	hyp1	News	NaN	0.4323
245	246	fr	ewe	challenge_SSA-MTE	hyp1	News	NaN	0.4397
246	247	fr	ewe	challenge_SSA-MTE	hyp1	News	NaN	0.3224
247	248	fr	ewe	challenge_SSA-MTE	hyp1	News	NaN	0.3110
248	249	fr	ewe	challenge_SSA-MTE	hyp1	News	NaN	0.3111
249	250	fr	ewe	challenge_SSA-MTE	hyp1	News	NaN	0.3207
250	251	fr	ewe	challenge_SSA-MTE	hyp1	News	NaN	0.3821
251	252	fr	ewe	challenge_SSA-MTE	hyp1	News	NaN	0.3191
252	253	fr	ewe	challenge_SSA-MTE	hyp1	News	NaN	0.3989
253	254	fr	ewe	challenge_SSA-MTE	hyp1	News	NaN	0.4242
254	255	fr	ewe	challenge_SSA-MTE	hyp1	News	NaN	0.3928
255	256	fr	ewe	challenge_SSA-MTE	hyp1	News	NaN	0.2749
256	257	fr	ewe	challenge_SSA-MTE	hyp1	News	NaN	0.2972
257	258	fr	ewe	challenge_SSA-MTE	hyp1	News	NaN	0.3334
258	259	fr	ewe	challenge_SSA-MTE	hyp1	News	NaN	0.3068
259	260	fr	ewe	challenge_SSA-MTE	hyp1	News	NaN	0.3357
260	261	fr	ewe	challenge_SSA-MTE	hyp1	News	NaN	0.3075
261	262	fr	ewe	challenge_SSA-MTE	hyp1	News	NaN	0.3274
262	263	fr	ewe	challenge_SSA-MTE	hyp1	News	NaN	0.3767
263	264	fr	ewe	challenge_SSA-MTE	hyp1	News	NaN	0.3309
264	265	fr	ewe	challenge_SSA-MTE	hyp1	News	NaN	0.4038
265	266	fr	ewe	challenge_SSA-MTE	hyp1	News	NaN	0.3923
266	267	fr	ewe	challenge_SSA-MTE	hyp1	News	NaN	0.3558
267	268	fr	ewe	challenge_SSA-MTE	hyp1	News	NaN	0.2774
268	269	fr	ewe	challenge_SSA-MTE	hyp1	News	NaN	0.3570
269	270	fr	ewe	challenge_SSA-MTE	hyp1	News	NaN	0.3594
270	271	fr	ewe	challenge_SSA-MTE	hyp1	News	NaN	0.3691
271	272	fr	ewe	challenge_SSA-MTE	hyp1	News	NaN	0.2919
272	273	fr	ewe	challenge_SSA-MTE	hyp1	News	NaN	0.2839
273	274	fr	ewe	challenge_SSA-MTE	hyp1	News	NaN	0.2975
274	275	fr	ewe	challenge_SSA-MTE	hyp1	News	NaN	0.3383
275	276	fr	ewe	challenge_SSA-MTE	hyp1	News	NaN	0.3645
276	277	fr	ewe	challenge_SSA-MTE	hyp1	News	NaN	0.3620
277	278	fr	ewe	challenge_SSA-MTE	hyp1	News	NaN	0.3482
278	279	fr	ewe	challenge_SSA-MTE	hyp1	News	NaN	0.3289
279	280	fr	ewe	challenge_SSA-MTE	hyp1	News	NaN	0.4053
280	281	fr	ewe	challenge_SSA-MTE	hyp1	News	NaN	0.3438
281	282	fr	ewe	challenge_SSA-MTE	hyp1	News	NaN	0.3359
282	283	fr	ewe	challenge_SSA-MTE	hyp1	News	NaN	0.3189
283	284	fr	ewe	challenge_SSA-MTE	hyp1	News	NaN	0.3502
284	285	fr	ewe	challenge_SSA-MTE	hyp1	News	NaN	0.3529
285	286	fr	ewe	challenge_SSA-MTE	hyp1	News	NaN	0.4199
286	287	fr	ewe	challenge_SSA-MTE	hyp1	News	NaN	0.2534
287	288	fr	ewe	challenge_SSA-MTE	hyp1	News	NaN	0.2953
288	289	fr	ewe	challenge_SSA-MTE	hyp1	News	NaN	0.3531
289	290	fr	ewe	challenge_SSA-MTE	hyp1	News	NaN	0.3906
290	291	fr	ewe	challenge_SSA-MTE	hyp1	News	NaN	0.3644
291	292	fr	ewe	challenge_SSA-MTE	hyp1	News	NaN	0.3399
292	293	fr	ewe	challenge_SSA-MTE	hyp1	News	NaN	0.2872
293	294	fr	ewe	challenge_SSA-MTE	hyp1	News	NaN	0.3973
294	295	fr	ewe	challenge_SSA-MTE	hyp1	News	NaN	0.3457
295	296	fr	ewe	challenge_SSA-MTE	hyp1	News	NaN	0.3326
296	297	fr	ewe	challenge_SSA-MTE	hyp1	News	NaN	0.3690
297	298	fr	ewe	challenge_SSA-MTE	hyp1	News	NaN	0.3652
298	299	fr	ewe	challenge_SSA-MTE	hyp1	News	NaN	0.3578
299	300	fr	ewe	challenge_SSA-MTE	hyp1	News	NaN	0.3052
300	301	fr	ewe	challenge_SSA-MTE	hyp1	News	NaN	0.3257
301	302	fr	ewe	challenge_SSA-MTE	hyp1	News	NaN	0.3342
302	303	fr	ewe	challenge_SSA-MTE	hyp1	News	NaN	0.3213
303	304	fr	ewe	challenge_SSA-MTE	hyp1	News	NaN	0.3648
304	305	fr	ewe	challenge_SSA-MTE	hyp1	News	NaN	0.3759
305	306	fr	ewe	challenge_SSA-MTE	hyp1	News	NaN	0.3965
306	307	fr	ewe	challenge_SSA-MTE	hyp1	News	NaN	0.3453
307	308	fr	ewe	challenge_SSA-MTE	hyp1	News	NaN	0.3443
308	309	fr	ewe	challenge_SSA-MTE	hyp1	News	NaN	0.3332
309	310	fr	ewe	challenge_SSA-MTE	hyp1	News	NaN	0.3591
310	311	fr	ewe	challenge_SSA-MTE	hyp1	News	NaN	0.2796
311	312	fr	ewe	challenge_SSA-MTE	hyp1	News	NaN	0.3830
312	313	fr	ewe	challenge_SSA-MTE	hyp1	News	NaN	0.3829
313	314	fr	ewe	challenge_SSA-MTE	hyp1	News	NaN	0.3119
314	315	fr	ewe	challenge_SSA-MTE	hyp1	News	NaN	0.2876
315	316	fr	ewe	challenge_SSA-MTE	hyp1	News	NaN	0.3106
316	317	fr	ewe	challenge_SSA-MTE	hyp1	News	NaN	0.3285
317	318	fr	ewe	challenge_SSA-MTE	hyp1	News	NaN	0.3525
318	319	fr	ewe	challenge_SSA-MTE	hyp1	News	NaN	0.3254
319	320	fr	ewe	challenge_SSA-MTE	hyp1	News	NaN	0.3066
320	321	fr	ewe	challenge_SSA-MTE	hyp1	News	NaN	0.4139
321	322	fr	ewe	challenge_SSA-MTE	hyp1	News	NaN	0.2916
322	323	fr	ewe	challenge_SSA-MTE	hyp1	News	NaN	0.3141
323	324	fr	ewe	challenge_SSA-MTE	hyp1	News	NaN	0.3147
324	325	fr	ewe	challenge_SSA-MTE	hyp1	News	NaN	0.3163
325	326	fr	ewe	challenge_SSA-MTE	hyp1	News	NaN	0.3488
326	327	fr	ewe	challenge_SSA-MTE	hyp1	News	NaN	0.3974
327	328	fr	ewe	challenge_SSA-MTE	hyp1	News	NaN	0.3404
328	329	fr	ewe	challenge_SSA-MTE	hyp1	News	NaN	0.3670
329	330	fr	ewe	challenge_SSA-MTE	hyp1	News	NaN	0.3273
330	331	fr	ewe	challenge_SSA-MTE	hyp1	News	NaN	0.2815
331	332	fr	ewe	challenge_SSA-MTE	hyp1	News	NaN	0.3120
332	333	fr	ewe	challenge_SSA-MTE	hyp1	News	NaN	0.3245
333	334	fr	ewe	challenge_SSA-MTE	hyp1	News	NaN	0.3100
334	335	fr	ewe	challenge_SSA-MTE	hyp1	News	NaN	0.3466
335	336	fr	ewe	challenge_SSA-MTE	hyp1	News	NaN	0.3363
336	337	fr	ewe	challenge_SSA-MTE	hyp1	News	NaN	0.3417
337	338	fr	ewe	challenge_SSA-MTE	hyp1	News	NaN	0.3913
338	339	fr	ewe	challenge_SSA-MTE	hyp1	News	NaN	0.3503
339	340	fr	ewe	challenge_SSA-MTE	hyp1	News	NaN	0.3182
340	341	fr	ewe	challenge_SSA-MTE	hyp1	News	NaN	0.2875
341	342	fr	ewe	challenge_SSA-MTE	hyp1	News	NaN	0.2974
342	343	fr	ewe	challenge_SSA-MTE	hyp1	News	NaN	0.3142
343	344	fr	ewe	challenge_SSA-MTE	hyp1	News	NaN	0.2772
344	345	fr	ewe	challenge_SSA-MTE	hyp1	News	NaN	0.3044
345	346	fr	ewe	challenge_SSA-MTE	hyp1	News	NaN	0.2838
346	347	fr	ewe	challenge_SSA-MTE	hyp1	News	NaN	0.2886
347	348	fr	ewe	challenge_SSA-MTE	hyp1	News	NaN	0.2841
348	349	fr	ewe	challenge_SSA-MTE	hyp1	News	NaN	0.3191
349	350	fr	ewe	challenge_SSA-MTE	hyp1	News	NaN	0.2458
350	351	fr	ewe	challenge_SSA-MTE	hyp1	News	NaN	0.3325
351	352	fr	ewe	challenge_SSA-MTE	hyp1	News	NaN	0.2780
352	353	fr	ewe	challenge_SSA-MTE	hyp1	News	NaN	0.3858
353	354	fr	ewe	challenge_SSA-MTE	hyp1	News	NaN	0.3115
354	355	fr	ewe	challenge_SSA-MTE	hyp1	News	NaN	0.3029
355	356	fr	ewe	challenge_SSA-MTE	hyp1	News	NaN	0.3177
356	357	fr	ewe	challenge_SSA-MTE	hyp1	News	NaN	0.3210
357	358	fr	ewe	challenge_SSA-MTE	hyp1	News	NaN	0.3058
358	359	fr	ewe	challenge_SSA-MTE	hyp1	News	NaN	0.3587
359	360	fr	ewe	challenge_SSA-MTE	hyp1	News	NaN	0.4005
360	361	fr	ewe	challenge_SSA-MTE	hyp1	News	NaN	0.3838
361	362	fr	ewe	challenge_SSA-MTE	hyp1	News	NaN	0.3635
362	363	fr	ewe	challenge_SSA-MTE	hyp1	News	NaN	0.3182
363	364	fr	ewe	challenge_SSA-MTE	hyp1	News	NaN	0.2704
364	365	fr	ewe	challenge_SSA-MTE	hyp1	News	NaN	0.3300
365	366	fr	ewe	challenge_SSA-MTE	hyp1	News	NaN	0.3259
366	367	fr	ewe	challenge_SSA-MTE	hyp1	News	NaN	0.3082
367	368	fr	ewe	challenge_SSA-MTE	hyp1	News	NaN	0.3224
368	369	fr	ewe	challenge_SSA-MTE	hyp1	News	NaN	0.2821
369	370	fr	ewe	challenge_SSA-MTE	hyp1	News	NaN	0.2723
370	371	fr	ewe	challenge_SSA-MTE	hyp1	News	NaN	0.3150
371	372	fr	ewe	challenge_SSA-MTE	hyp1	News	NaN	0.3010
372	373	fr	ewe	challenge_SSA-MTE	hyp1	News	NaN	0.3115
373	374	fr	ewe	challenge_SSA-MTE	hyp1	News	NaN	0.2836
374	375	fr	ewe	challenge_SSA-MTE	hyp1	News	NaN	0.3375
375	376	fr	ewe	challenge_SSA-MTE	hyp1	News	NaN	0.3298
376	377	fr	ewe	challenge_SSA-MTE	hyp1	News	NaN	0.3307
377	378	fr	ewe	challenge_SSA-MTE	hyp1	News	NaN	0.3751
378	379	fr	ewe	challenge_SSA-MTE	hyp1	News	NaN	0.2613
379	380	fr	ewe	challenge_SSA-MTE	hyp1	News	NaN	0.3809
380	381	fr	ewe	challenge_SSA-MTE	hyp1	News	NaN	0.3537
381	382	fr	ewe	challenge_SSA-MTE	hyp1	News	NaN	0.3883
382	383	fr	ewe	challenge_SSA-MTE	hyp1	News	NaN	0.3577
383	384	fr	ewe	challenge_SSA-MTE	hyp1	News	NaN	0.3386
384	385	fr	ewe	challenge_SSA-MTE	hyp1	News	NaN	0.2973
385	386	fr	ewe	challenge_SSA-MTE	hyp1	News	NaN	0.3495
386	387	fr	ewe	challenge_SSA-MTE	hyp1	News	NaN	0.2655
387	388	fr	ewe	challenge_SSA-MTE	hyp1	News	NaN	0.3163
388	389	fr	ewe	challenge_SSA-MTE	hyp1	News	NaN	0.3539
389	390	fr	ewe	challenge_SSA-MTE	hyp1	News	NaN	0.3146
390	391	fr	ewe	challenge_SSA-MTE	hyp1	News	NaN	0.3319
391	392	fr	ewe	challenge_SSA-MTE	hyp1	News	NaN	0.2989
392	393	fr	ewe	challenge_SSA-MTE	hyp1	News	NaN	0.3362
393	394	fr	ewe	challenge_SSA-MTE	hyp1	News	NaN	0.2927
394	395	fr	ewe	challenge_SSA-MTE	hyp1	News	NaN	0.3156
395	396	fr	ewe	challenge_SSA-MTE	hyp1	News	NaN	0.2671
396	397	fr	ewe	challenge_SSA-MTE	hyp1	News	NaN	0.3135
397	398	fr	ewe	challenge_SSA-MTE	hyp1	News	NaN	0.2984
398	399	fr	ewe	challenge_SSA-MTE	hyp1	News	NaN	0.2756
399	400	fr	ewe	challenge_SSA-MTE	hyp1	News	NaN	0.2758
400	401	fr	ewe	challenge_SSA-MTE	hyp1	News	NaN	0.3016
401	402	fr	ewe	challenge_SSA-MTE	hyp1	News	NaN	0.2763
402	403	fr	ewe	challenge_SSA-MTE	hyp1	News	NaN	0.3212
403	404	fr	ewe	challenge_SSA-MTE	hyp1	News	NaN	0.3376
404	405	fr	ewe	challenge_SSA-MTE	hyp1	News	NaN	0.3653
405	406	fr	ewe	challenge_SSA-MTE	hyp1	News	NaN	0.2646
406	407	fr	ewe	challenge_SSA-MTE	hyp1	News	NaN	0.2697
407	408	fr	ewe	challenge_SSA-MTE	hyp1	News	NaN	0.3199
408	409	fr	ewe	challenge_SSA-MTE	hyp1	News	NaN	0.2912
409	410	fr	ewe	challenge_SSA-MTE	hyp1	News	NaN	0.3731
410	411	fr	ewe	challenge_SSA-MTE	hyp1	News	NaN	0.2691
411	412	fr	ewe	challenge_SSA-MTE	hyp1	News	NaN	0.4048
412	413	fr	ewe	challenge_SSA-MTE	hyp1	News	NaN	0.4145
413	414	fr	ewe	challenge_SSA-MTE	hyp1	News	NaN	0.3506
414	415	fr	ewe	challenge_SSA-MTE	hyp1	News	NaN	0.2834
415	416	fr	ewe	challenge_SSA-MTE	hyp1	News	NaN	0.2891
416	417	fr	ewe	challenge_SSA-MTE	hyp1	News	NaN	0.2995
417	418	fr	ewe	challenge_SSA-MTE	hyp1	News	NaN	0.2941
418	419	fr	ewe	challenge_SSA-MTE	hyp1	News	NaN	0.2943
419	420	fr	ewe	challenge_SSA-MTE	hyp1	News	NaN	0.2984
420	421	fr	ewe	challenge_SSA-MTE	hyp1	News	NaN	0.3080
421	422	fr	ewe	challenge_SSA-MTE	hyp1	News	NaN	0.3091
422	423	fr	ewe	challenge_SSA-MTE	hyp1	News	NaN	0.4077
423	424	fr	ewe	challenge_SSA-MTE	hyp1	News	NaN	0.3209
424	425	fr	ewe	challenge_SSA-MTE	hyp1	News	NaN	0.3305
425	426	fr	ewe	challenge_SSA-MTE	hyp1	News	NaN	0.3543
426	427	fr	ewe	challenge_SSA-MTE	hyp1	News	NaN	0.2566
427	428	fr	ewe	challenge_SSA-MTE	hyp1	News	NaN	0.3415
428	429	fr	ewe	challenge_SSA-MTE	hyp1	News	NaN	0.3651
429	430	fr	ewe	challenge_SSA-MTE	hyp1	News	NaN	0.3195
430	431	fr	ewe	challenge_SSA-MTE	hyp1	News	NaN	0.3340
431	432	fr	ewe	challenge_SSA-MTE	hyp1	News	NaN	0.3202
432	433	fr	ewe	challenge_SSA-MTE	hyp1	News	NaN	0.2562
433	434	fr	ewe	challenge_SSA-MTE	hyp1	News	NaN	0.3102
434	435	fr	ewe	challenge_SSA-MTE	hyp1	News	NaN	0.3104
435	436	fr	ewe	challenge_SSA-MTE	hyp1	News	NaN	0.3584
436	437	fr	ewe	challenge_SSA-MTE	hyp1	News	NaN	0.3200
437	438	fr	ewe	challenge_SSA-MTE	hyp1	News	NaN	0.3183
438	439	fr	ewe	challenge_SSA-MTE	hyp1	News	NaN	0.3058
439	440	fr	ewe	challenge_SSA-MTE	hyp1	News	NaN	0.3000
440	441	fr	ewe	challenge_SSA-MTE	hyp1	News	NaN	0.3164
441	442	fr	ewe	challenge_SSA-MTE	hyp1	News	NaN	0.3035
442	443	fr	ewe	challenge_SSA-MTE	hyp1	News	NaN	0.2959
443	444	fr	ewe	challenge_SSA-MTE	hyp1	News	NaN	0.3381
444	445	fr	ewe	challenge_SSA-MTE	hyp1	News	NaN	0.3131
445	446	fr	ewe	challenge_SSA-MTE	hyp1	News	NaN	0.3336
446	447	fr	ewe	challenge_SSA-MTE	hyp1	News	NaN	0.3127
447	448	fr	ewe	challenge_SSA-MTE	hyp1	News	NaN	0.3324
448	449	fr	ewe	challenge_SSA-MTE	hyp1	News	NaN	0.3175
449	450	fr	ewe	challenge_SSA-MTE	hyp1	News	NaN	0.3323
450	451	fr	ewe	challenge_SSA-MTE	hyp1	News	NaN	0.3595
451	452	fr	ewe	challenge_SSA-MTE	hyp1	News	NaN	0.3558
452	453	fr	ewe	challenge_SSA-MTE	hyp1	News	NaN	0.3263
453	454	fr	ewe	challenge_SSA-MTE	hyp1	News	NaN	0.3541
454	455	fr	ewe	challenge_SSA-MTE	hyp1	News	NaN	0.3401
455	456	fr	ewe	challenge_SSA-MTE	hyp1	News	NaN	0.3639
456	457	fr	ewe	challenge_SSA-MTE	hyp1	News	NaN	0.3162
457	458	fr	ewe	challenge_SSA-MTE	hyp1	News	NaN	0.3286
458	459	fr	ewe	challenge_SSA-MTE	hyp1	News	NaN	0.3146
459	460	fr	ewe	challenge_SSA-MTE	hyp1	News	NaN	0.3197
460	461	fr	ewe	challenge_SSA-MTE	hyp1	News	NaN	0.3386
461	462	fr	ewe	challenge_SSA-MTE	hyp1	News	NaN	0.2900
462	463	fr	ewe	challenge_SSA-MTE	hyp1	News	NaN	0.2891
463	464	fr	ewe	challenge_SSA-MTE	hyp1	News	NaN	0.2963
464	465	fr	ewe	challenge_SSA-MTE	hyp1	News	NaN	0.3014
465	466	fr	ewe	challenge_SSA-MTE	hyp1	News	NaN	0.2578
466	467	fr	ewe	challenge_SSA-MTE	hyp1	News	NaN	0.3887
467	468	fr	ewe	challenge_SSA-MTE	hyp1	News	NaN	0.2582
468	469	fr	ewe	challenge_SSA-MTE	hyp1	News	NaN	0.3626
469	470	fr	ewe	challenge_SSA-MTE	hyp1	News	NaN	0.3701
470	471	fr	ewe	challenge_SSA-MTE	hyp1	News	NaN	0.3692
471	472	fr	ewe	challenge_SSA-MTE	hyp1	News	NaN	0.2903
472	473	fr	ewe	challenge_SSA-MTE	hyp1	News	NaN	0.2607
473	474	fr	ewe	challenge_SSA-MTE	hyp1	News	NaN	0.2631
474	475	fr	ewe	challenge_SSA-MTE	hyp1	News	NaN	0.2941
475	476	fr	ewe	challenge_SSA-MTE	hyp1	News	NaN	0.2970
476	477	fr	ewe	challenge_SSA-MTE	hyp1	News	NaN	0.4154
477	478	fr	ewe	challenge_SSA-MTE	hyp1	News	NaN	0.3857
478	479	fr	ewe	challenge_SSA-MTE	hyp1	News	NaN	0.4059
479	480	fr	ewe	challenge_SSA-MTE	hyp1	News	NaN	0.4344
480	481	fr	ewe	challenge_SSA-MTE	hyp1	News	NaN	0.4437
481	482	fr	ewe	challenge_SSA-MTE	hyp1	News	NaN	0.3078
482	483	fr	ewe	challenge_SSA-MTE	hyp1	News	NaN	0.2755
483	484	fr	ewe	challenge_SSA-MTE	hyp1	News	NaN	0.3002
484	485	fr	ewe	challenge_SSA-MTE	hyp1	News	NaN	0.2822
485	486	fr	ewe	challenge_SSA-MTE	hyp1	News	NaN	0.3241
486	487	fr	ewe	challenge_SSA-MTE	hyp1	News	NaN	0.3211
487	488	fr	ewe	challenge_SSA-MTE	hyp1	News	NaN	0.3385
488	489	fr	ewe	challenge_SSA-MTE	hyp1	News	NaN	0.2822
489	490	fr	ewe	challenge_SSA-MTE	hyp1	News	NaN	0.3123
490	491	fr	ewe	challenge_SSA-MTE	hyp1	News	NaN	0.3242
491	492	fr	ewe	challenge_SSA-MTE	hyp1	News	NaN	0.3378
492	493	fr	ewe	challenge_SSA-MTE	hyp1	News	NaN	0.2658
493	494	fr	ewe	challenge_SSA-MTE	hyp1	News	NaN	0.3207
494	495	fr	ewe	challenge_SSA-MTE	hyp1	News	NaN	0.3217
495	496	fr	ewe	challenge_SSA-MTE	hyp1	News	NaN	0.3179
496	497	fr	ewe	challenge_SSA-MTE	hyp1	News	NaN	0.2631
497	498	fr	ewe	challenge_SSA-MTE	hyp1	News	NaN	0.2984
498	499	fr	ewe	challenge_SSA-MTE	hyp1	News	NaN	0.2855
499	500	fr	ewe	challenge_SSA-MTE	hyp1	News	NaN	0.2594
500	501	fr	ewe	challenge_SSA-MTE	hyp1	News	NaN	0.2999
501	502	fr	ewe	challenge_SSA-MTE	hyp1	News	NaN	0.3084
502	503	fr	ewe	challenge_SSA-MTE	hyp1	News	NaN	0.3097
503	504	fr	ewe	challenge_SSA-MTE	hyp1	News	NaN	0.3134
504	505	fr	ewe	challenge_SSA-MTE	hyp1	News	NaN	0.3145
505	506	fr	ewe	challenge_SSA-MTE	hyp1	News	NaN	0.2969
506	507	fr	ewe	challenge_SSA-MTE	hyp1	News	NaN	0.2722
507	508	fr	ewe	challenge_SSA-MTE	hyp1	News	NaN	0.2686
508	509	fr	ewe	challenge_SSA-MTE	hyp1	News	NaN	0.2978
509	510	fr	ewe	challenge_SSA-MTE	hyp1	News	NaN	0.2869
510	511	fr	ewe	challenge_SSA-MTE	hyp1	News	NaN	0.2511
511	512	fr	ewe	challenge_SSA-MTE	hyp1	News	NaN	0.3408
512	513	fr	ewe	challenge_SSA-MTE	hyp1	News	NaN	0.2995
513	514	fr	ewe	challenge_SSA-MTE	hyp1	News	NaN	0.2716
514	515	fr	ewe	challenge_SSA-MTE	hyp1	News	NaN	0.3052
515	516	fr	ewe	challenge_SSA-MTE	hyp1	News	NaN	0.3641
516	517	fr	ewe	challenge_SSA-MTE	hyp1	News	NaN	0.3252
517	518	fr	ewe	challenge_SSA-MTE	hyp1	News	NaN	0.2948
518	519	fr	ewe	challenge_SSA-MTE	hyp1	News	NaN	0.1949
519	520	fr	ewe	challenge_SSA-MTE	hyp1	News	NaN	0.3046
520	521	fr	ewe	challenge_SSA-MTE	hyp1	News	NaN	0.3359
521	522	fr	ewe	challenge_SSA-MTE	hyp1	News	NaN	0.2851
522	523	fr	ewe	challenge_SSA-MTE	hyp1	News	NaN	0.2914
523	524	fr	ewe	challenge_SSA-MTE	hyp1	News	NaN	0.2760
524	525	fr	ewe	challenge_SSA-MTE	hyp1	News	NaN	0.2769
525	526	fr	ewe	challenge_SSA-MTE	hyp1	News	NaN	0.2924
526	527	fr	ewe	challenge_SSA-MTE	hyp1	News	NaN	0.3363
527	528	fr	ewe	challenge_SSA-MTE	hyp1	News	NaN	0.3650
528	529	fr	ewe	challenge_SSA-MTE	hyp1	News	NaN	0.3523
529	530	fr	ewe	challenge_SSA-MTE	hyp1	News	NaN	0.3420
530	531	fr	ewe	challenge_SSA-MTE	hyp1	News	NaN	0.3518
531	532	fr	ewe	challenge_SSA-MTE	hyp1	News	NaN	0.3154
532	533	fr	ewe	challenge_SSA-MTE	hyp1	News	NaN	0.3087
533	534	fr	ewe	challenge_SSA-MTE	hyp1	News	NaN	0.3335
534	535	fr	ewe	challenge_SSA-MTE	hyp1	News	NaN	0.2928
535	536	fr	ewe	challenge_SSA-MTE	hyp1	News	NaN	0.2983
536	537	fr	ewe	challenge_SSA-MTE	hyp1	News	NaN	0.3680
537	538	fr	ewe	challenge_SSA-MTE	hyp1	News	NaN	0.2844
538	539	fr	ewe	challenge_SSA-MTE	hyp1	News	NaN	0.3166
539	540	fr	ewe	challenge_SSA-MTE	hyp1	News	NaN	0.3330
540	541	fr	ewe	challenge_SSA-MTE	hyp1	News	NaN	0.2915
541	542	fr	ewe	challenge_SSA-MTE	hyp1	News	NaN	0.2908
542	543	fr	ewe	challenge_SSA-MTE	hyp1	News	NaN	0.3209
543	544	fr	ewe	challenge_SSA-MTE	hyp1	News	NaN	0.3315
544	545	fr	ewe	challenge_SSA-MTE	hyp1	News	NaN	0.3197
545	546	fr	ewe	challenge_SSA-MTE	hyp1	News	NaN	0.3441
546	547	fr	ewe	challenge_SSA-MTE	hyp1	News	NaN	0.3116
547	548	fr	ewe	challenge_SSA-MTE	hyp1	News	NaN	0.2537
548	549	fr	ewe	challenge_SSA-MTE	hyp1	News	NaN	0.3094
549	550	fr	ewe	challenge_SSA-MTE	hyp1	News	NaN	0.3933
550	551	fr	ewe	challenge_SSA-MTE	hyp1	News	NaN	0.3398
551	552	fr	ewe	challenge_SSA-MTE	hyp1	News	NaN	0.3238
552	553	fr	ewe	challenge_SSA-MTE	hyp1	News	NaN	0.2432
553	554	fr	ewe	challenge_SSA-MTE	hyp1	News	NaN	0.3507
554	555	fr	ewe	challenge_SSA-MTE	hyp1	News	NaN	0.3232
555	556	fr	ewe	challenge_SSA-MTE	hyp1	News	NaN	0.3172
556	557	fr	ewe	challenge_SSA-MTE	hyp1	News	NaN	0.3002
557	558	fr	ewe	challenge_SSA-MTE	hyp1	News	NaN	0.2541
558	559	fr	ewe	challenge_SSA-MTE	hyp1	News	NaN	0.3029
559	560	fr	ewe	challenge_SSA-MTE	hyp1	News	NaN	0.3226
560	561	fr	ewe	challenge_SSA-MTE	hyp1	News	NaN	0.3497
561	562	fr	ewe	challenge_SSA-MTE	hyp1	News	NaN	0.3681
562	563	fr	ewe	challenge_SSA-MTE	hyp1	News	NaN	0.3693
563	564	fr	ewe	challenge_SSA-MTE	hyp1	News	NaN	0.3648
564	565	fr	ewe	challenge_SSA-MTE	hyp1	News	NaN	0.3747
565	566	fr	ewe	challenge_SSA-MTE	hyp1	News	NaN	0.3211
566	567	fr	ewe	challenge_SSA-MTE	hyp1	News	NaN	0.4045
567	568	fr	ewe	challenge_SSA-MTE	hyp1	News	NaN	0.3515
568	569	fr	ewe	challenge_SSA-MTE	hyp1	News	NaN	0.3635
569	570	fr	ewe	challenge_SSA-MTE	hyp1	News	NaN	0.3908
570	571	fr	ewe	challenge_SSA-MTE	hyp1	News	NaN	0.3788
571	572	fr	ewe	challenge_SSA-MTE	hyp1	News	NaN	0.3417
572	573	fr	ewe	challenge_SSA-MTE	hyp1	News	NaN	0.3410
573	574	fr	ewe	challenge_SSA-MTE	hyp1	News	NaN	0.3339
574	575	fr	ewe	challenge_SSA-MTE	hyp1	News	NaN	0.3490
575	576	fr	ewe	challenge_SSA-MTE	hyp1	News	NaN	0.3582
576	577	fr	ewe	challenge_SSA-MTE	hyp1	News	NaN	0.3285
577	578	fr	ewe	challenge_SSA-MTE	hyp1	News	NaN	0.2909
578	579	fr	ewe	challenge_SSA-MTE	hyp1	News	NaN	0.3539
579	580	fr	ewe	challenge_SSA-MTE	hyp1	News	NaN	0.3182
580	581	fr	ewe	challenge_SSA-MTE	hyp1	News	NaN	0.2973
581	582	fr	ewe	challenge_SSA-MTE	hyp1	News	NaN	0.3661
582	583	fr	ewe	challenge_SSA-MTE	hyp1	News	NaN	0.3449
583	584	fr	ewe	challenge_SSA-MTE	hyp1	News	NaN	0.3646
584	585	fr	ewe	challenge_SSA-MTE	hyp1	News	NaN	0.3617
585	586	fr	ewe	challenge_SSA-MTE	hyp1	News	NaN	0.3448
586	587	fr	ewe	challenge_SSA-MTE	hyp1	News	NaN	0.3679
587	588	fr	ewe	challenge_SSA-MTE	hyp1	News	NaN	0.2903
588	589	fr	ewe	challenge_SSA-MTE	hyp1	News	NaN	0.3626
589	590	fr	ewe	challenge_SSA-MTE	hyp1	News	NaN	0.3630
590	591	fr	ewe	challenge_SSA-MTE	hyp1	News	NaN	0.3660
591	592	fr	ewe	challenge_SSA-MTE	hyp1	News	NaN	0.2951
592	593	fr	ewe	challenge_SSA-MTE	hyp1	News	NaN	0.2768
593	594	fr	ewe	challenge_SSA-MTE	hyp1	News	NaN	0.2808
594	595	fr	ewe	challenge_SSA-MTE	hyp1	News	NaN	0.3103
595	596	fr	ewe	challenge_SSA-MTE	hyp1	News	NaN	0.3311
596	597	fr	ewe	challenge_SSA-MTE	hyp1	News	NaN	0.3203
597	598	fr	ewe	challenge_SSA-MTE	hyp1	News	NaN	0.3059
598	599	fr	ewe	challenge_SSA-MTE	hyp1	News	NaN	0.3395
599	600	fr	ewe	challenge_SSA-MTE	hyp1	News	NaN	0.3454
600	601	fr	ewe	challenge_SSA-MTE	hyp1	News	NaN	0.3331
601	602	fr	ewe	challenge_SSA-MTE	hyp1	News	NaN	0.3777
602	603	fr	ewe	challenge_SSA-MTE	hyp1	News	NaN	0.3481
603	604	fr	ewe	challenge_SSA-MTE	hyp1	News	NaN	0.3533
604	605	fr	ewe	challenge_SSA-MTE	hyp1	News	NaN	0.3582
605	606	fr	ewe	challenge_SSA-MTE	hyp1	News	NaN	0.3378
606	607	fr	ewe	challenge_SSA-MTE	hyp1	News	NaN	0.2386
607	608	fr	ewe	challenge_SSA-MTE	hyp1	News	NaN	0.2178
608	609	fr	ewe	challenge_SSA-MTE	hyp1	News	NaN	0.2287
609	610	fr	ewe	challenge_SSA-MTE	hyp1	News	NaN	0.2252
610	611	fr	ewe	challenge_SSA-MTE	hyp1	News	NaN	0.2280
611	612	fr	ewe	challenge_SSA-MTE	hyp1	News	NaN	0.2934
612	613	fr	ewe	challenge_SSA-MTE	hyp1	News	NaN	0.2553
613	614	fr	ewe	challenge_SSA-MTE	hyp1	News	NaN	0.2794
614	615	fr	ewe	challenge_SSA-MTE	hyp1	News	NaN	0.2823
615	616	fr	ewe	challenge_SSA-MTE	hyp1	News	NaN	0.2898
616	617	fr	ewe	challenge_SSA-MTE	hyp1	News	NaN	0.3538
617	618	fr	ewe	challenge_SSA-MTE	hyp1	News	NaN	0.3408
618	619	fr	ewe	challenge_SSA-MTE	hyp1	News	NaN	0.3802
619	620	fr	ewe	challenge_SSA-MTE	hyp1	News	NaN	0.3560
620	621	fr	ewe	challenge_SSA-MTE	hyp1	News	NaN	0.3468
621	622	fr	ewe	challenge_SSA-MTE	hyp1	News	NaN	0.2746
622	623	fr	ewe	challenge_SSA-MTE	hyp1	News	NaN	0.2748
623	624	fr	ewe	challenge_SSA-MTE	hyp1	News	NaN	0.2766
624	625	fr	ewe	challenge_SSA-MTE	hyp1	News	NaN	0.2874
625	626	fr	ewe	challenge_SSA-MTE	hyp1	News	NaN	0.2884
626	627	fr	ewe	challenge_SSA-MTE	hyp1	News	NaN	0.3333
627	628	fr	ewe	challenge_SSA-MTE	hyp1	News	NaN	0.2944
628	629	fr	ewe	challenge_SSA-MTE	hyp1	News	NaN	0.2557
629	630	fr	ewe	challenge_SSA-MTE	hyp1	News	NaN	0.2592
630	631	fr	ewe	challenge_SSA-MTE	hyp1	News	NaN	0.3374
631	632	fr	ewe	challenge_SSA-MTE	hyp1	News	NaN	0.2977
632	633	fr	ewe	challenge_SSA-MTE	hyp1	News	NaN	0.3068
633	634	fr	ewe	challenge_SSA-MTE	hyp1	News	NaN	0.3170
634	635	fr	ewe	challenge_SSA-MTE	hyp1	News	NaN	0.2996
635	636	fr	ewe	challenge_SSA-MTE	hyp1	News	NaN	0.2859
636	637	fr	ewe	challenge_SSA-MTE	hyp1	News	NaN	0.3640
637	638	fr	ewe	challenge_SSA-MTE	hyp1	News	NaN	0.3803
638	639	fr	ewe	challenge_SSA-MTE	hyp1	News	NaN	0.3379
639	640	fr	ewe	challenge_SSA-MTE	hyp1	News	NaN	0.3456
640	641	fr	ewe	challenge_SSA-MTE	hyp1	News	NaN	0.3495
641	642	fr	ewe	challenge_SSA-MTE	hyp1	News	NaN	0.3435
642	643	fr	ewe	challenge_SSA-MTE	hyp1	News	NaN	0.3114
643	644	fr	ewe	challenge_SSA-MTE	hyp1	News	NaN	0.3395
644	645	fr	ewe	challenge_SSA-MTE	hyp1	News	NaN	0.3338
645	646	fr	ewe	challenge_SSA-MTE	hyp1	News	NaN	0.3431
646	647	fr	ewe	challenge_SSA-MTE	hyp1	News	NaN	0.2242
647	648	fr	ewe	challenge_SSA-MTE	hyp1	News	NaN	0.2411
648	649	fr	ewe	challenge_SSA-MTE	hyp1	News	NaN	0.3119
649	650	fr	ewe	challenge_SSA-MTE	hyp1	News	NaN	0.3153
650	651	fr	ewe	challenge_SSA-MTE	hyp1	News	NaN	0.2836
651	652	fr	ewe	challenge_SSA-MTE	hyp1	News	NaN	0.3776
652	653	fr	ewe	challenge_SSA-MTE	hyp1	News	NaN	0.3921
653	654	fr	ewe	challenge_SSA-MTE	hyp1	News	NaN	0.3870
654	655	fr	ewe	challenge_SSA-MTE	hyp1	News	NaN	0.3954
655	656	fr	ewe	challenge_SSA-MTE	hyp1	News	NaN	0.3932
656	657	fr	ewe	challenge_SSA-MTE	hyp1	News	NaN	0.3536
657	658	fr	ewe	challenge_SSA-MTE	hyp1	News	NaN	0.2625
658	659	fr	ewe	challenge_SSA-MTE	hyp1	News	NaN	0.3313
659	660	fr	ewe	challenge_SSA-MTE	hyp1	News	NaN	0.3184
660	661	fr	ewe	challenge_SSA-MTE	hyp1	News	NaN	0.3849
661	662	fr	ewe	challenge_SSA-MTE	hyp1	News	NaN	0.3161
662	663	fr	ewe	challenge_SSA-MTE	hyp1	News	NaN	0.3204
663	664	fr	ewe	challenge_SSA-MTE	hyp1	News	NaN	0.3056
664	665	fr	ewe	challenge_SSA-MTE	hyp1	News	NaN	0.3103
665	666	fr	ewe	challenge_SSA-MTE	hyp1	News	NaN	0.3278
666	667	fr	ewe	challenge_SSA-MTE	hyp1	News	NaN	0.3737
667	668	fr	ewe	challenge_SSA-MTE	hyp1	News	NaN	0.3222
668	669	fr	ewe	challenge_SSA-MTE	hyp1	News	NaN	0.3582
669	670	fr	ewe	challenge_SSA-MTE	hyp1	News	NaN	0.3487
670	671	fr	ewe	challenge_SSA-MTE	hyp1	News	NaN	0.3492
671	672	fr	ewe	challenge_SSA-MTE	hyp1	News	NaN	0.2582
672	673	fr	ewe	challenge_SSA-MTE	hyp1	News	NaN	0.2456
673	674	fr	ewe	challenge_SSA-MTE	hyp1	News	NaN	0.2584
674	675	fr	ewe	challenge_SSA-MTE	hyp1	News	NaN	0.2730
675	676	fr	ewe	challenge_SSA-MTE	hyp1	News	NaN	0.2584
676	677	fr	ewe	challenge_SSA-MTE	hyp1	News	NaN	0.2797
677	678	fr	ewe	challenge_SSA-MTE	hyp1	News	NaN	0.3073
678	679	fr	ewe	challenge_SSA-MTE	hyp1	News	NaN	0.2499
679	680	fr	ewe	challenge_SSA-MTE	hyp1	News	NaN	0.3009
680	681	fr	ewe	challenge_SSA-MTE	hyp1	News	NaN	0.2963
681	682	fr	ewe	challenge_SSA-MTE	hyp1	News	NaN	0.3231
682	683	fr	ewe	challenge_SSA-MTE	hyp1	News	NaN	0.3264
683	684	fr	ewe	challenge_SSA-MTE	hyp1	News	NaN	0.3391
684	685	fr	ewe	challenge_SSA-MTE	hyp1	News	NaN	0.3432
685	686	fr	ewe	challenge_SSA-MTE	hyp1	News	NaN	0.3438
686	687	fr	ewe	challenge_SSA-MTE	hyp1	News	NaN	0.2973
687	688	fr	ewe	challenge_SSA-MTE	hyp1	News	NaN	0.2651
688	689	fr	ewe	challenge_SSA-MTE	hyp1	News	NaN	0.3895
689	690	fr	ewe	challenge_SSA-MTE	hyp1	News	NaN	0.3119
690	691	fr	ewe	challenge_SSA-MTE	hyp1	News	NaN	0.3561
691	692	fr	ewe	challenge_SSA-MTE	hyp1	News	NaN	0.3151
692	693	fr	ewe	challenge_SSA-MTE	hyp1	News	NaN	0.2567
693	694	fr	ewe	challenge_SSA-MTE	hyp1	News	NaN	0.3149
694	695	fr	ewe	challenge_SSA-MTE	hyp1	News	NaN	0.3001
695	696	fr	ewe	challenge_SSA-MTE	hyp1	News	NaN	0.3187
696	697	fr	ewe	challenge_SSA-MTE	hyp1	News	NaN	0.2903
697	698	fr	ewe	challenge_SSA-MTE	hyp1	News	NaN	0.2292
698	699	fr	ewe	challenge_SSA-MTE	hyp1	News	NaN	0.2815
699	700	fr	ewe	challenge_SSA-MTE	hyp1	News	NaN	0.2540
700	701	fr	ewe	challenge_SSA-MTE	hyp1	News	NaN	0.2821
701	702	fr	ewe	challenge_SSA-MTE	hyp1	News	NaN	0.3252
702	703	fr	ewe	challenge_SSA-MTE	hyp1	News	NaN	0.3199
703	704	fr	ewe	challenge_SSA-MTE	hyp1	News	NaN	0.3223
704	705	fr	ewe	challenge_SSA-MTE	hyp1	News	NaN	0.3339
705	706	fr	ewe	challenge_SSA-MTE	hyp1	News	NaN	0.3339
706	707	fr	ewe	challenge_SSA-MTE	hyp1	News	NaN	0.3049
707	708	fr	ewe	challenge_SSA-MTE	hyp1	News	NaN	0.2642
708	709	fr	ewe	challenge_SSA-MTE	hyp1	News	NaN	0.2807
709	710	fr	ewe	challenge_SSA-MTE	hyp1	News	NaN	0.2531
710	711	fr	ewe	challenge_SSA-MTE	hyp1	News	NaN	0.3613
711	712	fr	ewe	challenge_SSA-MTE	hyp1	News	NaN	0.3089
712	713	fr	ewe	challenge_SSA-MTE	hyp1	News	NaN	0.2868
713	714	fr	ewe	challenge_SSA-MTE	hyp1	News	NaN	0.3024
714	715	fr	ewe	challenge_SSA-MTE	hyp1	News	NaN	0.3143
715	716	fr	ewe	challenge_SSA-MTE	hyp1	News	NaN	0.3482
716	717	fr	ewe	challenge_SSA-MTE	hyp1	News	NaN	0.2983
717	718	fr	ewe	challenge_SSA-MTE	hyp1	News	NaN	0.3082
718	719	fr	ewe	challenge_SSA-MTE	hyp1	News	NaN	0.2925
719	720	fr	ewe	challenge_SSA-MTE	hyp1	News	NaN	0.3045
720	721	fr	ewe	challenge_SSA-MTE	hyp1	News	NaN	0.2924
721	722	fr	ewe	challenge_SSA-MTE	hyp1	News	NaN	0.2879
722	723	fr	ewe	challenge_SSA-MTE	hyp1	News	NaN	0.2615
723	724	fr	ewe	challenge_SSA-MTE	hyp1	News	NaN	0.2973
724	725	fr	ewe	challenge_SSA-MTE	hyp1	News	NaN	0.2726
725	726	fr	ewe	challenge_SSA-MTE	hyp1	News	NaN	0.2844
726	727	fr	ewe	challenge_SSA-MTE	hyp1	News	NaN	0.3038
727	728	fr	ewe	challenge_SSA-MTE	hyp1	News	NaN	0.3359
728	729	fr	ewe	challenge_SSA-MTE	hyp1	News	NaN	0.3477
729	730	fr	ewe	challenge_SSA-MTE	hyp1	News	NaN	0.3689
730	731	fr	ewe	challenge_SSA-MTE	hyp1	News	NaN	0.3158
731	732	fr	ewe	challenge_SSA-MTE	hyp1	News	NaN	0.3208
732	733	fr	ewe	challenge_SSA-MTE	hyp1	News	NaN	0.3387
733	734	fr	ewe	challenge_SSA-MTE	hyp1	News	NaN	0.3153
734	735	fr	ewe	challenge_SSA-MTE	hyp1	News	NaN	0.3156
735	736	fr	ewe	challenge_SSA-MTE	hyp1	News	NaN	0.3222
736	737	fr	ewe	challenge_SSA-MTE	hyp1	News	NaN	0.3815
737	738	fr	ewe	challenge_SSA-MTE	hyp1	News	NaN	0.3702
738	739	fr	ewe	challenge_SSA-MTE	hyp1	News	NaN	0.4032
739	740	fr	ewe	challenge_SSA-MTE	hyp1	News	NaN	0.4002
740	741	fr	ewe	challenge_SSA-MTE	hyp1	News	NaN	0.3866
741	742	fr	ewe	challenge_SSA-MTE	hyp1	News	NaN	0.2353
742	743	fr	ewe	challenge_SSA-MTE	hyp1	News	NaN	0.2292
743	744	fr	ewe	challenge_SSA-MTE	hyp1	News	NaN	0.2854
744	745	fr	ewe	challenge_SSA-MTE	hyp1	News	NaN	0.2473
745	746	fr	ewe	challenge_SSA-MTE	hyp1	News	NaN	0.2909
746	747	fr	ewe	challenge_SSA-MTE	hyp1	News	NaN	0.3012
747	748	fr	ewe	challenge_SSA-MTE	hyp1	News	NaN	0.3491
748	749	fr	ewe	challenge_SSA-MTE	hyp1	News	NaN	0.3117
749	750	fr	ewe	challenge_SSA-MTE	hyp1	News	NaN	0.3264
750	751	fr	ewe	challenge_SSA-MTE	hyp1	News	NaN	0.2955
751	752	fr	ewe	challenge_SSA-MTE	hyp1	News	NaN	0.2827
752	753	fr	ewe	challenge_SSA-MTE	hyp1	News	NaN	0.3029
753	754	fr	ewe	challenge_SSA-MTE	hyp1	News	NaN	0.3532
754	755	fr	ewe	challenge_SSA-MTE	hyp1	News	NaN	0.3382
755	756	fr	ewe	challenge_SSA-MTE	hyp1	News	NaN	0.3667
756	757	fr	ewe	challenge_SSA-MTE	hyp1	News	NaN	0.3521
757	758	fr	ewe	challenge_SSA-MTE	hyp1	News	NaN	0.3802
758	759	fr	ewe	challenge_SSA-MTE	hyp1	News	NaN	0.3076
759	760	fr	ewe	challenge_SSA-MTE	hyp1	News	NaN	0.3176
760	761	fr	ewe	challenge_SSA-MTE	hyp1	News	NaN	0.3393
761	762	fr	ewe	challenge_SSA-MTE	hyp1	News	NaN	0.2882
762	763	fr	ewe	challenge_SSA-MTE	hyp1	News	NaN	0.2409
763	764	fr	ewe	challenge_SSA-MTE	hyp1	News	NaN	0.2620
764	765	fr	ewe	challenge_SSA-MTE	hyp1	News	NaN	0.2851
765	766	fr	ewe	challenge_SSA-MTE	hyp1	News	NaN	0.2646
766	767	fr	ewe	challenge_SSA-MTE	hyp1	News	NaN	0.3515
767	768	fr	ewe	challenge_SSA-MTE	hyp1	News	NaN	0.3188
768	769	fr	ewe	challenge_SSA-MTE	hyp1	News	NaN	0.3531
769	770	fr	ewe	challenge_SSA-MTE	hyp1	News	NaN	0.3230
770	771	fr	ewe	challenge_SSA-MTE	hyp1	News	NaN	0.2822
771	772	fr	ewe	challenge_SSA-MTE	hyp1	News	NaN	0.2882
772	773	fr	ewe	challenge_SSA-MTE	hyp1	News	NaN	0.3089
773	774	fr	ewe	challenge_SSA-MTE	hyp1	News	NaN	0.3128
774	775	fr	ewe	challenge_SSA-MTE	hyp1	News	NaN	0.3431
775	776	fr	ewe	challenge_SSA-MTE	hyp1	News	NaN	0.3235
776	777	fr	ewe	challenge_SSA-MTE	hyp1	News	NaN	0.3541
777	778	fr	ewe	challenge_SSA-MTE	hyp1	News	NaN	0.3927
778	779	fr	ewe	challenge_SSA-MTE	hyp1	News	NaN	0.3534
779	780	fr	ewe	challenge_SSA-MTE	hyp1	News	NaN	0.3730
780	781	fr	ewe	challenge_SSA-MTE	hyp1	News	NaN	0.3365
781	782	fr	ewe	challenge_SSA-MTE	hyp1	News	NaN	0.2747
782	783	fr	ewe	challenge_SSA-MTE	hyp1	News	NaN	0.3203
783	784	fr	ewe	challenge_SSA-MTE	hyp1	News	NaN	0.3213
784	785	fr	ewe	challenge_SSA-MTE	hyp1	News	NaN	0.3201
785	786	fr	ewe	challenge_SSA-MTE	hyp1	News	NaN	0.2717
786	787	fr	ewe	challenge_SSA-MTE	hyp1	News	NaN	0.2796
787	788	fr	ewe	challenge_SSA-MTE	hyp1	News	NaN	0.2884
788	789	fr	ewe	challenge_SSA-MTE	hyp1	News	NaN	0.3012
789	790	fr	ewe	challenge_SSA-MTE	hyp1	News	NaN	0.3107
790	791	fr	ewe	challenge_SSA-MTE	hyp1	News	NaN	0.3016
791	792	fr	ewe	challenge_SSA-MTE	hyp1	News	NaN	0.3256
792	793	fr	ewe	challenge_SSA-MTE	hyp1	News	NaN	0.3196
793	794	fr	ewe	challenge_SSA-MTE	hyp1	News	NaN	0.3172
794	795	fr	ewe	challenge_SSA-MTE	hyp1	News	NaN	0.3091
795	796	fr	ewe	challenge_SSA-MTE	hyp1	News	NaN	0.3356
796	797	fr	ewe	challenge_SSA-MTE	hyp1	News	NaN	0.3111
797	798	fr	ewe	challenge_SSA-MTE	hyp1	News	NaN	0.3565
798	799	fr	ewe	challenge_SSA-MTE	hyp1	News	NaN	0.3588
799	800	fr	ewe	challenge_SSA-MTE	hyp1	News	NaN	0.3291
800	801	fr	ewe	challenge_SSA-MTE	hyp1	News	NaN	0.3366
801	802	fr	ewe	challenge_SSA-MTE	hyp1	News	NaN	0.2791
802	803	fr	ewe	challenge_SSA-MTE	hyp1	News	NaN	0.3494
803	804	fr	ewe	challenge_SSA-MTE	hyp1	News	NaN	0.3587
804	805	fr	ewe	challenge_SSA-MTE	hyp1	News	NaN	0.3321
805	806	fr	ewe	challenge_SSA-MTE	hyp1	News	NaN	0.3468
806	807	fr	ewe	challenge_SSA-MTE	hyp1	News	NaN	0.2847
807	808	fr	ewe	challenge_SSA-MTE	hyp1	News	NaN	0.3317
808	809	fr	ewe	challenge_SSA-MTE	hyp1	News	NaN	0.3612
809	810	fr	ewe	challenge_SSA-MTE	hyp1	News	NaN	0.3264
810	811	fr	ewe	challenge_SSA-MTE	hyp1	News	NaN	0.3180
811	812	fr	ewe	challenge_SSA-MTE	hyp1	News	NaN	0.3121
812	813	fr	ewe	challenge_SSA-MTE	hyp1	News	NaN	0.2980
813	814	fr	ewe	challenge_SSA-MTE	hyp1	News	NaN	0.3139
814	815	fr	ewe	challenge_SSA-MTE	hyp1	News	NaN	0.3226
815	816	fr	ewe	challenge_SSA-MTE	hyp1	News	NaN	0.2954
816	817	fr	ewe	challenge_SSA-MTE	hyp1	News	NaN	0.2551
817	818	fr	ewe	challenge_SSA-MTE	hyp1	News	NaN	0.2585
818	819	fr	ewe	challenge_SSA-MTE	hyp1	News	NaN	0.2844
819	820	fr	ewe	challenge_SSA-MTE	hyp1	News	NaN	0.2953
820	821	fr	ewe	challenge_SSA-MTE	hyp1	News	NaN	0.2710
821	822	fr	ewe	challenge_SSA-MTE	hyp1	News	NaN	0.2581
822	823	fr	ewe	challenge_SSA-MTE	hyp1	News	NaN	0.2825
823	824	fr	ewe	challenge_SSA-MTE	hyp1	News	NaN	0.2799
824	825	fr	ewe	challenge_SSA-MTE	hyp1	News	NaN	0.3128
825	826	fr	ewe	challenge_SSA-MTE	hyp1	News	NaN	0.2885
826	827	fr	ewe	challenge_SSA-MTE	hyp1	News	NaN	0.2739
827	828	fr	ewe	challenge_SSA-MTE	hyp1	News	NaN	0.2508
828	829	fr	ewe	challenge_SSA-MTE	hyp1	News	NaN	0.2600
829	830	fr	ewe	challenge_SSA-MTE	hyp1	News	NaN	0.3016
830	831	fr	ewe	challenge_SSA-MTE	hyp1	News	NaN	0.3639
831	832	fr	ewe	challenge_SSA-MTE	hyp1	News	NaN	0.2832
832	833	fr	ewe	challenge_SSA-MTE	hyp1	News	NaN	0.3504
833	834	fr	ewe	challenge_SSA-MTE	hyp1	News	NaN	0.3571
834	835	fr	ewe	challenge_SSA-MTE	hyp1	News	NaN	0.3892
835	836	fr	ewe	challenge_SSA-MTE	hyp1	News	NaN	0.2689
836	837	fr	ewe	challenge_SSA-MTE	hyp1	News	NaN	0.2630
837	838	fr	ewe	challenge_SSA-MTE	hyp1	News	NaN	0.2634
838	839	fr	ewe	challenge_SSA-MTE	hyp1	News	NaN	0.2650
839	840	fr	ewe	challenge_SSA-MTE	hyp1	News	NaN	0.2688
840	841	fr	ewe	challenge_SSA-MTE	hyp1	News	NaN	0.3254
841	842	fr	ewe	challenge_SSA-MTE	hyp1	News	NaN	0.3263
842	843	fr	ewe	challenge_SSA-MTE	hyp1	News	NaN	0.3609
843	844	fr	ewe	challenge_SSA-MTE	hyp1	News	NaN	0.3391
844	845	fr	ewe	challenge_SSA-MTE	hyp1	News	NaN	0.3291
845	846	fr	ewe	challenge_SSA-MTE	hyp1	News	NaN	0.3802
846	847	fr	ewe	challenge_SSA-MTE	hyp1	News	NaN	0.3865
847	848	fr	ewe	challenge_SSA-MTE	hyp1	News	NaN	0.3729
848	849	fr	ewe	challenge_SSA-MTE	hyp1	News	NaN	0.3762
849	850	fr	ewe	challenge_SSA-MTE	hyp1	News	NaN	0.3897
850	851	fr	ewe	challenge_SSA-MTE	hyp1	News	NaN	0.3187
851	852	fr	ewe	challenge_SSA-MTE	hyp1	News	NaN	0.3192
852	853	fr	ewe	challenge_SSA-MTE	hyp1	News	NaN	0.3510
853	854	fr	ewe	challenge_SSA-MTE	hyp1	News	NaN	0.3360
854	855	fr	ewe	challenge_SSA-MTE	hyp1	News	NaN	0.3198
855	856	fr	ewe	challenge_SSA-MTE	hyp1	News	NaN	0.2967
856	857	fr	ewe	challenge_SSA-MTE	hyp1	News	NaN	0.3476
857	858	fr	ewe	challenge_SSA-MTE	hyp1	News	NaN	0.3648
858	859	fr	ewe	challenge_SSA-MTE	hyp1	News	NaN	0.3233
859	860	fr	ewe	challenge_SSA-MTE	hyp1	News	NaN	0.3313
860	861	fr	ewe	challenge_SSA-MTE	hyp1	News	NaN	0.3377
861	862	fr	ewe	challenge_SSA-MTE	hyp1	News	NaN	0.3298
862	863	fr	ewe	challenge_SSA-MTE	hyp1	News	NaN	0.4072
863	864	fr	ewe	challenge_SSA-MTE	hyp1	News	NaN	0.3427
864	865	fr	ewe	challenge_SSA-MTE	hyp1	News	NaN	0.3374
865	866	fr	ewe	challenge_SSA-MTE	hyp1	News	NaN	0.3119
866	867	fr	ewe	challenge_SSA-MTE	hyp1	News	NaN	0.2840
867	868	fr	ewe	challenge_SSA-MTE	hyp1	News	NaN	0.3084
868	869	fr	ewe	challenge_SSA-MTE	hyp1	News	NaN	0.3250
869	870	fr	ewe	challenge_SSA-MTE	hyp1	News	NaN	0.3531
870	871	fr	ewe	challenge_SSA-MTE	hyp1	News	NaN	0.3639
871	872	fr	ewe	challenge_SSA-MTE	hyp1	News	NaN	0.3345
872	873	fr	ewe	challenge_SSA-MTE	hyp1	News	NaN	0.3715
873	874	fr	ewe	challenge_SSA-MTE	hyp1	News	NaN	0.4065
874	875	fr	ewe	challenge_SSA-MTE	hyp1	News	NaN	0.3751
875	876	fr	ewe	challenge_SSA-MTE	hyp1	News	NaN	0.3194
876	877	fr	ewe	challenge_SSA-MTE	hyp1	News	NaN	0.3458
877	878	fr	ewe	challenge_SSA-MTE	hyp1	News	NaN	0.3204
878	879	fr	ewe	challenge_SSA-MTE	hyp1	News	NaN	0.3350
879	880	fr	ewe	challenge_SSA-MTE	hyp1	News	NaN	0.3354
880	881	fr	ewe	challenge_SSA-MTE	hyp1	News	NaN	0.3596
881	882	fr	ewe	challenge_SSA-MTE	hyp1	News	NaN	0.3128
882	883	fr	ewe	challenge_SSA-MTE	hyp1	News	NaN	0.3717
883	884	fr	ewe	challenge_SSA-MTE	hyp1	News	NaN	0.3611
884	885	fr	ewe	challenge_SSA-MTE	hyp1	News	NaN	0.3701
885	886	fr	ewe	challenge_SSA-MTE	hyp1	News	NaN	0.2556
886	887	fr	ewe	challenge_SSA-MTE	hyp1	News	NaN	0.2714
887	888	fr	ewe	challenge_SSA-MTE	hyp1	News	NaN	0.2861
888	889	fr	ewe	challenge_SSA-MTE	hyp1	News	NaN	0.2617
889	890	fr	ewe	challenge_SSA-MTE	hyp1	News	NaN	0.3077
890	891	fr	ewe	challenge_SSA-MTE	hyp1	News	NaN	0.2512
891	892	fr	ewe	challenge_SSA-MTE	hyp1	News	NaN	0.2498
892	893	fr	ewe	challenge_SSA-MTE	hyp1	News	NaN	0.2710
893	894	fr	ewe	challenge_SSA-MTE	hyp1	News	NaN	0.2563
894	895	fr	ewe	challenge_SSA-MTE	hyp1	News	NaN	0.2399
895	896	fr	ewe	challenge_SSA-MTE	hyp1	News	NaN	0.2795
896	897	fr	ewe	challenge_SSA-MTE	hyp1	News	NaN	0.2437
897	898	fr	ewe	challenge_SSA-MTE	hyp1	News	NaN	0.2773
898	899	fr	ewe	challenge_SSA-MTE	hyp1	News	NaN	0.2830
899	900	fr	ewe	challenge_SSA-MTE	hyp1	News	NaN	0.2950
900	901	fr	ewe	challenge_SSA-MTE	hyp1	News	NaN	0.2839
901	902	fr	ewe	challenge_SSA-MTE	hyp1	News	NaN	0.2598
902	903	fr	ewe	challenge_SSA-MTE	hyp1	News	NaN	0.3015
903	904	fr	ewe	challenge_SSA-MTE	hyp1	News	NaN	0.3657
904	905	fr	ewe	challenge_SSA-MTE	hyp1	News	NaN	0.3194
905	906	fr	ewe	challenge_SSA-MTE	hyp1	News	NaN	0.2490
906	907	fr	ewe	challenge_SSA-MTE	hyp1	News	NaN	0.2159
907	908	fr	ewe	challenge_SSA-MTE	hyp1	News	NaN	0.3058
908	909	fr	ewe	challenge_SSA-MTE	hyp1	News	NaN	0.2779
909	910	fr	ewe	challenge_SSA-MTE	hyp1	News	NaN	0.2841
910	911	fr	ewe	challenge_SSA-MTE	hyp1	News	NaN	0.3187
911	912	fr	ewe	challenge_SSA-MTE	hyp1	News	NaN	0.3020
912	913	fr	ewe	challenge_SSA-MTE	hyp1	News	NaN	0.3091
913	914	fr	ewe	challenge_SSA-MTE	hyp1	News	NaN	0.2927
914	915	fr	ewe	challenge_SSA-MTE	hyp1	News	NaN	0.2993
915	916	fr	ewe	challenge_SSA-MTE	hyp1	News	NaN	0.3447
916	917	fr	ewe	challenge_SSA-MTE	hyp1	News	NaN	0.3250
917	918	fr	ewe	challenge_SSA-MTE	hyp1	News	NaN	0.3285
918	919	fr	ewe	challenge_SSA-MTE	hyp1	News	NaN	0.3284
919	920	fr	ewe	challenge_SSA-MTE	hyp1	News	NaN	0.3658
920	921	fr	ewe	challenge_SSA-MTE	hyp1	News	NaN	0.3229
921	922	fr	ewe	challenge_SSA-MTE	hyp1	News	NaN	0.3116
922	923	fr	ewe	challenge_SSA-MTE	hyp1	News	NaN	0.3268
923	924	fr	ewe	challenge_SSA-MTE	hyp1	News	NaN	0.3041
924	925	fr	ewe	challenge_SSA-MTE	hyp1	News	NaN	0.3167
925	926	fr	ewe	challenge_SSA-MTE	hyp1	News	NaN	0.2825
926	927	fr	ewe	challenge_SSA-MTE	hyp1	News	NaN	0.2803
927	928	fr	ewe	challenge_SSA-MTE	hyp1	News	NaN	0.3044
928	929	fr	ewe	challenge_SSA-MTE	hyp1	News	NaN	0.3109
929	930	fr	ewe	challenge_SSA-MTE	hyp1	News	NaN	0.2898
930	931	fr	ewe	challenge_SSA-MTE	hyp1	News	NaN	0.2971
931	932	fr	ewe	challenge_SSA-MTE	hyp1	News	NaN	0.2885
932	933	fr	ewe	challenge_SSA-MTE	hyp1	News	NaN	0.3249
933	934	fr	ewe	challenge_SSA-MTE	hyp1	News	NaN	0.3065
934	935	fr	ewe	challenge_SSA-MTE	hyp1	News	NaN	0.3047
935	936	fr	ewe	challenge_SSA-MTE	hyp1	News	NaN	0.2870
936	937	fr	ewe	challenge_SSA-MTE	hyp1	News	NaN	0.2716
937	938	fr	ewe	challenge_SSA-MTE	hyp1	News	NaN	0.2685
938	939	fr	ewe	challenge_SSA-MTE	hyp1	News	NaN	0.2929
939	940	fr	ewe	challenge_SSA-MTE	hyp1	News	NaN	0.2691
940	941	fr	ewe	challenge_SSA-MTE	hyp1	News	NaN	0.2983
941	942	fr	ewe	challenge_SSA-MTE	hyp1	News	NaN	0.2737
942	943	fr	ewe	challenge_SSA-MTE	hyp1	News	NaN	0.3165
943	944	fr	ewe	challenge_SSA-MTE	hyp1	News	NaN	0.3076
944	945	fr	ewe	challenge_SSA-MTE	hyp1	News	NaN	0.2874
945	946	fr	ewe	challenge_SSA-MTE	hyp1	News	NaN	0.2981
946	947	fr	ewe	challenge_SSA-MTE	hyp1	News	NaN	0.3085
947	948	fr	ewe	challenge_SSA-MTE	hyp1	News	NaN	0.3388
948	949	fr	ewe	challenge_SSA-MTE	hyp1	News	NaN	0.2947
949	950	fr	ewe	challenge_SSA-MTE	hyp1	News	NaN	0.2992
950	951	fr	ewe	challenge_SSA-MTE	hyp1	News	NaN	0.3023
951	952	fr	ewe	challenge_SSA-MTE	hyp1	News	NaN	0.3147
952	953	fr	ewe	challenge_SSA-MTE	hyp1	News	NaN	0.2580
953	954	fr	ewe	challenge_SSA-MTE	hyp1	News	NaN	0.2913
954	955	fr	ewe	challenge_SSA-MTE	hyp1	News	NaN	0.3034
955	956	fr	ewe	challenge_SSA-MTE	hyp1	News	NaN	0.3043
956	957	fr	ewe	challenge_SSA-MTE	hyp1	News	NaN	0.3273
957	958	fr	ewe	challenge_SSA-MTE	hyp1	News	NaN	0.3025
958	959	fr	ewe	challenge_SSA-MTE	hyp1	News	NaN	0.3400
959	960	fr	ewe	challenge_SSA-MTE	hyp1	News	NaN	0.3154
960	961	fr	ewe	challenge_SSA-MTE	hyp1	News	NaN	0.2864
961	962	fr	ewe	challenge_SSA-MTE	hyp1	News	NaN	0.3249
962	963	fr	ewe	challenge_SSA-MTE	hyp1	News	NaN	0.3161
963	964	fr	ewe	challenge_SSA-MTE	hyp1	News	NaN	0.3092
964	965	fr	ewe	challenge_SSA-MTE	hyp1	News	NaN	0.3631
965	966	fr	ewe	challenge_SSA-MTE	hyp1	News	NaN	0.3390
966	967	fr	ewe	challenge_SSA-MTE	hyp1	News	NaN	0.3608
967	968	fr	ewe	challenge_SSA-MTE	hyp1	News	NaN	0.3589
968	969	fr	ewe	challenge_SSA-MTE	hyp1	News	NaN	0.3550
969	970	fr	ewe	challenge_SSA-MTE	hyp1	News	NaN	0.2691
970	971	fr	ewe	challenge_SSA-MTE	hyp1	News	NaN	0.2698
971	972	fr	ewe	challenge_SSA-MTE	hyp1	News	NaN	0.3142
972	973	fr	ewe	challenge_SSA-MTE	hyp1	News	NaN	0.2874
973	974	fr	ewe	challenge_SSA-MTE	hyp1	News	NaN	0.2628
974	975	fr	ewe	challenge_SSA-MTE	hyp1	News	NaN	0.3537
975	976	fr	ewe	challenge_SSA-MTE	hyp1	News	NaN	0.3226
976	977	fr	ewe	challenge_SSA-MTE	hyp1	News	NaN	0.3492
977	978	fr	ewe	challenge_SSA-MTE	hyp1	News	NaN	0.3629
978	979	fr	ewe	challenge_SSA-MTE	hyp1	News	NaN	0.3817
979	980	fr	ewe	challenge_SSA-MTE	hyp1	News	NaN	0.3289
980	981	fr	ewe	challenge_SSA-MTE	hyp1	News	NaN	0.2929
981	982	fr	ewe	challenge_SSA-MTE	hyp1	News	NaN	0.3045
982	983	fr	ewe	challenge_SSA-MTE	hyp1	News	NaN	0.3125
983	984	fr	ewe	challenge_SSA-MTE	hyp1	News	NaN	0.3099
984	985	fr	ewe	challenge_SSA-MTE	hyp1	News	NaN	0.3911
985	986	fr	ewe	challenge_SSA-MTE	hyp1	News	NaN	0.2853
986	987	fr	ewe	challenge_SSA-MTE	hyp1	News	NaN	0.2516
987	988	fr	ewe	challenge_SSA-MTE	hyp1	News	NaN	0.2971
988	989	fr	ewe	challenge_SSA-MTE	hyp1	News	NaN	0.3112
989	990	fr	ewe	challenge_SSA-MTE	hyp1	News	NaN	0.2766
990	991	fr	ewe	challenge_SSA-MTE	hyp1	News	NaN	0.3965
991	992	fr	ewe	challenge_SSA-MTE	hyp1	News	NaN	0.3569
992	993	fr	ewe	challenge_SSA-MTE	hyp1	News	NaN	0.3401
993	994	fr	ewe	challenge_SSA-MTE	hyp1	News	NaN	0.3481
994	995	fr	ewe	challenge_SSA-MTE	hyp1	News	NaN	0.2975
995	996	fr	ewe	challenge_SSA-MTE	hyp1	News	NaN	0.2605
996	997	fr	ewe	challenge_SSA-MTE	hyp1	News	NaN	0.2975
997	998	fr	ewe	challenge_SSA-MTE	hyp1	News	NaN	0.2696
998	999	fr	ewe	challenge_SSA-MTE	hyp1	News	NaN	0.3083
999	1000	fr	ewe	challenge_SSA-MTE	hyp1	News	NaN	0.3095
1000	1001	fr	ewe	challenge_SSA-MTE	hyp1	News	NaN	0.2869
1001	1002	fr	ewe	challenge_SSA-MTE	hyp1	News	NaN	0.2764
1002	1003	fr	ewe	challenge_SSA-MTE	hyp1	News	NaN	0.2721
1003	1004	fr	ewe	challenge_SSA-MTE	hyp1	News	NaN	0.3276
1004	1005	fr	ewe	challenge_SSA-MTE	hyp1	News	NaN	0.2947
1005	1006	fr	ewe	challenge_SSA-MTE	hyp1	News	NaN	0.3052
1006	1007	fr	ewe	challenge_SSA-MTE	hyp1	News	NaN	0.3168
1007	1008	fr	ewe	challenge_SSA-MTE	hyp1	News	NaN	0.3174
1008	1009	fr	ewe	challenge_SSA-MTE	hyp1	News	NaN	0.3248
1009	1010	fr	ewe	challenge_SSA-MTE	hyp1	News	NaN	0.3180
1010	1011	fr	ewe	challenge_SSA-MTE	hyp1	News	NaN	0.3058
1011	1012	fr	ewe	challenge_SSA-MTE	hyp1	News	NaN	0.3313
1012	1013	fr	ewe	challenge_SSA-MTE	hyp1	News	NaN	0.3080
1013	1014	fr	ewe	challenge_SSA-MTE	hyp1	News	NaN	0.3027
1014	1015	fr	ewe	challenge_SSA-MTE	hyp1	News	NaN	0.2914
1015	1016	fr	ewe	challenge_SSA-MTE	hyp1	News	NaN	0.2968
1016	1017	fr	ewe	challenge_SSA-MTE	hyp1	News	NaN	0.2968
1017	1018	fr	ewe	challenge_SSA-MTE	hyp1	News	NaN	0.3288
1018	1019	fr	ewe	challenge_SSA-MTE	hyp1	News	NaN	0.3318
1019	1020	fr	ewe	challenge_SSA-MTE	hyp1	News	NaN	0.3266
1020	1021	fr	ewe	challenge_SSA-MTE	hyp1	News	NaN	0.3351
1021	1022	fr	ewe	challenge_SSA-MTE	hyp1	News	NaN	0.3422
1022	1023	fr	ewe	challenge_SSA-MTE	hyp1	News	NaN	0.3139
1023	1024	fr	ewe	challenge_SSA-MTE	hyp1	News	NaN	0.2591
1024	1025	fr	ewe	challenge_SSA-MTE	hyp1	News	NaN	0.2715
1025	1026	fr	ewe	challenge_SSA-MTE	hyp1	News	NaN	0.2700
1026	1027	fr	ewe	challenge_SSA-MTE	hyp1	News	NaN	0.2704
1027	1028	fr	ewe	challenge_SSA-MTE	hyp1	News	NaN	0.2566
1028	1029	fr	ewe	challenge_SSA-MTE	hyp1	News	NaN	0.3330
1029	1030	fr	ewe	challenge_SSA-MTE	hyp1	News	NaN	0.3191
1030	1031	fr	ewe	challenge_SSA-MTE	hyp1	News	NaN	0.3534
1031	1032	fr	ewe	challenge_SSA-MTE	hyp1	News	NaN	0.3576
1032	1033	fr	ewe	challenge_SSA-MTE	hyp1	News	NaN	0.3443
1033	1034	fr	ewe	challenge_SSA-MTE	hyp1	News	NaN	0.3538
1034	1035	fr	ewe	challenge_SSA-MTE	hyp1	News	NaN	0.2525
1035	1036	fr	ewe	challenge_SSA-MTE	hyp1	News	NaN	0.3275
1036	1037	fr	ewe	challenge_SSA-MTE	hyp1	News	NaN	0.3283
1037	1038	fr	ewe	challenge_SSA-MTE	hyp1	News	NaN	0.3729
1038	1039	fr	ewe	challenge_SSA-MTE	hyp1	News	NaN	0.3040
1039	1040	fr	ewe	challenge_SSA-MTE	hyp1	News	NaN	0.2804
1040	1041	fr	ewe	challenge_SSA-MTE	hyp1	News	NaN	0.2808
1041	1042	fr	ewe	challenge_SSA-MTE	hyp1	News	NaN	0.3196
1042	1043	fr	ewe	challenge_SSA-MTE	hyp1	News	NaN	0.3262
1043	1044	fr	ewe	challenge_SSA-MTE	hyp1	News	NaN	0.3393
1044	1045	fr	ewe	challenge_SSA-MTE	hyp1	News	NaN	0.3391
1045	1046	fr	ewe	challenge_SSA-MTE	hyp1	News	NaN	0.3368
1046	1047	fr	ewe	challenge_SSA-MTE	hyp1	News	NaN	0.3241
1047	1048	fr	ewe	challenge_SSA-MTE	hyp1	News	NaN	0.3271
1048	1049	fr	ewe	challenge_SSA-MTE	hyp1	News	NaN	0.3260
1049	1050	fr	ewe	challenge_SSA-MTE	hyp1	News	NaN	0.2869
1050	1051	fr	ewe	challenge_SSA-MTE	hyp1	News	NaN	0.2868
1051	1052	fr	ewe	challenge_SSA-MTE	hyp1	News	NaN	0.3203
1052	1053	fr	ewe	challenge_SSA-MTE	hyp1	News	NaN	0.3126
1053	1054	fr	ewe	challenge_SSA-MTE	hyp1	News	NaN	0.3337
1054	1055	fr	ewe	challenge_SSA-MTE	hyp1	News	NaN	0.3258
1055	1056	fr	ewe	challenge_SSA-MTE	hyp1	News	NaN	0.3275
1056	1057	fr	ewe	challenge_SSA-MTE	hyp1	News	NaN	0.3361
1057	1058	fr	ewe	challenge_SSA-MTE	hyp1	News	NaN	0.3391
1058	1059	fr	ewe	challenge_SSA-MTE	hyp1	News	NaN	0.2781
1059	1060	fr	ewe	challenge_SSA-MTE	hyp1	News	NaN	0.2679
1060	1061	fr	ewe	challenge_SSA-MTE	hyp1	News	NaN	0.2483
1061	1062	fr	ewe	challenge_SSA-MTE	hyp1	News	NaN	0.2843
1062	1063	fr	ewe	challenge_SSA-MTE	hyp1	News	NaN	0.2738
1063	1064	fr	ewe	challenge_SSA-MTE	hyp1	News	NaN	0.3162
1064	1065	fr	ewe	challenge_SSA-MTE	hyp1	News	NaN	0.2846
1065	1066	fr	ewe	challenge_SSA-MTE	hyp1	News	NaN	0.3103
1066	1067	fr	ewe	challenge_SSA-MTE	hyp1	News	NaN	0.3354
1067	1068	fr	ewe	challenge_SSA-MTE	hyp1	News	NaN	0.3099
1068	1069	fr	ewe	challenge_SSA-MTE	hyp1	News	NaN	0.3462
1069	1070	fr	ewe	challenge_SSA-MTE	hyp1	News	NaN	0.3495
1070	1071	fr	ewe	challenge_SSA-MTE	hyp1	News	NaN	0.3372
1071	1072	fr	ewe	challenge_SSA-MTE	hyp1	News	NaN	0.3473
1072	1073	fr	ewe	challenge_SSA-MTE	hyp1	News	NaN	0.2946
1073	1074	fr	ewe	challenge_SSA-MTE	hyp1	News	NaN	0.3013
1074	1075	fr	ewe	challenge_SSA-MTE	hyp1	News	NaN	0.2799
1075	1076	fr	ewe	challenge_SSA-MTE	hyp1	News	NaN	0.2927
1076	1077	fr	ewe	challenge_SSA-MTE	hyp1	News	NaN	0.2981
0	1	fr	wol	challenge_SSA-MTE	hyp1	News	NaN	0.2474
1	2	fr	wol	challenge_SSA-MTE	hyp1	News	NaN	0.3113
2	3	fr	wol	challenge_SSA-MTE	hyp1	News	NaN	0.2664
3	4	fr	wol	challenge_SSA-MTE	hyp1	News	NaN	0.2572
4	5	fr	wol	challenge_SSA-MTE	hyp1	News	NaN	0.3211
5	6	fr	wol	challenge_SSA-MTE	hyp1	News	NaN	0.3559
6	7	fr	wol	challenge_SSA-MTE	hyp1	News	NaN	0.2481
7	8	fr	wol	challenge_SSA-MTE	hyp1	News	NaN	0.3800
8	9	fr	wol	challenge_SSA-MTE	hyp1	News	NaN	0.3540
9	10	fr	wol	challenge_SSA-MTE	hyp1	News	NaN	0.3371
10	11	fr	wol	challenge_SSA-MTE	hyp1	News	NaN	0.3707
11	12	fr	wol	challenge_SSA-MTE	hyp1	News	NaN	0.2835
12	13	fr	wol	challenge_SSA-MTE	hyp1	News	NaN	0.2890
13	14	fr	wol	challenge_SSA-MTE	hyp1	News	NaN	0.3714
14	15	fr	wol	challenge_SSA-MTE	hyp1	News	NaN	0.3496
15	16	fr	wol	challenge_SSA-MTE	hyp1	News	NaN	0.3216
16	17	fr	wol	challenge_SSA-MTE	hyp1	News	NaN	0.1920
17	18	fr	wol	challenge_SSA-MTE	hyp1	News	NaN	0.3528
18	19	fr	wol	challenge_SSA-MTE	hyp1	News	NaN	0.2886
19	20	fr	wol	challenge_SSA-MTE	hyp1	News	NaN	0.3098
20	21	fr	wol	challenge_SSA-MTE	hyp1	News	NaN	0.3220
21	22	fr	wol	challenge_SSA-MTE	hyp1	News	NaN	0.2543
22	23	fr	wol	challenge_SSA-MTE	hyp1	News	NaN	0.2595
23	24	fr	wol	challenge_SSA-MTE	hyp1	News	NaN	0.3208
24	25	fr	wol	challenge_SSA-MTE	hyp1	News	NaN	0.3200
25	26	fr	wol	challenge_SSA-MTE	hyp1	News	NaN	0.2822
26	27	fr	wol	challenge_SSA-MTE	hyp1	News	NaN	0.3596
27	28	fr	wol	challenge_SSA-MTE	hyp1	News	NaN	0.3818
28	29	fr	wol	challenge_SSA-MTE	hyp1	News	NaN	0.3018
29	30	fr	wol	challenge_SSA-MTE	hyp1	News	NaN	0.2899
30	31	fr	wol	challenge_SSA-MTE	hyp1	News	NaN	0.3739
31	32	fr	wol	challenge_SSA-MTE	hyp1	News	NaN	0.2949
32	33	fr	wol	challenge_SSA-MTE	hyp1	News	NaN	0.3572
33	34	fr	wol	challenge_SSA-MTE	hyp1	News	NaN	0.4354
34	35	fr	wol	challenge_SSA-MTE	hyp1	News	NaN	0.3715
35	36	fr	wol	challenge_SSA-MTE	hyp1	News	NaN	0.3852
36	37	fr	wol	challenge_SSA-MTE	hyp1	News	NaN	0.2800
37	38	fr	wol	challenge_SSA-MTE	hyp1	News	NaN	0.3726
38	39	fr	wol	challenge_SSA-MTE	hyp1	News	NaN	0.6007
39	40	fr	wol	challenge_SSA-MTE	hyp1	News	NaN	0.4285
40	41	fr	wol	challenge_SSA-MTE	hyp1	News	NaN	0.2614
41	42	fr	wol	challenge_SSA-MTE	hyp1	News	NaN	0.3290
42	43	fr	wol	challenge_SSA-MTE	hyp1	News	NaN	0.3633
43	44	fr	wol	challenge_SSA-MTE	hyp1	News	NaN	0.3735
44	45	fr	wol	challenge_SSA-MTE	hyp1	News	NaN	0.3097
45	46	fr	wol	challenge_SSA-MTE	hyp1	News	NaN	0.2998
46	47	fr	wol	challenge_SSA-MTE	hyp1	News	NaN	0.3227
47	48	fr	wol	challenge_SSA-MTE	hyp1	News	NaN	0.2971
48	49	fr	wol	challenge_SSA-MTE	hyp1	News	NaN	0.2696
49	50	fr	wol	challenge_SSA-MTE	hyp1	News	NaN	0.3102
50	51	fr	wol	challenge_SSA-MTE	hyp1	News	NaN	0.3980
51	52	fr	wol	challenge_SSA-MTE	hyp1	News	NaN	0.3818
52	53	fr	wol	challenge_SSA-MTE	hyp1	News	NaN	0.3598
53	54	fr	wol	challenge_SSA-MTE	hyp1	News	NaN	0.3877
54	55	fr	wol	challenge_SSA-MTE	hyp1	News	NaN	0.4448
55	56	fr	wol	challenge_SSA-MTE	hyp1	News	NaN	0.3753
56	57	fr	wol	challenge_SSA-MTE	hyp1	News	NaN	0.2918
57	58	fr	wol	challenge_SSA-MTE	hyp1	News	NaN	0.3384
58	59	fr	wol	challenge_SSA-MTE	hyp1	News	NaN	0.4042
59	60	fr	wol	challenge_SSA-MTE	hyp1	News	NaN	0.3727
60	61	fr	wol	challenge_SSA-MTE	hyp1	News	NaN	0.4434
61	62	fr	wol	challenge_SSA-MTE	hyp1	News	NaN	0.3794
62	63	fr	wol	challenge_SSA-MTE	hyp1	News	NaN	0.4265
63	64	fr	wol	challenge_SSA-MTE	hyp1	News	NaN	0.3842
64	65	fr	wol	challenge_SSA-MTE	hyp1	News	NaN	0.3975
65	66	fr	wol	challenge_SSA-MTE	hyp1	News	NaN	0.2526
66	67	fr	wol	challenge_SSA-MTE	hyp1	News	NaN	0.2644
67	68	fr	wol	challenge_SSA-MTE	hyp1	News	NaN	0.2692
68	69	fr	wol	challenge_SSA-MTE	hyp1	News	NaN	0.3307
69	70	fr	wol	challenge_SSA-MTE	hyp1	News	NaN	0.3720
70	71	fr	wol	challenge_SSA-MTE	hyp1	News	NaN	0.3276
71	72	fr	wol	challenge_SSA-MTE	hyp1	News	NaN	0.2899
72	73	fr	wol	challenge_SSA-MTE	hyp1	News	NaN	0.3621
73	74	fr	wol	challenge_SSA-MTE	hyp1	News	NaN	0.3891
74	75	fr	wol	challenge_SSA-MTE	hyp1	News	NaN	0.3930
75	76	fr	wol	challenge_SSA-MTE	hyp1	News	NaN	0.3946
76	77	fr	wol	challenge_SSA-MTE	hyp1	News	NaN	0.5929
77	78	fr	wol	challenge_SSA-MTE	hyp1	News	NaN	0.2760
78	79	fr	wol	challenge_SSA-MTE	hyp1	News	NaN	0.4996
79	80	fr	wol	challenge_SSA-MTE	hyp1	News	NaN	0.3929
80	81	fr	wol	challenge_SSA-MTE	hyp1	News	NaN	0.2942
81	82	fr	wol	challenge_SSA-MTE	hyp1	News	NaN	0.2825
82	83	fr	wol	challenge_SSA-MTE	hyp1	News	NaN	0.3469
83	84	fr	wol	challenge_SSA-MTE	hyp1	News	NaN	0.3419
84	85	fr	wol	challenge_SSA-MTE	hyp1	News	NaN	0.3958
85	86	fr	wol	challenge_SSA-MTE	hyp1	News	NaN	0.3465
86	87	fr	wol	challenge_SSA-MTE	hyp1	News	NaN	0.3780
87	88	fr	wol	challenge_SSA-MTE	hyp1	News	NaN	0.4126
88	89	fr	wol	challenge_SSA-MTE	hyp1	News	NaN	0.3646
89	90	fr	wol	challenge_SSA-MTE	hyp1	News	NaN	0.2964
90	91	fr	wol	challenge_SSA-MTE	hyp1	News	NaN	0.3780
91	92	fr	wol	challenge_SSA-MTE	hyp1	News	NaN	0.3292
92	93	fr	wol	challenge_SSA-MTE	hyp1	News	NaN	0.3519
93	94	fr	wol	challenge_SSA-MTE	hyp1	News	NaN	0.3413
94	95	fr	wol	challenge_SSA-MTE	hyp1	News	NaN	0.2789
95	96	fr	wol	challenge_SSA-MTE	hyp1	News	NaN	0.2370
96	97	fr	wol	challenge_SSA-MTE	hyp1	News	NaN	0.2710
97	98	fr	wol	challenge_SSA-MTE	hyp1	News	NaN	0.2783
98	99	fr	wol	challenge_SSA-MTE	hyp1	News	NaN	0.2960
99	100	fr	wol	challenge_SSA-MTE	hyp1	News	NaN	0.3468
100	101	fr	wol	challenge_SSA-MTE	hyp1	News	NaN	0.3384
101	102	fr	wol	challenge_SSA-MTE	hyp1	News	NaN	0.2589
102	103	fr	wol	challenge_SSA-MTE	hyp1	News	NaN	0.3506
103	104	fr	wol	challenge_SSA-MTE	hyp1	News	NaN	0.2658
104	105	fr	wol	challenge_SSA-MTE	hyp1	News	NaN	0.3483
105	106	fr	wol	challenge_SSA-MTE	hyp1	News	NaN	0.3073
106	107	fr	wol	challenge_SSA-MTE	hyp1	News	NaN	0.2252
107	108	fr	wol	challenge_SSA-MTE	hyp1	News	NaN	0.2713
108	109	fr	wol	challenge_SSA-MTE	hyp1	News	NaN	0.2494
109	110	fr	wol	challenge_SSA-MTE	hyp1	News	NaN	0.3839
110	111	fr	wol	challenge_SSA-MTE	hyp1	News	NaN	0.4201
111	112	fr	wol	challenge_SSA-MTE	hyp1	News	NaN	0.2497
112	113	fr	wol	challenge_SSA-MTE	hyp1	News	NaN	0.3431
113	114	fr	wol	challenge_SSA-MTE	hyp1	News	NaN	0.2917
114	115	fr	wol	challenge_SSA-MTE	hyp1	News	NaN	0.3527
115	116	fr	wol	challenge_SSA-MTE	hyp1	News	NaN	0.2441
116	117	fr	wol	challenge_SSA-MTE	hyp1	News	NaN	0.3703
117	118	fr	wol	challenge_SSA-MTE	hyp1	News	NaN	0.4552
118	119	fr	wol	challenge_SSA-MTE	hyp1	News	NaN	0.3599
119	120	fr	wol	challenge_SSA-MTE	hyp1	News	NaN	0.4896
120	121	fr	wol	challenge_SSA-MTE	hyp1	News	NaN	0.2605
121	122	fr	wol	challenge_SSA-MTE	hyp1	News	NaN	0.4044
122	123	fr	wol	challenge_SSA-MTE	hyp1	News	NaN	0.4030
123	124	fr	wol	challenge_SSA-MTE	hyp1	News	NaN	0.4362
124	125	fr	wol	challenge_SSA-MTE	hyp1	News	NaN	0.3169
125	126	fr	wol	challenge_SSA-MTE	hyp1	News	NaN	0.2489
126	127	fr	wol	challenge_SSA-MTE	hyp1	News	NaN	0.2654
127	128	fr	wol	challenge_SSA-MTE	hyp1	News	NaN	0.3259
128	129	fr	wol	challenge_SSA-MTE	hyp1	News	NaN	0.3166
129	130	fr	wol	challenge_SSA-MTE	hyp1	News	NaN	0.4240
130	131	fr	wol	challenge_SSA-MTE	hyp1	News	NaN	0.3638
131	132	fr	wol	challenge_SSA-MTE	hyp1	News	NaN	0.3042
132	133	fr	wol	challenge_SSA-MTE	hyp1	News	NaN	0.3509
133	134	fr	wol	challenge_SSA-MTE	hyp1	News	NaN	0.3505
134	135	fr	wol	challenge_SSA-MTE	hyp1	News	NaN	0.3292
135	136	fr	wol	challenge_SSA-MTE	hyp1	News	NaN	0.3420
136	137	fr	wol	challenge_SSA-MTE	hyp1	News	NaN	0.3197
137	138	fr	wol	challenge_SSA-MTE	hyp1	News	NaN	0.3519
138	139	fr	wol	challenge_SSA-MTE	hyp1	News	NaN	0.3407
139	140	fr	wol	challenge_SSA-MTE	hyp1	News	NaN	0.4748
140	141	fr	wol	challenge_SSA-MTE	hyp1	News	NaN	0.4555
141	142	fr	wol	challenge_SSA-MTE	hyp1	News	NaN	0.3561
142	143	fr	wol	challenge_SSA-MTE	hyp1	News	NaN	0.3572
143	144	fr	wol	challenge_SSA-MTE	hyp1	News	NaN	0.4752
144	145	fr	wol	challenge_SSA-MTE	hyp1	News	NaN	0.3217
145	146	fr	wol	challenge_SSA-MTE	hyp1	News	NaN	0.3765
146	147	fr	wol	challenge_SSA-MTE	hyp1	News	NaN	0.3186
147	148	fr	wol	challenge_SSA-MTE	hyp1	News	NaN	0.3390
148	149	fr	wol	challenge_SSA-MTE	hyp1	News	NaN	0.4246
149	150	fr	wol	challenge_SSA-MTE	hyp1	News	NaN	0.2756
150	151	fr	wol	challenge_SSA-MTE	hyp1	News	NaN	0.2635
151	152	fr	wol	challenge_SSA-MTE	hyp1	News	NaN	0.2582
152	153	fr	wol	challenge_SSA-MTE	hyp1	News	NaN	0.2752
153	154	fr	wol	challenge_SSA-MTE	hyp1	News	NaN	0.3034
154	155	fr	wol	challenge_SSA-MTE	hyp1	News	NaN	0.3049
155	156	fr	wol	challenge_SSA-MTE	hyp1	News	NaN	0.3096
156	157	fr	wol	challenge_SSA-MTE	hyp1	News	NaN	0.3114
157	158	fr	wol	challenge_SSA-MTE	hyp1	News	NaN	0.3103
158	159	fr	wol	challenge_SSA-MTE	hyp1	News	NaN	0.2927
159	160	fr	wol	challenge_SSA-MTE	hyp1	News	NaN	0.2878
160	161	fr	wol	challenge_SSA-MTE	hyp1	News	NaN	0.2355
161	162	fr	wol	challenge_SSA-MTE	hyp1	News	NaN	0.3049
162	163	fr	wol	challenge_SSA-MTE	hyp1	News	NaN	0.3504
163	164	fr	wol	challenge_SSA-MTE	hyp1	News	NaN	0.2870
164	165	fr	wol	challenge_SSA-MTE	hyp1	News	NaN	0.2753
165	166	fr	wol	challenge_SSA-MTE	hyp1	News	NaN	0.2873
166	167	fr	wol	challenge_SSA-MTE	hyp1	News	NaN	0.2951
167	168	fr	wol	challenge_SSA-MTE	hyp1	News	NaN	0.2680
168	169	fr	wol	challenge_SSA-MTE	hyp1	News	NaN	0.3519
169	170	fr	wol	challenge_SSA-MTE	hyp1	News	NaN	0.3485
170	171	fr	wol	challenge_SSA-MTE	hyp1	News	NaN	0.2778
171	172	fr	wol	challenge_SSA-MTE	hyp1	News	NaN	0.2808
172	173	fr	wol	challenge_SSA-MTE	hyp1	News	NaN	0.3478
173	174	fr	wol	challenge_SSA-MTE	hyp1	News	NaN	0.3158
174	175	fr	wol	challenge_SSA-MTE	hyp1	News	NaN	0.4270
175	176	fr	wol	challenge_SSA-MTE	hyp1	News	NaN	0.3883
176	177	fr	wol	challenge_SSA-MTE	hyp1	News	NaN	0.3983
177	178	fr	wol	challenge_SSA-MTE	hyp1	News	NaN	0.4613
178	179	fr	wol	challenge_SSA-MTE	hyp1	News	NaN	0.4349
179	180	fr	wol	challenge_SSA-MTE	hyp1	News	NaN	0.3238
180	181	fr	wol	challenge_SSA-MTE	hyp1	News	NaN	0.3697
181	182	fr	wol	challenge_SSA-MTE	hyp1	News	NaN	0.3198
182	183	fr	wol	challenge_SSA-MTE	hyp1	News	NaN	0.3460
183	184	fr	wol	challenge_SSA-MTE	hyp1	News	NaN	0.3799
184	185	fr	wol	challenge_SSA-MTE	hyp1	News	NaN	0.2409
185	186	fr	wol	challenge_SSA-MTE	hyp1	News	NaN	0.3229
186	187	fr	wol	challenge_SSA-MTE	hyp1	News	NaN	0.3442
187	188	fr	wol	challenge_SSA-MTE	hyp1	News	NaN	0.3687
188	189	fr	wol	challenge_SSA-MTE	hyp1	News	NaN	0.2903
189	190	fr	wol	challenge_SSA-MTE	hyp1	News	NaN	0.2275
190	191	fr	wol	challenge_SSA-MTE	hyp1	News	NaN	0.2474
191	192	fr	wol	challenge_SSA-MTE	hyp1	News	NaN	0.3536
192	193	fr	wol	challenge_SSA-MTE	hyp1	News	NaN	0.2896
193	194	fr	wol	challenge_SSA-MTE	hyp1	News	NaN	0.2719
194	195	fr	wol	challenge_SSA-MTE	hyp1	News	NaN	0.3415
195	196	fr	wol	challenge_SSA-MTE	hyp1	News	NaN	0.3530
196	197	fr	wol	challenge_SSA-MTE	hyp1	News	NaN	0.3208
197	198	fr	wol	challenge_SSA-MTE	hyp1	News	NaN	0.3713
198	199	fr	wol	challenge_SSA-MTE	hyp1	News	NaN	0.3552
199	200	fr	wol	challenge_SSA-MTE	hyp1	News	NaN	0.2840
200	201	fr	wol	challenge_SSA-MTE	hyp1	News	NaN	0.2612
201	202	fr	wol	challenge_SSA-MTE	hyp1	News	NaN	0.2542
202	203	fr	wol	challenge_SSA-MTE	hyp1	News	NaN	0.2889
203	204	fr	wol	challenge_SSA-MTE	hyp1	News	NaN	0.2596
204	205	fr	wol	challenge_SSA-MTE	hyp1	News	NaN	0.4655
205	206	fr	wol	challenge_SSA-MTE	hyp1	News	NaN	0.3169
206	207	fr	wol	challenge_SSA-MTE	hyp1	News	NaN	0.3993
207	208	fr	wol	challenge_SSA-MTE	hyp1	News	NaN	0.3180
208	209	fr	wol	challenge_SSA-MTE	hyp1	News	NaN	0.3186
209	210	fr	wol	challenge_SSA-MTE	hyp1	News	NaN	0.3070
210	211	fr	wol	challenge_SSA-MTE	hyp1	News	NaN	0.3409
211	212	fr	wol	challenge_SSA-MTE	hyp1	News	NaN	0.3397
212	213	fr	wol	challenge_SSA-MTE	hyp1	News	NaN	0.4014
213	214	fr	wol	challenge_SSA-MTE	hyp1	News	NaN	0.3614
214	215	fr	wol	challenge_SSA-MTE	hyp1	News	NaN	0.5101
215	216	fr	wol	challenge_SSA-MTE	hyp1	News	NaN	0.3603
216	217	fr	wol	challenge_SSA-MTE	hyp1	News	NaN	0.3732
217	218	fr	wol	challenge_SSA-MTE	hyp1	News	NaN	0.3555
218	219	fr	wol	challenge_SSA-MTE	hyp1	News	NaN	0.3791
219	220	fr	wol	challenge_SSA-MTE	hyp1	News	NaN	0.3375
220	221	fr	wol	challenge_SSA-MTE	hyp1	News	NaN	0.3734
221	222	fr	wol	challenge_SSA-MTE	hyp1	News	NaN	0.4271
222	223	fr	wol	challenge_SSA-MTE	hyp1	News	NaN	0.3914
223	224	fr	wol	challenge_SSA-MTE	hyp1	News	NaN	0.3889
224	225	fr	wol	challenge_SSA-MTE	hyp1	News	NaN	0.3328
225	226	fr	wol	challenge_SSA-MTE	hyp1	News	NaN	0.3857
226	227	fr	wol	challenge_SSA-MTE	hyp1	News	NaN	0.4260
227	228	fr	wol	challenge_SSA-MTE	hyp1	News	NaN	0.4905
228	229	fr	wol	challenge_SSA-MTE	hyp1	News	NaN	0.2851
229	230	fr	wol	challenge_SSA-MTE	hyp1	News	NaN	0.2600
230	231	fr	wol	challenge_SSA-MTE	hyp1	News	NaN	0.2794
231	232	fr	wol	challenge_SSA-MTE	hyp1	News	NaN	0.2552
232	233	fr	wol	challenge_SSA-MTE	hyp1	News	NaN	0.2050
233	234	fr	wol	challenge_SSA-MTE	hyp1	News	NaN	0.2357
234	235	fr	wol	challenge_SSA-MTE	hyp1	News	NaN	0.2915
235	236	fr	wol	challenge_SSA-MTE	hyp1	News	NaN	0.3438
236	237	fr	wol	challenge_SSA-MTE	hyp1	News	NaN	0.3568
237	238	fr	wol	challenge_SSA-MTE	hyp1	News	NaN	0.4035
238	239	fr	wol	challenge_SSA-MTE	hyp1	News	NaN	0.2690
239	240	fr	wol	challenge_SSA-MTE	hyp1	News	NaN	0.4081
240	241	fr	wol	challenge_SSA-MTE	hyp1	News	NaN	0.3392
241	242	fr	wol	challenge_SSA-MTE	hyp1	News	NaN	0.3511
242	243	fr	wol	challenge_SSA-MTE	hyp1	News	NaN	0.2715
243	244	fr	wol	challenge_SSA-MTE	hyp1	News	NaN	0.3249
244	245	fr	wol	challenge_SSA-MTE	hyp1	News	NaN	0.2540
245	246	fr	wol	challenge_SSA-MTE	hyp1	News	NaN	0.3396
246	247	fr	wol	challenge_SSA-MTE	hyp1	News	NaN	0.3216
247	248	fr	wol	challenge_SSA-MTE	hyp1	News	NaN	0.2786
248	249	fr	wol	challenge_SSA-MTE	hyp1	News	NaN	0.3103
249	250	fr	wol	challenge_SSA-MTE	hyp1	News	NaN	0.2939
250	251	fr	wol	challenge_SSA-MTE	hyp1	News	NaN	0.3507
251	252	fr	wol	challenge_SSA-MTE	hyp1	News	NaN	0.3234
252	253	fr	wol	challenge_SSA-MTE	hyp1	News	NaN	0.3417
253	254	fr	wol	challenge_SSA-MTE	hyp1	News	NaN	0.2763
254	255	fr	wol	challenge_SSA-MTE	hyp1	News	NaN	0.2825
255	256	fr	wol	challenge_SSA-MTE	hyp1	News	NaN	0.3080
256	257	fr	wol	challenge_SSA-MTE	hyp1	News	NaN	0.3081
257	258	fr	wol	challenge_SSA-MTE	hyp1	News	NaN	0.3845
258	259	fr	wol	challenge_SSA-MTE	hyp1	News	NaN	0.3035
259	260	fr	wol	challenge_SSA-MTE	hyp1	News	NaN	0.3630
260	261	fr	wol	challenge_SSA-MTE	hyp1	News	NaN	0.3843
261	262	fr	wol	challenge_SSA-MTE	hyp1	News	NaN	0.3677
262	263	fr	wol	challenge_SSA-MTE	hyp1	News	NaN	0.3156
263	264	fr	wol	challenge_SSA-MTE	hyp1	News	NaN	0.3068
264	265	fr	wol	challenge_SSA-MTE	hyp1	News	NaN	0.3587
265	266	fr	wol	challenge_SSA-MTE	hyp1	News	NaN	0.4154
266	267	fr	wol	challenge_SSA-MTE	hyp1	News	NaN	0.3463
267	268	fr	wol	challenge_SSA-MTE	hyp1	News	NaN	0.3283
268	269	fr	wol	challenge_SSA-MTE	hyp1	News	NaN	0.2821
269	270	fr	wol	challenge_SSA-MTE	hyp1	News	NaN	0.3458
270	271	fr	wol	challenge_SSA-MTE	hyp1	News	NaN	0.3080
271	272	fr	wol	challenge_SSA-MTE	hyp1	News	NaN	0.3338
272	273	fr	wol	challenge_SSA-MTE	hyp1	News	NaN	0.3560
273	274	fr	wol	challenge_SSA-MTE	hyp1	News	NaN	0.3586
274	275	fr	wol	challenge_SSA-MTE	hyp1	News	NaN	0.3333
275	276	fr	wol	challenge_SSA-MTE	hyp1	News	NaN	0.3516
276	277	fr	wol	challenge_SSA-MTE	hyp1	News	NaN	0.3011
277	278	fr	wol	challenge_SSA-MTE	hyp1	News	NaN	0.3161
278	279	fr	wol	challenge_SSA-MTE	hyp1	News	NaN	0.3043
279	280	fr	wol	challenge_SSA-MTE	hyp1	News	NaN	0.2844
280	281	fr	wol	challenge_SSA-MTE	hyp1	News	NaN	0.3655
281	282	fr	wol	challenge_SSA-MTE	hyp1	News	NaN	0.3816
282	283	fr	wol	challenge_SSA-MTE	hyp1	News	NaN	0.3493
283	284	fr	wol	challenge_SSA-MTE	hyp1	News	NaN	0.2861
284	285	fr	wol	challenge_SSA-MTE	hyp1	News	NaN	0.2615
285	286	fr	wol	challenge_SSA-MTE	hyp1	News	NaN	0.3223
286	287	fr	wol	challenge_SSA-MTE	hyp1	News	NaN	0.3280
287	288	fr	wol	challenge_SSA-MTE	hyp1	News	NaN	0.4165
288	289	fr	wol	challenge_SSA-MTE	hyp1	News	NaN	0.3286
289	290	fr	wol	challenge_SSA-MTE	hyp1	News	NaN	0.3665
290	291	fr	wol	challenge_SSA-MTE	hyp1	News	NaN	0.4288
291	292	fr	wol	challenge_SSA-MTE	hyp1	News	NaN	0.3921
292	293	fr	wol	challenge_SSA-MTE	hyp1	News	NaN	0.2552
293	294	fr	wol	challenge_SSA-MTE	hyp1	News	NaN	0.3184
294	295	fr	wol	challenge_SSA-MTE	hyp1	News	NaN	0.2779
295	296	fr	wol	challenge_SSA-MTE	hyp1	News	NaN	0.3381
296	297	fr	wol	challenge_SSA-MTE	hyp1	News	NaN	0.3079
297	298	fr	wol	challenge_SSA-MTE	hyp1	News	NaN	0.4867
298	299	fr	wol	challenge_SSA-MTE	hyp1	News	NaN	0.2789
299	300	fr	wol	challenge_SSA-MTE	hyp1	News	NaN	0.2868
300	301	fr	wol	challenge_SSA-MTE	hyp1	News	NaN	0.3269
301	302	fr	wol	challenge_SSA-MTE	hyp1	News	NaN	0.3623
302	303	fr	wol	challenge_SSA-MTE	hyp1	News	NaN	0.4236
303	304	fr	wol	challenge_SSA-MTE	hyp1	News	NaN	0.4427
304	305	fr	wol	challenge_SSA-MTE	hyp1	News	NaN	0.3768
305	306	fr	wol	challenge_SSA-MTE	hyp1	News	NaN	0.4314
306	307	fr	wol	challenge_SSA-MTE	hyp1	News	NaN	0.4319
307	308	fr	wol	challenge_SSA-MTE	hyp1	News	NaN	0.3139
308	309	fr	wol	challenge_SSA-MTE	hyp1	News	NaN	0.3404
309	310	fr	wol	challenge_SSA-MTE	hyp1	News	NaN	0.3252
310	311	fr	wol	challenge_SSA-MTE	hyp1	News	NaN	0.3238
311	312	fr	wol	challenge_SSA-MTE	hyp1	News	NaN	0.3985
312	313	fr	wol	challenge_SSA-MTE	hyp1	News	NaN	0.3900
313	314	fr	wol	challenge_SSA-MTE	hyp1	News	NaN	0.3787
314	315	fr	wol	challenge_SSA-MTE	hyp1	News	NaN	0.4696
315	316	fr	wol	challenge_SSA-MTE	hyp1	News	NaN	0.3953
316	317	fr	wol	challenge_SSA-MTE	hyp1	News	NaN	0.3520
317	318	fr	wol	challenge_SSA-MTE	hyp1	News	NaN	0.2916
318	319	fr	wol	challenge_SSA-MTE	hyp1	News	NaN	0.2086
319	320	fr	wol	challenge_SSA-MTE	hyp1	News	NaN	0.3446
320	321	fr	wol	challenge_SSA-MTE	hyp1	News	NaN	0.2938
321	322	fr	wol	challenge_SSA-MTE	hyp1	News	NaN	0.3457
322	323	fr	wol	challenge_SSA-MTE	hyp1	News	NaN	0.2954
323	324	fr	wol	challenge_SSA-MTE	hyp1	News	NaN	0.2690
324	325	fr	wol	challenge_SSA-MTE	hyp1	News	NaN	0.2914
325	326	fr	wol	challenge_SSA-MTE	hyp1	News	NaN	0.2866
326	327	fr	wol	challenge_SSA-MTE	hyp1	News	NaN	0.3775
327	328	fr	wol	challenge_SSA-MTE	hyp1	News	NaN	0.3524
328	329	fr	wol	challenge_SSA-MTE	hyp1	News	NaN	0.3845
329	330	fr	wol	challenge_SSA-MTE	hyp1	News	NaN	0.3740
330	331	fr	wol	challenge_SSA-MTE	hyp1	News	NaN	0.3566
331	332	fr	wol	challenge_SSA-MTE	hyp1	News	NaN	0.3315
332	333	fr	wol	challenge_SSA-MTE	hyp1	News	NaN	0.4172
333	334	fr	wol	challenge_SSA-MTE	hyp1	News	NaN	0.3461
334	335	fr	wol	challenge_SSA-MTE	hyp1	News	NaN	0.4032
335	336	fr	wol	challenge_SSA-MTE	hyp1	News	NaN	0.3608
336	337	fr	wol	challenge_SSA-MTE	hyp1	News	NaN	0.3041
337	338	fr	wol	challenge_SSA-MTE	hyp1	News	NaN	0.2739
338	339	fr	wol	challenge_SSA-MTE	hyp1	News	NaN	0.2679
339	340	fr	wol	challenge_SSA-MTE	hyp1	News	NaN	0.2975
340	341	fr	wol	challenge_SSA-MTE	hyp1	News	NaN	0.3188
341	342	fr	wol	challenge_SSA-MTE	hyp1	News	NaN	0.3730
342	343	fr	wol	challenge_SSA-MTE	hyp1	News	NaN	0.2623
343	344	fr	wol	challenge_SSA-MTE	hyp1	News	NaN	0.3725
344	345	fr	wol	challenge_SSA-MTE	hyp1	News	NaN	0.4094
345	346	fr	wol	challenge_SSA-MTE	hyp1	News	NaN	0.4290
346	347	fr	wol	challenge_SSA-MTE	hyp1	News	NaN	0.3801
347	348	fr	wol	challenge_SSA-MTE	hyp1	News	NaN	0.3145
348	349	fr	wol	challenge_SSA-MTE	hyp1	News	NaN	0.3423
349	350	fr	wol	challenge_SSA-MTE	hyp1	News	NaN	0.3952
350	351	fr	wol	challenge_SSA-MTE	hyp1	News	NaN	0.3775
351	352	fr	wol	challenge_SSA-MTE	hyp1	News	NaN	0.2889
352	353	fr	wol	challenge_SSA-MTE	hyp1	News	NaN	0.3070
353	354	fr	wol	challenge_SSA-MTE	hyp1	News	NaN	0.3581
354	355	fr	wol	challenge_SSA-MTE	hyp1	News	NaN	0.3164
355	356	fr	wol	challenge_SSA-MTE	hyp1	News	NaN	0.3643
356	357	fr	wol	challenge_SSA-MTE	hyp1	News	NaN	0.3355
357	358	fr	wol	challenge_SSA-MTE	hyp1	News	NaN	0.6748
358	359	fr	wol	challenge_SSA-MTE	hyp1	News	NaN	0.3723
359	360	fr	wol	challenge_SSA-MTE	hyp1	News	NaN	0.3583
360	361	fr	wol	challenge_SSA-MTE	hyp1	News	NaN	0.3699
361	362	fr	wol	challenge_SSA-MTE	hyp1	News	NaN	0.3488
362	363	fr	wol	challenge_SSA-MTE	hyp1	News	NaN	0.3753
363	364	fr	wol	challenge_SSA-MTE	hyp1	News	NaN	0.2761
364	365	fr	wol	challenge_SSA-MTE	hyp1	News	NaN	0.3493
365	366	fr	wol	challenge_SSA-MTE	hyp1	News	NaN	0.2968
366	367	fr	wol	challenge_SSA-MTE	hyp1	News	NaN	0.3483
367	368	fr	wol	challenge_SSA-MTE	hyp1	News	NaN	0.3186
368	369	fr	wol	challenge_SSA-MTE	hyp1	News	NaN	0.3892
369	370	fr	wol	challenge_SSA-MTE	hyp1	News	NaN	0.3606
370	371	fr	wol	challenge_SSA-MTE	hyp1	News	NaN	0.2850
371	372	fr	wol	challenge_SSA-MTE	hyp1	News	NaN	0.2749
372	373	fr	wol	challenge_SSA-MTE	hyp1	News	NaN	0.3091
373	374	fr	wol	challenge_SSA-MTE	hyp1	News	NaN	0.3425
374	375	fr	wol	challenge_SSA-MTE	hyp1	News	NaN	0.3384
375	376	fr	wol	challenge_SSA-MTE	hyp1	News	NaN	0.3728
376	377	fr	wol	challenge_SSA-MTE	hyp1	News	NaN	0.3498
377	378	fr	wol	challenge_SSA-MTE	hyp1	News	NaN	0.3137
378	379	fr	wol	challenge_SSA-MTE	hyp1	News	NaN	0.2472
379	380	fr	wol	challenge_SSA-MTE	hyp1	News	NaN	0.3603
380	381	fr	wol	challenge_SSA-MTE	hyp1	News	NaN	0.3917
381	382	fr	wol	challenge_SSA-MTE	hyp1	News	NaN	0.2971
382	383	fr	wol	challenge_SSA-MTE	hyp1	News	NaN	0.3241
383	384	fr	wol	challenge_SSA-MTE	hyp1	News	NaN	0.2881
384	385	fr	wol	challenge_SSA-MTE	hyp1	News	NaN	0.2948
385	386	fr	wol	challenge_SSA-MTE	hyp1	News	NaN	0.3346
386	387	fr	wol	challenge_SSA-MTE	hyp1	News	NaN	0.3880
387	388	fr	wol	challenge_SSA-MTE	hyp1	News	NaN	0.3045
388	389	fr	wol	challenge_SSA-MTE	hyp1	News	NaN	0.3770
389	390	fr	wol	challenge_SSA-MTE	hyp1	News	NaN	0.4375
390	391	fr	wol	challenge_SSA-MTE	hyp1	News	NaN	0.3442
391	392	fr	wol	challenge_SSA-MTE	hyp1	News	NaN	0.2786
392	393	fr	wol	challenge_SSA-MTE	hyp1	News	NaN	0.3093
393	394	fr	wol	challenge_SSA-MTE	hyp1	News	NaN	0.2630
394	395	fr	wol	challenge_SSA-MTE	hyp1	News	NaN	0.3482
395	396	fr	wol	challenge_SSA-MTE	hyp1	News	NaN	0.3084
396	397	fr	wol	challenge_SSA-MTE	hyp1	News	NaN	0.3195
397	398	fr	wol	challenge_SSA-MTE	hyp1	News	NaN	0.3276
398	399	fr	wol	challenge_SSA-MTE	hyp1	News	NaN	0.2213
399	400	fr	wol	challenge_SSA-MTE	hyp1	News	NaN	0.3525
400	401	fr	wol	challenge_SSA-MTE	hyp1	News	NaN	0.3246
401	402	fr	wol	challenge_SSA-MTE	hyp1	News	NaN	0.3276
402	403	fr	wol	challenge_SSA-MTE	hyp1	News	NaN	0.3070
403	404	fr	wol	challenge_SSA-MTE	hyp1	News	NaN	0.3400
404	405	fr	wol	challenge_SSA-MTE	hyp1	News	NaN	0.3617
405	406	fr	wol	challenge_SSA-MTE	hyp1	News	NaN	0.3410
406	407	fr	wol	challenge_SSA-MTE	hyp1	News	NaN	0.3385
407	408	fr	wol	challenge_SSA-MTE	hyp1	News	NaN	0.3090
408	409	fr	wol	challenge_SSA-MTE	hyp1	News	NaN	0.3059
409	410	fr	wol	challenge_SSA-MTE	hyp1	News	NaN	0.3634
410	411	fr	wol	challenge_SSA-MTE	hyp1	News	NaN	0.3040
411	412	fr	wol	challenge_SSA-MTE	hyp1	News	NaN	0.3803
412	413	fr	wol	challenge_SSA-MTE	hyp1	News	NaN	0.3430
413	414	fr	wol	challenge_SSA-MTE	hyp1	News	NaN	0.3316
414	415	fr	wol	challenge_SSA-MTE	hyp1	News	NaN	0.3556
415	416	fr	wol	challenge_SSA-MTE	hyp1	News	NaN	0.3856
416	417	fr	wol	challenge_SSA-MTE	hyp1	News	NaN	0.3217
417	418	fr	wol	challenge_SSA-MTE	hyp1	News	NaN	0.3085
418	419	fr	wol	challenge_SSA-MTE	hyp1	News	NaN	0.3112
419	420	fr	wol	challenge_SSA-MTE	hyp1	News	NaN	0.3319
420	421	fr	wol	challenge_SSA-MTE	hyp1	News	NaN	0.3024
421	422	fr	wol	challenge_SSA-MTE	hyp1	News	NaN	0.2460
422	423	fr	wol	challenge_SSA-MTE	hyp1	News	NaN	0.2609
423	424	fr	wol	challenge_SSA-MTE	hyp1	News	NaN	0.4025
424	425	fr	wol	challenge_SSA-MTE	hyp1	News	NaN	0.3491
425	426	fr	wol	challenge_SSA-MTE	hyp1	News	NaN	0.3172
426	427	fr	wol	challenge_SSA-MTE	hyp1	News	NaN	0.2789
427	428	fr	wol	challenge_SSA-MTE	hyp1	News	NaN	0.3381
428	429	fr	wol	challenge_SSA-MTE	hyp1	News	NaN	0.3001
429	430	fr	wol	challenge_SSA-MTE	hyp1	News	NaN	0.2828
430	431	fr	wol	challenge_SSA-MTE	hyp1	News	NaN	0.3025
431	432	fr	wol	challenge_SSA-MTE	hyp1	News	NaN	0.3138
432	433	fr	wol	challenge_SSA-MTE	hyp1	News	NaN	0.3149
433	434	fr	wol	challenge_SSA-MTE	hyp1	News	NaN	0.2986
434	435	fr	wol	challenge_SSA-MTE	hyp1	News	NaN	0.3469
435	436	fr	wol	challenge_SSA-MTE	hyp1	News	NaN	0.3171
436	437	fr	wol	challenge_SSA-MTE	hyp1	News	NaN	0.3058
437	438	fr	wol	challenge_SSA-MTE	hyp1	News	NaN	0.3286
438	439	fr	wol	challenge_SSA-MTE	hyp1	News	NaN	0.3335
439	440	fr	wol	challenge_SSA-MTE	hyp1	News	NaN	0.3787
440	441	fr	wol	challenge_SSA-MTE	hyp1	News	NaN	0.2938
441	442	fr	wol	challenge_SSA-MTE	hyp1	News	NaN	0.2798
442	443	fr	wol	challenge_SSA-MTE	hyp1	News	NaN	0.2991
443	444	fr	wol	challenge_SSA-MTE	hyp1	News	NaN	0.3341
444	445	fr	wol	challenge_SSA-MTE	hyp1	News	NaN	0.3428
445	446	fr	wol	challenge_SSA-MTE	hyp1	News	NaN	0.4363
446	447	fr	wol	challenge_SSA-MTE	hyp1	News	NaN	0.3528
447	448	fr	wol	challenge_SSA-MTE	hyp1	News	NaN	0.4030
448	449	fr	wol	challenge_SSA-MTE	hyp1	News	NaN	0.3625
449	450	fr	wol	challenge_SSA-MTE	hyp1	News	NaN	0.3101
450	451	fr	wol	challenge_SSA-MTE	hyp1	News	NaN	0.2616
451	452	fr	wol	challenge_SSA-MTE	hyp1	News	NaN	0.3083
452	453	fr	wol	challenge_SSA-MTE	hyp1	News	NaN	0.3320
453	454	fr	wol	challenge_SSA-MTE	hyp1	News	NaN	0.3086
454	455	fr	wol	challenge_SSA-MTE	hyp1	News	NaN	0.2985
455	456	fr	wol	challenge_SSA-MTE	hyp1	News	NaN	0.2462
456	457	fr	wol	challenge_SSA-MTE	hyp1	News	NaN	0.2933
457	458	fr	wol	challenge_SSA-MTE	hyp1	News	NaN	0.3207
458	459	fr	wol	challenge_SSA-MTE	hyp1	News	NaN	0.3257
459	460	fr	wol	challenge_SSA-MTE	hyp1	News	NaN	0.3455
460	461	fr	wol	challenge_SSA-MTE	hyp1	News	NaN	0.3621
461	462	fr	wol	challenge_SSA-MTE	hyp1	News	NaN	0.2954
462	463	fr	wol	challenge_SSA-MTE	hyp1	News	NaN	0.3974
463	464	fr	wol	challenge_SSA-MTE	hyp1	News	NaN	0.3373
464	465	fr	wol	challenge_SSA-MTE	hyp1	News	NaN	0.3961
465	466	fr	wol	challenge_SSA-MTE	hyp1	News	NaN	0.3333
466	467	fr	wol	challenge_SSA-MTE	hyp1	News	NaN	0.3774
467	468	fr	wol	challenge_SSA-MTE	hyp1	News	NaN	0.3687
468	469	fr	wol	challenge_SSA-MTE	hyp1	News	NaN	0.4099
469	470	fr	wol	challenge_SSA-MTE	hyp1	News	NaN	0.4300
470	471	fr	wol	challenge_SSA-MTE	hyp1	News	NaN	0.3809
471	472	fr	wol	challenge_SSA-MTE	hyp1	News	NaN	0.3488
472	473	fr	wol	challenge_SSA-MTE	hyp1	News	NaN	0.3922
473	474	fr	wol	challenge_SSA-MTE	hyp1	News	NaN	0.3616
474	475	fr	wol	challenge_SSA-MTE	hyp1	News	NaN	0.3465
475	476	fr	wol	challenge_SSA-MTE	hyp1	News	NaN	0.2562
476	477	fr	wol	challenge_SSA-MTE	hyp1	News	NaN	0.2827
477	478	fr	wol	challenge_SSA-MTE	hyp1	News	NaN	0.2978
478	479	fr	wol	challenge_SSA-MTE	hyp1	News	NaN	0.2573
479	480	fr	wol	challenge_SSA-MTE	hyp1	News	NaN	0.3663
480	481	fr	wol	challenge_SSA-MTE	hyp1	News	NaN	0.2597
481	482	fr	wol	challenge_SSA-MTE	hyp1	News	NaN	0.3462
482	483	fr	wol	challenge_SSA-MTE	hyp1	News	NaN	0.3323
483	484	fr	wol	challenge_SSA-MTE	hyp1	News	NaN	0.2791
484	485	fr	wol	challenge_SSA-MTE	hyp1	News	NaN	0.2864
485	486	fr	wol	challenge_SSA-MTE	hyp1	News	NaN	0.3352
486	487	fr	wol	challenge_SSA-MTE	hyp1	News	NaN	0.3833
487	488	fr	wol	challenge_SSA-MTE	hyp1	News	NaN	0.2967
488	489	fr	wol	challenge_SSA-MTE	hyp1	News	NaN	0.2785
489	490	fr	wol	challenge_SSA-MTE	hyp1	News	NaN	0.3312
490	491	fr	wol	challenge_SSA-MTE	hyp1	News	NaN	0.2899
491	492	fr	wol	challenge_SSA-MTE	hyp1	News	NaN	0.2547
492	493	fr	wol	challenge_SSA-MTE	hyp1	News	NaN	0.2836
493	494	fr	wol	challenge_SSA-MTE	hyp1	News	NaN	0.3244
494	495	fr	wol	challenge_SSA-MTE	hyp1	News	NaN	0.2862
495	496	fr	wol	challenge_SSA-MTE	hyp1	News	NaN	0.3261
496	497	fr	wol	challenge_SSA-MTE	hyp1	News	NaN	0.3618
497	498	fr	wol	challenge_SSA-MTE	hyp1	News	NaN	0.3457
498	499	fr	wol	challenge_SSA-MTE	hyp1	News	NaN	0.2986
499	500	fr	wol	challenge_SSA-MTE	hyp1	News	NaN	0.2385
500	501	fr	wol	challenge_SSA-MTE	hyp1	News	NaN	0.3017
501	502	fr	wol	challenge_SSA-MTE	hyp1	News	NaN	0.2916
502	503	fr	wol	challenge_SSA-MTE	hyp1	News	NaN	0.3639
503	504	fr	wol	challenge_SSA-MTE	hyp1	News	NaN	0.3318
504	505	fr	wol	challenge_SSA-MTE	hyp1	News	NaN	0.3765
505	506	fr	wol	challenge_SSA-MTE	hyp1	News	NaN	0.3999
506	507	fr	wol	challenge_SSA-MTE	hyp1	News	NaN	0.4027
507	508	fr	wol	challenge_SSA-MTE	hyp1	News	NaN	0.3379
508	509	fr	wol	challenge_SSA-MTE	hyp1	News	NaN	0.2194
509	510	fr	wol	challenge_SSA-MTE	hyp1	News	NaN	0.3242
510	511	fr	wol	challenge_SSA-MTE	hyp1	News	NaN	0.3412
511	512	fr	wol	challenge_SSA-MTE	hyp1	News	NaN	0.3568
512	513	fr	wol	challenge_SSA-MTE	hyp1	News	NaN	0.2921
513	514	fr	wol	challenge_SSA-MTE	hyp1	News	NaN	0.2764
514	515	fr	wol	challenge_SSA-MTE	hyp1	News	NaN	0.2972
515	516	fr	wol	challenge_SSA-MTE	hyp1	News	NaN	0.3533
516	517	fr	wol	challenge_SSA-MTE	hyp1	News	NaN	0.3202
517	518	fr	wol	challenge_SSA-MTE	hyp1	News	NaN	0.3680
518	519	fr	wol	challenge_SSA-MTE	hyp1	News	NaN	0.3371
519	520	fr	wol	challenge_SSA-MTE	hyp1	News	NaN	0.2958
520	521	fr	wol	challenge_SSA-MTE	hyp1	News	NaN	0.3174
521	522	fr	wol	challenge_SSA-MTE	hyp1	News	NaN	0.3576
522	523	fr	wol	challenge_SSA-MTE	hyp1	News	NaN	0.2835
523	524	fr	wol	challenge_SSA-MTE	hyp1	News	NaN	0.2701
524	525	fr	wol	challenge_SSA-MTE	hyp1	News	NaN	0.3782
525	526	fr	wol	challenge_SSA-MTE	hyp1	News	NaN	0.3290
526	527	fr	wol	challenge_SSA-MTE	hyp1	News	NaN	0.2816
527	528	fr	wol	challenge_SSA-MTE	hyp1	News	NaN	0.3629
528	529	fr	wol	challenge_SSA-MTE	hyp1	News	NaN	0.3082
529	530	fr	wol	challenge_SSA-MTE	hyp1	News	NaN	0.3736
530	531	fr	wol	challenge_SSA-MTE	hyp1	News	NaN	0.4152
531	532	fr	wol	challenge_SSA-MTE	hyp1	News	NaN	0.2849
532	533	fr	wol	challenge_SSA-MTE	hyp1	News	NaN	0.3172
533	534	fr	wol	challenge_SSA-MTE	hyp1	News	NaN	0.3147
534	535	fr	wol	challenge_SSA-MTE	hyp1	News	NaN	0.3274
535	536	fr	wol	challenge_SSA-MTE	hyp1	News	NaN	0.2984
536	537	fr	wol	challenge_SSA-MTE	hyp1	News	NaN	0.3267
537	538	fr	wol	challenge_SSA-MTE	hyp1	News	NaN	0.2796
538	539	fr	wol	challenge_SSA-MTE	hyp1	News	NaN	0.2952
539	540	fr	wol	challenge_SSA-MTE	hyp1	News	NaN	0.3281
540	541	fr	wol	challenge_SSA-MTE	hyp1	News	NaN	0.2948
541	542	fr	wol	challenge_SSA-MTE	hyp1	News	NaN	0.3297
542	543	fr	wol	challenge_SSA-MTE	hyp1	News	NaN	0.2432
543	544	fr	wol	challenge_SSA-MTE	hyp1	News	NaN	0.3262
544	545	fr	wol	challenge_SSA-MTE	hyp1	News	NaN	0.3344
545	546	fr	wol	challenge_SSA-MTE	hyp1	News	NaN	0.3224
546	547	fr	wol	challenge_SSA-MTE	hyp1	News	NaN	0.2892
547	548	fr	wol	challenge_SSA-MTE	hyp1	News	NaN	0.3050
548	549	fr	wol	challenge_SSA-MTE	hyp1	News	NaN	0.2994
549	550	fr	wol	challenge_SSA-MTE	hyp1	News	NaN	0.3135
550	551	fr	wol	challenge_SSA-MTE	hyp1	News	NaN	0.3279
551	552	fr	wol	challenge_SSA-MTE	hyp1	News	NaN	0.3145
552	553	fr	wol	challenge_SSA-MTE	hyp1	News	NaN	0.3530
553	554	fr	wol	challenge_SSA-MTE	hyp1	News	NaN	0.3705
554	555	fr	wol	challenge_SSA-MTE	hyp1	News	NaN	0.3309
555	556	fr	wol	challenge_SSA-MTE	hyp1	News	NaN	0.3237
556	557	fr	wol	challenge_SSA-MTE	hyp1	News	NaN	0.3813
557	558	fr	wol	challenge_SSA-MTE	hyp1	News	NaN	0.3734
558	559	fr	wol	challenge_SSA-MTE	hyp1	News	NaN	0.3168
559	560	fr	wol	challenge_SSA-MTE	hyp1	News	NaN	0.2458
560	561	fr	wol	challenge_SSA-MTE	hyp1	News	NaN	0.3207
561	562	fr	wol	challenge_SSA-MTE	hyp1	News	NaN	0.3621
562	563	fr	wol	challenge_SSA-MTE	hyp1	News	NaN	0.3484
563	564	fr	wol	challenge_SSA-MTE	hyp1	News	NaN	0.4173
564	565	fr	wol	challenge_SSA-MTE	hyp1	News	NaN	0.4110
565	566	fr	wol	challenge_SSA-MTE	hyp1	News	NaN	0.3240
566	567	fr	wol	challenge_SSA-MTE	hyp1	News	NaN	0.3837
567	568	fr	wol	challenge_SSA-MTE	hyp1	News	NaN	0.3399
568	569	fr	wol	challenge_SSA-MTE	hyp1	News	NaN	0.3179
569	570	fr	wol	challenge_SSA-MTE	hyp1	News	NaN	0.2430
570	571	fr	wol	challenge_SSA-MTE	hyp1	News	NaN	0.3540
571	572	fr	wol	challenge_SSA-MTE	hyp1	News	NaN	0.3573
572	573	fr	wol	challenge_SSA-MTE	hyp1	News	NaN	0.3434
573	574	fr	wol	challenge_SSA-MTE	hyp1	News	NaN	0.3686
574	575	fr	wol	challenge_SSA-MTE	hyp1	News	NaN	0.3655
575	576	fr	wol	challenge_SSA-MTE	hyp1	News	NaN	0.3992
576	577	fr	wol	challenge_SSA-MTE	hyp1	News	NaN	0.4298
577	578	fr	wol	challenge_SSA-MTE	hyp1	News	NaN	0.3440
578	579	fr	wol	challenge_SSA-MTE	hyp1	News	NaN	0.2949
579	580	fr	wol	challenge_SSA-MTE	hyp1	News	NaN	0.2641
580	581	fr	wol	challenge_SSA-MTE	hyp1	News	NaN	0.3349
581	582	fr	wol	challenge_SSA-MTE	hyp1	News	NaN	0.3220
582	583	fr	wol	challenge_SSA-MTE	hyp1	News	NaN	0.2898
583	584	fr	wol	challenge_SSA-MTE	hyp1	News	NaN	0.3280
584	585	fr	wol	challenge_SSA-MTE	hyp1	News	NaN	0.2803
585	586	fr	wol	challenge_SSA-MTE	hyp1	News	NaN	0.4217
586	587	fr	wol	challenge_SSA-MTE	hyp1	News	NaN	0.2766
587	588	fr	wol	challenge_SSA-MTE	hyp1	News	NaN	0.3614
588	589	fr	wol	challenge_SSA-MTE	hyp1	News	NaN	0.2771
589	590	fr	wol	challenge_SSA-MTE	hyp1	News	NaN	0.3734
590	591	fr	wol	challenge_SSA-MTE	hyp1	News	NaN	0.3762
591	592	fr	wol	challenge_SSA-MTE	hyp1	News	NaN	0.3311
592	593	fr	wol	challenge_SSA-MTE	hyp1	News	NaN	0.2798
593	594	fr	wol	challenge_SSA-MTE	hyp1	News	NaN	0.2526
594	595	fr	wol	challenge_SSA-MTE	hyp1	News	NaN	0.2759
595	596	fr	wol	challenge_SSA-MTE	hyp1	News	NaN	0.2588
596	597	fr	wol	challenge_SSA-MTE	hyp1	News	NaN	0.3165
597	598	fr	wol	challenge_SSA-MTE	hyp1	News	NaN	0.3407
598	599	fr	wol	challenge_SSA-MTE	hyp1	News	NaN	0.3882
599	600	fr	wol	challenge_SSA-MTE	hyp1	News	NaN	0.1780
600	601	fr	wol	challenge_SSA-MTE	hyp1	News	NaN	0.3466
601	602	fr	wol	challenge_SSA-MTE	hyp1	News	NaN	0.3793
602	603	fr	wol	challenge_SSA-MTE	hyp1	News	NaN	0.3060
603	604	fr	wol	challenge_SSA-MTE	hyp1	News	NaN	0.2662
604	605	fr	wol	challenge_SSA-MTE	hyp1	News	NaN	0.2775
605	606	fr	wol	challenge_SSA-MTE	hyp1	News	NaN	0.4149
606	607	fr	wol	challenge_SSA-MTE	hyp1	News	NaN	0.3029
607	608	fr	wol	challenge_SSA-MTE	hyp1	News	NaN	0.3019
608	609	fr	wol	challenge_SSA-MTE	hyp1	News	NaN	0.2825
609	610	fr	wol	challenge_SSA-MTE	hyp1	News	NaN	0.2990
610	611	fr	wol	challenge_SSA-MTE	hyp1	News	NaN	0.2844
611	612	fr	wol	challenge_SSA-MTE	hyp1	News	NaN	0.3415
612	613	fr	wol	challenge_SSA-MTE	hyp1	News	NaN	0.3381
613	614	fr	wol	challenge_SSA-MTE	hyp1	News	NaN	0.4814
614	615	fr	wol	challenge_SSA-MTE	hyp1	News	NaN	0.3745
615	616	fr	wol	challenge_SSA-MTE	hyp1	News	NaN	0.3367
616	617	fr	wol	challenge_SSA-MTE	hyp1	News	NaN	0.3044
617	618	fr	wol	challenge_SSA-MTE	hyp1	News	NaN	0.3204
618	619	fr	wol	challenge_SSA-MTE	hyp1	News	NaN	0.3006
619	620	fr	wol	challenge_SSA-MTE	hyp1	News	NaN	0.2821
620	621	fr	wol	challenge_SSA-MTE	hyp1	News	NaN	0.3589
621	622	fr	wol	challenge_SSA-MTE	hyp1	News	NaN	0.2722
622	623	fr	wol	challenge_SSA-MTE	hyp1	News	NaN	0.3504
623	624	fr	wol	challenge_SSA-MTE	hyp1	News	NaN	0.3486
624	625	fr	wol	challenge_SSA-MTE	hyp1	News	NaN	0.3684
625	626	fr	wol	challenge_SSA-MTE	hyp1	News	NaN	0.3406
626	627	fr	wol	challenge_SSA-MTE	hyp1	News	NaN	0.3405
627	628	fr	wol	challenge_SSA-MTE	hyp1	News	NaN	0.3175
628	629	fr	wol	challenge_SSA-MTE	hyp1	News	NaN	0.2998
629	630	fr	wol	challenge_SSA-MTE	hyp1	News	NaN	0.2712
630	631	fr	wol	challenge_SSA-MTE	hyp1	News	NaN	0.3395
631	632	fr	wol	challenge_SSA-MTE	hyp1	News	NaN	0.3423
632	633	fr	wol	challenge_SSA-MTE	hyp1	News	NaN	0.4289
633	634	fr	wol	challenge_SSA-MTE	hyp1	News	NaN	0.3598
634	635	fr	wol	challenge_SSA-MTE	hyp1	News	NaN	0.3972
635	636	fr	wol	challenge_SSA-MTE	hyp1	News	NaN	0.3905
636	637	fr	wol	challenge_SSA-MTE	hyp1	News	NaN	0.3674
637	638	fr	wol	challenge_SSA-MTE	hyp1	News	NaN	0.2792
638	639	fr	wol	challenge_SSA-MTE	hyp1	News	NaN	0.2564
639	640	fr	wol	challenge_SSA-MTE	hyp1	News	NaN	0.3378
640	641	fr	wol	challenge_SSA-MTE	hyp1	News	NaN	0.3711
641	642	fr	wol	challenge_SSA-MTE	hyp1	News	NaN	0.3183
642	643	fr	wol	challenge_SSA-MTE	hyp1	News	NaN	0.3555
643	644	fr	wol	challenge_SSA-MTE	hyp1	News	NaN	0.3913
644	645	fr	wol	challenge_SSA-MTE	hyp1	News	NaN	0.3315
645	646	fr	wol	challenge_SSA-MTE	hyp1	News	NaN	0.3535
646	647	fr	wol	challenge_SSA-MTE	hyp1	News	NaN	0.3955
647	648	fr	wol	challenge_SSA-MTE	hyp1	News	NaN	0.2448
648	649	fr	wol	challenge_SSA-MTE	hyp1	News	NaN	0.3206
649	650	fr	wol	challenge_SSA-MTE	hyp1	News	NaN	0.3485
650	651	fr	wol	challenge_SSA-MTE	hyp1	News	NaN	0.3853
651	652	fr	wol	challenge_SSA-MTE	hyp1	News	NaN	0.3161
652	653	fr	wol	challenge_SSA-MTE	hyp1	News	NaN	0.2792
653	654	fr	wol	challenge_SSA-MTE	hyp1	News	NaN	0.2976
654	655	fr	wol	challenge_SSA-MTE	hyp1	News	NaN	0.3492
655	656	fr	wol	challenge_SSA-MTE	hyp1	News	NaN	0.3501
656	657	fr	wol	challenge_SSA-MTE	hyp1	News	NaN	0.3581
657	658	fr	wol	challenge_SSA-MTE	hyp1	News	NaN	0.3141
658	659	fr	wol	challenge_SSA-MTE	hyp1	News	NaN	0.3184
659	660	fr	wol	challenge_SSA-MTE	hyp1	News	NaN	0.2830
660	661	fr	wol	challenge_SSA-MTE	hyp1	News	NaN	0.2992
661	662	fr	wol	challenge_SSA-MTE	hyp1	News	NaN	0.3758
662	663	fr	wol	challenge_SSA-MTE	hyp1	News	NaN	0.2721
663	664	fr	wol	challenge_SSA-MTE	hyp1	News	NaN	0.3505
664	665	fr	wol	challenge_SSA-MTE	hyp1	News	NaN	0.3957
665	666	fr	wol	challenge_SSA-MTE	hyp1	News	NaN	0.3480
666	667	fr	wol	challenge_SSA-MTE	hyp1	News	NaN	0.3901
667	668	fr	wol	challenge_SSA-MTE	hyp1	News	NaN	0.3465
668	669	fr	wol	challenge_SSA-MTE	hyp1	News	NaN	0.3553
669	670	fr	wol	challenge_SSA-MTE	hyp1	News	NaN	0.3399
670	671	fr	wol	challenge_SSA-MTE	hyp1	News	NaN	0.3284
671	672	fr	wol	challenge_SSA-MTE	hyp1	News	NaN	0.3495
672	673	fr	wol	challenge_SSA-MTE	hyp1	News	NaN	0.2600
673	674	fr	wol	challenge_SSA-MTE	hyp1	News	NaN	0.2325
674	675	fr	wol	challenge_SSA-MTE	hyp1	News	NaN	0.2907
675	676	fr	wol	challenge_SSA-MTE	hyp1	News	NaN	0.3281
676	677	fr	wol	challenge_SSA-MTE	hyp1	News	NaN	0.3132
677	678	fr	wol	challenge_SSA-MTE	hyp1	News	NaN	0.2776
678	679	fr	wol	challenge_SSA-MTE	hyp1	News	NaN	0.3418
679	680	fr	wol	challenge_SSA-MTE	hyp1	News	NaN	0.3568
680	681	fr	wol	challenge_SSA-MTE	hyp1	News	NaN	0.3831
681	682	fr	wol	challenge_SSA-MTE	hyp1	News	NaN	0.3706
682	683	fr	wol	challenge_SSA-MTE	hyp1	News	NaN	0.2369
683	684	fr	wol	challenge_SSA-MTE	hyp1	News	NaN	0.3966
684	685	fr	wol	challenge_SSA-MTE	hyp1	News	NaN	0.3721
685	686	fr	wol	challenge_SSA-MTE	hyp1	News	NaN	0.3996
686	687	fr	wol	challenge_SSA-MTE	hyp1	News	NaN	0.3387
687	688	fr	wol	challenge_SSA-MTE	hyp1	News	NaN	0.2752
688	689	fr	wol	challenge_SSA-MTE	hyp1	News	NaN	0.3338
689	690	fr	wol	challenge_SSA-MTE	hyp1	News	NaN	0.3949
690	691	fr	wol	challenge_SSA-MTE	hyp1	News	NaN	0.4052
691	692	fr	wol	challenge_SSA-MTE	hyp1	News	NaN	0.2919
692	693	fr	wol	challenge_SSA-MTE	hyp1	News	NaN	0.2933
693	694	fr	wol	challenge_SSA-MTE	hyp1	News	NaN	0.2413
694	695	fr	wol	challenge_SSA-MTE	hyp1	News	NaN	0.3329
695	696	fr	wol	challenge_SSA-MTE	hyp1	News	NaN	0.3199
696	697	fr	wol	challenge_SSA-MTE	hyp1	News	NaN	0.3328
697	698	fr	wol	challenge_SSA-MTE	hyp1	News	NaN	0.2927
698	699	fr	wol	challenge_SSA-MTE	hyp1	News	NaN	0.3540
699	700	fr	wol	challenge_SSA-MTE	hyp1	News	NaN	0.3460
700	701	fr	wol	challenge_SSA-MTE	hyp1	News	NaN	0.3489
701	702	fr	wol	challenge_SSA-MTE	hyp1	News	NaN	0.3273
702	703	fr	wol	challenge_SSA-MTE	hyp1	News	NaN	0.3357
703	704	fr	wol	challenge_SSA-MTE	hyp1	News	NaN	0.3107
704	705	fr	wol	challenge_SSA-MTE	hyp1	News	NaN	0.3237
705	706	fr	wol	challenge_SSA-MTE	hyp1	News	NaN	0.3580
706	707	fr	wol	challenge_SSA-MTE	hyp1	News	NaN	0.2623
707	708	fr	wol	challenge_SSA-MTE	hyp1	News	NaN	0.2802
708	709	fr	wol	challenge_SSA-MTE	hyp1	News	NaN	0.2378
709	710	fr	wol	challenge_SSA-MTE	hyp1	News	NaN	0.2813
710	711	fr	wol	challenge_SSA-MTE	hyp1	News	NaN	0.2352
711	712	fr	wol	challenge_SSA-MTE	hyp1	News	NaN	0.2509
712	713	fr	wol	challenge_SSA-MTE	hyp1	News	NaN	0.2492
713	714	fr	wol	challenge_SSA-MTE	hyp1	News	NaN	0.2970
714	715	fr	wol	challenge_SSA-MTE	hyp1	News	NaN	0.2692
715	716	fr	wol	challenge_SSA-MTE	hyp1	News	NaN	0.2385
716	717	fr	wol	challenge_SSA-MTE	hyp1	News	NaN	0.3787
717	718	fr	wol	challenge_SSA-MTE	hyp1	News	NaN	0.3039
718	719	fr	wol	challenge_SSA-MTE	hyp1	News	NaN	0.3562
719	720	fr	wol	challenge_SSA-MTE	hyp1	News	NaN	0.4072
720	721	fr	wol	challenge_SSA-MTE	hyp1	News	NaN	0.3275
721	722	fr	wol	challenge_SSA-MTE	hyp1	News	NaN	0.3014
722	723	fr	wol	challenge_SSA-MTE	hyp1	News	NaN	0.2871
723	724	fr	wol	challenge_SSA-MTE	hyp1	News	NaN	0.2541
724	725	fr	wol	challenge_SSA-MTE	hyp1	News	NaN	0.3402
725	726	fr	wol	challenge_SSA-MTE	hyp1	News	NaN	0.3086
726	727	fr	wol	challenge_SSA-MTE	hyp1	News	NaN	0.3534
727	728	fr	wol	challenge_SSA-MTE	hyp1	News	NaN	0.2215
728	729	fr	wol	challenge_SSA-MTE	hyp1	News	NaN	0.3388
729	730	fr	wol	challenge_SSA-MTE	hyp1	News	NaN	0.2856
730	731	fr	wol	challenge_SSA-MTE	hyp1	News	NaN	0.3692
731	732	fr	wol	challenge_SSA-MTE	hyp1	News	NaN	0.2850
732	733	fr	wol	challenge_SSA-MTE	hyp1	News	NaN	0.2531
733	734	fr	wol	challenge_SSA-MTE	hyp1	News	NaN	0.2769
734	735	fr	wol	challenge_SSA-MTE	hyp1	News	NaN	0.2903
735	736	fr	wol	challenge_SSA-MTE	hyp1	News	NaN	0.2896
736	737	fr	wol	challenge_SSA-MTE	hyp1	News	NaN	0.3339
737	738	fr	wol	challenge_SSA-MTE	hyp1	News	NaN	0.2567
738	739	fr	wol	challenge_SSA-MTE	hyp1	News	NaN	0.3691
739	740	fr	wol	challenge_SSA-MTE	hyp1	News	NaN	0.3534
740	741	fr	wol	challenge_SSA-MTE	hyp1	News	NaN	0.3424
741	742	fr	wol	challenge_SSA-MTE	hyp1	News	NaN	0.3342
742	743	fr	wol	challenge_SSA-MTE	hyp1	News	NaN	0.2641
743	744	fr	wol	challenge_SSA-MTE	hyp1	News	NaN	0.2693
744	745	fr	wol	challenge_SSA-MTE	hyp1	News	NaN	0.3055
745	746	fr	wol	challenge_SSA-MTE	hyp1	News	NaN	0.3073
746	747	fr	wol	challenge_SSA-MTE	hyp1	News	NaN	0.2869
747	748	fr	wol	challenge_SSA-MTE	hyp1	News	NaN	0.3008
748	749	fr	wol	challenge_SSA-MTE	hyp1	News	NaN	0.2546
749	750	fr	wol	challenge_SSA-MTE	hyp1	News	NaN	0.2962
750	751	fr	wol	challenge_SSA-MTE	hyp1	News	NaN	0.3568
751	752	fr	wol	challenge_SSA-MTE	hyp1	News	NaN	0.4178
752	753	fr	wol	challenge_SSA-MTE	hyp1	News	NaN	0.4133
753	754	fr	wol	challenge_SSA-MTE	hyp1	News	NaN	0.4149
754	755	fr	wol	challenge_SSA-MTE	hyp1	News	NaN	0.4021
755	756	fr	wol	challenge_SSA-MTE	hyp1	News	NaN	0.4143
756	757	fr	wol	challenge_SSA-MTE	hyp1	News	NaN	0.2880
757	758	fr	wol	challenge_SSA-MTE	hyp1	News	NaN	0.3058
758	759	fr	wol	challenge_SSA-MTE	hyp1	News	NaN	0.2571
759	760	fr	wol	challenge_SSA-MTE	hyp1	News	NaN	0.3174
760	761	fr	wol	challenge_SSA-MTE	hyp1	News	NaN	0.3082
761	762	fr	wol	challenge_SSA-MTE	hyp1	News	NaN	0.4378
762	763	fr	wol	challenge_SSA-MTE	hyp1	News	NaN	0.3020
763	764	fr	wol	challenge_SSA-MTE	hyp1	News	NaN	0.3029
764	765	fr	wol	challenge_SSA-MTE	hyp1	News	NaN	0.3905
765	766	fr	wol	challenge_SSA-MTE	hyp1	News	NaN	0.3476
766	767	fr	wol	challenge_SSA-MTE	hyp1	News	NaN	0.2885
767	768	fr	wol	challenge_SSA-MTE	hyp1	News	NaN	0.2464
768	769	fr	wol	challenge_SSA-MTE	hyp1	News	NaN	0.2252
769	770	fr	wol	challenge_SSA-MTE	hyp1	News	NaN	0.3258
770	771	fr	wol	challenge_SSA-MTE	hyp1	News	NaN	0.2937
771	772	fr	wol	challenge_SSA-MTE	hyp1	News	NaN	0.3465
772	773	fr	wol	challenge_SSA-MTE	hyp1	News	NaN	0.2589
773	774	fr	wol	challenge_SSA-MTE	hyp1	News	NaN	0.3050
774	775	fr	wol	challenge_SSA-MTE	hyp1	News	NaN	0.3528
775	776	fr	wol	challenge_SSA-MTE	hyp1	News	NaN	0.3164
776	777	fr	wol	challenge_SSA-MTE	hyp1	News	NaN	0.3106
777	778	fr	wol	challenge_SSA-MTE	hyp1	News	NaN	0.2651
778	779	fr	wol	challenge_SSA-MTE	hyp1	News	NaN	0.2607
779	780	fr	wol	challenge_SSA-MTE	hyp1	News	NaN	0.3896
780	781	fr	wol	challenge_SSA-MTE	hyp1	News	NaN	0.3290
781	782	fr	wol	challenge_SSA-MTE	hyp1	News	NaN	0.3583
782	783	fr	wol	challenge_SSA-MTE	hyp1	News	NaN	0.2819
783	784	fr	wol	challenge_SSA-MTE	hyp1	News	NaN	0.2357
784	785	fr	wol	challenge_SSA-MTE	hyp1	News	NaN	0.3748
785	786	fr	wol	challenge_SSA-MTE	hyp1	News	NaN	0.3747
786	787	fr	wol	challenge_SSA-MTE	hyp1	News	NaN	0.3790
787	788	fr	wol	challenge_SSA-MTE	hyp1	News	NaN	0.3094
788	789	fr	wol	challenge_SSA-MTE	hyp1	News	NaN	0.3068
789	790	fr	wol	challenge_SSA-MTE	hyp1	News	NaN	0.4250
790	791	fr	wol	challenge_SSA-MTE	hyp1	News	NaN	0.4019
791	792	fr	wol	challenge_SSA-MTE	hyp1	News	NaN	0.3091
792	793	fr	wol	challenge_SSA-MTE	hyp1	News	NaN	0.3140
793	794	fr	wol	challenge_SSA-MTE	hyp1	News	NaN	0.2892
794	795	fr	wol	challenge_SSA-MTE	hyp1	News	NaN	0.3619
795	796	fr	wol	challenge_SSA-MTE	hyp1	News	NaN	0.3515
796	797	fr	wol	challenge_SSA-MTE	hyp1	News	NaN	0.3194
797	798	fr	wol	challenge_SSA-MTE	hyp1	News	NaN	0.3086
798	799	fr	wol	challenge_SSA-MTE	hyp1	News	NaN	0.3080
799	800	fr	wol	challenge_SSA-MTE	hyp1	News	NaN	0.3222
800	801	fr	wol	challenge_SSA-MTE	hyp1	News	NaN	0.3071
801	802	fr	wol	challenge_SSA-MTE	hyp1	News	NaN	0.2806
802	803	fr	wol	challenge_SSA-MTE	hyp1	News	NaN	0.2868
803	804	fr	wol	challenge_SSA-MTE	hyp1	News	NaN	0.2471
804	805	fr	wol	challenge_SSA-MTE	hyp1	News	NaN	0.3191
805	806	fr	wol	challenge_SSA-MTE	hyp1	News	NaN	0.3604
806	807	fr	wol	challenge_SSA-MTE	hyp1	News	NaN	0.3402
807	808	fr	wol	challenge_SSA-MTE	hyp1	News	NaN	0.2695
808	809	fr	wol	challenge_SSA-MTE	hyp1	News	NaN	0.3051
809	810	fr	wol	challenge_SSA-MTE	hyp1	News	NaN	0.3549
810	811	fr	wol	challenge_SSA-MTE	hyp1	News	NaN	0.3392
811	812	fr	wol	challenge_SSA-MTE	hyp1	News	NaN	0.2869
812	813	fr	wol	challenge_SSA-MTE	hyp1	News	NaN	0.4825
813	814	fr	wol	challenge_SSA-MTE	hyp1	News	NaN	0.3133
814	815	fr	wol	challenge_SSA-MTE	hyp1	News	NaN	0.4099
815	816	fr	wol	challenge_SSA-MTE	hyp1	News	NaN	0.2871
816	817	fr	wol	challenge_SSA-MTE	hyp1	News	NaN	0.2913
817	818	fr	wol	challenge_SSA-MTE	hyp1	News	NaN	0.3038
818	819	fr	wol	challenge_SSA-MTE	hyp1	News	NaN	0.3249
819	820	fr	wol	challenge_SSA-MTE	hyp1	News	NaN	0.3361
820	821	fr	wol	challenge_SSA-MTE	hyp1	News	NaN	0.2878
821	822	fr	wol	challenge_SSA-MTE	hyp1	News	NaN	0.2882
822	823	fr	wol	challenge_SSA-MTE	hyp1	News	NaN	0.3240
823	824	fr	wol	challenge_SSA-MTE	hyp1	News	NaN	0.3456
824	825	fr	wol	challenge_SSA-MTE	hyp1	News	NaN	0.3589
825	826	fr	wol	challenge_SSA-MTE	hyp1	News	NaN	0.3358
826	827	fr	wol	challenge_SSA-MTE	hyp1	News	NaN	0.3779
827	828	fr	wol	challenge_SSA-MTE	hyp1	News	NaN	0.2757
828	829	fr	wol	challenge_SSA-MTE	hyp1	News	NaN	0.3440
829	830	fr	wol	challenge_SSA-MTE	hyp1	News	NaN	0.3725
830	831	fr	wol	challenge_SSA-MTE	hyp1	News	NaN	0.3046
831	832	fr	wol	challenge_SSA-MTE	hyp1	News	NaN	0.2611
832	833	fr	wol	challenge_SSA-MTE	hyp1	News	NaN	0.2185
833	834	fr	wol	challenge_SSA-MTE	hyp1	News	NaN	0.2742
834	835	fr	wol	challenge_SSA-MTE	hyp1	News	NaN	0.3038
835	836	fr	wol	challenge_SSA-MTE	hyp1	News	NaN	0.3413
836	837	fr	wol	challenge_SSA-MTE	hyp1	News	NaN	0.2941
837	838	fr	wol	challenge_SSA-MTE	hyp1	News	NaN	0.3199
838	839	fr	wol	challenge_SSA-MTE	hyp1	News	NaN	0.2562
839	840	fr	wol	challenge_SSA-MTE	hyp1	News	NaN	0.3248
840	841	fr	wol	challenge_SSA-MTE	hyp1	News	NaN	0.3159
841	842	fr	wol	challenge_SSA-MTE	hyp1	News	NaN	0.3247
842	843	fr	wol	challenge_SSA-MTE	hyp1	News	NaN	0.2443
843	844	fr	wol	challenge_SSA-MTE	hyp1	News	NaN	0.3341
844	845	fr	wol	challenge_SSA-MTE	hyp1	News	NaN	0.3564
845	846	fr	wol	challenge_SSA-MTE	hyp1	News	NaN	0.3387
846	847	fr	wol	challenge_SSA-MTE	hyp1	News	NaN	0.3327
847	848	fr	wol	challenge_SSA-MTE	hyp1	News	NaN	0.2734
848	849	fr	wol	challenge_SSA-MTE	hyp1	News	NaN	0.3048
849	850	fr	wol	challenge_SSA-MTE	hyp1	News	NaN	0.3324
850	851	fr	wol	challenge_SSA-MTE	hyp1	News	NaN	0.3414
851	852	fr	wol	challenge_SSA-MTE	hyp1	News	NaN	0.2769
852	853	fr	wol	challenge_SSA-MTE	hyp1	News	NaN	0.2375
853	854	fr	wol	challenge_SSA-MTE	hyp1	News	NaN	0.2581
854	855	fr	wol	challenge_SSA-MTE	hyp1	News	NaN	0.2876
855	856	fr	wol	challenge_SSA-MTE	hyp1	News	NaN	0.2922
856	857	fr	wol	challenge_SSA-MTE	hyp1	News	NaN	0.3401
857	858	fr	wol	challenge_SSA-MTE	hyp1	News	NaN	0.3039
858	859	fr	wol	challenge_SSA-MTE	hyp1	News	NaN	0.3103
859	860	fr	wol	challenge_SSA-MTE	hyp1	News	NaN	0.3729
860	861	fr	wol	challenge_SSA-MTE	hyp1	News	NaN	0.3549
861	862	fr	wol	challenge_SSA-MTE	hyp1	News	NaN	0.2841
862	863	fr	wol	challenge_SSA-MTE	hyp1	News	NaN	0.2815
863	864	fr	wol	challenge_SSA-MTE	hyp1	News	NaN	0.2937
864	865	fr	wol	challenge_SSA-MTE	hyp1	News	NaN	0.3148
865	866	fr	wol	challenge_SSA-MTE	hyp1	News	NaN	0.3280
866	867	fr	wol	challenge_SSA-MTE	hyp1	News	NaN	0.3867
867	868	fr	wol	challenge_SSA-MTE	hyp1	News	NaN	0.2896
868	869	fr	wol	challenge_SSA-MTE	hyp1	News	NaN	0.3588
869	870	fr	wol	challenge_SSA-MTE	hyp1	News	NaN	0.3847
870	871	fr	wol	challenge_SSA-MTE	hyp1	News	NaN	0.4285
871	872	fr	wol	challenge_SSA-MTE	hyp1	News	NaN	0.3820
872	873	fr	wol	challenge_SSA-MTE	hyp1	News	NaN	0.3122
873	874	fr	wol	challenge_SSA-MTE	hyp1	News	NaN	0.3076
874	875	fr	wol	challenge_SSA-MTE	hyp1	News	NaN	0.3873
875	876	fr	wol	challenge_SSA-MTE	hyp1	News	NaN	0.3867
876	877	fr	wol	challenge_SSA-MTE	hyp1	News	NaN	0.3591
877	878	fr	wol	challenge_SSA-MTE	hyp1	News	NaN	0.2630
878	879	fr	wol	challenge_SSA-MTE	hyp1	News	NaN	0.2746
879	880	fr	wol	challenge_SSA-MTE	hyp1	News	NaN	0.3572
880	881	fr	wol	challenge_SSA-MTE	hyp1	News	NaN	0.3261
881	882	fr	wol	challenge_SSA-MTE	hyp1	News	NaN	0.3190
882	883	fr	wol	challenge_SSA-MTE	hyp1	News	NaN	0.2927
883	884	fr	wol	challenge_SSA-MTE	hyp1	News	NaN	0.3040
884	885	fr	wol	challenge_SSA-MTE	hyp1	News	NaN	0.3308
885	886	fr	wol	challenge_SSA-MTE	hyp1	News	NaN	0.3016
886	887	fr	wol	challenge_SSA-MTE	hyp1	News	NaN	0.2893
887	888	fr	wol	challenge_SSA-MTE	hyp1	News	NaN	0.2634
888	889	fr	wol	challenge_SSA-MTE	hyp1	News	NaN	0.3103
889	890	fr	wol	challenge_SSA-MTE	hyp1	News	NaN	0.2853
890	891	fr	wol	challenge_SSA-MTE	hyp1	News	NaN	0.2885
891	892	fr	wol	challenge_SSA-MTE	hyp1	News	NaN	0.2946
892	893	fr	wol	challenge_SSA-MTE	hyp1	News	NaN	0.3046
893	894	fr	wol	challenge_SSA-MTE	hyp1	News	NaN	0.2880
894	895	fr	wol	challenge_SSA-MTE	hyp1	News	NaN	0.3085
895	896	fr	wol	challenge_SSA-MTE	hyp1	News	NaN	0.3285
896	897	fr	wol	challenge_SSA-MTE	hyp1	News	NaN	0.2665
897	898	fr	wol	challenge_SSA-MTE	hyp1	News	NaN	0.3055
898	899	fr	wol	challenge_SSA-MTE	hyp1	News	NaN	0.3158
899	900	fr	wol	challenge_SSA-MTE	hyp1	News	NaN	0.3029
900	901	fr	wol	challenge_SSA-MTE	hyp1	News	NaN	0.3456
901	902	fr	wol	challenge_SSA-MTE	hyp1	News	NaN	0.2469
902	903	fr	wol	challenge_SSA-MTE	hyp1	News	NaN	0.3556
903	904	fr	wol	challenge_SSA-MTE	hyp1	News	NaN	0.3201
904	905	fr	wol	challenge_SSA-MTE	hyp1	News	NaN	0.3303
905	906	fr	wol	challenge_SSA-MTE	hyp1	News	NaN	0.3723
906	907	fr	wol	challenge_SSA-MTE	hyp1	News	NaN	0.2581
907	908	fr	wol	challenge_SSA-MTE	hyp1	News	NaN	0.2639
908	909	fr	wol	challenge_SSA-MTE	hyp1	News	NaN	0.3675
909	910	fr	wol	challenge_SSA-MTE	hyp1	News	NaN	0.3024
910	911	fr	wol	challenge_SSA-MTE	hyp1	News	NaN	0.3062
911	912	fr	wol	challenge_SSA-MTE	hyp1	News	NaN	0.3046
912	913	fr	wol	challenge_SSA-MTE	hyp1	News	NaN	0.3145
913	914	fr	wol	challenge_SSA-MTE	hyp1	News	NaN	0.3067
914	915	fr	wol	challenge_SSA-MTE	hyp1	News	NaN	0.3339
915	916	fr	wol	challenge_SSA-MTE	hyp1	News	NaN	0.3204
916	917	fr	wol	challenge_SSA-MTE	hyp1	News	NaN	0.2398
917	918	fr	wol	challenge_SSA-MTE	hyp1	News	NaN	0.2986
918	919	fr	wol	challenge_SSA-MTE	hyp1	News	NaN	0.3119
919	920	fr	wol	challenge_SSA-MTE	hyp1	News	NaN	0.3149
920	921	fr	wol	challenge_SSA-MTE	hyp1	News	NaN	0.3597
921	922	fr	wol	challenge_SSA-MTE	hyp1	News	NaN	0.2176
922	923	fr	wol	challenge_SSA-MTE	hyp1	News	NaN	0.4030
923	924	fr	wol	challenge_SSA-MTE	hyp1	News	NaN	0.3597
924	925	fr	wol	challenge_SSA-MTE	hyp1	News	NaN	0.3776
925	926	fr	wol	challenge_SSA-MTE	hyp1	News	NaN	0.2829
926	927	fr	wol	challenge_SSA-MTE	hyp1	News	NaN	0.2615
927	928	fr	wol	challenge_SSA-MTE	hyp1	News	NaN	0.2944
928	929	fr	wol	challenge_SSA-MTE	hyp1	News	NaN	0.3270
929	930	fr	wol	challenge_SSA-MTE	hyp1	News	NaN	0.2637
930	931	fr	wol	challenge_SSA-MTE	hyp1	News	NaN	0.3088
931	932	fr	wol	challenge_SSA-MTE	hyp1	News	NaN	0.2769
932	933	fr	wol	challenge_SSA-MTE	hyp1	News	NaN	0.3365
933	934	fr	wol	challenge_SSA-MTE	hyp1	News	NaN	0.3146
934	935	fr	wol	challenge_SSA-MTE	hyp1	News	NaN	0.3293
935	936	fr	wol	challenge_SSA-MTE	hyp1	News	NaN	0.3589
936	937	fr	wol	challenge_SSA-MTE	hyp1	News	NaN	0.4021
937	938	fr	wol	challenge_SSA-MTE	hyp1	News	NaN	0.3473
938	939	fr	wol	challenge_SSA-MTE	hyp1	News	NaN	0.3847
939	940	fr	wol	challenge_SSA-MTE	hyp1	News	NaN	0.3677
940	941	fr	wol	challenge_SSA-MTE	hyp1	News	NaN	0.3134
941	942	fr	wol	challenge_SSA-MTE	hyp1	News	NaN	0.3011
942	943	fr	wol	challenge_SSA-MTE	hyp1	News	NaN	0.3015
943	944	fr	wol	challenge_SSA-MTE	hyp1	News	NaN	0.3928
944	945	fr	wol	challenge_SSA-MTE	hyp1	News	NaN	0.3536
945	946	fr	wol	challenge_SSA-MTE	hyp1	News	NaN	0.3054
946	947	fr	wol	challenge_SSA-MTE	hyp1	News	NaN	0.3582
947	948	fr	wol	challenge_SSA-MTE	hyp1	News	NaN	0.2925
948	949	fr	wol	challenge_SSA-MTE	hyp1	News	NaN	0.3297
949	950	fr	wol	challenge_SSA-MTE	hyp1	News	NaN	0.3768
950	951	fr	wol	challenge_SSA-MTE	hyp1	News	NaN	0.3125
951	952	fr	wol	challenge_SSA-MTE	hyp1	News	NaN	0.3345
952	953	fr	wol	challenge_SSA-MTE	hyp1	News	NaN	0.3642
953	954	fr	wol	challenge_SSA-MTE	hyp1	News	NaN	0.3571
954	955	fr	wol	challenge_SSA-MTE	hyp1	News	NaN	0.3327
955	956	fr	wol	challenge_SSA-MTE	hyp1	News	NaN	0.3214
956	957	fr	wol	challenge_SSA-MTE	hyp1	News	NaN	0.3116
957	958	fr	wol	challenge_SSA-MTE	hyp1	News	NaN	0.3678
958	959	fr	wol	challenge_SSA-MTE	hyp1	News	NaN	0.4543
959	960	fr	wol	challenge_SSA-MTE	hyp1	News	NaN	0.3608
960	961	fr	wol	challenge_SSA-MTE	hyp1	News	NaN	0.3486
961	962	fr	wol	challenge_SSA-MTE	hyp1	News	NaN	0.3166
962	963	fr	wol	challenge_SSA-MTE	hyp1	News	NaN	0.3444
963	964	fr	wol	challenge_SSA-MTE	hyp1	News	NaN	0.3985
964	965	fr	wol	challenge_SSA-MTE	hyp1	News	NaN	0.3674
965	966	fr	wol	challenge_SSA-MTE	hyp1	News	NaN	0.3188
966	967	fr	wol	challenge_SSA-MTE	hyp1	News	NaN	0.3763
967	968	fr	wol	challenge_SSA-MTE	hyp1	News	NaN	0.3751
968	969	fr	wol	challenge_SSA-MTE	hyp1	News	NaN	0.3517
969	970	fr	wol	challenge_SSA-MTE	hyp1	News	NaN	0.3117
970	971	fr	wol	challenge_SSA-MTE	hyp1	News	NaN	0.3059
971	972	fr	wol	challenge_SSA-MTE	hyp1	News	NaN	0.3590
972	973	fr	wol	challenge_SSA-MTE	hyp1	News	NaN	0.2415
973	974	fr	wol	challenge_SSA-MTE	hyp1	News	NaN	0.3725
974	975	fr	wol	challenge_SSA-MTE	hyp1	News	NaN	0.3661
975	976	fr	wol	challenge_SSA-MTE	hyp1	News	NaN	0.2555
976	977	fr	wol	challenge_SSA-MTE	hyp1	News	NaN	0.2989
977	978	fr	wol	challenge_SSA-MTE	hyp1	News	NaN	0.3231
978	979	fr	wol	challenge_SSA-MTE	hyp1	News	NaN	0.3142
979	980	fr	wol	challenge_SSA-MTE	hyp1	News	NaN	0.3474
980	981	fr	wol	challenge_SSA-MTE	hyp1	News	NaN	0.2191
981	982	fr	wol	challenge_SSA-MTE	hyp1	News	NaN	0.2660
982	983	fr	wol	challenge_SSA-MTE	hyp1	News	NaN	0.2828
983	984	fr	wol	challenge_SSA-MTE	hyp1	News	NaN	0.3005
984	985	fr	wol	challenge_SSA-MTE	hyp1	News	NaN	0.2322
985	986	fr	wol	challenge_SSA-MTE	hyp1	News	NaN	0.2195
986	987	fr	wol	challenge_SSA-MTE	hyp1	News	NaN	0.2470
987	988	fr	wol	challenge_SSA-MTE	hyp1	News	NaN	0.2793
988	989	fr	wol	challenge_SSA-MTE	hyp1	News	NaN	0.2486
989	990	fr	wol	challenge_SSA-MTE	hyp1	News	NaN	0.2600
990	991	fr	wol	challenge_SSA-MTE	hyp1	News	NaN	0.2835
991	992	fr	wol	challenge_SSA-MTE	hyp1	News	NaN	0.3220
992	993	fr	wol	challenge_SSA-MTE	hyp1	News	NaN	0.2692
993	994	fr	wol	challenge_SSA-MTE	hyp1	News	NaN	0.2657
994	995	fr	wol	challenge_SSA-MTE	hyp1	News	NaN	0.3662
995	996	fr	wol	challenge_SSA-MTE	hyp1	News	NaN	0.2750
996	997	fr	wol	challenge_SSA-MTE	hyp1	News	NaN	0.2922
997	998	fr	wol	challenge_SSA-MTE	hyp1	News	NaN	0.2955
998	999	fr	wol	challenge_SSA-MTE	hyp1	News	NaN	0.3040
999	1000	fr	wol	challenge_SSA-MTE	hyp1	News	NaN	0.3221
1000	1001	fr	wol	challenge_SSA-MTE	hyp1	News	NaN	0.3280
1001	1002	fr	wol	challenge_SSA-MTE	hyp1	News	NaN	0.2751
1002	1003	fr	wol	challenge_SSA-MTE	hyp1	News	NaN	0.2704
1003	1004	fr	wol	challenge_SSA-MTE	hyp1	News	NaN	0.3259
1004	1005	fr	wol	challenge_SSA-MTE	hyp1	News	NaN	0.3214
1005	1006	fr	wol	challenge_SSA-MTE	hyp1	News	NaN	0.2951
1006	1007	fr	wol	challenge_SSA-MTE	hyp1	News	NaN	0.2966
1007	1008	fr	wol	challenge_SSA-MTE	hyp1	News	NaN	0.3020
1008	1009	fr	wol	challenge_SSA-MTE	hyp1	News	NaN	0.3367
1009	1010	fr	wol	challenge_SSA-MTE	hyp1	News	NaN	0.3208
1010	1011	fr	wol	challenge_SSA-MTE	hyp1	News	NaN	0.3211
1011	1012	fr	wol	challenge_SSA-MTE	hyp1	News	NaN	0.3337
1012	1013	fr	wol	challenge_SSA-MTE	hyp1	News	NaN	0.2141
1013	1014	fr	wol	challenge_SSA-MTE	hyp1	News	NaN	0.3007
1014	1015	fr	wol	challenge_SSA-MTE	hyp1	News	NaN	0.3439
1015	1016	fr	wol	challenge_SSA-MTE	hyp1	News	NaN	0.2893
1016	1017	fr	wol	challenge_SSA-MTE	hyp1	News	NaN	0.2777
1017	1018	fr	wol	challenge_SSA-MTE	hyp1	News	NaN	0.2556
1018	1019	fr	wol	challenge_SSA-MTE	hyp1	News	NaN	0.3157
1019	1020	fr	wol	challenge_SSA-MTE	hyp1	News	NaN	0.3101
1020	1021	fr	wol	challenge_SSA-MTE	hyp1	News	NaN	0.3011
1021	1022	fr	wol	challenge_SSA-MTE	hyp1	News	NaN	0.2361
1022	1023	fr	wol	challenge_SSA-MTE	hyp1	News	NaN	0.2961
1023	1024	fr	wol	challenge_SSA-MTE	hyp1	News	NaN	0.3118
1024	1025	fr	wol	challenge_SSA-MTE	hyp1	News	NaN	0.3145
1025	1026	fr	wol	challenge_SSA-MTE	hyp1	News	NaN	0.2761
1026	1027	fr	wol	challenge_SSA-MTE	hyp1	News	NaN	0.2687
1027	1028	fr	wol	challenge_SSA-MTE	hyp1	News	NaN	0.2418
1028	1029	fr	wol	challenge_SSA-MTE	hyp1	News	NaN	0.2661
1029	1030	fr	wol	challenge_SSA-MTE	hyp1	News	NaN	0.2522
1030	1031	fr	wol	challenge_SSA-MTE	hyp1	News	NaN	0.2940
1031	1032	fr	wol	challenge_SSA-MTE	hyp1	News	NaN	0.3147
1032	1033	fr	wol	challenge_SSA-MTE	hyp1	News	NaN	0.2766
1033	1034	fr	wol	challenge_SSA-MTE	hyp1	News	NaN	0.2999
1034	1035	fr	wol	challenge_SSA-MTE	hyp1	News	NaN	0.3218
1035	1036	fr	wol	challenge_SSA-MTE	hyp1	News	NaN	0.2918
1036	1037	fr	wol	challenge_SSA-MTE	hyp1	News	NaN	0.3127
1037	1038	fr	wol	challenge_SSA-MTE	hyp1	News	NaN	0.2773
1038	1039	fr	wol	challenge_SSA-MTE	hyp1	News	NaN	0.3481
1039	1040	fr	wol	challenge_SSA-MTE	hyp1	News	NaN	0.3699
1040	1041	fr	wol	challenge_SSA-MTE	hyp1	News	NaN	0.3202
1041	1042	fr	wol	challenge_SSA-MTE	hyp1	News	NaN	0.3194
1042	1043	fr	wol	challenge_SSA-MTE	hyp1	News	NaN	0.2885
1043	1044	fr	wol	challenge_SSA-MTE	hyp1	News	NaN	0.3441
1044	1045	fr	wol	challenge_SSA-MTE	hyp1	News	NaN	0.3185
1045	1046	fr	wol	challenge_SSA-MTE	hyp1	News	NaN	0.3439
1046	1047	fr	wol	challenge_SSA-MTE	hyp1	News	NaN	0.2894
1047	1048	fr	wol	challenge_SSA-MTE	hyp1	News	NaN	0.3082
1048	1049	fr	wol	challenge_SSA-MTE	hyp1	News	NaN	0.3234
1049	1050	fr	wol	challenge_SSA-MTE	hyp1	News	NaN	0.3240
1050	1051	fr	wol	challenge_SSA-MTE	hyp1	News	NaN	0.3262
1051	1052	fr	wol	challenge_SSA-MTE	hyp1	News	NaN	0.2970
1052	1053	fr	wol	challenge_SSA-MTE	hyp1	News	NaN	0.3261
1053	1054	fr	wol	challenge_SSA-MTE	hyp1	News	NaN	0.3271
1054	1055	fr	wol	challenge_SSA-MTE	hyp1	News	NaN	0.3298
1055	1056	fr	wol	challenge_SSA-MTE	hyp1	News	NaN	0.3490
1056	1057	fr	wol	challenge_SSA-MTE	hyp1	News	NaN	0.3535
1057	1058	fr	wol	challenge_SSA-MTE	hyp1	News	NaN	0.2184
1058	1059	fr	wol	challenge_SSA-MTE	hyp1	News	NaN	0.3848
1059	1060	fr	wol	challenge_SSA-MTE	hyp1	News	NaN	0.3518
1060	1061	fr	wol	challenge_SSA-MTE	hyp1	News	NaN	0.3817
1061	1062	fr	wol	challenge_SSA-MTE	hyp1	News	NaN	0.3085
1062	1063	fr	wol	challenge_SSA-MTE	hyp1	News	NaN	0.3495
1063	1064	fr	wol	challenge_SSA-MTE	hyp1	News	NaN	0.3353
1064	1065	fr	wol	challenge_SSA-MTE	hyp1	News	NaN	0.3084
1065	1066	fr	wol	challenge_SSA-MTE	hyp1	News	NaN	0.3485
1066	1067	fr	wol	challenge_SSA-MTE	hyp1	News	NaN	0.3342
1067	1068	fr	wol	challenge_SSA-MTE	hyp1	News	NaN	0.3659
1068	1069	fr	wol	challenge_SSA-MTE	hyp1	News	NaN	0.3606
1069	1070	fr	wol	challenge_SSA-MTE	hyp1	News	NaN	0.3815
1070	1071	fr	wol	challenge_SSA-MTE	hyp1	News	NaN	0.2953
1071	1072	fr	wol	challenge_SSA-MTE	hyp1	News	NaN	0.3039
1072	1073	fr	wol	challenge_SSA-MTE	hyp1	News	NaN	0.2758
1073	1074	fr	wol	challenge_SSA-MTE	hyp1	News	NaN	0.3014
1074	1075	fr	wol	challenge_SSA-MTE	hyp1	News	NaN	0.2618
1075	1076	fr	wol	challenge_SSA-MTE	hyp1	News	NaN	0.3849
1076	1077	fr	wol	challenge_SSA-MTE	hyp1	News	NaN	0.2858
1077	1078	fr	wol	challenge_SSA-MTE	hyp1	News	NaN	0.3421
1078	1079	fr	wol	challenge_SSA-MTE	hyp1	News	NaN	0.4058
1079	1080	fr	wol	challenge_SSA-MTE	hyp1	News	NaN	0.3803
1080	1081	fr	wol	challenge_SSA-MTE	hyp1	News	NaN	0.2715
1081	1082	fr	wol	challenge_SSA-MTE	hyp1	News	NaN	0.2592
1082	1083	fr	wol	challenge_SSA-MTE	hyp1	News	NaN	0.2585
1083	1084	fr	wol	challenge_SSA-MTE	hyp1	News	NaN	0.2682
1084	1085	fr	wol	challenge_SSA-MTE	hyp1	News	NaN	0.2840
1085	1086	fr	wol	challenge_SSA-MTE	hyp1	News	NaN	0.2155
1086	1087	fr	wol	challenge_SSA-MTE	hyp1	News	NaN	0.3441
1087	1088	fr	wol	challenge_SSA-MTE	hyp1	News	NaN	0.3311
1088	1089	fr	wol	challenge_SSA-MTE	hyp1	News	NaN	0.3378
1089	1090	fr	wol	challenge_SSA-MTE	hyp1	News	NaN	0.3544
1090	1091	fr	wol	challenge_SSA-MTE	hyp1	News	NaN	0.3258
1091	1092	fr	wol	challenge_SSA-MTE	hyp1	News	NaN	0.2646
1092	1093	fr	wol	challenge_SSA-MTE	hyp1	News	NaN	0.2810
1093	1094	fr	wol	challenge_SSA-MTE	hyp1	News	NaN	0.3671
1094	1095	fr	wol	challenge_SSA-MTE	hyp1	News	NaN	0.2870
1095	1096	fr	wol	challenge_SSA-MTE	hyp1	News	NaN	0.3097
1096	1097	fr	wol	challenge_SSA-MTE	hyp1	News	NaN	0.3115
1097	1098	fr	wol	challenge_SSA-MTE	hyp1	News	NaN	0.2521
1098	1099	fr	wol	challenge_SSA-MTE	hyp1	News	NaN	0.2855
1099	1100	fr	wol	challenge_SSA-MTE	hyp1	News	NaN	0.3401
1100	1101	fr	wol	challenge_SSA-MTE	hyp1	News	NaN	0.2788
1101	1102	fr	wol	challenge_SSA-MTE	hyp1	News	NaN	0.2861
1102	1103	fr	wol	challenge_SSA-MTE	hyp1	News	NaN	0.2964
1103	1104	fr	wol	challenge_SSA-MTE	hyp1	News	NaN	0.3177
1104	1105	fr	wol	challenge_SSA-MTE	hyp1	News	NaN	0.3024
1105	1106	fr	wol	challenge_SSA-MTE	hyp1	News	NaN	0.3150
1106	1107	fr	wol	challenge_SSA-MTE	hyp1	News	NaN	0.3067
1107	1108	fr	wol	challenge_SSA-MTE	hyp1	News	NaN	0.3103
1108	1109	fr	wol	challenge_SSA-MTE	hyp1	News	NaN	0.3272
1109	1110	fr	wol	challenge_SSA-MTE	hyp1	News	NaN	0.3307
1110	1111	fr	wol	challenge_SSA-MTE	hyp1	News	NaN	0.2721
1111	1112	fr	wol	challenge_SSA-MTE	hyp1	News	NaN	0.2952
1112	1113	fr	wol	challenge_SSA-MTE	hyp1	News	NaN	0.2811
1113	1114	fr	wol	challenge_SSA-MTE	hyp1	News	NaN	0.3011
1114	1115	fr	wol	challenge_SSA-MTE	hyp1	News	NaN	0.2982
1115	1116	fr	wol	challenge_SSA-MTE	hyp1	News	NaN	0.2920
1116	1117	fr	wol	challenge_SSA-MTE	hyp1	News	NaN	0.2660
1117	1118	fr	wol	challenge_SSA-MTE	hyp1	News	NaN	0.2923
1118	1119	fr	wol	challenge_SSA-MTE	hyp1	News	NaN	0.3253
1119	1120	fr	wol	challenge_SSA-MTE	hyp1	News	NaN	0.3337
1120	1121	fr	wol	challenge_SSA-MTE	hyp1	News	NaN	0.2691
1121	1122	fr	wol	challenge_SSA-MTE	hyp1	News	NaN	0.2432
1122	1123	fr	wol	challenge_SSA-MTE	hyp1	News	NaN	0.2495
1123	1124	fr	wol	challenge_SSA-MTE	hyp1	News	NaN	0.3260
1124	1125	fr	wol	challenge_SSA-MTE	hyp1	News	NaN	0.3197
1125	1126	fr	wol	challenge_SSA-MTE	hyp1	News	NaN	0.3700
1126	1127	fr	wol	challenge_SSA-MTE	hyp1	News	NaN	0.3429
1127	1128	fr	wol	challenge_SSA-MTE	hyp1	News	NaN	0.2768
1128	1129	fr	wol	challenge_SSA-MTE	hyp1	News	NaN	0.3478
1129	1130	fr	wol	challenge_SSA-MTE	hyp1	News	NaN	0.3094
1130	1131	fr	wol	challenge_SSA-MTE	hyp1	News	NaN	0.3548
1131	1132	fr	wol	challenge_SSA-MTE	hyp1	News	NaN	0.3627
1132	1133	fr	wol	challenge_SSA-MTE	hyp1	News	NaN	0.3475
1133	1134	fr	wol	challenge_SSA-MTE	hyp1	News	NaN	0.3263
1134	1135	fr	wol	challenge_SSA-MTE	hyp1	News	NaN	0.4021
1135	1136	fr	wol	challenge_SSA-MTE	hyp1	News	NaN	0.3614
1136	1137	fr	wol	challenge_SSA-MTE	hyp1	News	NaN	0.3154
1137	1138	fr	wol	challenge_SSA-MTE	hyp1	News	NaN	0.2902
1138	1139	fr	wol	challenge_SSA-MTE	hyp1	News	NaN	0.3301
1139	1140	fr	wol	challenge_SSA-MTE	hyp1	News	NaN	0.3298
1140	1141	fr	wol	challenge_SSA-MTE	hyp1	News	NaN	0.3313
1141	1142	fr	wol	challenge_SSA-MTE	hyp1	News	NaN	0.3223
1142	1143	fr	wol	challenge_SSA-MTE	hyp1	News	NaN	0.3341
1143	1144	fr	wol	challenge_SSA-MTE	hyp1	News	NaN	0.3194
1144	1145	fr	wol	challenge_SSA-MTE	hyp1	News	NaN	0.3574
1145	1146	fr	wol	challenge_SSA-MTE	hyp1	News	NaN	0.3399
1146	1147	fr	wol	challenge_SSA-MTE	hyp1	News	NaN	0.3748
1147	1148	fr	wol	challenge_SSA-MTE	hyp1	News	NaN	0.3156
1148	1149	fr	wol	challenge_SSA-MTE	hyp1	News	NaN	0.3454
1149	1150	fr	wol	challenge_SSA-MTE	hyp1	News	NaN	0.3832
1150	1151	fr	wol	challenge_SSA-MTE	hyp1	News	NaN	0.3660
1151	1152	fr	wol	challenge_SSA-MTE	hyp1	News	NaN	0.3630
1152	1153	fr	wol	challenge_SSA-MTE	hyp1	News	NaN	0.3692
1153	1154	fr	wol	challenge_SSA-MTE	hyp1	News	NaN	0.3787
1154	1155	fr	wol	challenge_SSA-MTE	hyp1	News	NaN	0.3621
1155	1156	fr	wol	challenge_SSA-MTE	hyp1	News	NaN	0.3116
1156	1157	fr	wol	challenge_SSA-MTE	hyp1	News	NaN	0.1900
1157	1158	fr	wol	challenge_SSA-MTE	hyp1	News	NaN	0.2340
1158	1159	fr	wol	challenge_SSA-MTE	hyp1	News	NaN	0.2674
1159	1160	fr	wol	challenge_SSA-MTE	hyp1	News	NaN	0.3162
1160	1161	fr	wol	challenge_SSA-MTE	hyp1	News	NaN	0.3230
1161	1162	fr	wol	challenge_SSA-MTE	hyp1	News	NaN	0.2890
1162	1163	fr	wol	challenge_SSA-MTE	hyp1	News	NaN	0.2901
1163	1164	fr	wol	challenge_SSA-MTE	hyp1	News	NaN	0.3588
1164	1165	fr	wol	challenge_SSA-MTE	hyp1	News	NaN	0.3375
1165	1166	fr	wol	challenge_SSA-MTE	hyp1	News	NaN	0.3700
1166	1167	fr	wol	challenge_SSA-MTE	hyp1	News	NaN	0.2958
1167	1168	fr	wol	challenge_SSA-MTE	hyp1	News	NaN	0.3270
1168	1169	fr	wol	challenge_SSA-MTE	hyp1	News	NaN	0.3212
1169	1170	fr	wol	challenge_SSA-MTE	hyp1	News	NaN	0.4051
1170	1171	fr	wol	challenge_SSA-MTE	hyp1	News	NaN	0.2952
1171	1172	fr	wol	challenge_SSA-MTE	hyp1	News	NaN	0.2443
1172	1173	fr	wol	challenge_SSA-MTE	hyp1	News	NaN	0.3464
1173	1174	fr	wol	challenge_SSA-MTE	hyp1	News	NaN	0.3191
1174	1175	fr	wol	challenge_SSA-MTE	hyp1	News	NaN	0.3411
0	1	pt	nya	challenge_SSA-MTE	hyp1	News	NaN	0.3467
1	2	pt	nya	challenge_SSA-MTE	hyp1	News	NaN	0.2961
2	3	pt	nya	challenge_SSA-MTE	hyp1	News	NaN	0.3272
3	4	pt	nya	challenge_SSA-MTE	hyp1	News	NaN	0.2935
4	5	pt	nya	challenge_SSA-MTE	hyp1	News	NaN	0.2995
5	6	pt	nya	challenge_SSA-MTE	hyp1	News	NaN	0.3381
6	7	pt	nya	challenge_SSA-MTE	hyp1	News	NaN	0.3144
7	8	pt	nya	challenge_SSA-MTE	hyp1	News	NaN	0.3953
8	9	pt	nya	challenge_SSA-MTE	hyp1	News	NaN	0.3674
9	10	pt	nya	challenge_SSA-MTE	hyp1	News	NaN	0.3880
10	11	pt	nya	challenge_SSA-MTE	hyp1	News	NaN	0.3467
11	12	pt	nya	challenge_SSA-MTE	hyp1	News	NaN	0.4297
12	13	pt	nya	challenge_SSA-MTE	hyp1	News	NaN	0.3274
13	14	pt	nya	challenge_SSA-MTE	hyp1	News	NaN	0.3110
14	15	pt	nya	challenge_SSA-MTE	hyp1	News	NaN	0.3252
15	16	pt	nya	challenge_SSA-MTE	hyp1	News	NaN	0.2654
16	17	pt	nya	challenge_SSA-MTE	hyp1	News	NaN	0.3530
17	18	pt	nya	challenge_SSA-MTE	hyp1	News	NaN	0.3257
18	19	pt	nya	challenge_SSA-MTE	hyp1	News	NaN	0.3132
19	20	pt	nya	challenge_SSA-MTE	hyp1	News	NaN	0.2936
20	21	pt	nya	challenge_SSA-MTE	hyp1	News	NaN	0.3726
21	22	pt	nya	challenge_SSA-MTE	hyp1	News	NaN	0.3468
22	23	pt	nya	challenge_SSA-MTE	hyp1	News	NaN	0.3549
23	24	pt	nya	challenge_SSA-MTE	hyp1	News	NaN	0.3199
24	25	pt	nya	challenge_SSA-MTE	hyp1	News	NaN	0.3721
25	26	pt	nya	challenge_SSA-MTE	hyp1	News	NaN	0.3848
26	27	pt	nya	challenge_SSA-MTE	hyp1	News	NaN	0.3426
27	28	pt	nya	challenge_SSA-MTE	hyp1	News	NaN	0.4180
28	29	pt	nya	challenge_SSA-MTE	hyp1	News	NaN	0.3881
29	30	pt	nya	challenge_SSA-MTE	hyp1	News	NaN	0.3995
30	31	pt	nya	challenge_SSA-MTE	hyp1	News	NaN	0.4171
31	32	pt	nya	challenge_SSA-MTE	hyp1	News	NaN	0.3309
32	33	pt	nya	challenge_SSA-MTE	hyp1	News	NaN	0.3744
33	34	pt	nya	challenge_SSA-MTE	hyp1	News	NaN	0.3998
34	35	pt	nya	challenge_SSA-MTE	hyp1	News	NaN	0.3735
35	36	pt	nya	challenge_SSA-MTE	hyp1	News	NaN	0.4982
36	37	pt	nya	challenge_SSA-MTE	hyp1	News	NaN	0.3306
37	38	pt	nya	challenge_SSA-MTE	hyp1	News	NaN	0.3161
38	39	pt	nya	challenge_SSA-MTE	hyp1	News	NaN	0.3301
39	40	pt	nya	challenge_SSA-MTE	hyp1	News	NaN	0.2956
40	41	pt	nya	challenge_SSA-MTE	hyp1	News	NaN	0.3512
41	42	pt	nya	challenge_SSA-MTE	hyp1	News	NaN	0.3484
42	43	pt	nya	challenge_SSA-MTE	hyp1	News	NaN	0.3507
43	44	pt	nya	challenge_SSA-MTE	hyp1	News	NaN	0.3422
44	45	pt	nya	challenge_SSA-MTE	hyp1	News	NaN	0.4518
45	46	pt	nya	challenge_SSA-MTE	hyp1	News	NaN	0.3963
46	47	pt	nya	challenge_SSA-MTE	hyp1	News	NaN	0.4389
47	48	pt	nya	challenge_SSA-MTE	hyp1	News	NaN	0.3694
48	49	pt	nya	challenge_SSA-MTE	hyp1	News	NaN	0.3576
49	50	pt	nya	challenge_SSA-MTE	hyp1	News	NaN	0.3604
50	51	pt	nya	challenge_SSA-MTE	hyp1	News	NaN	0.3911
51	52	pt	nya	challenge_SSA-MTE	hyp1	News	NaN	0.2843
52	53	pt	nya	challenge_SSA-MTE	hyp1	News	NaN	0.4491
53	54	pt	nya	challenge_SSA-MTE	hyp1	News	NaN	0.3557
54	55	pt	nya	challenge_SSA-MTE	hyp1	News	NaN	0.4098
55	56	pt	nya	challenge_SSA-MTE	hyp1	News	NaN	0.2787
56	57	pt	nya	challenge_SSA-MTE	hyp1	News	NaN	0.3800
57	58	pt	nya	challenge_SSA-MTE	hyp1	News	NaN	0.3672
58	59	pt	nya	challenge_SSA-MTE	hyp1	News	NaN	0.3777
59	60	pt	nya	challenge_SSA-MTE	hyp1	News	NaN	0.3340
60	61	pt	nya	challenge_SSA-MTE	hyp1	News	NaN	0.3786
61	62	pt	nya	challenge_SSA-MTE	hyp1	News	NaN	0.4365
62	63	pt	nya	challenge_SSA-MTE	hyp1	News	NaN	0.3767
63	64	pt	nya	challenge_SSA-MTE	hyp1	News	NaN	0.3744
64	65	pt	nya	challenge_SSA-MTE	hyp1	News	NaN	0.3833
65	66	pt	nya	challenge_SSA-MTE	hyp1	News	NaN	0.3947
66	67	pt	nya	challenge_SSA-MTE	hyp1	News	NaN	0.3905
67	68	pt	nya	challenge_SSA-MTE	hyp1	News	NaN	0.3413
68	69	pt	nya	challenge_SSA-MTE	hyp1	News	NaN	0.3447
69	70	pt	nya	challenge_SSA-MTE	hyp1	News	NaN	0.3709
70	71	pt	nya	challenge_SSA-MTE	hyp1	News	NaN	0.3481
71	72	pt	nya	challenge_SSA-MTE	hyp1	News	NaN	0.2029
72	73	pt	nya	challenge_SSA-MTE	hyp1	News	NaN	0.4631
73	74	pt	nya	challenge_SSA-MTE	hyp1	News	NaN	0.4223
74	75	pt	nya	challenge_SSA-MTE	hyp1	News	NaN	0.4022
75	76	pt	nya	challenge_SSA-MTE	hyp1	News	NaN	0.3422
76	77	pt	nya	challenge_SSA-MTE	hyp1	News	NaN	0.3524
77	78	pt	nya	challenge_SSA-MTE	hyp1	News	NaN	0.3691
78	79	pt	nya	challenge_SSA-MTE	hyp1	News	NaN	0.3529
79	80	pt	nya	challenge_SSA-MTE	hyp1	News	NaN	0.2786
80	81	pt	nya	challenge_SSA-MTE	hyp1	News	NaN	0.4235
81	82	pt	nya	challenge_SSA-MTE	hyp1	News	NaN	0.3559
82	83	pt	nya	challenge_SSA-MTE	hyp1	News	NaN	0.3806
83	84	pt	nya	challenge_SSA-MTE	hyp1	News	NaN	0.2823
84	85	pt	nya	challenge_SSA-MTE	hyp1	News	NaN	0.3741
85	86	pt	nya	challenge_SSA-MTE	hyp1	News	NaN	0.3869
86	87	pt	nya	challenge_SSA-MTE	hyp1	News	NaN	0.3805
87	88	pt	nya	challenge_SSA-MTE	hyp1	News	NaN	0.2905
88	89	pt	nya	challenge_SSA-MTE	hyp1	News	NaN	0.3343
89	90	pt	nya	challenge_SSA-MTE	hyp1	News	NaN	0.3356
90	91	pt	nya	challenge_SSA-MTE	hyp1	News	NaN	0.3475
91	92	pt	nya	challenge_SSA-MTE	hyp1	News	NaN	0.2976
92	93	pt	nya	challenge_SSA-MTE	hyp1	News	NaN	0.2655
93	94	pt	nya	challenge_SSA-MTE	hyp1	News	NaN	0.2665
94	95	pt	nya	challenge_SSA-MTE	hyp1	News	NaN	0.2792
95	96	pt	nya	challenge_SSA-MTE	hyp1	News	NaN	0.2749
96	97	pt	nya	challenge_SSA-MTE	hyp1	News	NaN	0.3876
97	98	pt	nya	challenge_SSA-MTE	hyp1	News	NaN	0.3975
98	99	pt	nya	challenge_SSA-MTE	hyp1	News	NaN	0.3751
99	100	pt	nya	challenge_SSA-MTE	hyp1	News	NaN	0.2861
100	101	pt	nya	challenge_SSA-MTE	hyp1	News	NaN	0.3247
101	102	pt	nya	challenge_SSA-MTE	hyp1	News	NaN	0.3818
102	103	pt	nya	challenge_SSA-MTE	hyp1	News	NaN	0.3833
103	104	pt	nya	challenge_SSA-MTE	hyp1	News	NaN	0.3115
104	105	pt	nya	challenge_SSA-MTE	hyp1	News	NaN	0.3825
105	106	pt	nya	challenge_SSA-MTE	hyp1	News	NaN	0.3780
106	107	pt	nya	challenge_SSA-MTE	hyp1	News	NaN	0.4049
107	108	pt	nya	challenge_SSA-MTE	hyp1	News	NaN	0.3298
108	109	pt	nya	challenge_SSA-MTE	hyp1	News	NaN	0.3420
109	110	pt	nya	challenge_SSA-MTE	hyp1	News	NaN	0.3129
110	111	pt	nya	challenge_SSA-MTE	hyp1	News	NaN	0.3764
111	112	pt	nya	challenge_SSA-MTE	hyp1	News	NaN	0.2802
112	113	pt	nya	challenge_SSA-MTE	hyp1	News	NaN	0.3347
113	114	pt	nya	challenge_SSA-MTE	hyp1	News	NaN	0.3261
114	115	pt	nya	challenge_SSA-MTE	hyp1	News	NaN	0.3424
115	116	pt	nya	challenge_SSA-MTE	hyp1	News	NaN	0.2998
116	117	pt	nya	challenge_SSA-MTE	hyp1	News	NaN	0.3543
117	118	pt	nya	challenge_SSA-MTE	hyp1	News	NaN	0.4018
118	119	pt	nya	challenge_SSA-MTE	hyp1	News	NaN	0.4986
119	120	pt	nya	challenge_SSA-MTE	hyp1	News	NaN	0.4187
120	121	pt	nya	challenge_SSA-MTE	hyp1	News	NaN	0.3478
121	122	pt	nya	challenge_SSA-MTE	hyp1	News	NaN	0.3577
122	123	pt	nya	challenge_SSA-MTE	hyp1	News	NaN	0.3836
123	124	pt	nya	challenge_SSA-MTE	hyp1	News	NaN	0.2875
124	125	pt	nya	challenge_SSA-MTE	hyp1	News	NaN	0.3533
125	126	pt	nya	challenge_SSA-MTE	hyp1	News	NaN	0.3359
126	127	pt	nya	challenge_SSA-MTE	hyp1	News	NaN	0.3514
127	128	pt	nya	challenge_SSA-MTE	hyp1	News	NaN	0.2489
128	129	pt	nya	challenge_SSA-MTE	hyp1	News	NaN	0.3571
129	130	pt	nya	challenge_SSA-MTE	hyp1	News	NaN	0.3537
130	131	pt	nya	challenge_SSA-MTE	hyp1	News	NaN	0.3982
131	132	pt	nya	challenge_SSA-MTE	hyp1	News	NaN	0.3267
132	133	pt	nya	challenge_SSA-MTE	hyp1	News	NaN	0.3345
133	134	pt	nya	challenge_SSA-MTE	hyp1	News	NaN	0.3335
134	135	pt	nya	challenge_SSA-MTE	hyp1	News	NaN	0.3299
135	136	pt	nya	challenge_SSA-MTE	hyp1	News	NaN	0.2133
136	137	pt	nya	challenge_SSA-MTE	hyp1	News	NaN	0.3243
137	138	pt	nya	challenge_SSA-MTE	hyp1	News	NaN	0.3119
138	139	pt	nya	challenge_SSA-MTE	hyp1	News	NaN	0.3162
139	140	pt	nya	challenge_SSA-MTE	hyp1	News	NaN	0.2863
140	141	pt	nya	challenge_SSA-MTE	hyp1	News	NaN	0.3501
141	142	pt	nya	challenge_SSA-MTE	hyp1	News	NaN	0.3559
142	143	pt	nya	challenge_SSA-MTE	hyp1	News	NaN	0.3730
143	144	pt	nya	challenge_SSA-MTE	hyp1	News	NaN	0.2752
144	145	pt	nya	challenge_SSA-MTE	hyp1	News	NaN	0.3174
145	146	pt	nya	challenge_SSA-MTE	hyp1	News	NaN	0.2997
146	147	pt	nya	challenge_SSA-MTE	hyp1	News	NaN	0.3019
147	148	pt	nya	challenge_SSA-MTE	hyp1	News	NaN	0.2413
148	149	pt	nya	challenge_SSA-MTE	hyp1	News	NaN	0.3637
149	150	pt	nya	challenge_SSA-MTE	hyp1	News	NaN	0.3552
150	151	pt	nya	challenge_SSA-MTE	hyp1	News	NaN	0.3639
151	152	pt	nya	challenge_SSA-MTE	hyp1	News	NaN	0.3270
152	153	pt	nya	challenge_SSA-MTE	hyp1	News	NaN	0.3593
153	154	pt	nya	challenge_SSA-MTE	hyp1	News	NaN	0.3686
154	155	pt	nya	challenge_SSA-MTE	hyp1	News	NaN	0.3775
155	156	pt	nya	challenge_SSA-MTE	hyp1	News	NaN	0.2935
156	157	pt	nya	challenge_SSA-MTE	hyp1	News	NaN	0.4100
157	158	pt	nya	challenge_SSA-MTE	hyp1	News	NaN	0.3702
158	159	pt	nya	challenge_SSA-MTE	hyp1	News	NaN	0.3760
159	160	pt	nya	challenge_SSA-MTE	hyp1	News	NaN	0.3176
160	161	pt	nya	challenge_SSA-MTE	hyp1	News	NaN	0.3165
161	162	pt	nya	challenge_SSA-MTE	hyp1	News	NaN	0.3159
162	163	pt	nya	challenge_SSA-MTE	hyp1	News	NaN	0.3213
163	164	pt	nya	challenge_SSA-MTE	hyp1	News	NaN	0.2518
164	165	pt	nya	challenge_SSA-MTE	hyp1	News	NaN	0.3446
165	166	pt	nya	challenge_SSA-MTE	hyp1	News	NaN	0.3782
166	167	pt	nya	challenge_SSA-MTE	hyp1	News	NaN	0.3583
167	168	pt	nya	challenge_SSA-MTE	hyp1	News	NaN	0.2695
168	169	pt	nya	challenge_SSA-MTE	hyp1	News	NaN	0.3515
169	170	pt	nya	challenge_SSA-MTE	hyp1	News	NaN	0.3324
170	171	pt	nya	challenge_SSA-MTE	hyp1	News	NaN	0.3117
171	172	pt	nya	challenge_SSA-MTE	hyp1	News	NaN	0.2921
172	173	pt	nya	challenge_SSA-MTE	hyp1	News	NaN	0.3524
173	174	pt	nya	challenge_SSA-MTE	hyp1	News	NaN	0.3501
174	175	pt	nya	challenge_SSA-MTE	hyp1	News	NaN	0.4043
175	176	pt	nya	challenge_SSA-MTE	hyp1	News	NaN	0.3877
176	177	pt	nya	challenge_SSA-MTE	hyp1	News	NaN	0.3153
177	178	pt	nya	challenge_SSA-MTE	hyp1	News	NaN	0.3242
178	179	pt	nya	challenge_SSA-MTE	hyp1	News	NaN	0.3130
179	180	pt	nya	challenge_SSA-MTE	hyp1	News	NaN	0.3354
180	181	pt	nya	challenge_SSA-MTE	hyp1	News	NaN	0.3714
181	182	pt	nya	challenge_SSA-MTE	hyp1	News	NaN	0.3654
182	183	pt	nya	challenge_SSA-MTE	hyp1	News	NaN	0.4106
183	184	pt	nya	challenge_SSA-MTE	hyp1	News	NaN	0.3786
184	185	pt	nya	challenge_SSA-MTE	hyp1	News	NaN	0.3750
185	186	pt	nya	challenge_SSA-MTE	hyp1	News	NaN	0.4057
186	187	pt	nya	challenge_SSA-MTE	hyp1	News	NaN	0.3926
187	188	pt	nya	challenge_SSA-MTE	hyp1	News	NaN	0.2474
188	189	pt	nya	challenge_SSA-MTE	hyp1	News	NaN	0.4152
189	190	pt	nya	challenge_SSA-MTE	hyp1	News	NaN	0.4386
190	191	pt	nya	challenge_SSA-MTE	hyp1	News	NaN	0.4470
191	192	pt	nya	challenge_SSA-MTE	hyp1	News	NaN	0.3826
192	193	pt	nya	challenge_SSA-MTE	hyp1	News	NaN	0.3057
193	194	pt	nya	challenge_SSA-MTE	hyp1	News	NaN	0.3002
194	195	pt	nya	challenge_SSA-MTE	hyp1	News	NaN	0.2905
195	196	pt	nya	challenge_SSA-MTE	hyp1	News	NaN	0.3160
196	197	pt	nya	challenge_SSA-MTE	hyp1	News	NaN	0.3724
197	198	pt	nya	challenge_SSA-MTE	hyp1	News	NaN	0.3762
198	199	pt	nya	challenge_SSA-MTE	hyp1	News	NaN	0.4045
199	200	pt	nya	challenge_SSA-MTE	hyp1	News	NaN	0.4022
200	201	pt	nya	challenge_SSA-MTE	hyp1	News	NaN	0.4138
201	202	pt	nya	challenge_SSA-MTE	hyp1	News	NaN	0.4001
202	203	pt	nya	challenge_SSA-MTE	hyp1	News	NaN	0.4133
203	204	pt	nya	challenge_SSA-MTE	hyp1	News	NaN	0.2578
204	205	pt	nya	challenge_SSA-MTE	hyp1	News	NaN	0.3296
205	206	pt	nya	challenge_SSA-MTE	hyp1	News	NaN	0.3136
206	207	pt	nya	challenge_SSA-MTE	hyp1	News	NaN	0.3362
207	208	pt	nya	challenge_SSA-MTE	hyp1	News	NaN	0.2708
208	209	pt	nya	challenge_SSA-MTE	hyp1	News	NaN	0.3352
209	210	pt	nya	challenge_SSA-MTE	hyp1	News	NaN	0.3137
210	211	pt	nya	challenge_SSA-MTE	hyp1	News	NaN	0.3301
211	212	pt	nya	challenge_SSA-MTE	hyp1	News	NaN	0.2860
212	213	pt	nya	challenge_SSA-MTE	hyp1	News	NaN	0.3226
213	214	pt	nya	challenge_SSA-MTE	hyp1	News	NaN	0.3315
214	215	pt	nya	challenge_SSA-MTE	hyp1	News	NaN	0.3132
215	216	pt	nya	challenge_SSA-MTE	hyp1	News	NaN	0.3179
216	217	pt	nya	challenge_SSA-MTE	hyp1	News	NaN	0.3884
217	218	pt	nya	challenge_SSA-MTE	hyp1	News	NaN	0.3725
218	219	pt	nya	challenge_SSA-MTE	hyp1	News	NaN	0.3765
219	220	pt	nya	challenge_SSA-MTE	hyp1	News	NaN	0.2775
220	221	pt	nya	challenge_SSA-MTE	hyp1	News	NaN	0.4387
221	222	pt	nya	challenge_SSA-MTE	hyp1	News	NaN	0.4394
222	223	pt	nya	challenge_SSA-MTE	hyp1	News	NaN	0.4228
223	224	pt	nya	challenge_SSA-MTE	hyp1	News	NaN	0.4014
224	225	pt	nya	challenge_SSA-MTE	hyp1	News	NaN	0.3596
225	226	pt	nya	challenge_SSA-MTE	hyp1	News	NaN	0.4027
226	227	pt	nya	challenge_SSA-MTE	hyp1	News	NaN	0.4141
227	228	pt	nya	challenge_SSA-MTE	hyp1	News	NaN	0.2670
228	229	pt	nya	challenge_SSA-MTE	hyp1	News	NaN	0.3260
229	230	pt	nya	challenge_SSA-MTE	hyp1	News	NaN	0.3584
230	231	pt	nya	challenge_SSA-MTE	hyp1	News	NaN	0.3424
231	232	pt	nya	challenge_SSA-MTE	hyp1	News	NaN	0.3783
232	233	pt	nya	challenge_SSA-MTE	hyp1	News	NaN	0.3232
233	234	pt	nya	challenge_SSA-MTE	hyp1	News	NaN	0.3578
234	235	pt	nya	challenge_SSA-MTE	hyp1	News	NaN	0.3405
235	236	pt	nya	challenge_SSA-MTE	hyp1	News	NaN	0.2789
236	237	pt	nya	challenge_SSA-MTE	hyp1	News	NaN	0.3521
237	238	pt	nya	challenge_SSA-MTE	hyp1	News	NaN	0.3806
238	239	pt	nya	challenge_SSA-MTE	hyp1	News	NaN	0.4250
239	240	pt	nya	challenge_SSA-MTE	hyp1	News	NaN	0.2659
240	241	pt	nya	challenge_SSA-MTE	hyp1	News	NaN	0.3244
241	242	pt	nya	challenge_SSA-MTE	hyp1	News	NaN	0.3507
242	243	pt	nya	challenge_SSA-MTE	hyp1	News	NaN	0.3294
243	244	pt	nya	challenge_SSA-MTE	hyp1	News	NaN	0.2793
244	245	pt	nya	challenge_SSA-MTE	hyp1	News	NaN	0.4271
245	246	pt	nya	challenge_SSA-MTE	hyp1	News	NaN	0.3727
246	247	pt	nya	challenge_SSA-MTE	hyp1	News	NaN	0.4444
247	248	pt	nya	challenge_SSA-MTE	hyp1	News	NaN	0.3626
248	249	pt	nya	challenge_SSA-MTE	hyp1	News	NaN	0.3574
249	250	pt	nya	challenge_SSA-MTE	hyp1	News	NaN	0.3355
250	251	pt	nya	challenge_SSA-MTE	hyp1	News	NaN	0.3652
251	252	pt	nya	challenge_SSA-MTE	hyp1	News	NaN	0.2762
252	253	pt	nya	challenge_SSA-MTE	hyp1	News	NaN	0.3870
253	254	pt	nya	challenge_SSA-MTE	hyp1	News	NaN	0.3712
254	255	pt	nya	challenge_SSA-MTE	hyp1	News	NaN	0.3702
255	256	pt	nya	challenge_SSA-MTE	hyp1	News	NaN	0.3267
256	257	pt	nya	challenge_SSA-MTE	hyp1	News	NaN	0.2914
257	258	pt	nya	challenge_SSA-MTE	hyp1	News	NaN	0.3156
258	259	pt	nya	challenge_SSA-MTE	hyp1	News	NaN	0.3278
259	260	pt	nya	challenge_SSA-MTE	hyp1	News	NaN	0.2713
260	261	pt	nya	challenge_SSA-MTE	hyp1	News	NaN	0.3860
261	262	pt	nya	challenge_SSA-MTE	hyp1	News	NaN	0.3834
262	263	pt	nya	challenge_SSA-MTE	hyp1	News	NaN	0.3680
263	264	pt	nya	challenge_SSA-MTE	hyp1	News	NaN	0.3260
264	265	pt	nya	challenge_SSA-MTE	hyp1	News	NaN	0.3857
265	266	pt	nya	challenge_SSA-MTE	hyp1	News	NaN	0.4106
266	267	pt	nya	challenge_SSA-MTE	hyp1	News	NaN	0.4571
267	268	pt	nya	challenge_SSA-MTE	hyp1	News	NaN	0.3285
268	269	pt	nya	challenge_SSA-MTE	hyp1	News	NaN	0.3172
269	270	pt	nya	challenge_SSA-MTE	hyp1	News	NaN	0.3275
270	271	pt	nya	challenge_SSA-MTE	hyp1	News	NaN	0.3067
271	272	pt	nya	challenge_SSA-MTE	hyp1	News	NaN	0.2930
272	273	pt	nya	challenge_SSA-MTE	hyp1	News	NaN	0.3535
273	274	pt	nya	challenge_SSA-MTE	hyp1	News	NaN	0.3576
274	275	pt	nya	challenge_SSA-MTE	hyp1	News	NaN	0.3580
275	276	pt	nya	challenge_SSA-MTE	hyp1	News	NaN	0.3570
276	277	pt	nya	challenge_SSA-MTE	hyp1	News	NaN	0.3493
277	278	pt	nya	challenge_SSA-MTE	hyp1	News	NaN	0.3456
278	279	pt	nya	challenge_SSA-MTE	hyp1	News	NaN	0.3504
279	280	pt	nya	challenge_SSA-MTE	hyp1	News	NaN	0.3404
280	281	pt	nya	challenge_SSA-MTE	hyp1	News	NaN	0.3486
281	282	pt	nya	challenge_SSA-MTE	hyp1	News	NaN	0.3651
282	283	pt	nya	challenge_SSA-MTE	hyp1	News	NaN	0.3317
283	284	pt	nya	challenge_SSA-MTE	hyp1	News	NaN	0.3521
284	285	pt	nya	challenge_SSA-MTE	hyp1	News	NaN	0.3758
285	286	pt	nya	challenge_SSA-MTE	hyp1	News	NaN	0.3601
286	287	pt	nya	challenge_SSA-MTE	hyp1	News	NaN	0.3729
287	288	pt	nya	challenge_SSA-MTE	hyp1	News	NaN	0.3299
288	289	pt	nya	challenge_SSA-MTE	hyp1	News	NaN	0.3184
289	290	pt	nya	challenge_SSA-MTE	hyp1	News	NaN	0.3096
290	291	pt	nya	challenge_SSA-MTE	hyp1	News	NaN	0.2869
291	292	pt	nya	challenge_SSA-MTE	hyp1	News	NaN	0.4155
292	293	pt	nya	challenge_SSA-MTE	hyp1	News	NaN	0.5914
293	294	pt	nya	challenge_SSA-MTE	hyp1	News	NaN	0.4566
294	295	pt	nya	challenge_SSA-MTE	hyp1	News	NaN	0.6288
295	296	pt	nya	challenge_SSA-MTE	hyp1	News	NaN	0.6061
296	297	pt	nya	challenge_SSA-MTE	hyp1	News	NaN	0.3266
297	298	pt	nya	challenge_SSA-MTE	hyp1	News	NaN	0.3272
298	299	pt	nya	challenge_SSA-MTE	hyp1	News	NaN	0.3297
299	300	pt	nya	challenge_SSA-MTE	hyp1	News	NaN	0.2937
300	301	pt	nya	challenge_SSA-MTE	hyp1	News	NaN	0.3365
301	302	pt	nya	challenge_SSA-MTE	hyp1	News	NaN	0.3268
302	303	pt	nya	challenge_SSA-MTE	hyp1	News	NaN	0.3281
303	304	pt	nya	challenge_SSA-MTE	hyp1	News	NaN	0.3623
304	305	pt	nya	challenge_SSA-MTE	hyp1	News	NaN	0.3563
305	306	pt	nya	challenge_SSA-MTE	hyp1	News	NaN	0.3426
306	307	pt	nya	challenge_SSA-MTE	hyp1	News	NaN	0.3555
307	308	pt	nya	challenge_SSA-MTE	hyp1	News	NaN	0.3033
308	309	pt	nya	challenge_SSA-MTE	hyp1	News	NaN	0.3878
309	310	pt	nya	challenge_SSA-MTE	hyp1	News	NaN	0.3508
310	311	pt	nya	challenge_SSA-MTE	hyp1	News	NaN	0.3617
311	312	pt	nya	challenge_SSA-MTE	hyp1	News	NaN	0.3929
312	313	pt	nya	challenge_SSA-MTE	hyp1	News	NaN	0.3207
313	314	pt	nya	challenge_SSA-MTE	hyp1	News	NaN	0.3906
314	315	pt	nya	challenge_SSA-MTE	hyp1	News	NaN	0.3477
315	316	pt	nya	challenge_SSA-MTE	hyp1	News	NaN	0.3328
316	317	pt	nya	challenge_SSA-MTE	hyp1	News	NaN	0.3708
317	318	pt	nya	challenge_SSA-MTE	hyp1	News	NaN	0.4288
318	319	pt	nya	challenge_SSA-MTE	hyp1	News	NaN	0.3968
319	320	pt	nya	challenge_SSA-MTE	hyp1	News	NaN	0.2783
320	321	pt	nya	challenge_SSA-MTE	hyp1	News	NaN	0.3766
321	322	pt	nya	challenge_SSA-MTE	hyp1	News	NaN	0.3524
322	323	pt	nya	challenge_SSA-MTE	hyp1	News	NaN	0.3727
323	324	pt	nya	challenge_SSA-MTE	hyp1	News	NaN	0.2971
324	325	pt	nya	challenge_SSA-MTE	hyp1	News	NaN	0.3323
325	326	pt	nya	challenge_SSA-MTE	hyp1	News	NaN	0.3092
326	327	pt	nya	challenge_SSA-MTE	hyp1	News	NaN	0.3276
327	328	pt	nya	challenge_SSA-MTE	hyp1	News	NaN	0.2698
328	329	pt	nya	challenge_SSA-MTE	hyp1	News	NaN	0.3907
329	330	pt	nya	challenge_SSA-MTE	hyp1	News	NaN	0.4585
330	331	pt	nya	challenge_SSA-MTE	hyp1	News	NaN	0.4142
331	332	pt	nya	challenge_SSA-MTE	hyp1	News	NaN	0.6739
332	333	pt	nya	challenge_SSA-MTE	hyp1	News	NaN	0.3735
333	334	pt	nya	challenge_SSA-MTE	hyp1	News	NaN	0.3717
334	335	pt	nya	challenge_SSA-MTE	hyp1	News	NaN	0.3844
335	336	pt	nya	challenge_SSA-MTE	hyp1	News	NaN	0.3439
336	337	pt	nya	challenge_SSA-MTE	hyp1	News	NaN	0.3659
337	338	pt	nya	challenge_SSA-MTE	hyp1	News	NaN	0.3465
338	339	pt	nya	challenge_SSA-MTE	hyp1	News	NaN	0.3597
339	340	pt	nya	challenge_SSA-MTE	hyp1	News	NaN	0.2400
340	341	pt	nya	challenge_SSA-MTE	hyp1	News	NaN	0.3342
341	342	pt	nya	challenge_SSA-MTE	hyp1	News	NaN	0.3261
342	343	pt	nya	challenge_SSA-MTE	hyp1	News	NaN	0.3313
343	344	pt	nya	challenge_SSA-MTE	hyp1	News	NaN	0.2424
344	345	pt	nya	challenge_SSA-MTE	hyp1	News	NaN	0.5051
345	346	pt	nya	challenge_SSA-MTE	hyp1	News	NaN	0.5141
346	347	pt	nya	challenge_SSA-MTE	hyp1	News	NaN	0.4518
347	348	pt	nya	challenge_SSA-MTE	hyp1	News	NaN	0.3273
348	349	pt	nya	challenge_SSA-MTE	hyp1	News	NaN	0.3839
349	350	pt	nya	challenge_SSA-MTE	hyp1	News	NaN	0.3697
350	351	pt	nya	challenge_SSA-MTE	hyp1	News	NaN	0.4252
351	352	pt	nya	challenge_SSA-MTE	hyp1	News	NaN	0.3122
352	353	pt	nya	challenge_SSA-MTE	hyp1	News	NaN	0.3795
353	354	pt	nya	challenge_SSA-MTE	hyp1	News	NaN	0.4096
354	355	pt	nya	challenge_SSA-MTE	hyp1	News	NaN	0.3976
355	356	pt	nya	challenge_SSA-MTE	hyp1	News	NaN	0.2962
356	357	pt	nya	challenge_SSA-MTE	hyp1	News	NaN	0.3733
357	358	pt	nya	challenge_SSA-MTE	hyp1	News	NaN	0.3286
358	359	pt	nya	challenge_SSA-MTE	hyp1	News	NaN	0.3441
359	360	pt	nya	challenge_SSA-MTE	hyp1	News	NaN	0.2838
360	361	pt	nya	challenge_SSA-MTE	hyp1	News	NaN	0.4196
361	362	pt	nya	challenge_SSA-MTE	hyp1	News	NaN	0.3784
362	363	pt	nya	challenge_SSA-MTE	hyp1	News	NaN	0.4103
363	364	pt	nya	challenge_SSA-MTE	hyp1	News	NaN	0.3485
364	365	pt	nya	challenge_SSA-MTE	hyp1	News	NaN	0.4548
365	366	pt	nya	challenge_SSA-MTE	hyp1	News	NaN	0.4536
366	367	pt	nya	challenge_SSA-MTE	hyp1	News	NaN	0.3737
367	368	pt	nya	challenge_SSA-MTE	hyp1	News	NaN	0.3829
368	369	pt	nya	challenge_SSA-MTE	hyp1	News	NaN	0.3761
369	370	pt	nya	challenge_SSA-MTE	hyp1	News	NaN	0.3535
370	371	pt	nya	challenge_SSA-MTE	hyp1	News	NaN	0.3507
371	372	pt	nya	challenge_SSA-MTE	hyp1	News	NaN	0.3143
372	373	pt	nya	challenge_SSA-MTE	hyp1	News	NaN	0.3318
373	374	pt	nya	challenge_SSA-MTE	hyp1	News	NaN	0.3113
374	375	pt	nya	challenge_SSA-MTE	hyp1	News	NaN	0.3228
375	376	pt	nya	challenge_SSA-MTE	hyp1	News	NaN	0.2545
376	377	pt	nya	challenge_SSA-MTE	hyp1	News	NaN	0.3179
377	378	pt	nya	challenge_SSA-MTE	hyp1	News	NaN	0.3303
378	379	pt	nya	challenge_SSA-MTE	hyp1	News	NaN	0.3170
379	380	pt	nya	challenge_SSA-MTE	hyp1	News	NaN	0.2964
380	381	pt	nya	challenge_SSA-MTE	hyp1	News	NaN	0.4043
381	382	pt	nya	challenge_SSA-MTE	hyp1	News	NaN	0.3796
382	383	pt	nya	challenge_SSA-MTE	hyp1	News	NaN	0.3979
383	384	pt	nya	challenge_SSA-MTE	hyp1	News	NaN	0.3354
384	385	pt	nya	challenge_SSA-MTE	hyp1	News	NaN	0.3786
385	386	pt	nya	challenge_SSA-MTE	hyp1	News	NaN	0.3556
386	387	pt	nya	challenge_SSA-MTE	hyp1	News	NaN	0.3689
387	388	pt	nya	challenge_SSA-MTE	hyp1	News	NaN	0.2900
388	389	pt	nya	challenge_SSA-MTE	hyp1	News	NaN	0.4023
389	390	pt	nya	challenge_SSA-MTE	hyp1	News	NaN	0.3409
390	391	pt	nya	challenge_SSA-MTE	hyp1	News	NaN	0.3682
391	392	pt	nya	challenge_SSA-MTE	hyp1	News	NaN	0.3061
392	393	pt	nya	challenge_SSA-MTE	hyp1	News	NaN	0.3549
393	394	pt	nya	challenge_SSA-MTE	hyp1	News	NaN	0.3851
394	395	pt	nya	challenge_SSA-MTE	hyp1	News	NaN	0.4046
395	396	pt	nya	challenge_SSA-MTE	hyp1	News	NaN	0.4160
396	397	pt	nya	challenge_SSA-MTE	hyp1	News	NaN	0.3912
397	398	pt	nya	challenge_SSA-MTE	hyp1	News	NaN	0.3536
398	399	pt	nya	challenge_SSA-MTE	hyp1	News	NaN	0.3814
399	400	pt	nya	challenge_SSA-MTE	hyp1	News	NaN	0.3292
400	401	pt	nya	challenge_SSA-MTE	hyp1	News	NaN	0.3851
401	402	pt	nya	challenge_SSA-MTE	hyp1	News	NaN	0.3789
402	403	pt	nya	challenge_SSA-MTE	hyp1	News	NaN	0.3380
403	404	pt	nya	challenge_SSA-MTE	hyp1	News	NaN	0.3216
404	405	pt	nya	challenge_SSA-MTE	hyp1	News	NaN	0.3394
405	406	pt	nya	challenge_SSA-MTE	hyp1	News	NaN	0.3320
406	407	pt	nya	challenge_SSA-MTE	hyp1	News	NaN	0.3175
407	408	pt	nya	challenge_SSA-MTE	hyp1	News	NaN	0.2592
408	409	pt	nya	challenge_SSA-MTE	hyp1	News	NaN	0.3688
409	410	pt	nya	challenge_SSA-MTE	hyp1	News	NaN	0.3504
410	411	pt	nya	challenge_SSA-MTE	hyp1	News	NaN	0.3656
411	412	pt	nya	challenge_SSA-MTE	hyp1	News	NaN	0.3012
412	413	pt	nya	challenge_SSA-MTE	hyp1	News	NaN	0.3492
413	414	pt	nya	challenge_SSA-MTE	hyp1	News	NaN	0.3733
414	415	pt	nya	challenge_SSA-MTE	hyp1	News	NaN	0.3589
415	416	pt	nya	challenge_SSA-MTE	hyp1	News	NaN	0.3015
416	417	pt	nya	challenge_SSA-MTE	hyp1	News	NaN	0.3538
417	418	pt	nya	challenge_SSA-MTE	hyp1	News	NaN	0.3381
418	419	pt	nya	challenge_SSA-MTE	hyp1	News	NaN	0.3428
419	420	pt	nya	challenge_SSA-MTE	hyp1	News	NaN	0.3192
420	421	pt	nya	challenge_SSA-MTE	hyp1	News	NaN	0.3058
421	422	pt	nya	challenge_SSA-MTE	hyp1	News	NaN	0.3018
422	423	pt	nya	challenge_SSA-MTE	hyp1	News	NaN	0.3176
423	424	pt	nya	challenge_SSA-MTE	hyp1	News	NaN	0.2913
424	425	pt	nya	challenge_SSA-MTE	hyp1	News	NaN	0.3506
425	426	pt	nya	challenge_SSA-MTE	hyp1	News	NaN	0.3704
426	427	pt	nya	challenge_SSA-MTE	hyp1	News	NaN	0.3503
427	428	pt	nya	challenge_SSA-MTE	hyp1	News	NaN	0.2827
428	429	pt	nya	challenge_SSA-MTE	hyp1	News	NaN	0.3417
429	430	pt	nya	challenge_SSA-MTE	hyp1	News	NaN	0.3291
430	431	pt	nya	challenge_SSA-MTE	hyp1	News	NaN	0.3171
431	432	pt	nya	challenge_SSA-MTE	hyp1	News	NaN	0.3578
432	433	pt	nya	challenge_SSA-MTE	hyp1	News	NaN	0.3448
433	434	pt	nya	challenge_SSA-MTE	hyp1	News	NaN	0.3620
434	435	pt	nya	challenge_SSA-MTE	hyp1	News	NaN	0.3578
435	436	pt	nya	challenge_SSA-MTE	hyp1	News	NaN	0.3263
436	437	pt	nya	challenge_SSA-MTE	hyp1	News	NaN	0.3368
437	438	pt	nya	challenge_SSA-MTE	hyp1	News	NaN	0.3862
438	439	pt	nya	challenge_SSA-MTE	hyp1	News	NaN	0.3378
439	440	pt	nya	challenge_SSA-MTE	hyp1	News	NaN	0.3273
440	441	pt	nya	challenge_SSA-MTE	hyp1	News	NaN	0.3095
441	442	pt	nya	challenge_SSA-MTE	hyp1	News	NaN	0.3713
442	443	pt	nya	challenge_SSA-MTE	hyp1	News	NaN	0.3461
443	444	pt	nya	challenge_SSA-MTE	hyp1	News	NaN	0.3231
444	445	pt	nya	challenge_SSA-MTE	hyp1	News	NaN	0.3356
445	446	pt	nya	challenge_SSA-MTE	hyp1	News	NaN	0.3818
446	447	pt	nya	challenge_SSA-MTE	hyp1	News	NaN	0.3804
447	448	pt	nya	challenge_SSA-MTE	hyp1	News	NaN	0.3200
448	449	pt	nya	challenge_SSA-MTE	hyp1	News	NaN	0.2866
449	450	pt	nya	challenge_SSA-MTE	hyp1	News	NaN	0.2873
450	451	pt	nya	challenge_SSA-MTE	hyp1	News	NaN	0.2868
451	452	pt	nya	challenge_SSA-MTE	hyp1	News	NaN	0.3001
452	453	pt	nya	challenge_SSA-MTE	hyp1	News	NaN	0.3078
453	454	pt	nya	challenge_SSA-MTE	hyp1	News	NaN	0.3763
454	455	pt	nya	challenge_SSA-MTE	hyp1	News	NaN	0.3358
455	456	pt	nya	challenge_SSA-MTE	hyp1	News	NaN	0.3599
456	457	pt	nya	challenge_SSA-MTE	hyp1	News	NaN	0.3609
457	458	pt	nya	challenge_SSA-MTE	hyp1	News	NaN	0.3684
458	459	pt	nya	challenge_SSA-MTE	hyp1	News	NaN	0.3955
459	460	pt	nya	challenge_SSA-MTE	hyp1	News	NaN	0.3646
460	461	pt	nya	challenge_SSA-MTE	hyp1	News	NaN	0.4287
461	462	pt	nya	challenge_SSA-MTE	hyp1	News	NaN	0.3447
462	463	pt	nya	challenge_SSA-MTE	hyp1	News	NaN	0.3675
463	464	pt	nya	challenge_SSA-MTE	hyp1	News	NaN	0.2913
464	465	pt	nya	challenge_SSA-MTE	hyp1	News	NaN	0.4882
465	466	pt	nya	challenge_SSA-MTE	hyp1	News	NaN	0.4108
466	467	pt	nya	challenge_SSA-MTE	hyp1	News	NaN	0.3592
467	468	pt	nya	challenge_SSA-MTE	hyp1	News	NaN	0.2763
468	469	pt	nya	challenge_SSA-MTE	hyp1	News	NaN	0.3485
469	470	pt	nya	challenge_SSA-MTE	hyp1	News	NaN	0.3333
470	471	pt	nya	challenge_SSA-MTE	hyp1	News	NaN	0.3355
471	472	pt	nya	challenge_SSA-MTE	hyp1	News	NaN	0.4078
472	473	pt	nya	challenge_SSA-MTE	hyp1	News	NaN	0.3439
473	474	pt	nya	challenge_SSA-MTE	hyp1	News	NaN	0.3303
474	475	pt	nya	challenge_SSA-MTE	hyp1	News	NaN	0.3511
475	476	pt	nya	challenge_SSA-MTE	hyp1	News	NaN	0.3916
476	477	pt	nya	challenge_SSA-MTE	hyp1	News	NaN	0.3647
477	478	pt	nya	challenge_SSA-MTE	hyp1	News	NaN	0.3884
478	479	pt	nya	challenge_SSA-MTE	hyp1	News	NaN	0.4054
479	480	pt	nya	challenge_SSA-MTE	hyp1	News	NaN	0.3543
480	481	pt	nya	challenge_SSA-MTE	hyp1	News	NaN	0.4084
481	482	pt	nya	challenge_SSA-MTE	hyp1	News	NaN	0.3802
482	483	pt	nya	challenge_SSA-MTE	hyp1	News	NaN	0.3572
483	484	pt	nya	challenge_SSA-MTE	hyp1	News	NaN	0.3301
484	485	pt	nya	challenge_SSA-MTE	hyp1	News	NaN	0.3520
485	486	pt	nya	challenge_SSA-MTE	hyp1	News	NaN	0.3259
486	487	pt	nya	challenge_SSA-MTE	hyp1	News	NaN	0.3543
487	488	pt	nya	challenge_SSA-MTE	hyp1	News	NaN	0.2430
488	489	pt	nya	challenge_SSA-MTE	hyp1	News	NaN	0.3466
489	490	pt	nya	challenge_SSA-MTE	hyp1	News	NaN	0.3796
490	491	pt	nya	challenge_SSA-MTE	hyp1	News	NaN	0.3783
491	492	pt	nya	challenge_SSA-MTE	hyp1	News	NaN	0.3632
492	493	pt	nya	challenge_SSA-MTE	hyp1	News	NaN	0.3657
493	494	pt	nya	challenge_SSA-MTE	hyp1	News	NaN	0.3585
494	495	pt	nya	challenge_SSA-MTE	hyp1	News	NaN	0.3188
495	496	pt	nya	challenge_SSA-MTE	hyp1	News	NaN	0.3902
496	497	pt	nya	challenge_SSA-MTE	hyp1	News	NaN	0.3599
497	498	pt	nya	challenge_SSA-MTE	hyp1	News	NaN	0.3709
498	499	pt	nya	challenge_SSA-MTE	hyp1	News	NaN	0.3645
499	500	pt	nya	challenge_SSA-MTE	hyp1	News	NaN	0.3384
500	501	pt	nya	challenge_SSA-MTE	hyp1	News	NaN	0.4071
501	502	pt	nya	challenge_SSA-MTE	hyp1	News	NaN	0.3606
502	503	pt	nya	challenge_SSA-MTE	hyp1	News	NaN	0.3863
503	504	pt	nya	challenge_SSA-MTE	hyp1	News	NaN	0.3304
504	505	pt	nya	challenge_SSA-MTE	hyp1	News	NaN	0.3811
505	506	pt	nya	challenge_SSA-MTE	hyp1	News	NaN	0.3125
506	507	pt	nya	challenge_SSA-MTE	hyp1	News	NaN	0.3832
507	508	pt	nya	challenge_SSA-MTE	hyp1	News	NaN	0.4142
508	509	pt	nya	challenge_SSA-MTE	hyp1	News	NaN	0.3182
509	510	pt	nya	challenge_SSA-MTE	hyp1	News	NaN	0.3343
510	511	pt	nya	challenge_SSA-MTE	hyp1	News	NaN	0.3348
511	512	pt	nya	challenge_SSA-MTE	hyp1	News	NaN	0.3071
512	513	pt	nya	challenge_SSA-MTE	hyp1	News	NaN	0.3290
513	514	pt	nya	challenge_SSA-MTE	hyp1	News	NaN	0.3237
514	515	pt	nya	challenge_SSA-MTE	hyp1	News	NaN	0.3808
515	516	pt	nya	challenge_SSA-MTE	hyp1	News	NaN	0.3489
516	517	pt	nya	challenge_SSA-MTE	hyp1	News	NaN	0.3202
517	518	pt	nya	challenge_SSA-MTE	hyp1	News	NaN	0.3041
518	519	pt	nya	challenge_SSA-MTE	hyp1	News	NaN	0.3020
519	520	pt	nya	challenge_SSA-MTE	hyp1	News	NaN	0.3041
520	521	pt	nya	challenge_SSA-MTE	hyp1	News	NaN	0.3655
521	522	pt	nya	challenge_SSA-MTE	hyp1	News	NaN	0.3329
522	523	pt	nya	challenge_SSA-MTE	hyp1	News	NaN	0.3617
523	524	pt	nya	challenge_SSA-MTE	hyp1	News	NaN	0.2942
524	525	pt	nya	challenge_SSA-MTE	hyp1	News	NaN	0.3634
525	526	pt	nya	challenge_SSA-MTE	hyp1	News	NaN	0.3746
526	527	pt	nya	challenge_SSA-MTE	hyp1	News	NaN	0.3646
527	528	pt	nya	challenge_SSA-MTE	hyp1	News	NaN	0.2670
528	529	pt	nya	challenge_SSA-MTE	hyp1	News	NaN	0.3526
529	530	pt	nya	challenge_SSA-MTE	hyp1	News	NaN	0.3580
530	531	pt	nya	challenge_SSA-MTE	hyp1	News	NaN	0.3881
531	532	pt	nya	challenge_SSA-MTE	hyp1	News	NaN	0.3839
532	533	pt	nya	challenge_SSA-MTE	hyp1	News	NaN	0.3198
533	534	pt	nya	challenge_SSA-MTE	hyp1	News	NaN	0.3441
534	535	pt	nya	challenge_SSA-MTE	hyp1	News	NaN	0.2995
535	536	pt	nya	challenge_SSA-MTE	hyp1	News	NaN	0.2977
536	537	pt	nya	challenge_SSA-MTE	hyp1	News	NaN	0.3943
537	538	pt	nya	challenge_SSA-MTE	hyp1	News	NaN	0.3332
538	539	pt	nya	challenge_SSA-MTE	hyp1	News	NaN	0.3296
539	540	pt	nya	challenge_SSA-MTE	hyp1	News	NaN	0.3384
540	541	pt	nya	challenge_SSA-MTE	hyp1	News	NaN	0.3503
541	542	pt	nya	challenge_SSA-MTE	hyp1	News	NaN	0.3674
542	543	pt	nya	challenge_SSA-MTE	hyp1	News	NaN	0.3920
543	544	pt	nya	challenge_SSA-MTE	hyp1	News	NaN	0.2973
544	545	pt	nya	challenge_SSA-MTE	hyp1	News	NaN	0.3340
545	546	pt	nya	challenge_SSA-MTE	hyp1	News	NaN	0.2961
546	547	pt	nya	challenge_SSA-MTE	hyp1	News	NaN	0.3318
547	548	pt	nya	challenge_SSA-MTE	hyp1	News	NaN	0.2877
548	549	pt	nya	challenge_SSA-MTE	hyp1	News	NaN	0.3893
549	550	pt	nya	challenge_SSA-MTE	hyp1	News	NaN	0.3806
550	551	pt	nya	challenge_SSA-MTE	hyp1	News	NaN	0.3443
551	552	pt	nya	challenge_SSA-MTE	hyp1	News	NaN	0.4210
552	553	pt	nya	challenge_SSA-MTE	hyp1	News	NaN	0.3319
553	554	pt	nya	challenge_SSA-MTE	hyp1	News	NaN	0.4269
554	555	pt	nya	challenge_SSA-MTE	hyp1	News	NaN	0.4133
555	556	pt	nya	challenge_SSA-MTE	hyp1	News	NaN	0.3700
556	557	pt	nya	challenge_SSA-MTE	hyp1	News	NaN	0.3706
557	558	pt	nya	challenge_SSA-MTE	hyp1	News	NaN	0.3376
558	559	pt	nya	challenge_SSA-MTE	hyp1	News	NaN	0.3544
559	560	pt	nya	challenge_SSA-MTE	hyp1	News	NaN	0.3309
560	561	pt	nya	challenge_SSA-MTE	hyp1	News	NaN	0.3336
561	562	pt	nya	challenge_SSA-MTE	hyp1	News	NaN	0.3762
562	563	pt	nya	challenge_SSA-MTE	hyp1	News	NaN	0.3557
563	564	pt	nya	challenge_SSA-MTE	hyp1	News	NaN	0.3587
564	565	pt	nya	challenge_SSA-MTE	hyp1	News	NaN	0.3818
565	566	pt	nya	challenge_SSA-MTE	hyp1	News	NaN	0.3725
566	567	pt	nya	challenge_SSA-MTE	hyp1	News	NaN	0.3782
567	568	pt	nya	challenge_SSA-MTE	hyp1	News	NaN	0.3449
568	569	pt	nya	challenge_SSA-MTE	hyp1	News	NaN	0.3549
569	570	pt	nya	challenge_SSA-MTE	hyp1	News	NaN	0.3244
570	571	pt	nya	challenge_SSA-MTE	hyp1	News	NaN	0.3153
571	572	pt	nya	challenge_SSA-MTE	hyp1	News	NaN	0.2900
572	573	pt	nya	challenge_SSA-MTE	hyp1	News	NaN	0.3013
573	574	pt	nya	challenge_SSA-MTE	hyp1	News	NaN	0.3032
574	575	pt	nya	challenge_SSA-MTE	hyp1	News	NaN	0.3234
575	576	pt	nya	challenge_SSA-MTE	hyp1	News	NaN	0.2566
576	577	pt	nya	challenge_SSA-MTE	hyp1	News	NaN	0.2741
577	578	pt	nya	challenge_SSA-MTE	hyp1	News	NaN	0.3065
578	579	pt	nya	challenge_SSA-MTE	hyp1	News	NaN	0.3185
579	580	pt	nya	challenge_SSA-MTE	hyp1	News	NaN	0.3194
580	581	pt	nya	challenge_SSA-MTE	hyp1	News	NaN	0.3298
581	582	pt	nya	challenge_SSA-MTE	hyp1	News	NaN	0.3298
582	583	pt	nya	challenge_SSA-MTE	hyp1	News	NaN	0.3550
583	584	pt	nya	challenge_SSA-MTE	hyp1	News	NaN	0.3864
584	585	pt	nya	challenge_SSA-MTE	hyp1	News	NaN	0.3956
585	586	pt	nya	challenge_SSA-MTE	hyp1	News	NaN	0.3965
586	587	pt	nya	challenge_SSA-MTE	hyp1	News	NaN	0.3705
587	588	pt	nya	challenge_SSA-MTE	hyp1	News	NaN	0.4782
588	589	pt	nya	challenge_SSA-MTE	hyp1	News	NaN	0.3739
589	590	pt	nya	challenge_SSA-MTE	hyp1	News	NaN	0.3987
590	591	pt	nya	challenge_SSA-MTE	hyp1	News	NaN	0.4049
591	592	pt	nya	challenge_SSA-MTE	hyp1	News	NaN	0.3361
592	593	pt	nya	challenge_SSA-MTE	hyp1	News	NaN	0.3172
593	594	pt	nya	challenge_SSA-MTE	hyp1	News	NaN	0.3414
594	595	pt	nya	challenge_SSA-MTE	hyp1	News	NaN	0.3167
595	596	pt	nya	challenge_SSA-MTE	hyp1	News	NaN	0.2721
596	597	pt	nya	challenge_SSA-MTE	hyp1	News	NaN	0.4439
597	598	pt	nya	challenge_SSA-MTE	hyp1	News	NaN	0.4627
598	599	pt	nya	challenge_SSA-MTE	hyp1	News	NaN	0.4221
599	600	pt	nya	challenge_SSA-MTE	hyp1	News	NaN	0.4659
600	601	pt	nya	challenge_SSA-MTE	hyp1	News	NaN	0.3601
601	602	pt	nya	challenge_SSA-MTE	hyp1	News	NaN	0.3279
602	603	pt	nya	challenge_SSA-MTE	hyp1	News	NaN	0.3701
603	604	pt	nya	challenge_SSA-MTE	hyp1	News	NaN	0.3656
604	605	pt	nya	challenge_SSA-MTE	hyp1	News	NaN	0.3757
605	606	pt	nya	challenge_SSA-MTE	hyp1	News	NaN	0.3872
606	607	pt	nya	challenge_SSA-MTE	hyp1	News	NaN	0.3608
607	608	pt	nya	challenge_SSA-MTE	hyp1	News	NaN	0.4726
608	609	pt	nya	challenge_SSA-MTE	hyp1	News	NaN	0.4156
609	610	pt	nya	challenge_SSA-MTE	hyp1	News	NaN	0.3748
610	611	pt	nya	challenge_SSA-MTE	hyp1	News	NaN	0.4405
611	612	pt	nya	challenge_SSA-MTE	hyp1	News	NaN	0.3314
612	613	pt	nya	challenge_SSA-MTE	hyp1	News	NaN	0.3835
613	614	pt	nya	challenge_SSA-MTE	hyp1	News	NaN	0.4276
614	615	pt	nya	challenge_SSA-MTE	hyp1	News	NaN	0.4159
615	616	pt	nya	challenge_SSA-MTE	hyp1	News	NaN	0.3626
616	617	pt	nya	challenge_SSA-MTE	hyp1	News	NaN	0.2866
617	618	pt	nya	challenge_SSA-MTE	hyp1	News	NaN	0.3079
618	619	pt	nya	challenge_SSA-MTE	hyp1	News	NaN	0.3024
619	620	pt	nya	challenge_SSA-MTE	hyp1	News	NaN	0.2429
620	621	pt	nya	challenge_SSA-MTE	hyp1	News	NaN	0.3301
621	622	pt	nya	challenge_SSA-MTE	hyp1	News	NaN	0.3543
622	623	pt	nya	challenge_SSA-MTE	hyp1	News	NaN	0.3386
623	624	pt	nya	challenge_SSA-MTE	hyp1	News	NaN	0.2821
624	625	pt	nya	challenge_SSA-MTE	hyp1	News	NaN	0.3102
625	626	pt	nya	challenge_SSA-MTE	hyp1	News	NaN	0.2903
626	627	pt	nya	challenge_SSA-MTE	hyp1	News	NaN	0.2865
627	628	pt	nya	challenge_SSA-MTE	hyp1	News	NaN	0.3357
628	629	pt	nya	challenge_SSA-MTE	hyp1	News	NaN	0.3547
629	630	pt	nya	challenge_SSA-MTE	hyp1	News	NaN	0.4280
630	631	pt	nya	challenge_SSA-MTE	hyp1	News	NaN	0.3657
631	632	pt	nya	challenge_SSA-MTE	hyp1	News	NaN	0.3006
632	633	pt	nya	challenge_SSA-MTE	hyp1	News	NaN	0.3767
633	634	pt	nya	challenge_SSA-MTE	hyp1	News	NaN	0.3450
634	635	pt	nya	challenge_SSA-MTE	hyp1	News	NaN	0.3650
635	636	pt	nya	challenge_SSA-MTE	hyp1	News	NaN	0.2899
636	637	pt	nya	challenge_SSA-MTE	hyp1	News	NaN	0.4931
637	638	pt	nya	challenge_SSA-MTE	hyp1	News	NaN	0.4645
638	639	pt	nya	challenge_SSA-MTE	hyp1	News	NaN	0.4482
639	640	pt	nya	challenge_SSA-MTE	hyp1	News	NaN	0.3512
640	641	pt	nya	challenge_SSA-MTE	hyp1	News	NaN	0.4148
641	642	pt	nya	challenge_SSA-MTE	hyp1	News	NaN	0.4446
642	643	pt	nya	challenge_SSA-MTE	hyp1	News	NaN	0.4093
643	644	pt	nya	challenge_SSA-MTE	hyp1	News	NaN	0.3390
644	645	pt	nya	challenge_SSA-MTE	hyp1	News	NaN	0.3335
645	646	pt	nya	challenge_SSA-MTE	hyp1	News	NaN	0.2925
646	647	pt	nya	challenge_SSA-MTE	hyp1	News	NaN	0.3033
647	648	pt	nya	challenge_SSA-MTE	hyp1	News	NaN	0.3102
648	649	pt	nya	challenge_SSA-MTE	hyp1	News	NaN	0.3115
649	650	pt	nya	challenge_SSA-MTE	hyp1	News	NaN	0.3328
650	651	pt	nya	challenge_SSA-MTE	hyp1	News	NaN	0.3215
651	652	pt	nya	challenge_SSA-MTE	hyp1	News	NaN	0.3183
652	653	pt	nya	challenge_SSA-MTE	hyp1	News	NaN	0.4129
653	654	pt	nya	challenge_SSA-MTE	hyp1	News	NaN	0.4125
654	655	pt	nya	challenge_SSA-MTE	hyp1	News	NaN	0.4171
655	656	pt	nya	challenge_SSA-MTE	hyp1	News	NaN	0.3289
656	657	pt	nya	challenge_SSA-MTE	hyp1	News	NaN	0.3712
657	658	pt	nya	challenge_SSA-MTE	hyp1	News	NaN	0.3950
658	659	pt	nya	challenge_SSA-MTE	hyp1	News	NaN	0.3465
659	660	pt	nya	challenge_SSA-MTE	hyp1	News	NaN	0.3947
660	661	pt	nya	challenge_SSA-MTE	hyp1	News	NaN	0.3433
661	662	pt	nya	challenge_SSA-MTE	hyp1	News	NaN	0.3773
662	663	pt	nya	challenge_SSA-MTE	hyp1	News	NaN	0.3381
663	664	pt	nya	challenge_SSA-MTE	hyp1	News	NaN	0.3248
664	665	pt	nya	challenge_SSA-MTE	hyp1	News	NaN	0.3467
665	666	pt	nya	challenge_SSA-MTE	hyp1	News	NaN	0.3201
666	667	pt	nya	challenge_SSA-MTE	hyp1	News	NaN	0.3299
667	668	pt	nya	challenge_SSA-MTE	hyp1	News	NaN	0.3247
668	669	pt	nya	challenge_SSA-MTE	hyp1	News	NaN	0.3925
669	670	pt	nya	challenge_SSA-MTE	hyp1	News	NaN	0.3963
670	671	pt	nya	challenge_SSA-MTE	hyp1	News	NaN	0.3710
671	672	pt	nya	challenge_SSA-MTE	hyp1	News	NaN	0.3440
672	673	pt	nya	challenge_SSA-MTE	hyp1	News	NaN	0.3184
673	674	pt	nya	challenge_SSA-MTE	hyp1	News	NaN	0.3472
674	675	pt	nya	challenge_SSA-MTE	hyp1	News	NaN	0.3403
675	676	pt	nya	challenge_SSA-MTE	hyp1	News	NaN	0.3204
676	677	pt	nya	challenge_SSA-MTE	hyp1	News	NaN	0.3761
677	678	pt	nya	challenge_SSA-MTE	hyp1	News	NaN	0.3611
678	679	pt	nya	challenge_SSA-MTE	hyp1	News	NaN	0.3560
679	680	pt	nya	challenge_SSA-MTE	hyp1	News	NaN	0.3273
680	681	pt	nya	challenge_SSA-MTE	hyp1	News	NaN	0.2993
681	682	pt	nya	challenge_SSA-MTE	hyp1	News	NaN	0.3608
682	683	pt	nya	challenge_SSA-MTE	hyp1	News	NaN	0.3359
683	684	pt	nya	challenge_SSA-MTE	hyp1	News	NaN	0.3389
684	685	pt	nya	challenge_SSA-MTE	hyp1	News	NaN	0.3524
685	686	pt	nya	challenge_SSA-MTE	hyp1	News	NaN	0.3167
686	687	pt	nya	challenge_SSA-MTE	hyp1	News	NaN	0.3564
687	688	pt	nya	challenge_SSA-MTE	hyp1	News	NaN	0.2404
688	689	pt	nya	challenge_SSA-MTE	hyp1	News	NaN	0.3291
689	690	pt	nya	challenge_SSA-MTE	hyp1	News	NaN	0.3581
690	691	pt	nya	challenge_SSA-MTE	hyp1	News	NaN	0.3587
691	692	pt	nya	challenge_SSA-MTE	hyp1	News	NaN	0.3253
692	693	pt	nya	challenge_SSA-MTE	hyp1	News	NaN	0.3271
693	694	pt	nya	challenge_SSA-MTE	hyp1	News	NaN	0.3288
694	695	pt	nya	challenge_SSA-MTE	hyp1	News	NaN	0.3035
695	696	pt	nya	challenge_SSA-MTE	hyp1	News	NaN	0.2646
696	697	pt	nya	challenge_SSA-MTE	hyp1	News	NaN	0.3548
697	698	pt	nya	challenge_SSA-MTE	hyp1	News	NaN	0.3448
698	699	pt	nya	challenge_SSA-MTE	hyp1	News	NaN	0.3375
699	700	pt	nya	challenge_SSA-MTE	hyp1	News	NaN	0.2885
700	701	pt	nya	challenge_SSA-MTE	hyp1	News	NaN	0.3852
701	702	pt	nya	challenge_SSA-MTE	hyp1	News	NaN	0.3231
702	703	pt	nya	challenge_SSA-MTE	hyp1	News	NaN	0.3510
703	704	pt	nya	challenge_SSA-MTE	hyp1	News	NaN	0.4373
704	705	pt	nya	challenge_SSA-MTE	hyp1	News	NaN	0.4181
705	706	pt	nya	challenge_SSA-MTE	hyp1	News	NaN	0.3855
706	707	pt	nya	challenge_SSA-MTE	hyp1	News	NaN	0.4030
707	708	pt	nya	challenge_SSA-MTE	hyp1	News	NaN	0.3119
708	709	pt	nya	challenge_SSA-MTE	hyp1	News	NaN	0.3767
709	710	pt	nya	challenge_SSA-MTE	hyp1	News	NaN	0.3867
710	711	pt	nya	challenge_SSA-MTE	hyp1	News	NaN	0.3625
711	712	pt	nya	challenge_SSA-MTE	hyp1	News	NaN	0.4251
712	713	pt	nya	challenge_SSA-MTE	hyp1	News	NaN	0.3954
713	714	pt	nya	challenge_SSA-MTE	hyp1	News	NaN	0.3803
714	715	pt	nya	challenge_SSA-MTE	hyp1	News	NaN	0.3518
715	716	pt	nya	challenge_SSA-MTE	hyp1	News	NaN	0.3099
716	717	pt	nya	challenge_SSA-MTE	hyp1	News	NaN	0.3194
717	718	pt	nya	challenge_SSA-MTE	hyp1	News	NaN	0.3387
718	719	pt	nya	challenge_SSA-MTE	hyp1	News	NaN	0.3661
719	720	pt	nya	challenge_SSA-MTE	hyp1	News	NaN	0.3408
720	721	pt	nya	challenge_SSA-MTE	hyp1	News	NaN	0.3556
721	722	pt	nya	challenge_SSA-MTE	hyp1	News	NaN	0.3714
722	723	pt	nya	challenge_SSA-MTE	hyp1	News	NaN	0.3620
723	724	pt	nya	challenge_SSA-MTE	hyp1	News	NaN	0.3249
724	725	pt	nya	challenge_SSA-MTE	hyp1	News	NaN	0.3543
725	726	pt	nya	challenge_SSA-MTE	hyp1	News	NaN	0.3712
726	727	pt	nya	challenge_SSA-MTE	hyp1	News	NaN	0.3995
727	728	pt	nya	challenge_SSA-MTE	hyp1	News	NaN	0.3051
728	729	pt	nya	challenge_SSA-MTE	hyp1	News	NaN	0.3449
729	730	pt	nya	challenge_SSA-MTE	hyp1	News	NaN	0.3782
730	731	pt	nya	challenge_SSA-MTE	hyp1	News	NaN	0.3318
731	732	pt	nya	challenge_SSA-MTE	hyp1	News	NaN	0.3110
732	733	pt	nya	challenge_SSA-MTE	hyp1	News	NaN	0.3410
733	734	pt	nya	challenge_SSA-MTE	hyp1	News	NaN	0.3347
734	735	pt	nya	challenge_SSA-MTE	hyp1	News	NaN	0.3156
735	736	pt	nya	challenge_SSA-MTE	hyp1	News	NaN	0.2933
736	737	pt	nya	challenge_SSA-MTE	hyp1	News	NaN	0.3043
737	738	pt	nya	challenge_SSA-MTE	hyp1	News	NaN	0.3495
738	739	pt	nya	challenge_SSA-MTE	hyp1	News	NaN	0.2794
739	740	pt	nya	challenge_SSA-MTE	hyp1	News	NaN	0.3088
740	741	pt	nya	challenge_SSA-MTE	hyp1	News	NaN	0.2966
741	742	pt	nya	challenge_SSA-MTE	hyp1	News	NaN	0.3034
742	743	pt	nya	challenge_SSA-MTE	hyp1	News	NaN	0.2805
743	744	pt	nya	challenge_SSA-MTE	hyp1	News	NaN	0.3420
744	745	pt	nya	challenge_SSA-MTE	hyp1	News	NaN	0.3163
745	746	pt	nya	challenge_SSA-MTE	hyp1	News	NaN	0.3424
746	747	pt	nya	challenge_SSA-MTE	hyp1	News	NaN	0.3442
747	748	pt	nya	challenge_SSA-MTE	hyp1	News	NaN	0.3430
748	749	pt	nya	challenge_SSA-MTE	hyp1	News	NaN	0.2964
749	750	pt	nya	challenge_SSA-MTE	hyp1	News	NaN	0.3195
750	751	pt	nya	challenge_SSA-MTE	hyp1	News	NaN	0.3017
751	752	pt	nya	challenge_SSA-MTE	hyp1	News	NaN	0.3373
752	753	pt	nya	challenge_SSA-MTE	hyp1	News	NaN	0.3508
753	754	pt	nya	challenge_SSA-MTE	hyp1	News	NaN	0.3479
754	755	pt	nya	challenge_SSA-MTE	hyp1	News	NaN	0.3256
755	756	pt	nya	challenge_SSA-MTE	hyp1	News	NaN	0.3641
756	757	pt	nya	challenge_SSA-MTE	hyp1	News	NaN	0.3619
757	758	pt	nya	challenge_SSA-MTE	hyp1	News	NaN	0.3534
758	759	pt	nya	challenge_SSA-MTE	hyp1	News	NaN	0.2998
759	760	pt	nya	challenge_SSA-MTE	hyp1	News	NaN	0.3482
760	761	pt	nya	challenge_SSA-MTE	hyp1	News	NaN	0.3590
761	762	pt	nya	challenge_SSA-MTE	hyp1	News	NaN	0.3618
762	763	pt	nya	challenge_SSA-MTE	hyp1	News	NaN	0.3059
763	764	pt	nya	challenge_SSA-MTE	hyp1	News	NaN	0.3328
764	765	pt	nya	challenge_SSA-MTE	hyp1	News	NaN	0.3328
765	766	pt	nya	challenge_SSA-MTE	hyp1	News	NaN	0.3289
766	767	pt	nya	challenge_SSA-MTE	hyp1	News	NaN	0.3454
767	768	pt	nya	challenge_SSA-MTE	hyp1	News	NaN	0.3450
768	769	pt	nya	challenge_SSA-MTE	hyp1	News	NaN	0.3480
769	770	pt	nya	challenge_SSA-MTE	hyp1	News	NaN	0.3431
770	771	pt	nya	challenge_SSA-MTE	hyp1	News	NaN	0.3594
771	772	pt	nya	challenge_SSA-MTE	hyp1	News	NaN	0.3054
772	773	pt	nya	challenge_SSA-MTE	hyp1	News	NaN	0.3317
773	774	pt	nya	challenge_SSA-MTE	hyp1	News	NaN	0.3131
774	775	pt	nya	challenge_SSA-MTE	hyp1	News	NaN	0.2763
775	776	pt	nya	challenge_SSA-MTE	hyp1	News	NaN	0.3409
776	777	pt	nya	challenge_SSA-MTE	hyp1	News	NaN	0.3529
777	778	pt	nya	challenge_SSA-MTE	hyp1	News	NaN	0.3687
778	779	pt	nya	challenge_SSA-MTE	hyp1	News	NaN	0.2987
779	780	pt	nya	challenge_SSA-MTE	hyp1	News	NaN	0.3104
780	781	pt	nya	challenge_SSA-MTE	hyp1	News	NaN	0.3859
781	782	pt	nya	challenge_SSA-MTE	hyp1	News	NaN	0.3345
782	783	pt	nya	challenge_SSA-MTE	hyp1	News	NaN	0.3237
783	784	pt	nya	challenge_SSA-MTE	hyp1	News	NaN	0.4072
784	785	pt	nya	challenge_SSA-MTE	hyp1	News	NaN	0.4337
785	786	pt	nya	challenge_SSA-MTE	hyp1	News	NaN	0.5103
786	787	pt	nya	challenge_SSA-MTE	hyp1	News	NaN	0.3155
787	788	pt	nya	challenge_SSA-MTE	hyp1	News	NaN	0.3680
788	789	pt	nya	challenge_SSA-MTE	hyp1	News	NaN	0.3885
789	790	pt	nya	challenge_SSA-MTE	hyp1	News	NaN	0.4150
790	791	pt	nya	challenge_SSA-MTE	hyp1	News	NaN	0.3178
791	792	pt	nya	challenge_SSA-MTE	hyp1	News	NaN	0.3052
792	793	pt	nya	challenge_SSA-MTE	hyp1	News	NaN	0.3103
793	794	pt	nya	challenge_SSA-MTE	hyp1	News	NaN	0.3184
794	795	pt	nya	challenge_SSA-MTE	hyp1	News	NaN	0.2810
795	796	pt	nya	challenge_SSA-MTE	hyp1	News	NaN	0.3372
796	797	pt	nya	challenge_SSA-MTE	hyp1	News	NaN	0.2687
797	798	pt	nya	challenge_SSA-MTE	hyp1	News	NaN	0.2880
798	799	pt	nya	challenge_SSA-MTE	hyp1	News	NaN	0.3380
799	800	pt	nya	challenge_SSA-MTE	hyp1	News	NaN	0.3276
800	801	pt	nya	challenge_SSA-MTE	hyp1	News	NaN	0.3652
801	802	pt	nya	challenge_SSA-MTE	hyp1	News	NaN	0.3941
802	803	pt	nya	challenge_SSA-MTE	hyp1	News	NaN	0.3324
803	804	pt	nya	challenge_SSA-MTE	hyp1	News	NaN	0.3150
804	805	pt	nya	challenge_SSA-MTE	hyp1	News	NaN	0.3521
805	806	pt	nya	challenge_SSA-MTE	hyp1	News	NaN	0.3386
806	807	pt	nya	challenge_SSA-MTE	hyp1	News	NaN	0.2869
807	808	pt	nya	challenge_SSA-MTE	hyp1	News	NaN	0.3203
808	809	pt	nya	challenge_SSA-MTE	hyp1	News	NaN	0.3542
809	810	pt	nya	challenge_SSA-MTE	hyp1	News	NaN	0.3354
810	811	pt	nya	challenge_SSA-MTE	hyp1	News	NaN	0.2488
811	812	pt	nya	challenge_SSA-MTE	hyp1	News	NaN	0.3031
812	813	pt	nya	challenge_SSA-MTE	hyp1	News	NaN	0.3214
813	814	pt	nya	challenge_SSA-MTE	hyp1	News	NaN	0.3038
814	815	pt	nya	challenge_SSA-MTE	hyp1	News	NaN	0.2340
815	816	pt	nya	challenge_SSA-MTE	hyp1	News	NaN	0.4076
816	817	pt	nya	challenge_SSA-MTE	hyp1	News	NaN	0.3844
817	818	pt	nya	challenge_SSA-MTE	hyp1	News	NaN	0.3874
818	819	pt	nya	challenge_SSA-MTE	hyp1	News	NaN	0.3382
819	820	pt	nya	challenge_SSA-MTE	hyp1	News	NaN	0.3696
820	821	pt	nya	challenge_SSA-MTE	hyp1	News	NaN	0.3631
821	822	pt	nya	challenge_SSA-MTE	hyp1	News	NaN	0.3485
822	823	pt	nya	challenge_SSA-MTE	hyp1	News	NaN	0.3093
823	824	pt	nya	challenge_SSA-MTE	hyp1	News	NaN	0.3731
824	825	pt	nya	challenge_SSA-MTE	hyp1	News	NaN	0.3788
825	826	pt	nya	challenge_SSA-MTE	hyp1	News	NaN	0.3751
826	827	pt	nya	challenge_SSA-MTE	hyp1	News	NaN	0.3061
827	828	pt	nya	challenge_SSA-MTE	hyp1	News	NaN	0.3821
828	829	pt	nya	challenge_SSA-MTE	hyp1	News	NaN	0.4654
829	830	pt	nya	challenge_SSA-MTE	hyp1	News	NaN	0.4512
830	831	pt	nya	challenge_SSA-MTE	hyp1	News	NaN	0.3658
831	832	pt	nya	challenge_SSA-MTE	hyp1	News	NaN	0.3264
832	833	pt	nya	challenge_SSA-MTE	hyp1	News	NaN	0.3435
833	834	pt	nya	challenge_SSA-MTE	hyp1	News	NaN	0.3111
834	835	pt	nya	challenge_SSA-MTE	hyp1	News	NaN	0.2429
835	836	pt	nya	challenge_SSA-MTE	hyp1	News	NaN	0.3442
836	837	pt	nya	challenge_SSA-MTE	hyp1	News	NaN	0.3490
837	838	pt	nya	challenge_SSA-MTE	hyp1	News	NaN	0.3129
838	839	pt	nya	challenge_SSA-MTE	hyp1	News	NaN	0.3163
839	840	pt	nya	challenge_SSA-MTE	hyp1	News	NaN	0.3156
840	841	pt	nya	challenge_SSA-MTE	hyp1	News	NaN	0.3333
841	842	pt	nya	challenge_SSA-MTE	hyp1	News	NaN	0.3101
842	843	pt	nya	challenge_SSA-MTE	hyp1	News	NaN	0.3118
843	844	pt	nya	challenge_SSA-MTE	hyp1	News	NaN	0.3718
844	845	pt	nya	challenge_SSA-MTE	hyp1	News	NaN	0.3856
845	846	pt	nya	challenge_SSA-MTE	hyp1	News	NaN	0.4034
846	847	pt	nya	challenge_SSA-MTE	hyp1	News	NaN	0.3023
847	848	pt	nya	challenge_SSA-MTE	hyp1	News	NaN	0.3838
848	849	pt	nya	challenge_SSA-MTE	hyp1	News	NaN	0.3919
849	850	pt	nya	challenge_SSA-MTE	hyp1	News	NaN	0.3890
850	851	pt	nya	challenge_SSA-MTE	hyp1	News	NaN	0.3584
851	852	pt	nya	challenge_SSA-MTE	hyp1	News	NaN	0.3104
852	853	pt	nya	challenge_SSA-MTE	hyp1	News	NaN	0.3395
853	854	pt	nya	challenge_SSA-MTE	hyp1	News	NaN	0.3075
854	855	pt	nya	challenge_SSA-MTE	hyp1	News	NaN	0.3008
855	856	pt	nya	challenge_SSA-MTE	hyp1	News	NaN	0.3239
856	857	pt	nya	challenge_SSA-MTE	hyp1	News	NaN	0.3555
857	858	pt	nya	challenge_SSA-MTE	hyp1	News	NaN	0.3361
858	859	pt	nya	challenge_SSA-MTE	hyp1	News	NaN	0.3123
859	860	pt	nya	challenge_SSA-MTE	hyp1	News	NaN	0.3750
860	861	pt	nya	challenge_SSA-MTE	hyp1	News	NaN	0.3599
861	862	pt	nya	challenge_SSA-MTE	hyp1	News	NaN	0.3898
862	863	pt	nya	challenge_SSA-MTE	hyp1	News	NaN	0.3296
863	864	pt	nya	challenge_SSA-MTE	hyp1	News	NaN	0.3378
864	865	pt	nya	challenge_SSA-MTE	hyp1	News	NaN	0.3391
865	866	pt	nya	challenge_SSA-MTE	hyp1	News	NaN	0.3635
866	867	pt	nya	challenge_SSA-MTE	hyp1	News	NaN	0.3516
867	868	pt	nya	challenge_SSA-MTE	hyp1	News	NaN	0.3108
868	869	pt	nya	challenge_SSA-MTE	hyp1	News	NaN	0.3182
869	870	pt	nya	challenge_SSA-MTE	hyp1	News	NaN	0.2453
870	871	pt	nya	challenge_SSA-MTE	hyp1	News	NaN	0.3944
871	872	pt	nya	challenge_SSA-MTE	hyp1	News	NaN	0.3932
872	873	pt	nya	challenge_SSA-MTE	hyp1	News	NaN	0.3055
873	874	pt	nya	challenge_SSA-MTE	hyp1	News	NaN	0.3225
874	875	pt	nya	challenge_SSA-MTE	hyp1	News	NaN	0.3129
875	876	pt	nya	challenge_SSA-MTE	hyp1	News	NaN	0.3040
876	877	pt	nya	challenge_SSA-MTE	hyp1	News	NaN	0.3142
877	878	pt	nya	challenge_SSA-MTE	hyp1	News	NaN	0.2514
878	879	pt	nya	challenge_SSA-MTE	hyp1	News	NaN	0.3886
879	880	pt	nya	challenge_SSA-MTE	hyp1	News	NaN	0.3647
880	881	pt	nya	challenge_SSA-MTE	hyp1	News	NaN	0.4206
881	882	pt	nya	challenge_SSA-MTE	hyp1	News	NaN	0.3868
882	883	pt	nya	challenge_SSA-MTE	hyp1	News	NaN	0.3847
883	884	pt	nya	challenge_SSA-MTE	hyp1	News	NaN	0.3739
884	885	pt	nya	challenge_SSA-MTE	hyp1	News	NaN	0.3637
885	886	pt	nya	challenge_SSA-MTE	hyp1	News	NaN	0.3032
886	887	pt	nya	challenge_SSA-MTE	hyp1	News	NaN	0.3376
887	888	pt	nya	challenge_SSA-MTE	hyp1	News	NaN	0.3663
888	889	pt	nya	challenge_SSA-MTE	hyp1	News	NaN	0.3335
889	890	pt	nya	challenge_SSA-MTE	hyp1	News	NaN	0.2462
890	891	pt	nya	challenge_SSA-MTE	hyp1	News	NaN	0.3783
891	892	pt	nya	challenge_SSA-MTE	hyp1	News	NaN	0.3343
892	893	pt	nya	challenge_SSA-MTE	hyp1	News	NaN	0.3345
893	894	pt	nya	challenge_SSA-MTE	hyp1	News	NaN	0.3372
894	895	pt	nya	challenge_SSA-MTE	hyp1	News	NaN	0.3512
895	896	pt	nya	challenge_SSA-MTE	hyp1	News	NaN	0.3803
896	897	pt	nya	challenge_SSA-MTE	hyp1	News	NaN	0.3386
897	898	pt	nya	challenge_SSA-MTE	hyp1	News	NaN	0.2522
898	899	pt	nya	challenge_SSA-MTE	hyp1	News	NaN	0.3552
899	900	pt	nya	challenge_SSA-MTE	hyp1	News	NaN	0.3737
900	901	pt	nya	challenge_SSA-MTE	hyp1	News	NaN	0.3610
901	902	pt	nya	challenge_SSA-MTE	hyp1	News	NaN	0.3491
902	903	pt	nya	challenge_SSA-MTE	hyp1	News	NaN	0.3805
903	904	pt	nya	challenge_SSA-MTE	hyp1	News	NaN	0.3358
904	905	pt	nya	challenge_SSA-MTE	hyp1	News	NaN	0.3120
905	906	pt	nya	challenge_SSA-MTE	hyp1	News	NaN	0.2560
906	907	pt	nya	challenge_SSA-MTE	hyp1	News	NaN	0.3421
907	908	pt	nya	challenge_SSA-MTE	hyp1	News	NaN	0.3307
908	909	pt	nya	challenge_SSA-MTE	hyp1	News	NaN	0.2774
909	910	pt	nya	challenge_SSA-MTE	hyp1	News	NaN	0.3152
910	911	pt	nya	challenge_SSA-MTE	hyp1	News	NaN	0.3615
911	912	pt	nya	challenge_SSA-MTE	hyp1	News	NaN	0.3702
912	913	pt	nya	challenge_SSA-MTE	hyp1	News	NaN	0.3665
913	914	pt	nya	challenge_SSA-MTE	hyp1	News	NaN	0.3108
914	915	pt	nya	challenge_SSA-MTE	hyp1	News	NaN	0.3615
915	916	pt	nya	challenge_SSA-MTE	hyp1	News	NaN	0.3745
916	917	pt	nya	challenge_SSA-MTE	hyp1	News	NaN	0.3612
917	918	pt	nya	challenge_SSA-MTE	hyp1	News	NaN	0.3375
918	919	pt	nya	challenge_SSA-MTE	hyp1	News	NaN	0.3411
919	920	pt	nya	challenge_SSA-MTE	hyp1	News	NaN	0.3545
920	921	pt	nya	challenge_SSA-MTE	hyp1	News	NaN	0.3463
921	922	pt	nya	challenge_SSA-MTE	hyp1	News	NaN	0.2633
922	923	pt	nya	challenge_SSA-MTE	hyp1	News	NaN	0.4420
923	924	pt	nya	challenge_SSA-MTE	hyp1	News	NaN	0.4097
924	925	pt	nya	challenge_SSA-MTE	hyp1	News	NaN	0.3631
925	926	pt	nya	challenge_SSA-MTE	hyp1	News	NaN	0.3445
926	927	pt	nya	challenge_SSA-MTE	hyp1	News	NaN	0.3280
927	928	pt	nya	challenge_SSA-MTE	hyp1	News	NaN	0.3384
928	929	pt	nya	challenge_SSA-MTE	hyp1	News	NaN	0.3417
929	930	pt	nya	challenge_SSA-MTE	hyp1	News	NaN	0.2765
930	931	pt	nya	challenge_SSA-MTE	hyp1	News	NaN	0.3406
931	932	pt	nya	challenge_SSA-MTE	hyp1	News	NaN	0.3256
932	933	pt	nya	challenge_SSA-MTE	hyp1	News	NaN	0.3475
933	934	pt	nya	challenge_SSA-MTE	hyp1	News	NaN	0.4237
934	935	pt	nya	challenge_SSA-MTE	hyp1	News	NaN	0.3650
935	936	pt	nya	challenge_SSA-MTE	hyp1	News	NaN	0.3444
936	937	pt	nya	challenge_SSA-MTE	hyp1	News	NaN	0.3514
937	938	pt	nya	challenge_SSA-MTE	hyp1	News	NaN	0.3575
938	939	pt	nya	challenge_SSA-MTE	hyp1	News	NaN	0.3156
939	940	pt	nya	challenge_SSA-MTE	hyp1	News	NaN	0.3340
940	941	pt	nya	challenge_SSA-MTE	hyp1	News	NaN	0.3139
941	942	pt	nya	challenge_SSA-MTE	hyp1	News	NaN	0.2468
942	943	pt	nya	challenge_SSA-MTE	hyp1	News	NaN	0.3294
943	944	pt	nya	challenge_SSA-MTE	hyp1	News	NaN	0.3302
944	945	pt	nya	challenge_SSA-MTE	hyp1	News	NaN	0.3424
945	946	pt	nya	challenge_SSA-MTE	hyp1	News	NaN	0.3050
946	947	pt	nya	challenge_SSA-MTE	hyp1	News	NaN	0.4025
947	948	pt	nya	challenge_SSA-MTE	hyp1	News	NaN	0.3921
948	949	pt	nya	challenge_SSA-MTE	hyp1	News	NaN	0.4188
949	950	pt	nya	challenge_SSA-MTE	hyp1	News	NaN	0.3121
950	951	pt	nya	challenge_SSA-MTE	hyp1	News	NaN	0.2984
951	952	pt	nya	challenge_SSA-MTE	hyp1	News	NaN	0.2878
952	953	pt	nya	challenge_SSA-MTE	hyp1	News	NaN	0.2912
953	954	pt	nya	challenge_SSA-MTE	hyp1	News	NaN	0.2276
954	955	pt	nya	challenge_SSA-MTE	hyp1	News	NaN	0.3095
955	956	pt	nya	challenge_SSA-MTE	hyp1	News	NaN	0.3529
956	957	pt	nya	challenge_SSA-MTE	hyp1	News	NaN	0.3113
957	958	pt	nya	challenge_SSA-MTE	hyp1	News	NaN	0.2685
958	959	pt	nya	challenge_SSA-MTE	hyp1	News	NaN	0.4267
959	960	pt	nya	challenge_SSA-MTE	hyp1	News	NaN	0.4643
960	961	pt	nya	challenge_SSA-MTE	hyp1	News	NaN	0.4396
961	962	pt	nya	challenge_SSA-MTE	hyp1	News	NaN	0.3452
962	963	pt	nya	challenge_SSA-MTE	hyp1	News	NaN	0.3214
963	964	pt	nya	challenge_SSA-MTE	hyp1	News	NaN	0.3220
964	965	pt	nya	challenge_SSA-MTE	hyp1	News	NaN	0.3551
965	966	pt	nya	challenge_SSA-MTE	hyp1	News	NaN	0.2923
966	967	pt	nya	challenge_SSA-MTE	hyp1	News	NaN	0.3598
967	968	pt	nya	challenge_SSA-MTE	hyp1	News	NaN	0.3432
968	969	pt	nya	challenge_SSA-MTE	hyp1	News	NaN	0.3425
969	970	pt	nya	challenge_SSA-MTE	hyp1	News	NaN	0.3105
970	971	pt	nya	challenge_SSA-MTE	hyp1	News	NaN	0.3176
971	972	pt	nya	challenge_SSA-MTE	hyp1	News	NaN	0.3312
972	973	pt	nya	challenge_SSA-MTE	hyp1	News	NaN	0.3270
973	974	pt	nya	challenge_SSA-MTE	hyp1	News	NaN	0.3145
974	975	pt	nya	challenge_SSA-MTE	hyp1	News	NaN	0.3280
975	976	pt	nya	challenge_SSA-MTE	hyp1	News	NaN	0.2850
976	977	pt	nya	challenge_SSA-MTE	hyp1	News	NaN	0.2881
977	978	pt	nya	challenge_SSA-MTE	hyp1	News	NaN	0.3310
978	979	pt	nya	challenge_SSA-MTE	hyp1	News	NaN	0.3741
979	980	pt	nya	challenge_SSA-MTE	hyp1	News	NaN	0.3495
980	981	pt	nya	challenge_SSA-MTE	hyp1	News	NaN	0.3565
981	982	pt	nya	challenge_SSA-MTE	hyp1	News	NaN	0.2986
982	983	pt	nya	challenge_SSA-MTE	hyp1	News	NaN	0.3649
983	984	pt	nya	challenge_SSA-MTE	hyp1	News	NaN	0.3928
984	985	pt	nya	challenge_SSA-MTE	hyp1	News	NaN	0.3965
985	986	pt	nya	challenge_SSA-MTE	hyp1	News	NaN	0.3275
986	987	pt	nya	challenge_SSA-MTE	hyp1	News	NaN	0.3364
987	988	pt	nya	challenge_SSA-MTE	hyp1	News	NaN	0.3598
988	989	pt	nya	challenge_SSA-MTE	hyp1	News	NaN	0.3525
989	990	pt	nya	challenge_SSA-MTE	hyp1	News	NaN	0.3216
990	991	pt	nya	challenge_SSA-MTE	hyp1	News	NaN	0.2843
991	992	pt	nya	challenge_SSA-MTE	hyp1	News	NaN	0.3235
992	993	pt	nya	challenge_SSA-MTE	hyp1	News	NaN	0.3141
993	994	pt	nya	challenge_SSA-MTE	hyp1	News	NaN	0.3266
994	995	pt	nya	challenge_SSA-MTE	hyp1	News	NaN	0.3605
995	996	pt	nya	challenge_SSA-MTE	hyp1	News	NaN	0.3671
996	997	pt	nya	challenge_SSA-MTE	hyp1	News	NaN	0.3800
997	998	pt	nya	challenge_SSA-MTE	hyp1	News	NaN	0.1917
998	999	pt	nya	challenge_SSA-MTE	hyp1	News	NaN	0.3046
999	1000	pt	nya	challenge_SSA-MTE	hyp1	News	NaN	0.3499
1000	1001	pt	nya	challenge_SSA-MTE	hyp1	News	NaN	0.2878
1001	1002	pt	nya	challenge_SSA-MTE	hyp1	News	NaN	0.2565
1002	1003	pt	nya	challenge_SSA-MTE	hyp1	News	NaN	0.4103
1003	1004	pt	nya	challenge_SSA-MTE	hyp1	News	NaN	0.3931
1004	1005	pt	nya	challenge_SSA-MTE	hyp1	News	NaN	0.3462
1005	1006	pt	nya	challenge_SSA-MTE	hyp1	News	NaN	0.2637
1006	1007	pt	nya	challenge_SSA-MTE	hyp1	News	NaN	0.3321
1007	1008	pt	nya	challenge_SSA-MTE	hyp1	News	NaN	0.3382
1008	1009	pt	nya	challenge_SSA-MTE	hyp1	News	NaN	0.3326
1009	1010	pt	nya	challenge_SSA-MTE	hyp1	News	NaN	0.3235
1010	1011	pt	nya	challenge_SSA-MTE	hyp1	News	NaN	0.3919
1011	1012	pt	nya	challenge_SSA-MTE	hyp1	News	NaN	0.3703
1012	1013	pt	nya	challenge_SSA-MTE	hyp1	News	NaN	0.3624
1013	1014	pt	nya	challenge_SSA-MTE	hyp1	News	NaN	0.3210
1014	1015	pt	nya	challenge_SSA-MTE	hyp1	News	NaN	0.3067
1015	1016	pt	nya	challenge_SSA-MTE	hyp1	News	NaN	0.2899
1016	1017	pt	nya	challenge_SSA-MTE	hyp1	News	NaN	0.3006
1017	1018	pt	nya	challenge_SSA-MTE	hyp1	News	NaN	0.2842
1018	1019	pt	nya	challenge_SSA-MTE	hyp1	News	NaN	0.3384
1019	1020	pt	nya	challenge_SSA-MTE	hyp1	News	NaN	0.3194
1020	1021	pt	nya	challenge_SSA-MTE	hyp1	News	NaN	0.3463
1021	1022	pt	nya	challenge_SSA-MTE	hyp1	News	NaN	0.2502
1022	1023	pt	nya	challenge_SSA-MTE	hyp1	News	NaN	0.3725
1023	1024	pt	nya	challenge_SSA-MTE	hyp1	News	NaN	0.3730
1024	1025	pt	nya	challenge_SSA-MTE	hyp1	News	NaN	0.3887
1025	1026	pt	nya	challenge_SSA-MTE	hyp1	News	NaN	0.3501
1026	1027	pt	nya	challenge_SSA-MTE	hyp1	News	NaN	0.3018
1027	1028	pt	nya	challenge_SSA-MTE	hyp1	News	NaN	0.2744
1028	1029	pt	nya	challenge_SSA-MTE	hyp1	News	NaN	0.2824
1029	1030	pt	nya	challenge_SSA-MTE	hyp1	News	NaN	0.2383
1030	1031	pt	nya	challenge_SSA-MTE	hyp1	News	NaN	0.2760
1031	1032	pt	nya	challenge_SSA-MTE	hyp1	News	NaN	0.2736
1032	1033	pt	nya	challenge_SSA-MTE	hyp1	News	NaN	0.2977
1033	1034	pt	nya	challenge_SSA-MTE	hyp1	News	NaN	0.3164
1034	1035	pt	nya	challenge_SSA-MTE	hyp1	News	NaN	0.3393
1035	1036	pt	nya	challenge_SSA-MTE	hyp1	News	NaN	0.3454
1036	1037	pt	nya	challenge_SSA-MTE	hyp1	News	NaN	0.3550
1037	1038	pt	nya	challenge_SSA-MTE	hyp1	News	NaN	0.3147
1038	1039	pt	nya	challenge_SSA-MTE	hyp1	News	NaN	0.4579
1039	1040	pt	nya	challenge_SSA-MTE	hyp1	News	NaN	0.4066
1040	1041	pt	nya	challenge_SSA-MTE	hyp1	News	NaN	0.5245
1041	1042	pt	nya	challenge_SSA-MTE	hyp1	News	NaN	0.3489
1042	1043	pt	nya	challenge_SSA-MTE	hyp1	News	NaN	0.3710
1043	1044	pt	nya	challenge_SSA-MTE	hyp1	News	NaN	0.3555
1044	1045	pt	nya	challenge_SSA-MTE	hyp1	News	NaN	0.3318
1045	1046	pt	nya	challenge_SSA-MTE	hyp1	News	NaN	0.3028
1046	1047	pt	nya	challenge_SSA-MTE	hyp1	News	NaN	0.3896
1047	1048	pt	nya	challenge_SSA-MTE	hyp1	News	NaN	0.4156
1048	1049	pt	nya	challenge_SSA-MTE	hyp1	News	NaN	0.3373
1049	1050	pt	nya	challenge_SSA-MTE	hyp1	News	NaN	0.3692
1050	1051	pt	nya	challenge_SSA-MTE	hyp1	News	NaN	0.5080
1051	1052	pt	nya	challenge_SSA-MTE	hyp1	News	NaN	0.5496
1052	1053	pt	nya	challenge_SSA-MTE	hyp1	News	NaN	0.6599
1053	1054	pt	nya	challenge_SSA-MTE	hyp1	News	NaN	0.5133
1054	1055	pt	nya	challenge_SSA-MTE	hyp1	News	NaN	0.3631
1055	1056	pt	nya	challenge_SSA-MTE	hyp1	News	NaN	0.3669
1056	1057	pt	nya	challenge_SSA-MTE	hyp1	News	NaN	0.3601
1057	1058	pt	nya	challenge_SSA-MTE	hyp1	News	NaN	0.2500
1058	1059	pt	nya	challenge_SSA-MTE	hyp1	News	NaN	0.3259
1059	1060	pt	nya	challenge_SSA-MTE	hyp1	News	NaN	0.3138
1060	1061	pt	nya	challenge_SSA-MTE	hyp1	News	NaN	0.3299
1061	1062	pt	nya	challenge_SSA-MTE	hyp1	News	NaN	0.2156
1062	1063	pt	nya	challenge_SSA-MTE	hyp1	News	NaN	0.4267
1063	1064	pt	nya	challenge_SSA-MTE	hyp1	News	NaN	0.4135
1064	1065	pt	nya	challenge_SSA-MTE	hyp1	News	NaN	0.4397
1065	1066	pt	nya	challenge_SSA-MTE	hyp1	News	NaN	0.3017
1066	1067	pt	nya	challenge_SSA-MTE	hyp1	News	NaN	0.3552
1067	1068	pt	nya	challenge_SSA-MTE	hyp1	News	NaN	0.3061
1068	1069	pt	nya	challenge_SSA-MTE	hyp1	News	NaN	0.3487
1069	1070	pt	nya	challenge_SSA-MTE	hyp1	News	NaN	0.3223
1070	1071	pt	nya	challenge_SSA-MTE	hyp1	News	NaN	0.3277
1071	1072	pt	nya	challenge_SSA-MTE	hyp1	News	NaN	0.3536
1072	1073	pt	nya	challenge_SSA-MTE	hyp1	News	NaN	0.3270
1073	1074	pt	nya	challenge_SSA-MTE	hyp1	News	NaN	0.2988
1074	1075	pt	nya	challenge_SSA-MTE	hyp1	News	NaN	0.3559
1075	1076	pt	nya	challenge_SSA-MTE	hyp1	News	NaN	0.3315
1076	1077	pt	nya	challenge_SSA-MTE	hyp1	News	NaN	0.3364
1077	1078	pt	nya	challenge_SSA-MTE	hyp1	News	NaN	0.2396
1078	1079	pt	nya	challenge_SSA-MTE	hyp1	News	NaN	0.3426
1079	1080	pt	nya	challenge_SSA-MTE	hyp1	News	NaN	0.3429
1080	1081	pt	nya	challenge_SSA-MTE	hyp1	News	NaN	0.3502
1081	1082	pt	nya	challenge_SSA-MTE	hyp1	News	NaN	0.2816
1082	1083	pt	nya	challenge_SSA-MTE	hyp1	News	NaN	0.3819
1083	1084	pt	nya	challenge_SSA-MTE	hyp1	News	NaN	0.3554
1084	1085	pt	nya	challenge_SSA-MTE	hyp1	News	NaN	0.3588
1085	1086	pt	nya	challenge_SSA-MTE	hyp1	News	NaN	0.3218
1086	1087	pt	nya	challenge_SSA-MTE	hyp1	News	NaN	0.3479
1087	1088	pt	nya	challenge_SSA-MTE	hyp1	News	NaN	0.3346
1088	1089	pt	nya	challenge_SSA-MTE	hyp1	News	NaN	0.3726
1089	1090	pt	nya	challenge_SSA-MTE	hyp1	News	NaN	0.3741
1090	1091	pt	nya	challenge_SSA-MTE	hyp1	News	NaN	0.3697
1091	1092	pt	nya	challenge_SSA-MTE	hyp1	News	NaN	0.3695
1092	1093	pt	nya	challenge_SSA-MTE	hyp1	News	NaN	0.3934
1093	1094	pt	nya	challenge_SSA-MTE	hyp1	News	NaN	0.2102
1094	1095	pt	nya	challenge_SSA-MTE	hyp1	News	NaN	0.3111
1095	1096	pt	nya	challenge_SSA-MTE	hyp1	News	NaN	0.3006
1096	1097	pt	nya	challenge_SSA-MTE	hyp1	News	NaN	0.3356
1097	1098	pt	nya	challenge_SSA-MTE	hyp1	News	NaN	0.2787
1098	1099	pt	nya	challenge_SSA-MTE	hyp1	News	NaN	0.4696
1099	1100	pt	nya	challenge_SSA-MTE	hyp1	News	NaN	0.4438
1100	1101	pt	nya	challenge_SSA-MTE	hyp1	News	NaN	0.4833
1101	1102	pt	nya	challenge_SSA-MTE	hyp1	News	NaN	0.4462
1102	1103	pt	nya	challenge_SSA-MTE	hyp1	News	NaN	0.3536
1103	1104	pt	nya	challenge_SSA-MTE	hyp1	News	NaN	0.3185
1104	1105	pt	nya	challenge_SSA-MTE	hyp1	News	NaN	0.3467
1105	1106	pt	nya	challenge_SSA-MTE	hyp1	News	NaN	0.3370
1106	1107	pt	nya	challenge_SSA-MTE	hyp1	News	NaN	0.2973
1107	1108	pt	nya	challenge_SSA-MTE	hyp1	News	NaN	0.3021
1108	1109	pt	nya	challenge_SSA-MTE	hyp1	News	NaN	0.2958
1109	1110	pt	nya	challenge_SSA-MTE	hyp1	News	NaN	0.3203
1110	1111	pt	nya	challenge_SSA-MTE	hyp1	News	NaN	0.3494
1111	1112	pt	nya	challenge_SSA-MTE	hyp1	News	NaN	0.3364
1112	1113	pt	nya	challenge_SSA-MTE	hyp1	News	NaN	0.3161
1113	1114	pt	nya	challenge_SSA-MTE	hyp1	News	NaN	0.2697
1114	1115	pt	nya	challenge_SSA-MTE	hyp1	News	NaN	0.4280
1115	1116	pt	nya	challenge_SSA-MTE	hyp1	News	NaN	0.3287
1116	1117	pt	nya	challenge_SSA-MTE	hyp1	News	NaN	0.3433
1117	1118	pt	nya	challenge_SSA-MTE	hyp1	News	NaN	0.3442
1118	1119	pt	nya	challenge_SSA-MTE	hyp1	News	NaN	0.3941
1119	1120	pt	nya	challenge_SSA-MTE	hyp1	News	NaN	0.4056
1120	1121	pt	nya	challenge_SSA-MTE	hyp1	News	NaN	0.3417
1121	1122	pt	nya	challenge_SSA-MTE	hyp1	News	NaN	0.2896
1122	1123	pt	nya	challenge_SSA-MTE	hyp1	News	NaN	0.3252
1123	1124	pt	nya	challenge_SSA-MTE	hyp1	News	NaN	0.3438
1124	1125	pt	nya	challenge_SSA-MTE	hyp1	News	NaN	0.3496
1125	1126	pt	nya	challenge_SSA-MTE	hyp1	News	NaN	0.3035
1126	1127	pt	nya	challenge_SSA-MTE	hyp1	News	NaN	0.3869
1127	1128	pt	nya	challenge_SSA-MTE	hyp1	News	NaN	0.3882
1128	1129	pt	nya	challenge_SSA-MTE	hyp1	News	NaN	0.3344
1129	1130	pt	nya	challenge_SSA-MTE	hyp1	News	NaN	0.3233
1130	1131	pt	nya	challenge_SSA-MTE	hyp1	News	NaN	0.3665
1131	1132	pt	nya	challenge_SSA-MTE	hyp1	News	NaN	0.3270
1132	1133	pt	nya	challenge_SSA-MTE	hyp1	News	NaN	0.3247
1133	1134	pt	nya	challenge_SSA-MTE	hyp1	News	NaN	0.2655
1134	1135	pt	nya	challenge_SSA-MTE	hyp1	News	NaN	0.3956
1135	1136	pt	nya	challenge_SSA-MTE	hyp1	News	NaN	0.3098
1136	1137	pt	nya	challenge_SSA-MTE	hyp1	News	NaN	0.3724
1137	1138	pt	nya	challenge_SSA-MTE	hyp1	News	NaN	0.3224
1138	1139	pt	nya	challenge_SSA-MTE	hyp1	News	NaN	0.3950
1139	1140	pt	nya	challenge_SSA-MTE	hyp1	News	NaN	0.4190
1140	1141	pt	nya	challenge_SSA-MTE	hyp1	News	NaN	0.3608
1141	1142	pt	nya	challenge_SSA-MTE	hyp1	News	NaN	0.3358
1142	1143	pt	nya	challenge_SSA-MTE	hyp1	News	NaN	0.3017
1143	1144	pt	nya	challenge_SSA-MTE	hyp1	News	NaN	0.3032
1144	1145	pt	nya	challenge_SSA-MTE	hyp1	News	NaN	0.3291
1145	1146	pt	nya	challenge_SSA-MTE	hyp1	News	NaN	0.3053
1146	1147	pt	nya	challenge_SSA-MTE	hyp1	News	NaN	0.3255
1147	1148	pt	nya	challenge_SSA-MTE	hyp1	News	NaN	0.2749
1148	1149	pt	nya	challenge_SSA-MTE	hyp1	News	NaN	0.3688
1149	1150	pt	nya	challenge_SSA-MTE	hyp1	News	NaN	0.2537
1150	1151	pt	nya	challenge_SSA-MTE	hyp1	News	NaN	0.3092
1151	1152	pt	nya	challenge_SSA-MTE	hyp1	News	NaN	0.3260
1152	1153	pt	nya	challenge_SSA-MTE	hyp1	News	NaN	0.3289
1153	1154	pt	nya	challenge_SSA-MTE	hyp1	News	NaN	0.2013
1154	1155	pt	nya	challenge_SSA-MTE	hyp1	News	NaN	0.3741
1155	1156	pt	nya	challenge_SSA-MTE	hyp1	News	NaN	0.3469
1156	1157	pt	nya	challenge_SSA-MTE	hyp1	News	NaN	0.3690
1157	1158	pt	nya	challenge_SSA-MTE	hyp1	News	NaN	0.3386
1158	1159	pt	nya	challenge_SSA-MTE	hyp1	News	NaN	0.3556
1159	1160	pt	nya	challenge_SSA-MTE	hyp1	News	NaN	0.3517
1160	1161	pt	nya	challenge_SSA-MTE	hyp1	News	NaN	0.3393
1161	1162	pt	nya	challenge_SSA-MTE	hyp1	News	NaN	0.3085
1162	1163	pt	nya	challenge_SSA-MTE	hyp1	News	NaN	0.3528
1163	1164	pt	nya	challenge_SSA-MTE	hyp1	News	NaN	0.3609
1164	1165	pt	nya	challenge_SSA-MTE	hyp1	News	NaN	0.3234
1165	1166	pt	nya	challenge_SSA-MTE	hyp1	News	NaN	0.3070
1166	1167	pt	nya	challenge_SSA-MTE	hyp1	News	NaN	0.3120
1167	1168	pt	nya	challenge_SSA-MTE	hyp1	News	NaN	0.3254
1168	1169	pt	nya	challenge_SSA-MTE	hyp1	News	NaN	0.3018
1169	1170	pt	nya	challenge_SSA-MTE	hyp1	News	NaN	0.3326
1170	1171	pt	nya	challenge_SSA-MTE	hyp1	News	NaN	0.3136
1171	1172	pt	nya	challenge_SSA-MTE	hyp1	News	NaN	0.3128
1172	1173	pt	nya	challenge_SSA-MTE	hyp1	News	NaN	0.3212
1173	1174	pt	nya	challenge_SSA-MTE	hyp1	News	NaN	0.3657
1174	1175	pt	nya	challenge_SSA-MTE	hyp1	News	NaN	0.3543
1175	1176	pt	nya	challenge_SSA-MTE	hyp1	News	NaN	0.3807
1176	1177	pt	nya	challenge_SSA-MTE	hyp1	News	NaN	0.3524
1177	1178	pt	nya	challenge_SSA-MTE	hyp1	News	NaN	0.2941
1178	1179	pt	nya	challenge_SSA-MTE	hyp1	News	NaN	0.3273
1179	1180	pt	nya	challenge_SSA-MTE	hyp1	News	NaN	0.3240
1180	1181	pt	nya	challenge_SSA-MTE	hyp1	News	NaN	0.3505
1181	1182	pt	nya	challenge_SSA-MTE	hyp1	News	NaN	0.4510
1182	1183	pt	nya	challenge_SSA-MTE	hyp1	News	NaN	0.3680
1183	1184	pt	nya	challenge_SSA-MTE	hyp1	News	NaN	0.3545
1184	1185	pt	nya	challenge_SSA-MTE	hyp1	News	NaN	0.4091
1185	1186	pt	nya	challenge_SSA-MTE	hyp1	News	NaN	0.2861
1186	1187	pt	nya	challenge_SSA-MTE	hyp1	News	NaN	0.3509
1187	1188	pt	nya	challenge_SSA-MTE	hyp1	News	NaN	0.3565
1188	1189	pt	nya	challenge_SSA-MTE	hyp1	News	NaN	0.3291
1189	1190	pt	nya	challenge_SSA-MTE	hyp1	News	NaN	0.3363
1190	1191	pt	nya	challenge_SSA-MTE	hyp1	News	NaN	0.3259
1191	1192	pt	nya	challenge_SSA-MTE	hyp1	News	NaN	0.3381
1192	1193	pt	nya	challenge_SSA-MTE	hyp1	News	NaN	0.3258
1193	1194	pt	nya	challenge_SSA-MTE	hyp1	News	NaN	0.3090
1194	1195	pt	nya	challenge_SSA-MTE	hyp1	News	NaN	0.3601
1195	1196	pt	nya	challenge_SSA-MTE	hyp1	News	NaN	0.3748
1196	1197	pt	nya	challenge_SSA-MTE	hyp1	News	NaN	0.3831
1197	1198	pt	nya	challenge_SSA-MTE	hyp1	News	NaN	0.3516
1198	1199	pt	nya	challenge_SSA-MTE	hyp1	News	NaN	0.3312
1199	1200	pt	nya	challenge_SSA-MTE	hyp1	News	NaN	0.3326
1200	1201	pt	nya	challenge_SSA-MTE	hyp1	News	NaN	0.3410
1201	1202	pt	nya	challenge_SSA-MTE	hyp1	News	NaN	0.3437
1202	1203	pt	nya	challenge_SSA-MTE	hyp1	News	NaN	0.2978
1203	1204	pt	nya	challenge_SSA-MTE	hyp1	News	NaN	0.3853
1204	1205	pt	nya	challenge_SSA-MTE	hyp1	News	NaN	0.3295
1205	1206	pt	nya	challenge_SSA-MTE	hyp1	News	NaN	0.3329
1206	1207	pt	nya	challenge_SSA-MTE	hyp1	News	NaN	0.3810
1207	1208	pt	nya	challenge_SSA-MTE	hyp1	News	NaN	0.3855
1208	1209	pt	nya	challenge_SSA-MTE	hyp1	News	NaN	0.3887
1209	1210	pt	nya	challenge_SSA-MTE	hyp1	News	NaN	0.3714
1210	1211	pt	nya	challenge_SSA-MTE	hyp1	News	NaN	0.3922
1211	1212	pt	nya	challenge_SSA-MTE	hyp1	News	NaN	0.3569
1212	1213	pt	nya	challenge_SSA-MTE	hyp1	News	NaN	0.3390
1213	1214	pt	nya	challenge_SSA-MTE	hyp1	News	NaN	0.2967
1214	1215	pt	nya	challenge_SSA-MTE	hyp1	News	NaN	0.3438
1215	1216	pt	nya	challenge_SSA-MTE	hyp1	News	NaN	0.3635
1216	1217	pt	nya	challenge_SSA-MTE	hyp1	News	NaN	0.3474
1217	1218	pt	nya	challenge_SSA-MTE	hyp1	News	NaN	0.2852
1218	1219	pt	nya	challenge_SSA-MTE	hyp1	News	NaN	0.3658
1219	1220	pt	nya	challenge_SSA-MTE	hyp1	News	NaN	0.3733
1220	1221	pt	nya	challenge_SSA-MTE	hyp1	News	NaN	0.2930
1221	1222	pt	nya	challenge_SSA-MTE	hyp1	News	NaN	0.3039
1222	1223	pt	nya	challenge_SSA-MTE	hyp1	News	NaN	0.3346
1223	1224	pt	nya	challenge_SSA-MTE	hyp1	News	NaN	0.3675
1224	1225	pt	nya	challenge_SSA-MTE	hyp1	News	NaN	0.3227
1225	1226	pt	nya	challenge_SSA-MTE	hyp1	News	NaN	0.2943
1226	1227	pt	nya	challenge_SSA-MTE	hyp1	News	NaN	0.3628
1227	1228	pt	nya	challenge_SSA-MTE	hyp1	News	NaN	0.3598
1228	1229	pt	nya	challenge_SSA-MTE	hyp1	News	NaN	0.3652
1229	1230	pt	nya	challenge_SSA-MTE	hyp1	News	NaN	0.3860
1230	1231	pt	nya	challenge_SSA-MTE	hyp1	News	NaN	0.3347
1231	1232	pt	nya	challenge_SSA-MTE	hyp1	News	NaN	0.2896
1232	1233	pt	nya	challenge_SSA-MTE	hyp1	News	NaN	0.3089
1233	1234	pt	nya	challenge_SSA-MTE	hyp1	News	NaN	0.2837
1234	1235	pt	nya	challenge_SSA-MTE	hyp1	News	NaN	0.5107
1235	1236	pt	nya	challenge_SSA-MTE	hyp1	News	NaN	0.3800
1236	1237	pt	nya	challenge_SSA-MTE	hyp1	News	NaN	0.3988
1237	1238	pt	nya	challenge_SSA-MTE	hyp1	News	NaN	0.2912
1238	1239	pt	nya	challenge_SSA-MTE	hyp1	News	NaN	0.3378
1239	1240	pt	nya	challenge_SSA-MTE	hyp1	News	NaN	0.3715
1240	1241	pt	nya	challenge_SSA-MTE	hyp1	News	NaN	0.3642
1241	1242	pt	nya	challenge_SSA-MTE	hyp1	News	NaN	0.2826
0	1	pt	vmw	challenge_SSA-MTE	hyp1	News	NaN	0.3278
1	2	pt	vmw	challenge_SSA-MTE	hyp1	News	NaN	0.3638
2	3	pt	vmw	challenge_SSA-MTE	hyp1	News	NaN	0.3071
3	4	pt	vmw	challenge_SSA-MTE	hyp1	News	NaN	0.2926
4	5	pt	vmw	challenge_SSA-MTE	hyp1	News	NaN	0.3404
5	6	pt	vmw	challenge_SSA-MTE	hyp1	News	NaN	0.3733
6	7	pt	vmw	challenge_SSA-MTE	hyp1	News	NaN	0.3643
7	8	pt	vmw	challenge_SSA-MTE	hyp1	News	NaN	0.3226
8	9	pt	vmw	challenge_SSA-MTE	hyp1	News	NaN	0.3160
9	10	pt	vmw	challenge_SSA-MTE	hyp1	News	NaN	0.2985
10	11	pt	vmw	challenge_SSA-MTE	hyp1	News	NaN	0.2798
11	12	pt	vmw	challenge_SSA-MTE	hyp1	News	NaN	0.2895
12	13	pt	vmw	challenge_SSA-MTE	hyp1	News	NaN	0.2682
13	14	pt	vmw	challenge_SSA-MTE	hyp1	News	NaN	0.3623
14	15	pt	vmw	challenge_SSA-MTE	hyp1	News	NaN	0.3189
15	16	pt	vmw	challenge_SSA-MTE	hyp1	News	NaN	0.3499
16	17	pt	vmw	challenge_SSA-MTE	hyp1	News	NaN	0.2994
17	18	pt	vmw	challenge_SSA-MTE	hyp1	News	NaN	0.3580
18	19	pt	vmw	challenge_SSA-MTE	hyp1	News	NaN	0.4536
19	20	pt	vmw	challenge_SSA-MTE	hyp1	News	NaN	0.3330
20	21	pt	vmw	challenge_SSA-MTE	hyp1	News	NaN	0.3116
21	22	pt	vmw	challenge_SSA-MTE	hyp1	News	NaN	0.3397
22	23	pt	vmw	challenge_SSA-MTE	hyp1	News	NaN	0.3421
23	24	pt	vmw	challenge_SSA-MTE	hyp1	News	NaN	0.4877
24	25	pt	vmw	challenge_SSA-MTE	hyp1	News	NaN	0.3786
25	26	pt	vmw	challenge_SSA-MTE	hyp1	News	NaN	0.3817
26	27	pt	vmw	challenge_SSA-MTE	hyp1	News	NaN	0.3817
27	28	pt	vmw	challenge_SSA-MTE	hyp1	News	NaN	0.4029
28	29	pt	vmw	challenge_SSA-MTE	hyp1	News	NaN	0.3979
29	30	pt	vmw	challenge_SSA-MTE	hyp1	News	NaN	0.4111
30	31	pt	vmw	challenge_SSA-MTE	hyp1	News	NaN	0.3506
31	32	pt	vmw	challenge_SSA-MTE	hyp1	News	NaN	0.4379
32	33	pt	vmw	challenge_SSA-MTE	hyp1	News	NaN	0.3592
33	34	pt	vmw	challenge_SSA-MTE	hyp1	News	NaN	0.3722
34	35	pt	vmw	challenge_SSA-MTE	hyp1	News	NaN	0.4139
35	36	pt	vmw	challenge_SSA-MTE	hyp1	News	NaN	0.3885
36	37	pt	vmw	challenge_SSA-MTE	hyp1	News	NaN	0.4270
37	38	pt	vmw	challenge_SSA-MTE	hyp1	News	NaN	0.3949
38	39	pt	vmw	challenge_SSA-MTE	hyp1	News	NaN	0.3529
39	40	pt	vmw	challenge_SSA-MTE	hyp1	News	NaN	0.3708
40	41	pt	vmw	challenge_SSA-MTE	hyp1	News	NaN	0.3540
41	42	pt	vmw	challenge_SSA-MTE	hyp1	News	NaN	0.4256
42	43	pt	vmw	challenge_SSA-MTE	hyp1	News	NaN	0.3684
43	44	pt	vmw	challenge_SSA-MTE	hyp1	News	NaN	0.3736
44	45	pt	vmw	challenge_SSA-MTE	hyp1	News	NaN	0.3818
45	46	pt	vmw	challenge_SSA-MTE	hyp1	News	NaN	0.3309
46	47	pt	vmw	challenge_SSA-MTE	hyp1	News	NaN	0.3346
47	48	pt	vmw	challenge_SSA-MTE	hyp1	News	NaN	0.2920
48	49	pt	vmw	challenge_SSA-MTE	hyp1	News	NaN	0.3586
49	50	pt	vmw	challenge_SSA-MTE	hyp1	News	NaN	0.3632
50	51	pt	vmw	challenge_SSA-MTE	hyp1	News	NaN	0.3036
51	52	pt	vmw	challenge_SSA-MTE	hyp1	News	NaN	0.3452
52	53	pt	vmw	challenge_SSA-MTE	hyp1	News	NaN	0.3350
53	54	pt	vmw	challenge_SSA-MTE	hyp1	News	NaN	0.3109
54	55	pt	vmw	challenge_SSA-MTE	hyp1	News	NaN	0.2919
55	56	pt	vmw	challenge_SSA-MTE	hyp1	News	NaN	0.3414
56	57	pt	vmw	challenge_SSA-MTE	hyp1	News	NaN	0.3445
57	58	pt	vmw	challenge_SSA-MTE	hyp1	News	NaN	0.3538
58	59	pt	vmw	challenge_SSA-MTE	hyp1	News	NaN	0.3588
59	60	pt	vmw	challenge_SSA-MTE	hyp1	News	NaN	0.3528
60	61	pt	vmw	challenge_SSA-MTE	hyp1	News	NaN	0.3625
61	62	pt	vmw	challenge_SSA-MTE	hyp1	News	NaN	0.3581
62	63	pt	vmw	challenge_SSA-MTE	hyp1	News	NaN	0.3566
63	64	pt	vmw	challenge_SSA-MTE	hyp1	News	NaN	0.3763
64	65	pt	vmw	challenge_SSA-MTE	hyp1	News	NaN	0.3525
65	66	pt	vmw	challenge_SSA-MTE	hyp1	News	NaN	0.3883
66	67	pt	vmw	challenge_SSA-MTE	hyp1	News	NaN	0.3071
67	68	pt	vmw	challenge_SSA-MTE	hyp1	News	NaN	0.3331
68	69	pt	vmw	challenge_SSA-MTE	hyp1	News	NaN	0.3219
69	70	pt	vmw	challenge_SSA-MTE	hyp1	News	NaN	0.3005
70	71	pt	vmw	challenge_SSA-MTE	hyp1	News	NaN	0.2538
71	72	pt	vmw	challenge_SSA-MTE	hyp1	News	NaN	0.2935
72	73	pt	vmw	challenge_SSA-MTE	hyp1	News	NaN	0.2846
73	74	pt	vmw	challenge_SSA-MTE	hyp1	News	NaN	0.2501
74	75	pt	vmw	challenge_SSA-MTE	hyp1	News	NaN	0.3977
75	76	pt	vmw	challenge_SSA-MTE	hyp1	News	NaN	0.4457
76	77	pt	vmw	challenge_SSA-MTE	hyp1	News	NaN	0.3531
77	78	pt	vmw	challenge_SSA-MTE	hyp1	News	NaN	0.2965
78	79	pt	vmw	challenge_SSA-MTE	hyp1	News	NaN	0.3101
79	80	pt	vmw	challenge_SSA-MTE	hyp1	News	NaN	0.2961
80	81	pt	vmw	challenge_SSA-MTE	hyp1	News	NaN	0.3287
81	82	pt	vmw	challenge_SSA-MTE	hyp1	News	NaN	0.3400
82	83	pt	vmw	challenge_SSA-MTE	hyp1	News	NaN	0.3852
83	84	pt	vmw	challenge_SSA-MTE	hyp1	News	NaN	0.3439
84	85	pt	vmw	challenge_SSA-MTE	hyp1	News	NaN	0.3871
85	86	pt	vmw	challenge_SSA-MTE	hyp1	News	NaN	0.3144
86	87	pt	vmw	challenge_SSA-MTE	hyp1	News	NaN	0.2930
87	88	pt	vmw	challenge_SSA-MTE	hyp1	News	NaN	0.2482
88	89	pt	vmw	challenge_SSA-MTE	hyp1	News	NaN	0.3343
89	90	pt	vmw	challenge_SSA-MTE	hyp1	News	NaN	0.3136
90	91	pt	vmw	challenge_SSA-MTE	hyp1	News	NaN	0.3349
91	92	pt	vmw	challenge_SSA-MTE	hyp1	News	NaN	0.3177
92	93	pt	vmw	challenge_SSA-MTE	hyp1	News	NaN	0.3208
93	94	pt	vmw	challenge_SSA-MTE	hyp1	News	NaN	0.3150
94	95	pt	vmw	challenge_SSA-MTE	hyp1	News	NaN	0.3331
95	96	pt	vmw	challenge_SSA-MTE	hyp1	News	NaN	0.3845
96	97	pt	vmw	challenge_SSA-MTE	hyp1	News	NaN	0.3843
97	98	pt	vmw	challenge_SSA-MTE	hyp1	News	NaN	0.2875
98	99	pt	vmw	challenge_SSA-MTE	hyp1	News	NaN	0.4146
99	100	pt	vmw	challenge_SSA-MTE	hyp1	News	NaN	0.3752
100	101	pt	vmw	challenge_SSA-MTE	hyp1	News	NaN	0.3533
101	102	pt	vmw	challenge_SSA-MTE	hyp1	News	NaN	0.3777
102	103	pt	vmw	challenge_SSA-MTE	hyp1	News	NaN	0.3284
103	104	pt	vmw	challenge_SSA-MTE	hyp1	News	NaN	0.3450
104	105	pt	vmw	challenge_SSA-MTE	hyp1	News	NaN	0.3460
105	106	pt	vmw	challenge_SSA-MTE	hyp1	News	NaN	0.2931
106	107	pt	vmw	challenge_SSA-MTE	hyp1	News	NaN	0.2897
107	108	pt	vmw	challenge_SSA-MTE	hyp1	News	NaN	0.2949
108	109	pt	vmw	challenge_SSA-MTE	hyp1	News	NaN	0.3074
109	110	pt	vmw	challenge_SSA-MTE	hyp1	News	NaN	0.2999
110	111	pt	vmw	challenge_SSA-MTE	hyp1	News	NaN	0.3175
111	112	pt	vmw	challenge_SSA-MTE	hyp1	News	NaN	0.2824
112	113	pt	vmw	challenge_SSA-MTE	hyp1	News	NaN	0.3648
113	114	pt	vmw	challenge_SSA-MTE	hyp1	News	NaN	0.3178
114	115	pt	vmw	challenge_SSA-MTE	hyp1	News	NaN	0.3461
115	116	pt	vmw	challenge_SSA-MTE	hyp1	News	NaN	0.3061
116	117	pt	vmw	challenge_SSA-MTE	hyp1	News	NaN	0.2692
117	118	pt	vmw	challenge_SSA-MTE	hyp1	News	NaN	0.2914
118	119	pt	vmw	challenge_SSA-MTE	hyp1	News	NaN	0.3404
119	120	pt	vmw	challenge_SSA-MTE	hyp1	News	NaN	0.2983
120	121	pt	vmw	challenge_SSA-MTE	hyp1	News	NaN	0.3954
121	122	pt	vmw	challenge_SSA-MTE	hyp1	News	NaN	0.3299
122	123	pt	vmw	challenge_SSA-MTE	hyp1	News	NaN	0.4225
123	124	pt	vmw	challenge_SSA-MTE	hyp1	News	NaN	0.4131
124	125	pt	vmw	challenge_SSA-MTE	hyp1	News	NaN	0.3728
125	126	pt	vmw	challenge_SSA-MTE	hyp1	News	NaN	0.3318
126	127	pt	vmw	challenge_SSA-MTE	hyp1	News	NaN	0.3180
127	128	pt	vmw	challenge_SSA-MTE	hyp1	News	NaN	0.3530
128	129	pt	vmw	challenge_SSA-MTE	hyp1	News	NaN	0.3123
129	130	pt	vmw	challenge_SSA-MTE	hyp1	News	NaN	0.3141
130	131	pt	vmw	challenge_SSA-MTE	hyp1	News	NaN	0.3227
131	132	pt	vmw	challenge_SSA-MTE	hyp1	News	NaN	0.2843
132	133	pt	vmw	challenge_SSA-MTE	hyp1	News	NaN	0.3469
133	134	pt	vmw	challenge_SSA-MTE	hyp1	News	NaN	0.3236
134	135	pt	vmw	challenge_SSA-MTE	hyp1	News	NaN	0.3721
135	136	pt	vmw	challenge_SSA-MTE	hyp1	News	NaN	0.3411
136	137	pt	vmw	challenge_SSA-MTE	hyp1	News	NaN	0.3885
137	138	pt	vmw	challenge_SSA-MTE	hyp1	News	NaN	0.3348
138	139	pt	vmw	challenge_SSA-MTE	hyp1	News	NaN	0.3229
139	140	pt	vmw	challenge_SSA-MTE	hyp1	News	NaN	0.3537
140	141	pt	vmw	challenge_SSA-MTE	hyp1	News	NaN	0.3833
141	142	pt	vmw	challenge_SSA-MTE	hyp1	News	NaN	0.3306
142	143	pt	vmw	challenge_SSA-MTE	hyp1	News	NaN	0.3327
143	144	pt	vmw	challenge_SSA-MTE	hyp1	News	NaN	0.3579
144	145	pt	vmw	challenge_SSA-MTE	hyp1	News	NaN	0.3137
145	146	pt	vmw	challenge_SSA-MTE	hyp1	News	NaN	0.3636
146	147	pt	vmw	challenge_SSA-MTE	hyp1	News	NaN	0.2871
147	148	pt	vmw	challenge_SSA-MTE	hyp1	News	NaN	0.3116
148	149	pt	vmw	challenge_SSA-MTE	hyp1	News	NaN	0.3303
149	150	pt	vmw	challenge_SSA-MTE	hyp1	News	NaN	0.3370
150	151	pt	vmw	challenge_SSA-MTE	hyp1	News	NaN	0.3558
151	152	pt	vmw	challenge_SSA-MTE	hyp1	News	NaN	0.3342
152	153	pt	vmw	challenge_SSA-MTE	hyp1	News	NaN	0.3391
153	154	pt	vmw	challenge_SSA-MTE	hyp1	News	NaN	0.3942
154	155	pt	vmw	challenge_SSA-MTE	hyp1	News	NaN	0.4904
155	156	pt	vmw	challenge_SSA-MTE	hyp1	News	NaN	0.3992
156	157	pt	vmw	challenge_SSA-MTE	hyp1	News	NaN	0.2790
157	158	pt	vmw	challenge_SSA-MTE	hyp1	News	NaN	0.3051
158	159	pt	vmw	challenge_SSA-MTE	hyp1	News	NaN	0.3438
159	160	pt	vmw	challenge_SSA-MTE	hyp1	News	NaN	0.3503
160	161	pt	vmw	challenge_SSA-MTE	hyp1	News	NaN	0.3833
161	162	pt	vmw	challenge_SSA-MTE	hyp1	News	NaN	0.3170
162	163	pt	vmw	challenge_SSA-MTE	hyp1	News	NaN	0.3506
163	164	pt	vmw	challenge_SSA-MTE	hyp1	News	NaN	0.3867
164	165	pt	vmw	challenge_SSA-MTE	hyp1	News	NaN	0.3985
165	166	pt	vmw	challenge_SSA-MTE	hyp1	News	NaN	0.4063
166	167	pt	vmw	challenge_SSA-MTE	hyp1	News	NaN	0.3348
167	168	pt	vmw	challenge_SSA-MTE	hyp1	News	NaN	0.3014
168	169	pt	vmw	challenge_SSA-MTE	hyp1	News	NaN	0.3970
169	170	pt	vmw	challenge_SSA-MTE	hyp1	News	NaN	0.3866
170	171	pt	vmw	challenge_SSA-MTE	hyp1	News	NaN	0.3080
171	172	pt	vmw	challenge_SSA-MTE	hyp1	News	NaN	0.2984
172	173	pt	vmw	challenge_SSA-MTE	hyp1	News	NaN	0.3675
173	174	pt	vmw	challenge_SSA-MTE	hyp1	News	NaN	0.3609
174	175	pt	vmw	challenge_SSA-MTE	hyp1	News	NaN	0.3459
175	176	pt	vmw	challenge_SSA-MTE	hyp1	News	NaN	0.3580
176	177	pt	vmw	challenge_SSA-MTE	hyp1	News	NaN	0.4037
177	178	pt	vmw	challenge_SSA-MTE	hyp1	News	NaN	0.3858
178	179	pt	vmw	challenge_SSA-MTE	hyp1	News	NaN	0.4108
179	180	pt	vmw	challenge_SSA-MTE	hyp1	News	NaN	0.4008
180	181	pt	vmw	challenge_SSA-MTE	hyp1	News	NaN	0.3842
181	182	pt	vmw	challenge_SSA-MTE	hyp1	News	NaN	0.3583
182	183	pt	vmw	challenge_SSA-MTE	hyp1	News	NaN	0.3417
183	184	pt	vmw	challenge_SSA-MTE	hyp1	News	NaN	0.3696
184	185	pt	vmw	challenge_SSA-MTE	hyp1	News	NaN	0.3716
185	186	pt	vmw	challenge_SSA-MTE	hyp1	News	NaN	0.3804
186	187	pt	vmw	challenge_SSA-MTE	hyp1	News	NaN	0.3922
187	188	pt	vmw	challenge_SSA-MTE	hyp1	News	NaN	0.3236
188	189	pt	vmw	challenge_SSA-MTE	hyp1	News	NaN	0.3110
189	190	pt	vmw	challenge_SSA-MTE	hyp1	News	NaN	0.3347
190	191	pt	vmw	challenge_SSA-MTE	hyp1	News	NaN	0.4104
191	192	pt	vmw	challenge_SSA-MTE	hyp1	News	NaN	0.3713
192	193	pt	vmw	challenge_SSA-MTE	hyp1	News	NaN	0.3287
193	194	pt	vmw	challenge_SSA-MTE	hyp1	News	NaN	0.3186
194	195	pt	vmw	challenge_SSA-MTE	hyp1	News	NaN	0.2895
195	196	pt	vmw	challenge_SSA-MTE	hyp1	News	NaN	0.3217
196	197	pt	vmw	challenge_SSA-MTE	hyp1	News	NaN	0.3439
197	198	pt	vmw	challenge_SSA-MTE	hyp1	News	NaN	0.3792
198	199	pt	vmw	challenge_SSA-MTE	hyp1	News	NaN	0.3462
199	200	pt	vmw	challenge_SSA-MTE	hyp1	News	NaN	0.3755
200	201	pt	vmw	challenge_SSA-MTE	hyp1	News	NaN	0.3587
201	202	pt	vmw	challenge_SSA-MTE	hyp1	News	NaN	0.3794
202	203	pt	vmw	challenge_SSA-MTE	hyp1	News	NaN	0.3603
203	204	pt	vmw	challenge_SSA-MTE	hyp1	News	NaN	0.4289
204	205	pt	vmw	challenge_SSA-MTE	hyp1	News	NaN	0.4676
205	206	pt	vmw	challenge_SSA-MTE	hyp1	News	NaN	0.4464
206	207	pt	vmw	challenge_SSA-MTE	hyp1	News	NaN	0.3736
207	208	pt	vmw	challenge_SSA-MTE	hyp1	News	NaN	0.3644
208	209	pt	vmw	challenge_SSA-MTE	hyp1	News	NaN	0.3448
209	210	pt	vmw	challenge_SSA-MTE	hyp1	News	NaN	0.3807
210	211	pt	vmw	challenge_SSA-MTE	hyp1	News	NaN	0.3450
211	212	pt	vmw	challenge_SSA-MTE	hyp1	News	NaN	0.3577
212	213	pt	vmw	challenge_SSA-MTE	hyp1	News	NaN	0.3840
213	214	pt	vmw	challenge_SSA-MTE	hyp1	News	NaN	0.3193
214	215	pt	vmw	challenge_SSA-MTE	hyp1	News	NaN	0.3185
215	216	pt	vmw	challenge_SSA-MTE	hyp1	News	NaN	0.3246
216	217	pt	vmw	challenge_SSA-MTE	hyp1	News	NaN	0.3159
217	218	pt	vmw	challenge_SSA-MTE	hyp1	News	NaN	0.3901
218	219	pt	vmw	challenge_SSA-MTE	hyp1	News	NaN	0.3771
219	220	pt	vmw	challenge_SSA-MTE	hyp1	News	NaN	0.3855
220	221	pt	vmw	challenge_SSA-MTE	hyp1	News	NaN	0.3448
221	222	pt	vmw	challenge_SSA-MTE	hyp1	News	NaN	0.4165
222	223	pt	vmw	challenge_SSA-MTE	hyp1	News	NaN	0.3700
223	224	pt	vmw	challenge_SSA-MTE	hyp1	News	NaN	0.2900
224	225	pt	vmw	challenge_SSA-MTE	hyp1	News	NaN	0.3321
225	226	pt	vmw	challenge_SSA-MTE	hyp1	News	NaN	0.4063
226	227	pt	vmw	challenge_SSA-MTE	hyp1	News	NaN	0.3231
227	228	pt	vmw	challenge_SSA-MTE	hyp1	News	NaN	0.3761
228	229	pt	vmw	challenge_SSA-MTE	hyp1	News	NaN	0.3652
229	230	pt	vmw	challenge_SSA-MTE	hyp1	News	NaN	0.3313
230	231	pt	vmw	challenge_SSA-MTE	hyp1	News	NaN	0.3096
231	232	pt	vmw	challenge_SSA-MTE	hyp1	News	NaN	0.3399
232	233	pt	vmw	challenge_SSA-MTE	hyp1	News	NaN	0.3629
233	234	pt	vmw	challenge_SSA-MTE	hyp1	News	NaN	0.3772
234	235	pt	vmw	challenge_SSA-MTE	hyp1	News	NaN	0.2631
235	236	pt	vmw	challenge_SSA-MTE	hyp1	News	NaN	0.3608
236	237	pt	vmw	challenge_SSA-MTE	hyp1	News	NaN	0.3605
237	238	pt	vmw	challenge_SSA-MTE	hyp1	News	NaN	0.3617
238	239	pt	vmw	challenge_SSA-MTE	hyp1	News	NaN	0.3180
239	240	pt	vmw	challenge_SSA-MTE	hyp1	News	NaN	0.2813
240	241	pt	vmw	challenge_SSA-MTE	hyp1	News	NaN	0.3272
241	242	pt	vmw	challenge_SSA-MTE	hyp1	News	NaN	0.3484
242	243	pt	vmw	challenge_SSA-MTE	hyp1	News	NaN	0.4715
243	244	pt	vmw	challenge_SSA-MTE	hyp1	News	NaN	0.4203
244	245	pt	vmw	challenge_SSA-MTE	hyp1	News	NaN	0.4171
245	246	pt	vmw	challenge_SSA-MTE	hyp1	News	NaN	0.4052
246	247	pt	vmw	challenge_SSA-MTE	hyp1	News	NaN	0.3102
247	248	pt	vmw	challenge_SSA-MTE	hyp1	News	NaN	0.3434
248	249	pt	vmw	challenge_SSA-MTE	hyp1	News	NaN	0.2893
249	250	pt	vmw	challenge_SSA-MTE	hyp1	News	NaN	0.3314
250	251	pt	vmw	challenge_SSA-MTE	hyp1	News	NaN	0.3077
251	252	pt	vmw	challenge_SSA-MTE	hyp1	News	NaN	0.3903
252	253	pt	vmw	challenge_SSA-MTE	hyp1	News	NaN	0.3824
253	254	pt	vmw	challenge_SSA-MTE	hyp1	News	NaN	0.3721
254	255	pt	vmw	challenge_SSA-MTE	hyp1	News	NaN	0.3747
255	256	pt	vmw	challenge_SSA-MTE	hyp1	News	NaN	0.3320
256	257	pt	vmw	challenge_SSA-MTE	hyp1	News	NaN	0.3412
257	258	pt	vmw	challenge_SSA-MTE	hyp1	News	NaN	0.3513
258	259	pt	vmw	challenge_SSA-MTE	hyp1	News	NaN	0.4054
259	260	pt	vmw	challenge_SSA-MTE	hyp1	News	NaN	0.4055
260	261	pt	vmw	challenge_SSA-MTE	hyp1	News	NaN	0.4477
261	262	pt	vmw	challenge_SSA-MTE	hyp1	News	NaN	0.3833
262	263	pt	vmw	challenge_SSA-MTE	hyp1	News	NaN	0.3236
263	264	pt	vmw	challenge_SSA-MTE	hyp1	News	NaN	0.3655
264	265	pt	vmw	challenge_SSA-MTE	hyp1	News	NaN	0.3107
265	266	pt	vmw	challenge_SSA-MTE	hyp1	News	NaN	0.3322
266	267	pt	vmw	challenge_SSA-MTE	hyp1	News	NaN	0.3023
267	268	pt	vmw	challenge_SSA-MTE	hyp1	News	NaN	0.3617
268	269	pt	vmw	challenge_SSA-MTE	hyp1	News	NaN	0.3533
269	270	pt	vmw	challenge_SSA-MTE	hyp1	News	NaN	0.3730
270	271	pt	vmw	challenge_SSA-MTE	hyp1	News	NaN	0.3010
271	272	pt	vmw	challenge_SSA-MTE	hyp1	News	NaN	0.3217
272	273	pt	vmw	challenge_SSA-MTE	hyp1	News	NaN	0.3153
273	274	pt	vmw	challenge_SSA-MTE	hyp1	News	NaN	0.2993
274	275	pt	vmw	challenge_SSA-MTE	hyp1	News	NaN	0.4002
275	276	pt	vmw	challenge_SSA-MTE	hyp1	News	NaN	0.3847
276	277	pt	vmw	challenge_SSA-MTE	hyp1	News	NaN	0.3261
277	278	pt	vmw	challenge_SSA-MTE	hyp1	News	NaN	0.4080
278	279	pt	vmw	challenge_SSA-MTE	hyp1	News	NaN	0.3469
279	280	pt	vmw	challenge_SSA-MTE	hyp1	News	NaN	0.3679
280	281	pt	vmw	challenge_SSA-MTE	hyp1	News	NaN	0.3527
281	282	pt	vmw	challenge_SSA-MTE	hyp1	News	NaN	0.3359
282	283	pt	vmw	challenge_SSA-MTE	hyp1	News	NaN	0.3385
283	284	pt	vmw	challenge_SSA-MTE	hyp1	News	NaN	0.3260
284	285	pt	vmw	challenge_SSA-MTE	hyp1	News	NaN	0.3427
285	286	pt	vmw	challenge_SSA-MTE	hyp1	News	NaN	0.3096
286	287	pt	vmw	challenge_SSA-MTE	hyp1	News	NaN	0.3404
287	288	pt	vmw	challenge_SSA-MTE	hyp1	News	NaN	0.3056
288	289	pt	vmw	challenge_SSA-MTE	hyp1	News	NaN	0.4300
289	290	pt	vmw	challenge_SSA-MTE	hyp1	News	NaN	0.4278
290	291	pt	vmw	challenge_SSA-MTE	hyp1	News	NaN	0.5168
291	292	pt	vmw	challenge_SSA-MTE	hyp1	News	NaN	0.3618
292	293	pt	vmw	challenge_SSA-MTE	hyp1	News	NaN	0.3363
293	294	pt	vmw	challenge_SSA-MTE	hyp1	News	NaN	0.3860
294	295	pt	vmw	challenge_SSA-MTE	hyp1	News	NaN	0.3049
295	296	pt	vmw	challenge_SSA-MTE	hyp1	News	NaN	0.3557
296	297	pt	vmw	challenge_SSA-MTE	hyp1	News	NaN	0.3488
297	298	pt	vmw	challenge_SSA-MTE	hyp1	News	NaN	0.4245
298	299	pt	vmw	challenge_SSA-MTE	hyp1	News	NaN	0.4015
299	300	pt	vmw	challenge_SSA-MTE	hyp1	News	NaN	0.3482
300	301	pt	vmw	challenge_SSA-MTE	hyp1	News	NaN	0.2985
301	302	pt	vmw	challenge_SSA-MTE	hyp1	News	NaN	0.3590
302	303	pt	vmw	challenge_SSA-MTE	hyp1	News	NaN	0.3077
303	304	pt	vmw	challenge_SSA-MTE	hyp1	News	NaN	0.3534
304	305	pt	vmw	challenge_SSA-MTE	hyp1	News	NaN	0.3331
305	306	pt	vmw	challenge_SSA-MTE	hyp1	News	NaN	0.3824
306	307	pt	vmw	challenge_SSA-MTE	hyp1	News	NaN	0.3953
307	308	pt	vmw	challenge_SSA-MTE	hyp1	News	NaN	0.3798
308	309	pt	vmw	challenge_SSA-MTE	hyp1	News	NaN	0.3467
309	310	pt	vmw	challenge_SSA-MTE	hyp1	News	NaN	0.3596
310	311	pt	vmw	challenge_SSA-MTE	hyp1	News	NaN	0.3396
311	312	pt	vmw	challenge_SSA-MTE	hyp1	News	NaN	0.2976
312	313	pt	vmw	challenge_SSA-MTE	hyp1	News	NaN	0.3115
313	314	pt	vmw	challenge_SSA-MTE	hyp1	News	NaN	0.2947
314	315	pt	vmw	challenge_SSA-MTE	hyp1	News	NaN	0.2765
315	316	pt	vmw	challenge_SSA-MTE	hyp1	News	NaN	0.3400
316	317	pt	vmw	challenge_SSA-MTE	hyp1	News	NaN	0.3138
317	318	pt	vmw	challenge_SSA-MTE	hyp1	News	NaN	0.3466
318	319	pt	vmw	challenge_SSA-MTE	hyp1	News	NaN	0.2902
319	320	pt	vmw	challenge_SSA-MTE	hyp1	News	NaN	0.3002
320	321	pt	vmw	challenge_SSA-MTE	hyp1	News	NaN	0.3031
321	322	pt	vmw	challenge_SSA-MTE	hyp1	News	NaN	0.3081
322	323	pt	vmw	challenge_SSA-MTE	hyp1	News	NaN	0.3426
323	324	pt	vmw	challenge_SSA-MTE	hyp1	News	NaN	0.3829
324	325	pt	vmw	challenge_SSA-MTE	hyp1	News	NaN	0.3676
325	326	pt	vmw	challenge_SSA-MTE	hyp1	News	NaN	0.3340
326	327	pt	vmw	challenge_SSA-MTE	hyp1	News	NaN	0.3668
327	328	pt	vmw	challenge_SSA-MTE	hyp1	News	NaN	0.3550
328	329	pt	vmw	challenge_SSA-MTE	hyp1	News	NaN	0.3375
329	330	pt	vmw	challenge_SSA-MTE	hyp1	News	NaN	0.3664
330	331	pt	vmw	challenge_SSA-MTE	hyp1	News	NaN	0.3551
331	332	pt	vmw	challenge_SSA-MTE	hyp1	News	NaN	0.3761
332	333	pt	vmw	challenge_SSA-MTE	hyp1	News	NaN	0.3592
333	334	pt	vmw	challenge_SSA-MTE	hyp1	News	NaN	0.3573
334	335	pt	vmw	challenge_SSA-MTE	hyp1	News	NaN	0.3588
335	336	pt	vmw	challenge_SSA-MTE	hyp1	News	NaN	0.3393
336	337	pt	vmw	challenge_SSA-MTE	hyp1	News	NaN	0.3843
337	338	pt	vmw	challenge_SSA-MTE	hyp1	News	NaN	0.3588
338	339	pt	vmw	challenge_SSA-MTE	hyp1	News	NaN	0.3313
339	340	pt	vmw	challenge_SSA-MTE	hyp1	News	NaN	0.3433
340	341	pt	vmw	challenge_SSA-MTE	hyp1	News	NaN	0.3184
341	342	pt	vmw	challenge_SSA-MTE	hyp1	News	NaN	0.3383
342	343	pt	vmw	challenge_SSA-MTE	hyp1	News	NaN	0.3541
343	344	pt	vmw	challenge_SSA-MTE	hyp1	News	NaN	0.3104
344	345	pt	vmw	challenge_SSA-MTE	hyp1	News	NaN	0.3428
345	346	pt	vmw	challenge_SSA-MTE	hyp1	News	NaN	0.3305
346	347	pt	vmw	challenge_SSA-MTE	hyp1	News	NaN	0.3126
347	348	pt	vmw	challenge_SSA-MTE	hyp1	News	NaN	0.3514
348	349	pt	vmw	challenge_SSA-MTE	hyp1	News	NaN	0.3955
349	350	pt	vmw	challenge_SSA-MTE	hyp1	News	NaN	0.3173
350	351	pt	vmw	challenge_SSA-MTE	hyp1	News	NaN	0.3462
351	352	pt	vmw	challenge_SSA-MTE	hyp1	News	NaN	0.3350
352	353	pt	vmw	challenge_SSA-MTE	hyp1	News	NaN	0.3255
353	354	pt	vmw	challenge_SSA-MTE	hyp1	News	NaN	0.2922
354	355	pt	vmw	challenge_SSA-MTE	hyp1	News	NaN	0.2961
355	356	pt	vmw	challenge_SSA-MTE	hyp1	News	NaN	0.3304
356	357	pt	vmw	challenge_SSA-MTE	hyp1	News	NaN	0.3243
357	358	pt	vmw	challenge_SSA-MTE	hyp1	News	NaN	0.3377
358	359	pt	vmw	challenge_SSA-MTE	hyp1	News	NaN	0.3284
359	360	pt	vmw	challenge_SSA-MTE	hyp1	News	NaN	0.3044
360	361	pt	vmw	challenge_SSA-MTE	hyp1	News	NaN	0.3533
361	362	pt	vmw	challenge_SSA-MTE	hyp1	News	NaN	0.3247
362	363	pt	vmw	challenge_SSA-MTE	hyp1	News	NaN	0.3764
363	364	pt	vmw	challenge_SSA-MTE	hyp1	News	NaN	0.3764
364	365	pt	vmw	challenge_SSA-MTE	hyp1	News	NaN	0.3246
365	366	pt	vmw	challenge_SSA-MTE	hyp1	News	NaN	0.3889
366	367	pt	vmw	challenge_SSA-MTE	hyp1	News	NaN	0.2896
367	368	pt	vmw	challenge_SSA-MTE	hyp1	News	NaN	0.3599
368	369	pt	vmw	challenge_SSA-MTE	hyp1	News	NaN	0.3256
369	370	pt	vmw	challenge_SSA-MTE	hyp1	News	NaN	0.3227
370	371	pt	vmw	challenge_SSA-MTE	hyp1	News	NaN	0.3682
371	372	pt	vmw	challenge_SSA-MTE	hyp1	News	NaN	0.3286
372	373	pt	vmw	challenge_SSA-MTE	hyp1	News	NaN	0.3788
373	374	pt	vmw	challenge_SSA-MTE	hyp1	News	NaN	0.3366
374	375	pt	vmw	challenge_SSA-MTE	hyp1	News	NaN	0.3578
375	376	pt	vmw	challenge_SSA-MTE	hyp1	News	NaN	0.3602
376	377	pt	vmw	challenge_SSA-MTE	hyp1	News	NaN	0.3671
377	378	pt	vmw	challenge_SSA-MTE	hyp1	News	NaN	0.3157
378	379	pt	vmw	challenge_SSA-MTE	hyp1	News	NaN	0.3381
379	380	pt	vmw	challenge_SSA-MTE	hyp1	News	NaN	0.3842
380	381	pt	vmw	challenge_SSA-MTE	hyp1	News	NaN	0.3505
381	382	pt	vmw	challenge_SSA-MTE	hyp1	News	NaN	0.3371
382	383	pt	vmw	challenge_SSA-MTE	hyp1	News	NaN	0.3519
383	384	pt	vmw	challenge_SSA-MTE	hyp1	News	NaN	0.3601
384	385	pt	vmw	challenge_SSA-MTE	hyp1	News	NaN	0.3518
385	386	pt	vmw	challenge_SSA-MTE	hyp1	News	NaN	0.3644
386	387	pt	vmw	challenge_SSA-MTE	hyp1	News	NaN	0.3226
387	388	pt	vmw	challenge_SSA-MTE	hyp1	News	NaN	0.2850
388	389	pt	vmw	challenge_SSA-MTE	hyp1	News	NaN	0.3641
389	390	pt	vmw	challenge_SSA-MTE	hyp1	News	NaN	0.3580
390	391	pt	vmw	challenge_SSA-MTE	hyp1	News	NaN	0.3291
391	392	pt	vmw	challenge_SSA-MTE	hyp1	News	NaN	0.3769
392	393	pt	vmw	challenge_SSA-MTE	hyp1	News	NaN	0.3255
393	394	pt	vmw	challenge_SSA-MTE	hyp1	News	NaN	0.3020
394	395	pt	vmw	challenge_SSA-MTE	hyp1	News	NaN	0.3265
395	396	pt	vmw	challenge_SSA-MTE	hyp1	News	NaN	0.3272
396	397	pt	vmw	challenge_SSA-MTE	hyp1	News	NaN	0.3381
397	398	pt	vmw	challenge_SSA-MTE	hyp1	News	NaN	0.3010
398	399	pt	vmw	challenge_SSA-MTE	hyp1	News	NaN	0.3164
399	400	pt	vmw	challenge_SSA-MTE	hyp1	News	NaN	0.3610
400	401	pt	vmw	challenge_SSA-MTE	hyp1	News	NaN	0.3859
401	402	pt	vmw	challenge_SSA-MTE	hyp1	News	NaN	0.3446
402	403	pt	vmw	challenge_SSA-MTE	hyp1	News	NaN	0.3158
403	404	pt	vmw	challenge_SSA-MTE	hyp1	News	NaN	0.3028
404	405	pt	vmw	challenge_SSA-MTE	hyp1	News	NaN	0.3158
405	406	pt	vmw	challenge_SSA-MTE	hyp1	News	NaN	0.4113
406	407	pt	vmw	challenge_SSA-MTE	hyp1	News	NaN	0.3701
407	408	pt	vmw	challenge_SSA-MTE	hyp1	News	NaN	0.3448
408	409	pt	vmw	challenge_SSA-MTE	hyp1	News	NaN	0.3754
409	410	pt	vmw	challenge_SSA-MTE	hyp1	News	NaN	0.3303
410	411	pt	vmw	challenge_SSA-MTE	hyp1	News	NaN	0.3937
411	412	pt	vmw	challenge_SSA-MTE	hyp1	News	NaN	0.3451
412	413	pt	vmw	challenge_SSA-MTE	hyp1	News	NaN	0.3494
413	414	pt	vmw	challenge_SSA-MTE	hyp1	News	NaN	0.3739
414	415	pt	vmw	challenge_SSA-MTE	hyp1	News	NaN	0.3023
415	416	pt	vmw	challenge_SSA-MTE	hyp1	News	NaN	0.3214
416	417	pt	vmw	challenge_SSA-MTE	hyp1	News	NaN	0.3060
417	418	pt	vmw	challenge_SSA-MTE	hyp1	News	NaN	0.3961
418	419	pt	vmw	challenge_SSA-MTE	hyp1	News	NaN	0.3603
419	420	pt	vmw	challenge_SSA-MTE	hyp1	News	NaN	0.3736
420	421	pt	vmw	challenge_SSA-MTE	hyp1	News	NaN	0.3223
421	422	pt	vmw	challenge_SSA-MTE	hyp1	News	NaN	0.3576
422	423	pt	vmw	challenge_SSA-MTE	hyp1	News	NaN	0.3833
423	424	pt	vmw	challenge_SSA-MTE	hyp1	News	NaN	0.4086
424	425	pt	vmw	challenge_SSA-MTE	hyp1	News	NaN	0.4335
425	426	pt	vmw	challenge_SSA-MTE	hyp1	News	NaN	0.3934
426	427	pt	vmw	challenge_SSA-MTE	hyp1	News	NaN	0.3349
427	428	pt	vmw	challenge_SSA-MTE	hyp1	News	NaN	0.3406
428	429	pt	vmw	challenge_SSA-MTE	hyp1	News	NaN	0.3146
429	430	pt	vmw	challenge_SSA-MTE	hyp1	News	NaN	0.2986
430	431	pt	vmw	challenge_SSA-MTE	hyp1	News	NaN	0.3617
431	432	pt	vmw	challenge_SSA-MTE	hyp1	News	NaN	0.3547
432	433	pt	vmw	challenge_SSA-MTE	hyp1	News	NaN	0.3558
433	434	pt	vmw	challenge_SSA-MTE	hyp1	News	NaN	0.3476
434	435	pt	vmw	challenge_SSA-MTE	hyp1	News	NaN	0.3305
435	436	pt	vmw	challenge_SSA-MTE	hyp1	News	NaN	0.3189
436	437	pt	vmw	challenge_SSA-MTE	hyp1	News	NaN	0.3615
437	438	pt	vmw	challenge_SSA-MTE	hyp1	News	NaN	0.3347
438	439	pt	vmw	challenge_SSA-MTE	hyp1	News	NaN	0.2857
439	440	pt	vmw	challenge_SSA-MTE	hyp1	News	NaN	0.3538
440	441	pt	vmw	challenge_SSA-MTE	hyp1	News	NaN	0.3472
441	442	pt	vmw	challenge_SSA-MTE	hyp1	News	NaN	0.3804
442	443	pt	vmw	challenge_SSA-MTE	hyp1	News	NaN	0.2875
443	444	pt	vmw	challenge_SSA-MTE	hyp1	News	NaN	0.2850
444	445	pt	vmw	challenge_SSA-MTE	hyp1	News	NaN	0.2644
445	446	pt	vmw	challenge_SSA-MTE	hyp1	News	NaN	0.3494
446	447	pt	vmw	challenge_SSA-MTE	hyp1	News	NaN	0.3658
447	448	pt	vmw	challenge_SSA-MTE	hyp1	News	NaN	0.3521
448	449	pt	vmw	challenge_SSA-MTE	hyp1	News	NaN	0.3624
449	450	pt	vmw	challenge_SSA-MTE	hyp1	News	NaN	0.3495
450	451	pt	vmw	challenge_SSA-MTE	hyp1	News	NaN	0.3502
451	452	pt	vmw	challenge_SSA-MTE	hyp1	News	NaN	0.3628
452	453	pt	vmw	challenge_SSA-MTE	hyp1	News	NaN	0.3459
453	454	pt	vmw	challenge_SSA-MTE	hyp1	News	NaN	0.3888
454	455	pt	vmw	challenge_SSA-MTE	hyp1	News	NaN	0.4086
455	456	pt	vmw	challenge_SSA-MTE	hyp1	News	NaN	0.4093
456	457	pt	vmw	challenge_SSA-MTE	hyp1	News	NaN	0.4346
457	458	pt	vmw	challenge_SSA-MTE	hyp1	News	NaN	0.2983
458	459	pt	vmw	challenge_SSA-MTE	hyp1	News	NaN	0.2614
459	460	pt	vmw	challenge_SSA-MTE	hyp1	News	NaN	0.3505
460	461	pt	vmw	challenge_SSA-MTE	hyp1	News	NaN	0.3148
461	462	pt	vmw	challenge_SSA-MTE	hyp1	News	NaN	0.2944
462	463	pt	vmw	challenge_SSA-MTE	hyp1	News	NaN	0.3248
463	464	pt	vmw	challenge_SSA-MTE	hyp1	News	NaN	0.3269
464	465	pt	vmw	challenge_SSA-MTE	hyp1	News	NaN	0.3948
465	466	pt	vmw	challenge_SSA-MTE	hyp1	News	NaN	0.3321
466	467	pt	vmw	challenge_SSA-MTE	hyp1	News	NaN	0.4077
467	468	pt	vmw	challenge_SSA-MTE	hyp1	News	NaN	0.2905
468	469	pt	vmw	challenge_SSA-MTE	hyp1	News	NaN	0.3089
469	470	pt	vmw	challenge_SSA-MTE	hyp1	News	NaN	0.3586
470	471	pt	vmw	challenge_SSA-MTE	hyp1	News	NaN	0.2950
471	472	pt	vmw	challenge_SSA-MTE	hyp1	News	NaN	0.3466
472	473	pt	vmw	challenge_SSA-MTE	hyp1	News	NaN	0.3784
473	474	pt	vmw	challenge_SSA-MTE	hyp1	News	NaN	0.3832
474	475	pt	vmw	challenge_SSA-MTE	hyp1	News	NaN	0.4295
475	476	pt	vmw	challenge_SSA-MTE	hyp1	News	NaN	0.3868
476	477	pt	vmw	challenge_SSA-MTE	hyp1	News	NaN	0.3612
477	478	pt	vmw	challenge_SSA-MTE	hyp1	News	NaN	0.4198
478	479	pt	vmw	challenge_SSA-MTE	hyp1	News	NaN	0.3684
479	480	pt	vmw	challenge_SSA-MTE	hyp1	News	NaN	0.4138
480	481	pt	vmw	challenge_SSA-MTE	hyp1	News	NaN	0.3324
481	482	pt	vmw	challenge_SSA-MTE	hyp1	News	NaN	0.3205
482	483	pt	vmw	challenge_SSA-MTE	hyp1	News	NaN	0.3674
483	484	pt	vmw	challenge_SSA-MTE	hyp1	News	NaN	0.3655
484	485	pt	vmw	challenge_SSA-MTE	hyp1	News	NaN	0.3199
485	486	pt	vmw	challenge_SSA-MTE	hyp1	News	NaN	0.3574
486	487	pt	vmw	challenge_SSA-MTE	hyp1	News	NaN	0.3215
487	488	pt	vmw	challenge_SSA-MTE	hyp1	News	NaN	0.3592
488	489	pt	vmw	challenge_SSA-MTE	hyp1	News	NaN	0.4100
489	490	pt	vmw	challenge_SSA-MTE	hyp1	News	NaN	0.3883
490	491	pt	vmw	challenge_SSA-MTE	hyp1	News	NaN	0.3592
491	492	pt	vmw	challenge_SSA-MTE	hyp1	News	NaN	0.3735
492	493	pt	vmw	challenge_SSA-MTE	hyp1	News	NaN	0.3256
493	494	pt	vmw	challenge_SSA-MTE	hyp1	News	NaN	0.3244
494	495	pt	vmw	challenge_SSA-MTE	hyp1	News	NaN	0.3197
495	496	pt	vmw	challenge_SSA-MTE	hyp1	News	NaN	0.3521
496	497	pt	vmw	challenge_SSA-MTE	hyp1	News	NaN	0.2970
497	498	pt	vmw	challenge_SSA-MTE	hyp1	News	NaN	0.3276
498	499	pt	vmw	challenge_SSA-MTE	hyp1	News	NaN	0.2961
499	500	pt	vmw	challenge_SSA-MTE	hyp1	News	NaN	0.3070
500	501	pt	vmw	challenge_SSA-MTE	hyp1	News	NaN	0.3116
501	502	pt	vmw	challenge_SSA-MTE	hyp1	News	NaN	0.2786
502	503	pt	vmw	challenge_SSA-MTE	hyp1	News	NaN	0.3082
503	504	pt	vmw	challenge_SSA-MTE	hyp1	News	NaN	0.3896
504	505	pt	vmw	challenge_SSA-MTE	hyp1	News	NaN	0.3386
505	506	pt	vmw	challenge_SSA-MTE	hyp1	News	NaN	0.3220
506	507	pt	vmw	challenge_SSA-MTE	hyp1	News	NaN	0.3452
507	508	pt	vmw	challenge_SSA-MTE	hyp1	News	NaN	0.3670
508	509	pt	vmw	challenge_SSA-MTE	hyp1	News	NaN	0.3763
509	510	pt	vmw	challenge_SSA-MTE	hyp1	News	NaN	0.4120
510	511	pt	vmw	challenge_SSA-MTE	hyp1	News	NaN	0.3167
511	512	pt	vmw	challenge_SSA-MTE	hyp1	News	NaN	0.3675
512	513	pt	vmw	challenge_SSA-MTE	hyp1	News	NaN	0.3807
513	514	pt	vmw	challenge_SSA-MTE	hyp1	News	NaN	0.3059
514	515	pt	vmw	challenge_SSA-MTE	hyp1	News	NaN	0.3094
515	516	pt	vmw	challenge_SSA-MTE	hyp1	News	NaN	0.4018
516	517	pt	vmw	challenge_SSA-MTE	hyp1	News	NaN	0.3603
517	518	pt	vmw	challenge_SSA-MTE	hyp1	News	NaN	0.4678
518	519	pt	vmw	challenge_SSA-MTE	hyp1	News	NaN	0.4568
519	520	pt	vmw	challenge_SSA-MTE	hyp1	News	NaN	0.4500
520	521	pt	vmw	challenge_SSA-MTE	hyp1	News	NaN	0.3499
521	522	pt	vmw	challenge_SSA-MTE	hyp1	News	NaN	0.2959
522	523	pt	vmw	challenge_SSA-MTE	hyp1	News	NaN	0.3196
523	524	pt	vmw	challenge_SSA-MTE	hyp1	News	NaN	0.3090
524	525	pt	vmw	challenge_SSA-MTE	hyp1	News	NaN	0.3939
525	526	pt	vmw	challenge_SSA-MTE	hyp1	News	NaN	0.3471
526	527	pt	vmw	challenge_SSA-MTE	hyp1	News	NaN	0.3972
527	528	pt	vmw	challenge_SSA-MTE	hyp1	News	NaN	0.3908
528	529	pt	vmw	challenge_SSA-MTE	hyp1	News	NaN	0.3614
529	530	pt	vmw	challenge_SSA-MTE	hyp1	News	NaN	0.3628
530	531	pt	vmw	challenge_SSA-MTE	hyp1	News	NaN	0.4071
531	532	pt	vmw	challenge_SSA-MTE	hyp1	News	NaN	0.3920
532	533	pt	vmw	challenge_SSA-MTE	hyp1	News	NaN	0.4186
533	534	pt	vmw	challenge_SSA-MTE	hyp1	News	NaN	0.4134
534	535	pt	vmw	challenge_SSA-MTE	hyp1	News	NaN	0.2745
535	536	pt	vmw	challenge_SSA-MTE	hyp1	News	NaN	0.3630
536	537	pt	vmw	challenge_SSA-MTE	hyp1	News	NaN	0.3148
537	538	pt	vmw	challenge_SSA-MTE	hyp1	News	NaN	0.3032
538	539	pt	vmw	challenge_SSA-MTE	hyp1	News	NaN	0.2877
539	540	pt	vmw	challenge_SSA-MTE	hyp1	News	NaN	0.3200
540	541	pt	vmw	challenge_SSA-MTE	hyp1	News	NaN	0.3102
541	542	pt	vmw	challenge_SSA-MTE	hyp1	News	NaN	0.3401
542	543	pt	vmw	challenge_SSA-MTE	hyp1	News	NaN	0.3166
543	544	pt	vmw	challenge_SSA-MTE	hyp1	News	NaN	0.3336
544	545	pt	vmw	challenge_SSA-MTE	hyp1	News	NaN	0.4065
545	546	pt	vmw	challenge_SSA-MTE	hyp1	News	NaN	0.2705
546	547	pt	vmw	challenge_SSA-MTE	hyp1	News	NaN	0.3095
547	548	pt	vmw	challenge_SSA-MTE	hyp1	News	NaN	0.3424
548	549	pt	vmw	challenge_SSA-MTE	hyp1	News	NaN	0.3092
549	550	pt	vmw	challenge_SSA-MTE	hyp1	News	NaN	0.3957
550	551	pt	vmw	challenge_SSA-MTE	hyp1	News	NaN	0.3465
551	552	pt	vmw	challenge_SSA-MTE	hyp1	News	NaN	0.3438
552	553	pt	vmw	challenge_SSA-MTE	hyp1	News	NaN	0.3925
553	554	pt	vmw	challenge_SSA-MTE	hyp1	News	NaN	0.3768
554	555	pt	vmw	challenge_SSA-MTE	hyp1	News	NaN	0.3646
555	556	pt	vmw	challenge_SSA-MTE	hyp1	News	NaN	0.3515
556	557	pt	vmw	challenge_SSA-MTE	hyp1	News	NaN	0.2898
557	558	pt	vmw	challenge_SSA-MTE	hyp1	News	NaN	0.3429
558	559	pt	vmw	challenge_SSA-MTE	hyp1	News	NaN	0.4292
559	560	pt	vmw	challenge_SSA-MTE	hyp1	News	NaN	0.3911
560	561	pt	vmw	challenge_SSA-MTE	hyp1	News	NaN	0.4198
561	562	pt	vmw	challenge_SSA-MTE	hyp1	News	NaN	0.2853
562	563	pt	vmw	challenge_SSA-MTE	hyp1	News	NaN	0.3308
563	564	pt	vmw	challenge_SSA-MTE	hyp1	News	NaN	0.3321
564	565	pt	vmw	challenge_SSA-MTE	hyp1	News	NaN	0.2808
565	566	pt	vmw	challenge_SSA-MTE	hyp1	News	NaN	0.3538
566	567	pt	vmw	challenge_SSA-MTE	hyp1	News	NaN	0.2903
567	568	pt	vmw	challenge_SSA-MTE	hyp1	News	NaN	0.3553
568	569	pt	vmw	challenge_SSA-MTE	hyp1	News	NaN	0.3801
569	570	pt	vmw	challenge_SSA-MTE	hyp1	News	NaN	0.3830
570	571	pt	vmw	challenge_SSA-MTE	hyp1	News	NaN	0.3350
571	572	pt	vmw	challenge_SSA-MTE	hyp1	News	NaN	0.3804
572	573	pt	vmw	challenge_SSA-MTE	hyp1	News	NaN	0.3545
573	574	pt	vmw	challenge_SSA-MTE	hyp1	News	NaN	0.4391
574	575	pt	vmw	challenge_SSA-MTE	hyp1	News	NaN	0.3839
575	576	pt	vmw	challenge_SSA-MTE	hyp1	News	NaN	0.3195
576	577	pt	vmw	challenge_SSA-MTE	hyp1	News	NaN	0.3916
577	578	pt	vmw	challenge_SSA-MTE	hyp1	News	NaN	0.2996
578	579	pt	vmw	challenge_SSA-MTE	hyp1	News	NaN	0.4065
579	580	pt	vmw	challenge_SSA-MTE	hyp1	News	NaN	0.3463
580	581	pt	vmw	challenge_SSA-MTE	hyp1	News	NaN	0.4030
581	582	pt	vmw	challenge_SSA-MTE	hyp1	News	NaN	0.3206
582	583	pt	vmw	challenge_SSA-MTE	hyp1	News	NaN	0.3150
583	584	pt	vmw	challenge_SSA-MTE	hyp1	News	NaN	0.2900
584	585	pt	vmw	challenge_SSA-MTE	hyp1	News	NaN	0.3230
585	586	pt	vmw	challenge_SSA-MTE	hyp1	News	NaN	0.3423
586	587	pt	vmw	challenge_SSA-MTE	hyp1	News	NaN	0.3428
587	588	pt	vmw	challenge_SSA-MTE	hyp1	News	NaN	0.3053
588	589	pt	vmw	challenge_SSA-MTE	hyp1	News	NaN	0.3706
589	590	pt	vmw	challenge_SSA-MTE	hyp1	News	NaN	0.3085
590	591	pt	vmw	challenge_SSA-MTE	hyp1	News	NaN	0.3335
591	592	pt	vmw	challenge_SSA-MTE	hyp1	News	NaN	0.3594
592	593	pt	vmw	challenge_SSA-MTE	hyp1	News	NaN	0.3307
593	594	pt	vmw	challenge_SSA-MTE	hyp1	News	NaN	0.3720
594	595	pt	vmw	challenge_SSA-MTE	hyp1	News	NaN	0.3584
595	596	pt	vmw	challenge_SSA-MTE	hyp1	News	NaN	0.3928
596	597	pt	vmw	challenge_SSA-MTE	hyp1	News	NaN	0.3482
597	598	pt	vmw	challenge_SSA-MTE	hyp1	News	NaN	0.2732
598	599	pt	vmw	challenge_SSA-MTE	hyp1	News	NaN	0.2798
599	600	pt	vmw	challenge_SSA-MTE	hyp1	News	NaN	0.2837
600	601	pt	vmw	challenge_SSA-MTE	hyp1	News	NaN	0.3039
601	602	pt	vmw	challenge_SSA-MTE	hyp1	News	NaN	0.3250
602	603	pt	vmw	challenge_SSA-MTE	hyp1	News	NaN	0.2862
603	604	pt	vmw	challenge_SSA-MTE	hyp1	News	NaN	0.3255
604	605	pt	vmw	challenge_SSA-MTE	hyp1	News	NaN	0.3341
605	606	pt	vmw	challenge_SSA-MTE	hyp1	News	NaN	0.3360
606	607	pt	vmw	challenge_SSA-MTE	hyp1	News	NaN	0.3522
607	608	pt	vmw	challenge_SSA-MTE	hyp1	News	NaN	0.3421
608	609	pt	vmw	challenge_SSA-MTE	hyp1	News	NaN	0.3647
609	610	pt	vmw	challenge_SSA-MTE	hyp1	News	NaN	0.3062
610	611	pt	vmw	challenge_SSA-MTE	hyp1	News	NaN	0.3160
611	612	pt	vmw	challenge_SSA-MTE	hyp1	News	NaN	0.3311
612	613	pt	vmw	challenge_SSA-MTE	hyp1	News	NaN	0.3434
613	614	pt	vmw	challenge_SSA-MTE	hyp1	News	NaN	0.3348
614	615	pt	vmw	challenge_SSA-MTE	hyp1	News	NaN	0.2998
615	616	pt	vmw	challenge_SSA-MTE	hyp1	News	NaN	0.3216
616	617	pt	vmw	challenge_SSA-MTE	hyp1	News	NaN	0.3952
617	618	pt	vmw	challenge_SSA-MTE	hyp1	News	NaN	0.4094
618	619	pt	vmw	challenge_SSA-MTE	hyp1	News	NaN	0.3302
619	620	pt	vmw	challenge_SSA-MTE	hyp1	News	NaN	0.4034
620	621	pt	vmw	challenge_SSA-MTE	hyp1	News	NaN	0.4385
621	622	pt	vmw	challenge_SSA-MTE	hyp1	News	NaN	0.3696
622	623	pt	vmw	challenge_SSA-MTE	hyp1	News	NaN	0.3860
623	624	pt	vmw	challenge_SSA-MTE	hyp1	News	NaN	0.4061
624	625	pt	vmw	challenge_SSA-MTE	hyp1	News	NaN	0.3836
625	626	pt	vmw	challenge_SSA-MTE	hyp1	News	NaN	0.4023
626	627	pt	vmw	challenge_SSA-MTE	hyp1	News	NaN	0.3850
627	628	pt	vmw	challenge_SSA-MTE	hyp1	News	NaN	0.3416
628	629	pt	vmw	challenge_SSA-MTE	hyp1	News	NaN	0.3555
629	630	pt	vmw	challenge_SSA-MTE	hyp1	News	NaN	0.3609
630	631	pt	vmw	challenge_SSA-MTE	hyp1	News	NaN	0.3178
631	632	pt	vmw	challenge_SSA-MTE	hyp1	News	NaN	0.3770
632	633	pt	vmw	challenge_SSA-MTE	hyp1	News	NaN	0.3659
633	634	pt	vmw	challenge_SSA-MTE	hyp1	News	NaN	0.3854
634	635	pt	vmw	challenge_SSA-MTE	hyp1	News	NaN	0.3617
635	636	pt	vmw	challenge_SSA-MTE	hyp1	News	NaN	0.3445
636	637	pt	vmw	challenge_SSA-MTE	hyp1	News	NaN	0.3624
637	638	pt	vmw	challenge_SSA-MTE	hyp1	News	NaN	0.3202
638	639	pt	vmw	challenge_SSA-MTE	hyp1	News	NaN	0.3371
639	640	pt	vmw	challenge_SSA-MTE	hyp1	News	NaN	0.3578
640	641	pt	vmw	challenge_SSA-MTE	hyp1	News	NaN	0.3594
641	642	pt	vmw	challenge_SSA-MTE	hyp1	News	NaN	0.3410
642	643	pt	vmw	challenge_SSA-MTE	hyp1	News	NaN	0.3088
643	644	pt	vmw	challenge_SSA-MTE	hyp1	News	NaN	0.3144
644	645	pt	vmw	challenge_SSA-MTE	hyp1	News	NaN	0.3427
645	646	pt	vmw	challenge_SSA-MTE	hyp1	News	NaN	0.2905
646	647	pt	vmw	challenge_SSA-MTE	hyp1	News	NaN	0.3189
647	648	pt	vmw	challenge_SSA-MTE	hyp1	News	NaN	0.3309
648	649	pt	vmw	challenge_SSA-MTE	hyp1	News	NaN	0.3130
649	650	pt	vmw	challenge_SSA-MTE	hyp1	News	NaN	0.3339
650	651	pt	vmw	challenge_SSA-MTE	hyp1	News	NaN	0.3680
651	652	pt	vmw	challenge_SSA-MTE	hyp1	News	NaN	0.3376
652	653	pt	vmw	challenge_SSA-MTE	hyp1	News	NaN	0.4115
653	654	pt	vmw	challenge_SSA-MTE	hyp1	News	NaN	0.3678
654	655	pt	vmw	challenge_SSA-MTE	hyp1	News	NaN	0.3197
655	656	pt	vmw	challenge_SSA-MTE	hyp1	News	NaN	0.3266
656	657	pt	vmw	challenge_SSA-MTE	hyp1	News	NaN	0.3168
657	658	pt	vmw	challenge_SSA-MTE	hyp1	News	NaN	0.3368
658	659	pt	vmw	challenge_SSA-MTE	hyp1	News	NaN	0.3630
659	660	pt	vmw	challenge_SSA-MTE	hyp1	News	NaN	0.3591
660	661	pt	vmw	challenge_SSA-MTE	hyp1	News	NaN	0.3458
661	662	pt	vmw	challenge_SSA-MTE	hyp1	News	NaN	0.3731
662	663	pt	vmw	challenge_SSA-MTE	hyp1	News	NaN	0.3572
663	664	pt	vmw	challenge_SSA-MTE	hyp1	News	NaN	0.3317
664	665	pt	vmw	challenge_SSA-MTE	hyp1	News	NaN	0.3605
665	666	pt	vmw	challenge_SSA-MTE	hyp1	News	NaN	0.3771
666	667	pt	vmw	challenge_SSA-MTE	hyp1	News	NaN	0.3073
667	668	pt	vmw	challenge_SSA-MTE	hyp1	News	NaN	0.3419
668	669	pt	vmw	challenge_SSA-MTE	hyp1	News	NaN	0.3407
669	670	pt	vmw	challenge_SSA-MTE	hyp1	News	NaN	0.3279
670	671	pt	vmw	challenge_SSA-MTE	hyp1	News	NaN	0.3949
671	672	pt	vmw	challenge_SSA-MTE	hyp1	News	NaN	0.3865
672	673	pt	vmw	challenge_SSA-MTE	hyp1	News	NaN	0.3600
673	674	pt	vmw	challenge_SSA-MTE	hyp1	News	NaN	0.3118
674	675	pt	vmw	challenge_SSA-MTE	hyp1	News	NaN	0.3671
675	676	pt	vmw	challenge_SSA-MTE	hyp1	News	NaN	0.3637
676	677	pt	vmw	challenge_SSA-MTE	hyp1	News	NaN	0.4066
677	678	pt	vmw	challenge_SSA-MTE	hyp1	News	NaN	0.3814
678	679	pt	vmw	challenge_SSA-MTE	hyp1	News	NaN	0.3226
679	680	pt	vmw	challenge_SSA-MTE	hyp1	News	NaN	0.2976
680	681	pt	vmw	challenge_SSA-MTE	hyp1	News	NaN	0.2955
681	682	pt	vmw	challenge_SSA-MTE	hyp1	News	NaN	0.2867
682	683	pt	vmw	challenge_SSA-MTE	hyp1	News	NaN	0.3965
683	684	pt	vmw	challenge_SSA-MTE	hyp1	News	NaN	0.4306
684	685	pt	vmw	challenge_SSA-MTE	hyp1	News	NaN	0.4604
685	686	pt	vmw	challenge_SSA-MTE	hyp1	News	NaN	0.4139
686	687	pt	vmw	challenge_SSA-MTE	hyp1	News	NaN	0.3180
687	688	pt	vmw	challenge_SSA-MTE	hyp1	News	NaN	0.2711
688	689	pt	vmw	challenge_SSA-MTE	hyp1	News	NaN	0.2742
689	690	pt	vmw	challenge_SSA-MTE	hyp1	News	NaN	0.3713
690	691	pt	vmw	challenge_SSA-MTE	hyp1	News	NaN	0.3943
691	692	pt	vmw	challenge_SSA-MTE	hyp1	News	NaN	0.3389
692	693	pt	vmw	challenge_SSA-MTE	hyp1	News	NaN	0.2960
693	694	pt	vmw	challenge_SSA-MTE	hyp1	News	NaN	0.3222
694	695	pt	vmw	challenge_SSA-MTE	hyp1	News	NaN	0.3365
695	696	pt	vmw	challenge_SSA-MTE	hyp1	News	NaN	0.3653
696	697	pt	vmw	challenge_SSA-MTE	hyp1	News	NaN	0.3857
697	698	pt	vmw	challenge_SSA-MTE	hyp1	News	NaN	0.4554
698	699	pt	vmw	challenge_SSA-MTE	hyp1	News	NaN	0.3823
699	700	pt	vmw	challenge_SSA-MTE	hyp1	News	NaN	0.3390
700	701	pt	vmw	challenge_SSA-MTE	hyp1	News	NaN	0.3405
701	702	pt	vmw	challenge_SSA-MTE	hyp1	News	NaN	0.4376
702	703	pt	vmw	challenge_SSA-MTE	hyp1	News	NaN	0.3613
703	704	pt	vmw	challenge_SSA-MTE	hyp1	News	NaN	0.4158
704	705	pt	vmw	challenge_SSA-MTE	hyp1	News	NaN	0.3350
705	706	pt	vmw	challenge_SSA-MTE	hyp1	News	NaN	0.3693
706	707	pt	vmw	challenge_SSA-MTE	hyp1	News	NaN	0.3466
707	708	pt	vmw	challenge_SSA-MTE	hyp1	News	NaN	0.3363
708	709	pt	vmw	challenge_SSA-MTE	hyp1	News	NaN	0.3079
709	710	pt	vmw	challenge_SSA-MTE	hyp1	News	NaN	0.3418
710	711	pt	vmw	challenge_SSA-MTE	hyp1	News	NaN	0.2916
711	712	pt	vmw	challenge_SSA-MTE	hyp1	News	NaN	0.3157
712	713	pt	vmw	challenge_SSA-MTE	hyp1	News	NaN	0.3120
713	714	pt	vmw	challenge_SSA-MTE	hyp1	News	NaN	0.3203
714	715	pt	vmw	challenge_SSA-MTE	hyp1	News	NaN	0.3412
715	716	pt	vmw	challenge_SSA-MTE	hyp1	News	NaN	0.4177
716	717	pt	vmw	challenge_SSA-MTE	hyp1	News	NaN	0.2815
717	718	pt	vmw	challenge_SSA-MTE	hyp1	News	NaN	0.3715
718	719	pt	vmw	challenge_SSA-MTE	hyp1	News	NaN	0.3103
719	720	pt	vmw	challenge_SSA-MTE	hyp1	News	NaN	0.3478
720	721	pt	vmw	challenge_SSA-MTE	hyp1	News	NaN	0.3404
721	722	pt	vmw	challenge_SSA-MTE	hyp1	News	NaN	0.2850
722	723	pt	vmw	challenge_SSA-MTE	hyp1	News	NaN	0.3372
723	724	pt	vmw	challenge_SSA-MTE	hyp1	News	NaN	0.3427
724	725	pt	vmw	challenge_SSA-MTE	hyp1	News	NaN	0.2856
725	726	pt	vmw	challenge_SSA-MTE	hyp1	News	NaN	0.2728
726	727	pt	vmw	challenge_SSA-MTE	hyp1	News	NaN	0.3484
727	728	pt	vmw	challenge_SSA-MTE	hyp1	News	NaN	0.3891
728	729	pt	vmw	challenge_SSA-MTE	hyp1	News	NaN	0.3167
729	730	pt	vmw	challenge_SSA-MTE	hyp1	News	NaN	0.3426
730	731	pt	vmw	challenge_SSA-MTE	hyp1	News	NaN	0.3555
731	732	pt	vmw	challenge_SSA-MTE	hyp1	News	NaN	0.3773
732	733	pt	vmw	challenge_SSA-MTE	hyp1	News	NaN	0.3525
733	734	pt	vmw	challenge_SSA-MTE	hyp1	News	NaN	0.3949
734	735	pt	vmw	challenge_SSA-MTE	hyp1	News	NaN	0.3906
735	736	pt	vmw	challenge_SSA-MTE	hyp1	News	NaN	0.3663
736	737	pt	vmw	challenge_SSA-MTE	hyp1	News	NaN	0.4109
737	738	pt	vmw	challenge_SSA-MTE	hyp1	News	NaN	0.3177
738	739	pt	vmw	challenge_SSA-MTE	hyp1	News	NaN	0.4005
739	740	pt	vmw	challenge_SSA-MTE	hyp1	News	NaN	0.4248
740	741	pt	vmw	challenge_SSA-MTE	hyp1	News	NaN	0.4180
741	742	pt	vmw	challenge_SSA-MTE	hyp1	News	NaN	0.3736
742	743	pt	vmw	challenge_SSA-MTE	hyp1	News	NaN	0.3571
743	744	pt	vmw	challenge_SSA-MTE	hyp1	News	NaN	0.3743
744	745	pt	vmw	challenge_SSA-MTE	hyp1	News	NaN	0.3604
745	746	pt	vmw	challenge_SSA-MTE	hyp1	News	NaN	0.3161
746	747	pt	vmw	challenge_SSA-MTE	hyp1	News	NaN	0.2880
747	748	pt	vmw	challenge_SSA-MTE	hyp1	News	NaN	0.2978
748	749	pt	vmw	challenge_SSA-MTE	hyp1	News	NaN	0.3134
749	750	pt	vmw	challenge_SSA-MTE	hyp1	News	NaN	0.3336
750	751	pt	vmw	challenge_SSA-MTE	hyp1	News	NaN	0.3592
751	752	pt	vmw	challenge_SSA-MTE	hyp1	News	NaN	0.3724
752	753	pt	vmw	challenge_SSA-MTE	hyp1	News	NaN	0.4152
753	754	pt	vmw	challenge_SSA-MTE	hyp1	News	NaN	0.4153
754	755	pt	vmw	challenge_SSA-MTE	hyp1	News	NaN	0.4005
755	756	pt	vmw	challenge_SSA-MTE	hyp1	News	NaN	0.4000
756	757	pt	vmw	challenge_SSA-MTE	hyp1	News	NaN	0.3528
757	758	pt	vmw	challenge_SSA-MTE	hyp1	News	NaN	0.3786
758	759	pt	vmw	challenge_SSA-MTE	hyp1	News	NaN	0.3700
759	760	pt	vmw	challenge_SSA-MTE	hyp1	News	NaN	0.3920
760	761	pt	vmw	challenge_SSA-MTE	hyp1	News	NaN	0.3169
761	762	pt	vmw	challenge_SSA-MTE	hyp1	News	NaN	0.3149
762	763	pt	vmw	challenge_SSA-MTE	hyp1	News	NaN	0.2949
763	764	pt	vmw	challenge_SSA-MTE	hyp1	News	NaN	0.3436
764	765	pt	vmw	challenge_SSA-MTE	hyp1	News	NaN	0.3138
765	766	pt	vmw	challenge_SSA-MTE	hyp1	News	NaN	0.3098
766	767	pt	vmw	challenge_SSA-MTE	hyp1	News	NaN	0.3801
767	768	pt	vmw	challenge_SSA-MTE	hyp1	News	NaN	0.4242
768	769	pt	vmw	challenge_SSA-MTE	hyp1	News	NaN	0.3998
769	770	pt	vmw	challenge_SSA-MTE	hyp1	News	NaN	0.3953
770	771	pt	vmw	challenge_SSA-MTE	hyp1	News	NaN	0.2975
771	772	pt	vmw	challenge_SSA-MTE	hyp1	News	NaN	0.2799
772	773	pt	vmw	challenge_SSA-MTE	hyp1	News	NaN	0.3525
773	774	pt	vmw	challenge_SSA-MTE	hyp1	News	NaN	0.3173
774	775	pt	vmw	challenge_SSA-MTE	hyp1	News	NaN	0.3356
775	776	pt	vmw	challenge_SSA-MTE	hyp1	News	NaN	0.3015
776	777	pt	vmw	challenge_SSA-MTE	hyp1	News	NaN	0.2930
777	778	pt	vmw	challenge_SSA-MTE	hyp1	News	NaN	0.2998
778	779	pt	vmw	challenge_SSA-MTE	hyp1	News	NaN	0.4118
779	780	pt	vmw	challenge_SSA-MTE	hyp1	News	NaN	0.3241
780	781	pt	vmw	challenge_SSA-MTE	hyp1	News	NaN	0.3669
781	782	pt	vmw	challenge_SSA-MTE	hyp1	News	NaN	0.2913
782	783	pt	vmw	challenge_SSA-MTE	hyp1	News	NaN	0.3541
783	784	pt	vmw	challenge_SSA-MTE	hyp1	News	NaN	0.3124
784	785	pt	vmw	challenge_SSA-MTE	hyp1	News	NaN	0.3427
785	786	pt	vmw	challenge_SSA-MTE	hyp1	News	NaN	0.3037
786	787	pt	vmw	challenge_SSA-MTE	hyp1	News	NaN	0.3421
787	788	pt	vmw	challenge_SSA-MTE	hyp1	News	NaN	0.3925
788	789	pt	vmw	challenge_SSA-MTE	hyp1	News	NaN	0.3790
789	790	pt	vmw	challenge_SSA-MTE	hyp1	News	NaN	0.3704
790	791	pt	vmw	challenge_SSA-MTE	hyp1	News	NaN	0.4018
791	792	pt	vmw	challenge_SSA-MTE	hyp1	News	NaN	0.3858
792	793	pt	vmw	challenge_SSA-MTE	hyp1	News	NaN	0.3498
793	794	pt	vmw	challenge_SSA-MTE	hyp1	News	NaN	0.3071
794	795	pt	vmw	challenge_SSA-MTE	hyp1	News	NaN	0.3380
795	796	pt	vmw	challenge_SSA-MTE	hyp1	News	NaN	0.3289
796	797	pt	vmw	challenge_SSA-MTE	hyp1	News	NaN	0.3590
797	798	pt	vmw	challenge_SSA-MTE	hyp1	News	NaN	0.4315
798	799	pt	vmw	challenge_SSA-MTE	hyp1	News	NaN	0.3317
799	800	pt	vmw	challenge_SSA-MTE	hyp1	News	NaN	0.3826
800	801	pt	vmw	challenge_SSA-MTE	hyp1	News	NaN	0.3593
801	802	pt	vmw	challenge_SSA-MTE	hyp1	News	NaN	0.3384
802	803	pt	vmw	challenge_SSA-MTE	hyp1	News	NaN	0.3264
803	804	pt	vmw	challenge_SSA-MTE	hyp1	News	NaN	0.3307
804	805	pt	vmw	challenge_SSA-MTE	hyp1	News	NaN	0.2546
805	806	pt	vmw	challenge_SSA-MTE	hyp1	News	NaN	0.3165
806	807	pt	vmw	challenge_SSA-MTE	hyp1	News	NaN	0.3549
807	808	pt	vmw	challenge_SSA-MTE	hyp1	News	NaN	0.3270
808	809	pt	vmw	challenge_SSA-MTE	hyp1	News	NaN	0.3369
809	810	pt	vmw	challenge_SSA-MTE	hyp1	News	NaN	0.3449
810	811	pt	vmw	challenge_SSA-MTE	hyp1	News	NaN	0.3330
811	812	pt	vmw	challenge_SSA-MTE	hyp1	News	NaN	0.3073
812	813	pt	vmw	challenge_SSA-MTE	hyp1	News	NaN	0.2905
813	814	pt	vmw	challenge_SSA-MTE	hyp1	News	NaN	0.3580
814	815	pt	vmw	challenge_SSA-MTE	hyp1	News	NaN	0.3627
815	816	pt	vmw	challenge_SSA-MTE	hyp1	News	NaN	0.3370
816	817	pt	vmw	challenge_SSA-MTE	hyp1	News	NaN	0.2240
817	818	pt	vmw	challenge_SSA-MTE	hyp1	News	NaN	0.3447
818	819	pt	vmw	challenge_SSA-MTE	hyp1	News	NaN	0.3185
819	820	pt	vmw	challenge_SSA-MTE	hyp1	News	NaN	0.3189
820	821	pt	vmw	challenge_SSA-MTE	hyp1	News	NaN	0.3519
821	822	pt	vmw	challenge_SSA-MTE	hyp1	News	NaN	0.3779
822	823	pt	vmw	challenge_SSA-MTE	hyp1	News	NaN	0.3919
823	824	pt	vmw	challenge_SSA-MTE	hyp1	News	NaN	0.3752
824	825	pt	vmw	challenge_SSA-MTE	hyp1	News	NaN	0.3630
825	826	pt	vmw	challenge_SSA-MTE	hyp1	News	NaN	0.3310
826	827	pt	vmw	challenge_SSA-MTE	hyp1	News	NaN	0.3268
827	828	pt	vmw	challenge_SSA-MTE	hyp1	News	NaN	0.3289
828	829	pt	vmw	challenge_SSA-MTE	hyp1	News	NaN	0.3285
829	830	pt	vmw	challenge_SSA-MTE	hyp1	News	NaN	0.3596
830	831	pt	vmw	challenge_SSA-MTE	hyp1	News	NaN	0.3396
831	832	pt	vmw	challenge_SSA-MTE	hyp1	News	NaN	0.3987
832	833	pt	vmw	challenge_SSA-MTE	hyp1	News	NaN	0.3426
833	834	pt	vmw	challenge_SSA-MTE	hyp1	News	NaN	0.3124
834	835	pt	vmw	challenge_SSA-MTE	hyp1	News	NaN	0.3032
835	836	pt	vmw	challenge_SSA-MTE	hyp1	News	NaN	0.3241
836	837	pt	vmw	challenge_SSA-MTE	hyp1	News	NaN	0.3418
837	838	pt	vmw	challenge_SSA-MTE	hyp1	News	NaN	0.3197
838	839	pt	vmw	challenge_SSA-MTE	hyp1	News	NaN	0.3036
839	840	pt	vmw	challenge_SSA-MTE	hyp1	News	NaN	0.3209
840	841	pt	vmw	challenge_SSA-MTE	hyp1	News	NaN	0.3335
841	842	pt	vmw	challenge_SSA-MTE	hyp1	News	NaN	0.3995
842	843	pt	vmw	challenge_SSA-MTE	hyp1	News	NaN	0.3829
843	844	pt	vmw	challenge_SSA-MTE	hyp1	News	NaN	0.3696
844	845	pt	vmw	challenge_SSA-MTE	hyp1	News	NaN	0.3756
845	846	pt	vmw	challenge_SSA-MTE	hyp1	News	NaN	0.2972
846	847	pt	vmw	challenge_SSA-MTE	hyp1	News	NaN	0.3620
847	848	pt	vmw	challenge_SSA-MTE	hyp1	News	NaN	0.3278
848	849	pt	vmw	challenge_SSA-MTE	hyp1	News	NaN	0.3974
849	850	pt	vmw	challenge_SSA-MTE	hyp1	News	NaN	0.3187
850	851	pt	vmw	challenge_SSA-MTE	hyp1	News	NaN	0.3459
851	852	pt	vmw	challenge_SSA-MTE	hyp1	News	NaN	0.3406
852	853	pt	vmw	challenge_SSA-MTE	hyp1	News	NaN	0.3533
853	854	pt	vmw	challenge_SSA-MTE	hyp1	News	NaN	0.3893
854	855	pt	vmw	challenge_SSA-MTE	hyp1	News	NaN	0.4008
855	856	pt	vmw	challenge_SSA-MTE	hyp1	News	NaN	0.3904
856	857	pt	vmw	challenge_SSA-MTE	hyp1	News	NaN	0.3279
857	858	pt	vmw	challenge_SSA-MTE	hyp1	News	NaN	0.2670
858	859	pt	vmw	challenge_SSA-MTE	hyp1	News	NaN	0.3332
859	860	pt	vmw	challenge_SSA-MTE	hyp1	News	NaN	0.3021
860	861	pt	vmw	challenge_SSA-MTE	hyp1	News	NaN	0.3587
861	862	pt	vmw	challenge_SSA-MTE	hyp1	News	NaN	0.3017
862	863	pt	vmw	challenge_SSA-MTE	hyp1	News	NaN	0.3341
863	864	pt	vmw	challenge_SSA-MTE	hyp1	News	NaN	0.3244
864	865	pt	vmw	challenge_SSA-MTE	hyp1	News	NaN	0.3917
865	866	pt	vmw	challenge_SSA-MTE	hyp1	News	NaN	0.3645
866	867	pt	vmw	challenge_SSA-MTE	hyp1	News	NaN	0.2935
867	868	pt	vmw	challenge_SSA-MTE	hyp1	News	NaN	0.3581
868	869	pt	vmw	challenge_SSA-MTE	hyp1	News	NaN	0.2810
869	870	pt	vmw	challenge_SSA-MTE	hyp1	News	NaN	0.2385
870	871	pt	vmw	challenge_SSA-MTE	hyp1	News	NaN	0.3796
871	872	pt	vmw	challenge_SSA-MTE	hyp1	News	NaN	0.3709
872	873	pt	vmw	challenge_SSA-MTE	hyp1	News	NaN	0.3486
873	874	pt	vmw	challenge_SSA-MTE	hyp1	News	NaN	0.3648
874	875	pt	vmw	challenge_SSA-MTE	hyp1	News	NaN	0.2919
875	876	pt	vmw	challenge_SSA-MTE	hyp1	News	NaN	0.3317
876	877	pt	vmw	challenge_SSA-MTE	hyp1	News	NaN	0.3599
877	878	pt	vmw	challenge_SSA-MTE	hyp1	News	NaN	0.3260
878	879	pt	vmw	challenge_SSA-MTE	hyp1	News	NaN	0.3122
879	880	pt	vmw	challenge_SSA-MTE	hyp1	News	NaN	0.2679
880	881	pt	vmw	challenge_SSA-MTE	hyp1	News	NaN	0.4158
881	882	pt	vmw	challenge_SSA-MTE	hyp1	News	NaN	0.3667
882	883	pt	vmw	challenge_SSA-MTE	hyp1	News	NaN	0.3490
883	884	pt	vmw	challenge_SSA-MTE	hyp1	News	NaN	0.3437
884	885	pt	vmw	challenge_SSA-MTE	hyp1	News	NaN	0.3608
885	886	pt	vmw	challenge_SSA-MTE	hyp1	News	NaN	0.3174
886	887	pt	vmw	challenge_SSA-MTE	hyp1	News	NaN	0.2846
887	888	pt	vmw	challenge_SSA-MTE	hyp1	News	NaN	0.3671
888	889	pt	vmw	challenge_SSA-MTE	hyp1	News	NaN	0.3127
889	890	pt	vmw	challenge_SSA-MTE	hyp1	News	NaN	0.3739
890	891	pt	vmw	challenge_SSA-MTE	hyp1	News	NaN	0.3503
891	892	pt	vmw	challenge_SSA-MTE	hyp1	News	NaN	0.3483
892	893	pt	vmw	challenge_SSA-MTE	hyp1	News	NaN	0.2605
893	894	pt	vmw	challenge_SSA-MTE	hyp1	News	NaN	0.2984
894	895	pt	vmw	challenge_SSA-MTE	hyp1	News	NaN	0.2678
895	896	pt	vmw	challenge_SSA-MTE	hyp1	News	NaN	0.2739
896	897	pt	vmw	challenge_SSA-MTE	hyp1	News	NaN	0.3311
897	898	pt	vmw	challenge_SSA-MTE	hyp1	News	NaN	0.3224
898	899	pt	vmw	challenge_SSA-MTE	hyp1	News	NaN	0.3384
899	900	pt	vmw	challenge_SSA-MTE	hyp1	News	NaN	0.3108
900	901	pt	vmw	challenge_SSA-MTE	hyp1	News	NaN	0.2879
901	902	pt	vmw	challenge_SSA-MTE	hyp1	News	NaN	0.2968
902	903	pt	vmw	challenge_SSA-MTE	hyp1	News	NaN	0.2878
903	904	pt	vmw	challenge_SSA-MTE	hyp1	News	NaN	0.3462
904	905	pt	vmw	challenge_SSA-MTE	hyp1	News	NaN	0.3585
905	906	pt	vmw	challenge_SSA-MTE	hyp1	News	NaN	0.3669
906	907	pt	vmw	challenge_SSA-MTE	hyp1	News	NaN	0.3001
907	908	pt	vmw	challenge_SSA-MTE	hyp1	News	NaN	0.3384
908	909	pt	vmw	challenge_SSA-MTE	hyp1	News	NaN	0.3098
909	910	pt	vmw	challenge_SSA-MTE	hyp1	News	NaN	0.3082
910	911	pt	vmw	challenge_SSA-MTE	hyp1	News	NaN	0.3606
911	912	pt	vmw	challenge_SSA-MTE	hyp1	News	NaN	0.2973
912	913	pt	vmw	challenge_SSA-MTE	hyp1	News	NaN	0.3856
913	914	pt	vmw	challenge_SSA-MTE	hyp1	News	NaN	0.3624
914	915	pt	vmw	challenge_SSA-MTE	hyp1	News	NaN	0.2931
915	916	pt	vmw	challenge_SSA-MTE	hyp1	News	NaN	0.3150
916	917	pt	vmw	challenge_SSA-MTE	hyp1	News	NaN	0.2736
917	918	pt	vmw	challenge_SSA-MTE	hyp1	News	NaN	0.2894
918	919	pt	vmw	challenge_SSA-MTE	hyp1	News	NaN	0.2591
919	920	pt	vmw	challenge_SSA-MTE	hyp1	News	NaN	0.3571
920	921	pt	vmw	challenge_SSA-MTE	hyp1	News	NaN	0.3385
921	922	pt	vmw	challenge_SSA-MTE	hyp1	News	NaN	0.3959
922	923	pt	vmw	challenge_SSA-MTE	hyp1	News	NaN	0.3535
923	924	pt	vmw	challenge_SSA-MTE	hyp1	News	NaN	0.3899
924	925	pt	vmw	challenge_SSA-MTE	hyp1	News	NaN	0.3328
925	926	pt	vmw	challenge_SSA-MTE	hyp1	News	NaN	0.3568
926	927	pt	vmw	challenge_SSA-MTE	hyp1	News	NaN	0.3293
927	928	pt	vmw	challenge_SSA-MTE	hyp1	News	NaN	0.2818
928	929	pt	vmw	challenge_SSA-MTE	hyp1	News	NaN	0.2535
929	930	pt	vmw	challenge_SSA-MTE	hyp1	News	NaN	0.3487
