doc_id	segment_id	source_lang	target_lang	set_id	system_id	domain_name	method	overall
0	1	en	amh	challenge_SSA-MTE	hyp1	News	NaN	0.5329086184501648
1	2	en	amh	challenge_SSA-MTE	hyp1	News	NaN	0.5329086184501648
2	3	en	amh	challenge_SSA-MTE	hyp1	News	NaN	0.5329086184501648
3	4	en	amh	challenge_SSA-MTE	hyp1	News	NaN	0.5329086184501648
4	5	en	amh	challenge_SSA-MTE	hyp1	News	NaN	0.5329086184501648
5	6	en	amh	challenge_SSA-MTE	hyp1	News	NaN	0.5329086184501648
6	7	en	amh	challenge_SSA-MTE	hyp1	News	NaN	0.2739982604980469
7	8	en	amh	challenge_SSA-MTE	hyp1	News	NaN	0.2739982604980469
8	9	en	amh	challenge_SSA-MTE	hyp1	News	NaN	0.2739982604980469
9	10	en	amh	challenge_SSA-MTE	hyp1	News	NaN	0.2739982604980469
10	11	en	amh	challenge_SSA-MTE	hyp1	News	NaN	0.3827192187309265
11	12	en	amh	challenge_SSA-MTE	hyp1	News	NaN	0.3827192187309265
12	13	en	amh	challenge_SSA-MTE	hyp1	News	NaN	0.3827192187309265
13	14	en	amh	challenge_SSA-MTE	hyp1	News	NaN	0.3827192187309265
14	15	en	amh	challenge_SSA-MTE	hyp1	News	NaN	0.3827192187309265
15	16	en	amh	challenge_SSA-MTE	hyp1	News	NaN	0.4473736882209778
16	17	en	amh	challenge_SSA-MTE	hyp1	News	NaN	0.4473736882209778
17	18	en	amh	challenge_SSA-MTE	hyp1	News	NaN	0.4473736882209778
18	19	en	amh	challenge_SSA-MTE	hyp1	News	NaN	0.4473736882209778
19	20	en	amh	challenge_SSA-MTE	hyp1	News	NaN	0.4473736882209778
20	21	en	amh	challenge_SSA-MTE	hyp1	News	NaN	0.4473736882209778
21	22	en	amh	challenge_SSA-MTE	hyp1	News	NaN	0.39533668756484985
22	23	en	amh	challenge_SSA-MTE	hyp1	News	NaN	0.39533668756484985
23	24	en	amh	challenge_SSA-MTE	hyp1	News	NaN	0.39533668756484985
24	25	en	amh	challenge_SSA-MTE	hyp1	News	NaN	0.39533668756484985
25	26	en	amh	challenge_SSA-MTE	hyp1	News	NaN	0.4883479177951813
26	27	en	amh	challenge_SSA-MTE	hyp1	News	NaN	0.4883479177951813
27	28	en	amh	challenge_SSA-MTE	hyp1	News	NaN	0.4883479177951813
28	29	en	amh	challenge_SSA-MTE	hyp1	News	NaN	0.4883479177951813
29	30	en	amh	challenge_SSA-MTE	hyp1	News	NaN	0.4883479177951813
30	31	en	amh	challenge_SSA-MTE	hyp1	News	NaN	0.4883479177951813
31	32	en	amh	challenge_SSA-MTE	hyp1	News	NaN	0.6400272250175476
32	33	en	amh	challenge_SSA-MTE	hyp1	News	NaN	0.6400272250175476
33	34	en	amh	challenge_SSA-MTE	hyp1	News	NaN	0.6400272250175476
34	35	en	amh	challenge_SSA-MTE	hyp1	News	NaN	0.6400272250175476
35	36	en	amh	challenge_SSA-MTE	hyp1	News	NaN	0.6400272250175476
36	37	en	amh	challenge_SSA-MTE	hyp1	News	NaN	0.6400272250175476
37	38	en	amh	challenge_SSA-MTE	hyp1	News	NaN	0.4426667094230652
38	39	en	amh	challenge_SSA-MTE	hyp1	News	NaN	0.4426667094230652
39	40	en	amh	challenge_SSA-MTE	hyp1	News	NaN	0.4426667094230652
40	41	en	amh	challenge_SSA-MTE	hyp1	News	NaN	0.4426667094230652
41	42	en	amh	challenge_SSA-MTE	hyp1	News	NaN	0.4426667094230652
42	43	en	amh	challenge_SSA-MTE	hyp1	News	NaN	0.543634295463562
43	44	en	amh	challenge_SSA-MTE	hyp1	News	NaN	0.5436343550682068
44	45	en	amh	challenge_SSA-MTE	hyp1	News	NaN	0.543634295463562
45	46	en	amh	challenge_SSA-MTE	hyp1	News	NaN	0.543634295463562
46	47	en	amh	challenge_SSA-MTE	hyp1	News	NaN	0.4447666108608246
47	48	en	amh	challenge_SSA-MTE	hyp1	News	NaN	0.4447666108608246
48	49	en	amh	challenge_SSA-MTE	hyp1	News	NaN	0.4447666108608246
49	50	en	amh	challenge_SSA-MTE	hyp1	News	NaN	0.4447666108608246
50	51	en	amh	challenge_SSA-MTE	hyp1	News	NaN	0.4447666108608246
51	52	en	amh	challenge_SSA-MTE	hyp1	News	NaN	0.4447666108608246
52	53	en	amh	challenge_SSA-MTE	hyp1	News	NaN	0.33178257942199707
53	54	en	amh	challenge_SSA-MTE	hyp1	News	NaN	0.33178257942199707
54	55	en	amh	challenge_SSA-MTE	hyp1	News	NaN	0.33178257942199707
55	56	en	amh	challenge_SSA-MTE	hyp1	News	NaN	0.33178257942199707
56	57	en	amh	challenge_SSA-MTE	hyp1	News	NaN	0.33178257942199707
57	58	en	amh	challenge_SSA-MTE	hyp1	News	NaN	0.4202503561973572
58	59	en	amh	challenge_SSA-MTE	hyp1	News	NaN	0.4202503561973572
59	60	en	amh	challenge_SSA-MTE	hyp1	News	NaN	0.4202503561973572
60	61	en	amh	challenge_SSA-MTE	hyp1	News	NaN	0.4202503561973572
61	62	en	amh	challenge_SSA-MTE	hyp1	News	NaN	0.4202503561973572
62	63	en	amh	challenge_SSA-MTE	hyp1	News	NaN	0.4202503561973572
63	64	en	amh	challenge_SSA-MTE	hyp1	News	NaN	0.3876122832298279
64	65	en	amh	challenge_SSA-MTE	hyp1	News	NaN	0.3876122832298279
65	66	en	amh	challenge_SSA-MTE	hyp1	News	NaN	0.3876122832298279
66	67	en	amh	challenge_SSA-MTE	hyp1	News	NaN	0.3876122832298279
67	68	en	amh	challenge_SSA-MTE	hyp1	News	NaN	0.3876122832298279
68	69	en	amh	challenge_SSA-MTE	hyp1	News	NaN	0.5516050457954407
69	70	en	amh	challenge_SSA-MTE	hyp1	News	NaN	0.5516050457954407
70	71	en	amh	challenge_SSA-MTE	hyp1	News	NaN	0.5516050457954407
71	72	en	amh	challenge_SSA-MTE	hyp1	News	NaN	0.5516050457954407
72	73	en	amh	challenge_SSA-MTE	hyp1	News	NaN	0.5516050457954407
73	74	en	amh	challenge_SSA-MTE	hyp1	News	NaN	0.5516050457954407
74	75	en	amh	challenge_SSA-MTE	hyp1	News	NaN	0.3722970485687256
75	76	en	amh	challenge_SSA-MTE	hyp1	News	NaN	0.3722970485687256
76	77	en	amh	challenge_SSA-MTE	hyp1	News	NaN	0.3722970485687256
77	78	en	amh	challenge_SSA-MTE	hyp1	News	NaN	0.3722970485687256
78	79	en	amh	challenge_SSA-MTE	hyp1	News	NaN	0.3722970485687256
79	80	en	amh	challenge_SSA-MTE	hyp1	News	NaN	0.4004121720790863
80	81	en	amh	challenge_SSA-MTE	hyp1	News	NaN	0.4004121720790863
81	82	en	amh	challenge_SSA-MTE	hyp1	News	NaN	0.4004121720790863
82	83	en	amh	challenge_SSA-MTE	hyp1	News	NaN	0.4004121720790863
83	84	en	amh	challenge_SSA-MTE	hyp1	News	NaN	0.4004121720790863
84	85	en	amh	challenge_SSA-MTE	hyp1	News	NaN	0.4004121720790863
85	86	en	amh	challenge_SSA-MTE	hyp1	News	NaN	0.37856996059417725
86	87	en	amh	challenge_SSA-MTE	hyp1	News	NaN	0.3785700798034668
87	88	en	amh	challenge_SSA-MTE	hyp1	News	NaN	0.3785700798034668
88	89	en	amh	challenge_SSA-MTE	hyp1	News	NaN	0.6869716644287109
89	90	en	amh	challenge_SSA-MTE	hyp1	News	NaN	0.6869716644287109
90	91	en	amh	challenge_SSA-MTE	hyp1	News	NaN	0.6869716644287109
91	92	en	amh	challenge_SSA-MTE	hyp1	News	NaN	0.6869716644287109
92	93	en	amh	challenge_SSA-MTE	hyp1	News	NaN	0.6869716644287109
93	94	en	amh	challenge_SSA-MTE	hyp1	News	NaN	0.3643180727958679
94	95	en	amh	challenge_SSA-MTE	hyp1	News	NaN	0.3643180727958679
95	96	en	amh	challenge_SSA-MTE	hyp1	News	NaN	0.3643180727958679
96	97	en	amh	challenge_SSA-MTE	hyp1	News	NaN	0.3643180727958679
97	98	en	amh	challenge_SSA-MTE	hyp1	News	NaN	0.38393792510032654
98	99	en	amh	challenge_SSA-MTE	hyp1	News	NaN	0.3869832456111908
99	100	en	amh	challenge_SSA-MTE	hyp1	News	NaN	0.3869832456111908
100	101	en	amh	challenge_SSA-MTE	hyp1	News	NaN	0.3869832456111908
101	102	en	amh	challenge_SSA-MTE	hyp1	News	NaN	0.3869832456111908
102	103	en	amh	challenge_SSA-MTE	hyp1	News	NaN	0.3869832456111908
103	104	en	amh	challenge_SSA-MTE	hyp1	News	NaN	0.42642295360565186
104	105	en	amh	challenge_SSA-MTE	hyp1	News	NaN	0.42642292380332947
105	106	en	amh	challenge_SSA-MTE	hyp1	News	NaN	0.42642292380332947
106	107	en	amh	challenge_SSA-MTE	hyp1	News	NaN	0.42642292380332947
107	108	en	amh	challenge_SSA-MTE	hyp1	News	NaN	0.42642292380332947
108	109	en	amh	challenge_SSA-MTE	hyp1	News	NaN	0.42642292380332947
109	110	en	amh	challenge_SSA-MTE	hyp1	News	NaN	0.5542013645172119
110	111	en	amh	challenge_SSA-MTE	hyp1	News	NaN	0.5542013645172119
111	112	en	amh	challenge_SSA-MTE	hyp1	News	NaN	0.5542013645172119
112	113	en	amh	challenge_SSA-MTE	hyp1	News	NaN	0.5542013645172119
113	114	en	amh	challenge_SSA-MTE	hyp1	News	NaN	0.5542013645172119
114	115	en	amh	challenge_SSA-MTE	hyp1	News	NaN	0.3425794243812561
115	116	en	amh	challenge_SSA-MTE	hyp1	News	NaN	0.3425794243812561
116	117	en	amh	challenge_SSA-MTE	hyp1	News	NaN	0.3425794243812561
117	118	en	amh	challenge_SSA-MTE	hyp1	News	NaN	0.3425794243812561
118	119	en	amh	challenge_SSA-MTE	hyp1	News	NaN	0.10814590007066727
119	120	en	amh	challenge_SSA-MTE	hyp1	News	NaN	0.10814590007066727
120	121	en	amh	challenge_SSA-MTE	hyp1	News	NaN	0.10814590007066727
121	122	en	amh	challenge_SSA-MTE	hyp1	News	NaN	0.10814590007066727
122	123	en	amh	challenge_SSA-MTE	hyp1	News	NaN	0.10814590007066727
123	124	en	amh	challenge_SSA-MTE	hyp1	News	NaN	0.4409950375556946
124	125	en	amh	challenge_SSA-MTE	hyp1	News	NaN	0.4409950375556946
125	126	en	amh	challenge_SSA-MTE	hyp1	News	NaN	0.4409950375556946
126	127	en	amh	challenge_SSA-MTE	hyp1	News	NaN	0.4409950375556946
127	128	en	amh	challenge_SSA-MTE	hyp1	News	NaN	0.4409950375556946
128	129	en	amh	challenge_SSA-MTE	hyp1	News	NaN	0.4409950375556946
129	130	en	amh	challenge_SSA-MTE	hyp1	News	NaN	0.601811408996582
130	131	en	amh	challenge_SSA-MTE	hyp1	News	NaN	0.601811408996582
131	132	en	amh	challenge_SSA-MTE	hyp1	News	NaN	0.601811408996582
132	133	en	amh	challenge_SSA-MTE	hyp1	News	NaN	0.601811408996582
133	134	en	amh	challenge_SSA-MTE	hyp1	News	NaN	0.601811408996582
134	135	en	amh	challenge_SSA-MTE	hyp1	News	NaN	0.3551624119281769
135	136	en	amh	challenge_SSA-MTE	hyp1	News	NaN	0.3551624119281769
136	137	en	amh	challenge_SSA-MTE	hyp1	News	NaN	0.3551624119281769
137	138	en	amh	challenge_SSA-MTE	hyp1	News	NaN	0.3551624119281769
138	139	en	amh	challenge_SSA-MTE	hyp1	News	NaN	0.5212544202804565
139	140	en	amh	challenge_SSA-MTE	hyp1	News	NaN	0.5212544202804565
140	141	en	amh	challenge_SSA-MTE	hyp1	News	NaN	0.5212544202804565
141	142	en	amh	challenge_SSA-MTE	hyp1	News	NaN	0.5212544202804565
142	143	en	amh	challenge_SSA-MTE	hyp1	News	NaN	0.5212544202804565
143	144	en	amh	challenge_SSA-MTE	hyp1	News	NaN	0.3415098488330841
144	145	en	amh	challenge_SSA-MTE	hyp1	News	NaN	0.3415098488330841
145	146	en	amh	challenge_SSA-MTE	hyp1	News	NaN	0.3415098488330841
146	147	en	amh	challenge_SSA-MTE	hyp1	News	NaN	0.3415098488330841
147	148	en	amh	challenge_SSA-MTE	hyp1	News	NaN	0.3415098488330841
148	149	en	amh	challenge_SSA-MTE	hyp1	News	NaN	0.5187076330184937
149	150	en	amh	challenge_SSA-MTE	hyp1	News	NaN	0.5187076330184937
150	151	en	amh	challenge_SSA-MTE	hyp1	News	NaN	0.5187076330184937
151	152	en	amh	challenge_SSA-MTE	hyp1	News	NaN	0.5187073945999146
152	153	en	amh	challenge_SSA-MTE	hyp1	News	NaN	0.5187073945999146
153	154	en	amh	challenge_SSA-MTE	hyp1	News	NaN	0.5187076330184937
154	155	en	amh	challenge_SSA-MTE	hyp1	News	NaN	0.16942279040813446
155	156	en	amh	challenge_SSA-MTE	hyp1	News	NaN	0.16942279040813446
156	157	en	amh	challenge_SSA-MTE	hyp1	News	NaN	0.16942279040813446
157	158	en	amh	challenge_SSA-MTE	hyp1	News	NaN	0.16942279040813446
158	159	en	amh	challenge_SSA-MTE	hyp1	News	NaN	0.16942279040813446
159	160	en	amh	challenge_SSA-MTE	hyp1	News	NaN	0.16942279040813446
160	161	en	amh	challenge_SSA-MTE	hyp1	News	NaN	0.5056406855583191
161	162	en	amh	challenge_SSA-MTE	hyp1	News	NaN	0.5056406855583191
162	163	en	amh	challenge_SSA-MTE	hyp1	News	NaN	0.5056406855583191
163	164	en	amh	challenge_SSA-MTE	hyp1	News	NaN	0.5056406855583191
164	165	en	amh	challenge_SSA-MTE	hyp1	News	NaN	0.329819917678833
165	166	en	amh	challenge_SSA-MTE	hyp1	News	NaN	0.329819917678833
166	167	en	amh	challenge_SSA-MTE	hyp1	News	NaN	0.329819917678833
167	168	en	amh	challenge_SSA-MTE	hyp1	News	NaN	0.329819917678833
168	169	en	amh	challenge_SSA-MTE	hyp1	News	NaN	0.3298192620277405
169	170	en	amh	challenge_SSA-MTE	hyp1	News	NaN	0.5106805562973022
170	171	en	amh	challenge_SSA-MTE	hyp1	News	NaN	0.5106805562973022
171	172	en	amh	challenge_SSA-MTE	hyp1	News	NaN	0.5106805562973022
172	173	en	amh	challenge_SSA-MTE	hyp1	News	NaN	0.5106805562973022
173	174	en	amh	challenge_SSA-MTE	hyp1	News	NaN	0.5106810927391052
174	175	en	amh	challenge_SSA-MTE	hyp1	News	NaN	0.5106810927391052
175	176	en	amh	challenge_SSA-MTE	hyp1	News	NaN	0.23017707467079163
176	177	en	amh	challenge_SSA-MTE	hyp1	News	NaN	0.23017707467079163
177	178	en	amh	challenge_SSA-MTE	hyp1	News	NaN	0.23017707467079163
178	179	en	amh	challenge_SSA-MTE	hyp1	News	NaN	0.23017707467079163
179	180	en	amh	challenge_SSA-MTE	hyp1	News	NaN	0.23017707467079163
180	181	en	amh	challenge_SSA-MTE	hyp1	News	NaN	0.23017707467079163
181	182	en	amh	challenge_SSA-MTE	hyp1	News	NaN	0.33744919300079346
182	183	en	amh	challenge_SSA-MTE	hyp1	News	NaN	0.33744919300079346
183	184	en	amh	challenge_SSA-MTE	hyp1	News	NaN	0.33744874596595764
184	185	en	amh	challenge_SSA-MTE	hyp1	News	NaN	0.33744874596595764
185	186	en	amh	challenge_SSA-MTE	hyp1	News	NaN	0.33744874596595764
186	187	en	amh	challenge_SSA-MTE	hyp1	News	NaN	0.5298701524734497
187	188	en	amh	challenge_SSA-MTE	hyp1	News	NaN	0.5298701524734497
188	189	en	amh	challenge_SSA-MTE	hyp1	News	NaN	0.5298701524734497
189	190	en	amh	challenge_SSA-MTE	hyp1	News	NaN	0.5298701524734497
190	191	en	amh	challenge_SSA-MTE	hyp1	News	NaN	0.5298701524734497
191	192	en	amh	challenge_SSA-MTE	hyp1	News	NaN	0.5298701524734497
192	193	en	amh	challenge_SSA-MTE	hyp1	News	NaN	0.4870857298374176
193	194	en	amh	challenge_SSA-MTE	hyp1	News	NaN	0.4870857298374176
194	195	en	amh	challenge_SSA-MTE	hyp1	News	NaN	0.4870857298374176
195	196	en	amh	challenge_SSA-MTE	hyp1	News	NaN	0.4870857298374176
196	197	en	amh	challenge_SSA-MTE	hyp1	News	NaN	0.4870857298374176
197	198	en	amh	challenge_SSA-MTE	hyp1	News	NaN	0.4870857298374176
198	199	en	amh	challenge_SSA-MTE	hyp1	News	NaN	0.6314934492111206
199	200	en	amh	challenge_SSA-MTE	hyp1	News	NaN	0.6314934492111206
200	201	en	amh	challenge_SSA-MTE	hyp1	News	NaN	0.6314934492111206
201	202	en	amh	challenge_SSA-MTE	hyp1	News	NaN	0.6314934492111206
202	203	en	amh	challenge_SSA-MTE	hyp1	News	NaN	0.6314934492111206
203	204	en	amh	challenge_SSA-MTE	hyp1	News	NaN	0.34969562292099
204	205	en	amh	challenge_SSA-MTE	hyp1	News	NaN	0.34969562292099
205	206	en	amh	challenge_SSA-MTE	hyp1	News	NaN	0.34969568252563477
206	207	en	amh	challenge_SSA-MTE	hyp1	News	NaN	0.34969562292099
207	208	en	amh	challenge_SSA-MTE	hyp1	News	NaN	0.34969562292099
208	209	en	amh	challenge_SSA-MTE	hyp1	News	NaN	0.34969562292099
209	210	en	amh	challenge_SSA-MTE	hyp1	News	NaN	0.2748402953147888
210	211	en	amh	challenge_SSA-MTE	hyp1	News	NaN	0.2748402953147888
211	212	en	amh	challenge_SSA-MTE	hyp1	News	NaN	0.2748402953147888
212	213	en	amh	challenge_SSA-MTE	hyp1	News	NaN	0.2748402953147888
213	214	en	amh	challenge_SSA-MTE	hyp1	News	NaN	0.2748402953147888
214	215	en	amh	challenge_SSA-MTE	hyp1	News	NaN	0.4689320921897888
215	216	en	amh	challenge_SSA-MTE	hyp1	News	NaN	0.4689320921897888
216	217	en	amh	challenge_SSA-MTE	hyp1	News	NaN	0.4689320921897888
217	218	en	amh	challenge_SSA-MTE	hyp1	News	NaN	0.4689320921897888
218	219	en	amh	challenge_SSA-MTE	hyp1	News	NaN	0.4689320921897888
219	220	en	amh	challenge_SSA-MTE	hyp1	News	NaN	0.4689320921897888
220	221	en	amh	challenge_SSA-MTE	hyp1	News	NaN	0.5142573118209839
221	222	en	amh	challenge_SSA-MTE	hyp1	News	NaN	0.5142573118209839
222	223	en	amh	challenge_SSA-MTE	hyp1	News	NaN	0.5142573118209839
223	224	en	amh	challenge_SSA-MTE	hyp1	News	NaN	0.5142573118209839
224	225	en	amh	challenge_SSA-MTE	hyp1	News	NaN	0.5142573118209839
225	226	en	amh	challenge_SSA-MTE	hyp1	News	NaN	0.5142573118209839
226	227	en	amh	challenge_SSA-MTE	hyp1	News	NaN	0.2961758077144623
227	228	en	amh	challenge_SSA-MTE	hyp1	News	NaN	0.2961758077144623
228	229	en	amh	challenge_SSA-MTE	hyp1	News	NaN	0.2961758077144623
229	230	en	amh	challenge_SSA-MTE	hyp1	News	NaN	0.2961758077144623
230	231	en	amh	challenge_SSA-MTE	hyp1	News	NaN	0.2961758077144623
231	232	en	amh	challenge_SSA-MTE	hyp1	News	NaN	0.2961758077144623
232	233	en	amh	challenge_SSA-MTE	hyp1	News	NaN	0.5249527096748352
233	234	en	amh	challenge_SSA-MTE	hyp1	News	NaN	0.5249527096748352
234	235	en	amh	challenge_SSA-MTE	hyp1	News	NaN	0.5249527096748352
235	236	en	amh	challenge_SSA-MTE	hyp1	News	NaN	0.5735591650009155
236	237	en	amh	challenge_SSA-MTE	hyp1	News	NaN	0.5735591650009155
237	238	en	amh	challenge_SSA-MTE	hyp1	News	NaN	0.5735591650009155
238	239	en	amh	challenge_SSA-MTE	hyp1	News	NaN	0.5735591650009155
239	240	en	amh	challenge_SSA-MTE	hyp1	News	NaN	0.5735591650009155
240	241	en	amh	challenge_SSA-MTE	hyp1	News	NaN	0.5735591650009155
241	242	en	amh	challenge_SSA-MTE	hyp1	News	NaN	0.1372208595275879
242	243	en	amh	challenge_SSA-MTE	hyp1	News	NaN	0.1372208595275879
243	244	en	amh	challenge_SSA-MTE	hyp1	News	NaN	0.1372208595275879
244	245	en	amh	challenge_SSA-MTE	hyp1	News	NaN	0.4512496888637543
245	246	en	amh	challenge_SSA-MTE	hyp1	News	NaN	0.4512496888637543
246	247	en	amh	challenge_SSA-MTE	hyp1	News	NaN	0.4512496888637543
247	248	en	amh	challenge_SSA-MTE	hyp1	News	NaN	0.4512496888637543
248	249	en	amh	challenge_SSA-MTE	hyp1	News	NaN	0.4512496888637543
249	250	en	amh	challenge_SSA-MTE	hyp1	News	NaN	0.4512496888637543
250	251	en	amh	challenge_SSA-MTE	hyp1	News	NaN	-0.055269621312618256
251	252	en	amh	challenge_SSA-MTE	hyp1	News	NaN	-0.05526959151029587
252	253	en	amh	challenge_SSA-MTE	hyp1	News	NaN	-0.05526959151029587
253	254	en	amh	challenge_SSA-MTE	hyp1	News	NaN	-0.05526959151029587
254	255	en	amh	challenge_SSA-MTE	hyp1	News	NaN	-0.05526959151029587
255	256	en	amh	challenge_SSA-MTE	hyp1	News	NaN	0.484935462474823
256	257	en	amh	challenge_SSA-MTE	hyp1	News	NaN	0.484935462474823
257	258	en	amh	challenge_SSA-MTE	hyp1	News	NaN	0.484935462474823
258	259	en	amh	challenge_SSA-MTE	hyp1	News	NaN	0.484935462474823
259	260	en	amh	challenge_SSA-MTE	hyp1	News	NaN	0.484935462474823
260	261	en	amh	challenge_SSA-MTE	hyp1	News	NaN	0.484935462474823
261	262	en	amh	challenge_SSA-MTE	hyp1	News	NaN	0.22167977690696716
262	263	en	amh	challenge_SSA-MTE	hyp1	News	NaN	0.22167977690696716
263	264	en	amh	challenge_SSA-MTE	hyp1	News	NaN	0.22167977690696716
264	265	en	amh	challenge_SSA-MTE	hyp1	News	NaN	0.22167977690696716
265	266	en	amh	challenge_SSA-MTE	hyp1	News	NaN	0.22167977690696716
266	267	en	amh	challenge_SSA-MTE	hyp1	News	NaN	0.22167977690696716
267	268	en	amh	challenge_SSA-MTE	hyp1	News	NaN	0.4373111128807068
268	269	en	amh	challenge_SSA-MTE	hyp1	News	NaN	0.4373111128807068
269	270	en	amh	challenge_SSA-MTE	hyp1	News	NaN	0.4373111128807068
270	271	en	amh	challenge_SSA-MTE	hyp1	News	NaN	0.4373111128807068
271	272	en	amh	challenge_SSA-MTE	hyp1	News	NaN	0.4373111128807068
272	273	en	amh	challenge_SSA-MTE	hyp1	News	NaN	0.4373111128807068
273	274	en	amh	challenge_SSA-MTE	hyp1	News	NaN	0.44303980469703674
274	275	en	amh	challenge_SSA-MTE	hyp1	News	NaN	0.44303980469703674
275	276	en	amh	challenge_SSA-MTE	hyp1	News	NaN	0.44303980469703674
276	277	en	amh	challenge_SSA-MTE	hyp1	News	NaN	0.44303980469703674
277	278	en	amh	challenge_SSA-MTE	hyp1	News	NaN	0.44303980469703674
278	279	en	amh	challenge_SSA-MTE	hyp1	News	NaN	0.32833725214004517
279	280	en	amh	challenge_SSA-MTE	hyp1	News	NaN	0.32833725214004517
280	281	en	amh	challenge_SSA-MTE	hyp1	News	NaN	0.32833725214004517
281	282	en	amh	challenge_SSA-MTE	hyp1	News	NaN	0.21289250254631042
282	283	en	amh	challenge_SSA-MTE	hyp1	News	NaN	0.21289250254631042
283	284	en	amh	challenge_SSA-MTE	hyp1	News	NaN	0.21289250254631042
284	285	en	amh	challenge_SSA-MTE	hyp1	News	NaN	0.21289238333702087
285	286	en	amh	challenge_SSA-MTE	hyp1	News	NaN	0.21289238333702087
286	287	en	amh	challenge_SSA-MTE	hyp1	News	NaN	0.21289238333702087
287	288	en	amh	challenge_SSA-MTE	hyp1	News	NaN	-0.38744044303894043
288	289	en	amh	challenge_SSA-MTE	hyp1	News	NaN	-0.38744044303894043
289	290	en	amh	challenge_SSA-MTE	hyp1	News	NaN	-0.38744044303894043
290	291	en	amh	challenge_SSA-MTE	hyp1	News	NaN	-0.38744044303894043
291	292	en	amh	challenge_SSA-MTE	hyp1	News	NaN	-0.38744044303894043
292	293	en	amh	challenge_SSA-MTE	hyp1	News	NaN	-0.38744044303894043
293	294	en	amh	challenge_SSA-MTE	hyp1	News	NaN	0.40832358598709106
294	295	en	amh	challenge_SSA-MTE	hyp1	News	NaN	0.40832358598709106
295	296	en	amh	challenge_SSA-MTE	hyp1	News	NaN	0.40832358598709106
296	297	en	amh	challenge_SSA-MTE	hyp1	News	NaN	0.40832358598709106
297	298	en	amh	challenge_SSA-MTE	hyp1	News	NaN	0.40832358598709106
298	299	en	amh	challenge_SSA-MTE	hyp1	News	NaN	0.40832358598709106
299	300	en	amh	challenge_SSA-MTE	hyp1	News	NaN	0.6716982126235962
300	301	en	amh	challenge_SSA-MTE	hyp1	News	NaN	0.6716982126235962
301	302	en	amh	challenge_SSA-MTE	hyp1	News	NaN	0.6716982126235962
302	303	en	amh	challenge_SSA-MTE	hyp1	News	NaN	0.6716982126235962
303	304	en	amh	challenge_SSA-MTE	hyp1	News	NaN	0.6716982126235962
304	305	en	amh	challenge_SSA-MTE	hyp1	News	NaN	0.6716982126235962
305	306	en	amh	challenge_SSA-MTE	hyp1	News	NaN	-0.09635690599679947
306	307	en	amh	challenge_SSA-MTE	hyp1	News	NaN	-0.09635690599679947
307	308	en	amh	challenge_SSA-MTE	hyp1	News	NaN	-0.09635690599679947
308	309	en	amh	challenge_SSA-MTE	hyp1	News	NaN	-0.09635690599679947
309	310	en	amh	challenge_SSA-MTE	hyp1	News	NaN	-0.09635690599679947
310	311	en	amh	challenge_SSA-MTE	hyp1	News	NaN	0.2204546332359314
311	312	en	amh	challenge_SSA-MTE	hyp1	News	NaN	0.2204546332359314
312	313	en	amh	challenge_SSA-MTE	hyp1	News	NaN	0.2204546332359314
313	314	en	amh	challenge_SSA-MTE	hyp1	News	NaN	0.2204546332359314
314	315	en	amh	challenge_SSA-MTE	hyp1	News	NaN	0.2204546332359314
315	316	en	amh	challenge_SSA-MTE	hyp1	News	NaN	0.2204546332359314
316	317	en	amh	challenge_SSA-MTE	hyp1	News	NaN	0.35429346561431885
317	318	en	amh	challenge_SSA-MTE	hyp1	News	NaN	0.35429346561431885
318	319	en	amh	challenge_SSA-MTE	hyp1	News	NaN	0.35429346561431885
319	320	en	amh	challenge_SSA-MTE	hyp1	News	NaN	0.35429346561431885
320	321	en	amh	challenge_SSA-MTE	hyp1	News	NaN	0.35429346561431885
321	322	en	amh	challenge_SSA-MTE	hyp1	News	NaN	0.35429346561431885
322	323	en	amh	challenge_SSA-MTE	hyp1	News	NaN	0.24045677483081818
323	324	en	amh	challenge_SSA-MTE	hyp1	News	NaN	0.24045677483081818
324	325	en	amh	challenge_SSA-MTE	hyp1	News	NaN	0.24045677483081818
325	326	en	amh	challenge_SSA-MTE	hyp1	News	NaN	0.3290908932685852
326	327	en	amh	challenge_SSA-MTE	hyp1	News	NaN	0.3290908932685852
327	328	en	amh	challenge_SSA-MTE	hyp1	News	NaN	0.3290908932685852
328	329	en	amh	challenge_SSA-MTE	hyp1	News	NaN	0.3290908932685852
329	330	en	amh	challenge_SSA-MTE	hyp1	News	NaN	0.3290908932685852
330	331	en	amh	challenge_SSA-MTE	hyp1	News	NaN	0.5024470686912537
331	332	en	amh	challenge_SSA-MTE	hyp1	News	NaN	0.5024470686912537
332	333	en	amh	challenge_SSA-MTE	hyp1	News	NaN	0.5024470686912537
333	334	en	amh	challenge_SSA-MTE	hyp1	News	NaN	0.5024470686912537
334	335	en	amh	challenge_SSA-MTE	hyp1	News	NaN	0.5024470686912537
335	336	en	amh	challenge_SSA-MTE	hyp1	News	NaN	0.05772216245532036
336	337	en	amh	challenge_SSA-MTE	hyp1	News	NaN	0.05772216245532036
337	338	en	amh	challenge_SSA-MTE	hyp1	News	NaN	0.05772216245532036
338	339	en	amh	challenge_SSA-MTE	hyp1	News	NaN	0.05772216245532036
339	340	en	amh	challenge_SSA-MTE	hyp1	News	NaN	0.05772216245532036
340	341	en	amh	challenge_SSA-MTE	hyp1	News	NaN	0.05772216245532036
341	342	en	amh	challenge_SSA-MTE	hyp1	News	NaN	0.4457881450653076
342	343	en	amh	challenge_SSA-MTE	hyp1	News	NaN	0.4457881450653076
343	344	en	amh	challenge_SSA-MTE	hyp1	News	NaN	0.4457881450653076
344	345	en	amh	challenge_SSA-MTE	hyp1	News	NaN	0.4457881450653076
345	346	en	amh	challenge_SSA-MTE	hyp1	News	NaN	0.4457881450653076
346	347	en	amh	challenge_SSA-MTE	hyp1	News	NaN	0.4457881450653076
347	348	en	amh	challenge_SSA-MTE	hyp1	News	NaN	0.3659452795982361
348	349	en	amh	challenge_SSA-MTE	hyp1	News	NaN	0.3659452795982361
349	350	en	amh	challenge_SSA-MTE	hyp1	News	NaN	0.3659452795982361
350	351	en	amh	challenge_SSA-MTE	hyp1	News	NaN	0.3659452795982361
351	352	en	amh	challenge_SSA-MTE	hyp1	News	NaN	0.3659452795982361
352	353	en	amh	challenge_SSA-MTE	hyp1	News	NaN	0.37596988677978516
353	354	en	amh	challenge_SSA-MTE	hyp1	News	NaN	0.37596988677978516
354	355	en	amh	challenge_SSA-MTE	hyp1	News	NaN	0.37596988677978516
355	356	en	amh	challenge_SSA-MTE	hyp1	News	NaN	0.37596988677978516
356	357	en	amh	challenge_SSA-MTE	hyp1	News	NaN	0.37596988677978516
357	358	en	amh	challenge_SSA-MTE	hyp1	News	NaN	0.37596988677978516
358	359	en	amh	challenge_SSA-MTE	hyp1	News	NaN	0.402746319770813
359	360	en	amh	challenge_SSA-MTE	hyp1	News	NaN	0.402746319770813
360	361	en	amh	challenge_SSA-MTE	hyp1	News	NaN	0.402746319770813
361	362	en	amh	challenge_SSA-MTE	hyp1	News	NaN	0.402746319770813
362	363	en	amh	challenge_SSA-MTE	hyp1	News	NaN	0.402746319770813
363	364	en	amh	challenge_SSA-MTE	hyp1	News	NaN	0.4027470648288727
364	365	en	amh	challenge_SSA-MTE	hyp1	News	NaN	0.3525204658508301
365	366	en	amh	challenge_SSA-MTE	hyp1	News	NaN	0.3525204658508301
366	367	en	amh	challenge_SSA-MTE	hyp1	News	NaN	0.3525204658508301
367	368	en	amh	challenge_SSA-MTE	hyp1	News	NaN	0.3525204658508301
368	369	en	amh	challenge_SSA-MTE	hyp1	News	NaN	0.3525204658508301
369	370	en	amh	challenge_SSA-MTE	hyp1	News	NaN	0.3525204658508301
370	371	en	amh	challenge_SSA-MTE	hyp1	News	NaN	0.3240041732788086
371	372	en	amh	challenge_SSA-MTE	hyp1	News	NaN	0.3240041732788086
372	373	en	amh	challenge_SSA-MTE	hyp1	News	NaN	0.3240041732788086
373	374	en	amh	challenge_SSA-MTE	hyp1	News	NaN	0.3240041732788086
374	375	en	amh	challenge_SSA-MTE	hyp1	News	NaN	0.3240041732788086
375	376	en	amh	challenge_SSA-MTE	hyp1	News	NaN	0.3240041732788086
376	377	en	amh	challenge_SSA-MTE	hyp1	News	NaN	0.32320964336395264
377	378	en	amh	challenge_SSA-MTE	hyp1	News	NaN	0.32320964336395264
378	379	en	amh	challenge_SSA-MTE	hyp1	News	NaN	0.32320964336395264
379	380	en	amh	challenge_SSA-MTE	hyp1	News	NaN	0.32320964336395264
380	381	en	amh	challenge_SSA-MTE	hyp1	News	NaN	0.32320964336395264
381	382	en	amh	challenge_SSA-MTE	hyp1	News	NaN	0.32320964336395264
382	383	en	amh	challenge_SSA-MTE	hyp1	News	NaN	0.32478904724121094
383	384	en	amh	challenge_SSA-MTE	hyp1	News	NaN	0.32478904724121094
384	385	en	amh	challenge_SSA-MTE	hyp1	News	NaN	0.32478904724121094
385	386	en	amh	challenge_SSA-MTE	hyp1	News	NaN	0.32478904724121094
386	387	en	amh	challenge_SSA-MTE	hyp1	News	NaN	0.32478904724121094
387	388	en	amh	challenge_SSA-MTE	hyp1	News	NaN	0.32478904724121094
388	389	en	amh	challenge_SSA-MTE	hyp1	News	NaN	-0.17199966311454773
389	390	en	amh	challenge_SSA-MTE	hyp1	News	NaN	-0.17199966311454773
390	391	en	amh	challenge_SSA-MTE	hyp1	News	NaN	-0.17199966311454773
391	392	en	amh	challenge_SSA-MTE	hyp1	News	NaN	-0.17199966311454773
392	393	en	amh	challenge_SSA-MTE	hyp1	News	NaN	-0.17199966311454773
393	394	en	amh	challenge_SSA-MTE	hyp1	News	NaN	-0.17199966311454773
394	395	en	amh	challenge_SSA-MTE	hyp1	News	NaN	0.23874761164188385
395	396	en	amh	challenge_SSA-MTE	hyp1	News	NaN	0.23874761164188385
396	397	en	amh	challenge_SSA-MTE	hyp1	News	NaN	0.23874761164188385
397	398	en	amh	challenge_SSA-MTE	hyp1	News	NaN	0.23874761164188385
398	399	en	amh	challenge_SSA-MTE	hyp1	News	NaN	0.23874761164188385
399	400	en	amh	challenge_SSA-MTE	hyp1	News	NaN	0.23874761164188385
400	401	en	amh	challenge_SSA-MTE	hyp1	News	NaN	0.4129221737384796
401	402	en	amh	challenge_SSA-MTE	hyp1	News	NaN	0.4129221737384796
402	403	en	amh	challenge_SSA-MTE	hyp1	News	NaN	0.4129221737384796
403	404	en	amh	challenge_SSA-MTE	hyp1	News	NaN	0.4129221737384796
404	405	en	amh	challenge_SSA-MTE	hyp1	News	NaN	0.41292229294776917
405	406	en	amh	challenge_SSA-MTE	hyp1	News	NaN	0.23271265625953674
406	407	en	amh	challenge_SSA-MTE	hyp1	News	NaN	0.23271265625953674
407	408	en	amh	challenge_SSA-MTE	hyp1	News	NaN	0.23271265625953674
408	409	en	amh	challenge_SSA-MTE	hyp1	News	NaN	0.23271265625953674
409	410	en	amh	challenge_SSA-MTE	hyp1	News	NaN	0.23271265625953674
410	411	en	amh	challenge_SSA-MTE	hyp1	News	NaN	0.23271265625953674
411	412	en	amh	challenge_SSA-MTE	hyp1	News	NaN	0.35140037536621094
412	413	en	amh	challenge_SSA-MTE	hyp1	News	NaN	0.35140037536621094
413	414	en	amh	challenge_SSA-MTE	hyp1	News	NaN	0.35140037536621094
414	415	en	amh	challenge_SSA-MTE	hyp1	News	NaN	0.35140037536621094
415	416	en	amh	challenge_SSA-MTE	hyp1	News	NaN	0.35140037536621094
416	417	en	amh	challenge_SSA-MTE	hyp1	News	NaN	0.35140037536621094
417	418	en	amh	challenge_SSA-MTE	hyp1	News	NaN	0.3341772258281708
418	419	en	amh	challenge_SSA-MTE	hyp1	News	NaN	0.3341772258281708
419	420	en	amh	challenge_SSA-MTE	hyp1	News	NaN	0.3341772258281708
420	421	en	amh	challenge_SSA-MTE	hyp1	News	NaN	0.3341772258281708
421	422	en	amh	challenge_SSA-MTE	hyp1	News	NaN	0.3341772258281708
422	423	en	amh	challenge_SSA-MTE	hyp1	News	NaN	0.3341772258281708
423	424	en	amh	challenge_SSA-MTE	hyp1	News	NaN	0.4494641423225403
424	425	en	amh	challenge_SSA-MTE	hyp1	News	NaN	0.44946402311325073
425	426	en	amh	challenge_SSA-MTE	hyp1	News	NaN	0.44946402311325073
426	427	en	amh	challenge_SSA-MTE	hyp1	News	NaN	0.4494641423225403
427	428	en	amh	challenge_SSA-MTE	hyp1	News	NaN	0.44946402311325073
428	429	en	amh	challenge_SSA-MTE	hyp1	News	NaN	0.4494641423225403
429	430	en	amh	challenge_SSA-MTE	hyp1	News	NaN	0.5377829670906067
430	431	en	amh	challenge_SSA-MTE	hyp1	News	NaN	0.5377829670906067
431	432	en	amh	challenge_SSA-MTE	hyp1	News	NaN	0.5377829670906067
432	433	en	amh	challenge_SSA-MTE	hyp1	News	NaN	0.5377829670906067
433	434	en	amh	challenge_SSA-MTE	hyp1	News	NaN	0.5377829670906067
434	435	en	amh	challenge_SSA-MTE	hyp1	News	NaN	0.33818328380584717
435	436	en	amh	challenge_SSA-MTE	hyp1	News	NaN	0.33818328380584717
436	437	en	amh	challenge_SSA-MTE	hyp1	News	NaN	0.33818328380584717
437	438	en	amh	challenge_SSA-MTE	hyp1	News	NaN	0.33818328380584717
438	439	en	amh	challenge_SSA-MTE	hyp1	News	NaN	0.33818328380584717
439	440	en	amh	challenge_SSA-MTE	hyp1	News	NaN	0.36692577600479126
440	441	en	amh	challenge_SSA-MTE	hyp1	News	NaN	0.36692577600479126
441	442	en	amh	challenge_SSA-MTE	hyp1	News	NaN	0.36692577600479126
442	443	en	amh	challenge_SSA-MTE	hyp1	News	NaN	0.36692577600479126
443	444	en	amh	challenge_SSA-MTE	hyp1	News	NaN	0.36692577600479126
444	445	en	amh	challenge_SSA-MTE	hyp1	News	NaN	0.4188675582408905
445	446	en	amh	challenge_SSA-MTE	hyp1	News	NaN	0.4188675582408905
446	447	en	amh	challenge_SSA-MTE	hyp1	News	NaN	0.4188675582408905
447	448	en	amh	challenge_SSA-MTE	hyp1	News	NaN	0.4188675582408905
448	449	en	amh	challenge_SSA-MTE	hyp1	News	NaN	0.4188675582408905
449	450	en	amh	challenge_SSA-MTE	hyp1	News	NaN	0.4188675582408905
450	451	en	amh	challenge_SSA-MTE	hyp1	News	NaN	0.3492591381072998
451	452	en	amh	challenge_SSA-MTE	hyp1	News	NaN	0.3492591381072998
452	453	en	amh	challenge_SSA-MTE	hyp1	News	NaN	0.3492591381072998
453	454	en	amh	challenge_SSA-MTE	hyp1	News	NaN	0.3492591381072998
454	455	en	amh	challenge_SSA-MTE	hyp1	News	NaN	0.3492591381072998
455	456	en	amh	challenge_SSA-MTE	hyp1	News	NaN	0.3492591381072998
456	457	en	amh	challenge_SSA-MTE	hyp1	News	NaN	0.3804192543029785
457	458	en	amh	challenge_SSA-MTE	hyp1	News	NaN	0.3804192543029785
458	459	en	amh	challenge_SSA-MTE	hyp1	News	NaN	0.3804192543029785
459	460	en	amh	challenge_SSA-MTE	hyp1	News	NaN	0.3804192543029785
460	461	en	amh	challenge_SSA-MTE	hyp1	News	NaN	0.3804192543029785
461	462	en	amh	challenge_SSA-MTE	hyp1	News	NaN	0.3804192543029785
462	463	en	amh	challenge_SSA-MTE	hyp1	News	NaN	-0.15790922939777374
463	464	en	amh	challenge_SSA-MTE	hyp1	News	NaN	-0.15790922939777374
464	465	en	amh	challenge_SSA-MTE	hyp1	News	NaN	-0.15790922939777374
465	466	en	amh	challenge_SSA-MTE	hyp1	News	NaN	-0.15790922939777374
466	467	en	amh	challenge_SSA-MTE	hyp1	News	NaN	-0.15790922939777374
467	468	en	amh	challenge_SSA-MTE	hyp1	News	NaN	-0.15790922939777374
468	469	en	amh	challenge_SSA-MTE	hyp1	News	NaN	0.41744810342788696
469	470	en	amh	challenge_SSA-MTE	hyp1	News	NaN	0.41744810342788696
470	471	en	amh	challenge_SSA-MTE	hyp1	News	NaN	0.41744810342788696
471	472	en	amh	challenge_SSA-MTE	hyp1	News	NaN	0.41744810342788696
472	473	en	amh	challenge_SSA-MTE	hyp1	News	NaN	0.41744810342788696
473	474	en	amh	challenge_SSA-MTE	hyp1	News	NaN	0.35959917306900024
474	475	en	amh	challenge_SSA-MTE	hyp1	News	NaN	0.35959917306900024
475	476	en	amh	challenge_SSA-MTE	hyp1	News	NaN	0.35959917306900024
476	477	en	amh	challenge_SSA-MTE	hyp1	News	NaN	0.35959917306900024
477	478	en	amh	challenge_SSA-MTE	hyp1	News	NaN	0.35959917306900024
478	479	en	amh	challenge_SSA-MTE	hyp1	News	NaN	0.35959917306900024
479	480	en	amh	challenge_SSA-MTE	hyp1	News	NaN	0.07422918826341629
480	481	en	amh	challenge_SSA-MTE	hyp1	News	NaN	0.07422918826341629
481	482	en	amh	challenge_SSA-MTE	hyp1	News	NaN	0.07422918826341629
482	483	en	amh	challenge_SSA-MTE	hyp1	News	NaN	0.07422918826341629
483	484	en	amh	challenge_SSA-MTE	hyp1	News	NaN	0.07422918826341629
484	485	en	amh	challenge_SSA-MTE	hyp1	News	NaN	-0.6725713014602661
485	486	en	amh	challenge_SSA-MTE	hyp1	News	NaN	-0.6725713014602661
486	487	en	amh	challenge_SSA-MTE	hyp1	News	NaN	-0.6725713014602661
487	488	en	amh	challenge_SSA-MTE	hyp1	News	NaN	-0.6725713014602661
488	489	en	amh	challenge_SSA-MTE	hyp1	News	NaN	-0.6725713014602661
489	490	en	amh	challenge_SSA-MTE	hyp1	News	NaN	-0.6725713014602661
490	491	en	amh	challenge_SSA-MTE	hyp1	News	NaN	0.0901528149843216
491	492	en	amh	challenge_SSA-MTE	hyp1	News	NaN	0.0901528149843216
492	493	en	amh	challenge_SSA-MTE	hyp1	News	NaN	0.0901528149843216
493	494	en	amh	challenge_SSA-MTE	hyp1	News	NaN	0.0901528149843216
494	495	en	amh	challenge_SSA-MTE	hyp1	News	NaN	0.0901528149843216
495	496	en	amh	challenge_SSA-MTE	hyp1	News	NaN	0.0901528149843216
496	497	en	amh	challenge_SSA-MTE	hyp1	News	NaN	0.22301463782787323
497	498	en	amh	challenge_SSA-MTE	hyp1	News	NaN	0.22301463782787323
498	499	en	amh	challenge_SSA-MTE	hyp1	News	NaN	0.22301463782787323
499	500	en	amh	challenge_SSA-MTE	hyp1	News	NaN	0.22301463782787323
500	501	en	amh	challenge_SSA-MTE	hyp1	News	NaN	0.22301463782787323
501	502	en	amh	challenge_SSA-MTE	hyp1	News	NaN	0.22301463782787323
502	503	en	amh	challenge_SSA-MTE	hyp1	News	NaN	0.4163745939731598
503	504	en	amh	challenge_SSA-MTE	hyp1	News	NaN	0.4163745939731598
504	505	en	amh	challenge_SSA-MTE	hyp1	News	NaN	0.4163745939731598
505	506	en	amh	challenge_SSA-MTE	hyp1	News	NaN	0.416375070810318
506	507	en	amh	challenge_SSA-MTE	hyp1	News	NaN	0.4163745939731598
507	508	en	amh	challenge_SSA-MTE	hyp1	News	NaN	0.3907780647277832
508	509	en	amh	challenge_SSA-MTE	hyp1	News	NaN	0.3907780647277832
509	510	en	amh	challenge_SSA-MTE	hyp1	News	NaN	0.3907780647277832
510	511	en	amh	challenge_SSA-MTE	hyp1	News	NaN	0.3907780647277832
511	512	en	amh	challenge_SSA-MTE	hyp1	News	NaN	0.3907780647277832
512	513	en	amh	challenge_SSA-MTE	hyp1	News	NaN	0.3907780647277832
513	514	en	amh	challenge_SSA-MTE	hyp1	News	NaN	0.029353061690926552
514	515	en	amh	challenge_SSA-MTE	hyp1	News	NaN	0.029353061690926552
515	516	en	amh	challenge_SSA-MTE	hyp1	News	NaN	0.029353061690926552
516	517	en	amh	challenge_SSA-MTE	hyp1	News	NaN	0.029353061690926552
517	518	en	amh	challenge_SSA-MTE	hyp1	News	NaN	0.029353061690926552
518	519	en	amh	challenge_SSA-MTE	hyp1	News	NaN	0.029353061690926552
519	520	en	amh	challenge_SSA-MTE	hyp1	News	NaN	0.2865145206451416
520	521	en	amh	challenge_SSA-MTE	hyp1	News	NaN	0.2865145206451416
521	522	en	amh	challenge_SSA-MTE	hyp1	News	NaN	0.2865145206451416
522	523	en	amh	challenge_SSA-MTE	hyp1	News	NaN	0.2865145206451416
523	524	en	amh	challenge_SSA-MTE	hyp1	News	NaN	0.2865145206451416
524	525	en	amh	challenge_SSA-MTE	hyp1	News	NaN	0.2865145206451416
525	526	en	amh	challenge_SSA-MTE	hyp1	News	NaN	0.5113058686256409
526	527	en	amh	challenge_SSA-MTE	hyp1	News	NaN	0.5113058686256409
527	528	en	amh	challenge_SSA-MTE	hyp1	News	NaN	0.5113058686256409
528	529	en	amh	challenge_SSA-MTE	hyp1	News	NaN	0.5113058686256409
529	530	en	amh	challenge_SSA-MTE	hyp1	News	NaN	0.5113058686256409
530	531	en	amh	challenge_SSA-MTE	hyp1	News	NaN	0.5113058686256409
531	532	en	amh	challenge_SSA-MTE	hyp1	News	NaN	0.37030327320098877
532	533	en	amh	challenge_SSA-MTE	hyp1	News	NaN	0.37030327320098877
533	534	en	amh	challenge_SSA-MTE	hyp1	News	NaN	0.37030327320098877
534	535	en	amh	challenge_SSA-MTE	hyp1	News	NaN	0.37030327320098877
535	536	en	amh	challenge_SSA-MTE	hyp1	News	NaN	0.37030327320098877
536	537	en	amh	challenge_SSA-MTE	hyp1	News	NaN	0.37030327320098877
537	538	en	amh	challenge_SSA-MTE	hyp1	News	NaN	0.2968721091747284
538	539	en	amh	challenge_SSA-MTE	hyp1	News	NaN	0.2968721091747284
539	540	en	amh	challenge_SSA-MTE	hyp1	News	NaN	0.2968721091747284
540	541	en	amh	challenge_SSA-MTE	hyp1	News	NaN	0.2968721091747284
541	542	en	amh	challenge_SSA-MTE	hyp1	News	NaN	0.2968721091747284
542	543	en	amh	challenge_SSA-MTE	hyp1	News	NaN	0.2968721091747284
543	544	en	amh	challenge_SSA-MTE	hyp1	News	NaN	-0.3032107651233673
544	545	en	amh	challenge_SSA-MTE	hyp1	News	NaN	-0.3032107651233673
545	546	en	amh	challenge_SSA-MTE	hyp1	News	NaN	-0.3032107651233673
546	547	en	amh	challenge_SSA-MTE	hyp1	News	NaN	-0.3032107651233673
547	548	en	amh	challenge_SSA-MTE	hyp1	News	NaN	-0.3032107651233673
548	549	en	amh	challenge_SSA-MTE	hyp1	News	NaN	-0.3032107651233673
549	550	en	amh	challenge_SSA-MTE	hyp1	News	NaN	0.23310959339141846
550	551	en	amh	challenge_SSA-MTE	hyp1	News	NaN	0.23310959339141846
551	552	en	amh	challenge_SSA-MTE	hyp1	News	NaN	0.23310959339141846
552	553	en	amh	challenge_SSA-MTE	hyp1	News	NaN	0.23310959339141846
553	554	en	amh	challenge_SSA-MTE	hyp1	News	NaN	0.23310959339141846
554	555	en	amh	challenge_SSA-MTE	hyp1	News	NaN	0.23310959339141846
555	556	en	amh	challenge_SSA-MTE	hyp1	News	NaN	0.31555289030075073
556	557	en	amh	challenge_SSA-MTE	hyp1	News	NaN	0.3155515789985657
557	558	en	amh	challenge_SSA-MTE	hyp1	News	NaN	0.3155515789985657
558	559	en	amh	challenge_SSA-MTE	hyp1	News	NaN	0.3155515789985657
559	560	en	amh	challenge_SSA-MTE	hyp1	News	NaN	0.3155515789985657
560	561	en	amh	challenge_SSA-MTE	hyp1	News	NaN	0.3155515789985657
561	562	en	amh	challenge_SSA-MTE	hyp1	News	NaN	0.4583611488342285
562	563	en	amh	challenge_SSA-MTE	hyp1	News	NaN	0.4583611488342285
563	564	en	amh	challenge_SSA-MTE	hyp1	News	NaN	0.4583611488342285
564	565	en	amh	challenge_SSA-MTE	hyp1	News	NaN	0.4583611488342285
565	566	en	amh	challenge_SSA-MTE	hyp1	News	NaN	0.4583611488342285
566	567	en	amh	challenge_SSA-MTE	hyp1	News	NaN	0.4583611488342285
567	568	en	amh	challenge_SSA-MTE	hyp1	News	NaN	0.3237239122390747
568	569	en	amh	challenge_SSA-MTE	hyp1	News	NaN	0.3237239122390747
569	570	en	amh	challenge_SSA-MTE	hyp1	News	NaN	0.32372382283210754
570	571	en	amh	challenge_SSA-MTE	hyp1	News	NaN	0.32372382283210754
571	572	en	amh	challenge_SSA-MTE	hyp1	News	NaN	0.3237239122390747
572	573	en	amh	challenge_SSA-MTE	hyp1	News	NaN	0.3237239122390747
573	574	en	amh	challenge_SSA-MTE	hyp1	News	NaN	0.16922692954540253
574	575	en	amh	challenge_SSA-MTE	hyp1	News	NaN	0.16922692954540253
575	576	en	amh	challenge_SSA-MTE	hyp1	News	NaN	0.16922692954540253
576	577	en	amh	challenge_SSA-MTE	hyp1	News	NaN	0.16922692954540253
577	578	en	amh	challenge_SSA-MTE	hyp1	News	NaN	0.16922692954540253
578	579	en	amh	challenge_SSA-MTE	hyp1	News	NaN	0.16922682523727417
579	580	en	amh	challenge_SSA-MTE	hyp1	News	NaN	0.49003082513809204
580	581	en	amh	challenge_SSA-MTE	hyp1	News	NaN	0.4900306463241577
581	582	en	amh	challenge_SSA-MTE	hyp1	News	NaN	0.4900306463241577
582	583	en	amh	challenge_SSA-MTE	hyp1	News	NaN	0.4900306463241577
583	584	en	amh	challenge_SSA-MTE	hyp1	News	NaN	0.4900306463241577
584	585	en	amh	challenge_SSA-MTE	hyp1	News	NaN	0.49003082513809204
585	586	en	amh	challenge_SSA-MTE	hyp1	News	NaN	0.3642699718475342
586	587	en	amh	challenge_SSA-MTE	hyp1	News	NaN	0.3642699718475342
587	588	en	amh	challenge_SSA-MTE	hyp1	News	NaN	0.3642699718475342
588	589	en	amh	challenge_SSA-MTE	hyp1	News	NaN	0.3642699718475342
589	590	en	amh	challenge_SSA-MTE	hyp1	News	NaN	-0.3337954580783844
590	591	en	amh	challenge_SSA-MTE	hyp1	News	NaN	-0.3337954580783844
591	592	en	amh	challenge_SSA-MTE	hyp1	News	NaN	-0.3337954580783844
592	593	en	amh	challenge_SSA-MTE	hyp1	News	NaN	-0.3337954580783844
593	594	en	amh	challenge_SSA-MTE	hyp1	News	NaN	-0.3337954580783844
594	595	en	amh	challenge_SSA-MTE	hyp1	News	NaN	-0.3337954580783844
595	596	en	amh	challenge_SSA-MTE	hyp1	News	NaN	-0.06694944202899933
596	597	en	amh	challenge_SSA-MTE	hyp1	News	NaN	-0.06694944202899933
597	598	en	amh	challenge_SSA-MTE	hyp1	News	NaN	-0.06694944202899933
598	599	en	amh	challenge_SSA-MTE	hyp1	News	NaN	-0.06694944202899933
599	600	en	amh	challenge_SSA-MTE	hyp1	News	NaN	-0.06694944202899933
600	601	en	amh	challenge_SSA-MTE	hyp1	News	NaN	-0.06694944202899933
601	602	en	amh	challenge_SSA-MTE	hyp1	News	NaN	0.3077066242694855
602	603	en	amh	challenge_SSA-MTE	hyp1	News	NaN	0.3077066242694855
603	604	en	amh	challenge_SSA-MTE	hyp1	News	NaN	0.3077066242694855
604	605	en	amh	challenge_SSA-MTE	hyp1	News	NaN	0.3077066242694855
605	606	en	amh	challenge_SSA-MTE	hyp1	News	NaN	0.3077066242694855
606	607	en	amh	challenge_SSA-MTE	hyp1	News	NaN	0.3077066242694855
607	608	en	amh	challenge_SSA-MTE	hyp1	News	NaN	0.02120407484471798
608	609	en	amh	challenge_SSA-MTE	hyp1	News	NaN	0.02120407484471798
609	610	en	amh	challenge_SSA-MTE	hyp1	News	NaN	0.02120407484471798
610	611	en	amh	challenge_SSA-MTE	hyp1	News	NaN	0.02120407484471798
611	612	en	amh	challenge_SSA-MTE	hyp1	News	NaN	0.02120407484471798
612	613	en	amh	challenge_SSA-MTE	hyp1	News	NaN	0.02120407484471798
613	614	en	amh	challenge_SSA-MTE	hyp1	News	NaN	0.15741018950939178
614	615	en	amh	challenge_SSA-MTE	hyp1	News	NaN	0.15741018950939178
615	616	en	amh	challenge_SSA-MTE	hyp1	News	NaN	0.1574103832244873
616	617	en	amh	challenge_SSA-MTE	hyp1	News	NaN	0.1574103832244873
617	618	en	amh	challenge_SSA-MTE	hyp1	News	NaN	0.1574103832244873
618	619	en	amh	challenge_SSA-MTE	hyp1	News	NaN	0.1574103832244873
619	620	en	amh	challenge_SSA-MTE	hyp1	News	NaN	0.20789730548858643
620	621	en	amh	challenge_SSA-MTE	hyp1	News	NaN	0.20789730548858643
621	622	en	amh	challenge_SSA-MTE	hyp1	News	NaN	0.20789730548858643
622	623	en	amh	challenge_SSA-MTE	hyp1	News	NaN	0.20789730548858643
623	624	en	amh	challenge_SSA-MTE	hyp1	News	NaN	0.20789730548858643
624	625	en	amh	challenge_SSA-MTE	hyp1	News	NaN	0.20789730548858643
625	626	en	amh	challenge_SSA-MTE	hyp1	News	NaN	-0.06380008906126022
626	627	en	amh	challenge_SSA-MTE	hyp1	News	NaN	-0.06380008906126022
627	628	en	amh	challenge_SSA-MTE	hyp1	News	NaN	-0.06380008906126022
628	629	en	amh	challenge_SSA-MTE	hyp1	News	NaN	-0.06379976123571396
629	630	en	amh	challenge_SSA-MTE	hyp1	News	NaN	-0.06379976123571396
630	631	en	amh	challenge_SSA-MTE	hyp1	News	NaN	-0.06379976123571396
631	632	en	amh	challenge_SSA-MTE	hyp1	News	NaN	0.2458779662847519
632	633	en	amh	challenge_SSA-MTE	hyp1	News	NaN	0.2458779662847519
633	634	en	amh	challenge_SSA-MTE	hyp1	News	NaN	0.2458779662847519
634	635	en	amh	challenge_SSA-MTE	hyp1	News	NaN	0.2458779662847519
635	636	en	amh	challenge_SSA-MTE	hyp1	News	NaN	0.2458779662847519
636	637	en	amh	challenge_SSA-MTE	hyp1	News	NaN	0.2458779662847519
637	638	en	amh	challenge_SSA-MTE	hyp1	News	NaN	-1.3012694120407104
638	639	en	amh	challenge_SSA-MTE	hyp1	News	NaN	-1.3012694120407104
639	640	en	amh	challenge_SSA-MTE	hyp1	News	NaN	-1.3012694120407104
640	641	en	amh	challenge_SSA-MTE	hyp1	News	NaN	-1.3012694120407104
641	642	en	amh	challenge_SSA-MTE	hyp1	News	NaN	-1.3012694120407104
642	643	en	amh	challenge_SSA-MTE	hyp1	News	NaN	-1.3012694120407104
643	644	en	amh	challenge_SSA-MTE	hyp1	News	NaN	-1.3300487995147705
644	645	en	amh	challenge_SSA-MTE	hyp1	News	NaN	-1.3300482034683228
645	646	en	amh	challenge_SSA-MTE	hyp1	News	NaN	-1.3300482034683228
646	647	en	amh	challenge_SSA-MTE	hyp1	News	NaN	-1.3300482034683228
647	648	en	amh	challenge_SSA-MTE	hyp1	News	NaN	-1.3300482034683228
648	649	en	amh	challenge_SSA-MTE	hyp1	News	NaN	-1.3300482034683228
649	650	en	amh	challenge_SSA-MTE	hyp1	News	NaN	-0.781653642654419
650	651	en	amh	challenge_SSA-MTE	hyp1	News	NaN	-0.7816525101661682
651	652	en	amh	challenge_SSA-MTE	hyp1	News	NaN	-0.7816525101661682
652	653	en	amh	challenge_SSA-MTE	hyp1	News	NaN	-0.7816525101661682
653	654	en	amh	challenge_SSA-MTE	hyp1	News	NaN	-0.7816525101661682
654	655	en	amh	challenge_SSA-MTE	hyp1	News	NaN	-0.781653642654419
655	656	en	amh	challenge_SSA-MTE	hyp1	News	NaN	0.30814796686172485
656	657	en	amh	challenge_SSA-MTE	hyp1	News	NaN	0.30814796686172485
657	658	en	amh	challenge_SSA-MTE	hyp1	News	NaN	0.30814796686172485
658	659	en	amh	challenge_SSA-MTE	hyp1	News	NaN	0.30814796686172485
659	660	en	amh	challenge_SSA-MTE	hyp1	News	NaN	0.30814796686172485
660	661	en	amh	challenge_SSA-MTE	hyp1	News	NaN	0.3314051330089569
661	662	en	amh	challenge_SSA-MTE	hyp1	News	NaN	0.3314051330089569
662	663	en	amh	challenge_SSA-MTE	hyp1	News	NaN	0.3314051330089569
663	664	en	amh	challenge_SSA-MTE	hyp1	News	NaN	0.3314051330089569
664	665	en	amh	challenge_SSA-MTE	hyp1	News	NaN	0.3314051330089569
665	666	en	amh	challenge_SSA-MTE	hyp1	News	NaN	0.3314051330089569
666	667	en	amh	challenge_SSA-MTE	hyp1	News	NaN	0.06342319399118423
667	668	en	amh	challenge_SSA-MTE	hyp1	News	NaN	0.06342319399118423
668	669	en	amh	challenge_SSA-MTE	hyp1	News	NaN	0.06342319399118423
669	670	en	amh	challenge_SSA-MTE	hyp1	News	NaN	0.06342319399118423
670	671	en	amh	challenge_SSA-MTE	hyp1	News	NaN	0.06342319399118423
671	672	en	amh	challenge_SSA-MTE	hyp1	News	NaN	0.06342319399118423
672	673	en	amh	challenge_SSA-MTE	hyp1	News	NaN	0.42058229446411133
673	674	en	amh	challenge_SSA-MTE	hyp1	News	NaN	0.42058229446411133
674	675	en	amh	challenge_SSA-MTE	hyp1	News	NaN	0.42058229446411133
675	676	en	amh	challenge_SSA-MTE	hyp1	News	NaN	0.42058229446411133
676	677	en	amh	challenge_SSA-MTE	hyp1	News	NaN	0.42058229446411133
677	678	en	amh	challenge_SSA-MTE	hyp1	News	NaN	0.3913133144378662
678	679	en	amh	challenge_SSA-MTE	hyp1	News	NaN	0.3913133144378662
679	680	en	amh	challenge_SSA-MTE	hyp1	News	NaN	0.3913133144378662
680	681	en	amh	challenge_SSA-MTE	hyp1	News	NaN	0.3913133144378662
681	682	en	amh	challenge_SSA-MTE	hyp1	News	NaN	0.3913133144378662
682	683	en	amh	challenge_SSA-MTE	hyp1	News	NaN	0.3913133144378662
683	684	en	amh	challenge_SSA-MTE	hyp1	News	NaN	0.23395895957946777
684	685	en	amh	challenge_SSA-MTE	hyp1	News	NaN	0.23395895957946777
685	686	en	amh	challenge_SSA-MTE	hyp1	News	NaN	0.23395895957946777
686	687	en	amh	challenge_SSA-MTE	hyp1	News	NaN	0.23395895957946777
687	688	en	amh	challenge_SSA-MTE	hyp1	News	NaN	0.23395895957946777
688	689	en	amh	challenge_SSA-MTE	hyp1	News	NaN	0.23395895957946777
689	690	en	amh	challenge_SSA-MTE	hyp1	News	NaN	0.23305203020572662
690	691	en	amh	challenge_SSA-MTE	hyp1	News	NaN	0.23305153846740723
691	692	en	amh	challenge_SSA-MTE	hyp1	News	NaN	0.23305153846740723
692	693	en	amh	challenge_SSA-MTE	hyp1	News	NaN	0.23305153846740723
693	694	en	amh	challenge_SSA-MTE	hyp1	News	NaN	0.23305153846740723
694	695	en	amh	challenge_SSA-MTE	hyp1	News	NaN	0.0788857564330101
695	696	en	amh	challenge_SSA-MTE	hyp1	News	NaN	0.0788857564330101
696	697	en	amh	challenge_SSA-MTE	hyp1	News	NaN	0.07888596504926682
697	698	en	amh	challenge_SSA-MTE	hyp1	News	NaN	0.0788857564330101
698	699	en	amh	challenge_SSA-MTE	hyp1	News	NaN	0.07888596504926682
699	700	en	amh	challenge_SSA-MTE	hyp1	News	NaN	0.0788857564330101
700	701	en	amh	challenge_SSA-MTE	hyp1	News	NaN	0.2924764156341553
701	702	en	amh	challenge_SSA-MTE	hyp1	News	NaN	0.2924764156341553
702	703	en	amh	challenge_SSA-MTE	hyp1	News	NaN	0.2924768924713135
703	704	en	amh	challenge_SSA-MTE	hyp1	News	NaN	0.2924768924713135
704	705	en	amh	challenge_SSA-MTE	hyp1	News	NaN	0.2924767732620239
705	706	en	amh	challenge_SSA-MTE	hyp1	News	NaN	0.2924767732620239
706	707	en	amh	challenge_SSA-MTE	hyp1	News	NaN	-0.6553350687026978
707	708	en	amh	challenge_SSA-MTE	hyp1	News	NaN	-0.6553350687026978
708	709	en	amh	challenge_SSA-MTE	hyp1	News	NaN	-0.6553350687026978
709	710	en	amh	challenge_SSA-MTE	hyp1	News	NaN	-0.6553350687026978
710	711	en	amh	challenge_SSA-MTE	hyp1	News	NaN	-0.6553350687026978
711	712	en	amh	challenge_SSA-MTE	hyp1	News	NaN	-0.6553350687026978
712	713	en	amh	challenge_SSA-MTE	hyp1	News	NaN	-0.687225341796875
713	714	en	amh	challenge_SSA-MTE	hyp1	News	NaN	-0.687225341796875
714	715	en	amh	challenge_SSA-MTE	hyp1	News	NaN	-0.687225341796875
715	716	en	amh	challenge_SSA-MTE	hyp1	News	NaN	-0.687225341796875
716	717	en	amh	challenge_SSA-MTE	hyp1	News	NaN	-0.687225341796875
717	718	en	amh	challenge_SSA-MTE	hyp1	News	NaN	-0.687225341796875
718	719	en	amh	challenge_SSA-MTE	hyp1	News	NaN	-0.743300199508667
719	720	en	amh	challenge_SSA-MTE	hyp1	News	NaN	-0.743300199508667
720	721	en	amh	challenge_SSA-MTE	hyp1	News	NaN	-0.743300199508667
721	722	en	amh	challenge_SSA-MTE	hyp1	News	NaN	-0.743300199508667
722	723	en	amh	challenge_SSA-MTE	hyp1	News	NaN	-0.743300199508667
723	724	en	amh	challenge_SSA-MTE	hyp1	News	NaN	-0.743300199508667
724	725	en	amh	challenge_SSA-MTE	hyp1	News	NaN	0.2456625998020172
725	726	en	amh	challenge_SSA-MTE	hyp1	News	NaN	0.2456625998020172
726	727	en	amh	challenge_SSA-MTE	hyp1	News	NaN	0.24566271901130676
727	728	en	amh	challenge_SSA-MTE	hyp1	News	NaN	0.24566271901130676
728	729	en	amh	challenge_SSA-MTE	hyp1	News	NaN	0.24566271901130676
729	730	en	amh	challenge_SSA-MTE	hyp1	News	NaN	0.33757948875427246
730	731	en	amh	challenge_SSA-MTE	hyp1	News	NaN	0.33757948875427246
731	732	en	amh	challenge_SSA-MTE	hyp1	News	NaN	0.33757925033569336
732	733	en	amh	challenge_SSA-MTE	hyp1	News	NaN	0.33757925033569336
733	734	en	amh	challenge_SSA-MTE	hyp1	News	NaN	0.1593639850616455
734	735	en	amh	challenge_SSA-MTE	hyp1	News	NaN	0.1593639850616455
735	736	en	amh	challenge_SSA-MTE	hyp1	News	NaN	0.1593639850616455
736	737	en	amh	challenge_SSA-MTE	hyp1	News	NaN	0.1593639850616455
737	738	en	amh	challenge_SSA-MTE	hyp1	News	NaN	0.1593639850616455
738	739	en	amh	challenge_SSA-MTE	hyp1	News	NaN	0.1593639850616455
739	740	en	amh	challenge_SSA-MTE	hyp1	News	NaN	-0.14657598733901978
740	741	en	amh	challenge_SSA-MTE	hyp1	News	NaN	-0.14657598733901978
741	742	en	amh	challenge_SSA-MTE	hyp1	News	NaN	-0.14657598733901978
742	743	en	amh	challenge_SSA-MTE	hyp1	News	NaN	-0.14657598733901978
743	744	en	amh	challenge_SSA-MTE	hyp1	News	NaN	-0.14657598733901978
744	745	en	amh	challenge_SSA-MTE	hyp1	News	NaN	-0.14657598733901978
745	746	en	amh	challenge_SSA-MTE	hyp1	News	NaN	0.40635204315185547
746	747	en	amh	challenge_SSA-MTE	hyp1	News	NaN	0.40635204315185547
747	748	en	amh	challenge_SSA-MTE	hyp1	News	NaN	0.40635204315185547
748	749	en	amh	challenge_SSA-MTE	hyp1	News	NaN	0.40635204315185547
749	750	en	amh	challenge_SSA-MTE	hyp1	News	NaN	0.40635204315185547
750	751	en	amh	challenge_SSA-MTE	hyp1	News	NaN	0.40635204315185547
751	752	en	amh	challenge_SSA-MTE	hyp1	News	NaN	-0.25360751152038574
752	753	en	amh	challenge_SSA-MTE	hyp1	News	NaN	-0.25360777974128723
753	754	en	amh	challenge_SSA-MTE	hyp1	News	NaN	-0.25360777974128723
754	755	en	amh	challenge_SSA-MTE	hyp1	News	NaN	-0.25360777974128723
755	756	en	amh	challenge_SSA-MTE	hyp1	News	NaN	-0.25360777974128723
756	757	en	amh	challenge_SSA-MTE	hyp1	News	NaN	-0.25360751152038574
757	758	en	amh	challenge_SSA-MTE	hyp1	News	NaN	-0.9653333425521851
758	759	en	amh	challenge_SSA-MTE	hyp1	News	NaN	-0.9653333425521851
759	760	en	amh	challenge_SSA-MTE	hyp1	News	NaN	-0.9653335809707642
760	761	en	amh	challenge_SSA-MTE	hyp1	News	NaN	-0.9653333425521851
761	762	en	amh	challenge_SSA-MTE	hyp1	News	NaN	-0.9653333425521851
762	763	en	amh	challenge_SSA-MTE	hyp1	News	NaN	-0.9653333425521851
763	764	en	amh	challenge_SSA-MTE	hyp1	News	NaN	0.2449859380722046
764	765	en	amh	challenge_SSA-MTE	hyp1	News	NaN	0.2449859380722046
765	766	en	amh	challenge_SSA-MTE	hyp1	News	NaN	0.2449859380722046
766	767	en	amh	challenge_SSA-MTE	hyp1	News	NaN	0.2449859380722046
767	768	en	amh	challenge_SSA-MTE	hyp1	News	NaN	0.2449859380722046
768	769	en	amh	challenge_SSA-MTE	hyp1	News	NaN	0.2449859380722046
769	770	en	amh	challenge_SSA-MTE	hyp1	News	NaN	0.2974000573158264
770	771	en	amh	challenge_SSA-MTE	hyp1	News	NaN	0.2974000573158264
771	772	en	amh	challenge_SSA-MTE	hyp1	News	NaN	0.2974000573158264
772	773	en	amh	challenge_SSA-MTE	hyp1	News	NaN	0.2974000573158264
773	774	en	amh	challenge_SSA-MTE	hyp1	News	NaN	0.2974000573158264
774	775	en	amh	challenge_SSA-MTE	hyp1	News	NaN	0.2974000573158264
775	776	en	amh	challenge_SSA-MTE	hyp1	News	NaN	0.20512546598911285
776	777	en	amh	challenge_SSA-MTE	hyp1	News	NaN	0.20512546598911285
777	778	en	amh	challenge_SSA-MTE	hyp1	News	NaN	0.20512546598911285
778	779	en	amh	challenge_SSA-MTE	hyp1	News	NaN	0.20512546598911285
779	780	en	amh	challenge_SSA-MTE	hyp1	News	NaN	0.20512546598911285
780	781	en	amh	challenge_SSA-MTE	hyp1	News	NaN	0.20512546598911285
781	782	en	amh	challenge_SSA-MTE	hyp1	News	NaN	0.26800835132598877
782	783	en	amh	challenge_SSA-MTE	hyp1	News	NaN	0.26800835132598877
783	784	en	amh	challenge_SSA-MTE	hyp1	News	NaN	0.26800835132598877
784	785	en	amh	challenge_SSA-MTE	hyp1	News	NaN	0.26800835132598877
785	786	en	amh	challenge_SSA-MTE	hyp1	News	NaN	0.26800835132598877
786	787	en	amh	challenge_SSA-MTE	hyp1	News	NaN	0.26800835132598877
787	788	en	amh	challenge_SSA-MTE	hyp1	News	NaN	-0.25046637654304504
788	789	en	amh	challenge_SSA-MTE	hyp1	News	NaN	-0.25046637654304504
789	790	en	amh	challenge_SSA-MTE	hyp1	News	NaN	-0.25046637654304504
790	791	en	amh	challenge_SSA-MTE	hyp1	News	NaN	-0.25046637654304504
791	792	en	amh	challenge_SSA-MTE	hyp1	News	NaN	-0.25046586990356445
792	793	en	amh	challenge_SSA-MTE	hyp1	News	NaN	-0.25046637654304504
793	794	en	amh	challenge_SSA-MTE	hyp1	News	NaN	0.5369964838027954
794	795	en	amh	challenge_SSA-MTE	hyp1	News	NaN	0.5369963049888611
795	796	en	amh	challenge_SSA-MTE	hyp1	News	NaN	0.5369963049888611
796	797	en	amh	challenge_SSA-MTE	hyp1	News	NaN	0.5369963049888611
797	798	en	amh	challenge_SSA-MTE	hyp1	News	NaN	0.5369963049888611
798	799	en	amh	challenge_SSA-MTE	hyp1	News	NaN	0.5369964838027954
799	800	en	amh	challenge_SSA-MTE	hyp1	News	NaN	0.31820714473724365
800	801	en	amh	challenge_SSA-MTE	hyp1	News	NaN	0.31820714473724365
801	802	en	amh	challenge_SSA-MTE	hyp1	News	NaN	0.31820714473724365
802	803	en	amh	challenge_SSA-MTE	hyp1	News	NaN	0.31820714473724365
803	804	en	amh	challenge_SSA-MTE	hyp1	News	NaN	0.31820714473724365
804	805	en	amh	challenge_SSA-MTE	hyp1	News	NaN	0.31820714473724365
805	806	en	amh	challenge_SSA-MTE	hyp1	News	NaN	0.08321482688188553
806	807	en	amh	challenge_SSA-MTE	hyp1	News	NaN	0.08321482688188553
807	808	en	amh	challenge_SSA-MTE	hyp1	News	NaN	0.08321482688188553
808	809	en	amh	challenge_SSA-MTE	hyp1	News	NaN	0.08321482688188553
809	810	en	amh	challenge_SSA-MTE	hyp1	News	NaN	0.08321482688188553
810	811	en	amh	challenge_SSA-MTE	hyp1	News	NaN	0.45526301860809326
811	812	en	amh	challenge_SSA-MTE	hyp1	News	NaN	0.45526301860809326
812	813	en	amh	challenge_SSA-MTE	hyp1	News	NaN	0.45526301860809326
813	814	en	amh	challenge_SSA-MTE	hyp1	News	NaN	0.45526301860809326
814	815	en	amh	challenge_SSA-MTE	hyp1	News	NaN	0.45526301860809326
815	816	en	amh	challenge_SSA-MTE	hyp1	News	NaN	0.45526301860809326
816	817	en	amh	challenge_SSA-MTE	hyp1	News	NaN	0.22119204699993134
817	818	en	amh	challenge_SSA-MTE	hyp1	News	NaN	0.22119204699993134
818	819	en	amh	challenge_SSA-MTE	hyp1	News	NaN	0.22119204699993134
819	820	en	amh	challenge_SSA-MTE	hyp1	News	NaN	0.22119204699993134
820	821	en	amh	challenge_SSA-MTE	hyp1	News	NaN	0.22119204699993134
821	822	en	amh	challenge_SSA-MTE	hyp1	News	NaN	0.22119204699993134
822	823	en	amh	challenge_SSA-MTE	hyp1	News	NaN	-0.0025226068682968616
823	824	en	amh	challenge_SSA-MTE	hyp1	News	NaN	-0.0025226068682968616
824	825	en	amh	challenge_SSA-MTE	hyp1	News	NaN	-0.0025226068682968616
825	826	en	amh	challenge_SSA-MTE	hyp1	News	NaN	-0.0025226068682968616
826	827	en	amh	challenge_SSA-MTE	hyp1	News	NaN	-0.0025226068682968616
827	828	en	amh	challenge_SSA-MTE	hyp1	News	NaN	-0.0025226068682968616
828	829	en	amh	challenge_SSA-MTE	hyp1	News	NaN	0.3786906599998474
829	830	en	amh	challenge_SSA-MTE	hyp1	News	NaN	0.3786906599998474
830	831	en	amh	challenge_SSA-MTE	hyp1	News	NaN	0.3786906599998474
831	832	en	amh	challenge_SSA-MTE	hyp1	News	NaN	0.3786906599998474
832	833	en	amh	challenge_SSA-MTE	hyp1	News	NaN	0.3786906599998474
833	834	en	amh	challenge_SSA-MTE	hyp1	News	NaN	0.3786906599998474
834	835	en	amh	challenge_SSA-MTE	hyp1	News	NaN	0.32624220848083496
835	836	en	amh	challenge_SSA-MTE	hyp1	News	NaN	0.32624220848083496
836	837	en	amh	challenge_SSA-MTE	hyp1	News	NaN	0.32624220848083496
837	838	en	amh	challenge_SSA-MTE	hyp1	News	NaN	0.32624220848083496
838	839	en	amh	challenge_SSA-MTE	hyp1	News	NaN	0.28647324442863464
839	840	en	amh	challenge_SSA-MTE	hyp1	News	NaN	0.28647324442863464
840	841	en	amh	challenge_SSA-MTE	hyp1	News	NaN	0.28647324442863464
841	842	en	amh	challenge_SSA-MTE	hyp1	News	NaN	0.28647324442863464
842	843	en	amh	challenge_SSA-MTE	hyp1	News	NaN	0.28647324442863464
843	844	en	amh	challenge_SSA-MTE	hyp1	News	NaN	0.28647324442863464
844	845	en	amh	challenge_SSA-MTE	hyp1	News	NaN	0.048442356288433075
845	846	en	amh	challenge_SSA-MTE	hyp1	News	NaN	0.048441365361213684
846	847	en	amh	challenge_SSA-MTE	hyp1	News	NaN	0.048441365361213684
847	848	en	amh	challenge_SSA-MTE	hyp1	News	NaN	0.048441365361213684
848	849	en	amh	challenge_SSA-MTE	hyp1	News	NaN	0.048441365361213684
849	850	en	amh	challenge_SSA-MTE	hyp1	News	NaN	0.048441365361213684
850	851	en	amh	challenge_SSA-MTE	hyp1	News	NaN	0.23279784619808197
851	852	en	amh	challenge_SSA-MTE	hyp1	News	NaN	0.23279784619808197
852	853	en	amh	challenge_SSA-MTE	hyp1	News	NaN	0.23279784619808197
853	854	en	amh	challenge_SSA-MTE	hyp1	News	NaN	0.23279784619808197
854	855	en	amh	challenge_SSA-MTE	hyp1	News	NaN	0.23279784619808197
855	856	en	amh	challenge_SSA-MTE	hyp1	News	NaN	0.23279747366905212
856	857	en	amh	challenge_SSA-MTE	hyp1	News	NaN	-0.5253951549530029
857	858	en	amh	challenge_SSA-MTE	hyp1	News	NaN	-0.5253951549530029
858	859	en	amh	challenge_SSA-MTE	hyp1	News	NaN	-0.5253951549530029
859	860	en	amh	challenge_SSA-MTE	hyp1	News	NaN	-0.5253951549530029
860	861	en	amh	challenge_SSA-MTE	hyp1	News	NaN	-0.5253951549530029
861	862	en	amh	challenge_SSA-MTE	hyp1	News	NaN	0.49995362758636475
862	863	en	amh	challenge_SSA-MTE	hyp1	News	NaN	0.49995362758636475
863	864	en	amh	challenge_SSA-MTE	hyp1	News	NaN	0.49995362758636475
864	865	en	amh	challenge_SSA-MTE	hyp1	News	NaN	0.49995362758636475
865	866	en	amh	challenge_SSA-MTE	hyp1	News	NaN	0.49995362758636475
866	867	en	amh	challenge_SSA-MTE	hyp1	News	NaN	0.12715452909469604
867	868	en	amh	challenge_SSA-MTE	hyp1	News	NaN	0.12715452909469604
868	869	en	amh	challenge_SSA-MTE	hyp1	News	NaN	0.12715452909469604
869	870	en	amh	challenge_SSA-MTE	hyp1	News	NaN	0.12715452909469604
870	871	en	amh	challenge_SSA-MTE	hyp1	News	NaN	0.12715452909469604
871	872	en	amh	challenge_SSA-MTE	hyp1	News	NaN	0.3642103970050812
872	873	en	amh	challenge_SSA-MTE	hyp1	News	NaN	0.3642103970050812
873	874	en	amh	challenge_SSA-MTE	hyp1	News	NaN	0.3642103970050812
874	875	en	amh	challenge_SSA-MTE	hyp1	News	NaN	0.3642103970050812
875	876	en	amh	challenge_SSA-MTE	hyp1	News	NaN	0.3642103970050812
876	877	en	amh	challenge_SSA-MTE	hyp1	News	NaN	0.3642103970050812
877	878	en	amh	challenge_SSA-MTE	hyp1	News	NaN	-0.4558867812156677
878	879	en	amh	challenge_SSA-MTE	hyp1	News	NaN	-0.4558867812156677
879	880	en	amh	challenge_SSA-MTE	hyp1	News	NaN	-0.4558867812156677
880	881	en	amh	challenge_SSA-MTE	hyp1	News	NaN	-0.4558867812156677
881	882	en	amh	challenge_SSA-MTE	hyp1	News	NaN	-0.4558867812156677
882	883	en	amh	challenge_SSA-MTE	hyp1	News	NaN	-0.4558867812156677
883	884	en	amh	challenge_SSA-MTE	hyp1	News	NaN	0.26651087403297424
884	885	en	amh	challenge_SSA-MTE	hyp1	News	NaN	0.26651087403297424
885	886	en	amh	challenge_SSA-MTE	hyp1	News	NaN	0.26651087403297424
886	887	en	amh	challenge_SSA-MTE	hyp1	News	NaN	0.26651087403297424
887	888	en	amh	challenge_SSA-MTE	hyp1	News	NaN	0.26651087403297424
888	889	en	amh	challenge_SSA-MTE	hyp1	News	NaN	0.26651087403297424
889	890	en	amh	challenge_SSA-MTE	hyp1	News	NaN	0.06910435110330582
890	891	en	amh	challenge_SSA-MTE	hyp1	News	NaN	0.06910491734743118
891	892	en	amh	challenge_SSA-MTE	hyp1	News	NaN	0.06910441070795059
892	893	en	amh	challenge_SSA-MTE	hyp1	News	NaN	0.06910491734743118
893	894	en	amh	challenge_SSA-MTE	hyp1	News	NaN	0.06910435110330582
894	895	en	amh	challenge_SSA-MTE	hyp1	News	NaN	0.3955840468406677
895	896	en	amh	challenge_SSA-MTE	hyp1	News	NaN	0.3955840468406677
896	897	en	amh	challenge_SSA-MTE	hyp1	News	NaN	0.3955840468406677
897	898	en	amh	challenge_SSA-MTE	hyp1	News	NaN	0.3955840468406677
898	899	en	amh	challenge_SSA-MTE	hyp1	News	NaN	0.3955840468406677
899	900	en	amh	challenge_SSA-MTE	hyp1	News	NaN	0.1432686150074005
900	901	en	amh	challenge_SSA-MTE	hyp1	News	NaN	0.1432686150074005
901	902	en	amh	challenge_SSA-MTE	hyp1	News	NaN	0.1432686150074005
902	903	en	amh	challenge_SSA-MTE	hyp1	News	NaN	0.1432686150074005
903	904	en	amh	challenge_SSA-MTE	hyp1	News	NaN	0.1432686150074005
904	905	en	amh	challenge_SSA-MTE	hyp1	News	NaN	0.1432686150074005
905	906	en	amh	challenge_SSA-MTE	hyp1	News	NaN	-0.49515998363494873
906	907	en	amh	challenge_SSA-MTE	hyp1	News	NaN	-0.49515998363494873
907	908	en	amh	challenge_SSA-MTE	hyp1	News	NaN	-0.49515998363494873
908	909	en	amh	challenge_SSA-MTE	hyp1	News	NaN	-0.49515998363494873
909	910	en	amh	challenge_SSA-MTE	hyp1	News	NaN	-0.49515998363494873
910	911	en	amh	challenge_SSA-MTE	hyp1	News	NaN	0.4733199179172516
911	912	en	amh	challenge_SSA-MTE	hyp1	News	NaN	0.47332024574279785
912	913	en	amh	challenge_SSA-MTE	hyp1	News	NaN	0.47332024574279785
913	914	en	amh	challenge_SSA-MTE	hyp1	News	NaN	0.4733199179172516
914	915	en	amh	challenge_SSA-MTE	hyp1	News	NaN	0.4733199179172516
915	916	en	amh	challenge_SSA-MTE	hyp1	News	NaN	0.4733199179172516
916	917	en	amh	challenge_SSA-MTE	hyp1	News	NaN	0.07025101780891418
917	918	en	amh	challenge_SSA-MTE	hyp1	News	NaN	0.07025101780891418
918	919	en	amh	challenge_SSA-MTE	hyp1	News	NaN	0.07025101780891418
919	920	en	amh	challenge_SSA-MTE	hyp1	News	NaN	0.1758226901292801
920	921	en	amh	challenge_SSA-MTE	hyp1	News	NaN	0.1758226901292801
921	922	en	amh	challenge_SSA-MTE	hyp1	News	NaN	0.1758226901292801
922	923	en	amh	challenge_SSA-MTE	hyp1	News	NaN	0.1758226901292801
923	924	en	amh	challenge_SSA-MTE	hyp1	News	NaN	0.1758226901292801
924	925	en	amh	challenge_SSA-MTE	hyp1	News	NaN	0.1758226901292801
925	926	en	amh	challenge_SSA-MTE	hyp1	News	NaN	0.05282110720872879
926	927	en	amh	challenge_SSA-MTE	hyp1	News	NaN	0.05282110720872879
927	928	en	amh	challenge_SSA-MTE	hyp1	News	NaN	0.05282110720872879
928	929	en	amh	challenge_SSA-MTE	hyp1	News	NaN	0.05282110720872879
929	930	en	amh	challenge_SSA-MTE	hyp1	News	NaN	0.05282110720872879
930	931	en	amh	challenge_SSA-MTE	hyp1	News	NaN	0.4790911078453064
931	932	en	amh	challenge_SSA-MTE	hyp1	News	NaN	0.47909116744995117
932	933	en	amh	challenge_SSA-MTE	hyp1	News	NaN	0.4790911078453064
933	934	en	amh	challenge_SSA-MTE	hyp1	News	NaN	0.4790911078453064
934	935	en	amh	challenge_SSA-MTE	hyp1	News	NaN	0.47909116744995117
935	936	en	amh	challenge_SSA-MTE	hyp1	News	NaN	0.47909116744995117
936	937	en	amh	challenge_SSA-MTE	hyp1	News	NaN	0.1741955429315567
937	938	en	amh	challenge_SSA-MTE	hyp1	News	NaN	0.1741955429315567
938	939	en	amh	challenge_SSA-MTE	hyp1	News	NaN	0.1741955429315567
939	940	en	amh	challenge_SSA-MTE	hyp1	News	NaN	0.1741955429315567
940	941	en	amh	challenge_SSA-MTE	hyp1	News	NaN	0.1741955429315567
941	942	en	amh	challenge_SSA-MTE	hyp1	News	NaN	0.17419539391994476
942	943	en	amh	challenge_SSA-MTE	hyp1	News	NaN	0.36343714594841003
943	944	en	amh	challenge_SSA-MTE	hyp1	News	NaN	0.36343714594841003
944	945	en	amh	challenge_SSA-MTE	hyp1	News	NaN	0.36343714594841003
945	946	en	amh	challenge_SSA-MTE	hyp1	News	NaN	0.36343714594841003
946	947	en	amh	challenge_SSA-MTE	hyp1	News	NaN	0.36343714594841003
947	948	en	amh	challenge_SSA-MTE	hyp1	News	NaN	0.36343714594841003
948	949	en	amh	challenge_SSA-MTE	hyp1	News	NaN	0.5025880932807922
949	950	en	amh	challenge_SSA-MTE	hyp1	News	NaN	0.5025880932807922
950	951	en	amh	challenge_SSA-MTE	hyp1	News	NaN	0.5025880932807922
951	952	en	amh	challenge_SSA-MTE	hyp1	News	NaN	0.5025880932807922
952	953	en	amh	challenge_SSA-MTE	hyp1	News	NaN	0.5025880932807922
953	954	en	amh	challenge_SSA-MTE	hyp1	News	NaN	0.5025880932807922
954	955	en	amh	challenge_SSA-MTE	hyp1	News	NaN	-0.3050993084907532
955	956	en	amh	challenge_SSA-MTE	hyp1	News	NaN	-0.3050993084907532
956	957	en	amh	challenge_SSA-MTE	hyp1	News	NaN	-0.3050993084907532
957	958	en	amh	challenge_SSA-MTE	hyp1	News	NaN	-0.3050993084907532
958	959	en	amh	challenge_SSA-MTE	hyp1	News	NaN	-0.3050993084907532
959	960	en	amh	challenge_SSA-MTE	hyp1	News	NaN	-0.3050993084907532
960	961	en	amh	challenge_SSA-MTE	hyp1	News	NaN	0.4460535943508148
961	962	en	amh	challenge_SSA-MTE	hyp1	News	NaN	0.4460535943508148
962	963	en	amh	challenge_SSA-MTE	hyp1	News	NaN	0.4460535943508148
963	964	en	amh	challenge_SSA-MTE	hyp1	News	NaN	0.4460535943508148
964	965	en	amh	challenge_SSA-MTE	hyp1	News	NaN	0.4460535943508148
965	966	en	amh	challenge_SSA-MTE	hyp1	News	NaN	0.4460535943508148
966	967	en	amh	challenge_SSA-MTE	hyp1	News	NaN	0.10235679894685745
967	968	en	amh	challenge_SSA-MTE	hyp1	News	NaN	0.10235679894685745
968	969	en	amh	challenge_SSA-MTE	hyp1	News	NaN	0.10235679894685745
969	970	en	amh	challenge_SSA-MTE	hyp1	News	NaN	0.10235679894685745
970	971	en	amh	challenge_SSA-MTE	hyp1	News	NaN	0.10235679894685745
971	972	en	amh	challenge_SSA-MTE	hyp1	News	NaN	0.10235679894685745
972	973	en	amh	challenge_SSA-MTE	hyp1	News	NaN	0.26839888095855713
973	974	en	amh	challenge_SSA-MTE	hyp1	News	NaN	0.26839888095855713
974	975	en	amh	challenge_SSA-MTE	hyp1	News	NaN	0.26839888095855713
975	976	en	amh	challenge_SSA-MTE	hyp1	News	NaN	0.26839888095855713
976	977	en	amh	challenge_SSA-MTE	hyp1	News	NaN	0.26839888095855713
977	978	en	amh	challenge_SSA-MTE	hyp1	News	NaN	-0.41696539521217346
978	979	en	amh	challenge_SSA-MTE	hyp1	News	NaN	-0.41696539521217346
979	980	en	amh	challenge_SSA-MTE	hyp1	News	NaN	-0.41696539521217346
980	981	en	amh	challenge_SSA-MTE	hyp1	News	NaN	-0.41696539521217346
981	982	en	amh	challenge_SSA-MTE	hyp1	News	NaN	-0.41696539521217346
982	983	en	amh	challenge_SSA-MTE	hyp1	News	NaN	0.3230974078178406
983	984	en	amh	challenge_SSA-MTE	hyp1	News	NaN	0.3230974078178406
984	985	en	amh	challenge_SSA-MTE	hyp1	News	NaN	0.3230974078178406
985	986	en	amh	challenge_SSA-MTE	hyp1	News	NaN	0.3230974078178406
986	987	en	amh	challenge_SSA-MTE	hyp1	News	NaN	0.3230971097946167
987	988	en	amh	challenge_SSA-MTE	hyp1	News	NaN	0.3230971097946167
988	989	en	amh	challenge_SSA-MTE	hyp1	News	NaN	0.20200055837631226
989	990	en	amh	challenge_SSA-MTE	hyp1	News	NaN	0.20200055837631226
990	991	en	amh	challenge_SSA-MTE	hyp1	News	NaN	0.20200055837631226
991	992	en	amh	challenge_SSA-MTE	hyp1	News	NaN	0.20200055837631226
992	993	en	amh	challenge_SSA-MTE	hyp1	News	NaN	0.20200055837631226
993	994	en	amh	challenge_SSA-MTE	hyp1	News	NaN	0.48464667797088623
994	995	en	amh	challenge_SSA-MTE	hyp1	News	NaN	0.48464667797088623
995	996	en	amh	challenge_SSA-MTE	hyp1	News	NaN	0.48464667797088623
996	997	en	amh	challenge_SSA-MTE	hyp1	News	NaN	0.48464667797088623
997	998	en	amh	challenge_SSA-MTE	hyp1	News	NaN	0.48464667797088623
998	999	en	amh	challenge_SSA-MTE	hyp1	News	NaN	0.48464667797088623
999	1000	en	amh	challenge_SSA-MTE	hyp1	News	NaN	0.45631763339042664
1000	1001	en	amh	challenge_SSA-MTE	hyp1	News	NaN	0.45631763339042664
1001	1002	en	amh	challenge_SSA-MTE	hyp1	News	NaN	0.45631763339042664
1002	1003	en	amh	challenge_SSA-MTE	hyp1	News	NaN	0.4563177227973938
1003	1004	en	amh	challenge_SSA-MTE	hyp1	News	NaN	0.4563177227973938
1004	1005	en	amh	challenge_SSA-MTE	hyp1	News	NaN	0.45631763339042664
1005	1006	en	amh	challenge_SSA-MTE	hyp1	News	NaN	-0.4117405414581299
1006	1007	en	amh	challenge_SSA-MTE	hyp1	News	NaN	-0.41174060106277466
1007	1008	en	amh	challenge_SSA-MTE	hyp1	News	NaN	-0.4117405414581299
1008	1009	en	amh	challenge_SSA-MTE	hyp1	News	NaN	-0.4117405414581299
1009	1010	en	amh	challenge_SSA-MTE	hyp1	News	NaN	-0.4117405414581299
1010	1011	en	amh	challenge_SSA-MTE	hyp1	News	NaN	-0.6723780632019043
1011	1012	en	amh	challenge_SSA-MTE	hyp1	News	NaN	-0.6723780632019043
1012	1013	en	amh	challenge_SSA-MTE	hyp1	News	NaN	-0.6723780632019043
1013	1014	en	amh	challenge_SSA-MTE	hyp1	News	NaN	-0.6723780632019043
1014	1015	en	amh	challenge_SSA-MTE	hyp1	News	NaN	0.19404561817646027
1015	1016	en	amh	challenge_SSA-MTE	hyp1	News	NaN	0.19404561817646027
1016	1017	en	amh	challenge_SSA-MTE	hyp1	News	NaN	0.19404561817646027
1017	1018	en	amh	challenge_SSA-MTE	hyp1	News	NaN	0.19404561817646027
1018	1019	en	amh	challenge_SSA-MTE	hyp1	News	NaN	0.19404561817646027
1019	1020	en	amh	challenge_SSA-MTE	hyp1	News	NaN	0.08277961611747742
1020	1021	en	amh	challenge_SSA-MTE	hyp1	News	NaN	0.08277961611747742
1021	1022	en	amh	challenge_SSA-MTE	hyp1	News	NaN	0.08277961611747742
1022	1023	en	amh	challenge_SSA-MTE	hyp1	News	NaN	0.08277961611747742
1023	1024	en	amh	challenge_SSA-MTE	hyp1	News	NaN	0.08277961611747742
1024	1025	en	amh	challenge_SSA-MTE	hyp1	News	NaN	0.08277961611747742
1025	1026	en	amh	challenge_SSA-MTE	hyp1	News	NaN	-0.03169054538011551
1026	1027	en	amh	challenge_SSA-MTE	hyp1	News	NaN	-0.03169054538011551
1027	1028	en	amh	challenge_SSA-MTE	hyp1	News	NaN	-0.03169054538011551
1028	1029	en	amh	challenge_SSA-MTE	hyp1	News	NaN	-0.03169054538011551
1029	1030	en	amh	challenge_SSA-MTE	hyp1	News	NaN	0.19318756461143494
1030	1031	en	amh	challenge_SSA-MTE	hyp1	News	NaN	0.19318756461143494
1031	1032	en	amh	challenge_SSA-MTE	hyp1	News	NaN	0.19318756461143494
1032	1033	en	amh	challenge_SSA-MTE	hyp1	News	NaN	0.19318756461143494
1033	1034	en	amh	challenge_SSA-MTE	hyp1	News	NaN	0.19318804144859314
1034	1035	en	amh	challenge_SSA-MTE	hyp1	News	NaN	0.19318804144859314
1035	1036	en	amh	challenge_SSA-MTE	hyp1	News	NaN	0.19368469715118408
1036	1037	en	amh	challenge_SSA-MTE	hyp1	News	NaN	0.19368469715118408
1037	1038	en	amh	challenge_SSA-MTE	hyp1	News	NaN	0.19368469715118408
1038	1039	en	amh	challenge_SSA-MTE	hyp1	News	NaN	0.19368469715118408
1039	1040	en	amh	challenge_SSA-MTE	hyp1	News	NaN	0.19368469715118408
1040	1041	en	amh	challenge_SSA-MTE	hyp1	News	NaN	0.19368469715118408
1041	1042	en	amh	challenge_SSA-MTE	hyp1	News	NaN	0.21416866779327393
1042	1043	en	amh	challenge_SSA-MTE	hyp1	News	NaN	0.21416866779327393
1043	1044	en	amh	challenge_SSA-MTE	hyp1	News	NaN	0.21416866779327393
1044	1045	en	amh	challenge_SSA-MTE	hyp1	News	NaN	0.21416866779327393
1045	1046	en	amh	challenge_SSA-MTE	hyp1	News	NaN	0.21416866779327393
1046	1047	en	amh	challenge_SSA-MTE	hyp1	News	NaN	0.21416866779327393
1047	1048	en	amh	challenge_SSA-MTE	hyp1	News	NaN	0.32830873131752014
1048	1049	en	amh	challenge_SSA-MTE	hyp1	News	NaN	0.32830873131752014
1049	1050	en	amh	challenge_SSA-MTE	hyp1	News	NaN	0.32830873131752014
1050	1051	en	amh	challenge_SSA-MTE	hyp1	News	NaN	0.32830873131752014
1051	1052	en	amh	challenge_SSA-MTE	hyp1	News	NaN	0.32830873131752014
1052	1053	en	amh	challenge_SSA-MTE	hyp1	News	NaN	0.32830873131752014
1053	1054	en	amh	challenge_SSA-MTE	hyp1	News	NaN	-0.4495943784713745
1054	1055	en	amh	challenge_SSA-MTE	hyp1	News	NaN	-0.4495943784713745
1055	1056	en	amh	challenge_SSA-MTE	hyp1	News	NaN	-0.4495943784713745
1056	1057	en	amh	challenge_SSA-MTE	hyp1	News	NaN	-0.4495943784713745
1057	1058	en	amh	challenge_SSA-MTE	hyp1	News	NaN	-0.4495943784713745
1058	1059	en	amh	challenge_SSA-MTE	hyp1	News	NaN	0.008389947935938835
1059	1060	en	amh	challenge_SSA-MTE	hyp1	News	NaN	0.008389947935938835
1060	1061	en	amh	challenge_SSA-MTE	hyp1	News	NaN	0.008389947935938835
1061	1062	en	amh	challenge_SSA-MTE	hyp1	News	NaN	0.008389526978135109
1062	1063	en	amh	challenge_SSA-MTE	hyp1	News	NaN	0.008389947935938835
1063	1064	en	amh	challenge_SSA-MTE	hyp1	News	NaN	0.008389947935938835
1064	1065	en	amh	challenge_SSA-MTE	hyp1	News	NaN	-0.11810915917158127
1065	1066	en	amh	challenge_SSA-MTE	hyp1	News	NaN	-0.11810915917158127
1066	1067	en	amh	challenge_SSA-MTE	hyp1	News	NaN	-0.11810915917158127
1067	1068	en	amh	challenge_SSA-MTE	hyp1	News	NaN	-0.11810915917158127
1068	1069	en	amh	challenge_SSA-MTE	hyp1	News	NaN	-0.11810915917158127
1069	1070	en	amh	challenge_SSA-MTE	hyp1	News	NaN	-0.11810915917158127
1070	1071	en	amh	challenge_SSA-MTE	hyp1	News	NaN	0.33634889125823975
1071	1072	en	amh	challenge_SSA-MTE	hyp1	News	NaN	0.33634889125823975
1072	1073	en	amh	challenge_SSA-MTE	hyp1	News	NaN	0.33634889125823975
1073	1074	en	amh	challenge_SSA-MTE	hyp1	News	NaN	0.33634889125823975
1074	1075	en	amh	challenge_SSA-MTE	hyp1	News	NaN	0.33634889125823975
1075	1076	en	amh	challenge_SSA-MTE	hyp1	News	NaN	-0.06628897041082382
1076	1077	en	amh	challenge_SSA-MTE	hyp1	News	NaN	-0.06628897041082382
1077	1078	en	amh	challenge_SSA-MTE	hyp1	News	NaN	-0.06628897041082382
1078	1079	en	amh	challenge_SSA-MTE	hyp1	News	NaN	-0.06628897041082382
1079	1080	en	amh	challenge_SSA-MTE	hyp1	News	NaN	-0.06628897041082382
1080	1081	en	amh	challenge_SSA-MTE	hyp1	News	NaN	0.006978783290833235
1081	1082	en	amh	challenge_SSA-MTE	hyp1	News	NaN	0.0069788782857358456
1082	1083	en	amh	challenge_SSA-MTE	hyp1	News	NaN	0.006978783290833235
1083	1084	en	amh	challenge_SSA-MTE	hyp1	News	NaN	0.0069788782857358456
1084	1085	en	amh	challenge_SSA-MTE	hyp1	News	NaN	0.006978783290833235
1085	1086	en	amh	challenge_SSA-MTE	hyp1	News	NaN	0.006978783290833235
1086	1087	en	amh	challenge_SSA-MTE	hyp1	News	NaN	-0.22207731008529663
1087	1088	en	amh	challenge_SSA-MTE	hyp1	News	NaN	-0.22207731008529663
1088	1089	en	amh	challenge_SSA-MTE	hyp1	News	NaN	-0.22207731008529663
1089	1090	en	amh	challenge_SSA-MTE	hyp1	News	NaN	-0.22207731008529663
1090	1091	en	amh	challenge_SSA-MTE	hyp1	News	NaN	-0.22207731008529663
1091	1092	en	amh	challenge_SSA-MTE	hyp1	News	NaN	-0.22207731008529663
1092	1093	en	amh	challenge_SSA-MTE	hyp1	News	NaN	-0.2937053143978119
1093	1094	en	amh	challenge_SSA-MTE	hyp1	News	NaN	-0.2937053143978119
1094	1095	en	amh	challenge_SSA-MTE	hyp1	News	NaN	-0.2937053143978119
1095	1096	en	amh	challenge_SSA-MTE	hyp1	News	NaN	-0.2937053143978119
1096	1097	en	amh	challenge_SSA-MTE	hyp1	News	NaN	-0.2937053143978119
1097	1098	en	amh	challenge_SSA-MTE	hyp1	News	NaN	-0.2937053143978119
1098	1099	en	amh	challenge_SSA-MTE	hyp1	News	NaN	0.3917338252067566
1099	1100	en	amh	challenge_SSA-MTE	hyp1	News	NaN	0.3917338252067566
1100	1101	en	amh	challenge_SSA-MTE	hyp1	News	NaN	0.3917338252067566
1101	1102	en	amh	challenge_SSA-MTE	hyp1	News	NaN	0.3917338252067566
1102	1103	en	amh	challenge_SSA-MTE	hyp1	News	NaN	0.3917338252067566
1103	1104	en	amh	challenge_SSA-MTE	hyp1	News	NaN	0.3917338252067566
1104	1105	en	amh	challenge_SSA-MTE	hyp1	News	NaN	-0.11023475229740143
1105	1106	en	amh	challenge_SSA-MTE	hyp1	News	NaN	-0.11023475229740143
1106	1107	en	amh	challenge_SSA-MTE	hyp1	News	NaN	-0.11023475229740143
1107	1108	en	amh	challenge_SSA-MTE	hyp1	News	NaN	-0.11023475229740143
1108	1109	en	amh	challenge_SSA-MTE	hyp1	News	NaN	0.11952047795057297
1109	1110	en	amh	challenge_SSA-MTE	hyp1	News	NaN	0.11952047795057297
1110	1111	en	amh	challenge_SSA-MTE	hyp1	News	NaN	0.1195201724767685
1111	1112	en	amh	challenge_SSA-MTE	hyp1	News	NaN	0.1195201724767685
1112	1113	en	amh	challenge_SSA-MTE	hyp1	News	NaN	0.1195201724767685
1113	1114	en	amh	challenge_SSA-MTE	hyp1	News	NaN	-0.08370021730661392
1114	1115	en	amh	challenge_SSA-MTE	hyp1	News	NaN	-0.08370021730661392
1115	1116	en	amh	challenge_SSA-MTE	hyp1	News	NaN	-0.08370021730661392
1116	1117	en	amh	challenge_SSA-MTE	hyp1	News	NaN	-0.08370021730661392
1117	1118	en	amh	challenge_SSA-MTE	hyp1	News	NaN	-0.08370021730661392
1118	1119	en	amh	challenge_SSA-MTE	hyp1	News	NaN	-0.08370021730661392
1119	1120	en	amh	challenge_SSA-MTE	hyp1	News	NaN	0.25292184948921204
1120	1121	en	amh	challenge_SSA-MTE	hyp1	News	NaN	0.25292184948921204
1121	1122	en	amh	challenge_SSA-MTE	hyp1	News	NaN	0.25292184948921204
1122	1123	en	amh	challenge_SSA-MTE	hyp1	News	NaN	0.25292184948921204
1123	1124	en	amh	challenge_SSA-MTE	hyp1	News	NaN	0.25292184948921204
1124	1125	en	amh	challenge_SSA-MTE	hyp1	News	NaN	0.25292184948921204
1125	1126	en	amh	challenge_SSA-MTE	hyp1	News	NaN	0.2754196226596832
1126	1127	en	amh	challenge_SSA-MTE	hyp1	News	NaN	0.2754196226596832
1127	1128	en	amh	challenge_SSA-MTE	hyp1	News	NaN	0.2754196226596832
1128	1129	en	amh	challenge_SSA-MTE	hyp1	News	NaN	0.2754196226596832
1129	1130	en	amh	challenge_SSA-MTE	hyp1	News	NaN	0.2754196226596832
1130	1131	en	amh	challenge_SSA-MTE	hyp1	News	NaN	0.2754196226596832
1131	1132	en	amh	challenge_SSA-MTE	hyp1	News	NaN	0.2626957595348358
1132	1133	en	amh	challenge_SSA-MTE	hyp1	News	NaN	0.2626957595348358
1133	1134	en	amh	challenge_SSA-MTE	hyp1	News	NaN	0.2626957595348358
1134	1135	en	amh	challenge_SSA-MTE	hyp1	News	NaN	0.2626957595348358
1135	1136	en	amh	challenge_SSA-MTE	hyp1	News	NaN	0.2626957595348358
1136	1137	en	amh	challenge_SSA-MTE	hyp1	News	NaN	0.2626957595348358
1137	1138	en	amh	challenge_SSA-MTE	hyp1	News	NaN	0.38097554445266724
1138	1139	en	amh	challenge_SSA-MTE	hyp1	News	NaN	0.38097554445266724
1139	1140	en	amh	challenge_SSA-MTE	hyp1	News	NaN	0.38097554445266724
1140	1141	en	amh	challenge_SSA-MTE	hyp1	News	NaN	0.38097554445266724
1141	1142	en	amh	challenge_SSA-MTE	hyp1	News	NaN	0.38097554445266724
1142	1143	en	amh	challenge_SSA-MTE	hyp1	News	NaN	0.38097554445266724
1143	1144	en	amh	challenge_SSA-MTE	hyp1	News	NaN	-0.10695832222700119
1144	1145	en	amh	challenge_SSA-MTE	hyp1	News	NaN	-0.10695832222700119
1145	1146	en	amh	challenge_SSA-MTE	hyp1	News	NaN	-0.1069585457444191
1146	1147	en	amh	challenge_SSA-MTE	hyp1	News	NaN	-0.1069585457444191
1147	1148	en	amh	challenge_SSA-MTE	hyp1	News	NaN	-0.1069585457444191
1148	1149	en	amh	challenge_SSA-MTE	hyp1	News	NaN	-0.10695832222700119
1149	1150	en	amh	challenge_SSA-MTE	hyp1	News	NaN	0.427590936422348
1150	1151	en	amh	challenge_SSA-MTE	hyp1	News	NaN	0.427590936422348
1151	1152	en	amh	challenge_SSA-MTE	hyp1	News	NaN	0.427590936422348
1152	1153	en	amh	challenge_SSA-MTE	hyp1	News	NaN	0.427590936422348
1153	1154	en	amh	challenge_SSA-MTE	hyp1	News	NaN	0.427590936422348
1154	1155	en	amh	challenge_SSA-MTE	hyp1	News	NaN	0.427590936422348
1155	1156	en	amh	challenge_SSA-MTE	hyp1	News	NaN	0.2511967420578003
1156	1157	en	amh	challenge_SSA-MTE	hyp1	News	NaN	0.2511967420578003
1157	1158	en	amh	challenge_SSA-MTE	hyp1	News	NaN	0.2511967420578003
1158	1159	en	amh	challenge_SSA-MTE	hyp1	News	NaN	0.2511967420578003
1159	1160	en	amh	challenge_SSA-MTE	hyp1	News	NaN	0.2511967420578003
1160	1161	en	amh	challenge_SSA-MTE	hyp1	News	NaN	0.2511967420578003
1161	1162	en	amh	challenge_SSA-MTE	hyp1	News	NaN	0.1636228710412979
1162	1163	en	amh	challenge_SSA-MTE	hyp1	News	NaN	0.1636228710412979
1163	1164	en	amh	challenge_SSA-MTE	hyp1	News	NaN	0.16362115740776062
1164	1165	en	amh	challenge_SSA-MTE	hyp1	News	NaN	0.1636228710412979
1165	1166	en	amh	challenge_SSA-MTE	hyp1	News	NaN	0.1636228710412979
0	1	en	hau	challenge_SSA-MTE	hyp1	News	NaN	0.37623822689056396
1	2	en	hau	challenge_SSA-MTE	hyp1	News	NaN	0.37623822689056396
2	3	en	hau	challenge_SSA-MTE	hyp1	News	NaN	0.37623822689056396
3	4	en	hau	challenge_SSA-MTE	hyp1	News	NaN	0.37623822689056396
4	5	en	hau	challenge_SSA-MTE	hyp1	News	NaN	0.37623822689056396
5	6	en	hau	challenge_SSA-MTE	hyp1	News	NaN	0.37623822689056396
6	7	en	hau	challenge_SSA-MTE	hyp1	News	NaN	0.25281450152397156
7	8	en	hau	challenge_SSA-MTE	hyp1	News	NaN	0.25281450152397156
8	9	en	hau	challenge_SSA-MTE	hyp1	News	NaN	0.25281450152397156
9	10	en	hau	challenge_SSA-MTE	hyp1	News	NaN	0.25281450152397156
10	11	en	hau	challenge_SSA-MTE	hyp1	News	NaN	0.2528138756752014
11	12	en	hau	challenge_SSA-MTE	hyp1	News	NaN	0.2528138756752014
12	13	en	hau	challenge_SSA-MTE	hyp1	News	NaN	0.5856385231018066
13	14	en	hau	challenge_SSA-MTE	hyp1	News	NaN	0.5856385231018066
14	15	en	hau	challenge_SSA-MTE	hyp1	News	NaN	0.5856385231018066
15	16	en	hau	challenge_SSA-MTE	hyp1	News	NaN	0.5856385231018066
16	17	en	hau	challenge_SSA-MTE	hyp1	News	NaN	0.5856385231018066
17	18	en	hau	challenge_SSA-MTE	hyp1	News	NaN	0.5856385231018066
18	19	en	hau	challenge_SSA-MTE	hyp1	News	NaN	0.13110429048538208
19	20	en	hau	challenge_SSA-MTE	hyp1	News	NaN	0.13110429048538208
20	21	en	hau	challenge_SSA-MTE	hyp1	News	NaN	0.13110429048538208
21	22	en	hau	challenge_SSA-MTE	hyp1	News	NaN	0.13110588490962982
22	23	en	hau	challenge_SSA-MTE	hyp1	News	NaN	0.13110429048538208
23	24	en	hau	challenge_SSA-MTE	hyp1	News	NaN	0.13110429048538208
24	25	en	hau	challenge_SSA-MTE	hyp1	News	NaN	0.42998838424682617
25	26	en	hau	challenge_SSA-MTE	hyp1	News	NaN	0.42998838424682617
26	27	en	hau	challenge_SSA-MTE	hyp1	News	NaN	0.42998838424682617
27	28	en	hau	challenge_SSA-MTE	hyp1	News	NaN	0.42998838424682617
28	29	en	hau	challenge_SSA-MTE	hyp1	News	NaN	0.42998838424682617
29	30	en	hau	challenge_SSA-MTE	hyp1	News	NaN	0.42998838424682617
30	31	en	hau	challenge_SSA-MTE	hyp1	News	NaN	0.32762452960014343
31	32	en	hau	challenge_SSA-MTE	hyp1	News	NaN	0.32762452960014343
32	33	en	hau	challenge_SSA-MTE	hyp1	News	NaN	0.32762452960014343
33	34	en	hau	challenge_SSA-MTE	hyp1	News	NaN	0.32762452960014343
34	35	en	hau	challenge_SSA-MTE	hyp1	News	NaN	0.32762452960014343
35	36	en	hau	challenge_SSA-MTE	hyp1	News	NaN	0.32762452960014343
36	37	en	hau	challenge_SSA-MTE	hyp1	News	NaN	-0.217142254114151
37	38	en	hau	challenge_SSA-MTE	hyp1	News	NaN	-0.217142254114151
38	39	en	hau	challenge_SSA-MTE	hyp1	News	NaN	-0.217142254114151
39	40	en	hau	challenge_SSA-MTE	hyp1	News	NaN	-0.217142254114151
40	41	en	hau	challenge_SSA-MTE	hyp1	News	NaN	-0.21714358031749725
41	42	en	hau	challenge_SSA-MTE	hyp1	News	NaN	-0.21714358031749725
42	43	en	hau	challenge_SSA-MTE	hyp1	News	NaN	0.36246758699417114
43	44	en	hau	challenge_SSA-MTE	hyp1	News	NaN	0.36246758699417114
44	45	en	hau	challenge_SSA-MTE	hyp1	News	NaN	0.36246758699417114
45	46	en	hau	challenge_SSA-MTE	hyp1	News	NaN	0.3624676764011383
46	47	en	hau	challenge_SSA-MTE	hyp1	News	NaN	0.3624676764011383
47	48	en	hau	challenge_SSA-MTE	hyp1	News	NaN	0.3624676764011383
48	49	en	hau	challenge_SSA-MTE	hyp1	News	NaN	0.27654364705085754
49	50	en	hau	challenge_SSA-MTE	hyp1	News	NaN	0.27654364705085754
50	51	en	hau	challenge_SSA-MTE	hyp1	News	NaN	0.27654364705085754
51	52	en	hau	challenge_SSA-MTE	hyp1	News	NaN	0.27654364705085754
52	53	en	hau	challenge_SSA-MTE	hyp1	News	NaN	0.27654364705085754
53	54	en	hau	challenge_SSA-MTE	hyp1	News	NaN	0.27654364705085754
54	55	en	hau	challenge_SSA-MTE	hyp1	News	NaN	0.055922701954841614
55	56	en	hau	challenge_SSA-MTE	hyp1	News	NaN	0.055922701954841614
56	57	en	hau	challenge_SSA-MTE	hyp1	News	NaN	0.055922701954841614
57	58	en	hau	challenge_SSA-MTE	hyp1	News	NaN	0.055922701954841614
58	59	en	hau	challenge_SSA-MTE	hyp1	News	NaN	0.055922701954841614
59	60	en	hau	challenge_SSA-MTE	hyp1	News	NaN	0.055922701954841614
60	61	en	hau	challenge_SSA-MTE	hyp1	News	NaN	0.1270793080329895
61	62	en	hau	challenge_SSA-MTE	hyp1	News	NaN	0.1270793080329895
62	63	en	hau	challenge_SSA-MTE	hyp1	News	NaN	0.1270793080329895
63	64	en	hau	challenge_SSA-MTE	hyp1	News	NaN	0.1270793080329895
64	65	en	hau	challenge_SSA-MTE	hyp1	News	NaN	0.1270793080329895
65	66	en	hau	challenge_SSA-MTE	hyp1	News	NaN	0.1999310851097107
66	67	en	hau	challenge_SSA-MTE	hyp1	News	NaN	0.1999310851097107
67	68	en	hau	challenge_SSA-MTE	hyp1	News	NaN	0.19993185997009277
68	69	en	hau	challenge_SSA-MTE	hyp1	News	NaN	0.1999310851097107
69	70	en	hau	challenge_SSA-MTE	hyp1	News	NaN	0.1999310851097107
70	71	en	hau	challenge_SSA-MTE	hyp1	News	NaN	0.1999310851097107
71	72	en	hau	challenge_SSA-MTE	hyp1	News	NaN	0.20675760507583618
72	73	en	hau	challenge_SSA-MTE	hyp1	News	NaN	0.20675760507583618
73	74	en	hau	challenge_SSA-MTE	hyp1	News	NaN	0.20675760507583618
74	75	en	hau	challenge_SSA-MTE	hyp1	News	NaN	0.20675760507583618
75	76	en	hau	challenge_SSA-MTE	hyp1	News	NaN	0.20675760507583618
76	77	en	hau	challenge_SSA-MTE	hyp1	News	NaN	0.20675760507583618
77	78	en	hau	challenge_SSA-MTE	hyp1	News	NaN	0.40517398715019226
78	79	en	hau	challenge_SSA-MTE	hyp1	News	NaN	0.40517398715019226
79	80	en	hau	challenge_SSA-MTE	hyp1	News	NaN	0.40517398715019226
80	81	en	hau	challenge_SSA-MTE	hyp1	News	NaN	0.40517398715019226
81	82	en	hau	challenge_SSA-MTE	hyp1	News	NaN	0.40517398715019226
82	83	en	hau	challenge_SSA-MTE	hyp1	News	NaN	0.40517398715019226
83	84	en	hau	challenge_SSA-MTE	hyp1	News	NaN	0.27372488379478455
84	85	en	hau	challenge_SSA-MTE	hyp1	News	NaN	0.27372488379478455
85	86	en	hau	challenge_SSA-MTE	hyp1	News	NaN	0.27372488379478455
86	87	en	hau	challenge_SSA-MTE	hyp1	News	NaN	0.27372488379478455
87	88	en	hau	challenge_SSA-MTE	hyp1	News	NaN	0.27372488379478455
88	89	en	hau	challenge_SSA-MTE	hyp1	News	NaN	0.2715866267681122
89	90	en	hau	challenge_SSA-MTE	hyp1	News	NaN	0.2715866267681122
90	91	en	hau	challenge_SSA-MTE	hyp1	News	NaN	0.2715866267681122
91	92	en	hau	challenge_SSA-MTE	hyp1	News	NaN	0.2715866267681122
92	93	en	hau	challenge_SSA-MTE	hyp1	News	NaN	0.2715866267681122
93	94	en	hau	challenge_SSA-MTE	hyp1	News	NaN	0.2715866267681122
94	95	en	hau	challenge_SSA-MTE	hyp1	News	NaN	0.1758030503988266
95	96	en	hau	challenge_SSA-MTE	hyp1	News	NaN	0.1758030503988266
96	97	en	hau	challenge_SSA-MTE	hyp1	News	NaN	0.1758030503988266
97	98	en	hau	challenge_SSA-MTE	hyp1	News	NaN	0.1758030503988266
98	99	en	hau	challenge_SSA-MTE	hyp1	News	NaN	0.1758030503988266
99	100	en	hau	challenge_SSA-MTE	hyp1	News	NaN	0.1758030503988266
100	101	en	hau	challenge_SSA-MTE	hyp1	News	NaN	0.14736124873161316
101	102	en	hau	challenge_SSA-MTE	hyp1	News	NaN	0.14736124873161316
102	103	en	hau	challenge_SSA-MTE	hyp1	News	NaN	0.14736124873161316
103	104	en	hau	challenge_SSA-MTE	hyp1	News	NaN	0.14736124873161316
104	105	en	hau	challenge_SSA-MTE	hyp1	News	NaN	0.14736124873161316
105	106	en	hau	challenge_SSA-MTE	hyp1	News	NaN	0.14736124873161316
106	107	en	hau	challenge_SSA-MTE	hyp1	News	NaN	0.2419619858264923
107	108	en	hau	challenge_SSA-MTE	hyp1	News	NaN	0.2419619858264923
108	109	en	hau	challenge_SSA-MTE	hyp1	News	NaN	0.2419619858264923
109	110	en	hau	challenge_SSA-MTE	hyp1	News	NaN	0.2419619858264923
110	111	en	hau	challenge_SSA-MTE	hyp1	News	NaN	0.2419619858264923
111	112	en	hau	challenge_SSA-MTE	hyp1	News	NaN	0.18093539774417877
112	113	en	hau	challenge_SSA-MTE	hyp1	News	NaN	0.18093539774417877
113	114	en	hau	challenge_SSA-MTE	hyp1	News	NaN	0.18093539774417877
114	115	en	hau	challenge_SSA-MTE	hyp1	News	NaN	0.18093539774417877
115	116	en	hau	challenge_SSA-MTE	hyp1	News	NaN	0.18093539774417877
116	117	en	hau	challenge_SSA-MTE	hyp1	News	NaN	0.18093539774417877
117	118	en	hau	challenge_SSA-MTE	hyp1	News	NaN	0.2361101508140564
118	119	en	hau	challenge_SSA-MTE	hyp1	News	NaN	0.2361101508140564
119	120	en	hau	challenge_SSA-MTE	hyp1	News	NaN	0.2361101508140564
120	121	en	hau	challenge_SSA-MTE	hyp1	News	NaN	0.2361101508140564
121	122	en	hau	challenge_SSA-MTE	hyp1	News	NaN	0.2361101508140564
122	123	en	hau	challenge_SSA-MTE	hyp1	News	NaN	0.2361101508140564
123	124	en	hau	challenge_SSA-MTE	hyp1	News	NaN	0.39583927392959595
124	125	en	hau	challenge_SSA-MTE	hyp1	News	NaN	0.39583927392959595
125	126	en	hau	challenge_SSA-MTE	hyp1	News	NaN	0.39583927392959595
126	127	en	hau	challenge_SSA-MTE	hyp1	News	NaN	0.39583927392959595
127	128	en	hau	challenge_SSA-MTE	hyp1	News	NaN	0.39583927392959595
128	129	en	hau	challenge_SSA-MTE	hyp1	News	NaN	0.39583927392959595
129	130	en	hau	challenge_SSA-MTE	hyp1	News	NaN	-0.018587788566946983
130	131	en	hau	challenge_SSA-MTE	hyp1	News	NaN	-0.018587788566946983
131	132	en	hau	challenge_SSA-MTE	hyp1	News	NaN	-0.018587788566946983
132	133	en	hau	challenge_SSA-MTE	hyp1	News	NaN	-0.018587788566946983
133	134	en	hau	challenge_SSA-MTE	hyp1	News	NaN	-0.018587788566946983
134	135	en	hau	challenge_SSA-MTE	hyp1	News	NaN	-0.018587788566946983
135	136	en	hau	challenge_SSA-MTE	hyp1	News	NaN	0.2826765775680542
136	137	en	hau	challenge_SSA-MTE	hyp1	News	NaN	0.2826765775680542
137	138	en	hau	challenge_SSA-MTE	hyp1	News	NaN	0.2826765775680542
138	139	en	hau	challenge_SSA-MTE	hyp1	News	NaN	0.2826765775680542
139	140	en	hau	challenge_SSA-MTE	hyp1	News	NaN	0.2826765775680542
140	141	en	hau	challenge_SSA-MTE	hyp1	News	NaN	0.2826765775680542
141	142	en	hau	challenge_SSA-MTE	hyp1	News	NaN	0.07155073434114456
142	143	en	hau	challenge_SSA-MTE	hyp1	News	NaN	0.07155073434114456
143	144	en	hau	challenge_SSA-MTE	hyp1	News	NaN	0.07155073434114456
144	145	en	hau	challenge_SSA-MTE	hyp1	News	NaN	0.07155073434114456
145	146	en	hau	challenge_SSA-MTE	hyp1	News	NaN	0.22176805138587952
146	147	en	hau	challenge_SSA-MTE	hyp1	News	NaN	0.22176805138587952
147	148	en	hau	challenge_SSA-MTE	hyp1	News	NaN	0.22176805138587952
148	149	en	hau	challenge_SSA-MTE	hyp1	News	NaN	0.22176805138587952
149	150	en	hau	challenge_SSA-MTE	hyp1	News	NaN	0.22176805138587952
150	151	en	hau	challenge_SSA-MTE	hyp1	News	NaN	0.22176805138587952
151	152	en	hau	challenge_SSA-MTE	hyp1	News	NaN	0.17390836775302887
152	153	en	hau	challenge_SSA-MTE	hyp1	News	NaN	0.17390836775302887
153	154	en	hau	challenge_SSA-MTE	hyp1	News	NaN	0.17390836775302887
154	155	en	hau	challenge_SSA-MTE	hyp1	News	NaN	0.17390836775302887
155	156	en	hau	challenge_SSA-MTE	hyp1	News	NaN	0.17390836775302887
156	157	en	hau	challenge_SSA-MTE	hyp1	News	NaN	0.17390836775302887
157	158	en	hau	challenge_SSA-MTE	hyp1	News	NaN	0.37442028522491455
158	159	en	hau	challenge_SSA-MTE	hyp1	News	NaN	0.37442028522491455
159	160	en	hau	challenge_SSA-MTE	hyp1	News	NaN	0.37442028522491455
160	161	en	hau	challenge_SSA-MTE	hyp1	News	NaN	0.37442028522491455
161	162	en	hau	challenge_SSA-MTE	hyp1	News	NaN	0.37442028522491455
162	163	en	hau	challenge_SSA-MTE	hyp1	News	NaN	0.37442028522491455
163	164	en	hau	challenge_SSA-MTE	hyp1	News	NaN	0.07853163033723831
164	165	en	hau	challenge_SSA-MTE	hyp1	News	NaN	0.07853228598833084
165	166	en	hau	challenge_SSA-MTE	hyp1	News	NaN	0.07853228598833084
166	167	en	hau	challenge_SSA-MTE	hyp1	News	NaN	0.07853163033723831
167	168	en	hau	challenge_SSA-MTE	hyp1	News	NaN	0.07853228598833084
168	169	en	hau	challenge_SSA-MTE	hyp1	News	NaN	0.44857341051101685
169	170	en	hau	challenge_SSA-MTE	hyp1	News	NaN	0.44857341051101685
170	171	en	hau	challenge_SSA-MTE	hyp1	News	NaN	0.44857341051101685
171	172	en	hau	challenge_SSA-MTE	hyp1	News	NaN	0.44857341051101685
172	173	en	hau	challenge_SSA-MTE	hyp1	News	NaN	0.44857341051101685
173	174	en	hau	challenge_SSA-MTE	hyp1	News	NaN	0.44857341051101685
174	175	en	hau	challenge_SSA-MTE	hyp1	News	NaN	-0.07457423210144043
175	176	en	hau	challenge_SSA-MTE	hyp1	News	NaN	-0.07457423210144043
176	177	en	hau	challenge_SSA-MTE	hyp1	News	NaN	-0.07457423210144043
177	178	en	hau	challenge_SSA-MTE	hyp1	News	NaN	-0.07457423210144043
178	179	en	hau	challenge_SSA-MTE	hyp1	News	NaN	-0.07457423210144043
179	180	en	hau	challenge_SSA-MTE	hyp1	News	NaN	-0.07457423210144043
180	181	en	hau	challenge_SSA-MTE	hyp1	News	NaN	-0.08415374904870987
181	182	en	hau	challenge_SSA-MTE	hyp1	News	NaN	-0.08415395766496658
182	183	en	hau	challenge_SSA-MTE	hyp1	News	NaN	-0.08415395766496658
183	184	en	hau	challenge_SSA-MTE	hyp1	News	NaN	-0.08415395766496658
184	185	en	hau	challenge_SSA-MTE	hyp1	News	NaN	-0.08415395766496658
185	186	en	hau	challenge_SSA-MTE	hyp1	News	NaN	-0.08415395766496658
186	187	en	hau	challenge_SSA-MTE	hyp1	News	NaN	0.5325464010238647
187	188	en	hau	challenge_SSA-MTE	hyp1	News	NaN	0.5325464010238647
188	189	en	hau	challenge_SSA-MTE	hyp1	News	NaN	0.5325464010238647
189	190	en	hau	challenge_SSA-MTE	hyp1	News	NaN	0.5325464010238647
190	191	en	hau	challenge_SSA-MTE	hyp1	News	NaN	0.5325464010238647
191	192	en	hau	challenge_SSA-MTE	hyp1	News	NaN	0.5325464010238647
192	193	en	hau	challenge_SSA-MTE	hyp1	News	NaN	0.3726964592933655
193	194	en	hau	challenge_SSA-MTE	hyp1	News	NaN	0.372696191072464
194	195	en	hau	challenge_SSA-MTE	hyp1	News	NaN	0.372696191072464
195	196	en	hau	challenge_SSA-MTE	hyp1	News	NaN	0.372696191072464
196	197	en	hau	challenge_SSA-MTE	hyp1	News	NaN	0.4060761332511902
197	198	en	hau	challenge_SSA-MTE	hyp1	News	NaN	0.4060761332511902
198	199	en	hau	challenge_SSA-MTE	hyp1	News	NaN	0.4060761332511902
199	200	en	hau	challenge_SSA-MTE	hyp1	News	NaN	0.4060761332511902
200	201	en	hau	challenge_SSA-MTE	hyp1	News	NaN	0.4060761332511902
201	202	en	hau	challenge_SSA-MTE	hyp1	News	NaN	0.4060761332511902
202	203	en	hau	challenge_SSA-MTE	hyp1	News	NaN	0.1426304578781128
203	204	en	hau	challenge_SSA-MTE	hyp1	News	NaN	0.1426304578781128
204	205	en	hau	challenge_SSA-MTE	hyp1	News	NaN	0.1426304578781128
205	206	en	hau	challenge_SSA-MTE	hyp1	News	NaN	0.1426304578781128
206	207	en	hau	challenge_SSA-MTE	hyp1	News	NaN	0.1426304578781128
207	208	en	hau	challenge_SSA-MTE	hyp1	News	NaN	0.1426304578781128
208	209	en	hau	challenge_SSA-MTE	hyp1	News	NaN	-0.021803023293614388
209	210	en	hau	challenge_SSA-MTE	hyp1	News	NaN	-0.021803023293614388
210	211	en	hau	challenge_SSA-MTE	hyp1	News	NaN	-0.021803023293614388
211	212	en	hau	challenge_SSA-MTE	hyp1	News	NaN	-0.021803023293614388
212	213	en	hau	challenge_SSA-MTE	hyp1	News	NaN	-0.021803023293614388
213	214	en	hau	challenge_SSA-MTE	hyp1	News	NaN	-0.021803023293614388
214	215	en	hau	challenge_SSA-MTE	hyp1	News	NaN	0.21557599306106567
215	216	en	hau	challenge_SSA-MTE	hyp1	News	NaN	0.21557599306106567
216	217	en	hau	challenge_SSA-MTE	hyp1	News	NaN	0.21557599306106567
217	218	en	hau	challenge_SSA-MTE	hyp1	News	NaN	0.21557599306106567
218	219	en	hau	challenge_SSA-MTE	hyp1	News	NaN	0.21557599306106567
219	220	en	hau	challenge_SSA-MTE	hyp1	News	NaN	0.3734949827194214
220	221	en	hau	challenge_SSA-MTE	hyp1	News	NaN	0.3734949827194214
221	222	en	hau	challenge_SSA-MTE	hyp1	News	NaN	0.37349528074264526
222	223	en	hau	challenge_SSA-MTE	hyp1	News	NaN	0.3734949827194214
223	224	en	hau	challenge_SSA-MTE	hyp1	News	NaN	0.3734949827194214
224	225	en	hau	challenge_SSA-MTE	hyp1	News	NaN	0.3734949827194214
225	226	en	hau	challenge_SSA-MTE	hyp1	News	NaN	-0.8610326051712036
226	227	en	hau	challenge_SSA-MTE	hyp1	News	NaN	-0.8610326051712036
227	228	en	hau	challenge_SSA-MTE	hyp1	News	NaN	-0.8610326051712036
228	229	en	hau	challenge_SSA-MTE	hyp1	News	NaN	-0.8610326051712036
229	230	en	hau	challenge_SSA-MTE	hyp1	News	NaN	-0.8610326051712036
230	231	en	hau	challenge_SSA-MTE	hyp1	News	NaN	-0.8610326051712036
231	232	en	hau	challenge_SSA-MTE	hyp1	News	NaN	0.4149248003959656
232	233	en	hau	challenge_SSA-MTE	hyp1	News	NaN	0.4149248003959656
233	234	en	hau	challenge_SSA-MTE	hyp1	News	NaN	0.4149248003959656
234	235	en	hau	challenge_SSA-MTE	hyp1	News	NaN	0.4149248003959656
235	236	en	hau	challenge_SSA-MTE	hyp1	News	NaN	0.4149248003959656
236	237	en	hau	challenge_SSA-MTE	hyp1	News	NaN	0.4149248003959656
237	238	en	hau	challenge_SSA-MTE	hyp1	News	NaN	0.5065317153930664
238	239	en	hau	challenge_SSA-MTE	hyp1	News	NaN	0.5065317153930664
239	240	en	hau	challenge_SSA-MTE	hyp1	News	NaN	0.5065317153930664
240	241	en	hau	challenge_SSA-MTE	hyp1	News	NaN	0.5065317153930664
241	242	en	hau	challenge_SSA-MTE	hyp1	News	NaN	0.5065317153930664
242	243	en	hau	challenge_SSA-MTE	hyp1	News	NaN	0.5065317153930664
243	244	en	hau	challenge_SSA-MTE	hyp1	News	NaN	-0.49382126331329346
244	245	en	hau	challenge_SSA-MTE	hyp1	News	NaN	-0.49382126331329346
245	246	en	hau	challenge_SSA-MTE	hyp1	News	NaN	-0.49382126331329346
246	247	en	hau	challenge_SSA-MTE	hyp1	News	NaN	-0.49382126331329346
247	248	en	hau	challenge_SSA-MTE	hyp1	News	NaN	-0.49382126331329346
248	249	en	hau	challenge_SSA-MTE	hyp1	News	NaN	-0.49382126331329346
249	250	en	hau	challenge_SSA-MTE	hyp1	News	NaN	0.2795630097389221
250	251	en	hau	challenge_SSA-MTE	hyp1	News	NaN	0.27956336736679077
251	252	en	hau	challenge_SSA-MTE	hyp1	News	NaN	0.2795630097389221
252	253	en	hau	challenge_SSA-MTE	hyp1	News	NaN	0.2795630097389221
253	254	en	hau	challenge_SSA-MTE	hyp1	News	NaN	0.2795630097389221
254	255	en	hau	challenge_SSA-MTE	hyp1	News	NaN	0.2795630097389221
255	256	en	hau	challenge_SSA-MTE	hyp1	News	NaN	-0.24593719840049744
256	257	en	hau	challenge_SSA-MTE	hyp1	News	NaN	-0.24593719840049744
257	258	en	hau	challenge_SSA-MTE	hyp1	News	NaN	-0.24593719840049744
258	259	en	hau	challenge_SSA-MTE	hyp1	News	NaN	-0.24593719840049744
259	260	en	hau	challenge_SSA-MTE	hyp1	News	NaN	-0.24593719840049744
260	261	en	hau	challenge_SSA-MTE	hyp1	News	NaN	0.5273264646530151
261	262	en	hau	challenge_SSA-MTE	hyp1	News	NaN	0.5273264646530151
262	263	en	hau	challenge_SSA-MTE	hyp1	News	NaN	0.5273264646530151
263	264	en	hau	challenge_SSA-MTE	hyp1	News	NaN	0.5273264646530151
264	265	en	hau	challenge_SSA-MTE	hyp1	News	NaN	0.5273264646530151
265	266	en	hau	challenge_SSA-MTE	hyp1	News	NaN	0.5273264646530151
266	267	en	hau	challenge_SSA-MTE	hyp1	News	NaN	0.412125825881958
267	268	en	hau	challenge_SSA-MTE	hyp1	News	NaN	0.412125825881958
268	269	en	hau	challenge_SSA-MTE	hyp1	News	NaN	0.412125825881958
269	270	en	hau	challenge_SSA-MTE	hyp1	News	NaN	0.412125825881958
270	271	en	hau	challenge_SSA-MTE	hyp1	News	NaN	0.412125825881958
271	272	en	hau	challenge_SSA-MTE	hyp1	News	NaN	0.412125825881958
272	273	en	hau	challenge_SSA-MTE	hyp1	News	NaN	0.23175102472305298
273	274	en	hau	challenge_SSA-MTE	hyp1	News	NaN	0.23175102472305298
274	275	en	hau	challenge_SSA-MTE	hyp1	News	NaN	0.23175102472305298
275	276	en	hau	challenge_SSA-MTE	hyp1	News	NaN	0.23175102472305298
276	277	en	hau	challenge_SSA-MTE	hyp1	News	NaN	0.23175102472305298
277	278	en	hau	challenge_SSA-MTE	hyp1	News	NaN	0.36183762550354004
278	279	en	hau	challenge_SSA-MTE	hyp1	News	NaN	0.36183762550354004
279	280	en	hau	challenge_SSA-MTE	hyp1	News	NaN	0.36183762550354004
280	281	en	hau	challenge_SSA-MTE	hyp1	News	NaN	0.36183762550354004
281	282	en	hau	challenge_SSA-MTE	hyp1	News	NaN	0.36183762550354004
282	283	en	hau	challenge_SSA-MTE	hyp1	News	NaN	0.36183762550354004
283	284	en	hau	challenge_SSA-MTE	hyp1	News	NaN	-0.33337491750717163
284	285	en	hau	challenge_SSA-MTE	hyp1	News	NaN	-0.33337491750717163
285	286	en	hau	challenge_SSA-MTE	hyp1	News	NaN	-0.33337491750717163
286	287	en	hau	challenge_SSA-MTE	hyp1	News	NaN	-0.33337491750717163
287	288	en	hau	challenge_SSA-MTE	hyp1	News	NaN	-0.5578483939170837
288	289	en	hau	challenge_SSA-MTE	hyp1	News	NaN	-0.5578473806381226
289	290	en	hau	challenge_SSA-MTE	hyp1	News	NaN	-0.5578473806381226
290	291	en	hau	challenge_SSA-MTE	hyp1	News	NaN	-0.5578483939170837
291	292	en	hau	challenge_SSA-MTE	hyp1	News	NaN	-0.5578473806381226
292	293	en	hau	challenge_SSA-MTE	hyp1	News	NaN	-0.5578483939170837
293	294	en	hau	challenge_SSA-MTE	hyp1	News	NaN	0.134223073720932
294	295	en	hau	challenge_SSA-MTE	hyp1	News	NaN	0.134223073720932
295	296	en	hau	challenge_SSA-MTE	hyp1	News	NaN	0.134223073720932
296	297	en	hau	challenge_SSA-MTE	hyp1	News	NaN	0.134223073720932
297	298	en	hau	challenge_SSA-MTE	hyp1	News	NaN	0.134223073720932
298	299	en	hau	challenge_SSA-MTE	hyp1	News	NaN	0.134223073720932
299	300	en	hau	challenge_SSA-MTE	hyp1	News	NaN	-0.041131503880023956
300	301	en	hau	challenge_SSA-MTE	hyp1	News	NaN	-0.041131503880023956
301	302	en	hau	challenge_SSA-MTE	hyp1	News	NaN	-0.041131503880023956
302	303	en	hau	challenge_SSA-MTE	hyp1	News	NaN	-0.041131503880023956
303	304	en	hau	challenge_SSA-MTE	hyp1	News	NaN	-0.041131503880023956
304	305	en	hau	challenge_SSA-MTE	hyp1	News	NaN	-0.041131503880023956
305	306	en	hau	challenge_SSA-MTE	hyp1	News	NaN	0.3837756812572479
306	307	en	hau	challenge_SSA-MTE	hyp1	News	NaN	0.3837756812572479
307	308	en	hau	challenge_SSA-MTE	hyp1	News	NaN	0.3837756812572479
308	309	en	hau	challenge_SSA-MTE	hyp1	News	NaN	0.3837756812572479
309	310	en	hau	challenge_SSA-MTE	hyp1	News	NaN	0.3837756812572479
310	311	en	hau	challenge_SSA-MTE	hyp1	News	NaN	0.3837756812572479
311	312	en	hau	challenge_SSA-MTE	hyp1	News	NaN	0.1180640384554863
312	313	en	hau	challenge_SSA-MTE	hyp1	News	NaN	0.1180640384554863
313	314	en	hau	challenge_SSA-MTE	hyp1	News	NaN	0.1180640384554863
314	315	en	hau	challenge_SSA-MTE	hyp1	News	NaN	0.1180640384554863
315	316	en	hau	challenge_SSA-MTE	hyp1	News	NaN	0.1180640384554863
316	317	en	hau	challenge_SSA-MTE	hyp1	News	NaN	0.1180640384554863
317	318	en	hau	challenge_SSA-MTE	hyp1	News	NaN	0.17591914534568787
318	319	en	hau	challenge_SSA-MTE	hyp1	News	NaN	0.17591914534568787
319	320	en	hau	challenge_SSA-MTE	hyp1	News	NaN	0.17591914534568787
320	321	en	hau	challenge_SSA-MTE	hyp1	News	NaN	0.17591914534568787
321	322	en	hau	challenge_SSA-MTE	hyp1	News	NaN	0.17591914534568787
322	323	en	hau	challenge_SSA-MTE	hyp1	News	NaN	0.17591914534568787
323	324	en	hau	challenge_SSA-MTE	hyp1	News	NaN	0.2845422029495239
324	325	en	hau	challenge_SSA-MTE	hyp1	News	NaN	0.2845422029495239
325	326	en	hau	challenge_SSA-MTE	hyp1	News	NaN	0.2845422029495239
326	327	en	hau	challenge_SSA-MTE	hyp1	News	NaN	0.2845422029495239
327	328	en	hau	challenge_SSA-MTE	hyp1	News	NaN	0.2845422029495239
328	329	en	hau	challenge_SSA-MTE	hyp1	News	NaN	0.5186620950698853
329	330	en	hau	challenge_SSA-MTE	hyp1	News	NaN	0.5186620950698853
330	331	en	hau	challenge_SSA-MTE	hyp1	News	NaN	0.5186620950698853
331	332	en	hau	challenge_SSA-MTE	hyp1	News	NaN	0.5186620950698853
332	333	en	hau	challenge_SSA-MTE	hyp1	News	NaN	0.5186620950698853
333	334	en	hau	challenge_SSA-MTE	hyp1	News	NaN	0.5186620950698853
334	335	en	hau	challenge_SSA-MTE	hyp1	News	NaN	0.08476731926202774
335	336	en	hau	challenge_SSA-MTE	hyp1	News	NaN	0.08476731926202774
336	337	en	hau	challenge_SSA-MTE	hyp1	News	NaN	0.08476731926202774
337	338	en	hau	challenge_SSA-MTE	hyp1	News	NaN	0.08476731926202774
338	339	en	hau	challenge_SSA-MTE	hyp1	News	NaN	0.08476731926202774
339	340	en	hau	challenge_SSA-MTE	hyp1	News	NaN	0.08476731926202774
340	341	en	hau	challenge_SSA-MTE	hyp1	News	NaN	0.29251784086227417
341	342	en	hau	challenge_SSA-MTE	hyp1	News	NaN	0.29251784086227417
342	343	en	hau	challenge_SSA-MTE	hyp1	News	NaN	0.29251784086227417
343	344	en	hau	challenge_SSA-MTE	hyp1	News	NaN	0.29251784086227417
344	345	en	hau	challenge_SSA-MTE	hyp1	News	NaN	-0.10554476827383041
345	346	en	hau	challenge_SSA-MTE	hyp1	News	NaN	-0.10554476827383041
346	347	en	hau	challenge_SSA-MTE	hyp1	News	NaN	-0.10554476827383041
347	348	en	hau	challenge_SSA-MTE	hyp1	News	NaN	-0.10554476827383041
348	349	en	hau	challenge_SSA-MTE	hyp1	News	NaN	-0.10554476827383041
349	350	en	hau	challenge_SSA-MTE	hyp1	News	NaN	-0.10554476827383041
350	351	en	hau	challenge_SSA-MTE	hyp1	News	NaN	0.21001632511615753
351	352	en	hau	challenge_SSA-MTE	hyp1	News	NaN	0.21001632511615753
352	353	en	hau	challenge_SSA-MTE	hyp1	News	NaN	0.21001632511615753
353	354	en	hau	challenge_SSA-MTE	hyp1	News	NaN	0.21001632511615753
354	355	en	hau	challenge_SSA-MTE	hyp1	News	NaN	0.21001632511615753
355	356	en	hau	challenge_SSA-MTE	hyp1	News	NaN	0.21001632511615753
356	357	en	hau	challenge_SSA-MTE	hyp1	News	NaN	-0.05013282969594002
357	358	en	hau	challenge_SSA-MTE	hyp1	News	NaN	-0.05013282969594002
358	359	en	hau	challenge_SSA-MTE	hyp1	News	NaN	-0.05013345181941986
359	360	en	hau	challenge_SSA-MTE	hyp1	News	NaN	-0.05013345181941986
360	361	en	hau	challenge_SSA-MTE	hyp1	News	NaN	-0.05013345181941986
361	362	en	hau	challenge_SSA-MTE	hyp1	News	NaN	-0.05013345181941986
362	363	en	hau	challenge_SSA-MTE	hyp1	News	NaN	0.4174351692199707
363	364	en	hau	challenge_SSA-MTE	hyp1	News	NaN	0.4174347519874573
364	365	en	hau	challenge_SSA-MTE	hyp1	News	NaN	0.4174347519874573
365	366	en	hau	challenge_SSA-MTE	hyp1	News	NaN	0.4174351692199707
366	367	en	hau	challenge_SSA-MTE	hyp1	News	NaN	0.4174351692199707
367	368	en	hau	challenge_SSA-MTE	hyp1	News	NaN	0.4174351692199707
368	369	en	hau	challenge_SSA-MTE	hyp1	News	NaN	0.362524151802063
369	370	en	hau	challenge_SSA-MTE	hyp1	News	NaN	0.362524151802063
370	371	en	hau	challenge_SSA-MTE	hyp1	News	NaN	0.362524151802063
371	372	en	hau	challenge_SSA-MTE	hyp1	News	NaN	0.362524151802063
372	373	en	hau	challenge_SSA-MTE	hyp1	News	NaN	0.362524151802063
373	374	en	hau	challenge_SSA-MTE	hyp1	News	NaN	0.362524151802063
374	375	en	hau	challenge_SSA-MTE	hyp1	News	NaN	-0.5354728102684021
375	376	en	hau	challenge_SSA-MTE	hyp1	News	NaN	-0.5354728102684021
376	377	en	hau	challenge_SSA-MTE	hyp1	News	NaN	-0.5354728102684021
377	378	en	hau	challenge_SSA-MTE	hyp1	News	NaN	-0.5354728102684021
378	379	en	hau	challenge_SSA-MTE	hyp1	News	NaN	-0.5354728102684021
379	380	en	hau	challenge_SSA-MTE	hyp1	News	NaN	0.06962478905916214
380	381	en	hau	challenge_SSA-MTE	hyp1	News	NaN	0.06962478905916214
381	382	en	hau	challenge_SSA-MTE	hyp1	News	NaN	0.06962478905916214
382	383	en	hau	challenge_SSA-MTE	hyp1	News	NaN	0.06962478905916214
383	384	en	hau	challenge_SSA-MTE	hyp1	News	NaN	0.06962478905916214
384	385	en	hau	challenge_SSA-MTE	hyp1	News	NaN	0.06962478905916214
385	386	en	hau	challenge_SSA-MTE	hyp1	News	NaN	0.24218036234378815
386	387	en	hau	challenge_SSA-MTE	hyp1	News	NaN	0.24218036234378815
387	388	en	hau	challenge_SSA-MTE	hyp1	News	NaN	0.24218036234378815
388	389	en	hau	challenge_SSA-MTE	hyp1	News	NaN	0.24218036234378815
389	390	en	hau	challenge_SSA-MTE	hyp1	News	NaN	0.24218036234378815
390	391	en	hau	challenge_SSA-MTE	hyp1	News	NaN	0.24218036234378815
391	392	en	hau	challenge_SSA-MTE	hyp1	News	NaN	-0.367747962474823
392	393	en	hau	challenge_SSA-MTE	hyp1	News	NaN	-0.367747962474823
393	394	en	hau	challenge_SSA-MTE	hyp1	News	NaN	-0.367747962474823
394	395	en	hau	challenge_SSA-MTE	hyp1	News	NaN	-0.367747962474823
395	396	en	hau	challenge_SSA-MTE	hyp1	News	NaN	-0.367747962474823
396	397	en	hau	challenge_SSA-MTE	hyp1	News	NaN	0.20028647780418396
397	398	en	hau	challenge_SSA-MTE	hyp1	News	NaN	0.20028647780418396
398	399	en	hau	challenge_SSA-MTE	hyp1	News	NaN	0.20028647780418396
399	400	en	hau	challenge_SSA-MTE	hyp1	News	NaN	0.20028647780418396
400	401	en	hau	challenge_SSA-MTE	hyp1	News	NaN	0.20028647780418396
401	402	en	hau	challenge_SSA-MTE	hyp1	News	NaN	0.20028647780418396
402	403	en	hau	challenge_SSA-MTE	hyp1	News	NaN	0.11047595739364624
403	404	en	hau	challenge_SSA-MTE	hyp1	News	NaN	0.11047595739364624
404	405	en	hau	challenge_SSA-MTE	hyp1	News	NaN	0.11047595739364624
405	406	en	hau	challenge_SSA-MTE	hyp1	News	NaN	0.11047595739364624
406	407	en	hau	challenge_SSA-MTE	hyp1	News	NaN	0.11047595739364624
407	408	en	hau	challenge_SSA-MTE	hyp1	News	NaN	0.11047595739364624
408	409	en	hau	challenge_SSA-MTE	hyp1	News	NaN	0.4278496503829956
409	410	en	hau	challenge_SSA-MTE	hyp1	News	NaN	0.4278496503829956
410	411	en	hau	challenge_SSA-MTE	hyp1	News	NaN	0.4278501868247986
411	412	en	hau	challenge_SSA-MTE	hyp1	News	NaN	0.4278501868247986
412	413	en	hau	challenge_SSA-MTE	hyp1	News	NaN	0.4278501868247986
413	414	en	hau	challenge_SSA-MTE	hyp1	News	NaN	0.4278501868247986
414	415	en	hau	challenge_SSA-MTE	hyp1	News	NaN	0.01753006875514984
415	416	en	hau	challenge_SSA-MTE	hyp1	News	NaN	0.01753006875514984
416	417	en	hau	challenge_SSA-MTE	hyp1	News	NaN	0.01753006875514984
417	418	en	hau	challenge_SSA-MTE	hyp1	News	NaN	0.01753006875514984
418	419	en	hau	challenge_SSA-MTE	hyp1	News	NaN	0.01753006875514984
419	420	en	hau	challenge_SSA-MTE	hyp1	News	NaN	0.01753006875514984
420	421	en	hau	challenge_SSA-MTE	hyp1	News	NaN	0.37866920232772827
421	422	en	hau	challenge_SSA-MTE	hyp1	News	NaN	0.3786693215370178
422	423	en	hau	challenge_SSA-MTE	hyp1	News	NaN	0.3786693215370178
423	424	en	hau	challenge_SSA-MTE	hyp1	News	NaN	0.3786693215370178
424	425	en	hau	challenge_SSA-MTE	hyp1	News	NaN	0.3786693215370178
425	426	en	hau	challenge_SSA-MTE	hyp1	News	NaN	0.37866926193237305
426	427	en	hau	challenge_SSA-MTE	hyp1	News	NaN	0.13730040192604065
427	428	en	hau	challenge_SSA-MTE	hyp1	News	NaN	0.13730040192604065
428	429	en	hau	challenge_SSA-MTE	hyp1	News	NaN	0.13730040192604065
429	430	en	hau	challenge_SSA-MTE	hyp1	News	NaN	0.13730040192604065
430	431	en	hau	challenge_SSA-MTE	hyp1	News	NaN	0.13730040192604065
431	432	en	hau	challenge_SSA-MTE	hyp1	News	NaN	0.13730040192604065
432	433	en	hau	challenge_SSA-MTE	hyp1	News	NaN	0.3148276209831238
433	434	en	hau	challenge_SSA-MTE	hyp1	News	NaN	0.3148276209831238
434	435	en	hau	challenge_SSA-MTE	hyp1	News	NaN	0.3148276209831238
435	436	en	hau	challenge_SSA-MTE	hyp1	News	NaN	0.3148276209831238
436	437	en	hau	challenge_SSA-MTE	hyp1	News	NaN	0.3148276209831238
437	438	en	hau	challenge_SSA-MTE	hyp1	News	NaN	0.3148276209831238
438	439	en	hau	challenge_SSA-MTE	hyp1	News	NaN	0.44221407175064087
439	440	en	hau	challenge_SSA-MTE	hyp1	News	NaN	0.44221407175064087
440	441	en	hau	challenge_SSA-MTE	hyp1	News	NaN	0.44221407175064087
441	442	en	hau	challenge_SSA-MTE	hyp1	News	NaN	0.44221407175064087
442	443	en	hau	challenge_SSA-MTE	hyp1	News	NaN	0.44221407175064087
443	444	en	hau	challenge_SSA-MTE	hyp1	News	NaN	0.44221407175064087
444	445	en	hau	challenge_SSA-MTE	hyp1	News	NaN	0.1274319887161255
445	446	en	hau	challenge_SSA-MTE	hyp1	News	NaN	0.1274321973323822
446	447	en	hau	challenge_SSA-MTE	hyp1	News	NaN	0.1274319887161255
447	448	en	hau	challenge_SSA-MTE	hyp1	News	NaN	0.1274319887161255
448	449	en	hau	challenge_SSA-MTE	hyp1	News	NaN	0.1274319887161255
449	450	en	hau	challenge_SSA-MTE	hyp1	News	NaN	0.1274321973323822
450	451	en	hau	challenge_SSA-MTE	hyp1	News	NaN	0.11912528425455093
451	452	en	hau	challenge_SSA-MTE	hyp1	News	NaN	0.11912528425455093
452	453	en	hau	challenge_SSA-MTE	hyp1	News	NaN	0.11912528425455093
453	454	en	hau	challenge_SSA-MTE	hyp1	News	NaN	0.11912528425455093
454	455	en	hau	challenge_SSA-MTE	hyp1	News	NaN	0.11912528425455093
455	456	en	hau	challenge_SSA-MTE	hyp1	News	NaN	0.11912528425455093
456	457	en	hau	challenge_SSA-MTE	hyp1	News	NaN	0.1760476976633072
457	458	en	hau	challenge_SSA-MTE	hyp1	News	NaN	0.1760476976633072
458	459	en	hau	challenge_SSA-MTE	hyp1	News	NaN	0.1760476976633072
459	460	en	hau	challenge_SSA-MTE	hyp1	News	NaN	0.1760476976633072
460	461	en	hau	challenge_SSA-MTE	hyp1	News	NaN	0.2140524685382843
461	462	en	hau	challenge_SSA-MTE	hyp1	News	NaN	0.2140524685382843
462	463	en	hau	challenge_SSA-MTE	hyp1	News	NaN	0.2140524685382843
463	464	en	hau	challenge_SSA-MTE	hyp1	News	NaN	0.2140524685382843
464	465	en	hau	challenge_SSA-MTE	hyp1	News	NaN	0.2140524685382843
465	466	en	hau	challenge_SSA-MTE	hyp1	News	NaN	0.2140524685382843
466	467	en	hau	challenge_SSA-MTE	hyp1	News	NaN	-0.11678696423768997
467	468	en	hau	challenge_SSA-MTE	hyp1	News	NaN	-0.11678696423768997
468	469	en	hau	challenge_SSA-MTE	hyp1	News	NaN	-0.11678696423768997
469	470	en	hau	challenge_SSA-MTE	hyp1	News	NaN	-0.11678696423768997
470	471	en	hau	challenge_SSA-MTE	hyp1	News	NaN	-0.11678696423768997
471	472	en	hau	challenge_SSA-MTE	hyp1	News	NaN	-0.11678696423768997
472	473	en	hau	challenge_SSA-MTE	hyp1	News	NaN	-0.058652978390455246
473	474	en	hau	challenge_SSA-MTE	hyp1	News	NaN	-0.058652978390455246
474	475	en	hau	challenge_SSA-MTE	hyp1	News	NaN	-0.058652978390455246
475	476	en	hau	challenge_SSA-MTE	hyp1	News	NaN	-0.058652978390455246
476	477	en	hau	challenge_SSA-MTE	hyp1	News	NaN	-0.058652978390455246
477	478	en	hau	challenge_SSA-MTE	hyp1	News	NaN	-0.058652978390455246
478	479	en	hau	challenge_SSA-MTE	hyp1	News	NaN	0.2630074620246887
479	480	en	hau	challenge_SSA-MTE	hyp1	News	NaN	0.2630074620246887
480	481	en	hau	challenge_SSA-MTE	hyp1	News	NaN	0.2630074620246887
481	482	en	hau	challenge_SSA-MTE	hyp1	News	NaN	0.2630074620246887
482	483	en	hau	challenge_SSA-MTE	hyp1	News	NaN	0.26300734281539917
483	484	en	hau	challenge_SSA-MTE	hyp1	News	NaN	0.2630074620246887
484	485	en	hau	challenge_SSA-MTE	hyp1	News	NaN	0.30891352891921997
485	486	en	hau	challenge_SSA-MTE	hyp1	News	NaN	0.30891352891921997
486	487	en	hau	challenge_SSA-MTE	hyp1	News	NaN	0.3089138865470886
487	488	en	hau	challenge_SSA-MTE	hyp1	News	NaN	0.3089138865470886
488	489	en	hau	challenge_SSA-MTE	hyp1	News	NaN	0.3089138865470886
489	490	en	hau	challenge_SSA-MTE	hyp1	News	NaN	0.3089138865470886
490	491	en	hau	challenge_SSA-MTE	hyp1	News	NaN	0.029363224282860756
491	492	en	hau	challenge_SSA-MTE	hyp1	News	NaN	0.029363224282860756
492	493	en	hau	challenge_SSA-MTE	hyp1	News	NaN	0.029364028945565224
493	494	en	hau	challenge_SSA-MTE	hyp1	News	NaN	0.029364028945565224
494	495	en	hau	challenge_SSA-MTE	hyp1	News	NaN	0.029363224282860756
495	496	en	hau	challenge_SSA-MTE	hyp1	News	NaN	0.029364028945565224
496	497	en	hau	challenge_SSA-MTE	hyp1	News	NaN	-0.5435662269592285
497	498	en	hau	challenge_SSA-MTE	hyp1	News	NaN	-0.5435662269592285
498	499	en	hau	challenge_SSA-MTE	hyp1	News	NaN	-0.5435662269592285
499	500	en	hau	challenge_SSA-MTE	hyp1	News	NaN	-0.5435662269592285
500	501	en	hau	challenge_SSA-MTE	hyp1	News	NaN	-0.5435662269592285
501	502	en	hau	challenge_SSA-MTE	hyp1	News	NaN	-0.5435662269592285
502	503	en	hau	challenge_SSA-MTE	hyp1	News	NaN	-0.1539754569530487
503	504	en	hau	challenge_SSA-MTE	hyp1	News	NaN	-0.1539754569530487
504	505	en	hau	challenge_SSA-MTE	hyp1	News	NaN	-0.1539752334356308
505	506	en	hau	challenge_SSA-MTE	hyp1	News	NaN	-0.15397457778453827
506	507	en	hau	challenge_SSA-MTE	hyp1	News	NaN	-0.15397457778453827
507	508	en	hau	challenge_SSA-MTE	hyp1	News	NaN	-0.1539754569530487
508	509	en	hau	challenge_SSA-MTE	hyp1	News	NaN	0.2784523367881775
509	510	en	hau	challenge_SSA-MTE	hyp1	News	NaN	0.2784523367881775
510	511	en	hau	challenge_SSA-MTE	hyp1	News	NaN	0.2784523367881775
511	512	en	hau	challenge_SSA-MTE	hyp1	News	NaN	0.2784523367881775
512	513	en	hau	challenge_SSA-MTE	hyp1	News	NaN	0.2784523367881775
513	514	en	hau	challenge_SSA-MTE	hyp1	News	NaN	0.2784523367881775
514	515	en	hau	challenge_SSA-MTE	hyp1	News	NaN	0.5044784545898438
515	516	en	hau	challenge_SSA-MTE	hyp1	News	NaN	0.5044784545898438
516	517	en	hau	challenge_SSA-MTE	hyp1	News	NaN	0.5044784545898438
517	518	en	hau	challenge_SSA-MTE	hyp1	News	NaN	0.5044784545898438
518	519	en	hau	challenge_SSA-MTE	hyp1	News	NaN	0.5044784545898438
519	520	en	hau	challenge_SSA-MTE	hyp1	News	NaN	0.5044784545898438
520	521	en	hau	challenge_SSA-MTE	hyp1	News	NaN	0.49585843086242676
521	522	en	hau	challenge_SSA-MTE	hyp1	News	NaN	0.49585843086242676
522	523	en	hau	challenge_SSA-MTE	hyp1	News	NaN	0.49585843086242676
523	524	en	hau	challenge_SSA-MTE	hyp1	News	NaN	0.49585843086242676
524	525	en	hau	challenge_SSA-MTE	hyp1	News	NaN	0.49585843086242676
525	526	en	hau	challenge_SSA-MTE	hyp1	News	NaN	-0.018579738214612007
526	527	en	hau	challenge_SSA-MTE	hyp1	News	NaN	-0.01857924275100231
527	528	en	hau	challenge_SSA-MTE	hyp1	News	NaN	-0.01857924275100231
528	529	en	hau	challenge_SSA-MTE	hyp1	News	NaN	-0.018579738214612007
529	530	en	hau	challenge_SSA-MTE	hyp1	News	NaN	-0.018579738214612007
530	531	en	hau	challenge_SSA-MTE	hyp1	News	NaN	-0.018579738214612007
531	532	en	hau	challenge_SSA-MTE	hyp1	News	NaN	0.11852622777223587
532	533	en	hau	challenge_SSA-MTE	hyp1	News	NaN	0.11852622777223587
533	534	en	hau	challenge_SSA-MTE	hyp1	News	NaN	0.1185251846909523
534	535	en	hau	challenge_SSA-MTE	hyp1	News	NaN	0.11852622777223587
535	536	en	hau	challenge_SSA-MTE	hyp1	News	NaN	0.11852622777223587
536	537	en	hau	challenge_SSA-MTE	hyp1	News	NaN	0.11852622777223587
537	538	en	hau	challenge_SSA-MTE	hyp1	News	NaN	0.36897921562194824
538	539	en	hau	challenge_SSA-MTE	hyp1	News	NaN	0.36897921562194824
539	540	en	hau	challenge_SSA-MTE	hyp1	News	NaN	0.36897921562194824
540	541	en	hau	challenge_SSA-MTE	hyp1	News	NaN	0.3689790368080139
541	542	en	hau	challenge_SSA-MTE	hyp1	News	NaN	0.3689790368080139
542	543	en	hau	challenge_SSA-MTE	hyp1	News	NaN	0.3689790368080139
543	544	en	hau	challenge_SSA-MTE	hyp1	News	NaN	0.15665721893310547
544	545	en	hau	challenge_SSA-MTE	hyp1	News	NaN	0.15665721893310547
545	546	en	hau	challenge_SSA-MTE	hyp1	News	NaN	0.15665721893310547
546	547	en	hau	challenge_SSA-MTE	hyp1	News	NaN	0.15665721893310547
547	548	en	hau	challenge_SSA-MTE	hyp1	News	NaN	0.15665721893310547
548	549	en	hau	challenge_SSA-MTE	hyp1	News	NaN	0.15665721893310547
549	550	en	hau	challenge_SSA-MTE	hyp1	News	NaN	-0.046532511711120605
550	551	en	hau	challenge_SSA-MTE	hyp1	News	NaN	-0.046532511711120605
551	552	en	hau	challenge_SSA-MTE	hyp1	News	NaN	-0.046532511711120605
552	553	en	hau	challenge_SSA-MTE	hyp1	News	NaN	-0.046532511711120605
553	554	en	hau	challenge_SSA-MTE	hyp1	News	NaN	-0.046532511711120605
554	555	en	hau	challenge_SSA-MTE	hyp1	News	NaN	-0.046532511711120605
555	556	en	hau	challenge_SSA-MTE	hyp1	News	NaN	-0.7516740560531616
556	557	en	hau	challenge_SSA-MTE	hyp1	News	NaN	-0.7516740560531616
557	558	en	hau	challenge_SSA-MTE	hyp1	News	NaN	-0.7516740560531616
558	559	en	hau	challenge_SSA-MTE	hyp1	News	NaN	-0.751672625541687
559	560	en	hau	challenge_SSA-MTE	hyp1	News	NaN	-0.751672625541687
560	561	en	hau	challenge_SSA-MTE	hyp1	News	NaN	-0.7516740560531616
561	562	en	hau	challenge_SSA-MTE	hyp1	News	NaN	-0.003833011258393526
562	563	en	hau	challenge_SSA-MTE	hyp1	News	NaN	-0.003833011258393526
563	564	en	hau	challenge_SSA-MTE	hyp1	News	NaN	-0.003833011258393526
564	565	en	hau	challenge_SSA-MTE	hyp1	News	NaN	-0.003833011258393526
565	566	en	hau	challenge_SSA-MTE	hyp1	News	NaN	-0.003833011258393526
566	567	en	hau	challenge_SSA-MTE	hyp1	News	NaN	-0.003833011258393526
567	568	en	hau	challenge_SSA-MTE	hyp1	News	NaN	-0.19730797410011292
568	569	en	hau	challenge_SSA-MTE	hyp1	News	NaN	-0.19730797410011292
569	570	en	hau	challenge_SSA-MTE	hyp1	News	NaN	-0.19730797410011292
570	571	en	hau	challenge_SSA-MTE	hyp1	News	NaN	-0.19730797410011292
571	572	en	hau	challenge_SSA-MTE	hyp1	News	NaN	-0.19730797410011292
572	573	en	hau	challenge_SSA-MTE	hyp1	News	NaN	-0.19730797410011292
573	574	en	hau	challenge_SSA-MTE	hyp1	News	NaN	0.43001604080200195
574	575	en	hau	challenge_SSA-MTE	hyp1	News	NaN	0.43001604080200195
575	576	en	hau	challenge_SSA-MTE	hyp1	News	NaN	0.43001604080200195
576	577	en	hau	challenge_SSA-MTE	hyp1	News	NaN	0.43001604080200195
577	578	en	hau	challenge_SSA-MTE	hyp1	News	NaN	0.43001604080200195
578	579	en	hau	challenge_SSA-MTE	hyp1	News	NaN	0.43001604080200195
579	580	en	hau	challenge_SSA-MTE	hyp1	News	NaN	0.1517118513584137
580	581	en	hau	challenge_SSA-MTE	hyp1	News	NaN	0.1517118513584137
581	582	en	hau	challenge_SSA-MTE	hyp1	News	NaN	0.1517118513584137
582	583	en	hau	challenge_SSA-MTE	hyp1	News	NaN	0.15171265602111816
583	584	en	hau	challenge_SSA-MTE	hyp1	News	NaN	0.15171265602111816
584	585	en	hau	challenge_SSA-MTE	hyp1	News	NaN	0.15171265602111816
585	586	en	hau	challenge_SSA-MTE	hyp1	News	NaN	0.3185262084007263
586	587	en	hau	challenge_SSA-MTE	hyp1	News	NaN	0.3185262084007263
587	588	en	hau	challenge_SSA-MTE	hyp1	News	NaN	0.3185262084007263
588	589	en	hau	challenge_SSA-MTE	hyp1	News	NaN	0.3185264766216278
589	590	en	hau	challenge_SSA-MTE	hyp1	News	NaN	0.3185264766216278
590	591	en	hau	challenge_SSA-MTE	hyp1	News	NaN	0.3185264766216278
591	592	en	hau	challenge_SSA-MTE	hyp1	News	NaN	0.21354879438877106
592	593	en	hau	challenge_SSA-MTE	hyp1	News	NaN	0.21354879438877106
593	594	en	hau	challenge_SSA-MTE	hyp1	News	NaN	0.21354879438877106
594	595	en	hau	challenge_SSA-MTE	hyp1	News	NaN	0.21354922652244568
595	596	en	hau	challenge_SSA-MTE	hyp1	News	NaN	0.21354922652244568
596	597	en	hau	challenge_SSA-MTE	hyp1	News	NaN	0.21354922652244568
597	598	en	hau	challenge_SSA-MTE	hyp1	News	NaN	0.14577922224998474
598	599	en	hau	challenge_SSA-MTE	hyp1	News	NaN	0.1457778811454773
599	600	en	hau	challenge_SSA-MTE	hyp1	News	NaN	0.1457778811454773
600	601	en	hau	challenge_SSA-MTE	hyp1	News	NaN	0.1457778811454773
601	602	en	hau	challenge_SSA-MTE	hyp1	News	NaN	0.1457778811454773
602	603	en	hau	challenge_SSA-MTE	hyp1	News	NaN	0.1457778811454773
603	604	en	hau	challenge_SSA-MTE	hyp1	News	NaN	-0.1471947878599167
604	605	en	hau	challenge_SSA-MTE	hyp1	News	NaN	-0.1471947878599167
605	606	en	hau	challenge_SSA-MTE	hyp1	News	NaN	-0.1471947878599167
606	607	en	hau	challenge_SSA-MTE	hyp1	News	NaN	-0.1471947878599167
607	608	en	hau	challenge_SSA-MTE	hyp1	News	NaN	-0.1471947878599167
608	609	en	hau	challenge_SSA-MTE	hyp1	News	NaN	0.13129737973213196
609	610	en	hau	challenge_SSA-MTE	hyp1	News	NaN	0.13129737973213196
610	611	en	hau	challenge_SSA-MTE	hyp1	News	NaN	0.13129737973213196
611	612	en	hau	challenge_SSA-MTE	hyp1	News	NaN	0.13129737973213196
612	613	en	hau	challenge_SSA-MTE	hyp1	News	NaN	0.13129737973213196
613	614	en	hau	challenge_SSA-MTE	hyp1	News	NaN	0.13129737973213196
614	615	en	hau	challenge_SSA-MTE	hyp1	News	NaN	0.25585150718688965
615	616	en	hau	challenge_SSA-MTE	hyp1	News	NaN	0.25585150718688965
616	617	en	hau	challenge_SSA-MTE	hyp1	News	NaN	0.25585246086120605
617	618	en	hau	challenge_SSA-MTE	hyp1	News	NaN	0.25585195422172546
618	619	en	hau	challenge_SSA-MTE	hyp1	News	NaN	0.25585195422172546
619	620	en	hau	challenge_SSA-MTE	hyp1	News	NaN	0.25585195422172546
620	621	en	hau	challenge_SSA-MTE	hyp1	News	NaN	-0.39104562997817993
621	622	en	hau	challenge_SSA-MTE	hyp1	News	NaN	-0.39104562997817993
622	623	en	hau	challenge_SSA-MTE	hyp1	News	NaN	-0.3910452723503113
623	624	en	hau	challenge_SSA-MTE	hyp1	News	NaN	-0.3910452723503113
624	625	en	hau	challenge_SSA-MTE	hyp1	News	NaN	-0.3910452723503113
625	626	en	hau	challenge_SSA-MTE	hyp1	News	NaN	-0.39104562997817993
626	627	en	hau	challenge_SSA-MTE	hyp1	News	NaN	0.1301431506872177
627	628	en	hau	challenge_SSA-MTE	hyp1	News	NaN	0.1301431506872177
628	629	en	hau	challenge_SSA-MTE	hyp1	News	NaN	0.1301431506872177
629	630	en	hau	challenge_SSA-MTE	hyp1	News	NaN	0.1301431506872177
630	631	en	hau	challenge_SSA-MTE	hyp1	News	NaN	0.1301431506872177
631	632	en	hau	challenge_SSA-MTE	hyp1	News	NaN	0.1301431506872177
632	633	en	hau	challenge_SSA-MTE	hyp1	News	NaN	-0.013821398839354515
633	634	en	hau	challenge_SSA-MTE	hyp1	News	NaN	-0.013821398839354515
634	635	en	hau	challenge_SSA-MTE	hyp1	News	NaN	-0.013821398839354515
635	636	en	hau	challenge_SSA-MTE	hyp1	News	NaN	-0.013821646571159363
636	637	en	hau	challenge_SSA-MTE	hyp1	News	NaN	-0.013821398839354515
637	638	en	hau	challenge_SSA-MTE	hyp1	News	NaN	-0.607445240020752
638	639	en	hau	challenge_SSA-MTE	hyp1	News	NaN	-0.607445240020752
639	640	en	hau	challenge_SSA-MTE	hyp1	News	NaN	-0.607445240020752
640	641	en	hau	challenge_SSA-MTE	hyp1	News	NaN	-0.607445240020752
641	642	en	hau	challenge_SSA-MTE	hyp1	News	NaN	-0.607445240020752
642	643	en	hau	challenge_SSA-MTE	hyp1	News	NaN	-0.607445240020752
643	644	en	hau	challenge_SSA-MTE	hyp1	News	NaN	0.17686358094215393
644	645	en	hau	challenge_SSA-MTE	hyp1	News	NaN	0.17686358094215393
645	646	en	hau	challenge_SSA-MTE	hyp1	News	NaN	0.17686358094215393
646	647	en	hau	challenge_SSA-MTE	hyp1	News	NaN	0.17686358094215393
647	648	en	hau	challenge_SSA-MTE	hyp1	News	NaN	0.17686358094215393
648	649	en	hau	challenge_SSA-MTE	hyp1	News	NaN	0.17686358094215393
649	650	en	hau	challenge_SSA-MTE	hyp1	News	NaN	-0.9761136770248413
650	651	en	hau	challenge_SSA-MTE	hyp1	News	NaN	-0.9761113524436951
651	652	en	hau	challenge_SSA-MTE	hyp1	News	NaN	-0.9761113524436951
652	653	en	hau	challenge_SSA-MTE	hyp1	News	NaN	-0.9761113524436951
653	654	en	hau	challenge_SSA-MTE	hyp1	News	NaN	-0.9761136770248413
654	655	en	hau	challenge_SSA-MTE	hyp1	News	NaN	-0.9761113524436951
655	656	en	hau	challenge_SSA-MTE	hyp1	News	NaN	-0.6781920194625854
656	657	en	hau	challenge_SSA-MTE	hyp1	News	NaN	-0.6781920194625854
657	658	en	hau	challenge_SSA-MTE	hyp1	News	NaN	-0.6781920194625854
658	659	en	hau	challenge_SSA-MTE	hyp1	News	NaN	-0.6781941056251526
659	660	en	hau	challenge_SSA-MTE	hyp1	News	NaN	-0.6781920194625854
660	661	en	hau	challenge_SSA-MTE	hyp1	News	NaN	-0.6781941056251526
661	662	en	hau	challenge_SSA-MTE	hyp1	News	NaN	-0.5765048861503601
662	663	en	hau	challenge_SSA-MTE	hyp1	News	NaN	-0.5765048861503601
663	664	en	hau	challenge_SSA-MTE	hyp1	News	NaN	-0.5765048861503601
664	665	en	hau	challenge_SSA-MTE	hyp1	News	NaN	-0.5765048861503601
665	666	en	hau	challenge_SSA-MTE	hyp1	News	NaN	-0.5765048861503601
666	667	en	hau	challenge_SSA-MTE	hyp1	News	NaN	-0.07073328644037247
667	668	en	hau	challenge_SSA-MTE	hyp1	News	NaN	-0.07073328644037247
668	669	en	hau	challenge_SSA-MTE	hyp1	News	NaN	-0.07073328644037247
669	670	en	hau	challenge_SSA-MTE	hyp1	News	NaN	-0.07073328644037247
670	671	en	hau	challenge_SSA-MTE	hyp1	News	NaN	-0.07073328644037247
671	672	en	hau	challenge_SSA-MTE	hyp1	News	NaN	0.004388194065541029
672	673	en	hau	challenge_SSA-MTE	hyp1	News	NaN	0.004388194065541029
673	674	en	hau	challenge_SSA-MTE	hyp1	News	NaN	0.004388194065541029
674	675	en	hau	challenge_SSA-MTE	hyp1	News	NaN	0.004388194065541029
675	676	en	hau	challenge_SSA-MTE	hyp1	News	NaN	0.004388194065541029
676	677	en	hau	challenge_SSA-MTE	hyp1	News	NaN	0.004388194065541029
677	678	en	hau	challenge_SSA-MTE	hyp1	News	NaN	0.15201789140701294
678	679	en	hau	challenge_SSA-MTE	hyp1	News	NaN	0.15201738476753235
679	680	en	hau	challenge_SSA-MTE	hyp1	News	NaN	0.15201738476753235
680	681	en	hau	challenge_SSA-MTE	hyp1	News	NaN	0.15201738476753235
681	682	en	hau	challenge_SSA-MTE	hyp1	News	NaN	0.15201738476753235
682	683	en	hau	challenge_SSA-MTE	hyp1	News	NaN	0.15201738476753235
683	684	en	hau	challenge_SSA-MTE	hyp1	News	NaN	0.13512253761291504
684	685	en	hau	challenge_SSA-MTE	hyp1	News	NaN	0.13512253761291504
685	686	en	hau	challenge_SSA-MTE	hyp1	News	NaN	0.13512253761291504
686	687	en	hau	challenge_SSA-MTE	hyp1	News	NaN	0.13512182235717773
687	688	en	hau	challenge_SSA-MTE	hyp1	News	NaN	0.13512182235717773
688	689	en	hau	challenge_SSA-MTE	hyp1	News	NaN	0.13512182235717773
689	690	en	hau	challenge_SSA-MTE	hyp1	News	NaN	0.2913557291030884
690	691	en	hau	challenge_SSA-MTE	hyp1	News	NaN	0.2913557291030884
691	692	en	hau	challenge_SSA-MTE	hyp1	News	NaN	0.2913557291030884
692	693	en	hau	challenge_SSA-MTE	hyp1	News	NaN	0.2913557291030884
693	694	en	hau	challenge_SSA-MTE	hyp1	News	NaN	0.2913557291030884
694	695	en	hau	challenge_SSA-MTE	hyp1	News	NaN	0.2913557291030884
695	696	en	hau	challenge_SSA-MTE	hyp1	News	NaN	-0.054746586829423904
696	697	en	hau	challenge_SSA-MTE	hyp1	News	NaN	-0.054746586829423904
697	698	en	hau	challenge_SSA-MTE	hyp1	News	NaN	-0.054746586829423904
698	699	en	hau	challenge_SSA-MTE	hyp1	News	NaN	-0.054746586829423904
699	700	en	hau	challenge_SSA-MTE	hyp1	News	NaN	-0.054746586829423904
700	701	en	hau	challenge_SSA-MTE	hyp1	News	NaN	-0.054746586829423904
701	702	en	hau	challenge_SSA-MTE	hyp1	News	NaN	-0.07048916071653366
702	703	en	hau	challenge_SSA-MTE	hyp1	News	NaN	-0.07048916071653366
703	704	en	hau	challenge_SSA-MTE	hyp1	News	NaN	-0.07048916071653366
704	705	en	hau	challenge_SSA-MTE	hyp1	News	NaN	-0.07048916071653366
705	706	en	hau	challenge_SSA-MTE	hyp1	News	NaN	-0.07048916071653366
706	707	en	hau	challenge_SSA-MTE	hyp1	News	NaN	-0.6515063643455505
707	708	en	hau	challenge_SSA-MTE	hyp1	News	NaN	-0.6515063643455505
708	709	en	hau	challenge_SSA-MTE	hyp1	News	NaN	-0.6515063643455505
709	710	en	hau	challenge_SSA-MTE	hyp1	News	NaN	-0.6515063643455505
710	711	en	hau	challenge_SSA-MTE	hyp1	News	NaN	-0.6515063643455505
711	712	en	hau	challenge_SSA-MTE	hyp1	News	NaN	-0.6515063643455505
712	713	en	hau	challenge_SSA-MTE	hyp1	News	NaN	0.3223157525062561
713	714	en	hau	challenge_SSA-MTE	hyp1	News	NaN	0.3223157525062561
714	715	en	hau	challenge_SSA-MTE	hyp1	News	NaN	0.3223157525062561
715	716	en	hau	challenge_SSA-MTE	hyp1	News	NaN	0.3223157525062561
716	717	en	hau	challenge_SSA-MTE	hyp1	News	NaN	-0.36950650811195374
717	718	en	hau	challenge_SSA-MTE	hyp1	News	NaN	-0.36950650811195374
718	719	en	hau	challenge_SSA-MTE	hyp1	News	NaN	-0.3695051968097687
719	720	en	hau	challenge_SSA-MTE	hyp1	News	NaN	-0.36950650811195374
720	721	en	hau	challenge_SSA-MTE	hyp1	News	NaN	-0.36950650811195374
721	722	en	hau	challenge_SSA-MTE	hyp1	News	NaN	-0.3695051968097687
722	723	en	hau	challenge_SSA-MTE	hyp1	News	NaN	-1.0123114585876465
723	724	en	hau	challenge_SSA-MTE	hyp1	News	NaN	-1.0123114585876465
724	725	en	hau	challenge_SSA-MTE	hyp1	News	NaN	-1.0123114585876465
725	726	en	hau	challenge_SSA-MTE	hyp1	News	NaN	-1.012311577796936
726	727	en	hau	challenge_SSA-MTE	hyp1	News	NaN	-1.012311577796936
727	728	en	hau	challenge_SSA-MTE	hyp1	News	NaN	-1.0123114585876465
728	729	en	hau	challenge_SSA-MTE	hyp1	News	NaN	-1.6668392419815063
729	730	en	hau	challenge_SSA-MTE	hyp1	News	NaN	-1.6668392419815063
730	731	en	hau	challenge_SSA-MTE	hyp1	News	NaN	-1.6668392419815063
731	732	en	hau	challenge_SSA-MTE	hyp1	News	NaN	-1.6668392419815063
732	733	en	hau	challenge_SSA-MTE	hyp1	News	NaN	-1.6668392419815063
733	734	en	hau	challenge_SSA-MTE	hyp1	News	NaN	-1.6668392419815063
734	735	en	hau	challenge_SSA-MTE	hyp1	News	NaN	-0.4730866551399231
735	736	en	hau	challenge_SSA-MTE	hyp1	News	NaN	-0.4730866551399231
736	737	en	hau	challenge_SSA-MTE	hyp1	News	NaN	-0.4730866551399231
737	738	en	hau	challenge_SSA-MTE	hyp1	News	NaN	-0.4730866551399231
738	739	en	hau	challenge_SSA-MTE	hyp1	News	NaN	-0.4730866551399231
739	740	en	hau	challenge_SSA-MTE	hyp1	News	NaN	-0.4730866551399231
740	741	en	hau	challenge_SSA-MTE	hyp1	News	NaN	-0.4421736001968384
741	742	en	hau	challenge_SSA-MTE	hyp1	News	NaN	-0.44217365980148315
742	743	en	hau	challenge_SSA-MTE	hyp1	News	NaN	-0.44217395782470703
743	744	en	hau	challenge_SSA-MTE	hyp1	News	NaN	-0.44217395782470703
744	745	en	hau	challenge_SSA-MTE	hyp1	News	NaN	-0.44217395782470703
745	746	en	hau	challenge_SSA-MTE	hyp1	News	NaN	-0.44217395782470703
746	747	en	hau	challenge_SSA-MTE	hyp1	News	NaN	0.24911874532699585
747	748	en	hau	challenge_SSA-MTE	hyp1	News	NaN	0.24911874532699585
748	749	en	hau	challenge_SSA-MTE	hyp1	News	NaN	0.24911931157112122
749	750	en	hau	challenge_SSA-MTE	hyp1	News	NaN	0.24911874532699585
750	751	en	hau	challenge_SSA-MTE	hyp1	News	NaN	0.24911874532699585
751	752	en	hau	challenge_SSA-MTE	hyp1	News	NaN	0.24911931157112122
752	753	en	hau	challenge_SSA-MTE	hyp1	News	NaN	-0.025312859565019608
753	754	en	hau	challenge_SSA-MTE	hyp1	News	NaN	-0.025312859565019608
754	755	en	hau	challenge_SSA-MTE	hyp1	News	NaN	-0.025312859565019608
755	756	en	hau	challenge_SSA-MTE	hyp1	News	NaN	-0.025312859565019608
756	757	en	hau	challenge_SSA-MTE	hyp1	News	NaN	-0.025312859565019608
757	758	en	hau	challenge_SSA-MTE	hyp1	News	NaN	-0.025312168523669243
758	759	en	hau	challenge_SSA-MTE	hyp1	News	NaN	0.39180946350097656
759	760	en	hau	challenge_SSA-MTE	hyp1	News	NaN	0.39180976152420044
760	761	en	hau	challenge_SSA-MTE	hyp1	News	NaN	0.39180976152420044
761	762	en	hau	challenge_SSA-MTE	hyp1	News	NaN	0.39180976152420044
762	763	en	hau	challenge_SSA-MTE	hyp1	News	NaN	0.39180976152420044
763	764	en	hau	challenge_SSA-MTE	hyp1	News	NaN	0.39180946350097656
764	765	en	hau	challenge_SSA-MTE	hyp1	News	NaN	-0.9489339590072632
765	766	en	hau	challenge_SSA-MTE	hyp1	News	NaN	-0.948932409286499
766	767	en	hau	challenge_SSA-MTE	hyp1	News	NaN	-0.9489386677742004
767	768	en	hau	challenge_SSA-MTE	hyp1	News	NaN	-0.9489386677742004
768	769	en	hau	challenge_SSA-MTE	hyp1	News	NaN	-0.9489386677742004
769	770	en	hau	challenge_SSA-MTE	hyp1	News	NaN	-0.9489386677742004
770	771	en	hau	challenge_SSA-MTE	hyp1	News	NaN	-0.8700990080833435
771	772	en	hau	challenge_SSA-MTE	hyp1	News	NaN	-0.8700990080833435
772	773	en	hau	challenge_SSA-MTE	hyp1	News	NaN	-0.8700990080833435
773	774	en	hau	challenge_SSA-MTE	hyp1	News	NaN	-0.8700990080833435
774	775	en	hau	challenge_SSA-MTE	hyp1	News	NaN	-0.8700990080833435
775	776	en	hau	challenge_SSA-MTE	hyp1	News	NaN	0.12117046117782593
776	777	en	hau	challenge_SSA-MTE	hyp1	News	NaN	0.12117046117782593
777	778	en	hau	challenge_SSA-MTE	hyp1	News	NaN	0.12117046117782593
778	779	en	hau	challenge_SSA-MTE	hyp1	News	NaN	0.12117046117782593
779	780	en	hau	challenge_SSA-MTE	hyp1	News	NaN	0.12117046117782593
780	781	en	hau	challenge_SSA-MTE	hyp1	News	NaN	0.12117046117782593
781	782	en	hau	challenge_SSA-MTE	hyp1	News	NaN	-0.4230366349220276
782	783	en	hau	challenge_SSA-MTE	hyp1	News	NaN	-0.4230366349220276
783	784	en	hau	challenge_SSA-MTE	hyp1	News	NaN	-0.4230366349220276
784	785	en	hau	challenge_SSA-MTE	hyp1	News	NaN	-0.4230366349220276
785	786	en	hau	challenge_SSA-MTE	hyp1	News	NaN	-0.4230366349220276
786	787	en	hau	challenge_SSA-MTE	hyp1	News	NaN	-0.4230366349220276
787	788	en	hau	challenge_SSA-MTE	hyp1	News	NaN	0.11805051565170288
788	789	en	hau	challenge_SSA-MTE	hyp1	News	NaN	0.11805051565170288
789	790	en	hau	challenge_SSA-MTE	hyp1	News	NaN	0.11805051565170288
790	791	en	hau	challenge_SSA-MTE	hyp1	News	NaN	0.11805051565170288
791	792	en	hau	challenge_SSA-MTE	hyp1	News	NaN	0.11805051565170288
792	793	en	hau	challenge_SSA-MTE	hyp1	News	NaN	0.11805051565170288
793	794	en	hau	challenge_SSA-MTE	hyp1	News	NaN	0.002222043927758932
794	795	en	hau	challenge_SSA-MTE	hyp1	News	NaN	0.0022216415964066982
795	796	en	hau	challenge_SSA-MTE	hyp1	News	NaN	0.0022216415964066982
796	797	en	hau	challenge_SSA-MTE	hyp1	News	NaN	0.0022216415964066982
797	798	en	hau	challenge_SSA-MTE	hyp1	News	NaN	0.0022216415964066982
798	799	en	hau	challenge_SSA-MTE	hyp1	News	NaN	0.0022216415964066982
799	800	en	hau	challenge_SSA-MTE	hyp1	News	NaN	-0.03175818547606468
800	801	en	hau	challenge_SSA-MTE	hyp1	News	NaN	-0.03175818547606468
801	802	en	hau	challenge_SSA-MTE	hyp1	News	NaN	-0.03175818547606468
802	803	en	hau	challenge_SSA-MTE	hyp1	News	NaN	-0.03175855800509453
803	804	en	hau	challenge_SSA-MTE	hyp1	News	NaN	-0.03175855800509453
804	805	en	hau	challenge_SSA-MTE	hyp1	News	NaN	-0.03175855800509453
805	806	en	hau	challenge_SSA-MTE	hyp1	News	NaN	0.01950676552951336
806	807	en	hau	challenge_SSA-MTE	hyp1	News	NaN	0.01950676552951336
807	808	en	hau	challenge_SSA-MTE	hyp1	News	NaN	0.01950676552951336
808	809	en	hau	challenge_SSA-MTE	hyp1	News	NaN	0.01950676552951336
809	810	en	hau	challenge_SSA-MTE	hyp1	News	NaN	0.01950676552951336
810	811	en	hau	challenge_SSA-MTE	hyp1	News	NaN	0.01950676552951336
811	812	en	hau	challenge_SSA-MTE	hyp1	News	NaN	0.012589843943715096
812	813	en	hau	challenge_SSA-MTE	hyp1	News	NaN	0.012589843943715096
813	814	en	hau	challenge_SSA-MTE	hyp1	News	NaN	0.012590734288096428
814	815	en	hau	challenge_SSA-MTE	hyp1	News	NaN	0.01258973591029644
815	816	en	hau	challenge_SSA-MTE	hyp1	News	NaN	0.01258973591029644
816	817	en	hau	challenge_SSA-MTE	hyp1	News	NaN	0.01258973591029644
817	818	en	hau	challenge_SSA-MTE	hyp1	News	NaN	-0.6618390083312988
818	819	en	hau	challenge_SSA-MTE	hyp1	News	NaN	-0.6618390083312988
819	820	en	hau	challenge_SSA-MTE	hyp1	News	NaN	-0.6618390083312988
820	821	en	hau	challenge_SSA-MTE	hyp1	News	NaN	-0.6618390083312988
821	822	en	hau	challenge_SSA-MTE	hyp1	News	NaN	-0.6618390083312988
822	823	en	hau	challenge_SSA-MTE	hyp1	News	NaN	-0.6618390083312988
823	824	en	hau	challenge_SSA-MTE	hyp1	News	NaN	0.23585841059684753
824	825	en	hau	challenge_SSA-MTE	hyp1	News	NaN	0.23585841059684753
825	826	en	hau	challenge_SSA-MTE	hyp1	News	NaN	0.23585841059684753
826	827	en	hau	challenge_SSA-MTE	hyp1	News	NaN	0.23585841059684753
827	828	en	hau	challenge_SSA-MTE	hyp1	News	NaN	0.23585841059684753
828	829	en	hau	challenge_SSA-MTE	hyp1	News	NaN	0.23585841059684753
829	830	en	hau	challenge_SSA-MTE	hyp1	News	NaN	0.23518188297748566
830	831	en	hau	challenge_SSA-MTE	hyp1	News	NaN	0.23518233001232147
831	832	en	hau	challenge_SSA-MTE	hyp1	News	NaN	0.23518233001232147
832	833	en	hau	challenge_SSA-MTE	hyp1	News	NaN	0.23518233001232147
833	834	en	hau	challenge_SSA-MTE	hyp1	News	NaN	0.23518233001232147
834	835	en	hau	challenge_SSA-MTE	hyp1	News	NaN	0.23518233001232147
835	836	en	hau	challenge_SSA-MTE	hyp1	News	NaN	0.015830636024475098
836	837	en	hau	challenge_SSA-MTE	hyp1	News	NaN	0.015830636024475098
837	838	en	hau	challenge_SSA-MTE	hyp1	News	NaN	0.015830636024475098
838	839	en	hau	challenge_SSA-MTE	hyp1	News	NaN	0.015830636024475098
839	840	en	hau	challenge_SSA-MTE	hyp1	News	NaN	0.015830636024475098
840	841	en	hau	challenge_SSA-MTE	hyp1	News	NaN	0.015830636024475098
841	842	en	hau	challenge_SSA-MTE	hyp1	News	NaN	-0.31961071491241455
842	843	en	hau	challenge_SSA-MTE	hyp1	News	NaN	-0.31961071491241455
843	844	en	hau	challenge_SSA-MTE	hyp1	News	NaN	-0.3196101188659668
844	845	en	hau	challenge_SSA-MTE	hyp1	News	NaN	-0.3196101188659668
845	846	en	hau	challenge_SSA-MTE	hyp1	News	NaN	-0.31961071491241455
846	847	en	hau	challenge_SSA-MTE	hyp1	News	NaN	-0.31961071491241455
847	848	en	hau	challenge_SSA-MTE	hyp1	News	NaN	0.38058361411094666
848	849	en	hau	challenge_SSA-MTE	hyp1	News	NaN	0.38058361411094666
849	850	en	hau	challenge_SSA-MTE	hyp1	News	NaN	0.38058361411094666
850	851	en	hau	challenge_SSA-MTE	hyp1	News	NaN	0.38058361411094666
851	852	en	hau	challenge_SSA-MTE	hyp1	News	NaN	0.38058361411094666
852	853	en	hau	challenge_SSA-MTE	hyp1	News	NaN	0.38058361411094666
853	854	en	hau	challenge_SSA-MTE	hyp1	News	NaN	0.21888384222984314
854	855	en	hau	challenge_SSA-MTE	hyp1	News	NaN	0.21888384222984314
855	856	en	hau	challenge_SSA-MTE	hyp1	News	NaN	0.21888428926467896
856	857	en	hau	challenge_SSA-MTE	hyp1	News	NaN	0.21888428926467896
857	858	en	hau	challenge_SSA-MTE	hyp1	News	NaN	0.21888428926467896
858	859	en	hau	challenge_SSA-MTE	hyp1	News	NaN	0.21888428926467896
859	860	en	hau	challenge_SSA-MTE	hyp1	News	NaN	-0.050459254533052444
860	861	en	hau	challenge_SSA-MTE	hyp1	News	NaN	-0.050459254533052444
861	862	en	hau	challenge_SSA-MTE	hyp1	News	NaN	-0.050459254533052444
862	863	en	hau	challenge_SSA-MTE	hyp1	News	NaN	-0.050459254533052444
863	864	en	hau	challenge_SSA-MTE	hyp1	News	NaN	-0.050459254533052444
864	865	en	hau	challenge_SSA-MTE	hyp1	News	NaN	-0.050459254533052444
865	866	en	hau	challenge_SSA-MTE	hyp1	News	NaN	0.045005809515714645
866	867	en	hau	challenge_SSA-MTE	hyp1	News	NaN	0.045005809515714645
867	868	en	hau	challenge_SSA-MTE	hyp1	News	NaN	0.045005809515714645
868	869	en	hau	challenge_SSA-MTE	hyp1	News	NaN	0.04500555247068405
869	870	en	hau	challenge_SSA-MTE	hyp1	News	NaN	0.045005809515714645
870	871	en	hau	challenge_SSA-MTE	hyp1	News	NaN	0.04500555247068405
871	872	en	hau	challenge_SSA-MTE	hyp1	News	NaN	-0.12053560465574265
872	873	en	hau	challenge_SSA-MTE	hyp1	News	NaN	-0.12053560465574265
873	874	en	hau	challenge_SSA-MTE	hyp1	News	NaN	-0.12053560465574265
874	875	en	hau	challenge_SSA-MTE	hyp1	News	NaN	-0.12053560465574265
875	876	en	hau	challenge_SSA-MTE	hyp1	News	NaN	-0.12053560465574265
876	877	en	hau	challenge_SSA-MTE	hyp1	News	NaN	-0.12053560465574265
877	878	en	hau	challenge_SSA-MTE	hyp1	News	NaN	-0.3447830379009247
878	879	en	hau	challenge_SSA-MTE	hyp1	News	NaN	-0.3447830379009247
879	880	en	hau	challenge_SSA-MTE	hyp1	News	NaN	-0.3447830379009247
880	881	en	hau	challenge_SSA-MTE	hyp1	News	NaN	-0.3447830379009247
881	882	en	hau	challenge_SSA-MTE	hyp1	News	NaN	-0.3447830379009247
882	883	en	hau	challenge_SSA-MTE	hyp1	News	NaN	-0.3447830379009247
883	884	en	hau	challenge_SSA-MTE	hyp1	News	NaN	0.2106376588344574
884	885	en	hau	challenge_SSA-MTE	hyp1	News	NaN	0.2106376588344574
885	886	en	hau	challenge_SSA-MTE	hyp1	News	NaN	0.2106376588344574
886	887	en	hau	challenge_SSA-MTE	hyp1	News	NaN	0.2106376588344574
887	888	en	hau	challenge_SSA-MTE	hyp1	News	NaN	0.2106376588344574
888	889	en	hau	challenge_SSA-MTE	hyp1	News	NaN	0.2106376588344574
889	890	en	hau	challenge_SSA-MTE	hyp1	News	NaN	-1.5640133619308472
890	891	en	hau	challenge_SSA-MTE	hyp1	News	NaN	-1.5640133619308472
891	892	en	hau	challenge_SSA-MTE	hyp1	News	NaN	-1.5640133619308472
892	893	en	hau	challenge_SSA-MTE	hyp1	News	NaN	-1.5640133619308472
893	894	en	hau	challenge_SSA-MTE	hyp1	News	NaN	-1.5640126466751099
894	895	en	hau	challenge_SSA-MTE	hyp1	News	NaN	-1.5640133619308472
895	896	en	hau	challenge_SSA-MTE	hyp1	News	NaN	0.1752496361732483
896	897	en	hau	challenge_SSA-MTE	hyp1	News	NaN	0.1752496361732483
897	898	en	hau	challenge_SSA-MTE	hyp1	News	NaN	0.1752500832080841
898	899	en	hau	challenge_SSA-MTE	hyp1	News	NaN	0.1752496361732483
899	900	en	hau	challenge_SSA-MTE	hyp1	News	NaN	-0.4014548063278198
900	901	en	hau	challenge_SSA-MTE	hyp1	News	NaN	-0.4014548063278198
901	902	en	hau	challenge_SSA-MTE	hyp1	News	NaN	-0.4014548063278198
902	903	en	hau	challenge_SSA-MTE	hyp1	News	NaN	-0.4014548063278198
903	904	en	hau	challenge_SSA-MTE	hyp1	News	NaN	-0.4014548063278198
904	905	en	hau	challenge_SSA-MTE	hyp1	News	NaN	-0.4014548063278198
905	906	en	hau	challenge_SSA-MTE	hyp1	News	NaN	0.13995549082756042
906	907	en	hau	challenge_SSA-MTE	hyp1	News	NaN	0.13995549082756042
907	908	en	hau	challenge_SSA-MTE	hyp1	News	NaN	0.13995549082756042
908	909	en	hau	challenge_SSA-MTE	hyp1	News	NaN	0.13995549082756042
909	910	en	hau	challenge_SSA-MTE	hyp1	News	NaN	0.13995549082756042
910	911	en	hau	challenge_SSA-MTE	hyp1	News	NaN	-0.2752963900566101
911	912	en	hau	challenge_SSA-MTE	hyp1	News	NaN	-0.2752963900566101
912	913	en	hau	challenge_SSA-MTE	hyp1	News	NaN	-0.2752963900566101
913	914	en	hau	challenge_SSA-MTE	hyp1	News	NaN	-0.2752963900566101
914	915	en	hau	challenge_SSA-MTE	hyp1	News	NaN	-0.2752963900566101
915	916	en	hau	challenge_SSA-MTE	hyp1	News	NaN	-0.2752963900566101
916	917	en	hau	challenge_SSA-MTE	hyp1	News	NaN	-0.5040340423583984
917	918	en	hau	challenge_SSA-MTE	hyp1	News	NaN	-0.5040340423583984
918	919	en	hau	challenge_SSA-MTE	hyp1	News	NaN	-0.5040340423583984
919	920	en	hau	challenge_SSA-MTE	hyp1	News	NaN	-0.5040340423583984
920	921	en	hau	challenge_SSA-MTE	hyp1	News	NaN	-0.5040340423583984
921	922	en	hau	challenge_SSA-MTE	hyp1	News	NaN	-0.5040340423583984
922	923	en	hau	challenge_SSA-MTE	hyp1	News	NaN	0.3792140781879425
923	924	en	hau	challenge_SSA-MTE	hyp1	News	NaN	0.3792140781879425
924	925	en	hau	challenge_SSA-MTE	hyp1	News	NaN	0.3792140781879425
925	926	en	hau	challenge_SSA-MTE	hyp1	News	NaN	0.3792140781879425
926	927	en	hau	challenge_SSA-MTE	hyp1	News	NaN	0.1013772115111351
927	928	en	hau	challenge_SSA-MTE	hyp1	News	NaN	0.1013772115111351
928	929	en	hau	challenge_SSA-MTE	hyp1	News	NaN	0.1013772115111351
929	930	en	hau	challenge_SSA-MTE	hyp1	News	NaN	0.1013772115111351
930	931	en	hau	challenge_SSA-MTE	hyp1	News	NaN	0.1013772115111351
931	932	en	hau	challenge_SSA-MTE	hyp1	News	NaN	-0.05215282365679741
932	933	en	hau	challenge_SSA-MTE	hyp1	News	NaN	-0.05215282365679741
933	934	en	hau	challenge_SSA-MTE	hyp1	News	NaN	-0.05214960128068924
934	935	en	hau	challenge_SSA-MTE	hyp1	News	NaN	-0.05214960128068924
935	936	en	hau	challenge_SSA-MTE	hyp1	News	NaN	-0.05214960128068924
936	937	en	hau	challenge_SSA-MTE	hyp1	News	NaN	-0.05214960128068924
937	938	en	hau	challenge_SSA-MTE	hyp1	News	NaN	-0.17669963836669922
938	939	en	hau	challenge_SSA-MTE	hyp1	News	NaN	-0.17669963836669922
939	940	en	hau	challenge_SSA-MTE	hyp1	News	NaN	-0.17669963836669922
940	941	en	hau	challenge_SSA-MTE	hyp1	News	NaN	-0.17669963836669922
941	942	en	hau	challenge_SSA-MTE	hyp1	News	NaN	-0.17669963836669922
942	943	en	hau	challenge_SSA-MTE	hyp1	News	NaN	-0.17669963836669922
943	944	en	hau	challenge_SSA-MTE	hyp1	News	NaN	0.2293354719877243
944	945	en	hau	challenge_SSA-MTE	hyp1	News	NaN	0.2293354719877243
945	946	en	hau	challenge_SSA-MTE	hyp1	News	NaN	0.2293354719877243
946	947	en	hau	challenge_SSA-MTE	hyp1	News	NaN	0.2293354719877243
947	948	en	hau	challenge_SSA-MTE	hyp1	News	NaN	0.2293354719877243
948	949	en	hau	challenge_SSA-MTE	hyp1	News	NaN	0.2293354719877243
949	950	en	hau	challenge_SSA-MTE	hyp1	News	NaN	-0.0840594470500946
950	951	en	hau	challenge_SSA-MTE	hyp1	News	NaN	-0.0840594470500946
951	952	en	hau	challenge_SSA-MTE	hyp1	News	NaN	-0.0840594470500946
952	953	en	hau	challenge_SSA-MTE	hyp1	News	NaN	-0.0840594470500946
953	954	en	hau	challenge_SSA-MTE	hyp1	News	NaN	-0.0840594470500946
954	955	en	hau	challenge_SSA-MTE	hyp1	News	NaN	-0.0840594470500946
955	956	en	hau	challenge_SSA-MTE	hyp1	News	NaN	0.17319494485855103
956	957	en	hau	challenge_SSA-MTE	hyp1	News	NaN	0.17319494485855103
957	958	en	hau	challenge_SSA-MTE	hyp1	News	NaN	0.17319494485855103
958	959	en	hau	challenge_SSA-MTE	hyp1	News	NaN	0.17319494485855103
959	960	en	hau	challenge_SSA-MTE	hyp1	News	NaN	0.17319494485855103
960	961	en	hau	challenge_SSA-MTE	hyp1	News	NaN	0.17319494485855103
961	962	en	hau	challenge_SSA-MTE	hyp1	News	NaN	0.20608076453208923
962	963	en	hau	challenge_SSA-MTE	hyp1	News	NaN	0.20608076453208923
963	964	en	hau	challenge_SSA-MTE	hyp1	News	NaN	0.20608076453208923
964	965	en	hau	challenge_SSA-MTE	hyp1	News	NaN	0.20608076453208923
965	966	en	hau	challenge_SSA-MTE	hyp1	News	NaN	0.20608076453208923
966	967	en	hau	challenge_SSA-MTE	hyp1	News	NaN	0.20608019828796387
967	968	en	hau	challenge_SSA-MTE	hyp1	News	NaN	-0.5583751201629639
968	969	en	hau	challenge_SSA-MTE	hyp1	News	NaN	-0.5583751201629639
969	970	en	hau	challenge_SSA-MTE	hyp1	News	NaN	-0.5583751201629639
970	971	en	hau	challenge_SSA-MTE	hyp1	News	NaN	-0.5583751201629639
971	972	en	hau	challenge_SSA-MTE	hyp1	News	NaN	-0.5583751201629639
972	973	en	hau	challenge_SSA-MTE	hyp1	News	NaN	-0.5583751201629639
973	974	en	hau	challenge_SSA-MTE	hyp1	News	NaN	0.42436015605926514
974	975	en	hau	challenge_SSA-MTE	hyp1	News	NaN	0.42436015605926514
975	976	en	hau	challenge_SSA-MTE	hyp1	News	NaN	0.42436015605926514
976	977	en	hau	challenge_SSA-MTE	hyp1	News	NaN	0.42436015605926514
977	978	en	hau	challenge_SSA-MTE	hyp1	News	NaN	0.42436015605926514
978	979	en	hau	challenge_SSA-MTE	hyp1	News	NaN	0.42436015605926514
979	980	en	hau	challenge_SSA-MTE	hyp1	News	NaN	-0.019428418949246407
980	981	en	hau	challenge_SSA-MTE	hyp1	News	NaN	-0.019428418949246407
981	982	en	hau	challenge_SSA-MTE	hyp1	News	NaN	-0.019428418949246407
982	983	en	hau	challenge_SSA-MTE	hyp1	News	NaN	-0.019428418949246407
983	984	en	hau	challenge_SSA-MTE	hyp1	News	NaN	-0.019428418949246407
984	985	en	hau	challenge_SSA-MTE	hyp1	News	NaN	-0.13502496480941772
985	986	en	hau	challenge_SSA-MTE	hyp1	News	NaN	-0.13502496480941772
986	987	en	hau	challenge_SSA-MTE	hyp1	News	NaN	-0.13502496480941772
987	988	en	hau	challenge_SSA-MTE	hyp1	News	NaN	-0.13502496480941772
988	989	en	hau	challenge_SSA-MTE	hyp1	News	NaN	-0.13502496480941772
989	990	en	hau	challenge_SSA-MTE	hyp1	News	NaN	-0.13502496480941772
990	991	en	hau	challenge_SSA-MTE	hyp1	News	NaN	-0.16673333942890167
991	992	en	hau	challenge_SSA-MTE	hyp1	News	NaN	-0.16673333942890167
992	993	en	hau	challenge_SSA-MTE	hyp1	News	NaN	-0.16673333942890167
993	994	en	hau	challenge_SSA-MTE	hyp1	News	NaN	-0.17072737216949463
994	995	en	hau	challenge_SSA-MTE	hyp1	News	NaN	-0.17072737216949463
995	996	en	hau	challenge_SSA-MTE	hyp1	News	NaN	-0.17072737216949463
996	997	en	hau	challenge_SSA-MTE	hyp1	News	NaN	-0.17072737216949463
997	998	en	hau	challenge_SSA-MTE	hyp1	News	NaN	-0.17072737216949463
998	999	en	hau	challenge_SSA-MTE	hyp1	News	NaN	-0.17072737216949463
999	1000	en	hau	challenge_SSA-MTE	hyp1	News	NaN	-0.011068696156144142
1000	1001	en	hau	challenge_SSA-MTE	hyp1	News	NaN	-0.011068696156144142
1001	1002	en	hau	challenge_SSA-MTE	hyp1	News	NaN	-0.011068696156144142
1002	1003	en	hau	challenge_SSA-MTE	hyp1	News	NaN	-0.011068696156144142
1003	1004	en	hau	challenge_SSA-MTE	hyp1	News	NaN	-0.011068696156144142
1004	1005	en	hau	challenge_SSA-MTE	hyp1	News	NaN	-0.011068696156144142
1005	1006	en	hau	challenge_SSA-MTE	hyp1	News	NaN	0.2744467556476593
1006	1007	en	hau	challenge_SSA-MTE	hyp1	News	NaN	0.2744467556476593
1007	1008	en	hau	challenge_SSA-MTE	hyp1	News	NaN	0.2744467556476593
1008	1009	en	hau	challenge_SSA-MTE	hyp1	News	NaN	0.2744467556476593
1009	1010	en	hau	challenge_SSA-MTE	hyp1	News	NaN	0.2744467556476593
1010	1011	en	hau	challenge_SSA-MTE	hyp1	News	NaN	0.2744467556476593
1011	1012	en	hau	challenge_SSA-MTE	hyp1	News	NaN	0.17426806688308716
1012	1013	en	hau	challenge_SSA-MTE	hyp1	News	NaN	0.17426806688308716
1013	1014	en	hau	challenge_SSA-MTE	hyp1	News	NaN	0.17426806688308716
1014	1015	en	hau	challenge_SSA-MTE	hyp1	News	NaN	0.17426806688308716
1015	1016	en	hau	challenge_SSA-MTE	hyp1	News	NaN	0.17426806688308716
1016	1017	en	hau	challenge_SSA-MTE	hyp1	News	NaN	0.17426806688308716
1017	1018	en	hau	challenge_SSA-MTE	hyp1	News	NaN	-1.3677420616149902
1018	1019	en	hau	challenge_SSA-MTE	hyp1	News	NaN	-1.3677420616149902
1019	1020	en	hau	challenge_SSA-MTE	hyp1	News	NaN	-1.3677420616149902
1020	1021	en	hau	challenge_SSA-MTE	hyp1	News	NaN	-1.3677420616149902
1021	1022	en	hau	challenge_SSA-MTE	hyp1	News	NaN	-1.3677420616149902
1022	1023	en	hau	challenge_SSA-MTE	hyp1	News	NaN	-1.3677420616149902
1023	1024	en	hau	challenge_SSA-MTE	hyp1	News	NaN	-1.233460545539856
1024	1025	en	hau	challenge_SSA-MTE	hyp1	News	NaN	-1.233460545539856
1025	1026	en	hau	challenge_SSA-MTE	hyp1	News	NaN	-1.233460545539856
1026	1027	en	hau	challenge_SSA-MTE	hyp1	News	NaN	-1.233460545539856
1027	1028	en	hau	challenge_SSA-MTE	hyp1	News	NaN	-1.233460545539856
1028	1029	en	hau	challenge_SSA-MTE	hyp1	News	NaN	-1.233460545539856
1029	1030	en	hau	challenge_SSA-MTE	hyp1	News	NaN	-0.11076457053422928
1030	1031	en	hau	challenge_SSA-MTE	hyp1	News	NaN	-0.1107640340924263
1031	1032	en	hau	challenge_SSA-MTE	hyp1	News	NaN	-0.11076457053422928
1032	1033	en	hau	challenge_SSA-MTE	hyp1	News	NaN	-0.11076457053422928
1033	1034	en	hau	challenge_SSA-MTE	hyp1	News	NaN	-0.11076457053422928
1034	1035	en	hau	challenge_SSA-MTE	hyp1	News	NaN	-0.1107637956738472
1035	1036	en	hau	challenge_SSA-MTE	hyp1	News	NaN	-1.0655511617660522
1036	1037	en	hau	challenge_SSA-MTE	hyp1	News	NaN	-1.0655511617660522
1037	1038	en	hau	challenge_SSA-MTE	hyp1	News	NaN	-1.0655511617660522
1038	1039	en	hau	challenge_SSA-MTE	hyp1	News	NaN	-1.0655511617660522
1039	1040	en	hau	challenge_SSA-MTE	hyp1	News	NaN	-1.0655511617660522
1040	1041	en	hau	challenge_SSA-MTE	hyp1	News	NaN	-1.0655511617660522
1041	1042	en	hau	challenge_SSA-MTE	hyp1	News	NaN	0.09636971354484558
1042	1043	en	hau	challenge_SSA-MTE	hyp1	News	NaN	0.09636971354484558
1043	1044	en	hau	challenge_SSA-MTE	hyp1	News	NaN	0.09636971354484558
1044	1045	en	hau	challenge_SSA-MTE	hyp1	News	NaN	0.09636971354484558
1045	1046	en	hau	challenge_SSA-MTE	hyp1	News	NaN	0.09636971354484558
1046	1047	en	hau	challenge_SSA-MTE	hyp1	News	NaN	0.09636971354484558
1047	1048	en	hau	challenge_SSA-MTE	hyp1	News	NaN	-0.04557875916361809
1048	1049	en	hau	challenge_SSA-MTE	hyp1	News	NaN	-0.04557875916361809
1049	1050	en	hau	challenge_SSA-MTE	hyp1	News	NaN	-0.04557875916361809
1050	1051	en	hau	challenge_SSA-MTE	hyp1	News	NaN	-0.04557875916361809
1051	1052	en	hau	challenge_SSA-MTE	hyp1	News	NaN	-0.04557875916361809
1052	1053	en	hau	challenge_SSA-MTE	hyp1	News	NaN	-0.04557875916361809
1053	1054	en	hau	challenge_SSA-MTE	hyp1	News	NaN	-1.040421962738037
1054	1055	en	hau	challenge_SSA-MTE	hyp1	News	NaN	-1.040421962738037
1055	1056	en	hau	challenge_SSA-MTE	hyp1	News	NaN	-1.040421962738037
1056	1057	en	hau	challenge_SSA-MTE	hyp1	News	NaN	-1.040421962738037
1057	1058	en	hau	challenge_SSA-MTE	hyp1	News	NaN	-1.040421962738037
1058	1059	en	hau	challenge_SSA-MTE	hyp1	News	NaN	-1.040421962738037
1059	1060	en	hau	challenge_SSA-MTE	hyp1	News	NaN	-0.2620522975921631
1060	1061	en	hau	challenge_SSA-MTE	hyp1	News	NaN	-0.2620522975921631
1061	1062	en	hau	challenge_SSA-MTE	hyp1	News	NaN	-0.2620522975921631
1062	1063	en	hau	challenge_SSA-MTE	hyp1	News	NaN	-0.2620522975921631
1063	1064	en	hau	challenge_SSA-MTE	hyp1	News	NaN	-0.2620522975921631
1064	1065	en	hau	challenge_SSA-MTE	hyp1	News	NaN	-0.2620522975921631
1065	1066	en	hau	challenge_SSA-MTE	hyp1	News	NaN	0.07487399876117706
1066	1067	en	hau	challenge_SSA-MTE	hyp1	News	NaN	0.07487399876117706
1067	1068	en	hau	challenge_SSA-MTE	hyp1	News	NaN	0.07487399876117706
1068	1069	en	hau	challenge_SSA-MTE	hyp1	News	NaN	0.07487399876117706
1069	1070	en	hau	challenge_SSA-MTE	hyp1	News	NaN	0.07487399876117706
1070	1071	en	hau	challenge_SSA-MTE	hyp1	News	NaN	0.07487399876117706
1071	1072	en	hau	challenge_SSA-MTE	hyp1	News	NaN	-0.7459671497344971
1072	1073	en	hau	challenge_SSA-MTE	hyp1	News	NaN	-0.7459671497344971
1073	1074	en	hau	challenge_SSA-MTE	hyp1	News	NaN	-0.7459671497344971
1074	1075	en	hau	challenge_SSA-MTE	hyp1	News	NaN	-0.7459671497344971
1075	1076	en	hau	challenge_SSA-MTE	hyp1	News	NaN	-0.7459671497344971
1076	1077	en	hau	challenge_SSA-MTE	hyp1	News	NaN	-0.7459671497344971
1077	1078	en	hau	challenge_SSA-MTE	hyp1	News	NaN	0.39089435338974
1078	1079	en	hau	challenge_SSA-MTE	hyp1	News	NaN	0.39089435338974
1079	1080	en	hau	challenge_SSA-MTE	hyp1	News	NaN	0.39089435338974
1080	1081	en	hau	challenge_SSA-MTE	hyp1	News	NaN	0.39089447259902954
1081	1082	en	hau	challenge_SSA-MTE	hyp1	News	NaN	0.14120280742645264
1082	1083	en	hau	challenge_SSA-MTE	hyp1	News	NaN	0.14120246469974518
1083	1084	en	hau	challenge_SSA-MTE	hyp1	News	NaN	0.14120280742645264
1084	1085	en	hau	challenge_SSA-MTE	hyp1	News	NaN	0.14120280742645264
1085	1086	en	hau	challenge_SSA-MTE	hyp1	News	NaN	0.4423339366912842
1086	1087	en	hau	challenge_SSA-MTE	hyp1	News	NaN	0.4423339366912842
1087	1088	en	hau	challenge_SSA-MTE	hyp1	News	NaN	0.4423339366912842
1088	1089	en	hau	challenge_SSA-MTE	hyp1	News	NaN	0.4423339366912842
1089	1090	en	hau	challenge_SSA-MTE	hyp1	News	NaN	0.4423339366912842
1090	1091	en	hau	challenge_SSA-MTE	hyp1	News	NaN	0.4423339366912842
1091	1092	en	hau	challenge_SSA-MTE	hyp1	News	NaN	-0.3005068302154541
1092	1093	en	hau	challenge_SSA-MTE	hyp1	News	NaN	-0.3005068302154541
1093	1094	en	hau	challenge_SSA-MTE	hyp1	News	NaN	-0.3005068302154541
1094	1095	en	hau	challenge_SSA-MTE	hyp1	News	NaN	-0.3005068302154541
1095	1096	en	hau	challenge_SSA-MTE	hyp1	News	NaN	-0.3005068302154541
1096	1097	en	hau	challenge_SSA-MTE	hyp1	News	NaN	-0.24965670704841614
1097	1098	en	hau	challenge_SSA-MTE	hyp1	News	NaN	-0.24965621531009674
1098	1099	en	hau	challenge_SSA-MTE	hyp1	News	NaN	-0.24965621531009674
1099	1100	en	hau	challenge_SSA-MTE	hyp1	News	NaN	-0.24965621531009674
1100	1101	en	hau	challenge_SSA-MTE	hyp1	News	NaN	-0.24965621531009674
1101	1102	en	hau	challenge_SSA-MTE	hyp1	News	NaN	-0.24965621531009674
1102	1103	en	hau	challenge_SSA-MTE	hyp1	News	NaN	-0.6332817077636719
1103	1104	en	hau	challenge_SSA-MTE	hyp1	News	NaN	-0.6332817077636719
1104	1105	en	hau	challenge_SSA-MTE	hyp1	News	NaN	-0.6332817077636719
1105	1106	en	hau	challenge_SSA-MTE	hyp1	News	NaN	-0.6332817077636719
1106	1107	en	hau	challenge_SSA-MTE	hyp1	News	NaN	-0.6332817077636719
1107	1108	en	hau	challenge_SSA-MTE	hyp1	News	NaN	-0.6332817077636719
1108	1109	en	hau	challenge_SSA-MTE	hyp1	News	NaN	-0.2553104758262634
1109	1110	en	hau	challenge_SSA-MTE	hyp1	News	NaN	-0.2553104758262634
1110	1111	en	hau	challenge_SSA-MTE	hyp1	News	NaN	-0.2553104758262634
1111	1112	en	hau	challenge_SSA-MTE	hyp1	News	NaN	-0.2553104758262634
1112	1113	en	hau	challenge_SSA-MTE	hyp1	News	NaN	-0.2553104758262634
1113	1114	en	hau	challenge_SSA-MTE	hyp1	News	NaN	-0.2553104758262634
1114	1115	en	hau	challenge_SSA-MTE	hyp1	News	NaN	0.29834139347076416
1115	1116	en	hau	challenge_SSA-MTE	hyp1	News	NaN	0.29834139347076416
1116	1117	en	hau	challenge_SSA-MTE	hyp1	News	NaN	0.29834139347076416
1117	1118	en	hau	challenge_SSA-MTE	hyp1	News	NaN	0.29834139347076416
1118	1119	en	hau	challenge_SSA-MTE	hyp1	News	NaN	0.29834139347076416
1119	1120	en	hau	challenge_SSA-MTE	hyp1	News	NaN	0.29834139347076416
1120	1121	en	hau	challenge_SSA-MTE	hyp1	News	NaN	-0.42764678597450256
1121	1122	en	hau	challenge_SSA-MTE	hyp1	News	NaN	-0.42764678597450256
1122	1123	en	hau	challenge_SSA-MTE	hyp1	News	NaN	-0.42764678597450256
1123	1124	en	hau	challenge_SSA-MTE	hyp1	News	NaN	-0.42764678597450256
1124	1125	en	hau	challenge_SSA-MTE	hyp1	News	NaN	-0.42764678597450256
1125	1126	en	hau	challenge_SSA-MTE	hyp1	News	NaN	-0.42764678597450256
1126	1127	en	hau	challenge_SSA-MTE	hyp1	News	NaN	-0.3377017378807068
1127	1128	en	hau	challenge_SSA-MTE	hyp1	News	NaN	-0.3377017378807068
1128	1129	en	hau	challenge_SSA-MTE	hyp1	News	NaN	-0.3377017378807068
1129	1130	en	hau	challenge_SSA-MTE	hyp1	News	NaN	-0.3377017378807068
1130	1131	en	hau	challenge_SSA-MTE	hyp1	News	NaN	-0.3377017378807068
1131	1132	en	hau	challenge_SSA-MTE	hyp1	News	NaN	-0.3377017378807068
1132	1133	en	hau	challenge_SSA-MTE	hyp1	News	NaN	0.15206530690193176
1133	1134	en	hau	challenge_SSA-MTE	hyp1	News	NaN	0.15206530690193176
1134	1135	en	hau	challenge_SSA-MTE	hyp1	News	NaN	0.15206530690193176
1135	1136	en	hau	challenge_SSA-MTE	hyp1	News	NaN	0.15206530690193176
1136	1137	en	hau	challenge_SSA-MTE	hyp1	News	NaN	-0.36529308557510376
1137	1138	en	hau	challenge_SSA-MTE	hyp1	News	NaN	-0.36529308557510376
1138	1139	en	hau	challenge_SSA-MTE	hyp1	News	NaN	-0.36529308557510376
1139	1140	en	hau	challenge_SSA-MTE	hyp1	News	NaN	-0.36529308557510376
1140	1141	en	hau	challenge_SSA-MTE	hyp1	News	NaN	-0.36529308557510376
1141	1142	en	hau	challenge_SSA-MTE	hyp1	News	NaN	-0.36529308557510376
1142	1143	en	hau	challenge_SSA-MTE	hyp1	News	NaN	-0.16405057907104492
1143	1144	en	hau	challenge_SSA-MTE	hyp1	News	NaN	-0.16404995322227478
1144	1145	en	hau	challenge_SSA-MTE	hyp1	News	NaN	-0.16404995322227478
1145	1146	en	hau	challenge_SSA-MTE	hyp1	News	NaN	-0.16404995322227478
1146	1147	en	hau	challenge_SSA-MTE	hyp1	News	NaN	-0.16404995322227478
1147	1148	en	hau	challenge_SSA-MTE	hyp1	News	NaN	-0.16404995322227478
1148	1149	en	hau	challenge_SSA-MTE	hyp1	News	NaN	-0.4741664528846741
1149	1150	en	hau	challenge_SSA-MTE	hyp1	News	NaN	-0.47416576743125916
1150	1151	en	hau	challenge_SSA-MTE	hyp1	News	NaN	-0.4741664528846741
1151	1152	en	hau	challenge_SSA-MTE	hyp1	News	NaN	-0.4741664528846741
1152	1153	en	hau	challenge_SSA-MTE	hyp1	News	NaN	-0.47416576743125916
1153	1154	en	hau	challenge_SSA-MTE	hyp1	News	NaN	-0.47416576743125916
1154	1155	en	hau	challenge_SSA-MTE	hyp1	News	NaN	0.32248562574386597
1155	1156	en	hau	challenge_SSA-MTE	hyp1	News	NaN	0.32248562574386597
1156	1157	en	hau	challenge_SSA-MTE	hyp1	News	NaN	0.32248562574386597
1157	1158	en	hau	challenge_SSA-MTE	hyp1	News	NaN	0.32248562574386597
1158	1159	en	hau	challenge_SSA-MTE	hyp1	News	NaN	0.32248562574386597
1159	1160	en	hau	challenge_SSA-MTE	hyp1	News	NaN	0.32248562574386597
1160	1161	en	hau	challenge_SSA-MTE	hyp1	News	NaN	-1.0158249139785767
1161	1162	en	hau	challenge_SSA-MTE	hyp1	News	NaN	-1.0158249139785767
1162	1163	en	hau	challenge_SSA-MTE	hyp1	News	NaN	-1.0158249139785767
1163	1164	en	hau	challenge_SSA-MTE	hyp1	News	NaN	-1.0158249139785767
1164	1165	en	hau	challenge_SSA-MTE	hyp1	News	NaN	-1.0158249139785767
1165	1166	en	hau	challenge_SSA-MTE	hyp1	News	NaN	-1.0158249139785767
1166	1167	en	hau	challenge_SSA-MTE	hyp1	News	NaN	0.4764111638069153
1167	1168	en	hau	challenge_SSA-MTE	hyp1	News	NaN	0.4764111638069153
1168	1169	en	hau	challenge_SSA-MTE	hyp1	News	NaN	0.06088912859559059
1169	1170	en	hau	challenge_SSA-MTE	hyp1	News	NaN	0.06088912859559059
1170	1171	en	hau	challenge_SSA-MTE	hyp1	News	NaN	0.06088912859559059
1171	1172	en	hau	challenge_SSA-MTE	hyp1	News	NaN	0.06088912859559059
1172	1173	en	hau	challenge_SSA-MTE	hyp1	News	NaN	0.06088912859559059
1173	1174	en	hau	challenge_SSA-MTE	hyp1	News	NaN	0.06088912859559059
1174	1175	en	hau	challenge_SSA-MTE	hyp1	News	NaN	0.06543523073196411
1175	1176	en	hau	challenge_SSA-MTE	hyp1	News	NaN	0.06543523073196411
1176	1177	en	hau	challenge_SSA-MTE	hyp1	News	NaN	0.06543523073196411
1177	1178	en	hau	challenge_SSA-MTE	hyp1	News	NaN	0.06543523073196411
1178	1179	en	hau	challenge_SSA-MTE	hyp1	News	NaN	0.06543523073196411
1179	1180	en	hau	challenge_SSA-MTE	hyp1	News	NaN	0.23429346084594727
1180	1181	en	hau	challenge_SSA-MTE	hyp1	News	NaN	0.23429346084594727
1181	1182	en	hau	challenge_SSA-MTE	hyp1	News	NaN	0.23429346084594727
1182	1183	en	hau	challenge_SSA-MTE	hyp1	News	NaN	0.23429346084594727
1183	1184	en	hau	challenge_SSA-MTE	hyp1	News	NaN	0.23429346084594727
1184	1185	en	hau	challenge_SSA-MTE	hyp1	News	NaN	0.23429346084594727
1185	1186	en	hau	challenge_SSA-MTE	hyp1	News	NaN	0.10121744126081467
1186	1187	en	hau	challenge_SSA-MTE	hyp1	News	NaN	0.10121744126081467
1187	1188	en	hau	challenge_SSA-MTE	hyp1	News	NaN	0.10121744126081467
1188	1189	en	hau	challenge_SSA-MTE	hyp1	News	NaN	0.10121744126081467
1189	1190	en	hau	challenge_SSA-MTE	hyp1	News	NaN	0.10121744126081467
1190	1191	en	hau	challenge_SSA-MTE	hyp1	News	NaN	0.18290410935878754
1191	1192	en	hau	challenge_SSA-MTE	hyp1	News	NaN	0.18290410935878754
0	1	en	kik	challenge_SSA-MTE	hyp1	News	NaN	-1.0014241933822632
1	2	en	kik	challenge_SSA-MTE	hyp1	News	NaN	-1.0014241933822632
2	3	en	kik	challenge_SSA-MTE	hyp1	News	NaN	-1.0014241933822632
3	4	en	kik	challenge_SSA-MTE	hyp1	News	NaN	-1.0014241933822632
4	5	en	kik	challenge_SSA-MTE	hyp1	News	NaN	-1.0014241933822632
5	6	en	kik	challenge_SSA-MTE	hyp1	News	NaN	-0.2206592857837677
6	7	en	kik	challenge_SSA-MTE	hyp1	News	NaN	-0.2206592857837677
7	8	en	kik	challenge_SSA-MTE	hyp1	News	NaN	-0.2206592857837677
8	9	en	kik	challenge_SSA-MTE	hyp1	News	NaN	-0.2206592857837677
9	10	en	kik	challenge_SSA-MTE	hyp1	News	NaN	-0.2206592857837677
10	11	en	kik	challenge_SSA-MTE	hyp1	News	NaN	0.07526523619890213
11	12	en	kik	challenge_SSA-MTE	hyp1	News	NaN	0.07526523619890213
12	13	en	kik	challenge_SSA-MTE	hyp1	News	NaN	0.07526523619890213
13	14	en	kik	challenge_SSA-MTE	hyp1	News	NaN	0.07526471465826035
14	15	en	kik	challenge_SSA-MTE	hyp1	News	NaN	0.07526523619890213
15	16	en	kik	challenge_SSA-MTE	hyp1	News	NaN	0.06805770099163055
16	17	en	kik	challenge_SSA-MTE	hyp1	News	NaN	0.06805799901485443
17	18	en	kik	challenge_SSA-MTE	hyp1	News	NaN	0.06805799901485443
18	19	en	kik	challenge_SSA-MTE	hyp1	News	NaN	-1.2289189100265503
19	20	en	kik	challenge_SSA-MTE	hyp1	News	NaN	-1.2289189100265503
20	21	en	kik	challenge_SSA-MTE	hyp1	News	NaN	-1.2289189100265503
21	22	en	kik	challenge_SSA-MTE	hyp1	News	NaN	-1.2289189100265503
22	23	en	kik	challenge_SSA-MTE	hyp1	News	NaN	-1.2289189100265503
23	24	en	kik	challenge_SSA-MTE	hyp1	News	NaN	0.21858054399490356
24	25	en	kik	challenge_SSA-MTE	hyp1	News	NaN	0.21858054399490356
25	26	en	kik	challenge_SSA-MTE	hyp1	News	NaN	0.21858054399490356
26	27	en	kik	challenge_SSA-MTE	hyp1	News	NaN	0.21858054399490356
27	28	en	kik	challenge_SSA-MTE	hyp1	News	NaN	0.04761600121855736
28	29	en	kik	challenge_SSA-MTE	hyp1	News	NaN	0.04761600121855736
29	30	en	kik	challenge_SSA-MTE	hyp1	News	NaN	0.04761600121855736
30	31	en	kik	challenge_SSA-MTE	hyp1	News	NaN	0.04761600121855736
31	32	en	kik	challenge_SSA-MTE	hyp1	News	NaN	0.04761600121855736
32	33	en	kik	challenge_SSA-MTE	hyp1	News	NaN	-0.6278409957885742
33	34	en	kik	challenge_SSA-MTE	hyp1	News	NaN	-0.6278422474861145
34	35	en	kik	challenge_SSA-MTE	hyp1	News	NaN	-0.6278409957885742
35	36	en	kik	challenge_SSA-MTE	hyp1	News	NaN	-0.6278409957885742
36	37	en	kik	challenge_SSA-MTE	hyp1	News	NaN	-0.6278409957885742
37	38	en	kik	challenge_SSA-MTE	hyp1	News	NaN	-1.1879738569259644
38	39	en	kik	challenge_SSA-MTE	hyp1	News	NaN	-1.1879738569259644
39	40	en	kik	challenge_SSA-MTE	hyp1	News	NaN	-1.1879738569259644
40	41	en	kik	challenge_SSA-MTE	hyp1	News	NaN	-1.1879738569259644
41	42	en	kik	challenge_SSA-MTE	hyp1	News	NaN	-0.5240699648857117
42	43	en	kik	challenge_SSA-MTE	hyp1	News	NaN	-0.5240699648857117
43	44	en	kik	challenge_SSA-MTE	hyp1	News	NaN	-0.5240697860717773
44	45	en	kik	challenge_SSA-MTE	hyp1	News	NaN	-0.5240697860717773
45	46	en	kik	challenge_SSA-MTE	hyp1	News	NaN	-0.5240697860717773
46	47	en	kik	challenge_SSA-MTE	hyp1	News	NaN	-0.3103262186050415
47	48	en	kik	challenge_SSA-MTE	hyp1	News	NaN	-0.3103278875350952
48	49	en	kik	challenge_SSA-MTE	hyp1	News	NaN	-0.3103278875350952
49	50	en	kik	challenge_SSA-MTE	hyp1	News	NaN	-0.3103278875350952
50	51	en	kik	challenge_SSA-MTE	hyp1	News	NaN	-0.8316382765769958
51	52	en	kik	challenge_SSA-MTE	hyp1	News	NaN	-0.8316382765769958
52	53	en	kik	challenge_SSA-MTE	hyp1	News	NaN	-0.8316382765769958
53	54	en	kik	challenge_SSA-MTE	hyp1	News	NaN	-0.8316382765769958
54	55	en	kik	challenge_SSA-MTE	hyp1	News	NaN	-0.8316382765769958
55	56	en	kik	challenge_SSA-MTE	hyp1	News	NaN	-0.02876495011150837
56	57	en	kik	challenge_SSA-MTE	hyp1	News	NaN	-0.02876495011150837
57	58	en	kik	challenge_SSA-MTE	hyp1	News	NaN	-0.02876436710357666
58	59	en	kik	challenge_SSA-MTE	hyp1	News	NaN	-0.02876436710357666
59	60	en	kik	challenge_SSA-MTE	hyp1	News	NaN	-0.02876436710357666
60	61	en	kik	challenge_SSA-MTE	hyp1	News	NaN	-1.0437661409378052
61	62	en	kik	challenge_SSA-MTE	hyp1	News	NaN	-1.0437661409378052
62	63	en	kik	challenge_SSA-MTE	hyp1	News	NaN	-1.0437661409378052
63	64	en	kik	challenge_SSA-MTE	hyp1	News	NaN	-1.0437661409378052
64	65	en	kik	challenge_SSA-MTE	hyp1	News	NaN	-1.0437661409378052
65	66	en	kik	challenge_SSA-MTE	hyp1	News	NaN	-0.6014117002487183
66	67	en	kik	challenge_SSA-MTE	hyp1	News	NaN	-0.6014117002487183
67	68	en	kik	challenge_SSA-MTE	hyp1	News	NaN	-0.6014117002487183
68	69	en	kik	challenge_SSA-MTE	hyp1	News	NaN	-0.6014117002487183
69	70	en	kik	challenge_SSA-MTE	hyp1	News	NaN	-0.6014117002487183
70	71	en	kik	challenge_SSA-MTE	hyp1	News	NaN	0.2745240330696106
71	72	en	kik	challenge_SSA-MTE	hyp1	News	NaN	0.2745240330696106
72	73	en	kik	challenge_SSA-MTE	hyp1	News	NaN	0.2745240330696106
73	74	en	kik	challenge_SSA-MTE	hyp1	News	NaN	0.2745240330696106
74	75	en	kik	challenge_SSA-MTE	hyp1	News	NaN	0.27452465891838074
75	76	en	kik	challenge_SSA-MTE	hyp1	News	NaN	-1.1314738988876343
76	77	en	kik	challenge_SSA-MTE	hyp1	News	NaN	-1.1314738988876343
77	78	en	kik	challenge_SSA-MTE	hyp1	News	NaN	-1.1314738988876343
78	79	en	kik	challenge_SSA-MTE	hyp1	News	NaN	-1.1314738988876343
79	80	en	kik	challenge_SSA-MTE	hyp1	News	NaN	-1.1314738988876343
80	81	en	kik	challenge_SSA-MTE	hyp1	News	NaN	-0.5908652544021606
81	82	en	kik	challenge_SSA-MTE	hyp1	News	NaN	-0.5908652544021606
82	83	en	kik	challenge_SSA-MTE	hyp1	News	NaN	-0.5908652544021606
83	84	en	kik	challenge_SSA-MTE	hyp1	News	NaN	-0.5908652544021606
84	85	en	kik	challenge_SSA-MTE	hyp1	News	NaN	-0.9350295066833496
85	86	en	kik	challenge_SSA-MTE	hyp1	News	NaN	-0.9350295066833496
86	87	en	kik	challenge_SSA-MTE	hyp1	News	NaN	-0.9350295066833496
87	88	en	kik	challenge_SSA-MTE	hyp1	News	NaN	-0.9350295066833496
88	89	en	kik	challenge_SSA-MTE	hyp1	News	NaN	-0.9350295066833496
89	90	en	kik	challenge_SSA-MTE	hyp1	News	NaN	-0.8818485736846924
90	91	en	kik	challenge_SSA-MTE	hyp1	News	NaN	-0.8818485736846924
91	92	en	kik	challenge_SSA-MTE	hyp1	News	NaN	-0.8818485736846924
92	93	en	kik	challenge_SSA-MTE	hyp1	News	NaN	-0.8818461894989014
93	94	en	kik	challenge_SSA-MTE	hyp1	News	NaN	-0.8818485736846924
94	95	en	kik	challenge_SSA-MTE	hyp1	News	NaN	-1.5704809427261353
95	96	en	kik	challenge_SSA-MTE	hyp1	News	NaN	-1.5704809427261353
96	97	en	kik	challenge_SSA-MTE	hyp1	News	NaN	-1.5704809427261353
97	98	en	kik	challenge_SSA-MTE	hyp1	News	NaN	-0.2570989727973938
98	99	en	kik	challenge_SSA-MTE	hyp1	News	NaN	-1.251624584197998
99	100	en	kik	challenge_SSA-MTE	hyp1	News	NaN	-1.251624584197998
100	101	en	kik	challenge_SSA-MTE	hyp1	News	NaN	-1.251624584197998
101	102	en	kik	challenge_SSA-MTE	hyp1	News	NaN	-1.251624584197998
102	103	en	kik	challenge_SSA-MTE	hyp1	News	NaN	-1.251624584197998
103	104	en	kik	challenge_SSA-MTE	hyp1	News	NaN	-0.001380611676722765
104	105	en	kik	challenge_SSA-MTE	hyp1	News	NaN	-0.001380611676722765
105	106	en	kik	challenge_SSA-MTE	hyp1	News	NaN	-0.001380611676722765
106	107	en	kik	challenge_SSA-MTE	hyp1	News	NaN	-0.001380611676722765
107	108	en	kik	challenge_SSA-MTE	hyp1	News	NaN	-0.001380611676722765
108	109	en	kik	challenge_SSA-MTE	hyp1	News	NaN	-0.1994922161102295
109	110	en	kik	challenge_SSA-MTE	hyp1	News	NaN	-0.1994922161102295
110	111	en	kik	challenge_SSA-MTE	hyp1	News	NaN	-0.1994922161102295
111	112	en	kik	challenge_SSA-MTE	hyp1	News	NaN	-0.1994922161102295
112	113	en	kik	challenge_SSA-MTE	hyp1	News	NaN	-0.1994922161102295
113	114	en	kik	challenge_SSA-MTE	hyp1	News	NaN	0.003533960785716772
114	115	en	kik	challenge_SSA-MTE	hyp1	News	NaN	0.003533960785716772
115	116	en	kik	challenge_SSA-MTE	hyp1	News	NaN	0.003533960785716772
116	117	en	kik	challenge_SSA-MTE	hyp1	News	NaN	0.003533960785716772
117	118	en	kik	challenge_SSA-MTE	hyp1	News	NaN	0.003533960785716772
118	119	en	kik	challenge_SSA-MTE	hyp1	News	NaN	-0.21612736582756042
119	120	en	kik	challenge_SSA-MTE	hyp1	News	NaN	-0.21612736582756042
120	121	en	kik	challenge_SSA-MTE	hyp1	News	NaN	-0.21612736582756042
121	122	en	kik	challenge_SSA-MTE	hyp1	News	NaN	-0.21612736582756042
122	123	en	kik	challenge_SSA-MTE	hyp1	News	NaN	-0.21612736582756042
123	124	en	kik	challenge_SSA-MTE	hyp1	News	NaN	-0.45930710434913635
124	125	en	kik	challenge_SSA-MTE	hyp1	News	NaN	-0.45930710434913635
125	126	en	kik	challenge_SSA-MTE	hyp1	News	NaN	-0.45930710434913635
126	127	en	kik	challenge_SSA-MTE	hyp1	News	NaN	-0.45930710434913635
127	128	en	kik	challenge_SSA-MTE	hyp1	News	NaN	-0.45930710434913635
128	129	en	kik	challenge_SSA-MTE	hyp1	News	NaN	-0.8074001669883728
129	130	en	kik	challenge_SSA-MTE	hyp1	News	NaN	-0.8074001669883728
130	131	en	kik	challenge_SSA-MTE	hyp1	News	NaN	-0.8074001669883728
131	132	en	kik	challenge_SSA-MTE	hyp1	News	NaN	-0.8074001669883728
132	133	en	kik	challenge_SSA-MTE	hyp1	News	NaN	-0.8074001669883728
133	134	en	kik	challenge_SSA-MTE	hyp1	News	NaN	-0.6939825415611267
134	135	en	kik	challenge_SSA-MTE	hyp1	News	NaN	-0.6939825415611267
135	136	en	kik	challenge_SSA-MTE	hyp1	News	NaN	-0.6939825415611267
136	137	en	kik	challenge_SSA-MTE	hyp1	News	NaN	-0.6939825415611267
137	138	en	kik	challenge_SSA-MTE	hyp1	News	NaN	-0.4570329189300537
138	139	en	kik	challenge_SSA-MTE	hyp1	News	NaN	-0.4570329189300537
139	140	en	kik	challenge_SSA-MTE	hyp1	News	NaN	-0.4570329189300537
140	141	en	kik	challenge_SSA-MTE	hyp1	News	NaN	-0.4570329189300537
141	142	en	kik	challenge_SSA-MTE	hyp1	News	NaN	-0.4570329189300537
142	143	en	kik	challenge_SSA-MTE	hyp1	News	NaN	-0.09610914438962936
143	144	en	kik	challenge_SSA-MTE	hyp1	News	NaN	-0.09610914438962936
144	145	en	kik	challenge_SSA-MTE	hyp1	News	NaN	-0.09610914438962936
145	146	en	kik	challenge_SSA-MTE	hyp1	News	NaN	-0.09610914438962936
146	147	en	kik	challenge_SSA-MTE	hyp1	News	NaN	-0.09610914438962936
147	148	en	kik	challenge_SSA-MTE	hyp1	News	NaN	-0.6241638660430908
148	149	en	kik	challenge_SSA-MTE	hyp1	News	NaN	-0.6241625547409058
149	150	en	kik	challenge_SSA-MTE	hyp1	News	NaN	-0.6241625547409058
150	151	en	kik	challenge_SSA-MTE	hyp1	News	NaN	-0.6241638660430908
151	152	en	kik	challenge_SSA-MTE	hyp1	News	NaN	-0.6241638660430908
152	153	en	kik	challenge_SSA-MTE	hyp1	News	NaN	-0.5724753141403198
153	154	en	kik	challenge_SSA-MTE	hyp1	News	NaN	-0.5724753141403198
154	155	en	kik	challenge_SSA-MTE	hyp1	News	NaN	-0.5724753141403198
155	156	en	kik	challenge_SSA-MTE	hyp1	News	NaN	-0.5724753141403198
156	157	en	kik	challenge_SSA-MTE	hyp1	News	NaN	-0.5724753141403198
157	158	en	kik	challenge_SSA-MTE	hyp1	News	NaN	-1.0468480587005615
158	159	en	kik	challenge_SSA-MTE	hyp1	News	NaN	-1.0468480587005615
159	160	en	kik	challenge_SSA-MTE	hyp1	News	NaN	-1.0468480587005615
160	161	en	kik	challenge_SSA-MTE	hyp1	News	NaN	-1.0468480587005615
161	162	en	kik	challenge_SSA-MTE	hyp1	News	NaN	-1.0468480587005615
162	163	en	kik	challenge_SSA-MTE	hyp1	News	NaN	-0.5165823698043823
163	164	en	kik	challenge_SSA-MTE	hyp1	News	NaN	-0.5165823698043823
164	165	en	kik	challenge_SSA-MTE	hyp1	News	NaN	-0.5165823698043823
165	166	en	kik	challenge_SSA-MTE	hyp1	News	NaN	-0.5165823698043823
166	167	en	kik	challenge_SSA-MTE	hyp1	News	NaN	-0.5165823698043823
167	168	en	kik	challenge_SSA-MTE	hyp1	News	NaN	-1.5235410928726196
168	169	en	kik	challenge_SSA-MTE	hyp1	News	NaN	-1.5235410928726196
169	170	en	kik	challenge_SSA-MTE	hyp1	News	NaN	-1.5235410928726196
170	171	en	kik	challenge_SSA-MTE	hyp1	News	NaN	-1.5235410928726196
171	172	en	kik	challenge_SSA-MTE	hyp1	News	NaN	-1.5235410928726196
172	173	en	kik	challenge_SSA-MTE	hyp1	News	NaN	-0.593917965888977
173	174	en	kik	challenge_SSA-MTE	hyp1	News	NaN	-0.593917965888977
174	175	en	kik	challenge_SSA-MTE	hyp1	News	NaN	-0.593917965888977
175	176	en	kik	challenge_SSA-MTE	hyp1	News	NaN	-0.593917965888977
176	177	en	kik	challenge_SSA-MTE	hyp1	News	NaN	-0.6318284869194031
177	178	en	kik	challenge_SSA-MTE	hyp1	News	NaN	-0.6318284869194031
178	179	en	kik	challenge_SSA-MTE	hyp1	News	NaN	-0.6318284869194031
179	180	en	kik	challenge_SSA-MTE	hyp1	News	NaN	-0.6318284869194031
180	181	en	kik	challenge_SSA-MTE	hyp1	News	NaN	-0.6318284869194031
181	182	en	kik	challenge_SSA-MTE	hyp1	News	NaN	-0.8563576340675354
182	183	en	kik	challenge_SSA-MTE	hyp1	News	NaN	-0.8563576340675354
183	184	en	kik	challenge_SSA-MTE	hyp1	News	NaN	-0.8563576340675354
184	185	en	kik	challenge_SSA-MTE	hyp1	News	NaN	-0.8563576340675354
185	186	en	kik	challenge_SSA-MTE	hyp1	News	NaN	-0.8563576340675354
186	187	en	kik	challenge_SSA-MTE	hyp1	News	NaN	-1.6193205118179321
187	188	en	kik	challenge_SSA-MTE	hyp1	News	NaN	-1.6193205118179321
188	189	en	kik	challenge_SSA-MTE	hyp1	News	NaN	-1.6193205118179321
189	190	en	kik	challenge_SSA-MTE	hyp1	News	NaN	-1.6193205118179321
190	191	en	kik	challenge_SSA-MTE	hyp1	News	NaN	-0.3343302309513092
191	192	en	kik	challenge_SSA-MTE	hyp1	News	NaN	-0.3343302309513092
192	193	en	kik	challenge_SSA-MTE	hyp1	News	NaN	-0.3343302309513092
193	194	en	kik	challenge_SSA-MTE	hyp1	News	NaN	-0.3343302309513092
194	195	en	kik	challenge_SSA-MTE	hyp1	News	NaN	-0.3343302309513092
195	196	en	kik	challenge_SSA-MTE	hyp1	News	NaN	-1.4118379354476929
196	197	en	kik	challenge_SSA-MTE	hyp1	News	NaN	-1.4118379354476929
197	198	en	kik	challenge_SSA-MTE	hyp1	News	NaN	-1.4118379354476929
198	199	en	kik	challenge_SSA-MTE	hyp1	News	NaN	-1.4118379354476929
199	200	en	kik	challenge_SSA-MTE	hyp1	News	NaN	-0.23117300868034363
200	201	en	kik	challenge_SSA-MTE	hyp1	News	NaN	-0.23117300868034363
201	202	en	kik	challenge_SSA-MTE	hyp1	News	NaN	-0.23117300868034363
202	203	en	kik	challenge_SSA-MTE	hyp1	News	NaN	-0.23117300868034363
203	204	en	kik	challenge_SSA-MTE	hyp1	News	NaN	-0.6568427085876465
204	205	en	kik	challenge_SSA-MTE	hyp1	News	NaN	-0.6568427085876465
205	206	en	kik	challenge_SSA-MTE	hyp1	News	NaN	-0.6568427085876465
206	207	en	kik	challenge_SSA-MTE	hyp1	News	NaN	-0.6568427085876465
207	208	en	kik	challenge_SSA-MTE	hyp1	News	NaN	-0.6568427085876465
208	209	en	kik	challenge_SSA-MTE	hyp1	News	NaN	-0.5529116988182068
209	210	en	kik	challenge_SSA-MTE	hyp1	News	NaN	-0.5529116988182068
210	211	en	kik	challenge_SSA-MTE	hyp1	News	NaN	-0.5529116988182068
211	212	en	kik	challenge_SSA-MTE	hyp1	News	NaN	-0.5529116988182068
212	213	en	kik	challenge_SSA-MTE	hyp1	News	NaN	-0.5529116988182068
213	214	en	kik	challenge_SSA-MTE	hyp1	News	NaN	-0.18722152709960938
214	215	en	kik	challenge_SSA-MTE	hyp1	News	NaN	-0.18722045421600342
215	216	en	kik	challenge_SSA-MTE	hyp1	News	NaN	-0.18722045421600342
216	217	en	kik	challenge_SSA-MTE	hyp1	News	NaN	-0.18722152709960938
217	218	en	kik	challenge_SSA-MTE	hyp1	News	NaN	-0.8499712944030762
218	219	en	kik	challenge_SSA-MTE	hyp1	News	NaN	-0.8499712944030762
219	220	en	kik	challenge_SSA-MTE	hyp1	News	NaN	-0.8499712944030762
220	221	en	kik	challenge_SSA-MTE	hyp1	News	NaN	-0.8499712944030762
221	222	en	kik	challenge_SSA-MTE	hyp1	News	NaN	-0.8499712944030762
222	223	en	kik	challenge_SSA-MTE	hyp1	News	NaN	-1.4727178812026978
223	224	en	kik	challenge_SSA-MTE	hyp1	News	NaN	-1.4727178812026978
224	225	en	kik	challenge_SSA-MTE	hyp1	News	NaN	-1.4727178812026978
225	226	en	kik	challenge_SSA-MTE	hyp1	News	NaN	-1.4727178812026978
226	227	en	kik	challenge_SSA-MTE	hyp1	News	NaN	-1.4727178812026978
227	228	en	kik	challenge_SSA-MTE	hyp1	News	NaN	-1.40385901927948
228	229	en	kik	challenge_SSA-MTE	hyp1	News	NaN	-1.40385901927948
229	230	en	kik	challenge_SSA-MTE	hyp1	News	NaN	-1.4038642644882202
230	231	en	kik	challenge_SSA-MTE	hyp1	News	NaN	-1.4038642644882202
231	232	en	kik	challenge_SSA-MTE	hyp1	News	NaN	-1.4038642644882202
232	233	en	kik	challenge_SSA-MTE	hyp1	News	NaN	-0.45276153087615967
233	234	en	kik	challenge_SSA-MTE	hyp1	News	NaN	-0.45276153087615967
234	235	en	kik	challenge_SSA-MTE	hyp1	News	NaN	-0.45276153087615967
235	236	en	kik	challenge_SSA-MTE	hyp1	News	NaN	-0.45276153087615967
236	237	en	kik	challenge_SSA-MTE	hyp1	News	NaN	-1.4224821329116821
237	238	en	kik	challenge_SSA-MTE	hyp1	News	NaN	-1.4224821329116821
238	239	en	kik	challenge_SSA-MTE	hyp1	News	NaN	-1.4224821329116821
239	240	en	kik	challenge_SSA-MTE	hyp1	News	NaN	-1.4224821329116821
240	241	en	kik	challenge_SSA-MTE	hyp1	News	NaN	-1.4224821329116821
241	242	en	kik	challenge_SSA-MTE	hyp1	News	NaN	-0.9363946914672852
242	243	en	kik	challenge_SSA-MTE	hyp1	News	NaN	-0.9363946914672852
243	244	en	kik	challenge_SSA-MTE	hyp1	News	NaN	-0.9363946914672852
244	245	en	kik	challenge_SSA-MTE	hyp1	News	NaN	-0.9363946914672852
245	246	en	kik	challenge_SSA-MTE	hyp1	News	NaN	-0.9363946914672852
246	247	en	kik	challenge_SSA-MTE	hyp1	News	NaN	-1.1740578413009644
247	248	en	kik	challenge_SSA-MTE	hyp1	News	NaN	-1.1740578413009644
248	249	en	kik	challenge_SSA-MTE	hyp1	News	NaN	-1.1740578413009644
249	250	en	kik	challenge_SSA-MTE	hyp1	News	NaN	-1.1740578413009644
250	251	en	kik	challenge_SSA-MTE	hyp1	News	NaN	-1.1740578413009644
251	252	en	kik	challenge_SSA-MTE	hyp1	News	NaN	-0.6066234111785889
252	253	en	kik	challenge_SSA-MTE	hyp1	News	NaN	-0.6066234111785889
253	254	en	kik	challenge_SSA-MTE	hyp1	News	NaN	-0.6066234111785889
254	255	en	kik	challenge_SSA-MTE	hyp1	News	NaN	-0.6066234111785889
255	256	en	kik	challenge_SSA-MTE	hyp1	News	NaN	-0.6066234111785889
256	257	en	kik	challenge_SSA-MTE	hyp1	News	NaN	-0.8330272436141968
257	258	en	kik	challenge_SSA-MTE	hyp1	News	NaN	-0.8330272436141968
258	259	en	kik	challenge_SSA-MTE	hyp1	News	NaN	-0.8330272436141968
259	260	en	kik	challenge_SSA-MTE	hyp1	News	NaN	-0.8330272436141968
260	261	en	kik	challenge_SSA-MTE	hyp1	News	NaN	-0.8330272436141968
261	262	en	kik	challenge_SSA-MTE	hyp1	News	NaN	-2.043644428253174
262	263	en	kik	challenge_SSA-MTE	hyp1	News	NaN	-2.043644428253174
263	264	en	kik	challenge_SSA-MTE	hyp1	News	NaN	-2.043644428253174
264	265	en	kik	challenge_SSA-MTE	hyp1	News	NaN	-2.043644428253174
265	266	en	kik	challenge_SSA-MTE	hyp1	News	NaN	-2.043644428253174
266	267	en	kik	challenge_SSA-MTE	hyp1	News	NaN	-1.578102946281433
267	268	en	kik	challenge_SSA-MTE	hyp1	News	NaN	-1.578102946281433
268	269	en	kik	challenge_SSA-MTE	hyp1	News	NaN	-1.578102946281433
269	270	en	kik	challenge_SSA-MTE	hyp1	News	NaN	-1.578102946281433
270	271	en	kik	challenge_SSA-MTE	hyp1	News	NaN	-1.578102946281433
271	272	en	kik	challenge_SSA-MTE	hyp1	News	NaN	-0.8641018867492676
272	273	en	kik	challenge_SSA-MTE	hyp1	News	NaN	-0.8641021251678467
273	274	en	kik	challenge_SSA-MTE	hyp1	News	NaN	-0.8641021251678467
274	275	en	kik	challenge_SSA-MTE	hyp1	News	NaN	-0.8641021251678467
275	276	en	kik	challenge_SSA-MTE	hyp1	News	NaN	-1.4690386056900024
276	277	en	kik	challenge_SSA-MTE	hyp1	News	NaN	-1.4690386056900024
277	278	en	kik	challenge_SSA-MTE	hyp1	News	NaN	-1.4690386056900024
278	279	en	kik	challenge_SSA-MTE	hyp1	News	NaN	-1.4690386056900024
279	280	en	kik	challenge_SSA-MTE	hyp1	News	NaN	-1.4690386056900024
280	281	en	kik	challenge_SSA-MTE	hyp1	News	NaN	-0.9532577991485596
281	282	en	kik	challenge_SSA-MTE	hyp1	News	NaN	-0.9532577991485596
282	283	en	kik	challenge_SSA-MTE	hyp1	News	NaN	-0.9532577991485596
283	284	en	kik	challenge_SSA-MTE	hyp1	News	NaN	-0.9532577991485596
284	285	en	kik	challenge_SSA-MTE	hyp1	News	NaN	-0.9532577991485596
285	286	en	kik	challenge_SSA-MTE	hyp1	News	NaN	-1.7223206758499146
286	287	en	kik	challenge_SSA-MTE	hyp1	News	NaN	-1.7223223447799683
287	288	en	kik	challenge_SSA-MTE	hyp1	News	NaN	-1.7223223447799683
288	289	en	kik	challenge_SSA-MTE	hyp1	News	NaN	-1.7223223447799683
289	290	en	kik	challenge_SSA-MTE	hyp1	News	NaN	-1.7223223447799683
290	291	en	kik	challenge_SSA-MTE	hyp1	News	NaN	0.15844443440437317
291	292	en	kik	challenge_SSA-MTE	hyp1	News	NaN	0.15844443440437317
292	293	en	kik	challenge_SSA-MTE	hyp1	News	NaN	0.15844443440437317
293	294	en	kik	challenge_SSA-MTE	hyp1	News	NaN	0.15844355523586273
294	295	en	kik	challenge_SSA-MTE	hyp1	News	NaN	0.15844355523586273
295	296	en	kik	challenge_SSA-MTE	hyp1	News	NaN	-1.4893369674682617
296	297	en	kik	challenge_SSA-MTE	hyp1	News	NaN	-1.4893369674682617
297	298	en	kik	challenge_SSA-MTE	hyp1	News	NaN	-1.4893369674682617
298	299	en	kik	challenge_SSA-MTE	hyp1	News	NaN	-1.4893348217010498
299	300	en	kik	challenge_SSA-MTE	hyp1	News	NaN	-1.4893351793289185
300	301	en	kik	challenge_SSA-MTE	hyp1	News	NaN	-0.5345478057861328
301	302	en	kik	challenge_SSA-MTE	hyp1	News	NaN	-0.5345478057861328
302	303	en	kik	challenge_SSA-MTE	hyp1	News	NaN	-0.5345478057861328
303	304	en	kik	challenge_SSA-MTE	hyp1	News	NaN	-0.5345478057861328
304	305	en	kik	challenge_SSA-MTE	hyp1	News	NaN	-0.5345478057861328
305	306	en	kik	challenge_SSA-MTE	hyp1	News	NaN	-1.3487213850021362
306	307	en	kik	challenge_SSA-MTE	hyp1	News	NaN	-1.3487213850021362
307	308	en	kik	challenge_SSA-MTE	hyp1	News	NaN	-1.3487213850021362
308	309	en	kik	challenge_SSA-MTE	hyp1	News	NaN	-1.3487213850021362
309	310	en	kik	challenge_SSA-MTE	hyp1	News	NaN	-1.3487213850021362
310	311	en	kik	challenge_SSA-MTE	hyp1	News	NaN	-0.9243323802947998
311	312	en	kik	challenge_SSA-MTE	hyp1	News	NaN	-0.9243323802947998
312	313	en	kik	challenge_SSA-MTE	hyp1	News	NaN	-0.9243334531784058
313	314	en	kik	challenge_SSA-MTE	hyp1	News	NaN	-0.9243334531784058
314	315	en	kik	challenge_SSA-MTE	hyp1	News	NaN	-0.9243334531784058
315	316	en	kik	challenge_SSA-MTE	hyp1	News	NaN	-1.1484211683273315
316	317	en	kik	challenge_SSA-MTE	hyp1	News	NaN	-1.1484211683273315
317	318	en	kik	challenge_SSA-MTE	hyp1	News	NaN	-1.1484203338623047
318	319	en	kik	challenge_SSA-MTE	hyp1	News	NaN	-1.1484211683273315
319	320	en	kik	challenge_SSA-MTE	hyp1	News	NaN	-1.1484211683273315
320	321	en	kik	challenge_SSA-MTE	hyp1	News	NaN	-0.8467477560043335
321	322	en	kik	challenge_SSA-MTE	hyp1	News	NaN	-0.8467477560043335
322	323	en	kik	challenge_SSA-MTE	hyp1	News	NaN	-0.8467477560043335
323	324	en	kik	challenge_SSA-MTE	hyp1	News	NaN	-0.8467477560043335
324	325	en	kik	challenge_SSA-MTE	hyp1	News	NaN	-0.8467477560043335
325	326	en	kik	challenge_SSA-MTE	hyp1	News	NaN	-1.1781072616577148
326	327	en	kik	challenge_SSA-MTE	hyp1	News	NaN	-1.1781072616577148
327	328	en	kik	challenge_SSA-MTE	hyp1	News	NaN	-1.1781072616577148
328	329	en	kik	challenge_SSA-MTE	hyp1	News	NaN	-1.1781072616577148
329	330	en	kik	challenge_SSA-MTE	hyp1	News	NaN	-0.7277569770812988
330	331	en	kik	challenge_SSA-MTE	hyp1	News	NaN	-0.7277569770812988
331	332	en	kik	challenge_SSA-MTE	hyp1	News	NaN	-0.7277569770812988
332	333	en	kik	challenge_SSA-MTE	hyp1	News	NaN	-0.7277569770812988
333	334	en	kik	challenge_SSA-MTE	hyp1	News	NaN	-0.7277569770812988
334	335	en	kik	challenge_SSA-MTE	hyp1	News	NaN	-1.1556521654129028
335	336	en	kik	challenge_SSA-MTE	hyp1	News	NaN	-1.1556521654129028
336	337	en	kik	challenge_SSA-MTE	hyp1	News	NaN	-1.1556521654129028
337	338	en	kik	challenge_SSA-MTE	hyp1	News	NaN	-1.1556521654129028
338	339	en	kik	challenge_SSA-MTE	hyp1	News	NaN	-1.1556521654129028
339	340	en	kik	challenge_SSA-MTE	hyp1	News	NaN	-1.6222275495529175
340	341	en	kik	challenge_SSA-MTE	hyp1	News	NaN	-1.6222275495529175
341	342	en	kik	challenge_SSA-MTE	hyp1	News	NaN	-1.6222275495529175
342	343	en	kik	challenge_SSA-MTE	hyp1	News	NaN	-1.6222275495529175
343	344	en	kik	challenge_SSA-MTE	hyp1	News	NaN	-1.6222275495529175
344	345	en	kik	challenge_SSA-MTE	hyp1	News	NaN	-1.5696885585784912
345	346	en	kik	challenge_SSA-MTE	hyp1	News	NaN	-1.569687008857727
346	347	en	kik	challenge_SSA-MTE	hyp1	News	NaN	-1.5696885585784912
347	348	en	kik	challenge_SSA-MTE	hyp1	News	NaN	-1.5696885585784912
348	349	en	kik	challenge_SSA-MTE	hyp1	News	NaN	-1.5696868896484375
349	350	en	kik	challenge_SSA-MTE	hyp1	News	NaN	-1.3345612287521362
350	351	en	kik	challenge_SSA-MTE	hyp1	News	NaN	-1.3345612287521362
351	352	en	kik	challenge_SSA-MTE	hyp1	News	NaN	-1.3345612287521362
352	353	en	kik	challenge_SSA-MTE	hyp1	News	NaN	-1.3345612287521362
353	354	en	kik	challenge_SSA-MTE	hyp1	News	NaN	-1.4663909673690796
354	355	en	kik	challenge_SSA-MTE	hyp1	News	NaN	-1.4663909673690796
355	356	en	kik	challenge_SSA-MTE	hyp1	News	NaN	-1.4663909673690796
356	357	en	kik	challenge_SSA-MTE	hyp1	News	NaN	-1.4663909673690796
357	358	en	kik	challenge_SSA-MTE	hyp1	News	NaN	-1.3402838706970215
358	359	en	kik	challenge_SSA-MTE	hyp1	News	NaN	-1.3402838706970215
359	360	en	kik	challenge_SSA-MTE	hyp1	News	NaN	-1.3402838706970215
360	361	en	kik	challenge_SSA-MTE	hyp1	News	NaN	-1.3402838706970215
361	362	en	kik	challenge_SSA-MTE	hyp1	News	NaN	-1.3402838706970215
362	363	en	kik	challenge_SSA-MTE	hyp1	News	NaN	-0.4052668809890747
363	364	en	kik	challenge_SSA-MTE	hyp1	News	NaN	-0.4052668809890747
364	365	en	kik	challenge_SSA-MTE	hyp1	News	NaN	-0.4052668809890747
365	366	en	kik	challenge_SSA-MTE	hyp1	News	NaN	-0.4052668809890747
366	367	en	kik	challenge_SSA-MTE	hyp1	News	NaN	-0.4052668809890747
367	368	en	kik	challenge_SSA-MTE	hyp1	News	NaN	-0.6985198855400085
368	369	en	kik	challenge_SSA-MTE	hyp1	News	NaN	-0.6985198855400085
369	370	en	kik	challenge_SSA-MTE	hyp1	News	NaN	-0.6985198855400085
370	371	en	kik	challenge_SSA-MTE	hyp1	News	NaN	-0.6985198855400085
371	372	en	kik	challenge_SSA-MTE	hyp1	News	NaN	-0.6985198855400085
372	373	en	kik	challenge_SSA-MTE	hyp1	News	NaN	-0.7445569634437561
373	374	en	kik	challenge_SSA-MTE	hyp1	News	NaN	-0.7445554733276367
374	375	en	kik	challenge_SSA-MTE	hyp1	News	NaN	-0.7445554733276367
375	376	en	kik	challenge_SSA-MTE	hyp1	News	NaN	-0.7445554733276367
376	377	en	kik	challenge_SSA-MTE	hyp1	News	NaN	-0.7445554733276367
377	378	en	kik	challenge_SSA-MTE	hyp1	News	NaN	-1.335503339767456
378	379	en	kik	challenge_SSA-MTE	hyp1	News	NaN	-1.335503339767456
379	380	en	kik	challenge_SSA-MTE	hyp1	News	NaN	-1.335503339767456
380	381	en	kik	challenge_SSA-MTE	hyp1	News	NaN	-1.335503339767456
381	382	en	kik	challenge_SSA-MTE	hyp1	News	NaN	-0.8302476406097412
382	383	en	kik	challenge_SSA-MTE	hyp1	News	NaN	-0.8302476406097412
383	384	en	kik	challenge_SSA-MTE	hyp1	News	NaN	-0.8302476406097412
384	385	en	kik	challenge_SSA-MTE	hyp1	News	NaN	-0.8302476406097412
385	386	en	kik	challenge_SSA-MTE	hyp1	News	NaN	-0.8302476406097412
386	387	en	kik	challenge_SSA-MTE	hyp1	News	NaN	-2.0461056232452393
387	388	en	kik	challenge_SSA-MTE	hyp1	News	NaN	-2.0461056232452393
388	389	en	kik	challenge_SSA-MTE	hyp1	News	NaN	-2.0461056232452393
389	390	en	kik	challenge_SSA-MTE	hyp1	News	NaN	-2.0461056232452393
390	391	en	kik	challenge_SSA-MTE	hyp1	News	NaN	-2.0461056232452393
391	392	en	kik	challenge_SSA-MTE	hyp1	News	NaN	-1.3276338577270508
392	393	en	kik	challenge_SSA-MTE	hyp1	News	NaN	-1.3276338577270508
393	394	en	kik	challenge_SSA-MTE	hyp1	News	NaN	-1.327633261680603
394	395	en	kik	challenge_SSA-MTE	hyp1	News	NaN	-1.327634334564209
395	396	en	kik	challenge_SSA-MTE	hyp1	News	NaN	-1.327634334564209
396	397	en	kik	challenge_SSA-MTE	hyp1	News	NaN	-1.7773863077163696
397	398	en	kik	challenge_SSA-MTE	hyp1	News	NaN	-1.7773863077163696
398	399	en	kik	challenge_SSA-MTE	hyp1	News	NaN	-1.7773863077163696
399	400	en	kik	challenge_SSA-MTE	hyp1	News	NaN	-1.7773863077163696
400	401	en	kik	challenge_SSA-MTE	hyp1	News	NaN	-1.7773863077163696
401	402	en	kik	challenge_SSA-MTE	hyp1	News	NaN	-1.8566519021987915
402	403	en	kik	challenge_SSA-MTE	hyp1	News	NaN	-1.8566519021987915
403	404	en	kik	challenge_SSA-MTE	hyp1	News	NaN	-1.8566519021987915
404	405	en	kik	challenge_SSA-MTE	hyp1	News	NaN	-1.8566519021987915
405	406	en	kik	challenge_SSA-MTE	hyp1	News	NaN	-1.8566519021987915
406	407	en	kik	challenge_SSA-MTE	hyp1	News	NaN	-1.8444234132766724
407	408	en	kik	challenge_SSA-MTE	hyp1	News	NaN	-1.8444240093231201
408	409	en	kik	challenge_SSA-MTE	hyp1	News	NaN	-1.8444240093231201
409	410	en	kik	challenge_SSA-MTE	hyp1	News	NaN	-1.8444240093231201
410	411	en	kik	challenge_SSA-MTE	hyp1	News	NaN	-1.0764609575271606
411	412	en	kik	challenge_SSA-MTE	hyp1	News	NaN	-1.0764609575271606
412	413	en	kik	challenge_SSA-MTE	hyp1	News	NaN	-1.0764609575271606
413	414	en	kik	challenge_SSA-MTE	hyp1	News	NaN	-1.0764609575271606
414	415	en	kik	challenge_SSA-MTE	hyp1	News	NaN	-1.0764609575271606
415	416	en	kik	challenge_SSA-MTE	hyp1	News	NaN	-0.8932706117630005
416	417	en	kik	challenge_SSA-MTE	hyp1	News	NaN	-0.8932706117630005
417	418	en	kik	challenge_SSA-MTE	hyp1	News	NaN	-0.8932706117630005
418	419	en	kik	challenge_SSA-MTE	hyp1	News	NaN	-0.8932706117630005
419	420	en	kik	challenge_SSA-MTE	hyp1	News	NaN	-0.8932706117630005
420	421	en	kik	challenge_SSA-MTE	hyp1	News	NaN	-1.3842533826828003
421	422	en	kik	challenge_SSA-MTE	hyp1	News	NaN	-1.3842520713806152
422	423	en	kik	challenge_SSA-MTE	hyp1	News	NaN	-1.384255051612854
423	424	en	kik	challenge_SSA-MTE	hyp1	News	NaN	-1.384255051612854
424	425	en	kik	challenge_SSA-MTE	hyp1	News	NaN	-1.3842520713806152
425	426	en	kik	challenge_SSA-MTE	hyp1	News	NaN	-1.8620165586471558
426	427	en	kik	challenge_SSA-MTE	hyp1	News	NaN	-1.8620165586471558
427	428	en	kik	challenge_SSA-MTE	hyp1	News	NaN	-1.8620165586471558
428	429	en	kik	challenge_SSA-MTE	hyp1	News	NaN	-1.8620165586471558
429	430	en	kik	challenge_SSA-MTE	hyp1	News	NaN	-1.8620167970657349
430	431	en	kik	challenge_SSA-MTE	hyp1	News	NaN	-1.7962965965270996
431	432	en	kik	challenge_SSA-MTE	hyp1	News	NaN	-1.7962965965270996
432	433	en	kik	challenge_SSA-MTE	hyp1	News	NaN	-1.7962965965270996
433	434	en	kik	challenge_SSA-MTE	hyp1	News	NaN	-1.7962965965270996
434	435	en	kik	challenge_SSA-MTE	hyp1	News	NaN	-1.7962965965270996
435	436	en	kik	challenge_SSA-MTE	hyp1	News	NaN	-0.6894359588623047
436	437	en	kik	challenge_SSA-MTE	hyp1	News	NaN	-0.6894375681877136
437	438	en	kik	challenge_SSA-MTE	hyp1	News	NaN	-0.6894375681877136
438	439	en	kik	challenge_SSA-MTE	hyp1	News	NaN	-0.6894375681877136
439	440	en	kik	challenge_SSA-MTE	hyp1	News	NaN	-0.6894375681877136
440	441	en	kik	challenge_SSA-MTE	hyp1	News	NaN	-0.5674350261688232
441	442	en	kik	challenge_SSA-MTE	hyp1	News	NaN	-0.5674350261688232
442	443	en	kik	challenge_SSA-MTE	hyp1	News	NaN	-0.5674350261688232
443	444	en	kik	challenge_SSA-MTE	hyp1	News	NaN	-0.5674350261688232
444	445	en	kik	challenge_SSA-MTE	hyp1	News	NaN	-0.5674350261688232
445	446	en	kik	challenge_SSA-MTE	hyp1	News	NaN	-1.3546279668807983
446	447	en	kik	challenge_SSA-MTE	hyp1	News	NaN	-1.3546277284622192
447	448	en	kik	challenge_SSA-MTE	hyp1	News	NaN	-1.3546277284622192
448	449	en	kik	challenge_SSA-MTE	hyp1	News	NaN	-1.3546266555786133
449	450	en	kik	challenge_SSA-MTE	hyp1	News	NaN	-1.3546266555786133
450	451	en	kik	challenge_SSA-MTE	hyp1	News	NaN	-1.9133836030960083
451	452	en	kik	challenge_SSA-MTE	hyp1	News	NaN	-1.9133836030960083
452	453	en	kik	challenge_SSA-MTE	hyp1	News	NaN	-1.9133836030960083
453	454	en	kik	challenge_SSA-MTE	hyp1	News	NaN	-1.9133836030960083
454	455	en	kik	challenge_SSA-MTE	hyp1	News	NaN	-1.9133836030960083
455	456	en	kik	challenge_SSA-MTE	hyp1	News	NaN	-1.751301646232605
456	457	en	kik	challenge_SSA-MTE	hyp1	News	NaN	-1.751301646232605
457	458	en	kik	challenge_SSA-MTE	hyp1	News	NaN	-1.751301646232605
458	459	en	kik	challenge_SSA-MTE	hyp1	News	NaN	-1.751301646232605
459	460	en	kik	challenge_SSA-MTE	hyp1	News	NaN	-1.751301646232605
460	461	en	kik	challenge_SSA-MTE	hyp1	News	NaN	-0.9957377910614014
461	462	en	kik	challenge_SSA-MTE	hyp1	News	NaN	-0.9957377910614014
462	463	en	kik	challenge_SSA-MTE	hyp1	News	NaN	-0.9957377910614014
463	464	en	kik	challenge_SSA-MTE	hyp1	News	NaN	-0.9957377910614014
464	465	en	kik	challenge_SSA-MTE	hyp1	News	NaN	-0.9957377910614014
465	466	en	kik	challenge_SSA-MTE	hyp1	News	NaN	-1.6868444681167603
466	467	en	kik	challenge_SSA-MTE	hyp1	News	NaN	-1.6868444681167603
467	468	en	kik	challenge_SSA-MTE	hyp1	News	NaN	-1.6868444681167603
468	469	en	kik	challenge_SSA-MTE	hyp1	News	NaN	-1.6868444681167603
469	470	en	kik	challenge_SSA-MTE	hyp1	News	NaN	-1.6868444681167603
470	471	en	kik	challenge_SSA-MTE	hyp1	News	NaN	-1.1540414094924927
471	472	en	kik	challenge_SSA-MTE	hyp1	News	NaN	-1.1540414094924927
472	473	en	kik	challenge_SSA-MTE	hyp1	News	NaN	-1.1540414094924927
473	474	en	kik	challenge_SSA-MTE	hyp1	News	NaN	-1.1540414094924927
474	475	en	kik	challenge_SSA-MTE	hyp1	News	NaN	-1.899011492729187
475	476	en	kik	challenge_SSA-MTE	hyp1	News	NaN	-1.899011492729187
476	477	en	kik	challenge_SSA-MTE	hyp1	News	NaN	-1.899011492729187
477	478	en	kik	challenge_SSA-MTE	hyp1	News	NaN	-1.899011492729187
478	479	en	kik	challenge_SSA-MTE	hyp1	News	NaN	-1.899011492729187
479	480	en	kik	challenge_SSA-MTE	hyp1	News	NaN	-1.9679304361343384
480	481	en	kik	challenge_SSA-MTE	hyp1	News	NaN	-1.9679304361343384
481	482	en	kik	challenge_SSA-MTE	hyp1	News	NaN	-1.9679304361343384
482	483	en	kik	challenge_SSA-MTE	hyp1	News	NaN	-1.9679304361343384
483	484	en	kik	challenge_SSA-MTE	hyp1	News	NaN	-1.9679304361343384
484	485	en	kik	challenge_SSA-MTE	hyp1	News	NaN	-1.3086854219436646
485	486	en	kik	challenge_SSA-MTE	hyp1	News	NaN	-1.3086854219436646
486	487	en	kik	challenge_SSA-MTE	hyp1	News	NaN	-1.3086854219436646
487	488	en	kik	challenge_SSA-MTE	hyp1	News	NaN	-1.3086854219436646
488	489	en	kik	challenge_SSA-MTE	hyp1	News	NaN	-1.3155752420425415
489	490	en	kik	challenge_SSA-MTE	hyp1	News	NaN	-1.3155752420425415
490	491	en	kik	challenge_SSA-MTE	hyp1	News	NaN	-1.3155752420425415
491	492	en	kik	challenge_SSA-MTE	hyp1	News	NaN	-1.3155752420425415
492	493	en	kik	challenge_SSA-MTE	hyp1	News	NaN	-1.3155752420425415
493	494	en	kik	challenge_SSA-MTE	hyp1	News	NaN	-1.5856937170028687
494	495	en	kik	challenge_SSA-MTE	hyp1	News	NaN	-1.5856937170028687
495	496	en	kik	challenge_SSA-MTE	hyp1	News	NaN	-1.5856932401657104
496	497	en	kik	challenge_SSA-MTE	hyp1	News	NaN	-1.5856937170028687
497	498	en	kik	challenge_SSA-MTE	hyp1	News	NaN	-1.5856937170028687
498	499	en	kik	challenge_SSA-MTE	hyp1	News	NaN	-1.9814434051513672
499	500	en	kik	challenge_SSA-MTE	hyp1	News	NaN	-1.981444001197815
500	501	en	kik	challenge_SSA-MTE	hyp1	News	NaN	-1.981444001197815
501	502	en	kik	challenge_SSA-MTE	hyp1	News	NaN	-1.9814434051513672
502	503	en	kik	challenge_SSA-MTE	hyp1	News	NaN	-1.3570762872695923
503	504	en	kik	challenge_SSA-MTE	hyp1	News	NaN	-1.3570762872695923
504	505	en	kik	challenge_SSA-MTE	hyp1	News	NaN	-1.3570762872695923
505	506	en	kik	challenge_SSA-MTE	hyp1	News	NaN	-1.3570762872695923
506	507	en	kik	challenge_SSA-MTE	hyp1	News	NaN	-1.3570762872695923
507	508	en	kik	challenge_SSA-MTE	hyp1	News	NaN	-1.4152648448944092
508	509	en	kik	challenge_SSA-MTE	hyp1	News	NaN	-1.4152648448944092
509	510	en	kik	challenge_SSA-MTE	hyp1	News	NaN	-1.4152648448944092
510	511	en	kik	challenge_SSA-MTE	hyp1	News	NaN	-1.4152648448944092
511	512	en	kik	challenge_SSA-MTE	hyp1	News	NaN	-1.4152648448944092
512	513	en	kik	challenge_SSA-MTE	hyp1	News	NaN	-1.2075453996658325
513	514	en	kik	challenge_SSA-MTE	hyp1	News	NaN	-1.2075453996658325
514	515	en	kik	challenge_SSA-MTE	hyp1	News	NaN	-1.2075453996658325
515	516	en	kik	challenge_SSA-MTE	hyp1	News	NaN	-1.2075453996658325
516	517	en	kik	challenge_SSA-MTE	hyp1	News	NaN	-1.2075453996658325
517	518	en	kik	challenge_SSA-MTE	hyp1	News	NaN	-1.2890796661376953
518	519	en	kik	challenge_SSA-MTE	hyp1	News	NaN	-1.2890796661376953
519	520	en	kik	challenge_SSA-MTE	hyp1	News	NaN	-1.2890805006027222
520	521	en	kik	challenge_SSA-MTE	hyp1	News	NaN	-1.2890796661376953
521	522	en	kik	challenge_SSA-MTE	hyp1	News	NaN	-1.2890796661376953
522	523	en	kik	challenge_SSA-MTE	hyp1	News	NaN	-1.3656307458877563
523	524	en	kik	challenge_SSA-MTE	hyp1	News	NaN	-1.3656307458877563
524	525	en	kik	challenge_SSA-MTE	hyp1	News	NaN	-1.3656307458877563
525	526	en	kik	challenge_SSA-MTE	hyp1	News	NaN	-1.3656307458877563
526	527	en	kik	challenge_SSA-MTE	hyp1	News	NaN	-1.3656307458877563
527	528	en	kik	challenge_SSA-MTE	hyp1	News	NaN	-1.434941291809082
528	529	en	kik	challenge_SSA-MTE	hyp1	News	NaN	-1.434941291809082
529	530	en	kik	challenge_SSA-MTE	hyp1	News	NaN	-1.434941291809082
530	531	en	kik	challenge_SSA-MTE	hyp1	News	NaN	-1.434941291809082
531	532	en	kik	challenge_SSA-MTE	hyp1	News	NaN	-1.434941291809082
532	533	en	kik	challenge_SSA-MTE	hyp1	News	NaN	-0.9543512463569641
533	534	en	kik	challenge_SSA-MTE	hyp1	News	NaN	-0.9543512463569641
534	535	en	kik	challenge_SSA-MTE	hyp1	News	NaN	-0.9543512463569641
535	536	en	kik	challenge_SSA-MTE	hyp1	News	NaN	-0.9543512463569641
536	537	en	kik	challenge_SSA-MTE	hyp1	News	NaN	-0.9543512463569641
537	538	en	kik	challenge_SSA-MTE	hyp1	News	NaN	-1.3836814165115356
538	539	en	kik	challenge_SSA-MTE	hyp1	News	NaN	-1.383682131767273
539	540	en	kik	challenge_SSA-MTE	hyp1	News	NaN	-1.383682131767273
540	541	en	kik	challenge_SSA-MTE	hyp1	News	NaN	-1.383682131767273
541	542	en	kik	challenge_SSA-MTE	hyp1	News	NaN	-2.2477242946624756
542	543	en	kik	challenge_SSA-MTE	hyp1	News	NaN	-2.2477242946624756
543	544	en	kik	challenge_SSA-MTE	hyp1	News	NaN	-2.2477242946624756
544	545	en	kik	challenge_SSA-MTE	hyp1	News	NaN	-2.2477242946624756
545	546	en	kik	challenge_SSA-MTE	hyp1	News	NaN	-2.2477242946624756
546	547	en	kik	challenge_SSA-MTE	hyp1	News	NaN	-1.1832877397537231
547	548	en	kik	challenge_SSA-MTE	hyp1	News	NaN	-1.1832877397537231
548	549	en	kik	challenge_SSA-MTE	hyp1	News	NaN	-1.1832877397537231
549	550	en	kik	challenge_SSA-MTE	hyp1	News	NaN	-1.1832877397537231
550	551	en	kik	challenge_SSA-MTE	hyp1	News	NaN	-1.183286428451538
551	552	en	kik	challenge_SSA-MTE	hyp1	News	NaN	-1.1065815687179565
552	553	en	kik	challenge_SSA-MTE	hyp1	News	NaN	-1.1065815687179565
553	554	en	kik	challenge_SSA-MTE	hyp1	News	NaN	-1.1065815687179565
554	555	en	kik	challenge_SSA-MTE	hyp1	News	NaN	-1.1065815687179565
555	556	en	kik	challenge_SSA-MTE	hyp1	News	NaN	-1.1065815687179565
556	557	en	kik	challenge_SSA-MTE	hyp1	News	NaN	-1.1114529371261597
557	558	en	kik	challenge_SSA-MTE	hyp1	News	NaN	-1.1114529371261597
558	559	en	kik	challenge_SSA-MTE	hyp1	News	NaN	-1.1114529371261597
559	560	en	kik	challenge_SSA-MTE	hyp1	News	NaN	-1.1114529371261597
560	561	en	kik	challenge_SSA-MTE	hyp1	News	NaN	-1.7861312627792358
561	562	en	kik	challenge_SSA-MTE	hyp1	News	NaN	-1.7861312627792358
562	563	en	kik	challenge_SSA-MTE	hyp1	News	NaN	-1.7861312627792358
563	564	en	kik	challenge_SSA-MTE	hyp1	News	NaN	-1.7861312627792358
564	565	en	kik	challenge_SSA-MTE	hyp1	News	NaN	-1.7861312627792358
565	566	en	kik	challenge_SSA-MTE	hyp1	News	NaN	-0.6915960907936096
566	567	en	kik	challenge_SSA-MTE	hyp1	News	NaN	-0.6915960907936096
567	568	en	kik	challenge_SSA-MTE	hyp1	News	NaN	-0.6915960907936096
568	569	en	kik	challenge_SSA-MTE	hyp1	News	NaN	-0.6915960907936096
569	570	en	kik	challenge_SSA-MTE	hyp1	News	NaN	-0.6915960907936096
570	571	en	kik	challenge_SSA-MTE	hyp1	News	NaN	-1.1576133966445923
571	572	en	kik	challenge_SSA-MTE	hyp1	News	NaN	-1.1576133966445923
572	573	en	kik	challenge_SSA-MTE	hyp1	News	NaN	-1.1576133966445923
573	574	en	kik	challenge_SSA-MTE	hyp1	News	NaN	-1.1576133966445923
574	575	en	kik	challenge_SSA-MTE	hyp1	News	NaN	-1.1576133966445923
575	576	en	kik	challenge_SSA-MTE	hyp1	News	NaN	-1.6940380334854126
576	577	en	kik	challenge_SSA-MTE	hyp1	News	NaN	-1.6940380334854126
577	578	en	kik	challenge_SSA-MTE	hyp1	News	NaN	-1.6940380334854126
578	579	en	kik	challenge_SSA-MTE	hyp1	News	NaN	-1.6940380334854126
579	580	en	kik	challenge_SSA-MTE	hyp1	News	NaN	-0.318838894367218
580	581	en	kik	challenge_SSA-MTE	hyp1	News	NaN	-0.318838894367218
581	582	en	kik	challenge_SSA-MTE	hyp1	News	NaN	-0.318838894367218
582	583	en	kik	challenge_SSA-MTE	hyp1	News	NaN	-0.318838894367218
583	584	en	kik	challenge_SSA-MTE	hyp1	News	NaN	-2.2702243328094482
584	585	en	kik	challenge_SSA-MTE	hyp1	News	NaN	-2.2702243328094482
585	586	en	kik	challenge_SSA-MTE	hyp1	News	NaN	-2.2702243328094482
586	587	en	kik	challenge_SSA-MTE	hyp1	News	NaN	-2.2702243328094482
587	588	en	kik	challenge_SSA-MTE	hyp1	News	NaN	-2.2702243328094482
588	589	en	kik	challenge_SSA-MTE	hyp1	News	NaN	-0.3685121536254883
589	590	en	kik	challenge_SSA-MTE	hyp1	News	NaN	-0.3685121536254883
590	591	en	kik	challenge_SSA-MTE	hyp1	News	NaN	-0.3685121536254883
591	592	en	kik	challenge_SSA-MTE	hyp1	News	NaN	-0.3685121536254883
592	593	en	kik	challenge_SSA-MTE	hyp1	News	NaN	-0.3685121536254883
593	594	en	kik	challenge_SSA-MTE	hyp1	News	NaN	-1.7895286083221436
594	595	en	kik	challenge_SSA-MTE	hyp1	News	NaN	-1.7895286083221436
595	596	en	kik	challenge_SSA-MTE	hyp1	News	NaN	-1.7895286083221436
596	597	en	kik	challenge_SSA-MTE	hyp1	News	NaN	-1.7895286083221436
597	598	en	kik	challenge_SSA-MTE	hyp1	News	NaN	-1.7895286083221436
598	599	en	kik	challenge_SSA-MTE	hyp1	News	NaN	-2.0177299976348877
599	600	en	kik	challenge_SSA-MTE	hyp1	News	NaN	-2.0177299976348877
600	601	en	kik	challenge_SSA-MTE	hyp1	News	NaN	-2.0177299976348877
601	602	en	kik	challenge_SSA-MTE	hyp1	News	NaN	-2.0177299976348877
602	603	en	kik	challenge_SSA-MTE	hyp1	News	NaN	-2.0177299976348877
603	604	en	kik	challenge_SSA-MTE	hyp1	News	NaN	-2.123119592666626
604	605	en	kik	challenge_SSA-MTE	hyp1	News	NaN	-2.123119592666626
605	606	en	kik	challenge_SSA-MTE	hyp1	News	NaN	-2.123119592666626
606	607	en	kik	challenge_SSA-MTE	hyp1	News	NaN	-2.123119592666626
607	608	en	kik	challenge_SSA-MTE	hyp1	News	NaN	-2.123119592666626
608	609	en	kik	challenge_SSA-MTE	hyp1	News	NaN	-1.6354690790176392
609	610	en	kik	challenge_SSA-MTE	hyp1	News	NaN	-1.6354690790176392
610	611	en	kik	challenge_SSA-MTE	hyp1	News	NaN	-1.6354690790176392
611	612	en	kik	challenge_SSA-MTE	hyp1	News	NaN	-1.6354690790176392
612	613	en	kik	challenge_SSA-MTE	hyp1	News	NaN	-1.6354690790176392
613	614	en	kik	challenge_SSA-MTE	hyp1	News	NaN	-1.382680892944336
614	615	en	kik	challenge_SSA-MTE	hyp1	News	NaN	-1.382680892944336
615	616	en	kik	challenge_SSA-MTE	hyp1	News	NaN	-1.382680892944336
616	617	en	kik	challenge_SSA-MTE	hyp1	News	NaN	-1.382680892944336
617	618	en	kik	challenge_SSA-MTE	hyp1	News	NaN	-1.382680892944336
618	619	en	kik	challenge_SSA-MTE	hyp1	News	NaN	-1.0272101163864136
619	620	en	kik	challenge_SSA-MTE	hyp1	News	NaN	-1.0272101163864136
620	621	en	kik	challenge_SSA-MTE	hyp1	News	NaN	-1.0272101163864136
621	622	en	kik	challenge_SSA-MTE	hyp1	News	NaN	-1.0272070169448853
622	623	en	kik	challenge_SSA-MTE	hyp1	News	NaN	-1.0272070169448853
623	624	en	kik	challenge_SSA-MTE	hyp1	News	NaN	-1.9389138221740723
624	625	en	kik	challenge_SSA-MTE	hyp1	News	NaN	-1.93891441822052
625	626	en	kik	challenge_SSA-MTE	hyp1	News	NaN	-1.93891441822052
626	627	en	kik	challenge_SSA-MTE	hyp1	News	NaN	-1.9389138221740723
627	628	en	kik	challenge_SSA-MTE	hyp1	News	NaN	-1.93891441822052
628	629	en	kik	challenge_SSA-MTE	hyp1	News	NaN	-1.5601810216903687
629	630	en	kik	challenge_SSA-MTE	hyp1	News	NaN	-1.5601810216903687
630	631	en	kik	challenge_SSA-MTE	hyp1	News	NaN	-1.5601810216903687
631	632	en	kik	challenge_SSA-MTE	hyp1	News	NaN	-1.5601810216903687
632	633	en	kik	challenge_SSA-MTE	hyp1	News	NaN	-1.5601810216903687
633	634	en	kik	challenge_SSA-MTE	hyp1	News	NaN	-1.9645453691482544
634	635	en	kik	challenge_SSA-MTE	hyp1	News	NaN	-1.9645453691482544
635	636	en	kik	challenge_SSA-MTE	hyp1	News	NaN	-1.9645453691482544
636	637	en	kik	challenge_SSA-MTE	hyp1	News	NaN	-1.9645453691482544
637	638	en	kik	challenge_SSA-MTE	hyp1	News	NaN	-1.9645453691482544
638	639	en	kik	challenge_SSA-MTE	hyp1	News	NaN	-1.7758702039718628
639	640	en	kik	challenge_SSA-MTE	hyp1	News	NaN	-1.7758702039718628
640	641	en	kik	challenge_SSA-MTE	hyp1	News	NaN	-1.7758702039718628
641	642	en	kik	challenge_SSA-MTE	hyp1	News	NaN	-1.7758702039718628
642	643	en	kik	challenge_SSA-MTE	hyp1	News	NaN	-1.7758702039718628
643	644	en	kik	challenge_SSA-MTE	hyp1	News	NaN	-2.123840093612671
644	645	en	kik	challenge_SSA-MTE	hyp1	News	NaN	-2.123840093612671
645	646	en	kik	challenge_SSA-MTE	hyp1	News	NaN	-2.123840093612671
646	647	en	kik	challenge_SSA-MTE	hyp1	News	NaN	-2.123840093612671
647	648	en	kik	challenge_SSA-MTE	hyp1	News	NaN	-2.123840093612671
648	649	en	kik	challenge_SSA-MTE	hyp1	News	NaN	-0.9536618590354919
649	650	en	kik	challenge_SSA-MTE	hyp1	News	NaN	-0.9536618590354919
650	651	en	kik	challenge_SSA-MTE	hyp1	News	NaN	-0.9536618590354919
651	652	en	kik	challenge_SSA-MTE	hyp1	News	NaN	-0.9536618590354919
652	653	en	kik	challenge_SSA-MTE	hyp1	News	NaN	-0.9536618590354919
653	654	en	kik	challenge_SSA-MTE	hyp1	News	NaN	-1.747746467590332
654	655	en	kik	challenge_SSA-MTE	hyp1	News	NaN	-1.7477463483810425
655	656	en	kik	challenge_SSA-MTE	hyp1	News	NaN	-1.7477463483810425
656	657	en	kik	challenge_SSA-MTE	hyp1	News	NaN	-1.747746467590332
657	658	en	kik	challenge_SSA-MTE	hyp1	News	NaN	-1.747746467590332
658	659	en	kik	challenge_SSA-MTE	hyp1	News	NaN	-1.6911102533340454
659	660	en	kik	challenge_SSA-MTE	hyp1	News	NaN	-1.6911102533340454
660	661	en	kik	challenge_SSA-MTE	hyp1	News	NaN	-1.6911102533340454
661	662	en	kik	challenge_SSA-MTE	hyp1	News	NaN	-1.6911102533340454
662	663	en	kik	challenge_SSA-MTE	hyp1	News	NaN	-1.6911102533340454
663	664	en	kik	challenge_SSA-MTE	hyp1	News	NaN	-1.7453573942184448
664	665	en	kik	challenge_SSA-MTE	hyp1	News	NaN	-1.7453573942184448
665	666	en	kik	challenge_SSA-MTE	hyp1	News	NaN	-1.7453573942184448
666	667	en	kik	challenge_SSA-MTE	hyp1	News	NaN	-1.7453573942184448
667	668	en	kik	challenge_SSA-MTE	hyp1	News	NaN	-1.7453573942184448
668	669	en	kik	challenge_SSA-MTE	hyp1	News	NaN	-1.9564337730407715
669	670	en	kik	challenge_SSA-MTE	hyp1	News	NaN	-1.9564337730407715
670	671	en	kik	challenge_SSA-MTE	hyp1	News	NaN	-1.9564337730407715
671	672	en	kik	challenge_SSA-MTE	hyp1	News	NaN	-1.9564337730407715
672	673	en	kik	challenge_SSA-MTE	hyp1	News	NaN	-1.9564337730407715
673	674	en	kik	challenge_SSA-MTE	hyp1	News	NaN	-1.6913877725601196
674	675	en	kik	challenge_SSA-MTE	hyp1	News	NaN	-1.6913877725601196
675	676	en	kik	challenge_SSA-MTE	hyp1	News	NaN	-1.6913870573043823
676	677	en	kik	challenge_SSA-MTE	hyp1	News	NaN	-1.6913870573043823
677	678	en	kik	challenge_SSA-MTE	hyp1	News	NaN	-1.6913870573043823
678	679	en	kik	challenge_SSA-MTE	hyp1	News	NaN	-1.449851632118225
679	680	en	kik	challenge_SSA-MTE	hyp1	News	NaN	-1.4498515129089355
680	681	en	kik	challenge_SSA-MTE	hyp1	News	NaN	-1.449851393699646
681	682	en	kik	challenge_SSA-MTE	hyp1	News	NaN	-1.449851393699646
682	683	en	kik	challenge_SSA-MTE	hyp1	News	NaN	-1.449851632118225
683	684	en	kik	challenge_SSA-MTE	hyp1	News	NaN	-1.673554539680481
684	685	en	kik	challenge_SSA-MTE	hyp1	News	NaN	-1.673552393913269
685	686	en	kik	challenge_SSA-MTE	hyp1	News	NaN	-1.6735562086105347
686	687	en	kik	challenge_SSA-MTE	hyp1	News	NaN	-1.673554539680481
687	688	en	kik	challenge_SSA-MTE	hyp1	News	NaN	-1.6338378190994263
688	689	en	kik	challenge_SSA-MTE	hyp1	News	NaN	-1.6338378190994263
689	690	en	kik	challenge_SSA-MTE	hyp1	News	NaN	-1.6338378190994263
690	691	en	kik	challenge_SSA-MTE	hyp1	News	NaN	-1.6338378190994263
691	692	en	kik	challenge_SSA-MTE	hyp1	News	NaN	-1.6338378190994263
692	693	en	kik	challenge_SSA-MTE	hyp1	News	NaN	-1.2585493326187134
693	694	en	kik	challenge_SSA-MTE	hyp1	News	NaN	-1.2585493326187134
694	695	en	kik	challenge_SSA-MTE	hyp1	News	NaN	-1.2585493326187134
695	696	en	kik	challenge_SSA-MTE	hyp1	News	NaN	-1.2585493326187134
696	697	en	kik	challenge_SSA-MTE	hyp1	News	NaN	-1.2585493326187134
697	698	en	kik	challenge_SSA-MTE	hyp1	News	NaN	-0.3646293580532074
698	699	en	kik	challenge_SSA-MTE	hyp1	News	NaN	-0.3646293580532074
699	700	en	kik	challenge_SSA-MTE	hyp1	News	NaN	-0.3646293580532074
700	701	en	kik	challenge_SSA-MTE	hyp1	News	NaN	-0.3646293580532074
701	702	en	kik	challenge_SSA-MTE	hyp1	News	NaN	-0.3646293580532074
702	703	en	kik	challenge_SSA-MTE	hyp1	News	NaN	-1.947489619255066
703	704	en	kik	challenge_SSA-MTE	hyp1	News	NaN	-1.947489619255066
704	705	en	kik	challenge_SSA-MTE	hyp1	News	NaN	-1.947489619255066
705	706	en	kik	challenge_SSA-MTE	hyp1	News	NaN	-1.947489619255066
706	707	en	kik	challenge_SSA-MTE	hyp1	News	NaN	-1.204545497894287
707	708	en	kik	challenge_SSA-MTE	hyp1	News	NaN	-1.204545497894287
708	709	en	kik	challenge_SSA-MTE	hyp1	News	NaN	-1.204545497894287
709	710	en	kik	challenge_SSA-MTE	hyp1	News	NaN	-1.2045443058013916
710	711	en	kik	challenge_SSA-MTE	hyp1	News	NaN	-1.7968603372573853
711	712	en	kik	challenge_SSA-MTE	hyp1	News	NaN	-1.7968603372573853
712	713	en	kik	challenge_SSA-MTE	hyp1	News	NaN	-1.7968603372573853
713	714	en	kik	challenge_SSA-MTE	hyp1	News	NaN	-2.1181554794311523
714	715	en	kik	challenge_SSA-MTE	hyp1	News	NaN	-2.1181554794311523
715	716	en	kik	challenge_SSA-MTE	hyp1	News	NaN	-2.1181554794311523
716	717	en	kik	challenge_SSA-MTE	hyp1	News	NaN	-2.1181554794311523
717	718	en	kik	challenge_SSA-MTE	hyp1	News	NaN	-1.8685427904129028
718	719	en	kik	challenge_SSA-MTE	hyp1	News	NaN	-1.8685427904129028
719	720	en	kik	challenge_SSA-MTE	hyp1	News	NaN	-1.8685427904129028
720	721	en	kik	challenge_SSA-MTE	hyp1	News	NaN	-1.8685427904129028
721	722	en	kik	challenge_SSA-MTE	hyp1	News	NaN	-0.5872458219528198
722	723	en	kik	challenge_SSA-MTE	hyp1	News	NaN	-0.5872458219528198
723	724	en	kik	challenge_SSA-MTE	hyp1	News	NaN	-0.5872458219528198
724	725	en	kik	challenge_SSA-MTE	hyp1	News	NaN	-0.5872458219528198
725	726	en	kik	challenge_SSA-MTE	hyp1	News	NaN	-2.027933359146118
726	727	en	kik	challenge_SSA-MTE	hyp1	News	NaN	-2.0279345512390137
727	728	en	kik	challenge_SSA-MTE	hyp1	News	NaN	-2.027933359146118
728	729	en	kik	challenge_SSA-MTE	hyp1	News	NaN	-2.027933359146118
729	730	en	kik	challenge_SSA-MTE	hyp1	News	NaN	-2.027933359146118
730	731	en	kik	challenge_SSA-MTE	hyp1	News	NaN	-1.798533320426941
731	732	en	kik	challenge_SSA-MTE	hyp1	News	NaN	-1.798533320426941
732	733	en	kik	challenge_SSA-MTE	hyp1	News	NaN	-1.798533320426941
733	734	en	kik	challenge_SSA-MTE	hyp1	News	NaN	-1.798533320426941
734	735	en	kik	challenge_SSA-MTE	hyp1	News	NaN	-1.1938780546188354
735	736	en	kik	challenge_SSA-MTE	hyp1	News	NaN	-1.1938780546188354
736	737	en	kik	challenge_SSA-MTE	hyp1	News	NaN	-1.1938780546188354
737	738	en	kik	challenge_SSA-MTE	hyp1	News	NaN	-1.1938780546188354
738	739	en	kik	challenge_SSA-MTE	hyp1	News	NaN	-2.1961381435394287
739	740	en	kik	challenge_SSA-MTE	hyp1	News	NaN	-2.1961381435394287
740	741	en	kik	challenge_SSA-MTE	hyp1	News	NaN	-2.1961381435394287
741	742	en	kik	challenge_SSA-MTE	hyp1	News	NaN	-2.1961381435394287
742	743	en	kik	challenge_SSA-MTE	hyp1	News	NaN	-2.1961381435394287
743	744	en	kik	challenge_SSA-MTE	hyp1	News	NaN	-1.543701410293579
744	745	en	kik	challenge_SSA-MTE	hyp1	News	NaN	-1.543701410293579
745	746	en	kik	challenge_SSA-MTE	hyp1	News	NaN	-1.543701410293579
746	747	en	kik	challenge_SSA-MTE	hyp1	News	NaN	-1.543701410293579
747	748	en	kik	challenge_SSA-MTE	hyp1	News	NaN	-1.543701410293579
748	749	en	kik	challenge_SSA-MTE	hyp1	News	NaN	-1.242343544960022
749	750	en	kik	challenge_SSA-MTE	hyp1	News	NaN	-1.242343544960022
750	751	en	kik	challenge_SSA-MTE	hyp1	News	NaN	-1.242343544960022
751	752	en	kik	challenge_SSA-MTE	hyp1	News	NaN	-1.242343544960022
752	753	en	kik	challenge_SSA-MTE	hyp1	News	NaN	-1.7397998571395874
753	754	en	kik	challenge_SSA-MTE	hyp1	News	NaN	-1.7397998571395874
754	755	en	kik	challenge_SSA-MTE	hyp1	News	NaN	-1.7397998571395874
755	756	en	kik	challenge_SSA-MTE	hyp1	News	NaN	-1.7397998571395874
756	757	en	kik	challenge_SSA-MTE	hyp1	News	NaN	-1.7397998571395874
757	758	en	kik	challenge_SSA-MTE	hyp1	News	NaN	-2.0686991214752197
758	759	en	kik	challenge_SSA-MTE	hyp1	News	NaN	-2.0686991214752197
759	760	en	kik	challenge_SSA-MTE	hyp1	News	NaN	-2.0686991214752197
760	761	en	kik	challenge_SSA-MTE	hyp1	News	NaN	-2.0686991214752197
761	762	en	kik	challenge_SSA-MTE	hyp1	News	NaN	-2.0686991214752197
762	763	en	kik	challenge_SSA-MTE	hyp1	News	NaN	-1.6421746015548706
763	764	en	kik	challenge_SSA-MTE	hyp1	News	NaN	-1.6421746015548706
764	765	en	kik	challenge_SSA-MTE	hyp1	News	NaN	-1.6421746015548706
765	766	en	kik	challenge_SSA-MTE	hyp1	News	NaN	-1.6421762704849243
766	767	en	kik	challenge_SSA-MTE	hyp1	News	NaN	-1.6421746015548706
767	768	en	kik	challenge_SSA-MTE	hyp1	News	NaN	-1.2409363985061646
768	769	en	kik	challenge_SSA-MTE	hyp1	News	NaN	-1.2409363985061646
769	770	en	kik	challenge_SSA-MTE	hyp1	News	NaN	-1.2409363985061646
770	771	en	kik	challenge_SSA-MTE	hyp1	News	NaN	-1.2409363985061646
771	772	en	kik	challenge_SSA-MTE	hyp1	News	NaN	-1.7063623666763306
772	773	en	kik	challenge_SSA-MTE	hyp1	News	NaN	-1.7063623666763306
773	774	en	kik	challenge_SSA-MTE	hyp1	News	NaN	-1.7063623666763306
774	775	en	kik	challenge_SSA-MTE	hyp1	News	NaN	-1.7063623666763306
775	776	en	kik	challenge_SSA-MTE	hyp1	News	NaN	-1.7063623666763306
776	777	en	kik	challenge_SSA-MTE	hyp1	News	NaN	-0.5706998705863953
777	778	en	kik	challenge_SSA-MTE	hyp1	News	NaN	-0.5706989765167236
778	779	en	kik	challenge_SSA-MTE	hyp1	News	NaN	-0.5706998705863953
779	780	en	kik	challenge_SSA-MTE	hyp1	News	NaN	-0.5706998705863953
780	781	en	kik	challenge_SSA-MTE	hyp1	News	NaN	-1.3852834701538086
781	782	en	kik	challenge_SSA-MTE	hyp1	News	NaN	-1.3852834701538086
782	783	en	kik	challenge_SSA-MTE	hyp1	News	NaN	-1.3852834701538086
783	784	en	kik	challenge_SSA-MTE	hyp1	News	NaN	-1.3852834701538086
784	785	en	kik	challenge_SSA-MTE	hyp1	News	NaN	-1.3852834701538086
785	786	en	kik	challenge_SSA-MTE	hyp1	News	NaN	-1.422997236251831
786	787	en	kik	challenge_SSA-MTE	hyp1	News	NaN	-1.4229952096939087
787	788	en	kik	challenge_SSA-MTE	hyp1	News	NaN	-1.4229952096939087
788	789	en	kik	challenge_SSA-MTE	hyp1	News	NaN	-1.422997236251831
789	790	en	kik	challenge_SSA-MTE	hyp1	News	NaN	-1.422997236251831
790	791	en	kik	challenge_SSA-MTE	hyp1	News	NaN	-1.564261794090271
791	792	en	kik	challenge_SSA-MTE	hyp1	News	NaN	-1.564261794090271
792	793	en	kik	challenge_SSA-MTE	hyp1	News	NaN	-1.564261794090271
793	794	en	kik	challenge_SSA-MTE	hyp1	News	NaN	-1.564261794090271
794	795	en	kik	challenge_SSA-MTE	hyp1	News	NaN	-1.564261794090271
795	796	en	kik	challenge_SSA-MTE	hyp1	News	NaN	-2.1013994216918945
796	797	en	kik	challenge_SSA-MTE	hyp1	News	NaN	-2.1013994216918945
797	798	en	kik	challenge_SSA-MTE	hyp1	News	NaN	-2.1013991832733154
798	799	en	kik	challenge_SSA-MTE	hyp1	News	NaN	-1.542930006980896
799	800	en	kik	challenge_SSA-MTE	hyp1	News	NaN	-1.542930006980896
800	801	en	kik	challenge_SSA-MTE	hyp1	News	NaN	-1.542930006980896
801	802	en	kik	challenge_SSA-MTE	hyp1	News	NaN	-1.542930006980896
802	803	en	kik	challenge_SSA-MTE	hyp1	News	NaN	-1.542930006980896
803	804	en	kik	challenge_SSA-MTE	hyp1	News	NaN	-1.2780470848083496
804	805	en	kik	challenge_SSA-MTE	hyp1	News	NaN	-1.2780470848083496
805	806	en	kik	challenge_SSA-MTE	hyp1	News	NaN	-1.2780470848083496
806	807	en	kik	challenge_SSA-MTE	hyp1	News	NaN	-1.2780470848083496
807	808	en	kik	challenge_SSA-MTE	hyp1	News	NaN	-1.2780470848083496
808	809	en	kik	challenge_SSA-MTE	hyp1	News	NaN	-1.5134828090667725
809	810	en	kik	challenge_SSA-MTE	hyp1	News	NaN	-1.5134828090667725
810	811	en	kik	challenge_SSA-MTE	hyp1	News	NaN	-1.5134828090667725
811	812	en	kik	challenge_SSA-MTE	hyp1	News	NaN	-1.5134828090667725
812	813	en	kik	challenge_SSA-MTE	hyp1	News	NaN	-1.5134828090667725
813	814	en	kik	challenge_SSA-MTE	hyp1	News	NaN	-1.5663549900054932
814	815	en	kik	challenge_SSA-MTE	hyp1	News	NaN	-1.5663554668426514
815	816	en	kik	challenge_SSA-MTE	hyp1	News	NaN	-1.5663549900054932
816	817	en	kik	challenge_SSA-MTE	hyp1	News	NaN	-1.5663549900054932
817	818	en	kik	challenge_SSA-MTE	hyp1	News	NaN	-1.5663549900054932
818	819	en	kik	challenge_SSA-MTE	hyp1	News	NaN	-1.6233861446380615
819	820	en	kik	challenge_SSA-MTE	hyp1	News	NaN	-1.6233861446380615
820	821	en	kik	challenge_SSA-MTE	hyp1	News	NaN	-1.6233861446380615
821	822	en	kik	challenge_SSA-MTE	hyp1	News	NaN	-1.6233861446380615
822	823	en	kik	challenge_SSA-MTE	hyp1	News	NaN	-1.6233861446380615
823	824	en	kik	challenge_SSA-MTE	hyp1	News	NaN	-1.4136685132980347
824	825	en	kik	challenge_SSA-MTE	hyp1	News	NaN	-1.4136685132980347
825	826	en	kik	challenge_SSA-MTE	hyp1	News	NaN	-1.4136685132980347
826	827	en	kik	challenge_SSA-MTE	hyp1	News	NaN	-1.4136685132980347
827	828	en	kik	challenge_SSA-MTE	hyp1	News	NaN	-1.4136685132980347
828	829	en	kik	challenge_SSA-MTE	hyp1	News	NaN	-1.7781840562820435
829	830	en	kik	challenge_SSA-MTE	hyp1	News	NaN	-1.7781845331192017
830	831	en	kik	challenge_SSA-MTE	hyp1	News	NaN	-1.7781845331192017
831	832	en	kik	challenge_SSA-MTE	hyp1	News	NaN	-1.7781845331192017
832	833	en	kik	challenge_SSA-MTE	hyp1	News	NaN	-1.7781845331192017
833	834	en	kik	challenge_SSA-MTE	hyp1	News	NaN	-2.229579210281372
834	835	en	kik	challenge_SSA-MTE	hyp1	News	NaN	-2.229579210281372
835	836	en	kik	challenge_SSA-MTE	hyp1	News	NaN	-2.229579210281372
836	837	en	kik	challenge_SSA-MTE	hyp1	News	NaN	-2.229579210281372
837	838	en	kik	challenge_SSA-MTE	hyp1	News	NaN	-2.229579210281372
838	839	en	kik	challenge_SSA-MTE	hyp1	News	NaN	-1.209281086921692
839	840	en	kik	challenge_SSA-MTE	hyp1	News	NaN	-1.209281086921692
840	841	en	kik	challenge_SSA-MTE	hyp1	News	NaN	-1.209281086921692
841	842	en	kik	challenge_SSA-MTE	hyp1	News	NaN	-1.209281086921692
842	843	en	kik	challenge_SSA-MTE	hyp1	News	NaN	-1.209281086921692
843	844	en	kik	challenge_SSA-MTE	hyp1	News	NaN	-1.5998666286468506
844	845	en	kik	challenge_SSA-MTE	hyp1	News	NaN	-1.5998666286468506
845	846	en	kik	challenge_SSA-MTE	hyp1	News	NaN	-1.5998666286468506
846	847	en	kik	challenge_SSA-MTE	hyp1	News	NaN	-1.5998666286468506
847	848	en	kik	challenge_SSA-MTE	hyp1	News	NaN	-1.5998666286468506
848	849	en	kik	challenge_SSA-MTE	hyp1	News	NaN	-1.7400275468826294
849	850	en	kik	challenge_SSA-MTE	hyp1	News	NaN	-1.7400275468826294
850	851	en	kik	challenge_SSA-MTE	hyp1	News	NaN	-1.7400275468826294
851	852	en	kik	challenge_SSA-MTE	hyp1	News	NaN	-1.7400275468826294
852	853	en	kik	challenge_SSA-MTE	hyp1	News	NaN	-1.7527859210968018
853	854	en	kik	challenge_SSA-MTE	hyp1	News	NaN	-1.7527859210968018
854	855	en	kik	challenge_SSA-MTE	hyp1	News	NaN	-1.7527858018875122
855	856	en	kik	challenge_SSA-MTE	hyp1	News	NaN	-1.7527859210968018
856	857	en	kik	challenge_SSA-MTE	hyp1	News	NaN	-1.7527859210968018
857	858	en	kik	challenge_SSA-MTE	hyp1	News	NaN	-2.2770984172821045
858	859	en	kik	challenge_SSA-MTE	hyp1	News	NaN	-2.277097702026367
859	860	en	kik	challenge_SSA-MTE	hyp1	News	NaN	-2.277097702026367
860	861	en	kik	challenge_SSA-MTE	hyp1	News	NaN	-2.277097702026367
861	862	en	kik	challenge_SSA-MTE	hyp1	News	NaN	-2.277097702026367
862	863	en	kik	challenge_SSA-MTE	hyp1	News	NaN	-2.209636926651001
863	864	en	kik	challenge_SSA-MTE	hyp1	News	NaN	-2.209636926651001
864	865	en	kik	challenge_SSA-MTE	hyp1	News	NaN	-2.209636926651001
865	866	en	kik	challenge_SSA-MTE	hyp1	News	NaN	-2.209636926651001
866	867	en	kik	challenge_SSA-MTE	hyp1	News	NaN	-2.209636926651001
867	868	en	kik	challenge_SSA-MTE	hyp1	News	NaN	-2.056924343109131
868	869	en	kik	challenge_SSA-MTE	hyp1	News	NaN	-2.056924343109131
869	870	en	kik	challenge_SSA-MTE	hyp1	News	NaN	-2.056924343109131
870	871	en	kik	challenge_SSA-MTE	hyp1	News	NaN	-2.056924343109131
871	872	en	kik	challenge_SSA-MTE	hyp1	News	NaN	-2.056924343109131
872	873	en	kik	challenge_SSA-MTE	hyp1	News	NaN	-0.4182061553001404
873	874	en	kik	challenge_SSA-MTE	hyp1	News	NaN	-0.4182061553001404
874	875	en	kik	challenge_SSA-MTE	hyp1	News	NaN	-0.4182061553001404
875	876	en	kik	challenge_SSA-MTE	hyp1	News	NaN	-0.4182061553001404
876	877	en	kik	challenge_SSA-MTE	hyp1	News	NaN	-0.4182061553001404
877	878	en	kik	challenge_SSA-MTE	hyp1	News	NaN	-2.0277726650238037
878	879	en	kik	challenge_SSA-MTE	hyp1	News	NaN	-2.0277726650238037
879	880	en	kik	challenge_SSA-MTE	hyp1	News	NaN	-2.0277726650238037
880	881	en	kik	challenge_SSA-MTE	hyp1	News	NaN	-2.0277726650238037
881	882	en	kik	challenge_SSA-MTE	hyp1	News	NaN	-2.0277726650238037
882	883	en	kik	challenge_SSA-MTE	hyp1	News	NaN	-0.7075618505477905
883	884	en	kik	challenge_SSA-MTE	hyp1	News	NaN	-0.7075618505477905
884	885	en	kik	challenge_SSA-MTE	hyp1	News	NaN	-0.7075618505477905
885	886	en	kik	challenge_SSA-MTE	hyp1	News	NaN	-0.7075618505477905
886	887	en	kik	challenge_SSA-MTE	hyp1	News	NaN	-0.7075618505477905
887	888	en	kik	challenge_SSA-MTE	hyp1	News	NaN	-1.2136143445968628
888	889	en	kik	challenge_SSA-MTE	hyp1	News	NaN	-1.2136143445968628
889	890	en	kik	challenge_SSA-MTE	hyp1	News	NaN	-1.2136143445968628
890	891	en	kik	challenge_SSA-MTE	hyp1	News	NaN	-1.2136143445968628
891	892	en	kik	challenge_SSA-MTE	hyp1	News	NaN	-1.2136143445968628
892	893	en	kik	challenge_SSA-MTE	hyp1	News	NaN	-1.6338924169540405
893	894	en	kik	challenge_SSA-MTE	hyp1	News	NaN	-1.6338924169540405
894	895	en	kik	challenge_SSA-MTE	hyp1	News	NaN	-1.6338924169540405
895	896	en	kik	challenge_SSA-MTE	hyp1	News	NaN	-1.6338924169540405
896	897	en	kik	challenge_SSA-MTE	hyp1	News	NaN	-1.6338924169540405
897	898	en	kik	challenge_SSA-MTE	hyp1	News	NaN	-1.8662065267562866
898	899	en	kik	challenge_SSA-MTE	hyp1	News	NaN	-1.8662065267562866
899	900	en	kik	challenge_SSA-MTE	hyp1	News	NaN	-1.8662065267562866
900	901	en	kik	challenge_SSA-MTE	hyp1	News	NaN	-1.8662065267562866
901	902	en	kik	challenge_SSA-MTE	hyp1	News	NaN	-1.8662065267562866
902	903	en	kik	challenge_SSA-MTE	hyp1	News	NaN	-1.4465495347976685
903	904	en	kik	challenge_SSA-MTE	hyp1	News	NaN	-1.4465495347976685
904	905	en	kik	challenge_SSA-MTE	hyp1	News	NaN	-1.4465497732162476
905	906	en	kik	challenge_SSA-MTE	hyp1	News	NaN	-1.4465497732162476
906	907	en	kik	challenge_SSA-MTE	hyp1	News	NaN	-1.4465497732162476
907	908	en	kik	challenge_SSA-MTE	hyp1	News	NaN	-2.252581834793091
908	909	en	kik	challenge_SSA-MTE	hyp1	News	NaN	-2.252581834793091
909	910	en	kik	challenge_SSA-MTE	hyp1	News	NaN	-2.2525827884674072
910	911	en	kik	challenge_SSA-MTE	hyp1	News	NaN	-2.252581834793091
911	912	en	kik	challenge_SSA-MTE	hyp1	News	NaN	-2.252581834793091
912	913	en	kik	challenge_SSA-MTE	hyp1	News	NaN	-1.174254059791565
913	914	en	kik	challenge_SSA-MTE	hyp1	News	NaN	-1.174254059791565
914	915	en	kik	challenge_SSA-MTE	hyp1	News	NaN	-1.174254059791565
915	916	en	kik	challenge_SSA-MTE	hyp1	News	NaN	-1.174254059791565
916	917	en	kik	challenge_SSA-MTE	hyp1	News	NaN	-1.174254059791565
917	918	en	kik	challenge_SSA-MTE	hyp1	News	NaN	-2.1230742931365967
918	919	en	kik	challenge_SSA-MTE	hyp1	News	NaN	-2.123075246810913
919	920	en	kik	challenge_SSA-MTE	hyp1	News	NaN	-2.123075246810913
920	921	en	kik	challenge_SSA-MTE	hyp1	News	NaN	-2.123075246810913
921	922	en	kik	challenge_SSA-MTE	hyp1	News	NaN	-2.123075246810913
922	923	en	kik	challenge_SSA-MTE	hyp1	News	NaN	-1.9724665880203247
923	924	en	kik	challenge_SSA-MTE	hyp1	News	NaN	-1.9724665880203247
924	925	en	kik	challenge_SSA-MTE	hyp1	News	NaN	-1.9724630117416382
925	926	en	kik	challenge_SSA-MTE	hyp1	News	NaN	-1.9724665880203247
926	927	en	kik	challenge_SSA-MTE	hyp1	News	NaN	-1.9724630117416382
927	928	en	kik	challenge_SSA-MTE	hyp1	News	NaN	-1.3413206338882446
928	929	en	kik	challenge_SSA-MTE	hyp1	News	NaN	-1.3413206338882446
929	930	en	kik	challenge_SSA-MTE	hyp1	News	NaN	-1.341317892074585
930	931	en	kik	challenge_SSA-MTE	hyp1	News	NaN	-1.341317892074585
931	932	en	kik	challenge_SSA-MTE	hyp1	News	NaN	-1.341317892074585
932	933	en	kik	challenge_SSA-MTE	hyp1	News	NaN	-2.3586132526397705
933	934	en	kik	challenge_SSA-MTE	hyp1	News	NaN	-2.3586132526397705
934	935	en	kik	challenge_SSA-MTE	hyp1	News	NaN	-2.3586132526397705
935	936	en	kik	challenge_SSA-MTE	hyp1	News	NaN	-2.3586132526397705
936	937	en	kik	challenge_SSA-MTE	hyp1	News	NaN	-2.3586132526397705
937	938	en	kik	challenge_SSA-MTE	hyp1	News	NaN	-1.8129619359970093
938	939	en	kik	challenge_SSA-MTE	hyp1	News	NaN	-1.8129619359970093
939	940	en	kik	challenge_SSA-MTE	hyp1	News	NaN	-1.8129619359970093
940	941	en	kik	challenge_SSA-MTE	hyp1	News	NaN	-1.8129619359970093
941	942	en	kik	challenge_SSA-MTE	hyp1	News	NaN	-1.8129619359970093
942	943	en	kik	challenge_SSA-MTE	hyp1	News	NaN	-1.9054964780807495
943	944	en	kik	challenge_SSA-MTE	hyp1	News	NaN	-1.9054964780807495
944	945	en	kik	challenge_SSA-MTE	hyp1	News	NaN	-1.9054964780807495
945	946	en	kik	challenge_SSA-MTE	hyp1	News	NaN	-1.9054964780807495
946	947	en	kik	challenge_SSA-MTE	hyp1	News	NaN	-1.9054964780807495
947	948	en	kik	challenge_SSA-MTE	hyp1	News	NaN	-1.9059010744094849
948	949	en	kik	challenge_SSA-MTE	hyp1	News	NaN	-1.9059010744094849
949	950	en	kik	challenge_SSA-MTE	hyp1	News	NaN	-1.9059010744094849
950	951	en	kik	challenge_SSA-MTE	hyp1	News	NaN	-1.9059010744094849
951	952	en	kik	challenge_SSA-MTE	hyp1	News	NaN	-1.9059010744094849
952	953	en	kik	challenge_SSA-MTE	hyp1	News	NaN	-1.9106987714767456
953	954	en	kik	challenge_SSA-MTE	hyp1	News	NaN	-1.9106987714767456
954	955	en	kik	challenge_SSA-MTE	hyp1	News	NaN	-1.9106987714767456
955	956	en	kik	challenge_SSA-MTE	hyp1	News	NaN	-1.9106987714767456
956	957	en	kik	challenge_SSA-MTE	hyp1	News	NaN	-1.9106987714767456
957	958	en	kik	challenge_SSA-MTE	hyp1	News	NaN	-1.9890154600143433
958	959	en	kik	challenge_SSA-MTE	hyp1	News	NaN	-1.9890154600143433
959	960	en	kik	challenge_SSA-MTE	hyp1	News	NaN	-1.9890154600143433
960	961	en	kik	challenge_SSA-MTE	hyp1	News	NaN	-1.9890154600143433
961	962	en	kik	challenge_SSA-MTE	hyp1	News	NaN	-1.6716326475143433
962	963	en	kik	challenge_SSA-MTE	hyp1	News	NaN	-1.6716326475143433
963	964	en	kik	challenge_SSA-MTE	hyp1	News	NaN	-1.6716326475143433
964	965	en	kik	challenge_SSA-MTE	hyp1	News	NaN	-1.6716326475143433
965	966	en	kik	challenge_SSA-MTE	hyp1	News	NaN	-1.6716326475143433
966	967	en	kik	challenge_SSA-MTE	hyp1	News	NaN	-1.1639070510864258
967	968	en	kik	challenge_SSA-MTE	hyp1	News	NaN	-1.1639070510864258
968	969	en	kik	challenge_SSA-MTE	hyp1	News	NaN	-1.1639070510864258
969	970	en	kik	challenge_SSA-MTE	hyp1	News	NaN	-1.1639070510864258
970	971	en	kik	challenge_SSA-MTE	hyp1	News	NaN	-1.1639070510864258
971	972	en	kik	challenge_SSA-MTE	hyp1	News	NaN	-1.6921449899673462
972	973	en	kik	challenge_SSA-MTE	hyp1	News	NaN	-1.6921449899673462
973	974	en	kik	challenge_SSA-MTE	hyp1	News	NaN	-1.6921449899673462
974	975	en	kik	challenge_SSA-MTE	hyp1	News	NaN	-1.6921449899673462
975	976	en	kik	challenge_SSA-MTE	hyp1	News	NaN	-1.6921449899673462
976	977	en	kik	challenge_SSA-MTE	hyp1	News	NaN	-1.8840559720993042
977	978	en	kik	challenge_SSA-MTE	hyp1	News	NaN	-1.8840559720993042
978	979	en	kik	challenge_SSA-MTE	hyp1	News	NaN	-1.8840559720993042
979	980	en	kik	challenge_SSA-MTE	hyp1	News	NaN	-1.8840559720993042
980	981	en	kik	challenge_SSA-MTE	hyp1	News	NaN	-1.8840559720993042
981	982	en	kik	challenge_SSA-MTE	hyp1	News	NaN	-1.8789067268371582
982	983	en	kik	challenge_SSA-MTE	hyp1	News	NaN	-1.8789067268371582
983	984	en	kik	challenge_SSA-MTE	hyp1	News	NaN	-1.8789067268371582
984	985	en	kik	challenge_SSA-MTE	hyp1	News	NaN	-1.8789067268371582
985	986	en	kik	challenge_SSA-MTE	hyp1	News	NaN	-1.6423946619033813
986	987	en	kik	challenge_SSA-MTE	hyp1	News	NaN	-1.6423946619033813
987	988	en	kik	challenge_SSA-MTE	hyp1	News	NaN	-1.6423946619033813
988	989	en	kik	challenge_SSA-MTE	hyp1	News	NaN	-1.6423946619033813
989	990	en	kik	challenge_SSA-MTE	hyp1	News	NaN	-1.6423946619033813
990	991	en	kik	challenge_SSA-MTE	hyp1	News	NaN	-1.6409767866134644
991	992	en	kik	challenge_SSA-MTE	hyp1	News	NaN	-1.6409767866134644
992	993	en	kik	challenge_SSA-MTE	hyp1	News	NaN	-1.6409767866134644
993	994	en	kik	challenge_SSA-MTE	hyp1	News	NaN	-1.6409767866134644
994	995	en	kik	challenge_SSA-MTE	hyp1	News	NaN	-1.6409767866134644
995	996	en	kik	challenge_SSA-MTE	hyp1	News	NaN	-2.2997164726257324
996	997	en	kik	challenge_SSA-MTE	hyp1	News	NaN	-2.2997164726257324
997	998	en	kik	challenge_SSA-MTE	hyp1	News	NaN	-2.2997164726257324
998	999	en	kik	challenge_SSA-MTE	hyp1	News	NaN	-2.2997164726257324
999	1000	en	kik	challenge_SSA-MTE	hyp1	News	NaN	-2.2997164726257324
1000	1001	en	kik	challenge_SSA-MTE	hyp1	News	NaN	-2.003469228744507
1001	1002	en	kik	challenge_SSA-MTE	hyp1	News	NaN	-2.003469228744507
1002	1003	en	kik	challenge_SSA-MTE	hyp1	News	NaN	-2.003469228744507
1003	1004	en	kik	challenge_SSA-MTE	hyp1	News	NaN	-2.003469228744507
1004	1005	en	kik	challenge_SSA-MTE	hyp1	News	NaN	-2.003469228744507
1005	1006	en	kik	challenge_SSA-MTE	hyp1	News	NaN	-2.2079503536224365
1006	1007	en	kik	challenge_SSA-MTE	hyp1	News	NaN	-2.207951307296753
1007	1008	en	kik	challenge_SSA-MTE	hyp1	News	NaN	-2.2079503536224365
1008	1009	en	kik	challenge_SSA-MTE	hyp1	News	NaN	-2.207951307296753
1009	1010	en	kik	challenge_SSA-MTE	hyp1	News	NaN	-2.207951307296753
1010	1011	en	kik	challenge_SSA-MTE	hyp1	News	NaN	-2.1682040691375732
1011	1012	en	kik	challenge_SSA-MTE	hyp1	News	NaN	-2.1682040691375732
1012	1013	en	kik	challenge_SSA-MTE	hyp1	News	NaN	-2.1682040691375732
1013	1014	en	kik	challenge_SSA-MTE	hyp1	News	NaN	-2.1682040691375732
1014	1015	en	kik	challenge_SSA-MTE	hyp1	News	NaN	-2.1682040691375732
1015	1016	en	kik	challenge_SSA-MTE	hyp1	News	NaN	-1.9093369245529175
1016	1017	en	kik	challenge_SSA-MTE	hyp1	News	NaN	-1.9093369245529175
1017	1018	en	kik	challenge_SSA-MTE	hyp1	News	NaN	-1.9093369245529175
1018	1019	en	kik	challenge_SSA-MTE	hyp1	News	NaN	-1.9093369245529175
1019	1020	en	kik	challenge_SSA-MTE	hyp1	News	NaN	-1.9093369245529175
1020	1021	en	kik	challenge_SSA-MTE	hyp1	News	NaN	-2.154125452041626
1021	1022	en	kik	challenge_SSA-MTE	hyp1	News	NaN	-2.154125452041626
1022	1023	en	kik	challenge_SSA-MTE	hyp1	News	NaN	-2.154125452041626
1023	1024	en	kik	challenge_SSA-MTE	hyp1	News	NaN	-2.154125452041626
1024	1025	en	kik	challenge_SSA-MTE	hyp1	News	NaN	-2.154125452041626
1025	1026	en	kik	challenge_SSA-MTE	hyp1	News	NaN	-2.077420949935913
1026	1027	en	kik	challenge_SSA-MTE	hyp1	News	NaN	-2.077420949935913
1027	1028	en	kik	challenge_SSA-MTE	hyp1	News	NaN	-2.077420949935913
1028	1029	en	kik	challenge_SSA-MTE	hyp1	News	NaN	-2.077420949935913
1029	1030	en	kik	challenge_SSA-MTE	hyp1	News	NaN	-2.077420949935913
1030	1031	en	kik	challenge_SSA-MTE	hyp1	News	NaN	-1.8913477659225464
1031	1032	en	kik	challenge_SSA-MTE	hyp1	News	NaN	-1.8913477659225464
1032	1033	en	kik	challenge_SSA-MTE	hyp1	News	NaN	-1.8913477659225464
1033	1034	en	kik	challenge_SSA-MTE	hyp1	News	NaN	-1.8913477659225464
1034	1035	en	kik	challenge_SSA-MTE	hyp1	News	NaN	-1.8913477659225464
1035	1036	en	kik	challenge_SSA-MTE	hyp1	News	NaN	-1.2865487337112427
1036	1037	en	kik	challenge_SSA-MTE	hyp1	News	NaN	-1.2865487337112427
1037	1038	en	kik	challenge_SSA-MTE	hyp1	News	NaN	-1.2865487337112427
1038	1039	en	kik	challenge_SSA-MTE	hyp1	News	NaN	-1.2865487337112427
1039	1040	en	kik	challenge_SSA-MTE	hyp1	News	NaN	-1.2865487337112427
1040	1041	en	kik	challenge_SSA-MTE	hyp1	News	NaN	-2.008742570877075
1041	1042	en	kik	challenge_SSA-MTE	hyp1	News	NaN	-2.008742570877075
1042	1043	en	kik	challenge_SSA-MTE	hyp1	News	NaN	-2.008742570877075
1043	1044	en	kik	challenge_SSA-MTE	hyp1	News	NaN	-2.008742570877075
1044	1045	en	kik	challenge_SSA-MTE	hyp1	News	NaN	-2.008742570877075
1045	1046	en	kik	challenge_SSA-MTE	hyp1	News	NaN	-1.9474424123764038
1046	1047	en	kik	challenge_SSA-MTE	hyp1	News	NaN	-1.9474424123764038
1047	1048	en	kik	challenge_SSA-MTE	hyp1	News	NaN	-1.9474424123764038
1048	1049	en	kik	challenge_SSA-MTE	hyp1	News	NaN	-1.9474424123764038
1049	1050	en	kik	challenge_SSA-MTE	hyp1	News	NaN	-1.9474431276321411
1050	1051	en	kik	challenge_SSA-MTE	hyp1	News	NaN	-2.118117570877075
1051	1052	en	kik	challenge_SSA-MTE	hyp1	News	NaN	-2.118117570877075
1052	1053	en	kik	challenge_SSA-MTE	hyp1	News	NaN	-2.118117570877075
1053	1054	en	kik	challenge_SSA-MTE	hyp1	News	NaN	-2.118117570877075
1054	1055	en	kik	challenge_SSA-MTE	hyp1	News	NaN	-2.118117570877075
1055	1056	en	kik	challenge_SSA-MTE	hyp1	News	NaN	-1.610098958015442
1056	1057	en	kik	challenge_SSA-MTE	hyp1	News	NaN	-1.6100984811782837
1057	1058	en	kik	challenge_SSA-MTE	hyp1	News	NaN	-1.6100984811782837
1058	1059	en	kik	challenge_SSA-MTE	hyp1	News	NaN	-1.6100984811782837
1059	1060	en	kik	challenge_SSA-MTE	hyp1	News	NaN	-1.6100984811782837
1060	1061	en	kik	challenge_SSA-MTE	hyp1	News	NaN	-1.8849077224731445
1061	1062	en	kik	challenge_SSA-MTE	hyp1	News	NaN	-1.8849077224731445
1062	1063	en	kik	challenge_SSA-MTE	hyp1	News	NaN	-1.884905457496643
1063	1064	en	kik	challenge_SSA-MTE	hyp1	News	NaN	-1.8849077224731445
1064	1065	en	kik	challenge_SSA-MTE	hyp1	News	NaN	-1.884905457496643
1065	1066	en	kik	challenge_SSA-MTE	hyp1	News	NaN	-1.9717333316802979
1066	1067	en	kik	challenge_SSA-MTE	hyp1	News	NaN	-1.9717333316802979
1067	1068	en	kik	challenge_SSA-MTE	hyp1	News	NaN	-1.9717333316802979
1068	1069	en	kik	challenge_SSA-MTE	hyp1	News	NaN	-1.9717333316802979
1069	1070	en	kik	challenge_SSA-MTE	hyp1	News	NaN	-2.0473506450653076
1070	1071	en	kik	challenge_SSA-MTE	hyp1	News	NaN	-2.0473506450653076
1071	1072	en	kik	challenge_SSA-MTE	hyp1	News	NaN	-2.0473506450653076
1072	1073	en	kik	challenge_SSA-MTE	hyp1	News	NaN	-2.0473506450653076
1073	1074	en	kik	challenge_SSA-MTE	hyp1	News	NaN	-2.0473506450653076
1074	1075	en	kik	challenge_SSA-MTE	hyp1	News	NaN	-1.9246095418930054
1075	1076	en	kik	challenge_SSA-MTE	hyp1	News	NaN	-1.9246095418930054
1076	1077	en	kik	challenge_SSA-MTE	hyp1	News	NaN	-1.9246095418930054
1077	1078	en	kik	challenge_SSA-MTE	hyp1	News	NaN	-1.9246095418930054
1078	1079	en	kik	challenge_SSA-MTE	hyp1	News	NaN	-2.242621898651123
1079	1080	en	kik	challenge_SSA-MTE	hyp1	News	NaN	-2.2426211833953857
1080	1081	en	kik	challenge_SSA-MTE	hyp1	News	NaN	-2.2426211833953857
1081	1082	en	kik	challenge_SSA-MTE	hyp1	News	NaN	-2.2426211833953857
1082	1083	en	kik	challenge_SSA-MTE	hyp1	News	NaN	-1.5927839279174805
1083	1084	en	kik	challenge_SSA-MTE	hyp1	News	NaN	-1.5927839279174805
1084	1085	en	kik	challenge_SSA-MTE	hyp1	News	NaN	-1.5927839279174805
1085	1086	en	kik	challenge_SSA-MTE	hyp1	News	NaN	-1.5927839279174805
1086	1087	en	kik	challenge_SSA-MTE	hyp1	News	NaN	-1.5927839279174805
1087	1088	en	kik	challenge_SSA-MTE	hyp1	News	NaN	-1.9025853872299194
1088	1089	en	kik	challenge_SSA-MTE	hyp1	News	NaN	-1.9025853872299194
1089	1090	en	kik	challenge_SSA-MTE	hyp1	News	NaN	-1.9025853872299194
1090	1091	en	kik	challenge_SSA-MTE	hyp1	News	NaN	-1.9025853872299194
1091	1092	en	kik	challenge_SSA-MTE	hyp1	News	NaN	-1.9025853872299194
1092	1093	en	kik	challenge_SSA-MTE	hyp1	News	NaN	-2.2136716842651367
1093	1094	en	kik	challenge_SSA-MTE	hyp1	News	NaN	-2.2136716842651367
1094	1095	en	kik	challenge_SSA-MTE	hyp1	News	NaN	-2.2136716842651367
1095	1096	en	kik	challenge_SSA-MTE	hyp1	News	NaN	-2.2136716842651367
1096	1097	en	kik	challenge_SSA-MTE	hyp1	News	NaN	-2.2136716842651367
1097	1098	en	kik	challenge_SSA-MTE	hyp1	News	NaN	-1.8931578397750854
1098	1099	en	kik	challenge_SSA-MTE	hyp1	News	NaN	-1.8931578397750854
1099	1100	en	kik	challenge_SSA-MTE	hyp1	News	NaN	-1.8931585550308228
1100	1101	en	kik	challenge_SSA-MTE	hyp1	News	NaN	-1.8931585550308228
1101	1102	en	kik	challenge_SSA-MTE	hyp1	News	NaN	-1.8931578397750854
1102	1103	en	kik	challenge_SSA-MTE	hyp1	News	NaN	-2.094496965408325
1103	1104	en	kik	challenge_SSA-MTE	hyp1	News	NaN	-2.094496965408325
1104	1105	en	kik	challenge_SSA-MTE	hyp1	News	NaN	-2.094496965408325
1105	1106	en	kik	challenge_SSA-MTE	hyp1	News	NaN	-2.094496965408325
1106	1107	en	kik	challenge_SSA-MTE	hyp1	News	NaN	-2.094496965408325
1107	1108	en	kik	challenge_SSA-MTE	hyp1	News	NaN	-1.786432147026062
1108	1109	en	kik	challenge_SSA-MTE	hyp1	News	NaN	-1.786432147026062
1109	1110	en	kik	challenge_SSA-MTE	hyp1	News	NaN	-1.786432147026062
1110	1111	en	kik	challenge_SSA-MTE	hyp1	News	NaN	-1.786432147026062
1111	1112	en	kik	challenge_SSA-MTE	hyp1	News	NaN	-1.786432147026062
1112	1113	en	kik	challenge_SSA-MTE	hyp1	News	NaN	-2.133538007736206
1113	1114	en	kik	challenge_SSA-MTE	hyp1	News	NaN	-2.133538007736206
1114	1115	en	kik	challenge_SSA-MTE	hyp1	News	NaN	-2.133538007736206
1115	1116	en	kik	challenge_SSA-MTE	hyp1	News	NaN	-2.133538007736206
1116	1117	en	kik	challenge_SSA-MTE	hyp1	News	NaN	-2.133538007736206
1117	1118	en	kik	challenge_SSA-MTE	hyp1	News	NaN	-2.146238088607788
1118	1119	en	kik	challenge_SSA-MTE	hyp1	News	NaN	-2.146238088607788
1119	1120	en	kik	challenge_SSA-MTE	hyp1	News	NaN	-2.146238088607788
1120	1121	en	kik	challenge_SSA-MTE	hyp1	News	NaN	-2.146238088607788
1121	1122	en	kik	challenge_SSA-MTE	hyp1	News	NaN	-2.146238088607788
1122	1123	en	kik	challenge_SSA-MTE	hyp1	News	NaN	-1.8109952211380005
1123	1124	en	kik	challenge_SSA-MTE	hyp1	News	NaN	-1.8109952211380005
1124	1125	en	kik	challenge_SSA-MTE	hyp1	News	NaN	-1.8109952211380005
1125	1126	en	kik	challenge_SSA-MTE	hyp1	News	NaN	-1.8109952211380005
1126	1127	en	kik	challenge_SSA-MTE	hyp1	News	NaN	-1.8109952211380005
1127	1128	en	kik	challenge_SSA-MTE	hyp1	News	NaN	-2.027233839035034
1128	1129	en	kik	challenge_SSA-MTE	hyp1	News	NaN	-2.027233839035034
1129	1130	en	kik	challenge_SSA-MTE	hyp1	News	NaN	-2.027233839035034
1130	1131	en	kik	challenge_SSA-MTE	hyp1	News	NaN	-2.027233839035034
1131	1132	en	kik	challenge_SSA-MTE	hyp1	News	NaN	-2.027233839035034
1132	1133	en	kik	challenge_SSA-MTE	hyp1	News	NaN	-2.083846092224121
1133	1134	en	kik	challenge_SSA-MTE	hyp1	News	NaN	-2.083846092224121
1134	1135	en	kik	challenge_SSA-MTE	hyp1	News	NaN	-2.083846092224121
1135	1136	en	kik	challenge_SSA-MTE	hyp1	News	NaN	-2.083846092224121
1136	1137	en	kik	challenge_SSA-MTE	hyp1	News	NaN	-2.083846092224121
1137	1138	en	kik	challenge_SSA-MTE	hyp1	News	NaN	-2.061716318130493
1138	1139	en	kik	challenge_SSA-MTE	hyp1	News	NaN	-2.061716318130493
1139	1140	en	kik	challenge_SSA-MTE	hyp1	News	NaN	-2.061716318130493
1140	1141	en	kik	challenge_SSA-MTE	hyp1	News	NaN	-2.061716318130493
1141	1142	en	kik	challenge_SSA-MTE	hyp1	News	NaN	-2.061716318130493
1142	1143	en	kik	challenge_SSA-MTE	hyp1	News	NaN	-1.9942196607589722
1143	1144	en	kik	challenge_SSA-MTE	hyp1	News	NaN	-1.9942196607589722
1144	1145	en	kik	challenge_SSA-MTE	hyp1	News	NaN	-1.9942196607589722
1145	1146	en	kik	challenge_SSA-MTE	hyp1	News	NaN	-1.9942196607589722
1146	1147	en	kik	challenge_SSA-MTE	hyp1	News	NaN	-1.9942196607589722
1147	1148	en	kik	challenge_SSA-MTE	hyp1	News	NaN	-1.6411941051483154
1148	1149	en	kik	challenge_SSA-MTE	hyp1	News	NaN	-1.6411941051483154
1149	1150	en	kik	challenge_SSA-MTE	hyp1	News	NaN	-1.6411941051483154
1150	1151	en	kik	challenge_SSA-MTE	hyp1	News	NaN	-1.6411941051483154
1151	1152	en	kik	challenge_SSA-MTE	hyp1	News	NaN	-1.6411941051483154
1152	1153	en	kik	challenge_SSA-MTE	hyp1	News	NaN	-1.4052324295043945
1153	1154	en	kik	challenge_SSA-MTE	hyp1	News	NaN	-1.4052324295043945
1154	1155	en	kik	challenge_SSA-MTE	hyp1	News	NaN	-1.4052324295043945
1155	1156	en	kik	challenge_SSA-MTE	hyp1	News	NaN	-1.4052324295043945
1156	1157	en	kik	challenge_SSA-MTE	hyp1	News	NaN	-1.4052324295043945
1157	1158	en	kik	challenge_SSA-MTE	hyp1	News	NaN	-2.075357675552368
1158	1159	en	kik	challenge_SSA-MTE	hyp1	News	NaN	-2.075357675552368
1159	1160	en	kik	challenge_SSA-MTE	hyp1	News	NaN	-2.075357675552368
1160	1161	en	kik	challenge_SSA-MTE	hyp1	News	NaN	-2.075357675552368
1161	1162	en	kik	challenge_SSA-MTE	hyp1	News	NaN	-2.075357675552368
1162	1163	en	kik	challenge_SSA-MTE	hyp1	News	NaN	-1.929503321647644
1163	1164	en	kik	challenge_SSA-MTE	hyp1	News	NaN	-1.929503321647644
1164	1165	en	kik	challenge_SSA-MTE	hyp1	News	NaN	-1.929503321647644
1165	1166	en	kik	challenge_SSA-MTE	hyp1	News	NaN	-1.929503321647644
1166	1167	en	kik	challenge_SSA-MTE	hyp1	News	NaN	-1.929503321647644
1167	1168	en	kik	challenge_SSA-MTE	hyp1	News	NaN	-1.9897714853286743
1168	1169	en	kik	challenge_SSA-MTE	hyp1	News	NaN	-1.9897714853286743
1169	1170	en	kik	challenge_SSA-MTE	hyp1	News	NaN	-1.9897714853286743
1170	1171	en	kik	challenge_SSA-MTE	hyp1	News	NaN	-1.9897714853286743
1171	1172	en	kik	challenge_SSA-MTE	hyp1	News	NaN	-1.9897714853286743
0	1	en	kin	challenge_SSA-MTE	hyp1	News	NaN	-0.02940927818417549
1	2	en	kin	challenge_SSA-MTE	hyp1	News	NaN	-0.02940927818417549
2	3	en	kin	challenge_SSA-MTE	hyp1	News	NaN	-0.02940927818417549
3	4	en	kin	challenge_SSA-MTE	hyp1	News	NaN	-0.02940927818417549
4	5	en	kin	challenge_SSA-MTE	hyp1	News	NaN	-0.02940927818417549
5	6	en	kin	challenge_SSA-MTE	hyp1	News	NaN	-0.02940927818417549
6	7	en	kin	challenge_SSA-MTE	hyp1	News	NaN	0.20867392420768738
7	8	en	kin	challenge_SSA-MTE	hyp1	News	NaN	0.20867392420768738
8	9	en	kin	challenge_SSA-MTE	hyp1	News	NaN	0.20867392420768738
9	10	en	kin	challenge_SSA-MTE	hyp1	News	NaN	0.2086743861436844
10	11	en	kin	challenge_SSA-MTE	hyp1	News	NaN	0.20867392420768738
11	12	en	kin	challenge_SSA-MTE	hyp1	News	NaN	0.20867392420768738
12	13	en	kin	challenge_SSA-MTE	hyp1	News	NaN	0.3001399040222168
13	14	en	kin	challenge_SSA-MTE	hyp1	News	NaN	0.3001399040222168
14	15	en	kin	challenge_SSA-MTE	hyp1	News	NaN	0.3001399040222168
15	16	en	kin	challenge_SSA-MTE	hyp1	News	NaN	0.3001399040222168
16	17	en	kin	challenge_SSA-MTE	hyp1	News	NaN	0.3001399040222168
17	18	en	kin	challenge_SSA-MTE	hyp1	News	NaN	0.3001399040222168
18	19	en	kin	challenge_SSA-MTE	hyp1	News	NaN	-0.053082916885614395
19	20	en	kin	challenge_SSA-MTE	hyp1	News	NaN	-0.053082916885614395
20	21	en	kin	challenge_SSA-MTE	hyp1	News	NaN	-0.053082916885614395
21	22	en	kin	challenge_SSA-MTE	hyp1	News	NaN	-0.053082916885614395
22	23	en	kin	challenge_SSA-MTE	hyp1	News	NaN	-0.053082916885614395
23	24	en	kin	challenge_SSA-MTE	hyp1	News	NaN	-0.053082916885614395
24	25	en	kin	challenge_SSA-MTE	hyp1	News	NaN	-0.5744860172271729
25	26	en	kin	challenge_SSA-MTE	hyp1	News	NaN	-0.5744860172271729
26	27	en	kin	challenge_SSA-MTE	hyp1	News	NaN	-0.5744860172271729
27	28	en	kin	challenge_SSA-MTE	hyp1	News	NaN	-0.5744860172271729
28	29	en	kin	challenge_SSA-MTE	hyp1	News	NaN	-0.5744860172271729
29	30	en	kin	challenge_SSA-MTE	hyp1	News	NaN	-0.5744860172271729
30	31	en	kin	challenge_SSA-MTE	hyp1	News	NaN	-0.6155668497085571
31	32	en	kin	challenge_SSA-MTE	hyp1	News	NaN	-0.6155668497085571
32	33	en	kin	challenge_SSA-MTE	hyp1	News	NaN	-0.6155668497085571
33	34	en	kin	challenge_SSA-MTE	hyp1	News	NaN	-0.6155668497085571
34	35	en	kin	challenge_SSA-MTE	hyp1	News	NaN	-0.6155668497085571
35	36	en	kin	challenge_SSA-MTE	hyp1	News	NaN	-0.6155668497085571
36	37	en	kin	challenge_SSA-MTE	hyp1	News	NaN	0.23642174899578094
37	38	en	kin	challenge_SSA-MTE	hyp1	News	NaN	0.23642174899578094
38	39	en	kin	challenge_SSA-MTE	hyp1	News	NaN	0.23642174899578094
39	40	en	kin	challenge_SSA-MTE	hyp1	News	NaN	0.23642174899578094
40	41	en	kin	challenge_SSA-MTE	hyp1	News	NaN	0.23642174899578094
41	42	en	kin	challenge_SSA-MTE	hyp1	News	NaN	0.2364216446876526
42	43	en	kin	challenge_SSA-MTE	hyp1	News	NaN	0.44800084829330444
43	44	en	kin	challenge_SSA-MTE	hyp1	News	NaN	0.44800084829330444
44	45	en	kin	challenge_SSA-MTE	hyp1	News	NaN	0.44800084829330444
45	46	en	kin	challenge_SSA-MTE	hyp1	News	NaN	0.44800084829330444
46	47	en	kin	challenge_SSA-MTE	hyp1	News	NaN	0.44800084829330444
47	48	en	kin	challenge_SSA-MTE	hyp1	News	NaN	0.44800084829330444
48	49	en	kin	challenge_SSA-MTE	hyp1	News	NaN	0.3865569233894348
49	50	en	kin	challenge_SSA-MTE	hyp1	News	NaN	0.3865569233894348
50	51	en	kin	challenge_SSA-MTE	hyp1	News	NaN	0.3865569233894348
51	52	en	kin	challenge_SSA-MTE	hyp1	News	NaN	0.3865569233894348
52	53	en	kin	challenge_SSA-MTE	hyp1	News	NaN	0.3865569233894348
53	54	en	kin	challenge_SSA-MTE	hyp1	News	NaN	0.3865569233894348
54	55	en	kin	challenge_SSA-MTE	hyp1	News	NaN	-0.18653517961502075
55	56	en	kin	challenge_SSA-MTE	hyp1	News	NaN	-0.18653517961502075
56	57	en	kin	challenge_SSA-MTE	hyp1	News	NaN	-0.18653517961502075
57	58	en	kin	challenge_SSA-MTE	hyp1	News	NaN	-0.18653517961502075
58	59	en	kin	challenge_SSA-MTE	hyp1	News	NaN	-0.18653517961502075
59	60	en	kin	challenge_SSA-MTE	hyp1	News	NaN	-0.18653517961502075
60	61	en	kin	challenge_SSA-MTE	hyp1	News	NaN	-0.5625698566436768
61	62	en	kin	challenge_SSA-MTE	hyp1	News	NaN	-0.5625698566436768
62	63	en	kin	challenge_SSA-MTE	hyp1	News	NaN	-0.5625698566436768
63	64	en	kin	challenge_SSA-MTE	hyp1	News	NaN	-0.5625698566436768
64	65	en	kin	challenge_SSA-MTE	hyp1	News	NaN	-0.5625698566436768
65	66	en	kin	challenge_SSA-MTE	hyp1	News	NaN	-0.5625698566436768
66	67	en	kin	challenge_SSA-MTE	hyp1	News	NaN	0.1606198400259018
67	68	en	kin	challenge_SSA-MTE	hyp1	News	NaN	0.1606198400259018
68	69	en	kin	challenge_SSA-MTE	hyp1	News	NaN	0.1606198400259018
69	70	en	kin	challenge_SSA-MTE	hyp1	News	NaN	0.1606198400259018
70	71	en	kin	challenge_SSA-MTE	hyp1	News	NaN	0.1606198400259018
71	72	en	kin	challenge_SSA-MTE	hyp1	News	NaN	0.1606198400259018
72	73	en	kin	challenge_SSA-MTE	hyp1	News	NaN	0.5405513048171997
73	74	en	kin	challenge_SSA-MTE	hyp1	News	NaN	0.5405513048171997
74	75	en	kin	challenge_SSA-MTE	hyp1	News	NaN	0.5405513048171997
75	76	en	kin	challenge_SSA-MTE	hyp1	News	NaN	0.5405513048171997
76	77	en	kin	challenge_SSA-MTE	hyp1	News	NaN	0.5405513048171997
77	78	en	kin	challenge_SSA-MTE	hyp1	News	NaN	-0.7444767355918884
78	79	en	kin	challenge_SSA-MTE	hyp1	News	NaN	-0.7444767355918884
79	80	en	kin	challenge_SSA-MTE	hyp1	News	NaN	-0.7444767355918884
80	81	en	kin	challenge_SSA-MTE	hyp1	News	NaN	-0.7444767355918884
81	82	en	kin	challenge_SSA-MTE	hyp1	News	NaN	-0.7444767355918884
82	83	en	kin	challenge_SSA-MTE	hyp1	News	NaN	-0.7444767355918884
83	84	en	kin	challenge_SSA-MTE	hyp1	News	NaN	-0.21793100237846375
84	85	en	kin	challenge_SSA-MTE	hyp1	News	NaN	-0.21793100237846375
85	86	en	kin	challenge_SSA-MTE	hyp1	News	NaN	-0.21793100237846375
86	87	en	kin	challenge_SSA-MTE	hyp1	News	NaN	-0.21793100237846375
87	88	en	kin	challenge_SSA-MTE	hyp1	News	NaN	-0.21793100237846375
88	89	en	kin	challenge_SSA-MTE	hyp1	News	NaN	-0.21793100237846375
89	90	en	kin	challenge_SSA-MTE	hyp1	News	NaN	-0.24490337073802948
90	91	en	kin	challenge_SSA-MTE	hyp1	News	NaN	-0.24490337073802948
91	92	en	kin	challenge_SSA-MTE	hyp1	News	NaN	-0.24490337073802948
92	93	en	kin	challenge_SSA-MTE	hyp1	News	NaN	-0.24490337073802948
93	94	en	kin	challenge_SSA-MTE	hyp1	News	NaN	-0.24490337073802948
94	95	en	kin	challenge_SSA-MTE	hyp1	News	NaN	-0.19843806326389313
95	96	en	kin	challenge_SSA-MTE	hyp1	News	NaN	-0.19843806326389313
96	97	en	kin	challenge_SSA-MTE	hyp1	News	NaN	-0.19843806326389313
97	98	en	kin	challenge_SSA-MTE	hyp1	News	NaN	-0.19843806326389313
98	99	en	kin	challenge_SSA-MTE	hyp1	News	NaN	-0.19843806326389313
99	100	en	kin	challenge_SSA-MTE	hyp1	News	NaN	-0.19843806326389313
100	101	en	kin	challenge_SSA-MTE	hyp1	News	NaN	-0.45003756880760193
101	102	en	kin	challenge_SSA-MTE	hyp1	News	NaN	-0.45003756880760193
102	103	en	kin	challenge_SSA-MTE	hyp1	News	NaN	-0.45003756880760193
103	104	en	kin	challenge_SSA-MTE	hyp1	News	NaN	-0.45003756880760193
104	105	en	kin	challenge_SSA-MTE	hyp1	News	NaN	-0.45003756880760193
105	106	en	kin	challenge_SSA-MTE	hyp1	News	NaN	-0.45003756880760193
106	107	en	kin	challenge_SSA-MTE	hyp1	News	NaN	0.16685131192207336
107	108	en	kin	challenge_SSA-MTE	hyp1	News	NaN	0.16685131192207336
108	109	en	kin	challenge_SSA-MTE	hyp1	News	NaN	0.16685131192207336
109	110	en	kin	challenge_SSA-MTE	hyp1	News	NaN	0.16685131192207336
110	111	en	kin	challenge_SSA-MTE	hyp1	News	NaN	0.16685131192207336
111	112	en	kin	challenge_SSA-MTE	hyp1	News	NaN	0.16685131192207336
112	113	en	kin	challenge_SSA-MTE	hyp1	News	NaN	-0.07433946430683136
113	114	en	kin	challenge_SSA-MTE	hyp1	News	NaN	-0.07433946430683136
114	115	en	kin	challenge_SSA-MTE	hyp1	News	NaN	-0.07433946430683136
115	116	en	kin	challenge_SSA-MTE	hyp1	News	NaN	-0.07433946430683136
116	117	en	kin	challenge_SSA-MTE	hyp1	News	NaN	-0.07433946430683136
117	118	en	kin	challenge_SSA-MTE	hyp1	News	NaN	-0.07433946430683136
118	119	en	kin	challenge_SSA-MTE	hyp1	News	NaN	-0.6607455015182495
119	120	en	kin	challenge_SSA-MTE	hyp1	News	NaN	-0.6607455015182495
120	121	en	kin	challenge_SSA-MTE	hyp1	News	NaN	-0.6607455015182495
121	122	en	kin	challenge_SSA-MTE	hyp1	News	NaN	-0.6607455015182495
122	123	en	kin	challenge_SSA-MTE	hyp1	News	NaN	-0.6607455015182495
123	124	en	kin	challenge_SSA-MTE	hyp1	News	NaN	-0.6607455015182495
124	125	en	kin	challenge_SSA-MTE	hyp1	News	NaN	-1.0295544862747192
125	126	en	kin	challenge_SSA-MTE	hyp1	News	NaN	-1.0295544862747192
126	127	en	kin	challenge_SSA-MTE	hyp1	News	NaN	-1.0295544862747192
127	128	en	kin	challenge_SSA-MTE	hyp1	News	NaN	-1.0295544862747192
128	129	en	kin	challenge_SSA-MTE	hyp1	News	NaN	-1.0295544862747192
129	130	en	kin	challenge_SSA-MTE	hyp1	News	NaN	-1.0295544862747192
130	131	en	kin	challenge_SSA-MTE	hyp1	News	NaN	-0.4342641234397888
131	132	en	kin	challenge_SSA-MTE	hyp1	News	NaN	-0.4342675805091858
132	133	en	kin	challenge_SSA-MTE	hyp1	News	NaN	-0.4342641234397888
133	134	en	kin	challenge_SSA-MTE	hyp1	News	NaN	-0.4342675805091858
134	135	en	kin	challenge_SSA-MTE	hyp1	News	NaN	-0.4342675805091858
135	136	en	kin	challenge_SSA-MTE	hyp1	News	NaN	-0.4342641234397888
136	137	en	kin	challenge_SSA-MTE	hyp1	News	NaN	0.3270920515060425
137	138	en	kin	challenge_SSA-MTE	hyp1	News	NaN	0.3270920515060425
138	139	en	kin	challenge_SSA-MTE	hyp1	News	NaN	0.3270920515060425
139	140	en	kin	challenge_SSA-MTE	hyp1	News	NaN	0.3270920515060425
140	141	en	kin	challenge_SSA-MTE	hyp1	News	NaN	0.3270920515060425
141	142	en	kin	challenge_SSA-MTE	hyp1	News	NaN	0.3270920515060425
142	143	en	kin	challenge_SSA-MTE	hyp1	News	NaN	-0.01443398930132389
143	144	en	kin	challenge_SSA-MTE	hyp1	News	NaN	-0.014432849362492561
144	145	en	kin	challenge_SSA-MTE	hyp1	News	NaN	-0.014432849362492561
145	146	en	kin	challenge_SSA-MTE	hyp1	News	NaN	-0.01443398930132389
146	147	en	kin	challenge_SSA-MTE	hyp1	News	NaN	-0.014432849362492561
147	148	en	kin	challenge_SSA-MTE	hyp1	News	NaN	-0.014432849362492561
148	149	en	kin	challenge_SSA-MTE	hyp1	News	NaN	-1.3634694814682007
149	150	en	kin	challenge_SSA-MTE	hyp1	News	NaN	-1.3634694814682007
150	151	en	kin	challenge_SSA-MTE	hyp1	News	NaN	-1.3634694814682007
151	152	en	kin	challenge_SSA-MTE	hyp1	News	NaN	-1.3634694814682007
152	153	en	kin	challenge_SSA-MTE	hyp1	News	NaN	-1.3634694814682007
153	154	en	kin	challenge_SSA-MTE	hyp1	News	NaN	-1.3634694814682007
154	155	en	kin	challenge_SSA-MTE	hyp1	News	NaN	-0.35147321224212646
155	156	en	kin	challenge_SSA-MTE	hyp1	News	NaN	-0.35147321224212646
156	157	en	kin	challenge_SSA-MTE	hyp1	News	NaN	-0.35147321224212646
157	158	en	kin	challenge_SSA-MTE	hyp1	News	NaN	-0.35147321224212646
158	159	en	kin	challenge_SSA-MTE	hyp1	News	NaN	-0.35147321224212646
159	160	en	kin	challenge_SSA-MTE	hyp1	News	NaN	-0.35147321224212646
160	161	en	kin	challenge_SSA-MTE	hyp1	News	NaN	-0.6948486566543579
161	162	en	kin	challenge_SSA-MTE	hyp1	News	NaN	-0.6948486566543579
162	163	en	kin	challenge_SSA-MTE	hyp1	News	NaN	-0.6948486566543579
163	164	en	kin	challenge_SSA-MTE	hyp1	News	NaN	-0.6948486566543579
164	165	en	kin	challenge_SSA-MTE	hyp1	News	NaN	-0.6948486566543579
165	166	en	kin	challenge_SSA-MTE	hyp1	News	NaN	-0.6948486566543579
166	167	en	kin	challenge_SSA-MTE	hyp1	News	NaN	0.16707128286361694
167	168	en	kin	challenge_SSA-MTE	hyp1	News	NaN	0.16707128286361694
168	169	en	kin	challenge_SSA-MTE	hyp1	News	NaN	0.16707128286361694
169	170	en	kin	challenge_SSA-MTE	hyp1	News	NaN	0.16707128286361694
170	171	en	kin	challenge_SSA-MTE	hyp1	News	NaN	0.1670636236667633
171	172	en	kin	challenge_SSA-MTE	hyp1	News	NaN	0.1670636236667633
172	173	en	kin	challenge_SSA-MTE	hyp1	News	NaN	-0.2821269631385803
173	174	en	kin	challenge_SSA-MTE	hyp1	News	NaN	-0.2821269631385803
174	175	en	kin	challenge_SSA-MTE	hyp1	News	NaN	-0.2821269631385803
175	176	en	kin	challenge_SSA-MTE	hyp1	News	NaN	-0.2821269631385803
176	177	en	kin	challenge_SSA-MTE	hyp1	News	NaN	-0.2821269631385803
177	178	en	kin	challenge_SSA-MTE	hyp1	News	NaN	-0.2821269631385803
178	179	en	kin	challenge_SSA-MTE	hyp1	News	NaN	0.28104281425476074
179	180	en	kin	challenge_SSA-MTE	hyp1	News	NaN	0.28104281425476074
180	181	en	kin	challenge_SSA-MTE	hyp1	News	NaN	0.28104281425476074
181	182	en	kin	challenge_SSA-MTE	hyp1	News	NaN	0.28104305267333984
182	183	en	kin	challenge_SSA-MTE	hyp1	News	NaN	0.28104281425476074
183	184	en	kin	challenge_SSA-MTE	hyp1	News	NaN	0.28104281425476074
184	185	en	kin	challenge_SSA-MTE	hyp1	News	NaN	-0.6650829315185547
185	186	en	kin	challenge_SSA-MTE	hyp1	News	NaN	-0.6650829315185547
186	187	en	kin	challenge_SSA-MTE	hyp1	News	NaN	-0.6650829315185547
187	188	en	kin	challenge_SSA-MTE	hyp1	News	NaN	-0.6650829315185547
188	189	en	kin	challenge_SSA-MTE	hyp1	News	NaN	-0.6650829315185547
189	190	en	kin	challenge_SSA-MTE	hyp1	News	NaN	-0.6650829315185547
190	191	en	kin	challenge_SSA-MTE	hyp1	News	NaN	0.026354486122727394
191	192	en	kin	challenge_SSA-MTE	hyp1	News	NaN	0.026354486122727394
192	193	en	kin	challenge_SSA-MTE	hyp1	News	NaN	0.026354486122727394
193	194	en	kin	challenge_SSA-MTE	hyp1	News	NaN	0.026354467496275902
194	195	en	kin	challenge_SSA-MTE	hyp1	News	NaN	0.026354486122727394
195	196	en	kin	challenge_SSA-MTE	hyp1	News	NaN	0.026354486122727394
196	197	en	kin	challenge_SSA-MTE	hyp1	News	NaN	0.17179742455482483
197	198	en	kin	challenge_SSA-MTE	hyp1	News	NaN	0.1717970371246338
198	199	en	kin	challenge_SSA-MTE	hyp1	News	NaN	0.17179742455482483
199	200	en	kin	challenge_SSA-MTE	hyp1	News	NaN	0.17179742455482483
200	201	en	kin	challenge_SSA-MTE	hyp1	News	NaN	0.1717970371246338
201	202	en	kin	challenge_SSA-MTE	hyp1	News	NaN	0.1717970371246338
202	203	en	kin	challenge_SSA-MTE	hyp1	News	NaN	-5.591893568634987e-05
203	204	en	kin	challenge_SSA-MTE	hyp1	News	NaN	-5.591893568634987e-05
204	205	en	kin	challenge_SSA-MTE	hyp1	News	NaN	-5.5524054914712906e-05
205	206	en	kin	challenge_SSA-MTE	hyp1	News	NaN	-5.591893568634987e-05
206	207	en	kin	challenge_SSA-MTE	hyp1	News	NaN	-5.591893568634987e-05
207	208	en	kin	challenge_SSA-MTE	hyp1	News	NaN	-5.5524054914712906e-05
208	209	en	kin	challenge_SSA-MTE	hyp1	News	NaN	-1.078142762184143
209	210	en	kin	challenge_SSA-MTE	hyp1	News	NaN	-1.078142762184143
210	211	en	kin	challenge_SSA-MTE	hyp1	News	NaN	-1.078142762184143
211	212	en	kin	challenge_SSA-MTE	hyp1	News	NaN	-1.078142762184143
212	213	en	kin	challenge_SSA-MTE	hyp1	News	NaN	-1.078142762184143
213	214	en	kin	challenge_SSA-MTE	hyp1	News	NaN	-1.078142762184143
214	215	en	kin	challenge_SSA-MTE	hyp1	News	NaN	-0.7955628037452698
215	216	en	kin	challenge_SSA-MTE	hyp1	News	NaN	-0.7955628037452698
216	217	en	kin	challenge_SSA-MTE	hyp1	News	NaN	-0.7955628037452698
217	218	en	kin	challenge_SSA-MTE	hyp1	News	NaN	-0.7955629825592041
218	219	en	kin	challenge_SSA-MTE	hyp1	News	NaN	-0.7955619096755981
219	220	en	kin	challenge_SSA-MTE	hyp1	News	NaN	-0.7955628037452698
220	221	en	kin	challenge_SSA-MTE	hyp1	News	NaN	0.08454900979995728
221	222	en	kin	challenge_SSA-MTE	hyp1	News	NaN	0.08454900979995728
222	223	en	kin	challenge_SSA-MTE	hyp1	News	NaN	0.08454900979995728
223	224	en	kin	challenge_SSA-MTE	hyp1	News	NaN	0.08454900979995728
224	225	en	kin	challenge_SSA-MTE	hyp1	News	NaN	0.08454900979995728
225	226	en	kin	challenge_SSA-MTE	hyp1	News	NaN	0.08454745262861252
226	227	en	kin	challenge_SSA-MTE	hyp1	News	NaN	-0.3288291394710541
227	228	en	kin	challenge_SSA-MTE	hyp1	News	NaN	-0.3288291394710541
228	229	en	kin	challenge_SSA-MTE	hyp1	News	NaN	-0.3288291394710541
229	230	en	kin	challenge_SSA-MTE	hyp1	News	NaN	-0.3288291394710541
230	231	en	kin	challenge_SSA-MTE	hyp1	News	NaN	-0.3288291394710541
231	232	en	kin	challenge_SSA-MTE	hyp1	News	NaN	-0.3288291394710541
232	233	en	kin	challenge_SSA-MTE	hyp1	News	NaN	-0.8000173568725586
233	234	en	kin	challenge_SSA-MTE	hyp1	News	NaN	-0.8000173568725586
234	235	en	kin	challenge_SSA-MTE	hyp1	News	NaN	-0.8000173568725586
235	236	en	kin	challenge_SSA-MTE	hyp1	News	NaN	-0.8000173568725586
236	237	en	kin	challenge_SSA-MTE	hyp1	News	NaN	-0.8000173568725586
237	238	en	kin	challenge_SSA-MTE	hyp1	News	NaN	-0.8000173568725586
238	239	en	kin	challenge_SSA-MTE	hyp1	News	NaN	-0.506223201751709
239	240	en	kin	challenge_SSA-MTE	hyp1	News	NaN	-0.506223201751709
240	241	en	kin	challenge_SSA-MTE	hyp1	News	NaN	-0.506223201751709
241	242	en	kin	challenge_SSA-MTE	hyp1	News	NaN	-0.506223201751709
242	243	en	kin	challenge_SSA-MTE	hyp1	News	NaN	-0.506223201751709
243	244	en	kin	challenge_SSA-MTE	hyp1	News	NaN	-0.5062218904495239
244	245	en	kin	challenge_SSA-MTE	hyp1	News	NaN	-0.4480031132698059
245	246	en	kin	challenge_SSA-MTE	hyp1	News	NaN	-0.4480031132698059
246	247	en	kin	challenge_SSA-MTE	hyp1	News	NaN	-0.4480031132698059
247	248	en	kin	challenge_SSA-MTE	hyp1	News	NaN	-0.4480031132698059
248	249	en	kin	challenge_SSA-MTE	hyp1	News	NaN	-0.4480031132698059
249	250	en	kin	challenge_SSA-MTE	hyp1	News	NaN	-0.4480031132698059
250	251	en	kin	challenge_SSA-MTE	hyp1	News	NaN	0.08725247532129288
251	252	en	kin	challenge_SSA-MTE	hyp1	News	NaN	0.08725247532129288
252	253	en	kin	challenge_SSA-MTE	hyp1	News	NaN	0.08725247532129288
253	254	en	kin	challenge_SSA-MTE	hyp1	News	NaN	0.08725247532129288
254	255	en	kin	challenge_SSA-MTE	hyp1	News	NaN	0.08725214749574661
255	256	en	kin	challenge_SSA-MTE	hyp1	News	NaN	-0.9653998613357544
256	257	en	kin	challenge_SSA-MTE	hyp1	News	NaN	-0.9653998613357544
257	258	en	kin	challenge_SSA-MTE	hyp1	News	NaN	-0.9653998613357544
258	259	en	kin	challenge_SSA-MTE	hyp1	News	NaN	-0.9653998613357544
259	260	en	kin	challenge_SSA-MTE	hyp1	News	NaN	-0.9653998613357544
260	261	en	kin	challenge_SSA-MTE	hyp1	News	NaN	-0.9653998613357544
261	262	en	kin	challenge_SSA-MTE	hyp1	News	NaN	-0.750917375087738
262	263	en	kin	challenge_SSA-MTE	hyp1	News	NaN	-0.750917375087738
263	264	en	kin	challenge_SSA-MTE	hyp1	News	NaN	-0.7509113550186157
264	265	en	kin	challenge_SSA-MTE	hyp1	News	NaN	-0.7509113550186157
265	266	en	kin	challenge_SSA-MTE	hyp1	News	NaN	-0.750917375087738
266	267	en	kin	challenge_SSA-MTE	hyp1	News	NaN	-0.750917375087738
267	268	en	kin	challenge_SSA-MTE	hyp1	News	NaN	-1.261029601097107
268	269	en	kin	challenge_SSA-MTE	hyp1	News	NaN	-1.261025071144104
269	270	en	kin	challenge_SSA-MTE	hyp1	News	NaN	-1.261025071144104
270	271	en	kin	challenge_SSA-MTE	hyp1	News	NaN	-1.261029601097107
271	272	en	kin	challenge_SSA-MTE	hyp1	News	NaN	-1.261025071144104
272	273	en	kin	challenge_SSA-MTE	hyp1	News	NaN	-1.261025071144104
273	274	en	kin	challenge_SSA-MTE	hyp1	News	NaN	-0.0919823870062828
274	275	en	kin	challenge_SSA-MTE	hyp1	News	NaN	-0.0919823870062828
275	276	en	kin	challenge_SSA-MTE	hyp1	News	NaN	-0.0919823870062828
276	277	en	kin	challenge_SSA-MTE	hyp1	News	NaN	-0.0919823870062828
277	278	en	kin	challenge_SSA-MTE	hyp1	News	NaN	-0.0919823870062828
278	279	en	kin	challenge_SSA-MTE	hyp1	News	NaN	-0.0919823870062828
279	280	en	kin	challenge_SSA-MTE	hyp1	News	NaN	-0.1624104380607605
280	281	en	kin	challenge_SSA-MTE	hyp1	News	NaN	-0.16240783035755157
281	282	en	kin	challenge_SSA-MTE	hyp1	News	NaN	-0.16240783035755157
282	283	en	kin	challenge_SSA-MTE	hyp1	News	NaN	-0.16240783035755157
283	284	en	kin	challenge_SSA-MTE	hyp1	News	NaN	-0.16240783035755157
284	285	en	kin	challenge_SSA-MTE	hyp1	News	NaN	-0.16240783035755157
285	286	en	kin	challenge_SSA-MTE	hyp1	News	NaN	-0.2512255609035492
286	287	en	kin	challenge_SSA-MTE	hyp1	News	NaN	-0.2512255609035492
287	288	en	kin	challenge_SSA-MTE	hyp1	News	NaN	-0.2512255609035492
288	289	en	kin	challenge_SSA-MTE	hyp1	News	NaN	-0.2512255609035492
289	290	en	kin	challenge_SSA-MTE	hyp1	News	NaN	-0.2512241005897522
290	291	en	kin	challenge_SSA-MTE	hyp1	News	NaN	-0.25122392177581787
291	292	en	kin	challenge_SSA-MTE	hyp1	News	NaN	-1.2330305576324463
292	293	en	kin	challenge_SSA-MTE	hyp1	News	NaN	-1.2330305576324463
293	294	en	kin	challenge_SSA-MTE	hyp1	News	NaN	-1.2330305576324463
294	295	en	kin	challenge_SSA-MTE	hyp1	News	NaN	-1.2330305576324463
295	296	en	kin	challenge_SSA-MTE	hyp1	News	NaN	-1.2330305576324463
296	297	en	kin	challenge_SSA-MTE	hyp1	News	NaN	-1.2330305576324463
297	298	en	kin	challenge_SSA-MTE	hyp1	News	NaN	-0.41117313504219055
298	299	en	kin	challenge_SSA-MTE	hyp1	News	NaN	-0.41117313504219055
299	300	en	kin	challenge_SSA-MTE	hyp1	News	NaN	-0.41117313504219055
300	301	en	kin	challenge_SSA-MTE	hyp1	News	NaN	-0.41117313504219055
301	302	en	kin	challenge_SSA-MTE	hyp1	News	NaN	-0.41117313504219055
302	303	en	kin	challenge_SSA-MTE	hyp1	News	NaN	-0.41117313504219055
303	304	en	kin	challenge_SSA-MTE	hyp1	News	NaN	-1.175666332244873
304	305	en	kin	challenge_SSA-MTE	hyp1	News	NaN	-1.175666332244873
305	306	en	kin	challenge_SSA-MTE	hyp1	News	NaN	-1.175666332244873
306	307	en	kin	challenge_SSA-MTE	hyp1	News	NaN	-1.175666332244873
307	308	en	kin	challenge_SSA-MTE	hyp1	News	NaN	-1.175666332244873
308	309	en	kin	challenge_SSA-MTE	hyp1	News	NaN	-1.175666332244873
309	310	en	kin	challenge_SSA-MTE	hyp1	News	NaN	-1.0972405672073364
310	311	en	kin	challenge_SSA-MTE	hyp1	News	NaN	-1.0972405672073364
311	312	en	kin	challenge_SSA-MTE	hyp1	News	NaN	-1.0972405672073364
312	313	en	kin	challenge_SSA-MTE	hyp1	News	NaN	-1.0972405672073364
313	314	en	kin	challenge_SSA-MTE	hyp1	News	NaN	-1.0972405672073364
314	315	en	kin	challenge_SSA-MTE	hyp1	News	NaN	-1.0972405672073364
315	316	en	kin	challenge_SSA-MTE	hyp1	News	NaN	-1.0957244634628296
316	317	en	kin	challenge_SSA-MTE	hyp1	News	NaN	-1.0957244634628296
317	318	en	kin	challenge_SSA-MTE	hyp1	News	NaN	-1.0957244634628296
318	319	en	kin	challenge_SSA-MTE	hyp1	News	NaN	-1.0957244634628296
319	320	en	kin	challenge_SSA-MTE	hyp1	News	NaN	-1.0957244634628296
320	321	en	kin	challenge_SSA-MTE	hyp1	News	NaN	-1.0957244634628296
321	322	en	kin	challenge_SSA-MTE	hyp1	News	NaN	-1.2335034608840942
322	323	en	kin	challenge_SSA-MTE	hyp1	News	NaN	-1.2335034608840942
323	324	en	kin	challenge_SSA-MTE	hyp1	News	NaN	-1.2335034608840942
324	325	en	kin	challenge_SSA-MTE	hyp1	News	NaN	-1.2335034608840942
325	326	en	kin	challenge_SSA-MTE	hyp1	News	NaN	-1.2335034608840942
326	327	en	kin	challenge_SSA-MTE	hyp1	News	NaN	-1.2335034608840942
327	328	en	kin	challenge_SSA-MTE	hyp1	News	NaN	-1.1091469526290894
328	329	en	kin	challenge_SSA-MTE	hyp1	News	NaN	-1.1091469526290894
329	330	en	kin	challenge_SSA-MTE	hyp1	News	NaN	-1.1091452836990356
330	331	en	kin	challenge_SSA-MTE	hyp1	News	NaN	-1.1091452836990356
331	332	en	kin	challenge_SSA-MTE	hyp1	News	NaN	-1.1091469526290894
332	333	en	kin	challenge_SSA-MTE	hyp1	News	NaN	-1.1091469526290894
333	334	en	kin	challenge_SSA-MTE	hyp1	News	NaN	-0.19013237953186035
334	335	en	kin	challenge_SSA-MTE	hyp1	News	NaN	-0.19013237953186035
335	336	en	kin	challenge_SSA-MTE	hyp1	News	NaN	-0.19013239443302155
336	337	en	kin	challenge_SSA-MTE	hyp1	News	NaN	-0.19013239443302155
337	338	en	kin	challenge_SSA-MTE	hyp1	News	NaN	-0.19013237953186035
338	339	en	kin	challenge_SSA-MTE	hyp1	News	NaN	-0.5993616580963135
339	340	en	kin	challenge_SSA-MTE	hyp1	News	NaN	-0.599358320236206
340	341	en	kin	challenge_SSA-MTE	hyp1	News	NaN	-0.599358320236206
341	342	en	kin	challenge_SSA-MTE	hyp1	News	NaN	-0.5993616580963135
342	343	en	kin	challenge_SSA-MTE	hyp1	News	NaN	-0.5993616580963135
343	344	en	kin	challenge_SSA-MTE	hyp1	News	NaN	-0.599358320236206
344	345	en	kin	challenge_SSA-MTE	hyp1	News	NaN	0.13968661427497864
345	346	en	kin	challenge_SSA-MTE	hyp1	News	NaN	0.139686718583107
346	347	en	kin	challenge_SSA-MTE	hyp1	News	NaN	0.13968661427497864
347	348	en	kin	challenge_SSA-MTE	hyp1	News	NaN	0.13968661427497864
348	349	en	kin	challenge_SSA-MTE	hyp1	News	NaN	0.13968661427497864
349	350	en	kin	challenge_SSA-MTE	hyp1	News	NaN	0.13968661427497864
350	351	en	kin	challenge_SSA-MTE	hyp1	News	NaN	-0.6802226901054382
351	352	en	kin	challenge_SSA-MTE	hyp1	News	NaN	-0.6802226901054382
352	353	en	kin	challenge_SSA-MTE	hyp1	News	NaN	-0.6802226901054382
353	354	en	kin	challenge_SSA-MTE	hyp1	News	NaN	-0.6802226901054382
354	355	en	kin	challenge_SSA-MTE	hyp1	News	NaN	-0.6802226901054382
355	356	en	kin	challenge_SSA-MTE	hyp1	News	NaN	-0.6802226901054382
356	357	en	kin	challenge_SSA-MTE	hyp1	News	NaN	-1.4610731601715088
357	358	en	kin	challenge_SSA-MTE	hyp1	News	NaN	-1.4610731601715088
358	359	en	kin	challenge_SSA-MTE	hyp1	News	NaN	-1.4610731601715088
359	360	en	kin	challenge_SSA-MTE	hyp1	News	NaN	-1.4610731601715088
360	361	en	kin	challenge_SSA-MTE	hyp1	News	NaN	-1.4610731601715088
361	362	en	kin	challenge_SSA-MTE	hyp1	News	NaN	-1.4610731601715088
362	363	en	kin	challenge_SSA-MTE	hyp1	News	NaN	-0.5958938002586365
363	364	en	kin	challenge_SSA-MTE	hyp1	News	NaN	-0.5958938002586365
364	365	en	kin	challenge_SSA-MTE	hyp1	News	NaN	-0.5958974361419678
365	366	en	kin	challenge_SSA-MTE	hyp1	News	NaN	-0.5958974361419678
366	367	en	kin	challenge_SSA-MTE	hyp1	News	NaN	-0.5958974361419678
367	368	en	kin	challenge_SSA-MTE	hyp1	News	NaN	-0.5958974361419678
368	369	en	kin	challenge_SSA-MTE	hyp1	News	NaN	-0.7815839052200317
369	370	en	kin	challenge_SSA-MTE	hyp1	News	NaN	-0.7815836668014526
370	371	en	kin	challenge_SSA-MTE	hyp1	News	NaN	-0.7815836668014526
371	372	en	kin	challenge_SSA-MTE	hyp1	News	NaN	-0.7815836668014526
372	373	en	kin	challenge_SSA-MTE	hyp1	News	NaN	-0.7815836668014526
373	374	en	kin	challenge_SSA-MTE	hyp1	News	NaN	-0.7815836668014526
374	375	en	kin	challenge_SSA-MTE	hyp1	News	NaN	0.03745443746447563
375	376	en	kin	challenge_SSA-MTE	hyp1	News	NaN	0.03745443746447563
376	377	en	kin	challenge_SSA-MTE	hyp1	News	NaN	0.03745443746447563
377	378	en	kin	challenge_SSA-MTE	hyp1	News	NaN	0.03745443746447563
378	379	en	kin	challenge_SSA-MTE	hyp1	News	NaN	0.03745443746447563
379	380	en	kin	challenge_SSA-MTE	hyp1	News	NaN	0.03745443746447563
380	381	en	kin	challenge_SSA-MTE	hyp1	News	NaN	-0.8907796740531921
381	382	en	kin	challenge_SSA-MTE	hyp1	News	NaN	-0.8907796740531921
382	383	en	kin	challenge_SSA-MTE	hyp1	News	NaN	-0.8907796740531921
383	384	en	kin	challenge_SSA-MTE	hyp1	News	NaN	-0.8907796740531921
384	385	en	kin	challenge_SSA-MTE	hyp1	News	NaN	-0.8907796740531921
385	386	en	kin	challenge_SSA-MTE	hyp1	News	NaN	-0.8907796740531921
386	387	en	kin	challenge_SSA-MTE	hyp1	News	NaN	-0.4853471517562866
387	388	en	kin	challenge_SSA-MTE	hyp1	News	NaN	-0.4853471517562866
388	389	en	kin	challenge_SSA-MTE	hyp1	News	NaN	-0.4853471517562866
389	390	en	kin	challenge_SSA-MTE	hyp1	News	NaN	-0.4853471517562866
390	391	en	kin	challenge_SSA-MTE	hyp1	News	NaN	-0.4853471517562866
391	392	en	kin	challenge_SSA-MTE	hyp1	News	NaN	0.12960003316402435
392	393	en	kin	challenge_SSA-MTE	hyp1	News	NaN	0.12960003316402435
393	394	en	kin	challenge_SSA-MTE	hyp1	News	NaN	0.12960003316402435
394	395	en	kin	challenge_SSA-MTE	hyp1	News	NaN	0.1295999437570572
395	396	en	kin	challenge_SSA-MTE	hyp1	News	NaN	0.1295999437570572
396	397	en	kin	challenge_SSA-MTE	hyp1	News	NaN	0.1295999437570572
397	398	en	kin	challenge_SSA-MTE	hyp1	News	NaN	-1.1541424989700317
398	399	en	kin	challenge_SSA-MTE	hyp1	News	NaN	-1.1541424989700317
399	400	en	kin	challenge_SSA-MTE	hyp1	News	NaN	-1.1541424989700317
400	401	en	kin	challenge_SSA-MTE	hyp1	News	NaN	-1.1541424989700317
401	402	en	kin	challenge_SSA-MTE	hyp1	News	NaN	-1.1541411876678467
402	403	en	kin	challenge_SSA-MTE	hyp1	News	NaN	-1.1541424989700317
403	404	en	kin	challenge_SSA-MTE	hyp1	News	NaN	-0.6375476717948914
404	405	en	kin	challenge_SSA-MTE	hyp1	News	NaN	-0.6375476717948914
405	406	en	kin	challenge_SSA-MTE	hyp1	News	NaN	-0.6375476717948914
406	407	en	kin	challenge_SSA-MTE	hyp1	News	NaN	-0.6375476717948914
407	408	en	kin	challenge_SSA-MTE	hyp1	News	NaN	-0.6375476717948914
408	409	en	kin	challenge_SSA-MTE	hyp1	News	NaN	-0.6375499963760376
409	410	en	kin	challenge_SSA-MTE	hyp1	News	NaN	-0.6097627878189087
410	411	en	kin	challenge_SSA-MTE	hyp1	News	NaN	-0.6097631454467773
411	412	en	kin	challenge_SSA-MTE	hyp1	News	NaN	-0.6097631454467773
412	413	en	kin	challenge_SSA-MTE	hyp1	News	NaN	-0.6097631454467773
413	414	en	kin	challenge_SSA-MTE	hyp1	News	NaN	-0.6097627878189087
414	415	en	kin	challenge_SSA-MTE	hyp1	News	NaN	-0.6097631454467773
415	416	en	kin	challenge_SSA-MTE	hyp1	News	NaN	-0.37590959668159485
416	417	en	kin	challenge_SSA-MTE	hyp1	News	NaN	-0.37590959668159485
417	418	en	kin	challenge_SSA-MTE	hyp1	News	NaN	-0.3759060502052307
418	419	en	kin	challenge_SSA-MTE	hyp1	News	NaN	-0.37590959668159485
419	420	en	kin	challenge_SSA-MTE	hyp1	News	NaN	-0.37590959668159485
420	421	en	kin	challenge_SSA-MTE	hyp1	News	NaN	-0.716364324092865
421	422	en	kin	challenge_SSA-MTE	hyp1	News	NaN	-0.716364324092865
422	423	en	kin	challenge_SSA-MTE	hyp1	News	NaN	-0.716364324092865
423	424	en	kin	challenge_SSA-MTE	hyp1	News	NaN	-0.716364324092865
424	425	en	kin	challenge_SSA-MTE	hyp1	News	NaN	-0.7163646221160889
425	426	en	kin	challenge_SSA-MTE	hyp1	News	NaN	-0.716364324092865
426	427	en	kin	challenge_SSA-MTE	hyp1	News	NaN	-0.2219073623418808
427	428	en	kin	challenge_SSA-MTE	hyp1	News	NaN	-0.2219073623418808
428	429	en	kin	challenge_SSA-MTE	hyp1	News	NaN	-0.2219073623418808
429	430	en	kin	challenge_SSA-MTE	hyp1	News	NaN	-0.2219073623418808
430	431	en	kin	challenge_SSA-MTE	hyp1	News	NaN	-0.2219075858592987
431	432	en	kin	challenge_SSA-MTE	hyp1	News	NaN	-0.2219073623418808
432	433	en	kin	challenge_SSA-MTE	hyp1	News	NaN	-0.8819605112075806
433	434	en	kin	challenge_SSA-MTE	hyp1	News	NaN	-0.8819605112075806
434	435	en	kin	challenge_SSA-MTE	hyp1	News	NaN	-0.8819605112075806
435	436	en	kin	challenge_SSA-MTE	hyp1	News	NaN	-0.8819605112075806
436	437	en	kin	challenge_SSA-MTE	hyp1	News	NaN	-0.8819605112075806
437	438	en	kin	challenge_SSA-MTE	hyp1	News	NaN	-0.8819605112075806
438	439	en	kin	challenge_SSA-MTE	hyp1	News	NaN	-1.1755412817001343
439	440	en	kin	challenge_SSA-MTE	hyp1	News	NaN	-1.1755412817001343
440	441	en	kin	challenge_SSA-MTE	hyp1	News	NaN	-1.1755412817001343
441	442	en	kin	challenge_SSA-MTE	hyp1	News	NaN	-1.1755412817001343
442	443	en	kin	challenge_SSA-MTE	hyp1	News	NaN	-1.1755412817001343
443	444	en	kin	challenge_SSA-MTE	hyp1	News	NaN	-1.1755412817001343
444	445	en	kin	challenge_SSA-MTE	hyp1	News	NaN	-1.156761884689331
445	446	en	kin	challenge_SSA-MTE	hyp1	News	NaN	-1.156761884689331
446	447	en	kin	challenge_SSA-MTE	hyp1	News	NaN	-1.156761646270752
447	448	en	kin	challenge_SSA-MTE	hyp1	News	NaN	-1.156761646270752
448	449	en	kin	challenge_SSA-MTE	hyp1	News	NaN	-1.156761646270752
449	450	en	kin	challenge_SSA-MTE	hyp1	News	NaN	-1.156761646270752
450	451	en	kin	challenge_SSA-MTE	hyp1	News	NaN	-0.6730244159698486
451	452	en	kin	challenge_SSA-MTE	hyp1	News	NaN	-0.6730244159698486
452	453	en	kin	challenge_SSA-MTE	hyp1	News	NaN	-0.6730244159698486
453	454	en	kin	challenge_SSA-MTE	hyp1	News	NaN	-0.6730244159698486
454	455	en	kin	challenge_SSA-MTE	hyp1	News	NaN	-0.6730244159698486
455	456	en	kin	challenge_SSA-MTE	hyp1	News	NaN	-0.6730244159698486
456	457	en	kin	challenge_SSA-MTE	hyp1	News	NaN	-0.4302561283111572
457	458	en	kin	challenge_SSA-MTE	hyp1	News	NaN	-0.4302561283111572
458	459	en	kin	challenge_SSA-MTE	hyp1	News	NaN	-0.4302561283111572
459	460	en	kin	challenge_SSA-MTE	hyp1	News	NaN	-0.4302561283111572
460	461	en	kin	challenge_SSA-MTE	hyp1	News	NaN	-0.4302561283111572
461	462	en	kin	challenge_SSA-MTE	hyp1	News	NaN	-0.4302561283111572
462	463	en	kin	challenge_SSA-MTE	hyp1	News	NaN	-0.3294212520122528
463	464	en	kin	challenge_SSA-MTE	hyp1	News	NaN	-0.3294212520122528
464	465	en	kin	challenge_SSA-MTE	hyp1	News	NaN	-0.3294212520122528
465	466	en	kin	challenge_SSA-MTE	hyp1	News	NaN	-0.3294212520122528
466	467	en	kin	challenge_SSA-MTE	hyp1	News	NaN	-0.3294212520122528
467	468	en	kin	challenge_SSA-MTE	hyp1	News	NaN	-0.30019134283065796
468	469	en	kin	challenge_SSA-MTE	hyp1	News	NaN	-0.3001896142959595
469	470	en	kin	challenge_SSA-MTE	hyp1	News	NaN	-0.3001896142959595
470	471	en	kin	challenge_SSA-MTE	hyp1	News	NaN	-0.30019134283065796
471	472	en	kin	challenge_SSA-MTE	hyp1	News	NaN	-0.30019134283065796
472	473	en	kin	challenge_SSA-MTE	hyp1	News	NaN	-0.5227159261703491
473	474	en	kin	challenge_SSA-MTE	hyp1	News	NaN	-0.5227159261703491
474	475	en	kin	challenge_SSA-MTE	hyp1	News	NaN	-0.5227159261703491
475	476	en	kin	challenge_SSA-MTE	hyp1	News	NaN	-0.5227159261703491
476	477	en	kin	challenge_SSA-MTE	hyp1	News	NaN	-0.5227159261703491
477	478	en	kin	challenge_SSA-MTE	hyp1	News	NaN	-0.5227159261703491
478	479	en	kin	challenge_SSA-MTE	hyp1	News	NaN	-1.0292460918426514
479	480	en	kin	challenge_SSA-MTE	hyp1	News	NaN	-1.0292460918426514
480	481	en	kin	challenge_SSA-MTE	hyp1	News	NaN	-1.0292460918426514
481	482	en	kin	challenge_SSA-MTE	hyp1	News	NaN	-1.0292460918426514
482	483	en	kin	challenge_SSA-MTE	hyp1	News	NaN	-1.0292460918426514
483	484	en	kin	challenge_SSA-MTE	hyp1	News	NaN	-1.0292460918426514
484	485	en	kin	challenge_SSA-MTE	hyp1	News	NaN	-0.765273928642273
485	486	en	kin	challenge_SSA-MTE	hyp1	News	NaN	-0.765273928642273
486	487	en	kin	challenge_SSA-MTE	hyp1	News	NaN	-0.765273928642273
487	488	en	kin	challenge_SSA-MTE	hyp1	News	NaN	-0.765273928642273
488	489	en	kin	challenge_SSA-MTE	hyp1	News	NaN	-0.765273928642273
489	490	en	kin	challenge_SSA-MTE	hyp1	News	NaN	-0.7652766108512878
490	491	en	kin	challenge_SSA-MTE	hyp1	News	NaN	-1.3686201572418213
491	492	en	kin	challenge_SSA-MTE	hyp1	News	NaN	-1.3686201572418213
492	493	en	kin	challenge_SSA-MTE	hyp1	News	NaN	-1.36862051486969
493	494	en	kin	challenge_SSA-MTE	hyp1	News	NaN	-1.36862051486969
494	495	en	kin	challenge_SSA-MTE	hyp1	News	NaN	-1.3686201572418213
495	496	en	kin	challenge_SSA-MTE	hyp1	News	NaN	-1.3686201572418213
496	497	en	kin	challenge_SSA-MTE	hyp1	News	NaN	-0.5083920955657959
497	498	en	kin	challenge_SSA-MTE	hyp1	News	NaN	-0.5083920955657959
498	499	en	kin	challenge_SSA-MTE	hyp1	News	NaN	-0.5083920955657959
499	500	en	kin	challenge_SSA-MTE	hyp1	News	NaN	-0.5083920955657959
500	501	en	kin	challenge_SSA-MTE	hyp1	News	NaN	-0.5083920955657959
501	502	en	kin	challenge_SSA-MTE	hyp1	News	NaN	-0.5083920955657959
502	503	en	kin	challenge_SSA-MTE	hyp1	News	NaN	-0.7406631708145142
503	504	en	kin	challenge_SSA-MTE	hyp1	News	NaN	-0.7406631708145142
504	505	en	kin	challenge_SSA-MTE	hyp1	News	NaN	-0.7406631708145142
505	506	en	kin	challenge_SSA-MTE	hyp1	News	NaN	-0.7406607866287231
506	507	en	kin	challenge_SSA-MTE	hyp1	News	NaN	-0.7406607866287231
507	508	en	kin	challenge_SSA-MTE	hyp1	News	NaN	-0.7406607866287231
508	509	en	kin	challenge_SSA-MTE	hyp1	News	NaN	-0.6259182691574097
509	510	en	kin	challenge_SSA-MTE	hyp1	News	NaN	-0.6259182691574097
510	511	en	kin	challenge_SSA-MTE	hyp1	News	NaN	-0.6259182691574097
511	512	en	kin	challenge_SSA-MTE	hyp1	News	NaN	-0.6259182691574097
512	513	en	kin	challenge_SSA-MTE	hyp1	News	NaN	-0.6259182691574097
513	514	en	kin	challenge_SSA-MTE	hyp1	News	NaN	-1.1990751028060913
514	515	en	kin	challenge_SSA-MTE	hyp1	News	NaN	-1.1990751028060913
515	516	en	kin	challenge_SSA-MTE	hyp1	News	NaN	-1.1990751028060913
516	517	en	kin	challenge_SSA-MTE	hyp1	News	NaN	-1.1990751028060913
517	518	en	kin	challenge_SSA-MTE	hyp1	News	NaN	-1.1990751028060913
518	519	en	kin	challenge_SSA-MTE	hyp1	News	NaN	-1.1990751028060913
519	520	en	kin	challenge_SSA-MTE	hyp1	News	NaN	-1.3247522115707397
520	521	en	kin	challenge_SSA-MTE	hyp1	News	NaN	-1.3247522115707397
521	522	en	kin	challenge_SSA-MTE	hyp1	News	NaN	-1.3247522115707397
522	523	en	kin	challenge_SSA-MTE	hyp1	News	NaN	-1.3247522115707397
523	524	en	kin	challenge_SSA-MTE	hyp1	News	NaN	-1.3247522115707397
524	525	en	kin	challenge_SSA-MTE	hyp1	News	NaN	-1.3247522115707397
525	526	en	kin	challenge_SSA-MTE	hyp1	News	NaN	-0.3394244909286499
526	527	en	kin	challenge_SSA-MTE	hyp1	News	NaN	-0.3394244909286499
527	528	en	kin	challenge_SSA-MTE	hyp1	News	NaN	-0.3394244909286499
528	529	en	kin	challenge_SSA-MTE	hyp1	News	NaN	-0.3394244909286499
529	530	en	kin	challenge_SSA-MTE	hyp1	News	NaN	-0.3394244909286499
530	531	en	kin	challenge_SSA-MTE	hyp1	News	NaN	0.11626124382019043
531	532	en	kin	challenge_SSA-MTE	hyp1	News	NaN	0.11626124382019043
532	533	en	kin	challenge_SSA-MTE	hyp1	News	NaN	0.11626124382019043
533	534	en	kin	challenge_SSA-MTE	hyp1	News	NaN	0.11626124382019043
534	535	en	kin	challenge_SSA-MTE	hyp1	News	NaN	0.11626124382019043
535	536	en	kin	challenge_SSA-MTE	hyp1	News	NaN	0.11626124382019043
536	537	en	kin	challenge_SSA-MTE	hyp1	News	NaN	-0.8177800178527832
537	538	en	kin	challenge_SSA-MTE	hyp1	News	NaN	-0.8177800178527832
538	539	en	kin	challenge_SSA-MTE	hyp1	News	NaN	-0.8177800178527832
539	540	en	kin	challenge_SSA-MTE	hyp1	News	NaN	-0.8177800178527832
540	541	en	kin	challenge_SSA-MTE	hyp1	News	NaN	-1.5608197450637817
541	542	en	kin	challenge_SSA-MTE	hyp1	News	NaN	-1.5608197450637817
542	543	en	kin	challenge_SSA-MTE	hyp1	News	NaN	-1.5608197450637817
543	544	en	kin	challenge_SSA-MTE	hyp1	News	NaN	-1.5608197450637817
544	545	en	kin	challenge_SSA-MTE	hyp1	News	NaN	-1.5608197450637817
545	546	en	kin	challenge_SSA-MTE	hyp1	News	NaN	-1.560822606086731
546	547	en	kin	challenge_SSA-MTE	hyp1	News	NaN	-1.5316840410232544
547	548	en	kin	challenge_SSA-MTE	hyp1	News	NaN	-1.5316840410232544
548	549	en	kin	challenge_SSA-MTE	hyp1	News	NaN	-1.5316840410232544
549	550	en	kin	challenge_SSA-MTE	hyp1	News	NaN	-1.5316840410232544
550	551	en	kin	challenge_SSA-MTE	hyp1	News	NaN	-1.5316840410232544
551	552	en	kin	challenge_SSA-MTE	hyp1	News	NaN	-1.5316840410232544
552	553	en	kin	challenge_SSA-MTE	hyp1	News	NaN	-1.4201987981796265
553	554	en	kin	challenge_SSA-MTE	hyp1	News	NaN	-1.4201987981796265
554	555	en	kin	challenge_SSA-MTE	hyp1	News	NaN	-1.4201987981796265
555	556	en	kin	challenge_SSA-MTE	hyp1	News	NaN	-1.4201987981796265
556	557	en	kin	challenge_SSA-MTE	hyp1	News	NaN	-1.4201987981796265
557	558	en	kin	challenge_SSA-MTE	hyp1	News	NaN	-0.39581793546676636
558	559	en	kin	challenge_SSA-MTE	hyp1	News	NaN	-0.39581793546676636
559	560	en	kin	challenge_SSA-MTE	hyp1	News	NaN	-0.39581793546676636
560	561	en	kin	challenge_SSA-MTE	hyp1	News	NaN	-0.39581793546676636
561	562	en	kin	challenge_SSA-MTE	hyp1	News	NaN	-0.39581793546676636
562	563	en	kin	challenge_SSA-MTE	hyp1	News	NaN	-0.39581793546676636
563	564	en	kin	challenge_SSA-MTE	hyp1	News	NaN	-0.19466450810432434
564	565	en	kin	challenge_SSA-MTE	hyp1	News	NaN	-0.19466528296470642
565	566	en	kin	challenge_SSA-MTE	hyp1	News	NaN	-0.19466528296470642
566	567	en	kin	challenge_SSA-MTE	hyp1	News	NaN	-0.19466528296470642
567	568	en	kin	challenge_SSA-MTE	hyp1	News	NaN	-1.1346760988235474
568	569	en	kin	challenge_SSA-MTE	hyp1	News	NaN	-1.1346760988235474
569	570	en	kin	challenge_SSA-MTE	hyp1	News	NaN	-1.1346760988235474
570	571	en	kin	challenge_SSA-MTE	hyp1	News	NaN	-1.1346760988235474
571	572	en	kin	challenge_SSA-MTE	hyp1	News	NaN	-1.1346760988235474
572	573	en	kin	challenge_SSA-MTE	hyp1	News	NaN	-0.9531186819076538
573	574	en	kin	challenge_SSA-MTE	hyp1	News	NaN	-0.9531186819076538
574	575	en	kin	challenge_SSA-MTE	hyp1	News	NaN	-0.9531186819076538
575	576	en	kin	challenge_SSA-MTE	hyp1	News	NaN	-0.9531051516532898
576	577	en	kin	challenge_SSA-MTE	hyp1	News	NaN	-0.9531186819076538
577	578	en	kin	challenge_SSA-MTE	hyp1	News	NaN	-0.9531186819076538
578	579	en	kin	challenge_SSA-MTE	hyp1	News	NaN	-1.0210334062576294
579	580	en	kin	challenge_SSA-MTE	hyp1	News	NaN	-1.0210334062576294
580	581	en	kin	challenge_SSA-MTE	hyp1	News	NaN	-1.0210334062576294
581	582	en	kin	challenge_SSA-MTE	hyp1	News	NaN	-1.0210334062576294
582	583	en	kin	challenge_SSA-MTE	hyp1	News	NaN	-1.0210334062576294
583	584	en	kin	challenge_SSA-MTE	hyp1	News	NaN	-1.0210334062576294
584	585	en	kin	challenge_SSA-MTE	hyp1	News	NaN	-0.12897035479545593
585	586	en	kin	challenge_SSA-MTE	hyp1	News	NaN	-0.12897035479545593
586	587	en	kin	challenge_SSA-MTE	hyp1	News	NaN	-0.12897035479545593
587	588	en	kin	challenge_SSA-MTE	hyp1	News	NaN	-0.12897035479545593
588	589	en	kin	challenge_SSA-MTE	hyp1	News	NaN	-0.12897035479545593
589	590	en	kin	challenge_SSA-MTE	hyp1	News	NaN	-0.12897035479545593
590	591	en	kin	challenge_SSA-MTE	hyp1	News	NaN	-0.8788169026374817
591	592	en	kin	challenge_SSA-MTE	hyp1	News	NaN	-0.8788169026374817
592	593	en	kin	challenge_SSA-MTE	hyp1	News	NaN	-0.8788169026374817
593	594	en	kin	challenge_SSA-MTE	hyp1	News	NaN	-0.8788169026374817
594	595	en	kin	challenge_SSA-MTE	hyp1	News	NaN	-0.8788169026374817
595	596	en	kin	challenge_SSA-MTE	hyp1	News	NaN	-0.8788169026374817
596	597	en	kin	challenge_SSA-MTE	hyp1	News	NaN	-0.09539844840765
597	598	en	kin	challenge_SSA-MTE	hyp1	News	NaN	-0.09539844840765
598	599	en	kin	challenge_SSA-MTE	hyp1	News	NaN	-0.09539844840765
599	600	en	kin	challenge_SSA-MTE	hyp1	News	NaN	-0.09539844840765
600	601	en	kin	challenge_SSA-MTE	hyp1	News	NaN	-0.5409749746322632
601	602	en	kin	challenge_SSA-MTE	hyp1	News	NaN	-0.54097580909729
602	603	en	kin	challenge_SSA-MTE	hyp1	News	NaN	-0.5409761667251587
603	604	en	kin	challenge_SSA-MTE	hyp1	News	NaN	-0.5409761667251587
604	605	en	kin	challenge_SSA-MTE	hyp1	News	NaN	-0.5409761667251587
605	606	en	kin	challenge_SSA-MTE	hyp1	News	NaN	-0.5409761667251587
606	607	en	kin	challenge_SSA-MTE	hyp1	News	NaN	-1.0252798795700073
607	608	en	kin	challenge_SSA-MTE	hyp1	News	NaN	-1.0252798795700073
608	609	en	kin	challenge_SSA-MTE	hyp1	News	NaN	-1.0252798795700073
609	610	en	kin	challenge_SSA-MTE	hyp1	News	NaN	-1.0252798795700073
610	611	en	kin	challenge_SSA-MTE	hyp1	News	NaN	-1.0252798795700073
611	612	en	kin	challenge_SSA-MTE	hyp1	News	NaN	-1.0252798795700073
612	613	en	kin	challenge_SSA-MTE	hyp1	News	NaN	-0.7775264978408813
613	614	en	kin	challenge_SSA-MTE	hyp1	News	NaN	-0.7775264978408813
614	615	en	kin	challenge_SSA-MTE	hyp1	News	NaN	-0.7775264978408813
615	616	en	kin	challenge_SSA-MTE	hyp1	News	NaN	-0.7775264978408813
616	617	en	kin	challenge_SSA-MTE	hyp1	News	NaN	-0.7775264978408813
617	618	en	kin	challenge_SSA-MTE	hyp1	News	NaN	-0.7775264978408813
618	619	en	kin	challenge_SSA-MTE	hyp1	News	NaN	-0.8999947309494019
619	620	en	kin	challenge_SSA-MTE	hyp1	News	NaN	-0.8999939560890198
620	621	en	kin	challenge_SSA-MTE	hyp1	News	NaN	-0.8999939560890198
621	622	en	kin	challenge_SSA-MTE	hyp1	News	NaN	-0.8999939560890198
622	623	en	kin	challenge_SSA-MTE	hyp1	News	NaN	-0.8999939560890198
623	624	en	kin	challenge_SSA-MTE	hyp1	News	NaN	-0.8999939560890198
624	625	en	kin	challenge_SSA-MTE	hyp1	News	NaN	-0.013551432639360428
625	626	en	kin	challenge_SSA-MTE	hyp1	News	NaN	-0.013551432639360428
626	627	en	kin	challenge_SSA-MTE	hyp1	News	NaN	-0.013551432639360428
627	628	en	kin	challenge_SSA-MTE	hyp1	News	NaN	-0.013551432639360428
628	629	en	kin	challenge_SSA-MTE	hyp1	News	NaN	-0.013551432639360428
629	630	en	kin	challenge_SSA-MTE	hyp1	News	NaN	-0.013551432639360428
630	631	en	kin	challenge_SSA-MTE	hyp1	News	NaN	-1.0457626581192017
631	632	en	kin	challenge_SSA-MTE	hyp1	News	NaN	-1.0457626581192017
632	633	en	kin	challenge_SSA-MTE	hyp1	News	NaN	-1.0457626581192017
633	634	en	kin	challenge_SSA-MTE	hyp1	News	NaN	-1.0457626581192017
634	635	en	kin	challenge_SSA-MTE	hyp1	News	NaN	-1.0457626581192017
635	636	en	kin	challenge_SSA-MTE	hyp1	News	NaN	-1.0457626581192017
636	637	en	kin	challenge_SSA-MTE	hyp1	News	NaN	-0.4555216431617737
637	638	en	kin	challenge_SSA-MTE	hyp1	News	NaN	-0.4555216431617737
638	639	en	kin	challenge_SSA-MTE	hyp1	News	NaN	-0.4555216431617737
639	640	en	kin	challenge_SSA-MTE	hyp1	News	NaN	-0.4555216431617737
640	641	en	kin	challenge_SSA-MTE	hyp1	News	NaN	-0.4555216431617737
641	642	en	kin	challenge_SSA-MTE	hyp1	News	NaN	-0.4555216431617737
642	643	en	kin	challenge_SSA-MTE	hyp1	News	NaN	-0.5286282300949097
643	644	en	kin	challenge_SSA-MTE	hyp1	News	NaN	-0.528626561164856
644	645	en	kin	challenge_SSA-MTE	hyp1	News	NaN	-0.528626561164856
645	646	en	kin	challenge_SSA-MTE	hyp1	News	NaN	-0.5286282300949097
646	647	en	kin	challenge_SSA-MTE	hyp1	News	NaN	-0.5286282300949097
647	648	en	kin	challenge_SSA-MTE	hyp1	News	NaN	-0.5286282300949097
648	649	en	kin	challenge_SSA-MTE	hyp1	News	NaN	-0.8490265607833862
649	650	en	kin	challenge_SSA-MTE	hyp1	News	NaN	-0.8490265607833862
650	651	en	kin	challenge_SSA-MTE	hyp1	News	NaN	-0.8490276336669922
651	652	en	kin	challenge_SSA-MTE	hyp1	News	NaN	-0.8490276336669922
652	653	en	kin	challenge_SSA-MTE	hyp1	News	NaN	-0.8490276336669922
653	654	en	kin	challenge_SSA-MTE	hyp1	News	NaN	-0.8490274548530579
654	655	en	kin	challenge_SSA-MTE	hyp1	News	NaN	-0.4988824129104614
655	656	en	kin	challenge_SSA-MTE	hyp1	News	NaN	-0.4988824129104614
656	657	en	kin	challenge_SSA-MTE	hyp1	News	NaN	-0.4988824129104614
657	658	en	kin	challenge_SSA-MTE	hyp1	News	NaN	-0.49888375401496887
658	659	en	kin	challenge_SSA-MTE	hyp1	News	NaN	-0.4988824129104614
659	660	en	kin	challenge_SSA-MTE	hyp1	News	NaN	-0.4988824129104614
660	661	en	kin	challenge_SSA-MTE	hyp1	News	NaN	-1.373885154724121
661	662	en	kin	challenge_SSA-MTE	hyp1	News	NaN	-1.373885154724121
662	663	en	kin	challenge_SSA-MTE	hyp1	News	NaN	-1.373885154724121
663	664	en	kin	challenge_SSA-MTE	hyp1	News	NaN	-1.373885154724121
664	665	en	kin	challenge_SSA-MTE	hyp1	News	NaN	-1.373885154724121
665	666	en	kin	challenge_SSA-MTE	hyp1	News	NaN	-1.373885154724121
666	667	en	kin	challenge_SSA-MTE	hyp1	News	NaN	-2.0413129329681396
667	668	en	kin	challenge_SSA-MTE	hyp1	News	NaN	-2.0413129329681396
668	669	en	kin	challenge_SSA-MTE	hyp1	News	NaN	-2.0413129329681396
669	670	en	kin	challenge_SSA-MTE	hyp1	News	NaN	-2.0413129329681396
670	671	en	kin	challenge_SSA-MTE	hyp1	News	NaN	-2.0413129329681396
671	672	en	kin	challenge_SSA-MTE	hyp1	News	NaN	-0.07610359787940979
672	673	en	kin	challenge_SSA-MTE	hyp1	News	NaN	-0.07610344886779785
673	674	en	kin	challenge_SSA-MTE	hyp1	News	NaN	-0.07610359787940979
674	675	en	kin	challenge_SSA-MTE	hyp1	News	NaN	-0.07610514014959335
675	676	en	kin	challenge_SSA-MTE	hyp1	News	NaN	-0.07610344886779785
676	677	en	kin	challenge_SSA-MTE	hyp1	News	NaN	-0.07610344886779785
677	678	en	kin	challenge_SSA-MTE	hyp1	News	NaN	-1.103800892829895
678	679	en	kin	challenge_SSA-MTE	hyp1	News	NaN	-1.103800892829895
679	680	en	kin	challenge_SSA-MTE	hyp1	News	NaN	-1.103800892829895
680	681	en	kin	challenge_SSA-MTE	hyp1	News	NaN	-1.103800892829895
681	682	en	kin	challenge_SSA-MTE	hyp1	News	NaN	-1.103800892829895
682	683	en	kin	challenge_SSA-MTE	hyp1	News	NaN	-1.103800892829895
683	684	en	kin	challenge_SSA-MTE	hyp1	News	NaN	-0.8459585905075073
684	685	en	kin	challenge_SSA-MTE	hyp1	News	NaN	-0.8459585905075073
685	686	en	kin	challenge_SSA-MTE	hyp1	News	NaN	-0.8459585905075073
686	687	en	kin	challenge_SSA-MTE	hyp1	News	NaN	-0.8459585905075073
687	688	en	kin	challenge_SSA-MTE	hyp1	News	NaN	-0.8459585905075073
688	689	en	kin	challenge_SSA-MTE	hyp1	News	NaN	-0.8459585905075073
689	690	en	kin	challenge_SSA-MTE	hyp1	News	NaN	-0.6746366024017334
690	691	en	kin	challenge_SSA-MTE	hyp1	News	NaN	-0.6746366024017334
691	692	en	kin	challenge_SSA-MTE	hyp1	News	NaN	-0.6746366024017334
692	693	en	kin	challenge_SSA-MTE	hyp1	News	NaN	-0.6746366024017334
693	694	en	kin	challenge_SSA-MTE	hyp1	News	NaN	-0.6746366024017334
694	695	en	kin	challenge_SSA-MTE	hyp1	News	NaN	-0.6746366024017334
695	696	en	kin	challenge_SSA-MTE	hyp1	News	NaN	-0.530472457408905
696	697	en	kin	challenge_SSA-MTE	hyp1	News	NaN	-0.530472457408905
697	698	en	kin	challenge_SSA-MTE	hyp1	News	NaN	-0.530472457408905
698	699	en	kin	challenge_SSA-MTE	hyp1	News	NaN	-0.530472457408905
699	700	en	kin	challenge_SSA-MTE	hyp1	News	NaN	-0.530472457408905
700	701	en	kin	challenge_SSA-MTE	hyp1	News	NaN	-0.530472457408905
701	702	en	kin	challenge_SSA-MTE	hyp1	News	NaN	-0.7304847240447998
702	703	en	kin	challenge_SSA-MTE	hyp1	News	NaN	-0.7304847240447998
703	704	en	kin	challenge_SSA-MTE	hyp1	News	NaN	-0.7304847240447998
704	705	en	kin	challenge_SSA-MTE	hyp1	News	NaN	-0.7304830551147461
705	706	en	kin	challenge_SSA-MTE	hyp1	News	NaN	-0.7304830551147461
706	707	en	kin	challenge_SSA-MTE	hyp1	News	NaN	-0.7304830551147461
707	708	en	kin	challenge_SSA-MTE	hyp1	News	NaN	-1.1953970193862915
708	709	en	kin	challenge_SSA-MTE	hyp1	News	NaN	-1.1953970193862915
709	710	en	kin	challenge_SSA-MTE	hyp1	News	NaN	-1.1953970193862915
710	711	en	kin	challenge_SSA-MTE	hyp1	News	NaN	-1.1953970193862915
711	712	en	kin	challenge_SSA-MTE	hyp1	News	NaN	-1.1953970193862915
712	713	en	kin	challenge_SSA-MTE	hyp1	News	NaN	-1.1953970193862915
713	714	en	kin	challenge_SSA-MTE	hyp1	News	NaN	-0.42636898159980774
714	715	en	kin	challenge_SSA-MTE	hyp1	News	NaN	-0.42636898159980774
715	716	en	kin	challenge_SSA-MTE	hyp1	News	NaN	-0.42636898159980774
716	717	en	kin	challenge_SSA-MTE	hyp1	News	NaN	-0.42636898159980774
717	718	en	kin	challenge_SSA-MTE	hyp1	News	NaN	-0.42636898159980774
718	719	en	kin	challenge_SSA-MTE	hyp1	News	NaN	-0.42636898159980774
719	720	en	kin	challenge_SSA-MTE	hyp1	News	NaN	-1.427306890487671
720	721	en	kin	challenge_SSA-MTE	hyp1	News	NaN	-1.427306890487671
721	722	en	kin	challenge_SSA-MTE	hyp1	News	NaN	-1.427306890487671
722	723	en	kin	challenge_SSA-MTE	hyp1	News	NaN	-1.4273093938827515
723	724	en	kin	challenge_SSA-MTE	hyp1	News	NaN	-1.4273093938827515
724	725	en	kin	challenge_SSA-MTE	hyp1	News	NaN	-1.427306890487671
725	726	en	kin	challenge_SSA-MTE	hyp1	News	NaN	-0.6736288070678711
726	727	en	kin	challenge_SSA-MTE	hyp1	News	NaN	-0.6736299991607666
727	728	en	kin	challenge_SSA-MTE	hyp1	News	NaN	-0.6736299991607666
728	729	en	kin	challenge_SSA-MTE	hyp1	News	NaN	-0.6736299991607666
729	730	en	kin	challenge_SSA-MTE	hyp1	News	NaN	-0.6736299991607666
730	731	en	kin	challenge_SSA-MTE	hyp1	News	NaN	-0.6736299991607666
731	732	en	kin	challenge_SSA-MTE	hyp1	News	NaN	-1.4798847436904907
732	733	en	kin	challenge_SSA-MTE	hyp1	News	NaN	-1.4798847436904907
733	734	en	kin	challenge_SSA-MTE	hyp1	News	NaN	-1.4798847436904907
734	735	en	kin	challenge_SSA-MTE	hyp1	News	NaN	-1.4798847436904907
735	736	en	kin	challenge_SSA-MTE	hyp1	News	NaN	-1.4798847436904907
736	737	en	kin	challenge_SSA-MTE	hyp1	News	NaN	-1.4798847436904907
737	738	en	kin	challenge_SSA-MTE	hyp1	News	NaN	-1.2736761569976807
738	739	en	kin	challenge_SSA-MTE	hyp1	News	NaN	-1.2736784219741821
739	740	en	kin	challenge_SSA-MTE	hyp1	News	NaN	-1.2736784219741821
740	741	en	kin	challenge_SSA-MTE	hyp1	News	NaN	-1.2736761569976807
741	742	en	kin	challenge_SSA-MTE	hyp1	News	NaN	-1.2736761569976807
742	743	en	kin	challenge_SSA-MTE	hyp1	News	NaN	-1.2736784219741821
743	744	en	kin	challenge_SSA-MTE	hyp1	News	NaN	-1.3675744533538818
744	745	en	kin	challenge_SSA-MTE	hyp1	News	NaN	-1.3675744533538818
745	746	en	kin	challenge_SSA-MTE	hyp1	News	NaN	-1.3675744533538818
746	747	en	kin	challenge_SSA-MTE	hyp1	News	NaN	-1.3675744533538818
747	748	en	kin	challenge_SSA-MTE	hyp1	News	NaN	-1.3675744533538818
748	749	en	kin	challenge_SSA-MTE	hyp1	News	NaN	-1.3675744533538818
749	750	en	kin	challenge_SSA-MTE	hyp1	News	NaN	-0.44708630442619324
750	751	en	kin	challenge_SSA-MTE	hyp1	News	NaN	-0.44708630442619324
751	752	en	kin	challenge_SSA-MTE	hyp1	News	NaN	-0.44708630442619324
752	753	en	kin	challenge_SSA-MTE	hyp1	News	NaN	-0.44708630442619324
753	754	en	kin	challenge_SSA-MTE	hyp1	News	NaN	-0.44708630442619324
754	755	en	kin	challenge_SSA-MTE	hyp1	News	NaN	-0.44708630442619324
755	756	en	kin	challenge_SSA-MTE	hyp1	News	NaN	-1.0881503820419312
756	757	en	kin	challenge_SSA-MTE	hyp1	News	NaN	-1.0881503820419312
757	758	en	kin	challenge_SSA-MTE	hyp1	News	NaN	-1.0881503820419312
758	759	en	kin	challenge_SSA-MTE	hyp1	News	NaN	-1.0881503820419312
759	760	en	kin	challenge_SSA-MTE	hyp1	News	NaN	-1.0881503820419312
760	761	en	kin	challenge_SSA-MTE	hyp1	News	NaN	0.2377122938632965
761	762	en	kin	challenge_SSA-MTE	hyp1	News	NaN	0.2377122938632965
762	763	en	kin	challenge_SSA-MTE	hyp1	News	NaN	0.2377122938632965
763	764	en	kin	challenge_SSA-MTE	hyp1	News	NaN	0.2377122938632965
764	765	en	kin	challenge_SSA-MTE	hyp1	News	NaN	0.2377122938632965
765	766	en	kin	challenge_SSA-MTE	hyp1	News	NaN	0.2377122938632965
766	767	en	kin	challenge_SSA-MTE	hyp1	News	NaN	-0.02018848992884159
767	768	en	kin	challenge_SSA-MTE	hyp1	News	NaN	-0.020187268033623695
768	769	en	kin	challenge_SSA-MTE	hyp1	News	NaN	-0.02018848992884159
769	770	en	kin	challenge_SSA-MTE	hyp1	News	NaN	-0.02018848992884159
770	771	en	kin	challenge_SSA-MTE	hyp1	News	NaN	-0.02018848992884159
771	772	en	kin	challenge_SSA-MTE	hyp1	News	NaN	-0.02018848992884159
772	773	en	kin	challenge_SSA-MTE	hyp1	News	NaN	-0.753213107585907
773	774	en	kin	challenge_SSA-MTE	hyp1	News	NaN	-0.753213107585907
774	775	en	kin	challenge_SSA-MTE	hyp1	News	NaN	-0.753213107585907
775	776	en	kin	challenge_SSA-MTE	hyp1	News	NaN	-0.753213107585907
776	777	en	kin	challenge_SSA-MTE	hyp1	News	NaN	-0.753213107585907
777	778	en	kin	challenge_SSA-MTE	hyp1	News	NaN	-0.753213107585907
778	779	en	kin	challenge_SSA-MTE	hyp1	News	NaN	-0.5294788479804993
779	780	en	kin	challenge_SSA-MTE	hyp1	News	NaN	-0.5294788479804993
780	781	en	kin	challenge_SSA-MTE	hyp1	News	NaN	-0.5294788479804993
781	782	en	kin	challenge_SSA-MTE	hyp1	News	NaN	-0.5294788479804993
782	783	en	kin	challenge_SSA-MTE	hyp1	News	NaN	-0.5294788479804993
783	784	en	kin	challenge_SSA-MTE	hyp1	News	NaN	-0.5294788479804993
784	785	en	kin	challenge_SSA-MTE	hyp1	News	NaN	-1.536908507347107
785	786	en	kin	challenge_SSA-MTE	hyp1	News	NaN	-1.536908507347107
786	787	en	kin	challenge_SSA-MTE	hyp1	News	NaN	-1.536908507347107
787	788	en	kin	challenge_SSA-MTE	hyp1	News	NaN	-1.536908507347107
788	789	en	kin	challenge_SSA-MTE	hyp1	News	NaN	-1.5369082689285278
789	790	en	kin	challenge_SSA-MTE	hyp1	News	NaN	-1.536908507347107
790	791	en	kin	challenge_SSA-MTE	hyp1	News	NaN	-1.0201694965362549
791	792	en	kin	challenge_SSA-MTE	hyp1	News	NaN	-1.0201694965362549
792	793	en	kin	challenge_SSA-MTE	hyp1	News	NaN	-1.0201694965362549
793	794	en	kin	challenge_SSA-MTE	hyp1	News	NaN	-1.0201709270477295
794	795	en	kin	challenge_SSA-MTE	hyp1	News	NaN	-1.0201694965362549
795	796	en	kin	challenge_SSA-MTE	hyp1	News	NaN	-1.0201694965362549
796	797	en	kin	challenge_SSA-MTE	hyp1	News	NaN	-2.0968987941741943
797	798	en	kin	challenge_SSA-MTE	hyp1	News	NaN	-2.0968987941741943
798	799	en	kin	challenge_SSA-MTE	hyp1	News	NaN	-2.0968987941741943
799	800	en	kin	challenge_SSA-MTE	hyp1	News	NaN	-2.0968987941741943
800	801	en	kin	challenge_SSA-MTE	hyp1	News	NaN	-2.0968987941741943
801	802	en	kin	challenge_SSA-MTE	hyp1	News	NaN	-1.4925249814987183
802	803	en	kin	challenge_SSA-MTE	hyp1	News	NaN	-1.4925249814987183
803	804	en	kin	challenge_SSA-MTE	hyp1	News	NaN	-1.4925249814987183
804	805	en	kin	challenge_SSA-MTE	hyp1	News	NaN	-1.4925249814987183
805	806	en	kin	challenge_SSA-MTE	hyp1	News	NaN	-1.4925249814987183
806	807	en	kin	challenge_SSA-MTE	hyp1	News	NaN	-1.4925249814987183
807	808	en	kin	challenge_SSA-MTE	hyp1	News	NaN	-1.690381646156311
808	809	en	kin	challenge_SSA-MTE	hyp1	News	NaN	-1.690381646156311
809	810	en	kin	challenge_SSA-MTE	hyp1	News	NaN	-1.690381646156311
810	811	en	kin	challenge_SSA-MTE	hyp1	News	NaN	-1.690381646156311
811	812	en	kin	challenge_SSA-MTE	hyp1	News	NaN	-1.690381646156311
812	813	en	kin	challenge_SSA-MTE	hyp1	News	NaN	-1.690381646156311
813	814	en	kin	challenge_SSA-MTE	hyp1	News	NaN	-1.1901365518569946
814	815	en	kin	challenge_SSA-MTE	hyp1	News	NaN	-1.1901365518569946
815	816	en	kin	challenge_SSA-MTE	hyp1	News	NaN	-1.1901365518569946
816	817	en	kin	challenge_SSA-MTE	hyp1	News	NaN	-1.1901365518569946
817	818	en	kin	challenge_SSA-MTE	hyp1	News	NaN	-1.1901341676712036
818	819	en	kin	challenge_SSA-MTE	hyp1	News	NaN	-1.1901365518569946
819	820	en	kin	challenge_SSA-MTE	hyp1	News	NaN	-1.7706762552261353
820	821	en	kin	challenge_SSA-MTE	hyp1	News	NaN	-1.7706762552261353
821	822	en	kin	challenge_SSA-MTE	hyp1	News	NaN	-1.7706762552261353
822	823	en	kin	challenge_SSA-MTE	hyp1	News	NaN	-1.7706762552261353
823	824	en	kin	challenge_SSA-MTE	hyp1	News	NaN	-1.7706762552261353
824	825	en	kin	challenge_SSA-MTE	hyp1	News	NaN	-1.7706762552261353
825	826	en	kin	challenge_SSA-MTE	hyp1	News	NaN	-1.4966176748275757
826	827	en	kin	challenge_SSA-MTE	hyp1	News	NaN	-1.4966176748275757
827	828	en	kin	challenge_SSA-MTE	hyp1	News	NaN	-1.4966176748275757
828	829	en	kin	challenge_SSA-MTE	hyp1	News	NaN	-1.4966176748275757
829	830	en	kin	challenge_SSA-MTE	hyp1	News	NaN	-1.4966176748275757
830	831	en	kin	challenge_SSA-MTE	hyp1	News	NaN	-1.4966176748275757
831	832	en	kin	challenge_SSA-MTE	hyp1	News	NaN	-1.0597978830337524
832	833	en	kin	challenge_SSA-MTE	hyp1	News	NaN	-1.0597978830337524
833	834	en	kin	challenge_SSA-MTE	hyp1	News	NaN	-1.0597978830337524
834	835	en	kin	challenge_SSA-MTE	hyp1	News	NaN	-1.0597978830337524
835	836	en	kin	challenge_SSA-MTE	hyp1	News	NaN	-1.0597978830337524
836	837	en	kin	challenge_SSA-MTE	hyp1	News	NaN	-1.0597978830337524
837	838	en	kin	challenge_SSA-MTE	hyp1	News	NaN	-0.9200648069381714
838	839	en	kin	challenge_SSA-MTE	hyp1	News	NaN	-0.9200648069381714
839	840	en	kin	challenge_SSA-MTE	hyp1	News	NaN	-0.9200632572174072
840	841	en	kin	challenge_SSA-MTE	hyp1	News	NaN	-0.9200632572174072
841	842	en	kin	challenge_SSA-MTE	hyp1	News	NaN	-0.9200632572174072
842	843	en	kin	challenge_SSA-MTE	hyp1	News	NaN	-0.9200648069381714
843	844	en	kin	challenge_SSA-MTE	hyp1	News	NaN	-1.2322829961776733
844	845	en	kin	challenge_SSA-MTE	hyp1	News	NaN	-1.2322829961776733
845	846	en	kin	challenge_SSA-MTE	hyp1	News	NaN	-1.2322829961776733
846	847	en	kin	challenge_SSA-MTE	hyp1	News	NaN	-1.2322829961776733
847	848	en	kin	challenge_SSA-MTE	hyp1	News	NaN	-1.2322829961776733
848	849	en	kin	challenge_SSA-MTE	hyp1	News	NaN	-1.2322829961776733
849	850	en	kin	challenge_SSA-MTE	hyp1	News	NaN	-1.5191959142684937
850	851	en	kin	challenge_SSA-MTE	hyp1	News	NaN	-1.5191959142684937
851	852	en	kin	challenge_SSA-MTE	hyp1	News	NaN	-1.5191956758499146
852	853	en	kin	challenge_SSA-MTE	hyp1	News	NaN	-1.5191959142684937
853	854	en	kin	challenge_SSA-MTE	hyp1	News	NaN	-1.5191959142684937
854	855	en	kin	challenge_SSA-MTE	hyp1	News	NaN	-1.5481619834899902
855	856	en	kin	challenge_SSA-MTE	hyp1	News	NaN	-1.5481619834899902
856	857	en	kin	challenge_SSA-MTE	hyp1	News	NaN	-1.5481619834899902
857	858	en	kin	challenge_SSA-MTE	hyp1	News	NaN	-1.5481619834899902
858	859	en	kin	challenge_SSA-MTE	hyp1	News	NaN	-1.5481619834899902
859	860	en	kin	challenge_SSA-MTE	hyp1	News	NaN	-1.5481619834899902
860	861	en	kin	challenge_SSA-MTE	hyp1	News	NaN	-0.38874489068984985
861	862	en	kin	challenge_SSA-MTE	hyp1	News	NaN	-0.38874489068984985
862	863	en	kin	challenge_SSA-MTE	hyp1	News	NaN	-0.38874489068984985
863	864	en	kin	challenge_SSA-MTE	hyp1	News	NaN	-0.38874489068984985
864	865	en	kin	challenge_SSA-MTE	hyp1	News	NaN	-0.38874489068984985
865	866	en	kin	challenge_SSA-MTE	hyp1	News	NaN	-0.38874489068984985
866	867	en	kin	challenge_SSA-MTE	hyp1	News	NaN	-0.8914570808410645
867	868	en	kin	challenge_SSA-MTE	hyp1	News	NaN	-0.8914570808410645
868	869	en	kin	challenge_SSA-MTE	hyp1	News	NaN	-0.8914570808410645
869	870	en	kin	challenge_SSA-MTE	hyp1	News	NaN	-0.8914570808410645
870	871	en	kin	challenge_SSA-MTE	hyp1	News	NaN	-0.8914570808410645
871	872	en	kin	challenge_SSA-MTE	hyp1	News	NaN	-0.8914570808410645
872	873	en	kin	challenge_SSA-MTE	hyp1	News	NaN	-1.7542532682418823
873	874	en	kin	challenge_SSA-MTE	hyp1	News	NaN	-1.7542532682418823
874	875	en	kin	challenge_SSA-MTE	hyp1	News	NaN	-1.7542532682418823
875	876	en	kin	challenge_SSA-MTE	hyp1	News	NaN	-1.7542532682418823
876	877	en	kin	challenge_SSA-MTE	hyp1	News	NaN	-1.7542532682418823
877	878	en	kin	challenge_SSA-MTE	hyp1	News	NaN	-1.7542532682418823
878	879	en	kin	challenge_SSA-MTE	hyp1	News	NaN	-1.0042301416397095
879	880	en	kin	challenge_SSA-MTE	hyp1	News	NaN	-1.0042301416397095
880	881	en	kin	challenge_SSA-MTE	hyp1	News	NaN	-1.004226803779602
881	882	en	kin	challenge_SSA-MTE	hyp1	News	NaN	-1.004226803779602
882	883	en	kin	challenge_SSA-MTE	hyp1	News	NaN	-1.0042284727096558
883	884	en	kin	challenge_SSA-MTE	hyp1	News	NaN	-1.0042284727096558
884	885	en	kin	challenge_SSA-MTE	hyp1	News	NaN	-1.973935604095459
885	886	en	kin	challenge_SSA-MTE	hyp1	News	NaN	-1.973935604095459
886	887	en	kin	challenge_SSA-MTE	hyp1	News	NaN	-1.973935604095459
887	888	en	kin	challenge_SSA-MTE	hyp1	News	NaN	-1.973935604095459
888	889	en	kin	challenge_SSA-MTE	hyp1	News	NaN	-1.973935604095459
889	890	en	kin	challenge_SSA-MTE	hyp1	News	NaN	-1.9739354848861694
890	891	en	kin	challenge_SSA-MTE	hyp1	News	NaN	-1.9352242946624756
891	892	en	kin	challenge_SSA-MTE	hyp1	News	NaN	-1.9352242946624756
892	893	en	kin	challenge_SSA-MTE	hyp1	News	NaN	-1.9352242946624756
893	894	en	kin	challenge_SSA-MTE	hyp1	News	NaN	-1.9352242946624756
894	895	en	kin	challenge_SSA-MTE	hyp1	News	NaN	-1.9352235794067383
895	896	en	kin	challenge_SSA-MTE	hyp1	News	NaN	-1.9352242946624756
896	897	en	kin	challenge_SSA-MTE	hyp1	News	NaN	-1.6255587339401245
897	898	en	kin	challenge_SSA-MTE	hyp1	News	NaN	-1.6255587339401245
898	899	en	kin	challenge_SSA-MTE	hyp1	News	NaN	-1.6255587339401245
899	900	en	kin	challenge_SSA-MTE	hyp1	News	NaN	-1.6255587339401245
900	901	en	kin	challenge_SSA-MTE	hyp1	News	NaN	-1.6255587339401245
901	902	en	kin	challenge_SSA-MTE	hyp1	News	NaN	-1.6255587339401245
902	903	en	kin	challenge_SSA-MTE	hyp1	News	NaN	-1.7808539867401123
903	904	en	kin	challenge_SSA-MTE	hyp1	News	NaN	-1.7808539867401123
904	905	en	kin	challenge_SSA-MTE	hyp1	News	NaN	-1.7808539867401123
905	906	en	kin	challenge_SSA-MTE	hyp1	News	NaN	-1.7808539867401123
906	907	en	kin	challenge_SSA-MTE	hyp1	News	NaN	-1.7808539867401123
907	908	en	kin	challenge_SSA-MTE	hyp1	News	NaN	-1.1455285549163818
908	909	en	kin	challenge_SSA-MTE	hyp1	News	NaN	-1.1455285549163818
909	910	en	kin	challenge_SSA-MTE	hyp1	News	NaN	-1.1455285549163818
910	911	en	kin	challenge_SSA-MTE	hyp1	News	NaN	-1.1455285549163818
911	912	en	kin	challenge_SSA-MTE	hyp1	News	NaN	-1.1455285549163818
912	913	en	kin	challenge_SSA-MTE	hyp1	News	NaN	-1.1455285549163818
913	914	en	kin	challenge_SSA-MTE	hyp1	News	NaN	-1.208739161491394
914	915	en	kin	challenge_SSA-MTE	hyp1	News	NaN	-1.208739161491394
915	916	en	kin	challenge_SSA-MTE	hyp1	News	NaN	-1.208739161491394
916	917	en	kin	challenge_SSA-MTE	hyp1	News	NaN	-1.208739161491394
917	918	en	kin	challenge_SSA-MTE	hyp1	News	NaN	-1.208739161491394
918	919	en	kin	challenge_SSA-MTE	hyp1	News	NaN	-1.208739161491394
919	920	en	kin	challenge_SSA-MTE	hyp1	News	NaN	-1.6284257173538208
920	921	en	kin	challenge_SSA-MTE	hyp1	News	NaN	-1.6284257173538208
921	922	en	kin	challenge_SSA-MTE	hyp1	News	NaN	-1.6284253597259521
922	923	en	kin	challenge_SSA-MTE	hyp1	News	NaN	-1.6284257173538208
923	924	en	kin	challenge_SSA-MTE	hyp1	News	NaN	-1.6284257173538208
924	925	en	kin	challenge_SSA-MTE	hyp1	News	NaN	-0.03183097764849663
925	926	en	kin	challenge_SSA-MTE	hyp1	News	NaN	-0.031831610947847366
926	927	en	kin	challenge_SSA-MTE	hyp1	News	NaN	-0.031831610947847366
927	928	en	kin	challenge_SSA-MTE	hyp1	News	NaN	-0.031831610947847366
928	929	en	kin	challenge_SSA-MTE	hyp1	News	NaN	-0.031831610947847366
929	930	en	kin	challenge_SSA-MTE	hyp1	News	NaN	-0.031831610947847366
930	931	en	kin	challenge_SSA-MTE	hyp1	News	NaN	-1.2860335111618042
931	932	en	kin	challenge_SSA-MTE	hyp1	News	NaN	-1.2860335111618042
932	933	en	kin	challenge_SSA-MTE	hyp1	News	NaN	-1.2860292196273804
933	934	en	kin	challenge_SSA-MTE	hyp1	News	NaN	-1.2860335111618042
934	935	en	kin	challenge_SSA-MTE	hyp1	News	NaN	-1.2860335111618042
935	936	en	kin	challenge_SSA-MTE	hyp1	News	NaN	-1.2860335111618042
936	937	en	kin	challenge_SSA-MTE	hyp1	News	NaN	-1.5021576881408691
937	938	en	kin	challenge_SSA-MTE	hyp1	News	NaN	-1.5021569728851318
938	939	en	kin	challenge_SSA-MTE	hyp1	News	NaN	-1.5021569728851318
939	940	en	kin	challenge_SSA-MTE	hyp1	News	NaN	-1.5021569728851318
940	941	en	kin	challenge_SSA-MTE	hyp1	News	NaN	-1.5021576881408691
941	942	en	kin	challenge_SSA-MTE	hyp1	News	NaN	-1.5021569728851318
942	943	en	kin	challenge_SSA-MTE	hyp1	News	NaN	-1.6680258512496948
943	944	en	kin	challenge_SSA-MTE	hyp1	News	NaN	-1.6680258512496948
944	945	en	kin	challenge_SSA-MTE	hyp1	News	NaN	-1.6680258512496948
945	946	en	kin	challenge_SSA-MTE	hyp1	News	NaN	-1.6680258512496948
946	947	en	kin	challenge_SSA-MTE	hyp1	News	NaN	-1.6680258512496948
947	948	en	kin	challenge_SSA-MTE	hyp1	News	NaN	-0.915242075920105
948	949	en	kin	challenge_SSA-MTE	hyp1	News	NaN	-0.915242075920105
949	950	en	kin	challenge_SSA-MTE	hyp1	News	NaN	-0.915242075920105
950	951	en	kin	challenge_SSA-MTE	hyp1	News	NaN	-0.915242075920105
951	952	en	kin	challenge_SSA-MTE	hyp1	News	NaN	-0.9152374863624573
952	953	en	kin	challenge_SSA-MTE	hyp1	News	NaN	-0.9152395129203796
953	954	en	kin	challenge_SSA-MTE	hyp1	News	NaN	-1.831741452217102
954	955	en	kin	challenge_SSA-MTE	hyp1	News	NaN	-1.831741452217102
955	956	en	kin	challenge_SSA-MTE	hyp1	News	NaN	-1.831741452217102
956	957	en	kin	challenge_SSA-MTE	hyp1	News	NaN	-1.831741452217102
957	958	en	kin	challenge_SSA-MTE	hyp1	News	NaN	-1.831741452217102
958	959	en	kin	challenge_SSA-MTE	hyp1	News	NaN	-1.831741452217102
959	960	en	kin	challenge_SSA-MTE	hyp1	News	NaN	-1.0693519115447998
960	961	en	kin	challenge_SSA-MTE	hyp1	News	NaN	-1.0693519115447998
961	962	en	kin	challenge_SSA-MTE	hyp1	News	NaN	-1.0693519115447998
962	963	en	kin	challenge_SSA-MTE	hyp1	News	NaN	-1.0693519115447998
963	964	en	kin	challenge_SSA-MTE	hyp1	News	NaN	-1.0693519115447998
964	965	en	kin	challenge_SSA-MTE	hyp1	News	NaN	-1.0693519115447998
965	966	en	kin	challenge_SSA-MTE	hyp1	News	NaN	-0.42721039056777954
966	967	en	kin	challenge_SSA-MTE	hyp1	News	NaN	-0.42721039056777954
967	968	en	kin	challenge_SSA-MTE	hyp1	News	NaN	-0.42721039056777954
968	969	en	kin	challenge_SSA-MTE	hyp1	News	NaN	-0.4272088408470154
969	970	en	kin	challenge_SSA-MTE	hyp1	News	NaN	-0.42721039056777954
970	971	en	kin	challenge_SSA-MTE	hyp1	News	NaN	-0.42721039056777954
971	972	en	kin	challenge_SSA-MTE	hyp1	News	NaN	-1.1704509258270264
972	973	en	kin	challenge_SSA-MTE	hyp1	News	NaN	-1.1704509258270264
973	974	en	kin	challenge_SSA-MTE	hyp1	News	NaN	-1.1704496145248413
974	975	en	kin	challenge_SSA-MTE	hyp1	News	NaN	-1.1704496145248413
975	976	en	kin	challenge_SSA-MTE	hyp1	News	NaN	-1.1704509258270264
976	977	en	kin	challenge_SSA-MTE	hyp1	News	NaN	-1.1704509258270264
977	978	en	kin	challenge_SSA-MTE	hyp1	News	NaN	-0.5116260647773743
978	979	en	kin	challenge_SSA-MTE	hyp1	News	NaN	-0.5116260647773743
979	980	en	kin	challenge_SSA-MTE	hyp1	News	NaN	-0.5116260647773743
980	981	en	kin	challenge_SSA-MTE	hyp1	News	NaN	-0.5116260647773743
981	982	en	kin	challenge_SSA-MTE	hyp1	News	NaN	-0.5116260647773743
982	983	en	kin	challenge_SSA-MTE	hyp1	News	NaN	-0.5116260647773743
983	984	en	kin	challenge_SSA-MTE	hyp1	News	NaN	-1.1924877166748047
984	985	en	kin	challenge_SSA-MTE	hyp1	News	NaN	-1.1924877166748047
985	986	en	kin	challenge_SSA-MTE	hyp1	News	NaN	-1.1924877166748047
986	987	en	kin	challenge_SSA-MTE	hyp1	News	NaN	-1.1924877166748047
987	988	en	kin	challenge_SSA-MTE	hyp1	News	NaN	-1.1924877166748047
988	989	en	kin	challenge_SSA-MTE	hyp1	News	NaN	-1.1924877166748047
989	990	en	kin	challenge_SSA-MTE	hyp1	News	NaN	-1.331980586051941
990	991	en	kin	challenge_SSA-MTE	hyp1	News	NaN	-1.331980586051941
991	992	en	kin	challenge_SSA-MTE	hyp1	News	NaN	-1.331980586051941
992	993	en	kin	challenge_SSA-MTE	hyp1	News	NaN	-1.33197820186615
993	994	en	kin	challenge_SSA-MTE	hyp1	News	NaN	-1.331980586051941
994	995	en	kin	challenge_SSA-MTE	hyp1	News	NaN	-1.33197820186615
995	996	en	kin	challenge_SSA-MTE	hyp1	News	NaN	-1.967195987701416
996	997	en	kin	challenge_SSA-MTE	hyp1	News	NaN	-1.967195987701416
997	998	en	kin	challenge_SSA-MTE	hyp1	News	NaN	-1.967195987701416
998	999	en	kin	challenge_SSA-MTE	hyp1	News	NaN	-1.967195987701416
999	1000	en	kin	challenge_SSA-MTE	hyp1	News	NaN	-1.967195987701416
1000	1001	en	kin	challenge_SSA-MTE	hyp1	News	NaN	-1.967195987701416
1001	1002	en	kin	challenge_SSA-MTE	hyp1	News	NaN	-1.2627079486846924
1002	1003	en	kin	challenge_SSA-MTE	hyp1	News	NaN	-1.2627079486846924
1003	1004	en	kin	challenge_SSA-MTE	hyp1	News	NaN	-1.2627079486846924
1004	1005	en	kin	challenge_SSA-MTE	hyp1	News	NaN	-1.2627049684524536
1005	1006	en	kin	challenge_SSA-MTE	hyp1	News	NaN	-1.2627049684524536
1006	1007	en	kin	challenge_SSA-MTE	hyp1	News	NaN	-1.2627049684524536
1007	1008	en	kin	challenge_SSA-MTE	hyp1	News	NaN	-0.5027846693992615
1008	1009	en	kin	challenge_SSA-MTE	hyp1	News	NaN	-0.5027846693992615
1009	1010	en	kin	challenge_SSA-MTE	hyp1	News	NaN	-0.5027846693992615
1010	1011	en	kin	challenge_SSA-MTE	hyp1	News	NaN	-0.5027846693992615
1011	1012	en	kin	challenge_SSA-MTE	hyp1	News	NaN	-0.5027846693992615
1012	1013	en	kin	challenge_SSA-MTE	hyp1	News	NaN	-0.5027846693992615
1013	1014	en	kin	challenge_SSA-MTE	hyp1	News	NaN	-0.9973260164260864
1014	1015	en	kin	challenge_SSA-MTE	hyp1	News	NaN	-0.9973260164260864
1015	1016	en	kin	challenge_SSA-MTE	hyp1	News	NaN	-0.9973260164260864
1016	1017	en	kin	challenge_SSA-MTE	hyp1	News	NaN	-0.9973260164260864
1017	1018	en	kin	challenge_SSA-MTE	hyp1	News	NaN	-0.9973260164260864
1018	1019	en	kin	challenge_SSA-MTE	hyp1	News	NaN	-0.9973260164260864
1019	1020	en	kin	challenge_SSA-MTE	hyp1	News	NaN	-0.5386338233947754
1020	1021	en	kin	challenge_SSA-MTE	hyp1	News	NaN	-0.5386338233947754
1021	1022	en	kin	challenge_SSA-MTE	hyp1	News	NaN	-0.5386340022087097
1022	1023	en	kin	challenge_SSA-MTE	hyp1	News	NaN	-0.5386340022087097
1023	1024	en	kin	challenge_SSA-MTE	hyp1	News	NaN	-0.5386338233947754
1024	1025	en	kin	challenge_SSA-MTE	hyp1	News	NaN	-0.5386338233947754
1025	1026	en	kin	challenge_SSA-MTE	hyp1	News	NaN	-1.780718445777893
1026	1027	en	kin	challenge_SSA-MTE	hyp1	News	NaN	-1.780718445777893
1027	1028	en	kin	challenge_SSA-MTE	hyp1	News	NaN	-1.780718445777893
1028	1029	en	kin	challenge_SSA-MTE	hyp1	News	NaN	-1.780718445777893
1029	1030	en	kin	challenge_SSA-MTE	hyp1	News	NaN	-1.780718445777893
1030	1031	en	kin	challenge_SSA-MTE	hyp1	News	NaN	-0.9709993004798889
1031	1032	en	kin	challenge_SSA-MTE	hyp1	News	NaN	-0.9709993004798889
1032	1033	en	kin	challenge_SSA-MTE	hyp1	News	NaN	-0.9709993004798889
1033	1034	en	kin	challenge_SSA-MTE	hyp1	News	NaN	-0.9709993004798889
1034	1035	en	kin	challenge_SSA-MTE	hyp1	News	NaN	-0.9709993004798889
1035	1036	en	kin	challenge_SSA-MTE	hyp1	News	NaN	-0.9709993004798889
1036	1037	en	kin	challenge_SSA-MTE	hyp1	News	NaN	-1.2519505023956299
1037	1038	en	kin	challenge_SSA-MTE	hyp1	News	NaN	-1.2519505023956299
1038	1039	en	kin	challenge_SSA-MTE	hyp1	News	NaN	-1.2519505023956299
1039	1040	en	kin	challenge_SSA-MTE	hyp1	News	NaN	-1.2519505023956299
1040	1041	en	kin	challenge_SSA-MTE	hyp1	News	NaN	-1.2519505023956299
1041	1042	en	kin	challenge_SSA-MTE	hyp1	News	NaN	-0.9984357357025146
1042	1043	en	kin	challenge_SSA-MTE	hyp1	News	NaN	-0.9984351992607117
1043	1044	en	kin	challenge_SSA-MTE	hyp1	News	NaN	-0.9984351992607117
1044	1045	en	kin	challenge_SSA-MTE	hyp1	News	NaN	-0.9984351992607117
1045	1046	en	kin	challenge_SSA-MTE	hyp1	News	NaN	-0.9984357357025146
1046	1047	en	kin	challenge_SSA-MTE	hyp1	News	NaN	-2.14457106590271
1047	1048	en	kin	challenge_SSA-MTE	hyp1	News	NaN	-2.14457106590271
1048	1049	en	kin	challenge_SSA-MTE	hyp1	News	NaN	-2.14457106590271
1049	1050	en	kin	challenge_SSA-MTE	hyp1	News	NaN	-2.14457106590271
1050	1051	en	kin	challenge_SSA-MTE	hyp1	News	NaN	-2.14457106590271
1051	1052	en	kin	challenge_SSA-MTE	hyp1	News	NaN	-2.14457106590271
1052	1053	en	kin	challenge_SSA-MTE	hyp1	News	NaN	-1.178676962852478
1053	1054	en	kin	challenge_SSA-MTE	hyp1	News	NaN	-1.178676962852478
1054	1055	en	kin	challenge_SSA-MTE	hyp1	News	NaN	-1.178676962852478
1055	1056	en	kin	challenge_SSA-MTE	hyp1	News	NaN	-1.178676962852478
1056	1057	en	kin	challenge_SSA-MTE	hyp1	News	NaN	-1.178676962852478
1057	1058	en	kin	challenge_SSA-MTE	hyp1	News	NaN	-1.178676962852478
1058	1059	en	kin	challenge_SSA-MTE	hyp1	News	NaN	-1.5687013864517212
1059	1060	en	kin	challenge_SSA-MTE	hyp1	News	NaN	-1.5687013864517212
1060	1061	en	kin	challenge_SSA-MTE	hyp1	News	NaN	-1.5687013864517212
1061	1062	en	kin	challenge_SSA-MTE	hyp1	News	NaN	-1.5687013864517212
1062	1063	en	kin	challenge_SSA-MTE	hyp1	News	NaN	-1.5687013864517212
1063	1064	en	kin	challenge_SSA-MTE	hyp1	News	NaN	-1.5687013864517212
1064	1065	en	kin	challenge_SSA-MTE	hyp1	News	NaN	-1.5336674451828003
1065	1066	en	kin	challenge_SSA-MTE	hyp1	News	NaN	-1.5336674451828003
1066	1067	en	kin	challenge_SSA-MTE	hyp1	News	NaN	-1.5336674451828003
1067	1068	en	kin	challenge_SSA-MTE	hyp1	News	NaN	-1.5336674451828003
1068	1069	en	kin	challenge_SSA-MTE	hyp1	News	NaN	-1.5336674451828003
1069	1070	en	kin	challenge_SSA-MTE	hyp1	News	NaN	-1.5336674451828003
1070	1071	en	kin	challenge_SSA-MTE	hyp1	News	NaN	-0.8347460031509399
1071	1072	en	kin	challenge_SSA-MTE	hyp1	News	NaN	-0.8347460031509399
1072	1073	en	kin	challenge_SSA-MTE	hyp1	News	NaN	-0.8347460031509399
1073	1074	en	kin	challenge_SSA-MTE	hyp1	News	NaN	-0.8347460031509399
1074	1075	en	kin	challenge_SSA-MTE	hyp1	News	NaN	-0.8347460031509399
1075	1076	en	kin	challenge_SSA-MTE	hyp1	News	NaN	-0.8347460031509399
1076	1077	en	kin	challenge_SSA-MTE	hyp1	News	NaN	-1.9115300178527832
1077	1078	en	kin	challenge_SSA-MTE	hyp1	News	NaN	-1.9115300178527832
1078	1079	en	kin	challenge_SSA-MTE	hyp1	News	NaN	-1.9115300178527832
1079	1080	en	kin	challenge_SSA-MTE	hyp1	News	NaN	-1.9115300178527832
1080	1081	en	kin	challenge_SSA-MTE	hyp1	News	NaN	-1.9115300178527832
1081	1082	en	kin	challenge_SSA-MTE	hyp1	News	NaN	-1.9115300178527832
1082	1083	en	kin	challenge_SSA-MTE	hyp1	News	NaN	-1.3748635053634644
1083	1084	en	kin	challenge_SSA-MTE	hyp1	News	NaN	-1.3748635053634644
1084	1085	en	kin	challenge_SSA-MTE	hyp1	News	NaN	-1.3748635053634644
1085	1086	en	kin	challenge_SSA-MTE	hyp1	News	NaN	-1.3748635053634644
1086	1087	en	kin	challenge_SSA-MTE	hyp1	News	NaN	-1.3748635053634644
1087	1088	en	kin	challenge_SSA-MTE	hyp1	News	NaN	-2.179764986038208
1088	1089	en	kin	challenge_SSA-MTE	hyp1	News	NaN	-2.179764986038208
1089	1090	en	kin	challenge_SSA-MTE	hyp1	News	NaN	-2.179764986038208
1090	1091	en	kin	challenge_SSA-MTE	hyp1	News	NaN	-2.179764986038208
1091	1092	en	kin	challenge_SSA-MTE	hyp1	News	NaN	-2.179764986038208
1092	1093	en	kin	challenge_SSA-MTE	hyp1	News	NaN	-2.179764986038208
1093	1094	en	kin	challenge_SSA-MTE	hyp1	News	NaN	-1.6559648513793945
1094	1095	en	kin	challenge_SSA-MTE	hyp1	News	NaN	-1.6559648513793945
1095	1096	en	kin	challenge_SSA-MTE	hyp1	News	NaN	-1.6559648513793945
1096	1097	en	kin	challenge_SSA-MTE	hyp1	News	NaN	-1.6559648513793945
1097	1098	en	kin	challenge_SSA-MTE	hyp1	News	NaN	-1.6559648513793945
1098	1099	en	kin	challenge_SSA-MTE	hyp1	News	NaN	-1.6559648513793945
1099	1100	en	kin	challenge_SSA-MTE	hyp1	News	NaN	-1.598702073097229
1100	1101	en	kin	challenge_SSA-MTE	hyp1	News	NaN	-1.598702073097229
1101	1102	en	kin	challenge_SSA-MTE	hyp1	News	NaN	-1.598702073097229
1102	1103	en	kin	challenge_SSA-MTE	hyp1	News	NaN	-1.598702073097229
1103	1104	en	kin	challenge_SSA-MTE	hyp1	News	NaN	-1.598702073097229
1104	1105	en	kin	challenge_SSA-MTE	hyp1	News	NaN	-1.598702073097229
1105	1106	en	kin	challenge_SSA-MTE	hyp1	News	NaN	-0.03391912579536438
1106	1107	en	kin	challenge_SSA-MTE	hyp1	News	NaN	-0.0339188277721405
1107	1108	en	kin	challenge_SSA-MTE	hyp1	News	NaN	-0.0339188277721405
1108	1109	en	kin	challenge_SSA-MTE	hyp1	News	NaN	-0.0339188277721405
1109	1110	en	kin	challenge_SSA-MTE	hyp1	News	NaN	-0.0339188277721405
1110	1111	en	kin	challenge_SSA-MTE	hyp1	News	NaN	-0.03391912579536438
1111	1112	en	kin	challenge_SSA-MTE	hyp1	News	NaN	-1.6019432544708252
1112	1113	en	kin	challenge_SSA-MTE	hyp1	News	NaN	-1.6019432544708252
1113	1114	en	kin	challenge_SSA-MTE	hyp1	News	NaN	-1.6019432544708252
1114	1115	en	kin	challenge_SSA-MTE	hyp1	News	NaN	-1.6019432544708252
1115	1116	en	kin	challenge_SSA-MTE	hyp1	News	NaN	-1.6019409894943237
1116	1117	en	kin	challenge_SSA-MTE	hyp1	News	NaN	-1.6019432544708252
1117	1118	en	kin	challenge_SSA-MTE	hyp1	News	NaN	-1.4011354446411133
1118	1119	en	kin	challenge_SSA-MTE	hyp1	News	NaN	-1.4011354446411133
1119	1120	en	kin	challenge_SSA-MTE	hyp1	News	NaN	-1.4011354446411133
1120	1121	en	kin	challenge_SSA-MTE	hyp1	News	NaN	-1.4011354446411133
1121	1122	en	kin	challenge_SSA-MTE	hyp1	News	NaN	-1.4011354446411133
1122	1123	en	kin	challenge_SSA-MTE	hyp1	News	NaN	-1.5521692037582397
1123	1124	en	kin	challenge_SSA-MTE	hyp1	News	NaN	-1.5521692037582397
1124	1125	en	kin	challenge_SSA-MTE	hyp1	News	NaN	-1.5521692037582397
1125	1126	en	kin	challenge_SSA-MTE	hyp1	News	NaN	-1.5521692037582397
1126	1127	en	kin	challenge_SSA-MTE	hyp1	News	NaN	-1.5521692037582397
1127	1128	en	kin	challenge_SSA-MTE	hyp1	News	NaN	-1.5521692037582397
1128	1129	en	kin	challenge_SSA-MTE	hyp1	News	NaN	-0.8270605802536011
1129	1130	en	kin	challenge_SSA-MTE	hyp1	News	NaN	-0.8270605802536011
1130	1131	en	kin	challenge_SSA-MTE	hyp1	News	NaN	-0.8270605802536011
1131	1132	en	kin	challenge_SSA-MTE	hyp1	News	NaN	-0.8270605802536011
1132	1133	en	kin	challenge_SSA-MTE	hyp1	News	NaN	-0.8270605802536011
1133	1134	en	kin	challenge_SSA-MTE	hyp1	News	NaN	-0.8270605802536011
1134	1135	en	kin	challenge_SSA-MTE	hyp1	News	NaN	-0.9761050939559937
1135	1136	en	kin	challenge_SSA-MTE	hyp1	News	NaN	-0.9761050939559937
1136	1137	en	kin	challenge_SSA-MTE	hyp1	News	NaN	-0.9761050939559937
1137	1138	en	kin	challenge_SSA-MTE	hyp1	News	NaN	-0.9761043787002563
1138	1139	en	kin	challenge_SSA-MTE	hyp1	News	NaN	-0.9761050939559937
1139	1140	en	kin	challenge_SSA-MTE	hyp1	News	NaN	-0.9761050939559937
1140	1141	en	kin	challenge_SSA-MTE	hyp1	News	NaN	-0.591372013092041
1141	1142	en	kin	challenge_SSA-MTE	hyp1	News	NaN	-0.5913704633712769
1142	1143	en	kin	challenge_SSA-MTE	hyp1	News	NaN	-0.5913704633712769
1143	1144	en	kin	challenge_SSA-MTE	hyp1	News	NaN	-0.5913704633712769
1144	1145	en	kin	challenge_SSA-MTE	hyp1	News	NaN	-0.5913704633712769
1145	1146	en	kin	challenge_SSA-MTE	hyp1	News	NaN	-0.5913704633712769
1146	1147	en	kin	challenge_SSA-MTE	hyp1	News	NaN	-1.6310993432998657
1147	1148	en	kin	challenge_SSA-MTE	hyp1	News	NaN	-1.6310993432998657
1148	1149	en	kin	challenge_SSA-MTE	hyp1	News	NaN	-1.6310993432998657
1149	1150	en	kin	challenge_SSA-MTE	hyp1	News	NaN	-1.6310993432998657
1150	1151	en	kin	challenge_SSA-MTE	hyp1	News	NaN	-1.6310993432998657
1151	1152	en	kin	challenge_SSA-MTE	hyp1	News	NaN	-1.6310993432998657
1152	1153	en	kin	challenge_SSA-MTE	hyp1	News	NaN	-0.6962543725967407
1153	1154	en	kin	challenge_SSA-MTE	hyp1	News	NaN	-0.6962543725967407
1154	1155	en	kin	challenge_SSA-MTE	hyp1	News	NaN	-0.6962543725967407
1155	1156	en	kin	challenge_SSA-MTE	hyp1	News	NaN	-0.6962543725967407
1156	1157	en	kin	challenge_SSA-MTE	hyp1	News	NaN	-0.6962543725967407
1157	1158	en	kin	challenge_SSA-MTE	hyp1	News	NaN	-0.6962543725967407
1158	1159	en	kin	challenge_SSA-MTE	hyp1	News	NaN	-1.1684454679489136
1159	1160	en	kin	challenge_SSA-MTE	hyp1	News	NaN	-1.1684454679489136
1160	1161	en	kin	challenge_SSA-MTE	hyp1	News	NaN	-1.1684454679489136
1161	1162	en	kin	challenge_SSA-MTE	hyp1	News	NaN	-1.1684454679489136
1162	1163	en	kin	challenge_SSA-MTE	hyp1	News	NaN	-1.1684472560882568
1163	1164	en	kin	challenge_SSA-MTE	hyp1	News	NaN	-1.1684472560882568
1164	1165	en	kin	challenge_SSA-MTE	hyp1	News	NaN	-1.736247181892395
1165	1166	en	kin	challenge_SSA-MTE	hyp1	News	NaN	-1.736247181892395
1166	1167	en	kin	challenge_SSA-MTE	hyp1	News	NaN	-1.736247181892395
1167	1168	en	kin	challenge_SSA-MTE	hyp1	News	NaN	-1.736247181892395
1168	1169	en	kin	challenge_SSA-MTE	hyp1	News	NaN	-1.736247181892395
1169	1170	en	kin	challenge_SSA-MTE	hyp1	News	NaN	-1.736247181892395
1170	1171	en	kin	challenge_SSA-MTE	hyp1	News	NaN	-1.0342239141464233
1171	1172	en	kin	challenge_SSA-MTE	hyp1	News	NaN	-1.0342239141464233
1172	1173	en	kin	challenge_SSA-MTE	hyp1	News	NaN	-1.0342239141464233
1173	1174	en	kin	challenge_SSA-MTE	hyp1	News	NaN	-1.0342239141464233
1174	1175	en	kin	challenge_SSA-MTE	hyp1	News	NaN	-1.0342239141464233
1175	1176	en	kin	challenge_SSA-MTE	hyp1	News	NaN	-1.0342239141464233
1176	1177	en	kin	challenge_SSA-MTE	hyp1	News	NaN	-0.9468162059783936
1177	1178	en	kin	challenge_SSA-MTE	hyp1	News	NaN	-0.9468162059783936
1178	1179	en	kin	challenge_SSA-MTE	hyp1	News	NaN	-0.9468162059783936
1179	1180	en	kin	challenge_SSA-MTE	hyp1	News	NaN	-0.9468158483505249
1180	1181	en	kin	challenge_SSA-MTE	hyp1	News	NaN	-0.9468158483505249
1181	1182	en	kin	challenge_SSA-MTE	hyp1	News	NaN	-0.9468162059783936
1182	1183	en	kin	challenge_SSA-MTE	hyp1	News	NaN	-1.3457236289978027
1183	1184	en	kin	challenge_SSA-MTE	hyp1	News	NaN	-1.3457236289978027
1184	1185	en	kin	challenge_SSA-MTE	hyp1	News	NaN	-1.3457236289978027
1185	1186	en	kin	challenge_SSA-MTE	hyp1	News	NaN	-1.3457236289978027
1186	1187	en	kin	challenge_SSA-MTE	hyp1	News	NaN	-1.3457236289978027
1187	1188	en	kin	challenge_SSA-MTE	hyp1	News	NaN	-1.474190354347229
1188	1189	en	kin	challenge_SSA-MTE	hyp1	News	NaN	-1.474190354347229
1189	1190	en	kin	challenge_SSA-MTE	hyp1	News	NaN	-1.474190354347229
1190	1191	en	kin	challenge_SSA-MTE	hyp1	News	NaN	-1.474190354347229
1191	1192	en	kin	challenge_SSA-MTE	hyp1	News	NaN	-1.474190354347229
1192	1193	en	kin	challenge_SSA-MTE	hyp1	News	NaN	-1.5838462114334106
1193	1194	en	kin	challenge_SSA-MTE	hyp1	News	NaN	-1.5838462114334106
1194	1195	en	kin	challenge_SSA-MTE	hyp1	News	NaN	-1.5838462114334106
1195	1196	en	kin	challenge_SSA-MTE	hyp1	News	NaN	-1.5838462114334106
1196	1197	en	kin	challenge_SSA-MTE	hyp1	News	NaN	-1.5838462114334106
1197	1198	en	kin	challenge_SSA-MTE	hyp1	News	NaN	-1.5838462114334106
1198	1199	en	kin	challenge_SSA-MTE	hyp1	News	NaN	-1.149809718132019
1199	1200	en	kin	challenge_SSA-MTE	hyp1	News	NaN	-1.149809718132019
1200	1201	en	kin	challenge_SSA-MTE	hyp1	News	NaN	-1.149809718132019
1201	1202	en	kin	challenge_SSA-MTE	hyp1	News	NaN	-1.149809718132019
1202	1203	en	kin	challenge_SSA-MTE	hyp1	News	NaN	-1.149809718132019
1203	1204	en	kin	challenge_SSA-MTE	hyp1	News	NaN	-1.14980947971344
1204	1205	en	kin	challenge_SSA-MTE	hyp1	News	NaN	-1.7327228784561157
1205	1206	en	kin	challenge_SSA-MTE	hyp1	News	NaN	-1.7327228784561157
1206	1207	en	kin	challenge_SSA-MTE	hyp1	News	NaN	-1.7327228784561157
1207	1208	en	kin	challenge_SSA-MTE	hyp1	News	NaN	-1.7327219247817993
1208	1209	en	kin	challenge_SSA-MTE	hyp1	News	NaN	-1.7327219247817993
1209	1210	en	kin	challenge_SSA-MTE	hyp1	News	NaN	-1.7327219247817993
0	1	en	luo	challenge_SSA-MTE	hyp1	News	NaN	0.22589822113513947
1	2	en	luo	challenge_SSA-MTE	hyp1	News	NaN	0.22589822113513947
2	3	en	luo	challenge_SSA-MTE	hyp1	News	NaN	0.22589822113513947
3	4	en	luo	challenge_SSA-MTE	hyp1	News	NaN	0.22589822113513947
4	5	en	luo	challenge_SSA-MTE	hyp1	News	NaN	0.22589822113513947
5	6	en	luo	challenge_SSA-MTE	hyp1	News	NaN	0.25532281398773193
6	7	en	luo	challenge_SSA-MTE	hyp1	News	NaN	0.25532281398773193
7	8	en	luo	challenge_SSA-MTE	hyp1	News	NaN	0.25532233715057373
8	9	en	luo	challenge_SSA-MTE	hyp1	News	NaN	0.25532281398773193
9	10	en	luo	challenge_SSA-MTE	hyp1	News	NaN	0.25532281398773193
10	11	en	luo	challenge_SSA-MTE	hyp1	News	NaN	0.25532281398773193
11	12	en	luo	challenge_SSA-MTE	hyp1	News	NaN	0.03482421115040779
12	13	en	luo	challenge_SSA-MTE	hyp1	News	NaN	0.03482421115040779
13	14	en	luo	challenge_SSA-MTE	hyp1	News	NaN	0.03482421115040779
14	15	en	luo	challenge_SSA-MTE	hyp1	News	NaN	0.03482421115040779
15	16	en	luo	challenge_SSA-MTE	hyp1	News	NaN	0.03482421115040779
16	17	en	luo	challenge_SSA-MTE	hyp1	News	NaN	0.03782236948609352
17	18	en	luo	challenge_SSA-MTE	hyp1	News	NaN	0.037821248173713684
18	19	en	luo	challenge_SSA-MTE	hyp1	News	NaN	0.037821248173713684
19	20	en	luo	challenge_SSA-MTE	hyp1	News	NaN	0.037821248173713684
20	21	en	luo	challenge_SSA-MTE	hyp1	News	NaN	0.037821248173713684
21	22	en	luo	challenge_SSA-MTE	hyp1	News	NaN	0.037821248173713684
22	23	en	luo	challenge_SSA-MTE	hyp1	News	NaN	-0.43960118293762207
23	24	en	luo	challenge_SSA-MTE	hyp1	News	NaN	-0.43960118293762207
24	25	en	luo	challenge_SSA-MTE	hyp1	News	NaN	-0.43960118293762207
25	26	en	luo	challenge_SSA-MTE	hyp1	News	NaN	-0.43960118293762207
26	27	en	luo	challenge_SSA-MTE	hyp1	News	NaN	-0.43960118293762207
27	28	en	luo	challenge_SSA-MTE	hyp1	News	NaN	-0.43960118293762207
28	29	en	luo	challenge_SSA-MTE	hyp1	News	NaN	-0.3170524835586548
29	30	en	luo	challenge_SSA-MTE	hyp1	News	NaN	-0.3170524835586548
30	31	en	luo	challenge_SSA-MTE	hyp1	News	NaN	-0.3170524835586548
31	32	en	luo	challenge_SSA-MTE	hyp1	News	NaN	-0.3170524835586548
32	33	en	luo	challenge_SSA-MTE	hyp1	News	NaN	-0.3170524835586548
33	34	en	luo	challenge_SSA-MTE	hyp1	News	NaN	-0.3170524835586548
34	35	en	luo	challenge_SSA-MTE	hyp1	News	NaN	0.3836694657802582
35	36	en	luo	challenge_SSA-MTE	hyp1	News	NaN	0.3836694657802582
36	37	en	luo	challenge_SSA-MTE	hyp1	News	NaN	0.3836694657802582
37	38	en	luo	challenge_SSA-MTE	hyp1	News	NaN	0.3836694657802582
38	39	en	luo	challenge_SSA-MTE	hyp1	News	NaN	0.3836694657802582
39	40	en	luo	challenge_SSA-MTE	hyp1	News	NaN	0.3836694657802582
40	41	en	luo	challenge_SSA-MTE	hyp1	News	NaN	-0.20550739765167236
41	42	en	luo	challenge_SSA-MTE	hyp1	News	NaN	-0.20550739765167236
42	43	en	luo	challenge_SSA-MTE	hyp1	News	NaN	-0.20550739765167236
43	44	en	luo	challenge_SSA-MTE	hyp1	News	NaN	-0.20550739765167236
44	45	en	luo	challenge_SSA-MTE	hyp1	News	NaN	-0.20550739765167236
45	46	en	luo	challenge_SSA-MTE	hyp1	News	NaN	-0.20550739765167236
46	47	en	luo	challenge_SSA-MTE	hyp1	News	NaN	-0.010029338300228119
47	48	en	luo	challenge_SSA-MTE	hyp1	News	NaN	-0.010029338300228119
48	49	en	luo	challenge_SSA-MTE	hyp1	News	NaN	-0.010029338300228119
49	50	en	luo	challenge_SSA-MTE	hyp1	News	NaN	-0.010029338300228119
50	51	en	luo	challenge_SSA-MTE	hyp1	News	NaN	-0.010029338300228119
51	52	en	luo	challenge_SSA-MTE	hyp1	News	NaN	-0.010029338300228119
52	53	en	luo	challenge_SSA-MTE	hyp1	News	NaN	0.017360465601086617
53	54	en	luo	challenge_SSA-MTE	hyp1	News	NaN	0.017360465601086617
54	55	en	luo	challenge_SSA-MTE	hyp1	News	NaN	0.017360465601086617
55	56	en	luo	challenge_SSA-MTE	hyp1	News	NaN	0.017360465601086617
56	57	en	luo	challenge_SSA-MTE	hyp1	News	NaN	0.017360465601086617
57	58	en	luo	challenge_SSA-MTE	hyp1	News	NaN	0.4407365024089813
58	59	en	luo	challenge_SSA-MTE	hyp1	News	NaN	0.4407365024089813
59	60	en	luo	challenge_SSA-MTE	hyp1	News	NaN	0.4407365024089813
60	61	en	luo	challenge_SSA-MTE	hyp1	News	NaN	0.4407365024089813
61	62	en	luo	challenge_SSA-MTE	hyp1	News	NaN	0.4407365024089813
62	63	en	luo	challenge_SSA-MTE	hyp1	News	NaN	0.4407365024089813
63	64	en	luo	challenge_SSA-MTE	hyp1	News	NaN	0.12598368525505066
64	65	en	luo	challenge_SSA-MTE	hyp1	News	NaN	0.12598368525505066
65	66	en	luo	challenge_SSA-MTE	hyp1	News	NaN	0.12598368525505066
66	67	en	luo	challenge_SSA-MTE	hyp1	News	NaN	0.12598368525505066
67	68	en	luo	challenge_SSA-MTE	hyp1	News	NaN	0.12598368525505066
68	69	en	luo	challenge_SSA-MTE	hyp1	News	NaN	0.12598368525505066
69	70	en	luo	challenge_SSA-MTE	hyp1	News	NaN	-0.11681359261274338
70	71	en	luo	challenge_SSA-MTE	hyp1	News	NaN	-0.11681359261274338
71	72	en	luo	challenge_SSA-MTE	hyp1	News	NaN	-0.11681359261274338
72	73	en	luo	challenge_SSA-MTE	hyp1	News	NaN	-0.11681359261274338
73	74	en	luo	challenge_SSA-MTE	hyp1	News	NaN	-0.11681359261274338
74	75	en	luo	challenge_SSA-MTE	hyp1	News	NaN	-0.11681359261274338
75	76	en	luo	challenge_SSA-MTE	hyp1	News	NaN	0.05579625070095062
76	77	en	luo	challenge_SSA-MTE	hyp1	News	NaN	0.05579625070095062
77	78	en	luo	challenge_SSA-MTE	hyp1	News	NaN	0.05579625070095062
78	79	en	luo	challenge_SSA-MTE	hyp1	News	NaN	0.05579625070095062
79	80	en	luo	challenge_SSA-MTE	hyp1	News	NaN	0.05579625070095062
80	81	en	luo	challenge_SSA-MTE	hyp1	News	NaN	0.05579625070095062
81	82	en	luo	challenge_SSA-MTE	hyp1	News	NaN	-0.46701183915138245
82	83	en	luo	challenge_SSA-MTE	hyp1	News	NaN	-0.46701183915138245
83	84	en	luo	challenge_SSA-MTE	hyp1	News	NaN	-0.46701183915138245
84	85	en	luo	challenge_SSA-MTE	hyp1	News	NaN	-0.46701183915138245
85	86	en	luo	challenge_SSA-MTE	hyp1	News	NaN	-0.46701183915138245
86	87	en	luo	challenge_SSA-MTE	hyp1	News	NaN	0.44405779242515564
87	88	en	luo	challenge_SSA-MTE	hyp1	News	NaN	0.4440577030181885
88	89	en	luo	challenge_SSA-MTE	hyp1	News	NaN	0.4440577030181885
89	90	en	luo	challenge_SSA-MTE	hyp1	News	NaN	0.4440577030181885
90	91	en	luo	challenge_SSA-MTE	hyp1	News	NaN	0.4440577030181885
91	92	en	luo	challenge_SSA-MTE	hyp1	News	NaN	0.4440577030181885
92	93	en	luo	challenge_SSA-MTE	hyp1	News	NaN	-0.46998709440231323
93	94	en	luo	challenge_SSA-MTE	hyp1	News	NaN	-0.46998709440231323
94	95	en	luo	challenge_SSA-MTE	hyp1	News	NaN	-0.46998709440231323
95	96	en	luo	challenge_SSA-MTE	hyp1	News	NaN	-0.46998709440231323
96	97	en	luo	challenge_SSA-MTE	hyp1	News	NaN	-0.46998709440231323
97	98	en	luo	challenge_SSA-MTE	hyp1	News	NaN	-0.46998709440231323
98	99	en	luo	challenge_SSA-MTE	hyp1	News	NaN	0.3953186869621277
99	100	en	luo	challenge_SSA-MTE	hyp1	News	NaN	0.3953186869621277
100	101	en	luo	challenge_SSA-MTE	hyp1	News	NaN	0.3953186869621277
101	102	en	luo	challenge_SSA-MTE	hyp1	News	NaN	0.3953186869621277
102	103	en	luo	challenge_SSA-MTE	hyp1	News	NaN	0.3953181505203247
103	104	en	luo	challenge_SSA-MTE	hyp1	News	NaN	0.3953181505203247
104	105	en	luo	challenge_SSA-MTE	hyp1	News	NaN	0.23104733228683472
105	106	en	luo	challenge_SSA-MTE	hyp1	News	NaN	0.23104733228683472
106	107	en	luo	challenge_SSA-MTE	hyp1	News	NaN	0.23104733228683472
107	108	en	luo	challenge_SSA-MTE	hyp1	News	NaN	0.23104733228683472
108	109	en	luo	challenge_SSA-MTE	hyp1	News	NaN	0.23104733228683472
109	110	en	luo	challenge_SSA-MTE	hyp1	News	NaN	0.23104733228683472
110	111	en	luo	challenge_SSA-MTE	hyp1	News	NaN	-0.47229278087615967
111	112	en	luo	challenge_SSA-MTE	hyp1	News	NaN	-0.47229278087615967
112	113	en	luo	challenge_SSA-MTE	hyp1	News	NaN	-0.472293496131897
113	114	en	luo	challenge_SSA-MTE	hyp1	News	NaN	-0.472293496131897
114	115	en	luo	challenge_SSA-MTE	hyp1	News	NaN	-0.472293496131897
115	116	en	luo	challenge_SSA-MTE	hyp1	News	NaN	-0.472293496131897
116	117	en	luo	challenge_SSA-MTE	hyp1	News	NaN	-0.3043699562549591
117	118	en	luo	challenge_SSA-MTE	hyp1	News	NaN	-0.30436769127845764
118	119	en	luo	challenge_SSA-MTE	hyp1	News	NaN	-0.30436769127845764
119	120	en	luo	challenge_SSA-MTE	hyp1	News	NaN	-0.3043699562549591
120	121	en	luo	challenge_SSA-MTE	hyp1	News	NaN	-0.3043699562549591
121	122	en	luo	challenge_SSA-MTE	hyp1	News	NaN	-0.3043699562549591
122	123	en	luo	challenge_SSA-MTE	hyp1	News	NaN	0.03506726026535034
123	124	en	luo	challenge_SSA-MTE	hyp1	News	NaN	0.03506726026535034
124	125	en	luo	challenge_SSA-MTE	hyp1	News	NaN	0.03506726026535034
125	126	en	luo	challenge_SSA-MTE	hyp1	News	NaN	0.03506726026535034
126	127	en	luo	challenge_SSA-MTE	hyp1	News	NaN	0.03506726026535034
127	128	en	luo	challenge_SSA-MTE	hyp1	News	NaN	-0.4253552556037903
128	129	en	luo	challenge_SSA-MTE	hyp1	News	NaN	-0.4253552556037903
129	130	en	luo	challenge_SSA-MTE	hyp1	News	NaN	-0.4253552556037903
130	131	en	luo	challenge_SSA-MTE	hyp1	News	NaN	-0.4253552556037903
131	132	en	luo	challenge_SSA-MTE	hyp1	News	NaN	-0.4253552556037903
132	133	en	luo	challenge_SSA-MTE	hyp1	News	NaN	-0.8727111220359802
133	134	en	luo	challenge_SSA-MTE	hyp1	News	NaN	-0.8727111220359802
134	135	en	luo	challenge_SSA-MTE	hyp1	News	NaN	-0.8727111220359802
135	136	en	luo	challenge_SSA-MTE	hyp1	News	NaN	-0.8727104663848877
136	137	en	luo	challenge_SSA-MTE	hyp1	News	NaN	-0.8727111220359802
137	138	en	luo	challenge_SSA-MTE	hyp1	News	NaN	-0.8727111220359802
138	139	en	luo	challenge_SSA-MTE	hyp1	News	NaN	0.046189721673727036
139	140	en	luo	challenge_SSA-MTE	hyp1	News	NaN	0.046189721673727036
140	141	en	luo	challenge_SSA-MTE	hyp1	News	NaN	0.046189721673727036
141	142	en	luo	challenge_SSA-MTE	hyp1	News	NaN	0.04618970677256584
142	143	en	luo	challenge_SSA-MTE	hyp1	News	NaN	0.04618849977850914
143	144	en	luo	challenge_SSA-MTE	hyp1	News	NaN	0.04618849977850914
144	145	en	luo	challenge_SSA-MTE	hyp1	News	NaN	-0.22192621231079102
145	146	en	luo	challenge_SSA-MTE	hyp1	News	NaN	-0.22192621231079102
146	147	en	luo	challenge_SSA-MTE	hyp1	News	NaN	-0.22192621231079102
147	148	en	luo	challenge_SSA-MTE	hyp1	News	NaN	-0.22192621231079102
148	149	en	luo	challenge_SSA-MTE	hyp1	News	NaN	-0.22192621231079102
149	150	en	luo	challenge_SSA-MTE	hyp1	News	NaN	-0.22192621231079102
150	151	en	luo	challenge_SSA-MTE	hyp1	News	NaN	0.25348126888275146
151	152	en	luo	challenge_SSA-MTE	hyp1	News	NaN	0.25348126888275146
152	153	en	luo	challenge_SSA-MTE	hyp1	News	NaN	0.25348126888275146
153	154	en	luo	challenge_SSA-MTE	hyp1	News	NaN	0.25348126888275146
154	155	en	luo	challenge_SSA-MTE	hyp1	News	NaN	0.25348126888275146
155	156	en	luo	challenge_SSA-MTE	hyp1	News	NaN	0.25348126888275146
156	157	en	luo	challenge_SSA-MTE	hyp1	News	NaN	0.1948065161705017
157	158	en	luo	challenge_SSA-MTE	hyp1	News	NaN	0.1948065161705017
158	159	en	luo	challenge_SSA-MTE	hyp1	News	NaN	0.1948065161705017
159	160	en	luo	challenge_SSA-MTE	hyp1	News	NaN	0.1948065161705017
160	161	en	luo	challenge_SSA-MTE	hyp1	News	NaN	0.1948065161705017
161	162	en	luo	challenge_SSA-MTE	hyp1	News	NaN	-0.37753671407699585
162	163	en	luo	challenge_SSA-MTE	hyp1	News	NaN	-0.37753671407699585
163	164	en	luo	challenge_SSA-MTE	hyp1	News	NaN	-0.37753671407699585
164	165	en	luo	challenge_SSA-MTE	hyp1	News	NaN	-0.37753671407699585
165	166	en	luo	challenge_SSA-MTE	hyp1	News	NaN	-0.37753671407699585
166	167	en	luo	challenge_SSA-MTE	hyp1	News	NaN	-0.37753671407699585
167	168	en	luo	challenge_SSA-MTE	hyp1	News	NaN	0.3071703314781189
168	169	en	luo	challenge_SSA-MTE	hyp1	News	NaN	0.3071703314781189
169	170	en	luo	challenge_SSA-MTE	hyp1	News	NaN	0.3071703314781189
170	171	en	luo	challenge_SSA-MTE	hyp1	News	NaN	0.3071703314781189
171	172	en	luo	challenge_SSA-MTE	hyp1	News	NaN	0.3071703314781189
172	173	en	luo	challenge_SSA-MTE	hyp1	News	NaN	0.3071703314781189
173	174	en	luo	challenge_SSA-MTE	hyp1	News	NaN	0.10195503383874893
174	175	en	luo	challenge_SSA-MTE	hyp1	News	NaN	0.10195503383874893
175	176	en	luo	challenge_SSA-MTE	hyp1	News	NaN	0.10195503383874893
176	177	en	luo	challenge_SSA-MTE	hyp1	News	NaN	0.10195503383874893
177	178	en	luo	challenge_SSA-MTE	hyp1	News	NaN	0.10195503383874893
178	179	en	luo	challenge_SSA-MTE	hyp1	News	NaN	0.10195503383874893
179	180	en	luo	challenge_SSA-MTE	hyp1	News	NaN	0.07657084614038467
180	181	en	luo	challenge_SSA-MTE	hyp1	News	NaN	0.07657084614038467
181	182	en	luo	challenge_SSA-MTE	hyp1	News	NaN	0.07657084614038467
182	183	en	luo	challenge_SSA-MTE	hyp1	News	NaN	0.07657084614038467
183	184	en	luo	challenge_SSA-MTE	hyp1	News	NaN	0.07657084614038467
184	185	en	luo	challenge_SSA-MTE	hyp1	News	NaN	0.07657084614038467
185	186	en	luo	challenge_SSA-MTE	hyp1	News	NaN	-0.6073082685470581
186	187	en	luo	challenge_SSA-MTE	hyp1	News	NaN	-0.6073082685470581
187	188	en	luo	challenge_SSA-MTE	hyp1	News	NaN	-0.6073082685470581
188	189	en	luo	challenge_SSA-MTE	hyp1	News	NaN	-0.6073082685470581
189	190	en	luo	challenge_SSA-MTE	hyp1	News	NaN	-0.6073082685470581
190	191	en	luo	challenge_SSA-MTE	hyp1	News	NaN	-0.6073093414306641
191	192	en	luo	challenge_SSA-MTE	hyp1	News	NaN	0.22055530548095703
192	193	en	luo	challenge_SSA-MTE	hyp1	News	NaN	0.22055530548095703
193	194	en	luo	challenge_SSA-MTE	hyp1	News	NaN	0.22055530548095703
194	195	en	luo	challenge_SSA-MTE	hyp1	News	NaN	0.22055530548095703
195	196	en	luo	challenge_SSA-MTE	hyp1	News	NaN	0.22055530548095703
196	197	en	luo	challenge_SSA-MTE	hyp1	News	NaN	0.22055530548095703
197	198	en	luo	challenge_SSA-MTE	hyp1	News	NaN	-0.1211337000131607
198	199	en	luo	challenge_SSA-MTE	hyp1	News	NaN	-0.1211337000131607
199	200	en	luo	challenge_SSA-MTE	hyp1	News	NaN	-0.1211337000131607
200	201	en	luo	challenge_SSA-MTE	hyp1	News	NaN	-0.1211337000131607
201	202	en	luo	challenge_SSA-MTE	hyp1	News	NaN	-0.1211337000131607
202	203	en	luo	challenge_SSA-MTE	hyp1	News	NaN	-0.008754052221775055
203	204	en	luo	challenge_SSA-MTE	hyp1	News	NaN	-0.008754052221775055
204	205	en	luo	challenge_SSA-MTE	hyp1	News	NaN	-0.008754052221775055
205	206	en	luo	challenge_SSA-MTE	hyp1	News	NaN	-0.008754052221775055
206	207	en	luo	challenge_SSA-MTE	hyp1	News	NaN	-0.008754052221775055
207	208	en	luo	challenge_SSA-MTE	hyp1	News	NaN	-0.008754052221775055
208	209	en	luo	challenge_SSA-MTE	hyp1	News	NaN	-1.0171318054199219
209	210	en	luo	challenge_SSA-MTE	hyp1	News	NaN	-1.0171318054199219
210	211	en	luo	challenge_SSA-MTE	hyp1	News	NaN	-1.0171318054199219
211	212	en	luo	challenge_SSA-MTE	hyp1	News	NaN	-1.0171318054199219
212	213	en	luo	challenge_SSA-MTE	hyp1	News	NaN	-1.0171318054199219
213	214	en	luo	challenge_SSA-MTE	hyp1	News	NaN	-1.0171318054199219
214	215	en	luo	challenge_SSA-MTE	hyp1	News	NaN	0.12366362661123276
215	216	en	luo	challenge_SSA-MTE	hyp1	News	NaN	0.12366362661123276
216	217	en	luo	challenge_SSA-MTE	hyp1	News	NaN	0.12366362661123276
217	218	en	luo	challenge_SSA-MTE	hyp1	News	NaN	0.12366362661123276
218	219	en	luo	challenge_SSA-MTE	hyp1	News	NaN	0.12366362661123276
219	220	en	luo	challenge_SSA-MTE	hyp1	News	NaN	0.12366362661123276
220	221	en	luo	challenge_SSA-MTE	hyp1	News	NaN	0.1302204430103302
221	222	en	luo	challenge_SSA-MTE	hyp1	News	NaN	0.1302211880683899
222	223	en	luo	challenge_SSA-MTE	hyp1	News	NaN	0.1302204430103302
223	224	en	luo	challenge_SSA-MTE	hyp1	News	NaN	0.1302204430103302
224	225	en	luo	challenge_SSA-MTE	hyp1	News	NaN	0.1302204430103302
225	226	en	luo	challenge_SSA-MTE	hyp1	News	NaN	0.1302211880683899
226	227	en	luo	challenge_SSA-MTE	hyp1	News	NaN	0.19118797779083252
227	228	en	luo	challenge_SSA-MTE	hyp1	News	NaN	0.19118797779083252
228	229	en	luo	challenge_SSA-MTE	hyp1	News	NaN	0.19118797779083252
229	230	en	luo	challenge_SSA-MTE	hyp1	News	NaN	0.19118797779083252
230	231	en	luo	challenge_SSA-MTE	hyp1	News	NaN	0.19118797779083252
231	232	en	luo	challenge_SSA-MTE	hyp1	News	NaN	0.19118797779083252
232	233	en	luo	challenge_SSA-MTE	hyp1	News	NaN	-0.2849304974079132
233	234	en	luo	challenge_SSA-MTE	hyp1	News	NaN	-0.2849304974079132
234	235	en	luo	challenge_SSA-MTE	hyp1	News	NaN	-0.2849304974079132
235	236	en	luo	challenge_SSA-MTE	hyp1	News	NaN	-0.2849304974079132
236	237	en	luo	challenge_SSA-MTE	hyp1	News	NaN	-0.2849304974079132
237	238	en	luo	challenge_SSA-MTE	hyp1	News	NaN	-0.2849304974079132
238	239	en	luo	challenge_SSA-MTE	hyp1	News	NaN	-0.08674376457929611
239	240	en	luo	challenge_SSA-MTE	hyp1	News	NaN	-0.08674376457929611
240	241	en	luo	challenge_SSA-MTE	hyp1	News	NaN	-0.08674376457929611
241	242	en	luo	challenge_SSA-MTE	hyp1	News	NaN	-0.08674376457929611
242	243	en	luo	challenge_SSA-MTE	hyp1	News	NaN	-0.21633532643318176
243	244	en	luo	challenge_SSA-MTE	hyp1	News	NaN	-0.21633532643318176
244	245	en	luo	challenge_SSA-MTE	hyp1	News	NaN	-0.21633532643318176
245	246	en	luo	challenge_SSA-MTE	hyp1	News	NaN	-0.21633532643318176
246	247	en	luo	challenge_SSA-MTE	hyp1	News	NaN	-0.21633532643318176
247	248	en	luo	challenge_SSA-MTE	hyp1	News	NaN	-0.21633532643318176
248	249	en	luo	challenge_SSA-MTE	hyp1	News	NaN	-0.031823962926864624
249	250	en	luo	challenge_SSA-MTE	hyp1	News	NaN	-0.031823962926864624
250	251	en	luo	challenge_SSA-MTE	hyp1	News	NaN	-0.031820088624954224
251	252	en	luo	challenge_SSA-MTE	hyp1	News	NaN	-0.031820088624954224
252	253	en	luo	challenge_SSA-MTE	hyp1	News	NaN	-0.031820088624954224
253	254	en	luo	challenge_SSA-MTE	hyp1	News	NaN	-0.05393826961517334
254	255	en	luo	challenge_SSA-MTE	hyp1	News	NaN	-0.05393826961517334
255	256	en	luo	challenge_SSA-MTE	hyp1	News	NaN	-0.05393826961517334
256	257	en	luo	challenge_SSA-MTE	hyp1	News	NaN	-0.05393826961517334
257	258	en	luo	challenge_SSA-MTE	hyp1	News	NaN	-0.05393826961517334
258	259	en	luo	challenge_SSA-MTE	hyp1	News	NaN	-0.05393826961517334
259	260	en	luo	challenge_SSA-MTE	hyp1	News	NaN	-0.07273746281862259
260	261	en	luo	challenge_SSA-MTE	hyp1	News	NaN	-0.07273746281862259
261	262	en	luo	challenge_SSA-MTE	hyp1	News	NaN	-0.07273746281862259
262	263	en	luo	challenge_SSA-MTE	hyp1	News	NaN	-0.07273746281862259
263	264	en	luo	challenge_SSA-MTE	hyp1	News	NaN	-0.07273746281862259
264	265	en	luo	challenge_SSA-MTE	hyp1	News	NaN	-0.07273746281862259
265	266	en	luo	challenge_SSA-MTE	hyp1	News	NaN	-0.2989700138568878
266	267	en	luo	challenge_SSA-MTE	hyp1	News	NaN	-0.2989700138568878
267	268	en	luo	challenge_SSA-MTE	hyp1	News	NaN	-0.2989700138568878
268	269	en	luo	challenge_SSA-MTE	hyp1	News	NaN	-0.2989700138568878
269	270	en	luo	challenge_SSA-MTE	hyp1	News	NaN	-0.2989700138568878
270	271	en	luo	challenge_SSA-MTE	hyp1	News	NaN	-0.2989700138568878
271	272	en	luo	challenge_SSA-MTE	hyp1	News	NaN	-0.28790464997291565
272	273	en	luo	challenge_SSA-MTE	hyp1	News	NaN	-0.28790464997291565
273	274	en	luo	challenge_SSA-MTE	hyp1	News	NaN	-0.28790464997291565
274	275	en	luo	challenge_SSA-MTE	hyp1	News	NaN	-0.28790464997291565
275	276	en	luo	challenge_SSA-MTE	hyp1	News	NaN	-0.28790464997291565
276	277	en	luo	challenge_SSA-MTE	hyp1	News	NaN	-0.28790464997291565
277	278	en	luo	challenge_SSA-MTE	hyp1	News	NaN	-0.40951937437057495
278	279	en	luo	challenge_SSA-MTE	hyp1	News	NaN	-0.40951937437057495
279	280	en	luo	challenge_SSA-MTE	hyp1	News	NaN	-0.40952005982398987
280	281	en	luo	challenge_SSA-MTE	hyp1	News	NaN	-0.40951842069625854
281	282	en	luo	challenge_SSA-MTE	hyp1	News	NaN	-0.40951842069625854
282	283	en	luo	challenge_SSA-MTE	hyp1	News	NaN	-0.40951842069625854
283	284	en	luo	challenge_SSA-MTE	hyp1	News	NaN	-0.4764983355998993
284	285	en	luo	challenge_SSA-MTE	hyp1	News	NaN	-0.4764983355998993
285	286	en	luo	challenge_SSA-MTE	hyp1	News	NaN	-0.4764983355998993
286	287	en	luo	challenge_SSA-MTE	hyp1	News	NaN	-0.4764983355998993
287	288	en	luo	challenge_SSA-MTE	hyp1	News	NaN	-0.4764983355998993
288	289	en	luo	challenge_SSA-MTE	hyp1	News	NaN	-0.4764983355998993
289	290	en	luo	challenge_SSA-MTE	hyp1	News	NaN	-0.6573498249053955
290	291	en	luo	challenge_SSA-MTE	hyp1	News	NaN	-0.6573498249053955
291	292	en	luo	challenge_SSA-MTE	hyp1	News	NaN	-0.6573498249053955
292	293	en	luo	challenge_SSA-MTE	hyp1	News	NaN	-0.6573498249053955
293	294	en	luo	challenge_SSA-MTE	hyp1	News	NaN	-0.6573498249053955
294	295	en	luo	challenge_SSA-MTE	hyp1	News	NaN	-0.9882946014404297
295	296	en	luo	challenge_SSA-MTE	hyp1	News	NaN	-0.9882946014404297
296	297	en	luo	challenge_SSA-MTE	hyp1	News	NaN	-0.9882946014404297
297	298	en	luo	challenge_SSA-MTE	hyp1	News	NaN	-0.9882946014404297
298	299	en	luo	challenge_SSA-MTE	hyp1	News	NaN	-0.9882946014404297
299	300	en	luo	challenge_SSA-MTE	hyp1	News	NaN	-0.9882946014404297
300	301	en	luo	challenge_SSA-MTE	hyp1	News	NaN	-0.0657108724117279
301	302	en	luo	challenge_SSA-MTE	hyp1	News	NaN	-0.0657108724117279
302	303	en	luo	challenge_SSA-MTE	hyp1	News	NaN	-0.0657108724117279
303	304	en	luo	challenge_SSA-MTE	hyp1	News	NaN	-0.0657108724117279
304	305	en	luo	challenge_SSA-MTE	hyp1	News	NaN	-0.0657108724117279
305	306	en	luo	challenge_SSA-MTE	hyp1	News	NaN	-0.0657108724117279
306	307	en	luo	challenge_SSA-MTE	hyp1	News	NaN	0.07779530435800552
307	308	en	luo	challenge_SSA-MTE	hyp1	News	NaN	0.07779530435800552
308	309	en	luo	challenge_SSA-MTE	hyp1	News	NaN	0.07779530435800552
309	310	en	luo	challenge_SSA-MTE	hyp1	News	NaN	0.07779530435800552
310	311	en	luo	challenge_SSA-MTE	hyp1	News	NaN	0.07779672741889954
311	312	en	luo	challenge_SSA-MTE	hyp1	News	NaN	0.07779379934072495
312	313	en	luo	challenge_SSA-MTE	hyp1	News	NaN	-0.21162855625152588
313	314	en	luo	challenge_SSA-MTE	hyp1	News	NaN	-0.21162855625152588
314	315	en	luo	challenge_SSA-MTE	hyp1	News	NaN	-0.21162855625152588
315	316	en	luo	challenge_SSA-MTE	hyp1	News	NaN	-0.21162855625152588
316	317	en	luo	challenge_SSA-MTE	hyp1	News	NaN	-0.21162855625152588
317	318	en	luo	challenge_SSA-MTE	hyp1	News	NaN	-0.21162855625152588
318	319	en	luo	challenge_SSA-MTE	hyp1	News	NaN	-1.0668097734451294
319	320	en	luo	challenge_SSA-MTE	hyp1	News	NaN	-1.0668097734451294
320	321	en	luo	challenge_SSA-MTE	hyp1	News	NaN	-1.0668097734451294
321	322	en	luo	challenge_SSA-MTE	hyp1	News	NaN	-1.0668097734451294
322	323	en	luo	challenge_SSA-MTE	hyp1	News	NaN	-1.0668097734451294
323	324	en	luo	challenge_SSA-MTE	hyp1	News	NaN	-1.0668097734451294
324	325	en	luo	challenge_SSA-MTE	hyp1	News	NaN	-0.49908366799354553
325	326	en	luo	challenge_SSA-MTE	hyp1	News	NaN	-0.49908366799354553
326	327	en	luo	challenge_SSA-MTE	hyp1	News	NaN	-0.49908366799354553
327	328	en	luo	challenge_SSA-MTE	hyp1	News	NaN	-0.49908366799354553
328	329	en	luo	challenge_SSA-MTE	hyp1	News	NaN	-0.49908366799354553
329	330	en	luo	challenge_SSA-MTE	hyp1	News	NaN	-0.49908366799354553
330	331	en	luo	challenge_SSA-MTE	hyp1	News	NaN	-1.5126134157180786
331	332	en	luo	challenge_SSA-MTE	hyp1	News	NaN	-1.5126134157180786
332	333	en	luo	challenge_SSA-MTE	hyp1	News	NaN	-1.5126134157180786
333	334	en	luo	challenge_SSA-MTE	hyp1	News	NaN	-1.5126134157180786
334	335	en	luo	challenge_SSA-MTE	hyp1	News	NaN	-1.5126134157180786
335	336	en	luo	challenge_SSA-MTE	hyp1	News	NaN	-0.17150066792964935
336	337	en	luo	challenge_SSA-MTE	hyp1	News	NaN	-0.17150066792964935
337	338	en	luo	challenge_SSA-MTE	hyp1	News	NaN	-0.17150066792964935
338	339	en	luo	challenge_SSA-MTE	hyp1	News	NaN	-0.17150066792964935
339	340	en	luo	challenge_SSA-MTE	hyp1	News	NaN	-0.17150066792964935
340	341	en	luo	challenge_SSA-MTE	hyp1	News	NaN	-0.17150066792964935
341	342	en	luo	challenge_SSA-MTE	hyp1	News	NaN	-0.28857123851776123
342	343	en	luo	challenge_SSA-MTE	hyp1	News	NaN	-0.28857123851776123
343	344	en	luo	challenge_SSA-MTE	hyp1	News	NaN	-0.28857123851776123
344	345	en	luo	challenge_SSA-MTE	hyp1	News	NaN	-0.28857123851776123
345	346	en	luo	challenge_SSA-MTE	hyp1	News	NaN	-0.2885775566101074
346	347	en	luo	challenge_SSA-MTE	hyp1	News	NaN	-0.2885775566101074
347	348	en	luo	challenge_SSA-MTE	hyp1	News	NaN	0.061743248254060745
348	349	en	luo	challenge_SSA-MTE	hyp1	News	NaN	0.061743248254060745
349	350	en	luo	challenge_SSA-MTE	hyp1	News	NaN	0.061743248254060745
350	351	en	luo	challenge_SSA-MTE	hyp1	News	NaN	0.061743054538965225
351	352	en	luo	challenge_SSA-MTE	hyp1	News	NaN	0.061743248254060745
352	353	en	luo	challenge_SSA-MTE	hyp1	News	NaN	0.061743248254060745
353	354	en	luo	challenge_SSA-MTE	hyp1	News	NaN	0.03965158388018608
354	355	en	luo	challenge_SSA-MTE	hyp1	News	NaN	0.03965158388018608
355	356	en	luo	challenge_SSA-MTE	hyp1	News	NaN	0.03965158388018608
356	357	en	luo	challenge_SSA-MTE	hyp1	News	NaN	0.03965158388018608
357	358	en	luo	challenge_SSA-MTE	hyp1	News	NaN	0.03965158388018608
358	359	en	luo	challenge_SSA-MTE	hyp1	News	NaN	0.03965158388018608
359	360	en	luo	challenge_SSA-MTE	hyp1	News	NaN	-0.9917405843734741
360	361	en	luo	challenge_SSA-MTE	hyp1	News	NaN	-0.9917405843734741
361	362	en	luo	challenge_SSA-MTE	hyp1	News	NaN	-0.9917405843734741
362	363	en	luo	challenge_SSA-MTE	hyp1	News	NaN	-0.9917405843734741
363	364	en	luo	challenge_SSA-MTE	hyp1	News	NaN	-0.9917405843734741
364	365	en	luo	challenge_SSA-MTE	hyp1	News	NaN	-0.9917405843734741
365	366	en	luo	challenge_SSA-MTE	hyp1	News	NaN	-0.09469524770975113
366	367	en	luo	challenge_SSA-MTE	hyp1	News	NaN	-0.09469524770975113
367	368	en	luo	challenge_SSA-MTE	hyp1	News	NaN	-0.09469524770975113
368	369	en	luo	challenge_SSA-MTE	hyp1	News	NaN	-0.09469524770975113
369	370	en	luo	challenge_SSA-MTE	hyp1	News	NaN	-0.09469524770975113
370	371	en	luo	challenge_SSA-MTE	hyp1	News	NaN	-0.09469667822122574
371	372	en	luo	challenge_SSA-MTE	hyp1	News	NaN	-0.44524329900741577
372	373	en	luo	challenge_SSA-MTE	hyp1	News	NaN	-0.44524329900741577
373	374	en	luo	challenge_SSA-MTE	hyp1	News	NaN	-0.44524329900741577
374	375	en	luo	challenge_SSA-MTE	hyp1	News	NaN	-0.44524329900741577
375	376	en	luo	challenge_SSA-MTE	hyp1	News	NaN	-0.44524329900741577
376	377	en	luo	challenge_SSA-MTE	hyp1	News	NaN	-0.44524329900741577
377	378	en	luo	challenge_SSA-MTE	hyp1	News	NaN	-0.45542606711387634
378	379	en	luo	challenge_SSA-MTE	hyp1	News	NaN	-0.45542606711387634
379	380	en	luo	challenge_SSA-MTE	hyp1	News	NaN	-0.45542606711387634
380	381	en	luo	challenge_SSA-MTE	hyp1	News	NaN	-0.45542606711387634
381	382	en	luo	challenge_SSA-MTE	hyp1	News	NaN	-0.45542606711387634
382	383	en	luo	challenge_SSA-MTE	hyp1	News	NaN	-0.45542606711387634
383	384	en	luo	challenge_SSA-MTE	hyp1	News	NaN	-0.32700115442276
384	385	en	luo	challenge_SSA-MTE	hyp1	News	NaN	-0.32700115442276
385	386	en	luo	challenge_SSA-MTE	hyp1	News	NaN	-0.32700115442276
386	387	en	luo	challenge_SSA-MTE	hyp1	News	NaN	-0.32700115442276
387	388	en	luo	challenge_SSA-MTE	hyp1	News	NaN	-0.32700115442276
388	389	en	luo	challenge_SSA-MTE	hyp1	News	NaN	-0.32700115442276
389	390	en	luo	challenge_SSA-MTE	hyp1	News	NaN	-1.135311245918274
390	391	en	luo	challenge_SSA-MTE	hyp1	News	NaN	-1.135311245918274
391	392	en	luo	challenge_SSA-MTE	hyp1	News	NaN	-1.135313630104065
392	393	en	luo	challenge_SSA-MTE	hyp1	News	NaN	-1.135311245918274
393	394	en	luo	challenge_SSA-MTE	hyp1	News	NaN	-1.135311245918274
394	395	en	luo	challenge_SSA-MTE	hyp1	News	NaN	-1.135311245918274
395	396	en	luo	challenge_SSA-MTE	hyp1	News	NaN	0.12337895482778549
396	397	en	luo	challenge_SSA-MTE	hyp1	News	NaN	0.12337895482778549
397	398	en	luo	challenge_SSA-MTE	hyp1	News	NaN	0.12337895482778549
398	399	en	luo	challenge_SSA-MTE	hyp1	News	NaN	0.12337895482778549
399	400	en	luo	challenge_SSA-MTE	hyp1	News	NaN	0.12337895482778549
400	401	en	luo	challenge_SSA-MTE	hyp1	News	NaN	0.12337895482778549
401	402	en	luo	challenge_SSA-MTE	hyp1	News	NaN	-0.06835109740495682
402	403	en	luo	challenge_SSA-MTE	hyp1	News	NaN	-0.06835109740495682
403	404	en	luo	challenge_SSA-MTE	hyp1	News	NaN	-0.06835109740495682
404	405	en	luo	challenge_SSA-MTE	hyp1	News	NaN	-0.06835109740495682
405	406	en	luo	challenge_SSA-MTE	hyp1	News	NaN	-0.06835109740495682
406	407	en	luo	challenge_SSA-MTE	hyp1	News	NaN	-0.06835109740495682
407	408	en	luo	challenge_SSA-MTE	hyp1	News	NaN	-0.5268346071243286
408	409	en	luo	challenge_SSA-MTE	hyp1	News	NaN	-0.5268346071243286
409	410	en	luo	challenge_SSA-MTE	hyp1	News	NaN	-0.5268346071243286
410	411	en	luo	challenge_SSA-MTE	hyp1	News	NaN	-0.5268346071243286
411	412	en	luo	challenge_SSA-MTE	hyp1	News	NaN	-0.5268346071243286
412	413	en	luo	challenge_SSA-MTE	hyp1	News	NaN	-0.5268346071243286
413	414	en	luo	challenge_SSA-MTE	hyp1	News	NaN	-1.0812219381332397
414	415	en	luo	challenge_SSA-MTE	hyp1	News	NaN	-1.0812219381332397
415	416	en	luo	challenge_SSA-MTE	hyp1	News	NaN	-1.0812219381332397
416	417	en	luo	challenge_SSA-MTE	hyp1	News	NaN	-1.0812219381332397
417	418	en	luo	challenge_SSA-MTE	hyp1	News	NaN	-1.0812219381332397
418	419	en	luo	challenge_SSA-MTE	hyp1	News	NaN	-1.0812219381332397
419	420	en	luo	challenge_SSA-MTE	hyp1	News	NaN	-0.2101258784532547
420	421	en	luo	challenge_SSA-MTE	hyp1	News	NaN	-0.2101258784532547
421	422	en	luo	challenge_SSA-MTE	hyp1	News	NaN	-0.2101258784532547
422	423	en	luo	challenge_SSA-MTE	hyp1	News	NaN	-0.2101258784532547
423	424	en	luo	challenge_SSA-MTE	hyp1	News	NaN	-0.2101258784532547
424	425	en	luo	challenge_SSA-MTE	hyp1	News	NaN	-0.2101258784532547
425	426	en	luo	challenge_SSA-MTE	hyp1	News	NaN	-0.821711540222168
426	427	en	luo	challenge_SSA-MTE	hyp1	News	NaN	-0.821711540222168
427	428	en	luo	challenge_SSA-MTE	hyp1	News	NaN	-0.821711540222168
428	429	en	luo	challenge_SSA-MTE	hyp1	News	NaN	-0.821711540222168
429	430	en	luo	challenge_SSA-MTE	hyp1	News	NaN	-0.821711540222168
430	431	en	luo	challenge_SSA-MTE	hyp1	News	NaN	-0.8216918110847473
431	432	en	luo	challenge_SSA-MTE	hyp1	News	NaN	-0.9898267984390259
432	433	en	luo	challenge_SSA-MTE	hyp1	News	NaN	-0.9898267984390259
433	434	en	luo	challenge_SSA-MTE	hyp1	News	NaN	-0.9898267984390259
434	435	en	luo	challenge_SSA-MTE	hyp1	News	NaN	-0.9898267984390259
435	436	en	luo	challenge_SSA-MTE	hyp1	News	NaN	-0.9898267984390259
436	437	en	luo	challenge_SSA-MTE	hyp1	News	NaN	-0.9898267984390259
437	438	en	luo	challenge_SSA-MTE	hyp1	News	NaN	-0.3047257661819458
438	439	en	luo	challenge_SSA-MTE	hyp1	News	NaN	-0.3047257661819458
439	440	en	luo	challenge_SSA-MTE	hyp1	News	NaN	-0.3047322630882263
440	441	en	luo	challenge_SSA-MTE	hyp1	News	NaN	-0.3047322630882263
441	442	en	luo	challenge_SSA-MTE	hyp1	News	NaN	-0.3047322630882263
442	443	en	luo	challenge_SSA-MTE	hyp1	News	NaN	-0.3047322630882263
443	444	en	luo	challenge_SSA-MTE	hyp1	News	NaN	-0.9419938325881958
444	445	en	luo	challenge_SSA-MTE	hyp1	News	NaN	-0.9419954419136047
445	446	en	luo	challenge_SSA-MTE	hyp1	News	NaN	-0.9419938325881958
446	447	en	luo	challenge_SSA-MTE	hyp1	News	NaN	-0.9419938325881958
447	448	en	luo	challenge_SSA-MTE	hyp1	News	NaN	-0.9419954419136047
448	449	en	luo	challenge_SSA-MTE	hyp1	News	NaN	-0.9419938325881958
449	450	en	luo	challenge_SSA-MTE	hyp1	News	NaN	-0.3363249599933624
450	451	en	luo	challenge_SSA-MTE	hyp1	News	NaN	-0.3363249599933624
451	452	en	luo	challenge_SSA-MTE	hyp1	News	NaN	-0.3363249599933624
452	453	en	luo	challenge_SSA-MTE	hyp1	News	NaN	-0.3363249599933624
453	454	en	luo	challenge_SSA-MTE	hyp1	News	NaN	-0.3363249599933624
454	455	en	luo	challenge_SSA-MTE	hyp1	News	NaN	-0.33632639050483704
455	456	en	luo	challenge_SSA-MTE	hyp1	News	NaN	-0.06893294304609299
456	457	en	luo	challenge_SSA-MTE	hyp1	News	NaN	-0.06893294304609299
457	458	en	luo	challenge_SSA-MTE	hyp1	News	NaN	-0.06893294304609299
458	459	en	luo	challenge_SSA-MTE	hyp1	News	NaN	-0.06893294304609299
459	460	en	luo	challenge_SSA-MTE	hyp1	News	NaN	-0.06893294304609299
460	461	en	luo	challenge_SSA-MTE	hyp1	News	NaN	-0.06893294304609299
461	462	en	luo	challenge_SSA-MTE	hyp1	News	NaN	-0.8793569803237915
462	463	en	luo	challenge_SSA-MTE	hyp1	News	NaN	-0.8793569803237915
463	464	en	luo	challenge_SSA-MTE	hyp1	News	NaN	-0.8793569803237915
464	465	en	luo	challenge_SSA-MTE	hyp1	News	NaN	-0.8793569803237915
465	466	en	luo	challenge_SSA-MTE	hyp1	News	NaN	-0.8793569803237915
466	467	en	luo	challenge_SSA-MTE	hyp1	News	NaN	-0.8793569803237915
467	468	en	luo	challenge_SSA-MTE	hyp1	News	NaN	-0.4708612561225891
468	469	en	luo	challenge_SSA-MTE	hyp1	News	NaN	-0.4708612561225891
469	470	en	luo	challenge_SSA-MTE	hyp1	News	NaN	-0.4708612561225891
470	471	en	luo	challenge_SSA-MTE	hyp1	News	NaN	-0.4708612561225891
471	472	en	luo	challenge_SSA-MTE	hyp1	News	NaN	-0.4708612561225891
472	473	en	luo	challenge_SSA-MTE	hyp1	News	NaN	-0.4708612561225891
473	474	en	luo	challenge_SSA-MTE	hyp1	News	NaN	-0.29889506101608276
474	475	en	luo	challenge_SSA-MTE	hyp1	News	NaN	-0.29889506101608276
475	476	en	luo	challenge_SSA-MTE	hyp1	News	NaN	-0.29889506101608276
476	477	en	luo	challenge_SSA-MTE	hyp1	News	NaN	-0.2988949716091156
477	478	en	luo	challenge_SSA-MTE	hyp1	News	NaN	-0.2988949716091156
478	479	en	luo	challenge_SSA-MTE	hyp1	News	NaN	-0.29889506101608276
479	480	en	luo	challenge_SSA-MTE	hyp1	News	NaN	-0.6361027956008911
480	481	en	luo	challenge_SSA-MTE	hyp1	News	NaN	-0.6360993385314941
481	482	en	luo	challenge_SSA-MTE	hyp1	News	NaN	-0.6360993385314941
482	483	en	luo	challenge_SSA-MTE	hyp1	News	NaN	-0.6360993385314941
483	484	en	luo	challenge_SSA-MTE	hyp1	News	NaN	-0.6360993385314941
484	485	en	luo	challenge_SSA-MTE	hyp1	News	NaN	-0.6361027956008911
485	486	en	luo	challenge_SSA-MTE	hyp1	News	NaN	0.05929866060614586
486	487	en	luo	challenge_SSA-MTE	hyp1	News	NaN	0.05929866060614586
487	488	en	luo	challenge_SSA-MTE	hyp1	News	NaN	0.05929866060614586
488	489	en	luo	challenge_SSA-MTE	hyp1	News	NaN	0.05929866060614586
489	490	en	luo	challenge_SSA-MTE	hyp1	News	NaN	0.05929866060614586
490	491	en	luo	challenge_SSA-MTE	hyp1	News	NaN	0.05929866060614586
491	492	en	luo	challenge_SSA-MTE	hyp1	News	NaN	-0.7942804098129272
492	493	en	luo	challenge_SSA-MTE	hyp1	News	NaN	-0.7942804098129272
493	494	en	luo	challenge_SSA-MTE	hyp1	News	NaN	-0.7942804098129272
494	495	en	luo	challenge_SSA-MTE	hyp1	News	NaN	-0.7942804098129272
495	496	en	luo	challenge_SSA-MTE	hyp1	News	NaN	-0.7942804098129272
496	497	en	luo	challenge_SSA-MTE	hyp1	News	NaN	-0.7942804098129272
497	498	en	luo	challenge_SSA-MTE	hyp1	News	NaN	-0.4528282880783081
498	499	en	luo	challenge_SSA-MTE	hyp1	News	NaN	-0.4528282880783081
499	500	en	luo	challenge_SSA-MTE	hyp1	News	NaN	-0.4528282880783081
500	501	en	luo	challenge_SSA-MTE	hyp1	News	NaN	-0.4528282880783081
501	502	en	luo	challenge_SSA-MTE	hyp1	News	NaN	-0.4528282880783081
502	503	en	luo	challenge_SSA-MTE	hyp1	News	NaN	-0.4528282880783081
503	504	en	luo	challenge_SSA-MTE	hyp1	News	NaN	-0.5294512510299683
504	505	en	luo	challenge_SSA-MTE	hyp1	News	NaN	-0.5294512510299683
505	506	en	luo	challenge_SSA-MTE	hyp1	News	NaN	-0.5294512510299683
506	507	en	luo	challenge_SSA-MTE	hyp1	News	NaN	-0.5294512510299683
507	508	en	luo	challenge_SSA-MTE	hyp1	News	NaN	-0.5294512510299683
508	509	en	luo	challenge_SSA-MTE	hyp1	News	NaN	-0.5294512510299683
509	510	en	luo	challenge_SSA-MTE	hyp1	News	NaN	-0.29940855503082275
510	511	en	luo	challenge_SSA-MTE	hyp1	News	NaN	-0.2994057536125183
511	512	en	luo	challenge_SSA-MTE	hyp1	News	NaN	-0.29940855503082275
512	513	en	luo	challenge_SSA-MTE	hyp1	News	NaN	-0.2994057536125183
513	514	en	luo	challenge_SSA-MTE	hyp1	News	NaN	-0.2994057536125183
514	515	en	luo	challenge_SSA-MTE	hyp1	News	NaN	-0.29940855503082275
515	516	en	luo	challenge_SSA-MTE	hyp1	News	NaN	-0.14253589510917664
516	517	en	luo	challenge_SSA-MTE	hyp1	News	NaN	-0.14253532886505127
517	518	en	luo	challenge_SSA-MTE	hyp1	News	NaN	-0.14253532886505127
518	519	en	luo	challenge_SSA-MTE	hyp1	News	NaN	-0.14253532886505127
519	520	en	luo	challenge_SSA-MTE	hyp1	News	NaN	-0.14253532886505127
520	521	en	luo	challenge_SSA-MTE	hyp1	News	NaN	-0.14253532886505127
521	522	en	luo	challenge_SSA-MTE	hyp1	News	NaN	-0.1155390739440918
522	523	en	luo	challenge_SSA-MTE	hyp1	News	NaN	-0.1155390739440918
523	524	en	luo	challenge_SSA-MTE	hyp1	News	NaN	-0.1155390739440918
524	525	en	luo	challenge_SSA-MTE	hyp1	News	NaN	-0.1155390739440918
525	526	en	luo	challenge_SSA-MTE	hyp1	News	NaN	-0.1155390739440918
526	527	en	luo	challenge_SSA-MTE	hyp1	News	NaN	-0.1155390739440918
527	528	en	luo	challenge_SSA-MTE	hyp1	News	NaN	-0.5086537599563599
528	529	en	luo	challenge_SSA-MTE	hyp1	News	NaN	-0.5086537599563599
529	530	en	luo	challenge_SSA-MTE	hyp1	News	NaN	-0.5086537599563599
530	531	en	luo	challenge_SSA-MTE	hyp1	News	NaN	-0.5086537599563599
531	532	en	luo	challenge_SSA-MTE	hyp1	News	NaN	-0.5086537599563599
532	533	en	luo	challenge_SSA-MTE	hyp1	News	NaN	-0.5086537599563599
533	534	en	luo	challenge_SSA-MTE	hyp1	News	NaN	-0.1407826691865921
534	535	en	luo	challenge_SSA-MTE	hyp1	News	NaN	-0.1407826691865921
535	536	en	luo	challenge_SSA-MTE	hyp1	News	NaN	-0.14078333973884583
536	537	en	luo	challenge_SSA-MTE	hyp1	News	NaN	-0.14078333973884583
537	538	en	luo	challenge_SSA-MTE	hyp1	News	NaN	-0.14078333973884583
538	539	en	luo	challenge_SSA-MTE	hyp1	News	NaN	-0.14078333973884583
539	540	en	luo	challenge_SSA-MTE	hyp1	News	NaN	-0.7356232404708862
540	541	en	luo	challenge_SSA-MTE	hyp1	News	NaN	-0.7356232404708862
541	542	en	luo	challenge_SSA-MTE	hyp1	News	NaN	-0.7356232404708862
542	543	en	luo	challenge_SSA-MTE	hyp1	News	NaN	-0.7356232404708862
543	544	en	luo	challenge_SSA-MTE	hyp1	News	NaN	-0.7356274724006653
544	545	en	luo	challenge_SSA-MTE	hyp1	News	NaN	-0.7356274724006653
545	546	en	luo	challenge_SSA-MTE	hyp1	News	NaN	-0.6115845441818237
546	547	en	luo	challenge_SSA-MTE	hyp1	News	NaN	-0.6115845441818237
547	548	en	luo	challenge_SSA-MTE	hyp1	News	NaN	-0.611583411693573
548	549	en	luo	challenge_SSA-MTE	hyp1	News	NaN	-0.611583411693573
549	550	en	luo	challenge_SSA-MTE	hyp1	News	NaN	-0.611583411693573
550	551	en	luo	challenge_SSA-MTE	hyp1	News	NaN	-0.611583411693573
551	552	en	luo	challenge_SSA-MTE	hyp1	News	NaN	-0.23556852340698242
552	553	en	luo	challenge_SSA-MTE	hyp1	News	NaN	-0.23556852340698242
553	554	en	luo	challenge_SSA-MTE	hyp1	News	NaN	-0.23556852340698242
554	555	en	luo	challenge_SSA-MTE	hyp1	News	NaN	-0.23556852340698242
555	556	en	luo	challenge_SSA-MTE	hyp1	News	NaN	-0.23556852340698242
556	557	en	luo	challenge_SSA-MTE	hyp1	News	NaN	-0.23556852340698242
557	558	en	luo	challenge_SSA-MTE	hyp1	News	NaN	0.054333969950675964
558	559	en	luo	challenge_SSA-MTE	hyp1	News	NaN	0.054333969950675964
559	560	en	luo	challenge_SSA-MTE	hyp1	News	NaN	0.05433439835906029
560	561	en	luo	challenge_SSA-MTE	hyp1	News	NaN	0.05433439835906029
561	562	en	luo	challenge_SSA-MTE	hyp1	News	NaN	0.05433439835906029
562	563	en	luo	challenge_SSA-MTE	hyp1	News	NaN	0.05433439835906029
563	564	en	luo	challenge_SSA-MTE	hyp1	News	NaN	-0.29196155071258545
564	565	en	luo	challenge_SSA-MTE	hyp1	News	NaN	-0.2919613718986511
565	566	en	luo	challenge_SSA-MTE	hyp1	News	NaN	-0.2919613718986511
566	567	en	luo	challenge_SSA-MTE	hyp1	News	NaN	-0.2919613718986511
567	568	en	luo	challenge_SSA-MTE	hyp1	News	NaN	-0.29196155071258545
568	569	en	luo	challenge_SSA-MTE	hyp1	News	NaN	-0.2919613718986511
569	570	en	luo	challenge_SSA-MTE	hyp1	News	NaN	-0.726140022277832
570	571	en	luo	challenge_SSA-MTE	hyp1	News	NaN	-0.7261418104171753
571	572	en	luo	challenge_SSA-MTE	hyp1	News	NaN	-0.7261418104171753
572	573	en	luo	challenge_SSA-MTE	hyp1	News	NaN	-0.7261389493942261
573	574	en	luo	challenge_SSA-MTE	hyp1	News	NaN	-0.7261389493942261
574	575	en	luo	challenge_SSA-MTE	hyp1	News	NaN	-0.7261418104171753
575	576	en	luo	challenge_SSA-MTE	hyp1	News	NaN	-1.5429226160049438
576	577	en	luo	challenge_SSA-MTE	hyp1	News	NaN	-1.5429226160049438
577	578	en	luo	challenge_SSA-MTE	hyp1	News	NaN	-1.5429226160049438
578	579	en	luo	challenge_SSA-MTE	hyp1	News	NaN	-1.5429226160049438
579	580	en	luo	challenge_SSA-MTE	hyp1	News	NaN	-1.5429226160049438
580	581	en	luo	challenge_SSA-MTE	hyp1	News	NaN	-1.5429226160049438
581	582	en	luo	challenge_SSA-MTE	hyp1	News	NaN	-1.2516156435012817
582	583	en	luo	challenge_SSA-MTE	hyp1	News	NaN	-1.2516156435012817
583	584	en	luo	challenge_SSA-MTE	hyp1	News	NaN	-1.2516156435012817
584	585	en	luo	challenge_SSA-MTE	hyp1	News	NaN	-1.2516156435012817
585	586	en	luo	challenge_SSA-MTE	hyp1	News	NaN	-1.2516156435012817
586	587	en	luo	challenge_SSA-MTE	hyp1	News	NaN	-0.5156181454658508
587	588	en	luo	challenge_SSA-MTE	hyp1	News	NaN	-0.5156181454658508
588	589	en	luo	challenge_SSA-MTE	hyp1	News	NaN	-0.5156181454658508
589	590	en	luo	challenge_SSA-MTE	hyp1	News	NaN	-0.5156181454658508
590	591	en	luo	challenge_SSA-MTE	hyp1	News	NaN	-0.5156181454658508
591	592	en	luo	challenge_SSA-MTE	hyp1	News	NaN	-0.5156181454658508
592	593	en	luo	challenge_SSA-MTE	hyp1	News	NaN	-0.36142396926879883
593	594	en	luo	challenge_SSA-MTE	hyp1	News	NaN	-0.36142465472221375
594	595	en	luo	challenge_SSA-MTE	hyp1	News	NaN	-0.36142396926879883
595	596	en	luo	challenge_SSA-MTE	hyp1	News	NaN	-0.36142396926879883
596	597	en	luo	challenge_SSA-MTE	hyp1	News	NaN	-0.36142396926879883
597	598	en	luo	challenge_SSA-MTE	hyp1	News	NaN	-0.36142396926879883
598	599	en	luo	challenge_SSA-MTE	hyp1	News	NaN	-0.2261756956577301
599	600	en	luo	challenge_SSA-MTE	hyp1	News	NaN	-0.2261756956577301
600	601	en	luo	challenge_SSA-MTE	hyp1	News	NaN	-0.2261756956577301
601	602	en	luo	challenge_SSA-MTE	hyp1	News	NaN	-0.2261756956577301
602	603	en	luo	challenge_SSA-MTE	hyp1	News	NaN	-0.2261756956577301
603	604	en	luo	challenge_SSA-MTE	hyp1	News	NaN	-0.2261756956577301
604	605	en	luo	challenge_SSA-MTE	hyp1	News	NaN	-0.5451728105545044
605	606	en	luo	challenge_SSA-MTE	hyp1	News	NaN	-0.5451728105545044
606	607	en	luo	challenge_SSA-MTE	hyp1	News	NaN	-0.5451728105545044
607	608	en	luo	challenge_SSA-MTE	hyp1	News	NaN	-0.5451728105545044
608	609	en	luo	challenge_SSA-MTE	hyp1	News	NaN	-0.5451728105545044
609	610	en	luo	challenge_SSA-MTE	hyp1	News	NaN	-0.5451728105545044
610	611	en	luo	challenge_SSA-MTE	hyp1	News	NaN	-0.45408573746681213
611	612	en	luo	challenge_SSA-MTE	hyp1	News	NaN	-0.45408573746681213
612	613	en	luo	challenge_SSA-MTE	hyp1	News	NaN	-0.45408573746681213
613	614	en	luo	challenge_SSA-MTE	hyp1	News	NaN	-0.45408573746681213
614	615	en	luo	challenge_SSA-MTE	hyp1	News	NaN	-0.45408573746681213
615	616	en	luo	challenge_SSA-MTE	hyp1	News	NaN	-0.45408713817596436
616	617	en	luo	challenge_SSA-MTE	hyp1	News	NaN	-0.016696562990546227
617	618	en	luo	challenge_SSA-MTE	hyp1	News	NaN	-0.016696562990546227
618	619	en	luo	challenge_SSA-MTE	hyp1	News	NaN	-0.016696562990546227
619	620	en	luo	challenge_SSA-MTE	hyp1	News	NaN	-0.016696562990546227
620	621	en	luo	challenge_SSA-MTE	hyp1	News	NaN	-0.016696562990546227
621	622	en	luo	challenge_SSA-MTE	hyp1	News	NaN	-0.016696562990546227
622	623	en	luo	challenge_SSA-MTE	hyp1	News	NaN	-0.18477872014045715
623	624	en	luo	challenge_SSA-MTE	hyp1	News	NaN	-0.1847783923149109
624	625	en	luo	challenge_SSA-MTE	hyp1	News	NaN	-0.18477872014045715
625	626	en	luo	challenge_SSA-MTE	hyp1	News	NaN	-0.18477872014045715
626	627	en	luo	challenge_SSA-MTE	hyp1	News	NaN	-0.18477965891361237
627	628	en	luo	challenge_SSA-MTE	hyp1	News	NaN	-0.18477965891361237
628	629	en	luo	challenge_SSA-MTE	hyp1	News	NaN	-1.3903172016143799
629	630	en	luo	challenge_SSA-MTE	hyp1	News	NaN	-1.3903172016143799
630	631	en	luo	challenge_SSA-MTE	hyp1	News	NaN	-1.3903172016143799
631	632	en	luo	challenge_SSA-MTE	hyp1	News	NaN	-1.3903158903121948
632	633	en	luo	challenge_SSA-MTE	hyp1	News	NaN	-1.3903172016143799
633	634	en	luo	challenge_SSA-MTE	hyp1	News	NaN	-1.3903172016143799
634	635	en	luo	challenge_SSA-MTE	hyp1	News	NaN	-0.49330008029937744
635	636	en	luo	challenge_SSA-MTE	hyp1	News	NaN	-0.49330008029937744
636	637	en	luo	challenge_SSA-MTE	hyp1	News	NaN	-0.49330008029937744
637	638	en	luo	challenge_SSA-MTE	hyp1	News	NaN	-0.49330008029937744
638	639	en	luo	challenge_SSA-MTE	hyp1	News	NaN	-0.49330008029937744
639	640	en	luo	challenge_SSA-MTE	hyp1	News	NaN	-0.49330008029937744
640	641	en	luo	challenge_SSA-MTE	hyp1	News	NaN	-0.45367860794067383
641	642	en	luo	challenge_SSA-MTE	hyp1	News	NaN	-0.45367860794067383
642	643	en	luo	challenge_SSA-MTE	hyp1	News	NaN	-0.45367860794067383
643	644	en	luo	challenge_SSA-MTE	hyp1	News	NaN	-0.45367610454559326
644	645	en	luo	challenge_SSA-MTE	hyp1	News	NaN	-0.45367860794067383
645	646	en	luo	challenge_SSA-MTE	hyp1	News	NaN	-0.45367860794067383
646	647	en	luo	challenge_SSA-MTE	hyp1	News	NaN	-0.9424495100975037
647	648	en	luo	challenge_SSA-MTE	hyp1	News	NaN	-0.9424495100975037
648	649	en	luo	challenge_SSA-MTE	hyp1	News	NaN	-0.9424495100975037
649	650	en	luo	challenge_SSA-MTE	hyp1	News	NaN	-0.9424495100975037
650	651	en	luo	challenge_SSA-MTE	hyp1	News	NaN	-0.9424495100975037
651	652	en	luo	challenge_SSA-MTE	hyp1	News	NaN	-0.9424495100975037
652	653	en	luo	challenge_SSA-MTE	hyp1	News	NaN	-0.1441945731639862
653	654	en	luo	challenge_SSA-MTE	hyp1	News	NaN	-0.1441945731639862
654	655	en	luo	challenge_SSA-MTE	hyp1	News	NaN	-0.1441945731639862
655	656	en	luo	challenge_SSA-MTE	hyp1	News	NaN	-0.1441945731639862
656	657	en	luo	challenge_SSA-MTE	hyp1	News	NaN	-0.1441945731639862
657	658	en	luo	challenge_SSA-MTE	hyp1	News	NaN	-0.1441945731639862
658	659	en	luo	challenge_SSA-MTE	hyp1	News	NaN	-0.3376287519931793
659	660	en	luo	challenge_SSA-MTE	hyp1	News	NaN	-0.3376287519931793
660	661	en	luo	challenge_SSA-MTE	hyp1	News	NaN	-0.3376287519931793
661	662	en	luo	challenge_SSA-MTE	hyp1	News	NaN	-0.3376287519931793
662	663	en	luo	challenge_SSA-MTE	hyp1	News	NaN	-0.3376287519931793
663	664	en	luo	challenge_SSA-MTE	hyp1	News	NaN	-0.3376283645629883
664	665	en	luo	challenge_SSA-MTE	hyp1	News	NaN	-0.9221503138542175
665	666	en	luo	challenge_SSA-MTE	hyp1	News	NaN	-0.9221503138542175
666	667	en	luo	challenge_SSA-MTE	hyp1	News	NaN	-0.9221503138542175
667	668	en	luo	challenge_SSA-MTE	hyp1	News	NaN	-0.9221503138542175
668	669	en	luo	challenge_SSA-MTE	hyp1	News	NaN	-0.9221503138542175
669	670	en	luo	challenge_SSA-MTE	hyp1	News	NaN	-0.9221503138542175
670	671	en	luo	challenge_SSA-MTE	hyp1	News	NaN	-0.4030677080154419
671	672	en	luo	challenge_SSA-MTE	hyp1	News	NaN	-0.4030677080154419
672	673	en	luo	challenge_SSA-MTE	hyp1	News	NaN	-0.4030677080154419
673	674	en	luo	challenge_SSA-MTE	hyp1	News	NaN	-0.4030677080154419
674	675	en	luo	challenge_SSA-MTE	hyp1	News	NaN	-0.4030677080154419
675	676	en	luo	challenge_SSA-MTE	hyp1	News	NaN	-0.4030677080154419
676	677	en	luo	challenge_SSA-MTE	hyp1	News	NaN	0.057219911366701126
677	678	en	luo	challenge_SSA-MTE	hyp1	News	NaN	0.057219911366701126
678	679	en	luo	challenge_SSA-MTE	hyp1	News	NaN	0.057219911366701126
679	680	en	luo	challenge_SSA-MTE	hyp1	News	NaN	0.057219911366701126
680	681	en	luo	challenge_SSA-MTE	hyp1	News	NaN	0.057219911366701126
681	682	en	luo	challenge_SSA-MTE	hyp1	News	NaN	0.057219911366701126
682	683	en	luo	challenge_SSA-MTE	hyp1	News	NaN	-0.5316051244735718
683	684	en	luo	challenge_SSA-MTE	hyp1	News	NaN	-0.5316066741943359
684	685	en	luo	challenge_SSA-MTE	hyp1	News	NaN	-0.5316057205200195
685	686	en	luo	challenge_SSA-MTE	hyp1	News	NaN	-0.5316057205200195
686	687	en	luo	challenge_SSA-MTE	hyp1	News	NaN	-0.5316057205200195
687	688	en	luo	challenge_SSA-MTE	hyp1	News	NaN	-0.5316057205200195
688	689	en	luo	challenge_SSA-MTE	hyp1	News	NaN	-0.07792482525110245
689	690	en	luo	challenge_SSA-MTE	hyp1	News	NaN	-0.07792482525110245
690	691	en	luo	challenge_SSA-MTE	hyp1	News	NaN	-0.07792482525110245
691	692	en	luo	challenge_SSA-MTE	hyp1	News	NaN	-0.07792482525110245
692	693	en	luo	challenge_SSA-MTE	hyp1	News	NaN	-0.07792482525110245
693	694	en	luo	challenge_SSA-MTE	hyp1	News	NaN	-0.07792482525110245
694	695	en	luo	challenge_SSA-MTE	hyp1	News	NaN	-1.141616702079773
695	696	en	luo	challenge_SSA-MTE	hyp1	News	NaN	-1.1416187286376953
696	697	en	luo	challenge_SSA-MTE	hyp1	News	NaN	-1.1416187286376953
697	698	en	luo	challenge_SSA-MTE	hyp1	News	NaN	-1.1416187286376953
698	699	en	luo	challenge_SSA-MTE	hyp1	News	NaN	-1.1416187286376953
699	700	en	luo	challenge_SSA-MTE	hyp1	News	NaN	-1.1416187286376953
700	701	en	luo	challenge_SSA-MTE	hyp1	News	NaN	-0.751126229763031
701	702	en	luo	challenge_SSA-MTE	hyp1	News	NaN	-0.751126229763031
702	703	en	luo	challenge_SSA-MTE	hyp1	News	NaN	-0.751126229763031
703	704	en	luo	challenge_SSA-MTE	hyp1	News	NaN	-0.7511269450187683
704	705	en	luo	challenge_SSA-MTE	hyp1	News	NaN	-0.751126229763031
705	706	en	luo	challenge_SSA-MTE	hyp1	News	NaN	-0.751126229763031
706	707	en	luo	challenge_SSA-MTE	hyp1	News	NaN	-1.4136444330215454
707	708	en	luo	challenge_SSA-MTE	hyp1	News	NaN	-1.4136444330215454
708	709	en	luo	challenge_SSA-MTE	hyp1	News	NaN	-1.4136444330215454
709	710	en	luo	challenge_SSA-MTE	hyp1	News	NaN	-1.4136444330215454
710	711	en	luo	challenge_SSA-MTE	hyp1	News	NaN	-1.4136444330215454
711	712	en	luo	challenge_SSA-MTE	hyp1	News	NaN	-1.4136444330215454
712	713	en	luo	challenge_SSA-MTE	hyp1	News	NaN	-0.13587160408496857
713	714	en	luo	challenge_SSA-MTE	hyp1	News	NaN	-0.13587160408496857
714	715	en	luo	challenge_SSA-MTE	hyp1	News	NaN	-0.13587160408496857
715	716	en	luo	challenge_SSA-MTE	hyp1	News	NaN	-0.13587160408496857
716	717	en	luo	challenge_SSA-MTE	hyp1	News	NaN	-0.13587160408496857
717	718	en	luo	challenge_SSA-MTE	hyp1	News	NaN	-1.2886863946914673
718	719	en	luo	challenge_SSA-MTE	hyp1	News	NaN	-1.2886863946914673
719	720	en	luo	challenge_SSA-MTE	hyp1	News	NaN	-1.2886863946914673
720	721	en	luo	challenge_SSA-MTE	hyp1	News	NaN	-1.2886863946914673
721	722	en	luo	challenge_SSA-MTE	hyp1	News	NaN	-1.2886863946914673
722	723	en	luo	challenge_SSA-MTE	hyp1	News	NaN	-1.2886863946914673
723	724	en	luo	challenge_SSA-MTE	hyp1	News	NaN	-1.313131332397461
724	725	en	luo	challenge_SSA-MTE	hyp1	News	NaN	-1.3131321668624878
725	726	en	luo	challenge_SSA-MTE	hyp1	News	NaN	-1.313131332397461
726	727	en	luo	challenge_SSA-MTE	hyp1	News	NaN	-1.313131332397461
727	728	en	luo	challenge_SSA-MTE	hyp1	News	NaN	-1.313131332397461
728	729	en	luo	challenge_SSA-MTE	hyp1	News	NaN	-1.313131332397461
729	730	en	luo	challenge_SSA-MTE	hyp1	News	NaN	-0.9120565056800842
730	731	en	luo	challenge_SSA-MTE	hyp1	News	NaN	-0.9120563268661499
731	732	en	luo	challenge_SSA-MTE	hyp1	News	NaN	-0.9120565056800842
732	733	en	luo	challenge_SSA-MTE	hyp1	News	NaN	-0.9120565056800842
733	734	en	luo	challenge_SSA-MTE	hyp1	News	NaN	-0.9120563268661499
734	735	en	luo	challenge_SSA-MTE	hyp1	News	NaN	-0.9120565056800842
735	736	en	luo	challenge_SSA-MTE	hyp1	News	NaN	-0.283891499042511
736	737	en	luo	challenge_SSA-MTE	hyp1	News	NaN	-0.283891499042511
737	738	en	luo	challenge_SSA-MTE	hyp1	News	NaN	-0.283891499042511
738	739	en	luo	challenge_SSA-MTE	hyp1	News	NaN	-0.283891499042511
739	740	en	luo	challenge_SSA-MTE	hyp1	News	NaN	-0.283891499042511
740	741	en	luo	challenge_SSA-MTE	hyp1	News	NaN	-0.283891499042511
741	742	en	luo	challenge_SSA-MTE	hyp1	News	NaN	-0.49156033992767334
742	743	en	luo	challenge_SSA-MTE	hyp1	News	NaN	-0.49156033992767334
743	744	en	luo	challenge_SSA-MTE	hyp1	News	NaN	-0.49156323075294495
744	745	en	luo	challenge_SSA-MTE	hyp1	News	NaN	-0.49156033992767334
745	746	en	luo	challenge_SSA-MTE	hyp1	News	NaN	-0.49156033992767334
746	747	en	luo	challenge_SSA-MTE	hyp1	News	NaN	0.24544021487236023
747	748	en	luo	challenge_SSA-MTE	hyp1	News	NaN	0.24544021487236023
748	749	en	luo	challenge_SSA-MTE	hyp1	News	NaN	0.24544021487236023
749	750	en	luo	challenge_SSA-MTE	hyp1	News	NaN	0.24544021487236023
750	751	en	luo	challenge_SSA-MTE	hyp1	News	NaN	0.24544021487236023
751	752	en	luo	challenge_SSA-MTE	hyp1	News	NaN	0.24544021487236023
752	753	en	luo	challenge_SSA-MTE	hyp1	News	NaN	-0.01611544005572796
753	754	en	luo	challenge_SSA-MTE	hyp1	News	NaN	-0.01611544005572796
754	755	en	luo	challenge_SSA-MTE	hyp1	News	NaN	-0.01611544005572796
755	756	en	luo	challenge_SSA-MTE	hyp1	News	NaN	-0.01611544005572796
756	757	en	luo	challenge_SSA-MTE	hyp1	News	NaN	-0.01611544005572796
757	758	en	luo	challenge_SSA-MTE	hyp1	News	NaN	-0.01611544005572796
758	759	en	luo	challenge_SSA-MTE	hyp1	News	NaN	0.09092042595148087
759	760	en	luo	challenge_SSA-MTE	hyp1	News	NaN	0.09092042595148087
760	761	en	luo	challenge_SSA-MTE	hyp1	News	NaN	0.09092042595148087
761	762	en	luo	challenge_SSA-MTE	hyp1	News	NaN	0.09092042595148087
762	763	en	luo	challenge_SSA-MTE	hyp1	News	NaN	0.09092042595148087
763	764	en	luo	challenge_SSA-MTE	hyp1	News	NaN	-0.48253047466278076
764	765	en	luo	challenge_SSA-MTE	hyp1	News	NaN	-0.4825291931629181
765	766	en	luo	challenge_SSA-MTE	hyp1	News	NaN	-0.48253047466278076
766	767	en	luo	challenge_SSA-MTE	hyp1	News	NaN	-0.48253047466278076
767	768	en	luo	challenge_SSA-MTE	hyp1	News	NaN	-0.48253047466278076
768	769	en	luo	challenge_SSA-MTE	hyp1	News	NaN	-0.48253047466278076
769	770	en	luo	challenge_SSA-MTE	hyp1	News	NaN	-0.5739420652389526
770	771	en	luo	challenge_SSA-MTE	hyp1	News	NaN	-0.5739420652389526
771	772	en	luo	challenge_SSA-MTE	hyp1	News	NaN	-0.5739420652389526
772	773	en	luo	challenge_SSA-MTE	hyp1	News	NaN	-0.5739420652389526
773	774	en	luo	challenge_SSA-MTE	hyp1	News	NaN	-0.5739420652389526
774	775	en	luo	challenge_SSA-MTE	hyp1	News	NaN	-0.5739420652389526
775	776	en	luo	challenge_SSA-MTE	hyp1	News	NaN	-0.662145733833313
776	777	en	luo	challenge_SSA-MTE	hyp1	News	NaN	-0.662145733833313
777	778	en	luo	challenge_SSA-MTE	hyp1	News	NaN	-0.662145733833313
778	779	en	luo	challenge_SSA-MTE	hyp1	News	NaN	-0.662145733833313
779	780	en	luo	challenge_SSA-MTE	hyp1	News	NaN	-0.662145733833313
780	781	en	luo	challenge_SSA-MTE	hyp1	News	NaN	-0.3441448509693146
781	782	en	luo	challenge_SSA-MTE	hyp1	News	NaN	-0.3441448509693146
782	783	en	luo	challenge_SSA-MTE	hyp1	News	NaN	-0.34414732456207275
783	784	en	luo	challenge_SSA-MTE	hyp1	News	NaN	-0.34414732456207275
784	785	en	luo	challenge_SSA-MTE	hyp1	News	NaN	-0.34414732456207275
785	786	en	luo	challenge_SSA-MTE	hyp1	News	NaN	-0.34414732456207275
786	787	en	luo	challenge_SSA-MTE	hyp1	News	NaN	-0.38860833644866943
787	788	en	luo	challenge_SSA-MTE	hyp1	News	NaN	-0.38860833644866943
788	789	en	luo	challenge_SSA-MTE	hyp1	News	NaN	-0.38860833644866943
789	790	en	luo	challenge_SSA-MTE	hyp1	News	NaN	-0.38860833644866943
790	791	en	luo	challenge_SSA-MTE	hyp1	News	NaN	-0.38860833644866943
791	792	en	luo	challenge_SSA-MTE	hyp1	News	NaN	-0.38860833644866943
792	793	en	luo	challenge_SSA-MTE	hyp1	News	NaN	0.18965646624565125
793	794	en	luo	challenge_SSA-MTE	hyp1	News	NaN	0.18965646624565125
794	795	en	luo	challenge_SSA-MTE	hyp1	News	NaN	0.18965646624565125
795	796	en	luo	challenge_SSA-MTE	hyp1	News	NaN	0.18965646624565125
796	797	en	luo	challenge_SSA-MTE	hyp1	News	NaN	0.18965646624565125
797	798	en	luo	challenge_SSA-MTE	hyp1	News	NaN	0.18965646624565125
798	799	en	luo	challenge_SSA-MTE	hyp1	News	NaN	0.11218900978565216
799	800	en	luo	challenge_SSA-MTE	hyp1	News	NaN	0.11218900978565216
800	801	en	luo	challenge_SSA-MTE	hyp1	News	NaN	0.11218900978565216
801	802	en	luo	challenge_SSA-MTE	hyp1	News	NaN	0.11219017952680588
802	803	en	luo	challenge_SSA-MTE	hyp1	News	NaN	0.11219017952680588
803	804	en	luo	challenge_SSA-MTE	hyp1	News	NaN	0.11219017952680588
804	805	en	luo	challenge_SSA-MTE	hyp1	News	NaN	-1.2034722566604614
805	806	en	luo	challenge_SSA-MTE	hyp1	News	NaN	-1.2034722566604614
806	807	en	luo	challenge_SSA-MTE	hyp1	News	NaN	-1.2034722566604614
807	808	en	luo	challenge_SSA-MTE	hyp1	News	NaN	-1.2034722566604614
808	809	en	luo	challenge_SSA-MTE	hyp1	News	NaN	-1.2034722566604614
809	810	en	luo	challenge_SSA-MTE	hyp1	News	NaN	-1.2034722566604614
810	811	en	luo	challenge_SSA-MTE	hyp1	News	NaN	-1.330099105834961
811	812	en	luo	challenge_SSA-MTE	hyp1	News	NaN	-1.3300985097885132
812	813	en	luo	challenge_SSA-MTE	hyp1	News	NaN	-1.330099105834961
813	814	en	luo	challenge_SSA-MTE	hyp1	News	NaN	-1.330099105834961
814	815	en	luo	challenge_SSA-MTE	hyp1	News	NaN	-1.330099105834961
815	816	en	luo	challenge_SSA-MTE	hyp1	News	NaN	-1.330099105834961
816	817	en	luo	challenge_SSA-MTE	hyp1	News	NaN	-0.9800654053688049
817	818	en	luo	challenge_SSA-MTE	hyp1	News	NaN	-0.9800654053688049
818	819	en	luo	challenge_SSA-MTE	hyp1	News	NaN	-0.9800654053688049
819	820	en	luo	challenge_SSA-MTE	hyp1	News	NaN	-0.9800666570663452
820	821	en	luo	challenge_SSA-MTE	hyp1	News	NaN	-0.9800666570663452
821	822	en	luo	challenge_SSA-MTE	hyp1	News	NaN	-0.9800654053688049
822	823	en	luo	challenge_SSA-MTE	hyp1	News	NaN	-0.4767969250679016
823	824	en	luo	challenge_SSA-MTE	hyp1	News	NaN	-0.4767969250679016
824	825	en	luo	challenge_SSA-MTE	hyp1	News	NaN	-0.4767969250679016
825	826	en	luo	challenge_SSA-MTE	hyp1	News	NaN	-0.4767969250679016
826	827	en	luo	challenge_SSA-MTE	hyp1	News	NaN	-0.4767969250679016
827	828	en	luo	challenge_SSA-MTE	hyp1	News	NaN	-0.06481859087944031
828	829	en	luo	challenge_SSA-MTE	hyp1	News	NaN	-0.06481859087944031
829	830	en	luo	challenge_SSA-MTE	hyp1	News	NaN	-0.06481859087944031
830	831	en	luo	challenge_SSA-MTE	hyp1	News	NaN	-0.06481859087944031
831	832	en	luo	challenge_SSA-MTE	hyp1	News	NaN	-0.06481859087944031
832	833	en	luo	challenge_SSA-MTE	hyp1	News	NaN	-0.06481859087944031
833	834	en	luo	challenge_SSA-MTE	hyp1	News	NaN	-1.3001168966293335
834	835	en	luo	challenge_SSA-MTE	hyp1	News	NaN	-1.3001168966293335
835	836	en	luo	challenge_SSA-MTE	hyp1	News	NaN	-1.300114631652832
836	837	en	luo	challenge_SSA-MTE	hyp1	News	NaN	-1.3001168966293335
837	838	en	luo	challenge_SSA-MTE	hyp1	News	NaN	-1.300114631652832
838	839	en	luo	challenge_SSA-MTE	hyp1	News	NaN	-1.5324338674545288
839	840	en	luo	challenge_SSA-MTE	hyp1	News	NaN	-1.532427430152893
840	841	en	luo	challenge_SSA-MTE	hyp1	News	NaN	-1.5324338674545288
841	842	en	luo	challenge_SSA-MTE	hyp1	News	NaN	-1.5324338674545288
842	843	en	luo	challenge_SSA-MTE	hyp1	News	NaN	-1.5324338674545288
843	844	en	luo	challenge_SSA-MTE	hyp1	News	NaN	-1.5324338674545288
844	845	en	luo	challenge_SSA-MTE	hyp1	News	NaN	-0.811063289642334
845	846	en	luo	challenge_SSA-MTE	hyp1	News	NaN	-0.8110639452934265
846	847	en	luo	challenge_SSA-MTE	hyp1	News	NaN	-0.8110639452934265
847	848	en	luo	challenge_SSA-MTE	hyp1	News	NaN	-0.8110639452934265
848	849	en	luo	challenge_SSA-MTE	hyp1	News	NaN	-0.8110639452934265
849	850	en	luo	challenge_SSA-MTE	hyp1	News	NaN	-0.811063289642334
850	851	en	luo	challenge_SSA-MTE	hyp1	News	NaN	-1.5204209089279175
851	852	en	luo	challenge_SSA-MTE	hyp1	News	NaN	-1.5204209089279175
852	853	en	luo	challenge_SSA-MTE	hyp1	News	NaN	-1.5204209089279175
853	854	en	luo	challenge_SSA-MTE	hyp1	News	NaN	-1.5204209089279175
854	855	en	luo	challenge_SSA-MTE	hyp1	News	NaN	-1.5204209089279175
855	856	en	luo	challenge_SSA-MTE	hyp1	News	NaN	-1.5204209089279175
856	857	en	luo	challenge_SSA-MTE	hyp1	News	NaN	-0.4031803011894226
857	858	en	luo	challenge_SSA-MTE	hyp1	News	NaN	-0.4031803011894226
858	859	en	luo	challenge_SSA-MTE	hyp1	News	NaN	-0.4031803011894226
859	860	en	luo	challenge_SSA-MTE	hyp1	News	NaN	-0.4031803011894226
860	861	en	luo	challenge_SSA-MTE	hyp1	News	NaN	-0.4031803011894226
861	862	en	luo	challenge_SSA-MTE	hyp1	News	NaN	-1.1805651187896729
862	863	en	luo	challenge_SSA-MTE	hyp1	News	NaN	-1.1805651187896729
863	864	en	luo	challenge_SSA-MTE	hyp1	News	NaN	-1.1805651187896729
864	865	en	luo	challenge_SSA-MTE	hyp1	News	NaN	-1.1805651187896729
865	866	en	luo	challenge_SSA-MTE	hyp1	News	NaN	-1.1805651187896729
866	867	en	luo	challenge_SSA-MTE	hyp1	News	NaN	-1.1805651187896729
867	868	en	luo	challenge_SSA-MTE	hyp1	News	NaN	-0.22969898581504822
868	869	en	luo	challenge_SSA-MTE	hyp1	News	NaN	-0.22969898581504822
869	870	en	luo	challenge_SSA-MTE	hyp1	News	NaN	-0.22969841957092285
870	871	en	luo	challenge_SSA-MTE	hyp1	News	NaN	-0.22969841957092285
871	872	en	luo	challenge_SSA-MTE	hyp1	News	NaN	-0.22969898581504822
872	873	en	luo	challenge_SSA-MTE	hyp1	News	NaN	-0.22969898581504822
873	874	en	luo	challenge_SSA-MTE	hyp1	News	NaN	-1.7594407796859741
874	875	en	luo	challenge_SSA-MTE	hyp1	News	NaN	-1.7594407796859741
875	876	en	luo	challenge_SSA-MTE	hyp1	News	NaN	-1.7594407796859741
876	877	en	luo	challenge_SSA-MTE	hyp1	News	NaN	-1.7594407796859741
877	878	en	luo	challenge_SSA-MTE	hyp1	News	NaN	-1.7594407796859741
878	879	en	luo	challenge_SSA-MTE	hyp1	News	NaN	-0.7583043575286865
879	880	en	luo	challenge_SSA-MTE	hyp1	News	NaN	-0.7583059072494507
880	881	en	luo	challenge_SSA-MTE	hyp1	News	NaN	-0.7583043575286865
881	882	en	luo	challenge_SSA-MTE	hyp1	News	NaN	-0.7583043575286865
882	883	en	luo	challenge_SSA-MTE	hyp1	News	NaN	-1.4545899629592896
883	884	en	luo	challenge_SSA-MTE	hyp1	News	NaN	-1.454591989517212
884	885	en	luo	challenge_SSA-MTE	hyp1	News	NaN	-1.454591989517212
885	886	en	luo	challenge_SSA-MTE	hyp1	News	NaN	-1.454591989517212
886	887	en	luo	challenge_SSA-MTE	hyp1	News	NaN	-1.454591989517212
887	888	en	luo	challenge_SSA-MTE	hyp1	News	NaN	-1.4545899629592896
888	889	en	luo	challenge_SSA-MTE	hyp1	News	NaN	-0.49671342968940735
889	890	en	luo	challenge_SSA-MTE	hyp1	News	NaN	-0.49671342968940735
890	891	en	luo	challenge_SSA-MTE	hyp1	News	NaN	-0.49671342968940735
891	892	en	luo	challenge_SSA-MTE	hyp1	News	NaN	-0.49671342968940735
892	893	en	luo	challenge_SSA-MTE	hyp1	News	NaN	-0.49671316146850586
893	894	en	luo	challenge_SSA-MTE	hyp1	News	NaN	-0.49671316146850586
894	895	en	luo	challenge_SSA-MTE	hyp1	News	NaN	0.16665424406528473
895	896	en	luo	challenge_SSA-MTE	hyp1	News	NaN	0.16665424406528473
896	897	en	luo	challenge_SSA-MTE	hyp1	News	NaN	0.16665424406528473
897	898	en	luo	challenge_SSA-MTE	hyp1	News	NaN	0.16665424406528473
898	899	en	luo	challenge_SSA-MTE	hyp1	News	NaN	0.16665424406528473
899	900	en	luo	challenge_SSA-MTE	hyp1	News	NaN	0.16665424406528473
900	901	en	luo	challenge_SSA-MTE	hyp1	News	NaN	-0.3655704855918884
901	902	en	luo	challenge_SSA-MTE	hyp1	News	NaN	-0.3655704855918884
902	903	en	luo	challenge_SSA-MTE	hyp1	News	NaN	-0.3655704855918884
903	904	en	luo	challenge_SSA-MTE	hyp1	News	NaN	-0.3655704855918884
904	905	en	luo	challenge_SSA-MTE	hyp1	News	NaN	-0.3655704855918884
905	906	en	luo	challenge_SSA-MTE	hyp1	News	NaN	-0.3655704855918884
906	907	en	luo	challenge_SSA-MTE	hyp1	News	NaN	-1.5389920473098755
907	908	en	luo	challenge_SSA-MTE	hyp1	News	NaN	-1.5389920473098755
908	909	en	luo	challenge_SSA-MTE	hyp1	News	NaN	-1.5389920473098755
909	910	en	luo	challenge_SSA-MTE	hyp1	News	NaN	-1.5389920473098755
910	911	en	luo	challenge_SSA-MTE	hyp1	News	NaN	-1.5389920473098755
911	912	en	luo	challenge_SSA-MTE	hyp1	News	NaN	-0.21540263295173645
912	913	en	luo	challenge_SSA-MTE	hyp1	News	NaN	-0.21540263295173645
913	914	en	luo	challenge_SSA-MTE	hyp1	News	NaN	-0.21540263295173645
914	915	en	luo	challenge_SSA-MTE	hyp1	News	NaN	-0.21540263295173645
915	916	en	luo	challenge_SSA-MTE	hyp1	News	NaN	-0.21540263295173645
916	917	en	luo	challenge_SSA-MTE	hyp1	News	NaN	-0.21540050208568573
917	918	en	luo	challenge_SSA-MTE	hyp1	News	NaN	-1.4951194524765015
918	919	en	luo	challenge_SSA-MTE	hyp1	News	NaN	-1.4951194524765015
919	920	en	luo	challenge_SSA-MTE	hyp1	News	NaN	-1.4951194524765015
920	921	en	luo	challenge_SSA-MTE	hyp1	News	NaN	-1.4951194524765015
921	922	en	luo	challenge_SSA-MTE	hyp1	News	NaN	-1.4951194524765015
922	923	en	luo	challenge_SSA-MTE	hyp1	News	NaN	-1.4951194524765015
923	924	en	luo	challenge_SSA-MTE	hyp1	News	NaN	-1.666982650756836
924	925	en	luo	challenge_SSA-MTE	hyp1	News	NaN	-1.666982650756836
925	926	en	luo	challenge_SSA-MTE	hyp1	News	NaN	-1.666982650756836
926	927	en	luo	challenge_SSA-MTE	hyp1	News	NaN	-1.666982650756836
927	928	en	luo	challenge_SSA-MTE	hyp1	News	NaN	-0.3811030983924866
928	929	en	luo	challenge_SSA-MTE	hyp1	News	NaN	-0.3811030983924866
929	930	en	luo	challenge_SSA-MTE	hyp1	News	NaN	-0.3811030983924866
930	931	en	luo	challenge_SSA-MTE	hyp1	News	NaN	-0.3811030983924866
931	932	en	luo	challenge_SSA-MTE	hyp1	News	NaN	-0.3811030983924866
932	933	en	luo	challenge_SSA-MTE	hyp1	News	NaN	-1.5409797430038452
933	934	en	luo	challenge_SSA-MTE	hyp1	News	NaN	-1.5409797430038452
934	935	en	luo	challenge_SSA-MTE	hyp1	News	NaN	-1.5409797430038452
935	936	en	luo	challenge_SSA-MTE	hyp1	News	NaN	-1.5409797430038452
936	937	en	luo	challenge_SSA-MTE	hyp1	News	NaN	-1.5409797430038452
937	938	en	luo	challenge_SSA-MTE	hyp1	News	NaN	-1.0076221227645874
938	939	en	luo	challenge_SSA-MTE	hyp1	News	NaN	-1.0076221227645874
939	940	en	luo	challenge_SSA-MTE	hyp1	News	NaN	-1.0076221227645874
940	941	en	luo	challenge_SSA-MTE	hyp1	News	NaN	-1.0076221227645874
941	942	en	luo	challenge_SSA-MTE	hyp1	News	NaN	-1.0076221227645874
942	943	en	luo	challenge_SSA-MTE	hyp1	News	NaN	-1.0076221227645874
943	944	en	luo	challenge_SSA-MTE	hyp1	News	NaN	-1.6370216608047485
944	945	en	luo	challenge_SSA-MTE	hyp1	News	NaN	-1.6370216608047485
945	946	en	luo	challenge_SSA-MTE	hyp1	News	NaN	-1.6370216608047485
946	947	en	luo	challenge_SSA-MTE	hyp1	News	NaN	-1.6370216608047485
947	948	en	luo	challenge_SSA-MTE	hyp1	News	NaN	-1.6370216608047485
948	949	en	luo	challenge_SSA-MTE	hyp1	News	NaN	-1.6370216608047485
949	950	en	luo	challenge_SSA-MTE	hyp1	News	NaN	-0.40799814462661743
950	951	en	luo	challenge_SSA-MTE	hyp1	News	NaN	-0.40799814462661743
951	952	en	luo	challenge_SSA-MTE	hyp1	News	NaN	-0.40799814462661743
952	953	en	luo	challenge_SSA-MTE	hyp1	News	NaN	-0.40799814462661743
953	954	en	luo	challenge_SSA-MTE	hyp1	News	NaN	-0.40799814462661743
954	955	en	luo	challenge_SSA-MTE	hyp1	News	NaN	-0.40799814462661743
955	956	en	luo	challenge_SSA-MTE	hyp1	News	NaN	-0.4033474326133728
956	957	en	luo	challenge_SSA-MTE	hyp1	News	NaN	-0.4033474326133728
957	958	en	luo	challenge_SSA-MTE	hyp1	News	NaN	-0.4033474326133728
958	959	en	luo	challenge_SSA-MTE	hyp1	News	NaN	-0.4033474326133728
959	960	en	luo	challenge_SSA-MTE	hyp1	News	NaN	-0.4033481478691101
960	961	en	luo	challenge_SSA-MTE	hyp1	News	NaN	-0.4416661560535431
961	962	en	luo	challenge_SSA-MTE	hyp1	News	NaN	-0.4416661560535431
962	963	en	luo	challenge_SSA-MTE	hyp1	News	NaN	-0.44166994094848633
963	964	en	luo	challenge_SSA-MTE	hyp1	News	NaN	-0.44166994094848633
964	965	en	luo	challenge_SSA-MTE	hyp1	News	NaN	-0.45743516087532043
965	966	en	luo	challenge_SSA-MTE	hyp1	News	NaN	-0.45743662118911743
966	967	en	luo	challenge_SSA-MTE	hyp1	News	NaN	-0.45743662118911743
967	968	en	luo	challenge_SSA-MTE	hyp1	News	NaN	-0.45743662118911743
968	969	en	luo	challenge_SSA-MTE	hyp1	News	NaN	-0.45743516087532043
969	970	en	luo	challenge_SSA-MTE	hyp1	News	NaN	-0.45743662118911743
970	971	en	luo	challenge_SSA-MTE	hyp1	News	NaN	-1.4916232824325562
971	972	en	luo	challenge_SSA-MTE	hyp1	News	NaN	-1.4916232824325562
972	973	en	luo	challenge_SSA-MTE	hyp1	News	NaN	-1.4916232824325562
973	974	en	luo	challenge_SSA-MTE	hyp1	News	NaN	-1.4916249513626099
974	975	en	luo	challenge_SSA-MTE	hyp1	News	NaN	-1.4916249513626099
975	976	en	luo	challenge_SSA-MTE	hyp1	News	NaN	-1.4916232824325562
976	977	en	luo	challenge_SSA-MTE	hyp1	News	NaN	-1.2148689031600952
977	978	en	luo	challenge_SSA-MTE	hyp1	News	NaN	-1.2148689031600952
978	979	en	luo	challenge_SSA-MTE	hyp1	News	NaN	-1.2148689031600952
979	980	en	luo	challenge_SSA-MTE	hyp1	News	NaN	-1.2148689031600952
980	981	en	luo	challenge_SSA-MTE	hyp1	News	NaN	-1.2148689031600952
981	982	en	luo	challenge_SSA-MTE	hyp1	News	NaN	-1.2148689031600952
982	983	en	luo	challenge_SSA-MTE	hyp1	News	NaN	-1.2286325693130493
983	984	en	luo	challenge_SSA-MTE	hyp1	News	NaN	-1.2286325693130493
984	985	en	luo	challenge_SSA-MTE	hyp1	News	NaN	-1.2286325693130493
985	986	en	luo	challenge_SSA-MTE	hyp1	News	NaN	-1.2286325693130493
986	987	en	luo	challenge_SSA-MTE	hyp1	News	NaN	-1.2286325693130493
987	988	en	luo	challenge_SSA-MTE	hyp1	News	NaN	-1.2286325693130493
988	989	en	luo	challenge_SSA-MTE	hyp1	News	NaN	-1.347190260887146
989	990	en	luo	challenge_SSA-MTE	hyp1	News	NaN	-1.347190260887146
990	991	en	luo	challenge_SSA-MTE	hyp1	News	NaN	-1.347190260887146
991	992	en	luo	challenge_SSA-MTE	hyp1	News	NaN	-1.347190260887146
992	993	en	luo	challenge_SSA-MTE	hyp1	News	NaN	-1.347190260887146
993	994	en	luo	challenge_SSA-MTE	hyp1	News	NaN	-1.347190260887146
994	995	en	luo	challenge_SSA-MTE	hyp1	News	NaN	-0.878337025642395
995	996	en	luo	challenge_SSA-MTE	hyp1	News	NaN	-0.878337025642395
996	997	en	luo	challenge_SSA-MTE	hyp1	News	NaN	-0.878337025642395
997	998	en	luo	challenge_SSA-MTE	hyp1	News	NaN	-0.878337025642395
998	999	en	luo	challenge_SSA-MTE	hyp1	News	NaN	-0.878337025642395
999	1000	en	luo	challenge_SSA-MTE	hyp1	News	NaN	-0.878337025642395
1000	1001	en	luo	challenge_SSA-MTE	hyp1	News	NaN	0.06170915439724922
1001	1002	en	luo	challenge_SSA-MTE	hyp1	News	NaN	0.06170915439724922
1002	1003	en	luo	challenge_SSA-MTE	hyp1	News	NaN	0.06170915439724922
1003	1004	en	luo	challenge_SSA-MTE	hyp1	News	NaN	0.06170915439724922
1004	1005	en	luo	challenge_SSA-MTE	hyp1	News	NaN	0.061708662658929825
1005	1006	en	luo	challenge_SSA-MTE	hyp1	News	NaN	0.061708662658929825
1006	1007	en	luo	challenge_SSA-MTE	hyp1	News	NaN	-0.06363609433174133
1007	1008	en	luo	challenge_SSA-MTE	hyp1	News	NaN	-0.06363609433174133
1008	1009	en	luo	challenge_SSA-MTE	hyp1	News	NaN	-0.06363609433174133
1009	1010	en	luo	challenge_SSA-MTE	hyp1	News	NaN	-0.06363609433174133
1010	1011	en	luo	challenge_SSA-MTE	hyp1	News	NaN	-0.06363609433174133
1011	1012	en	luo	challenge_SSA-MTE	hyp1	News	NaN	-0.1399591565132141
1012	1013	en	luo	challenge_SSA-MTE	hyp1	News	NaN	-0.1399591565132141
1013	1014	en	luo	challenge_SSA-MTE	hyp1	News	NaN	-0.1399591565132141
1014	1015	en	luo	challenge_SSA-MTE	hyp1	News	NaN	-0.1399591565132141
1015	1016	en	luo	challenge_SSA-MTE	hyp1	News	NaN	-0.1399591565132141
1016	1017	en	luo	challenge_SSA-MTE	hyp1	News	NaN	-0.1399591565132141
1017	1018	en	luo	challenge_SSA-MTE	hyp1	News	NaN	-0.9166998863220215
1018	1019	en	luo	challenge_SSA-MTE	hyp1	News	NaN	-0.9166998863220215
1019	1020	en	luo	challenge_SSA-MTE	hyp1	News	NaN	-0.9166998863220215
1020	1021	en	luo	challenge_SSA-MTE	hyp1	News	NaN	-0.9166998863220215
1021	1022	en	luo	challenge_SSA-MTE	hyp1	News	NaN	-0.9166998863220215
1022	1023	en	luo	challenge_SSA-MTE	hyp1	News	NaN	-0.9166998863220215
1023	1024	en	luo	challenge_SSA-MTE	hyp1	News	NaN	-0.6798727512359619
1024	1025	en	luo	challenge_SSA-MTE	hyp1	News	NaN	-0.6798727512359619
1025	1026	en	luo	challenge_SSA-MTE	hyp1	News	NaN	-0.6798727512359619
1026	1027	en	luo	challenge_SSA-MTE	hyp1	News	NaN	-0.6798727512359619
1027	1028	en	luo	challenge_SSA-MTE	hyp1	News	NaN	-0.6798727512359619
1028	1029	en	luo	challenge_SSA-MTE	hyp1	News	NaN	-0.6798727512359619
1029	1030	en	luo	challenge_SSA-MTE	hyp1	News	NaN	-1.4694346189498901
1030	1031	en	luo	challenge_SSA-MTE	hyp1	News	NaN	-1.4694346189498901
1031	1032	en	luo	challenge_SSA-MTE	hyp1	News	NaN	-1.4694346189498901
1032	1033	en	luo	challenge_SSA-MTE	hyp1	News	NaN	-1.4694346189498901
1033	1034	en	luo	challenge_SSA-MTE	hyp1	News	NaN	-1.4694346189498901
1034	1035	en	luo	challenge_SSA-MTE	hyp1	News	NaN	-1.4694346189498901
1035	1036	en	luo	challenge_SSA-MTE	hyp1	News	NaN	-1.4711122512817383
1036	1037	en	luo	challenge_SSA-MTE	hyp1	News	NaN	-1.4711122512817383
1037	1038	en	luo	challenge_SSA-MTE	hyp1	News	NaN	-1.4711122512817383
1038	1039	en	luo	challenge_SSA-MTE	hyp1	News	NaN	-1.4711122512817383
1039	1040	en	luo	challenge_SSA-MTE	hyp1	News	NaN	-1.4711135625839233
1040	1041	en	luo	challenge_SSA-MTE	hyp1	News	NaN	-0.6737267971038818
1041	1042	en	luo	challenge_SSA-MTE	hyp1	News	NaN	-0.6737267971038818
1042	1043	en	luo	challenge_SSA-MTE	hyp1	News	NaN	-0.6737267971038818
1043	1044	en	luo	challenge_SSA-MTE	hyp1	News	NaN	-0.6737267971038818
1044	1045	en	luo	challenge_SSA-MTE	hyp1	News	NaN	-0.6737267971038818
1045	1046	en	luo	challenge_SSA-MTE	hyp1	News	NaN	-0.358145534992218
1046	1047	en	luo	challenge_SSA-MTE	hyp1	News	NaN	-0.358145534992218
1047	1048	en	luo	challenge_SSA-MTE	hyp1	News	NaN	-0.35814499855041504
1048	1049	en	luo	challenge_SSA-MTE	hyp1	News	NaN	-0.35814499855041504
1049	1050	en	luo	challenge_SSA-MTE	hyp1	News	NaN	-0.35814499855041504
1050	1051	en	luo	challenge_SSA-MTE	hyp1	News	NaN	-0.35814499855041504
1051	1052	en	luo	challenge_SSA-MTE	hyp1	News	NaN	-1.0084686279296875
1052	1053	en	luo	challenge_SSA-MTE	hyp1	News	NaN	-1.0084686279296875
1053	1054	en	luo	challenge_SSA-MTE	hyp1	News	NaN	-1.008468508720398
1054	1055	en	luo	challenge_SSA-MTE	hyp1	News	NaN	-1.008468508720398
1055	1056	en	luo	challenge_SSA-MTE	hyp1	News	NaN	-1.008468508720398
1056	1057	en	luo	challenge_SSA-MTE	hyp1	News	NaN	-1.008468508720398
1057	1058	en	luo	challenge_SSA-MTE	hyp1	News	NaN	-0.48023247718811035
1058	1059	en	luo	challenge_SSA-MTE	hyp1	News	NaN	-0.48023247718811035
1059	1060	en	luo	challenge_SSA-MTE	hyp1	News	NaN	-0.48023247718811035
1060	1061	en	luo	challenge_SSA-MTE	hyp1	News	NaN	-0.48023247718811035
1061	1062	en	luo	challenge_SSA-MTE	hyp1	News	NaN	-0.48023247718811035
1062	1063	en	luo	challenge_SSA-MTE	hyp1	News	NaN	-0.48023247718811035
1063	1064	en	luo	challenge_SSA-MTE	hyp1	News	NaN	-1.426331639289856
1064	1065	en	luo	challenge_SSA-MTE	hyp1	News	NaN	-1.426331639289856
1065	1066	en	luo	challenge_SSA-MTE	hyp1	News	NaN	-1.426331639289856
1066	1067	en	luo	challenge_SSA-MTE	hyp1	News	NaN	-1.426331639289856
1067	1068	en	luo	challenge_SSA-MTE	hyp1	News	NaN	-1.426331639289856
1068	1069	en	luo	challenge_SSA-MTE	hyp1	News	NaN	-1.426331639289856
1069	1070	en	luo	challenge_SSA-MTE	hyp1	News	NaN	-1.379692792892456
1070	1071	en	luo	challenge_SSA-MTE	hyp1	News	NaN	-1.379692792892456
1071	1072	en	luo	challenge_SSA-MTE	hyp1	News	NaN	-1.379692792892456
1072	1073	en	luo	challenge_SSA-MTE	hyp1	News	NaN	-1.379692792892456
1073	1074	en	luo	challenge_SSA-MTE	hyp1	News	NaN	-1.379692792892456
1074	1075	en	luo	challenge_SSA-MTE	hyp1	News	NaN	-1.379692792892456
1075	1076	en	luo	challenge_SSA-MTE	hyp1	News	NaN	-2.1052072048187256
1076	1077	en	luo	challenge_SSA-MTE	hyp1	News	NaN	-2.1052072048187256
1077	1078	en	luo	challenge_SSA-MTE	hyp1	News	NaN	-2.1052072048187256
1078	1079	en	luo	challenge_SSA-MTE	hyp1	News	NaN	-2.1052072048187256
1079	1080	en	luo	challenge_SSA-MTE	hyp1	News	NaN	-2.1052072048187256
1080	1081	en	luo	challenge_SSA-MTE	hyp1	News	NaN	-2.1052072048187256
1081	1082	en	luo	challenge_SSA-MTE	hyp1	News	NaN	-1.3616478443145752
1082	1083	en	luo	challenge_SSA-MTE	hyp1	News	NaN	-1.3616478443145752
1083	1084	en	luo	challenge_SSA-MTE	hyp1	News	NaN	-1.3616459369659424
1084	1085	en	luo	challenge_SSA-MTE	hyp1	News	NaN	-1.3616459369659424
1085	1086	en	luo	challenge_SSA-MTE	hyp1	News	NaN	-1.3616459369659424
1086	1087	en	luo	challenge_SSA-MTE	hyp1	News	NaN	-1.3616459369659424
1087	1088	en	luo	challenge_SSA-MTE	hyp1	News	NaN	-0.4239310622215271
1088	1089	en	luo	challenge_SSA-MTE	hyp1	News	NaN	-0.4239310622215271
1089	1090	en	luo	challenge_SSA-MTE	hyp1	News	NaN	-0.4239310622215271
1090	1091	en	luo	challenge_SSA-MTE	hyp1	News	NaN	-0.4239310622215271
1091	1092	en	luo	challenge_SSA-MTE	hyp1	News	NaN	-0.4239310622215271
1092	1093	en	luo	challenge_SSA-MTE	hyp1	News	NaN	-0.4239310622215271
1093	1094	en	luo	challenge_SSA-MTE	hyp1	News	NaN	-0.1370915025472641
1094	1095	en	luo	challenge_SSA-MTE	hyp1	News	NaN	-0.13709032535552979
1095	1096	en	luo	challenge_SSA-MTE	hyp1	News	NaN	-0.13708898425102234
1096	1097	en	luo	challenge_SSA-MTE	hyp1	News	NaN	-0.13708898425102234
1097	1098	en	luo	challenge_SSA-MTE	hyp1	News	NaN	-0.13708898425102234
1098	1099	en	luo	challenge_SSA-MTE	hyp1	News	NaN	-0.13708898425102234
1099	1100	en	luo	challenge_SSA-MTE	hyp1	News	NaN	-0.6708198189735413
1100	1101	en	luo	challenge_SSA-MTE	hyp1	News	NaN	-0.6708198189735413
1101	1102	en	luo	challenge_SSA-MTE	hyp1	News	NaN	-0.6708207726478577
1102	1103	en	luo	challenge_SSA-MTE	hyp1	News	NaN	-0.6708198189735413
1103	1104	en	luo	challenge_SSA-MTE	hyp1	News	NaN	-0.6708198189735413
1104	1105	en	luo	challenge_SSA-MTE	hyp1	News	NaN	-0.6708207726478577
1105	1106	en	luo	challenge_SSA-MTE	hyp1	News	NaN	-0.6628207564353943
1106	1107	en	luo	challenge_SSA-MTE	hyp1	News	NaN	-0.6628207564353943
1107	1108	en	luo	challenge_SSA-MTE	hyp1	News	NaN	-0.6628207564353943
1108	1109	en	luo	challenge_SSA-MTE	hyp1	News	NaN	-0.6628207564353943
1109	1110	en	luo	challenge_SSA-MTE	hyp1	News	NaN	-0.6628207564353943
1110	1111	en	luo	challenge_SSA-MTE	hyp1	News	NaN	-0.6628207564353943
1111	1112	en	luo	challenge_SSA-MTE	hyp1	News	NaN	-2.089585065841675
1112	1113	en	luo	challenge_SSA-MTE	hyp1	News	NaN	-2.089585065841675
1113	1114	en	luo	challenge_SSA-MTE	hyp1	News	NaN	-2.089585065841675
1114	1115	en	luo	challenge_SSA-MTE	hyp1	News	NaN	-2.089585065841675
1115	1116	en	luo	challenge_SSA-MTE	hyp1	News	NaN	-1.3641437292099
1116	1117	en	luo	challenge_SSA-MTE	hyp1	News	NaN	-1.3641437292099
1117	1118	en	luo	challenge_SSA-MTE	hyp1	News	NaN	-1.3641437292099
1118	1119	en	luo	challenge_SSA-MTE	hyp1	News	NaN	-1.3641437292099
1119	1120	en	luo	challenge_SSA-MTE	hyp1	News	NaN	-0.9506226778030396
1120	1121	en	luo	challenge_SSA-MTE	hyp1	News	NaN	-0.9506226778030396
1121	1122	en	luo	challenge_SSA-MTE	hyp1	News	NaN	-0.9506226778030396
1122	1123	en	luo	challenge_SSA-MTE	hyp1	News	NaN	-0.9506226778030396
1123	1124	en	luo	challenge_SSA-MTE	hyp1	News	NaN	-0.9506226778030396
1124	1125	en	luo	challenge_SSA-MTE	hyp1	News	NaN	-0.9506226778030396
1125	1126	en	luo	challenge_SSA-MTE	hyp1	News	NaN	0.23010259866714478
1126	1127	en	luo	challenge_SSA-MTE	hyp1	News	NaN	0.23010307550430298
1127	1128	en	luo	challenge_SSA-MTE	hyp1	News	NaN	0.23010307550430298
1128	1129	en	luo	challenge_SSA-MTE	hyp1	News	NaN	0.23010259866714478
1129	1130	en	luo	challenge_SSA-MTE	hyp1	News	NaN	0.23010259866714478
1130	1131	en	luo	challenge_SSA-MTE	hyp1	News	NaN	0.2301030457019806
1131	1132	en	luo	challenge_SSA-MTE	hyp1	News	NaN	-0.9276677370071411
1132	1133	en	luo	challenge_SSA-MTE	hyp1	News	NaN	-0.9276677370071411
1133	1134	en	luo	challenge_SSA-MTE	hyp1	News	NaN	-0.9276677370071411
1134	1135	en	luo	challenge_SSA-MTE	hyp1	News	NaN	-0.9276677370071411
1135	1136	en	luo	challenge_SSA-MTE	hyp1	News	NaN	-0.9276677370071411
1136	1137	en	luo	challenge_SSA-MTE	hyp1	News	NaN	-0.9276677370071411
1137	1138	en	luo	challenge_SSA-MTE	hyp1	News	NaN	-0.3263890743255615
1138	1139	en	luo	challenge_SSA-MTE	hyp1	News	NaN	-0.3263890743255615
1139	1140	en	luo	challenge_SSA-MTE	hyp1	News	NaN	-0.3263890743255615
1140	1141	en	luo	challenge_SSA-MTE	hyp1	News	NaN	-0.32638776302337646
1141	1142	en	luo	challenge_SSA-MTE	hyp1	News	NaN	-0.3263890743255615
1142	1143	en	luo	challenge_SSA-MTE	hyp1	News	NaN	-0.37511900067329407
1143	1144	en	luo	challenge_SSA-MTE	hyp1	News	NaN	-0.37511900067329407
1144	1145	en	luo	challenge_SSA-MTE	hyp1	News	NaN	-0.37511900067329407
1145	1146	en	luo	challenge_SSA-MTE	hyp1	News	NaN	-0.37511900067329407
1146	1147	en	luo	challenge_SSA-MTE	hyp1	News	NaN	-0.37511900067329407
1147	1148	en	luo	challenge_SSA-MTE	hyp1	News	NaN	-0.37511900067329407
1148	1149	en	luo	challenge_SSA-MTE	hyp1	News	NaN	-2.0235772132873535
1149	1150	en	luo	challenge_SSA-MTE	hyp1	News	NaN	-2.0235772132873535
1150	1151	en	luo	challenge_SSA-MTE	hyp1	News	NaN	-2.0235772132873535
1151	1152	en	luo	challenge_SSA-MTE	hyp1	News	NaN	-2.0235772132873535
1152	1153	en	luo	challenge_SSA-MTE	hyp1	News	NaN	-2.0235772132873535
1153	1154	en	luo	challenge_SSA-MTE	hyp1	News	NaN	-2.0235772132873535
1154	1155	en	luo	challenge_SSA-MTE	hyp1	News	NaN	-0.363947331905365
1155	1156	en	luo	challenge_SSA-MTE	hyp1	News	NaN	-0.363947331905365
1156	1157	en	luo	challenge_SSA-MTE	hyp1	News	NaN	-0.363947331905365
1157	1158	en	luo	challenge_SSA-MTE	hyp1	News	NaN	-0.363947331905365
1158	1159	en	luo	challenge_SSA-MTE	hyp1	News	NaN	-0.363947331905365
1159	1160	en	luo	challenge_SSA-MTE	hyp1	News	NaN	-0.6277574300765991
1160	1161	en	luo	challenge_SSA-MTE	hyp1	News	NaN	-0.6277574300765991
1161	1162	en	luo	challenge_SSA-MTE	hyp1	News	NaN	-0.6277574300765991
1162	1163	en	luo	challenge_SSA-MTE	hyp1	News	NaN	-0.6277574300765991
1163	1164	en	luo	challenge_SSA-MTE	hyp1	News	NaN	-0.6277574300765991
1164	1165	en	luo	challenge_SSA-MTE	hyp1	News	NaN	-0.6277574300765991
1165	1166	en	luo	challenge_SSA-MTE	hyp1	News	NaN	-1.3733643293380737
1166	1167	en	luo	challenge_SSA-MTE	hyp1	News	NaN	-1.3733643293380737
1167	1168	en	luo	challenge_SSA-MTE	hyp1	News	NaN	-1.3733667135238647
1168	1169	en	luo	challenge_SSA-MTE	hyp1	News	NaN	-1.3733643293380737
1169	1170	en	luo	challenge_SSA-MTE	hyp1	News	NaN	-1.3733643293380737
1170	1171	en	luo	challenge_SSA-MTE	hyp1	News	NaN	-0.6889634728431702
1171	1172	en	luo	challenge_SSA-MTE	hyp1	News	NaN	-0.6889634728431702
1172	1173	en	luo	challenge_SSA-MTE	hyp1	News	NaN	-0.6889634728431702
1173	1174	en	luo	challenge_SSA-MTE	hyp1	News	NaN	-0.6889634728431702
1174	1175	en	luo	challenge_SSA-MTE	hyp1	News	NaN	-0.6889634728431702
1175	1176	en	luo	challenge_SSA-MTE	hyp1	News	NaN	-1.6812219619750977
1176	1177	en	luo	challenge_SSA-MTE	hyp1	News	NaN	-1.6812219619750977
1177	1178	en	luo	challenge_SSA-MTE	hyp1	News	NaN	-1.6812219619750977
1178	1179	en	luo	challenge_SSA-MTE	hyp1	News	NaN	-1.6812219619750977
1179	1180	en	luo	challenge_SSA-MTE	hyp1	News	NaN	-1.6812219619750977
1180	1181	en	luo	challenge_SSA-MTE	hyp1	News	NaN	-1.6812219619750977
1181	1182	en	luo	challenge_SSA-MTE	hyp1	News	NaN	-1.2912636995315552
1182	1183	en	luo	challenge_SSA-MTE	hyp1	News	NaN	-1.2912636995315552
1183	1184	en	luo	challenge_SSA-MTE	hyp1	News	NaN	-1.2912652492523193
1184	1185	en	luo	challenge_SSA-MTE	hyp1	News	NaN	-1.2912636995315552
1185	1186	en	luo	challenge_SSA-MTE	hyp1	News	NaN	-1.7466069459915161
1186	1187	en	luo	challenge_SSA-MTE	hyp1	News	NaN	-1.7466069459915161
1187	1188	en	luo	challenge_SSA-MTE	hyp1	News	NaN	-1.7466069459915161
1188	1189	en	luo	challenge_SSA-MTE	hyp1	News	NaN	-1.7466069459915161
1189	1190	en	luo	challenge_SSA-MTE	hyp1	News	NaN	-0.47661134600639343
1190	1191	en	luo	challenge_SSA-MTE	hyp1	News	NaN	-0.47661134600639343
1191	1192	en	luo	challenge_SSA-MTE	hyp1	News	NaN	-0.47661134600639343
1192	1193	en	luo	challenge_SSA-MTE	hyp1	News	NaN	-0.476610392332077
1193	1194	en	luo	challenge_SSA-MTE	hyp1	News	NaN	-0.47661134600639343
1194	1195	en	luo	challenge_SSA-MTE	hyp1	News	NaN	-1.2715448141098022
1195	1196	en	luo	challenge_SSA-MTE	hyp1	News	NaN	-1.2715448141098022
1196	1197	en	luo	challenge_SSA-MTE	hyp1	News	NaN	-1.2715448141098022
1197	1198	en	luo	challenge_SSA-MTE	hyp1	News	NaN	-1.2715448141098022
1198	1199	en	luo	challenge_SSA-MTE	hyp1	News	NaN	-1.2715448141098022
0	1	en	twi	challenge_SSA-MTE	hyp1	News	NaN	-0.15199995040893555
1	2	en	twi	challenge_SSA-MTE	hyp1	News	NaN	-0.15199995040893555
2	3	en	twi	challenge_SSA-MTE	hyp1	News	NaN	-0.15199995040893555
3	4	en	twi	challenge_SSA-MTE	hyp1	News	NaN	-0.15199995040893555
4	5	en	twi	challenge_SSA-MTE	hyp1	News	NaN	-0.15199995040893555
5	6	en	twi	challenge_SSA-MTE	hyp1	News	NaN	-0.15199995040893555
6	7	en	twi	challenge_SSA-MTE	hyp1	News	NaN	-0.2622581422328949
7	8	en	twi	challenge_SSA-MTE	hyp1	News	NaN	-0.2622581422328949
8	9	en	twi	challenge_SSA-MTE	hyp1	News	NaN	-0.2622581422328949
9	10	en	twi	challenge_SSA-MTE	hyp1	News	NaN	-0.2622581422328949
10	11	en	twi	challenge_SSA-MTE	hyp1	News	NaN	-0.2622581422328949
11	12	en	twi	challenge_SSA-MTE	hyp1	News	NaN	-0.2622581422328949
12	13	en	twi	challenge_SSA-MTE	hyp1	News	NaN	0.10717543214559555
13	14	en	twi	challenge_SSA-MTE	hyp1	News	NaN	0.10717543214559555
14	15	en	twi	challenge_SSA-MTE	hyp1	News	NaN	0.10717543214559555
15	16	en	twi	challenge_SSA-MTE	hyp1	News	NaN	0.1071762815117836
16	17	en	twi	challenge_SSA-MTE	hyp1	News	NaN	0.10717543214559555
17	18	en	twi	challenge_SSA-MTE	hyp1	News	NaN	0.10717543214559555
18	19	en	twi	challenge_SSA-MTE	hyp1	News	NaN	-0.1770668476819992
19	20	en	twi	challenge_SSA-MTE	hyp1	News	NaN	-0.1770668476819992
20	21	en	twi	challenge_SSA-MTE	hyp1	News	NaN	-0.1770668476819992
21	22	en	twi	challenge_SSA-MTE	hyp1	News	NaN	-0.1770668476819992
22	23	en	twi	challenge_SSA-MTE	hyp1	News	NaN	-0.1770668476819992
23	24	en	twi	challenge_SSA-MTE	hyp1	News	NaN	-0.2186940610408783
24	25	en	twi	challenge_SSA-MTE	hyp1	News	NaN	-0.2186940610408783
25	26	en	twi	challenge_SSA-MTE	hyp1	News	NaN	-0.2186940610408783
26	27	en	twi	challenge_SSA-MTE	hyp1	News	NaN	-0.2186940610408783
27	28	en	twi	challenge_SSA-MTE	hyp1	News	NaN	-0.2186940610408783
28	29	en	twi	challenge_SSA-MTE	hyp1	News	NaN	-0.10604720562696457
29	30	en	twi	challenge_SSA-MTE	hyp1	News	NaN	-0.10604720562696457
30	31	en	twi	challenge_SSA-MTE	hyp1	News	NaN	-0.10604720562696457
31	32	en	twi	challenge_SSA-MTE	hyp1	News	NaN	-0.10604748129844666
32	33	en	twi	challenge_SSA-MTE	hyp1	News	NaN	-0.10604748129844666
33	34	en	twi	challenge_SSA-MTE	hyp1	News	NaN	-0.10604748129844666
34	35	en	twi	challenge_SSA-MTE	hyp1	News	NaN	-1.3419246673583984
35	36	en	twi	challenge_SSA-MTE	hyp1	News	NaN	-1.3419246673583984
36	37	en	twi	challenge_SSA-MTE	hyp1	News	NaN	-1.3419246673583984
37	38	en	twi	challenge_SSA-MTE	hyp1	News	NaN	-1.3419246673583984
38	39	en	twi	challenge_SSA-MTE	hyp1	News	NaN	-1.3419246673583984
39	40	en	twi	challenge_SSA-MTE	hyp1	News	NaN	-1.3419246673583984
40	41	en	twi	challenge_SSA-MTE	hyp1	News	NaN	-0.27091094851493835
41	42	en	twi	challenge_SSA-MTE	hyp1	News	NaN	-0.27091094851493835
42	43	en	twi	challenge_SSA-MTE	hyp1	News	NaN	-0.27091094851493835
43	44	en	twi	challenge_SSA-MTE	hyp1	News	NaN	-0.27091094851493835
44	45	en	twi	challenge_SSA-MTE	hyp1	News	NaN	-0.27091094851493835
45	46	en	twi	challenge_SSA-MTE	hyp1	News	NaN	-0.27091094851493835
46	47	en	twi	challenge_SSA-MTE	hyp1	News	NaN	-0.06677617877721786
47	48	en	twi	challenge_SSA-MTE	hyp1	News	NaN	-0.06677506119012833
48	49	en	twi	challenge_SSA-MTE	hyp1	News	NaN	-0.06677506119012833
49	50	en	twi	challenge_SSA-MTE	hyp1	News	NaN	-0.06677506119012833
50	51	en	twi	challenge_SSA-MTE	hyp1	News	NaN	-0.06677506119012833
51	52	en	twi	challenge_SSA-MTE	hyp1	News	NaN	-0.06677506119012833
52	53	en	twi	challenge_SSA-MTE	hyp1	News	NaN	-0.0011201207526028156
53	54	en	twi	challenge_SSA-MTE	hyp1	News	NaN	-0.0011201207526028156
54	55	en	twi	challenge_SSA-MTE	hyp1	News	NaN	-0.0011201207526028156
55	56	en	twi	challenge_SSA-MTE	hyp1	News	NaN	-0.0011201207526028156
56	57	en	twi	challenge_SSA-MTE	hyp1	News	NaN	-0.0011201207526028156
57	58	en	twi	challenge_SSA-MTE	hyp1	News	NaN	-0.0011201207526028156
58	59	en	twi	challenge_SSA-MTE	hyp1	News	NaN	0.009904766455292702
59	60	en	twi	challenge_SSA-MTE	hyp1	News	NaN	0.009904822334647179
60	61	en	twi	challenge_SSA-MTE	hyp1	News	NaN	0.009904822334647179
61	62	en	twi	challenge_SSA-MTE	hyp1	News	NaN	0.009904766455292702
62	63	en	twi	challenge_SSA-MTE	hyp1	News	NaN	0.009904822334647179
63	64	en	twi	challenge_SSA-MTE	hyp1	News	NaN	0.009904822334647179
64	65	en	twi	challenge_SSA-MTE	hyp1	News	NaN	-0.1056867390871048
65	66	en	twi	challenge_SSA-MTE	hyp1	News	NaN	-0.1056867390871048
66	67	en	twi	challenge_SSA-MTE	hyp1	News	NaN	-0.1056867390871048
67	68	en	twi	challenge_SSA-MTE	hyp1	News	NaN	-0.1056867390871048
68	69	en	twi	challenge_SSA-MTE	hyp1	News	NaN	-0.1056867390871048
69	70	en	twi	challenge_SSA-MTE	hyp1	News	NaN	-0.1056867390871048
70	71	en	twi	challenge_SSA-MTE	hyp1	News	NaN	0.16319459676742554
71	72	en	twi	challenge_SSA-MTE	hyp1	News	NaN	0.16319459676742554
72	73	en	twi	challenge_SSA-MTE	hyp1	News	NaN	0.16319459676742554
73	74	en	twi	challenge_SSA-MTE	hyp1	News	NaN	0.1631951630115509
74	75	en	twi	challenge_SSA-MTE	hyp1	News	NaN	0.1631951630115509
75	76	en	twi	challenge_SSA-MTE	hyp1	News	NaN	0.16319459676742554
76	77	en	twi	challenge_SSA-MTE	hyp1	News	NaN	-0.4160879850387573
77	78	en	twi	challenge_SSA-MTE	hyp1	News	NaN	-0.4160882830619812
78	79	en	twi	challenge_SSA-MTE	hyp1	News	NaN	-0.4160879850387573
79	80	en	twi	challenge_SSA-MTE	hyp1	News	NaN	-1.0260001420974731
80	81	en	twi	challenge_SSA-MTE	hyp1	News	NaN	-1.0259894132614136
81	82	en	twi	challenge_SSA-MTE	hyp1	News	NaN	-1.0259894132614136
82	83	en	twi	challenge_SSA-MTE	hyp1	News	NaN	-1.0259894132614136
83	84	en	twi	challenge_SSA-MTE	hyp1	News	NaN	-1.0260001420974731
84	85	en	twi	challenge_SSA-MTE	hyp1	News	NaN	-1.0259894132614136
85	86	en	twi	challenge_SSA-MTE	hyp1	News	NaN	-0.22159001231193542
86	87	en	twi	challenge_SSA-MTE	hyp1	News	NaN	-0.22159001231193542
87	88	en	twi	challenge_SSA-MTE	hyp1	News	NaN	-0.22159001231193542
88	89	en	twi	challenge_SSA-MTE	hyp1	News	NaN	-0.22159001231193542
89	90	en	twi	challenge_SSA-MTE	hyp1	News	NaN	-0.22159001231193542
90	91	en	twi	challenge_SSA-MTE	hyp1	News	NaN	-0.15065768361091614
91	92	en	twi	challenge_SSA-MTE	hyp1	News	NaN	-0.15065768361091614
92	93	en	twi	challenge_SSA-MTE	hyp1	News	NaN	-0.15065768361091614
93	94	en	twi	challenge_SSA-MTE	hyp1	News	NaN	-0.15065768361091614
94	95	en	twi	challenge_SSA-MTE	hyp1	News	NaN	-0.15065768361091614
95	96	en	twi	challenge_SSA-MTE	hyp1	News	NaN	-0.15065768361091614
96	97	en	twi	challenge_SSA-MTE	hyp1	News	NaN	-0.3542189598083496
97	98	en	twi	challenge_SSA-MTE	hyp1	News	NaN	-0.3542189598083496
98	99	en	twi	challenge_SSA-MTE	hyp1	News	NaN	-0.3542189598083496
99	100	en	twi	challenge_SSA-MTE	hyp1	News	NaN	-0.3542189598083496
100	101	en	twi	challenge_SSA-MTE	hyp1	News	NaN	-0.3542189598083496
101	102	en	twi	challenge_SSA-MTE	hyp1	News	NaN	-0.3542189598083496
102	103	en	twi	challenge_SSA-MTE	hyp1	News	NaN	-0.25037166476249695
103	104	en	twi	challenge_SSA-MTE	hyp1	News	NaN	-0.25037166476249695
104	105	en	twi	challenge_SSA-MTE	hyp1	News	NaN	-0.25037074089050293
105	106	en	twi	challenge_SSA-MTE	hyp1	News	NaN	-0.25037074089050293
106	107	en	twi	challenge_SSA-MTE	hyp1	News	NaN	-0.25037074089050293
107	108	en	twi	challenge_SSA-MTE	hyp1	News	NaN	-0.2899019718170166
108	109	en	twi	challenge_SSA-MTE	hyp1	News	NaN	-0.2899019718170166
109	110	en	twi	challenge_SSA-MTE	hyp1	News	NaN	-0.2899019718170166
110	111	en	twi	challenge_SSA-MTE	hyp1	News	NaN	-0.2899019718170166
111	112	en	twi	challenge_SSA-MTE	hyp1	News	NaN	-0.2899019718170166
112	113	en	twi	challenge_SSA-MTE	hyp1	News	NaN	-0.2898995280265808
113	114	en	twi	challenge_SSA-MTE	hyp1	News	NaN	-0.5936053395271301
114	115	en	twi	challenge_SSA-MTE	hyp1	News	NaN	-0.593603789806366
115	116	en	twi	challenge_SSA-MTE	hyp1	News	NaN	-0.593603789806366
116	117	en	twi	challenge_SSA-MTE	hyp1	News	NaN	-0.593603789806366
117	118	en	twi	challenge_SSA-MTE	hyp1	News	NaN	-0.593603789806366
118	119	en	twi	challenge_SSA-MTE	hyp1	News	NaN	-0.5936053395271301
119	120	en	twi	challenge_SSA-MTE	hyp1	News	NaN	-1.0557441711425781
120	121	en	twi	challenge_SSA-MTE	hyp1	News	NaN	-1.0557441711425781
121	122	en	twi	challenge_SSA-MTE	hyp1	News	NaN	-1.0557441711425781
122	123	en	twi	challenge_SSA-MTE	hyp1	News	NaN	-1.0557441711425781
123	124	en	twi	challenge_SSA-MTE	hyp1	News	NaN	-1.0557441711425781
124	125	en	twi	challenge_SSA-MTE	hyp1	News	NaN	-1.0557441711425781
125	126	en	twi	challenge_SSA-MTE	hyp1	News	NaN	-0.6090127825737
126	127	en	twi	challenge_SSA-MTE	hyp1	News	NaN	-0.6090127825737
127	128	en	twi	challenge_SSA-MTE	hyp1	News	NaN	-0.6090127825737
128	129	en	twi	challenge_SSA-MTE	hyp1	News	NaN	-0.6090127825737
129	130	en	twi	challenge_SSA-MTE	hyp1	News	NaN	-0.6090127825737
130	131	en	twi	challenge_SSA-MTE	hyp1	News	NaN	-0.6090127825737
131	132	en	twi	challenge_SSA-MTE	hyp1	News	NaN	-0.2791110873222351
132	133	en	twi	challenge_SSA-MTE	hyp1	News	NaN	-0.2791110873222351
133	134	en	twi	challenge_SSA-MTE	hyp1	News	NaN	-0.2791110873222351
134	135	en	twi	challenge_SSA-MTE	hyp1	News	NaN	-0.2791110873222351
135	136	en	twi	challenge_SSA-MTE	hyp1	News	NaN	-0.2791110873222351
136	137	en	twi	challenge_SSA-MTE	hyp1	News	NaN	-0.2791110873222351
137	138	en	twi	challenge_SSA-MTE	hyp1	News	NaN	-0.07327135652303696
138	139	en	twi	challenge_SSA-MTE	hyp1	News	NaN	-0.07327135652303696
139	140	en	twi	challenge_SSA-MTE	hyp1	News	NaN	-0.07327143102884293
140	141	en	twi	challenge_SSA-MTE	hyp1	News	NaN	-0.07327143102884293
141	142	en	twi	challenge_SSA-MTE	hyp1	News	NaN	-0.07327143102884293
142	143	en	twi	challenge_SSA-MTE	hyp1	News	NaN	-0.07327143102884293
143	144	en	twi	challenge_SSA-MTE	hyp1	News	NaN	-0.39786356687545776
144	145	en	twi	challenge_SSA-MTE	hyp1	News	NaN	-0.39786356687545776
145	146	en	twi	challenge_SSA-MTE	hyp1	News	NaN	-0.39786356687545776
146	147	en	twi	challenge_SSA-MTE	hyp1	News	NaN	-0.39786356687545776
147	148	en	twi	challenge_SSA-MTE	hyp1	News	NaN	-0.39786356687545776
148	149	en	twi	challenge_SSA-MTE	hyp1	News	NaN	-0.39786356687545776
149	150	en	twi	challenge_SSA-MTE	hyp1	News	NaN	-0.15898296236991882
150	151	en	twi	challenge_SSA-MTE	hyp1	News	NaN	-0.15898296236991882
151	152	en	twi	challenge_SSA-MTE	hyp1	News	NaN	-0.15898296236991882
152	153	en	twi	challenge_SSA-MTE	hyp1	News	NaN	-0.15898296236991882
153	154	en	twi	challenge_SSA-MTE	hyp1	News	NaN	-0.15898296236991882
154	155	en	twi	challenge_SSA-MTE	hyp1	News	NaN	-0.36016350984573364
155	156	en	twi	challenge_SSA-MTE	hyp1	News	NaN	-0.36016350984573364
156	157	en	twi	challenge_SSA-MTE	hyp1	News	NaN	-0.36016350984573364
157	158	en	twi	challenge_SSA-MTE	hyp1	News	NaN	-0.36016350984573364
158	159	en	twi	challenge_SSA-MTE	hyp1	News	NaN	-0.36016350984573364
159	160	en	twi	challenge_SSA-MTE	hyp1	News	NaN	-0.36016350984573364
160	161	en	twi	challenge_SSA-MTE	hyp1	News	NaN	-0.5772603750228882
161	162	en	twi	challenge_SSA-MTE	hyp1	News	NaN	-0.5772603750228882
162	163	en	twi	challenge_SSA-MTE	hyp1	News	NaN	-0.5772603750228882
163	164	en	twi	challenge_SSA-MTE	hyp1	News	NaN	-0.5772603750228882
164	165	en	twi	challenge_SSA-MTE	hyp1	News	NaN	-0.5772603750228882
165	166	en	twi	challenge_SSA-MTE	hyp1	News	NaN	-0.5772603750228882
166	167	en	twi	challenge_SSA-MTE	hyp1	News	NaN	-0.09201175719499588
167	168	en	twi	challenge_SSA-MTE	hyp1	News	NaN	-0.09201175719499588
168	169	en	twi	challenge_SSA-MTE	hyp1	News	NaN	-0.09201175719499588
169	170	en	twi	challenge_SSA-MTE	hyp1	News	NaN	-0.09201175719499588
170	171	en	twi	challenge_SSA-MTE	hyp1	News	NaN	-0.09201175719499588
171	172	en	twi	challenge_SSA-MTE	hyp1	News	NaN	-0.4394233822822571
172	173	en	twi	challenge_SSA-MTE	hyp1	News	NaN	-0.4394233822822571
173	174	en	twi	challenge_SSA-MTE	hyp1	News	NaN	-0.4394233822822571
174	175	en	twi	challenge_SSA-MTE	hyp1	News	NaN	-0.43942275643348694
175	176	en	twi	challenge_SSA-MTE	hyp1	News	NaN	-0.4394233822822571
176	177	en	twi	challenge_SSA-MTE	hyp1	News	NaN	-0.4394233822822571
177	178	en	twi	challenge_SSA-MTE	hyp1	News	NaN	-0.5118080377578735
178	179	en	twi	challenge_SSA-MTE	hyp1	News	NaN	-0.5118080377578735
179	180	en	twi	challenge_SSA-MTE	hyp1	News	NaN	-0.5118080377578735
180	181	en	twi	challenge_SSA-MTE	hyp1	News	NaN	-0.5118080377578735
181	182	en	twi	challenge_SSA-MTE	hyp1	News	NaN	-0.5118080377578735
182	183	en	twi	challenge_SSA-MTE	hyp1	News	NaN	-0.5118080377578735
183	184	en	twi	challenge_SSA-MTE	hyp1	News	NaN	-0.7307437658309937
184	185	en	twi	challenge_SSA-MTE	hyp1	News	NaN	-0.7307437658309937
185	186	en	twi	challenge_SSA-MTE	hyp1	News	NaN	-0.7307437658309937
186	187	en	twi	challenge_SSA-MTE	hyp1	News	NaN	-0.7307437658309937
187	188	en	twi	challenge_SSA-MTE	hyp1	News	NaN	-0.7307437658309937
188	189	en	twi	challenge_SSA-MTE	hyp1	News	NaN	-0.7307437658309937
189	190	en	twi	challenge_SSA-MTE	hyp1	News	NaN	-0.3436392545700073
190	191	en	twi	challenge_SSA-MTE	hyp1	News	NaN	-0.3436392545700073
191	192	en	twi	challenge_SSA-MTE	hyp1	News	NaN	-0.3436392545700073
192	193	en	twi	challenge_SSA-MTE	hyp1	News	NaN	-0.3436192274093628
193	194	en	twi	challenge_SSA-MTE	hyp1	News	NaN	-0.3436192274093628
194	195	en	twi	challenge_SSA-MTE	hyp1	News	NaN	-1.6760903596878052
195	196	en	twi	challenge_SSA-MTE	hyp1	News	NaN	-1.6760903596878052
196	197	en	twi	challenge_SSA-MTE	hyp1	News	NaN	-1.6760903596878052
197	198	en	twi	challenge_SSA-MTE	hyp1	News	NaN	-1.6760903596878052
198	199	en	twi	challenge_SSA-MTE	hyp1	News	NaN	-1.6760903596878052
199	200	en	twi	challenge_SSA-MTE	hyp1	News	NaN	-1.6760903596878052
200	201	en	twi	challenge_SSA-MTE	hyp1	News	NaN	-0.48341280221939087
201	202	en	twi	challenge_SSA-MTE	hyp1	News	NaN	-0.48341280221939087
202	203	en	twi	challenge_SSA-MTE	hyp1	News	NaN	-0.48341068625450134
203	204	en	twi	challenge_SSA-MTE	hyp1	News	NaN	-0.48341280221939087
204	205	en	twi	challenge_SSA-MTE	hyp1	News	NaN	-0.48341280221939087
205	206	en	twi	challenge_SSA-MTE	hyp1	News	NaN	-0.48341280221939087
206	207	en	twi	challenge_SSA-MTE	hyp1	News	NaN	-0.22075125575065613
207	208	en	twi	challenge_SSA-MTE	hyp1	News	NaN	-0.22075125575065613
208	209	en	twi	challenge_SSA-MTE	hyp1	News	NaN	-0.22075125575065613
209	210	en	twi	challenge_SSA-MTE	hyp1	News	NaN	-0.22075125575065613
210	211	en	twi	challenge_SSA-MTE	hyp1	News	NaN	-0.22075125575065613
211	212	en	twi	challenge_SSA-MTE	hyp1	News	NaN	-0.22075125575065613
212	213	en	twi	challenge_SSA-MTE	hyp1	News	NaN	-0.3027096092700958
213	214	en	twi	challenge_SSA-MTE	hyp1	News	NaN	-0.3027096092700958
214	215	en	twi	challenge_SSA-MTE	hyp1	News	NaN	-0.3027096092700958
215	216	en	twi	challenge_SSA-MTE	hyp1	News	NaN	-0.3027096092700958
216	217	en	twi	challenge_SSA-MTE	hyp1	News	NaN	-0.3027096092700958
217	218	en	twi	challenge_SSA-MTE	hyp1	News	NaN	-0.3027096092700958
218	219	en	twi	challenge_SSA-MTE	hyp1	News	NaN	-0.12118803709745407
219	220	en	twi	challenge_SSA-MTE	hyp1	News	NaN	-0.12118803709745407
220	221	en	twi	challenge_SSA-MTE	hyp1	News	NaN	-0.12118803709745407
221	222	en	twi	challenge_SSA-MTE	hyp1	News	NaN	-0.1211889460682869
222	223	en	twi	challenge_SSA-MTE	hyp1	News	NaN	-0.1211889460682869
223	224	en	twi	challenge_SSA-MTE	hyp1	News	NaN	-0.1211889460682869
224	225	en	twi	challenge_SSA-MTE	hyp1	News	NaN	-0.5647594928741455
225	226	en	twi	challenge_SSA-MTE	hyp1	News	NaN	-0.5647594928741455
226	227	en	twi	challenge_SSA-MTE	hyp1	News	NaN	-0.5647594928741455
227	228	en	twi	challenge_SSA-MTE	hyp1	News	NaN	-0.5647594928741455
228	229	en	twi	challenge_SSA-MTE	hyp1	News	NaN	-0.5647594928741455
229	230	en	twi	challenge_SSA-MTE	hyp1	News	NaN	-0.5647594928741455
230	231	en	twi	challenge_SSA-MTE	hyp1	News	NaN	-0.8927212953567505
231	232	en	twi	challenge_SSA-MTE	hyp1	News	NaN	-0.8927212953567505
232	233	en	twi	challenge_SSA-MTE	hyp1	News	NaN	-0.8927212953567505
233	234	en	twi	challenge_SSA-MTE	hyp1	News	NaN	-0.8927212953567505
234	235	en	twi	challenge_SSA-MTE	hyp1	News	NaN	-0.8927212953567505
235	236	en	twi	challenge_SSA-MTE	hyp1	News	NaN	-0.8927212953567505
236	237	en	twi	challenge_SSA-MTE	hyp1	News	NaN	-0.6907979249954224
237	238	en	twi	challenge_SSA-MTE	hyp1	News	NaN	-0.6907979249954224
238	239	en	twi	challenge_SSA-MTE	hyp1	News	NaN	-0.6907979249954224
239	240	en	twi	challenge_SSA-MTE	hyp1	News	NaN	-0.6907979249954224
240	241	en	twi	challenge_SSA-MTE	hyp1	News	NaN	-0.6907979249954224
241	242	en	twi	challenge_SSA-MTE	hyp1	News	NaN	-0.4502398371696472
242	243	en	twi	challenge_SSA-MTE	hyp1	News	NaN	-0.4502398371696472
243	244	en	twi	challenge_SSA-MTE	hyp1	News	NaN	-0.4502398371696472
244	245	en	twi	challenge_SSA-MTE	hyp1	News	NaN	-0.4502398371696472
245	246	en	twi	challenge_SSA-MTE	hyp1	News	NaN	-0.4502398371696472
246	247	en	twi	challenge_SSA-MTE	hyp1	News	NaN	-0.4502398371696472
247	248	en	twi	challenge_SSA-MTE	hyp1	News	NaN	-0.5496153235435486
248	249	en	twi	challenge_SSA-MTE	hyp1	News	NaN	-0.5496153235435486
249	250	en	twi	challenge_SSA-MTE	hyp1	News	NaN	-0.5496103167533875
250	251	en	twi	challenge_SSA-MTE	hyp1	News	NaN	-0.5496103167533875
251	252	en	twi	challenge_SSA-MTE	hyp1	News	NaN	-0.5496103167533875
252	253	en	twi	challenge_SSA-MTE	hyp1	News	NaN	-0.5496103167533875
253	254	en	twi	challenge_SSA-MTE	hyp1	News	NaN	-0.601513147354126
254	255	en	twi	challenge_SSA-MTE	hyp1	News	NaN	-0.601513147354126
255	256	en	twi	challenge_SSA-MTE	hyp1	News	NaN	-0.601513147354126
256	257	en	twi	challenge_SSA-MTE	hyp1	News	NaN	-0.6015106439590454
257	258	en	twi	challenge_SSA-MTE	hyp1	News	NaN	-0.601513147354126
258	259	en	twi	challenge_SSA-MTE	hyp1	News	NaN	-0.601513147354126
259	260	en	twi	challenge_SSA-MTE	hyp1	News	NaN	-0.4185121953487396
260	261	en	twi	challenge_SSA-MTE	hyp1	News	NaN	-0.4185121953487396
261	262	en	twi	challenge_SSA-MTE	hyp1	News	NaN	-0.4185121953487396
262	263	en	twi	challenge_SSA-MTE	hyp1	News	NaN	-0.4185121953487396
263	264	en	twi	challenge_SSA-MTE	hyp1	News	NaN	-0.4185121953487396
264	265	en	twi	challenge_SSA-MTE	hyp1	News	NaN	-0.4185121953487396
265	266	en	twi	challenge_SSA-MTE	hyp1	News	NaN	-0.7251151204109192
266	267	en	twi	challenge_SSA-MTE	hyp1	News	NaN	-0.7251151204109192
267	268	en	twi	challenge_SSA-MTE	hyp1	News	NaN	-0.7251151204109192
268	269	en	twi	challenge_SSA-MTE	hyp1	News	NaN	-0.7251151204109192
269	270	en	twi	challenge_SSA-MTE	hyp1	News	NaN	-0.7251151204109192
270	271	en	twi	challenge_SSA-MTE	hyp1	News	NaN	-0.7251151204109192
271	272	en	twi	challenge_SSA-MTE	hyp1	News	NaN	-0.9507567286491394
272	273	en	twi	challenge_SSA-MTE	hyp1	News	NaN	-0.9507567286491394
273	274	en	twi	challenge_SSA-MTE	hyp1	News	NaN	-0.9507567286491394
274	275	en	twi	challenge_SSA-MTE	hyp1	News	NaN	-0.9507567286491394
275	276	en	twi	challenge_SSA-MTE	hyp1	News	NaN	-0.9507567286491394
276	277	en	twi	challenge_SSA-MTE	hyp1	News	NaN	-0.9507567286491394
277	278	en	twi	challenge_SSA-MTE	hyp1	News	NaN	-0.4584124684333801
278	279	en	twi	challenge_SSA-MTE	hyp1	News	NaN	-0.4584124684333801
279	280	en	twi	challenge_SSA-MTE	hyp1	News	NaN	-0.4584124684333801
280	281	en	twi	challenge_SSA-MTE	hyp1	News	NaN	-0.4584124684333801
281	282	en	twi	challenge_SSA-MTE	hyp1	News	NaN	-0.4584124684333801
282	283	en	twi	challenge_SSA-MTE	hyp1	News	NaN	-0.4584123492240906
283	284	en	twi	challenge_SSA-MTE	hyp1	News	NaN	-0.3647744655609131
284	285	en	twi	challenge_SSA-MTE	hyp1	News	NaN	-0.3647744655609131
285	286	en	twi	challenge_SSA-MTE	hyp1	News	NaN	-0.3647744655609131
286	287	en	twi	challenge_SSA-MTE	hyp1	News	NaN	-0.3647744655609131
287	288	en	twi	challenge_SSA-MTE	hyp1	News	NaN	-0.3647744655609131
288	289	en	twi	challenge_SSA-MTE	hyp1	News	NaN	-0.3647744655609131
289	290	en	twi	challenge_SSA-MTE	hyp1	News	NaN	-0.2453000843524933
290	291	en	twi	challenge_SSA-MTE	hyp1	News	NaN	-0.2453000843524933
291	292	en	twi	challenge_SSA-MTE	hyp1	News	NaN	-0.2453000843524933
292	293	en	twi	challenge_SSA-MTE	hyp1	News	NaN	-0.2453000843524933
293	294	en	twi	challenge_SSA-MTE	hyp1	News	NaN	-0.2453000843524933
294	295	en	twi	challenge_SSA-MTE	hyp1	News	NaN	-0.2453000843524933
295	296	en	twi	challenge_SSA-MTE	hyp1	News	NaN	-0.39317166805267334
296	297	en	twi	challenge_SSA-MTE	hyp1	News	NaN	-0.39317166805267334
297	298	en	twi	challenge_SSA-MTE	hyp1	News	NaN	-0.39317166805267334
298	299	en	twi	challenge_SSA-MTE	hyp1	News	NaN	-0.39317166805267334
299	300	en	twi	challenge_SSA-MTE	hyp1	News	NaN	-0.39317166805267334
300	301	en	twi	challenge_SSA-MTE	hyp1	News	NaN	-0.39317166805267334
301	302	en	twi	challenge_SSA-MTE	hyp1	News	NaN	-0.23122167587280273
302	303	en	twi	challenge_SSA-MTE	hyp1	News	NaN	-0.23122167587280273
303	304	en	twi	challenge_SSA-MTE	hyp1	News	NaN	-0.23122167587280273
304	305	en	twi	challenge_SSA-MTE	hyp1	News	NaN	-0.23122219741344452
305	306	en	twi	challenge_SSA-MTE	hyp1	News	NaN	-0.23122167587280273
306	307	en	twi	challenge_SSA-MTE	hyp1	News	NaN	-0.23122167587280273
307	308	en	twi	challenge_SSA-MTE	hyp1	News	NaN	-1.2113949060440063
308	309	en	twi	challenge_SSA-MTE	hyp1	News	NaN	-1.2113949060440063
309	310	en	twi	challenge_SSA-MTE	hyp1	News	NaN	-1.2113949060440063
310	311	en	twi	challenge_SSA-MTE	hyp1	News	NaN	-1.2113949060440063
311	312	en	twi	challenge_SSA-MTE	hyp1	News	NaN	-1.2113949060440063
312	313	en	twi	challenge_SSA-MTE	hyp1	News	NaN	-1.2113949060440063
313	314	en	twi	challenge_SSA-MTE	hyp1	News	NaN	-0.5177410244941711
314	315	en	twi	challenge_SSA-MTE	hyp1	News	NaN	-0.5177410244941711
315	316	en	twi	challenge_SSA-MTE	hyp1	News	NaN	-0.5177410244941711
316	317	en	twi	challenge_SSA-MTE	hyp1	News	NaN	-0.5177410244941711
317	318	en	twi	challenge_SSA-MTE	hyp1	News	NaN	-0.5177410244941711
318	319	en	twi	challenge_SSA-MTE	hyp1	News	NaN	-0.5177410244941711
319	320	en	twi	challenge_SSA-MTE	hyp1	News	NaN	-0.36348584294319153
320	321	en	twi	challenge_SSA-MTE	hyp1	News	NaN	-0.36348584294319153
321	322	en	twi	challenge_SSA-MTE	hyp1	News	NaN	-0.36348584294319153
322	323	en	twi	challenge_SSA-MTE	hyp1	News	NaN	-0.36348584294319153
323	324	en	twi	challenge_SSA-MTE	hyp1	News	NaN	-0.36348584294319153
324	325	en	twi	challenge_SSA-MTE	hyp1	News	NaN	-0.36348584294319153
325	326	en	twi	challenge_SSA-MTE	hyp1	News	NaN	-1.1170114278793335
326	327	en	twi	challenge_SSA-MTE	hyp1	News	NaN	-1.1170114278793335
327	328	en	twi	challenge_SSA-MTE	hyp1	News	NaN	-1.1170114278793335
328	329	en	twi	challenge_SSA-MTE	hyp1	News	NaN	-1.1170114278793335
329	330	en	twi	challenge_SSA-MTE	hyp1	News	NaN	-1.1170114278793335
330	331	en	twi	challenge_SSA-MTE	hyp1	News	NaN	-1.1170114278793335
331	332	en	twi	challenge_SSA-MTE	hyp1	News	NaN	-1.0572940111160278
332	333	en	twi	challenge_SSA-MTE	hyp1	News	NaN	-1.0572940111160278
333	334	en	twi	challenge_SSA-MTE	hyp1	News	NaN	-1.0572940111160278
334	335	en	twi	challenge_SSA-MTE	hyp1	News	NaN	-1.0572940111160278
335	336	en	twi	challenge_SSA-MTE	hyp1	News	NaN	-1.0572937726974487
336	337	en	twi	challenge_SSA-MTE	hyp1	News	NaN	-1.0572937726974487
337	338	en	twi	challenge_SSA-MTE	hyp1	News	NaN	-1.011907696723938
338	339	en	twi	challenge_SSA-MTE	hyp1	News	NaN	-1.011907696723938
339	340	en	twi	challenge_SSA-MTE	hyp1	News	NaN	-1.011907696723938
340	341	en	twi	challenge_SSA-MTE	hyp1	News	NaN	-1.0119073390960693
341	342	en	twi	challenge_SSA-MTE	hyp1	News	NaN	-1.0119073390960693
342	343	en	twi	challenge_SSA-MTE	hyp1	News	NaN	-1.0119073390960693
343	344	en	twi	challenge_SSA-MTE	hyp1	News	NaN	-1.3970590829849243
344	345	en	twi	challenge_SSA-MTE	hyp1	News	NaN	-1.3970590829849243
345	346	en	twi	challenge_SSA-MTE	hyp1	News	NaN	-1.3970590829849243
346	347	en	twi	challenge_SSA-MTE	hyp1	News	NaN	-1.3970590829849243
347	348	en	twi	challenge_SSA-MTE	hyp1	News	NaN	-1.3970590829849243
348	349	en	twi	challenge_SSA-MTE	hyp1	News	NaN	-1.3970590829849243
349	350	en	twi	challenge_SSA-MTE	hyp1	News	NaN	-0.33316242694854736
350	351	en	twi	challenge_SSA-MTE	hyp1	News	NaN	-0.33316242694854736
351	352	en	twi	challenge_SSA-MTE	hyp1	News	NaN	-0.33316242694854736
352	353	en	twi	challenge_SSA-MTE	hyp1	News	NaN	-0.33316296339035034
353	354	en	twi	challenge_SSA-MTE	hyp1	News	NaN	-0.33316296339035034
354	355	en	twi	challenge_SSA-MTE	hyp1	News	NaN	-0.33316266536712646
355	356	en	twi	challenge_SSA-MTE	hyp1	News	NaN	-0.7092936038970947
356	357	en	twi	challenge_SSA-MTE	hyp1	News	NaN	-0.7092936038970947
357	358	en	twi	challenge_SSA-MTE	hyp1	News	NaN	-0.7092936038970947
358	359	en	twi	challenge_SSA-MTE	hyp1	News	NaN	-0.7092928886413574
359	360	en	twi	challenge_SSA-MTE	hyp1	News	NaN	-0.7092933654785156
360	361	en	twi	challenge_SSA-MTE	hyp1	News	NaN	-0.7092933654785156
361	362	en	twi	challenge_SSA-MTE	hyp1	News	NaN	-0.6928339004516602
362	363	en	twi	challenge_SSA-MTE	hyp1	News	NaN	-0.6928339004516602
363	364	en	twi	challenge_SSA-MTE	hyp1	News	NaN	-0.6928331851959229
364	365	en	twi	challenge_SSA-MTE	hyp1	News	NaN	-0.6928339004516602
365	366	en	twi	challenge_SSA-MTE	hyp1	News	NaN	-0.6928331851959229
366	367	en	twi	challenge_SSA-MTE	hyp1	News	NaN	-0.6928331851959229
367	368	en	twi	challenge_SSA-MTE	hyp1	News	NaN	-0.7297070026397705
368	369	en	twi	challenge_SSA-MTE	hyp1	News	NaN	-0.7297070026397705
369	370	en	twi	challenge_SSA-MTE	hyp1	News	NaN	-0.7297070026397705
370	371	en	twi	challenge_SSA-MTE	hyp1	News	NaN	-0.7297070026397705
371	372	en	twi	challenge_SSA-MTE	hyp1	News	NaN	-0.7297070026397705
372	373	en	twi	challenge_SSA-MTE	hyp1	News	NaN	-0.7297070026397705
373	374	en	twi	challenge_SSA-MTE	hyp1	News	NaN	-0.39200738072395325
374	375	en	twi	challenge_SSA-MTE	hyp1	News	NaN	-0.39200738072395325
375	376	en	twi	challenge_SSA-MTE	hyp1	News	NaN	-0.39200738072395325
376	377	en	twi	challenge_SSA-MTE	hyp1	News	NaN	-0.39200738072395325
377	378	en	twi	challenge_SSA-MTE	hyp1	News	NaN	-0.39200738072395325
378	379	en	twi	challenge_SSA-MTE	hyp1	News	NaN	-0.39200738072395325
379	380	en	twi	challenge_SSA-MTE	hyp1	News	NaN	-0.5721408128738403
380	381	en	twi	challenge_SSA-MTE	hyp1	News	NaN	-0.5721408128738403
381	382	en	twi	challenge_SSA-MTE	hyp1	News	NaN	-0.5721408128738403
382	383	en	twi	challenge_SSA-MTE	hyp1	News	NaN	-0.5721408128738403
383	384	en	twi	challenge_SSA-MTE	hyp1	News	NaN	-0.5721408128738403
384	385	en	twi	challenge_SSA-MTE	hyp1	News	NaN	-0.5721408128738403
385	386	en	twi	challenge_SSA-MTE	hyp1	News	NaN	-0.5269201993942261
386	387	en	twi	challenge_SSA-MTE	hyp1	News	NaN	-0.5269201993942261
387	388	en	twi	challenge_SSA-MTE	hyp1	News	NaN	-0.5269201993942261
388	389	en	twi	challenge_SSA-MTE	hyp1	News	NaN	-0.5269201993942261
389	390	en	twi	challenge_SSA-MTE	hyp1	News	NaN	-0.5269201993942261
390	391	en	twi	challenge_SSA-MTE	hyp1	News	NaN	-0.5269197225570679
391	392	en	twi	challenge_SSA-MTE	hyp1	News	NaN	-0.9498229026794434
392	393	en	twi	challenge_SSA-MTE	hyp1	News	NaN	-0.9498195648193359
393	394	en	twi	challenge_SSA-MTE	hyp1	News	NaN	-0.9498195648193359
394	395	en	twi	challenge_SSA-MTE	hyp1	News	NaN	-0.9498195648193359
395	396	en	twi	challenge_SSA-MTE	hyp1	News	NaN	-0.9498195648193359
396	397	en	twi	challenge_SSA-MTE	hyp1	News	NaN	-0.9498195648193359
397	398	en	twi	challenge_SSA-MTE	hyp1	News	NaN	-1.2247951030731201
398	399	en	twi	challenge_SSA-MTE	hyp1	News	NaN	-1.2247951030731201
399	400	en	twi	challenge_SSA-MTE	hyp1	News	NaN	-1.2247951030731201
400	401	en	twi	challenge_SSA-MTE	hyp1	News	NaN	-1.2247951030731201
401	402	en	twi	challenge_SSA-MTE	hyp1	News	NaN	-1.2247951030731201
402	403	en	twi	challenge_SSA-MTE	hyp1	News	NaN	-1.2247951030731201
403	404	en	twi	challenge_SSA-MTE	hyp1	News	NaN	-0.8037740588188171
404	405	en	twi	challenge_SSA-MTE	hyp1	News	NaN	-0.8037742376327515
405	406	en	twi	challenge_SSA-MTE	hyp1	News	NaN	-0.8037742376327515
406	407	en	twi	challenge_SSA-MTE	hyp1	News	NaN	-0.8037742376327515
407	408	en	twi	challenge_SSA-MTE	hyp1	News	NaN	-0.8037742376327515
408	409	en	twi	challenge_SSA-MTE	hyp1	News	NaN	-0.8037742376327515
409	410	en	twi	challenge_SSA-MTE	hyp1	News	NaN	-0.6855335235595703
410	411	en	twi	challenge_SSA-MTE	hyp1	News	NaN	-0.6855335235595703
411	412	en	twi	challenge_SSA-MTE	hyp1	News	NaN	-0.6855335235595703
412	413	en	twi	challenge_SSA-MTE	hyp1	News	NaN	-0.6855335235595703
413	414	en	twi	challenge_SSA-MTE	hyp1	News	NaN	-0.6855335235595703
414	415	en	twi	challenge_SSA-MTE	hyp1	News	NaN	-0.6855335235595703
415	416	en	twi	challenge_SSA-MTE	hyp1	News	NaN	-1.0852669477462769
416	417	en	twi	challenge_SSA-MTE	hyp1	News	NaN	-1.0852669477462769
417	418	en	twi	challenge_SSA-MTE	hyp1	News	NaN	-1.0852669477462769
418	419	en	twi	challenge_SSA-MTE	hyp1	News	NaN	-1.0852662324905396
419	420	en	twi	challenge_SSA-MTE	hyp1	News	NaN	-1.0852662324905396
420	421	en	twi	challenge_SSA-MTE	hyp1	News	NaN	-1.0852662324905396
421	422	en	twi	challenge_SSA-MTE	hyp1	News	NaN	-1.4977573156356812
422	423	en	twi	challenge_SSA-MTE	hyp1	News	NaN	-1.4977573156356812
423	424	en	twi	challenge_SSA-MTE	hyp1	News	NaN	-1.4977573156356812
424	425	en	twi	challenge_SSA-MTE	hyp1	News	NaN	-1.4977573156356812
425	426	en	twi	challenge_SSA-MTE	hyp1	News	NaN	-1.4977573156356812
426	427	en	twi	challenge_SSA-MTE	hyp1	News	NaN	-1.4977573156356812
427	428	en	twi	challenge_SSA-MTE	hyp1	News	NaN	-1.0475847721099854
428	429	en	twi	challenge_SSA-MTE	hyp1	News	NaN	-1.0475847721099854
429	430	en	twi	challenge_SSA-MTE	hyp1	News	NaN	-1.0475847721099854
430	431	en	twi	challenge_SSA-MTE	hyp1	News	NaN	-1.0475847721099854
431	432	en	twi	challenge_SSA-MTE	hyp1	News	NaN	-1.0475847721099854
432	433	en	twi	challenge_SSA-MTE	hyp1	News	NaN	-1.0475834608078003
433	434	en	twi	challenge_SSA-MTE	hyp1	News	NaN	-0.7708388566970825
434	435	en	twi	challenge_SSA-MTE	hyp1	News	NaN	-0.7708388566970825
435	436	en	twi	challenge_SSA-MTE	hyp1	News	NaN	-0.7708388566970825
436	437	en	twi	challenge_SSA-MTE	hyp1	News	NaN	-0.5088037252426147
437	438	en	twi	challenge_SSA-MTE	hyp1	News	NaN	-0.5088037252426147
438	439	en	twi	challenge_SSA-MTE	hyp1	News	NaN	-0.5088037252426147
439	440	en	twi	challenge_SSA-MTE	hyp1	News	NaN	-0.5088040828704834
440	441	en	twi	challenge_SSA-MTE	hyp1	News	NaN	-0.5088040828704834
441	442	en	twi	challenge_SSA-MTE	hyp1	News	NaN	-0.5088040828704834
442	443	en	twi	challenge_SSA-MTE	hyp1	News	NaN	-0.8383141756057739
443	444	en	twi	challenge_SSA-MTE	hyp1	News	NaN	-0.8383162617683411
444	445	en	twi	challenge_SSA-MTE	hyp1	News	NaN	-0.8383162617683411
445	446	en	twi	challenge_SSA-MTE	hyp1	News	NaN	-0.8383162617683411
446	447	en	twi	challenge_SSA-MTE	hyp1	News	NaN	-0.8383162617683411
447	448	en	twi	challenge_SSA-MTE	hyp1	News	NaN	-0.8383162617683411
448	449	en	twi	challenge_SSA-MTE	hyp1	News	NaN	-0.8606383800506592
449	450	en	twi	challenge_SSA-MTE	hyp1	News	NaN	-0.8606383800506592
450	451	en	twi	challenge_SSA-MTE	hyp1	News	NaN	-0.8606383800506592
451	452	en	twi	challenge_SSA-MTE	hyp1	News	NaN	-0.8606383800506592
452	453	en	twi	challenge_SSA-MTE	hyp1	News	NaN	-0.8606383800506592
453	454	en	twi	challenge_SSA-MTE	hyp1	News	NaN	-0.8606383800506592
454	455	en	twi	challenge_SSA-MTE	hyp1	News	NaN	-1.0111361742019653
455	456	en	twi	challenge_SSA-MTE	hyp1	News	NaN	-1.0111361742019653
456	457	en	twi	challenge_SSA-MTE	hyp1	News	NaN	-1.0111361742019653
457	458	en	twi	challenge_SSA-MTE	hyp1	News	NaN	-1.0111361742019653
458	459	en	twi	challenge_SSA-MTE	hyp1	News	NaN	-1.0111361742019653
459	460	en	twi	challenge_SSA-MTE	hyp1	News	NaN	-1.0111361742019653
460	461	en	twi	challenge_SSA-MTE	hyp1	News	NaN	-0.9881185293197632
461	462	en	twi	challenge_SSA-MTE	hyp1	News	NaN	-0.9881185293197632
462	463	en	twi	challenge_SSA-MTE	hyp1	News	NaN	-0.9881185293197632
463	464	en	twi	challenge_SSA-MTE	hyp1	News	NaN	-0.9881185293197632
464	465	en	twi	challenge_SSA-MTE	hyp1	News	NaN	-0.9881185293197632
465	466	en	twi	challenge_SSA-MTE	hyp1	News	NaN	-0.9881185293197632
466	467	en	twi	challenge_SSA-MTE	hyp1	News	NaN	-0.8057519197463989
467	468	en	twi	challenge_SSA-MTE	hyp1	News	NaN	-0.8057519197463989
468	469	en	twi	challenge_SSA-MTE	hyp1	News	NaN	-0.8057519197463989
469	470	en	twi	challenge_SSA-MTE	hyp1	News	NaN	-0.8057519197463989
470	471	en	twi	challenge_SSA-MTE	hyp1	News	NaN	-0.8057519197463989
471	472	en	twi	challenge_SSA-MTE	hyp1	News	NaN	-0.8057519197463989
472	473	en	twi	challenge_SSA-MTE	hyp1	News	NaN	-1.170730710029602
473	474	en	twi	challenge_SSA-MTE	hyp1	News	NaN	-1.170730471611023
474	475	en	twi	challenge_SSA-MTE	hyp1	News	NaN	-1.170730471611023
475	476	en	twi	challenge_SSA-MTE	hyp1	News	NaN	-1.170730471611023
476	477	en	twi	challenge_SSA-MTE	hyp1	News	NaN	-1.170730710029602
477	478	en	twi	challenge_SSA-MTE	hyp1	News	NaN	-1.170730710029602
478	479	en	twi	challenge_SSA-MTE	hyp1	News	NaN	-1.5366777181625366
479	480	en	twi	challenge_SSA-MTE	hyp1	News	NaN	-1.5366777181625366
480	481	en	twi	challenge_SSA-MTE	hyp1	News	NaN	-1.5366777181625366
481	482	en	twi	challenge_SSA-MTE	hyp1	News	NaN	-1.5366777181625366
482	483	en	twi	challenge_SSA-MTE	hyp1	News	NaN	-1.5366777181625366
483	484	en	twi	challenge_SSA-MTE	hyp1	News	NaN	-1.5366777181625366
484	485	en	twi	challenge_SSA-MTE	hyp1	News	NaN	-0.7135586738586426
485	486	en	twi	challenge_SSA-MTE	hyp1	News	NaN	-0.7135576605796814
486	487	en	twi	challenge_SSA-MTE	hyp1	News	NaN	-0.7135586738586426
487	488	en	twi	challenge_SSA-MTE	hyp1	News	NaN	-0.7135586738586426
488	489	en	twi	challenge_SSA-MTE	hyp1	News	NaN	-0.7135586738586426
489	490	en	twi	challenge_SSA-MTE	hyp1	News	NaN	-1.4044936895370483
490	491	en	twi	challenge_SSA-MTE	hyp1	News	NaN	-1.4044936895370483
491	492	en	twi	challenge_SSA-MTE	hyp1	News	NaN	-1.4044944047927856
492	493	en	twi	challenge_SSA-MTE	hyp1	News	NaN	-1.4044944047927856
493	494	en	twi	challenge_SSA-MTE	hyp1	News	NaN	-1.4044936895370483
494	495	en	twi	challenge_SSA-MTE	hyp1	News	NaN	-1.4044944047927856
495	496	en	twi	challenge_SSA-MTE	hyp1	News	NaN	-1.3589450120925903
496	497	en	twi	challenge_SSA-MTE	hyp1	News	NaN	-1.3589450120925903
497	498	en	twi	challenge_SSA-MTE	hyp1	News	NaN	-1.3589450120925903
498	499	en	twi	challenge_SSA-MTE	hyp1	News	NaN	-1.358944296836853
499	500	en	twi	challenge_SSA-MTE	hyp1	News	NaN	-1.3589450120925903
500	501	en	twi	challenge_SSA-MTE	hyp1	News	NaN	-1.3589450120925903
501	502	en	twi	challenge_SSA-MTE	hyp1	News	NaN	-0.7149516344070435
502	503	en	twi	challenge_SSA-MTE	hyp1	News	NaN	-0.7149496078491211
503	504	en	twi	challenge_SSA-MTE	hyp1	News	NaN	-0.7149496078491211
504	505	en	twi	challenge_SSA-MTE	hyp1	News	NaN	-0.7149533033370972
505	506	en	twi	challenge_SSA-MTE	hyp1	News	NaN	-0.7149533033370972
506	507	en	twi	challenge_SSA-MTE	hyp1	News	NaN	-0.7149533033370972
507	508	en	twi	challenge_SSA-MTE	hyp1	News	NaN	-0.6992602348327637
508	509	en	twi	challenge_SSA-MTE	hyp1	News	NaN	-0.6992602348327637
509	510	en	twi	challenge_SSA-MTE	hyp1	News	NaN	-0.6992602348327637
510	511	en	twi	challenge_SSA-MTE	hyp1	News	NaN	-0.6992602348327637
511	512	en	twi	challenge_SSA-MTE	hyp1	News	NaN	-0.6992602348327637
512	513	en	twi	challenge_SSA-MTE	hyp1	News	NaN	-0.6992602348327637
513	514	en	twi	challenge_SSA-MTE	hyp1	News	NaN	-1.105383276939392
514	515	en	twi	challenge_SSA-MTE	hyp1	News	NaN	-1.105383276939392
515	516	en	twi	challenge_SSA-MTE	hyp1	News	NaN	-1.105383276939392
516	517	en	twi	challenge_SSA-MTE	hyp1	News	NaN	-1.105383276939392
517	518	en	twi	challenge_SSA-MTE	hyp1	News	NaN	-1.105383276939392
518	519	en	twi	challenge_SSA-MTE	hyp1	News	NaN	-1.105383276939392
519	520	en	twi	challenge_SSA-MTE	hyp1	News	NaN	-1.2659028768539429
520	521	en	twi	challenge_SSA-MTE	hyp1	News	NaN	-1.2659028768539429
521	522	en	twi	challenge_SSA-MTE	hyp1	News	NaN	-1.2659028768539429
522	523	en	twi	challenge_SSA-MTE	hyp1	News	NaN	-1.2659028768539429
523	524	en	twi	challenge_SSA-MTE	hyp1	News	NaN	-1.190877079963684
524	525	en	twi	challenge_SSA-MTE	hyp1	News	NaN	-1.190877079963684
525	526	en	twi	challenge_SSA-MTE	hyp1	News	NaN	-1.1908782720565796
526	527	en	twi	challenge_SSA-MTE	hyp1	News	NaN	-1.1908782720565796
527	528	en	twi	challenge_SSA-MTE	hyp1	News	NaN	-1.1908782720565796
528	529	en	twi	challenge_SSA-MTE	hyp1	News	NaN	-1.190877079963684
529	530	en	twi	challenge_SSA-MTE	hyp1	News	NaN	-1.0608419179916382
530	531	en	twi	challenge_SSA-MTE	hyp1	News	NaN	-1.0608419179916382
531	532	en	twi	challenge_SSA-MTE	hyp1	News	NaN	-1.0608419179916382
532	533	en	twi	challenge_SSA-MTE	hyp1	News	NaN	-1.0608419179916382
533	534	en	twi	challenge_SSA-MTE	hyp1	News	NaN	-1.0608419179916382
534	535	en	twi	challenge_SSA-MTE	hyp1	News	NaN	-1.06084144115448
535	536	en	twi	challenge_SSA-MTE	hyp1	News	NaN	-0.9277846217155457
536	537	en	twi	challenge_SSA-MTE	hyp1	News	NaN	-0.9277858734130859
537	538	en	twi	challenge_SSA-MTE	hyp1	News	NaN	-0.9277858734130859
538	539	en	twi	challenge_SSA-MTE	hyp1	News	NaN	-0.9277846217155457
539	540	en	twi	challenge_SSA-MTE	hyp1	News	NaN	-0.9277858734130859
540	541	en	twi	challenge_SSA-MTE	hyp1	News	NaN	-0.5690939426422119
541	542	en	twi	challenge_SSA-MTE	hyp1	News	NaN	-0.5690939426422119
542	543	en	twi	challenge_SSA-MTE	hyp1	News	NaN	-0.5690939426422119
543	544	en	twi	challenge_SSA-MTE	hyp1	News	NaN	-0.5690939426422119
544	545	en	twi	challenge_SSA-MTE	hyp1	News	NaN	-0.5690920352935791
545	546	en	twi	challenge_SSA-MTE	hyp1	News	NaN	-0.5690931677818298
546	547	en	twi	challenge_SSA-MTE	hyp1	News	NaN	-0.9288127422332764
547	548	en	twi	challenge_SSA-MTE	hyp1	News	NaN	-0.9288127422332764
548	549	en	twi	challenge_SSA-MTE	hyp1	News	NaN	-0.9288127422332764
549	550	en	twi	challenge_SSA-MTE	hyp1	News	NaN	-0.9288127422332764
550	551	en	twi	challenge_SSA-MTE	hyp1	News	NaN	-0.9288127422332764
551	552	en	twi	challenge_SSA-MTE	hyp1	News	NaN	-0.9288127422332764
552	553	en	twi	challenge_SSA-MTE	hyp1	News	NaN	-1.0804792642593384
553	554	en	twi	challenge_SSA-MTE	hyp1	News	NaN	-1.0804792642593384
554	555	en	twi	challenge_SSA-MTE	hyp1	News	NaN	-1.0804792642593384
555	556	en	twi	challenge_SSA-MTE	hyp1	News	NaN	-1.0804792642593384
556	557	en	twi	challenge_SSA-MTE	hyp1	News	NaN	-1.0804792642593384
557	558	en	twi	challenge_SSA-MTE	hyp1	News	NaN	-1.0804792642593384
558	559	en	twi	challenge_SSA-MTE	hyp1	News	NaN	-1.45473051071167
559	560	en	twi	challenge_SSA-MTE	hyp1	News	NaN	-1.45473051071167
560	561	en	twi	challenge_SSA-MTE	hyp1	News	NaN	-1.45473051071167
561	562	en	twi	challenge_SSA-MTE	hyp1	News	NaN	-1.45473051071167
562	563	en	twi	challenge_SSA-MTE	hyp1	News	NaN	-1.45473051071167
563	564	en	twi	challenge_SSA-MTE	hyp1	News	NaN	-1.45473051071167
564	565	en	twi	challenge_SSA-MTE	hyp1	News	NaN	-0.8475106954574585
565	566	en	twi	challenge_SSA-MTE	hyp1	News	NaN	-0.8475106954574585
566	567	en	twi	challenge_SSA-MTE	hyp1	News	NaN	-0.8475106954574585
567	568	en	twi	challenge_SSA-MTE	hyp1	News	NaN	-0.8475106954574585
568	569	en	twi	challenge_SSA-MTE	hyp1	News	NaN	-0.8475096225738525
569	570	en	twi	challenge_SSA-MTE	hyp1	News	NaN	-0.8475106954574585
570	571	en	twi	challenge_SSA-MTE	hyp1	News	NaN	-1.3743031024932861
571	572	en	twi	challenge_SSA-MTE	hyp1	News	NaN	-1.3743031024932861
572	573	en	twi	challenge_SSA-MTE	hyp1	News	NaN	-1.3743031024932861
573	574	en	twi	challenge_SSA-MTE	hyp1	News	NaN	-1.3743031024932861
574	575	en	twi	challenge_SSA-MTE	hyp1	News	NaN	-1.3743031024932861
575	576	en	twi	challenge_SSA-MTE	hyp1	News	NaN	-1.3743025064468384
576	577	en	twi	challenge_SSA-MTE	hyp1	News	NaN	-1.2894943952560425
577	578	en	twi	challenge_SSA-MTE	hyp1	News	NaN	-1.2894943952560425
578	579	en	twi	challenge_SSA-MTE	hyp1	News	NaN	-1.2894943952560425
579	580	en	twi	challenge_SSA-MTE	hyp1	News	NaN	-1.2894943952560425
580	581	en	twi	challenge_SSA-MTE	hyp1	News	NaN	-1.2894943952560425
581	582	en	twi	challenge_SSA-MTE	hyp1	News	NaN	-1.2894943952560425
582	583	en	twi	challenge_SSA-MTE	hyp1	News	NaN	-0.21706396341323853
583	584	en	twi	challenge_SSA-MTE	hyp1	News	NaN	-0.21706396341323853
584	585	en	twi	challenge_SSA-MTE	hyp1	News	NaN	-0.21706396341323853
585	586	en	twi	challenge_SSA-MTE	hyp1	News	NaN	-0.21706050634384155
586	587	en	twi	challenge_SSA-MTE	hyp1	News	NaN	-0.21706396341323853
587	588	en	twi	challenge_SSA-MTE	hyp1	News	NaN	-0.21706396341323853
588	589	en	twi	challenge_SSA-MTE	hyp1	News	NaN	-1.4529749155044556
589	590	en	twi	challenge_SSA-MTE	hyp1	News	NaN	-1.4529749155044556
590	591	en	twi	challenge_SSA-MTE	hyp1	News	NaN	-1.4529749155044556
591	592	en	twi	challenge_SSA-MTE	hyp1	News	NaN	-1.4529749155044556
592	593	en	twi	challenge_SSA-MTE	hyp1	News	NaN	-1.4529749155044556
593	594	en	twi	challenge_SSA-MTE	hyp1	News	NaN	-1.4529749155044556
594	595	en	twi	challenge_SSA-MTE	hyp1	News	NaN	-0.76775062084198
595	596	en	twi	challenge_SSA-MTE	hyp1	News	NaN	-0.7677496671676636
596	597	en	twi	challenge_SSA-MTE	hyp1	News	NaN	-0.7677496671676636
597	598	en	twi	challenge_SSA-MTE	hyp1	News	NaN	-0.7677496671676636
598	599	en	twi	challenge_SSA-MTE	hyp1	News	NaN	-0.7677496671676636
599	600	en	twi	challenge_SSA-MTE	hyp1	News	NaN	-0.7677496671676636
600	601	en	twi	challenge_SSA-MTE	hyp1	News	NaN	-0.9225512742996216
601	602	en	twi	challenge_SSA-MTE	hyp1	News	NaN	-0.922552764415741
602	603	en	twi	challenge_SSA-MTE	hyp1	News	NaN	-0.922552764415741
603	604	en	twi	challenge_SSA-MTE	hyp1	News	NaN	-0.922552764415741
604	605	en	twi	challenge_SSA-MTE	hyp1	News	NaN	-0.922552764415741
605	606	en	twi	challenge_SSA-MTE	hyp1	News	NaN	-0.922552764415741
606	607	en	twi	challenge_SSA-MTE	hyp1	News	NaN	-0.9369022250175476
607	608	en	twi	challenge_SSA-MTE	hyp1	News	NaN	-0.9369022250175476
608	609	en	twi	challenge_SSA-MTE	hyp1	News	NaN	-0.9369022250175476
609	610	en	twi	challenge_SSA-MTE	hyp1	News	NaN	-0.9369022250175476
610	611	en	twi	challenge_SSA-MTE	hyp1	News	NaN	-0.9369022250175476
611	612	en	twi	challenge_SSA-MTE	hyp1	News	NaN	-0.9369022250175476
612	613	en	twi	challenge_SSA-MTE	hyp1	News	NaN	-1.2433452606201172
613	614	en	twi	challenge_SSA-MTE	hyp1	News	NaN	-1.2433452606201172
614	615	en	twi	challenge_SSA-MTE	hyp1	News	NaN	-1.2433452606201172
615	616	en	twi	challenge_SSA-MTE	hyp1	News	NaN	-1.2433452606201172
616	617	en	twi	challenge_SSA-MTE	hyp1	News	NaN	-1.2433452606201172
617	618	en	twi	challenge_SSA-MTE	hyp1	News	NaN	-1.121044397354126
618	619	en	twi	challenge_SSA-MTE	hyp1	News	NaN	-1.121044397354126
619	620	en	twi	challenge_SSA-MTE	hyp1	News	NaN	-1.1210449934005737
620	621	en	twi	challenge_SSA-MTE	hyp1	News	NaN	-1.1210449934005737
621	622	en	twi	challenge_SSA-MTE	hyp1	News	NaN	-1.1210449934005737
622	623	en	twi	challenge_SSA-MTE	hyp1	News	NaN	-1.1210449934005737
623	624	en	twi	challenge_SSA-MTE	hyp1	News	NaN	-0.7249024510383606
624	625	en	twi	challenge_SSA-MTE	hyp1	News	NaN	-0.7249024510383606
625	626	en	twi	challenge_SSA-MTE	hyp1	News	NaN	-0.7249024510383606
626	627	en	twi	challenge_SSA-MTE	hyp1	News	NaN	-0.7249024510383606
627	628	en	twi	challenge_SSA-MTE	hyp1	News	NaN	-0.7249024510383606
628	629	en	twi	challenge_SSA-MTE	hyp1	News	NaN	-0.7249024510383606
629	630	en	twi	challenge_SSA-MTE	hyp1	News	NaN	-1.1695154905319214
630	631	en	twi	challenge_SSA-MTE	hyp1	News	NaN	-1.1695154905319214
631	632	en	twi	challenge_SSA-MTE	hyp1	News	NaN	-1.1695154905319214
632	633	en	twi	challenge_SSA-MTE	hyp1	News	NaN	-1.1695138216018677
633	634	en	twi	challenge_SSA-MTE	hyp1	News	NaN	-1.1695154905319214
634	635	en	twi	challenge_SSA-MTE	hyp1	News	NaN	-1.1695154905319214
635	636	en	twi	challenge_SSA-MTE	hyp1	News	NaN	-1.519508957862854
636	637	en	twi	challenge_SSA-MTE	hyp1	News	NaN	-1.519508957862854
637	638	en	twi	challenge_SSA-MTE	hyp1	News	NaN	-1.5195090770721436
638	639	en	twi	challenge_SSA-MTE	hyp1	News	NaN	-1.519508957862854
639	640	en	twi	challenge_SSA-MTE	hyp1	News	NaN	-1.519508957862854
640	641	en	twi	challenge_SSA-MTE	hyp1	News	NaN	-1.519508957862854
641	642	en	twi	challenge_SSA-MTE	hyp1	News	NaN	-0.9257528781890869
642	643	en	twi	challenge_SSA-MTE	hyp1	News	NaN	-0.9257518649101257
643	644	en	twi	challenge_SSA-MTE	hyp1	News	NaN	-0.9257518649101257
644	645	en	twi	challenge_SSA-MTE	hyp1	News	NaN	-0.9257528781890869
645	646	en	twi	challenge_SSA-MTE	hyp1	News	NaN	-0.9257518649101257
646	647	en	twi	challenge_SSA-MTE	hyp1	News	NaN	-0.9257518649101257
647	648	en	twi	challenge_SSA-MTE	hyp1	News	NaN	-0.8634734153747559
648	649	en	twi	challenge_SSA-MTE	hyp1	News	NaN	-0.8634734153747559
649	650	en	twi	challenge_SSA-MTE	hyp1	News	NaN	-0.8634734153747559
650	651	en	twi	challenge_SSA-MTE	hyp1	News	NaN	-0.8634734153747559
651	652	en	twi	challenge_SSA-MTE	hyp1	News	NaN	-0.8634734153747559
652	653	en	twi	challenge_SSA-MTE	hyp1	News	NaN	-0.8634734153747559
653	654	en	twi	challenge_SSA-MTE	hyp1	News	NaN	-0.7996535897254944
654	655	en	twi	challenge_SSA-MTE	hyp1	News	NaN	-0.7996535897254944
655	656	en	twi	challenge_SSA-MTE	hyp1	News	NaN	-0.7996535897254944
656	657	en	twi	challenge_SSA-MTE	hyp1	News	NaN	-0.7996535897254944
657	658	en	twi	challenge_SSA-MTE	hyp1	News	NaN	-0.7996535897254944
658	659	en	twi	challenge_SSA-MTE	hyp1	News	NaN	-0.7996535897254944
659	660	en	twi	challenge_SSA-MTE	hyp1	News	NaN	-1.2724467515945435
660	661	en	twi	challenge_SSA-MTE	hyp1	News	NaN	-1.2724467515945435
661	662	en	twi	challenge_SSA-MTE	hyp1	News	NaN	-1.272446632385254
662	663	en	twi	challenge_SSA-MTE	hyp1	News	NaN	-1.272446632385254
663	664	en	twi	challenge_SSA-MTE	hyp1	News	NaN	-1.272446632385254
664	665	en	twi	challenge_SSA-MTE	hyp1	News	NaN	-1.2724467515945435
665	666	en	twi	challenge_SSA-MTE	hyp1	News	NaN	-1.2467106580734253
666	667	en	twi	challenge_SSA-MTE	hyp1	News	NaN	-1.2467106580734253
667	668	en	twi	challenge_SSA-MTE	hyp1	News	NaN	-1.2467106580734253
668	669	en	twi	challenge_SSA-MTE	hyp1	News	NaN	-1.2467106580734253
669	670	en	twi	challenge_SSA-MTE	hyp1	News	NaN	-1.2467106580734253
670	671	en	twi	challenge_SSA-MTE	hyp1	News	NaN	-1.2467106580734253
671	672	en	twi	challenge_SSA-MTE	hyp1	News	NaN	-1.2039433717727661
672	673	en	twi	challenge_SSA-MTE	hyp1	News	NaN	-1.2039438486099243
673	674	en	twi	challenge_SSA-MTE	hyp1	News	NaN	-1.2039433717727661
674	675	en	twi	challenge_SSA-MTE	hyp1	News	NaN	-1.2039433717727661
675	676	en	twi	challenge_SSA-MTE	hyp1	News	NaN	-1.2039433717727661
676	677	en	twi	challenge_SSA-MTE	hyp1	News	NaN	-1.2039433717727661
677	678	en	twi	challenge_SSA-MTE	hyp1	News	NaN	-1.0160123109817505
678	679	en	twi	challenge_SSA-MTE	hyp1	News	NaN	-1.0160123109817505
679	680	en	twi	challenge_SSA-MTE	hyp1	News	NaN	-1.0160123109817505
680	681	en	twi	challenge_SSA-MTE	hyp1	News	NaN	-1.0160123109817505
681	682	en	twi	challenge_SSA-MTE	hyp1	News	NaN	-1.0160123109817505
682	683	en	twi	challenge_SSA-MTE	hyp1	News	NaN	-1.0160123109817505
683	684	en	twi	challenge_SSA-MTE	hyp1	News	NaN	-0.7027401924133301
684	685	en	twi	challenge_SSA-MTE	hyp1	News	NaN	-0.7027401924133301
685	686	en	twi	challenge_SSA-MTE	hyp1	News	NaN	-0.7027401924133301
686	687	en	twi	challenge_SSA-MTE	hyp1	News	NaN	-0.7027401924133301
687	688	en	twi	challenge_SSA-MTE	hyp1	News	NaN	-0.7027401924133301
688	689	en	twi	challenge_SSA-MTE	hyp1	News	NaN	-0.7027401924133301
689	690	en	twi	challenge_SSA-MTE	hyp1	News	NaN	-1.0042613744735718
690	691	en	twi	challenge_SSA-MTE	hyp1	News	NaN	-1.0042613744735718
691	692	en	twi	challenge_SSA-MTE	hyp1	News	NaN	-1.0042613744735718
692	693	en	twi	challenge_SSA-MTE	hyp1	News	NaN	-1.0042613744735718
693	694	en	twi	challenge_SSA-MTE	hyp1	News	NaN	-1.0042613744735718
694	695	en	twi	challenge_SSA-MTE	hyp1	News	NaN	-1.419876217842102
695	696	en	twi	challenge_SSA-MTE	hyp1	News	NaN	-1.419876217842102
696	697	en	twi	challenge_SSA-MTE	hyp1	News	NaN	-1.419876217842102
697	698	en	twi	challenge_SSA-MTE	hyp1	News	NaN	-1.419876217842102
698	699	en	twi	challenge_SSA-MTE	hyp1	News	NaN	-1.419876217842102
699	700	en	twi	challenge_SSA-MTE	hyp1	News	NaN	-1.419876217842102
700	701	en	twi	challenge_SSA-MTE	hyp1	News	NaN	-0.9122433066368103
701	702	en	twi	challenge_SSA-MTE	hyp1	News	NaN	-0.9122433066368103
702	703	en	twi	challenge_SSA-MTE	hyp1	News	NaN	-0.9122433066368103
703	704	en	twi	challenge_SSA-MTE	hyp1	News	NaN	-0.9122424721717834
704	705	en	twi	challenge_SSA-MTE	hyp1	News	NaN	-0.9122433066368103
705	706	en	twi	challenge_SSA-MTE	hyp1	News	NaN	-0.9122433066368103
706	707	en	twi	challenge_SSA-MTE	hyp1	News	NaN	-1.0175246000289917
707	708	en	twi	challenge_SSA-MTE	hyp1	News	NaN	-1.017525315284729
708	709	en	twi	challenge_SSA-MTE	hyp1	News	NaN	-1.017525315284729
709	710	en	twi	challenge_SSA-MTE	hyp1	News	NaN	-1.017525315284729
710	711	en	twi	challenge_SSA-MTE	hyp1	News	NaN	-1.017525315284729
711	712	en	twi	challenge_SSA-MTE	hyp1	News	NaN	-0.8615222573280334
712	713	en	twi	challenge_SSA-MTE	hyp1	News	NaN	-0.8615201115608215
713	714	en	twi	challenge_SSA-MTE	hyp1	News	NaN	-0.8615201115608215
714	715	en	twi	challenge_SSA-MTE	hyp1	News	NaN	-0.8615201115608215
715	716	en	twi	challenge_SSA-MTE	hyp1	News	NaN	-0.8615201115608215
716	717	en	twi	challenge_SSA-MTE	hyp1	News	NaN	-0.8615201115608215
717	718	en	twi	challenge_SSA-MTE	hyp1	News	NaN	-1.962584137916565
718	719	en	twi	challenge_SSA-MTE	hyp1	News	NaN	-1.962585687637329
719	720	en	twi	challenge_SSA-MTE	hyp1	News	NaN	-1.962585687637329
720	721	en	twi	challenge_SSA-MTE	hyp1	News	NaN	-1.962585687637329
721	722	en	twi	challenge_SSA-MTE	hyp1	News	NaN	-1.962585687637329
722	723	en	twi	challenge_SSA-MTE	hyp1	News	NaN	-1.962585687637329
723	724	en	twi	challenge_SSA-MTE	hyp1	News	NaN	-0.6076462268829346
724	725	en	twi	challenge_SSA-MTE	hyp1	News	NaN	-0.6076462268829346
725	726	en	twi	challenge_SSA-MTE	hyp1	News	NaN	-0.6076462268829346
726	727	en	twi	challenge_SSA-MTE	hyp1	News	NaN	-0.6076462268829346
727	728	en	twi	challenge_SSA-MTE	hyp1	News	NaN	-0.6076462268829346
728	729	en	twi	challenge_SSA-MTE	hyp1	News	NaN	-0.6076462268829346
729	730	en	twi	challenge_SSA-MTE	hyp1	News	NaN	-0.8290994167327881
730	731	en	twi	challenge_SSA-MTE	hyp1	News	NaN	-0.8290994167327881
731	732	en	twi	challenge_SSA-MTE	hyp1	News	NaN	-0.8290994167327881
732	733	en	twi	challenge_SSA-MTE	hyp1	News	NaN	-0.8290994167327881
733	734	en	twi	challenge_SSA-MTE	hyp1	News	NaN	-0.8290994167327881
734	735	en	twi	challenge_SSA-MTE	hyp1	News	NaN	-0.8290994167327881
735	736	en	twi	challenge_SSA-MTE	hyp1	News	NaN	-1.461774230003357
736	737	en	twi	challenge_SSA-MTE	hyp1	News	NaN	-1.461774230003357
737	738	en	twi	challenge_SSA-MTE	hyp1	News	NaN	-1.461774468421936
738	739	en	twi	challenge_SSA-MTE	hyp1	News	NaN	-1.461774468421936
739	740	en	twi	challenge_SSA-MTE	hyp1	News	NaN	-1.461774468421936
740	741	en	twi	challenge_SSA-MTE	hyp1	News	NaN	-1.461774230003357
741	742	en	twi	challenge_SSA-MTE	hyp1	News	NaN	-1.1339924335479736
742	743	en	twi	challenge_SSA-MTE	hyp1	News	NaN	-1.1339924335479736
743	744	en	twi	challenge_SSA-MTE	hyp1	News	NaN	-1.1339924335479736
744	745	en	twi	challenge_SSA-MTE	hyp1	News	NaN	-1.1339924335479736
745	746	en	twi	challenge_SSA-MTE	hyp1	News	NaN	-1.1339924335479736
746	747	en	twi	challenge_SSA-MTE	hyp1	News	NaN	-1.1339924335479736
747	748	en	twi	challenge_SSA-MTE	hyp1	News	NaN	-0.7846640348434448
748	749	en	twi	challenge_SSA-MTE	hyp1	News	NaN	-0.7846640348434448
749	750	en	twi	challenge_SSA-MTE	hyp1	News	NaN	-0.7846640348434448
750	751	en	twi	challenge_SSA-MTE	hyp1	News	NaN	-0.7846640348434448
751	752	en	twi	challenge_SSA-MTE	hyp1	News	NaN	-0.7846640348434448
752	753	en	twi	challenge_SSA-MTE	hyp1	News	NaN	-0.7846640348434448
753	754	en	twi	challenge_SSA-MTE	hyp1	News	NaN	-1.5760701894760132
754	755	en	twi	challenge_SSA-MTE	hyp1	News	NaN	-1.5760701894760132
755	756	en	twi	challenge_SSA-MTE	hyp1	News	NaN	-1.5760701894760132
756	757	en	twi	challenge_SSA-MTE	hyp1	News	NaN	-1.5760701894760132
757	758	en	twi	challenge_SSA-MTE	hyp1	News	NaN	-1.5760701894760132
758	759	en	twi	challenge_SSA-MTE	hyp1	News	NaN	-1.5760701894760132
759	760	en	twi	challenge_SSA-MTE	hyp1	News	NaN	-0.5206700563430786
760	761	en	twi	challenge_SSA-MTE	hyp1	News	NaN	-0.5206700563430786
761	762	en	twi	challenge_SSA-MTE	hyp1	News	NaN	-0.5206700563430786
762	763	en	twi	challenge_SSA-MTE	hyp1	News	NaN	-0.5206700563430786
763	764	en	twi	challenge_SSA-MTE	hyp1	News	NaN	-0.5206700563430786
764	765	en	twi	challenge_SSA-MTE	hyp1	News	NaN	-0.5206700563430786
765	766	en	twi	challenge_SSA-MTE	hyp1	News	NaN	-0.8567277789115906
766	767	en	twi	challenge_SSA-MTE	hyp1	News	NaN	-0.856727123260498
767	768	en	twi	challenge_SSA-MTE	hyp1	News	NaN	-0.856727123260498
768	769	en	twi	challenge_SSA-MTE	hyp1	News	NaN	-0.856727123260498
769	770	en	twi	challenge_SSA-MTE	hyp1	News	NaN	-0.856727123260498
770	771	en	twi	challenge_SSA-MTE	hyp1	News	NaN	-0.856727123260498
771	772	en	twi	challenge_SSA-MTE	hyp1	News	NaN	-0.4711275100708008
772	773	en	twi	challenge_SSA-MTE	hyp1	News	NaN	-0.4711264967918396
773	774	en	twi	challenge_SSA-MTE	hyp1	News	NaN	-0.4711264967918396
774	775	en	twi	challenge_SSA-MTE	hyp1	News	NaN	-0.4711264967918396
775	776	en	twi	challenge_SSA-MTE	hyp1	News	NaN	-0.4711264967918396
776	777	en	twi	challenge_SSA-MTE	hyp1	News	NaN	-0.4711275100708008
777	778	en	twi	challenge_SSA-MTE	hyp1	News	NaN	-0.9386410117149353
778	779	en	twi	challenge_SSA-MTE	hyp1	News	NaN	-0.9386410117149353
779	780	en	twi	challenge_SSA-MTE	hyp1	News	NaN	-0.9386410117149353
780	781	en	twi	challenge_SSA-MTE	hyp1	News	NaN	-0.9386410117149353
781	782	en	twi	challenge_SSA-MTE	hyp1	News	NaN	-0.9386410117149353
782	783	en	twi	challenge_SSA-MTE	hyp1	News	NaN	-0.9386410117149353
783	784	en	twi	challenge_SSA-MTE	hyp1	News	NaN	-1.6188948154449463
784	785	en	twi	challenge_SSA-MTE	hyp1	News	NaN	-1.6188948154449463
785	786	en	twi	challenge_SSA-MTE	hyp1	News	NaN	-1.6188948154449463
786	787	en	twi	challenge_SSA-MTE	hyp1	News	NaN	-1.6188948154449463
787	788	en	twi	challenge_SSA-MTE	hyp1	News	NaN	-1.6188948154449463
788	789	en	twi	challenge_SSA-MTE	hyp1	News	NaN	-1.6188948154449463
789	790	en	twi	challenge_SSA-MTE	hyp1	News	NaN	-1.1555567979812622
790	791	en	twi	challenge_SSA-MTE	hyp1	News	NaN	-1.1555618047714233
791	792	en	twi	challenge_SSA-MTE	hyp1	News	NaN	-1.1555618047714233
792	793	en	twi	challenge_SSA-MTE	hyp1	News	NaN	-1.1555618047714233
793	794	en	twi	challenge_SSA-MTE	hyp1	News	NaN	-1.1555567979812622
794	795	en	twi	challenge_SSA-MTE	hyp1	News	NaN	-1.1555567979812622
795	796	en	twi	challenge_SSA-MTE	hyp1	News	NaN	-1.1728311777114868
796	797	en	twi	challenge_SSA-MTE	hyp1	News	NaN	-1.172831416130066
797	798	en	twi	challenge_SSA-MTE	hyp1	News	NaN	-1.1728311777114868
798	799	en	twi	challenge_SSA-MTE	hyp1	News	NaN	-1.172831416130066
799	800	en	twi	challenge_SSA-MTE	hyp1	News	NaN	-1.1728311777114868
800	801	en	twi	challenge_SSA-MTE	hyp1	News	NaN	-1.1728311777114868
801	802	en	twi	challenge_SSA-MTE	hyp1	News	NaN	-0.2468658983707428
802	803	en	twi	challenge_SSA-MTE	hyp1	News	NaN	-0.2468658983707428
803	804	en	twi	challenge_SSA-MTE	hyp1	News	NaN	-0.2468658983707428
804	805	en	twi	challenge_SSA-MTE	hyp1	News	NaN	-0.2468658983707428
805	806	en	twi	challenge_SSA-MTE	hyp1	News	NaN	-0.2468658983707428
806	807	en	twi	challenge_SSA-MTE	hyp1	News	NaN	-0.2468658983707428
807	808	en	twi	challenge_SSA-MTE	hyp1	News	NaN	-1.5492312908172607
808	809	en	twi	challenge_SSA-MTE	hyp1	News	NaN	-1.5492312908172607
809	810	en	twi	challenge_SSA-MTE	hyp1	News	NaN	-1.5492312908172607
810	811	en	twi	challenge_SSA-MTE	hyp1	News	NaN	-1.5492312908172607
811	812	en	twi	challenge_SSA-MTE	hyp1	News	NaN	-1.5492312908172607
812	813	en	twi	challenge_SSA-MTE	hyp1	News	NaN	-1.5492312908172607
813	814	en	twi	challenge_SSA-MTE	hyp1	News	NaN	-0.8957899808883667
814	815	en	twi	challenge_SSA-MTE	hyp1	News	NaN	-0.8957899808883667
815	816	en	twi	challenge_SSA-MTE	hyp1	News	NaN	-0.8957899808883667
816	817	en	twi	challenge_SSA-MTE	hyp1	News	NaN	-0.8957920670509338
817	818	en	twi	challenge_SSA-MTE	hyp1	News	NaN	-0.8957899808883667
818	819	en	twi	challenge_SSA-MTE	hyp1	News	NaN	-0.8957905769348145
819	820	en	twi	challenge_SSA-MTE	hyp1	News	NaN	-1.476074457168579
820	821	en	twi	challenge_SSA-MTE	hyp1	News	NaN	-1.4760757684707642
821	822	en	twi	challenge_SSA-MTE	hyp1	News	NaN	-1.4760757684707642
822	823	en	twi	challenge_SSA-MTE	hyp1	News	NaN	-1.4760757684707642
823	824	en	twi	challenge_SSA-MTE	hyp1	News	NaN	-1.476074457168579
824	825	en	twi	challenge_SSA-MTE	hyp1	News	NaN	-1.4760757684707642
825	826	en	twi	challenge_SSA-MTE	hyp1	News	NaN	-1.6081687211990356
826	827	en	twi	challenge_SSA-MTE	hyp1	News	NaN	-1.6081687211990356
827	828	en	twi	challenge_SSA-MTE	hyp1	News	NaN	-1.6081687211990356
828	829	en	twi	challenge_SSA-MTE	hyp1	News	NaN	-1.6081687211990356
829	830	en	twi	challenge_SSA-MTE	hyp1	News	NaN	-1.6081687211990356
830	831	en	twi	challenge_SSA-MTE	hyp1	News	NaN	-1.6081687211990356
831	832	en	twi	challenge_SSA-MTE	hyp1	News	NaN	-1.3669668436050415
832	833	en	twi	challenge_SSA-MTE	hyp1	News	NaN	-1.3669668436050415
833	834	en	twi	challenge_SSA-MTE	hyp1	News	NaN	-1.3669668436050415
834	835	en	twi	challenge_SSA-MTE	hyp1	News	NaN	-1.3669668436050415
835	836	en	twi	challenge_SSA-MTE	hyp1	News	NaN	-1.3669666051864624
836	837	en	twi	challenge_SSA-MTE	hyp1	News	NaN	-1.3669666051864624
837	838	en	twi	challenge_SSA-MTE	hyp1	News	NaN	-1.1727179288864136
838	839	en	twi	challenge_SSA-MTE	hyp1	News	NaN	-1.1727179288864136
839	840	en	twi	challenge_SSA-MTE	hyp1	News	NaN	-1.1727179288864136
840	841	en	twi	challenge_SSA-MTE	hyp1	News	NaN	-1.1727176904678345
841	842	en	twi	challenge_SSA-MTE	hyp1	News	NaN	-1.1727179288864136
842	843	en	twi	challenge_SSA-MTE	hyp1	News	NaN	-1.1727179288864136
843	844	en	twi	challenge_SSA-MTE	hyp1	News	NaN	-1.325863003730774
844	845	en	twi	challenge_SSA-MTE	hyp1	News	NaN	-1.325863003730774
845	846	en	twi	challenge_SSA-MTE	hyp1	News	NaN	-1.325863003730774
846	847	en	twi	challenge_SSA-MTE	hyp1	News	NaN	-1.325863003730774
847	848	en	twi	challenge_SSA-MTE	hyp1	News	NaN	-1.325863003730774
848	849	en	twi	challenge_SSA-MTE	hyp1	News	NaN	-1.325863003730774
849	850	en	twi	challenge_SSA-MTE	hyp1	News	NaN	-0.3622210621833801
850	851	en	twi	challenge_SSA-MTE	hyp1	News	NaN	-0.3622210621833801
851	852	en	twi	challenge_SSA-MTE	hyp1	News	NaN	-0.3622220754623413
852	853	en	twi	challenge_SSA-MTE	hyp1	News	NaN	-0.3622220754623413
853	854	en	twi	challenge_SSA-MTE	hyp1	News	NaN	-0.3622220754623413
854	855	en	twi	challenge_SSA-MTE	hyp1	News	NaN	-1.0021215677261353
855	856	en	twi	challenge_SSA-MTE	hyp1	News	NaN	-1.0021215677261353
856	857	en	twi	challenge_SSA-MTE	hyp1	News	NaN	-1.0021215677261353
857	858	en	twi	challenge_SSA-MTE	hyp1	News	NaN	-1.0021215677261353
858	859	en	twi	challenge_SSA-MTE	hyp1	News	NaN	-1.0021215677261353
859	860	en	twi	challenge_SSA-MTE	hyp1	News	NaN	-1.0021215677261353
860	861	en	twi	challenge_SSA-MTE	hyp1	News	NaN	-0.7928625345230103
861	862	en	twi	challenge_SSA-MTE	hyp1	News	NaN	-0.7928625345230103
862	863	en	twi	challenge_SSA-MTE	hyp1	News	NaN	-0.7928625345230103
863	864	en	twi	challenge_SSA-MTE	hyp1	News	NaN	-0.7928625345230103
864	865	en	twi	challenge_SSA-MTE	hyp1	News	NaN	-0.7928625345230103
865	866	en	twi	challenge_SSA-MTE	hyp1	News	NaN	-0.7928625345230103
866	867	en	twi	challenge_SSA-MTE	hyp1	News	NaN	-1.703574538230896
867	868	en	twi	challenge_SSA-MTE	hyp1	News	NaN	-1.703574538230896
868	869	en	twi	challenge_SSA-MTE	hyp1	News	NaN	-1.703574538230896
869	870	en	twi	challenge_SSA-MTE	hyp1	News	NaN	-1.703574538230896
870	871	en	twi	challenge_SSA-MTE	hyp1	News	NaN	-1.703574538230896
871	872	en	twi	challenge_SSA-MTE	hyp1	News	NaN	-1.703574538230896
872	873	en	twi	challenge_SSA-MTE	hyp1	News	NaN	-1.4241303205490112
873	874	en	twi	challenge_SSA-MTE	hyp1	News	NaN	-1.4241303205490112
874	875	en	twi	challenge_SSA-MTE	hyp1	News	NaN	-1.4241303205490112
875	876	en	twi	challenge_SSA-MTE	hyp1	News	NaN	-1.4241303205490112
876	877	en	twi	challenge_SSA-MTE	hyp1	News	NaN	-1.4241303205490112
877	878	en	twi	challenge_SSA-MTE	hyp1	News	NaN	-1.4241303205490112
878	879	en	twi	challenge_SSA-MTE	hyp1	News	NaN	-0.8951910138130188
879	880	en	twi	challenge_SSA-MTE	hyp1	News	NaN	-0.8951910138130188
880	881	en	twi	challenge_SSA-MTE	hyp1	News	NaN	-0.8951926827430725
881	882	en	twi	challenge_SSA-MTE	hyp1	News	NaN	-0.8951877355575562
882	883	en	twi	challenge_SSA-MTE	hyp1	News	NaN	-0.8951926827430725
883	884	en	twi	challenge_SSA-MTE	hyp1	News	NaN	-0.8951926827430725
884	885	en	twi	challenge_SSA-MTE	hyp1	News	NaN	-1.6171209812164307
885	886	en	twi	challenge_SSA-MTE	hyp1	News	NaN	-1.6171209812164307
886	887	en	twi	challenge_SSA-MTE	hyp1	News	NaN	-1.6171209812164307
887	888	en	twi	challenge_SSA-MTE	hyp1	News	NaN	-1.6171214580535889
888	889	en	twi	challenge_SSA-MTE	hyp1	News	NaN	-1.6171209812164307
889	890	en	twi	challenge_SSA-MTE	hyp1	News	NaN	-1.6171209812164307
890	891	en	twi	challenge_SSA-MTE	hyp1	News	NaN	-1.966128945350647
891	892	en	twi	challenge_SSA-MTE	hyp1	News	NaN	-1.966128945350647
892	893	en	twi	challenge_SSA-MTE	hyp1	News	NaN	-1.966128945350647
893	894	en	twi	challenge_SSA-MTE	hyp1	News	NaN	-1.966128945350647
894	895	en	twi	challenge_SSA-MTE	hyp1	News	NaN	-1.966128945350647
895	896	en	twi	challenge_SSA-MTE	hyp1	News	NaN	-1.966128945350647
896	897	en	twi	challenge_SSA-MTE	hyp1	News	NaN	-1.3229535818099976
897	898	en	twi	challenge_SSA-MTE	hyp1	News	NaN	-1.3229535818099976
898	899	en	twi	challenge_SSA-MTE	hyp1	News	NaN	-1.3229535818099976
899	900	en	twi	challenge_SSA-MTE	hyp1	News	NaN	-1.3229535818099976
900	901	en	twi	challenge_SSA-MTE	hyp1	News	NaN	-1.3229535818099976
901	902	en	twi	challenge_SSA-MTE	hyp1	News	NaN	-1.3229535818099976
902	903	en	twi	challenge_SSA-MTE	hyp1	News	NaN	-1.354103446006775
903	904	en	twi	challenge_SSA-MTE	hyp1	News	NaN	-1.354103446006775
904	905	en	twi	challenge_SSA-MTE	hyp1	News	NaN	-1.354103446006775
905	906	en	twi	challenge_SSA-MTE	hyp1	News	NaN	-1.354103446006775
906	907	en	twi	challenge_SSA-MTE	hyp1	News	NaN	-1.354103446006775
907	908	en	twi	challenge_SSA-MTE	hyp1	News	NaN	-1.354103446006775
908	909	en	twi	challenge_SSA-MTE	hyp1	News	NaN	-0.25635695457458496
909	910	en	twi	challenge_SSA-MTE	hyp1	News	NaN	-0.25635826587677
910	911	en	twi	challenge_SSA-MTE	hyp1	News	NaN	-0.25635826587677
911	912	en	twi	challenge_SSA-MTE	hyp1	News	NaN	-0.25635826587677
912	913	en	twi	challenge_SSA-MTE	hyp1	News	NaN	-0.25635695457458496
913	914	en	twi	challenge_SSA-MTE	hyp1	News	NaN	-0.25635695457458496
914	915	en	twi	challenge_SSA-MTE	hyp1	News	NaN	-1.57521653175354
915	916	en	twi	challenge_SSA-MTE	hyp1	News	NaN	-1.57521653175354
916	917	en	twi	challenge_SSA-MTE	hyp1	News	NaN	-1.57521653175354
917	918	en	twi	challenge_SSA-MTE	hyp1	News	NaN	-1.5752159357070923
918	919	en	twi	challenge_SSA-MTE	hyp1	News	NaN	-1.57521653175354
919	920	en	twi	challenge_SSA-MTE	hyp1	News	NaN	-1.57521653175354
920	921	en	twi	challenge_SSA-MTE	hyp1	News	NaN	-0.8997728824615479
921	922	en	twi	challenge_SSA-MTE	hyp1	News	NaN	-0.8997715711593628
922	923	en	twi	challenge_SSA-MTE	hyp1	News	NaN	-0.8997728824615479
923	924	en	twi	challenge_SSA-MTE	hyp1	News	NaN	-0.8997728824615479
924	925	en	twi	challenge_SSA-MTE	hyp1	News	NaN	-0.8997728824615479
925	926	en	twi	challenge_SSA-MTE	hyp1	News	NaN	-0.8663971424102783
926	927	en	twi	challenge_SSA-MTE	hyp1	News	NaN	-0.8663971424102783
927	928	en	twi	challenge_SSA-MTE	hyp1	News	NaN	-0.8663971424102783
928	929	en	twi	challenge_SSA-MTE	hyp1	News	NaN	-0.8663971424102783
929	930	en	twi	challenge_SSA-MTE	hyp1	News	NaN	-0.8663971424102783
930	931	en	twi	challenge_SSA-MTE	hyp1	News	NaN	-0.8663971424102783
931	932	en	twi	challenge_SSA-MTE	hyp1	News	NaN	-1.3141993284225464
932	933	en	twi	challenge_SSA-MTE	hyp1	News	NaN	-1.3141993284225464
933	934	en	twi	challenge_SSA-MTE	hyp1	News	NaN	-1.3141993284225464
934	935	en	twi	challenge_SSA-MTE	hyp1	News	NaN	-1.3141993284225464
935	936	en	twi	challenge_SSA-MTE	hyp1	News	NaN	-1.3141993284225464
936	937	en	twi	challenge_SSA-MTE	hyp1	News	NaN	-1.3141993284225464
937	938	en	twi	challenge_SSA-MTE	hyp1	News	NaN	-1.9072260856628418
938	939	en	twi	challenge_SSA-MTE	hyp1	News	NaN	-1.9072260856628418
939	940	en	twi	challenge_SSA-MTE	hyp1	News	NaN	-1.9072260856628418
940	941	en	twi	challenge_SSA-MTE	hyp1	News	NaN	-1.9072260856628418
941	942	en	twi	challenge_SSA-MTE	hyp1	News	NaN	-1.9072260856628418
942	943	en	twi	challenge_SSA-MTE	hyp1	News	NaN	-1.9072260856628418
943	944	en	twi	challenge_SSA-MTE	hyp1	News	NaN	-1.2681306600570679
944	945	en	twi	challenge_SSA-MTE	hyp1	News	NaN	-1.2681306600570679
945	946	en	twi	challenge_SSA-MTE	hyp1	News	NaN	-1.2681306600570679
946	947	en	twi	challenge_SSA-MTE	hyp1	News	NaN	-1.2681306600570679
947	948	en	twi	challenge_SSA-MTE	hyp1	News	NaN	-1.2681306600570679
948	949	en	twi	challenge_SSA-MTE	hyp1	News	NaN	-1.2681306600570679
949	950	en	twi	challenge_SSA-MTE	hyp1	News	NaN	-1.464821696281433
950	951	en	twi	challenge_SSA-MTE	hyp1	News	NaN	-1.464821696281433
951	952	en	twi	challenge_SSA-MTE	hyp1	News	NaN	-1.464821696281433
952	953	en	twi	challenge_SSA-MTE	hyp1	News	NaN	-1.464821696281433
953	954	en	twi	challenge_SSA-MTE	hyp1	News	NaN	-1.464821696281433
954	955	en	twi	challenge_SSA-MTE	hyp1	News	NaN	-1.464821696281433
955	956	en	twi	challenge_SSA-MTE	hyp1	News	NaN	-1.3663386106491089
956	957	en	twi	challenge_SSA-MTE	hyp1	News	NaN	-1.366339921951294
957	958	en	twi	challenge_SSA-MTE	hyp1	News	NaN	-1.366339921951294
958	959	en	twi	challenge_SSA-MTE	hyp1	News	NaN	-1.366339921951294
959	960	en	twi	challenge_SSA-MTE	hyp1	News	NaN	-1.366339921951294
960	961	en	twi	challenge_SSA-MTE	hyp1	News	NaN	-1.549357533454895
961	962	en	twi	challenge_SSA-MTE	hyp1	News	NaN	-1.549357533454895
962	963	en	twi	challenge_SSA-MTE	hyp1	News	NaN	-1.549357533454895
963	964	en	twi	challenge_SSA-MTE	hyp1	News	NaN	-1.549357533454895
964	965	en	twi	challenge_SSA-MTE	hyp1	News	NaN	-1.549357533454895
965	966	en	twi	challenge_SSA-MTE	hyp1	News	NaN	-1.549357533454895
966	967	en	twi	challenge_SSA-MTE	hyp1	News	NaN	-1.4223804473876953
967	968	en	twi	challenge_SSA-MTE	hyp1	News	NaN	-1.4223804473876953
968	969	en	twi	challenge_SSA-MTE	hyp1	News	NaN	-1.4223804473876953
969	970	en	twi	challenge_SSA-MTE	hyp1	News	NaN	-1.4223804473876953
970	971	en	twi	challenge_SSA-MTE	hyp1	News	NaN	-1.4223804473876953
971	972	en	twi	challenge_SSA-MTE	hyp1	News	NaN	-1.4223804473876953
972	973	en	twi	challenge_SSA-MTE	hyp1	News	NaN	-1.017742395401001
973	974	en	twi	challenge_SSA-MTE	hyp1	News	NaN	-1.0177444219589233
974	975	en	twi	challenge_SSA-MTE	hyp1	News	NaN	-1.0177444219589233
975	976	en	twi	challenge_SSA-MTE	hyp1	News	NaN	-1.017742395401001
976	977	en	twi	challenge_SSA-MTE	hyp1	News	NaN	-1.017742395401001
977	978	en	twi	challenge_SSA-MTE	hyp1	News	NaN	-1.017742395401001
978	979	en	twi	challenge_SSA-MTE	hyp1	News	NaN	-0.638175368309021
979	980	en	twi	challenge_SSA-MTE	hyp1	News	NaN	-0.638175368309021
980	981	en	twi	challenge_SSA-MTE	hyp1	News	NaN	-0.638175368309021
981	982	en	twi	challenge_SSA-MTE	hyp1	News	NaN	-0.638175368309021
982	983	en	twi	challenge_SSA-MTE	hyp1	News	NaN	-0.638175368309021
983	984	en	twi	challenge_SSA-MTE	hyp1	News	NaN	-0.638175368309021
984	985	en	twi	challenge_SSA-MTE	hyp1	News	NaN	-0.6111553311347961
985	986	en	twi	challenge_SSA-MTE	hyp1	News	NaN	-0.6111553311347961
986	987	en	twi	challenge_SSA-MTE	hyp1	News	NaN	-0.6111553311347961
987	988	en	twi	challenge_SSA-MTE	hyp1	News	NaN	-0.6111553311347961
988	989	en	twi	challenge_SSA-MTE	hyp1	News	NaN	-0.6111553311347961
989	990	en	twi	challenge_SSA-MTE	hyp1	News	NaN	-0.6111553311347961
990	991	en	twi	challenge_SSA-MTE	hyp1	News	NaN	-1.0215308666229248
991	992	en	twi	challenge_SSA-MTE	hyp1	News	NaN	-1.0215308666229248
992	993	en	twi	challenge_SSA-MTE	hyp1	News	NaN	-1.0215308666229248
993	994	en	twi	challenge_SSA-MTE	hyp1	News	NaN	-1.0215308666229248
994	995	en	twi	challenge_SSA-MTE	hyp1	News	NaN	-1.0215308666229248
995	996	en	twi	challenge_SSA-MTE	hyp1	News	NaN	-1.0215308666229248
996	997	en	twi	challenge_SSA-MTE	hyp1	News	NaN	-1.690341830253601
997	998	en	twi	challenge_SSA-MTE	hyp1	News	NaN	-1.690341830253601
998	999	en	twi	challenge_SSA-MTE	hyp1	News	NaN	-1.690341830253601
999	1000	en	twi	challenge_SSA-MTE	hyp1	News	NaN	-1.690341830253601
1000	1001	en	twi	challenge_SSA-MTE	hyp1	News	NaN	-1.690341830253601
1001	1002	en	twi	challenge_SSA-MTE	hyp1	News	NaN	-1.690341830253601
1002	1003	en	twi	challenge_SSA-MTE	hyp1	News	NaN	-1.7234364748001099
1003	1004	en	twi	challenge_SSA-MTE	hyp1	News	NaN	-1.7234364748001099
1004	1005	en	twi	challenge_SSA-MTE	hyp1	News	NaN	-1.7234364748001099
1005	1006	en	twi	challenge_SSA-MTE	hyp1	News	NaN	-1.7234364748001099
1006	1007	en	twi	challenge_SSA-MTE	hyp1	News	NaN	-1.7234364748001099
1007	1008	en	twi	challenge_SSA-MTE	hyp1	News	NaN	-1.7234364748001099
1008	1009	en	twi	challenge_SSA-MTE	hyp1	News	NaN	-1.5735653638839722
1009	1010	en	twi	challenge_SSA-MTE	hyp1	News	NaN	-1.5735653638839722
1010	1011	en	twi	challenge_SSA-MTE	hyp1	News	NaN	-1.5735653638839722
1011	1012	en	twi	challenge_SSA-MTE	hyp1	News	NaN	-1.5735653638839722
1012	1013	en	twi	challenge_SSA-MTE	hyp1	News	NaN	-1.5735653638839722
1013	1014	en	twi	challenge_SSA-MTE	hyp1	News	NaN	-1.5735653638839722
1014	1015	en	twi	challenge_SSA-MTE	hyp1	News	NaN	-1.7048498392105103
1015	1016	en	twi	challenge_SSA-MTE	hyp1	News	NaN	-1.7048498392105103
1016	1017	en	twi	challenge_SSA-MTE	hyp1	News	NaN	-1.7048498392105103
1017	1018	en	twi	challenge_SSA-MTE	hyp1	News	NaN	-1.7048498392105103
1018	1019	en	twi	challenge_SSA-MTE	hyp1	News	NaN	-1.7048498392105103
1019	1020	en	twi	challenge_SSA-MTE	hyp1	News	NaN	-1.7048498392105103
1020	1021	en	twi	challenge_SSA-MTE	hyp1	News	NaN	-1.2431483268737793
1021	1022	en	twi	challenge_SSA-MTE	hyp1	News	NaN	-1.2431483268737793
1022	1023	en	twi	challenge_SSA-MTE	hyp1	News	NaN	-1.2431483268737793
1023	1024	en	twi	challenge_SSA-MTE	hyp1	News	NaN	-1.2431483268737793
1024	1025	en	twi	challenge_SSA-MTE	hyp1	News	NaN	-1.2431483268737793
1025	1026	en	twi	challenge_SSA-MTE	hyp1	News	NaN	-1.2431483268737793
1026	1027	en	twi	challenge_SSA-MTE	hyp1	News	NaN	-1.5398327112197876
1027	1028	en	twi	challenge_SSA-MTE	hyp1	News	NaN	-1.5398327112197876
1028	1029	en	twi	challenge_SSA-MTE	hyp1	News	NaN	-1.5398322343826294
1029	1030	en	twi	challenge_SSA-MTE	hyp1	News	NaN	-1.5398322343826294
1030	1031	en	twi	challenge_SSA-MTE	hyp1	News	NaN	-1.5398322343826294
1031	1032	en	twi	challenge_SSA-MTE	hyp1	News	NaN	-1.5398322343826294
1032	1033	en	twi	challenge_SSA-MTE	hyp1	News	NaN	-0.8946683406829834
1033	1034	en	twi	challenge_SSA-MTE	hyp1	News	NaN	-0.8946683406829834
1034	1035	en	twi	challenge_SSA-MTE	hyp1	News	NaN	-0.8946683406829834
1035	1036	en	twi	challenge_SSA-MTE	hyp1	News	NaN	-0.8946683406829834
1036	1037	en	twi	challenge_SSA-MTE	hyp1	News	NaN	-0.8946683406829834
1037	1038	en	twi	challenge_SSA-MTE	hyp1	News	NaN	-0.8946683406829834
1038	1039	en	twi	challenge_SSA-MTE	hyp1	News	NaN	-0.8405320644378662
1039	1040	en	twi	challenge_SSA-MTE	hyp1	News	NaN	-0.8405320644378662
1040	1041	en	twi	challenge_SSA-MTE	hyp1	News	NaN	-0.840532660484314
1041	1042	en	twi	challenge_SSA-MTE	hyp1	News	NaN	-0.8405320644378662
1042	1043	en	twi	challenge_SSA-MTE	hyp1	News	NaN	-0.8405320644378662
1043	1044	en	twi	challenge_SSA-MTE	hyp1	News	NaN	-0.8405320644378662
1044	1045	en	twi	challenge_SSA-MTE	hyp1	News	NaN	-1.2661014795303345
1045	1046	en	twi	challenge_SSA-MTE	hyp1	News	NaN	-1.2661014795303345
1046	1047	en	twi	challenge_SSA-MTE	hyp1	News	NaN	-1.2661014795303345
1047	1048	en	twi	challenge_SSA-MTE	hyp1	News	NaN	-1.2661014795303345
1048	1049	en	twi	challenge_SSA-MTE	hyp1	News	NaN	-1.2661014795303345
1049	1050	en	twi	challenge_SSA-MTE	hyp1	News	NaN	-1.2661014795303345
1050	1051	en	twi	challenge_SSA-MTE	hyp1	News	NaN	-1.8991156816482544
1051	1052	en	twi	challenge_SSA-MTE	hyp1	News	NaN	-1.8991154432296753
1052	1053	en	twi	challenge_SSA-MTE	hyp1	News	NaN	-1.8991154432296753
1053	1054	en	twi	challenge_SSA-MTE	hyp1	News	NaN	-1.8991154432296753
1054	1055	en	twi	challenge_SSA-MTE	hyp1	News	NaN	-1.8991156816482544
1055	1056	en	twi	challenge_SSA-MTE	hyp1	News	NaN	-1.8991154432296753
1056	1057	en	twi	challenge_SSA-MTE	hyp1	News	NaN	-1.5490690469741821
1057	1058	en	twi	challenge_SSA-MTE	hyp1	News	NaN	-1.5490690469741821
1058	1059	en	twi	challenge_SSA-MTE	hyp1	News	NaN	-1.5490690469741821
1059	1060	en	twi	challenge_SSA-MTE	hyp1	News	NaN	-1.549068570137024
1060	1061	en	twi	challenge_SSA-MTE	hyp1	News	NaN	-1.549068570137024
1061	1062	en	twi	challenge_SSA-MTE	hyp1	News	NaN	-1.549068570137024
1062	1063	en	twi	challenge_SSA-MTE	hyp1	News	NaN	-1.6187325716018677
1063	1064	en	twi	challenge_SSA-MTE	hyp1	News	NaN	-1.6187316179275513
1064	1065	en	twi	challenge_SSA-MTE	hyp1	News	NaN	-1.6187325716018677
1065	1066	en	twi	challenge_SSA-MTE	hyp1	News	NaN	-1.6187325716018677
1066	1067	en	twi	challenge_SSA-MTE	hyp1	News	NaN	-1.6187325716018677
1067	1068	en	twi	challenge_SSA-MTE	hyp1	News	NaN	-1.6187325716018677
1068	1069	en	twi	challenge_SSA-MTE	hyp1	News	NaN	-1.0010219812393188
1069	1070	en	twi	challenge_SSA-MTE	hyp1	News	NaN	-1.0010219812393188
1070	1071	en	twi	challenge_SSA-MTE	hyp1	News	NaN	-1.0010223388671875
1071	1072	en	twi	challenge_SSA-MTE	hyp1	News	NaN	-1.0010223388671875
1072	1073	en	twi	challenge_SSA-MTE	hyp1	News	NaN	-1.001022458076477
1073	1074	en	twi	challenge_SSA-MTE	hyp1	News	NaN	-1.0010223388671875
1074	1075	en	twi	challenge_SSA-MTE	hyp1	News	NaN	-1.2944048643112183
1075	1076	en	twi	challenge_SSA-MTE	hyp1	News	NaN	-1.2944048643112183
1076	1077	en	twi	challenge_SSA-MTE	hyp1	News	NaN	-1.2944048643112183
1077	1078	en	twi	challenge_SSA-MTE	hyp1	News	NaN	-1.2944048643112183
1078	1079	en	twi	challenge_SSA-MTE	hyp1	News	NaN	-1.2944048643112183
1079	1080	en	twi	challenge_SSA-MTE	hyp1	News	NaN	-1.2944048643112183
1080	1081	en	twi	challenge_SSA-MTE	hyp1	News	NaN	-1.3945871591567993
1081	1082	en	twi	challenge_SSA-MTE	hyp1	News	NaN	-1.3945871591567993
1082	1083	en	twi	challenge_SSA-MTE	hyp1	News	NaN	-1.3945871591567993
1083	1084	en	twi	challenge_SSA-MTE	hyp1	News	NaN	-1.3945871591567993
1084	1085	en	twi	challenge_SSA-MTE	hyp1	News	NaN	-1.3945871591567993
1085	1086	en	twi	challenge_SSA-MTE	hyp1	News	NaN	-1.3945871591567993
1086	1087	en	twi	challenge_SSA-MTE	hyp1	News	NaN	-1.421066403388977
1087	1088	en	twi	challenge_SSA-MTE	hyp1	News	NaN	-1.421066403388977
1088	1089	en	twi	challenge_SSA-MTE	hyp1	News	NaN	-1.421066403388977
1089	1090	en	twi	challenge_SSA-MTE	hyp1	News	NaN	-1.421066403388977
1090	1091	en	twi	challenge_SSA-MTE	hyp1	News	NaN	-1.421066403388977
1091	1092	en	twi	challenge_SSA-MTE	hyp1	News	NaN	-1.421066403388977
1092	1093	en	twi	challenge_SSA-MTE	hyp1	News	NaN	-2.1141350269317627
1093	1094	en	twi	challenge_SSA-MTE	hyp1	News	NaN	-2.1141350269317627
1094	1095	en	twi	challenge_SSA-MTE	hyp1	News	NaN	-2.1141350269317627
1095	1096	en	twi	challenge_SSA-MTE	hyp1	News	NaN	-2.1141350269317627
1096	1097	en	twi	challenge_SSA-MTE	hyp1	News	NaN	-2.1141350269317627
1097	1098	en	twi	challenge_SSA-MTE	hyp1	News	NaN	-2.1141350269317627
1098	1099	en	twi	challenge_SSA-MTE	hyp1	News	NaN	-1.4479316473007202
1099	1100	en	twi	challenge_SSA-MTE	hyp1	News	NaN	-1.4479316473007202
1100	1101	en	twi	challenge_SSA-MTE	hyp1	News	NaN	-1.4479316473007202
1101	1102	en	twi	challenge_SSA-MTE	hyp1	News	NaN	-1.4479330778121948
1102	1103	en	twi	challenge_SSA-MTE	hyp1	News	NaN	-1.4479330778121948
1103	1104	en	twi	challenge_SSA-MTE	hyp1	News	NaN	-1.4479330778121948
1104	1105	en	twi	challenge_SSA-MTE	hyp1	News	NaN	-1.1713230609893799
1105	1106	en	twi	challenge_SSA-MTE	hyp1	News	NaN	-1.1713230609893799
1106	1107	en	twi	challenge_SSA-MTE	hyp1	News	NaN	-1.1713230609893799
1107	1108	en	twi	challenge_SSA-MTE	hyp1	News	NaN	-1.1713230609893799
1108	1109	en	twi	challenge_SSA-MTE	hyp1	News	NaN	-1.1713230609893799
1109	1110	en	twi	challenge_SSA-MTE	hyp1	News	NaN	-1.1713230609893799
1110	1111	en	twi	challenge_SSA-MTE	hyp1	News	NaN	-0.8225406408309937
1111	1112	en	twi	challenge_SSA-MTE	hyp1	News	NaN	-0.8225406408309937
1112	1113	en	twi	challenge_SSA-MTE	hyp1	News	NaN	-0.8225406408309937
1113	1114	en	twi	challenge_SSA-MTE	hyp1	News	NaN	-0.8225406408309937
1114	1115	en	twi	challenge_SSA-MTE	hyp1	News	NaN	-0.8225406408309937
1115	1116	en	twi	challenge_SSA-MTE	hyp1	News	NaN	-0.8225406408309937
1116	1117	en	twi	challenge_SSA-MTE	hyp1	News	NaN	-1.7260112762451172
1117	1118	en	twi	challenge_SSA-MTE	hyp1	News	NaN	-1.7260112762451172
1118	1119	en	twi	challenge_SSA-MTE	hyp1	News	NaN	-1.7260112762451172
1119	1120	en	twi	challenge_SSA-MTE	hyp1	News	NaN	-1.7260112762451172
1120	1121	en	twi	challenge_SSA-MTE	hyp1	News	NaN	-1.7260112762451172
1121	1122	en	twi	challenge_SSA-MTE	hyp1	News	NaN	-1.7260112762451172
1122	1123	en	twi	challenge_SSA-MTE	hyp1	News	NaN	-1.1849178075790405
1123	1124	en	twi	challenge_SSA-MTE	hyp1	News	NaN	-1.1849178075790405
1124	1125	en	twi	challenge_SSA-MTE	hyp1	News	NaN	-1.1849178075790405
1125	1126	en	twi	challenge_SSA-MTE	hyp1	News	NaN	-1.1849178075790405
1126	1127	en	twi	challenge_SSA-MTE	hyp1	News	NaN	-1.1849182844161987
1127	1128	en	twi	challenge_SSA-MTE	hyp1	News	NaN	-1.1849182844161987
1128	1129	en	twi	challenge_SSA-MTE	hyp1	News	NaN	-1.3894075155258179
1129	1130	en	twi	challenge_SSA-MTE	hyp1	News	NaN	-1.3894075155258179
1130	1131	en	twi	challenge_SSA-MTE	hyp1	News	NaN	-1.3894075155258179
1131	1132	en	twi	challenge_SSA-MTE	hyp1	News	NaN	-1.3894075155258179
1132	1133	en	twi	challenge_SSA-MTE	hyp1	News	NaN	-1.3894075155258179
1133	1134	en	twi	challenge_SSA-MTE	hyp1	News	NaN	-1.3894075155258179
1134	1135	en	twi	challenge_SSA-MTE	hyp1	News	NaN	-1.5157597064971924
1135	1136	en	twi	challenge_SSA-MTE	hyp1	News	NaN	-1.5157597064971924
1136	1137	en	twi	challenge_SSA-MTE	hyp1	News	NaN	-1.5157597064971924
1137	1138	en	twi	challenge_SSA-MTE	hyp1	News	NaN	-1.5157597064971924
1138	1139	en	twi	challenge_SSA-MTE	hyp1	News	NaN	-1.5157597064971924
1139	1140	en	twi	challenge_SSA-MTE	hyp1	News	NaN	-1.5157597064971924
1140	1141	en	twi	challenge_SSA-MTE	hyp1	News	NaN	-1.0845894813537598
1141	1142	en	twi	challenge_SSA-MTE	hyp1	News	NaN	-1.0845894813537598
1142	1143	en	twi	challenge_SSA-MTE	hyp1	News	NaN	-1.0845894813537598
1143	1144	en	twi	challenge_SSA-MTE	hyp1	News	NaN	-1.0845894813537598
1144	1145	en	twi	challenge_SSA-MTE	hyp1	News	NaN	-1.0845894813537598
1145	1146	en	twi	challenge_SSA-MTE	hyp1	News	NaN	-1.0845894813537598
1146	1147	en	twi	challenge_SSA-MTE	hyp1	News	NaN	-0.49245262145996094
1147	1148	en	twi	challenge_SSA-MTE	hyp1	News	NaN	-0.49245262145996094
1148	1149	en	twi	challenge_SSA-MTE	hyp1	News	NaN	-0.49245262145996094
1149	1150	en	twi	challenge_SSA-MTE	hyp1	News	NaN	-0.49245262145996094
1150	1151	en	twi	challenge_SSA-MTE	hyp1	News	NaN	-0.49245262145996094
1151	1152	en	twi	challenge_SSA-MTE	hyp1	News	NaN	-0.49245262145996094
1152	1153	en	twi	challenge_SSA-MTE	hyp1	News	NaN	-1.7025662660598755
1153	1154	en	twi	challenge_SSA-MTE	hyp1	News	NaN	-1.7025662660598755
1154	1155	en	twi	challenge_SSA-MTE	hyp1	News	NaN	-1.7025662660598755
1155	1156	en	twi	challenge_SSA-MTE	hyp1	News	NaN	-1.70256507396698
1156	1157	en	twi	challenge_SSA-MTE	hyp1	News	NaN	-1.7025662660598755
1157	1158	en	twi	challenge_SSA-MTE	hyp1	News	NaN	-1.7025662660598755
1158	1159	en	twi	challenge_SSA-MTE	hyp1	News	NaN	-0.1757229119539261
1159	1160	en	twi	challenge_SSA-MTE	hyp1	News	NaN	-0.1757229119539261
1160	1161	en	twi	challenge_SSA-MTE	hyp1	News	NaN	-0.1757229119539261
1161	1162	en	twi	challenge_SSA-MTE	hyp1	News	NaN	-0.1757229119539261
1162	1163	en	twi	challenge_SSA-MTE	hyp1	News	NaN	-0.1757229119539261
1163	1164	en	twi	challenge_SSA-MTE	hyp1	News	NaN	-0.1757229119539261
1164	1165	en	twi	challenge_SSA-MTE	hyp1	News	NaN	-1.041785717010498
1165	1166	en	twi	challenge_SSA-MTE	hyp1	News	NaN	-1.041785717010498
1166	1167	en	twi	challenge_SSA-MTE	hyp1	News	NaN	-1.041785717010498
1167	1168	en	twi	challenge_SSA-MTE	hyp1	News	NaN	-1.041785717010498
1168	1169	en	twi	challenge_SSA-MTE	hyp1	News	NaN	-1.041785717010498
1169	1170	en	twi	challenge_SSA-MTE	hyp1	News	NaN	-1.041785717010498
1170	1171	en	twi	challenge_SSA-MTE	hyp1	News	NaN	-1.2077304124832153
1171	1172	en	twi	challenge_SSA-MTE	hyp1	News	NaN	-1.2077304124832153
1172	1173	en	twi	challenge_SSA-MTE	hyp1	News	NaN	-1.2077304124832153
1173	1174	en	twi	challenge_SSA-MTE	hyp1	News	NaN	-1.2077304124832153
1174	1175	en	twi	challenge_SSA-MTE	hyp1	News	NaN	-1.207729458808899
1175	1176	en	twi	challenge_SSA-MTE	hyp1	News	NaN	-1.207729458808899
1176	1177	en	twi	challenge_SSA-MTE	hyp1	News	NaN	-0.9385269284248352
1177	1178	en	twi	challenge_SSA-MTE	hyp1	News	NaN	-0.9385269284248352
1178	1179	en	twi	challenge_SSA-MTE	hyp1	News	NaN	-0.9385269284248352
1179	1180	en	twi	challenge_SSA-MTE	hyp1	News	NaN	-0.9385269284248352
1180	1181	en	twi	challenge_SSA-MTE	hyp1	News	NaN	-0.9385269284248352
1181	1182	en	twi	challenge_SSA-MTE	hyp1	News	NaN	-0.9385269284248352
1182	1183	en	twi	challenge_SSA-MTE	hyp1	News	NaN	-1.2978936433792114
1183	1184	en	twi	challenge_SSA-MTE	hyp1	News	NaN	-1.2978936433792114
1184	1185	en	twi	challenge_SSA-MTE	hyp1	News	NaN	-1.2978936433792114
1185	1186	en	twi	challenge_SSA-MTE	hyp1	News	NaN	-1.2978936433792114
1186	1187	en	twi	challenge_SSA-MTE	hyp1	News	NaN	-1.2978936433792114
1187	1188	en	twi	challenge_SSA-MTE	hyp1	News	NaN	-1.2978936433792114
1188	1189	en	twi	challenge_SSA-MTE	hyp1	News	NaN	-1.5169867277145386
1189	1190	en	twi	challenge_SSA-MTE	hyp1	News	NaN	-1.5169867277145386
1190	1191	en	twi	challenge_SSA-MTE	hyp1	News	NaN	-1.5169867277145386
1191	1192	en	twi	challenge_SSA-MTE	hyp1	News	NaN	-1.5169867277145386
1192	1193	en	twi	challenge_SSA-MTE	hyp1	News	NaN	-1.5169867277145386
1193	1194	en	twi	challenge_SSA-MTE	hyp1	News	NaN	-1.5169867277145386
1194	1195	en	twi	challenge_SSA-MTE	hyp1	News	NaN	-1.4441081285476685
1195	1196	en	twi	challenge_SSA-MTE	hyp1	News	NaN	-1.4441081285476685
1196	1197	en	twi	challenge_SSA-MTE	hyp1	News	NaN	-1.4441081285476685
1197	1198	en	twi	challenge_SSA-MTE	hyp1	News	NaN	-1.4441081285476685
1198	1199	en	twi	challenge_SSA-MTE	hyp1	News	NaN	-1.4441081285476685
1199	1200	en	twi	challenge_SSA-MTE	hyp1	News	NaN	-1.4441081285476685
0	1	en	yor	challenge_SSA-MTE	hyp1	News	NaN	-0.4411577582359314
1	2	en	yor	challenge_SSA-MTE	hyp1	News	NaN	-0.4411577582359314
2	3	en	yor	challenge_SSA-MTE	hyp1	News	NaN	-0.4411577582359314
3	4	en	yor	challenge_SSA-MTE	hyp1	News	NaN	-0.4411577582359314
4	5	en	yor	challenge_SSA-MTE	hyp1	News	NaN	-0.4411577582359314
5	6	en	yor	challenge_SSA-MTE	hyp1	News	NaN	-0.4411577582359314
6	7	en	yor	challenge_SSA-MTE	hyp1	News	NaN	-0.6226574778556824
7	8	en	yor	challenge_SSA-MTE	hyp1	News	NaN	-0.6226574778556824
8	9	en	yor	challenge_SSA-MTE	hyp1	News	NaN	-0.6226574778556824
9	10	en	yor	challenge_SSA-MTE	hyp1	News	NaN	-0.6226574778556824
10	11	en	yor	challenge_SSA-MTE	hyp1	News	NaN	-0.6226574778556824
11	12	en	yor	challenge_SSA-MTE	hyp1	News	NaN	-1.2730356454849243
12	13	en	yor	challenge_SSA-MTE	hyp1	News	NaN	-1.2730356454849243
13	14	en	yor	challenge_SSA-MTE	hyp1	News	NaN	-1.2730356454849243
14	15	en	yor	challenge_SSA-MTE	hyp1	News	NaN	-1.2730356454849243
15	16	en	yor	challenge_SSA-MTE	hyp1	News	NaN	-1.2730356454849243
16	17	en	yor	challenge_SSA-MTE	hyp1	News	NaN	-1.2730356454849243
17	18	en	yor	challenge_SSA-MTE	hyp1	News	NaN	-0.29876023530960083
18	19	en	yor	challenge_SSA-MTE	hyp1	News	NaN	-0.29876023530960083
19	20	en	yor	challenge_SSA-MTE	hyp1	News	NaN	-0.29876023530960083
20	21	en	yor	challenge_SSA-MTE	hyp1	News	NaN	-0.29876023530960083
21	22	en	yor	challenge_SSA-MTE	hyp1	News	NaN	-0.29876023530960083
22	23	en	yor	challenge_SSA-MTE	hyp1	News	NaN	-0.29876023530960083
23	24	en	yor	challenge_SSA-MTE	hyp1	News	NaN	-0.8327162265777588
24	25	en	yor	challenge_SSA-MTE	hyp1	News	NaN	-0.8327162265777588
25	26	en	yor	challenge_SSA-MTE	hyp1	News	NaN	-0.8327162265777588
26	27	en	yor	challenge_SSA-MTE	hyp1	News	NaN	-0.8327162265777588
27	28	en	yor	challenge_SSA-MTE	hyp1	News	NaN	-0.8327162265777588
28	29	en	yor	challenge_SSA-MTE	hyp1	News	NaN	-0.8327162265777588
29	30	en	yor	challenge_SSA-MTE	hyp1	News	NaN	-0.5347045063972473
30	31	en	yor	challenge_SSA-MTE	hyp1	News	NaN	-0.5347045063972473
31	32	en	yor	challenge_SSA-MTE	hyp1	News	NaN	-0.5347045063972473
32	33	en	yor	challenge_SSA-MTE	hyp1	News	NaN	-0.5347045063972473
33	34	en	yor	challenge_SSA-MTE	hyp1	News	NaN	-0.5347045063972473
34	35	en	yor	challenge_SSA-MTE	hyp1	News	NaN	0.5671842098236084
35	36	en	yor	challenge_SSA-MTE	hyp1	News	NaN	0.5671842098236084
36	37	en	yor	challenge_SSA-MTE	hyp1	News	NaN	0.5671842098236084
37	38	en	yor	challenge_SSA-MTE	hyp1	News	NaN	0.5671842098236084
38	39	en	yor	challenge_SSA-MTE	hyp1	News	NaN	0.5671842098236084
39	40	en	yor	challenge_SSA-MTE	hyp1	News	NaN	-1.4418367147445679
40	41	en	yor	challenge_SSA-MTE	hyp1	News	NaN	-1.4418367147445679
41	42	en	yor	challenge_SSA-MTE	hyp1	News	NaN	-1.4418367147445679
42	43	en	yor	challenge_SSA-MTE	hyp1	News	NaN	-1.4418367147445679
43	44	en	yor	challenge_SSA-MTE	hyp1	News	NaN	-1.4418367147445679
44	45	en	yor	challenge_SSA-MTE	hyp1	News	NaN	-1.4418367147445679
45	46	en	yor	challenge_SSA-MTE	hyp1	News	NaN	-0.6319169402122498
46	47	en	yor	challenge_SSA-MTE	hyp1	News	NaN	-0.6319169402122498
47	48	en	yor	challenge_SSA-MTE	hyp1	News	NaN	-0.6319169402122498
48	49	en	yor	challenge_SSA-MTE	hyp1	News	NaN	-0.6319169402122498
49	50	en	yor	challenge_SSA-MTE	hyp1	News	NaN	-0.6319169402122498
50	51	en	yor	challenge_SSA-MTE	hyp1	News	NaN	-0.6319169402122498
51	52	en	yor	challenge_SSA-MTE	hyp1	News	NaN	-1.285194754600525
52	53	en	yor	challenge_SSA-MTE	hyp1	News	NaN	-1.285194754600525
53	54	en	yor	challenge_SSA-MTE	hyp1	News	NaN	-1.285194754600525
54	55	en	yor	challenge_SSA-MTE	hyp1	News	NaN	-1.285194754600525
55	56	en	yor	challenge_SSA-MTE	hyp1	News	NaN	-1.285194754600525
56	57	en	yor	challenge_SSA-MTE	hyp1	News	NaN	-1.285194754600525
57	58	en	yor	challenge_SSA-MTE	hyp1	News	NaN	-0.1920986920595169
58	59	en	yor	challenge_SSA-MTE	hyp1	News	NaN	-0.1920986920595169
59	60	en	yor	challenge_SSA-MTE	hyp1	News	NaN	-0.1920986920595169
60	61	en	yor	challenge_SSA-MTE	hyp1	News	NaN	-0.1920986920595169
61	62	en	yor	challenge_SSA-MTE	hyp1	News	NaN	-0.1920986920595169
62	63	en	yor	challenge_SSA-MTE	hyp1	News	NaN	-0.1920986920595169
63	64	en	yor	challenge_SSA-MTE	hyp1	News	NaN	-1.1682170629501343
64	65	en	yor	challenge_SSA-MTE	hyp1	News	NaN	-1.1682170629501343
65	66	en	yor	challenge_SSA-MTE	hyp1	News	NaN	-1.1682170629501343
66	67	en	yor	challenge_SSA-MTE	hyp1	News	NaN	-1.1682170629501343
67	68	en	yor	challenge_SSA-MTE	hyp1	News	NaN	-1.1682170629501343
68	69	en	yor	challenge_SSA-MTE	hyp1	News	NaN	-0.3166923522949219
69	70	en	yor	challenge_SSA-MTE	hyp1	News	NaN	-0.3166923522949219
70	71	en	yor	challenge_SSA-MTE	hyp1	News	NaN	-0.3166923522949219
71	72	en	yor	challenge_SSA-MTE	hyp1	News	NaN	-0.3166923522949219
72	73	en	yor	challenge_SSA-MTE	hyp1	News	NaN	-0.3166923522949219
73	74	en	yor	challenge_SSA-MTE	hyp1	News	NaN	-0.3166923522949219
74	75	en	yor	challenge_SSA-MTE	hyp1	News	NaN	-0.6857591271400452
75	76	en	yor	challenge_SSA-MTE	hyp1	News	NaN	-0.6857591271400452
76	77	en	yor	challenge_SSA-MTE	hyp1	News	NaN	-0.6857591271400452
77	78	en	yor	challenge_SSA-MTE	hyp1	News	NaN	-0.6857591271400452
78	79	en	yor	challenge_SSA-MTE	hyp1	News	NaN	-0.6857591271400452
79	80	en	yor	challenge_SSA-MTE	hyp1	News	NaN	-0.6857591271400452
80	81	en	yor	challenge_SSA-MTE	hyp1	News	NaN	-0.15177777409553528
81	82	en	yor	challenge_SSA-MTE	hyp1	News	NaN	-0.15177777409553528
82	83	en	yor	challenge_SSA-MTE	hyp1	News	NaN	-0.15177777409553528
83	84	en	yor	challenge_SSA-MTE	hyp1	News	NaN	-0.15177777409553528
84	85	en	yor	challenge_SSA-MTE	hyp1	News	NaN	-0.15177777409553528
85	86	en	yor	challenge_SSA-MTE	hyp1	News	NaN	-0.15177777409553528
86	87	en	yor	challenge_SSA-MTE	hyp1	News	NaN	-2.0131566524505615
87	88	en	yor	challenge_SSA-MTE	hyp1	News	NaN	-2.0131566524505615
88	89	en	yor	challenge_SSA-MTE	hyp1	News	NaN	-2.0131566524505615
89	90	en	yor	challenge_SSA-MTE	hyp1	News	NaN	-2.0131566524505615
90	91	en	yor	challenge_SSA-MTE	hyp1	News	NaN	-2.0131566524505615
91	92	en	yor	challenge_SSA-MTE	hyp1	News	NaN	-1.1050902605056763
92	93	en	yor	challenge_SSA-MTE	hyp1	News	NaN	-1.1050902605056763
93	94	en	yor	challenge_SSA-MTE	hyp1	News	NaN	-1.1050902605056763
94	95	en	yor	challenge_SSA-MTE	hyp1	News	NaN	-1.1050902605056763
95	96	en	yor	challenge_SSA-MTE	hyp1	News	NaN	-1.1050902605056763
96	97	en	yor	challenge_SSA-MTE	hyp1	News	NaN	-1.1050902605056763
97	98	en	yor	challenge_SSA-MTE	hyp1	News	NaN	-0.6356246471405029
98	99	en	yor	challenge_SSA-MTE	hyp1	News	NaN	-0.6356246471405029
99	100	en	yor	challenge_SSA-MTE	hyp1	News	NaN	-0.6356246471405029
100	101	en	yor	challenge_SSA-MTE	hyp1	News	NaN	-0.6356246471405029
101	102	en	yor	challenge_SSA-MTE	hyp1	News	NaN	-0.6356246471405029
102	103	en	yor	challenge_SSA-MTE	hyp1	News	NaN	-0.6356246471405029
103	104	en	yor	challenge_SSA-MTE	hyp1	News	NaN	-1.1687968969345093
104	105	en	yor	challenge_SSA-MTE	hyp1	News	NaN	-1.1687968969345093
105	106	en	yor	challenge_SSA-MTE	hyp1	News	NaN	-1.1687968969345093
106	107	en	yor	challenge_SSA-MTE	hyp1	News	NaN	-1.1687968969345093
107	108	en	yor	challenge_SSA-MTE	hyp1	News	NaN	-1.1687968969345093
108	109	en	yor	challenge_SSA-MTE	hyp1	News	NaN	-1.1687968969345093
109	110	en	yor	challenge_SSA-MTE	hyp1	News	NaN	-0.15801727771759033
110	111	en	yor	challenge_SSA-MTE	hyp1	News	NaN	-0.15801727771759033
111	112	en	yor	challenge_SSA-MTE	hyp1	News	NaN	-0.15801727771759033
112	113	en	yor	challenge_SSA-MTE	hyp1	News	NaN	-0.15801727771759033
113	114	en	yor	challenge_SSA-MTE	hyp1	News	NaN	-0.15801727771759033
114	115	en	yor	challenge_SSA-MTE	hyp1	News	NaN	-0.09962347894906998
115	116	en	yor	challenge_SSA-MTE	hyp1	News	NaN	-0.09962347894906998
116	117	en	yor	challenge_SSA-MTE	hyp1	News	NaN	-0.09962347894906998
117	118	en	yor	challenge_SSA-MTE	hyp1	News	NaN	-0.09962471574544907
118	119	en	yor	challenge_SSA-MTE	hyp1	News	NaN	-1.2505744695663452
119	120	en	yor	challenge_SSA-MTE	hyp1	News	NaN	-1.2505744695663452
120	121	en	yor	challenge_SSA-MTE	hyp1	News	NaN	-1.250575065612793
121	122	en	yor	challenge_SSA-MTE	hyp1	News	NaN	-1.250575065612793
122	123	en	yor	challenge_SSA-MTE	hyp1	News	NaN	-1.250575065612793
123	124	en	yor	challenge_SSA-MTE	hyp1	News	NaN	-1.250575065612793
124	125	en	yor	challenge_SSA-MTE	hyp1	News	NaN	-1.430871605873108
125	126	en	yor	challenge_SSA-MTE	hyp1	News	NaN	-1.430871605873108
126	127	en	yor	challenge_SSA-MTE	hyp1	News	NaN	-1.430871605873108
127	128	en	yor	challenge_SSA-MTE	hyp1	News	NaN	-1.430871605873108
128	129	en	yor	challenge_SSA-MTE	hyp1	News	NaN	-1.430871605873108
129	130	en	yor	challenge_SSA-MTE	hyp1	News	NaN	-1.430871605873108
130	131	en	yor	challenge_SSA-MTE	hyp1	News	NaN	-0.9154335856437683
131	132	en	yor	challenge_SSA-MTE	hyp1	News	NaN	-0.9154335856437683
132	133	en	yor	challenge_SSA-MTE	hyp1	News	NaN	-0.9154335856437683
133	134	en	yor	challenge_SSA-MTE	hyp1	News	NaN	-0.9154335856437683
134	135	en	yor	challenge_SSA-MTE	hyp1	News	NaN	-0.9154335856437683
135	136	en	yor	challenge_SSA-MTE	hyp1	News	NaN	-0.9154335856437683
136	137	en	yor	challenge_SSA-MTE	hyp1	News	NaN	-1.5474175214767456
137	138	en	yor	challenge_SSA-MTE	hyp1	News	NaN	-1.5474175214767456
138	139	en	yor	challenge_SSA-MTE	hyp1	News	NaN	-1.5474175214767456
139	140	en	yor	challenge_SSA-MTE	hyp1	News	NaN	-1.5474175214767456
140	141	en	yor	challenge_SSA-MTE	hyp1	News	NaN	-1.5474175214767456
141	142	en	yor	challenge_SSA-MTE	hyp1	News	NaN	-1.5474175214767456
142	143	en	yor	challenge_SSA-MTE	hyp1	News	NaN	-0.9807045459747314
143	144	en	yor	challenge_SSA-MTE	hyp1	News	NaN	-0.9807045459747314
144	145	en	yor	challenge_SSA-MTE	hyp1	News	NaN	-0.9807045459747314
145	146	en	yor	challenge_SSA-MTE	hyp1	News	NaN	-0.9807045459747314
146	147	en	yor	challenge_SSA-MTE	hyp1	News	NaN	-0.9807045459747314
147	148	en	yor	challenge_SSA-MTE	hyp1	News	NaN	-0.9807045459747314
148	149	en	yor	challenge_SSA-MTE	hyp1	News	NaN	-1.2157964706420898
149	150	en	yor	challenge_SSA-MTE	hyp1	News	NaN	-1.2157964706420898
150	151	en	yor	challenge_SSA-MTE	hyp1	News	NaN	-1.2157964706420898
151	152	en	yor	challenge_SSA-MTE	hyp1	News	NaN	-1.2157964706420898
152	153	en	yor	challenge_SSA-MTE	hyp1	News	NaN	-1.2157964706420898
153	154	en	yor	challenge_SSA-MTE	hyp1	News	NaN	-1.2157964706420898
154	155	en	yor	challenge_SSA-MTE	hyp1	News	NaN	0.11054287105798721
155	156	en	yor	challenge_SSA-MTE	hyp1	News	NaN	0.11054287105798721
156	157	en	yor	challenge_SSA-MTE	hyp1	News	NaN	0.11054287105798721
157	158	en	yor	challenge_SSA-MTE	hyp1	News	NaN	0.11054287105798721
158	159	en	yor	challenge_SSA-MTE	hyp1	News	NaN	-1.212541937828064
159	160	en	yor	challenge_SSA-MTE	hyp1	News	NaN	-1.212541937828064
160	161	en	yor	challenge_SSA-MTE	hyp1	News	NaN	-1.212541937828064
161	162	en	yor	challenge_SSA-MTE	hyp1	News	NaN	-1.212541937828064
162	163	en	yor	challenge_SSA-MTE	hyp1	News	NaN	-1.212541937828064
163	164	en	yor	challenge_SSA-MTE	hyp1	News	NaN	-1.212541937828064
164	165	en	yor	challenge_SSA-MTE	hyp1	News	NaN	-1.4491404294967651
165	166	en	yor	challenge_SSA-MTE	hyp1	News	NaN	-1.4491404294967651
166	167	en	yor	challenge_SSA-MTE	hyp1	News	NaN	-1.4491404294967651
167	168	en	yor	challenge_SSA-MTE	hyp1	News	NaN	-1.4491404294967651
168	169	en	yor	challenge_SSA-MTE	hyp1	News	NaN	-1.4491404294967651
169	170	en	yor	challenge_SSA-MTE	hyp1	News	NaN	-1.4491404294967651
170	171	en	yor	challenge_SSA-MTE	hyp1	News	NaN	-1.1091974973678589
171	172	en	yor	challenge_SSA-MTE	hyp1	News	NaN	-1.1091974973678589
172	173	en	yor	challenge_SSA-MTE	hyp1	News	NaN	-1.1091974973678589
173	174	en	yor	challenge_SSA-MTE	hyp1	News	NaN	-1.1091974973678589
174	175	en	yor	challenge_SSA-MTE	hyp1	News	NaN	-1.1091974973678589
175	176	en	yor	challenge_SSA-MTE	hyp1	News	NaN	-1.1091974973678589
176	177	en	yor	challenge_SSA-MTE	hyp1	News	NaN	-1.45819890499115
177	178	en	yor	challenge_SSA-MTE	hyp1	News	NaN	-1.45819890499115
178	179	en	yor	challenge_SSA-MTE	hyp1	News	NaN	-1.45819890499115
179	180	en	yor	challenge_SSA-MTE	hyp1	News	NaN	-1.45819890499115
180	181	en	yor	challenge_SSA-MTE	hyp1	News	NaN	-1.45819890499115
181	182	en	yor	challenge_SSA-MTE	hyp1	News	NaN	-1.45819890499115
182	183	en	yor	challenge_SSA-MTE	hyp1	News	NaN	-1.2999331951141357
183	184	en	yor	challenge_SSA-MTE	hyp1	News	NaN	-1.2999331951141357
184	185	en	yor	challenge_SSA-MTE	hyp1	News	NaN	-1.2999331951141357
185	186	en	yor	challenge_SSA-MTE	hyp1	News	NaN	-1.2999331951141357
186	187	en	yor	challenge_SSA-MTE	hyp1	News	NaN	-1.2999331951141357
187	188	en	yor	challenge_SSA-MTE	hyp1	News	NaN	-1.2999331951141357
188	189	en	yor	challenge_SSA-MTE	hyp1	News	NaN	-1.1133626699447632
189	190	en	yor	challenge_SSA-MTE	hyp1	News	NaN	-1.1133626699447632
190	191	en	yor	challenge_SSA-MTE	hyp1	News	NaN	-1.1133626699447632
191	192	en	yor	challenge_SSA-MTE	hyp1	News	NaN	-1.1133626699447632
192	193	en	yor	challenge_SSA-MTE	hyp1	News	NaN	-1.1133626699447632
193	194	en	yor	challenge_SSA-MTE	hyp1	News	NaN	-1.1133626699447632
194	195	en	yor	challenge_SSA-MTE	hyp1	News	NaN	-0.8151838779449463
195	196	en	yor	challenge_SSA-MTE	hyp1	News	NaN	-0.8151838779449463
196	197	en	yor	challenge_SSA-MTE	hyp1	News	NaN	-0.8151838779449463
197	198	en	yor	challenge_SSA-MTE	hyp1	News	NaN	-0.8151838779449463
198	199	en	yor	challenge_SSA-MTE	hyp1	News	NaN	-0.8151838779449463
199	200	en	yor	challenge_SSA-MTE	hyp1	News	NaN	-0.8151838779449463
200	201	en	yor	challenge_SSA-MTE	hyp1	News	NaN	-1.922897219657898
201	202	en	yor	challenge_SSA-MTE	hyp1	News	NaN	-1.922898530960083
202	203	en	yor	challenge_SSA-MTE	hyp1	News	NaN	-1.922897219657898
203	204	en	yor	challenge_SSA-MTE	hyp1	News	NaN	-1.922898530960083
204	205	en	yor	challenge_SSA-MTE	hyp1	News	NaN	-1.922898530960083
205	206	en	yor	challenge_SSA-MTE	hyp1	News	NaN	-1.922897219657898
206	207	en	yor	challenge_SSA-MTE	hyp1	News	NaN	-1.3801902532577515
207	208	en	yor	challenge_SSA-MTE	hyp1	News	NaN	-1.3801902532577515
208	209	en	yor	challenge_SSA-MTE	hyp1	News	NaN	-1.3801876306533813
209	210	en	yor	challenge_SSA-MTE	hyp1	News	NaN	-1.3801876306533813
210	211	en	yor	challenge_SSA-MTE	hyp1	News	NaN	-1.3801902532577515
211	212	en	yor	challenge_SSA-MTE	hyp1	News	NaN	-1.3801902532577515
212	213	en	yor	challenge_SSA-MTE	hyp1	News	NaN	-1.1836377382278442
213	214	en	yor	challenge_SSA-MTE	hyp1	News	NaN	-1.1836377382278442
214	215	en	yor	challenge_SSA-MTE	hyp1	News	NaN	-1.1836367845535278
215	216	en	yor	challenge_SSA-MTE	hyp1	News	NaN	-1.1836367845535278
216	217	en	yor	challenge_SSA-MTE	hyp1	News	NaN	-1.1836377382278442
217	218	en	yor	challenge_SSA-MTE	hyp1	News	NaN	-1.1836377382278442
218	219	en	yor	challenge_SSA-MTE	hyp1	News	NaN	-1.7848387956619263
219	220	en	yor	challenge_SSA-MTE	hyp1	News	NaN	-1.7848387956619263
220	221	en	yor	challenge_SSA-MTE	hyp1	News	NaN	-1.7848387956619263
221	222	en	yor	challenge_SSA-MTE	hyp1	News	NaN	-1.7848387956619263
222	223	en	yor	challenge_SSA-MTE	hyp1	News	NaN	-1.7848390340805054
223	224	en	yor	challenge_SSA-MTE	hyp1	News	NaN	-1.7848390340805054
224	225	en	yor	challenge_SSA-MTE	hyp1	News	NaN	-0.875328779220581
225	226	en	yor	challenge_SSA-MTE	hyp1	News	NaN	-0.875328779220581
226	227	en	yor	challenge_SSA-MTE	hyp1	News	NaN	-0.875328779220581
227	228	en	yor	challenge_SSA-MTE	hyp1	News	NaN	-0.875328779220581
228	229	en	yor	challenge_SSA-MTE	hyp1	News	NaN	-0.875328779220581
229	230	en	yor	challenge_SSA-MTE	hyp1	News	NaN	-0.875328779220581
230	231	en	yor	challenge_SSA-MTE	hyp1	News	NaN	-0.03047729842364788
231	232	en	yor	challenge_SSA-MTE	hyp1	News	NaN	-0.030476227402687073
232	233	en	yor	challenge_SSA-MTE	hyp1	News	NaN	-0.03047729842364788
233	234	en	yor	challenge_SSA-MTE	hyp1	News	NaN	-0.030476227402687073
234	235	en	yor	challenge_SSA-MTE	hyp1	News	NaN	-0.03047729842364788
235	236	en	yor	challenge_SSA-MTE	hyp1	News	NaN	-0.03047729842364788
236	237	en	yor	challenge_SSA-MTE	hyp1	News	NaN	-1.788270115852356
237	238	en	yor	challenge_SSA-MTE	hyp1	News	NaN	-1.788270115852356
238	239	en	yor	challenge_SSA-MTE	hyp1	News	NaN	-1.788270115852356
239	240	en	yor	challenge_SSA-MTE	hyp1	News	NaN	-1.788270115852356
240	241	en	yor	challenge_SSA-MTE	hyp1	News	NaN	-1.7882699966430664
241	242	en	yor	challenge_SSA-MTE	hyp1	News	NaN	-1.7882699966430664
242	243	en	yor	challenge_SSA-MTE	hyp1	News	NaN	-1.2134603261947632
243	244	en	yor	challenge_SSA-MTE	hyp1	News	NaN	-1.2134603261947632
244	245	en	yor	challenge_SSA-MTE	hyp1	News	NaN	-1.2134603261947632
245	246	en	yor	challenge_SSA-MTE	hyp1	News	NaN	-1.2134603261947632
246	247	en	yor	challenge_SSA-MTE	hyp1	News	NaN	-1.2134603261947632
247	248	en	yor	challenge_SSA-MTE	hyp1	News	NaN	-1.2134603261947632
248	249	en	yor	challenge_SSA-MTE	hyp1	News	NaN	-1.28331458568573
249	250	en	yor	challenge_SSA-MTE	hyp1	News	NaN	-1.28331458568573
250	251	en	yor	challenge_SSA-MTE	hyp1	News	NaN	-1.28331458568573
251	252	en	yor	challenge_SSA-MTE	hyp1	News	NaN	-1.28331458568573
252	253	en	yor	challenge_SSA-MTE	hyp1	News	NaN	-1.28331458568573
253	254	en	yor	challenge_SSA-MTE	hyp1	News	NaN	-1.28331458568573
254	255	en	yor	challenge_SSA-MTE	hyp1	News	NaN	-1.7960336208343506
255	256	en	yor	challenge_SSA-MTE	hyp1	News	NaN	-1.7960336208343506
256	257	en	yor	challenge_SSA-MTE	hyp1	News	NaN	-1.7960336208343506
257	258	en	yor	challenge_SSA-MTE	hyp1	News	NaN	-1.7960336208343506
258	259	en	yor	challenge_SSA-MTE	hyp1	News	NaN	-1.7960339784622192
259	260	en	yor	challenge_SSA-MTE	hyp1	News	NaN	-1.7960339784622192
260	261	en	yor	challenge_SSA-MTE	hyp1	News	NaN	-1.6737087965011597
261	262	en	yor	challenge_SSA-MTE	hyp1	News	NaN	-1.6737087965011597
262	263	en	yor	challenge_SSA-MTE	hyp1	News	NaN	-1.6737087965011597
263	264	en	yor	challenge_SSA-MTE	hyp1	News	NaN	-1.6737087965011597
264	265	en	yor	challenge_SSA-MTE	hyp1	News	NaN	-1.6737087965011597
265	266	en	yor	challenge_SSA-MTE	hyp1	News	NaN	-1.6737083196640015
266	267	en	yor	challenge_SSA-MTE	hyp1	News	NaN	-1.048257827758789
267	268	en	yor	challenge_SSA-MTE	hyp1	News	NaN	-1.048257827758789
268	269	en	yor	challenge_SSA-MTE	hyp1	News	NaN	-1.048257827758789
269	270	en	yor	challenge_SSA-MTE	hyp1	News	NaN	-1.048257827758789
270	271	en	yor	challenge_SSA-MTE	hyp1	News	NaN	-1.048257827758789
271	272	en	yor	challenge_SSA-MTE	hyp1	News	NaN	-1.048257827758789
272	273	en	yor	challenge_SSA-MTE	hyp1	News	NaN	-0.9367745518684387
273	274	en	yor	challenge_SSA-MTE	hyp1	News	NaN	-0.9367713332176208
274	275	en	yor	challenge_SSA-MTE	hyp1	News	NaN	-0.9367713332176208
275	276	en	yor	challenge_SSA-MTE	hyp1	News	NaN	-0.9367713332176208
276	277	en	yor	challenge_SSA-MTE	hyp1	News	NaN	-0.9367713332176208
277	278	en	yor	challenge_SSA-MTE	hyp1	News	NaN	-0.9367713332176208
278	279	en	yor	challenge_SSA-MTE	hyp1	News	NaN	-1.6179331541061401
279	280	en	yor	challenge_SSA-MTE	hyp1	News	NaN	-1.6179331541061401
280	281	en	yor	challenge_SSA-MTE	hyp1	News	NaN	-1.6179331541061401
281	282	en	yor	challenge_SSA-MTE	hyp1	News	NaN	-1.6179331541061401
282	283	en	yor	challenge_SSA-MTE	hyp1	News	NaN	-1.6179343461990356
283	284	en	yor	challenge_SSA-MTE	hyp1	News	NaN	-1.6179331541061401
284	285	en	yor	challenge_SSA-MTE	hyp1	News	NaN	-1.7955929040908813
285	286	en	yor	challenge_SSA-MTE	hyp1	News	NaN	-1.7955929040908813
286	287	en	yor	challenge_SSA-MTE	hyp1	News	NaN	-1.7955929040908813
287	288	en	yor	challenge_SSA-MTE	hyp1	News	NaN	-1.7955929040908813
288	289	en	yor	challenge_SSA-MTE	hyp1	News	NaN	-1.7955929040908813
289	290	en	yor	challenge_SSA-MTE	hyp1	News	NaN	-1.7955929040908813
290	291	en	yor	challenge_SSA-MTE	hyp1	News	NaN	-0.8132400512695312
291	292	en	yor	challenge_SSA-MTE	hyp1	News	NaN	-0.8132400512695312
292	293	en	yor	challenge_SSA-MTE	hyp1	News	NaN	-0.8132400512695312
293	294	en	yor	challenge_SSA-MTE	hyp1	News	NaN	-0.8132400512695312
294	295	en	yor	challenge_SSA-MTE	hyp1	News	NaN	-0.8132400512695312
295	296	en	yor	challenge_SSA-MTE	hyp1	News	NaN	-0.5037636756896973
296	297	en	yor	challenge_SSA-MTE	hyp1	News	NaN	-0.5037636756896973
297	298	en	yor	challenge_SSA-MTE	hyp1	News	NaN	-0.5037636756896973
298	299	en	yor	challenge_SSA-MTE	hyp1	News	NaN	-0.5037636756896973
299	300	en	yor	challenge_SSA-MTE	hyp1	News	NaN	-0.5037636756896973
300	301	en	yor	challenge_SSA-MTE	hyp1	News	NaN	-0.5037636756896973
301	302	en	yor	challenge_SSA-MTE	hyp1	News	NaN	-1.2896581888198853
302	303	en	yor	challenge_SSA-MTE	hyp1	News	NaN	-1.2896581888198853
303	304	en	yor	challenge_SSA-MTE	hyp1	News	NaN	-1.2896581888198853
304	305	en	yor	challenge_SSA-MTE	hyp1	News	NaN	-1.289659857749939
305	306	en	yor	challenge_SSA-MTE	hyp1	News	NaN	-1.2896581888198853
306	307	en	yor	challenge_SSA-MTE	hyp1	News	NaN	-1.2896581888198853
307	308	en	yor	challenge_SSA-MTE	hyp1	News	NaN	-1.7798272371292114
308	309	en	yor	challenge_SSA-MTE	hyp1	News	NaN	-1.7798272371292114
309	310	en	yor	challenge_SSA-MTE	hyp1	News	NaN	-1.7798272371292114
310	311	en	yor	challenge_SSA-MTE	hyp1	News	NaN	-1.7798272371292114
311	312	en	yor	challenge_SSA-MTE	hyp1	News	NaN	-1.7798272371292114
312	313	en	yor	challenge_SSA-MTE	hyp1	News	NaN	-1.7798272371292114
313	314	en	yor	challenge_SSA-MTE	hyp1	News	NaN	-1.1540049314498901
314	315	en	yor	challenge_SSA-MTE	hyp1	News	NaN	-1.154004693031311
315	316	en	yor	challenge_SSA-MTE	hyp1	News	NaN	-1.154004693031311
316	317	en	yor	challenge_SSA-MTE	hyp1	News	NaN	-1.154004693031311
317	318	en	yor	challenge_SSA-MTE	hyp1	News	NaN	-1.154004693031311
318	319	en	yor	challenge_SSA-MTE	hyp1	News	NaN	-1.154004693031311
319	320	en	yor	challenge_SSA-MTE	hyp1	News	NaN	-1.9664870500564575
320	321	en	yor	challenge_SSA-MTE	hyp1	News	NaN	-1.9664870500564575
321	322	en	yor	challenge_SSA-MTE	hyp1	News	NaN	-1.9664870500564575
322	323	en	yor	challenge_SSA-MTE	hyp1	News	NaN	-1.9664870500564575
323	324	en	yor	challenge_SSA-MTE	hyp1	News	NaN	-1.9664870500564575
324	325	en	yor	challenge_SSA-MTE	hyp1	News	NaN	-1.9664870500564575
325	326	en	yor	challenge_SSA-MTE	hyp1	News	NaN	-2.0545871257781982
326	327	en	yor	challenge_SSA-MTE	hyp1	News	NaN	-2.0545871257781982
327	328	en	yor	challenge_SSA-MTE	hyp1	News	NaN	-2.0545871257781982
328	329	en	yor	challenge_SSA-MTE	hyp1	News	NaN	-2.0545871257781982
329	330	en	yor	challenge_SSA-MTE	hyp1	News	NaN	-2.0545871257781982
330	331	en	yor	challenge_SSA-MTE	hyp1	News	NaN	-2.0545871257781982
331	332	en	yor	challenge_SSA-MTE	hyp1	News	NaN	-1.8636785745620728
332	333	en	yor	challenge_SSA-MTE	hyp1	News	NaN	-1.8636785745620728
333	334	en	yor	challenge_SSA-MTE	hyp1	News	NaN	-1.8636785745620728
334	335	en	yor	challenge_SSA-MTE	hyp1	News	NaN	-1.8636785745620728
335	336	en	yor	challenge_SSA-MTE	hyp1	News	NaN	-1.8636785745620728
336	337	en	yor	challenge_SSA-MTE	hyp1	News	NaN	-1.8636785745620728
337	338	en	yor	challenge_SSA-MTE	hyp1	News	NaN	-1.544093370437622
338	339	en	yor	challenge_SSA-MTE	hyp1	News	NaN	-1.544093370437622
339	340	en	yor	challenge_SSA-MTE	hyp1	News	NaN	-1.544093370437622
340	341	en	yor	challenge_SSA-MTE	hyp1	News	NaN	-1.544093370437622
341	342	en	yor	challenge_SSA-MTE	hyp1	News	NaN	-1.544093370437622
342	343	en	yor	challenge_SSA-MTE	hyp1	News	NaN	-1.544093370437622
343	344	en	yor	challenge_SSA-MTE	hyp1	News	NaN	-1.587915301322937
344	345	en	yor	challenge_SSA-MTE	hyp1	News	NaN	-1.587915301322937
345	346	en	yor	challenge_SSA-MTE	hyp1	News	NaN	-1.587915301322937
346	347	en	yor	challenge_SSA-MTE	hyp1	News	NaN	-1.587915301322937
347	348	en	yor	challenge_SSA-MTE	hyp1	News	NaN	-1.587915301322937
348	349	en	yor	challenge_SSA-MTE	hyp1	News	NaN	-1.587915301322937
349	350	en	yor	challenge_SSA-MTE	hyp1	News	NaN	-1.6899322271347046
350	351	en	yor	challenge_SSA-MTE	hyp1	News	NaN	-1.6899322271347046
351	352	en	yor	challenge_SSA-MTE	hyp1	News	NaN	-1.6899322271347046
352	353	en	yor	challenge_SSA-MTE	hyp1	News	NaN	-1.6899304389953613
353	354	en	yor	challenge_SSA-MTE	hyp1	News	NaN	-1.6899322271347046
354	355	en	yor	challenge_SSA-MTE	hyp1	News	NaN	-1.6899322271347046
355	356	en	yor	challenge_SSA-MTE	hyp1	News	NaN	-1.4581066370010376
356	357	en	yor	challenge_SSA-MTE	hyp1	News	NaN	-1.4581066370010376
357	358	en	yor	challenge_SSA-MTE	hyp1	News	NaN	-1.4581066370010376
358	359	en	yor	challenge_SSA-MTE	hyp1	News	NaN	-1.4581066370010376
359	360	en	yor	challenge_SSA-MTE	hyp1	News	NaN	-1.4581066370010376
360	361	en	yor	challenge_SSA-MTE	hyp1	News	NaN	-1.4581066370010376
361	362	en	yor	challenge_SSA-MTE	hyp1	News	NaN	-0.27052974700927734
362	363	en	yor	challenge_SSA-MTE	hyp1	News	NaN	-0.27052974700927734
363	364	en	yor	challenge_SSA-MTE	hyp1	News	NaN	-0.27052974700927734
364	365	en	yor	challenge_SSA-MTE	hyp1	News	NaN	-0.27052974700927734
365	366	en	yor	challenge_SSA-MTE	hyp1	News	NaN	-0.27052974700927734
366	367	en	yor	challenge_SSA-MTE	hyp1	News	NaN	-0.27052974700927734
367	368	en	yor	challenge_SSA-MTE	hyp1	News	NaN	-1.6077684164047241
368	369	en	yor	challenge_SSA-MTE	hyp1	News	NaN	-1.6077669858932495
369	370	en	yor	challenge_SSA-MTE	hyp1	News	NaN	-1.6077684164047241
370	371	en	yor	challenge_SSA-MTE	hyp1	News	NaN	-1.6077684164047241
371	372	en	yor	challenge_SSA-MTE	hyp1	News	NaN	-1.6077684164047241
372	373	en	yor	challenge_SSA-MTE	hyp1	News	NaN	-1.6912474632263184
373	374	en	yor	challenge_SSA-MTE	hyp1	News	NaN	-1.6912474632263184
374	375	en	yor	challenge_SSA-MTE	hyp1	News	NaN	-1.6912474632263184
375	376	en	yor	challenge_SSA-MTE	hyp1	News	NaN	-1.6912474632263184
376	377	en	yor	challenge_SSA-MTE	hyp1	News	NaN	-1.6912474632263184
377	378	en	yor	challenge_SSA-MTE	hyp1	News	NaN	-1.6912474632263184
378	379	en	yor	challenge_SSA-MTE	hyp1	News	NaN	-1.3926116228103638
379	380	en	yor	challenge_SSA-MTE	hyp1	News	NaN	-1.3926116228103638
380	381	en	yor	challenge_SSA-MTE	hyp1	News	NaN	-1.3926116228103638
381	382	en	yor	challenge_SSA-MTE	hyp1	News	NaN	-1.3926116228103638
382	383	en	yor	challenge_SSA-MTE	hyp1	News	NaN	-1.3926116228103638
383	384	en	yor	challenge_SSA-MTE	hyp1	News	NaN	-1.3926116228103638
384	385	en	yor	challenge_SSA-MTE	hyp1	News	NaN	-1.5814696550369263
385	386	en	yor	challenge_SSA-MTE	hyp1	News	NaN	-1.5814696550369263
386	387	en	yor	challenge_SSA-MTE	hyp1	News	NaN	-1.5814696550369263
387	388	en	yor	challenge_SSA-MTE	hyp1	News	NaN	-1.5814696550369263
388	389	en	yor	challenge_SSA-MTE	hyp1	News	NaN	-1.5814696550369263
389	390	en	yor	challenge_SSA-MTE	hyp1	News	NaN	-1.5814696550369263
390	391	en	yor	challenge_SSA-MTE	hyp1	News	NaN	-1.66474449634552
391	392	en	yor	challenge_SSA-MTE	hyp1	News	NaN	-1.6647464036941528
392	393	en	yor	challenge_SSA-MTE	hyp1	News	NaN	-1.6647453308105469
393	394	en	yor	challenge_SSA-MTE	hyp1	News	NaN	-1.6647453308105469
394	395	en	yor	challenge_SSA-MTE	hyp1	News	NaN	-1.6647453308105469
395	396	en	yor	challenge_SSA-MTE	hyp1	News	NaN	-1.6647453308105469
396	397	en	yor	challenge_SSA-MTE	hyp1	News	NaN	-0.36896345019340515
397	398	en	yor	challenge_SSA-MTE	hyp1	News	NaN	-0.36896345019340515
398	399	en	yor	challenge_SSA-MTE	hyp1	News	NaN	-0.36896345019340515
399	400	en	yor	challenge_SSA-MTE	hyp1	News	NaN	-0.36896345019340515
400	401	en	yor	challenge_SSA-MTE	hyp1	News	NaN	-0.36896345019340515
401	402	en	yor	challenge_SSA-MTE	hyp1	News	NaN	-0.36896345019340515
402	403	en	yor	challenge_SSA-MTE	hyp1	News	NaN	-1.4587050676345825
403	404	en	yor	challenge_SSA-MTE	hyp1	News	NaN	-1.4587050676345825
404	405	en	yor	challenge_SSA-MTE	hyp1	News	NaN	-1.4587050676345825
405	406	en	yor	challenge_SSA-MTE	hyp1	News	NaN	-1.4587050676345825
406	407	en	yor	challenge_SSA-MTE	hyp1	News	NaN	-1.4587050676345825
407	408	en	yor	challenge_SSA-MTE	hyp1	News	NaN	-1.75197172164917
408	409	en	yor	challenge_SSA-MTE	hyp1	News	NaN	-1.75197172164917
409	410	en	yor	challenge_SSA-MTE	hyp1	News	NaN	-1.75197172164917
410	411	en	yor	challenge_SSA-MTE	hyp1	News	NaN	-1.75197172164917
411	412	en	yor	challenge_SSA-MTE	hyp1	News	NaN	-1.7519721984863281
412	413	en	yor	challenge_SSA-MTE	hyp1	News	NaN	-1.7519721984863281
413	414	en	yor	challenge_SSA-MTE	hyp1	News	NaN	-0.8344426155090332
414	415	en	yor	challenge_SSA-MTE	hyp1	News	NaN	-0.8344426155090332
415	416	en	yor	challenge_SSA-MTE	hyp1	News	NaN	-0.8344426155090332
416	417	en	yor	challenge_SSA-MTE	hyp1	News	NaN	-0.8344426155090332
417	418	en	yor	challenge_SSA-MTE	hyp1	News	NaN	-0.8344426155090332
418	419	en	yor	challenge_SSA-MTE	hyp1	News	NaN	-0.8344426155090332
419	420	en	yor	challenge_SSA-MTE	hyp1	News	NaN	-1.285193681716919
420	421	en	yor	challenge_SSA-MTE	hyp1	News	NaN	-1.285193681716919
421	422	en	yor	challenge_SSA-MTE	hyp1	News	NaN	-1.285193681716919
422	423	en	yor	challenge_SSA-MTE	hyp1	News	NaN	-1.285193681716919
423	424	en	yor	challenge_SSA-MTE	hyp1	News	NaN	-1.285193681716919
424	425	en	yor	challenge_SSA-MTE	hyp1	News	NaN	-1.285193681716919
425	426	en	yor	challenge_SSA-MTE	hyp1	News	NaN	-1.9980326890945435
426	427	en	yor	challenge_SSA-MTE	hyp1	News	NaN	-1.9980326890945435
427	428	en	yor	challenge_SSA-MTE	hyp1	News	NaN	-1.7716115713119507
428	429	en	yor	challenge_SSA-MTE	hyp1	News	NaN	-1.7716106176376343
429	430	en	yor	challenge_SSA-MTE	hyp1	News	NaN	-1.7716115713119507
430	431	en	yor	challenge_SSA-MTE	hyp1	News	NaN	-1.7716115713119507
431	432	en	yor	challenge_SSA-MTE	hyp1	News	NaN	-1.7716115713119507
432	433	en	yor	challenge_SSA-MTE	hyp1	News	NaN	-1.7716115713119507
433	434	en	yor	challenge_SSA-MTE	hyp1	News	NaN	-1.6971696615219116
434	435	en	yor	challenge_SSA-MTE	hyp1	News	NaN	-1.6971696615219116
435	436	en	yor	challenge_SSA-MTE	hyp1	News	NaN	-1.6971696615219116
436	437	en	yor	challenge_SSA-MTE	hyp1	News	NaN	-1.6971701383590698
437	438	en	yor	challenge_SSA-MTE	hyp1	News	NaN	-1.6971701383590698
438	439	en	yor	challenge_SSA-MTE	hyp1	News	NaN	-1.6971701383590698
439	440	en	yor	challenge_SSA-MTE	hyp1	News	NaN	-1.8982378244400024
440	441	en	yor	challenge_SSA-MTE	hyp1	News	NaN	-1.8982378244400024
441	442	en	yor	challenge_SSA-MTE	hyp1	News	NaN	-1.8982378244400024
442	443	en	yor	challenge_SSA-MTE	hyp1	News	NaN	-1.8982378244400024
443	444	en	yor	challenge_SSA-MTE	hyp1	News	NaN	-1.8982378244400024
444	445	en	yor	challenge_SSA-MTE	hyp1	News	NaN	-1.8982378244400024
445	446	en	yor	challenge_SSA-MTE	hyp1	News	NaN	-1.8101201057434082
446	447	en	yor	challenge_SSA-MTE	hyp1	News	NaN	-1.8101201057434082
447	448	en	yor	challenge_SSA-MTE	hyp1	News	NaN	-1.8101201057434082
448	449	en	yor	challenge_SSA-MTE	hyp1	News	NaN	-1.8101201057434082
449	450	en	yor	challenge_SSA-MTE	hyp1	News	NaN	-1.8101201057434082
450	451	en	yor	challenge_SSA-MTE	hyp1	News	NaN	-1.8101201057434082
451	452	en	yor	challenge_SSA-MTE	hyp1	News	NaN	-2.0171711444854736
452	453	en	yor	challenge_SSA-MTE	hyp1	News	NaN	-2.0171711444854736
453	454	en	yor	challenge_SSA-MTE	hyp1	News	NaN	-2.0171711444854736
454	455	en	yor	challenge_SSA-MTE	hyp1	News	NaN	-2.0171711444854736
455	456	en	yor	challenge_SSA-MTE	hyp1	News	NaN	-2.0171711444854736
456	457	en	yor	challenge_SSA-MTE	hyp1	News	NaN	-2.0171711444854736
457	458	en	yor	challenge_SSA-MTE	hyp1	News	NaN	-1.8518730401992798
458	459	en	yor	challenge_SSA-MTE	hyp1	News	NaN	-1.8518730401992798
459	460	en	yor	challenge_SSA-MTE	hyp1	News	NaN	-1.8518728017807007
460	461	en	yor	challenge_SSA-MTE	hyp1	News	NaN	-1.8518730401992798
461	462	en	yor	challenge_SSA-MTE	hyp1	News	NaN	-1.8518730401992798
462	463	en	yor	challenge_SSA-MTE	hyp1	News	NaN	-1.8518730401992798
463	464	en	yor	challenge_SSA-MTE	hyp1	News	NaN	-1.720004677772522
464	465	en	yor	challenge_SSA-MTE	hyp1	News	NaN	-1.720004677772522
465	466	en	yor	challenge_SSA-MTE	hyp1	News	NaN	-1.720004677772522
466	467	en	yor	challenge_SSA-MTE	hyp1	News	NaN	-1.720004677772522
467	468	en	yor	challenge_SSA-MTE	hyp1	News	NaN	-1.720004677772522
468	469	en	yor	challenge_SSA-MTE	hyp1	News	NaN	-1.720004677772522
469	470	en	yor	challenge_SSA-MTE	hyp1	News	NaN	-0.8645505309104919
470	471	en	yor	challenge_SSA-MTE	hyp1	News	NaN	-0.8645505309104919
471	472	en	yor	challenge_SSA-MTE	hyp1	News	NaN	-0.8645505309104919
472	473	en	yor	challenge_SSA-MTE	hyp1	News	NaN	-0.8645513653755188
473	474	en	yor	challenge_SSA-MTE	hyp1	News	NaN	-0.8645513653755188
474	475	en	yor	challenge_SSA-MTE	hyp1	News	NaN	-0.8645513653755188
475	476	en	yor	challenge_SSA-MTE	hyp1	News	NaN	-1.6107161045074463
476	477	en	yor	challenge_SSA-MTE	hyp1	News	NaN	-1.6107161045074463
477	478	en	yor	challenge_SSA-MTE	hyp1	News	NaN	-1.6107161045074463
478	479	en	yor	challenge_SSA-MTE	hyp1	News	NaN	-1.6107161045074463
479	480	en	yor	challenge_SSA-MTE	hyp1	News	NaN	-1.6107161045074463
480	481	en	yor	challenge_SSA-MTE	hyp1	News	NaN	-1.610716462135315
481	482	en	yor	challenge_SSA-MTE	hyp1	News	NaN	-1.9327669143676758
482	483	en	yor	challenge_SSA-MTE	hyp1	News	NaN	-1.9327669143676758
483	484	en	yor	challenge_SSA-MTE	hyp1	News	NaN	-1.9327669143676758
484	485	en	yor	challenge_SSA-MTE	hyp1	News	NaN	-1.9327669143676758
485	486	en	yor	challenge_SSA-MTE	hyp1	News	NaN	-1.9327669143676758
486	487	en	yor	challenge_SSA-MTE	hyp1	News	NaN	-1.9327669143676758
487	488	en	yor	challenge_SSA-MTE	hyp1	News	NaN	-1.7907383441925049
488	489	en	yor	challenge_SSA-MTE	hyp1	News	NaN	-1.7907383441925049
489	490	en	yor	challenge_SSA-MTE	hyp1	News	NaN	-1.7907383441925049
490	491	en	yor	challenge_SSA-MTE	hyp1	News	NaN	-1.7907383441925049
491	492	en	yor	challenge_SSA-MTE	hyp1	News	NaN	-1.7907383441925049
492	493	en	yor	challenge_SSA-MTE	hyp1	News	NaN	-1.7907383441925049
493	494	en	yor	challenge_SSA-MTE	hyp1	News	NaN	-2.1987521648406982
494	495	en	yor	challenge_SSA-MTE	hyp1	News	NaN	-2.1987521648406982
495	496	en	yor	challenge_SSA-MTE	hyp1	News	NaN	-2.1987521648406982
496	497	en	yor	challenge_SSA-MTE	hyp1	News	NaN	-2.1987521648406982
497	498	en	yor	challenge_SSA-MTE	hyp1	News	NaN	-2.1987521648406982
498	499	en	yor	challenge_SSA-MTE	hyp1	News	NaN	-2.1987521648406982
499	500	en	yor	challenge_SSA-MTE	hyp1	News	NaN	-1.9201463460922241
500	501	en	yor	challenge_SSA-MTE	hyp1	News	NaN	-1.9201463460922241
501	502	en	yor	challenge_SSA-MTE	hyp1	News	NaN	-1.9201463460922241
502	503	en	yor	challenge_SSA-MTE	hyp1	News	NaN	-1.9201463460922241
503	504	en	yor	challenge_SSA-MTE	hyp1	News	NaN	-1.9201463460922241
504	505	en	yor	challenge_SSA-MTE	hyp1	News	NaN	-1.9201463460922241
505	506	en	yor	challenge_SSA-MTE	hyp1	News	NaN	-1.8127466440200806
506	507	en	yor	challenge_SSA-MTE	hyp1	News	NaN	-1.8127466440200806
507	508	en	yor	challenge_SSA-MTE	hyp1	News	NaN	-1.8127466440200806
508	509	en	yor	challenge_SSA-MTE	hyp1	News	NaN	-1.8127466440200806
509	510	en	yor	challenge_SSA-MTE	hyp1	News	NaN	-1.8127466440200806
510	511	en	yor	challenge_SSA-MTE	hyp1	News	NaN	-1.8127471208572388
511	512	en	yor	challenge_SSA-MTE	hyp1	News	NaN	-1.1988414525985718
512	513	en	yor	challenge_SSA-MTE	hyp1	News	NaN	-1.1988431215286255
513	514	en	yor	challenge_SSA-MTE	hyp1	News	NaN	-1.1988414525985718
514	515	en	yor	challenge_SSA-MTE	hyp1	News	NaN	-1.1988414525985718
515	516	en	yor	challenge_SSA-MTE	hyp1	News	NaN	-1.1988414525985718
516	517	en	yor	challenge_SSA-MTE	hyp1	News	NaN	-0.6974310874938965
517	518	en	yor	challenge_SSA-MTE	hyp1	News	NaN	-0.6974310874938965
518	519	en	yor	challenge_SSA-MTE	hyp1	News	NaN	-0.6974310874938965
519	520	en	yor	challenge_SSA-MTE	hyp1	News	NaN	-0.6974310874938965
520	521	en	yor	challenge_SSA-MTE	hyp1	News	NaN	-0.6974310874938965
521	522	en	yor	challenge_SSA-MTE	hyp1	News	NaN	-0.6974310874938965
522	523	en	yor	challenge_SSA-MTE	hyp1	News	NaN	-2.203460454940796
523	524	en	yor	challenge_SSA-MTE	hyp1	News	NaN	-2.203460454940796
524	525	en	yor	challenge_SSA-MTE	hyp1	News	NaN	-2.203460454940796
525	526	en	yor	challenge_SSA-MTE	hyp1	News	NaN	-2.203460454940796
526	527	en	yor	challenge_SSA-MTE	hyp1	News	NaN	-2.203460454940796
527	528	en	yor	challenge_SSA-MTE	hyp1	News	NaN	-2.1631696224212646
528	529	en	yor	challenge_SSA-MTE	hyp1	News	NaN	-2.1631696224212646
529	530	en	yor	challenge_SSA-MTE	hyp1	News	NaN	-2.1631696224212646
530	531	en	yor	challenge_SSA-MTE	hyp1	News	NaN	-2.1631696224212646
531	532	en	yor	challenge_SSA-MTE	hyp1	News	NaN	-2.1631696224212646
532	533	en	yor	challenge_SSA-MTE	hyp1	News	NaN	-2.1631696224212646
533	534	en	yor	challenge_SSA-MTE	hyp1	News	NaN	-1.5345736742019653
534	535	en	yor	challenge_SSA-MTE	hyp1	News	NaN	-1.5345736742019653
535	536	en	yor	challenge_SSA-MTE	hyp1	News	NaN	-1.5345736742019653
536	537	en	yor	challenge_SSA-MTE	hyp1	News	NaN	-1.5345736742019653
537	538	en	yor	challenge_SSA-MTE	hyp1	News	NaN	-1.5345736742019653
538	539	en	yor	challenge_SSA-MTE	hyp1	News	NaN	-1.5345736742019653
539	540	en	yor	challenge_SSA-MTE	hyp1	News	NaN	-0.705663800239563
540	541	en	yor	challenge_SSA-MTE	hyp1	News	NaN	-0.705663800239563
541	542	en	yor	challenge_SSA-MTE	hyp1	News	NaN	-0.705663800239563
542	543	en	yor	challenge_SSA-MTE	hyp1	News	NaN	-0.705663800239563
543	544	en	yor	challenge_SSA-MTE	hyp1	News	NaN	-0.705663800239563
544	545	en	yor	challenge_SSA-MTE	hyp1	News	NaN	-0.705663800239563
545	546	en	yor	challenge_SSA-MTE	hyp1	News	NaN	-1.540551781654358
546	547	en	yor	challenge_SSA-MTE	hyp1	News	NaN	-1.540551781654358
547	548	en	yor	challenge_SSA-MTE	hyp1	News	NaN	-1.5405515432357788
548	549	en	yor	challenge_SSA-MTE	hyp1	News	NaN	-1.5405515432357788
549	550	en	yor	challenge_SSA-MTE	hyp1	News	NaN	-1.5405515432357788
550	551	en	yor	challenge_SSA-MTE	hyp1	News	NaN	-1.5405515432357788
551	552	en	yor	challenge_SSA-MTE	hyp1	News	NaN	-2.1915130615234375
552	553	en	yor	challenge_SSA-MTE	hyp1	News	NaN	-2.1915130615234375
553	554	en	yor	challenge_SSA-MTE	hyp1	News	NaN	-2.1915130615234375
554	555	en	yor	challenge_SSA-MTE	hyp1	News	NaN	-2.1915130615234375
555	556	en	yor	challenge_SSA-MTE	hyp1	News	NaN	-2.1915130615234375
556	557	en	yor	challenge_SSA-MTE	hyp1	News	NaN	-2.1915128231048584
557	558	en	yor	challenge_SSA-MTE	hyp1	News	NaN	-2.062753915786743
558	559	en	yor	challenge_SSA-MTE	hyp1	News	NaN	-2.062753915786743
559	560	en	yor	challenge_SSA-MTE	hyp1	News	NaN	-2.062753915786743
560	561	en	yor	challenge_SSA-MTE	hyp1	News	NaN	-2.0627529621124268
561	562	en	yor	challenge_SSA-MTE	hyp1	News	NaN	-2.062753915786743
562	563	en	yor	challenge_SSA-MTE	hyp1	News	NaN	-2.062753915786743
563	564	en	yor	challenge_SSA-MTE	hyp1	News	NaN	-1.7428678274154663
564	565	en	yor	challenge_SSA-MTE	hyp1	News	NaN	-1.7428678274154663
565	566	en	yor	challenge_SSA-MTE	hyp1	News	NaN	-1.7428678274154663
566	567	en	yor	challenge_SSA-MTE	hyp1	News	NaN	-1.7428678274154663
567	568	en	yor	challenge_SSA-MTE	hyp1	News	NaN	-1.7428678274154663
568	569	en	yor	challenge_SSA-MTE	hyp1	News	NaN	-1.92546808719635
569	570	en	yor	challenge_SSA-MTE	hyp1	News	NaN	-1.92546808719635
570	571	en	yor	challenge_SSA-MTE	hyp1	News	NaN	-1.92546808719635
571	572	en	yor	challenge_SSA-MTE	hyp1	News	NaN	-1.92546808719635
572	573	en	yor	challenge_SSA-MTE	hyp1	News	NaN	-1.92546808719635
573	574	en	yor	challenge_SSA-MTE	hyp1	News	NaN	-1.92546808719635
574	575	en	yor	challenge_SSA-MTE	hyp1	News	NaN	-1.6985979080200195
575	576	en	yor	challenge_SSA-MTE	hyp1	News	NaN	-1.6985979080200195
576	577	en	yor	challenge_SSA-MTE	hyp1	News	NaN	-1.6985979080200195
577	578	en	yor	challenge_SSA-MTE	hyp1	News	NaN	-1.6985979080200195
578	579	en	yor	challenge_SSA-MTE	hyp1	News	NaN	-1.7643340826034546
579	580	en	yor	challenge_SSA-MTE	hyp1	News	NaN	-1.7643340826034546
580	581	en	yor	challenge_SSA-MTE	hyp1	News	NaN	-1.7643340826034546
581	582	en	yor	challenge_SSA-MTE	hyp1	News	NaN	-1.7643340826034546
582	583	en	yor	challenge_SSA-MTE	hyp1	News	NaN	-1.7643340826034546
583	584	en	yor	challenge_SSA-MTE	hyp1	News	NaN	-1.7643340826034546
584	585	en	yor	challenge_SSA-MTE	hyp1	News	NaN	-1.96243155002594
585	586	en	yor	challenge_SSA-MTE	hyp1	News	NaN	-1.96243155002594
586	587	en	yor	challenge_SSA-MTE	hyp1	News	NaN	-1.96243155002594
587	588	en	yor	challenge_SSA-MTE	hyp1	News	NaN	-1.96243155002594
588	589	en	yor	challenge_SSA-MTE	hyp1	News	NaN	-1.96243155002594
589	590	en	yor	challenge_SSA-MTE	hyp1	News	NaN	-1.96243155002594
590	591	en	yor	challenge_SSA-MTE	hyp1	News	NaN	-2.0007071495056152
591	592	en	yor	challenge_SSA-MTE	hyp1	News	NaN	-2.0007071495056152
592	593	en	yor	challenge_SSA-MTE	hyp1	News	NaN	-2.0007071495056152
593	594	en	yor	challenge_SSA-MTE	hyp1	News	NaN	-2.0007071495056152
594	595	en	yor	challenge_SSA-MTE	hyp1	News	NaN	-2.0007071495056152
595	596	en	yor	challenge_SSA-MTE	hyp1	News	NaN	-2.0007071495056152
596	597	en	yor	challenge_SSA-MTE	hyp1	News	NaN	-1.5919920206069946
597	598	en	yor	challenge_SSA-MTE	hyp1	News	NaN	-1.5919920206069946
598	599	en	yor	challenge_SSA-MTE	hyp1	News	NaN	-1.5919920206069946
599	600	en	yor	challenge_SSA-MTE	hyp1	News	NaN	-1.5919920206069946
600	601	en	yor	challenge_SSA-MTE	hyp1	News	NaN	-1.5919920206069946
601	602	en	yor	challenge_SSA-MTE	hyp1	News	NaN	-1.5919920206069946
602	603	en	yor	challenge_SSA-MTE	hyp1	News	NaN	-1.6932085752487183
603	604	en	yor	challenge_SSA-MTE	hyp1	News	NaN	-1.6932085752487183
604	605	en	yor	challenge_SSA-MTE	hyp1	News	NaN	-1.6932085752487183
605	606	en	yor	challenge_SSA-MTE	hyp1	News	NaN	-1.6932085752487183
606	607	en	yor	challenge_SSA-MTE	hyp1	News	NaN	-1.6932085752487183
607	608	en	yor	challenge_SSA-MTE	hyp1	News	NaN	-1.6932085752487183
608	609	en	yor	challenge_SSA-MTE	hyp1	News	NaN	-1.2705111503601074
609	610	en	yor	challenge_SSA-MTE	hyp1	News	NaN	-1.2705111503601074
610	611	en	yor	challenge_SSA-MTE	hyp1	News	NaN	-1.2705111503601074
611	612	en	yor	challenge_SSA-MTE	hyp1	News	NaN	-1.2705111503601074
612	613	en	yor	challenge_SSA-MTE	hyp1	News	NaN	-1.2705111503601074
613	614	en	yor	challenge_SSA-MTE	hyp1	News	NaN	-1.2705111503601074
614	615	en	yor	challenge_SSA-MTE	hyp1	News	NaN	-1.085736870765686
615	616	en	yor	challenge_SSA-MTE	hyp1	News	NaN	-1.085736870765686
616	617	en	yor	challenge_SSA-MTE	hyp1	News	NaN	-1.085736870765686
617	618	en	yor	challenge_SSA-MTE	hyp1	News	NaN	-1.085736870765686
618	619	en	yor	challenge_SSA-MTE	hyp1	News	NaN	-1.085736870765686
619	620	en	yor	challenge_SSA-MTE	hyp1	News	NaN	-1.085736870765686
620	621	en	yor	challenge_SSA-MTE	hyp1	News	NaN	-2.034162759780884
621	622	en	yor	challenge_SSA-MTE	hyp1	News	NaN	-2.034162759780884
622	623	en	yor	challenge_SSA-MTE	hyp1	News	NaN	-2.034162759780884
623	624	en	yor	challenge_SSA-MTE	hyp1	News	NaN	-2.034162759780884
624	625	en	yor	challenge_SSA-MTE	hyp1	News	NaN	-2.034162759780884
625	626	en	yor	challenge_SSA-MTE	hyp1	News	NaN	-2.034162759780884
626	627	en	yor	challenge_SSA-MTE	hyp1	News	NaN	-1.9409680366516113
627	628	en	yor	challenge_SSA-MTE	hyp1	News	NaN	-1.9409680366516113
628	629	en	yor	challenge_SSA-MTE	hyp1	News	NaN	-1.9409680366516113
629	630	en	yor	challenge_SSA-MTE	hyp1	News	NaN	-1.9409680366516113
630	631	en	yor	challenge_SSA-MTE	hyp1	News	NaN	-1.9409680366516113
631	632	en	yor	challenge_SSA-MTE	hyp1	News	NaN	-1.9409680366516113
632	633	en	yor	challenge_SSA-MTE	hyp1	News	NaN	-1.8648889064788818
633	634	en	yor	challenge_SSA-MTE	hyp1	News	NaN	-1.8648889064788818
634	635	en	yor	challenge_SSA-MTE	hyp1	News	NaN	-1.8648889064788818
635	636	en	yor	challenge_SSA-MTE	hyp1	News	NaN	-1.8648889064788818
636	637	en	yor	challenge_SSA-MTE	hyp1	News	NaN	-1.8648889064788818
637	638	en	yor	challenge_SSA-MTE	hyp1	News	NaN	-1.8428655862808228
638	639	en	yor	challenge_SSA-MTE	hyp1	News	NaN	-1.8428655862808228
639	640	en	yor	challenge_SSA-MTE	hyp1	News	NaN	-1.8428655862808228
640	641	en	yor	challenge_SSA-MTE	hyp1	News	NaN	-1.8428655862808228
641	642	en	yor	challenge_SSA-MTE	hyp1	News	NaN	-1.8428655862808228
642	643	en	yor	challenge_SSA-MTE	hyp1	News	NaN	-1.8428655862808228
643	644	en	yor	challenge_SSA-MTE	hyp1	News	NaN	-1.990481972694397
644	645	en	yor	challenge_SSA-MTE	hyp1	News	NaN	-1.990481972694397
645	646	en	yor	challenge_SSA-MTE	hyp1	News	NaN	-1.990481972694397
646	647	en	yor	challenge_SSA-MTE	hyp1	News	NaN	-1.990481972694397
647	648	en	yor	challenge_SSA-MTE	hyp1	News	NaN	-1.990481972694397
648	649	en	yor	challenge_SSA-MTE	hyp1	News	NaN	-1.990481972694397
649	650	en	yor	challenge_SSA-MTE	hyp1	News	NaN	-2.0405611991882324
650	651	en	yor	challenge_SSA-MTE	hyp1	News	NaN	-2.0405611991882324
651	652	en	yor	challenge_SSA-MTE	hyp1	News	NaN	-2.0405611991882324
652	653	en	yor	challenge_SSA-MTE	hyp1	News	NaN	-2.0405611991882324
653	654	en	yor	challenge_SSA-MTE	hyp1	News	NaN	-2.0405611991882324
654	655	en	yor	challenge_SSA-MTE	hyp1	News	NaN	-1.4865928888320923
655	656	en	yor	challenge_SSA-MTE	hyp1	News	NaN	-1.4865928888320923
656	657	en	yor	challenge_SSA-MTE	hyp1	News	NaN	-1.4865928888320923
657	658	en	yor	challenge_SSA-MTE	hyp1	News	NaN	-1.4865933656692505
658	659	en	yor	challenge_SSA-MTE	hyp1	News	NaN	-1.4865933656692505
659	660	en	yor	challenge_SSA-MTE	hyp1	News	NaN	-1.4865928888320923
660	661	en	yor	challenge_SSA-MTE	hyp1	News	NaN	-1.9445675611495972
661	662	en	yor	challenge_SSA-MTE	hyp1	News	NaN	-1.9445675611495972
662	663	en	yor	challenge_SSA-MTE	hyp1	News	NaN	-1.9445675611495972
663	664	en	yor	challenge_SSA-MTE	hyp1	News	NaN	-1.9445675611495972
664	665	en	yor	challenge_SSA-MTE	hyp1	News	NaN	-1.9445675611495972
665	666	en	yor	challenge_SSA-MTE	hyp1	News	NaN	-1.9445675611495972
666	667	en	yor	challenge_SSA-MTE	hyp1	News	NaN	-1.2204610109329224
667	668	en	yor	challenge_SSA-MTE	hyp1	News	NaN	-1.2204610109329224
668	669	en	yor	challenge_SSA-MTE	hyp1	News	NaN	-1.2204610109329224
669	670	en	yor	challenge_SSA-MTE	hyp1	News	NaN	-1.2204610109329224
670	671	en	yor	challenge_SSA-MTE	hyp1	News	NaN	-1.2204610109329224
671	672	en	yor	challenge_SSA-MTE	hyp1	News	NaN	-1.2204610109329224
672	673	en	yor	challenge_SSA-MTE	hyp1	News	NaN	-2.0116965770721436
673	674	en	yor	challenge_SSA-MTE	hyp1	News	NaN	-2.0116965770721436
674	675	en	yor	challenge_SSA-MTE	hyp1	News	NaN	-2.0116965770721436
675	676	en	yor	challenge_SSA-MTE	hyp1	News	NaN	-2.0116965770721436
676	677	en	yor	challenge_SSA-MTE	hyp1	News	NaN	-2.0116965770721436
677	678	en	yor	challenge_SSA-MTE	hyp1	News	NaN	-2.0116965770721436
678	679	en	yor	challenge_SSA-MTE	hyp1	News	NaN	-1.6920918226242065
679	680	en	yor	challenge_SSA-MTE	hyp1	News	NaN	-1.6920918226242065
680	681	en	yor	challenge_SSA-MTE	hyp1	News	NaN	-1.6920918226242065
681	682	en	yor	challenge_SSA-MTE	hyp1	News	NaN	-1.6920915842056274
682	683	en	yor	challenge_SSA-MTE	hyp1	News	NaN	-1.6920915842056274
683	684	en	yor	challenge_SSA-MTE	hyp1	News	NaN	-1.6920915842056274
684	685	en	yor	challenge_SSA-MTE	hyp1	News	NaN	-1.2576823234558105
685	686	en	yor	challenge_SSA-MTE	hyp1	News	NaN	-1.2576823234558105
686	687	en	yor	challenge_SSA-MTE	hyp1	News	NaN	-1.2576831579208374
687	688	en	yor	challenge_SSA-MTE	hyp1	News	NaN	-1.2576823234558105
688	689	en	yor	challenge_SSA-MTE	hyp1	News	NaN	-1.2576823234558105
689	690	en	yor	challenge_SSA-MTE	hyp1	News	NaN	-1.2576831579208374
690	691	en	yor	challenge_SSA-MTE	hyp1	News	NaN	-2.0076053142547607
691	692	en	yor	challenge_SSA-MTE	hyp1	News	NaN	-2.0076053142547607
692	693	en	yor	challenge_SSA-MTE	hyp1	News	NaN	-2.0076053142547607
693	694	en	yor	challenge_SSA-MTE	hyp1	News	NaN	-2.0076053142547607
694	695	en	yor	challenge_SSA-MTE	hyp1	News	NaN	-2.0076053142547607
695	696	en	yor	challenge_SSA-MTE	hyp1	News	NaN	-2.0218899250030518
696	697	en	yor	challenge_SSA-MTE	hyp1	News	NaN	-2.0218899250030518
697	698	en	yor	challenge_SSA-MTE	hyp1	News	NaN	-2.0218899250030518
698	699	en	yor	challenge_SSA-MTE	hyp1	News	NaN	-2.0218899250030518
699	700	en	yor	challenge_SSA-MTE	hyp1	News	NaN	-2.0218899250030518
700	701	en	yor	challenge_SSA-MTE	hyp1	News	NaN	-2.0218899250030518
701	702	en	yor	challenge_SSA-MTE	hyp1	News	NaN	-1.7338263988494873
702	703	en	yor	challenge_SSA-MTE	hyp1	News	NaN	-1.7338263988494873
703	704	en	yor	challenge_SSA-MTE	hyp1	News	NaN	-1.7338263988494873
704	705	en	yor	challenge_SSA-MTE	hyp1	News	NaN	-1.7338263988494873
705	706	en	yor	challenge_SSA-MTE	hyp1	News	NaN	-1.7338263988494873
706	707	en	yor	challenge_SSA-MTE	hyp1	News	NaN	-1.7338263988494873
707	708	en	yor	challenge_SSA-MTE	hyp1	News	NaN	-2.0293874740600586
708	709	en	yor	challenge_SSA-MTE	hyp1	News	NaN	-2.0293877124786377
709	710	en	yor	challenge_SSA-MTE	hyp1	News	NaN	-2.0293877124786377
710	711	en	yor	challenge_SSA-MTE	hyp1	News	NaN	-2.0293877124786377
711	712	en	yor	challenge_SSA-MTE	hyp1	News	NaN	-2.0293877124786377
712	713	en	yor	challenge_SSA-MTE	hyp1	News	NaN	-2.0293874740600586
713	714	en	yor	challenge_SSA-MTE	hyp1	News	NaN	-2.0421154499053955
714	715	en	yor	challenge_SSA-MTE	hyp1	News	NaN	-2.0421154499053955
715	716	en	yor	challenge_SSA-MTE	hyp1	News	NaN	-2.0421154499053955
716	717	en	yor	challenge_SSA-MTE	hyp1	News	NaN	-2.0421154499053955
717	718	en	yor	challenge_SSA-MTE	hyp1	News	NaN	-2.0421154499053955
718	719	en	yor	challenge_SSA-MTE	hyp1	News	NaN	-2.0421154499053955
719	720	en	yor	challenge_SSA-MTE	hyp1	News	NaN	-1.994162678718567
720	721	en	yor	challenge_SSA-MTE	hyp1	News	NaN	-1.994162678718567
721	722	en	yor	challenge_SSA-MTE	hyp1	News	NaN	-1.994162678718567
722	723	en	yor	challenge_SSA-MTE	hyp1	News	NaN	-1.994162678718567
723	724	en	yor	challenge_SSA-MTE	hyp1	News	NaN	-1.994162678718567
724	725	en	yor	challenge_SSA-MTE	hyp1	News	NaN	-1.9941624402999878
725	726	en	yor	challenge_SSA-MTE	hyp1	News	NaN	-1.9258664846420288
726	727	en	yor	challenge_SSA-MTE	hyp1	News	NaN	-1.9258664846420288
727	728	en	yor	challenge_SSA-MTE	hyp1	News	NaN	-1.9258664846420288
728	729	en	yor	challenge_SSA-MTE	hyp1	News	NaN	-1.9258664846420288
729	730	en	yor	challenge_SSA-MTE	hyp1	News	NaN	-1.9258664846420288
730	731	en	yor	challenge_SSA-MTE	hyp1	News	NaN	-1.9258664846420288
731	732	en	yor	challenge_SSA-MTE	hyp1	News	NaN	-2.005329132080078
732	733	en	yor	challenge_SSA-MTE	hyp1	News	NaN	-2.005329132080078
733	734	en	yor	challenge_SSA-MTE	hyp1	News	NaN	-2.005329132080078
734	735	en	yor	challenge_SSA-MTE	hyp1	News	NaN	-2.005329132080078
735	736	en	yor	challenge_SSA-MTE	hyp1	News	NaN	-2.005329132080078
736	737	en	yor	challenge_SSA-MTE	hyp1	News	NaN	-2.005329132080078
737	738	en	yor	challenge_SSA-MTE	hyp1	News	NaN	-0.2382160723209381
738	739	en	yor	challenge_SSA-MTE	hyp1	News	NaN	-0.2382160723209381
739	740	en	yor	challenge_SSA-MTE	hyp1	News	NaN	-0.23821501433849335
740	741	en	yor	challenge_SSA-MTE	hyp1	News	NaN	-0.23821501433849335
741	742	en	yor	challenge_SSA-MTE	hyp1	News	NaN	-0.23821501433849335
742	743	en	yor	challenge_SSA-MTE	hyp1	News	NaN	-2.068373203277588
743	744	en	yor	challenge_SSA-MTE	hyp1	News	NaN	-2.068373203277588
744	745	en	yor	challenge_SSA-MTE	hyp1	News	NaN	-2.068373203277588
745	746	en	yor	challenge_SSA-MTE	hyp1	News	NaN	-2.068373203277588
746	747	en	yor	challenge_SSA-MTE	hyp1	News	NaN	-2.068373203277588
747	748	en	yor	challenge_SSA-MTE	hyp1	News	NaN	-2.068373203277588
748	749	en	yor	challenge_SSA-MTE	hyp1	News	NaN	-2.0471432209014893
749	750	en	yor	challenge_SSA-MTE	hyp1	News	NaN	-2.0471432209014893
750	751	en	yor	challenge_SSA-MTE	hyp1	News	NaN	-2.0471432209014893
751	752	en	yor	challenge_SSA-MTE	hyp1	News	NaN	-2.0471434593200684
752	753	en	yor	challenge_SSA-MTE	hyp1	News	NaN	-2.0471432209014893
753	754	en	yor	challenge_SSA-MTE	hyp1	News	NaN	-2.0471432209014893
754	755	en	yor	challenge_SSA-MTE	hyp1	News	NaN	-2.175354480743408
755	756	en	yor	challenge_SSA-MTE	hyp1	News	NaN	-2.175354480743408
756	757	en	yor	challenge_SSA-MTE	hyp1	News	NaN	-2.175354480743408
757	758	en	yor	challenge_SSA-MTE	hyp1	News	NaN	-2.175354480743408
758	759	en	yor	challenge_SSA-MTE	hyp1	News	NaN	-2.175354480743408
759	760	en	yor	challenge_SSA-MTE	hyp1	News	NaN	-2.108783006668091
760	761	en	yor	challenge_SSA-MTE	hyp1	News	NaN	-2.108783006668091
761	762	en	yor	challenge_SSA-MTE	hyp1	News	NaN	-2.108783006668091
762	763	en	yor	challenge_SSA-MTE	hyp1	News	NaN	-2.108783006668091
763	764	en	yor	challenge_SSA-MTE	hyp1	News	NaN	-2.108783006668091
764	765	en	yor	challenge_SSA-MTE	hyp1	News	NaN	-1.784420371055603
765	766	en	yor	challenge_SSA-MTE	hyp1	News	NaN	-1.784420371055603
766	767	en	yor	challenge_SSA-MTE	hyp1	News	NaN	-1.784420371055603
767	768	en	yor	challenge_SSA-MTE	hyp1	News	NaN	-1.784420371055603
768	769	en	yor	challenge_SSA-MTE	hyp1	News	NaN	-1.784420371055603
769	770	en	yor	challenge_SSA-MTE	hyp1	News	NaN	-1.7844197750091553
770	771	en	yor	challenge_SSA-MTE	hyp1	News	NaN	-1.6648420095443726
771	772	en	yor	challenge_SSA-MTE	hyp1	News	NaN	-1.6648420095443726
772	773	en	yor	challenge_SSA-MTE	hyp1	News	NaN	-1.6648372411727905
773	774	en	yor	challenge_SSA-MTE	hyp1	News	NaN	-1.6648372411727905
774	775	en	yor	challenge_SSA-MTE	hyp1	News	NaN	-1.6648372411727905
775	776	en	yor	challenge_SSA-MTE	hyp1	News	NaN	-1.6648372411727905
776	777	en	yor	challenge_SSA-MTE	hyp1	News	NaN	-1.2216198444366455
777	778	en	yor	challenge_SSA-MTE	hyp1	News	NaN	-1.2216204404830933
778	779	en	yor	challenge_SSA-MTE	hyp1	News	NaN	-1.2216204404830933
779	780	en	yor	challenge_SSA-MTE	hyp1	News	NaN	-1.2216204404830933
780	781	en	yor	challenge_SSA-MTE	hyp1	News	NaN	-1.2216204404830933
781	782	en	yor	challenge_SSA-MTE	hyp1	News	NaN	-1.2216204404830933
782	783	en	yor	challenge_SSA-MTE	hyp1	News	NaN	-2.0419750213623047
783	784	en	yor	challenge_SSA-MTE	hyp1	News	NaN	-2.0419750213623047
784	785	en	yor	challenge_SSA-MTE	hyp1	News	NaN	-2.0419750213623047
785	786	en	yor	challenge_SSA-MTE	hyp1	News	NaN	-2.0419750213623047
786	787	en	yor	challenge_SSA-MTE	hyp1	News	NaN	-2.0419750213623047
787	788	en	yor	challenge_SSA-MTE	hyp1	News	NaN	-2.0419750213623047
788	789	en	yor	challenge_SSA-MTE	hyp1	News	NaN	-1.2971841096878052
789	790	en	yor	challenge_SSA-MTE	hyp1	News	NaN	-1.2971841096878052
790	791	en	yor	challenge_SSA-MTE	hyp1	News	NaN	-1.297183871269226
791	792	en	yor	challenge_SSA-MTE	hyp1	News	NaN	-1.297183871269226
792	793	en	yor	challenge_SSA-MTE	hyp1	News	NaN	-1.2971841096878052
793	794	en	yor	challenge_SSA-MTE	hyp1	News	NaN	-1.297183871269226
794	795	en	yor	challenge_SSA-MTE	hyp1	News	NaN	-2.1683754920959473
795	796	en	yor	challenge_SSA-MTE	hyp1	News	NaN	-2.1683754920959473
796	797	en	yor	challenge_SSA-MTE	hyp1	News	NaN	-2.1683757305145264
797	798	en	yor	challenge_SSA-MTE	hyp1	News	NaN	-2.1683757305145264
798	799	en	yor	challenge_SSA-MTE	hyp1	News	NaN	-2.1683757305145264
799	800	en	yor	challenge_SSA-MTE	hyp1	News	NaN	-2.1683757305145264
800	801	en	yor	challenge_SSA-MTE	hyp1	News	NaN	-2.073976755142212
801	802	en	yor	challenge_SSA-MTE	hyp1	News	NaN	-2.073976755142212
802	803	en	yor	challenge_SSA-MTE	hyp1	News	NaN	-2.073976755142212
803	804	en	yor	challenge_SSA-MTE	hyp1	News	NaN	-2.073976755142212
804	805	en	yor	challenge_SSA-MTE	hyp1	News	NaN	-2.073976755142212
805	806	en	yor	challenge_SSA-MTE	hyp1	News	NaN	-2.073976755142212
806	807	en	yor	challenge_SSA-MTE	hyp1	News	NaN	-1.891560673713684
807	808	en	yor	challenge_SSA-MTE	hyp1	News	NaN	-1.891560673713684
808	809	en	yor	challenge_SSA-MTE	hyp1	News	NaN	-1.891560673713684
809	810	en	yor	challenge_SSA-MTE	hyp1	News	NaN	-1.891560673713684
810	811	en	yor	challenge_SSA-MTE	hyp1	News	NaN	-1.891560673713684
811	812	en	yor	challenge_SSA-MTE	hyp1	News	NaN	-1.891560673713684
812	813	en	yor	challenge_SSA-MTE	hyp1	News	NaN	-1.6351531744003296
813	814	en	yor	challenge_SSA-MTE	hyp1	News	NaN	-1.6351531744003296
814	815	en	yor	challenge_SSA-MTE	hyp1	News	NaN	-1.6351531744003296
815	816	en	yor	challenge_SSA-MTE	hyp1	News	NaN	-1.6351531744003296
816	817	en	yor	challenge_SSA-MTE	hyp1	News	NaN	-1.6351531744003296
817	818	en	yor	challenge_SSA-MTE	hyp1	News	NaN	-1.6351531744003296
818	819	en	yor	challenge_SSA-MTE	hyp1	News	NaN	-2.2328813076019287
819	820	en	yor	challenge_SSA-MTE	hyp1	News	NaN	-2.2328813076019287
820	821	en	yor	challenge_SSA-MTE	hyp1	News	NaN	-2.2328813076019287
821	822	en	yor	challenge_SSA-MTE	hyp1	News	NaN	-2.2328813076019287
822	823	en	yor	challenge_SSA-MTE	hyp1	News	NaN	-2.2328813076019287
823	824	en	yor	challenge_SSA-MTE	hyp1	News	NaN	-2.2328813076019287
824	825	en	yor	challenge_SSA-MTE	hyp1	News	NaN	-2.048503875732422
825	826	en	yor	challenge_SSA-MTE	hyp1	News	NaN	-2.048504590988159
826	827	en	yor	challenge_SSA-MTE	hyp1	News	NaN	-2.048504590988159
827	828	en	yor	challenge_SSA-MTE	hyp1	News	NaN	-2.1676790714263916
828	829	en	yor	challenge_SSA-MTE	hyp1	News	NaN	-2.1676790714263916
829	830	en	yor	challenge_SSA-MTE	hyp1	News	NaN	-2.16767954826355
830	831	en	yor	challenge_SSA-MTE	hyp1	News	NaN	-2.16767954826355
831	832	en	yor	challenge_SSA-MTE	hyp1	News	NaN	-2.16767954826355
832	833	en	yor	challenge_SSA-MTE	hyp1	News	NaN	-2.1676790714263916
833	834	en	yor	challenge_SSA-MTE	hyp1	News	NaN	-2.0713913440704346
834	835	en	yor	challenge_SSA-MTE	hyp1	News	NaN	-2.0713913440704346
835	836	en	yor	challenge_SSA-MTE	hyp1	News	NaN	-2.0713913440704346
836	837	en	yor	challenge_SSA-MTE	hyp1	News	NaN	-2.0713913440704346
837	838	en	yor	challenge_SSA-MTE	hyp1	News	NaN	-2.0713913440704346
838	839	en	yor	challenge_SSA-MTE	hyp1	News	NaN	-2.0713913440704346
839	840	en	yor	challenge_SSA-MTE	hyp1	News	NaN	-2.1060895919799805
840	841	en	yor	challenge_SSA-MTE	hyp1	News	NaN	-2.1060895919799805
841	842	en	yor	challenge_SSA-MTE	hyp1	News	NaN	-2.1060895919799805
842	843	en	yor	challenge_SSA-MTE	hyp1	News	NaN	-2.1060895919799805
843	844	en	yor	challenge_SSA-MTE	hyp1	News	NaN	-2.1060895919799805
844	845	en	yor	challenge_SSA-MTE	hyp1	News	NaN	-2.1060895919799805
845	846	en	yor	challenge_SSA-MTE	hyp1	News	NaN	-1.7043328285217285
846	847	en	yor	challenge_SSA-MTE	hyp1	News	NaN	-1.7043328285217285
847	848	en	yor	challenge_SSA-MTE	hyp1	News	NaN	-1.7043328285217285
848	849	en	yor	challenge_SSA-MTE	hyp1	News	NaN	-1.7043328285217285
849	850	en	yor	challenge_SSA-MTE	hyp1	News	NaN	-1.7043328285217285
850	851	en	yor	challenge_SSA-MTE	hyp1	News	NaN	-1.7043328285217285
851	852	en	yor	challenge_SSA-MTE	hyp1	News	NaN	-2.1003456115722656
852	853	en	yor	challenge_SSA-MTE	hyp1	News	NaN	-2.1003456115722656
853	854	en	yor	challenge_SSA-MTE	hyp1	News	NaN	-2.1003456115722656
854	855	en	yor	challenge_SSA-MTE	hyp1	News	NaN	-2.1003456115722656
855	856	en	yor	challenge_SSA-MTE	hyp1	News	NaN	-2.1003456115722656
856	857	en	yor	challenge_SSA-MTE	hyp1	News	NaN	-2.1003456115722656
857	858	en	yor	challenge_SSA-MTE	hyp1	News	NaN	-1.9301117658615112
858	859	en	yor	challenge_SSA-MTE	hyp1	News	NaN	-1.9301115274429321
859	860	en	yor	challenge_SSA-MTE	hyp1	News	NaN	-1.9301115274429321
860	861	en	yor	challenge_SSA-MTE	hyp1	News	NaN	-1.9301115274429321
861	862	en	yor	challenge_SSA-MTE	hyp1	News	NaN	-1.9301115274429321
862	863	en	yor	challenge_SSA-MTE	hyp1	News	NaN	-1.9301115274429321
863	864	en	yor	challenge_SSA-MTE	hyp1	News	NaN	-2.0270416736602783
864	865	en	yor	challenge_SSA-MTE	hyp1	News	NaN	-2.0270416736602783
865	866	en	yor	challenge_SSA-MTE	hyp1	News	NaN	-2.0270416736602783
866	867	en	yor	challenge_SSA-MTE	hyp1	News	NaN	-2.0270416736602783
867	868	en	yor	challenge_SSA-MTE	hyp1	News	NaN	-2.0270416736602783
868	869	en	yor	challenge_SSA-MTE	hyp1	News	NaN	-2.0270416736602783
869	870	en	yor	challenge_SSA-MTE	hyp1	News	NaN	-1.817798137664795
870	871	en	yor	challenge_SSA-MTE	hyp1	News	NaN	-1.817798137664795
871	872	en	yor	challenge_SSA-MTE	hyp1	News	NaN	-1.817798137664795
872	873	en	yor	challenge_SSA-MTE	hyp1	News	NaN	-1.817798137664795
873	874	en	yor	challenge_SSA-MTE	hyp1	News	NaN	-1.817798137664795
874	875	en	yor	challenge_SSA-MTE	hyp1	News	NaN	-1.817798137664795
875	876	en	yor	challenge_SSA-MTE	hyp1	News	NaN	-1.3134719133377075
876	877	en	yor	challenge_SSA-MTE	hyp1	News	NaN	-1.3134719133377075
877	878	en	yor	challenge_SSA-MTE	hyp1	News	NaN	-1.3134719133377075
878	879	en	yor	challenge_SSA-MTE	hyp1	News	NaN	-1.3134719133377075
879	880	en	yor	challenge_SSA-MTE	hyp1	News	NaN	-1.3134719133377075
880	881	en	yor	challenge_SSA-MTE	hyp1	News	NaN	-1.3134719133377075
881	882	en	yor	challenge_SSA-MTE	hyp1	News	NaN	-1.8922148942947388
882	883	en	yor	challenge_SSA-MTE	hyp1	News	NaN	-1.8922148942947388
883	884	en	yor	challenge_SSA-MTE	hyp1	News	NaN	-1.8922148942947388
884	885	en	yor	challenge_SSA-MTE	hyp1	News	NaN	-1.8922148942947388
885	886	en	yor	challenge_SSA-MTE	hyp1	News	NaN	-1.8922148942947388
886	887	en	yor	challenge_SSA-MTE	hyp1	News	NaN	-2.274261713027954
887	888	en	yor	challenge_SSA-MTE	hyp1	News	NaN	-2.274261713027954
888	889	en	yor	challenge_SSA-MTE	hyp1	News	NaN	-2.274261713027954
889	890	en	yor	challenge_SSA-MTE	hyp1	News	NaN	-2.274261713027954
890	891	en	yor	challenge_SSA-MTE	hyp1	News	NaN	-2.274261713027954
891	892	en	yor	challenge_SSA-MTE	hyp1	News	NaN	-1.8674936294555664
892	893	en	yor	challenge_SSA-MTE	hyp1	News	NaN	-1.8674936294555664
893	894	en	yor	challenge_SSA-MTE	hyp1	News	NaN	-1.8674936294555664
894	895	en	yor	challenge_SSA-MTE	hyp1	News	NaN	-1.8674936294555664
895	896	en	yor	challenge_SSA-MTE	hyp1	News	NaN	-1.8674936294555664
896	897	en	yor	challenge_SSA-MTE	hyp1	News	NaN	-2.225036144256592
897	898	en	yor	challenge_SSA-MTE	hyp1	News	NaN	-2.225036144256592
898	899	en	yor	challenge_SSA-MTE	hyp1	News	NaN	-2.225036144256592
899	900	en	yor	challenge_SSA-MTE	hyp1	News	NaN	-2.225036144256592
900	901	en	yor	challenge_SSA-MTE	hyp1	News	NaN	-2.225036144256592
901	902	en	yor	challenge_SSA-MTE	hyp1	News	NaN	-2.225036144256592
902	903	en	yor	challenge_SSA-MTE	hyp1	News	NaN	-2.3607566356658936
903	904	en	yor	challenge_SSA-MTE	hyp1	News	NaN	-2.3607566356658936
904	905	en	yor	challenge_SSA-MTE	hyp1	News	NaN	-2.3607566356658936
905	906	en	yor	challenge_SSA-MTE	hyp1	News	NaN	-2.3607566356658936
906	907	en	yor	challenge_SSA-MTE	hyp1	News	NaN	-2.3607566356658936
907	908	en	yor	challenge_SSA-MTE	hyp1	News	NaN	-2.3607566356658936
908	909	en	yor	challenge_SSA-MTE	hyp1	News	NaN	-1.9765385389328003
909	910	en	yor	challenge_SSA-MTE	hyp1	News	NaN	-1.9765385389328003
910	911	en	yor	challenge_SSA-MTE	hyp1	News	NaN	-1.9765385389328003
911	912	en	yor	challenge_SSA-MTE	hyp1	News	NaN	-1.9765385389328003
912	913	en	yor	challenge_SSA-MTE	hyp1	News	NaN	-1.9765385389328003
913	914	en	yor	challenge_SSA-MTE	hyp1	News	NaN	-1.9765130281448364
914	915	en	yor	challenge_SSA-MTE	hyp1	News	NaN	-2.212519407272339
915	916	en	yor	challenge_SSA-MTE	hyp1	News	NaN	-2.212519407272339
916	917	en	yor	challenge_SSA-MTE	hyp1	News	NaN	-2.212519407272339
917	918	en	yor	challenge_SSA-MTE	hyp1	News	NaN	-2.212519407272339
918	919	en	yor	challenge_SSA-MTE	hyp1	News	NaN	-2.212519407272339
919	920	en	yor	challenge_SSA-MTE	hyp1	News	NaN	-2.212519407272339
920	921	en	yor	challenge_SSA-MTE	hyp1	News	NaN	-1.6513586044311523
921	922	en	yor	challenge_SSA-MTE	hyp1	News	NaN	-1.6513586044311523
922	923	en	yor	challenge_SSA-MTE	hyp1	News	NaN	-1.6513586044311523
923	924	en	yor	challenge_SSA-MTE	hyp1	News	NaN	-1.6513586044311523
924	925	en	yor	challenge_SSA-MTE	hyp1	News	NaN	-1.6513586044311523
925	926	en	yor	challenge_SSA-MTE	hyp1	News	NaN	-2.2832019329071045
926	927	en	yor	challenge_SSA-MTE	hyp1	News	NaN	-2.2832019329071045
927	928	en	yor	challenge_SSA-MTE	hyp1	News	NaN	-2.2832019329071045
928	929	en	yor	challenge_SSA-MTE	hyp1	News	NaN	-2.2832019329071045
929	930	en	yor	challenge_SSA-MTE	hyp1	News	NaN	-2.2832019329071045
930	931	en	yor	challenge_SSA-MTE	hyp1	News	NaN	-2.2832019329071045
931	932	en	yor	challenge_SSA-MTE	hyp1	News	NaN	-2.127051830291748
932	933	en	yor	challenge_SSA-MTE	hyp1	News	NaN	-2.127051830291748
933	934	en	yor	challenge_SSA-MTE	hyp1	News	NaN	-2.127051830291748
934	935	en	yor	challenge_SSA-MTE	hyp1	News	NaN	-2.127051830291748
935	936	en	yor	challenge_SSA-MTE	hyp1	News	NaN	-2.127051830291748
936	937	en	yor	challenge_SSA-MTE	hyp1	News	NaN	-2.127051830291748
937	938	en	yor	challenge_SSA-MTE	hyp1	News	NaN	-1.8509209156036377
938	939	en	yor	challenge_SSA-MTE	hyp1	News	NaN	-1.8509209156036377
939	940	en	yor	challenge_SSA-MTE	hyp1	News	NaN	-1.8509209156036377
940	941	en	yor	challenge_SSA-MTE	hyp1	News	NaN	-1.8509215116500854
941	942	en	yor	challenge_SSA-MTE	hyp1	News	NaN	-1.8509215116500854
942	943	en	yor	challenge_SSA-MTE	hyp1	News	NaN	-1.8509215116500854
943	944	en	yor	challenge_SSA-MTE	hyp1	News	NaN	-2.197446823120117
944	945	en	yor	challenge_SSA-MTE	hyp1	News	NaN	-2.197446823120117
945	946	en	yor	challenge_SSA-MTE	hyp1	News	NaN	-2.197446823120117
946	947	en	yor	challenge_SSA-MTE	hyp1	News	NaN	-2.197446823120117
947	948	en	yor	challenge_SSA-MTE	hyp1	News	NaN	-2.197446823120117
948	949	en	yor	challenge_SSA-MTE	hyp1	News	NaN	-2.197446823120117
949	950	en	yor	challenge_SSA-MTE	hyp1	News	NaN	-2.0958433151245117
950	951	en	yor	challenge_SSA-MTE	hyp1	News	NaN	-2.0958433151245117
951	952	en	yor	challenge_SSA-MTE	hyp1	News	NaN	-2.0958433151245117
952	953	en	yor	challenge_SSA-MTE	hyp1	News	NaN	-2.0958433151245117
953	954	en	yor	challenge_SSA-MTE	hyp1	News	NaN	-2.0958433151245117
954	955	en	yor	challenge_SSA-MTE	hyp1	News	NaN	-2.0958433151245117
955	956	en	yor	challenge_SSA-MTE	hyp1	News	NaN	-2.0039618015289307
956	957	en	yor	challenge_SSA-MTE	hyp1	News	NaN	-2.0039618015289307
957	958	en	yor	challenge_SSA-MTE	hyp1	News	NaN	-2.0039618015289307
958	959	en	yor	challenge_SSA-MTE	hyp1	News	NaN	-2.0039618015289307
959	960	en	yor	challenge_SSA-MTE	hyp1	News	NaN	-2.0039618015289307
960	961	en	yor	challenge_SSA-MTE	hyp1	News	NaN	-2.0039618015289307
961	962	en	yor	challenge_SSA-MTE	hyp1	News	NaN	-1.889100193977356
962	963	en	yor	challenge_SSA-MTE	hyp1	News	NaN	-1.889100193977356
963	964	en	yor	challenge_SSA-MTE	hyp1	News	NaN	-1.889100193977356
964	965	en	yor	challenge_SSA-MTE	hyp1	News	NaN	-1.889100193977356
965	966	en	yor	challenge_SSA-MTE	hyp1	News	NaN	-1.889100193977356
966	967	en	yor	challenge_SSA-MTE	hyp1	News	NaN	-1.889100193977356
967	968	en	yor	challenge_SSA-MTE	hyp1	News	NaN	-2.079655885696411
968	969	en	yor	challenge_SSA-MTE	hyp1	News	NaN	-2.079655885696411
969	970	en	yor	challenge_SSA-MTE	hyp1	News	NaN	-2.079655885696411
970	971	en	yor	challenge_SSA-MTE	hyp1	News	NaN	-2.079655885696411
971	972	en	yor	challenge_SSA-MTE	hyp1	News	NaN	-2.079655885696411
972	973	en	yor	challenge_SSA-MTE	hyp1	News	NaN	-2.079655885696411
973	974	en	yor	challenge_SSA-MTE	hyp1	News	NaN	-2.247363328933716
974	975	en	yor	challenge_SSA-MTE	hyp1	News	NaN	-2.247363328933716
975	976	en	yor	challenge_SSA-MTE	hyp1	News	NaN	-2.247363328933716
976	977	en	yor	challenge_SSA-MTE	hyp1	News	NaN	-2.247363328933716
977	978	en	yor	challenge_SSA-MTE	hyp1	News	NaN	-2.247363328933716
978	979	en	yor	challenge_SSA-MTE	hyp1	News	NaN	-2.0714364051818848
979	980	en	yor	challenge_SSA-MTE	hyp1	News	NaN	-2.0714364051818848
980	981	en	yor	challenge_SSA-MTE	hyp1	News	NaN	-2.0714364051818848
981	982	en	yor	challenge_SSA-MTE	hyp1	News	NaN	-2.0714364051818848
982	983	en	yor	challenge_SSA-MTE	hyp1	News	NaN	-2.0714364051818848
983	984	en	yor	challenge_SSA-MTE	hyp1	News	NaN	-2.0714364051818848
984	985	en	yor	challenge_SSA-MTE	hyp1	News	NaN	-1.843863606452942
985	986	en	yor	challenge_SSA-MTE	hyp1	News	NaN	-1.8438645601272583
986	987	en	yor	challenge_SSA-MTE	hyp1	News	NaN	-1.8438645601272583
987	988	en	yor	challenge_SSA-MTE	hyp1	News	NaN	-1.8438645601272583
988	989	en	yor	challenge_SSA-MTE	hyp1	News	NaN	-1.843863606452942
989	990	en	yor	challenge_SSA-MTE	hyp1	News	NaN	-1.843863606452942
990	991	en	yor	challenge_SSA-MTE	hyp1	News	NaN	-1.9495338201522827
991	992	en	yor	challenge_SSA-MTE	hyp1	News	NaN	-1.9495338201522827
992	993	en	yor	challenge_SSA-MTE	hyp1	News	NaN	-1.9495351314544678
993	994	en	yor	challenge_SSA-MTE	hyp1	News	NaN	-1.9495338201522827
994	995	en	yor	challenge_SSA-MTE	hyp1	News	NaN	-1.9495338201522827
995	996	en	yor	challenge_SSA-MTE	hyp1	News	NaN	-1.9495338201522827
996	997	en	yor	challenge_SSA-MTE	hyp1	News	NaN	-1.4291261434555054
997	998	en	yor	challenge_SSA-MTE	hyp1	News	NaN	-1.4291261434555054
998	999	en	yor	challenge_SSA-MTE	hyp1	News	NaN	-1.4291261434555054
999	1000	en	yor	challenge_SSA-MTE	hyp1	News	NaN	-1.4291261434555054
1000	1001	en	yor	challenge_SSA-MTE	hyp1	News	NaN	-1.4291261434555054
1001	1002	en	yor	challenge_SSA-MTE	hyp1	News	NaN	-1.4291261434555054
1002	1003	en	yor	challenge_SSA-MTE	hyp1	News	NaN	-1.8783661127090454
1003	1004	en	yor	challenge_SSA-MTE	hyp1	News	NaN	-1.8783661127090454
1004	1005	en	yor	challenge_SSA-MTE	hyp1	News	NaN	-1.8783661127090454
1005	1006	en	yor	challenge_SSA-MTE	hyp1	News	NaN	-1.8783661127090454
1006	1007	en	yor	challenge_SSA-MTE	hyp1	News	NaN	-1.8783661127090454
1007	1008	en	yor	challenge_SSA-MTE	hyp1	News	NaN	-1.8783661127090454
1008	1009	en	yor	challenge_SSA-MTE	hyp1	News	NaN	-1.8670763969421387
1009	1010	en	yor	challenge_SSA-MTE	hyp1	News	NaN	-1.8670763969421387
1010	1011	en	yor	challenge_SSA-MTE	hyp1	News	NaN	-1.8670763969421387
1011	1012	en	yor	challenge_SSA-MTE	hyp1	News	NaN	-1.8670763969421387
1012	1013	en	yor	challenge_SSA-MTE	hyp1	News	NaN	-1.8670763969421387
1013	1014	en	yor	challenge_SSA-MTE	hyp1	News	NaN	-1.8670763969421387
1014	1015	en	yor	challenge_SSA-MTE	hyp1	News	NaN	-2.305717706680298
1015	1016	en	yor	challenge_SSA-MTE	hyp1	News	NaN	-2.305717706680298
1016	1017	en	yor	challenge_SSA-MTE	hyp1	News	NaN	-2.305717706680298
1017	1018	en	yor	challenge_SSA-MTE	hyp1	News	NaN	-2.305717706680298
1018	1019	en	yor	challenge_SSA-MTE	hyp1	News	NaN	-2.305717706680298
1019	1020	en	yor	challenge_SSA-MTE	hyp1	News	NaN	-2.305717706680298
1020	1021	en	yor	challenge_SSA-MTE	hyp1	News	NaN	-1.9068220853805542
1021	1022	en	yor	challenge_SSA-MTE	hyp1	News	NaN	-1.9068220853805542
1022	1023	en	yor	challenge_SSA-MTE	hyp1	News	NaN	-1.9068220853805542
1023	1024	en	yor	challenge_SSA-MTE	hyp1	News	NaN	-1.9068220853805542
1024	1025	en	yor	challenge_SSA-MTE	hyp1	News	NaN	-1.9068220853805542
1025	1026	en	yor	challenge_SSA-MTE	hyp1	News	NaN	-1.9068220853805542
1026	1027	en	yor	challenge_SSA-MTE	hyp1	News	NaN	-1.9157544374465942
1027	1028	en	yor	challenge_SSA-MTE	hyp1	News	NaN	-1.9157534837722778
1028	1029	en	yor	challenge_SSA-MTE	hyp1	News	NaN	-1.9157544374465942
1029	1030	en	yor	challenge_SSA-MTE	hyp1	News	NaN	-1.9157534837722778
1030	1031	en	yor	challenge_SSA-MTE	hyp1	News	NaN	-1.9157544374465942
1031	1032	en	yor	challenge_SSA-MTE	hyp1	News	NaN	-1.9157544374465942
1032	1033	en	yor	challenge_SSA-MTE	hyp1	News	NaN	-2.174900531768799
1033	1034	en	yor	challenge_SSA-MTE	hyp1	News	NaN	-2.174900531768799
1034	1035	en	yor	challenge_SSA-MTE	hyp1	News	NaN	-2.174900531768799
1035	1036	en	yor	challenge_SSA-MTE	hyp1	News	NaN	-2.174900531768799
1036	1037	en	yor	challenge_SSA-MTE	hyp1	News	NaN	-2.174900531768799
1037	1038	en	yor	challenge_SSA-MTE	hyp1	News	NaN	-2.174900531768799
1038	1039	en	yor	challenge_SSA-MTE	hyp1	News	NaN	-2.1284384727478027
1039	1040	en	yor	challenge_SSA-MTE	hyp1	News	NaN	-2.1284384727478027
1040	1041	en	yor	challenge_SSA-MTE	hyp1	News	NaN	-2.1284384727478027
1041	1042	en	yor	challenge_SSA-MTE	hyp1	News	NaN	-2.1284384727478027
1042	1043	en	yor	challenge_SSA-MTE	hyp1	News	NaN	-2.1284384727478027
1043	1044	en	yor	challenge_SSA-MTE	hyp1	News	NaN	-2.1284384727478027
1044	1045	en	yor	challenge_SSA-MTE	hyp1	News	NaN	-2.0685689449310303
1045	1046	en	yor	challenge_SSA-MTE	hyp1	News	NaN	-2.0685689449310303
1046	1047	en	yor	challenge_SSA-MTE	hyp1	News	NaN	-2.0685689449310303
1047	1048	en	yor	challenge_SSA-MTE	hyp1	News	NaN	-2.0685689449310303
1048	1049	en	yor	challenge_SSA-MTE	hyp1	News	NaN	-2.0685689449310303
1049	1050	en	yor	challenge_SSA-MTE	hyp1	News	NaN	-2.0685689449310303
1050	1051	en	yor	challenge_SSA-MTE	hyp1	News	NaN	-1.900579810142517
1051	1052	en	yor	challenge_SSA-MTE	hyp1	News	NaN	-1.900579810142517
1052	1053	en	yor	challenge_SSA-MTE	hyp1	News	NaN	-1.900579810142517
1053	1054	en	yor	challenge_SSA-MTE	hyp1	News	NaN	-1.900579810142517
1054	1055	en	yor	challenge_SSA-MTE	hyp1	News	NaN	-1.900579810142517
1055	1056	en	yor	challenge_SSA-MTE	hyp1	News	NaN	-1.900579810142517
1056	1057	en	yor	challenge_SSA-MTE	hyp1	News	NaN	-1.9984326362609863
1057	1058	en	yor	challenge_SSA-MTE	hyp1	News	NaN	-1.9984326362609863
1058	1059	en	yor	challenge_SSA-MTE	hyp1	News	NaN	-1.9984326362609863
1059	1060	en	yor	challenge_SSA-MTE	hyp1	News	NaN	-1.9984326362609863
1060	1061	en	yor	challenge_SSA-MTE	hyp1	News	NaN	-1.9984326362609863
1061	1062	en	yor	challenge_SSA-MTE	hyp1	News	NaN	-1.9984326362609863
1062	1063	en	yor	challenge_SSA-MTE	hyp1	News	NaN	-2.158891201019287
1063	1064	en	yor	challenge_SSA-MTE	hyp1	News	NaN	-2.158891201019287
1064	1065	en	yor	challenge_SSA-MTE	hyp1	News	NaN	-2.158891201019287
1065	1066	en	yor	challenge_SSA-MTE	hyp1	News	NaN	-2.158891201019287
1066	1067	en	yor	challenge_SSA-MTE	hyp1	News	NaN	-2.158891201019287
1067	1068	en	yor	challenge_SSA-MTE	hyp1	News	NaN	-2.158891201019287
1068	1069	en	yor	challenge_SSA-MTE	hyp1	News	NaN	-2.1995999813079834
1069	1070	en	yor	challenge_SSA-MTE	hyp1	News	NaN	-2.1995999813079834
1070	1071	en	yor	challenge_SSA-MTE	hyp1	News	NaN	-2.1995999813079834
1071	1072	en	yor	challenge_SSA-MTE	hyp1	News	NaN	-2.1995999813079834
1072	1073	en	yor	challenge_SSA-MTE	hyp1	News	NaN	-2.1995999813079834
1073	1074	en	yor	challenge_SSA-MTE	hyp1	News	NaN	-2.1995999813079834
1074	1075	en	yor	challenge_SSA-MTE	hyp1	News	NaN	-2.046051263809204
1075	1076	en	yor	challenge_SSA-MTE	hyp1	News	NaN	-2.046051263809204
1076	1077	en	yor	challenge_SSA-MTE	hyp1	News	NaN	-2.046051263809204
1077	1078	en	yor	challenge_SSA-MTE	hyp1	News	NaN	-2.046051263809204
1078	1079	en	yor	challenge_SSA-MTE	hyp1	News	NaN	-2.046051263809204
1079	1080	en	yor	challenge_SSA-MTE	hyp1	News	NaN	-2.046051263809204
1080	1081	en	yor	challenge_SSA-MTE	hyp1	News	NaN	-2.118401050567627
1081	1082	en	yor	challenge_SSA-MTE	hyp1	News	NaN	-2.118401527404785
1082	1083	en	yor	challenge_SSA-MTE	hyp1	News	NaN	-2.118401527404785
1083	1084	en	yor	challenge_SSA-MTE	hyp1	News	NaN	-2.118401527404785
1084	1085	en	yor	challenge_SSA-MTE	hyp1	News	NaN	-2.118401050567627
1085	1086	en	yor	challenge_SSA-MTE	hyp1	News	NaN	-2.118401050567627
1086	1087	en	yor	challenge_SSA-MTE	hyp1	News	NaN	-2.034191846847534
1087	1088	en	yor	challenge_SSA-MTE	hyp1	News	NaN	-2.034191846847534
1088	1089	en	yor	challenge_SSA-MTE	hyp1	News	NaN	-2.0341928005218506
1089	1090	en	yor	challenge_SSA-MTE	hyp1	News	NaN	-2.034191846847534
1090	1091	en	yor	challenge_SSA-MTE	hyp1	News	NaN	-2.034191846847534
1091	1092	en	yor	challenge_SSA-MTE	hyp1	News	NaN	-2.034191846847534
1092	1093	en	yor	challenge_SSA-MTE	hyp1	News	NaN	-2.056227445602417
1093	1094	en	yor	challenge_SSA-MTE	hyp1	News	NaN	-2.056227445602417
1094	1095	en	yor	challenge_SSA-MTE	hyp1	News	NaN	-2.056227445602417
1095	1096	en	yor	challenge_SSA-MTE	hyp1	News	NaN	-2.056227445602417
1096	1097	en	yor	challenge_SSA-MTE	hyp1	News	NaN	-2.056227445602417
1097	1098	en	yor	challenge_SSA-MTE	hyp1	News	NaN	-2.215733766555786
1098	1099	en	yor	challenge_SSA-MTE	hyp1	News	NaN	-2.215733766555786
1099	1100	en	yor	challenge_SSA-MTE	hyp1	News	NaN	-2.215733766555786
1100	1101	en	yor	challenge_SSA-MTE	hyp1	News	NaN	-2.215733766555786
1101	1102	en	yor	challenge_SSA-MTE	hyp1	News	NaN	-2.215733766555786
1102	1103	en	yor	challenge_SSA-MTE	hyp1	News	NaN	-2.215733766555786
1103	1104	en	yor	challenge_SSA-MTE	hyp1	News	NaN	-2.2975549697875977
1104	1105	en	yor	challenge_SSA-MTE	hyp1	News	NaN	-2.2975549697875977
1105	1106	en	yor	challenge_SSA-MTE	hyp1	News	NaN	-2.2975549697875977
1106	1107	en	yor	challenge_SSA-MTE	hyp1	News	NaN	-2.2975549697875977
1107	1108	en	yor	challenge_SSA-MTE	hyp1	News	NaN	-2.2975549697875977
1108	1109	en	yor	challenge_SSA-MTE	hyp1	News	NaN	-2.2975549697875977
1109	1110	en	yor	challenge_SSA-MTE	hyp1	News	NaN	-2.169426918029785
1110	1111	en	yor	challenge_SSA-MTE	hyp1	News	NaN	-2.169426918029785
1111	1112	en	yor	challenge_SSA-MTE	hyp1	News	NaN	-2.169426918029785
1112	1113	en	yor	challenge_SSA-MTE	hyp1	News	NaN	-2.169426918029785
1113	1114	en	yor	challenge_SSA-MTE	hyp1	News	NaN	-2.169426918029785
1114	1115	en	yor	challenge_SSA-MTE	hyp1	News	NaN	-2.169426918029785
1115	1116	en	yor	challenge_SSA-MTE	hyp1	News	NaN	-2.0537314414978027
1116	1117	en	yor	challenge_SSA-MTE	hyp1	News	NaN	-2.0537314414978027
1117	1118	en	yor	challenge_SSA-MTE	hyp1	News	NaN	-2.0537314414978027
1118	1119	en	yor	challenge_SSA-MTE	hyp1	News	NaN	-2.0537314414978027
1119	1120	en	yor	challenge_SSA-MTE	hyp1	News	NaN	-2.0537314414978027
1120	1121	en	yor	challenge_SSA-MTE	hyp1	News	NaN	-2.0537314414978027
1121	1122	en	yor	challenge_SSA-MTE	hyp1	News	NaN	-1.5581048727035522
1122	1123	en	yor	challenge_SSA-MTE	hyp1	News	NaN	-1.5581048727035522
1123	1124	en	yor	challenge_SSA-MTE	hyp1	News	NaN	-1.5581048727035522
1124	1125	en	yor	challenge_SSA-MTE	hyp1	News	NaN	-1.5581048727035522
1125	1126	en	yor	challenge_SSA-MTE	hyp1	News	NaN	-1.5581048727035522
1126	1127	en	yor	challenge_SSA-MTE	hyp1	News	NaN	-2.138221025466919
1127	1128	en	yor	challenge_SSA-MTE	hyp1	News	NaN	-2.138221025466919
1128	1129	en	yor	challenge_SSA-MTE	hyp1	News	NaN	-2.138221025466919
1129	1130	en	yor	challenge_SSA-MTE	hyp1	News	NaN	-2.138221025466919
1130	1131	en	yor	challenge_SSA-MTE	hyp1	News	NaN	-2.138221025466919
1131	1132	en	yor	challenge_SSA-MTE	hyp1	News	NaN	-2.138221025466919
1132	1133	en	yor	challenge_SSA-MTE	hyp1	News	NaN	-1.7220720052719116
1133	1134	en	yor	challenge_SSA-MTE	hyp1	News	NaN	-1.7220720052719116
1134	1135	en	yor	challenge_SSA-MTE	hyp1	News	NaN	-1.7220720052719116
1135	1136	en	yor	challenge_SSA-MTE	hyp1	News	NaN	-1.7220720052719116
1136	1137	en	yor	challenge_SSA-MTE	hyp1	News	NaN	-1.7220720052719116
1137	1138	en	yor	challenge_SSA-MTE	hyp1	News	NaN	-2.105823516845703
1138	1139	en	yor	challenge_SSA-MTE	hyp1	News	NaN	-2.105823516845703
1139	1140	en	yor	challenge_SSA-MTE	hyp1	News	NaN	-2.105823516845703
1140	1141	en	yor	challenge_SSA-MTE	hyp1	News	NaN	-2.105823516845703
1141	1142	en	yor	challenge_SSA-MTE	hyp1	News	NaN	-2.105823516845703
1142	1143	en	yor	challenge_SSA-MTE	hyp1	News	NaN	-2.105823516845703
1143	1144	en	yor	challenge_SSA-MTE	hyp1	News	NaN	-2.252594470977783
1144	1145	en	yor	challenge_SSA-MTE	hyp1	News	NaN	-2.252594470977783
1145	1146	en	yor	challenge_SSA-MTE	hyp1	News	NaN	-2.252594470977783
1146	1147	en	yor	challenge_SSA-MTE	hyp1	News	NaN	-2.252594470977783
1147	1148	en	yor	challenge_SSA-MTE	hyp1	News	NaN	-2.252594470977783
1148	1149	en	yor	challenge_SSA-MTE	hyp1	News	NaN	-2.252594470977783
1149	1150	en	yor	challenge_SSA-MTE	hyp1	News	NaN	-2.0541043281555176
1150	1151	en	yor	challenge_SSA-MTE	hyp1	News	NaN	-2.0541043281555176
1151	1152	en	yor	challenge_SSA-MTE	hyp1	News	NaN	-2.0541043281555176
1152	1153	en	yor	challenge_SSA-MTE	hyp1	News	NaN	-2.0541043281555176
1153	1154	en	yor	challenge_SSA-MTE	hyp1	News	NaN	-2.0541043281555176
1154	1155	en	yor	challenge_SSA-MTE	hyp1	News	NaN	-2.0541043281555176
1155	1156	en	yor	challenge_SSA-MTE	hyp1	News	NaN	-2.043182134628296
1156	1157	en	yor	challenge_SSA-MTE	hyp1	News	NaN	-2.043182134628296
1157	1158	en	yor	challenge_SSA-MTE	hyp1	News	NaN	-2.043182134628296
1158	1159	en	yor	challenge_SSA-MTE	hyp1	News	NaN	-2.043182134628296
1159	1160	en	yor	challenge_SSA-MTE	hyp1	News	NaN	-2.043182134628296
1160	1161	en	yor	challenge_SSA-MTE	hyp1	News	NaN	-2.043182134628296
1161	1162	en	yor	challenge_SSA-MTE	hyp1	News	NaN	-2.2286298274993896
1162	1163	en	yor	challenge_SSA-MTE	hyp1	News	NaN	-2.2286298274993896
1163	1164	en	yor	challenge_SSA-MTE	hyp1	News	NaN	-2.2286298274993896
1164	1165	en	yor	challenge_SSA-MTE	hyp1	News	NaN	-2.2286298274993896
1165	1166	en	yor	challenge_SSA-MTE	hyp1	News	NaN	-2.2286298274993896
1166	1167	en	yor	challenge_SSA-MTE	hyp1	News	NaN	-2.0026357173919678
1167	1168	en	yor	challenge_SSA-MTE	hyp1	News	NaN	-2.0026357173919678
1168	1169	en	yor	challenge_SSA-MTE	hyp1	News	NaN	-2.0026357173919678
1169	1170	en	yor	challenge_SSA-MTE	hyp1	News	NaN	-2.0026357173919678
1170	1171	en	yor	challenge_SSA-MTE	hyp1	News	NaN	-2.0026357173919678
1171	1172	en	yor	challenge_SSA-MTE	hyp1	News	NaN	-2.0930888652801514
1172	1173	en	yor	challenge_SSA-MTE	hyp1	News	NaN	-2.0930888652801514
1173	1174	en	yor	challenge_SSA-MTE	hyp1	News	NaN	-2.0930888652801514
1174	1175	en	yor	challenge_SSA-MTE	hyp1	News	NaN	-2.0930888652801514
1175	1176	en	yor	challenge_SSA-MTE	hyp1	News	NaN	-2.0930888652801514
1176	1177	en	yor	challenge_SSA-MTE	hyp1	News	NaN	-2.0930888652801514
1177	1178	en	yor	challenge_SSA-MTE	hyp1	News	NaN	-1.7822612524032593
1178	1179	en	yor	challenge_SSA-MTE	hyp1	News	NaN	-1.7822612524032593
1179	1180	en	yor	challenge_SSA-MTE	hyp1	News	NaN	-1.7822612524032593
1180	1181	en	yor	challenge_SSA-MTE	hyp1	News	NaN	-1.7822612524032593
1181	1182	en	yor	challenge_SSA-MTE	hyp1	News	NaN	-1.7822612524032593
1182	1183	en	yor	challenge_SSA-MTE	hyp1	News	NaN	-1.7822612524032593
1183	1184	en	yor	challenge_SSA-MTE	hyp1	News	NaN	-2.2085180282592773
1184	1185	en	yor	challenge_SSA-MTE	hyp1	News	NaN	-2.2085180282592773
1185	1186	en	yor	challenge_SSA-MTE	hyp1	News	NaN	-2.2085180282592773
1186	1187	en	yor	challenge_SSA-MTE	hyp1	News	NaN	-2.2085180282592773
1187	1188	en	yor	challenge_SSA-MTE	hyp1	News	NaN	-2.2085180282592773
1188	1189	en	yor	challenge_SSA-MTE	hyp1	News	NaN	-2.2085180282592773
1189	1190	en	yor	challenge_SSA-MTE	hyp1	News	NaN	-2.0733261108398438
1190	1191	en	yor	challenge_SSA-MTE	hyp1	News	NaN	-2.0733261108398438
1191	1192	en	yor	challenge_SSA-MTE	hyp1	News	NaN	-2.0733261108398438
1192	1193	en	yor	challenge_SSA-MTE	hyp1	News	NaN	-2.0733261108398438
1193	1194	en	yor	challenge_SSA-MTE	hyp1	News	NaN	-2.0733261108398438
1194	1195	en	yor	challenge_SSA-MTE	hyp1	News	NaN	-2.0733261108398438
1195	1196	en	yor	challenge_SSA-MTE	hyp1	News	NaN	-2.1931350231170654
1196	1197	en	yor	challenge_SSA-MTE	hyp1	News	NaN	-2.1931350231170654
1197	1198	en	yor	challenge_SSA-MTE	hyp1	News	NaN	-2.1931350231170654
1198	1199	en	yor	challenge_SSA-MTE	hyp1	News	NaN	-2.1931350231170654
1199	1200	en	yor	challenge_SSA-MTE	hyp1	News	NaN	-2.1931350231170654
1200	1201	en	yor	challenge_SSA-MTE	hyp1	News	NaN	-2.1931350231170654
1201	1202	en	yor	challenge_SSA-MTE	hyp1	News	NaN	-2.114598512649536
1202	1203	en	yor	challenge_SSA-MTE	hyp1	News	NaN	-2.114598512649536
1203	1204	en	yor	challenge_SSA-MTE	hyp1	News	NaN	-2.114598512649536
1204	1205	en	yor	challenge_SSA-MTE	hyp1	News	NaN	-2.114598512649536
1205	1206	en	yor	challenge_SSA-MTE	hyp1	News	NaN	-2.114598512649536
0	1	fr	ewe	challenge_SSA-MTE	hyp1	News	NaN	-0.4270098805427551
1	2	fr	ewe	challenge_SSA-MTE	hyp1	News	NaN	-0.4270098805427551
2	3	fr	ewe	challenge_SSA-MTE	hyp1	News	NaN	-0.4270098805427551
3	4	fr	ewe	challenge_SSA-MTE	hyp1	News	NaN	-0.4270114302635193
4	5	fr	ewe	challenge_SSA-MTE	hyp1	News	NaN	-0.4270114302635193
5	6	fr	ewe	challenge_SSA-MTE	hyp1	News	NaN	-0.19314615428447723
6	7	fr	ewe	challenge_SSA-MTE	hyp1	News	NaN	-0.19314615428447723
7	8	fr	ewe	challenge_SSA-MTE	hyp1	News	NaN	-0.1931437999010086
8	9	fr	ewe	challenge_SSA-MTE	hyp1	News	NaN	-0.19314615428447723
9	10	fr	ewe	challenge_SSA-MTE	hyp1	News	NaN	-0.19314615428447723
10	11	fr	ewe	challenge_SSA-MTE	hyp1	News	NaN	-0.26668524742126465
11	12	fr	ewe	challenge_SSA-MTE	hyp1	News	NaN	-0.26668524742126465
12	13	fr	ewe	challenge_SSA-MTE	hyp1	News	NaN	-0.26668524742126465
13	14	fr	ewe	challenge_SSA-MTE	hyp1	News	NaN	-0.26668524742126465
14	15	fr	ewe	challenge_SSA-MTE	hyp1	News	NaN	0.13835294544696808
15	16	fr	ewe	challenge_SSA-MTE	hyp1	News	NaN	0.13835333287715912
16	17	fr	ewe	challenge_SSA-MTE	hyp1	News	NaN	0.13835333287715912
17	18	fr	ewe	challenge_SSA-MTE	hyp1	News	NaN	0.13835333287715912
18	19	fr	ewe	challenge_SSA-MTE	hyp1	News	NaN	0.13835333287715912
19	20	fr	ewe	challenge_SSA-MTE	hyp1	News	NaN	0.10581102222204208
20	21	fr	ewe	challenge_SSA-MTE	hyp1	News	NaN	0.10581102222204208
21	22	fr	ewe	challenge_SSA-MTE	hyp1	News	NaN	0.10581102222204208
22	23	fr	ewe	challenge_SSA-MTE	hyp1	News	NaN	0.10581102222204208
23	24	fr	ewe	challenge_SSA-MTE	hyp1	News	NaN	-0.5202893614768982
24	25	fr	ewe	challenge_SSA-MTE	hyp1	News	NaN	-0.5202887058258057
25	26	fr	ewe	challenge_SSA-MTE	hyp1	News	NaN	-0.5202887058258057
26	27	fr	ewe	challenge_SSA-MTE	hyp1	News	NaN	-0.5202893614768982
27	28	fr	ewe	challenge_SSA-MTE	hyp1	News	NaN	-0.5202887058258057
28	29	fr	ewe	challenge_SSA-MTE	hyp1	News	NaN	0.09984757751226425
29	30	fr	ewe	challenge_SSA-MTE	hyp1	News	NaN	0.09984757751226425
30	31	fr	ewe	challenge_SSA-MTE	hyp1	News	NaN	0.09984757751226425
31	32	fr	ewe	challenge_SSA-MTE	hyp1	News	NaN	0.09984757751226425
32	33	fr	ewe	challenge_SSA-MTE	hyp1	News	NaN	0.09984751790761948
33	34	fr	ewe	challenge_SSA-MTE	hyp1	News	NaN	-0.3206915259361267
34	35	fr	ewe	challenge_SSA-MTE	hyp1	News	NaN	-0.3206915259361267
35	36	fr	ewe	challenge_SSA-MTE	hyp1	News	NaN	-0.3206915259361267
36	37	fr	ewe	challenge_SSA-MTE	hyp1	News	NaN	-0.3206915259361267
37	38	fr	ewe	challenge_SSA-MTE	hyp1	News	NaN	-0.31836092472076416
38	39	fr	ewe	challenge_SSA-MTE	hyp1	News	NaN	-0.31836092472076416
39	40	fr	ewe	challenge_SSA-MTE	hyp1	News	NaN	-0.31836092472076416
40	41	fr	ewe	challenge_SSA-MTE	hyp1	News	NaN	-0.31836092472076416
41	42	fr	ewe	challenge_SSA-MTE	hyp1	News	NaN	-0.31836092472076416
42	43	fr	ewe	challenge_SSA-MTE	hyp1	News	NaN	-0.9075025916099548
43	44	fr	ewe	challenge_SSA-MTE	hyp1	News	NaN	-0.9075025916099548
44	45	fr	ewe	challenge_SSA-MTE	hyp1	News	NaN	-0.4438526928424835
45	46	fr	ewe	challenge_SSA-MTE	hyp1	News	NaN	-0.4438526928424835
46	47	fr	ewe	challenge_SSA-MTE	hyp1	News	NaN	-0.4438526928424835
47	48	fr	ewe	challenge_SSA-MTE	hyp1	News	NaN	-0.4438526928424835
48	49	fr	ewe	challenge_SSA-MTE	hyp1	News	NaN	-0.44385284185409546
49	50	fr	ewe	challenge_SSA-MTE	hyp1	News	NaN	0.027691572904586792
50	51	fr	ewe	challenge_SSA-MTE	hyp1	News	NaN	0.027691572904586792
51	52	fr	ewe	challenge_SSA-MTE	hyp1	News	NaN	0.027691572904586792
52	53	fr	ewe	challenge_SSA-MTE	hyp1	News	NaN	0.027691572904586792
53	54	fr	ewe	challenge_SSA-MTE	hyp1	News	NaN	-0.29117482900619507
54	55	fr	ewe	challenge_SSA-MTE	hyp1	News	NaN	-0.29117411375045776
55	56	fr	ewe	challenge_SSA-MTE	hyp1	News	NaN	-0.29117482900619507
56	57	fr	ewe	challenge_SSA-MTE	hyp1	News	NaN	-0.29117482900619507
57	58	fr	ewe	challenge_SSA-MTE	hyp1	News	NaN	-0.29117411375045776
58	59	fr	ewe	challenge_SSA-MTE	hyp1	News	NaN	0.027691572904586792
59	60	fr	ewe	challenge_SSA-MTE	hyp1	News	NaN	-0.019536392763257027
60	61	fr	ewe	challenge_SSA-MTE	hyp1	News	NaN	-0.019536392763257027
61	62	fr	ewe	challenge_SSA-MTE	hyp1	News	NaN	-0.019536392763257027
62	63	fr	ewe	challenge_SSA-MTE	hyp1	News	NaN	-0.019536392763257027
63	64	fr	ewe	challenge_SSA-MTE	hyp1	News	NaN	0.025999601930379868
64	65	fr	ewe	challenge_SSA-MTE	hyp1	News	NaN	0.025999601930379868
65	66	fr	ewe	challenge_SSA-MTE	hyp1	News	NaN	0.025999601930379868
66	67	fr	ewe	challenge_SSA-MTE	hyp1	News	NaN	0.025999601930379868
67	68	fr	ewe	challenge_SSA-MTE	hyp1	News	NaN	0.025999601930379868
68	69	fr	ewe	challenge_SSA-MTE	hyp1	News	NaN	-0.27104616165161133
69	70	fr	ewe	challenge_SSA-MTE	hyp1	News	NaN	-0.27104616165161133
70	71	fr	ewe	challenge_SSA-MTE	hyp1	News	NaN	-0.27104616165161133
71	72	fr	ewe	challenge_SSA-MTE	hyp1	News	NaN	-0.27104616165161133
72	73	fr	ewe	challenge_SSA-MTE	hyp1	News	NaN	-0.27104616165161133
73	74	fr	ewe	challenge_SSA-MTE	hyp1	News	NaN	-0.7961119413375854
74	75	fr	ewe	challenge_SSA-MTE	hyp1	News	NaN	-0.7961119413375854
75	76	fr	ewe	challenge_SSA-MTE	hyp1	News	NaN	-0.796110987663269
76	77	fr	ewe	challenge_SSA-MTE	hyp1	News	NaN	-0.796110987663269
77	78	fr	ewe	challenge_SSA-MTE	hyp1	News	NaN	-0.796110987663269
78	79	fr	ewe	challenge_SSA-MTE	hyp1	News	NaN	-0.0017388411797583103
79	80	fr	ewe	challenge_SSA-MTE	hyp1	News	NaN	-0.0017388411797583103
80	81	fr	ewe	challenge_SSA-MTE	hyp1	News	NaN	-0.0017388411797583103
81	82	fr	ewe	challenge_SSA-MTE	hyp1	News	NaN	0.053222380578517914
82	83	fr	ewe	challenge_SSA-MTE	hyp1	News	NaN	0.053222380578517914
83	84	fr	ewe	challenge_SSA-MTE	hyp1	News	NaN	-0.0017388411797583103
84	85	fr	ewe	challenge_SSA-MTE	hyp1	News	NaN	0.053222380578517914
85	86	fr	ewe	challenge_SSA-MTE	hyp1	News	NaN	0.053222380578517914
86	87	fr	ewe	challenge_SSA-MTE	hyp1	News	NaN	0.053222380578517914
87	88	fr	ewe	challenge_SSA-MTE	hyp1	News	NaN	-0.5468112826347351
88	89	fr	ewe	challenge_SSA-MTE	hyp1	News	NaN	-0.5468112826347351
89	90	fr	ewe	challenge_SSA-MTE	hyp1	News	NaN	-0.5468111634254456
90	91	fr	ewe	challenge_SSA-MTE	hyp1	News	NaN	-0.5468112826347351
91	92	fr	ewe	challenge_SSA-MTE	hyp1	News	NaN	-0.41982120275497437
92	93	fr	ewe	challenge_SSA-MTE	hyp1	News	NaN	-0.41982120275497437
93	94	fr	ewe	challenge_SSA-MTE	hyp1	News	NaN	-0.41982120275497437
94	95	fr	ewe	challenge_SSA-MTE	hyp1	News	NaN	-0.2600069046020508
95	96	fr	ewe	challenge_SSA-MTE	hyp1	News	NaN	-0.2600069046020508
96	97	fr	ewe	challenge_SSA-MTE	hyp1	News	NaN	-0.2600069046020508
97	98	fr	ewe	challenge_SSA-MTE	hyp1	News	NaN	-0.2600069046020508
98	99	fr	ewe	challenge_SSA-MTE	hyp1	News	NaN	-0.2600069046020508
99	100	fr	ewe	challenge_SSA-MTE	hyp1	News	NaN	-0.20309090614318848
100	101	fr	ewe	challenge_SSA-MTE	hyp1	News	NaN	-0.20309090614318848
101	102	fr	ewe	challenge_SSA-MTE	hyp1	News	NaN	-0.20309090614318848
102	103	fr	ewe	challenge_SSA-MTE	hyp1	News	NaN	-0.20309090614318848
103	104	fr	ewe	challenge_SSA-MTE	hyp1	News	NaN	-0.20309090614318848
104	105	fr	ewe	challenge_SSA-MTE	hyp1	News	NaN	-0.6896474361419678
105	106	fr	ewe	challenge_SSA-MTE	hyp1	News	NaN	-0.6896474361419678
106	107	fr	ewe	challenge_SSA-MTE	hyp1	News	NaN	-0.6896474361419678
107	108	fr	ewe	challenge_SSA-MTE	hyp1	News	NaN	-0.6896474361419678
108	109	fr	ewe	challenge_SSA-MTE	hyp1	News	NaN	-0.7003293633460999
109	110	fr	ewe	challenge_SSA-MTE	hyp1	News	NaN	-0.7003293633460999
110	111	fr	ewe	challenge_SSA-MTE	hyp1	News	NaN	-0.7003293633460999
111	112	fr	ewe	challenge_SSA-MTE	hyp1	News	NaN	-0.7003293633460999
112	113	fr	ewe	challenge_SSA-MTE	hyp1	News	NaN	-0.17177334427833557
113	114	fr	ewe	challenge_SSA-MTE	hyp1	News	NaN	-0.17177334427833557
114	115	fr	ewe	challenge_SSA-MTE	hyp1	News	NaN	-0.17177334427833557
115	116	fr	ewe	challenge_SSA-MTE	hyp1	News	NaN	-0.17177334427833557
116	117	fr	ewe	challenge_SSA-MTE	hyp1	News	NaN	-0.6759181022644043
117	118	fr	ewe	challenge_SSA-MTE	hyp1	News	NaN	-0.6759181022644043
118	119	fr	ewe	challenge_SSA-MTE	hyp1	News	NaN	-0.6759181022644043
119	120	fr	ewe	challenge_SSA-MTE	hyp1	News	NaN	-0.6759181022644043
120	121	fr	ewe	challenge_SSA-MTE	hyp1	News	NaN	-0.6759181022644043
121	122	fr	ewe	challenge_SSA-MTE	hyp1	News	NaN	-0.3826039433479309
122	123	fr	ewe	challenge_SSA-MTE	hyp1	News	NaN	-0.3826039433479309
123	124	fr	ewe	challenge_SSA-MTE	hyp1	News	NaN	-0.5171875953674316
124	125	fr	ewe	challenge_SSA-MTE	hyp1	News	NaN	-0.5171875953674316
125	126	fr	ewe	challenge_SSA-MTE	hyp1	News	NaN	-0.5171875953674316
126	127	fr	ewe	challenge_SSA-MTE	hyp1	News	NaN	-0.4564940929412842
127	128	fr	ewe	challenge_SSA-MTE	hyp1	News	NaN	-0.4564940929412842
128	129	fr	ewe	challenge_SSA-MTE	hyp1	News	NaN	-0.4564940929412842
129	130	fr	ewe	challenge_SSA-MTE	hyp1	News	NaN	-0.8812637329101562
130	131	fr	ewe	challenge_SSA-MTE	hyp1	News	NaN	-0.8812637329101562
131	132	fr	ewe	challenge_SSA-MTE	hyp1	News	NaN	-0.8812623023986816
132	133	fr	ewe	challenge_SSA-MTE	hyp1	News	NaN	-0.8812637329101562
133	134	fr	ewe	challenge_SSA-MTE	hyp1	News	NaN	-0.8812623023986816
134	135	fr	ewe	challenge_SSA-MTE	hyp1	News	NaN	-0.8762531280517578
135	136	fr	ewe	challenge_SSA-MTE	hyp1	News	NaN	-0.8762531280517578
136	137	fr	ewe	challenge_SSA-MTE	hyp1	News	NaN	-0.8762531280517578
137	138	fr	ewe	challenge_SSA-MTE	hyp1	News	NaN	-0.8762531280517578
138	139	fr	ewe	challenge_SSA-MTE	hyp1	News	NaN	-0.5235201120376587
139	140	fr	ewe	challenge_SSA-MTE	hyp1	News	NaN	-0.5235201120376587
140	141	fr	ewe	challenge_SSA-MTE	hyp1	News	NaN	-0.5235201120376587
141	142	fr	ewe	challenge_SSA-MTE	hyp1	News	NaN	-0.0021877982653677464
142	143	fr	ewe	challenge_SSA-MTE	hyp1	News	NaN	-0.0021877982653677464
143	144	fr	ewe	challenge_SSA-MTE	hyp1	News	NaN	-0.0021877982653677464
144	145	fr	ewe	challenge_SSA-MTE	hyp1	News	NaN	-0.0021877982653677464
145	146	fr	ewe	challenge_SSA-MTE	hyp1	News	NaN	-0.0021877982653677464
146	147	fr	ewe	challenge_SSA-MTE	hyp1	News	NaN	-1.7697914838790894
147	148	fr	ewe	challenge_SSA-MTE	hyp1	News	NaN	-1.7697914838790894
148	149	fr	ewe	challenge_SSA-MTE	hyp1	News	NaN	-1.7697914838790894
149	150	fr	ewe	challenge_SSA-MTE	hyp1	News	NaN	-1.7697914838790894
150	151	fr	ewe	challenge_SSA-MTE	hyp1	News	NaN	-1.7697914838790894
151	152	fr	ewe	challenge_SSA-MTE	hyp1	News	NaN	-1.0184823274612427
152	153	fr	ewe	challenge_SSA-MTE	hyp1	News	NaN	-1.0184823274612427
153	154	fr	ewe	challenge_SSA-MTE	hyp1	News	NaN	-1.0184823274612427
154	155	fr	ewe	challenge_SSA-MTE	hyp1	News	NaN	-0.20410655438899994
155	156	fr	ewe	challenge_SSA-MTE	hyp1	News	NaN	-0.20410655438899994
156	157	fr	ewe	challenge_SSA-MTE	hyp1	News	NaN	-0.20410655438899994
157	158	fr	ewe	challenge_SSA-MTE	hyp1	News	NaN	-0.20410655438899994
158	159	fr	ewe	challenge_SSA-MTE	hyp1	News	NaN	-1.1775094270706177
159	160	fr	ewe	challenge_SSA-MTE	hyp1	News	NaN	-1.1775094270706177
160	161	fr	ewe	challenge_SSA-MTE	hyp1	News	NaN	-1.1775094270706177
161	162	fr	ewe	challenge_SSA-MTE	hyp1	News	NaN	-1.1775094270706177
162	163	fr	ewe	challenge_SSA-MTE	hyp1	News	NaN	-1.1775094270706177
163	164	fr	ewe	challenge_SSA-MTE	hyp1	News	NaN	-0.43222761154174805
164	165	fr	ewe	challenge_SSA-MTE	hyp1	News	NaN	-0.43222832679748535
165	166	fr	ewe	challenge_SSA-MTE	hyp1	News	NaN	-0.43222832679748535
166	167	fr	ewe	challenge_SSA-MTE	hyp1	News	NaN	-0.5622072219848633
167	168	fr	ewe	challenge_SSA-MTE	hyp1	News	NaN	-0.5622072219848633
168	169	fr	ewe	challenge_SSA-MTE	hyp1	News	NaN	-0.5622072219848633
169	170	fr	ewe	challenge_SSA-MTE	hyp1	News	NaN	-0.5622072219848633
170	171	fr	ewe	challenge_SSA-MTE	hyp1	News	NaN	-0.865596354007721
171	172	fr	ewe	challenge_SSA-MTE	hyp1	News	NaN	-0.865596354007721
172	173	fr	ewe	challenge_SSA-MTE	hyp1	News	NaN	-0.865596354007721
173	174	fr	ewe	challenge_SSA-MTE	hyp1	News	NaN	-0.5415666103363037
174	175	fr	ewe	challenge_SSA-MTE	hyp1	News	NaN	-0.5415666103363037
175	176	fr	ewe	challenge_SSA-MTE	hyp1	News	NaN	-0.5415666103363037
176	177	fr	ewe	challenge_SSA-MTE	hyp1	News	NaN	-0.7569093108177185
177	178	fr	ewe	challenge_SSA-MTE	hyp1	News	NaN	-0.7569093108177185
178	179	fr	ewe	challenge_SSA-MTE	hyp1	News	NaN	-0.7569093108177185
179	180	fr	ewe	challenge_SSA-MTE	hyp1	News	NaN	-0.30743837356567383
180	181	fr	ewe	challenge_SSA-MTE	hyp1	News	NaN	-0.30743837356567383
181	182	fr	ewe	challenge_SSA-MTE	hyp1	News	NaN	-0.30743837356567383
182	183	fr	ewe	challenge_SSA-MTE	hyp1	News	NaN	-0.30743837356567383
183	184	fr	ewe	challenge_SSA-MTE	hyp1	News	NaN	-0.30743837356567383
184	185	fr	ewe	challenge_SSA-MTE	hyp1	News	NaN	-0.7425434589385986
185	186	fr	ewe	challenge_SSA-MTE	hyp1	News	NaN	-0.742544412612915
186	187	fr	ewe	challenge_SSA-MTE	hyp1	News	NaN	-0.7425434589385986
187	188	fr	ewe	challenge_SSA-MTE	hyp1	News	NaN	-0.7425436973571777
188	189	fr	ewe	challenge_SSA-MTE	hyp1	News	NaN	-0.0968642458319664
189	190	fr	ewe	challenge_SSA-MTE	hyp1	News	NaN	-0.0968642458319664
190	191	fr	ewe	challenge_SSA-MTE	hyp1	News	NaN	-0.0968642458319664
191	192	fr	ewe	challenge_SSA-MTE	hyp1	News	NaN	-0.0968642458319664
192	193	fr	ewe	challenge_SSA-MTE	hyp1	News	NaN	-0.5218926072120667
193	194	fr	ewe	challenge_SSA-MTE	hyp1	News	NaN	-0.5218926072120667
194	195	fr	ewe	challenge_SSA-MTE	hyp1	News	NaN	-0.5218918323516846
195	196	fr	ewe	challenge_SSA-MTE	hyp1	News	NaN	-0.9971294403076172
196	197	fr	ewe	challenge_SSA-MTE	hyp1	News	NaN	-0.9971294403076172
197	198	fr	ewe	challenge_SSA-MTE	hyp1	News	NaN	-0.0968642458319664
198	199	fr	ewe	challenge_SSA-MTE	hyp1	News	NaN	-0.0968642458319664
199	200	fr	ewe	challenge_SSA-MTE	hyp1	News	NaN	-0.0968642458319664
200	201	fr	ewe	challenge_SSA-MTE	hyp1	News	NaN	-0.0968642458319664
201	202	fr	ewe	challenge_SSA-MTE	hyp1	News	NaN	-0.0968642458319664
202	203	fr	ewe	challenge_SSA-MTE	hyp1	News	NaN	-1.139190912246704
203	204	fr	ewe	challenge_SSA-MTE	hyp1	News	NaN	-1.139190912246704
204	205	fr	ewe	challenge_SSA-MTE	hyp1	News	NaN	-1.139190912246704
205	206	fr	ewe	challenge_SSA-MTE	hyp1	News	NaN	-1.139190912246704
206	207	fr	ewe	challenge_SSA-MTE	hyp1	News	NaN	-1.139190912246704
207	208	fr	ewe	challenge_SSA-MTE	hyp1	News	NaN	-0.2930789291858673
208	209	fr	ewe	challenge_SSA-MTE	hyp1	News	NaN	-0.2930789291858673
209	210	fr	ewe	challenge_SSA-MTE	hyp1	News	NaN	-0.2930789291858673
210	211	fr	ewe	challenge_SSA-MTE	hyp1	News	NaN	-0.2930789291858673
211	212	fr	ewe	challenge_SSA-MTE	hyp1	News	NaN	-1.3514090776443481
212	213	fr	ewe	challenge_SSA-MTE	hyp1	News	NaN	-1.3514090776443481
213	214	fr	ewe	challenge_SSA-MTE	hyp1	News	NaN	-1.3514090776443481
214	215	fr	ewe	challenge_SSA-MTE	hyp1	News	NaN	-1.3514090776443481
215	216	fr	ewe	challenge_SSA-MTE	hyp1	News	NaN	-1.3514090776443481
216	217	fr	ewe	challenge_SSA-MTE	hyp1	News	NaN	-0.8608815670013428
217	218	fr	ewe	challenge_SSA-MTE	hyp1	News	NaN	-0.8608815670013428
218	219	fr	ewe	challenge_SSA-MTE	hyp1	News	NaN	-0.8608815670013428
219	220	fr	ewe	challenge_SSA-MTE	hyp1	News	NaN	-0.8608818054199219
220	221	fr	ewe	challenge_SSA-MTE	hyp1	News	NaN	-0.0968642458319664
221	222	fr	ewe	challenge_SSA-MTE	hyp1	News	NaN	-1.2425731420516968
222	223	fr	ewe	challenge_SSA-MTE	hyp1	News	NaN	-1.2425731420516968
223	224	fr	ewe	challenge_SSA-MTE	hyp1	News	NaN	-1.2425731420516968
224	225	fr	ewe	challenge_SSA-MTE	hyp1	News	NaN	-0.7042332887649536
225	226	fr	ewe	challenge_SSA-MTE	hyp1	News	NaN	-0.7042332887649536
226	227	fr	ewe	challenge_SSA-MTE	hyp1	News	NaN	-0.7042332887649536
227	228	fr	ewe	challenge_SSA-MTE	hyp1	News	NaN	-0.7042332887649536
228	229	fr	ewe	challenge_SSA-MTE	hyp1	News	NaN	-0.7042332887649536
229	230	fr	ewe	challenge_SSA-MTE	hyp1	News	NaN	-0.5540657043457031
230	231	fr	ewe	challenge_SSA-MTE	hyp1	News	NaN	-0.5540657043457031
231	232	fr	ewe	challenge_SSA-MTE	hyp1	News	NaN	-0.5540657043457031
232	233	fr	ewe	challenge_SSA-MTE	hyp1	News	NaN	-0.5540657043457031
233	234	fr	ewe	challenge_SSA-MTE	hyp1	News	NaN	-0.5540657043457031
234	235	fr	ewe	challenge_SSA-MTE	hyp1	News	NaN	-0.9741697907447815
235	236	fr	ewe	challenge_SSA-MTE	hyp1	News	NaN	-0.9741697907447815
236	237	fr	ewe	challenge_SSA-MTE	hyp1	News	NaN	-0.9741697907447815
237	238	fr	ewe	challenge_SSA-MTE	hyp1	News	NaN	-0.9741697907447815
238	239	fr	ewe	challenge_SSA-MTE	hyp1	News	NaN	-0.9741697907447815
239	240	fr	ewe	challenge_SSA-MTE	hyp1	News	NaN	-1.0423723459243774
240	241	fr	ewe	challenge_SSA-MTE	hyp1	News	NaN	-1.0423723459243774
241	242	fr	ewe	challenge_SSA-MTE	hyp1	News	NaN	-1.2030055522918701
242	243	fr	ewe	challenge_SSA-MTE	hyp1	News	NaN	-1.2030055522918701
243	244	fr	ewe	challenge_SSA-MTE	hyp1	News	NaN	-1.2030055522918701
244	245	fr	ewe	challenge_SSA-MTE	hyp1	News	NaN	-1.2030055522918701
245	246	fr	ewe	challenge_SSA-MTE	hyp1	News	NaN	-1.2030055522918701
246	247	fr	ewe	challenge_SSA-MTE	hyp1	News	NaN	-1.0350593328475952
247	248	fr	ewe	challenge_SSA-MTE	hyp1	News	NaN	-1.0350593328475952
248	249	fr	ewe	challenge_SSA-MTE	hyp1	News	NaN	-1.0350593328475952
249	250	fr	ewe	challenge_SSA-MTE	hyp1	News	NaN	-1.0350593328475952
250	251	fr	ewe	challenge_SSA-MTE	hyp1	News	NaN	0.10280805081129074
251	252	fr	ewe	challenge_SSA-MTE	hyp1	News	NaN	0.10280805081129074
252	253	fr	ewe	challenge_SSA-MTE	hyp1	News	NaN	0.10280805081129074
253	254	fr	ewe	challenge_SSA-MTE	hyp1	News	NaN	0.10280805081129074
254	255	fr	ewe	challenge_SSA-MTE	hyp1	News	NaN	0.10280797630548477
255	256	fr	ewe	challenge_SSA-MTE	hyp1	News	NaN	-0.2660926878452301
256	257	fr	ewe	challenge_SSA-MTE	hyp1	News	NaN	-0.2660926878452301
257	258	fr	ewe	challenge_SSA-MTE	hyp1	News	NaN	-1.0633596181869507
258	259	fr	ewe	challenge_SSA-MTE	hyp1	News	NaN	-1.0633612871170044
259	260	fr	ewe	challenge_SSA-MTE	hyp1	News	NaN	-1.0633612871170044
260	261	fr	ewe	challenge_SSA-MTE	hyp1	News	NaN	-1.0633612871170044
261	262	fr	ewe	challenge_SSA-MTE	hyp1	News	NaN	-1.0633612871170044
262	263	fr	ewe	challenge_SSA-MTE	hyp1	News	NaN	-0.584818959236145
263	264	fr	ewe	challenge_SSA-MTE	hyp1	News	NaN	-0.584818959236145
264	265	fr	ewe	challenge_SSA-MTE	hyp1	News	NaN	-0.584818959236145
265	266	fr	ewe	challenge_SSA-MTE	hyp1	News	NaN	-0.584818959236145
266	267	fr	ewe	challenge_SSA-MTE	hyp1	News	NaN	-0.584818959236145
267	268	fr	ewe	challenge_SSA-MTE	hyp1	News	NaN	-0.912967324256897
268	269	fr	ewe	challenge_SSA-MTE	hyp1	News	NaN	-0.9129673838615417
269	270	fr	ewe	challenge_SSA-MTE	hyp1	News	NaN	-0.9129673838615417
270	271	fr	ewe	challenge_SSA-MTE	hyp1	News	NaN	-0.9129673838615417
271	272	fr	ewe	challenge_SSA-MTE	hyp1	News	NaN	-1.0827003717422485
272	273	fr	ewe	challenge_SSA-MTE	hyp1	News	NaN	-1.0827003717422485
273	274	fr	ewe	challenge_SSA-MTE	hyp1	News	NaN	-1.0827003717422485
274	275	fr	ewe	challenge_SSA-MTE	hyp1	News	NaN	-1.260769248008728
275	276	fr	ewe	challenge_SSA-MTE	hyp1	News	NaN	-1.260769248008728
276	277	fr	ewe	challenge_SSA-MTE	hyp1	News	NaN	-1.2607698440551758
277	278	fr	ewe	challenge_SSA-MTE	hyp1	News	NaN	-0.8354813456535339
278	279	fr	ewe	challenge_SSA-MTE	hyp1	News	NaN	-0.8354813456535339
279	280	fr	ewe	challenge_SSA-MTE	hyp1	News	NaN	-0.8354813456535339
280	281	fr	ewe	challenge_SSA-MTE	hyp1	News	NaN	-0.8354803323745728
281	282	fr	ewe	challenge_SSA-MTE	hyp1	News	NaN	-0.8354813456535339
282	283	fr	ewe	challenge_SSA-MTE	hyp1	News	NaN	-1.350669503211975
283	284	fr	ewe	challenge_SSA-MTE	hyp1	News	NaN	-1.350669503211975
284	285	fr	ewe	challenge_SSA-MTE	hyp1	News	NaN	-1.350669503211975
285	286	fr	ewe	challenge_SSA-MTE	hyp1	News	NaN	-1.0752981901168823
286	287	fr	ewe	challenge_SSA-MTE	hyp1	News	NaN	-1.075296401977539
287	288	fr	ewe	challenge_SSA-MTE	hyp1	News	NaN	-1.075296401977539
288	289	fr	ewe	challenge_SSA-MTE	hyp1	News	NaN	-1.075296401977539
289	290	fr	ewe	challenge_SSA-MTE	hyp1	News	NaN	-1.075296401977539
290	291	fr	ewe	challenge_SSA-MTE	hyp1	News	NaN	-1.1190050840377808
291	292	fr	ewe	challenge_SSA-MTE	hyp1	News	NaN	-1.1190050840377808
292	293	fr	ewe	challenge_SSA-MTE	hyp1	News	NaN	-1.1190050840377808
293	294	fr	ewe	challenge_SSA-MTE	hyp1	News	NaN	-1.1190050840377808
294	295	fr	ewe	challenge_SSA-MTE	hyp1	News	NaN	-1.5622551441192627
295	296	fr	ewe	challenge_SSA-MTE	hyp1	News	NaN	-1.5622551441192627
296	297	fr	ewe	challenge_SSA-MTE	hyp1	News	NaN	-1.5622551441192627
297	298	fr	ewe	challenge_SSA-MTE	hyp1	News	NaN	-1.5622551441192627
298	299	fr	ewe	challenge_SSA-MTE	hyp1	News	NaN	-1.5622551441192627
299	300	fr	ewe	challenge_SSA-MTE	hyp1	News	NaN	-1.2233288288116455
300	301	fr	ewe	challenge_SSA-MTE	hyp1	News	NaN	-1.2233288288116455
301	302	fr	ewe	challenge_SSA-MTE	hyp1	News	NaN	-1.0962183475494385
302	303	fr	ewe	challenge_SSA-MTE	hyp1	News	NaN	-1.0962183475494385
303	304	fr	ewe	challenge_SSA-MTE	hyp1	News	NaN	-1.0962183475494385
304	305	fr	ewe	challenge_SSA-MTE	hyp1	News	NaN	-1.0962183475494385
305	306	fr	ewe	challenge_SSA-MTE	hyp1	News	NaN	-1.0962183475494385
306	307	fr	ewe	challenge_SSA-MTE	hyp1	News	NaN	-1.1901730298995972
307	308	fr	ewe	challenge_SSA-MTE	hyp1	News	NaN	-1.1901719570159912
308	309	fr	ewe	challenge_SSA-MTE	hyp1	News	NaN	-1.1901730298995972
309	310	fr	ewe	challenge_SSA-MTE	hyp1	News	NaN	-0.5071062445640564
310	311	fr	ewe	challenge_SSA-MTE	hyp1	News	NaN	-0.5071062445640564
311	312	fr	ewe	challenge_SSA-MTE	hyp1	News	NaN	-0.5071062445640564
312	313	fr	ewe	challenge_SSA-MTE	hyp1	News	NaN	-0.5071062445640564
313	314	fr	ewe	challenge_SSA-MTE	hyp1	News	NaN	-0.448101669549942
314	315	fr	ewe	challenge_SSA-MTE	hyp1	News	NaN	-0.448101669549942
315	316	fr	ewe	challenge_SSA-MTE	hyp1	News	NaN	-0.4481026530265808
316	317	fr	ewe	challenge_SSA-MTE	hyp1	News	NaN	-0.4481026530265808
317	318	fr	ewe	challenge_SSA-MTE	hyp1	News	NaN	-0.7071792483329773
318	319	fr	ewe	challenge_SSA-MTE	hyp1	News	NaN	-0.7071792483329773
319	320	fr	ewe	challenge_SSA-MTE	hyp1	News	NaN	-0.16148759424686432
320	321	fr	ewe	challenge_SSA-MTE	hyp1	News	NaN	-0.16148759424686432
321	322	fr	ewe	challenge_SSA-MTE	hyp1	News	NaN	-0.16148759424686432
322	323	fr	ewe	challenge_SSA-MTE	hyp1	News	NaN	-0.16148759424686432
323	324	fr	ewe	challenge_SSA-MTE	hyp1	News	NaN	-0.8042701482772827
324	325	fr	ewe	challenge_SSA-MTE	hyp1	News	NaN	-0.8042701482772827
325	326	fr	ewe	challenge_SSA-MTE	hyp1	News	NaN	-0.681790292263031
326	327	fr	ewe	challenge_SSA-MTE	hyp1	News	NaN	-0.681790292263031
327	328	fr	ewe	challenge_SSA-MTE	hyp1	News	NaN	-0.681790292263031
328	329	fr	ewe	challenge_SSA-MTE	hyp1	News	NaN	-0.681790292263031
329	330	fr	ewe	challenge_SSA-MTE	hyp1	News	NaN	-0.7046798467636108
330	331	fr	ewe	challenge_SSA-MTE	hyp1	News	NaN	-0.7046798467636108
331	332	fr	ewe	challenge_SSA-MTE	hyp1	News	NaN	-0.7046798467636108
332	333	fr	ewe	challenge_SSA-MTE	hyp1	News	NaN	-0.7046798467636108
333	334	fr	ewe	challenge_SSA-MTE	hyp1	News	NaN	-0.7046798467636108
334	335	fr	ewe	challenge_SSA-MTE	hyp1	News	NaN	-0.8882307410240173
335	336	fr	ewe	challenge_SSA-MTE	hyp1	News	NaN	-0.8882307410240173
336	337	fr	ewe	challenge_SSA-MTE	hyp1	News	NaN	-0.8882307410240173
337	338	fr	ewe	challenge_SSA-MTE	hyp1	News	NaN	-0.8882307410240173
338	339	fr	ewe	challenge_SSA-MTE	hyp1	News	NaN	-0.8882307410240173
339	340	fr	ewe	challenge_SSA-MTE	hyp1	News	NaN	-0.9446311593055725
340	341	fr	ewe	challenge_SSA-MTE	hyp1	News	NaN	-0.9446311593055725
341	342	fr	ewe	challenge_SSA-MTE	hyp1	News	NaN	-0.9446311593055725
342	343	fr	ewe	challenge_SSA-MTE	hyp1	News	NaN	-0.9446311593055725
343	344	fr	ewe	challenge_SSA-MTE	hyp1	News	NaN	-0.9446311593055725
344	345	fr	ewe	challenge_SSA-MTE	hyp1	News	NaN	-1.5068589448928833
345	346	fr	ewe	challenge_SSA-MTE	hyp1	News	NaN	-1.5068589448928833
346	347	fr	ewe	challenge_SSA-MTE	hyp1	News	NaN	-1.5068589448928833
347	348	fr	ewe	challenge_SSA-MTE	hyp1	News	NaN	-1.5068589448928833
348	349	fr	ewe	challenge_SSA-MTE	hyp1	News	NaN	-1.5705583095550537
349	350	fr	ewe	challenge_SSA-MTE	hyp1	News	NaN	-1.5705583095550537
350	351	fr	ewe	challenge_SSA-MTE	hyp1	News	NaN	-1.5705583095550537
351	352	fr	ewe	challenge_SSA-MTE	hyp1	News	NaN	-1.5705574750900269
352	353	fr	ewe	challenge_SSA-MTE	hyp1	News	NaN	-1.5705574750900269
353	354	fr	ewe	challenge_SSA-MTE	hyp1	News	NaN	-1.3960202932357788
354	355	fr	ewe	challenge_SSA-MTE	hyp1	News	NaN	-1.3960202932357788
355	356	fr	ewe	challenge_SSA-MTE	hyp1	News	NaN	-1.3960202932357788
356	357	fr	ewe	challenge_SSA-MTE	hyp1	News	NaN	-1.3960202932357788
357	358	fr	ewe	challenge_SSA-MTE	hyp1	News	NaN	-1.3960202932357788
358	359	fr	ewe	challenge_SSA-MTE	hyp1	News	NaN	-0.7269576787948608
359	360	fr	ewe	challenge_SSA-MTE	hyp1	News	NaN	-0.7269576787948608
360	361	fr	ewe	challenge_SSA-MTE	hyp1	News	NaN	-0.7269576787948608
361	362	fr	ewe	challenge_SSA-MTE	hyp1	News	NaN	-0.7269576787948608
362	363	fr	ewe	challenge_SSA-MTE	hyp1	News	NaN	-0.8051894903182983
363	364	fr	ewe	challenge_SSA-MTE	hyp1	News	NaN	-0.8051878213882446
364	365	fr	ewe	challenge_SSA-MTE	hyp1	News	NaN	-0.8051878213882446
365	366	fr	ewe	challenge_SSA-MTE	hyp1	News	NaN	-0.8051872253417969
366	367	fr	ewe	challenge_SSA-MTE	hyp1	News	NaN	-0.8051894903182983
367	368	fr	ewe	challenge_SSA-MTE	hyp1	News	NaN	-1.118757724761963
368	369	fr	ewe	challenge_SSA-MTE	hyp1	News	NaN	-1.118757724761963
369	370	fr	ewe	challenge_SSA-MTE	hyp1	News	NaN	-1.1187583208084106
370	371	fr	ewe	challenge_SSA-MTE	hyp1	News	NaN	-1.118757724761963
371	372	fr	ewe	challenge_SSA-MTE	hyp1	News	NaN	-1.118757724761963
372	373	fr	ewe	challenge_SSA-MTE	hyp1	News	NaN	-1.7123003005981445
373	374	fr	ewe	challenge_SSA-MTE	hyp1	News	NaN	-1.7123003005981445
374	375	fr	ewe	challenge_SSA-MTE	hyp1	News	NaN	-1.7123003005981445
375	376	fr	ewe	challenge_SSA-MTE	hyp1	News	NaN	-1.7123003005981445
376	377	fr	ewe	challenge_SSA-MTE	hyp1	News	NaN	-1.7123003005981445
377	378	fr	ewe	challenge_SSA-MTE	hyp1	News	NaN	-1.114915132522583
378	379	fr	ewe	challenge_SSA-MTE	hyp1	News	NaN	-1.114915132522583
379	380	fr	ewe	challenge_SSA-MTE	hyp1	News	NaN	-1.114915132522583
380	381	fr	ewe	challenge_SSA-MTE	hyp1	News	NaN	-1.114915132522583
381	382	fr	ewe	challenge_SSA-MTE	hyp1	News	NaN	-1.114915132522583
382	383	fr	ewe	challenge_SSA-MTE	hyp1	News	NaN	-1.045510172843933
383	384	fr	ewe	challenge_SSA-MTE	hyp1	News	NaN	-1.0455119609832764
384	385	fr	ewe	challenge_SSA-MTE	hyp1	News	NaN	-1.0455119609832764
385	386	fr	ewe	challenge_SSA-MTE	hyp1	News	NaN	-1.0455119609832764
386	387	fr	ewe	challenge_SSA-MTE	hyp1	News	NaN	-0.5004122257232666
387	388	fr	ewe	challenge_SSA-MTE	hyp1	News	NaN	-0.5004122257232666
388	389	fr	ewe	challenge_SSA-MTE	hyp1	News	NaN	-1.4826924800872803
389	390	fr	ewe	challenge_SSA-MTE	hyp1	News	NaN	-1.482692003250122
390	391	fr	ewe	challenge_SSA-MTE	hyp1	News	NaN	-1.4826924800872803
391	392	fr	ewe	challenge_SSA-MTE	hyp1	News	NaN	-1.482692003250122
392	393	fr	ewe	challenge_SSA-MTE	hyp1	News	NaN	-1.482692003250122
393	394	fr	ewe	challenge_SSA-MTE	hyp1	News	NaN	-1.0998715162277222
394	395	fr	ewe	challenge_SSA-MTE	hyp1	News	NaN	-1.0998715162277222
395	396	fr	ewe	challenge_SSA-MTE	hyp1	News	NaN	-1.0998715162277222
396	397	fr	ewe	challenge_SSA-MTE	hyp1	News	NaN	-1.0998715162277222
397	398	fr	ewe	challenge_SSA-MTE	hyp1	News	NaN	-1.0998715162277222
398	399	fr	ewe	challenge_SSA-MTE	hyp1	News	NaN	-1.3973675966262817
399	400	fr	ewe	challenge_SSA-MTE	hyp1	News	NaN	-1.3973675966262817
400	401	fr	ewe	challenge_SSA-MTE	hyp1	News	NaN	-1.1305638551712036
401	402	fr	ewe	challenge_SSA-MTE	hyp1	News	NaN	-1.1305638551712036
402	403	fr	ewe	challenge_SSA-MTE	hyp1	News	NaN	-1.1305638551712036
403	404	fr	ewe	challenge_SSA-MTE	hyp1	News	NaN	-1.1305638551712036
404	405	fr	ewe	challenge_SSA-MTE	hyp1	News	NaN	-1.1305638551712036
405	406	fr	ewe	challenge_SSA-MTE	hyp1	News	NaN	-0.4093359708786011
406	407	fr	ewe	challenge_SSA-MTE	hyp1	News	NaN	-0.4093359708786011
407	408	fr	ewe	challenge_SSA-MTE	hyp1	News	NaN	-0.4093359708786011
408	409	fr	ewe	challenge_SSA-MTE	hyp1	News	NaN	-0.4093359708786011
409	410	fr	ewe	challenge_SSA-MTE	hyp1	News	NaN	-1.9613099098205566
410	411	fr	ewe	challenge_SSA-MTE	hyp1	News	NaN	-1.9613099098205566
411	412	fr	ewe	challenge_SSA-MTE	hyp1	News	NaN	-1.9613099098205566
412	413	fr	ewe	challenge_SSA-MTE	hyp1	News	NaN	-1.9613099098205566
413	414	fr	ewe	challenge_SSA-MTE	hyp1	News	NaN	-0.9410504698753357
414	415	fr	ewe	challenge_SSA-MTE	hyp1	News	NaN	-0.9410504698753357
415	416	fr	ewe	challenge_SSA-MTE	hyp1	News	NaN	-0.9410504698753357
416	417	fr	ewe	challenge_SSA-MTE	hyp1	News	NaN	-0.9410504698753357
417	418	fr	ewe	challenge_SSA-MTE	hyp1	News	NaN	-0.94105064868927
418	419	fr	ewe	challenge_SSA-MTE	hyp1	News	NaN	-0.6403896808624268
419	420	fr	ewe	challenge_SSA-MTE	hyp1	News	NaN	-0.6403911113739014
420	421	fr	ewe	challenge_SSA-MTE	hyp1	News	NaN	-1.3575228452682495
421	422	fr	ewe	challenge_SSA-MTE	hyp1	News	NaN	-1.3575228452682495
422	423	fr	ewe	challenge_SSA-MTE	hyp1	News	NaN	-1.3575221300125122
423	424	fr	ewe	challenge_SSA-MTE	hyp1	News	NaN	-1.3575228452682495
424	425	fr	ewe	challenge_SSA-MTE	hyp1	News	NaN	-1.3575228452682495
425	426	fr	ewe	challenge_SSA-MTE	hyp1	News	NaN	-1.092673659324646
426	427	fr	ewe	challenge_SSA-MTE	hyp1	News	NaN	-1.092673659324646
427	428	fr	ewe	challenge_SSA-MTE	hyp1	News	NaN	-1.092673659324646
428	429	fr	ewe	challenge_SSA-MTE	hyp1	News	NaN	-0.7385450005531311
429	430	fr	ewe	challenge_SSA-MTE	hyp1	News	NaN	-0.7385450005531311
430	431	fr	ewe	challenge_SSA-MTE	hyp1	News	NaN	-0.7385450005531311
431	432	fr	ewe	challenge_SSA-MTE	hyp1	News	NaN	-1.577454924583435
432	433	fr	ewe	challenge_SSA-MTE	hyp1	News	NaN	-1.577454924583435
433	434	fr	ewe	challenge_SSA-MTE	hyp1	News	NaN	-1.577454924583435
434	435	fr	ewe	challenge_SSA-MTE	hyp1	News	NaN	-1.577454924583435
435	436	fr	ewe	challenge_SSA-MTE	hyp1	News	NaN	-1.577454924583435
436	437	fr	ewe	challenge_SSA-MTE	hyp1	News	NaN	-1.6903014183044434
437	438	fr	ewe	challenge_SSA-MTE	hyp1	News	NaN	-1.6903014183044434
438	439	fr	ewe	challenge_SSA-MTE	hyp1	News	NaN	-1.6903014183044434
439	440	fr	ewe	challenge_SSA-MTE	hyp1	News	NaN	-1.6903014183044434
440	441	fr	ewe	challenge_SSA-MTE	hyp1	News	NaN	-1.6903014183044434
441	442	fr	ewe	challenge_SSA-MTE	hyp1	News	NaN	-0.7164665460586548
442	443	fr	ewe	challenge_SSA-MTE	hyp1	News	NaN	-0.7164665460586548
443	444	fr	ewe	challenge_SSA-MTE	hyp1	News	NaN	-0.7164665460586548
444	445	fr	ewe	challenge_SSA-MTE	hyp1	News	NaN	-0.7164665460586548
445	446	fr	ewe	challenge_SSA-MTE	hyp1	News	NaN	-0.7164665460586548
446	447	fr	ewe	challenge_SSA-MTE	hyp1	News	NaN	-0.8267409801483154
447	448	fr	ewe	challenge_SSA-MTE	hyp1	News	NaN	-0.8267409801483154
448	449	fr	ewe	challenge_SSA-MTE	hyp1	News	NaN	-0.826740562915802
449	450	fr	ewe	challenge_SSA-MTE	hyp1	News	NaN	-0.826740562915802
450	451	fr	ewe	challenge_SSA-MTE	hyp1	News	NaN	-0.8267409801483154
451	452	fr	ewe	challenge_SSA-MTE	hyp1	News	NaN	-0.9666705131530762
452	453	fr	ewe	challenge_SSA-MTE	hyp1	News	NaN	-0.9666705131530762
453	454	fr	ewe	challenge_SSA-MTE	hyp1	News	NaN	-0.9666705131530762
454	455	fr	ewe	challenge_SSA-MTE	hyp1	News	NaN	-0.9666705131530762
455	456	fr	ewe	challenge_SSA-MTE	hyp1	News	NaN	-0.9666705131530762
456	457	fr	ewe	challenge_SSA-MTE	hyp1	News	NaN	-1.7753244638442993
457	458	fr	ewe	challenge_SSA-MTE	hyp1	News	NaN	-1.7753244638442993
458	459	fr	ewe	challenge_SSA-MTE	hyp1	News	NaN	-1.7753244638442993
459	460	fr	ewe	challenge_SSA-MTE	hyp1	News	NaN	-1.7753244638442993
460	461	fr	ewe	challenge_SSA-MTE	hyp1	News	NaN	-1.7753244638442993
461	462	fr	ewe	challenge_SSA-MTE	hyp1	News	NaN	-1.1023383140563965
462	463	fr	ewe	challenge_SSA-MTE	hyp1	News	NaN	-1.1023383140563965
463	464	fr	ewe	challenge_SSA-MTE	hyp1	News	NaN	-1.1023383140563965
464	465	fr	ewe	challenge_SSA-MTE	hyp1	News	NaN	-1.1023383140563965
465	466	fr	ewe	challenge_SSA-MTE	hyp1	News	NaN	-1.1023383140563965
466	467	fr	ewe	challenge_SSA-MTE	hyp1	News	NaN	-1.3205138444900513
467	468	fr	ewe	challenge_SSA-MTE	hyp1	News	NaN	-1.3205138444900513
468	469	fr	ewe	challenge_SSA-MTE	hyp1	News	NaN	-1.3205130100250244
469	470	fr	ewe	challenge_SSA-MTE	hyp1	News	NaN	-1.3205138444900513
470	471	fr	ewe	challenge_SSA-MTE	hyp1	News	NaN	-1.3205138444900513
471	472	fr	ewe	challenge_SSA-MTE	hyp1	News	NaN	-1.1693814992904663
472	473	fr	ewe	challenge_SSA-MTE	hyp1	News	NaN	-1.1693814992904663
473	474	fr	ewe	challenge_SSA-MTE	hyp1	News	NaN	-1.1693814992904663
474	475	fr	ewe	challenge_SSA-MTE	hyp1	News	NaN	-1.1693814992904663
475	476	fr	ewe	challenge_SSA-MTE	hyp1	News	NaN	-1.1693814992904663
476	477	fr	ewe	challenge_SSA-MTE	hyp1	News	NaN	-0.9381216764450073
477	478	fr	ewe	challenge_SSA-MTE	hyp1	News	NaN	-0.9381201863288879
478	479	fr	ewe	challenge_SSA-MTE	hyp1	News	NaN	-0.9381201863288879
479	480	fr	ewe	challenge_SSA-MTE	hyp1	News	NaN	-0.9381201863288879
480	481	fr	ewe	challenge_SSA-MTE	hyp1	News	NaN	-0.9381201863288879
481	482	fr	ewe	challenge_SSA-MTE	hyp1	News	NaN	-1.6882073879241943
482	483	fr	ewe	challenge_SSA-MTE	hyp1	News	NaN	-1.6882073879241943
483	484	fr	ewe	challenge_SSA-MTE	hyp1	News	NaN	-1.6882073879241943
484	485	fr	ewe	challenge_SSA-MTE	hyp1	News	NaN	-1.6882073879241943
485	486	fr	ewe	challenge_SSA-MTE	hyp1	News	NaN	-1.6882073879241943
486	487	fr	ewe	challenge_SSA-MTE	hyp1	News	NaN	-1.6568974256515503
487	488	fr	ewe	challenge_SSA-MTE	hyp1	News	NaN	-1.6568974256515503
488	489	fr	ewe	challenge_SSA-MTE	hyp1	News	NaN	-1.6568974256515503
489	490	fr	ewe	challenge_SSA-MTE	hyp1	News	NaN	-1.6568974256515503
490	491	fr	ewe	challenge_SSA-MTE	hyp1	News	NaN	-1.6568974256515503
491	492	fr	ewe	challenge_SSA-MTE	hyp1	News	NaN	-0.26701676845550537
492	493	fr	ewe	challenge_SSA-MTE	hyp1	News	NaN	-0.26701676845550537
493	494	fr	ewe	challenge_SSA-MTE	hyp1	News	NaN	-0.26701676845550537
494	495	fr	ewe	challenge_SSA-MTE	hyp1	News	NaN	-0.26701676845550537
495	496	fr	ewe	challenge_SSA-MTE	hyp1	News	NaN	-0.26701676845550537
496	497	fr	ewe	challenge_SSA-MTE	hyp1	News	NaN	-1.400970220565796
497	498	fr	ewe	challenge_SSA-MTE	hyp1	News	NaN	-1.400970220565796
498	499	fr	ewe	challenge_SSA-MTE	hyp1	News	NaN	-1.400970220565796
499	500	fr	ewe	challenge_SSA-MTE	hyp1	News	NaN	-1.400970220565796
500	501	fr	ewe	challenge_SSA-MTE	hyp1	News	NaN	-1.400970220565796
501	502	fr	ewe	challenge_SSA-MTE	hyp1	News	NaN	-1.2320444583892822
502	503	fr	ewe	challenge_SSA-MTE	hyp1	News	NaN	-1.2320444583892822
503	504	fr	ewe	challenge_SSA-MTE	hyp1	News	NaN	-1.2320431470870972
504	505	fr	ewe	challenge_SSA-MTE	hyp1	News	NaN	-1.2320431470870972
505	506	fr	ewe	challenge_SSA-MTE	hyp1	News	NaN	-1.2320431470870972
506	507	fr	ewe	challenge_SSA-MTE	hyp1	News	NaN	-1.4686319828033447
507	508	fr	ewe	challenge_SSA-MTE	hyp1	News	NaN	-1.4686332941055298
508	509	fr	ewe	challenge_SSA-MTE	hyp1	News	NaN	-1.4686328172683716
509	510	fr	ewe	challenge_SSA-MTE	hyp1	News	NaN	-1.4686332941055298
510	511	fr	ewe	challenge_SSA-MTE	hyp1	News	NaN	-1.4686332941055298
511	512	fr	ewe	challenge_SSA-MTE	hyp1	News	NaN	-0.9666705131530762
512	513	fr	ewe	challenge_SSA-MTE	hyp1	News	NaN	-0.9666705131530762
513	514	fr	ewe	challenge_SSA-MTE	hyp1	News	NaN	-0.9666705131530762
514	515	fr	ewe	challenge_SSA-MTE	hyp1	News	NaN	-0.9666705131530762
515	516	fr	ewe	challenge_SSA-MTE	hyp1	News	NaN	-0.9666705131530762
516	517	fr	ewe	challenge_SSA-MTE	hyp1	News	NaN	-1.3640755414962769
517	518	fr	ewe	challenge_SSA-MTE	hyp1	News	NaN	-1.3640755414962769
518	519	fr	ewe	challenge_SSA-MTE	hyp1	News	NaN	-1.3640755414962769
519	520	fr	ewe	challenge_SSA-MTE	hyp1	News	NaN	-1.3640755414962769
520	521	fr	ewe	challenge_SSA-MTE	hyp1	News	NaN	-1.3640755414962769
521	522	fr	ewe	challenge_SSA-MTE	hyp1	News	NaN	-0.9861524701118469
522	523	fr	ewe	challenge_SSA-MTE	hyp1	News	NaN	-0.9861515760421753
523	524	fr	ewe	challenge_SSA-MTE	hyp1	News	NaN	-0.9861524701118469
524	525	fr	ewe	challenge_SSA-MTE	hyp1	News	NaN	-0.9861524701118469
525	526	fr	ewe	challenge_SSA-MTE	hyp1	News	NaN	-0.9861524701118469
526	527	fr	ewe	challenge_SSA-MTE	hyp1	News	NaN	-1.107177495956421
527	528	fr	ewe	challenge_SSA-MTE	hyp1	News	NaN	-1.1071751117706299
528	529	fr	ewe	challenge_SSA-MTE	hyp1	News	NaN	-1.107177495956421
529	530	fr	ewe	challenge_SSA-MTE	hyp1	News	NaN	-1.107177495956421
530	531	fr	ewe	challenge_SSA-MTE	hyp1	News	NaN	-1.1071751117706299
531	532	fr	ewe	challenge_SSA-MTE	hyp1	News	NaN	-1.9392732381820679
532	533	fr	ewe	challenge_SSA-MTE	hyp1	News	NaN	-1.9392731189727783
533	534	fr	ewe	challenge_SSA-MTE	hyp1	News	NaN	-1.9392731189727783
534	535	fr	ewe	challenge_SSA-MTE	hyp1	News	NaN	-1.9392731189727783
535	536	fr	ewe	challenge_SSA-MTE	hyp1	News	NaN	-1.9392731189727783
536	537	fr	ewe	challenge_SSA-MTE	hyp1	News	NaN	-0.9666705131530762
537	538	fr	ewe	challenge_SSA-MTE	hyp1	News	NaN	-1.0123887062072754
538	539	fr	ewe	challenge_SSA-MTE	hyp1	News	NaN	-1.0123885869979858
539	540	fr	ewe	challenge_SSA-MTE	hyp1	News	NaN	-1.0123875141143799
540	541	fr	ewe	challenge_SSA-MTE	hyp1	News	NaN	-1.0123875141143799
541	542	fr	ewe	challenge_SSA-MTE	hyp1	News	NaN	-1.0123885869979858
542	543	fr	ewe	challenge_SSA-MTE	hyp1	News	NaN	-0.9666705131530762
543	544	fr	ewe	challenge_SSA-MTE	hyp1	News	NaN	-0.9666705131530762
544	545	fr	ewe	challenge_SSA-MTE	hyp1	News	NaN	-0.9666705131530762
545	546	fr	ewe	challenge_SSA-MTE	hyp1	News	NaN	-0.9666705131530762
546	547	fr	ewe	challenge_SSA-MTE	hyp1	News	NaN	-1.823005199432373
547	548	fr	ewe	challenge_SSA-MTE	hyp1	News	NaN	-1.823005199432373
548	549	fr	ewe	challenge_SSA-MTE	hyp1	News	NaN	-1.823005199432373
549	550	fr	ewe	challenge_SSA-MTE	hyp1	News	NaN	-1.823005199432373
550	551	fr	ewe	challenge_SSA-MTE	hyp1	News	NaN	-1.823005199432373
551	552	fr	ewe	challenge_SSA-MTE	hyp1	News	NaN	-1.4721137285232544
552	553	fr	ewe	challenge_SSA-MTE	hyp1	News	NaN	-1.4721137285232544
553	554	fr	ewe	challenge_SSA-MTE	hyp1	News	NaN	-1.4721137285232544
554	555	fr	ewe	challenge_SSA-MTE	hyp1	News	NaN	-1.4721137285232544
555	556	fr	ewe	challenge_SSA-MTE	hyp1	News	NaN	-1.4721137285232544
556	557	fr	ewe	challenge_SSA-MTE	hyp1	News	NaN	-1.8819350004196167
557	558	fr	ewe	challenge_SSA-MTE	hyp1	News	NaN	-1.8819350004196167
558	559	fr	ewe	challenge_SSA-MTE	hyp1	News	NaN	-1.8819350004196167
559	560	fr	ewe	challenge_SSA-MTE	hyp1	News	NaN	-1.8819350004196167
560	561	fr	ewe	challenge_SSA-MTE	hyp1	News	NaN	-1.8819350004196167
561	562	fr	ewe	challenge_SSA-MTE	hyp1	News	NaN	-0.9876062273979187
562	563	fr	ewe	challenge_SSA-MTE	hyp1	News	NaN	-0.9876062273979187
563	564	fr	ewe	challenge_SSA-MTE	hyp1	News	NaN	-0.9876062273979187
564	565	fr	ewe	challenge_SSA-MTE	hyp1	News	NaN	-0.9876062273979187
565	566	fr	ewe	challenge_SSA-MTE	hyp1	News	NaN	-0.9876062273979187
566	567	fr	ewe	challenge_SSA-MTE	hyp1	News	NaN	-1.1530956029891968
567	568	fr	ewe	challenge_SSA-MTE	hyp1	News	NaN	-1.1530956029891968
568	569	fr	ewe	challenge_SSA-MTE	hyp1	News	NaN	-1.1530956029891968
569	570	fr	ewe	challenge_SSA-MTE	hyp1	News	NaN	-1.1530944108963013
570	571	fr	ewe	challenge_SSA-MTE	hyp1	News	NaN	-1.1530956029891968
571	572	fr	ewe	challenge_SSA-MTE	hyp1	News	NaN	-1.3403083086013794
572	573	fr	ewe	challenge_SSA-MTE	hyp1	News	NaN	-1.3403078317642212
573	574	fr	ewe	challenge_SSA-MTE	hyp1	News	NaN	-1.3403078317642212
574	575	fr	ewe	challenge_SSA-MTE	hyp1	News	NaN	-1.3403078317642212
575	576	fr	ewe	challenge_SSA-MTE	hyp1	News	NaN	-1.3403083086013794
576	577	fr	ewe	challenge_SSA-MTE	hyp1	News	NaN	-1.3033632040023804
577	578	fr	ewe	challenge_SSA-MTE	hyp1	News	NaN	-1.3033632040023804
578	579	fr	ewe	challenge_SSA-MTE	hyp1	News	NaN	-1.3033632040023804
579	580	fr	ewe	challenge_SSA-MTE	hyp1	News	NaN	-1.3033629655838013
580	581	fr	ewe	challenge_SSA-MTE	hyp1	News	NaN	-1.3033629655838013
581	582	fr	ewe	challenge_SSA-MTE	hyp1	News	NaN	-1.5583997964859009
582	583	fr	ewe	challenge_SSA-MTE	hyp1	News	NaN	-1.5583997964859009
583	584	fr	ewe	challenge_SSA-MTE	hyp1	News	NaN	-1.5583997964859009
584	585	fr	ewe	challenge_SSA-MTE	hyp1	News	NaN	-1.5583993196487427
585	586	fr	ewe	challenge_SSA-MTE	hyp1	News	NaN	-1.5583993196487427
586	587	fr	ewe	challenge_SSA-MTE	hyp1	News	NaN	-1.365641713142395
587	588	fr	ewe	challenge_SSA-MTE	hyp1	News	NaN	-1.365641713142395
588	589	fr	ewe	challenge_SSA-MTE	hyp1	News	NaN	-1.365641713142395
589	590	fr	ewe	challenge_SSA-MTE	hyp1	News	NaN	-1.365641713142395
590	591	fr	ewe	challenge_SSA-MTE	hyp1	News	NaN	-1.365641713142395
591	592	fr	ewe	challenge_SSA-MTE	hyp1	News	NaN	-1.7598779201507568
592	593	fr	ewe	challenge_SSA-MTE	hyp1	News	NaN	-1.7598779201507568
593	594	fr	ewe	challenge_SSA-MTE	hyp1	News	NaN	-1.7598779201507568
594	595	fr	ewe	challenge_SSA-MTE	hyp1	News	NaN	-1.7598779201507568
595	596	fr	ewe	challenge_SSA-MTE	hyp1	News	NaN	-1.7598789930343628
596	597	fr	ewe	challenge_SSA-MTE	hyp1	News	NaN	-1.5764318704605103
597	598	fr	ewe	challenge_SSA-MTE	hyp1	News	NaN	-1.5764318704605103
598	599	fr	ewe	challenge_SSA-MTE	hyp1	News	NaN	-1.5764318704605103
599	600	fr	ewe	challenge_SSA-MTE	hyp1	News	NaN	-1.5764318704605103
600	601	fr	ewe	challenge_SSA-MTE	hyp1	News	NaN	-1.5764318704605103
601	602	fr	ewe	challenge_SSA-MTE	hyp1	News	NaN	-1.6851913928985596
602	603	fr	ewe	challenge_SSA-MTE	hyp1	News	NaN	-1.6851913928985596
603	604	fr	ewe	challenge_SSA-MTE	hyp1	News	NaN	-1.6851913928985596
604	605	fr	ewe	challenge_SSA-MTE	hyp1	News	NaN	-1.6851913928985596
605	606	fr	ewe	challenge_SSA-MTE	hyp1	News	NaN	-1.6851913928985596
606	607	fr	ewe	challenge_SSA-MTE	hyp1	News	NaN	-1.3025180101394653
607	608	fr	ewe	challenge_SSA-MTE	hyp1	News	NaN	-1.3025180101394653
608	609	fr	ewe	challenge_SSA-MTE	hyp1	News	NaN	-1.3025180101394653
609	610	fr	ewe	challenge_SSA-MTE	hyp1	News	NaN	-1.302518367767334
610	611	fr	ewe	challenge_SSA-MTE	hyp1	News	NaN	-1.302518367767334
611	612	fr	ewe	challenge_SSA-MTE	hyp1	News	NaN	-1.2986364364624023
612	613	fr	ewe	challenge_SSA-MTE	hyp1	News	NaN	-1.2986364364624023
613	614	fr	ewe	challenge_SSA-MTE	hyp1	News	NaN	-1.2986364364624023
614	615	fr	ewe	challenge_SSA-MTE	hyp1	News	NaN	-1.2986364364624023
615	616	fr	ewe	challenge_SSA-MTE	hyp1	News	NaN	-1.2986364364624023
616	617	fr	ewe	challenge_SSA-MTE	hyp1	News	NaN	-1.432341456413269
617	618	fr	ewe	challenge_SSA-MTE	hyp1	News	NaN	-1.432341456413269
618	619	fr	ewe	challenge_SSA-MTE	hyp1	News	NaN	-1.432341456413269
619	620	fr	ewe	challenge_SSA-MTE	hyp1	News	NaN	-1.432341456413269
620	621	fr	ewe	challenge_SSA-MTE	hyp1	News	NaN	-1.432341456413269
621	622	fr	ewe	challenge_SSA-MTE	hyp1	News	NaN	-1.0526084899902344
622	623	fr	ewe	challenge_SSA-MTE	hyp1	News	NaN	-1.0526084899902344
623	624	fr	ewe	challenge_SSA-MTE	hyp1	News	NaN	-1.0526069402694702
624	625	fr	ewe	challenge_SSA-MTE	hyp1	News	NaN	-1.0526084899902344
625	626	fr	ewe	challenge_SSA-MTE	hyp1	News	NaN	-1.0526084899902344
626	627	fr	ewe	challenge_SSA-MTE	hyp1	News	NaN	-1.2258015871047974
627	628	fr	ewe	challenge_SSA-MTE	hyp1	News	NaN	-1.2258024215698242
628	629	fr	ewe	challenge_SSA-MTE	hyp1	News	NaN	-1.2258015871047974
629	630	fr	ewe	challenge_SSA-MTE	hyp1	News	NaN	-1.2258015871047974
630	631	fr	ewe	challenge_SSA-MTE	hyp1	News	NaN	-1.2258015871047974
631	632	fr	ewe	challenge_SSA-MTE	hyp1	News	NaN	-1.623359203338623
632	633	fr	ewe	challenge_SSA-MTE	hyp1	News	NaN	-1.623359203338623
633	634	fr	ewe	challenge_SSA-MTE	hyp1	News	NaN	-1.623359203338623
634	635	fr	ewe	challenge_SSA-MTE	hyp1	News	NaN	-1.623359203338623
635	636	fr	ewe	challenge_SSA-MTE	hyp1	News	NaN	-1.623359203338623
636	637	fr	ewe	challenge_SSA-MTE	hyp1	News	NaN	-1.8329817056655884
637	638	fr	ewe	challenge_SSA-MTE	hyp1	News	NaN	-1.8329817056655884
638	639	fr	ewe	challenge_SSA-MTE	hyp1	News	NaN	-1.8329817056655884
639	640	fr	ewe	challenge_SSA-MTE	hyp1	News	NaN	-1.8329817056655884
640	641	fr	ewe	challenge_SSA-MTE	hyp1	News	NaN	-1.8329817056655884
641	642	fr	ewe	challenge_SSA-MTE	hyp1	News	NaN	-1.4805341958999634
642	643	fr	ewe	challenge_SSA-MTE	hyp1	News	NaN	-1.4805344343185425
643	644	fr	ewe	challenge_SSA-MTE	hyp1	News	NaN	-1.4805344343185425
644	645	fr	ewe	challenge_SSA-MTE	hyp1	News	NaN	-1.4805344343185425
645	646	fr	ewe	challenge_SSA-MTE	hyp1	News	NaN	-1.4805344343185425
646	647	fr	ewe	challenge_SSA-MTE	hyp1	News	NaN	-0.8981695175170898
647	648	fr	ewe	challenge_SSA-MTE	hyp1	News	NaN	-0.8981695175170898
648	649	fr	ewe	challenge_SSA-MTE	hyp1	News	NaN	-0.8981695175170898
649	650	fr	ewe	challenge_SSA-MTE	hyp1	News	NaN	-0.8981695175170898
650	651	fr	ewe	challenge_SSA-MTE	hyp1	News	NaN	-0.8981695175170898
651	652	fr	ewe	challenge_SSA-MTE	hyp1	News	NaN	-0.9758627414703369
652	653	fr	ewe	challenge_SSA-MTE	hyp1	News	NaN	-0.9758627414703369
653	654	fr	ewe	challenge_SSA-MTE	hyp1	News	NaN	-0.9758627414703369
654	655	fr	ewe	challenge_SSA-MTE	hyp1	News	NaN	-0.9758627414703369
655	656	fr	ewe	challenge_SSA-MTE	hyp1	News	NaN	-0.9758627414703369
656	657	fr	ewe	challenge_SSA-MTE	hyp1	News	NaN	-1.1088534593582153
657	658	fr	ewe	challenge_SSA-MTE	hyp1	News	NaN	-1.1088534593582153
658	659	fr	ewe	challenge_SSA-MTE	hyp1	News	NaN	-1.1088534593582153
659	660	fr	ewe	challenge_SSA-MTE	hyp1	News	NaN	-1.1088534593582153
660	661	fr	ewe	challenge_SSA-MTE	hyp1	News	NaN	-1.1088534593582153
661	662	fr	ewe	challenge_SSA-MTE	hyp1	News	NaN	-1.7461458444595337
662	663	fr	ewe	challenge_SSA-MTE	hyp1	News	NaN	-1.7461458444595337
663	664	fr	ewe	challenge_SSA-MTE	hyp1	News	NaN	-1.7461458444595337
664	665	fr	ewe	challenge_SSA-MTE	hyp1	News	NaN	-1.746132254600525
665	666	fr	ewe	challenge_SSA-MTE	hyp1	News	NaN	-1.7461458444595337
666	667	fr	ewe	challenge_SSA-MTE	hyp1	News	NaN	-0.530239462852478
667	668	fr	ewe	challenge_SSA-MTE	hyp1	News	NaN	-0.530239462852478
668	669	fr	ewe	challenge_SSA-MTE	hyp1	News	NaN	-0.530239462852478
669	670	fr	ewe	challenge_SSA-MTE	hyp1	News	NaN	-0.530239462852478
670	671	fr	ewe	challenge_SSA-MTE	hyp1	News	NaN	-0.530239462852478
671	672	fr	ewe	challenge_SSA-MTE	hyp1	News	NaN	-1.6255475282669067
672	673	fr	ewe	challenge_SSA-MTE	hyp1	News	NaN	-1.6255475282669067
673	674	fr	ewe	challenge_SSA-MTE	hyp1	News	NaN	-1.6255475282669067
674	675	fr	ewe	challenge_SSA-MTE	hyp1	News	NaN	-1.6255475282669067
675	676	fr	ewe	challenge_SSA-MTE	hyp1	News	NaN	-1.6255475282669067
676	677	fr	ewe	challenge_SSA-MTE	hyp1	News	NaN	-2.184534788131714
677	678	fr	ewe	challenge_SSA-MTE	hyp1	News	NaN	-2.184534788131714
678	679	fr	ewe	challenge_SSA-MTE	hyp1	News	NaN	-2.184534788131714
679	680	fr	ewe	challenge_SSA-MTE	hyp1	News	NaN	-2.184534788131714
680	681	fr	ewe	challenge_SSA-MTE	hyp1	News	NaN	-2.184534788131714
681	682	fr	ewe	challenge_SSA-MTE	hyp1	News	NaN	-1.4309581518173218
682	683	fr	ewe	challenge_SSA-MTE	hyp1	News	NaN	-1.4309581518173218
683	684	fr	ewe	challenge_SSA-MTE	hyp1	News	NaN	-1.4309581518173218
684	685	fr	ewe	challenge_SSA-MTE	hyp1	News	NaN	-1.4309581518173218
685	686	fr	ewe	challenge_SSA-MTE	hyp1	News	NaN	-1.4309569597244263
686	687	fr	ewe	challenge_SSA-MTE	hyp1	News	NaN	-1.5704140663146973
687	688	fr	ewe	challenge_SSA-MTE	hyp1	News	NaN	-1.5704140663146973
688	689	fr	ewe	challenge_SSA-MTE	hyp1	News	NaN	-1.5704140663146973
689	690	fr	ewe	challenge_SSA-MTE	hyp1	News	NaN	-1.5704140663146973
690	691	fr	ewe	challenge_SSA-MTE	hyp1	News	NaN	-1.5704140663146973
691	692	fr	ewe	challenge_SSA-MTE	hyp1	News	NaN	-0.4262797236442566
692	693	fr	ewe	challenge_SSA-MTE	hyp1	News	NaN	-0.4262797236442566
693	694	fr	ewe	challenge_SSA-MTE	hyp1	News	NaN	-0.4262797236442566
694	695	fr	ewe	challenge_SSA-MTE	hyp1	News	NaN	-0.4262797236442566
695	696	fr	ewe	challenge_SSA-MTE	hyp1	News	NaN	-0.4262797236442566
696	697	fr	ewe	challenge_SSA-MTE	hyp1	News	NaN	-1.818595051765442
697	698	fr	ewe	challenge_SSA-MTE	hyp1	News	NaN	-1.818595051765442
698	699	fr	ewe	challenge_SSA-MTE	hyp1	News	NaN	-1.818595051765442
699	700	fr	ewe	challenge_SSA-MTE	hyp1	News	NaN	-1.818595051765442
700	701	fr	ewe	challenge_SSA-MTE	hyp1	News	NaN	-1.818595051765442
701	702	fr	ewe	challenge_SSA-MTE	hyp1	News	NaN	-1.2781286239624023
702	703	fr	ewe	challenge_SSA-MTE	hyp1	News	NaN	-1.2781286239624023
703	704	fr	ewe	challenge_SSA-MTE	hyp1	News	NaN	-1.2781286239624023
704	705	fr	ewe	challenge_SSA-MTE	hyp1	News	NaN	-1.2781286239624023
705	706	fr	ewe	challenge_SSA-MTE	hyp1	News	NaN	-1.2781286239624023
706	707	fr	ewe	challenge_SSA-MTE	hyp1	News	NaN	-0.971824049949646
707	708	fr	ewe	challenge_SSA-MTE	hyp1	News	NaN	-0.9718248248100281
708	709	fr	ewe	challenge_SSA-MTE	hyp1	News	NaN	-0.971824049949646
709	710	fr	ewe	challenge_SSA-MTE	hyp1	News	NaN	-0.971824049949646
710	711	fr	ewe	challenge_SSA-MTE	hyp1	News	NaN	-0.971820592880249
711	712	fr	ewe	challenge_SSA-MTE	hyp1	News	NaN	-1.7024480104446411
712	713	fr	ewe	challenge_SSA-MTE	hyp1	News	NaN	-1.7024480104446411
713	714	fr	ewe	challenge_SSA-MTE	hyp1	News	NaN	-1.7024480104446411
714	715	fr	ewe	challenge_SSA-MTE	hyp1	News	NaN	-1.7024480104446411
715	716	fr	ewe	challenge_SSA-MTE	hyp1	News	NaN	-1.7024480104446411
716	717	fr	ewe	challenge_SSA-MTE	hyp1	News	NaN	-1.1236411333084106
717	718	fr	ewe	challenge_SSA-MTE	hyp1	News	NaN	-1.1236411333084106
718	719	fr	ewe	challenge_SSA-MTE	hyp1	News	NaN	-1.1236411333084106
719	720	fr	ewe	challenge_SSA-MTE	hyp1	News	NaN	-1.1236411333084106
720	721	fr	ewe	challenge_SSA-MTE	hyp1	News	NaN	-1.1236411333084106
721	722	fr	ewe	challenge_SSA-MTE	hyp1	News	NaN	-0.9292964339256287
722	723	fr	ewe	challenge_SSA-MTE	hyp1	News	NaN	-0.9292975664138794
723	724	fr	ewe	challenge_SSA-MTE	hyp1	News	NaN	-0.9292964339256287
724	725	fr	ewe	challenge_SSA-MTE	hyp1	News	NaN	-0.9292964339256287
725	726	fr	ewe	challenge_SSA-MTE	hyp1	News	NaN	-0.9292964339256287
726	727	fr	ewe	challenge_SSA-MTE	hyp1	News	NaN	-1.2864292860031128
727	728	fr	ewe	challenge_SSA-MTE	hyp1	News	NaN	-1.2864292860031128
728	729	fr	ewe	challenge_SSA-MTE	hyp1	News	NaN	-1.2864292860031128
729	730	fr	ewe	challenge_SSA-MTE	hyp1	News	NaN	-1.2864292860031128
730	731	fr	ewe	challenge_SSA-MTE	hyp1	News	NaN	-1.2864292860031128
731	732	fr	ewe	challenge_SSA-MTE	hyp1	News	NaN	-1.6704061031341553
732	733	fr	ewe	challenge_SSA-MTE	hyp1	News	NaN	-1.6704061031341553
733	734	fr	ewe	challenge_SSA-MTE	hyp1	News	NaN	-1.6704061031341553
734	735	fr	ewe	challenge_SSA-MTE	hyp1	News	NaN	-1.6704061031341553
735	736	fr	ewe	challenge_SSA-MTE	hyp1	News	NaN	-1.6704061031341553
736	737	fr	ewe	challenge_SSA-MTE	hyp1	News	NaN	-0.9038314819335938
737	738	fr	ewe	challenge_SSA-MTE	hyp1	News	NaN	-0.9038314819335938
738	739	fr	ewe	challenge_SSA-MTE	hyp1	News	NaN	-0.9038314819335938
739	740	fr	ewe	challenge_SSA-MTE	hyp1	News	NaN	-0.9038314819335938
740	741	fr	ewe	challenge_SSA-MTE	hyp1	News	NaN	-0.9038314819335938
741	742	fr	ewe	challenge_SSA-MTE	hyp1	News	NaN	-1.023532748222351
742	743	fr	ewe	challenge_SSA-MTE	hyp1	News	NaN	-1.0235437154769897
743	744	fr	ewe	challenge_SSA-MTE	hyp1	News	NaN	-1.0235437154769897
744	745	fr	ewe	challenge_SSA-MTE	hyp1	News	NaN	-1.0235437154769897
745	746	fr	ewe	challenge_SSA-MTE	hyp1	News	NaN	-1.0235437154769897
746	747	fr	ewe	challenge_SSA-MTE	hyp1	News	NaN	-0.4634484648704529
747	748	fr	ewe	challenge_SSA-MTE	hyp1	News	NaN	-0.46344849467277527
748	749	fr	ewe	challenge_SSA-MTE	hyp1	News	NaN	-0.46344849467277527
749	750	fr	ewe	challenge_SSA-MTE	hyp1	News	NaN	-0.46344849467277527
750	751	fr	ewe	challenge_SSA-MTE	hyp1	News	NaN	-0.46344849467277527
751	752	fr	ewe	challenge_SSA-MTE	hyp1	News	NaN	-0.4094458222389221
752	753	fr	ewe	challenge_SSA-MTE	hyp1	News	NaN	-0.4094458222389221
753	754	fr	ewe	challenge_SSA-MTE	hyp1	News	NaN	-0.4094458222389221
754	755	fr	ewe	challenge_SSA-MTE	hyp1	News	NaN	-0.4094458222389221
755	756	fr	ewe	challenge_SSA-MTE	hyp1	News	NaN	-0.4094458222389221
756	757	fr	ewe	challenge_SSA-MTE	hyp1	News	NaN	-1.0968068838119507
757	758	fr	ewe	challenge_SSA-MTE	hyp1	News	NaN	-1.0968068838119507
758	759	fr	ewe	challenge_SSA-MTE	hyp1	News	NaN	-1.0968068838119507
759	760	fr	ewe	challenge_SSA-MTE	hyp1	News	NaN	-1.0968061685562134
760	761	fr	ewe	challenge_SSA-MTE	hyp1	News	NaN	-1.0968061685562134
761	762	fr	ewe	challenge_SSA-MTE	hyp1	News	NaN	-0.6047434210777283
762	763	fr	ewe	challenge_SSA-MTE	hyp1	News	NaN	-0.6047434210777283
763	764	fr	ewe	challenge_SSA-MTE	hyp1	News	NaN	-0.6047469973564148
764	765	fr	ewe	challenge_SSA-MTE	hyp1	News	NaN	-0.6047434210777283
765	766	fr	ewe	challenge_SSA-MTE	hyp1	News	NaN	-0.6047434210777283
766	767	fr	ewe	challenge_SSA-MTE	hyp1	News	NaN	-1.5869261026382446
767	768	fr	ewe	challenge_SSA-MTE	hyp1	News	NaN	-1.5869261026382446
768	769	fr	ewe	challenge_SSA-MTE	hyp1	News	NaN	-1.5869261026382446
769	770	fr	ewe	challenge_SSA-MTE	hyp1	News	NaN	-1.5869261026382446
770	771	fr	ewe	challenge_SSA-MTE	hyp1	News	NaN	-1.365861177444458
771	772	fr	ewe	challenge_SSA-MTE	hyp1	News	NaN	-1.365861177444458
772	773	fr	ewe	challenge_SSA-MTE	hyp1	News	NaN	-1.365861177444458
773	774	fr	ewe	challenge_SSA-MTE	hyp1	News	NaN	-1.365861177444458
774	775	fr	ewe	challenge_SSA-MTE	hyp1	News	NaN	-1.365861177444458
775	776	fr	ewe	challenge_SSA-MTE	hyp1	News	NaN	-1.8375087976455688
776	777	fr	ewe	challenge_SSA-MTE	hyp1	News	NaN	-1.8375087976455688
777	778	fr	ewe	challenge_SSA-MTE	hyp1	News	NaN	-1.8375087976455688
778	779	fr	ewe	challenge_SSA-MTE	hyp1	News	NaN	-1.8375071287155151
779	780	fr	ewe	challenge_SSA-MTE	hyp1	News	NaN	-1.8375087976455688
780	781	fr	ewe	challenge_SSA-MTE	hyp1	News	NaN	-1.2204238176345825
781	782	fr	ewe	challenge_SSA-MTE	hyp1	News	NaN	-1.2204238176345825
782	783	fr	ewe	challenge_SSA-MTE	hyp1	News	NaN	-1.2204238176345825
783	784	fr	ewe	challenge_SSA-MTE	hyp1	News	NaN	-1.2204192876815796
784	785	fr	ewe	challenge_SSA-MTE	hyp1	News	NaN	-1.2204238176345825
785	786	fr	ewe	challenge_SSA-MTE	hyp1	News	NaN	-0.9048012495040894
786	787	fr	ewe	challenge_SSA-MTE	hyp1	News	NaN	-0.9048001170158386
787	788	fr	ewe	challenge_SSA-MTE	hyp1	News	NaN	-0.9048001170158386
788	789	fr	ewe	challenge_SSA-MTE	hyp1	News	NaN	-0.9048001170158386
789	790	fr	ewe	challenge_SSA-MTE	hyp1	News	NaN	-0.9048001170158386
790	791	fr	ewe	challenge_SSA-MTE	hyp1	News	NaN	-1.6910194158554077
791	792	fr	ewe	challenge_SSA-MTE	hyp1	News	NaN	-1.6910194158554077
792	793	fr	ewe	challenge_SSA-MTE	hyp1	News	NaN	-1.6910194158554077
793	794	fr	ewe	challenge_SSA-MTE	hyp1	News	NaN	-1.6910194158554077
794	795	fr	ewe	challenge_SSA-MTE	hyp1	News	NaN	-1.6910194158554077
795	796	fr	ewe	challenge_SSA-MTE	hyp1	News	NaN	-1.628149390220642
796	797	fr	ewe	challenge_SSA-MTE	hyp1	News	NaN	-1.628149390220642
797	798	fr	ewe	challenge_SSA-MTE	hyp1	News	NaN	-1.628149390220642
798	799	fr	ewe	challenge_SSA-MTE	hyp1	News	NaN	-1.628149390220642
799	800	fr	ewe	challenge_SSA-MTE	hyp1	News	NaN	-1.628149390220642
800	801	fr	ewe	challenge_SSA-MTE	hyp1	News	NaN	-1.4710084199905396
801	802	fr	ewe	challenge_SSA-MTE	hyp1	News	NaN	-1.4710086584091187
802	803	fr	ewe	challenge_SSA-MTE	hyp1	News	NaN	-1.4710086584091187
803	804	fr	ewe	challenge_SSA-MTE	hyp1	News	NaN	-1.4710086584091187
804	805	fr	ewe	challenge_SSA-MTE	hyp1	News	NaN	-1.4710086584091187
805	806	fr	ewe	challenge_SSA-MTE	hyp1	News	NaN	-1.2918143272399902
806	807	fr	ewe	challenge_SSA-MTE	hyp1	News	NaN	-1.2918143272399902
807	808	fr	ewe	challenge_SSA-MTE	hyp1	News	NaN	-1.2918143272399902
808	809	fr	ewe	challenge_SSA-MTE	hyp1	News	NaN	-1.2918143272399902
809	810	fr	ewe	challenge_SSA-MTE	hyp1	News	NaN	-1.2918134927749634
810	811	fr	ewe	challenge_SSA-MTE	hyp1	News	NaN	-1.9523483514785767
811	812	fr	ewe	challenge_SSA-MTE	hyp1	News	NaN	-1.9523484706878662
812	813	fr	ewe	challenge_SSA-MTE	hyp1	News	NaN	-1.9523483514785767
813	814	fr	ewe	challenge_SSA-MTE	hyp1	News	NaN	-1.9523483514785767
814	815	fr	ewe	challenge_SSA-MTE	hyp1	News	NaN	-1.9523483514785767
815	816	fr	ewe	challenge_SSA-MTE	hyp1	News	NaN	-1.817779779434204
816	817	fr	ewe	challenge_SSA-MTE	hyp1	News	NaN	-1.817779779434204
817	818	fr	ewe	challenge_SSA-MTE	hyp1	News	NaN	-1.817779779434204
818	819	fr	ewe	challenge_SSA-MTE	hyp1	News	NaN	-1.817779779434204
819	820	fr	ewe	challenge_SSA-MTE	hyp1	News	NaN	-1.817779779434204
820	821	fr	ewe	challenge_SSA-MTE	hyp1	News	NaN	-1.6460243463516235
821	822	fr	ewe	challenge_SSA-MTE	hyp1	News	NaN	-1.6460243463516235
822	823	fr	ewe	challenge_SSA-MTE	hyp1	News	NaN	-1.6460243463516235
823	824	fr	ewe	challenge_SSA-MTE	hyp1	News	NaN	-1.6460243463516235
824	825	fr	ewe	challenge_SSA-MTE	hyp1	News	NaN	-1.6460243463516235
825	826	fr	ewe	challenge_SSA-MTE	hyp1	News	NaN	-1.4170094728469849
826	827	fr	ewe	challenge_SSA-MTE	hyp1	News	NaN	-1.4170094728469849
827	828	fr	ewe	challenge_SSA-MTE	hyp1	News	NaN	-1.4170094728469849
828	829	fr	ewe	challenge_SSA-MTE	hyp1	News	NaN	-1.4170094728469849
829	830	fr	ewe	challenge_SSA-MTE	hyp1	News	NaN	-1.4170094728469849
830	831	fr	ewe	challenge_SSA-MTE	hyp1	News	NaN	-1.8649402856826782
831	832	fr	ewe	challenge_SSA-MTE	hyp1	News	NaN	-1.8649402856826782
832	833	fr	ewe	challenge_SSA-MTE	hyp1	News	NaN	-1.8649402856826782
833	834	fr	ewe	challenge_SSA-MTE	hyp1	News	NaN	-1.8649402856826782
834	835	fr	ewe	challenge_SSA-MTE	hyp1	News	NaN	-1.8649402856826782
835	836	fr	ewe	challenge_SSA-MTE	hyp1	News	NaN	-1.2169586420059204
836	837	fr	ewe	challenge_SSA-MTE	hyp1	News	NaN	-1.2169586420059204
837	838	fr	ewe	challenge_SSA-MTE	hyp1	News	NaN	-1.2169586420059204
838	839	fr	ewe	challenge_SSA-MTE	hyp1	News	NaN	-1.2169580459594727
839	840	fr	ewe	challenge_SSA-MTE	hyp1	News	NaN	-1.2169580459594727
840	841	fr	ewe	challenge_SSA-MTE	hyp1	News	NaN	-1.358253836631775
841	842	fr	ewe	challenge_SSA-MTE	hyp1	News	NaN	-1.358253836631775
842	843	fr	ewe	challenge_SSA-MTE	hyp1	News	NaN	-1.358252763748169
843	844	fr	ewe	challenge_SSA-MTE	hyp1	News	NaN	-1.358253836631775
844	845	fr	ewe	challenge_SSA-MTE	hyp1	News	NaN	-1.358253836631775
845	846	fr	ewe	challenge_SSA-MTE	hyp1	News	NaN	-2.3833162784576416
846	847	fr	ewe	challenge_SSA-MTE	hyp1	News	NaN	-2.3833158016204834
847	848	fr	ewe	challenge_SSA-MTE	hyp1	News	NaN	-2.3833158016204834
848	849	fr	ewe	challenge_SSA-MTE	hyp1	News	NaN	-2.3833158016204834
849	850	fr	ewe	challenge_SSA-MTE	hyp1	News	NaN	-2.3833158016204834
850	851	fr	ewe	challenge_SSA-MTE	hyp1	News	NaN	-1.762287974357605
851	852	fr	ewe	challenge_SSA-MTE	hyp1	News	NaN	-1.762287974357605
852	853	fr	ewe	challenge_SSA-MTE	hyp1	News	NaN	-1.762287974357605
853	854	fr	ewe	challenge_SSA-MTE	hyp1	News	NaN	-1.762287974357605
854	855	fr	ewe	challenge_SSA-MTE	hyp1	News	NaN	-1.762287974357605
855	856	fr	ewe	challenge_SSA-MTE	hyp1	News	NaN	-1.573351502418518
856	857	fr	ewe	challenge_SSA-MTE	hyp1	News	NaN	-1.5733517408370972
857	858	fr	ewe	challenge_SSA-MTE	hyp1	News	NaN	-1.5733517408370972
858	859	fr	ewe	challenge_SSA-MTE	hyp1	News	NaN	-1.5733517408370972
859	860	fr	ewe	challenge_SSA-MTE	hyp1	News	NaN	-1.5733517408370972
860	861	fr	ewe	challenge_SSA-MTE	hyp1	News	NaN	-0.7443618178367615
861	862	fr	ewe	challenge_SSA-MTE	hyp1	News	NaN	-0.7443618178367615
862	863	fr	ewe	challenge_SSA-MTE	hyp1	News	NaN	-0.7443634271621704
863	864	fr	ewe	challenge_SSA-MTE	hyp1	News	NaN	-0.7443636059761047
864	865	fr	ewe	challenge_SSA-MTE	hyp1	News	NaN	-0.7443618178367615
865	866	fr	ewe	challenge_SSA-MTE	hyp1	News	NaN	-1.8140782117843628
866	867	fr	ewe	challenge_SSA-MTE	hyp1	News	NaN	-1.8140782117843628
867	868	fr	ewe	challenge_SSA-MTE	hyp1	News	NaN	-1.8140782117843628
868	869	fr	ewe	challenge_SSA-MTE	hyp1	News	NaN	-1.8140782117843628
869	870	fr	ewe	challenge_SSA-MTE	hyp1	News	NaN	-1.8140782117843628
870	871	fr	ewe	challenge_SSA-MTE	hyp1	News	NaN	-0.837594747543335
871	872	fr	ewe	challenge_SSA-MTE	hyp1	News	NaN	-0.837594747543335
872	873	fr	ewe	challenge_SSA-MTE	hyp1	News	NaN	-0.8375920653343201
873	874	fr	ewe	challenge_SSA-MTE	hyp1	News	NaN	-0.837594747543335
874	875	fr	ewe	challenge_SSA-MTE	hyp1	News	NaN	-0.837594747543335
875	876	fr	ewe	challenge_SSA-MTE	hyp1	News	NaN	-1.2948557138442993
876	877	fr	ewe	challenge_SSA-MTE	hyp1	News	NaN	-1.2948557138442993
877	878	fr	ewe	challenge_SSA-MTE	hyp1	News	NaN	-1.2948557138442993
878	879	fr	ewe	challenge_SSA-MTE	hyp1	News	NaN	-1.2948557138442993
879	880	fr	ewe	challenge_SSA-MTE	hyp1	News	NaN	-1.2948557138442993
880	881	fr	ewe	challenge_SSA-MTE	hyp1	News	NaN	-1.775905728340149
881	882	fr	ewe	challenge_SSA-MTE	hyp1	News	NaN	-1.775905728340149
882	883	fr	ewe	challenge_SSA-MTE	hyp1	News	NaN	-1.775905728340149
883	884	fr	ewe	challenge_SSA-MTE	hyp1	News	NaN	-1.775905728340149
884	885	fr	ewe	challenge_SSA-MTE	hyp1	News	NaN	-1.775905728340149
885	886	fr	ewe	challenge_SSA-MTE	hyp1	News	NaN	-1.416451334953308
886	887	fr	ewe	challenge_SSA-MTE	hyp1	News	NaN	-1.416451334953308
887	888	fr	ewe	challenge_SSA-MTE	hyp1	News	NaN	-1.416451334953308
888	889	fr	ewe	challenge_SSA-MTE	hyp1	News	NaN	-1.416451334953308
889	890	fr	ewe	challenge_SSA-MTE	hyp1	News	NaN	-1.416451334953308
890	891	fr	ewe	challenge_SSA-MTE	hyp1	News	NaN	-1.113036870956421
891	892	fr	ewe	challenge_SSA-MTE	hyp1	News	NaN	-1.113036870956421
892	893	fr	ewe	challenge_SSA-MTE	hyp1	News	NaN	-1.113036870956421
893	894	fr	ewe	challenge_SSA-MTE	hyp1	News	NaN	-1.113032579421997
894	895	fr	ewe	challenge_SSA-MTE	hyp1	News	NaN	-1.113032579421997
895	896	fr	ewe	challenge_SSA-MTE	hyp1	News	NaN	-1.5296497344970703
896	897	fr	ewe	challenge_SSA-MTE	hyp1	News	NaN	-1.5296497344970703
897	898	fr	ewe	challenge_SSA-MTE	hyp1	News	NaN	-1.5296497344970703
898	899	fr	ewe	challenge_SSA-MTE	hyp1	News	NaN	-1.5296497344970703
899	900	fr	ewe	challenge_SSA-MTE	hyp1	News	NaN	-1.5296497344970703
900	901	fr	ewe	challenge_SSA-MTE	hyp1	News	NaN	-1.5071849822998047
901	902	fr	ewe	challenge_SSA-MTE	hyp1	News	NaN	-1.5071849822998047
902	903	fr	ewe	challenge_SSA-MTE	hyp1	News	NaN	-1.5071849822998047
903	904	fr	ewe	challenge_SSA-MTE	hyp1	News	NaN	-1.5071849822998047
904	905	fr	ewe	challenge_SSA-MTE	hyp1	News	NaN	-1.5071849822998047
905	906	fr	ewe	challenge_SSA-MTE	hyp1	News	NaN	-1.545799970626831
906	907	fr	ewe	challenge_SSA-MTE	hyp1	News	NaN	-1.545799970626831
907	908	fr	ewe	challenge_SSA-MTE	hyp1	News	NaN	-1.545799970626831
908	909	fr	ewe	challenge_SSA-MTE	hyp1	News	NaN	-1.545799970626831
909	910	fr	ewe	challenge_SSA-MTE	hyp1	News	NaN	-1.545799970626831
910	911	fr	ewe	challenge_SSA-MTE	hyp1	News	NaN	-1.875316858291626
911	912	fr	ewe	challenge_SSA-MTE	hyp1	News	NaN	-1.875316858291626
912	913	fr	ewe	challenge_SSA-MTE	hyp1	News	NaN	-1.875316858291626
913	914	fr	ewe	challenge_SSA-MTE	hyp1	News	NaN	-1.875316858291626
914	915	fr	ewe	challenge_SSA-MTE	hyp1	News	NaN	-1.875316858291626
915	916	fr	ewe	challenge_SSA-MTE	hyp1	News	NaN	-1.5512038469314575
916	917	fr	ewe	challenge_SSA-MTE	hyp1	News	NaN	-1.5512038469314575
917	918	fr	ewe	challenge_SSA-MTE	hyp1	News	NaN	-1.5512038469314575
918	919	fr	ewe	challenge_SSA-MTE	hyp1	News	NaN	-1.5512038469314575
919	920	fr	ewe	challenge_SSA-MTE	hyp1	News	NaN	-1.5512038469314575
920	921	fr	ewe	challenge_SSA-MTE	hyp1	News	NaN	-1.8108372688293457
921	922	fr	ewe	challenge_SSA-MTE	hyp1	News	NaN	-1.8108372688293457
922	923	fr	ewe	challenge_SSA-MTE	hyp1	News	NaN	-1.8108372688293457
923	924	fr	ewe	challenge_SSA-MTE	hyp1	News	NaN	-1.8108372688293457
924	925	fr	ewe	challenge_SSA-MTE	hyp1	News	NaN	-1.8108372688293457
925	926	fr	ewe	challenge_SSA-MTE	hyp1	News	NaN	-1.7241510152816772
926	927	fr	ewe	challenge_SSA-MTE	hyp1	News	NaN	-1.7241511344909668
927	928	fr	ewe	challenge_SSA-MTE	hyp1	News	NaN	-1.7241510152816772
928	929	fr	ewe	challenge_SSA-MTE	hyp1	News	NaN	-1.7241510152816772
929	930	fr	ewe	challenge_SSA-MTE	hyp1	News	NaN	-1.7241510152816772
930	931	fr	ewe	challenge_SSA-MTE	hyp1	News	NaN	-1.2926021814346313
931	932	fr	ewe	challenge_SSA-MTE	hyp1	News	NaN	-1.2926021814346313
932	933	fr	ewe	challenge_SSA-MTE	hyp1	News	NaN	-1.2926021814346313
933	934	fr	ewe	challenge_SSA-MTE	hyp1	News	NaN	-1.2926021814346313
934	935	fr	ewe	challenge_SSA-MTE	hyp1	News	NaN	-1.2926021814346313
935	936	fr	ewe	challenge_SSA-MTE	hyp1	News	NaN	-1.586311936378479
936	937	fr	ewe	challenge_SSA-MTE	hyp1	News	NaN	-1.586311936378479
937	938	fr	ewe	challenge_SSA-MTE	hyp1	News	NaN	-1.586311936378479
938	939	fr	ewe	challenge_SSA-MTE	hyp1	News	NaN	-1.586311936378479
939	940	fr	ewe	challenge_SSA-MTE	hyp1	News	NaN	-1.586311936378479
940	941	fr	ewe	challenge_SSA-MTE	hyp1	News	NaN	-1.7722890377044678
941	942	fr	ewe	challenge_SSA-MTE	hyp1	News	NaN	-1.7722890377044678
942	943	fr	ewe	challenge_SSA-MTE	hyp1	News	NaN	-1.7722890377044678
943	944	fr	ewe	challenge_SSA-MTE	hyp1	News	NaN	-1.7722890377044678
944	945	fr	ewe	challenge_SSA-MTE	hyp1	News	NaN	-1.7722890377044678
945	946	fr	ewe	challenge_SSA-MTE	hyp1	News	NaN	-1.727957844734192
946	947	fr	ewe	challenge_SSA-MTE	hyp1	News	NaN	-1.727957844734192
947	948	fr	ewe	challenge_SSA-MTE	hyp1	News	NaN	-1.727957844734192
948	949	fr	ewe	challenge_SSA-MTE	hyp1	News	NaN	-1.727957844734192
949	950	fr	ewe	challenge_SSA-MTE	hyp1	News	NaN	-1.727957844734192
950	951	fr	ewe	challenge_SSA-MTE	hyp1	News	NaN	-1.9162571430206299
951	952	fr	ewe	challenge_SSA-MTE	hyp1	News	NaN	-1.9162571430206299
952	953	fr	ewe	challenge_SSA-MTE	hyp1	News	NaN	-1.9162571430206299
953	954	fr	ewe	challenge_SSA-MTE	hyp1	News	NaN	-1.9162571430206299
954	955	fr	ewe	challenge_SSA-MTE	hyp1	News	NaN	-1.9162571430206299
955	956	fr	ewe	challenge_SSA-MTE	hyp1	News	NaN	-1.471455454826355
956	957	fr	ewe	challenge_SSA-MTE	hyp1	News	NaN	-1.471455454826355
957	958	fr	ewe	challenge_SSA-MTE	hyp1	News	NaN	-1.471455454826355
958	959	fr	ewe	challenge_SSA-MTE	hyp1	News	NaN	-1.471455454826355
959	960	fr	ewe	challenge_SSA-MTE	hyp1	News	NaN	-1.775546669960022
960	961	fr	ewe	challenge_SSA-MTE	hyp1	News	NaN	-1.775546669960022
961	962	fr	ewe	challenge_SSA-MTE	hyp1	News	NaN	-1.775546669960022
962	963	fr	ewe	challenge_SSA-MTE	hyp1	News	NaN	-1.775546669960022
963	964	fr	ewe	challenge_SSA-MTE	hyp1	News	NaN	-1.775546669960022
964	965	fr	ewe	challenge_SSA-MTE	hyp1	News	NaN	-1.8671470880508423
965	966	fr	ewe	challenge_SSA-MTE	hyp1	News	NaN	-1.8671470880508423
966	967	fr	ewe	challenge_SSA-MTE	hyp1	News	NaN	-1.8671470880508423
967	968	fr	ewe	challenge_SSA-MTE	hyp1	News	NaN	-1.8671470880508423
968	969	fr	ewe	challenge_SSA-MTE	hyp1	News	NaN	-1.8671470880508423
969	970	fr	ewe	challenge_SSA-MTE	hyp1	News	NaN	-1.7560473680496216
970	971	fr	ewe	challenge_SSA-MTE	hyp1	News	NaN	-1.7560473680496216
971	972	fr	ewe	challenge_SSA-MTE	hyp1	News	NaN	-1.7560473680496216
972	973	fr	ewe	challenge_SSA-MTE	hyp1	News	NaN	-1.7560473680496216
973	974	fr	ewe	challenge_SSA-MTE	hyp1	News	NaN	-1.7560473680496216
974	975	fr	ewe	challenge_SSA-MTE	hyp1	News	NaN	-1.7085340023040771
975	976	fr	ewe	challenge_SSA-MTE	hyp1	News	NaN	-1.7085340023040771
976	977	fr	ewe	challenge_SSA-MTE	hyp1	News	NaN	-1.7085340023040771
977	978	fr	ewe	challenge_SSA-MTE	hyp1	News	NaN	-1.7085340023040771
978	979	fr	ewe	challenge_SSA-MTE	hyp1	News	NaN	-1.7085340023040771
979	980	fr	ewe	challenge_SSA-MTE	hyp1	News	NaN	-1.8691924810409546
980	981	fr	ewe	challenge_SSA-MTE	hyp1	News	NaN	-1.8691924810409546
981	982	fr	ewe	challenge_SSA-MTE	hyp1	News	NaN	-1.8691924810409546
982	983	fr	ewe	challenge_SSA-MTE	hyp1	News	NaN	-1.5595532655715942
983	984	fr	ewe	challenge_SSA-MTE	hyp1	News	NaN	-1.5595532655715942
984	985	fr	ewe	challenge_SSA-MTE	hyp1	News	NaN	-1.5595532655715942
985	986	fr	ewe	challenge_SSA-MTE	hyp1	News	NaN	-1.177923321723938
986	987	fr	ewe	challenge_SSA-MTE	hyp1	News	NaN	-1.177923321723938
987	988	fr	ewe	challenge_SSA-MTE	hyp1	News	NaN	-1.1779240369796753
988	989	fr	ewe	challenge_SSA-MTE	hyp1	News	NaN	-1.1779240369796753
989	990	fr	ewe	challenge_SSA-MTE	hyp1	News	NaN	-1.1779240369796753
990	991	fr	ewe	challenge_SSA-MTE	hyp1	News	NaN	-1.8496116399765015
991	992	fr	ewe	challenge_SSA-MTE	hyp1	News	NaN	-1.8496116399765015
992	993	fr	ewe	challenge_SSA-MTE	hyp1	News	NaN	-1.8496116399765015
993	994	fr	ewe	challenge_SSA-MTE	hyp1	News	NaN	-1.8496116399765015
994	995	fr	ewe	challenge_SSA-MTE	hyp1	News	NaN	-1.6659449338912964
995	996	fr	ewe	challenge_SSA-MTE	hyp1	News	NaN	-1.6659449338912964
996	997	fr	ewe	challenge_SSA-MTE	hyp1	News	NaN	-1.6659449338912964
997	998	fr	ewe	challenge_SSA-MTE	hyp1	News	NaN	-1.6659449338912964
998	999	fr	ewe	challenge_SSA-MTE	hyp1	News	NaN	-1.6659449338912964
999	1000	fr	ewe	challenge_SSA-MTE	hyp1	News	NaN	-1.9946224689483643
1000	1001	fr	ewe	challenge_SSA-MTE	hyp1	News	NaN	-1.9946224689483643
1001	1002	fr	ewe	challenge_SSA-MTE	hyp1	News	NaN	-1.9946224689483643
1002	1003	fr	ewe	challenge_SSA-MTE	hyp1	News	NaN	-1.9946224689483643
1003	1004	fr	ewe	challenge_SSA-MTE	hyp1	News	NaN	-1.9946224689483643
1004	1005	fr	ewe	challenge_SSA-MTE	hyp1	News	NaN	-1.9424704313278198
1005	1006	fr	ewe	challenge_SSA-MTE	hyp1	News	NaN	-1.9424704313278198
1006	1007	fr	ewe	challenge_SSA-MTE	hyp1	News	NaN	-1.9424704313278198
1007	1008	fr	ewe	challenge_SSA-MTE	hyp1	News	NaN	-1.9424704313278198
1008	1009	fr	ewe	challenge_SSA-MTE	hyp1	News	NaN	-1.9424704313278198
1009	1010	fr	ewe	challenge_SSA-MTE	hyp1	News	NaN	-1.9650253057479858
1010	1011	fr	ewe	challenge_SSA-MTE	hyp1	News	NaN	-1.9650253057479858
1011	1012	fr	ewe	challenge_SSA-MTE	hyp1	News	NaN	-1.9650253057479858
1012	1013	fr	ewe	challenge_SSA-MTE	hyp1	News	NaN	-1.9650253057479858
1013	1014	fr	ewe	challenge_SSA-MTE	hyp1	News	NaN	-1.9650253057479858
1014	1015	fr	ewe	challenge_SSA-MTE	hyp1	News	NaN	-2.046508550643921
1015	1016	fr	ewe	challenge_SSA-MTE	hyp1	News	NaN	-2.046508550643921
1016	1017	fr	ewe	challenge_SSA-MTE	hyp1	News	NaN	-2.046508550643921
1017	1018	fr	ewe	challenge_SSA-MTE	hyp1	News	NaN	-2.046508550643921
1018	1019	fr	ewe	challenge_SSA-MTE	hyp1	News	NaN	-1.6481562852859497
1019	1020	fr	ewe	challenge_SSA-MTE	hyp1	News	NaN	-1.6481562852859497
1020	1021	fr	ewe	challenge_SSA-MTE	hyp1	News	NaN	-1.6481562852859497
1021	1022	fr	ewe	challenge_SSA-MTE	hyp1	News	NaN	-1.6481562852859497
1022	1023	fr	ewe	challenge_SSA-MTE	hyp1	News	NaN	-1.6481562852859497
1023	1024	fr	ewe	challenge_SSA-MTE	hyp1	News	NaN	-0.5237526893615723
1024	1025	fr	ewe	challenge_SSA-MTE	hyp1	News	NaN	-0.5237526893615723
1025	1026	fr	ewe	challenge_SSA-MTE	hyp1	News	NaN	-0.5237526893615723
1026	1027	fr	ewe	challenge_SSA-MTE	hyp1	News	NaN	-0.5237526893615723
1027	1028	fr	ewe	challenge_SSA-MTE	hyp1	News	NaN	-0.5237526893615723
1028	1029	fr	ewe	challenge_SSA-MTE	hyp1	News	NaN	-1.8853752613067627
1029	1030	fr	ewe	challenge_SSA-MTE	hyp1	News	NaN	-1.8853759765625
1030	1031	fr	ewe	challenge_SSA-MTE	hyp1	News	NaN	-1.8853759765625
1031	1032	fr	ewe	challenge_SSA-MTE	hyp1	News	NaN	-1.8853759765625
1032	1033	fr	ewe	challenge_SSA-MTE	hyp1	News	NaN	-1.8853759765625
1033	1034	fr	ewe	challenge_SSA-MTE	hyp1	News	NaN	-2.3269290924072266
1034	1035	fr	ewe	challenge_SSA-MTE	hyp1	News	NaN	-2.3269290924072266
1035	1036	fr	ewe	challenge_SSA-MTE	hyp1	News	NaN	-2.3269290924072266
1036	1037	fr	ewe	challenge_SSA-MTE	hyp1	News	NaN	-2.3269290924072266
1037	1038	fr	ewe	challenge_SSA-MTE	hyp1	News	NaN	-2.3269290924072266
1038	1039	fr	ewe	challenge_SSA-MTE	hyp1	News	NaN	-2.0368399620056152
1039	1040	fr	ewe	challenge_SSA-MTE	hyp1	News	NaN	-2.0368399620056152
1040	1041	fr	ewe	challenge_SSA-MTE	hyp1	News	NaN	-2.0368399620056152
1041	1042	fr	ewe	challenge_SSA-MTE	hyp1	News	NaN	-2.0368399620056152
1042	1043	fr	ewe	challenge_SSA-MTE	hyp1	News	NaN	-2.0368399620056152
1043	1044	fr	ewe	challenge_SSA-MTE	hyp1	News	NaN	-1.9601267576217651
1044	1045	fr	ewe	challenge_SSA-MTE	hyp1	News	NaN	-1.9601267576217651
1045	1046	fr	ewe	challenge_SSA-MTE	hyp1	News	NaN	-1.9601267576217651
1046	1047	fr	ewe	challenge_SSA-MTE	hyp1	News	NaN	-1.9601267576217651
1047	1048	fr	ewe	challenge_SSA-MTE	hyp1	News	NaN	-1.9601267576217651
1048	1049	fr	ewe	challenge_SSA-MTE	hyp1	News	NaN	-1.9560270309448242
1049	1050	fr	ewe	challenge_SSA-MTE	hyp1	News	NaN	-1.9560270309448242
1050	1051	fr	ewe	challenge_SSA-MTE	hyp1	News	NaN	-1.9560270309448242
1051	1052	fr	ewe	challenge_SSA-MTE	hyp1	News	NaN	-1.9560270309448242
1052	1053	fr	ewe	challenge_SSA-MTE	hyp1	News	NaN	-1.9560270309448242
1053	1054	fr	ewe	challenge_SSA-MTE	hyp1	News	NaN	-2.0494437217712402
1054	1055	fr	ewe	challenge_SSA-MTE	hyp1	News	NaN	-2.0494437217712402
1055	1056	fr	ewe	challenge_SSA-MTE	hyp1	News	NaN	-2.0494437217712402
1056	1057	fr	ewe	challenge_SSA-MTE	hyp1	News	NaN	-2.0494437217712402
1057	1058	fr	ewe	challenge_SSA-MTE	hyp1	News	NaN	-2.0494437217712402
1058	1059	fr	ewe	challenge_SSA-MTE	hyp1	News	NaN	-1.909159779548645
1059	1060	fr	ewe	challenge_SSA-MTE	hyp1	News	NaN	-1.909159779548645
1060	1061	fr	ewe	challenge_SSA-MTE	hyp1	News	NaN	-1.909159779548645
1061	1062	fr	ewe	challenge_SSA-MTE	hyp1	News	NaN	-1.909159779548645
1062	1063	fr	ewe	challenge_SSA-MTE	hyp1	News	NaN	-1.909159779548645
1063	1064	fr	ewe	challenge_SSA-MTE	hyp1	News	NaN	-2.1952908039093018
1064	1065	fr	ewe	challenge_SSA-MTE	hyp1	News	NaN	-2.1952908039093018
1065	1066	fr	ewe	challenge_SSA-MTE	hyp1	News	NaN	-2.1952908039093018
1066	1067	fr	ewe	challenge_SSA-MTE	hyp1	News	NaN	-2.1952908039093018
1067	1068	fr	ewe	challenge_SSA-MTE	hyp1	News	NaN	-2.1952908039093018
1068	1069	fr	ewe	challenge_SSA-MTE	hyp1	News	NaN	-1.3843799829483032
1069	1070	fr	ewe	challenge_SSA-MTE	hyp1	News	NaN	-1.3843799829483032
1070	1071	fr	ewe	challenge_SSA-MTE	hyp1	News	NaN	-1.3843799829483032
1071	1072	fr	ewe	challenge_SSA-MTE	hyp1	News	NaN	-1.3843799829483032
1072	1073	fr	ewe	challenge_SSA-MTE	hyp1	News	NaN	-2.0976474285125732
1073	1074	fr	ewe	challenge_SSA-MTE	hyp1	News	NaN	-2.0976474285125732
1074	1075	fr	ewe	challenge_SSA-MTE	hyp1	News	NaN	-2.0976474285125732
1075	1076	fr	ewe	challenge_SSA-MTE	hyp1	News	NaN	-2.0976474285125732
1076	1077	fr	ewe	challenge_SSA-MTE	hyp1	News	NaN	-2.0976474285125732
0	1	fr	wol	challenge_SSA-MTE	hyp1	News	NaN	-0.12026273459196091
1	2	fr	wol	challenge_SSA-MTE	hyp1	News	NaN	-0.12026273459196091
2	3	fr	wol	challenge_SSA-MTE	hyp1	News	NaN	-0.12026273459196091
3	4	fr	wol	challenge_SSA-MTE	hyp1	News	NaN	-0.12026273459196091
4	5	fr	wol	challenge_SSA-MTE	hyp1	News	NaN	-0.12026273459196091
5	6	fr	wol	challenge_SSA-MTE	hyp1	News	NaN	0.2735849618911743
6	7	fr	wol	challenge_SSA-MTE	hyp1	News	NaN	0.2735849618911743
7	8	fr	wol	challenge_SSA-MTE	hyp1	News	NaN	0.2735849618911743
8	9	fr	wol	challenge_SSA-MTE	hyp1	News	NaN	0.2735849618911743
9	10	fr	wol	challenge_SSA-MTE	hyp1	News	NaN	0.2735849618911743
10	11	fr	wol	challenge_SSA-MTE	hyp1	News	NaN	0.19482669234275818
11	12	fr	wol	challenge_SSA-MTE	hyp1	News	NaN	0.19482669234275818
12	13	fr	wol	challenge_SSA-MTE	hyp1	News	NaN	0.19482669234275818
13	14	fr	wol	challenge_SSA-MTE	hyp1	News	NaN	0.19482669234275818
14	15	fr	wol	challenge_SSA-MTE	hyp1	News	NaN	0.19482669234275818
15	16	fr	wol	challenge_SSA-MTE	hyp1	News	NaN	0.14269733428955078
16	17	fr	wol	challenge_SSA-MTE	hyp1	News	NaN	0.14269733428955078
17	18	fr	wol	challenge_SSA-MTE	hyp1	News	NaN	0.14269733428955078
18	19	fr	wol	challenge_SSA-MTE	hyp1	News	NaN	0.14269733428955078
19	20	fr	wol	challenge_SSA-MTE	hyp1	News	NaN	0.14269733428955078
20	21	fr	wol	challenge_SSA-MTE	hyp1	News	NaN	0.2253297120332718
21	22	fr	wol	challenge_SSA-MTE	hyp1	News	NaN	0.2253297120332718
22	23	fr	wol	challenge_SSA-MTE	hyp1	News	NaN	0.2253297120332718
23	24	fr	wol	challenge_SSA-MTE	hyp1	News	NaN	0.2253297120332718
24	25	fr	wol	challenge_SSA-MTE	hyp1	News	NaN	0.2253297120332718
25	26	fr	wol	challenge_SSA-MTE	hyp1	News	NaN	0.07999709993600845
26	27	fr	wol	challenge_SSA-MTE	hyp1	News	NaN	0.07999709993600845
27	28	fr	wol	challenge_SSA-MTE	hyp1	News	NaN	0.0799955278635025
28	29	fr	wol	challenge_SSA-MTE	hyp1	News	NaN	0.07999709993600845
29	30	fr	wol	challenge_SSA-MTE	hyp1	News	NaN	0.0799955278635025
30	31	fr	wol	challenge_SSA-MTE	hyp1	News	NaN	0.17890635132789612
31	32	fr	wol	challenge_SSA-MTE	hyp1	News	NaN	0.17890635132789612
32	33	fr	wol	challenge_SSA-MTE	hyp1	News	NaN	0.17890635132789612
33	34	fr	wol	challenge_SSA-MTE	hyp1	News	NaN	0.17890635132789612
34	35	fr	wol	challenge_SSA-MTE	hyp1	News	NaN	0.17890635132789612
35	36	fr	wol	challenge_SSA-MTE	hyp1	News	NaN	0.19584153592586517
36	37	fr	wol	challenge_SSA-MTE	hyp1	News	NaN	0.19584153592586517
37	38	fr	wol	challenge_SSA-MTE	hyp1	News	NaN	0.19584153592586517
38	39	fr	wol	challenge_SSA-MTE	hyp1	News	NaN	0.19584153592586517
39	40	fr	wol	challenge_SSA-MTE	hyp1	News	NaN	0.19584153592586517
40	41	fr	wol	challenge_SSA-MTE	hyp1	News	NaN	-0.9434216618537903
41	42	fr	wol	challenge_SSA-MTE	hyp1	News	NaN	-0.9434216618537903
42	43	fr	wol	challenge_SSA-MTE	hyp1	News	NaN	-0.9434216618537903
43	44	fr	wol	challenge_SSA-MTE	hyp1	News	NaN	-0.9434216618537903
44	45	fr	wol	challenge_SSA-MTE	hyp1	News	NaN	-0.9434216618537903
45	46	fr	wol	challenge_SSA-MTE	hyp1	News	NaN	0.25145223736763
46	47	fr	wol	challenge_SSA-MTE	hyp1	News	NaN	0.25145223736763
47	48	fr	wol	challenge_SSA-MTE	hyp1	News	NaN	0.25145223736763
48	49	fr	wol	challenge_SSA-MTE	hyp1	News	NaN	0.25145223736763
49	50	fr	wol	challenge_SSA-MTE	hyp1	News	NaN	0.25145223736763
50	51	fr	wol	challenge_SSA-MTE	hyp1	News	NaN	-0.22554731369018555
51	52	fr	wol	challenge_SSA-MTE	hyp1	News	NaN	-0.22554731369018555
52	53	fr	wol	challenge_SSA-MTE	hyp1	News	NaN	-0.22554731369018555
53	54	fr	wol	challenge_SSA-MTE	hyp1	News	NaN	-0.22554731369018555
54	55	fr	wol	challenge_SSA-MTE	hyp1	News	NaN	-0.22554731369018555
55	56	fr	wol	challenge_SSA-MTE	hyp1	News	NaN	-0.3495542109012604
56	57	fr	wol	challenge_SSA-MTE	hyp1	News	NaN	-0.3495542109012604
57	58	fr	wol	challenge_SSA-MTE	hyp1	News	NaN	-0.3495542109012604
58	59	fr	wol	challenge_SSA-MTE	hyp1	News	NaN	-0.3495542109012604
59	60	fr	wol	challenge_SSA-MTE	hyp1	News	NaN	-0.3495542109012604
60	61	fr	wol	challenge_SSA-MTE	hyp1	News	NaN	-0.1739099621772766
61	62	fr	wol	challenge_SSA-MTE	hyp1	News	NaN	-0.1739099621772766
62	63	fr	wol	challenge_SSA-MTE	hyp1	News	NaN	-0.1739099621772766
63	64	fr	wol	challenge_SSA-MTE	hyp1	News	NaN	-0.1739099621772766
64	65	fr	wol	challenge_SSA-MTE	hyp1	News	NaN	-0.1739099621772766
65	66	fr	wol	challenge_SSA-MTE	hyp1	News	NaN	-0.4819566309452057
66	67	fr	wol	challenge_SSA-MTE	hyp1	News	NaN	-0.4819566309452057
67	68	fr	wol	challenge_SSA-MTE	hyp1	News	NaN	-0.4819563031196594
68	69	fr	wol	challenge_SSA-MTE	hyp1	News	NaN	-0.4819566309452057
69	70	fr	wol	challenge_SSA-MTE	hyp1	News	NaN	0.24851486086845398
70	71	fr	wol	challenge_SSA-MTE	hyp1	News	NaN	0.24851486086845398
71	72	fr	wol	challenge_SSA-MTE	hyp1	News	NaN	0.24851486086845398
72	73	fr	wol	challenge_SSA-MTE	hyp1	News	NaN	0.24851486086845398
73	74	fr	wol	challenge_SSA-MTE	hyp1	News	NaN	0.24851486086845398
74	75	fr	wol	challenge_SSA-MTE	hyp1	News	NaN	-0.263413667678833
75	76	fr	wol	challenge_SSA-MTE	hyp1	News	NaN	-0.263413667678833
76	77	fr	wol	challenge_SSA-MTE	hyp1	News	NaN	-0.263413667678833
77	78	fr	wol	challenge_SSA-MTE	hyp1	News	NaN	-0.263413667678833
78	79	fr	wol	challenge_SSA-MTE	hyp1	News	NaN	-0.263413667678833
79	80	fr	wol	challenge_SSA-MTE	hyp1	News	NaN	-1.7529447078704834
80	81	fr	wol	challenge_SSA-MTE	hyp1	News	NaN	-1.7529447078704834
81	82	fr	wol	challenge_SSA-MTE	hyp1	News	NaN	-1.7529447078704834
82	83	fr	wol	challenge_SSA-MTE	hyp1	News	NaN	-1.752947449684143
83	84	fr	wol	challenge_SSA-MTE	hyp1	News	NaN	-1.7529447078704834
84	85	fr	wol	challenge_SSA-MTE	hyp1	News	NaN	-0.5619271397590637
85	86	fr	wol	challenge_SSA-MTE	hyp1	News	NaN	-0.5619271397590637
86	87	fr	wol	challenge_SSA-MTE	hyp1	News	NaN	-0.5619271397590637
87	88	fr	wol	challenge_SSA-MTE	hyp1	News	NaN	-0.5619271397590637
88	89	fr	wol	challenge_SSA-MTE	hyp1	News	NaN	-0.5619271397590637
89	90	fr	wol	challenge_SSA-MTE	hyp1	News	NaN	0.06880244612693787
90	91	fr	wol	challenge_SSA-MTE	hyp1	News	NaN	0.06880244612693787
91	92	fr	wol	challenge_SSA-MTE	hyp1	News	NaN	0.06880244612693787
92	93	fr	wol	challenge_SSA-MTE	hyp1	News	NaN	0.06880244612693787
93	94	fr	wol	challenge_SSA-MTE	hyp1	News	NaN	0.06880244612693787
94	95	fr	wol	challenge_SSA-MTE	hyp1	News	NaN	-0.6905813217163086
95	96	fr	wol	challenge_SSA-MTE	hyp1	News	NaN	-0.6905813217163086
96	97	fr	wol	challenge_SSA-MTE	hyp1	News	NaN	-0.6905813217163086
97	98	fr	wol	challenge_SSA-MTE	hyp1	News	NaN	-0.6905813217163086
98	99	fr	wol	challenge_SSA-MTE	hyp1	News	NaN	-0.6905817985534668
99	100	fr	wol	challenge_SSA-MTE	hyp1	News	NaN	-0.038713786751031876
100	101	fr	wol	challenge_SSA-MTE	hyp1	News	NaN	-0.038713786751031876
101	102	fr	wol	challenge_SSA-MTE	hyp1	News	NaN	-0.038713786751031876
102	103	fr	wol	challenge_SSA-MTE	hyp1	News	NaN	-0.038713786751031876
103	104	fr	wol	challenge_SSA-MTE	hyp1	News	NaN	-0.038713786751031876
104	105	fr	wol	challenge_SSA-MTE	hyp1	News	NaN	-0.5796442031860352
105	106	fr	wol	challenge_SSA-MTE	hyp1	News	NaN	-0.5796442031860352
106	107	fr	wol	challenge_SSA-MTE	hyp1	News	NaN	-0.5796442031860352
107	108	fr	wol	challenge_SSA-MTE	hyp1	News	NaN	-0.5796442031860352
108	109	fr	wol	challenge_SSA-MTE	hyp1	News	NaN	-0.5796442031860352
109	110	fr	wol	challenge_SSA-MTE	hyp1	News	NaN	-1.422591209411621
110	111	fr	wol	challenge_SSA-MTE	hyp1	News	NaN	-1.422591209411621
111	112	fr	wol	challenge_SSA-MTE	hyp1	News	NaN	-1.422591209411621
112	113	fr	wol	challenge_SSA-MTE	hyp1	News	NaN	-1.422591209411621
113	114	fr	wol	challenge_SSA-MTE	hyp1	News	NaN	-1.4225889444351196
114	115	fr	wol	challenge_SSA-MTE	hyp1	News	NaN	-0.6695238351821899
115	116	fr	wol	challenge_SSA-MTE	hyp1	News	NaN	-0.6695238351821899
116	117	fr	wol	challenge_SSA-MTE	hyp1	News	NaN	-0.6695238351821899
117	118	fr	wol	challenge_SSA-MTE	hyp1	News	NaN	-0.6695238351821899
118	119	fr	wol	challenge_SSA-MTE	hyp1	News	NaN	-0.6695238351821899
119	120	fr	wol	challenge_SSA-MTE	hyp1	News	NaN	-1.1162643432617188
120	121	fr	wol	challenge_SSA-MTE	hyp1	News	NaN	-1.1162643432617188
121	122	fr	wol	challenge_SSA-MTE	hyp1	News	NaN	-1.1162643432617188
122	123	fr	wol	challenge_SSA-MTE	hyp1	News	NaN	-1.1162643432617188
123	124	fr	wol	challenge_SSA-MTE	hyp1	News	NaN	-1.1162643432617188
124	125	fr	wol	challenge_SSA-MTE	hyp1	News	NaN	-0.7131536602973938
125	126	fr	wol	challenge_SSA-MTE	hyp1	News	NaN	-0.7131536602973938
126	127	fr	wol	challenge_SSA-MTE	hyp1	News	NaN	-0.7131536602973938
127	128	fr	wol	challenge_SSA-MTE	hyp1	News	NaN	-0.7131536602973938
128	129	fr	wol	challenge_SSA-MTE	hyp1	News	NaN	-0.7131536602973938
129	130	fr	wol	challenge_SSA-MTE	hyp1	News	NaN	-1.1789354085922241
130	131	fr	wol	challenge_SSA-MTE	hyp1	News	NaN	-1.1789354085922241
131	132	fr	wol	challenge_SSA-MTE	hyp1	News	NaN	-1.1789354085922241
132	133	fr	wol	challenge_SSA-MTE	hyp1	News	NaN	-1.1789354085922241
133	134	fr	wol	challenge_SSA-MTE	hyp1	News	NaN	-1.1789354085922241
134	135	fr	wol	challenge_SSA-MTE	hyp1	News	NaN	-0.6804430484771729
135	136	fr	wol	challenge_SSA-MTE	hyp1	News	NaN	-0.6804430484771729
136	137	fr	wol	challenge_SSA-MTE	hyp1	News	NaN	-0.6804430484771729
137	138	fr	wol	challenge_SSA-MTE	hyp1	News	NaN	-0.6804430484771729
138	139	fr	wol	challenge_SSA-MTE	hyp1	News	NaN	-0.6804440021514893
139	140	fr	wol	challenge_SSA-MTE	hyp1	News	NaN	-0.04419770836830139
140	141	fr	wol	challenge_SSA-MTE	hyp1	News	NaN	-0.04419770836830139
141	142	fr	wol	challenge_SSA-MTE	hyp1	News	NaN	-0.04419770836830139
142	143	fr	wol	challenge_SSA-MTE	hyp1	News	NaN	-0.04419770836830139
143	144	fr	wol	challenge_SSA-MTE	hyp1	News	NaN	-0.04419770836830139
144	145	fr	wol	challenge_SSA-MTE	hyp1	News	NaN	-0.5137624740600586
145	146	fr	wol	challenge_SSA-MTE	hyp1	News	NaN	-0.5137624740600586
146	147	fr	wol	challenge_SSA-MTE	hyp1	News	NaN	-0.5137624740600586
147	148	fr	wol	challenge_SSA-MTE	hyp1	News	NaN	-0.5137624740600586
148	149	fr	wol	challenge_SSA-MTE	hyp1	News	NaN	-0.5137624740600586
149	150	fr	wol	challenge_SSA-MTE	hyp1	News	NaN	-1.154502272605896
150	151	fr	wol	challenge_SSA-MTE	hyp1	News	NaN	-1.154502272605896
151	152	fr	wol	challenge_SSA-MTE	hyp1	News	NaN	-1.154502272605896
152	153	fr	wol	challenge_SSA-MTE	hyp1	News	NaN	-1.154502272605896
153	154	fr	wol	challenge_SSA-MTE	hyp1	News	NaN	-1.154502272605896
154	155	fr	wol	challenge_SSA-MTE	hyp1	News	NaN	-0.6595984101295471
155	156	fr	wol	challenge_SSA-MTE	hyp1	News	NaN	-0.6595984101295471
156	157	fr	wol	challenge_SSA-MTE	hyp1	News	NaN	-0.6595984101295471
157	158	fr	wol	challenge_SSA-MTE	hyp1	News	NaN	-0.6595984101295471
158	159	fr	wol	challenge_SSA-MTE	hyp1	News	NaN	-0.6595984101295471
159	160	fr	wol	challenge_SSA-MTE	hyp1	News	NaN	-1.2090827226638794
160	161	fr	wol	challenge_SSA-MTE	hyp1	News	NaN	-1.2090827226638794
161	162	fr	wol	challenge_SSA-MTE	hyp1	News	NaN	-1.2090827226638794
162	163	fr	wol	challenge_SSA-MTE	hyp1	News	NaN	-1.2090827226638794
163	164	fr	wol	challenge_SSA-MTE	hyp1	News	NaN	-1.2090827226638794
164	165	fr	wol	challenge_SSA-MTE	hyp1	News	NaN	-0.5956006646156311
165	166	fr	wol	challenge_SSA-MTE	hyp1	News	NaN	-0.5956006646156311
166	167	fr	wol	challenge_SSA-MTE	hyp1	News	NaN	-0.5956006646156311
167	168	fr	wol	challenge_SSA-MTE	hyp1	News	NaN	-0.5956006646156311
168	169	fr	wol	challenge_SSA-MTE	hyp1	News	NaN	-0.5956006646156311
169	170	fr	wol	challenge_SSA-MTE	hyp1	News	NaN	-1.077181339263916
170	171	fr	wol	challenge_SSA-MTE	hyp1	News	NaN	-1.07718026638031
171	172	fr	wol	challenge_SSA-MTE	hyp1	News	NaN	-1.077181339263916
172	173	fr	wol	challenge_SSA-MTE	hyp1	News	NaN	-1.077181339263916
173	174	fr	wol	challenge_SSA-MTE	hyp1	News	NaN	-1.077181339263916
174	175	fr	wol	challenge_SSA-MTE	hyp1	News	NaN	-0.1254720240831375
175	176	fr	wol	challenge_SSA-MTE	hyp1	News	NaN	-0.1254720240831375
176	177	fr	wol	challenge_SSA-MTE	hyp1	News	NaN	-0.1254720240831375
177	178	fr	wol	challenge_SSA-MTE	hyp1	News	NaN	-0.1254720240831375
178	179	fr	wol	challenge_SSA-MTE	hyp1	News	NaN	-0.1254720240831375
179	180	fr	wol	challenge_SSA-MTE	hyp1	News	NaN	-1.9707857370376587
180	181	fr	wol	challenge_SSA-MTE	hyp1	News	NaN	-1.9707857370376587
181	182	fr	wol	challenge_SSA-MTE	hyp1	News	NaN	-1.9707857370376587
182	183	fr	wol	challenge_SSA-MTE	hyp1	News	NaN	-1.9707857370376587
183	184	fr	wol	challenge_SSA-MTE	hyp1	News	NaN	-1.9707857370376587
184	185	fr	wol	challenge_SSA-MTE	hyp1	News	NaN	-0.729979395866394
185	186	fr	wol	challenge_SSA-MTE	hyp1	News	NaN	-0.729979395866394
186	187	fr	wol	challenge_SSA-MTE	hyp1	News	NaN	-0.729979395866394
187	188	fr	wol	challenge_SSA-MTE	hyp1	News	NaN	-0.729979395866394
188	189	fr	wol	challenge_SSA-MTE	hyp1	News	NaN	-0.729979395866394
189	190	fr	wol	challenge_SSA-MTE	hyp1	News	NaN	-0.055846624076366425
190	191	fr	wol	challenge_SSA-MTE	hyp1	News	NaN	-0.05584673956036568
191	192	fr	wol	challenge_SSA-MTE	hyp1	News	NaN	-0.055846624076366425
192	193	fr	wol	challenge_SSA-MTE	hyp1	News	NaN	-0.055846624076366425
193	194	fr	wol	challenge_SSA-MTE	hyp1	News	NaN	-0.055846624076366425
194	195	fr	wol	challenge_SSA-MTE	hyp1	News	NaN	-0.8423926830291748
195	196	fr	wol	challenge_SSA-MTE	hyp1	News	NaN	-0.8423926830291748
196	197	fr	wol	challenge_SSA-MTE	hyp1	News	NaN	-0.8423926830291748
197	198	fr	wol	challenge_SSA-MTE	hyp1	News	NaN	-0.8423926830291748
198	199	fr	wol	challenge_SSA-MTE	hyp1	News	NaN	-0.8423926830291748
199	200	fr	wol	challenge_SSA-MTE	hyp1	News	NaN	-0.5241082906723022
200	201	fr	wol	challenge_SSA-MTE	hyp1	News	NaN	-0.5241082906723022
201	202	fr	wol	challenge_SSA-MTE	hyp1	News	NaN	-0.5241082906723022
202	203	fr	wol	challenge_SSA-MTE	hyp1	News	NaN	-0.5241082906723022
203	204	fr	wol	challenge_SSA-MTE	hyp1	News	NaN	-0.5241082906723022
204	205	fr	wol	challenge_SSA-MTE	hyp1	News	NaN	-0.688766360282898
205	206	fr	wol	challenge_SSA-MTE	hyp1	News	NaN	-0.688766360282898
206	207	fr	wol	challenge_SSA-MTE	hyp1	News	NaN	-0.688767671585083
207	208	fr	wol	challenge_SSA-MTE	hyp1	News	NaN	-0.688766360282898
208	209	fr	wol	challenge_SSA-MTE	hyp1	News	NaN	-0.16663867235183716
209	210	fr	wol	challenge_SSA-MTE	hyp1	News	NaN	-0.16663867235183716
210	211	fr	wol	challenge_SSA-MTE	hyp1	News	NaN	-0.16663867235183716
211	212	fr	wol	challenge_SSA-MTE	hyp1	News	NaN	-0.16663867235183716
212	213	fr	wol	challenge_SSA-MTE	hyp1	News	NaN	-0.16663867235183716
213	214	fr	wol	challenge_SSA-MTE	hyp1	News	NaN	-0.7599679827690125
214	215	fr	wol	challenge_SSA-MTE	hyp1	News	NaN	-0.7599679827690125
215	216	fr	wol	challenge_SSA-MTE	hyp1	News	NaN	-0.7599679827690125
216	217	fr	wol	challenge_SSA-MTE	hyp1	News	NaN	-0.7599668502807617
217	218	fr	wol	challenge_SSA-MTE	hyp1	News	NaN	-0.7599668502807617
218	219	fr	wol	challenge_SSA-MTE	hyp1	News	NaN	-0.3429790139198303
219	220	fr	wol	challenge_SSA-MTE	hyp1	News	NaN	-0.3429790139198303
220	221	fr	wol	challenge_SSA-MTE	hyp1	News	NaN	-0.3429790139198303
221	222	fr	wol	challenge_SSA-MTE	hyp1	News	NaN	-0.3429793119430542
222	223	fr	wol	challenge_SSA-MTE	hyp1	News	NaN	-0.3429790139198303
223	224	fr	wol	challenge_SSA-MTE	hyp1	News	NaN	-0.7724674940109253
224	225	fr	wol	challenge_SSA-MTE	hyp1	News	NaN	-0.7724674940109253
225	226	fr	wol	challenge_SSA-MTE	hyp1	News	NaN	-0.7724674940109253
226	227	fr	wol	challenge_SSA-MTE	hyp1	News	NaN	-0.7724674940109253
227	228	fr	wol	challenge_SSA-MTE	hyp1	News	NaN	-0.7724674940109253
228	229	fr	wol	challenge_SSA-MTE	hyp1	News	NaN	-1.200603723526001
229	230	fr	wol	challenge_SSA-MTE	hyp1	News	NaN	-1.200603723526001
230	231	fr	wol	challenge_SSA-MTE	hyp1	News	NaN	-1.200604796409607
231	232	fr	wol	challenge_SSA-MTE	hyp1	News	NaN	-1.200603723526001
232	233	fr	wol	challenge_SSA-MTE	hyp1	News	NaN	-0.37091362476348877
233	234	fr	wol	challenge_SSA-MTE	hyp1	News	NaN	-0.37091362476348877
234	235	fr	wol	challenge_SSA-MTE	hyp1	News	NaN	-0.37091362476348877
235	236	fr	wol	challenge_SSA-MTE	hyp1	News	NaN	-0.37091362476348877
236	237	fr	wol	challenge_SSA-MTE	hyp1	News	NaN	-0.37091362476348877
237	238	fr	wol	challenge_SSA-MTE	hyp1	News	NaN	0.06636691093444824
238	239	fr	wol	challenge_SSA-MTE	hyp1	News	NaN	0.06636691093444824
239	240	fr	wol	challenge_SSA-MTE	hyp1	News	NaN	0.06636691093444824
240	241	fr	wol	challenge_SSA-MTE	hyp1	News	NaN	0.06636691093444824
241	242	fr	wol	challenge_SSA-MTE	hyp1	News	NaN	0.06636691093444824
242	243	fr	wol	challenge_SSA-MTE	hyp1	News	NaN	-0.8061144351959229
243	244	fr	wol	challenge_SSA-MTE	hyp1	News	NaN	-0.8061181902885437
244	245	fr	wol	challenge_SSA-MTE	hyp1	News	NaN	-0.8061181902885437
245	246	fr	wol	challenge_SSA-MTE	hyp1	News	NaN	-0.8061144351959229
246	247	fr	wol	challenge_SSA-MTE	hyp1	News	NaN	-0.8061144351959229
247	248	fr	wol	challenge_SSA-MTE	hyp1	News	NaN	-1.0495613813400269
248	249	fr	wol	challenge_SSA-MTE	hyp1	News	NaN	-1.0495625734329224
249	250	fr	wol	challenge_SSA-MTE	hyp1	News	NaN	-1.0495625734329224
250	251	fr	wol	challenge_SSA-MTE	hyp1	News	NaN	-1.0495625734329224
251	252	fr	wol	challenge_SSA-MTE	hyp1	News	NaN	-1.0495625734329224
252	253	fr	wol	challenge_SSA-MTE	hyp1	News	NaN	-1.6250618696212769
253	254	fr	wol	challenge_SSA-MTE	hyp1	News	NaN	-1.6250618696212769
254	255	fr	wol	challenge_SSA-MTE	hyp1	News	NaN	-1.6250618696212769
255	256	fr	wol	challenge_SSA-MTE	hyp1	News	NaN	-1.6250618696212769
256	257	fr	wol	challenge_SSA-MTE	hyp1	News	NaN	-1.6250618696212769
257	258	fr	wol	challenge_SSA-MTE	hyp1	News	NaN	-0.3500499725341797
258	259	fr	wol	challenge_SSA-MTE	hyp1	News	NaN	-0.3500499725341797
259	260	fr	wol	challenge_SSA-MTE	hyp1	News	NaN	-0.3500499725341797
260	261	fr	wol	challenge_SSA-MTE	hyp1	News	NaN	-0.3500499725341797
261	262	fr	wol	challenge_SSA-MTE	hyp1	News	NaN	-0.3500499725341797
262	263	fr	wol	challenge_SSA-MTE	hyp1	News	NaN	-0.36005541682243347
263	264	fr	wol	challenge_SSA-MTE	hyp1	News	NaN	-0.36005541682243347
264	265	fr	wol	challenge_SSA-MTE	hyp1	News	NaN	-0.3600558638572693
265	266	fr	wol	challenge_SSA-MTE	hyp1	News	NaN	-0.3600558638572693
266	267	fr	wol	challenge_SSA-MTE	hyp1	News	NaN	-0.3600558638572693
267	268	fr	wol	challenge_SSA-MTE	hyp1	News	NaN	-0.8435893058776855
268	269	fr	wol	challenge_SSA-MTE	hyp1	News	NaN	-0.8435893058776855
269	270	fr	wol	challenge_SSA-MTE	hyp1	News	NaN	-0.8435893058776855
270	271	fr	wol	challenge_SSA-MTE	hyp1	News	NaN	-0.8435893058776855
271	272	fr	wol	challenge_SSA-MTE	hyp1	News	NaN	-0.8435893058776855
272	273	fr	wol	challenge_SSA-MTE	hyp1	News	NaN	-0.8998391628265381
273	274	fr	wol	challenge_SSA-MTE	hyp1	News	NaN	-0.8998391628265381
274	275	fr	wol	challenge_SSA-MTE	hyp1	News	NaN	-0.8998391628265381
275	276	fr	wol	challenge_SSA-MTE	hyp1	News	NaN	-0.8998391628265381
276	277	fr	wol	challenge_SSA-MTE	hyp1	News	NaN	-0.8998391628265381
277	278	fr	wol	challenge_SSA-MTE	hyp1	News	NaN	-0.8965140581130981
278	279	fr	wol	challenge_SSA-MTE	hyp1	News	NaN	-0.8965140581130981
279	280	fr	wol	challenge_SSA-MTE	hyp1	News	NaN	-0.8965133428573608
280	281	fr	wol	challenge_SSA-MTE	hyp1	News	NaN	-0.8965140581130981
281	282	fr	wol	challenge_SSA-MTE	hyp1	News	NaN	-0.8965133428573608
282	283	fr	wol	challenge_SSA-MTE	hyp1	News	NaN	-1.1843115091323853
283	284	fr	wol	challenge_SSA-MTE	hyp1	News	NaN	-1.1843115091323853
284	285	fr	wol	challenge_SSA-MTE	hyp1	News	NaN	-1.1843115091323853
285	286	fr	wol	challenge_SSA-MTE	hyp1	News	NaN	-1.1843136548995972
286	287	fr	wol	challenge_SSA-MTE	hyp1	News	NaN	-1.1843115091323853
287	288	fr	wol	challenge_SSA-MTE	hyp1	News	NaN	-1.8220703601837158
288	289	fr	wol	challenge_SSA-MTE	hyp1	News	NaN	-1.8220703601837158
289	290	fr	wol	challenge_SSA-MTE	hyp1	News	NaN	-1.8220703601837158
290	291	fr	wol	challenge_SSA-MTE	hyp1	News	NaN	-1.8220703601837158
291	292	fr	wol	challenge_SSA-MTE	hyp1	News	NaN	-1.8220703601837158
292	293	fr	wol	challenge_SSA-MTE	hyp1	News	NaN	-1.2894033193588257
293	294	fr	wol	challenge_SSA-MTE	hyp1	News	NaN	-1.2894020080566406
294	295	fr	wol	challenge_SSA-MTE	hyp1	News	NaN	-1.2894020080566406
295	296	fr	wol	challenge_SSA-MTE	hyp1	News	NaN	-1.2894020080566406
296	297	fr	wol	challenge_SSA-MTE	hyp1	News	NaN	-1.2894020080566406
297	298	fr	wol	challenge_SSA-MTE	hyp1	News	NaN	-0.2081967443227768
298	299	fr	wol	challenge_SSA-MTE	hyp1	News	NaN	-0.2081967443227768
299	300	fr	wol	challenge_SSA-MTE	hyp1	News	NaN	-0.2081967443227768
300	301	fr	wol	challenge_SSA-MTE	hyp1	News	NaN	-0.2081967443227768
301	302	fr	wol	challenge_SSA-MTE	hyp1	News	NaN	-0.2081967443227768
302	303	fr	wol	challenge_SSA-MTE	hyp1	News	NaN	0.05676581338047981
303	304	fr	wol	challenge_SSA-MTE	hyp1	News	NaN	0.05676581338047981
304	305	fr	wol	challenge_SSA-MTE	hyp1	News	NaN	0.05676581338047981
305	306	fr	wol	challenge_SSA-MTE	hyp1	News	NaN	0.05676581338047981
306	307	fr	wol	challenge_SSA-MTE	hyp1	News	NaN	0.05676581338047981
307	308	fr	wol	challenge_SSA-MTE	hyp1	News	NaN	-1.0188013315200806
308	309	fr	wol	challenge_SSA-MTE	hyp1	News	NaN	-1.0188013315200806
309	310	fr	wol	challenge_SSA-MTE	hyp1	News	NaN	-1.0187991857528687
310	311	fr	wol	challenge_SSA-MTE	hyp1	News	NaN	-1.0188006162643433
311	312	fr	wol	challenge_SSA-MTE	hyp1	News	NaN	0.014011796563863754
312	313	fr	wol	challenge_SSA-MTE	hyp1	News	NaN	0.014010777696967125
313	314	fr	wol	challenge_SSA-MTE	hyp1	News	NaN	0.014010777696967125
314	315	fr	wol	challenge_SSA-MTE	hyp1	News	NaN	0.014010777696967125
315	316	fr	wol	challenge_SSA-MTE	hyp1	News	NaN	0.014010777696967125
316	317	fr	wol	challenge_SSA-MTE	hyp1	News	NaN	-1.2692185640335083
317	318	fr	wol	challenge_SSA-MTE	hyp1	News	NaN	-1.2692185640335083
318	319	fr	wol	challenge_SSA-MTE	hyp1	News	NaN	-1.2692185640335083
319	320	fr	wol	challenge_SSA-MTE	hyp1	News	NaN	-1.2692185640335083
320	321	fr	wol	challenge_SSA-MTE	hyp1	News	NaN	-1.2692185640335083
321	322	fr	wol	challenge_SSA-MTE	hyp1	News	NaN	-0.8393821716308594
322	323	fr	wol	challenge_SSA-MTE	hyp1	News	NaN	-0.8393821716308594
323	324	fr	wol	challenge_SSA-MTE	hyp1	News	NaN	-0.8393821716308594
324	325	fr	wol	challenge_SSA-MTE	hyp1	News	NaN	-0.8393821716308594
325	326	fr	wol	challenge_SSA-MTE	hyp1	News	NaN	-0.8393821716308594
326	327	fr	wol	challenge_SSA-MTE	hyp1	News	NaN	-0.8493077158927917
327	328	fr	wol	challenge_SSA-MTE	hyp1	News	NaN	-0.8493078351020813
328	329	fr	wol	challenge_SSA-MTE	hyp1	News	NaN	-0.8493078351020813
329	330	fr	wol	challenge_SSA-MTE	hyp1	News	NaN	-0.8493077158927917
330	331	fr	wol	challenge_SSA-MTE	hyp1	News	NaN	-0.8493077158927917
331	332	fr	wol	challenge_SSA-MTE	hyp1	News	NaN	-1.4541126489639282
332	333	fr	wol	challenge_SSA-MTE	hyp1	News	NaN	-1.4541126489639282
333	334	fr	wol	challenge_SSA-MTE	hyp1	News	NaN	-1.4541126489639282
334	335	fr	wol	challenge_SSA-MTE	hyp1	News	NaN	-1.4541126489639282
335	336	fr	wol	challenge_SSA-MTE	hyp1	News	NaN	-1.4541126489639282
336	337	fr	wol	challenge_SSA-MTE	hyp1	News	NaN	-0.23454421758651733
337	338	fr	wol	challenge_SSA-MTE	hyp1	News	NaN	-0.23454421758651733
338	339	fr	wol	challenge_SSA-MTE	hyp1	News	NaN	-0.23454421758651733
339	340	fr	wol	challenge_SSA-MTE	hyp1	News	NaN	-0.23454421758651733
340	341	fr	wol	challenge_SSA-MTE	hyp1	News	NaN	-0.23454421758651733
341	342	fr	wol	challenge_SSA-MTE	hyp1	News	NaN	-0.0009628576226532459
342	343	fr	wol	challenge_SSA-MTE	hyp1	News	NaN	-0.0009628576226532459
343	344	fr	wol	challenge_SSA-MTE	hyp1	News	NaN	-0.0009628576226532459
344	345	fr	wol	challenge_SSA-MTE	hyp1	News	NaN	-0.0009628576226532459
345	346	fr	wol	challenge_SSA-MTE	hyp1	News	NaN	-0.0009628576226532459
346	347	fr	wol	challenge_SSA-MTE	hyp1	News	NaN	-0.8211585283279419
347	348	fr	wol	challenge_SSA-MTE	hyp1	News	NaN	-0.8211585283279419
348	349	fr	wol	challenge_SSA-MTE	hyp1	News	NaN	-0.8211585283279419
349	350	fr	wol	challenge_SSA-MTE	hyp1	News	NaN	-0.8211585283279419
350	351	fr	wol	challenge_SSA-MTE	hyp1	News	NaN	-0.8211585283279419
351	352	fr	wol	challenge_SSA-MTE	hyp1	News	NaN	-1.2322238683700562
352	353	fr	wol	challenge_SSA-MTE	hyp1	News	NaN	-1.2322238683700562
353	354	fr	wol	challenge_SSA-MTE	hyp1	News	NaN	-1.2322238683700562
354	355	fr	wol	challenge_SSA-MTE	hyp1	News	NaN	-1.2322238683700562
355	356	fr	wol	challenge_SSA-MTE	hyp1	News	NaN	-1.2322238683700562
356	357	fr	wol	challenge_SSA-MTE	hyp1	News	NaN	-1.1139425039291382
357	358	fr	wol	challenge_SSA-MTE	hyp1	News	NaN	-1.1139425039291382
358	359	fr	wol	challenge_SSA-MTE	hyp1	News	NaN	-1.1139425039291382
359	360	fr	wol	challenge_SSA-MTE	hyp1	News	NaN	-1.1139425039291382
360	361	fr	wol	challenge_SSA-MTE	hyp1	News	NaN	-1.1139425039291382
361	362	fr	wol	challenge_SSA-MTE	hyp1	News	NaN	-0.7602585554122925
362	363	fr	wol	challenge_SSA-MTE	hyp1	News	NaN	-0.7602585554122925
363	364	fr	wol	challenge_SSA-MTE	hyp1	News	NaN	-0.7602585554122925
364	365	fr	wol	challenge_SSA-MTE	hyp1	News	NaN	-0.7602585554122925
365	366	fr	wol	challenge_SSA-MTE	hyp1	News	NaN	-0.7602585554122925
366	367	fr	wol	challenge_SSA-MTE	hyp1	News	NaN	-0.6800816059112549
367	368	fr	wol	challenge_SSA-MTE	hyp1	News	NaN	-0.6800816059112549
368	369	fr	wol	challenge_SSA-MTE	hyp1	News	NaN	-0.6800816059112549
369	370	fr	wol	challenge_SSA-MTE	hyp1	News	NaN	-0.6800799369812012
370	371	fr	wol	challenge_SSA-MTE	hyp1	News	NaN	-0.6800799369812012
371	372	fr	wol	challenge_SSA-MTE	hyp1	News	NaN	-1.0032247304916382
372	373	fr	wol	challenge_SSA-MTE	hyp1	News	NaN	-1.0032247304916382
373	374	fr	wol	challenge_SSA-MTE	hyp1	News	NaN	-1.0032219886779785
374	375	fr	wol	challenge_SSA-MTE	hyp1	News	NaN	-1.0032247304916382
375	376	fr	wol	challenge_SSA-MTE	hyp1	News	NaN	-1.0032247304916382
376	377	fr	wol	challenge_SSA-MTE	hyp1	News	NaN	-0.7283047437667847
377	378	fr	wol	challenge_SSA-MTE	hyp1	News	NaN	-0.7283047437667847
378	379	fr	wol	challenge_SSA-MTE	hyp1	News	NaN	-0.7283047437667847
379	380	fr	wol	challenge_SSA-MTE	hyp1	News	NaN	-0.7283047437667847
380	381	fr	wol	challenge_SSA-MTE	hyp1	News	NaN	-0.7283047437667847
381	382	fr	wol	challenge_SSA-MTE	hyp1	News	NaN	-0.7297109365463257
382	383	fr	wol	challenge_SSA-MTE	hyp1	News	NaN	-0.7297109365463257
383	384	fr	wol	challenge_SSA-MTE	hyp1	News	NaN	-0.7297109365463257
384	385	fr	wol	challenge_SSA-MTE	hyp1	News	NaN	-0.7297109365463257
385	386	fr	wol	challenge_SSA-MTE	hyp1	News	NaN	-0.7297109365463257
386	387	fr	wol	challenge_SSA-MTE	hyp1	News	NaN	-0.11156904697418213
387	388	fr	wol	challenge_SSA-MTE	hyp1	News	NaN	-0.11156904697418213
388	389	fr	wol	challenge_SSA-MTE	hyp1	News	NaN	-0.1115679144859314
389	390	fr	wol	challenge_SSA-MTE	hyp1	News	NaN	-0.1115679144859314
390	391	fr	wol	challenge_SSA-MTE	hyp1	News	NaN	-0.1115679144859314
391	392	fr	wol	challenge_SSA-MTE	hyp1	News	NaN	-2.0176470279693604
392	393	fr	wol	challenge_SSA-MTE	hyp1	News	NaN	-2.0176470279693604
393	394	fr	wol	challenge_SSA-MTE	hyp1	News	NaN	-2.0176470279693604
394	395	fr	wol	challenge_SSA-MTE	hyp1	News	NaN	-2.0176475048065186
395	396	fr	wol	challenge_SSA-MTE	hyp1	News	NaN	-2.0176470279693604
396	397	fr	wol	challenge_SSA-MTE	hyp1	News	NaN	-0.7957658767700195
397	398	fr	wol	challenge_SSA-MTE	hyp1	News	NaN	-0.7957658767700195
398	399	fr	wol	challenge_SSA-MTE	hyp1	News	NaN	-0.7957658767700195
399	400	fr	wol	challenge_SSA-MTE	hyp1	News	NaN	-0.7957650423049927
400	401	fr	wol	challenge_SSA-MTE	hyp1	News	NaN	-0.7957650423049927
401	402	fr	wol	challenge_SSA-MTE	hyp1	News	NaN	-1.2616524696350098
402	403	fr	wol	challenge_SSA-MTE	hyp1	News	NaN	-1.2616524696350098
403	404	fr	wol	challenge_SSA-MTE	hyp1	News	NaN	-1.2616524696350098
404	405	fr	wol	challenge_SSA-MTE	hyp1	News	NaN	-1.2616524696350098
405	406	fr	wol	challenge_SSA-MTE	hyp1	News	NaN	-1.2616524696350098
406	407	fr	wol	challenge_SSA-MTE	hyp1	News	NaN	-0.8400689363479614
407	408	fr	wol	challenge_SSA-MTE	hyp1	News	NaN	-0.8400706648826599
408	409	fr	wol	challenge_SSA-MTE	hyp1	News	NaN	-0.8400706648826599
409	410	fr	wol	challenge_SSA-MTE	hyp1	News	NaN	-0.8400706648826599
410	411	fr	wol	challenge_SSA-MTE	hyp1	News	NaN	-0.8400706648826599
411	412	fr	wol	challenge_SSA-MTE	hyp1	News	NaN	-0.03563768044114113
412	413	fr	wol	challenge_SSA-MTE	hyp1	News	NaN	-0.035637568682432175
413	414	fr	wol	challenge_SSA-MTE	hyp1	News	NaN	-0.035637568682432175
414	415	fr	wol	challenge_SSA-MTE	hyp1	News	NaN	-0.035637568682432175
415	416	fr	wol	challenge_SSA-MTE	hyp1	News	NaN	-1.3931143283843994
416	417	fr	wol	challenge_SSA-MTE	hyp1	News	NaN	-1.3931143283843994
417	418	fr	wol	challenge_SSA-MTE	hyp1	News	NaN	-1.3931143283843994
418	419	fr	wol	challenge_SSA-MTE	hyp1	News	NaN	-1.3931143283843994
419	420	fr	wol	challenge_SSA-MTE	hyp1	News	NaN	-1.3931143283843994
420	421	fr	wol	challenge_SSA-MTE	hyp1	News	NaN	-0.8691843748092651
421	422	fr	wol	challenge_SSA-MTE	hyp1	News	NaN	-0.8691843748092651
422	423	fr	wol	challenge_SSA-MTE	hyp1	News	NaN	-0.869182825088501
423	424	fr	wol	challenge_SSA-MTE	hyp1	News	NaN	-0.869182825088501
424	425	fr	wol	challenge_SSA-MTE	hyp1	News	NaN	-0.8691843748092651
425	426	fr	wol	challenge_SSA-MTE	hyp1	News	NaN	-0.965228259563446
426	427	fr	wol	challenge_SSA-MTE	hyp1	News	NaN	-0.965228259563446
427	428	fr	wol	challenge_SSA-MTE	hyp1	News	NaN	-0.9652303457260132
428	429	fr	wol	challenge_SSA-MTE	hyp1	News	NaN	-0.9652303457260132
429	430	fr	wol	challenge_SSA-MTE	hyp1	News	NaN	-0.965228259563446
430	431	fr	wol	challenge_SSA-MTE	hyp1	News	NaN	-1.4676820039749146
431	432	fr	wol	challenge_SSA-MTE	hyp1	News	NaN	-1.4676820039749146
432	433	fr	wol	challenge_SSA-MTE	hyp1	News	NaN	-1.4676820039749146
433	434	fr	wol	challenge_SSA-MTE	hyp1	News	NaN	-1.4676820039749146
434	435	fr	wol	challenge_SSA-MTE	hyp1	News	NaN	-0.9097726345062256
435	436	fr	wol	challenge_SSA-MTE	hyp1	News	NaN	-0.9097726345062256
436	437	fr	wol	challenge_SSA-MTE	hyp1	News	NaN	-0.9097726345062256
437	438	fr	wol	challenge_SSA-MTE	hyp1	News	NaN	-0.909773588180542
438	439	fr	wol	challenge_SSA-MTE	hyp1	News	NaN	-0.909773588180542
439	440	fr	wol	challenge_SSA-MTE	hyp1	News	NaN	-0.7488293051719666
440	441	fr	wol	challenge_SSA-MTE	hyp1	News	NaN	-0.7488293051719666
441	442	fr	wol	challenge_SSA-MTE	hyp1	News	NaN	-0.7488293051719666
442	443	fr	wol	challenge_SSA-MTE	hyp1	News	NaN	-0.7488293051719666
443	444	fr	wol	challenge_SSA-MTE	hyp1	News	NaN	-0.7488293051719666
444	445	fr	wol	challenge_SSA-MTE	hyp1	News	NaN	-0.4842984676361084
445	446	fr	wol	challenge_SSA-MTE	hyp1	News	NaN	-0.4842984676361084
446	447	fr	wol	challenge_SSA-MTE	hyp1	News	NaN	-0.4842984676361084
447	448	fr	wol	challenge_SSA-MTE	hyp1	News	NaN	-0.4842984676361084
448	449	fr	wol	challenge_SSA-MTE	hyp1	News	NaN	-0.4842984676361084
449	450	fr	wol	challenge_SSA-MTE	hyp1	News	NaN	-0.4976955056190491
450	451	fr	wol	challenge_SSA-MTE	hyp1	News	NaN	-0.4976955056190491
451	452	fr	wol	challenge_SSA-MTE	hyp1	News	NaN	-0.4976947605609894
452	453	fr	wol	challenge_SSA-MTE	hyp1	News	NaN	-0.4976955056190491
453	454	fr	wol	challenge_SSA-MTE	hyp1	News	NaN	-0.4976955056190491
454	455	fr	wol	challenge_SSA-MTE	hyp1	News	NaN	-1.355189561843872
455	456	fr	wol	challenge_SSA-MTE	hyp1	News	NaN	-1.355189561843872
456	457	fr	wol	challenge_SSA-MTE	hyp1	News	NaN	-1.355189561843872
457	458	fr	wol	challenge_SSA-MTE	hyp1	News	NaN	-1.355189561843872
458	459	fr	wol	challenge_SSA-MTE	hyp1	News	NaN	-1.355189561843872
459	460	fr	wol	challenge_SSA-MTE	hyp1	News	NaN	-1.8509143590927124
460	461	fr	wol	challenge_SSA-MTE	hyp1	News	NaN	-1.8509143590927124
461	462	fr	wol	challenge_SSA-MTE	hyp1	News	NaN	-1.8509143590927124
462	463	fr	wol	challenge_SSA-MTE	hyp1	News	NaN	-1.8509143590927124
463	464	fr	wol	challenge_SSA-MTE	hyp1	News	NaN	-1.8509143590927124
464	465	fr	wol	challenge_SSA-MTE	hyp1	News	NaN	-0.7028487920761108
465	466	fr	wol	challenge_SSA-MTE	hyp1	News	NaN	-0.7028487920761108
466	467	fr	wol	challenge_SSA-MTE	hyp1	News	NaN	-0.7028487920761108
467	468	fr	wol	challenge_SSA-MTE	hyp1	News	NaN	-0.7028487920761108
468	469	fr	wol	challenge_SSA-MTE	hyp1	News	NaN	-0.7028487920761108
469	470	fr	wol	challenge_SSA-MTE	hyp1	News	NaN	-0.16824789345264435
470	471	fr	wol	challenge_SSA-MTE	hyp1	News	NaN	-0.16824789345264435
471	472	fr	wol	challenge_SSA-MTE	hyp1	News	NaN	-0.16824789345264435
472	473	fr	wol	challenge_SSA-MTE	hyp1	News	NaN	-0.16824789345264435
473	474	fr	wol	challenge_SSA-MTE	hyp1	News	NaN	-0.16824789345264435
474	475	fr	wol	challenge_SSA-MTE	hyp1	News	NaN	-0.4797707796096802
475	476	fr	wol	challenge_SSA-MTE	hyp1	News	NaN	-0.4797707796096802
476	477	fr	wol	challenge_SSA-MTE	hyp1	News	NaN	-0.4797707796096802
477	478	fr	wol	challenge_SSA-MTE	hyp1	News	NaN	-0.4797707796096802
478	479	fr	wol	challenge_SSA-MTE	hyp1	News	NaN	-0.4797707796096802
479	480	fr	wol	challenge_SSA-MTE	hyp1	News	NaN	-0.9472327828407288
480	481	fr	wol	challenge_SSA-MTE	hyp1	News	NaN	-0.9472327828407288
481	482	fr	wol	challenge_SSA-MTE	hyp1	News	NaN	-0.9472327828407288
482	483	fr	wol	challenge_SSA-MTE	hyp1	News	NaN	-0.947232723236084
483	484	fr	wol	challenge_SSA-MTE	hyp1	News	NaN	-0.8723931312561035
484	485	fr	wol	challenge_SSA-MTE	hyp1	News	NaN	-0.8723923563957214
485	486	fr	wol	challenge_SSA-MTE	hyp1	News	NaN	-0.8723923563957214
486	487	fr	wol	challenge_SSA-MTE	hyp1	News	NaN	-0.8723923563957214
487	488	fr	wol	challenge_SSA-MTE	hyp1	News	NaN	-0.8723923563957214
488	489	fr	wol	challenge_SSA-MTE	hyp1	News	NaN	-1.2010962963104248
489	490	fr	wol	challenge_SSA-MTE	hyp1	News	NaN	-1.2010962963104248
490	491	fr	wol	challenge_SSA-MTE	hyp1	News	NaN	-1.2010983228683472
491	492	fr	wol	challenge_SSA-MTE	hyp1	News	NaN	-1.2010983228683472
492	493	fr	wol	challenge_SSA-MTE	hyp1	News	NaN	-1.2010983228683472
493	494	fr	wol	challenge_SSA-MTE	hyp1	News	NaN	-1.061864972114563
494	495	fr	wol	challenge_SSA-MTE	hyp1	News	NaN	-1.061864972114563
495	496	fr	wol	challenge_SSA-MTE	hyp1	News	NaN	-1.061864972114563
496	497	fr	wol	challenge_SSA-MTE	hyp1	News	NaN	-1.061864972114563
497	498	fr	wol	challenge_SSA-MTE	hyp1	News	NaN	-1.061864972114563
498	499	fr	wol	challenge_SSA-MTE	hyp1	News	NaN	-0.2572830617427826
499	500	fr	wol	challenge_SSA-MTE	hyp1	News	NaN	-0.2572830617427826
500	501	fr	wol	challenge_SSA-MTE	hyp1	News	NaN	-0.2572830617427826
501	502	fr	wol	challenge_SSA-MTE	hyp1	News	NaN	-0.2572830617427826
502	503	fr	wol	challenge_SSA-MTE	hyp1	News	NaN	-1.8477433919906616
503	504	fr	wol	challenge_SSA-MTE	hyp1	News	NaN	-1.8477433919906616
504	505	fr	wol	challenge_SSA-MTE	hyp1	News	NaN	-1.8477433919906616
505	506	fr	wol	challenge_SSA-MTE	hyp1	News	NaN	-1.8477433919906616
506	507	fr	wol	challenge_SSA-MTE	hyp1	News	NaN	-1.8477433919906616
507	508	fr	wol	challenge_SSA-MTE	hyp1	News	NaN	-1.5070472955703735
508	509	fr	wol	challenge_SSA-MTE	hyp1	News	NaN	-1.5070472955703735
509	510	fr	wol	challenge_SSA-MTE	hyp1	News	NaN	-1.5070472955703735
510	511	fr	wol	challenge_SSA-MTE	hyp1	News	NaN	-1.5070472955703735
511	512	fr	wol	challenge_SSA-MTE	hyp1	News	NaN	-1.5070472955703735
512	513	fr	wol	challenge_SSA-MTE	hyp1	News	NaN	-0.9266531467437744
513	514	fr	wol	challenge_SSA-MTE	hyp1	News	NaN	-0.9266543984413147
514	515	fr	wol	challenge_SSA-MTE	hyp1	News	NaN	-0.9266543984413147
515	516	fr	wol	challenge_SSA-MTE	hyp1	News	NaN	-0.9266543984413147
516	517	fr	wol	challenge_SSA-MTE	hyp1	News	NaN	-0.9266543984413147
517	518	fr	wol	challenge_SSA-MTE	hyp1	News	NaN	-1.2819937467575073
518	519	fr	wol	challenge_SSA-MTE	hyp1	News	NaN	-1.2819947004318237
519	520	fr	wol	challenge_SSA-MTE	hyp1	News	NaN	-1.2819947004318237
520	521	fr	wol	challenge_SSA-MTE	hyp1	News	NaN	-1.2819947004318237
521	522	fr	wol	challenge_SSA-MTE	hyp1	News	NaN	-1.2819947004318237
522	523	fr	wol	challenge_SSA-MTE	hyp1	News	NaN	-1.5893901586532593
523	524	fr	wol	challenge_SSA-MTE	hyp1	News	NaN	-1.5893901586532593
524	525	fr	wol	challenge_SSA-MTE	hyp1	News	NaN	-1.5893901586532593
525	526	fr	wol	challenge_SSA-MTE	hyp1	News	NaN	-1.5893901586532593
526	527	fr	wol	challenge_SSA-MTE	hyp1	News	NaN	-1.5893901586532593
527	528	fr	wol	challenge_SSA-MTE	hyp1	News	NaN	-0.7384874820709229
528	529	fr	wol	challenge_SSA-MTE	hyp1	News	NaN	-0.7384880185127258
529	530	fr	wol	challenge_SSA-MTE	hyp1	News	NaN	-0.7384874820709229
530	531	fr	wol	challenge_SSA-MTE	hyp1	News	NaN	-0.7384880185127258
531	532	fr	wol	challenge_SSA-MTE	hyp1	News	NaN	-1.788925051689148
532	533	fr	wol	challenge_SSA-MTE	hyp1	News	NaN	-1.788925051689148
533	534	fr	wol	challenge_SSA-MTE	hyp1	News	NaN	-1.788925051689148
534	535	fr	wol	challenge_SSA-MTE	hyp1	News	NaN	-1.788925051689148
535	536	fr	wol	challenge_SSA-MTE	hyp1	News	NaN	-1.788925051689148
536	537	fr	wol	challenge_SSA-MTE	hyp1	News	NaN	-0.7888315916061401
537	538	fr	wol	challenge_SSA-MTE	hyp1	News	NaN	-0.7888315916061401
538	539	fr	wol	challenge_SSA-MTE	hyp1	News	NaN	-0.7888315916061401
539	540	fr	wol	challenge_SSA-MTE	hyp1	News	NaN	-0.7888315916061401
540	541	fr	wol	challenge_SSA-MTE	hyp1	News	NaN	-0.7888315916061401
541	542	fr	wol	challenge_SSA-MTE	hyp1	News	NaN	-1.9295728206634521
542	543	fr	wol	challenge_SSA-MTE	hyp1	News	NaN	-1.9295728206634521
543	544	fr	wol	challenge_SSA-MTE	hyp1	News	NaN	-1.9295728206634521
544	545	fr	wol	challenge_SSA-MTE	hyp1	News	NaN	-1.9295728206634521
545	546	fr	wol	challenge_SSA-MTE	hyp1	News	NaN	-2.0580992698669434
546	547	fr	wol	challenge_SSA-MTE	hyp1	News	NaN	-2.0580992698669434
547	548	fr	wol	challenge_SSA-MTE	hyp1	News	NaN	-2.0580992698669434
548	549	fr	wol	challenge_SSA-MTE	hyp1	News	NaN	-2.058100461959839
549	550	fr	wol	challenge_SSA-MTE	hyp1	News	NaN	-0.926827609539032
550	551	fr	wol	challenge_SSA-MTE	hyp1	News	NaN	-0.926827609539032
551	552	fr	wol	challenge_SSA-MTE	hyp1	News	NaN	-0.926827609539032
552	553	fr	wol	challenge_SSA-MTE	hyp1	News	NaN	-0.9268323183059692
553	554	fr	wol	challenge_SSA-MTE	hyp1	News	NaN	-0.9268323183059692
554	555	fr	wol	challenge_SSA-MTE	hyp1	News	NaN	-0.7602356672286987
555	556	fr	wol	challenge_SSA-MTE	hyp1	News	NaN	-0.7602356672286987
556	557	fr	wol	challenge_SSA-MTE	hyp1	News	NaN	-0.7602353096008301
557	558	fr	wol	challenge_SSA-MTE	hyp1	News	NaN	-0.7602353096008301
558	559	fr	wol	challenge_SSA-MTE	hyp1	News	NaN	-1.1177235841751099
559	560	fr	wol	challenge_SSA-MTE	hyp1	News	NaN	-1.1177235841751099
560	561	fr	wol	challenge_SSA-MTE	hyp1	News	NaN	-1.1177235841751099
561	562	fr	wol	challenge_SSA-MTE	hyp1	News	NaN	-1.1177235841751099
562	563	fr	wol	challenge_SSA-MTE	hyp1	News	NaN	-0.381053626537323
563	564	fr	wol	challenge_SSA-MTE	hyp1	News	NaN	-0.381053626537323
564	565	fr	wol	challenge_SSA-MTE	hyp1	News	NaN	-0.381053626537323
565	566	fr	wol	challenge_SSA-MTE	hyp1	News	NaN	-0.381053626537323
566	567	fr	wol	challenge_SSA-MTE	hyp1	News	NaN	-0.381053626537323
567	568	fr	wol	challenge_SSA-MTE	hyp1	News	NaN	-1.4718469381332397
568	569	fr	wol	challenge_SSA-MTE	hyp1	News	NaN	-1.4718469381332397
569	570	fr	wol	challenge_SSA-MTE	hyp1	News	NaN	-1.4718469381332397
570	571	fr	wol	challenge_SSA-MTE	hyp1	News	NaN	-1.4718469381332397
571	572	fr	wol	challenge_SSA-MTE	hyp1	News	NaN	-1.4718469381332397
572	573	fr	wol	challenge_SSA-MTE	hyp1	News	NaN	-0.5930895805358887
573	574	fr	wol	challenge_SSA-MTE	hyp1	News	NaN	-0.5930895805358887
574	575	fr	wol	challenge_SSA-MTE	hyp1	News	NaN	-0.5930895805358887
575	576	fr	wol	challenge_SSA-MTE	hyp1	News	NaN	-0.5930895805358887
576	577	fr	wol	challenge_SSA-MTE	hyp1	News	NaN	-0.5930895805358887
577	578	fr	wol	challenge_SSA-MTE	hyp1	News	NaN	-2.151639699935913
578	579	fr	wol	challenge_SSA-MTE	hyp1	News	NaN	-2.151639699935913
579	580	fr	wol	challenge_SSA-MTE	hyp1	News	NaN	-2.151639699935913
580	581	fr	wol	challenge_SSA-MTE	hyp1	News	NaN	-2.151639699935913
581	582	fr	wol	challenge_SSA-MTE	hyp1	News	NaN	-2.151639699935913
582	583	fr	wol	challenge_SSA-MTE	hyp1	News	NaN	-1.996646523475647
583	584	fr	wol	challenge_SSA-MTE	hyp1	News	NaN	-1.996646523475647
584	585	fr	wol	challenge_SSA-MTE	hyp1	News	NaN	-1.996646523475647
585	586	fr	wol	challenge_SSA-MTE	hyp1	News	NaN	-1.996646523475647
586	587	fr	wol	challenge_SSA-MTE	hyp1	News	NaN	-1.996646523475647
587	588	fr	wol	challenge_SSA-MTE	hyp1	News	NaN	-0.5603857040405273
588	589	fr	wol	challenge_SSA-MTE	hyp1	News	NaN	-0.5603857040405273
589	590	fr	wol	challenge_SSA-MTE	hyp1	News	NaN	-0.5603859424591064
590	591	fr	wol	challenge_SSA-MTE	hyp1	News	NaN	-0.5603857040405273
591	592	fr	wol	challenge_SSA-MTE	hyp1	News	NaN	-0.5603857040405273
592	593	fr	wol	challenge_SSA-MTE	hyp1	News	NaN	-1.2121933698654175
593	594	fr	wol	challenge_SSA-MTE	hyp1	News	NaN	-1.2121933698654175
594	595	fr	wol	challenge_SSA-MTE	hyp1	News	NaN	-1.2121933698654175
595	596	fr	wol	challenge_SSA-MTE	hyp1	News	NaN	-1.2121933698654175
596	597	fr	wol	challenge_SSA-MTE	hyp1	News	NaN	-1.2121933698654175
597	598	fr	wol	challenge_SSA-MTE	hyp1	News	NaN	-0.35716164112091064
598	599	fr	wol	challenge_SSA-MTE	hyp1	News	NaN	-0.35716164112091064
599	600	fr	wol	challenge_SSA-MTE	hyp1	News	NaN	-0.35716164112091064
600	601	fr	wol	challenge_SSA-MTE	hyp1	News	NaN	-0.35716164112091064
601	602	fr	wol	challenge_SSA-MTE	hyp1	News	NaN	-0.35716164112091064
602	603	fr	wol	challenge_SSA-MTE	hyp1	News	NaN	-0.9432656764984131
603	604	fr	wol	challenge_SSA-MTE	hyp1	News	NaN	-0.9432656764984131
604	605	fr	wol	challenge_SSA-MTE	hyp1	News	NaN	-0.9432656764984131
605	606	fr	wol	challenge_SSA-MTE	hyp1	News	NaN	-0.9432659149169922
606	607	fr	wol	challenge_SSA-MTE	hyp1	News	NaN	-0.9432656764984131
607	608	fr	wol	challenge_SSA-MTE	hyp1	News	NaN	-0.8603680729866028
608	609	fr	wol	challenge_SSA-MTE	hyp1	News	NaN	-0.8603680729866028
609	610	fr	wol	challenge_SSA-MTE	hyp1	News	NaN	-0.8603680729866028
610	611	fr	wol	challenge_SSA-MTE	hyp1	News	NaN	-0.8603680729866028
611	612	fr	wol	challenge_SSA-MTE	hyp1	News	NaN	-0.8603680729866028
612	613	fr	wol	challenge_SSA-MTE	hyp1	News	NaN	-1.6206610202789307
613	614	fr	wol	challenge_SSA-MTE	hyp1	News	NaN	-1.6206610202789307
614	615	fr	wol	challenge_SSA-MTE	hyp1	News	NaN	-1.6206610202789307
615	616	fr	wol	challenge_SSA-MTE	hyp1	News	NaN	-1.6206610202789307
616	617	fr	wol	challenge_SSA-MTE	hyp1	News	NaN	-1.6206610202789307
617	618	fr	wol	challenge_SSA-MTE	hyp1	News	NaN	-1.3483222723007202
618	619	fr	wol	challenge_SSA-MTE	hyp1	News	NaN	-1.3483225107192993
619	620	fr	wol	challenge_SSA-MTE	hyp1	News	NaN	-1.3483225107192993
620	621	fr	wol	challenge_SSA-MTE	hyp1	News	NaN	-1.3483222723007202
621	622	fr	wol	challenge_SSA-MTE	hyp1	News	NaN	-1.3483225107192993
622	623	fr	wol	challenge_SSA-MTE	hyp1	News	NaN	-0.8893222808837891
623	624	fr	wol	challenge_SSA-MTE	hyp1	News	NaN	-0.889324963092804
624	625	fr	wol	challenge_SSA-MTE	hyp1	News	NaN	-0.8893222808837891
625	626	fr	wol	challenge_SSA-MTE	hyp1	News	NaN	-0.8893206119537354
626	627	fr	wol	challenge_SSA-MTE	hyp1	News	NaN	-0.8893206119537354
627	628	fr	wol	challenge_SSA-MTE	hyp1	News	NaN	-1.3777329921722412
628	629	fr	wol	challenge_SSA-MTE	hyp1	News	NaN	-1.3777329921722412
629	630	fr	wol	challenge_SSA-MTE	hyp1	News	NaN	-1.3777331113815308
630	631	fr	wol	challenge_SSA-MTE	hyp1	News	NaN	-1.3777329921722412
631	632	fr	wol	challenge_SSA-MTE	hyp1	News	NaN	-1.3777331113815308
632	633	fr	wol	challenge_SSA-MTE	hyp1	News	NaN	-0.2810859978199005
633	634	fr	wol	challenge_SSA-MTE	hyp1	News	NaN	-0.2810859978199005
634	635	fr	wol	challenge_SSA-MTE	hyp1	News	NaN	-0.2810859978199005
635	636	fr	wol	challenge_SSA-MTE	hyp1	News	NaN	-0.2810859978199005
636	637	fr	wol	challenge_SSA-MTE	hyp1	News	NaN	-0.2810859978199005
637	638	fr	wol	challenge_SSA-MTE	hyp1	News	NaN	-1.271985411643982
638	639	fr	wol	challenge_SSA-MTE	hyp1	News	NaN	-1.2719860076904297
639	640	fr	wol	challenge_SSA-MTE	hyp1	News	NaN	-1.2719860076904297
640	641	fr	wol	challenge_SSA-MTE	hyp1	News	NaN	-1.2719860076904297
641	642	fr	wol	challenge_SSA-MTE	hyp1	News	NaN	-1.2719860076904297
642	643	fr	wol	challenge_SSA-MTE	hyp1	News	NaN	-0.3391670882701874
643	644	fr	wol	challenge_SSA-MTE	hyp1	News	NaN	-0.3391670882701874
644	645	fr	wol	challenge_SSA-MTE	hyp1	News	NaN	-0.3391670882701874
645	646	fr	wol	challenge_SSA-MTE	hyp1	News	NaN	-0.3391670882701874
646	647	fr	wol	challenge_SSA-MTE	hyp1	News	NaN	-1.2807186841964722
647	648	fr	wol	challenge_SSA-MTE	hyp1	News	NaN	-1.2807186841964722
648	649	fr	wol	challenge_SSA-MTE	hyp1	News	NaN	-1.2807186841964722
649	650	fr	wol	challenge_SSA-MTE	hyp1	News	NaN	-1.2807186841964722
650	651	fr	wol	challenge_SSA-MTE	hyp1	News	NaN	-1.2807186841964722
651	652	fr	wol	challenge_SSA-MTE	hyp1	News	NaN	-1.577433466911316
652	653	fr	wol	challenge_SSA-MTE	hyp1	News	NaN	-1.577433466911316
653	654	fr	wol	challenge_SSA-MTE	hyp1	News	NaN	-1.577433466911316
654	655	fr	wol	challenge_SSA-MTE	hyp1	News	NaN	-1.577433466911316
655	656	fr	wol	challenge_SSA-MTE	hyp1	News	NaN	-1.577433466911316
656	657	fr	wol	challenge_SSA-MTE	hyp1	News	NaN	-1.5458120107650757
657	658	fr	wol	challenge_SSA-MTE	hyp1	News	NaN	-1.5458120107650757
658	659	fr	wol	challenge_SSA-MTE	hyp1	News	NaN	-1.5458120107650757
659	660	fr	wol	challenge_SSA-MTE	hyp1	News	NaN	-1.5458120107650757
660	661	fr	wol	challenge_SSA-MTE	hyp1	News	NaN	-1.5458120107650757
661	662	fr	wol	challenge_SSA-MTE	hyp1	News	NaN	-0.8669041395187378
662	663	fr	wol	challenge_SSA-MTE	hyp1	News	NaN	-0.8669041395187378
663	664	fr	wol	challenge_SSA-MTE	hyp1	News	NaN	-0.86690354347229
664	665	fr	wol	challenge_SSA-MTE	hyp1	News	NaN	-0.8669041395187378
665	666	fr	wol	challenge_SSA-MTE	hyp1	News	NaN	-0.8669041395187378
666	667	fr	wol	challenge_SSA-MTE	hyp1	News	NaN	-0.7744964957237244
667	668	fr	wol	challenge_SSA-MTE	hyp1	News	NaN	-0.7744964957237244
668	669	fr	wol	challenge_SSA-MTE	hyp1	News	NaN	-0.7744964957237244
669	670	fr	wol	challenge_SSA-MTE	hyp1	News	NaN	-0.7744964957237244
670	671	fr	wol	challenge_SSA-MTE	hyp1	News	NaN	-0.7744966745376587
671	672	fr	wol	challenge_SSA-MTE	hyp1	News	NaN	-1.3155241012573242
672	673	fr	wol	challenge_SSA-MTE	hyp1	News	NaN	-1.3155241012573242
673	674	fr	wol	challenge_SSA-MTE	hyp1	News	NaN	-1.3155208826065063
674	675	fr	wol	challenge_SSA-MTE	hyp1	News	NaN	-1.3155208826065063
675	676	fr	wol	challenge_SSA-MTE	hyp1	News	NaN	-1.3155208826065063
676	677	fr	wol	challenge_SSA-MTE	hyp1	News	NaN	-1.4850099086761475
677	678	fr	wol	challenge_SSA-MTE	hyp1	News	NaN	-1.4850099086761475
678	679	fr	wol	challenge_SSA-MTE	hyp1	News	NaN	-1.4850099086761475
679	680	fr	wol	challenge_SSA-MTE	hyp1	News	NaN	-1.4850094318389893
680	681	fr	wol	challenge_SSA-MTE	hyp1	News	NaN	-1.4850094318389893
681	682	fr	wol	challenge_SSA-MTE	hyp1	News	NaN	-0.7423130869865417
682	683	fr	wol	challenge_SSA-MTE	hyp1	News	NaN	-0.7423104643821716
683	684	fr	wol	challenge_SSA-MTE	hyp1	News	NaN	-0.7423104643821716
684	685	fr	wol	challenge_SSA-MTE	hyp1	News	NaN	-0.7423104643821716
685	686	fr	wol	challenge_SSA-MTE	hyp1	News	NaN	-0.7423130869865417
686	687	fr	wol	challenge_SSA-MTE	hyp1	News	NaN	-1.6546074151992798
687	688	fr	wol	challenge_SSA-MTE	hyp1	News	NaN	-1.6546074151992798
688	689	fr	wol	challenge_SSA-MTE	hyp1	News	NaN	-1.6546074151992798
689	690	fr	wol	challenge_SSA-MTE	hyp1	News	NaN	-1.6546074151992798
690	691	fr	wol	challenge_SSA-MTE	hyp1	News	NaN	-1.6546074151992798
691	692	fr	wol	challenge_SSA-MTE	hyp1	News	NaN	-1.9851527214050293
692	693	fr	wol	challenge_SSA-MTE	hyp1	News	NaN	-1.9851527214050293
693	694	fr	wol	challenge_SSA-MTE	hyp1	News	NaN	-1.9851527214050293
694	695	fr	wol	challenge_SSA-MTE	hyp1	News	NaN	-1.9851527214050293
695	696	fr	wol	challenge_SSA-MTE	hyp1	News	NaN	-1.1810141801834106
696	697	fr	wol	challenge_SSA-MTE	hyp1	News	NaN	-1.1810141801834106
697	698	fr	wol	challenge_SSA-MTE	hyp1	News	NaN	-1.9851527214050293
698	699	fr	wol	challenge_SSA-MTE	hyp1	News	NaN	-1.1810141801834106
699	700	fr	wol	challenge_SSA-MTE	hyp1	News	NaN	-1.1810141801834106
700	701	fr	wol	challenge_SSA-MTE	hyp1	News	NaN	-1.1810141801834106
701	702	fr	wol	challenge_SSA-MTE	hyp1	News	NaN	-1.7786351442337036
702	703	fr	wol	challenge_SSA-MTE	hyp1	News	NaN	-1.7786351442337036
703	704	fr	wol	challenge_SSA-MTE	hyp1	News	NaN	-1.7786341905593872
704	705	fr	wol	challenge_SSA-MTE	hyp1	News	NaN	-1.7786341905593872
705	706	fr	wol	challenge_SSA-MTE	hyp1	News	NaN	-1.7786341905593872
706	707	fr	wol	challenge_SSA-MTE	hyp1	News	NaN	-1.8255689144134521
707	708	fr	wol	challenge_SSA-MTE	hyp1	News	NaN	-1.8255689144134521
708	709	fr	wol	challenge_SSA-MTE	hyp1	News	NaN	-1.825571060180664
709	710	fr	wol	challenge_SSA-MTE	hyp1	News	NaN	-1.8255690336227417
710	711	fr	wol	challenge_SSA-MTE	hyp1	News	NaN	-1.8255689144134521
711	712	fr	wol	challenge_SSA-MTE	hyp1	News	NaN	-1.2926033735275269
712	713	fr	wol	challenge_SSA-MTE	hyp1	News	NaN	-1.2926033735275269
713	714	fr	wol	challenge_SSA-MTE	hyp1	News	NaN	-1.2926033735275269
714	715	fr	wol	challenge_SSA-MTE	hyp1	News	NaN	-1.2926033735275269
715	716	fr	wol	challenge_SSA-MTE	hyp1	News	NaN	-1.2926033735275269
716	717	fr	wol	challenge_SSA-MTE	hyp1	News	NaN	-1.8000463247299194
717	718	fr	wol	challenge_SSA-MTE	hyp1	News	NaN	-1.8000463247299194
718	719	fr	wol	challenge_SSA-MTE	hyp1	News	NaN	-1.8000463247299194
719	720	fr	wol	challenge_SSA-MTE	hyp1	News	NaN	-1.8000463247299194
720	721	fr	wol	challenge_SSA-MTE	hyp1	News	NaN	-1.8000468015670776
721	722	fr	wol	challenge_SSA-MTE	hyp1	News	NaN	-1.1399387121200562
722	723	fr	wol	challenge_SSA-MTE	hyp1	News	NaN	-1.1399387121200562
723	724	fr	wol	challenge_SSA-MTE	hyp1	News	NaN	-1.1399387121200562
724	725	fr	wol	challenge_SSA-MTE	hyp1	News	NaN	-1.1399387121200562
725	726	fr	wol	challenge_SSA-MTE	hyp1	News	NaN	-1.1399391889572144
726	727	fr	wol	challenge_SSA-MTE	hyp1	News	NaN	-0.49636387825012207
727	728	fr	wol	challenge_SSA-MTE	hyp1	News	NaN	-0.49636179208755493
728	729	fr	wol	challenge_SSA-MTE	hyp1	News	NaN	-0.49636852741241455
729	730	fr	wol	challenge_SSA-MTE	hyp1	News	NaN	-0.49636179208755493
730	731	fr	wol	challenge_SSA-MTE	hyp1	News	NaN	-0.49636179208755493
731	732	fr	wol	challenge_SSA-MTE	hyp1	News	NaN	-1.9831823110580444
732	733	fr	wol	challenge_SSA-MTE	hyp1	News	NaN	-1.9831823110580444
733	734	fr	wol	challenge_SSA-MTE	hyp1	News	NaN	-1.9831823110580444
734	735	fr	wol	challenge_SSA-MTE	hyp1	News	NaN	-1.9831823110580444
735	736	fr	wol	challenge_SSA-MTE	hyp1	News	NaN	-1.9831823110580444
736	737	fr	wol	challenge_SSA-MTE	hyp1	News	NaN	-1.707944393157959
737	738	fr	wol	challenge_SSA-MTE	hyp1	News	NaN	-1.707944393157959
738	739	fr	wol	challenge_SSA-MTE	hyp1	News	NaN	-1.707944393157959
739	740	fr	wol	challenge_SSA-MTE	hyp1	News	NaN	-1.707944393157959
740	741	fr	wol	challenge_SSA-MTE	hyp1	News	NaN	-1.707944393157959
741	742	fr	wol	challenge_SSA-MTE	hyp1	News	NaN	-1.310732364654541
742	743	fr	wol	challenge_SSA-MTE	hyp1	News	NaN	-1.310732364654541
743	744	fr	wol	challenge_SSA-MTE	hyp1	News	NaN	-1.310732364654541
744	745	fr	wol	challenge_SSA-MTE	hyp1	News	NaN	-1.310732364654541
745	746	fr	wol	challenge_SSA-MTE	hyp1	News	NaN	-1.310732364654541
746	747	fr	wol	challenge_SSA-MTE	hyp1	News	NaN	-0.8705803155899048
747	748	fr	wol	challenge_SSA-MTE	hyp1	News	NaN	-0.8705803155899048
748	749	fr	wol	challenge_SSA-MTE	hyp1	News	NaN	-0.8705803155899048
749	750	fr	wol	challenge_SSA-MTE	hyp1	News	NaN	-0.8705803155899048
750	751	fr	wol	challenge_SSA-MTE	hyp1	News	NaN	-0.8705803155899048
751	752	fr	wol	challenge_SSA-MTE	hyp1	News	NaN	-1.738993525505066
752	753	fr	wol	challenge_SSA-MTE	hyp1	News	NaN	-1.738993525505066
753	754	fr	wol	challenge_SSA-MTE	hyp1	News	NaN	-1.738993525505066
754	755	fr	wol	challenge_SSA-MTE	hyp1	News	NaN	-1.738993525505066
755	756	fr	wol	challenge_SSA-MTE	hyp1	News	NaN	-1.738993525505066
756	757	fr	wol	challenge_SSA-MTE	hyp1	News	NaN	-1.8951536417007446
757	758	fr	wol	challenge_SSA-MTE	hyp1	News	NaN	-1.8951536417007446
758	759	fr	wol	challenge_SSA-MTE	hyp1	News	NaN	-1.8951536417007446
759	760	fr	wol	challenge_SSA-MTE	hyp1	News	NaN	-1.8951536417007446
760	761	fr	wol	challenge_SSA-MTE	hyp1	News	NaN	-1.8951536417007446
761	762	fr	wol	challenge_SSA-MTE	hyp1	News	NaN	-1.6523157358169556
762	763	fr	wol	challenge_SSA-MTE	hyp1	News	NaN	-1.6523157358169556
763	764	fr	wol	challenge_SSA-MTE	hyp1	News	NaN	-1.6523157358169556
764	765	fr	wol	challenge_SSA-MTE	hyp1	News	NaN	-1.6523157358169556
765	766	fr	wol	challenge_SSA-MTE	hyp1	News	NaN	-1.6523157358169556
766	767	fr	wol	challenge_SSA-MTE	hyp1	News	NaN	-2.0042524337768555
767	768	fr	wol	challenge_SSA-MTE	hyp1	News	NaN	-2.004251718521118
768	769	fr	wol	challenge_SSA-MTE	hyp1	News	NaN	-2.004251718521118
769	770	fr	wol	challenge_SSA-MTE	hyp1	News	NaN	-2.004251718521118
770	771	fr	wol	challenge_SSA-MTE	hyp1	News	NaN	-2.004251718521118
771	772	fr	wol	challenge_SSA-MTE	hyp1	News	NaN	-2.027326822280884
772	773	fr	wol	challenge_SSA-MTE	hyp1	News	NaN	-2.027326822280884
773	774	fr	wol	challenge_SSA-MTE	hyp1	News	NaN	-2.027326822280884
774	775	fr	wol	challenge_SSA-MTE	hyp1	News	NaN	-2.027326822280884
775	776	fr	wol	challenge_SSA-MTE	hyp1	News	NaN	-2.027326822280884
776	777	fr	wol	challenge_SSA-MTE	hyp1	News	NaN	-1.8475819826126099
777	778	fr	wol	challenge_SSA-MTE	hyp1	News	NaN	-1.8475819826126099
778	779	fr	wol	challenge_SSA-MTE	hyp1	News	NaN	-1.8475819826126099
779	780	fr	wol	challenge_SSA-MTE	hyp1	News	NaN	-1.8475819826126099
780	781	fr	wol	challenge_SSA-MTE	hyp1	News	NaN	-1.8475819826126099
781	782	fr	wol	challenge_SSA-MTE	hyp1	News	NaN	-0.8315243124961853
782	783	fr	wol	challenge_SSA-MTE	hyp1	News	NaN	-0.8315243124961853
783	784	fr	wol	challenge_SSA-MTE	hyp1	News	NaN	-0.8315243124961853
784	785	fr	wol	challenge_SSA-MTE	hyp1	News	NaN	-0.8315243124961853
785	786	fr	wol	challenge_SSA-MTE	hyp1	News	NaN	-0.8315243124961853
786	787	fr	wol	challenge_SSA-MTE	hyp1	News	NaN	-0.46716153621673584
787	788	fr	wol	challenge_SSA-MTE	hyp1	News	NaN	-0.46716153621673584
788	789	fr	wol	challenge_SSA-MTE	hyp1	News	NaN	-0.46716153621673584
789	790	fr	wol	challenge_SSA-MTE	hyp1	News	NaN	-0.46716153621673584
790	791	fr	wol	challenge_SSA-MTE	hyp1	News	NaN	-0.46716153621673584
791	792	fr	wol	challenge_SSA-MTE	hyp1	News	NaN	-2.190755605697632
792	793	fr	wol	challenge_SSA-MTE	hyp1	News	NaN	-2.190755605697632
793	794	fr	wol	challenge_SSA-MTE	hyp1	News	NaN	-2.190755605697632
794	795	fr	wol	challenge_SSA-MTE	hyp1	News	NaN	-2.190755605697632
795	796	fr	wol	challenge_SSA-MTE	hyp1	News	NaN	-2.190755605697632
796	797	fr	wol	challenge_SSA-MTE	hyp1	News	NaN	-1.4680405855178833
797	798	fr	wol	challenge_SSA-MTE	hyp1	News	NaN	-1.4680405855178833
798	799	fr	wol	challenge_SSA-MTE	hyp1	News	NaN	-1.4680405855178833
799	800	fr	wol	challenge_SSA-MTE	hyp1	News	NaN	-1.4680405855178833
800	801	fr	wol	challenge_SSA-MTE	hyp1	News	NaN	-1.4680405855178833
801	802	fr	wol	challenge_SSA-MTE	hyp1	News	NaN	-1.3371950387954712
802	803	fr	wol	challenge_SSA-MTE	hyp1	News	NaN	-1.3371950387954712
803	804	fr	wol	challenge_SSA-MTE	hyp1	News	NaN	-1.3371950387954712
804	805	fr	wol	challenge_SSA-MTE	hyp1	News	NaN	-1.3371950387954712
805	806	fr	wol	challenge_SSA-MTE	hyp1	News	NaN	-1.3371950387954712
806	807	fr	wol	challenge_SSA-MTE	hyp1	News	NaN	-1.4956222772598267
807	808	fr	wol	challenge_SSA-MTE	hyp1	News	NaN	-1.4956222772598267
808	809	fr	wol	challenge_SSA-MTE	hyp1	News	NaN	-1.4956222772598267
809	810	fr	wol	challenge_SSA-MTE	hyp1	News	NaN	-1.4956222772598267
810	811	fr	wol	challenge_SSA-MTE	hyp1	News	NaN	-1.4956222772598267
811	812	fr	wol	challenge_SSA-MTE	hyp1	News	NaN	-1.8679362535476685
812	813	fr	wol	challenge_SSA-MTE	hyp1	News	NaN	-1.8679362535476685
813	814	fr	wol	challenge_SSA-MTE	hyp1	News	NaN	-1.8679362535476685
814	815	fr	wol	challenge_SSA-MTE	hyp1	News	NaN	-1.8679362535476685
815	816	fr	wol	challenge_SSA-MTE	hyp1	News	NaN	-1.387910008430481
816	817	fr	wol	challenge_SSA-MTE	hyp1	News	NaN	-1.3879109621047974
817	818	fr	wol	challenge_SSA-MTE	hyp1	News	NaN	-1.387910008430481
818	819	fr	wol	challenge_SSA-MTE	hyp1	News	NaN	-1.387910008430481
819	820	fr	wol	challenge_SSA-MTE	hyp1	News	NaN	-1.387910008430481
820	821	fr	wol	challenge_SSA-MTE	hyp1	News	NaN	-1.9078117609024048
821	822	fr	wol	challenge_SSA-MTE	hyp1	News	NaN	-1.9078117609024048
822	823	fr	wol	challenge_SSA-MTE	hyp1	News	NaN	-1.9078117609024048
823	824	fr	wol	challenge_SSA-MTE	hyp1	News	NaN	-1.9078117609024048
824	825	fr	wol	challenge_SSA-MTE	hyp1	News	NaN	-1.9078117609024048
825	826	fr	wol	challenge_SSA-MTE	hyp1	News	NaN	-1.4454847574234009
826	827	fr	wol	challenge_SSA-MTE	hyp1	News	NaN	-1.4454847574234009
827	828	fr	wol	challenge_SSA-MTE	hyp1	News	NaN	-1.4454847574234009
828	829	fr	wol	challenge_SSA-MTE	hyp1	News	NaN	-1.4454847574234009
829	830	fr	wol	challenge_SSA-MTE	hyp1	News	NaN	-1.4454847574234009
830	831	fr	wol	challenge_SSA-MTE	hyp1	News	NaN	-2.2384655475616455
831	832	fr	wol	challenge_SSA-MTE	hyp1	News	NaN	-1.2006698846817017
832	833	fr	wol	challenge_SSA-MTE	hyp1	News	NaN	-1.2006698846817017
833	834	fr	wol	challenge_SSA-MTE	hyp1	News	NaN	-1.2006698846817017
834	835	fr	wol	challenge_SSA-MTE	hyp1	News	NaN	-1.2006663084030151
835	836	fr	wol	challenge_SSA-MTE	hyp1	News	NaN	-1.2006663084030151
836	837	fr	wol	challenge_SSA-MTE	hyp1	News	NaN	-0.9684096574783325
837	838	fr	wol	challenge_SSA-MTE	hyp1	News	NaN	-0.9684096574783325
838	839	fr	wol	challenge_SSA-MTE	hyp1	News	NaN	-0.968408465385437
839	840	fr	wol	challenge_SSA-MTE	hyp1	News	NaN	-0.9684096574783325
840	841	fr	wol	challenge_SSA-MTE	hyp1	News	NaN	-0.9684096574783325
841	842	fr	wol	challenge_SSA-MTE	hyp1	News	NaN	-0.7471780180931091
842	843	fr	wol	challenge_SSA-MTE	hyp1	News	NaN	-0.7471780180931091
843	844	fr	wol	challenge_SSA-MTE	hyp1	News	NaN	-0.7471780180931091
844	845	fr	wol	challenge_SSA-MTE	hyp1	News	NaN	-0.7471780180931091
845	846	fr	wol	challenge_SSA-MTE	hyp1	News	NaN	-0.7471780180931091
846	847	fr	wol	challenge_SSA-MTE	hyp1	News	NaN	-1.3233604431152344
847	848	fr	wol	challenge_SSA-MTE	hyp1	News	NaN	-1.3233604431152344
848	849	fr	wol	challenge_SSA-MTE	hyp1	News	NaN	-1.3233604431152344
849	850	fr	wol	challenge_SSA-MTE	hyp1	News	NaN	-1.3233588933944702
850	851	fr	wol	challenge_SSA-MTE	hyp1	News	NaN	-1.3233604431152344
851	852	fr	wol	challenge_SSA-MTE	hyp1	News	NaN	-1.3933310508728027
852	853	fr	wol	challenge_SSA-MTE	hyp1	News	NaN	-1.3933310508728027
853	854	fr	wol	challenge_SSA-MTE	hyp1	News	NaN	-1.3933310508728027
854	855	fr	wol	challenge_SSA-MTE	hyp1	News	NaN	-1.3933310508728027
855	856	fr	wol	challenge_SSA-MTE	hyp1	News	NaN	-1.3933310508728027
856	857	fr	wol	challenge_SSA-MTE	hyp1	News	NaN	-1.7705518007278442
857	858	fr	wol	challenge_SSA-MTE	hyp1	News	NaN	-1.77055025100708
858	859	fr	wol	challenge_SSA-MTE	hyp1	News	NaN	-1.7705518007278442
859	860	fr	wol	challenge_SSA-MTE	hyp1	News	NaN	-1.7705518007278442
860	861	fr	wol	challenge_SSA-MTE	hyp1	News	NaN	-1.77055025100708
861	862	fr	wol	challenge_SSA-MTE	hyp1	News	NaN	-2.2898309230804443
862	863	fr	wol	challenge_SSA-MTE	hyp1	News	NaN	-2.2898309230804443
863	864	fr	wol	challenge_SSA-MTE	hyp1	News	NaN	-2.2898309230804443
864	865	fr	wol	challenge_SSA-MTE	hyp1	News	NaN	-2.2898309230804443
865	866	fr	wol	challenge_SSA-MTE	hyp1	News	NaN	-2.2898309230804443
866	867	fr	wol	challenge_SSA-MTE	hyp1	News	NaN	-1.6074894666671753
867	868	fr	wol	challenge_SSA-MTE	hyp1	News	NaN	-1.6074894666671753
868	869	fr	wol	challenge_SSA-MTE	hyp1	News	NaN	-1.6074925661087036
869	870	fr	wol	challenge_SSA-MTE	hyp1	News	NaN	-1.6074925661087036
870	871	fr	wol	challenge_SSA-MTE	hyp1	News	NaN	-1.6074925661087036
871	872	fr	wol	challenge_SSA-MTE	hyp1	News	NaN	-1.4172178506851196
872	873	fr	wol	challenge_SSA-MTE	hyp1	News	NaN	-1.4172178506851196
873	874	fr	wol	challenge_SSA-MTE	hyp1	News	NaN	-1.4172178506851196
874	875	fr	wol	challenge_SSA-MTE	hyp1	News	NaN	-1.4172178506851196
875	876	fr	wol	challenge_SSA-MTE	hyp1	News	NaN	-1.4172178506851196
876	877	fr	wol	challenge_SSA-MTE	hyp1	News	NaN	-1.3560354709625244
877	878	fr	wol	challenge_SSA-MTE	hyp1	News	NaN	-1.3560354709625244
878	879	fr	wol	challenge_SSA-MTE	hyp1	News	NaN	-1.3560354709625244
879	880	fr	wol	challenge_SSA-MTE	hyp1	News	NaN	-1.3560354709625244
880	881	fr	wol	challenge_SSA-MTE	hyp1	News	NaN	-1.3560354709625244
881	882	fr	wol	challenge_SSA-MTE	hyp1	News	NaN	-2.08046817779541
882	883	fr	wol	challenge_SSA-MTE	hyp1	News	NaN	-2.08046817779541
883	884	fr	wol	challenge_SSA-MTE	hyp1	News	NaN	-2.08046817779541
884	885	fr	wol	challenge_SSA-MTE	hyp1	News	NaN	-2.08046817779541
885	886	fr	wol	challenge_SSA-MTE	hyp1	News	NaN	-2.0249650478363037
886	887	fr	wol	challenge_SSA-MTE	hyp1	News	NaN	-2.0249650478363037
887	888	fr	wol	challenge_SSA-MTE	hyp1	News	NaN	-2.0249650478363037
888	889	fr	wol	challenge_SSA-MTE	hyp1	News	NaN	-2.0249650478363037
889	890	fr	wol	challenge_SSA-MTE	hyp1	News	NaN	-2.0249650478363037
890	891	fr	wol	challenge_SSA-MTE	hyp1	News	NaN	-2.148132801055908
891	892	fr	wol	challenge_SSA-MTE	hyp1	News	NaN	-2.148132801055908
892	893	fr	wol	challenge_SSA-MTE	hyp1	News	NaN	-2.148132801055908
893	894	fr	wol	challenge_SSA-MTE	hyp1	News	NaN	-2.148132801055908
894	895	fr	wol	challenge_SSA-MTE	hyp1	News	NaN	-2.148132801055908
895	896	fr	wol	challenge_SSA-MTE	hyp1	News	NaN	-1.8070765733718872
896	897	fr	wol	challenge_SSA-MTE	hyp1	News	NaN	-1.8070765733718872
897	898	fr	wol	challenge_SSA-MTE	hyp1	News	NaN	-1.8070765733718872
898	899	fr	wol	challenge_SSA-MTE	hyp1	News	NaN	-1.8070765733718872
899	900	fr	wol	challenge_SSA-MTE	hyp1	News	NaN	-1.8070765733718872
900	901	fr	wol	challenge_SSA-MTE	hyp1	News	NaN	-1.9745010137557983
901	902	fr	wol	challenge_SSA-MTE	hyp1	News	NaN	-1.9745010137557983
902	903	fr	wol	challenge_SSA-MTE	hyp1	News	NaN	-1.9745010137557983
903	904	fr	wol	challenge_SSA-MTE	hyp1	News	NaN	-1.9745010137557983
904	905	fr	wol	challenge_SSA-MTE	hyp1	News	NaN	-1.9745010137557983
905	906	fr	wol	challenge_SSA-MTE	hyp1	News	NaN	-1.531008243560791
906	907	fr	wol	challenge_SSA-MTE	hyp1	News	NaN	-1.531008243560791
907	908	fr	wol	challenge_SSA-MTE	hyp1	News	NaN	-1.531008243560791
908	909	fr	wol	challenge_SSA-MTE	hyp1	News	NaN	-1.531008243560791
909	910	fr	wol	challenge_SSA-MTE	hyp1	News	NaN	-1.531007170677185
910	911	fr	wol	challenge_SSA-MTE	hyp1	News	NaN	-2.0320451259613037
911	912	fr	wol	challenge_SSA-MTE	hyp1	News	NaN	-2.0320451259613037
912	913	fr	wol	challenge_SSA-MTE	hyp1	News	NaN	-2.0320451259613037
913	914	fr	wol	challenge_SSA-MTE	hyp1	News	NaN	-2.0320451259613037
914	915	fr	wol	challenge_SSA-MTE	hyp1	News	NaN	-2.0320451259613037
915	916	fr	wol	challenge_SSA-MTE	hyp1	News	NaN	-1.226899266242981
916	917	fr	wol	challenge_SSA-MTE	hyp1	News	NaN	-1.226899266242981
917	918	fr	wol	challenge_SSA-MTE	hyp1	News	NaN	-1.22689950466156
918	919	fr	wol	challenge_SSA-MTE	hyp1	News	NaN	-1.226899266242981
919	920	fr	wol	challenge_SSA-MTE	hyp1	News	NaN	-1.226899266242981
920	921	fr	wol	challenge_SSA-MTE	hyp1	News	NaN	-1.7568682432174683
921	922	fr	wol	challenge_SSA-MTE	hyp1	News	NaN	-1.7568678855895996
922	923	fr	wol	challenge_SSA-MTE	hyp1	News	NaN	-1.7568678855895996
923	924	fr	wol	challenge_SSA-MTE	hyp1	News	NaN	-1.7568682432174683
924	925	fr	wol	challenge_SSA-MTE	hyp1	News	NaN	-1.7568678855895996
925	926	fr	wol	challenge_SSA-MTE	hyp1	News	NaN	-1.4708420038223267
926	927	fr	wol	challenge_SSA-MTE	hyp1	News	NaN	-1.4708420038223267
927	928	fr	wol	challenge_SSA-MTE	hyp1	News	NaN	-1.4708420038223267
928	929	fr	wol	challenge_SSA-MTE	hyp1	News	NaN	-1.4708420038223267
929	930	fr	wol	challenge_SSA-MTE	hyp1	News	NaN	-1.4708420038223267
930	931	fr	wol	challenge_SSA-MTE	hyp1	News	NaN	-1.8521571159362793
931	932	fr	wol	challenge_SSA-MTE	hyp1	News	NaN	-1.8521571159362793
932	933	fr	wol	challenge_SSA-MTE	hyp1	News	NaN	-1.8521571159362793
933	934	fr	wol	challenge_SSA-MTE	hyp1	News	NaN	-1.8521571159362793
934	935	fr	wol	challenge_SSA-MTE	hyp1	News	NaN	-1.8521571159362793
935	936	fr	wol	challenge_SSA-MTE	hyp1	News	NaN	-2.4024744033813477
936	937	fr	wol	challenge_SSA-MTE	hyp1	News	NaN	-2.4024744033813477
937	938	fr	wol	challenge_SSA-MTE	hyp1	News	NaN	-2.4024744033813477
938	939	fr	wol	challenge_SSA-MTE	hyp1	News	NaN	-2.4024744033813477
939	940	fr	wol	challenge_SSA-MTE	hyp1	News	NaN	-2.4024744033813477
940	941	fr	wol	challenge_SSA-MTE	hyp1	News	NaN	-2.0024893283843994
941	942	fr	wol	challenge_SSA-MTE	hyp1	News	NaN	-2.0024893283843994
942	943	fr	wol	challenge_SSA-MTE	hyp1	News	NaN	-2.002490520477295
943	944	fr	wol	challenge_SSA-MTE	hyp1	News	NaN	-2.0024893283843994
944	945	fr	wol	challenge_SSA-MTE	hyp1	News	NaN	-2.0024893283843994
945	946	fr	wol	challenge_SSA-MTE	hyp1	News	NaN	-1.618139386177063
946	947	fr	wol	challenge_SSA-MTE	hyp1	News	NaN	-1.6181401014328003
947	948	fr	wol	challenge_SSA-MTE	hyp1	News	NaN	-1.6181401014328003
948	949	fr	wol	challenge_SSA-MTE	hyp1	News	NaN	-1.6181401014328003
949	950	fr	wol	challenge_SSA-MTE	hyp1	News	NaN	-1.6181401014328003
950	951	fr	wol	challenge_SSA-MTE	hyp1	News	NaN	-0.7169821262359619
951	952	fr	wol	challenge_SSA-MTE	hyp1	News	NaN	-0.7169821262359619
952	953	fr	wol	challenge_SSA-MTE	hyp1	News	NaN	-0.7169821262359619
953	954	fr	wol	challenge_SSA-MTE	hyp1	News	NaN	-0.7169821262359619
954	955	fr	wol	challenge_SSA-MTE	hyp1	News	NaN	-0.7169821262359619
955	956	fr	wol	challenge_SSA-MTE	hyp1	News	NaN	-1.9250260591506958
956	957	fr	wol	challenge_SSA-MTE	hyp1	News	NaN	-1.9250260591506958
957	958	fr	wol	challenge_SSA-MTE	hyp1	News	NaN	-1.9250260591506958
958	959	fr	wol	challenge_SSA-MTE	hyp1	News	NaN	-1.9250260591506958
959	960	fr	wol	challenge_SSA-MTE	hyp1	News	NaN	-1.9250260591506958
960	961	fr	wol	challenge_SSA-MTE	hyp1	News	NaN	-1.2620964050292969
961	962	fr	wol	challenge_SSA-MTE	hyp1	News	NaN	-1.2620964050292969
962	963	fr	wol	challenge_SSA-MTE	hyp1	News	NaN	-1.2620964050292969
963	964	fr	wol	challenge_SSA-MTE	hyp1	News	NaN	-1.2620964050292969
964	965	fr	wol	challenge_SSA-MTE	hyp1	News	NaN	-1.2620964050292969
965	966	fr	wol	challenge_SSA-MTE	hyp1	News	NaN	-1.9580250978469849
966	967	fr	wol	challenge_SSA-MTE	hyp1	News	NaN	-1.9580250978469849
967	968	fr	wol	challenge_SSA-MTE	hyp1	News	NaN	-1.9580250978469849
968	969	fr	wol	challenge_SSA-MTE	hyp1	News	NaN	-1.9580250978469849
969	970	fr	wol	challenge_SSA-MTE	hyp1	News	NaN	-1.9580250978469849
970	971	fr	wol	challenge_SSA-MTE	hyp1	News	NaN	-2.0666277408599854
971	972	fr	wol	challenge_SSA-MTE	hyp1	News	NaN	-2.0666277408599854
972	973	fr	wol	challenge_SSA-MTE	hyp1	News	NaN	-2.0666277408599854
973	974	fr	wol	challenge_SSA-MTE	hyp1	News	NaN	-2.0666277408599854
974	975	fr	wol	challenge_SSA-MTE	hyp1	News	NaN	-2.0666277408599854
975	976	fr	wol	challenge_SSA-MTE	hyp1	News	NaN	-1.0456591844558716
976	977	fr	wol	challenge_SSA-MTE	hyp1	News	NaN	-1.0456591844558716
977	978	fr	wol	challenge_SSA-MTE	hyp1	News	NaN	-1.0456591844558716
978	979	fr	wol	challenge_SSA-MTE	hyp1	News	NaN	-1.0456591844558716
979	980	fr	wol	challenge_SSA-MTE	hyp1	News	NaN	-1.0456591844558716
980	981	fr	wol	challenge_SSA-MTE	hyp1	News	NaN	-0.8681071996688843
981	982	fr	wol	challenge_SSA-MTE	hyp1	News	NaN	-0.8681071996688843
982	983	fr	wol	challenge_SSA-MTE	hyp1	News	NaN	-0.8681071996688843
983	984	fr	wol	challenge_SSA-MTE	hyp1	News	NaN	-0.8681071996688843
984	985	fr	wol	challenge_SSA-MTE	hyp1	News	NaN	-0.8681071996688843
985	986	fr	wol	challenge_SSA-MTE	hyp1	News	NaN	-1.874383568763733
986	987	fr	wol	challenge_SSA-MTE	hyp1	News	NaN	-1.874383568763733
987	988	fr	wol	challenge_SSA-MTE	hyp1	News	NaN	-1.874383568763733
988	989	fr	wol	challenge_SSA-MTE	hyp1	News	NaN	-1.874383568763733
989	990	fr	wol	challenge_SSA-MTE	hyp1	News	NaN	-1.874383568763733
990	991	fr	wol	challenge_SSA-MTE	hyp1	News	NaN	-1.691865086555481
991	992	fr	wol	challenge_SSA-MTE	hyp1	News	NaN	-1.691865086555481
992	993	fr	wol	challenge_SSA-MTE	hyp1	News	NaN	-1.691865086555481
993	994	fr	wol	challenge_SSA-MTE	hyp1	News	NaN	-1.691865086555481
994	995	fr	wol	challenge_SSA-MTE	hyp1	News	NaN	-1.691865086555481
995	996	fr	wol	challenge_SSA-MTE	hyp1	News	NaN	-2.026111602783203
996	997	fr	wol	challenge_SSA-MTE	hyp1	News	NaN	-2.026111602783203
997	998	fr	wol	challenge_SSA-MTE	hyp1	News	NaN	-2.026111602783203
998	999	fr	wol	challenge_SSA-MTE	hyp1	News	NaN	-2.026111602783203
999	1000	fr	wol	challenge_SSA-MTE	hyp1	News	NaN	-2.026111602783203
1000	1001	fr	wol	challenge_SSA-MTE	hyp1	News	NaN	-1.8397586345672607
1001	1002	fr	wol	challenge_SSA-MTE	hyp1	News	NaN	-1.8397554159164429
1002	1003	fr	wol	challenge_SSA-MTE	hyp1	News	NaN	-1.8397586345672607
1003	1004	fr	wol	challenge_SSA-MTE	hyp1	News	NaN	-1.8397586345672607
1004	1005	fr	wol	challenge_SSA-MTE	hyp1	News	NaN	-1.8397573232650757
1005	1006	fr	wol	challenge_SSA-MTE	hyp1	News	NaN	-1.8398092985153198
1006	1007	fr	wol	challenge_SSA-MTE	hyp1	News	NaN	-1.8398092985153198
1007	1008	fr	wol	challenge_SSA-MTE	hyp1	News	NaN	-1.8398092985153198
1008	1009	fr	wol	challenge_SSA-MTE	hyp1	News	NaN	-1.8398092985153198
1009	1010	fr	wol	challenge_SSA-MTE	hyp1	News	NaN	-1.8398092985153198
1010	1011	fr	wol	challenge_SSA-MTE	hyp1	News	NaN	-1.9506906270980835
1011	1012	fr	wol	challenge_SSA-MTE	hyp1	News	NaN	-1.9506906270980835
1012	1013	fr	wol	challenge_SSA-MTE	hyp1	News	NaN	-1.9506906270980835
1013	1014	fr	wol	challenge_SSA-MTE	hyp1	News	NaN	-1.9506906270980835
1014	1015	fr	wol	challenge_SSA-MTE	hyp1	News	NaN	-1.9506906270980835
1015	1016	fr	wol	challenge_SSA-MTE	hyp1	News	NaN	-1.4227675199508667
1016	1017	fr	wol	challenge_SSA-MTE	hyp1	News	NaN	-1.4227675199508667
1017	1018	fr	wol	challenge_SSA-MTE	hyp1	News	NaN	-1.4227675199508667
1018	1019	fr	wol	challenge_SSA-MTE	hyp1	News	NaN	-1.4227675199508667
1019	1020	fr	wol	challenge_SSA-MTE	hyp1	News	NaN	-1.4227675199508667
1020	1021	fr	wol	challenge_SSA-MTE	hyp1	News	NaN	-1.8249657154083252
1021	1022	fr	wol	challenge_SSA-MTE	hyp1	News	NaN	-1.8249657154083252
1022	1023	fr	wol	challenge_SSA-MTE	hyp1	News	NaN	-1.8249657154083252
1023	1024	fr	wol	challenge_SSA-MTE	hyp1	News	NaN	-1.8249657154083252
1024	1025	fr	wol	challenge_SSA-MTE	hyp1	News	NaN	-1.8249657154083252
1025	1026	fr	wol	challenge_SSA-MTE	hyp1	News	NaN	-2.1133840084075928
1026	1027	fr	wol	challenge_SSA-MTE	hyp1	News	NaN	-2.1133840084075928
1027	1028	fr	wol	challenge_SSA-MTE	hyp1	News	NaN	-2.1133840084075928
1028	1029	fr	wol	challenge_SSA-MTE	hyp1	News	NaN	-2.1133840084075928
1029	1030	fr	wol	challenge_SSA-MTE	hyp1	News	NaN	-2.1133840084075928
1030	1031	fr	wol	challenge_SSA-MTE	hyp1	News	NaN	-1.2926216125488281
1031	1032	fr	wol	challenge_SSA-MTE	hyp1	News	NaN	-1.2926216125488281
1032	1033	fr	wol	challenge_SSA-MTE	hyp1	News	NaN	-1.2926216125488281
1033	1034	fr	wol	challenge_SSA-MTE	hyp1	News	NaN	-1.2926216125488281
1034	1035	fr	wol	challenge_SSA-MTE	hyp1	News	NaN	-1.2926216125488281
1035	1036	fr	wol	challenge_SSA-MTE	hyp1	News	NaN	-1.4374632835388184
1036	1037	fr	wol	challenge_SSA-MTE	hyp1	News	NaN	-1.4374632835388184
1037	1038	fr	wol	challenge_SSA-MTE	hyp1	News	NaN	-1.4374632835388184
1038	1039	fr	wol	challenge_SSA-MTE	hyp1	News	NaN	-1.4374632835388184
1039	1040	fr	wol	challenge_SSA-MTE	hyp1	News	NaN	-1.4374632835388184
1040	1041	fr	wol	challenge_SSA-MTE	hyp1	News	NaN	-1.5743085145950317
1041	1042	fr	wol	challenge_SSA-MTE	hyp1	News	NaN	-1.5743085145950317
1042	1043	fr	wol	challenge_SSA-MTE	hyp1	News	NaN	-1.5743085145950317
1043	1044	fr	wol	challenge_SSA-MTE	hyp1	News	NaN	-1.5743085145950317
1044	1045	fr	wol	challenge_SSA-MTE	hyp1	News	NaN	-1.5743085145950317
1045	1046	fr	wol	challenge_SSA-MTE	hyp1	News	NaN	-0.8821008205413818
1046	1047	fr	wol	challenge_SSA-MTE	hyp1	News	NaN	-0.8821008205413818
1047	1048	fr	wol	challenge_SSA-MTE	hyp1	News	NaN	-0.8821008205413818
1048	1049	fr	wol	challenge_SSA-MTE	hyp1	News	NaN	-0.8821004629135132
1049	1050	fr	wol	challenge_SSA-MTE	hyp1	News	NaN	-0.8821004629135132
1050	1051	fr	wol	challenge_SSA-MTE	hyp1	News	NaN	-1.2113572359085083
1051	1052	fr	wol	challenge_SSA-MTE	hyp1	News	NaN	-1.2113572359085083
1052	1053	fr	wol	challenge_SSA-MTE	hyp1	News	NaN	-1.2113572359085083
1053	1054	fr	wol	challenge_SSA-MTE	hyp1	News	NaN	-1.2113572359085083
1054	1055	fr	wol	challenge_SSA-MTE	hyp1	News	NaN	-1.2113572359085083
1055	1056	fr	wol	challenge_SSA-MTE	hyp1	News	NaN	-1.6190747022628784
1056	1057	fr	wol	challenge_SSA-MTE	hyp1	News	NaN	-1.6190747022628784
1057	1058	fr	wol	challenge_SSA-MTE	hyp1	News	NaN	-1.6190747022628784
1058	1059	fr	wol	challenge_SSA-MTE	hyp1	News	NaN	-1.6190747022628784
1059	1060	fr	wol	challenge_SSA-MTE	hyp1	News	NaN	-1.6190747022628784
1060	1061	fr	wol	challenge_SSA-MTE	hyp1	News	NaN	-1.656612753868103
1061	1062	fr	wol	challenge_SSA-MTE	hyp1	News	NaN	-1.656612753868103
1062	1063	fr	wol	challenge_SSA-MTE	hyp1	News	NaN	-1.656612753868103
1063	1064	fr	wol	challenge_SSA-MTE	hyp1	News	NaN	-1.656612753868103
1064	1065	fr	wol	challenge_SSA-MTE	hyp1	News	NaN	-1.656612753868103
1065	1066	fr	wol	challenge_SSA-MTE	hyp1	News	NaN	-2.167924642562866
1066	1067	fr	wol	challenge_SSA-MTE	hyp1	News	NaN	-2.167924642562866
1067	1068	fr	wol	challenge_SSA-MTE	hyp1	News	NaN	-2.167924642562866
1068	1069	fr	wol	challenge_SSA-MTE	hyp1	News	NaN	-2.167924642562866
1069	1070	fr	wol	challenge_SSA-MTE	hyp1	News	NaN	-2.167924642562866
1070	1071	fr	wol	challenge_SSA-MTE	hyp1	News	NaN	-1.9086791276931763
1071	1072	fr	wol	challenge_SSA-MTE	hyp1	News	NaN	-1.9086791276931763
1072	1073	fr	wol	challenge_SSA-MTE	hyp1	News	NaN	-1.9086791276931763
1073	1074	fr	wol	challenge_SSA-MTE	hyp1	News	NaN	-1.9086791276931763
1074	1075	fr	wol	challenge_SSA-MTE	hyp1	News	NaN	-1.9086791276931763
1075	1076	fr	wol	challenge_SSA-MTE	hyp1	News	NaN	-1.6850413084030151
1076	1077	fr	wol	challenge_SSA-MTE	hyp1	News	NaN	-1.6850413084030151
1077	1078	fr	wol	challenge_SSA-MTE	hyp1	News	NaN	-1.6850413084030151
1078	1079	fr	wol	challenge_SSA-MTE	hyp1	News	NaN	-1.6850413084030151
1079	1080	fr	wol	challenge_SSA-MTE	hyp1	News	NaN	-1.6850413084030151
1080	1081	fr	wol	challenge_SSA-MTE	hyp1	News	NaN	-1.2513377666473389
1081	1082	fr	wol	challenge_SSA-MTE	hyp1	News	NaN	-1.2513377666473389
1082	1083	fr	wol	challenge_SSA-MTE	hyp1	News	NaN	-1.2513377666473389
1083	1084	fr	wol	challenge_SSA-MTE	hyp1	News	NaN	-1.2513377666473389
1084	1085	fr	wol	challenge_SSA-MTE	hyp1	News	NaN	-1.2513377666473389
1085	1086	fr	wol	challenge_SSA-MTE	hyp1	News	NaN	-1.986649751663208
1086	1087	fr	wol	challenge_SSA-MTE	hyp1	News	NaN	-1.9866490364074707
1087	1088	fr	wol	challenge_SSA-MTE	hyp1	News	NaN	-1.986649751663208
1088	1089	fr	wol	challenge_SSA-MTE	hyp1	News	NaN	-1.9866490364074707
1089	1090	fr	wol	challenge_SSA-MTE	hyp1	News	NaN	-1.986649751663208
1090	1091	fr	wol	challenge_SSA-MTE	hyp1	News	NaN	-1.7112804651260376
1091	1092	fr	wol	challenge_SSA-MTE	hyp1	News	NaN	-1.7112804651260376
1092	1093	fr	wol	challenge_SSA-MTE	hyp1	News	NaN	-1.7112797498703003
1093	1094	fr	wol	challenge_SSA-MTE	hyp1	News	NaN	-1.7112797498703003
1094	1095	fr	wol	challenge_SSA-MTE	hyp1	News	NaN	-1.7112797498703003
1095	1096	fr	wol	challenge_SSA-MTE	hyp1	News	NaN	-2.0930349826812744
1096	1097	fr	wol	challenge_SSA-MTE	hyp1	News	NaN	-2.0930349826812744
1097	1098	fr	wol	challenge_SSA-MTE	hyp1	News	NaN	-2.0930349826812744
1098	1099	fr	wol	challenge_SSA-MTE	hyp1	News	NaN	-2.0930349826812744
1099	1100	fr	wol	challenge_SSA-MTE	hyp1	News	NaN	-2.0930349826812744
1100	1101	fr	wol	challenge_SSA-MTE	hyp1	News	NaN	-2.2583842277526855
1101	1102	fr	wol	challenge_SSA-MTE	hyp1	News	NaN	-2.2583842277526855
1102	1103	fr	wol	challenge_SSA-MTE	hyp1	News	NaN	-2.2583842277526855
1103	1104	fr	wol	challenge_SSA-MTE	hyp1	News	NaN	-2.2583842277526855
1104	1105	fr	wol	challenge_SSA-MTE	hyp1	News	NaN	-2.2583842277526855
1105	1106	fr	wol	challenge_SSA-MTE	hyp1	News	NaN	-1.88190495967865
1106	1107	fr	wol	challenge_SSA-MTE	hyp1	News	NaN	-1.88190495967865
1107	1108	fr	wol	challenge_SSA-MTE	hyp1	News	NaN	-1.88190495967865
1108	1109	fr	wol	challenge_SSA-MTE	hyp1	News	NaN	-1.88190495967865
1109	1110	fr	wol	challenge_SSA-MTE	hyp1	News	NaN	-1.88190495967865
1110	1111	fr	wol	challenge_SSA-MTE	hyp1	News	NaN	-1.9953604936599731
1111	1112	fr	wol	challenge_SSA-MTE	hyp1	News	NaN	-1.9953604936599731
1112	1113	fr	wol	challenge_SSA-MTE	hyp1	News	NaN	-1.9953604936599731
1113	1114	fr	wol	challenge_SSA-MTE	hyp1	News	NaN	-1.9953604936599731
1114	1115	fr	wol	challenge_SSA-MTE	hyp1	News	NaN	-1.9953604936599731
1115	1116	fr	wol	challenge_SSA-MTE	hyp1	News	NaN	-2.385009527206421
1116	1117	fr	wol	challenge_SSA-MTE	hyp1	News	NaN	-2.385009527206421
1117	1118	fr	wol	challenge_SSA-MTE	hyp1	News	NaN	-2.385009527206421
1118	1119	fr	wol	challenge_SSA-MTE	hyp1	News	NaN	-2.385009527206421
1119	1120	fr	wol	challenge_SSA-MTE	hyp1	News	NaN	-2.385009527206421
1120	1121	fr	wol	challenge_SSA-MTE	hyp1	News	NaN	-1.6422276496887207
1121	1122	fr	wol	challenge_SSA-MTE	hyp1	News	NaN	-1.6422276496887207
1122	1123	fr	wol	challenge_SSA-MTE	hyp1	News	NaN	-1.6422276496887207
1123	1124	fr	wol	challenge_SSA-MTE	hyp1	News	NaN	-1.6422276496887207
1124	1125	fr	wol	challenge_SSA-MTE	hyp1	News	NaN	-1.6422276496887207
1125	1126	fr	wol	challenge_SSA-MTE	hyp1	News	NaN	-1.7101737260818481
1126	1127	fr	wol	challenge_SSA-MTE	hyp1	News	NaN	-1.7101737260818481
1127	1128	fr	wol	challenge_SSA-MTE	hyp1	News	NaN	-1.7101737260818481
1128	1129	fr	wol	challenge_SSA-MTE	hyp1	News	NaN	-1.7101737260818481
1129	1130	fr	wol	challenge_SSA-MTE	hyp1	News	NaN	-1.710173487663269
1130	1131	fr	wol	challenge_SSA-MTE	hyp1	News	NaN	-2.2999470233917236
1131	1132	fr	wol	challenge_SSA-MTE	hyp1	News	NaN	-2.2999470233917236
1132	1133	fr	wol	challenge_SSA-MTE	hyp1	News	NaN	-2.2999470233917236
1133	1134	fr	wol	challenge_SSA-MTE	hyp1	News	NaN	-2.2999470233917236
1134	1135	fr	wol	challenge_SSA-MTE	hyp1	News	NaN	-2.2999470233917236
1135	1136	fr	wol	challenge_SSA-MTE	hyp1	News	NaN	-1.954155683517456
1136	1137	fr	wol	challenge_SSA-MTE	hyp1	News	NaN	-1.954155683517456
1137	1138	fr	wol	challenge_SSA-MTE	hyp1	News	NaN	-1.954155683517456
1138	1139	fr	wol	challenge_SSA-MTE	hyp1	News	NaN	-1.954155683517456
1139	1140	fr	wol	challenge_SSA-MTE	hyp1	News	NaN	-1.954155683517456
1140	1141	fr	wol	challenge_SSA-MTE	hyp1	News	NaN	-2.198641777038574
1141	1142	fr	wol	challenge_SSA-MTE	hyp1	News	NaN	-2.198641777038574
1142	1143	fr	wol	challenge_SSA-MTE	hyp1	News	NaN	-2.1986424922943115
1143	1144	fr	wol	challenge_SSA-MTE	hyp1	News	NaN	-2.1986424922943115
1144	1145	fr	wol	challenge_SSA-MTE	hyp1	News	NaN	-2.1986424922943115
1145	1146	fr	wol	challenge_SSA-MTE	hyp1	News	NaN	-1.5867443084716797
1146	1147	fr	wol	challenge_SSA-MTE	hyp1	News	NaN	-1.5867443084716797
1147	1148	fr	wol	challenge_SSA-MTE	hyp1	News	NaN	-1.5867443084716797
1148	1149	fr	wol	challenge_SSA-MTE	hyp1	News	NaN	-1.5867443084716797
1149	1150	fr	wol	challenge_SSA-MTE	hyp1	News	NaN	-1.5867443084716797
1150	1151	fr	wol	challenge_SSA-MTE	hyp1	News	NaN	-2.0171749591827393
1151	1152	fr	wol	challenge_SSA-MTE	hyp1	News	NaN	-2.0171749591827393
1152	1153	fr	wol	challenge_SSA-MTE	hyp1	News	NaN	-2.0171749591827393
1153	1154	fr	wol	challenge_SSA-MTE	hyp1	News	NaN	-2.0171749591827393
1154	1155	fr	wol	challenge_SSA-MTE	hyp1	News	NaN	-2.0171749591827393
1155	1156	fr	wol	challenge_SSA-MTE	hyp1	News	NaN	-2.197995662689209
1156	1157	fr	wol	challenge_SSA-MTE	hyp1	News	NaN	-2.197995662689209
1157	1158	fr	wol	challenge_SSA-MTE	hyp1	News	NaN	-2.197995662689209
1158	1159	fr	wol	challenge_SSA-MTE	hyp1	News	NaN	-2.197995662689209
1159	1160	fr	wol	challenge_SSA-MTE	hyp1	News	NaN	-2.197995662689209
1160	1161	fr	wol	challenge_SSA-MTE	hyp1	News	NaN	-1.7448161840438843
1161	1162	fr	wol	challenge_SSA-MTE	hyp1	News	NaN	-1.7448161840438843
1162	1163	fr	wol	challenge_SSA-MTE	hyp1	News	NaN	-1.7448161840438843
1163	1164	fr	wol	challenge_SSA-MTE	hyp1	News	NaN	-1.7448161840438843
1164	1165	fr	wol	challenge_SSA-MTE	hyp1	News	NaN	-1.7448161840438843
1165	1166	fr	wol	challenge_SSA-MTE	hyp1	News	NaN	-2.0429763793945312
1166	1167	fr	wol	challenge_SSA-MTE	hyp1	News	NaN	-2.0429763793945312
1167	1168	fr	wol	challenge_SSA-MTE	hyp1	News	NaN	-2.0429763793945312
1168	1169	fr	wol	challenge_SSA-MTE	hyp1	News	NaN	-2.0429763793945312
1169	1170	fr	wol	challenge_SSA-MTE	hyp1	News	NaN	-2.0429763793945312
1170	1171	fr	wol	challenge_SSA-MTE	hyp1	News	NaN	-2.204993963241577
1171	1172	fr	wol	challenge_SSA-MTE	hyp1	News	NaN	-2.2049944400787354
1172	1173	fr	wol	challenge_SSA-MTE	hyp1	News	NaN	-2.2049944400787354
1173	1174	fr	wol	challenge_SSA-MTE	hyp1	News	NaN	-2.204993963241577
1174	1175	fr	wol	challenge_SSA-MTE	hyp1	News	NaN	-2.204993963241577
0	1	pt	nya	challenge_SSA-MTE	hyp1	News	NaN	-2.0406315326690674
1	2	pt	nya	challenge_SSA-MTE	hyp1	News	NaN	-2.0406315326690674
2	3	pt	nya	challenge_SSA-MTE	hyp1	News	NaN	-2.0406315326690674
3	4	pt	nya	challenge_SSA-MTE	hyp1	News	NaN	-2.0406315326690674
4	5	pt	nya	challenge_SSA-MTE	hyp1	News	NaN	-1.195684790611267
5	6	pt	nya	challenge_SSA-MTE	hyp1	News	NaN	-1.195684790611267
6	7	pt	nya	challenge_SSA-MTE	hyp1	News	NaN	-1.1956809759140015
7	8	pt	nya	challenge_SSA-MTE	hyp1	News	NaN	-1.195684790611267
8	9	pt	nya	challenge_SSA-MTE	hyp1	News	NaN	-0.7000030279159546
9	10	pt	nya	challenge_SSA-MTE	hyp1	News	NaN	-0.7000030279159546
10	11	pt	nya	challenge_SSA-MTE	hyp1	News	NaN	-0.7000030279159546
11	12	pt	nya	challenge_SSA-MTE	hyp1	News	NaN	-0.7000030279159546
12	13	pt	nya	challenge_SSA-MTE	hyp1	News	NaN	-1.1426700353622437
13	14	pt	nya	challenge_SSA-MTE	hyp1	News	NaN	-1.1426700353622437
14	15	pt	nya	challenge_SSA-MTE	hyp1	News	NaN	-1.1426700353622437
15	16	pt	nya	challenge_SSA-MTE	hyp1	News	NaN	-1.1426700353622437
16	17	pt	nya	challenge_SSA-MTE	hyp1	News	NaN	-2.4524192810058594
17	18	pt	nya	challenge_SSA-MTE	hyp1	News	NaN	-2.4524192810058594
18	19	pt	nya	challenge_SSA-MTE	hyp1	News	NaN	-2.4524192810058594
19	20	pt	nya	challenge_SSA-MTE	hyp1	News	NaN	-2.4524192810058594
20	21	pt	nya	challenge_SSA-MTE	hyp1	News	NaN	-0.14255723357200623
21	22	pt	nya	challenge_SSA-MTE	hyp1	News	NaN	-0.14255723357200623
22	23	pt	nya	challenge_SSA-MTE	hyp1	News	NaN	-0.1425582468509674
23	24	pt	nya	challenge_SSA-MTE	hyp1	News	NaN	-0.1425582468509674
24	25	pt	nya	challenge_SSA-MTE	hyp1	News	NaN	-1.9864771366119385
25	26	pt	nya	challenge_SSA-MTE	hyp1	News	NaN	-1.9864771366119385
26	27	pt	nya	challenge_SSA-MTE	hyp1	News	NaN	-1.9864771366119385
27	28	pt	nya	challenge_SSA-MTE	hyp1	News	NaN	-1.9864771366119385
28	29	pt	nya	challenge_SSA-MTE	hyp1	News	NaN	-0.03458670899271965
29	30	pt	nya	challenge_SSA-MTE	hyp1	News	NaN	-0.03458670899271965
30	31	pt	nya	challenge_SSA-MTE	hyp1	News	NaN	-0.034587547183036804
31	32	pt	nya	challenge_SSA-MTE	hyp1	News	NaN	-0.034587547183036804
32	33	pt	nya	challenge_SSA-MTE	hyp1	News	NaN	0.1698472499847412
33	34	pt	nya	challenge_SSA-MTE	hyp1	News	NaN	0.1698472499847412
34	35	pt	nya	challenge_SSA-MTE	hyp1	News	NaN	0.1698472499847412
35	36	pt	nya	challenge_SSA-MTE	hyp1	News	NaN	0.1698472499847412
36	37	pt	nya	challenge_SSA-MTE	hyp1	News	NaN	-1.1615129709243774
37	38	pt	nya	challenge_SSA-MTE	hyp1	News	NaN	-1.1615129709243774
38	39	pt	nya	challenge_SSA-MTE	hyp1	News	NaN	-1.1615129709243774
39	40	pt	nya	challenge_SSA-MTE	hyp1	News	NaN	-1.1615129709243774
40	41	pt	nya	challenge_SSA-MTE	hyp1	News	NaN	-0.5465278625488281
41	42	pt	nya	challenge_SSA-MTE	hyp1	News	NaN	-0.5465278625488281
42	43	pt	nya	challenge_SSA-MTE	hyp1	News	NaN	-0.5465278625488281
43	44	pt	nya	challenge_SSA-MTE	hyp1	News	NaN	-0.5465278625488281
44	45	pt	nya	challenge_SSA-MTE	hyp1	News	NaN	-1.1070812940597534
45	46	pt	nya	challenge_SSA-MTE	hyp1	News	NaN	-1.1070812940597534
46	47	pt	nya	challenge_SSA-MTE	hyp1	News	NaN	-1.1070812940597534
47	48	pt	nya	challenge_SSA-MTE	hyp1	News	NaN	-1.1070812940597534
48	49	pt	nya	challenge_SSA-MTE	hyp1	News	NaN	-2.0520331859588623
49	50	pt	nya	challenge_SSA-MTE	hyp1	News	NaN	-2.0520331859588623
50	51	pt	nya	challenge_SSA-MTE	hyp1	News	NaN	-2.0520331859588623
51	52	pt	nya	challenge_SSA-MTE	hyp1	News	NaN	-2.0520331859588623
52	53	pt	nya	challenge_SSA-MTE	hyp1	News	NaN	-0.673751711845398
53	54	pt	nya	challenge_SSA-MTE	hyp1	News	NaN	-0.673751711845398
54	55	pt	nya	challenge_SSA-MTE	hyp1	News	NaN	-0.673751711845398
55	56	pt	nya	challenge_SSA-MTE	hyp1	News	NaN	-0.673751711845398
56	57	pt	nya	challenge_SSA-MTE	hyp1	News	NaN	-2.1130897998809814
57	58	pt	nya	challenge_SSA-MTE	hyp1	News	NaN	-2.1130897998809814
58	59	pt	nya	challenge_SSA-MTE	hyp1	News	NaN	-2.1130897998809814
59	60	pt	nya	challenge_SSA-MTE	hyp1	News	NaN	-2.1130897998809814
60	61	pt	nya	challenge_SSA-MTE	hyp1	News	NaN	0.10724213719367981
61	62	pt	nya	challenge_SSA-MTE	hyp1	News	NaN	0.10724213719367981
62	63	pt	nya	challenge_SSA-MTE	hyp1	News	NaN	0.10724213719367981
63	64	pt	nya	challenge_SSA-MTE	hyp1	News	NaN	0.10724213719367981
64	65	pt	nya	challenge_SSA-MTE	hyp1	News	NaN	-1.4948300123214722
65	66	pt	nya	challenge_SSA-MTE	hyp1	News	NaN	-1.4948314428329468
66	67	pt	nya	challenge_SSA-MTE	hyp1	News	NaN	-1.4948314428329468
67	68	pt	nya	challenge_SSA-MTE	hyp1	News	NaN	-1.4948314428329468
68	69	pt	nya	challenge_SSA-MTE	hyp1	News	NaN	-2.1841390132904053
69	70	pt	nya	challenge_SSA-MTE	hyp1	News	NaN	-2.1841390132904053
70	71	pt	nya	challenge_SSA-MTE	hyp1	News	NaN	-2.1841390132904053
71	72	pt	nya	challenge_SSA-MTE	hyp1	News	NaN	-2.1841390132904053
72	73	pt	nya	challenge_SSA-MTE	hyp1	News	NaN	-0.6859110593795776
73	74	pt	nya	challenge_SSA-MTE	hyp1	News	NaN	-0.6859110593795776
74	75	pt	nya	challenge_SSA-MTE	hyp1	News	NaN	-0.6859110593795776
75	76	pt	nya	challenge_SSA-MTE	hyp1	News	NaN	-0.6859110593795776
76	77	pt	nya	challenge_SSA-MTE	hyp1	News	NaN	-2.0708982944488525
77	78	pt	nya	challenge_SSA-MTE	hyp1	News	NaN	-2.0708982944488525
78	79	pt	nya	challenge_SSA-MTE	hyp1	News	NaN	-2.0708982944488525
79	80	pt	nya	challenge_SSA-MTE	hyp1	News	NaN	-2.0708982944488525
80	81	pt	nya	challenge_SSA-MTE	hyp1	News	NaN	-1.6658862829208374
81	82	pt	nya	challenge_SSA-MTE	hyp1	News	NaN	-1.6658862829208374
82	83	pt	nya	challenge_SSA-MTE	hyp1	News	NaN	-1.6658862829208374
83	84	pt	nya	challenge_SSA-MTE	hyp1	News	NaN	-1.6658862829208374
84	85	pt	nya	challenge_SSA-MTE	hyp1	News	NaN	-1.3671900033950806
85	86	pt	nya	challenge_SSA-MTE	hyp1	News	NaN	-1.3671900033950806
86	87	pt	nya	challenge_SSA-MTE	hyp1	News	NaN	-1.3671900033950806
87	88	pt	nya	challenge_SSA-MTE	hyp1	News	NaN	-1.3671900033950806
88	89	pt	nya	challenge_SSA-MTE	hyp1	News	NaN	-1.3953437805175781
89	90	pt	nya	challenge_SSA-MTE	hyp1	News	NaN	-1.3953437805175781
90	91	pt	nya	challenge_SSA-MTE	hyp1	News	NaN	-1.3953437805175781
91	92	pt	nya	challenge_SSA-MTE	hyp1	News	NaN	-1.3953437805175781
92	93	pt	nya	challenge_SSA-MTE	hyp1	News	NaN	-1.5283929109573364
93	94	pt	nya	challenge_SSA-MTE	hyp1	News	NaN	-1.5283907651901245
94	95	pt	nya	challenge_SSA-MTE	hyp1	News	NaN	-1.5283907651901245
95	96	pt	nya	challenge_SSA-MTE	hyp1	News	NaN	-1.5283907651901245
96	97	pt	nya	challenge_SSA-MTE	hyp1	News	NaN	-0.5408992767333984
97	98	pt	nya	challenge_SSA-MTE	hyp1	News	NaN	-0.5408992767333984
98	99	pt	nya	challenge_SSA-MTE	hyp1	News	NaN	-0.5408992767333984
99	100	pt	nya	challenge_SSA-MTE	hyp1	News	NaN	-0.5408992767333984
100	101	pt	nya	challenge_SSA-MTE	hyp1	News	NaN	-0.8442704677581787
101	102	pt	nya	challenge_SSA-MTE	hyp1	News	NaN	-0.8442710638046265
102	103	pt	nya	challenge_SSA-MTE	hyp1	News	NaN	-0.8442704677581787
103	104	pt	nya	challenge_SSA-MTE	hyp1	News	NaN	-0.8442710638046265
104	105	pt	nya	challenge_SSA-MTE	hyp1	News	NaN	-0.1484495997428894
105	106	pt	nya	challenge_SSA-MTE	hyp1	News	NaN	-0.1484495997428894
106	107	pt	nya	challenge_SSA-MTE	hyp1	News	NaN	-0.1484495997428894
107	108	pt	nya	challenge_SSA-MTE	hyp1	News	NaN	-0.1484495997428894
108	109	pt	nya	challenge_SSA-MTE	hyp1	News	NaN	-0.7814128994941711
109	110	pt	nya	challenge_SSA-MTE	hyp1	News	NaN	-0.7814128994941711
110	111	pt	nya	challenge_SSA-MTE	hyp1	News	NaN	-0.7814128994941711
111	112	pt	nya	challenge_SSA-MTE	hyp1	News	NaN	-0.7814128994941711
112	113	pt	nya	challenge_SSA-MTE	hyp1	News	NaN	-1.7292537689208984
113	114	pt	nya	challenge_SSA-MTE	hyp1	News	NaN	-1.7292537689208984
114	115	pt	nya	challenge_SSA-MTE	hyp1	News	NaN	-1.7292537689208984
115	116	pt	nya	challenge_SSA-MTE	hyp1	News	NaN	-1.7292537689208984
116	117	pt	nya	challenge_SSA-MTE	hyp1	News	NaN	-1.1486132144927979
117	118	pt	nya	challenge_SSA-MTE	hyp1	News	NaN	-1.1486132144927979
118	119	pt	nya	challenge_SSA-MTE	hyp1	News	NaN	-1.1486132144927979
119	120	pt	nya	challenge_SSA-MTE	hyp1	News	NaN	-1.1486132144927979
120	121	pt	nya	challenge_SSA-MTE	hyp1	News	NaN	-0.8735045194625854
121	122	pt	nya	challenge_SSA-MTE	hyp1	News	NaN	-0.8735045194625854
122	123	pt	nya	challenge_SSA-MTE	hyp1	News	NaN	-0.8735045194625854
123	124	pt	nya	challenge_SSA-MTE	hyp1	News	NaN	-0.8735045194625854
124	125	pt	nya	challenge_SSA-MTE	hyp1	News	NaN	-1.5630236864089966
125	126	pt	nya	challenge_SSA-MTE	hyp1	News	NaN	-1.5630236864089966
126	127	pt	nya	challenge_SSA-MTE	hyp1	News	NaN	-1.5630236864089966
127	128	pt	nya	challenge_SSA-MTE	hyp1	News	NaN	-1.5630236864089966
128	129	pt	nya	challenge_SSA-MTE	hyp1	News	NaN	-1.9241513013839722
129	130	pt	nya	challenge_SSA-MTE	hyp1	News	NaN	-1.9241513013839722
130	131	pt	nya	challenge_SSA-MTE	hyp1	News	NaN	-1.9241513013839722
131	132	pt	nya	challenge_SSA-MTE	hyp1	News	NaN	-1.9241513013839722
132	133	pt	nya	challenge_SSA-MTE	hyp1	News	NaN	-2.3803446292877197
133	134	pt	nya	challenge_SSA-MTE	hyp1	News	NaN	-2.3803446292877197
134	135	pt	nya	challenge_SSA-MTE	hyp1	News	NaN	-2.3803446292877197
135	136	pt	nya	challenge_SSA-MTE	hyp1	News	NaN	-2.3803446292877197
136	137	pt	nya	challenge_SSA-MTE	hyp1	News	NaN	-1.5739432573318481
137	138	pt	nya	challenge_SSA-MTE	hyp1	News	NaN	-1.5739432573318481
138	139	pt	nya	challenge_SSA-MTE	hyp1	News	NaN	-1.5739432573318481
139	140	pt	nya	challenge_SSA-MTE	hyp1	News	NaN	-1.5739432573318481
140	141	pt	nya	challenge_SSA-MTE	hyp1	News	NaN	-0.442547082901001
141	142	pt	nya	challenge_SSA-MTE	hyp1	News	NaN	-0.442547082901001
142	143	pt	nya	challenge_SSA-MTE	hyp1	News	NaN	-0.442547082901001
143	144	pt	nya	challenge_SSA-MTE	hyp1	News	NaN	-0.442547082901001
144	145	pt	nya	challenge_SSA-MTE	hyp1	News	NaN	-0.9127929210662842
145	146	pt	nya	challenge_SSA-MTE	hyp1	News	NaN	-0.9127929210662842
146	147	pt	nya	challenge_SSA-MTE	hyp1	News	NaN	-0.9127929210662842
147	148	pt	nya	challenge_SSA-MTE	hyp1	News	NaN	-0.9127981662750244
148	149	pt	nya	challenge_SSA-MTE	hyp1	News	NaN	-0.5217858552932739
149	150	pt	nya	challenge_SSA-MTE	hyp1	News	NaN	-0.5217863917350769
150	151	pt	nya	challenge_SSA-MTE	hyp1	News	NaN	-0.5217858552932739
151	152	pt	nya	challenge_SSA-MTE	hyp1	News	NaN	-0.5217858552932739
152	153	pt	nya	challenge_SSA-MTE	hyp1	News	NaN	-0.8716136813163757
153	154	pt	nya	challenge_SSA-MTE	hyp1	News	NaN	-0.8716136813163757
154	155	pt	nya	challenge_SSA-MTE	hyp1	News	NaN	-0.8716136813163757
155	156	pt	nya	challenge_SSA-MTE	hyp1	News	NaN	-0.8716136813163757
156	157	pt	nya	challenge_SSA-MTE	hyp1	News	NaN	-1.5138570070266724
157	158	pt	nya	challenge_SSA-MTE	hyp1	News	NaN	-1.5138570070266724
158	159	pt	nya	challenge_SSA-MTE	hyp1	News	NaN	-1.5138570070266724
159	160	pt	nya	challenge_SSA-MTE	hyp1	News	NaN	-1.5138570070266724
160	161	pt	nya	challenge_SSA-MTE	hyp1	News	NaN	-1.9612199068069458
161	162	pt	nya	challenge_SSA-MTE	hyp1	News	NaN	-1.9612199068069458
162	163	pt	nya	challenge_SSA-MTE	hyp1	News	NaN	-1.9612199068069458
163	164	pt	nya	challenge_SSA-MTE	hyp1	News	NaN	-1.9612199068069458
164	165	pt	nya	challenge_SSA-MTE	hyp1	News	NaN	-1.8432939052581787
165	166	pt	nya	challenge_SSA-MTE	hyp1	News	NaN	-1.8432952165603638
166	167	pt	nya	challenge_SSA-MTE	hyp1	News	NaN	-1.8432939052581787
167	168	pt	nya	challenge_SSA-MTE	hyp1	News	NaN	-1.8432939052581787
168	169	pt	nya	challenge_SSA-MTE	hyp1	News	NaN	-0.4580540657043457
169	170	pt	nya	challenge_SSA-MTE	hyp1	News	NaN	-0.45805174112319946
170	171	pt	nya	challenge_SSA-MTE	hyp1	News	NaN	-0.4580513834953308
171	172	pt	nya	challenge_SSA-MTE	hyp1	News	NaN	-0.4580513834953308
172	173	pt	nya	challenge_SSA-MTE	hyp1	News	NaN	0.1758585274219513
173	174	pt	nya	challenge_SSA-MTE	hyp1	News	NaN	0.1758585274219513
174	175	pt	nya	challenge_SSA-MTE	hyp1	News	NaN	0.1758585274219513
175	176	pt	nya	challenge_SSA-MTE	hyp1	News	NaN	0.1758585274219513
176	177	pt	nya	challenge_SSA-MTE	hyp1	News	NaN	-0.914358913898468
177	178	pt	nya	challenge_SSA-MTE	hyp1	News	NaN	-0.914358913898468
178	179	pt	nya	challenge_SSA-MTE	hyp1	News	NaN	-0.914358913898468
179	180	pt	nya	challenge_SSA-MTE	hyp1	News	NaN	-0.914358913898468
180	181	pt	nya	challenge_SSA-MTE	hyp1	News	NaN	-1.3614581823349
181	182	pt	nya	challenge_SSA-MTE	hyp1	News	NaN	-1.3614581823349
182	183	pt	nya	challenge_SSA-MTE	hyp1	News	NaN	-1.3614581823349
183	184	pt	nya	challenge_SSA-MTE	hyp1	News	NaN	-1.3614581823349
184	185	pt	nya	challenge_SSA-MTE	hyp1	News	NaN	-1.7461503744125366
185	186	pt	nya	challenge_SSA-MTE	hyp1	News	NaN	-1.7461503744125366
186	187	pt	nya	challenge_SSA-MTE	hyp1	News	NaN	-1.7461503744125366
187	188	pt	nya	challenge_SSA-MTE	hyp1	News	NaN	-1.7461503744125366
188	189	pt	nya	challenge_SSA-MTE	hyp1	News	NaN	0.1246526762843132
189	190	pt	nya	challenge_SSA-MTE	hyp1	News	NaN	0.1246526762843132
190	191	pt	nya	challenge_SSA-MTE	hyp1	News	NaN	0.1246526762843132
191	192	pt	nya	challenge_SSA-MTE	hyp1	News	NaN	0.1246526762843132
192	193	pt	nya	challenge_SSA-MTE	hyp1	News	NaN	-0.519378662109375
193	194	pt	nya	challenge_SSA-MTE	hyp1	News	NaN	-0.519378662109375
194	195	pt	nya	challenge_SSA-MTE	hyp1	News	NaN	-0.519378662109375
195	196	pt	nya	challenge_SSA-MTE	hyp1	News	NaN	-0.519378662109375
196	197	pt	nya	challenge_SSA-MTE	hyp1	News	NaN	0.37732362747192383
197	198	pt	nya	challenge_SSA-MTE	hyp1	News	NaN	0.37732362747192383
198	199	pt	nya	challenge_SSA-MTE	hyp1	News	NaN	0.37732362747192383
199	200	pt	nya	challenge_SSA-MTE	hyp1	News	NaN	0.37732362747192383
200	201	pt	nya	challenge_SSA-MTE	hyp1	News	NaN	-1.1104562282562256
201	202	pt	nya	challenge_SSA-MTE	hyp1	News	NaN	-1.1104562282562256
202	203	pt	nya	challenge_SSA-MTE	hyp1	News	NaN	-1.1104562282562256
203	204	pt	nya	challenge_SSA-MTE	hyp1	News	NaN	-1.1104562282562256
204	205	pt	nya	challenge_SSA-MTE	hyp1	News	NaN	-1.953126311302185
205	206	pt	nya	challenge_SSA-MTE	hyp1	News	NaN	-1.953126311302185
206	207	pt	nya	challenge_SSA-MTE	hyp1	News	NaN	-1.953126311302185
207	208	pt	nya	challenge_SSA-MTE	hyp1	News	NaN	-1.9531283378601074
208	209	pt	nya	challenge_SSA-MTE	hyp1	News	NaN	-1.2914865016937256
209	210	pt	nya	challenge_SSA-MTE	hyp1	News	NaN	-1.2914865016937256
210	211	pt	nya	challenge_SSA-MTE	hyp1	News	NaN	-1.2914865016937256
211	212	pt	nya	challenge_SSA-MTE	hyp1	News	NaN	-1.2914890050888062
212	213	pt	nya	challenge_SSA-MTE	hyp1	News	NaN	-0.9552370309829712
213	214	pt	nya	challenge_SSA-MTE	hyp1	News	NaN	-0.9552358388900757
214	215	pt	nya	challenge_SSA-MTE	hyp1	News	NaN	-0.9552355408668518
215	216	pt	nya	challenge_SSA-MTE	hyp1	News	NaN	-0.9552358388900757
216	217	pt	nya	challenge_SSA-MTE	hyp1	News	NaN	-0.719185471534729
217	218	pt	nya	challenge_SSA-MTE	hyp1	News	NaN	-0.719185471534729
218	219	pt	nya	challenge_SSA-MTE	hyp1	News	NaN	-0.719185471534729
219	220	pt	nya	challenge_SSA-MTE	hyp1	News	NaN	-0.719185471534729
220	221	pt	nya	challenge_SSA-MTE	hyp1	News	NaN	0.2192242443561554
221	222	pt	nya	challenge_SSA-MTE	hyp1	News	NaN	0.2192242443561554
222	223	pt	nya	challenge_SSA-MTE	hyp1	News	NaN	0.2192242443561554
223	224	pt	nya	challenge_SSA-MTE	hyp1	News	NaN	0.2192242443561554
224	225	pt	nya	challenge_SSA-MTE	hyp1	News	NaN	-1.0824060440063477
225	226	pt	nya	challenge_SSA-MTE	hyp1	News	NaN	-1.0824060440063477
226	227	pt	nya	challenge_SSA-MTE	hyp1	News	NaN	-1.0824060440063477
227	228	pt	nya	challenge_SSA-MTE	hyp1	News	NaN	-1.0824060440063477
228	229	pt	nya	challenge_SSA-MTE	hyp1	News	NaN	-1.245310664176941
229	230	pt	nya	challenge_SSA-MTE	hyp1	News	NaN	-1.2453123331069946
230	231	pt	nya	challenge_SSA-MTE	hyp1	News	NaN	-1.2453123331069946
231	232	pt	nya	challenge_SSA-MTE	hyp1	News	NaN	-1.245310664176941
232	233	pt	nya	challenge_SSA-MTE	hyp1	News	NaN	-2.3345696926116943
233	234	pt	nya	challenge_SSA-MTE	hyp1	News	NaN	-2.3345696926116943
234	235	pt	nya	challenge_SSA-MTE	hyp1	News	NaN	-2.3345696926116943
235	236	pt	nya	challenge_SSA-MTE	hyp1	News	NaN	-2.3345696926116943
236	237	pt	nya	challenge_SSA-MTE	hyp1	News	NaN	-1.4792851209640503
237	238	pt	nya	challenge_SSA-MTE	hyp1	News	NaN	-1.4792851209640503
238	239	pt	nya	challenge_SSA-MTE	hyp1	News	NaN	-1.4792851209640503
239	240	pt	nya	challenge_SSA-MTE	hyp1	News	NaN	-1.4792851209640503
240	241	pt	nya	challenge_SSA-MTE	hyp1	News	NaN	-2.3998196125030518
241	242	pt	nya	challenge_SSA-MTE	hyp1	News	NaN	-2.3998196125030518
242	243	pt	nya	challenge_SSA-MTE	hyp1	News	NaN	-2.3998196125030518
243	244	pt	nya	challenge_SSA-MTE	hyp1	News	NaN	-2.3998196125030518
244	245	pt	nya	challenge_SSA-MTE	hyp1	News	NaN	-0.18908753991127014
245	246	pt	nya	challenge_SSA-MTE	hyp1	News	NaN	-0.18908753991127014
246	247	pt	nya	challenge_SSA-MTE	hyp1	News	NaN	-0.18908753991127014
247	248	pt	nya	challenge_SSA-MTE	hyp1	News	NaN	-0.18908753991127014
248	249	pt	nya	challenge_SSA-MTE	hyp1	News	NaN	-2.000998020172119
249	250	pt	nya	challenge_SSA-MTE	hyp1	News	NaN	-2.000998020172119
250	251	pt	nya	challenge_SSA-MTE	hyp1	News	NaN	-2.000998020172119
251	252	pt	nya	challenge_SSA-MTE	hyp1	News	NaN	-2.000998020172119
252	253	pt	nya	challenge_SSA-MTE	hyp1	News	NaN	0.34236836433410645
253	254	pt	nya	challenge_SSA-MTE	hyp1	News	NaN	0.34236836433410645
254	255	pt	nya	challenge_SSA-MTE	hyp1	News	NaN	0.34236836433410645
255	256	pt	nya	challenge_SSA-MTE	hyp1	News	NaN	0.34236836433410645
256	257	pt	nya	challenge_SSA-MTE	hyp1	News	NaN	-2.2021377086639404
257	258	pt	nya	challenge_SSA-MTE	hyp1	News	NaN	-2.2021377086639404
258	259	pt	nya	challenge_SSA-MTE	hyp1	News	NaN	-2.2021377086639404
259	260	pt	nya	challenge_SSA-MTE	hyp1	News	NaN	-2.2021377086639404
260	261	pt	nya	challenge_SSA-MTE	hyp1	News	NaN	-1.4758721590042114
261	262	pt	nya	challenge_SSA-MTE	hyp1	News	NaN	-1.4758721590042114
262	263	pt	nya	challenge_SSA-MTE	hyp1	News	NaN	-1.4758721590042114
263	264	pt	nya	challenge_SSA-MTE	hyp1	News	NaN	-1.4758721590042114
264	265	pt	nya	challenge_SSA-MTE	hyp1	News	NaN	-1.3477283716201782
265	266	pt	nya	challenge_SSA-MTE	hyp1	News	NaN	-1.3477283716201782
266	267	pt	nya	challenge_SSA-MTE	hyp1	News	NaN	-1.3477283716201782
267	268	pt	nya	challenge_SSA-MTE	hyp1	News	NaN	-1.3477283716201782
268	269	pt	nya	challenge_SSA-MTE	hyp1	News	NaN	-2.2783596515655518
269	270	pt	nya	challenge_SSA-MTE	hyp1	News	NaN	-2.2783596515655518
270	271	pt	nya	challenge_SSA-MTE	hyp1	News	NaN	-2.2783596515655518
271	272	pt	nya	challenge_SSA-MTE	hyp1	News	NaN	-2.2783596515655518
272	273	pt	nya	challenge_SSA-MTE	hyp1	News	NaN	-1.3797944784164429
273	274	pt	nya	challenge_SSA-MTE	hyp1	News	NaN	-1.3797911405563354
274	275	pt	nya	challenge_SSA-MTE	hyp1	News	NaN	-1.3797911405563354
275	276	pt	nya	challenge_SSA-MTE	hyp1	News	NaN	-1.3797944784164429
276	277	pt	nya	challenge_SSA-MTE	hyp1	News	NaN	-0.5372638702392578
277	278	pt	nya	challenge_SSA-MTE	hyp1	News	NaN	-0.5372638702392578
278	279	pt	nya	challenge_SSA-MTE	hyp1	News	NaN	-0.5372626781463623
279	280	pt	nya	challenge_SSA-MTE	hyp1	News	NaN	-0.5372626781463623
280	281	pt	nya	challenge_SSA-MTE	hyp1	News	NaN	-2.168187379837036
281	282	pt	nya	challenge_SSA-MTE	hyp1	News	NaN	-2.168187379837036
282	283	pt	nya	challenge_SSA-MTE	hyp1	News	NaN	-2.168187379837036
283	284	pt	nya	challenge_SSA-MTE	hyp1	News	NaN	-2.168187379837036
284	285	pt	nya	challenge_SSA-MTE	hyp1	News	NaN	-1.5136632919311523
285	286	pt	nya	challenge_SSA-MTE	hyp1	News	NaN	-1.5136632919311523
286	287	pt	nya	challenge_SSA-MTE	hyp1	News	NaN	-1.5136632919311523
287	288	pt	nya	challenge_SSA-MTE	hyp1	News	NaN	-1.5136632919311523
288	289	pt	nya	challenge_SSA-MTE	hyp1	News	NaN	0.15451174974441528
289	290	pt	nya	challenge_SSA-MTE	hyp1	News	NaN	0.15451174974441528
290	291	pt	nya	challenge_SSA-MTE	hyp1	News	NaN	0.15451174974441528
291	292	pt	nya	challenge_SSA-MTE	hyp1	News	NaN	0.15451094508171082
292	293	pt	nya	challenge_SSA-MTE	hyp1	News	NaN	0.2191985845565796
293	294	pt	nya	challenge_SSA-MTE	hyp1	News	NaN	0.2191985845565796
294	295	pt	nya	challenge_SSA-MTE	hyp1	News	NaN	0.2191985845565796
295	296	pt	nya	challenge_SSA-MTE	hyp1	News	NaN	0.2191985845565796
296	297	pt	nya	challenge_SSA-MTE	hyp1	News	NaN	-1.3478835821151733
297	298	pt	nya	challenge_SSA-MTE	hyp1	News	NaN	-1.347886562347412
298	299	pt	nya	challenge_SSA-MTE	hyp1	News	NaN	-1.347886562347412
299	300	pt	nya	challenge_SSA-MTE	hyp1	News	NaN	-1.347886562347412
300	301	pt	nya	challenge_SSA-MTE	hyp1	News	NaN	-0.4784145951271057
301	302	pt	nya	challenge_SSA-MTE	hyp1	News	NaN	-0.4784145951271057
302	303	pt	nya	challenge_SSA-MTE	hyp1	News	NaN	-0.4784145951271057
303	304	pt	nya	challenge_SSA-MTE	hyp1	News	NaN	-0.47841793298721313
304	305	pt	nya	challenge_SSA-MTE	hyp1	News	NaN	-1.986915111541748
305	306	pt	nya	challenge_SSA-MTE	hyp1	News	NaN	-1.986915111541748
306	307	pt	nya	challenge_SSA-MTE	hyp1	News	NaN	-1.986915111541748
307	308	pt	nya	challenge_SSA-MTE	hyp1	News	NaN	-1.986915111541748
308	309	pt	nya	challenge_SSA-MTE	hyp1	News	NaN	-1.0537662506103516
309	310	pt	nya	challenge_SSA-MTE	hyp1	News	NaN	-1.0537662506103516
310	311	pt	nya	challenge_SSA-MTE	hyp1	News	NaN	-1.0537662506103516
311	312	pt	nya	challenge_SSA-MTE	hyp1	News	NaN	-1.0537662506103516
312	313	pt	nya	challenge_SSA-MTE	hyp1	News	NaN	-0.21097888052463531
313	314	pt	nya	challenge_SSA-MTE	hyp1	News	NaN	-0.21097888052463531
314	315	pt	nya	challenge_SSA-MTE	hyp1	News	NaN	-0.21097888052463531
315	316	pt	nya	challenge_SSA-MTE	hyp1	News	NaN	-0.21097888052463531
316	317	pt	nya	challenge_SSA-MTE	hyp1	News	NaN	-0.3191585838794708
317	318	pt	nya	challenge_SSA-MTE	hyp1	News	NaN	-0.3191585838794708
318	319	pt	nya	challenge_SSA-MTE	hyp1	News	NaN	-0.3191585838794708
319	320	pt	nya	challenge_SSA-MTE	hyp1	News	NaN	-0.3191585838794708
320	321	pt	nya	challenge_SSA-MTE	hyp1	News	NaN	0.16362929344177246
321	322	pt	nya	challenge_SSA-MTE	hyp1	News	NaN	0.16362929344177246
322	323	pt	nya	challenge_SSA-MTE	hyp1	News	NaN	0.16362929344177246
323	324	pt	nya	challenge_SSA-MTE	hyp1	News	NaN	0.16362929344177246
324	325	pt	nya	challenge_SSA-MTE	hyp1	News	NaN	-2.3289520740509033
325	326	pt	nya	challenge_SSA-MTE	hyp1	News	NaN	-2.3289520740509033
326	327	pt	nya	challenge_SSA-MTE	hyp1	News	NaN	-2.328951835632324
327	328	pt	nya	challenge_SSA-MTE	hyp1	News	NaN	-2.3289520740509033
328	329	pt	nya	challenge_SSA-MTE	hyp1	News	NaN	-0.6529279947280884
329	330	pt	nya	challenge_SSA-MTE	hyp1	News	NaN	-0.6529279947280884
330	331	pt	nya	challenge_SSA-MTE	hyp1	News	NaN	-0.6529260277748108
331	332	pt	nya	challenge_SSA-MTE	hyp1	News	NaN	-0.6529279947280884
332	333	pt	nya	challenge_SSA-MTE	hyp1	News	NaN	-2.2919986248016357
333	334	pt	nya	challenge_SSA-MTE	hyp1	News	NaN	-2.2919986248016357
334	335	pt	nya	challenge_SSA-MTE	hyp1	News	NaN	-2.2919986248016357
335	336	pt	nya	challenge_SSA-MTE	hyp1	News	NaN	-2.2919986248016357
336	337	pt	nya	challenge_SSA-MTE	hyp1	News	NaN	-2.244946241378784
337	338	pt	nya	challenge_SSA-MTE	hyp1	News	NaN	-2.2449452877044678
338	339	pt	nya	challenge_SSA-MTE	hyp1	News	NaN	-2.2449452877044678
339	340	pt	nya	challenge_SSA-MTE	hyp1	News	NaN	-2.2449452877044678
340	341	pt	nya	challenge_SSA-MTE	hyp1	News	NaN	-2.355898857116699
341	342	pt	nya	challenge_SSA-MTE	hyp1	News	NaN	-2.355898857116699
342	343	pt	nya	challenge_SSA-MTE	hyp1	News	NaN	-2.355898857116699
343	344	pt	nya	challenge_SSA-MTE	hyp1	News	NaN	-2.355898857116699
344	345	pt	nya	challenge_SSA-MTE	hyp1	News	NaN	-0.17307376861572266
345	346	pt	nya	challenge_SSA-MTE	hyp1	News	NaN	-0.17307376861572266
346	347	pt	nya	challenge_SSA-MTE	hyp1	News	NaN	-0.17307376861572266
347	348	pt	nya	challenge_SSA-MTE	hyp1	News	NaN	-0.17307376861572266
348	349	pt	nya	challenge_SSA-MTE	hyp1	News	NaN	0.23207972943782806
349	350	pt	nya	challenge_SSA-MTE	hyp1	News	NaN	0.23207972943782806
350	351	pt	nya	challenge_SSA-MTE	hyp1	News	NaN	0.23207972943782806
351	352	pt	nya	challenge_SSA-MTE	hyp1	News	NaN	0.23207972943782806
352	353	pt	nya	challenge_SSA-MTE	hyp1	News	NaN	-0.7476184368133545
353	354	pt	nya	challenge_SSA-MTE	hyp1	News	NaN	-0.7476184368133545
354	355	pt	nya	challenge_SSA-MTE	hyp1	News	NaN	-0.7476184368133545
355	356	pt	nya	challenge_SSA-MTE	hyp1	News	NaN	-0.7476184368133545
356	357	pt	nya	challenge_SSA-MTE	hyp1	News	NaN	-0.6771003007888794
357	358	pt	nya	challenge_SSA-MTE	hyp1	News	NaN	-0.6771003007888794
358	359	pt	nya	challenge_SSA-MTE	hyp1	News	NaN	-0.6771003007888794
359	360	pt	nya	challenge_SSA-MTE	hyp1	News	NaN	-0.6771003007888794
360	361	pt	nya	challenge_SSA-MTE	hyp1	News	NaN	0.20654864609241486
361	362	pt	nya	challenge_SSA-MTE	hyp1	News	NaN	0.20654864609241486
362	363	pt	nya	challenge_SSA-MTE	hyp1	News	NaN	0.20654864609241486
363	364	pt	nya	challenge_SSA-MTE	hyp1	News	NaN	0.20654864609241486
364	365	pt	nya	challenge_SSA-MTE	hyp1	News	NaN	0.16064859926700592
365	366	pt	nya	challenge_SSA-MTE	hyp1	News	NaN	0.16064859926700592
366	367	pt	nya	challenge_SSA-MTE	hyp1	News	NaN	0.16064859926700592
367	368	pt	nya	challenge_SSA-MTE	hyp1	News	NaN	0.16064859926700592
368	369	pt	nya	challenge_SSA-MTE	hyp1	News	NaN	-0.5107775926589966
369	370	pt	nya	challenge_SSA-MTE	hyp1	News	NaN	-0.5107775926589966
370	371	pt	nya	challenge_SSA-MTE	hyp1	News	NaN	-0.5107775926589966
371	372	pt	nya	challenge_SSA-MTE	hyp1	News	NaN	-0.5107775926589966
372	373	pt	nya	challenge_SSA-MTE	hyp1	News	NaN	-1.568867802619934
373	374	pt	nya	challenge_SSA-MTE	hyp1	News	NaN	-1.568867802619934
374	375	pt	nya	challenge_SSA-MTE	hyp1	News	NaN	-1.568867802619934
375	376	pt	nya	challenge_SSA-MTE	hyp1	News	NaN	-1.568867802619934
376	377	pt	nya	challenge_SSA-MTE	hyp1	News	NaN	-1.9655526876449585
377	378	pt	nya	challenge_SSA-MTE	hyp1	News	NaN	-1.9655545949935913
378	379	pt	nya	challenge_SSA-MTE	hyp1	News	NaN	-1.9655526876449585
379	380	pt	nya	challenge_SSA-MTE	hyp1	News	NaN	-1.9655545949935913
380	381	pt	nya	challenge_SSA-MTE	hyp1	News	NaN	-1.3168752193450928
381	382	pt	nya	challenge_SSA-MTE	hyp1	News	NaN	-1.3168752193450928
382	383	pt	nya	challenge_SSA-MTE	hyp1	News	NaN	-1.3168741464614868
383	384	pt	nya	challenge_SSA-MTE	hyp1	News	NaN	-1.3168752193450928
384	385	pt	nya	challenge_SSA-MTE	hyp1	News	NaN	-2.0060927867889404
385	386	pt	nya	challenge_SSA-MTE	hyp1	News	NaN	-2.0060927867889404
386	387	pt	nya	challenge_SSA-MTE	hyp1	News	NaN	-2.0060927867889404
387	388	pt	nya	challenge_SSA-MTE	hyp1	News	NaN	-2.0060927867889404
388	389	pt	nya	challenge_SSA-MTE	hyp1	News	NaN	-0.15904095768928528
389	390	pt	nya	challenge_SSA-MTE	hyp1	News	NaN	-0.15904095768928528
390	391	pt	nya	challenge_SSA-MTE	hyp1	News	NaN	-0.15904095768928528
391	392	pt	nya	challenge_SSA-MTE	hyp1	News	NaN	-0.15904095768928528
392	393	pt	nya	challenge_SSA-MTE	hyp1	News	NaN	-1.3186545372009277
393	394	pt	nya	challenge_SSA-MTE	hyp1	News	NaN	-1.3186545372009277
394	395	pt	nya	challenge_SSA-MTE	hyp1	News	NaN	-1.3186545372009277
395	396	pt	nya	challenge_SSA-MTE	hyp1	News	NaN	-1.3186545372009277
396	397	pt	nya	challenge_SSA-MTE	hyp1	News	NaN	-1.947417140007019
397	398	pt	nya	challenge_SSA-MTE	hyp1	News	NaN	-1.947417140007019
398	399	pt	nya	challenge_SSA-MTE	hyp1	News	NaN	-1.947417140007019
399	400	pt	nya	challenge_SSA-MTE	hyp1	News	NaN	-1.947417140007019
400	401	pt	nya	challenge_SSA-MTE	hyp1	News	NaN	-1.5587220191955566
401	402	pt	nya	challenge_SSA-MTE	hyp1	News	NaN	-1.5587220191955566
402	403	pt	nya	challenge_SSA-MTE	hyp1	News	NaN	-1.5587220191955566
403	404	pt	nya	challenge_SSA-MTE	hyp1	News	NaN	-1.5587220191955566
404	405	pt	nya	challenge_SSA-MTE	hyp1	News	NaN	-2.4647560119628906
405	406	pt	nya	challenge_SSA-MTE	hyp1	News	NaN	-2.4647560119628906
406	407	pt	nya	challenge_SSA-MTE	hyp1	News	NaN	-2.4647560119628906
407	408	pt	nya	challenge_SSA-MTE	hyp1	News	NaN	-2.4647560119628906
408	409	pt	nya	challenge_SSA-MTE	hyp1	News	NaN	-0.7971375584602356
409	410	pt	nya	challenge_SSA-MTE	hyp1	News	NaN	-0.7971353530883789
410	411	pt	nya	challenge_SSA-MTE	hyp1	News	NaN	-0.7971353530883789
411	412	pt	nya	challenge_SSA-MTE	hyp1	News	NaN	-0.7971353530883789
412	413	pt	nya	challenge_SSA-MTE	hyp1	News	NaN	-0.21661701798439026
413	414	pt	nya	challenge_SSA-MTE	hyp1	News	NaN	-0.21661701798439026
414	415	pt	nya	challenge_SSA-MTE	hyp1	News	NaN	-0.21661701798439026
415	416	pt	nya	challenge_SSA-MTE	hyp1	News	NaN	-0.21661701798439026
416	417	pt	nya	challenge_SSA-MTE	hyp1	News	NaN	-1.5897289514541626
417	418	pt	nya	challenge_SSA-MTE	hyp1	News	NaN	-1.5897289514541626
418	419	pt	nya	challenge_SSA-MTE	hyp1	News	NaN	-1.5897289514541626
419	420	pt	nya	challenge_SSA-MTE	hyp1	News	NaN	-1.5897289514541626
420	421	pt	nya	challenge_SSA-MTE	hyp1	News	NaN	-1.1619495153427124
421	422	pt	nya	challenge_SSA-MTE	hyp1	News	NaN	-1.1619495153427124
422	423	pt	nya	challenge_SSA-MTE	hyp1	News	NaN	-1.1619495153427124
423	424	pt	nya	challenge_SSA-MTE	hyp1	News	NaN	-1.1619495153427124
424	425	pt	nya	challenge_SSA-MTE	hyp1	News	NaN	-2.327967882156372
425	426	pt	nya	challenge_SSA-MTE	hyp1	News	NaN	-2.327967882156372
426	427	pt	nya	challenge_SSA-MTE	hyp1	News	NaN	-2.327967882156372
427	428	pt	nya	challenge_SSA-MTE	hyp1	News	NaN	-2.327967882156372
428	429	pt	nya	challenge_SSA-MTE	hyp1	News	NaN	-0.7231784462928772
429	430	pt	nya	challenge_SSA-MTE	hyp1	News	NaN	-0.7231784462928772
430	431	pt	nya	challenge_SSA-MTE	hyp1	News	NaN	-0.7231784462928772
431	432	pt	nya	challenge_SSA-MTE	hyp1	News	NaN	-0.7231784462928772
432	433	pt	nya	challenge_SSA-MTE	hyp1	News	NaN	-1.9850541353225708
433	434	pt	nya	challenge_SSA-MTE	hyp1	News	NaN	-1.9850541353225708
434	435	pt	nya	challenge_SSA-MTE	hyp1	News	NaN	-1.9850541353225708
435	436	pt	nya	challenge_SSA-MTE	hyp1	News	NaN	-1.9850541353225708
436	437	pt	nya	challenge_SSA-MTE	hyp1	News	NaN	-0.7478598356246948
437	438	pt	nya	challenge_SSA-MTE	hyp1	News	NaN	-0.7478598356246948
438	439	pt	nya	challenge_SSA-MTE	hyp1	News	NaN	-0.7478598356246948
439	440	pt	nya	challenge_SSA-MTE	hyp1	News	NaN	-0.7478598356246948
440	441	pt	nya	challenge_SSA-MTE	hyp1	News	NaN	-1.848474144935608
441	442	pt	nya	challenge_SSA-MTE	hyp1	News	NaN	-1.848474144935608
442	443	pt	nya	challenge_SSA-MTE	hyp1	News	NaN	-1.848474144935608
443	444	pt	nya	challenge_SSA-MTE	hyp1	News	NaN	-1.848474144935608
444	445	pt	nya	challenge_SSA-MTE	hyp1	News	NaN	-2.314622640609741
445	446	pt	nya	challenge_SSA-MTE	hyp1	News	NaN	-2.314622640609741
446	447	pt	nya	challenge_SSA-MTE	hyp1	News	NaN	-2.314622640609741
447	448	pt	nya	challenge_SSA-MTE	hyp1	News	NaN	-2.314622640609741
448	449	pt	nya	challenge_SSA-MTE	hyp1	News	NaN	-1.7582591772079468
449	450	pt	nya	challenge_SSA-MTE	hyp1	News	NaN	-1.7582591772079468
450	451	pt	nya	challenge_SSA-MTE	hyp1	News	NaN	-1.7582591772079468
451	452	pt	nya	challenge_SSA-MTE	hyp1	News	NaN	-1.7582591772079468
452	453	pt	nya	challenge_SSA-MTE	hyp1	News	NaN	-0.6885668635368347
453	454	pt	nya	challenge_SSA-MTE	hyp1	News	NaN	-0.6885668635368347
454	455	pt	nya	challenge_SSA-MTE	hyp1	News	NaN	-0.6885668635368347
455	456	pt	nya	challenge_SSA-MTE	hyp1	News	NaN	-0.6885690689086914
456	457	pt	nya	challenge_SSA-MTE	hyp1	News	NaN	-0.45006459951400757
457	458	pt	nya	challenge_SSA-MTE	hyp1	News	NaN	-0.45006459951400757
458	459	pt	nya	challenge_SSA-MTE	hyp1	News	NaN	-0.45006459951400757
459	460	pt	nya	challenge_SSA-MTE	hyp1	News	NaN	-0.45006459951400757
460	461	pt	nya	challenge_SSA-MTE	hyp1	News	NaN	-0.8130934238433838
461	462	pt	nya	challenge_SSA-MTE	hyp1	News	NaN	-0.8130934238433838
462	463	pt	nya	challenge_SSA-MTE	hyp1	News	NaN	-0.8130934238433838
463	464	pt	nya	challenge_SSA-MTE	hyp1	News	NaN	-0.8130934238433838
464	465	pt	nya	challenge_SSA-MTE	hyp1	News	NaN	-0.8197160959243774
465	466	pt	nya	challenge_SSA-MTE	hyp1	News	NaN	-0.8197160959243774
466	467	pt	nya	challenge_SSA-MTE	hyp1	News	NaN	-0.8197160959243774
467	468	pt	nya	challenge_SSA-MTE	hyp1	News	NaN	-0.8197160959243774
468	469	pt	nya	challenge_SSA-MTE	hyp1	News	NaN	-2.1419849395751953
469	470	pt	nya	challenge_SSA-MTE	hyp1	News	NaN	-2.1419849395751953
470	471	pt	nya	challenge_SSA-MTE	hyp1	News	NaN	-2.1419849395751953
471	472	pt	nya	challenge_SSA-MTE	hyp1	News	NaN	-2.1419849395751953
472	473	pt	nya	challenge_SSA-MTE	hyp1	News	NaN	-0.3624807596206665
473	474	pt	nya	challenge_SSA-MTE	hyp1	News	NaN	-0.3624807596206665
474	475	pt	nya	challenge_SSA-MTE	hyp1	News	NaN	-0.3624807596206665
475	476	pt	nya	challenge_SSA-MTE	hyp1	News	NaN	-0.3624807596206665
476	477	pt	nya	challenge_SSA-MTE	hyp1	News	NaN	-0.6410076022148132
477	478	pt	nya	challenge_SSA-MTE	hyp1	News	NaN	-0.6410076022148132
478	479	pt	nya	challenge_SSA-MTE	hyp1	News	NaN	-0.6410076022148132
479	480	pt	nya	challenge_SSA-MTE	hyp1	News	NaN	-0.6410076022148132
480	481	pt	nya	challenge_SSA-MTE	hyp1	News	NaN	-1.270445466041565
481	482	pt	nya	challenge_SSA-MTE	hyp1	News	NaN	-1.270445466041565
482	483	pt	nya	challenge_SSA-MTE	hyp1	News	NaN	-1.270445466041565
483	484	pt	nya	challenge_SSA-MTE	hyp1	News	NaN	-1.270445466041565
484	485	pt	nya	challenge_SSA-MTE	hyp1	News	NaN	-2.3089258670806885
485	486	pt	nya	challenge_SSA-MTE	hyp1	News	NaN	-2.3089258670806885
486	487	pt	nya	challenge_SSA-MTE	hyp1	News	NaN	-2.3089258670806885
487	488	pt	nya	challenge_SSA-MTE	hyp1	News	NaN	-2.3089258670806885
488	489	pt	nya	challenge_SSA-MTE	hyp1	News	NaN	-0.41141414642333984
489	490	pt	nya	challenge_SSA-MTE	hyp1	News	NaN	-0.41141414642333984
490	491	pt	nya	challenge_SSA-MTE	hyp1	News	NaN	-0.41141414642333984
491	492	pt	nya	challenge_SSA-MTE	hyp1	News	NaN	-0.41141414642333984
492	493	pt	nya	challenge_SSA-MTE	hyp1	News	NaN	-1.53046452999115
493	494	pt	nya	challenge_SSA-MTE	hyp1	News	NaN	-1.53046452999115
494	495	pt	nya	challenge_SSA-MTE	hyp1	News	NaN	-1.53046452999115
495	496	pt	nya	challenge_SSA-MTE	hyp1	News	NaN	-1.53046452999115
496	497	pt	nya	challenge_SSA-MTE	hyp1	News	NaN	-1.2358309030532837
497	498	pt	nya	challenge_SSA-MTE	hyp1	News	NaN	-1.2358309030532837
498	499	pt	nya	challenge_SSA-MTE	hyp1	News	NaN	-1.2358309030532837
499	500	pt	nya	challenge_SSA-MTE	hyp1	News	NaN	-1.2358309030532837
500	501	pt	nya	challenge_SSA-MTE	hyp1	News	NaN	-1.5397530794143677
501	502	pt	nya	challenge_SSA-MTE	hyp1	News	NaN	-1.5397530794143677
502	503	pt	nya	challenge_SSA-MTE	hyp1	News	NaN	-1.5397530794143677
503	504	pt	nya	challenge_SSA-MTE	hyp1	News	NaN	-1.5397530794143677
504	505	pt	nya	challenge_SSA-MTE	hyp1	News	NaN	-0.9870043992996216
505	506	pt	nya	challenge_SSA-MTE	hyp1	News	NaN	-0.9870043992996216
506	507	pt	nya	challenge_SSA-MTE	hyp1	News	NaN	-0.9870043992996216
507	508	pt	nya	challenge_SSA-MTE	hyp1	News	NaN	-0.9870043992996216
508	509	pt	nya	challenge_SSA-MTE	hyp1	News	NaN	-1.7493680715560913
509	510	pt	nya	challenge_SSA-MTE	hyp1	News	NaN	-1.7493680715560913
510	511	pt	nya	challenge_SSA-MTE	hyp1	News	NaN	-1.7493680715560913
511	512	pt	nya	challenge_SSA-MTE	hyp1	News	NaN	-1.7493680715560913
512	513	pt	nya	challenge_SSA-MTE	hyp1	News	NaN	-2.2989768981933594
513	514	pt	nya	challenge_SSA-MTE	hyp1	News	NaN	-2.2989768981933594
514	515	pt	nya	challenge_SSA-MTE	hyp1	News	NaN	-2.2989768981933594
515	516	pt	nya	challenge_SSA-MTE	hyp1	News	NaN	-2.2989768981933594
516	517	pt	nya	challenge_SSA-MTE	hyp1	News	NaN	-1.8188894987106323
517	518	pt	nya	challenge_SSA-MTE	hyp1	News	NaN	-1.8188894987106323
518	519	pt	nya	challenge_SSA-MTE	hyp1	News	NaN	-1.8188894987106323
519	520	pt	nya	challenge_SSA-MTE	hyp1	News	NaN	-1.8188894987106323
520	521	pt	nya	challenge_SSA-MTE	hyp1	News	NaN	-1.0388942956924438
521	522	pt	nya	challenge_SSA-MTE	hyp1	News	NaN	-1.038893222808838
522	523	pt	nya	challenge_SSA-MTE	hyp1	News	NaN	-1.038893222808838
523	524	pt	nya	challenge_SSA-MTE	hyp1	News	NaN	-1.0388938188552856
524	525	pt	nya	challenge_SSA-MTE	hyp1	News	NaN	-1.1359602212905884
525	526	pt	nya	challenge_SSA-MTE	hyp1	News	NaN	-1.1359602212905884
526	527	pt	nya	challenge_SSA-MTE	hyp1	News	NaN	-1.1359602212905884
527	528	pt	nya	challenge_SSA-MTE	hyp1	News	NaN	-1.1359602212905884
528	529	pt	nya	challenge_SSA-MTE	hyp1	News	NaN	-0.35559841990470886
529	530	pt	nya	challenge_SSA-MTE	hyp1	News	NaN	-0.35559719800949097
530	531	pt	nya	challenge_SSA-MTE	hyp1	News	NaN	-0.35559719800949097
531	532	pt	nya	challenge_SSA-MTE	hyp1	News	NaN	-0.35559719800949097
532	533	pt	nya	challenge_SSA-MTE	hyp1	News	NaN	-0.7654750347137451
533	534	pt	nya	challenge_SSA-MTE	hyp1	News	NaN	-0.7654750347137451
534	535	pt	nya	challenge_SSA-MTE	hyp1	News	NaN	-0.765474259853363
535	536	pt	nya	challenge_SSA-MTE	hyp1	News	NaN	-0.7654750347137451
536	537	pt	nya	challenge_SSA-MTE	hyp1	News	NaN	-0.6592820882797241
537	538	pt	nya	challenge_SSA-MTE	hyp1	News	NaN	-0.6592820882797241
538	539	pt	nya	challenge_SSA-MTE	hyp1	News	NaN	-0.6592820882797241
539	540	pt	nya	challenge_SSA-MTE	hyp1	News	NaN	-0.6592820882797241
540	541	pt	nya	challenge_SSA-MTE	hyp1	News	NaN	0.41953790187835693
541	542	pt	nya	challenge_SSA-MTE	hyp1	News	NaN	0.41953790187835693
542	543	pt	nya	challenge_SSA-MTE	hyp1	News	NaN	0.41953790187835693
543	544	pt	nya	challenge_SSA-MTE	hyp1	News	NaN	0.41953790187835693
544	545	pt	nya	challenge_SSA-MTE	hyp1	News	NaN	-1.8167730569839478
545	546	pt	nya	challenge_SSA-MTE	hyp1	News	NaN	-1.8167730569839478
546	547	pt	nya	challenge_SSA-MTE	hyp1	News	NaN	-1.816776156425476
547	548	pt	nya	challenge_SSA-MTE	hyp1	News	NaN	-1.816776156425476
548	549	pt	nya	challenge_SSA-MTE	hyp1	News	NaN	-0.5075555443763733
549	550	pt	nya	challenge_SSA-MTE	hyp1	News	NaN	-0.5075555443763733
550	551	pt	nya	challenge_SSA-MTE	hyp1	News	NaN	-0.5075555443763733
551	552	pt	nya	challenge_SSA-MTE	hyp1	News	NaN	-0.5075555443763733
552	553	pt	nya	challenge_SSA-MTE	hyp1	News	NaN	-1.2731579542160034
553	554	pt	nya	challenge_SSA-MTE	hyp1	News	NaN	-1.2731579542160034
554	555	pt	nya	challenge_SSA-MTE	hyp1	News	NaN	-1.2731579542160034
555	556	pt	nya	challenge_SSA-MTE	hyp1	News	NaN	-1.2731579542160034
556	557	pt	nya	challenge_SSA-MTE	hyp1	News	NaN	-1.931167721748352
557	558	pt	nya	challenge_SSA-MTE	hyp1	News	NaN	-1.931167721748352
558	559	pt	nya	challenge_SSA-MTE	hyp1	News	NaN	-1.931167721748352
559	560	pt	nya	challenge_SSA-MTE	hyp1	News	NaN	-1.931167721748352
560	561	pt	nya	challenge_SSA-MTE	hyp1	News	NaN	-0.7964041233062744
561	562	pt	nya	challenge_SSA-MTE	hyp1	News	NaN	-0.7964041233062744
562	563	pt	nya	challenge_SSA-MTE	hyp1	News	NaN	-0.7964041233062744
563	564	pt	nya	challenge_SSA-MTE	hyp1	News	NaN	-0.7964041233062744
564	565	pt	nya	challenge_SSA-MTE	hyp1	News	NaN	-2.138739824295044
565	566	pt	nya	challenge_SSA-MTE	hyp1	News	NaN	-2.138739824295044
566	567	pt	nya	challenge_SSA-MTE	hyp1	News	NaN	-2.138739824295044
567	568	pt	nya	challenge_SSA-MTE	hyp1	News	NaN	-2.138739824295044
568	569	pt	nya	challenge_SSA-MTE	hyp1	News	NaN	-1.5051294565200806
569	570	pt	nya	challenge_SSA-MTE	hyp1	News	NaN	-1.5051294565200806
570	571	pt	nya	challenge_SSA-MTE	hyp1	News	NaN	-1.5051294565200806
571	572	pt	nya	challenge_SSA-MTE	hyp1	News	NaN	-1.5051294565200806
572	573	pt	nya	challenge_SSA-MTE	hyp1	News	NaN	-1.1825271844863892
573	574	pt	nya	challenge_SSA-MTE	hyp1	News	NaN	-1.1825271844863892
574	575	pt	nya	challenge_SSA-MTE	hyp1	News	NaN	-1.1825271844863892
575	576	pt	nya	challenge_SSA-MTE	hyp1	News	NaN	-1.1825271844863892
576	577	pt	nya	challenge_SSA-MTE	hyp1	News	NaN	-1.6183806657791138
577	578	pt	nya	challenge_SSA-MTE	hyp1	News	NaN	-1.6183806657791138
578	579	pt	nya	challenge_SSA-MTE	hyp1	News	NaN	-1.6183806657791138
579	580	pt	nya	challenge_SSA-MTE	hyp1	News	NaN	-1.6183806657791138
580	581	pt	nya	challenge_SSA-MTE	hyp1	News	NaN	-0.7350834608078003
581	582	pt	nya	challenge_SSA-MTE	hyp1	News	NaN	-0.7350834608078003
582	583	pt	nya	challenge_SSA-MTE	hyp1	News	NaN	-0.7350834608078003
583	584	pt	nya	challenge_SSA-MTE	hyp1	News	NaN	-0.7350770235061646
584	585	pt	nya	challenge_SSA-MTE	hyp1	News	NaN	-0.47931796312332153
585	586	pt	nya	challenge_SSA-MTE	hyp1	News	NaN	-0.47931796312332153
586	587	pt	nya	challenge_SSA-MTE	hyp1	News	NaN	-0.47931796312332153
587	588	pt	nya	challenge_SSA-MTE	hyp1	News	NaN	-0.47931796312332153
588	589	pt	nya	challenge_SSA-MTE	hyp1	News	NaN	-0.4213887155056
589	590	pt	nya	challenge_SSA-MTE	hyp1	News	NaN	-0.4213887155056
590	591	pt	nya	challenge_SSA-MTE	hyp1	News	NaN	-0.4213887155056
591	592	pt	nya	challenge_SSA-MTE	hyp1	News	NaN	-0.4213887155056
592	593	pt	nya	challenge_SSA-MTE	hyp1	News	NaN	-1.3341602087020874
593	594	pt	nya	challenge_SSA-MTE	hyp1	News	NaN	-1.3341602087020874
594	595	pt	nya	challenge_SSA-MTE	hyp1	News	NaN	-1.3341602087020874
595	596	pt	nya	challenge_SSA-MTE	hyp1	News	NaN	-1.3341602087020874
596	597	pt	nya	challenge_SSA-MTE	hyp1	News	NaN	0.0970676988363266
597	598	pt	nya	challenge_SSA-MTE	hyp1	News	NaN	0.09706670045852661
598	599	pt	nya	challenge_SSA-MTE	hyp1	News	NaN	0.0970676988363266
599	600	pt	nya	challenge_SSA-MTE	hyp1	News	NaN	0.0970676988363266
600	601	pt	nya	challenge_SSA-MTE	hyp1	News	NaN	-1.4396113157272339
601	602	pt	nya	challenge_SSA-MTE	hyp1	News	NaN	-1.4396113157272339
602	603	pt	nya	challenge_SSA-MTE	hyp1	News	NaN	-1.4396113157272339
603	604	pt	nya	challenge_SSA-MTE	hyp1	News	NaN	-1.4396113157272339
604	605	pt	nya	challenge_SSA-MTE	hyp1	News	NaN	-0.15329228341579437
605	606	pt	nya	challenge_SSA-MTE	hyp1	News	NaN	-0.15329228341579437
606	607	pt	nya	challenge_SSA-MTE	hyp1	News	NaN	-0.15329228341579437
607	608	pt	nya	challenge_SSA-MTE	hyp1	News	NaN	-0.15329228341579437
608	609	pt	nya	challenge_SSA-MTE	hyp1	News	NaN	-1.255479335784912
609	610	pt	nya	challenge_SSA-MTE	hyp1	News	NaN	-1.255479335784912
610	611	pt	nya	challenge_SSA-MTE	hyp1	News	NaN	-1.2554811239242554
611	612	pt	nya	challenge_SSA-MTE	hyp1	News	NaN	-1.255475640296936
612	613	pt	nya	challenge_SSA-MTE	hyp1	News	NaN	-0.817639946937561
613	614	pt	nya	challenge_SSA-MTE	hyp1	News	NaN	-0.8176403045654297
614	615	pt	nya	challenge_SSA-MTE	hyp1	News	NaN	-0.8176403045654297
615	616	pt	nya	challenge_SSA-MTE	hyp1	News	NaN	-0.8176403045654297
616	617	pt	nya	challenge_SSA-MTE	hyp1	News	NaN	-1.758426308631897
617	618	pt	nya	challenge_SSA-MTE	hyp1	News	NaN	-1.758426308631897
618	619	pt	nya	challenge_SSA-MTE	hyp1	News	NaN	-1.758426308631897
619	620	pt	nya	challenge_SSA-MTE	hyp1	News	NaN	-1.758426308631897
620	621	pt	nya	challenge_SSA-MTE	hyp1	News	NaN	-1.440940499305725
621	622	pt	nya	challenge_SSA-MTE	hyp1	News	NaN	-1.440940499305725
622	623	pt	nya	challenge_SSA-MTE	hyp1	News	NaN	-1.440940499305725
623	624	pt	nya	challenge_SSA-MTE	hyp1	News	NaN	-1.440940499305725
624	625	pt	nya	challenge_SSA-MTE	hyp1	News	NaN	-1.3315715789794922
625	626	pt	nya	challenge_SSA-MTE	hyp1	News	NaN	-1.3315715789794922
626	627	pt	nya	challenge_SSA-MTE	hyp1	News	NaN	-1.3315715789794922
627	628	pt	nya	challenge_SSA-MTE	hyp1	News	NaN	-1.3315715789794922
628	629	pt	nya	challenge_SSA-MTE	hyp1	News	NaN	-0.2507938742637634
629	630	pt	nya	challenge_SSA-MTE	hyp1	News	NaN	-0.2507938742637634
630	631	pt	nya	challenge_SSA-MTE	hyp1	News	NaN	-0.2507938742637634
631	632	pt	nya	challenge_SSA-MTE	hyp1	News	NaN	-0.2507938742637634
632	633	pt	nya	challenge_SSA-MTE	hyp1	News	NaN	-0.8870015740394592
633	634	pt	nya	challenge_SSA-MTE	hyp1	News	NaN	-0.8870015740394592
634	635	pt	nya	challenge_SSA-MTE	hyp1	News	NaN	-0.8870015740394592
635	636	pt	nya	challenge_SSA-MTE	hyp1	News	NaN	-0.8870015740394592
636	637	pt	nya	challenge_SSA-MTE	hyp1	News	NaN	-0.049584973603487015
637	638	pt	nya	challenge_SSA-MTE	hyp1	News	NaN	-0.049584973603487015
638	639	pt	nya	challenge_SSA-MTE	hyp1	News	NaN	-0.04958329349756241
639	640	pt	nya	challenge_SSA-MTE	hyp1	News	NaN	-0.049584973603487015
640	641	pt	nya	challenge_SSA-MTE	hyp1	News	NaN	0.00385754881426692
641	642	pt	nya	challenge_SSA-MTE	hyp1	News	NaN	0.0038559450767934322
642	643	pt	nya	challenge_SSA-MTE	hyp1	News	NaN	0.003857386764138937
643	644	pt	nya	challenge_SSA-MTE	hyp1	News	NaN	0.003857386764138937
644	645	pt	nya	challenge_SSA-MTE	hyp1	News	NaN	-1.064993143081665
645	646	pt	nya	challenge_SSA-MTE	hyp1	News	NaN	-1.064993143081665
646	647	pt	nya	challenge_SSA-MTE	hyp1	News	NaN	-1.0649927854537964
647	648	pt	nya	challenge_SSA-MTE	hyp1	News	NaN	-1.064993143081665
648	649	pt	nya	challenge_SSA-MTE	hyp1	News	NaN	-0.43921664357185364
649	650	pt	nya	challenge_SSA-MTE	hyp1	News	NaN	-0.43921664357185364
650	651	pt	nya	challenge_SSA-MTE	hyp1	News	NaN	-0.43921664357185364
651	652	pt	nya	challenge_SSA-MTE	hyp1	News	NaN	-0.43921664357185364
652	653	pt	nya	challenge_SSA-MTE	hyp1	News	NaN	0.1894969344139099
653	654	pt	nya	challenge_SSA-MTE	hyp1	News	NaN	0.1894969344139099
654	655	pt	nya	challenge_SSA-MTE	hyp1	News	NaN	0.18949605524539948
655	656	pt	nya	challenge_SSA-MTE	hyp1	News	NaN	0.1894969344139099
656	657	pt	nya	challenge_SSA-MTE	hyp1	News	NaN	-0.5314298868179321
657	658	pt	nya	challenge_SSA-MTE	hyp1	News	NaN	-0.5314332246780396
658	659	pt	nya	challenge_SSA-MTE	hyp1	News	NaN	-0.5314298868179321
659	660	pt	nya	challenge_SSA-MTE	hyp1	News	NaN	-0.5314298868179321
660	661	pt	nya	challenge_SSA-MTE	hyp1	News	NaN	-0.3901234269142151
661	662	pt	nya	challenge_SSA-MTE	hyp1	News	NaN	-0.3901234269142151
662	663	pt	nya	challenge_SSA-MTE	hyp1	News	NaN	-0.3901234269142151
663	664	pt	nya	challenge_SSA-MTE	hyp1	News	NaN	-0.3901234269142151
664	665	pt	nya	challenge_SSA-MTE	hyp1	News	NaN	-2.1774580478668213
665	666	pt	nya	challenge_SSA-MTE	hyp1	News	NaN	-2.1774580478668213
666	667	pt	nya	challenge_SSA-MTE	hyp1	News	NaN	-2.1774580478668213
667	668	pt	nya	challenge_SSA-MTE	hyp1	News	NaN	-2.1774580478668213
668	669	pt	nya	challenge_SSA-MTE	hyp1	News	NaN	-0.8978499174118042
669	670	pt	nya	challenge_SSA-MTE	hyp1	News	NaN	-0.8978499174118042
670	671	pt	nya	challenge_SSA-MTE	hyp1	News	NaN	-0.8978499174118042
671	672	pt	nya	challenge_SSA-MTE	hyp1	News	NaN	-0.8978499174118042
672	673	pt	nya	challenge_SSA-MTE	hyp1	News	NaN	-2.233128070831299
673	674	pt	nya	challenge_SSA-MTE	hyp1	News	NaN	-2.233128070831299
674	675	pt	nya	challenge_SSA-MTE	hyp1	News	NaN	-2.233128070831299
675	676	pt	nya	challenge_SSA-MTE	hyp1	News	NaN	-2.233128547668457
676	677	pt	nya	challenge_SSA-MTE	hyp1	News	NaN	-0.9218341112136841
677	678	pt	nya	challenge_SSA-MTE	hyp1	News	NaN	-0.9218341112136841
678	679	pt	nya	challenge_SSA-MTE	hyp1	News	NaN	-0.9218341112136841
679	680	pt	nya	challenge_SSA-MTE	hyp1	News	NaN	-0.9218341112136841
680	681	pt	nya	challenge_SSA-MTE	hyp1	News	NaN	-1.6946719884872437
681	682	pt	nya	challenge_SSA-MTE	hyp1	News	NaN	-1.6946719884872437
682	683	pt	nya	challenge_SSA-MTE	hyp1	News	NaN	-1.6946719884872437
683	684	pt	nya	challenge_SSA-MTE	hyp1	News	NaN	-1.6946719884872437
684	685	pt	nya	challenge_SSA-MTE	hyp1	News	NaN	-1.6383956670761108
685	686	pt	nya	challenge_SSA-MTE	hyp1	News	NaN	-1.6383956670761108
686	687	pt	nya	challenge_SSA-MTE	hyp1	News	NaN	-1.6383956670761108
687	688	pt	nya	challenge_SSA-MTE	hyp1	News	NaN	-1.6383956670761108
688	689	pt	nya	challenge_SSA-MTE	hyp1	News	NaN	-1.733221411705017
689	690	pt	nya	challenge_SSA-MTE	hyp1	News	NaN	-1.733221411705017
690	691	pt	nya	challenge_SSA-MTE	hyp1	News	NaN	-1.733221411705017
691	692	pt	nya	challenge_SSA-MTE	hyp1	News	NaN	-1.733221411705017
692	693	pt	nya	challenge_SSA-MTE	hyp1	News	NaN	-1.4798872470855713
693	694	pt	nya	challenge_SSA-MTE	hyp1	News	NaN	-1.4798864126205444
694	695	pt	nya	challenge_SSA-MTE	hyp1	News	NaN	-1.4798864126205444
695	696	pt	nya	challenge_SSA-MTE	hyp1	News	NaN	-1.4798864126205444
696	697	pt	nya	challenge_SSA-MTE	hyp1	News	NaN	-0.4168342351913452
697	698	pt	nya	challenge_SSA-MTE	hyp1	News	NaN	-0.4168342351913452
698	699	pt	nya	challenge_SSA-MTE	hyp1	News	NaN	-0.4168342351913452
699	700	pt	nya	challenge_SSA-MTE	hyp1	News	NaN	-0.4168342351913452
700	701	pt	nya	challenge_SSA-MTE	hyp1	News	NaN	-0.7765203714370728
701	702	pt	nya	challenge_SSA-MTE	hyp1	News	NaN	-0.7765227556228638
702	703	pt	nya	challenge_SSA-MTE	hyp1	News	NaN	-0.7765203714370728
703	704	pt	nya	challenge_SSA-MTE	hyp1	News	NaN	-0.776522696018219
704	705	pt	nya	challenge_SSA-MTE	hyp1	News	NaN	-0.6681747436523438
705	706	pt	nya	challenge_SSA-MTE	hyp1	News	NaN	-0.6681747436523438
706	707	pt	nya	challenge_SSA-MTE	hyp1	News	NaN	-0.6681747436523438
707	708	pt	nya	challenge_SSA-MTE	hyp1	News	NaN	-0.6681747436523438
708	709	pt	nya	challenge_SSA-MTE	hyp1	News	NaN	-0.4620412290096283
709	710	pt	nya	challenge_SSA-MTE	hyp1	News	NaN	-0.4620412290096283
710	711	pt	nya	challenge_SSA-MTE	hyp1	News	NaN	-0.4620412290096283
711	712	pt	nya	challenge_SSA-MTE	hyp1	News	NaN	-0.4620412290096283
712	713	pt	nya	challenge_SSA-MTE	hyp1	News	NaN	-2.4354164600372314
713	714	pt	nya	challenge_SSA-MTE	hyp1	News	NaN	-2.4354164600372314
714	715	pt	nya	challenge_SSA-MTE	hyp1	News	NaN	-2.4354164600372314
715	716	pt	nya	challenge_SSA-MTE	hyp1	News	NaN	-2.4354164600372314
716	717	pt	nya	challenge_SSA-MTE	hyp1	News	NaN	-0.8911395072937012
717	718	pt	nya	challenge_SSA-MTE	hyp1	News	NaN	-0.8911395072937012
718	719	pt	nya	challenge_SSA-MTE	hyp1	News	NaN	-0.8911395072937012
719	720	pt	nya	challenge_SSA-MTE	hyp1	News	NaN	-0.8911395072937012
720	721	pt	nya	challenge_SSA-MTE	hyp1	News	NaN	-1.0260781049728394
721	722	pt	nya	challenge_SSA-MTE	hyp1	News	NaN	-1.0260781049728394
722	723	pt	nya	challenge_SSA-MTE	hyp1	News	NaN	-1.0260781049728394
723	724	pt	nya	challenge_SSA-MTE	hyp1	News	NaN	-1.0260781049728394
724	725	pt	nya	challenge_SSA-MTE	hyp1	News	NaN	-1.9858416318893433
725	726	pt	nya	challenge_SSA-MTE	hyp1	News	NaN	-1.9858416318893433
726	727	pt	nya	challenge_SSA-MTE	hyp1	News	NaN	-1.9858416318893433
727	728	pt	nya	challenge_SSA-MTE	hyp1	News	NaN	-1.9858416318893433
728	729	pt	nya	challenge_SSA-MTE	hyp1	News	NaN	-1.7604206800460815
729	730	pt	nya	challenge_SSA-MTE	hyp1	News	NaN	-1.7604206800460815
730	731	pt	nya	challenge_SSA-MTE	hyp1	News	NaN	-1.7604206800460815
731	732	pt	nya	challenge_SSA-MTE	hyp1	News	NaN	-1.7604206800460815
732	733	pt	nya	challenge_SSA-MTE	hyp1	News	NaN	-0.3216003179550171
733	734	pt	nya	challenge_SSA-MTE	hyp1	News	NaN	-0.3216015100479126
734	735	pt	nya	challenge_SSA-MTE	hyp1	News	NaN	-0.3216003179550171
735	736	pt	nya	challenge_SSA-MTE	hyp1	News	NaN	-1.7234668731689453
736	737	pt	nya	challenge_SSA-MTE	hyp1	News	NaN	-1.7234668731689453
737	738	pt	nya	challenge_SSA-MTE	hyp1	News	NaN	-1.7234668731689453
738	739	pt	nya	challenge_SSA-MTE	hyp1	News	NaN	-1.7234668731689453
739	740	pt	nya	challenge_SSA-MTE	hyp1	News	NaN	-1.6866118907928467
740	741	pt	nya	challenge_SSA-MTE	hyp1	News	NaN	-1.6866118907928467
741	742	pt	nya	challenge_SSA-MTE	hyp1	News	NaN	-1.6866118907928467
742	743	pt	nya	challenge_SSA-MTE	hyp1	News	NaN	-1.6866118907928467
743	744	pt	nya	challenge_SSA-MTE	hyp1	News	NaN	-0.3341907560825348
744	745	pt	nya	challenge_SSA-MTE	hyp1	News	NaN	-0.3341907560825348
745	746	pt	nya	challenge_SSA-MTE	hyp1	News	NaN	-0.3341907560825348
746	747	pt	nya	challenge_SSA-MTE	hyp1	News	NaN	-0.334189236164093
747	748	pt	nya	challenge_SSA-MTE	hyp1	News	NaN	-1.4415751695632935
748	749	pt	nya	challenge_SSA-MTE	hyp1	News	NaN	-1.4415751695632935
749	750	pt	nya	challenge_SSA-MTE	hyp1	News	NaN	-1.4415751695632935
750	751	pt	nya	challenge_SSA-MTE	hyp1	News	NaN	-1.4415751695632935
751	752	pt	nya	challenge_SSA-MTE	hyp1	News	NaN	-2.0313737392425537
752	753	pt	nya	challenge_SSA-MTE	hyp1	News	NaN	-2.0313737392425537
753	754	pt	nya	challenge_SSA-MTE	hyp1	News	NaN	-2.0313737392425537
754	755	pt	nya	challenge_SSA-MTE	hyp1	News	NaN	-2.0313737392425537
755	756	pt	nya	challenge_SSA-MTE	hyp1	News	NaN	-0.5545654892921448
756	757	pt	nya	challenge_SSA-MTE	hyp1	News	NaN	-0.5545654892921448
757	758	pt	nya	challenge_SSA-MTE	hyp1	News	NaN	-0.5545654892921448
758	759	pt	nya	challenge_SSA-MTE	hyp1	News	NaN	-0.5545654892921448
759	760	pt	nya	challenge_SSA-MTE	hyp1	News	NaN	-1.4449743032455444
760	761	pt	nya	challenge_SSA-MTE	hyp1	News	NaN	-1.4449743032455444
761	762	pt	nya	challenge_SSA-MTE	hyp1	News	NaN	-1.4449743032455444
762	763	pt	nya	challenge_SSA-MTE	hyp1	News	NaN	-1.4449743032455444
763	764	pt	nya	challenge_SSA-MTE	hyp1	News	NaN	-1.548732042312622
764	765	pt	nya	challenge_SSA-MTE	hyp1	News	NaN	-1.548732042312622
765	766	pt	nya	challenge_SSA-MTE	hyp1	News	NaN	-1.548732042312622
766	767	pt	nya	challenge_SSA-MTE	hyp1	News	NaN	-1.548732042312622
767	768	pt	nya	challenge_SSA-MTE	hyp1	News	NaN	-1.2465660572052002
768	769	pt	nya	challenge_SSA-MTE	hyp1	News	NaN	-1.2465660572052002
769	770	pt	nya	challenge_SSA-MTE	hyp1	News	NaN	-1.2465660572052002
770	771	pt	nya	challenge_SSA-MTE	hyp1	News	NaN	-1.2465660572052002
771	772	pt	nya	challenge_SSA-MTE	hyp1	News	NaN	-2.098407030105591
772	773	pt	nya	challenge_SSA-MTE	hyp1	News	NaN	-2.098407030105591
773	774	pt	nya	challenge_SSA-MTE	hyp1	News	NaN	-2.098407030105591
774	775	pt	nya	challenge_SSA-MTE	hyp1	News	NaN	-2.098407030105591
775	776	pt	nya	challenge_SSA-MTE	hyp1	News	NaN	-1.2323646545410156
776	777	pt	nya	challenge_SSA-MTE	hyp1	News	NaN	-1.2323646545410156
777	778	pt	nya	challenge_SSA-MTE	hyp1	News	NaN	-1.2323646545410156
778	779	pt	nya	challenge_SSA-MTE	hyp1	News	NaN	-1.2323646545410156
779	780	pt	nya	challenge_SSA-MTE	hyp1	News	NaN	-1.875672459602356
780	781	pt	nya	challenge_SSA-MTE	hyp1	News	NaN	-1.875672459602356
781	782	pt	nya	challenge_SSA-MTE	hyp1	News	NaN	-1.8756791353225708
782	783	pt	nya	challenge_SSA-MTE	hyp1	News	NaN	-1.875672459602356
783	784	pt	nya	challenge_SSA-MTE	hyp1	News	NaN	0.24585361778736115
784	785	pt	nya	challenge_SSA-MTE	hyp1	News	NaN	0.24585361778736115
785	786	pt	nya	challenge_SSA-MTE	hyp1	News	NaN	0.24585361778736115
786	787	pt	nya	challenge_SSA-MTE	hyp1	News	NaN	0.24585361778736115
787	788	pt	nya	challenge_SSA-MTE	hyp1	News	NaN	-0.828815221786499
788	789	pt	nya	challenge_SSA-MTE	hyp1	News	NaN	-0.828819751739502
789	790	pt	nya	challenge_SSA-MTE	hyp1	News	NaN	-0.828819751739502
790	791	pt	nya	challenge_SSA-MTE	hyp1	News	NaN	-0.828815221786499
791	792	pt	nya	challenge_SSA-MTE	hyp1	News	NaN	-1.5165303945541382
792	793	pt	nya	challenge_SSA-MTE	hyp1	News	NaN	-1.5165303945541382
793	794	pt	nya	challenge_SSA-MTE	hyp1	News	NaN	-1.5165303945541382
794	795	pt	nya	challenge_SSA-MTE	hyp1	News	NaN	-1.5165303945541382
795	796	pt	nya	challenge_SSA-MTE	hyp1	News	NaN	-2.2972724437713623
796	797	pt	nya	challenge_SSA-MTE	hyp1	News	NaN	-2.2972724437713623
797	798	pt	nya	challenge_SSA-MTE	hyp1	News	NaN	-2.2972724437713623
798	799	pt	nya	challenge_SSA-MTE	hyp1	News	NaN	-2.2972724437713623
799	800	pt	nya	challenge_SSA-MTE	hyp1	News	NaN	-0.731890082359314
800	801	pt	nya	challenge_SSA-MTE	hyp1	News	NaN	-0.7318892478942871
801	802	pt	nya	challenge_SSA-MTE	hyp1	News	NaN	-0.731890082359314
802	803	pt	nya	challenge_SSA-MTE	hyp1	News	NaN	-0.731890082359314
803	804	pt	nya	challenge_SSA-MTE	hyp1	News	NaN	-1.498785138130188
804	805	pt	nya	challenge_SSA-MTE	hyp1	News	NaN	-1.498785138130188
805	806	pt	nya	challenge_SSA-MTE	hyp1	News	NaN	-1.498785138130188
806	807	pt	nya	challenge_SSA-MTE	hyp1	News	NaN	-1.498785138130188
807	808	pt	nya	challenge_SSA-MTE	hyp1	News	NaN	-0.25432348251342773
808	809	pt	nya	challenge_SSA-MTE	hyp1	News	NaN	-0.25432348251342773
809	810	pt	nya	challenge_SSA-MTE	hyp1	News	NaN	-0.25432348251342773
810	811	pt	nya	challenge_SSA-MTE	hyp1	News	NaN	-0.25432348251342773
811	812	pt	nya	challenge_SSA-MTE	hyp1	News	NaN	-1.9681713581085205
812	813	pt	nya	challenge_SSA-MTE	hyp1	News	NaN	-1.9681713581085205
813	814	pt	nya	challenge_SSA-MTE	hyp1	News	NaN	-1.9681713581085205
814	815	pt	nya	challenge_SSA-MTE	hyp1	News	NaN	-1.9681713581085205
815	816	pt	nya	challenge_SSA-MTE	hyp1	News	NaN	-0.09237315505743027
816	817	pt	nya	challenge_SSA-MTE	hyp1	News	NaN	-0.09237315505743027
817	818	pt	nya	challenge_SSA-MTE	hyp1	News	NaN	-0.09237315505743027
818	819	pt	nya	challenge_SSA-MTE	hyp1	News	NaN	-0.09237315505743027
819	820	pt	nya	challenge_SSA-MTE	hyp1	News	NaN	-2.1482536792755127
820	821	pt	nya	challenge_SSA-MTE	hyp1	News	NaN	-2.1482536792755127
821	822	pt	nya	challenge_SSA-MTE	hyp1	News	NaN	-2.1482536792755127
822	823	pt	nya	challenge_SSA-MTE	hyp1	News	NaN	-2.1482536792755127
823	824	pt	nya	challenge_SSA-MTE	hyp1	News	NaN	-1.7922528982162476
824	825	pt	nya	challenge_SSA-MTE	hyp1	News	NaN	-1.7922508716583252
825	826	pt	nya	challenge_SSA-MTE	hyp1	News	NaN	-1.7922508716583252
826	827	pt	nya	challenge_SSA-MTE	hyp1	News	NaN	-1.7922508716583252
827	828	pt	nya	challenge_SSA-MTE	hyp1	News	NaN	-1.9192265272140503
828	829	pt	nya	challenge_SSA-MTE	hyp1	News	NaN	-1.9192265272140503
829	830	pt	nya	challenge_SSA-MTE	hyp1	News	NaN	-1.9192265272140503
830	831	pt	nya	challenge_SSA-MTE	hyp1	News	NaN	-1.9192265272140503
831	832	pt	nya	challenge_SSA-MTE	hyp1	News	NaN	-2.0773942470550537
832	833	pt	nya	challenge_SSA-MTE	hyp1	News	NaN	-2.0773942470550537
833	834	pt	nya	challenge_SSA-MTE	hyp1	News	NaN	-2.0773942470550537
834	835	pt	nya	challenge_SSA-MTE	hyp1	News	NaN	-2.0773942470550537
835	836	pt	nya	challenge_SSA-MTE	hyp1	News	NaN	-0.8364623785018921
836	837	pt	nya	challenge_SSA-MTE	hyp1	News	NaN	-0.8364623785018921
837	838	pt	nya	challenge_SSA-MTE	hyp1	News	NaN	-0.8364619612693787
838	839	pt	nya	challenge_SSA-MTE	hyp1	News	NaN	-0.8364619612693787
839	840	pt	nya	challenge_SSA-MTE	hyp1	News	NaN	-1.9258886575698853
840	841	pt	nya	challenge_SSA-MTE	hyp1	News	NaN	-1.9258886575698853
841	842	pt	nya	challenge_SSA-MTE	hyp1	News	NaN	-1.925889015197754
842	843	pt	nya	challenge_SSA-MTE	hyp1	News	NaN	-1.9258886575698853
843	844	pt	nya	challenge_SSA-MTE	hyp1	News	NaN	-1.043302059173584
844	845	pt	nya	challenge_SSA-MTE	hyp1	News	NaN	-1.043302059173584
845	846	pt	nya	challenge_SSA-MTE	hyp1	News	NaN	-1.043302059173584
846	847	pt	nya	challenge_SSA-MTE	hyp1	News	NaN	-1.0433014631271362
847	848	pt	nya	challenge_SSA-MTE	hyp1	News	NaN	-1.1098804473876953
848	849	pt	nya	challenge_SSA-MTE	hyp1	News	NaN	-1.1098804473876953
849	850	pt	nya	challenge_SSA-MTE	hyp1	News	NaN	-1.1098804473876953
850	851	pt	nya	challenge_SSA-MTE	hyp1	News	NaN	-1.1098804473876953
851	852	pt	nya	challenge_SSA-MTE	hyp1	News	NaN	-2.1672003269195557
852	853	pt	nya	challenge_SSA-MTE	hyp1	News	NaN	-2.1672003269195557
853	854	pt	nya	challenge_SSA-MTE	hyp1	News	NaN	-2.1672003269195557
854	855	pt	nya	challenge_SSA-MTE	hyp1	News	NaN	-2.1672003269195557
855	856	pt	nya	challenge_SSA-MTE	hyp1	News	NaN	-1.9252926111221313
856	857	pt	nya	challenge_SSA-MTE	hyp1	News	NaN	-1.9252926111221313
857	858	pt	nya	challenge_SSA-MTE	hyp1	News	NaN	-1.9252926111221313
858	859	pt	nya	challenge_SSA-MTE	hyp1	News	NaN	-1.9252926111221313
859	860	pt	nya	challenge_SSA-MTE	hyp1	News	NaN	-1.0400422811508179
860	861	pt	nya	challenge_SSA-MTE	hyp1	News	NaN	-1.0400422811508179
861	862	pt	nya	challenge_SSA-MTE	hyp1	News	NaN	-1.0400422811508179
862	863	pt	nya	challenge_SSA-MTE	hyp1	News	NaN	-1.0400422811508179
863	864	pt	nya	challenge_SSA-MTE	hyp1	News	NaN	-1.7996737957000732
864	865	pt	nya	challenge_SSA-MTE	hyp1	News	NaN	-1.7996737957000732
865	866	pt	nya	challenge_SSA-MTE	hyp1	News	NaN	-1.7996737957000732
866	867	pt	nya	challenge_SSA-MTE	hyp1	News	NaN	-1.7996737957000732
867	868	pt	nya	challenge_SSA-MTE	hyp1	News	NaN	-1.5856684446334839
868	869	pt	nya	challenge_SSA-MTE	hyp1	News	NaN	-1.5856684446334839
869	870	pt	nya	challenge_SSA-MTE	hyp1	News	NaN	-1.5856684446334839
870	871	pt	nya	challenge_SSA-MTE	hyp1	News	NaN	-1.8275097608566284
871	872	pt	nya	challenge_SSA-MTE	hyp1	News	NaN	-1.8275097608566284
872	873	pt	nya	challenge_SSA-MTE	hyp1	News	NaN	-1.8275097608566284
873	874	pt	nya	challenge_SSA-MTE	hyp1	News	NaN	-1.8275097608566284
874	875	pt	nya	challenge_SSA-MTE	hyp1	News	NaN	-2.357370138168335
875	876	pt	nya	challenge_SSA-MTE	hyp1	News	NaN	-2.357370138168335
876	877	pt	nya	challenge_SSA-MTE	hyp1	News	NaN	-2.357370138168335
877	878	pt	nya	challenge_SSA-MTE	hyp1	News	NaN	-2.357370138168335
878	879	pt	nya	challenge_SSA-MTE	hyp1	News	NaN	-0.5798887610435486
879	880	pt	nya	challenge_SSA-MTE	hyp1	News	NaN	-0.5798887610435486
880	881	pt	nya	challenge_SSA-MTE	hyp1	News	NaN	-0.5798887610435486
881	882	pt	nya	challenge_SSA-MTE	hyp1	News	NaN	-0.5798887610435486
882	883	pt	nya	challenge_SSA-MTE	hyp1	News	NaN	-2.176809072494507
883	884	pt	nya	challenge_SSA-MTE	hyp1	News	NaN	-2.176809072494507
884	885	pt	nya	challenge_SSA-MTE	hyp1	News	NaN	-2.176809072494507
885	886	pt	nya	challenge_SSA-MTE	hyp1	News	NaN	-2.176809072494507
886	887	pt	nya	challenge_SSA-MTE	hyp1	News	NaN	-0.7777160406112671
887	888	pt	nya	challenge_SSA-MTE	hyp1	News	NaN	-0.7777160406112671
888	889	pt	nya	challenge_SSA-MTE	hyp1	News	NaN	-0.7777160406112671
889	890	pt	nya	challenge_SSA-MTE	hyp1	News	NaN	-0.7777160406112671
890	891	pt	nya	challenge_SSA-MTE	hyp1	News	NaN	-1.1246166229248047
891	892	pt	nya	challenge_SSA-MTE	hyp1	News	NaN	-1.1246166229248047
892	893	pt	nya	challenge_SSA-MTE	hyp1	News	NaN	-1.1246166229248047
893	894	pt	nya	challenge_SSA-MTE	hyp1	News	NaN	-1.1246166229248047
894	895	pt	nya	challenge_SSA-MTE	hyp1	News	NaN	-1.9044865369796753
895	896	pt	nya	challenge_SSA-MTE	hyp1	News	NaN	-1.9044865369796753
896	897	pt	nya	challenge_SSA-MTE	hyp1	News	NaN	-1.9044865369796753
897	898	pt	nya	challenge_SSA-MTE	hyp1	News	NaN	-1.9044865369796753
898	899	pt	nya	challenge_SSA-MTE	hyp1	News	NaN	-1.4159488677978516
899	900	pt	nya	challenge_SSA-MTE	hyp1	News	NaN	-1.4159488677978516
900	901	pt	nya	challenge_SSA-MTE	hyp1	News	NaN	-1.4159488677978516
901	902	pt	nya	challenge_SSA-MTE	hyp1	News	NaN	-1.4159488677978516
902	903	pt	nya	challenge_SSA-MTE	hyp1	News	NaN	-1.6080657243728638
903	904	pt	nya	challenge_SSA-MTE	hyp1	News	NaN	-1.6080657243728638
904	905	pt	nya	challenge_SSA-MTE	hyp1	News	NaN	-1.6080657243728638
905	906	pt	nya	challenge_SSA-MTE	hyp1	News	NaN	-1.6080657243728638
906	907	pt	nya	challenge_SSA-MTE	hyp1	News	NaN	-0.8872632384300232
907	908	pt	nya	challenge_SSA-MTE	hyp1	News	NaN	-0.8872632384300232
908	909	pt	nya	challenge_SSA-MTE	hyp1	News	NaN	-0.8872632384300232
909	910	pt	nya	challenge_SSA-MTE	hyp1	News	NaN	-0.8872632384300232
910	911	pt	nya	challenge_SSA-MTE	hyp1	News	NaN	-1.3274016380310059
911	912	pt	nya	challenge_SSA-MTE	hyp1	News	NaN	-1.3274003267288208
912	913	pt	nya	challenge_SSA-MTE	hyp1	News	NaN	-1.3274016380310059
913	914	pt	nya	challenge_SSA-MTE	hyp1	News	NaN	-1.3274016380310059
914	915	pt	nya	challenge_SSA-MTE	hyp1	News	NaN	-1.1103872060775757
915	916	pt	nya	challenge_SSA-MTE	hyp1	News	NaN	-1.1103872060775757
916	917	pt	nya	challenge_SSA-MTE	hyp1	News	NaN	-1.1103872060775757
917	918	pt	nya	challenge_SSA-MTE	hyp1	News	NaN	-1.1103872060775757
918	919	pt	nya	challenge_SSA-MTE	hyp1	News	NaN	-2.201215982437134
919	920	pt	nya	challenge_SSA-MTE	hyp1	News	NaN	-2.201215982437134
920	921	pt	nya	challenge_SSA-MTE	hyp1	News	NaN	-2.201215982437134
921	922	pt	nya	challenge_SSA-MTE	hyp1	News	NaN	-2.201215982437134
922	923	pt	nya	challenge_SSA-MTE	hyp1	News	NaN	-0.47329655289649963
923	924	pt	nya	challenge_SSA-MTE	hyp1	News	NaN	-0.47329655289649963
924	925	pt	nya	challenge_SSA-MTE	hyp1	News	NaN	-0.47329655289649963
925	926	pt	nya	challenge_SSA-MTE	hyp1	News	NaN	-0.47329655289649963
926	927	pt	nya	challenge_SSA-MTE	hyp1	News	NaN	-0.5839160680770874
927	928	pt	nya	challenge_SSA-MTE	hyp1	News	NaN	-0.5839160680770874
928	929	pt	nya	challenge_SSA-MTE	hyp1	News	NaN	-0.5839160680770874
929	930	pt	nya	challenge_SSA-MTE	hyp1	News	NaN	-0.5839160680770874
930	931	pt	nya	challenge_SSA-MTE	hyp1	News	NaN	-0.4069177210330963
931	932	pt	nya	challenge_SSA-MTE	hyp1	News	NaN	-0.4069177210330963
932	933	pt	nya	challenge_SSA-MTE	hyp1	News	NaN	-0.4069177210330963
933	934	pt	nya	challenge_SSA-MTE	hyp1	News	NaN	-0.4069177210330963
934	935	pt	nya	challenge_SSA-MTE	hyp1	News	NaN	-2.03688907623291
935	936	pt	nya	challenge_SSA-MTE	hyp1	News	NaN	-2.03688907623291
936	937	pt	nya	challenge_SSA-MTE	hyp1	News	NaN	-2.03688907623291
937	938	pt	nya	challenge_SSA-MTE	hyp1	News	NaN	-2.03688907623291
938	939	pt	nya	challenge_SSA-MTE	hyp1	News	NaN	-1.7076834440231323
939	940	pt	nya	challenge_SSA-MTE	hyp1	News	NaN	-1.7076793909072876
940	941	pt	nya	challenge_SSA-MTE	hyp1	News	NaN	-1.7076793909072876
941	942	pt	nya	challenge_SSA-MTE	hyp1	News	NaN	-1.7076793909072876
942	943	pt	nya	challenge_SSA-MTE	hyp1	News	NaN	-1.7146457433700562
943	944	pt	nya	challenge_SSA-MTE	hyp1	News	NaN	-1.7146457433700562
944	945	pt	nya	challenge_SSA-MTE	hyp1	News	NaN	-1.7146457433700562
945	946	pt	nya	challenge_SSA-MTE	hyp1	News	NaN	-1.7146457433700562
946	947	pt	nya	challenge_SSA-MTE	hyp1	News	NaN	0.21241560578346252
947	948	pt	nya	challenge_SSA-MTE	hyp1	News	NaN	0.21241560578346252
948	949	pt	nya	challenge_SSA-MTE	hyp1	News	NaN	0.21241560578346252
949	950	pt	nya	challenge_SSA-MTE	hyp1	News	NaN	0.21241560578346252
950	951	pt	nya	challenge_SSA-MTE	hyp1	News	NaN	-1.659150242805481
951	952	pt	nya	challenge_SSA-MTE	hyp1	News	NaN	-1.659150242805481
952	953	pt	nya	challenge_SSA-MTE	hyp1	News	NaN	-1.659150242805481
953	954	pt	nya	challenge_SSA-MTE	hyp1	News	NaN	-1.659150242805481
954	955	pt	nya	challenge_SSA-MTE	hyp1	News	NaN	-2.3762004375457764
955	956	pt	nya	challenge_SSA-MTE	hyp1	News	NaN	-2.3762004375457764
956	957	pt	nya	challenge_SSA-MTE	hyp1	News	NaN	-2.3762004375457764
957	958	pt	nya	challenge_SSA-MTE	hyp1	News	NaN	-2.3762004375457764
958	959	pt	nya	challenge_SSA-MTE	hyp1	News	NaN	0.3412803113460541
959	960	pt	nya	challenge_SSA-MTE	hyp1	News	NaN	0.3412803113460541
960	961	pt	nya	challenge_SSA-MTE	hyp1	News	NaN	0.3412803113460541
961	962	pt	nya	challenge_SSA-MTE	hyp1	News	NaN	0.3412803113460541
962	963	pt	nya	challenge_SSA-MTE	hyp1	News	NaN	-0.6920949220657349
963	964	pt	nya	challenge_SSA-MTE	hyp1	News	NaN	-0.6920949220657349
964	965	pt	nya	challenge_SSA-MTE	hyp1	News	NaN	-0.6920949220657349
965	966	pt	nya	challenge_SSA-MTE	hyp1	News	NaN	-0.6920949220657349
966	967	pt	nya	challenge_SSA-MTE	hyp1	News	NaN	-2.2568185329437256
967	968	pt	nya	challenge_SSA-MTE	hyp1	News	NaN	-2.2568185329437256
968	969	pt	nya	challenge_SSA-MTE	hyp1	News	NaN	-2.2568185329437256
969	970	pt	nya	challenge_SSA-MTE	hyp1	News	NaN	-2.2568185329437256
970	971	pt	nya	challenge_SSA-MTE	hyp1	News	NaN	-2.414759874343872
971	972	pt	nya	challenge_SSA-MTE	hyp1	News	NaN	-2.414759874343872
972	973	pt	nya	challenge_SSA-MTE	hyp1	News	NaN	-2.414759874343872
973	974	pt	nya	challenge_SSA-MTE	hyp1	News	NaN	-2.414759874343872
974	975	pt	nya	challenge_SSA-MTE	hyp1	News	NaN	-1.9517217874526978
975	976	pt	nya	challenge_SSA-MTE	hyp1	News	NaN	-1.9517234563827515
976	977	pt	nya	challenge_SSA-MTE	hyp1	News	NaN	-1.9517234563827515
977	978	pt	nya	challenge_SSA-MTE	hyp1	News	NaN	-1.9517217874526978
978	979	pt	nya	challenge_SSA-MTE	hyp1	News	NaN	-1.0575193166732788
979	980	pt	nya	challenge_SSA-MTE	hyp1	News	NaN	-1.0575193166732788
980	981	pt	nya	challenge_SSA-MTE	hyp1	News	NaN	-1.0575193166732788
981	982	pt	nya	challenge_SSA-MTE	hyp1	News	NaN	-1.0575193166732788
982	983	pt	nya	challenge_SSA-MTE	hyp1	News	NaN	-1.3504304885864258
983	984	pt	nya	challenge_SSA-MTE	hyp1	News	NaN	-1.3504304885864258
984	985	pt	nya	challenge_SSA-MTE	hyp1	News	NaN	-1.3504304885864258
985	986	pt	nya	challenge_SSA-MTE	hyp1	News	NaN	-1.3504304885864258
986	987	pt	nya	challenge_SSA-MTE	hyp1	News	NaN	-2.137733221054077
987	988	pt	nya	challenge_SSA-MTE	hyp1	News	NaN	-2.137733221054077
988	989	pt	nya	challenge_SSA-MTE	hyp1	News	NaN	-2.137733221054077
989	990	pt	nya	challenge_SSA-MTE	hyp1	News	NaN	-2.137733221054077
990	991	pt	nya	challenge_SSA-MTE	hyp1	News	NaN	-1.3959015607833862
991	992	pt	nya	challenge_SSA-MTE	hyp1	News	NaN	-1.3959015607833862
992	993	pt	nya	challenge_SSA-MTE	hyp1	News	NaN	-1.3959015607833862
993	994	pt	nya	challenge_SSA-MTE	hyp1	News	NaN	-1.3959015607833862
994	995	pt	nya	challenge_SSA-MTE	hyp1	News	NaN	-0.8968969583511353
995	996	pt	nya	challenge_SSA-MTE	hyp1	News	NaN	-0.8968969583511353
996	997	pt	nya	challenge_SSA-MTE	hyp1	News	NaN	-0.8968972563743591
997	998	pt	nya	challenge_SSA-MTE	hyp1	News	NaN	-0.8968969583511353
998	999	pt	nya	challenge_SSA-MTE	hyp1	News	NaN	-1.6465669870376587
999	1000	pt	nya	challenge_SSA-MTE	hyp1	News	NaN	-1.6465669870376587
1000	1001	pt	nya	challenge_SSA-MTE	hyp1	News	NaN	-1.6465669870376587
1001	1002	pt	nya	challenge_SSA-MTE	hyp1	News	NaN	-1.6465669870376587
1002	1003	pt	nya	challenge_SSA-MTE	hyp1	News	NaN	-1.0551453828811646
1003	1004	pt	nya	challenge_SSA-MTE	hyp1	News	NaN	-1.0551453828811646
1004	1005	pt	nya	challenge_SSA-MTE	hyp1	News	NaN	-1.055141806602478
1005	1006	pt	nya	challenge_SSA-MTE	hyp1	News	NaN	-1.0551453828811646
1006	1007	pt	nya	challenge_SSA-MTE	hyp1	News	NaN	-1.0961248874664307
1007	1008	pt	nya	challenge_SSA-MTE	hyp1	News	NaN	-1.0961248874664307
1008	1009	pt	nya	challenge_SSA-MTE	hyp1	News	NaN	-1.0961248874664307
1009	1010	pt	nya	challenge_SSA-MTE	hyp1	News	NaN	-1.0961248874664307
1010	1011	pt	nya	challenge_SSA-MTE	hyp1	News	NaN	-0.5190902352333069
1011	1012	pt	nya	challenge_SSA-MTE	hyp1	News	NaN	-0.5190902352333069
1012	1013	pt	nya	challenge_SSA-MTE	hyp1	News	NaN	-0.5190902352333069
1013	1014	pt	nya	challenge_SSA-MTE	hyp1	News	NaN	-0.5190902352333069
1014	1015	pt	nya	challenge_SSA-MTE	hyp1	News	NaN	-1.852150321006775
1015	1016	pt	nya	challenge_SSA-MTE	hyp1	News	NaN	-1.8521491289138794
1016	1017	pt	nya	challenge_SSA-MTE	hyp1	News	NaN	-1.852150321006775
1017	1018	pt	nya	challenge_SSA-MTE	hyp1	News	NaN	-1.8521491289138794
1018	1019	pt	nya	challenge_SSA-MTE	hyp1	News	NaN	-0.8688280582427979
1019	1020	pt	nya	challenge_SSA-MTE	hyp1	News	NaN	-0.8688279390335083
1020	1021	pt	nya	challenge_SSA-MTE	hyp1	News	NaN	-0.8688280582427979
1021	1022	pt	nya	challenge_SSA-MTE	hyp1	News	NaN	-0.8688280582427979
1022	1023	pt	nya	challenge_SSA-MTE	hyp1	News	NaN	-2.155914068222046
1023	1024	pt	nya	challenge_SSA-MTE	hyp1	News	NaN	-2.155914068222046
1024	1025	pt	nya	challenge_SSA-MTE	hyp1	News	NaN	-2.155914068222046
1025	1026	pt	nya	challenge_SSA-MTE	hyp1	News	NaN	-2.155914068222046
1026	1027	pt	nya	challenge_SSA-MTE	hyp1	News	NaN	-1.695799469947815
1027	1028	pt	nya	challenge_SSA-MTE	hyp1	News	NaN	-1.695799469947815
1028	1029	pt	nya	challenge_SSA-MTE	hyp1	News	NaN	-1.695799469947815
1029	1030	pt	nya	challenge_SSA-MTE	hyp1	News	NaN	-1.695799469947815
1030	1031	pt	nya	challenge_SSA-MTE	hyp1	News	NaN	-1.8649797439575195
1031	1032	pt	nya	challenge_SSA-MTE	hyp1	News	NaN	-1.8649797439575195
1032	1033	pt	nya	challenge_SSA-MTE	hyp1	News	NaN	-1.8649797439575195
1033	1034	pt	nya	challenge_SSA-MTE	hyp1	News	NaN	-1.8649797439575195
1034	1035	pt	nya	challenge_SSA-MTE	hyp1	News	NaN	-1.5211812257766724
1035	1036	pt	nya	challenge_SSA-MTE	hyp1	News	NaN	-1.5211812257766724
1036	1037	pt	nya	challenge_SSA-MTE	hyp1	News	NaN	-1.5211812257766724
1037	1038	pt	nya	challenge_SSA-MTE	hyp1	News	NaN	-1.5211812257766724
1038	1039	pt	nya	challenge_SSA-MTE	hyp1	News	NaN	-0.5122809410095215
1039	1040	pt	nya	challenge_SSA-MTE	hyp1	News	NaN	-0.5122809410095215
1040	1041	pt	nya	challenge_SSA-MTE	hyp1	News	NaN	-0.5122809410095215
1041	1042	pt	nya	challenge_SSA-MTE	hyp1	News	NaN	-0.5122809410095215
1042	1043	pt	nya	challenge_SSA-MTE	hyp1	News	NaN	-0.8272308707237244
1043	1044	pt	nya	challenge_SSA-MTE	hyp1	News	NaN	-0.8272308707237244
1044	1045	pt	nya	challenge_SSA-MTE	hyp1	News	NaN	-0.8272308707237244
1045	1046	pt	nya	challenge_SSA-MTE	hyp1	News	NaN	-0.8272308707237244
1046	1047	pt	nya	challenge_SSA-MTE	hyp1	News	NaN	-1.211138129234314
1047	1048	pt	nya	challenge_SSA-MTE	hyp1	News	NaN	-1.211138129234314
1048	1049	pt	nya	challenge_SSA-MTE	hyp1	News	NaN	-1.211138129234314
1049	1050	pt	nya	challenge_SSA-MTE	hyp1	News	NaN	-1.211138129234314
1050	1051	pt	nya	challenge_SSA-MTE	hyp1	News	NaN	-1.0036816596984863
1051	1052	pt	nya	challenge_SSA-MTE	hyp1	News	NaN	-1.0036858320236206
1052	1053	pt	nya	challenge_SSA-MTE	hyp1	News	NaN	-1.0036816596984863
1053	1054	pt	nya	challenge_SSA-MTE	hyp1	News	NaN	-1.0036816596984863
1054	1055	pt	nya	challenge_SSA-MTE	hyp1	News	NaN	-0.8354043960571289
1055	1056	pt	nya	challenge_SSA-MTE	hyp1	News	NaN	-0.8354043960571289
1056	1057	pt	nya	challenge_SSA-MTE	hyp1	News	NaN	-0.8354043960571289
1057	1058	pt	nya	challenge_SSA-MTE	hyp1	News	NaN	-0.8354043960571289
1058	1059	pt	nya	challenge_SSA-MTE	hyp1	News	NaN	-1.3127893209457397
1059	1060	pt	nya	challenge_SSA-MTE	hyp1	News	NaN	-1.3127893209457397
1060	1061	pt	nya	challenge_SSA-MTE	hyp1	News	NaN	-1.3127893209457397
1061	1062	pt	nya	challenge_SSA-MTE	hyp1	News	NaN	-1.3127893209457397
1062	1063	pt	nya	challenge_SSA-MTE	hyp1	News	NaN	-0.7847305536270142
1063	1064	pt	nya	challenge_SSA-MTE	hyp1	News	NaN	-0.7847305536270142
1064	1065	pt	nya	challenge_SSA-MTE	hyp1	News	NaN	-0.7847305536270142
1065	1066	pt	nya	challenge_SSA-MTE	hyp1	News	NaN	-0.7847305536270142
1066	1067	pt	nya	challenge_SSA-MTE	hyp1	News	NaN	-0.18169653415679932
1067	1068	pt	nya	challenge_SSA-MTE	hyp1	News	NaN	-0.18169653415679932
1068	1069	pt	nya	challenge_SSA-MTE	hyp1	News	NaN	-0.18169653415679932
1069	1070	pt	nya	challenge_SSA-MTE	hyp1	News	NaN	-0.18169653415679932
1070	1071	pt	nya	challenge_SSA-MTE	hyp1	News	NaN	-2.0699589252471924
1071	1072	pt	nya	challenge_SSA-MTE	hyp1	News	NaN	-2.0699589252471924
1072	1073	pt	nya	challenge_SSA-MTE	hyp1	News	NaN	-2.0699589252471924
1073	1074	pt	nya	challenge_SSA-MTE	hyp1	News	NaN	-2.0699589252471924
1074	1075	pt	nya	challenge_SSA-MTE	hyp1	News	NaN	-1.2489641904830933
1075	1076	pt	nya	challenge_SSA-MTE	hyp1	News	NaN	-1.2489641904830933
1076	1077	pt	nya	challenge_SSA-MTE	hyp1	News	NaN	-1.2489641904830933
1077	1078	pt	nya	challenge_SSA-MTE	hyp1	News	NaN	-1.2489641904830933
1078	1079	pt	nya	challenge_SSA-MTE	hyp1	News	NaN	-0.924142062664032
1079	1080	pt	nya	challenge_SSA-MTE	hyp1	News	NaN	-0.924142062664032
1080	1081	pt	nya	challenge_SSA-MTE	hyp1	News	NaN	-0.9241410493850708
1081	1082	pt	nya	challenge_SSA-MTE	hyp1	News	NaN	-0.9241424202919006
1082	1083	pt	nya	challenge_SSA-MTE	hyp1	News	NaN	-0.5552148222923279
1083	1084	pt	nya	challenge_SSA-MTE	hyp1	News	NaN	-0.555213212966919
1084	1085	pt	nya	challenge_SSA-MTE	hyp1	News	NaN	-0.5552142262458801
1085	1086	pt	nya	challenge_SSA-MTE	hyp1	News	NaN	-0.555213212966919
1086	1087	pt	nya	challenge_SSA-MTE	hyp1	News	NaN	-2.031830310821533
1087	1088	pt	nya	challenge_SSA-MTE	hyp1	News	NaN	-2.031830310821533
1088	1089	pt	nya	challenge_SSA-MTE	hyp1	News	NaN	-2.031830310821533
1089	1090	pt	nya	challenge_SSA-MTE	hyp1	News	NaN	-2.031830310821533
1090	1091	pt	nya	challenge_SSA-MTE	hyp1	News	NaN	-1.4290742874145508
1091	1092	pt	nya	challenge_SSA-MTE	hyp1	News	NaN	-1.4290735721588135
1092	1093	pt	nya	challenge_SSA-MTE	hyp1	News	NaN	-1.4290735721588135
1093	1094	pt	nya	challenge_SSA-MTE	hyp1	News	NaN	-1.4290742874145508
1094	1095	pt	nya	challenge_SSA-MTE	hyp1	News	NaN	-1.8044382333755493
1095	1096	pt	nya	challenge_SSA-MTE	hyp1	News	NaN	-1.8044379949569702
1096	1097	pt	nya	challenge_SSA-MTE	hyp1	News	NaN	-1.8044379949569702
1097	1098	pt	nya	challenge_SSA-MTE	hyp1	News	NaN	-1.8044379949569702
1098	1099	pt	nya	challenge_SSA-MTE	hyp1	News	NaN	-1.9015716314315796
1099	1100	pt	nya	challenge_SSA-MTE	hyp1	News	NaN	-1.9015716314315796
1100	1101	pt	nya	challenge_SSA-MTE	hyp1	News	NaN	-1.9015716314315796
1101	1102	pt	nya	challenge_SSA-MTE	hyp1	News	NaN	-1.9015716314315796
1102	1103	pt	nya	challenge_SSA-MTE	hyp1	News	NaN	-1.5797269344329834
1103	1104	pt	nya	challenge_SSA-MTE	hyp1	News	NaN	-1.5797269344329834
1104	1105	pt	nya	challenge_SSA-MTE	hyp1	News	NaN	-1.5797269344329834
1105	1106	pt	nya	challenge_SSA-MTE	hyp1	News	NaN	-1.5797269344329834
1106	1107	pt	nya	challenge_SSA-MTE	hyp1	News	NaN	-1.7329245805740356
1107	1108	pt	nya	challenge_SSA-MTE	hyp1	News	NaN	-1.7329245805740356
1108	1109	pt	nya	challenge_SSA-MTE	hyp1	News	NaN	-1.7329245805740356
1109	1110	pt	nya	challenge_SSA-MTE	hyp1	News	NaN	-1.7329245805740356
1110	1111	pt	nya	challenge_SSA-MTE	hyp1	News	NaN	-1.9762622117996216
1111	1112	pt	nya	challenge_SSA-MTE	hyp1	News	NaN	-1.9762622117996216
1112	1113	pt	nya	challenge_SSA-MTE	hyp1	News	NaN	-1.9762622117996216
1113	1114	pt	nya	challenge_SSA-MTE	hyp1	News	NaN	-1.9762622117996216
1114	1115	pt	nya	challenge_SSA-MTE	hyp1	News	NaN	0.06954022496938705
1115	1116	pt	nya	challenge_SSA-MTE	hyp1	News	NaN	0.06954022496938705
1116	1117	pt	nya	challenge_SSA-MTE	hyp1	News	NaN	0.06954022496938705
1117	1118	pt	nya	challenge_SSA-MTE	hyp1	News	NaN	0.06954022496938705
1118	1119	pt	nya	challenge_SSA-MTE	hyp1	News	NaN	0.13529685139656067
1119	1120	pt	nya	challenge_SSA-MTE	hyp1	News	NaN	0.13529685139656067
1120	1121	pt	nya	challenge_SSA-MTE	hyp1	News	NaN	0.13529685139656067
1121	1122	pt	nya	challenge_SSA-MTE	hyp1	News	NaN	0.13529685139656067
1122	1123	pt	nya	challenge_SSA-MTE	hyp1	News	NaN	-0.7221265435218811
1123	1124	pt	nya	challenge_SSA-MTE	hyp1	News	NaN	-0.7221265435218811
1124	1125	pt	nya	challenge_SSA-MTE	hyp1	News	NaN	-0.722129762172699
1125	1126	pt	nya	challenge_SSA-MTE	hyp1	News	NaN	-0.7221265435218811
1126	1127	pt	nya	challenge_SSA-MTE	hyp1	News	NaN	-1.4313675165176392
1127	1128	pt	nya	challenge_SSA-MTE	hyp1	News	NaN	-1.4313675165176392
1128	1129	pt	nya	challenge_SSA-MTE	hyp1	News	NaN	-1.4313675165176392
1129	1130	pt	nya	challenge_SSA-MTE	hyp1	News	NaN	-1.4313675165176392
1130	1131	pt	nya	challenge_SSA-MTE	hyp1	News	NaN	-1.9838496446609497
1131	1132	pt	nya	challenge_SSA-MTE	hyp1	News	NaN	-1.9838496446609497
1132	1133	pt	nya	challenge_SSA-MTE	hyp1	News	NaN	-1.9838496446609497
1133	1134	pt	nya	challenge_SSA-MTE	hyp1	News	NaN	-1.9838496446609497
1134	1135	pt	nya	challenge_SSA-MTE	hyp1	News	NaN	-1.901938796043396
1135	1136	pt	nya	challenge_SSA-MTE	hyp1	News	NaN	-1.901938796043396
1136	1137	pt	nya	challenge_SSA-MTE	hyp1	News	NaN	-1.901938796043396
1137	1138	pt	nya	challenge_SSA-MTE	hyp1	News	NaN	-1.901938796043396
1138	1139	pt	nya	challenge_SSA-MTE	hyp1	News	NaN	-1.2375794649124146
1139	1140	pt	nya	challenge_SSA-MTE	hyp1	News	NaN	-1.2375794649124146
1140	1141	pt	nya	challenge_SSA-MTE	hyp1	News	NaN	-1.2375794649124146
1141	1142	pt	nya	challenge_SSA-MTE	hyp1	News	NaN	-1.2375794649124146
1142	1143	pt	nya	challenge_SSA-MTE	hyp1	News	NaN	-1.6185393333435059
1143	1144	pt	nya	challenge_SSA-MTE	hyp1	News	NaN	-1.6185393333435059
1144	1145	pt	nya	challenge_SSA-MTE	hyp1	News	NaN	-1.6185393333435059
1145	1146	pt	nya	challenge_SSA-MTE	hyp1	News	NaN	-1.6185393333435059
1146	1147	pt	nya	challenge_SSA-MTE	hyp1	News	NaN	-0.9727457165718079
1147	1148	pt	nya	challenge_SSA-MTE	hyp1	News	NaN	-0.9727457165718079
1148	1149	pt	nya	challenge_SSA-MTE	hyp1	News	NaN	-0.9727457165718079
1149	1150	pt	nya	challenge_SSA-MTE	hyp1	News	NaN	-0.9727457165718079
1150	1151	pt	nya	challenge_SSA-MTE	hyp1	News	NaN	-0.740295946598053
1151	1152	pt	nya	challenge_SSA-MTE	hyp1	News	NaN	-0.740295946598053
1152	1153	pt	nya	challenge_SSA-MTE	hyp1	News	NaN	-0.740295946598053
1153	1154	pt	nya	challenge_SSA-MTE	hyp1	News	NaN	-0.740295946598053
1154	1155	pt	nya	challenge_SSA-MTE	hyp1	News	NaN	-1.6887778043746948
1155	1156	pt	nya	challenge_SSA-MTE	hyp1	News	NaN	-1.6887778043746948
1156	1157	pt	nya	challenge_SSA-MTE	hyp1	News	NaN	-1.6887778043746948
1157	1158	pt	nya	challenge_SSA-MTE	hyp1	News	NaN	-1.6887778043746948
1158	1159	pt	nya	challenge_SSA-MTE	hyp1	News	NaN	-2.1922194957733154
1159	1160	pt	nya	challenge_SSA-MTE	hyp1	News	NaN	-2.1922194957733154
1160	1161	pt	nya	challenge_SSA-MTE	hyp1	News	NaN	-2.1922194957733154
1161	1162	pt	nya	challenge_SSA-MTE	hyp1	News	NaN	-2.1922194957733154
1162	1163	pt	nya	challenge_SSA-MTE	hyp1	News	NaN	-2.272003412246704
1163	1164	pt	nya	challenge_SSA-MTE	hyp1	News	NaN	-2.272003412246704
1164	1165	pt	nya	challenge_SSA-MTE	hyp1	News	NaN	-2.2720043659210205
1165	1166	pt	nya	challenge_SSA-MTE	hyp1	News	NaN	-2.272003412246704
1166	1167	pt	nya	challenge_SSA-MTE	hyp1	News	NaN	-2.1726057529449463
1167	1168	pt	nya	challenge_SSA-MTE	hyp1	News	NaN	-2.1726057529449463
1168	1169	pt	nya	challenge_SSA-MTE	hyp1	News	NaN	-2.1726057529449463
1169	1170	pt	nya	challenge_SSA-MTE	hyp1	News	NaN	-2.1726057529449463
1170	1171	pt	nya	challenge_SSA-MTE	hyp1	News	NaN	-1.9833592176437378
1171	1172	pt	nya	challenge_SSA-MTE	hyp1	News	NaN	-1.9833592176437378
1172	1173	pt	nya	challenge_SSA-MTE	hyp1	News	NaN	-1.9833592176437378
1173	1174	pt	nya	challenge_SSA-MTE	hyp1	News	NaN	-1.9833592176437378
1174	1175	pt	nya	challenge_SSA-MTE	hyp1	News	NaN	-1.4974600076675415
1175	1176	pt	nya	challenge_SSA-MTE	hyp1	News	NaN	-1.4974600076675415
1176	1177	pt	nya	challenge_SSA-MTE	hyp1	News	NaN	-1.4974600076675415
1177	1178	pt	nya	challenge_SSA-MTE	hyp1	News	NaN	-1.4974600076675415
1178	1179	pt	nya	challenge_SSA-MTE	hyp1	News	NaN	-0.39135998487472534
1179	1180	pt	nya	challenge_SSA-MTE	hyp1	News	NaN	-0.39135998487472534
1180	1181	pt	nya	challenge_SSA-MTE	hyp1	News	NaN	-0.39135998487472534
1181	1182	pt	nya	challenge_SSA-MTE	hyp1	News	NaN	-0.39135998487472534
1182	1183	pt	nya	challenge_SSA-MTE	hyp1	News	NaN	-2.0152671337127686
1183	1184	pt	nya	challenge_SSA-MTE	hyp1	News	NaN	-2.0152671337127686
1184	1185	pt	nya	challenge_SSA-MTE	hyp1	News	NaN	-2.0152671337127686
1185	1186	pt	nya	challenge_SSA-MTE	hyp1	News	NaN	-2.0152671337127686
1186	1187	pt	nya	challenge_SSA-MTE	hyp1	News	NaN	-1.2848752737045288
1187	1188	pt	nya	challenge_SSA-MTE	hyp1	News	NaN	-1.284875750541687
1188	1189	pt	nya	challenge_SSA-MTE	hyp1	News	NaN	-1.284875750541687
1189	1190	pt	nya	challenge_SSA-MTE	hyp1	News	NaN	-1.2848752737045288
1190	1191	pt	nya	challenge_SSA-MTE	hyp1	News	NaN	-1.498510479927063
1191	1192	pt	nya	challenge_SSA-MTE	hyp1	News	NaN	-1.498510479927063
1192	1193	pt	nya	challenge_SSA-MTE	hyp1	News	NaN	-1.498510479927063
1193	1194	pt	nya	challenge_SSA-MTE	hyp1	News	NaN	-1.498510479927063
1194	1195	pt	nya	challenge_SSA-MTE	hyp1	News	NaN	-1.0592620372772217
1195	1196	pt	nya	challenge_SSA-MTE	hyp1	News	NaN	-1.0592620372772217
1196	1197	pt	nya	challenge_SSA-MTE	hyp1	News	NaN	-1.0592633485794067
1197	1198	pt	nya	challenge_SSA-MTE	hyp1	News	NaN	-1.0592633485794067
1198	1199	pt	nya	challenge_SSA-MTE	hyp1	News	NaN	-2.004075288772583
1199	1200	pt	nya	challenge_SSA-MTE	hyp1	News	NaN	-2.004075288772583
1200	1201	pt	nya	challenge_SSA-MTE	hyp1	News	NaN	-2.004075288772583
1201	1202	pt	nya	challenge_SSA-MTE	hyp1	News	NaN	-2.004075288772583
1202	1203	pt	nya	challenge_SSA-MTE	hyp1	News	NaN	-2.3672893047332764
1203	1204	pt	nya	challenge_SSA-MTE	hyp1	News	NaN	-2.3672893047332764
1204	1205	pt	nya	challenge_SSA-MTE	hyp1	News	NaN	-2.3672893047332764
1205	1206	pt	nya	challenge_SSA-MTE	hyp1	News	NaN	-2.3672893047332764
1206	1207	pt	nya	challenge_SSA-MTE	hyp1	News	NaN	-0.03917381912469864
1207	1208	pt	nya	challenge_SSA-MTE	hyp1	News	NaN	-0.03917381912469864
1208	1209	pt	nya	challenge_SSA-MTE	hyp1	News	NaN	-0.03917381912469864
1209	1210	pt	nya	challenge_SSA-MTE	hyp1	News	NaN	-0.03917381912469864
1210	1211	pt	nya	challenge_SSA-MTE	hyp1	News	NaN	-0.21802377700805664
1211	1212	pt	nya	challenge_SSA-MTE	hyp1	News	NaN	-0.21802377700805664
1212	1213	pt	nya	challenge_SSA-MTE	hyp1	News	NaN	-0.21802377700805664
1213	1214	pt	nya	challenge_SSA-MTE	hyp1	News	NaN	-0.21802377700805664
1214	1215	pt	nya	challenge_SSA-MTE	hyp1	News	NaN	-0.7410122156143188
1215	1216	pt	nya	challenge_SSA-MTE	hyp1	News	NaN	-0.7410118579864502
1216	1217	pt	nya	challenge_SSA-MTE	hyp1	News	NaN	-0.7410122156143188
1217	1218	pt	nya	challenge_SSA-MTE	hyp1	News	NaN	-0.7410122156143188
1218	1219	pt	nya	challenge_SSA-MTE	hyp1	News	NaN	-1.4936671257019043
1219	1220	pt	nya	challenge_SSA-MTE	hyp1	News	NaN	-1.4936671257019043
1220	1221	pt	nya	challenge_SSA-MTE	hyp1	News	NaN	-1.4936671257019043
1221	1222	pt	nya	challenge_SSA-MTE	hyp1	News	NaN	-1.4936671257019043
1222	1223	pt	nya	challenge_SSA-MTE	hyp1	News	NaN	-1.8464995622634888
1223	1224	pt	nya	challenge_SSA-MTE	hyp1	News	NaN	-1.8464995622634888
1224	1225	pt	nya	challenge_SSA-MTE	hyp1	News	NaN	-1.8464995622634888
1225	1226	pt	nya	challenge_SSA-MTE	hyp1	News	NaN	-1.8464995622634888
1226	1227	pt	nya	challenge_SSA-MTE	hyp1	News	NaN	-0.5812636017799377
1227	1228	pt	nya	challenge_SSA-MTE	hyp1	News	NaN	-0.5812636017799377
1228	1229	pt	nya	challenge_SSA-MTE	hyp1	News	NaN	-0.5812638998031616
1229	1230	pt	nya	challenge_SSA-MTE	hyp1	News	NaN	-0.5812638998031616
1230	1231	pt	nya	challenge_SSA-MTE	hyp1	News	NaN	-1.5809756517410278
1231	1232	pt	nya	challenge_SSA-MTE	hyp1	News	NaN	-1.5809756517410278
1232	1233	pt	nya	challenge_SSA-MTE	hyp1	News	NaN	-1.5809756517410278
1233	1234	pt	nya	challenge_SSA-MTE	hyp1	News	NaN	-1.5809756517410278
1234	1235	pt	nya	challenge_SSA-MTE	hyp1	News	NaN	-0.7113642692565918
1235	1236	pt	nya	challenge_SSA-MTE	hyp1	News	NaN	-0.7113642692565918
1236	1237	pt	nya	challenge_SSA-MTE	hyp1	News	NaN	-0.7113642692565918
1237	1238	pt	nya	challenge_SSA-MTE	hyp1	News	NaN	-0.7113642692565918
1238	1239	pt	nya	challenge_SSA-MTE	hyp1	News	NaN	-1.018384575843811
1239	1240	pt	nya	challenge_SSA-MTE	hyp1	News	NaN	-1.018384575843811
1240	1241	pt	nya	challenge_SSA-MTE	hyp1	News	NaN	-1.018384575843811
1241	1242	pt	nya	challenge_SSA-MTE	hyp1	News	NaN	-1.018384575843811
0	1	pt	vmw	challenge_SSA-MTE	hyp1	News	NaN	-1.4755545854568481
1	2	pt	vmw	challenge_SSA-MTE	hyp1	News	NaN	-1.475556492805481
2	3	pt	vmw	challenge_SSA-MTE	hyp1	News	NaN	-1.475556492805481
3	4	pt	vmw	challenge_SSA-MTE	hyp1	News	NaN	-1.475556492805481
4	5	pt	vmw	challenge_SSA-MTE	hyp1	News	NaN	-0.8012304306030273
5	6	pt	vmw	challenge_SSA-MTE	hyp1	News	NaN	-0.8012304306030273
6	7	pt	vmw	challenge_SSA-MTE	hyp1	News	NaN	-0.8012304306030273
7	8	pt	vmw	challenge_SSA-MTE	hyp1	News	NaN	-0.4629669189453125
8	9	pt	vmw	challenge_SSA-MTE	hyp1	News	NaN	-0.46296489238739014
9	10	pt	vmw	challenge_SSA-MTE	hyp1	News	NaN	-0.4629669189453125
10	11	pt	vmw	challenge_SSA-MTE	hyp1	News	NaN	-1.305817723274231
11	12	pt	vmw	challenge_SSA-MTE	hyp1	News	NaN	-1.305817723274231
12	13	pt	vmw	challenge_SSA-MTE	hyp1	News	NaN	-1.305817723274231
13	14	pt	vmw	challenge_SSA-MTE	hyp1	News	NaN	-1.4958018064498901
14	15	pt	vmw	challenge_SSA-MTE	hyp1	News	NaN	-1.4958018064498901
15	16	pt	vmw	challenge_SSA-MTE	hyp1	News	NaN	-1.4958018064498901
16	17	pt	vmw	challenge_SSA-MTE	hyp1	News	NaN	-1.4958018064498901
17	18	pt	vmw	challenge_SSA-MTE	hyp1	News	NaN	-0.4560028314590454
18	19	pt	vmw	challenge_SSA-MTE	hyp1	News	NaN	-0.4560028314590454
19	20	pt	vmw	challenge_SSA-MTE	hyp1	News	NaN	-0.4560028314590454
20	21	pt	vmw	challenge_SSA-MTE	hyp1	News	NaN	-0.5127542018890381
21	22	pt	vmw	challenge_SSA-MTE	hyp1	News	NaN	-0.5127542018890381
22	23	pt	vmw	challenge_SSA-MTE	hyp1	News	NaN	-0.5127521753311157
23	24	pt	vmw	challenge_SSA-MTE	hyp1	News	NaN	0.14495393633842468
24	25	pt	vmw	challenge_SSA-MTE	hyp1	News	NaN	-0.41509920358657837
25	26	pt	vmw	challenge_SSA-MTE	hyp1	News	NaN	-0.41509920358657837
26	27	pt	vmw	challenge_SSA-MTE	hyp1	News	NaN	-0.41509920358657837
27	28	pt	vmw	challenge_SSA-MTE	hyp1	News	NaN	-1.2661772966384888
28	29	pt	vmw	challenge_SSA-MTE	hyp1	News	NaN	-1.2661772966384888
29	30	pt	vmw	challenge_SSA-MTE	hyp1	News	NaN	-1.2661772966384888
30	31	pt	vmw	challenge_SSA-MTE	hyp1	News	NaN	-1.188342571258545
31	32	pt	vmw	challenge_SSA-MTE	hyp1	News	NaN	-1.188342571258545
32	33	pt	vmw	challenge_SSA-MTE	hyp1	News	NaN	-0.3340303301811218
33	34	pt	vmw	challenge_SSA-MTE	hyp1	News	NaN	-0.3340303301811218
34	35	pt	vmw	challenge_SSA-MTE	hyp1	News	NaN	-0.3340303301811218
35	36	pt	vmw	challenge_SSA-MTE	hyp1	News	NaN	-1.689415454864502
36	37	pt	vmw	challenge_SSA-MTE	hyp1	News	NaN	-1.689415454864502
37	38	pt	vmw	challenge_SSA-MTE	hyp1	News	NaN	-1.689415454864502
38	39	pt	vmw	challenge_SSA-MTE	hyp1	News	NaN	-0.926639199256897
39	40	pt	vmw	challenge_SSA-MTE	hyp1	News	NaN	-0.926639199256897
40	41	pt	vmw	challenge_SSA-MTE	hyp1	News	NaN	-0.926639199256897
41	42	pt	vmw	challenge_SSA-MTE	hyp1	News	NaN	-0.926639199256897
42	43	pt	vmw	challenge_SSA-MTE	hyp1	News	NaN	-1.9760404825210571
43	44	pt	vmw	challenge_SSA-MTE	hyp1	News	NaN	-1.9760404825210571
44	45	pt	vmw	challenge_SSA-MTE	hyp1	News	NaN	-1.9760404825210571
45	46	pt	vmw	challenge_SSA-MTE	hyp1	News	NaN	-1.9760404825210571
46	47	pt	vmw	challenge_SSA-MTE	hyp1	News	NaN	-0.38982445001602173
47	48	pt	vmw	challenge_SSA-MTE	hyp1	News	NaN	-0.37138503789901733
48	49	pt	vmw	challenge_SSA-MTE	hyp1	News	NaN	-0.37138503789901733
49	50	pt	vmw	challenge_SSA-MTE	hyp1	News	NaN	-0.37138503789901733
50	51	pt	vmw	challenge_SSA-MTE	hyp1	News	NaN	-1.6801173686981201
51	52	pt	vmw	challenge_SSA-MTE	hyp1	News	NaN	-1.6801173686981201
52	53	pt	vmw	challenge_SSA-MTE	hyp1	News	NaN	-1.6801173686981201
53	54	pt	vmw	challenge_SSA-MTE	hyp1	News	NaN	-0.22837717831134796
54	55	pt	vmw	challenge_SSA-MTE	hyp1	News	NaN	-0.22837717831134796
55	56	pt	vmw	challenge_SSA-MTE	hyp1	News	NaN	-2.0452730655670166
56	57	pt	vmw	challenge_SSA-MTE	hyp1	News	NaN	-2.0452730655670166
57	58	pt	vmw	challenge_SSA-MTE	hyp1	News	NaN	-2.0452730655670166
58	59	pt	vmw	challenge_SSA-MTE	hyp1	News	NaN	-1.7116745710372925
59	60	pt	vmw	challenge_SSA-MTE	hyp1	News	NaN	-1.7116745710372925
60	61	pt	vmw	challenge_SSA-MTE	hyp1	News	NaN	-1.7116745710372925
61	62	pt	vmw	challenge_SSA-MTE	hyp1	News	NaN	-1.7116745710372925
62	63	pt	vmw	challenge_SSA-MTE	hyp1	News	NaN	-1.5023226737976074
63	64	pt	vmw	challenge_SSA-MTE	hyp1	News	NaN	-1.5023226737976074
64	65	pt	vmw	challenge_SSA-MTE	hyp1	News	NaN	-1.5023226737976074
65	66	pt	vmw	challenge_SSA-MTE	hyp1	News	NaN	-1.5023226737976074
66	67	pt	vmw	challenge_SSA-MTE	hyp1	News	NaN	-0.5857403874397278
67	68	pt	vmw	challenge_SSA-MTE	hyp1	News	NaN	-0.5857403874397278
68	69	pt	vmw	challenge_SSA-MTE	hyp1	News	NaN	-0.5857403874397278
69	70	pt	vmw	challenge_SSA-MTE	hyp1	News	NaN	-0.5857403874397278
70	71	pt	vmw	challenge_SSA-MTE	hyp1	News	NaN	-0.9859731197357178
71	72	pt	vmw	challenge_SSA-MTE	hyp1	News	NaN	-0.9859718680381775
72	73	pt	vmw	challenge_SSA-MTE	hyp1	News	NaN	-0.9859731197357178
73	74	pt	vmw	challenge_SSA-MTE	hyp1	News	NaN	-0.9859731197357178
74	75	pt	vmw	challenge_SSA-MTE	hyp1	News	NaN	0.041979219764471054
75	76	pt	vmw	challenge_SSA-MTE	hyp1	News	NaN	0.041979219764471054
76	77	pt	vmw	challenge_SSA-MTE	hyp1	News	NaN	0.04197954759001732
77	78	pt	vmw	challenge_SSA-MTE	hyp1	News	NaN	-0.8746801614761353
78	79	pt	vmw	challenge_SSA-MTE	hyp1	News	NaN	-0.8746801614761353
79	80	pt	vmw	challenge_SSA-MTE	hyp1	News	NaN	-0.8746801614761353
80	81	pt	vmw	challenge_SSA-MTE	hyp1	News	NaN	-0.8746801614761353
81	82	pt	vmw	challenge_SSA-MTE	hyp1	News	NaN	-0.6953192949295044
82	83	pt	vmw	challenge_SSA-MTE	hyp1	News	NaN	-0.6953185796737671
83	84	pt	vmw	challenge_SSA-MTE	hyp1	News	NaN	-0.6953192949295044
84	85	pt	vmw	challenge_SSA-MTE	hyp1	News	NaN	-0.6953192949295044
85	86	pt	vmw	challenge_SSA-MTE	hyp1	News	NaN	-0.9306442737579346
86	87	pt	vmw	challenge_SSA-MTE	hyp1	News	NaN	-0.9306442737579346
87	88	pt	vmw	challenge_SSA-MTE	hyp1	News	NaN	-0.9306442737579346
88	89	pt	vmw	challenge_SSA-MTE	hyp1	News	NaN	-1.5391603708267212
89	90	pt	vmw	challenge_SSA-MTE	hyp1	News	NaN	-1.5391606092453003
90	91	pt	vmw	challenge_SSA-MTE	hyp1	News	NaN	-1.5391606092453003
91	92	pt	vmw	challenge_SSA-MTE	hyp1	News	NaN	-1.5391603708267212
92	93	pt	vmw	challenge_SSA-MTE	hyp1	News	NaN	-0.6422497034072876
93	94	pt	vmw	challenge_SSA-MTE	hyp1	News	NaN	-0.6422497034072876
94	95	pt	vmw	challenge_SSA-MTE	hyp1	News	NaN	-0.6422497034072876
95	96	pt	vmw	challenge_SSA-MTE	hyp1	News	NaN	-0.6422497034072876
96	97	pt	vmw	challenge_SSA-MTE	hyp1	News	NaN	-0.9258812665939331
97	98	pt	vmw	challenge_SSA-MTE	hyp1	News	NaN	-0.9258784055709839
98	99	pt	vmw	challenge_SSA-MTE	hyp1	News	NaN	-0.9258784055709839
99	100	pt	vmw	challenge_SSA-MTE	hyp1	News	NaN	-1.8775862455368042
100	101	pt	vmw	challenge_SSA-MTE	hyp1	News	NaN	-1.8775862455368042
101	102	pt	vmw	challenge_SSA-MTE	hyp1	News	NaN	-1.8775862455368042
102	103	pt	vmw	challenge_SSA-MTE	hyp1	News	NaN	-1.8775862455368042
103	104	pt	vmw	challenge_SSA-MTE	hyp1	News	NaN	-1.1692274808883667
104	105	pt	vmw	challenge_SSA-MTE	hyp1	News	NaN	-1.1692274808883667
105	106	pt	vmw	challenge_SSA-MTE	hyp1	News	NaN	-1.1692274808883667
106	107	pt	vmw	challenge_SSA-MTE	hyp1	News	NaN	-2.105478525161743
107	108	pt	vmw	challenge_SSA-MTE	hyp1	News	NaN	-2.105478525161743
108	109	pt	vmw	challenge_SSA-MTE	hyp1	News	NaN	-2.105478525161743
109	110	pt	vmw	challenge_SSA-MTE	hyp1	News	NaN	-2.105478525161743
110	111	pt	vmw	challenge_SSA-MTE	hyp1	News	NaN	-1.2293837070465088
111	112	pt	vmw	challenge_SSA-MTE	hyp1	News	NaN	-1.2293837070465088
112	113	pt	vmw	challenge_SSA-MTE	hyp1	News	NaN	-0.0890050008893013
113	114	pt	vmw	challenge_SSA-MTE	hyp1	News	NaN	-0.0890050008893013
114	115	pt	vmw	challenge_SSA-MTE	hyp1	News	NaN	-0.0890050008893013
115	116	pt	vmw	challenge_SSA-MTE	hyp1	News	NaN	-1.3400763273239136
116	117	pt	vmw	challenge_SSA-MTE	hyp1	News	NaN	-1.3400763273239136
117	118	pt	vmw	challenge_SSA-MTE	hyp1	News	NaN	-1.3400763273239136
118	119	pt	vmw	challenge_SSA-MTE	hyp1	News	NaN	-1.3400763273239136
119	120	pt	vmw	challenge_SSA-MTE	hyp1	News	NaN	-0.9661703109741211
120	121	pt	vmw	challenge_SSA-MTE	hyp1	News	NaN	-0.9661703109741211
121	122	pt	vmw	challenge_SSA-MTE	hyp1	News	NaN	-0.9661703109741211
122	123	pt	vmw	challenge_SSA-MTE	hyp1	News	NaN	-1.047310709953308
123	124	pt	vmw	challenge_SSA-MTE	hyp1	News	NaN	-1.047310709953308
124	125	pt	vmw	challenge_SSA-MTE	hyp1	News	NaN	-1.047310709953308
125	126	pt	vmw	challenge_SSA-MTE	hyp1	News	NaN	-1.9516502618789673
126	127	pt	vmw	challenge_SSA-MTE	hyp1	News	NaN	-1.9516502618789673
127	128	pt	vmw	challenge_SSA-MTE	hyp1	News	NaN	-1.9516502618789673
128	129	pt	vmw	challenge_SSA-MTE	hyp1	News	NaN	-1.7475030422210693
129	130	pt	vmw	challenge_SSA-MTE	hyp1	News	NaN	-1.7475030422210693
130	131	pt	vmw	challenge_SSA-MTE	hyp1	News	NaN	-1.7475030422210693
131	132	pt	vmw	challenge_SSA-MTE	hyp1	News	NaN	-1.7475030422210693
132	133	pt	vmw	challenge_SSA-MTE	hyp1	News	NaN	-1.1477068662643433
133	134	pt	vmw	challenge_SSA-MTE	hyp1	News	NaN	-1.1477068662643433
134	135	pt	vmw	challenge_SSA-MTE	hyp1	News	NaN	-1.1477068662643433
135	136	pt	vmw	challenge_SSA-MTE	hyp1	News	NaN	-1.1477068662643433
136	137	pt	vmw	challenge_SSA-MTE	hyp1	News	NaN	-0.731465220451355
137	138	pt	vmw	challenge_SSA-MTE	hyp1	News	NaN	-0.7314661741256714
138	139	pt	vmw	challenge_SSA-MTE	hyp1	News	NaN	-0.731465220451355
139	140	pt	vmw	challenge_SSA-MTE	hyp1	News	NaN	-0.6199840903282166
140	141	pt	vmw	challenge_SSA-MTE	hyp1	News	NaN	-0.6199840903282166
141	142	pt	vmw	challenge_SSA-MTE	hyp1	News	NaN	-0.6199840903282166
142	143	pt	vmw	challenge_SSA-MTE	hyp1	News	NaN	-1.482252836227417
143	144	pt	vmw	challenge_SSA-MTE	hyp1	News	NaN	-1.482252836227417
144	145	pt	vmw	challenge_SSA-MTE	hyp1	News	NaN	-1.482252836227417
145	146	pt	vmw	challenge_SSA-MTE	hyp1	News	NaN	-0.30081111192703247
146	147	pt	vmw	challenge_SSA-MTE	hyp1	News	NaN	-0.30081111192703247
147	148	pt	vmw	challenge_SSA-MTE	hyp1	News	NaN	-0.30081111192703247
148	149	pt	vmw	challenge_SSA-MTE	hyp1	News	NaN	-0.30081111192703247
149	150	pt	vmw	challenge_SSA-MTE	hyp1	News	NaN	-0.8375784754753113
150	151	pt	vmw	challenge_SSA-MTE	hyp1	News	NaN	-0.8375784754753113
151	152	pt	vmw	challenge_SSA-MTE	hyp1	News	NaN	-0.8375784754753113
152	153	pt	vmw	challenge_SSA-MTE	hyp1	News	NaN	-0.8375784754753113
153	154	pt	vmw	challenge_SSA-MTE	hyp1	News	NaN	-0.0462401919066906
154	155	pt	vmw	challenge_SSA-MTE	hyp1	News	NaN	-0.0462401919066906
155	156	pt	vmw	challenge_SSA-MTE	hyp1	News	NaN	-0.0462401919066906
156	157	pt	vmw	challenge_SSA-MTE	hyp1	News	NaN	-0.3637028634548187
157	158	pt	vmw	challenge_SSA-MTE	hyp1	News	NaN	-0.3637033998966217
158	159	pt	vmw	challenge_SSA-MTE	hyp1	News	NaN	0.1861415058374405
159	160	pt	vmw	challenge_SSA-MTE	hyp1	News	NaN	0.1861415058374405
160	161	pt	vmw	challenge_SSA-MTE	hyp1	News	NaN	0.1861415058374405
161	162	pt	vmw	challenge_SSA-MTE	hyp1	News	NaN	0.1861415058374405
162	163	pt	vmw	challenge_SSA-MTE	hyp1	News	NaN	-1.7368794679641724
163	164	pt	vmw	challenge_SSA-MTE	hyp1	News	NaN	-1.7368758916854858
164	165	pt	vmw	challenge_SSA-MTE	hyp1	News	NaN	-1.7368758916854858
165	166	pt	vmw	challenge_SSA-MTE	hyp1	News	NaN	-1.7368758916854858
166	167	pt	vmw	challenge_SSA-MTE	hyp1	News	NaN	-1.0097709894180298
167	168	pt	vmw	challenge_SSA-MTE	hyp1	News	NaN	-1.0097709894180298
168	169	pt	vmw	challenge_SSA-MTE	hyp1	News	NaN	-1.0097709894180298
169	170	pt	vmw	challenge_SSA-MTE	hyp1	News	NaN	-1.0097709894180298
170	171	pt	vmw	challenge_SSA-MTE	hyp1	News	NaN	-0.3174394965171814
171	172	pt	vmw	challenge_SSA-MTE	hyp1	News	NaN	-0.3174394965171814
172	173	pt	vmw	challenge_SSA-MTE	hyp1	News	NaN	-0.31743961572647095
173	174	pt	vmw	challenge_SSA-MTE	hyp1	News	NaN	-0.3174394965171814
174	175	pt	vmw	challenge_SSA-MTE	hyp1	News	NaN	-1.386231780052185
175	176	pt	vmw	challenge_SSA-MTE	hyp1	News	NaN	-1.3862313032150269
176	177	pt	vmw	challenge_SSA-MTE	hyp1	News	NaN	-1.3862313032150269
177	178	pt	vmw	challenge_SSA-MTE	hyp1	News	NaN	-1.3862313032150269
178	179	pt	vmw	challenge_SSA-MTE	hyp1	News	NaN	-1.1975775957107544
179	180	pt	vmw	challenge_SSA-MTE	hyp1	News	NaN	-1.1975775957107544
180	181	pt	vmw	challenge_SSA-MTE	hyp1	News	NaN	-1.197573184967041
181	182	pt	vmw	challenge_SSA-MTE	hyp1	News	NaN	-1.1975775957107544
182	183	pt	vmw	challenge_SSA-MTE	hyp1	News	NaN	0.35113126039505005
183	184	pt	vmw	challenge_SSA-MTE	hyp1	News	NaN	0.35113126039505005
184	185	pt	vmw	challenge_SSA-MTE	hyp1	News	NaN	-1.2756510972976685
185	186	pt	vmw	challenge_SSA-MTE	hyp1	News	NaN	-1.2756510972976685
186	187	pt	vmw	challenge_SSA-MTE	hyp1	News	NaN	-1.2756510972976685
187	188	pt	vmw	challenge_SSA-MTE	hyp1	News	NaN	-0.5540981292724609
188	189	pt	vmw	challenge_SSA-MTE	hyp1	News	NaN	-0.5540981292724609
189	190	pt	vmw	challenge_SSA-MTE	hyp1	News	NaN	-0.5540981292724609
190	191	pt	vmw	challenge_SSA-MTE	hyp1	News	NaN	-0.5540981292724609
191	192	pt	vmw	challenge_SSA-MTE	hyp1	News	NaN	-1.9094001054763794
192	193	pt	vmw	challenge_SSA-MTE	hyp1	News	NaN	-1.9094001054763794
193	194	pt	vmw	challenge_SSA-MTE	hyp1	News	NaN	-1.9094001054763794
194	195	pt	vmw	challenge_SSA-MTE	hyp1	News	NaN	-1.9094001054763794
195	196	pt	vmw	challenge_SSA-MTE	hyp1	News	NaN	-1.543887972831726
196	197	pt	vmw	challenge_SSA-MTE	hyp1	News	NaN	-1.5438891649246216
197	198	pt	vmw	challenge_SSA-MTE	hyp1	News	NaN	-1.543887972831726
198	199	pt	vmw	challenge_SSA-MTE	hyp1	News	NaN	-1.543887972831726
199	200	pt	vmw	challenge_SSA-MTE	hyp1	News	NaN	-2.261430501937866
200	201	pt	vmw	challenge_SSA-MTE	hyp1	News	NaN	-2.261430501937866
201	202	pt	vmw	challenge_SSA-MTE	hyp1	News	NaN	-2.261430501937866
202	203	pt	vmw	challenge_SSA-MTE	hyp1	News	NaN	-2.2614309787750244
203	204	pt	vmw	challenge_SSA-MTE	hyp1	News	NaN	-0.1937374323606491
204	205	pt	vmw	challenge_SSA-MTE	hyp1	News	NaN	-0.1937374323606491
205	206	pt	vmw	challenge_SSA-MTE	hyp1	News	NaN	-0.1937374323606491
206	207	pt	vmw	challenge_SSA-MTE	hyp1	News	NaN	-1.49823796749115
207	208	pt	vmw	challenge_SSA-MTE	hyp1	News	NaN	-1.49823796749115
208	209	pt	vmw	challenge_SSA-MTE	hyp1	News	NaN	-1.49823796749115
209	210	pt	vmw	challenge_SSA-MTE	hyp1	News	NaN	-0.473630428314209
210	211	pt	vmw	challenge_SSA-MTE	hyp1	News	NaN	-0.473630428314209
211	212	pt	vmw	challenge_SSA-MTE	hyp1	News	NaN	-0.473630428314209
212	213	pt	vmw	challenge_SSA-MTE	hyp1	News	NaN	-0.473630428314209
213	214	pt	vmw	challenge_SSA-MTE	hyp1	News	NaN	-1.6861252784729004
214	215	pt	vmw	challenge_SSA-MTE	hyp1	News	NaN	-1.6861252784729004
215	216	pt	vmw	challenge_SSA-MTE	hyp1	News	NaN	-1.6861252784729004
216	217	pt	vmw	challenge_SSA-MTE	hyp1	News	NaN	-1.6861252784729004
217	218	pt	vmw	challenge_SSA-MTE	hyp1	News	NaN	-0.8876397609710693
218	219	pt	vmw	challenge_SSA-MTE	hyp1	News	NaN	-0.8876397609710693
219	220	pt	vmw	challenge_SSA-MTE	hyp1	News	NaN	-0.8876397609710693
220	221	pt	vmw	challenge_SSA-MTE	hyp1	News	NaN	-1.3939048051834106
221	222	pt	vmw	challenge_SSA-MTE	hyp1	News	NaN	-1.3939048051834106
222	223	pt	vmw	challenge_SSA-MTE	hyp1	News	NaN	-1.3938907384872437
223	224	pt	vmw	challenge_SSA-MTE	hyp1	News	NaN	-2.0861330032348633
224	225	pt	vmw	challenge_SSA-MTE	hyp1	News	NaN	-2.0861330032348633
225	226	pt	vmw	challenge_SSA-MTE	hyp1	News	NaN	-1.030495285987854
226	227	pt	vmw	challenge_SSA-MTE	hyp1	News	NaN	-1.030495285987854
227	228	pt	vmw	challenge_SSA-MTE	hyp1	News	NaN	-1.030495285987854
228	229	pt	vmw	challenge_SSA-MTE	hyp1	News	NaN	-1.030495285987854
229	230	pt	vmw	challenge_SSA-MTE	hyp1	News	NaN	-0.6041909456253052
230	231	pt	vmw	challenge_SSA-MTE	hyp1	News	NaN	-0.6041873693466187
231	232	pt	vmw	challenge_SSA-MTE	hyp1	News	NaN	-2.1725003719329834
232	233	pt	vmw	challenge_SSA-MTE	hyp1	News	NaN	-2.1725003719329834
233	234	pt	vmw	challenge_SSA-MTE	hyp1	News	NaN	-2.1725003719329834
234	235	pt	vmw	challenge_SSA-MTE	hyp1	News	NaN	-2.1725003719329834
235	236	pt	vmw	challenge_SSA-MTE	hyp1	News	NaN	-1.009389042854309
236	237	pt	vmw	challenge_SSA-MTE	hyp1	News	NaN	-1.009389042854309
237	238	pt	vmw	challenge_SSA-MTE	hyp1	News	NaN	-1.009389042854309
238	239	pt	vmw	challenge_SSA-MTE	hyp1	News	NaN	-0.3371265232563019
239	240	pt	vmw	challenge_SSA-MTE	hyp1	News	NaN	-0.3371265232563019
240	241	pt	vmw	challenge_SSA-MTE	hyp1	News	NaN	-0.3371265232563019
241	242	pt	vmw	challenge_SSA-MTE	hyp1	News	NaN	-0.3371265232563019
242	243	pt	vmw	challenge_SSA-MTE	hyp1	News	NaN	-0.33492305874824524
243	244	pt	vmw	challenge_SSA-MTE	hyp1	News	NaN	-0.33492305874824524
244	245	pt	vmw	challenge_SSA-MTE	hyp1	News	NaN	-0.33492305874824524
245	246	pt	vmw	challenge_SSA-MTE	hyp1	News	NaN	-0.33492305874824524
246	247	pt	vmw	challenge_SSA-MTE	hyp1	News	NaN	-1.865954041481018
247	248	pt	vmw	challenge_SSA-MTE	hyp1	News	NaN	-1.865954041481018
248	249	pt	vmw	challenge_SSA-MTE	hyp1	News	NaN	-1.8659542798995972
249	250	pt	vmw	challenge_SSA-MTE	hyp1	News	NaN	-1.8659542798995972
250	251	pt	vmw	challenge_SSA-MTE	hyp1	News	NaN	-0.19737376272678375
251	252	pt	vmw	challenge_SSA-MTE	hyp1	News	NaN	-1.081424593925476
252	253	pt	vmw	challenge_SSA-MTE	hyp1	News	NaN	-1.081424593925476
253	254	pt	vmw	challenge_SSA-MTE	hyp1	News	NaN	-1.081424593925476
254	255	pt	vmw	challenge_SSA-MTE	hyp1	News	NaN	-1.081424593925476
255	256	pt	vmw	challenge_SSA-MTE	hyp1	News	NaN	-1.0429377555847168
256	257	pt	vmw	challenge_SSA-MTE	hyp1	News	NaN	-1.0429377555847168
257	258	pt	vmw	challenge_SSA-MTE	hyp1	News	NaN	-1.0429377555847168
258	259	pt	vmw	challenge_SSA-MTE	hyp1	News	NaN	-1.0429375171661377
259	260	pt	vmw	challenge_SSA-MTE	hyp1	News	NaN	-0.8746799230575562
260	261	pt	vmw	challenge_SSA-MTE	hyp1	News	NaN	-0.8746799230575562
261	262	pt	vmw	challenge_SSA-MTE	hyp1	News	NaN	-0.8746799230575562
262	263	pt	vmw	challenge_SSA-MTE	hyp1	News	NaN	-1.100469946861267
263	264	pt	vmw	challenge_SSA-MTE	hyp1	News	NaN	-1.100469946861267
264	265	pt	vmw	challenge_SSA-MTE	hyp1	News	NaN	-1.100471019744873
265	266	pt	vmw	challenge_SSA-MTE	hyp1	News	NaN	-1.100471019744873
266	267	pt	vmw	challenge_SSA-MTE	hyp1	News	NaN	-1.4625431299209595
267	268	pt	vmw	challenge_SSA-MTE	hyp1	News	NaN	-1.4625431299209595
268	269	pt	vmw	challenge_SSA-MTE	hyp1	News	NaN	-1.4625431299209595
269	270	pt	vmw	challenge_SSA-MTE	hyp1	News	NaN	-1.4625431299209595
270	271	pt	vmw	challenge_SSA-MTE	hyp1	News	NaN	-1.2506450414657593
271	272	pt	vmw	challenge_SSA-MTE	hyp1	News	NaN	-1.2506450414657593
272	273	pt	vmw	challenge_SSA-MTE	hyp1	News	NaN	-1.2506450414657593
273	274	pt	vmw	challenge_SSA-MTE	hyp1	News	NaN	-1.2506450414657593
274	275	pt	vmw	challenge_SSA-MTE	hyp1	News	NaN	-0.2998534142971039
275	276	pt	vmw	challenge_SSA-MTE	hyp1	News	NaN	-0.2998534142971039
276	277	pt	vmw	challenge_SSA-MTE	hyp1	News	NaN	-0.2998534142971039
277	278	pt	vmw	challenge_SSA-MTE	hyp1	News	NaN	-1.152567744255066
278	279	pt	vmw	challenge_SSA-MTE	hyp1	News	NaN	-1.152567744255066
279	280	pt	vmw	challenge_SSA-MTE	hyp1	News	NaN	-1.152567744255066
280	281	pt	vmw	challenge_SSA-MTE	hyp1	News	NaN	-1.463276982307434
281	282	pt	vmw	challenge_SSA-MTE	hyp1	News	NaN	-1.463276982307434
282	283	pt	vmw	challenge_SSA-MTE	hyp1	News	NaN	-1.463276982307434
283	284	pt	vmw	challenge_SSA-MTE	hyp1	News	NaN	-1.463276982307434
284	285	pt	vmw	challenge_SSA-MTE	hyp1	News	NaN	-1.9413777589797974
285	286	pt	vmw	challenge_SSA-MTE	hyp1	News	NaN	-1.9413777589797974
286	287	pt	vmw	challenge_SSA-MTE	hyp1	News	NaN	-1.9413775205612183
287	288	pt	vmw	challenge_SSA-MTE	hyp1	News	NaN	-1.9413775205612183
288	289	pt	vmw	challenge_SSA-MTE	hyp1	News	NaN	-0.1042933538556099
289	290	pt	vmw	challenge_SSA-MTE	hyp1	News	NaN	-0.1042933538556099
290	291	pt	vmw	challenge_SSA-MTE	hyp1	News	NaN	-0.1042933538556099
291	292	pt	vmw	challenge_SSA-MTE	hyp1	News	NaN	-0.1042933538556099
292	293	pt	vmw	challenge_SSA-MTE	hyp1	News	NaN	-0.4917666018009186
293	294	pt	vmw	challenge_SSA-MTE	hyp1	News	NaN	-0.4917666018009186
294	295	pt	vmw	challenge_SSA-MTE	hyp1	News	NaN	-0.4917666018009186
295	296	pt	vmw	challenge_SSA-MTE	hyp1	News	NaN	-0.4917666018009186
296	297	pt	vmw	challenge_SSA-MTE	hyp1	News	NaN	-0.356803834438324
297	298	pt	vmw	challenge_SSA-MTE	hyp1	News	NaN	-0.356802761554718
298	299	pt	vmw	challenge_SSA-MTE	hyp1	News	NaN	-0.356803834438324
299	300	pt	vmw	challenge_SSA-MTE	hyp1	News	NaN	-0.20887281000614166
300	301	pt	vmw	challenge_SSA-MTE	hyp1	News	NaN	-0.20887281000614166
301	302	pt	vmw	challenge_SSA-MTE	hyp1	News	NaN	-0.20887281000614166
302	303	pt	vmw	challenge_SSA-MTE	hyp1	News	NaN	-0.20887281000614166
303	304	pt	vmw	challenge_SSA-MTE	hyp1	News	NaN	-0.28610754013061523
304	305	pt	vmw	challenge_SSA-MTE	hyp1	News	NaN	-0.28610754013061523
305	306	pt	vmw	challenge_SSA-MTE	hyp1	News	NaN	-0.28610754013061523
306	307	pt	vmw	challenge_SSA-MTE	hyp1	News	NaN	-0.28610754013061523
307	308	pt	vmw	challenge_SSA-MTE	hyp1	News	NaN	0.015991827473044395
308	309	pt	vmw	challenge_SSA-MTE	hyp1	News	NaN	0.015991559252142906
309	310	pt	vmw	challenge_SSA-MTE	hyp1	News	NaN	0.015991827473044395
310	311	pt	vmw	challenge_SSA-MTE	hyp1	News	NaN	-0.6172658801078796
311	312	pt	vmw	challenge_SSA-MTE	hyp1	News	NaN	-0.6172658801078796
312	313	pt	vmw	challenge_SSA-MTE	hyp1	News	NaN	-0.6172658801078796
313	314	pt	vmw	challenge_SSA-MTE	hyp1	News	NaN	-0.6172658801078796
314	315	pt	vmw	challenge_SSA-MTE	hyp1	News	NaN	-1.4114693403244019
315	316	pt	vmw	challenge_SSA-MTE	hyp1	News	NaN	-1.4114693403244019
316	317	pt	vmw	challenge_SSA-MTE	hyp1	News	NaN	-1.4114693403244019
317	318	pt	vmw	challenge_SSA-MTE	hyp1	News	NaN	-1.4114683866500854
318	319	pt	vmw	challenge_SSA-MTE	hyp1	News	NaN	-1.797447919845581
319	320	pt	vmw	challenge_SSA-MTE	hyp1	News	NaN	-1.797447919845581
320	321	pt	vmw	challenge_SSA-MTE	hyp1	News	NaN	-1.797447919845581
321	322	pt	vmw	challenge_SSA-MTE	hyp1	News	NaN	-1.797447919845581
322	323	pt	vmw	challenge_SSA-MTE	hyp1	News	NaN	-1.305172085762024
323	324	pt	vmw	challenge_SSA-MTE	hyp1	News	NaN	-1.305172085762024
324	325	pt	vmw	challenge_SSA-MTE	hyp1	News	NaN	-1.305172085762024
325	326	pt	vmw	challenge_SSA-MTE	hyp1	News	NaN	-1.305172085762024
326	327	pt	vmw	challenge_SSA-MTE	hyp1	News	NaN	-1.2878869771957397
327	328	pt	vmw	challenge_SSA-MTE	hyp1	News	NaN	-1.2878869771957397
328	329	pt	vmw	challenge_SSA-MTE	hyp1	News	NaN	-1.2878869771957397
329	330	pt	vmw	challenge_SSA-MTE	hyp1	News	NaN	-1.2878869771957397
330	331	pt	vmw	challenge_SSA-MTE	hyp1	News	NaN	-0.7458112835884094
331	332	pt	vmw	challenge_SSA-MTE	hyp1	News	NaN	-0.7458112835884094
332	333	pt	vmw	challenge_SSA-MTE	hyp1	News	NaN	-0.7458112835884094
333	334	pt	vmw	challenge_SSA-MTE	hyp1	News	NaN	-1.7955734729766846
334	335	pt	vmw	challenge_SSA-MTE	hyp1	News	NaN	-1.7955734729766846
335	336	pt	vmw	challenge_SSA-MTE	hyp1	News	NaN	-1.7955734729766846
336	337	pt	vmw	challenge_SSA-MTE	hyp1	News	NaN	-2.0108699798583984
337	338	pt	vmw	challenge_SSA-MTE	hyp1	News	NaN	-2.0108699798583984
338	339	pt	vmw	challenge_SSA-MTE	hyp1	News	NaN	-2.0108699798583984
339	340	pt	vmw	challenge_SSA-MTE	hyp1	News	NaN	-2.0108699798583984
340	341	pt	vmw	challenge_SSA-MTE	hyp1	News	NaN	-1.4969558715820312
341	342	pt	vmw	challenge_SSA-MTE	hyp1	News	NaN	-1.4969558715820312
342	343	pt	vmw	challenge_SSA-MTE	hyp1	News	NaN	-1.4969558715820312
343	344	pt	vmw	challenge_SSA-MTE	hyp1	News	NaN	-2.1496493816375732
344	345	pt	vmw	challenge_SSA-MTE	hyp1	News	NaN	-2.1496493816375732
345	346	pt	vmw	challenge_SSA-MTE	hyp1	News	NaN	-2.1496493816375732
346	347	pt	vmw	challenge_SSA-MTE	hyp1	News	NaN	-2.1496493816375732
347	348	pt	vmw	challenge_SSA-MTE	hyp1	News	NaN	-1.1957130432128906
348	349	pt	vmw	challenge_SSA-MTE	hyp1	News	NaN	-1.1957130432128906
349	350	pt	vmw	challenge_SSA-MTE	hyp1	News	NaN	-1.1957130432128906
350	351	pt	vmw	challenge_SSA-MTE	hyp1	News	NaN	-1.1957130432128906
351	352	pt	vmw	challenge_SSA-MTE	hyp1	News	NaN	-0.030899621546268463
352	353	pt	vmw	challenge_SSA-MTE	hyp1	News	NaN	-0.030899621546268463
353	354	pt	vmw	challenge_SSA-MTE	hyp1	News	NaN	-0.030899621546268463
354	355	pt	vmw	challenge_SSA-MTE	hyp1	News	NaN	-0.030899621546268463
355	356	pt	vmw	challenge_SSA-MTE	hyp1	News	NaN	-2.1359877586364746
356	357	pt	vmw	challenge_SSA-MTE	hyp1	News	NaN	-2.1359877586364746
357	358	pt	vmw	challenge_SSA-MTE	hyp1	News	NaN	-2.1359877586364746
358	359	pt	vmw	challenge_SSA-MTE	hyp1	News	NaN	-2.1359877586364746
359	360	pt	vmw	challenge_SSA-MTE	hyp1	News	NaN	-0.31775593757629395
360	361	pt	vmw	challenge_SSA-MTE	hyp1	News	NaN	-0.31775593757629395
361	362	pt	vmw	challenge_SSA-MTE	hyp1	News	NaN	-0.3177563548088074
362	363	pt	vmw	challenge_SSA-MTE	hyp1	News	NaN	-0.3177563548088074
363	364	pt	vmw	challenge_SSA-MTE	hyp1	News	NaN	-1.9268780946731567
364	365	pt	vmw	challenge_SSA-MTE	hyp1	News	NaN	-1.9268780946731567
365	366	pt	vmw	challenge_SSA-MTE	hyp1	News	NaN	-1.9268780946731567
366	367	pt	vmw	challenge_SSA-MTE	hyp1	News	NaN	-1.9268780946731567
367	368	pt	vmw	challenge_SSA-MTE	hyp1	News	NaN	-1.669240117073059
368	369	pt	vmw	challenge_SSA-MTE	hyp1	News	NaN	-1.669240117073059
369	370	pt	vmw	challenge_SSA-MTE	hyp1	News	NaN	-1.669240117073059
370	371	pt	vmw	challenge_SSA-MTE	hyp1	News	NaN	-1.669240117073059
371	372	pt	vmw	challenge_SSA-MTE	hyp1	News	NaN	-2.116910696029663
372	373	pt	vmw	challenge_SSA-MTE	hyp1	News	NaN	-2.116910934448242
373	374	pt	vmw	challenge_SSA-MTE	hyp1	News	NaN	-2.1169118881225586
374	375	pt	vmw	challenge_SSA-MTE	hyp1	News	NaN	-0.4267908036708832
375	376	pt	vmw	challenge_SSA-MTE	hyp1	News	NaN	-0.4267908036708832
376	377	pt	vmw	challenge_SSA-MTE	hyp1	News	NaN	-0.4267908036708832
377	378	pt	vmw	challenge_SSA-MTE	hyp1	News	NaN	-1.048143982887268
378	379	pt	vmw	challenge_SSA-MTE	hyp1	News	NaN	-1.048143982887268
379	380	pt	vmw	challenge_SSA-MTE	hyp1	News	NaN	-1.048143982887268
380	381	pt	vmw	challenge_SSA-MTE	hyp1	News	NaN	-1.0718060731887817
381	382	pt	vmw	challenge_SSA-MTE	hyp1	News	NaN	-1.0718060731887817
382	383	pt	vmw	challenge_SSA-MTE	hyp1	News	NaN	-0.8093813061714172
383	384	pt	vmw	challenge_SSA-MTE	hyp1	News	NaN	-0.8093763589859009
384	385	pt	vmw	challenge_SSA-MTE	hyp1	News	NaN	-0.8093763589859009
385	386	pt	vmw	challenge_SSA-MTE	hyp1	News	NaN	-0.272655725479126
386	387	pt	vmw	challenge_SSA-MTE	hyp1	News	NaN	-0.272655725479126
387	388	pt	vmw	challenge_SSA-MTE	hyp1	News	NaN	-0.272655725479126
388	389	pt	vmw	challenge_SSA-MTE	hyp1	News	NaN	-0.9251917004585266
389	390	pt	vmw	challenge_SSA-MTE	hyp1	News	NaN	-0.9251906275749207
390	391	pt	vmw	challenge_SSA-MTE	hyp1	News	NaN	-0.9251906275749207
391	392	pt	vmw	challenge_SSA-MTE	hyp1	News	NaN	-0.9251930117607117
392	393	pt	vmw	challenge_SSA-MTE	hyp1	News	NaN	-0.6067811250686646
393	394	pt	vmw	challenge_SSA-MTE	hyp1	News	NaN	-0.6067811250686646
394	395	pt	vmw	challenge_SSA-MTE	hyp1	News	NaN	-0.6067811250686646
395	396	pt	vmw	challenge_SSA-MTE	hyp1	News	NaN	-0.10587524622678757
396	397	pt	vmw	challenge_SSA-MTE	hyp1	News	NaN	-0.10587524622678757
397	398	pt	vmw	challenge_SSA-MTE	hyp1	News	NaN	-0.10587524622678757
398	399	pt	vmw	challenge_SSA-MTE	hyp1	News	NaN	-0.10587524622678757
399	400	pt	vmw	challenge_SSA-MTE	hyp1	News	NaN	-0.3861938714981079
400	401	pt	vmw	challenge_SSA-MTE	hyp1	News	NaN	-0.3861938714981079
401	402	pt	vmw	challenge_SSA-MTE	hyp1	News	NaN	-0.3861938714981079
402	403	pt	vmw	challenge_SSA-MTE	hyp1	News	NaN	-0.2719324827194214
403	404	pt	vmw	challenge_SSA-MTE	hyp1	News	NaN	-0.2719324827194214
404	405	pt	vmw	challenge_SSA-MTE	hyp1	News	NaN	-0.2719324827194214
405	406	pt	vmw	challenge_SSA-MTE	hyp1	News	NaN	-0.791295051574707
406	407	pt	vmw	challenge_SSA-MTE	hyp1	News	NaN	-0.791294276714325
407	408	pt	vmw	challenge_SSA-MTE	hyp1	News	NaN	-0.791294276714325
408	409	pt	vmw	challenge_SSA-MTE	hyp1	News	NaN	-0.791294276714325
409	410	pt	vmw	challenge_SSA-MTE	hyp1	News	NaN	-0.796501874923706
410	411	pt	vmw	challenge_SSA-MTE	hyp1	News	NaN	-0.796501874923706
411	412	pt	vmw	challenge_SSA-MTE	hyp1	News	NaN	-0.796501874923706
412	413	pt	vmw	challenge_SSA-MTE	hyp1	News	NaN	-1.9926306009292603
413	414	pt	vmw	challenge_SSA-MTE	hyp1	News	NaN	-1.9926308393478394
414	415	pt	vmw	challenge_SSA-MTE	hyp1	News	NaN	-1.9926308393478394
415	416	pt	vmw	challenge_SSA-MTE	hyp1	News	NaN	-1.1750272512435913
416	417	pt	vmw	challenge_SSA-MTE	hyp1	News	NaN	-1.1750272512435913
417	418	pt	vmw	challenge_SSA-MTE	hyp1	News	NaN	-1.175024151802063
418	419	pt	vmw	challenge_SSA-MTE	hyp1	News	NaN	-1.175024151802063
419	420	pt	vmw	challenge_SSA-MTE	hyp1	News	NaN	-0.621396541595459
420	421	pt	vmw	challenge_SSA-MTE	hyp1	News	NaN	-0.621396541595459
421	422	pt	vmw	challenge_SSA-MTE	hyp1	News	NaN	-0.621396541595459
422	423	pt	vmw	challenge_SSA-MTE	hyp1	News	NaN	-1.4427406787872314
423	424	pt	vmw	challenge_SSA-MTE	hyp1	News	NaN	-1.4427406787872314
424	425	pt	vmw	challenge_SSA-MTE	hyp1	News	NaN	-1.4427406787872314
425	426	pt	vmw	challenge_SSA-MTE	hyp1	News	NaN	-1.4427406787872314
426	427	pt	vmw	challenge_SSA-MTE	hyp1	News	NaN	-1.460253357887268
427	428	pt	vmw	challenge_SSA-MTE	hyp1	News	NaN	-1.460253357887268
428	429	pt	vmw	challenge_SSA-MTE	hyp1	News	NaN	-1.460253357887268
429	430	pt	vmw	challenge_SSA-MTE	hyp1	News	NaN	-1.460253357887268
430	431	pt	vmw	challenge_SSA-MTE	hyp1	News	NaN	-0.4919942617416382
431	432	pt	vmw	challenge_SSA-MTE	hyp1	News	NaN	-0.4919942617416382
432	433	pt	vmw	challenge_SSA-MTE	hyp1	News	NaN	-0.4919942617416382
433	434	pt	vmw	challenge_SSA-MTE	hyp1	News	NaN	-0.4919942617416382
434	435	pt	vmw	challenge_SSA-MTE	hyp1	News	NaN	-1.688625454902649
435	436	pt	vmw	challenge_SSA-MTE	hyp1	News	NaN	-1.688625454902649
436	437	pt	vmw	challenge_SSA-MTE	hyp1	News	NaN	-1.688625454902649
437	438	pt	vmw	challenge_SSA-MTE	hyp1	News	NaN	-1.688625454902649
438	439	pt	vmw	challenge_SSA-MTE	hyp1	News	NaN	-1.7405781745910645
439	440	pt	vmw	challenge_SSA-MTE	hyp1	News	NaN	-1.7405790090560913
440	441	pt	vmw	challenge_SSA-MTE	hyp1	News	NaN	-1.7405790090560913
441	442	pt	vmw	challenge_SSA-MTE	hyp1	News	NaN	-1.7405790090560913
442	443	pt	vmw	challenge_SSA-MTE	hyp1	News	NaN	-1.6139928102493286
443	444	pt	vmw	challenge_SSA-MTE	hyp1	News	NaN	-1.6139928102493286
444	445	pt	vmw	challenge_SSA-MTE	hyp1	News	NaN	-1.6139928102493286
445	446	pt	vmw	challenge_SSA-MTE	hyp1	News	NaN	-1.6139932870864868
446	447	pt	vmw	challenge_SSA-MTE	hyp1	News	NaN	-1.592192530632019
447	448	pt	vmw	challenge_SSA-MTE	hyp1	News	NaN	-1.592192530632019
448	449	pt	vmw	challenge_SSA-MTE	hyp1	News	NaN	-1.592192530632019
449	450	pt	vmw	challenge_SSA-MTE	hyp1	News	NaN	-1.592192530632019
450	451	pt	vmw	challenge_SSA-MTE	hyp1	News	NaN	-1.5122729539871216
451	452	pt	vmw	challenge_SSA-MTE	hyp1	News	NaN	-1.5122729539871216
452	453	pt	vmw	challenge_SSA-MTE	hyp1	News	NaN	-1.5122729539871216
453	454	pt	vmw	challenge_SSA-MTE	hyp1	News	NaN	-1.5122729539871216
454	455	pt	vmw	challenge_SSA-MTE	hyp1	News	NaN	-0.4476802945137024
455	456	pt	vmw	challenge_SSA-MTE	hyp1	News	NaN	-0.4476802945137024
456	457	pt	vmw	challenge_SSA-MTE	hyp1	News	NaN	-0.4476802945137024
457	458	pt	vmw	challenge_SSA-MTE	hyp1	News	NaN	-0.4476802945137024
458	459	pt	vmw	challenge_SSA-MTE	hyp1	News	NaN	-0.22771069407463074
459	460	pt	vmw	challenge_SSA-MTE	hyp1	News	NaN	-0.22771117091178894
460	461	pt	vmw	challenge_SSA-MTE	hyp1	News	NaN	-0.22771117091178894
461	462	pt	vmw	challenge_SSA-MTE	hyp1	News	NaN	-0.22771069407463074
462	463	pt	vmw	challenge_SSA-MTE	hyp1	News	NaN	-1.5651884078979492
463	464	pt	vmw	challenge_SSA-MTE	hyp1	News	NaN	-1.5651884078979492
464	465	pt	vmw	challenge_SSA-MTE	hyp1	News	NaN	-1.5651886463165283
465	466	pt	vmw	challenge_SSA-MTE	hyp1	News	NaN	-1.5651886463165283
466	467	pt	vmw	challenge_SSA-MTE	hyp1	News	NaN	-0.12897956371307373
467	468	pt	vmw	challenge_SSA-MTE	hyp1	News	NaN	-0.12897956371307373
468	469	pt	vmw	challenge_SSA-MTE	hyp1	News	NaN	-1.4188367128372192
469	470	pt	vmw	challenge_SSA-MTE	hyp1	News	NaN	-1.4188367128372192
470	471	pt	vmw	challenge_SSA-MTE	hyp1	News	NaN	-1.4188367128372192
471	472	pt	vmw	challenge_SSA-MTE	hyp1	News	NaN	-1.4188367128372192
472	473	pt	vmw	challenge_SSA-MTE	hyp1	News	NaN	-0.646136462688446
473	474	pt	vmw	challenge_SSA-MTE	hyp1	News	NaN	-0.646136462688446
474	475	pt	vmw	challenge_SSA-MTE	hyp1	News	NaN	-0.646136462688446
475	476	pt	vmw	challenge_SSA-MTE	hyp1	News	NaN	-0.646136462688446
476	477	pt	vmw	challenge_SSA-MTE	hyp1	News	NaN	-0.032543689012527466
477	478	pt	vmw	challenge_SSA-MTE	hyp1	News	NaN	-0.032543689012527466
478	479	pt	vmw	challenge_SSA-MTE	hyp1	News	NaN	-0.032543689012527466
479	480	pt	vmw	challenge_SSA-MTE	hyp1	News	NaN	-0.032543689012527466
480	481	pt	vmw	challenge_SSA-MTE	hyp1	News	NaN	-0.6425446271896362
481	482	pt	vmw	challenge_SSA-MTE	hyp1	News	NaN	-0.6425446271896362
482	483	pt	vmw	challenge_SSA-MTE	hyp1	News	NaN	-0.6425446271896362
483	484	pt	vmw	challenge_SSA-MTE	hyp1	News	NaN	-0.6425446271896362
484	485	pt	vmw	challenge_SSA-MTE	hyp1	News	NaN	-0.5276776552200317
485	486	pt	vmw	challenge_SSA-MTE	hyp1	News	NaN	-0.5276776552200317
486	487	pt	vmw	challenge_SSA-MTE	hyp1	News	NaN	-0.5276776552200317
487	488	pt	vmw	challenge_SSA-MTE	hyp1	News	NaN	-0.5276755690574646
488	489	pt	vmw	challenge_SSA-MTE	hyp1	News	NaN	-1.2129451036453247
489	490	pt	vmw	challenge_SSA-MTE	hyp1	News	NaN	-1.2129451036453247
490	491	pt	vmw	challenge_SSA-MTE	hyp1	News	NaN	-1.2129451036453247
491	492	pt	vmw	challenge_SSA-MTE	hyp1	News	NaN	-1.2129451036453247
492	493	pt	vmw	challenge_SSA-MTE	hyp1	News	NaN	-0.8018821477890015
493	494	pt	vmw	challenge_SSA-MTE	hyp1	News	NaN	-0.8018821477890015
494	495	pt	vmw	challenge_SSA-MTE	hyp1	News	NaN	-0.8018832206726074
495	496	pt	vmw	challenge_SSA-MTE	hyp1	News	NaN	-0.8018821477890015
496	497	pt	vmw	challenge_SSA-MTE	hyp1	News	NaN	-0.6316348314285278
497	498	pt	vmw	challenge_SSA-MTE	hyp1	News	NaN	-0.6316349506378174
498	499	pt	vmw	challenge_SSA-MTE	hyp1	News	NaN	-0.6316348314285278
499	500	pt	vmw	challenge_SSA-MTE	hyp1	News	NaN	-0.6316349506378174
500	501	pt	vmw	challenge_SSA-MTE	hyp1	News	NaN	-1.2819103002548218
501	502	pt	vmw	challenge_SSA-MTE	hyp1	News	NaN	-1.2819103002548218
502	503	pt	vmw	challenge_SSA-MTE	hyp1	News	NaN	-1.2819103002548218
503	504	pt	vmw	challenge_SSA-MTE	hyp1	News	NaN	-0.31250131130218506
504	505	pt	vmw	challenge_SSA-MTE	hyp1	News	NaN	-0.31250131130218506
505	506	pt	vmw	challenge_SSA-MTE	hyp1	News	NaN	-0.31250131130218506
506	507	pt	vmw	challenge_SSA-MTE	hyp1	News	NaN	-0.9875704050064087
507	508	pt	vmw	challenge_SSA-MTE	hyp1	News	NaN	-0.9875704050064087
508	509	pt	vmw	challenge_SSA-MTE	hyp1	News	NaN	-0.9875704050064087
509	510	pt	vmw	challenge_SSA-MTE	hyp1	News	NaN	-0.11183888465166092
510	511	pt	vmw	challenge_SSA-MTE	hyp1	News	NaN	-0.11183973401784897
511	512	pt	vmw	challenge_SSA-MTE	hyp1	News	NaN	-0.11183973401784897
512	513	pt	vmw	challenge_SSA-MTE	hyp1	News	NaN	-0.11183888465166092
513	514	pt	vmw	challenge_SSA-MTE	hyp1	News	NaN	-0.7754560112953186
514	515	pt	vmw	challenge_SSA-MTE	hyp1	News	NaN	-0.7754560112953186
515	516	pt	vmw	challenge_SSA-MTE	hyp1	News	NaN	-0.7754560112953186
516	517	pt	vmw	challenge_SSA-MTE	hyp1	News	NaN	-0.7754560112953186
517	518	pt	vmw	challenge_SSA-MTE	hyp1	News	NaN	0.13465136289596558
518	519	pt	vmw	challenge_SSA-MTE	hyp1	News	NaN	0.13465136289596558
519	520	pt	vmw	challenge_SSA-MTE	hyp1	News	NaN	0.1346501111984253
520	521	pt	vmw	challenge_SSA-MTE	hyp1	News	NaN	-0.8370233774185181
521	522	pt	vmw	challenge_SSA-MTE	hyp1	News	NaN	-0.8370233774185181
522	523	pt	vmw	challenge_SSA-MTE	hyp1	News	NaN	-0.8370233774185181
523	524	pt	vmw	challenge_SSA-MTE	hyp1	News	NaN	-0.8370233774185181
524	525	pt	vmw	challenge_SSA-MTE	hyp1	News	NaN	-0.2309049665927887
525	526	pt	vmw	challenge_SSA-MTE	hyp1	News	NaN	-0.2309049665927887
526	527	pt	vmw	challenge_SSA-MTE	hyp1	News	NaN	-0.2309049665927887
527	528	pt	vmw	challenge_SSA-MTE	hyp1	News	NaN	-0.23090492188930511
528	529	pt	vmw	challenge_SSA-MTE	hyp1	News	NaN	-0.19196653366088867
529	530	pt	vmw	challenge_SSA-MTE	hyp1	News	NaN	-0.19196653366088867
530	531	pt	vmw	challenge_SSA-MTE	hyp1	News	NaN	-0.31906139850616455
531	532	pt	vmw	challenge_SSA-MTE	hyp1	News	NaN	-0.31906139850616455
532	533	pt	vmw	challenge_SSA-MTE	hyp1	News	NaN	-0.3190600872039795
533	534	pt	vmw	challenge_SSA-MTE	hyp1	News	NaN	-0.31906139850616455
534	535	pt	vmw	challenge_SSA-MTE	hyp1	News	NaN	-1.3774027824401855
535	536	pt	vmw	challenge_SSA-MTE	hyp1	News	NaN	-1.3774027824401855
536	537	pt	vmw	challenge_SSA-MTE	hyp1	News	NaN	-1.3774027824401855
537	538	pt	vmw	challenge_SSA-MTE	hyp1	News	NaN	-1.3774027824401855
538	539	pt	vmw	challenge_SSA-MTE	hyp1	News	NaN	-1.6051894426345825
539	540	pt	vmw	challenge_SSA-MTE	hyp1	News	NaN	-1.6051894426345825
540	541	pt	vmw	challenge_SSA-MTE	hyp1	News	NaN	-1.6051894426345825
541	542	pt	vmw	challenge_SSA-MTE	hyp1	News	NaN	-1.6051894426345825
542	543	pt	vmw	challenge_SSA-MTE	hyp1	News	NaN	-1.1262717247009277
543	544	pt	vmw	challenge_SSA-MTE	hyp1	News	NaN	-1.1262717247009277
544	545	pt	vmw	challenge_SSA-MTE	hyp1	News	NaN	-1.1262717247009277
545	546	pt	vmw	challenge_SSA-MTE	hyp1	News	NaN	-1.1262717247009277
546	547	pt	vmw	challenge_SSA-MTE	hyp1	News	NaN	-0.28509265184402466
547	548	pt	vmw	challenge_SSA-MTE	hyp1	News	NaN	-0.28509265184402466
548	549	pt	vmw	challenge_SSA-MTE	hyp1	News	NaN	-0.28509265184402466
549	550	pt	vmw	challenge_SSA-MTE	hyp1	News	NaN	-0.8657050132751465
550	551	pt	vmw	challenge_SSA-MTE	hyp1	News	NaN	-0.8657050132751465
551	552	pt	vmw	challenge_SSA-MTE	hyp1	News	NaN	-0.8657050132751465
552	553	pt	vmw	challenge_SSA-MTE	hyp1	News	NaN	-0.8657050132751465
553	554	pt	vmw	challenge_SSA-MTE	hyp1	News	NaN	-0.28585368394851685
554	555	pt	vmw	challenge_SSA-MTE	hyp1	News	NaN	-0.28585368394851685
555	556	pt	vmw	challenge_SSA-MTE	hyp1	News	NaN	-0.28585368394851685
556	557	pt	vmw	challenge_SSA-MTE	hyp1	News	NaN	-0.28585368394851685
557	558	pt	vmw	challenge_SSA-MTE	hyp1	News	NaN	-0.3491789698600769
558	559	pt	vmw	challenge_SSA-MTE	hyp1	News	NaN	-0.3491789698600769
559	560	pt	vmw	challenge_SSA-MTE	hyp1	News	NaN	-0.3491789698600769
560	561	pt	vmw	challenge_SSA-MTE	hyp1	News	NaN	-0.3491789698600769
561	562	pt	vmw	challenge_SSA-MTE	hyp1	News	NaN	-0.8559495210647583
562	563	pt	vmw	challenge_SSA-MTE	hyp1	News	NaN	-0.8559495210647583
563	564	pt	vmw	challenge_SSA-MTE	hyp1	News	NaN	-0.8559495210647583
564	565	pt	vmw	challenge_SSA-MTE	hyp1	News	NaN	-0.8559495210647583
565	566	pt	vmw	challenge_SSA-MTE	hyp1	News	NaN	-0.3516397476196289
566	567	pt	vmw	challenge_SSA-MTE	hyp1	News	NaN	-0.3516397476196289
567	568	pt	vmw	challenge_SSA-MTE	hyp1	News	NaN	-0.3516397476196289
568	569	pt	vmw	challenge_SSA-MTE	hyp1	News	NaN	-0.3516397476196289
569	570	pt	vmw	challenge_SSA-MTE	hyp1	News	NaN	-0.35775721073150635
570	571	pt	vmw	challenge_SSA-MTE	hyp1	News	NaN	-0.35775721073150635
571	572	pt	vmw	challenge_SSA-MTE	hyp1	News	NaN	-0.35775721073150635
572	573	pt	vmw	challenge_SSA-MTE	hyp1	News	NaN	-0.35775721073150635
573	574	pt	vmw	challenge_SSA-MTE	hyp1	News	NaN	-0.31294193863868713
574	575	pt	vmw	challenge_SSA-MTE	hyp1	News	NaN	-0.31294193863868713
575	576	pt	vmw	challenge_SSA-MTE	hyp1	News	NaN	-0.3129410743713379
576	577	pt	vmw	challenge_SSA-MTE	hyp1	News	NaN	-0.31294193863868713
577	578	pt	vmw	challenge_SSA-MTE	hyp1	News	NaN	-1.275290608406067
578	579	pt	vmw	challenge_SSA-MTE	hyp1	News	NaN	-1.275280475616455
579	580	pt	vmw	challenge_SSA-MTE	hyp1	News	NaN	-1.275280475616455
580	581	pt	vmw	challenge_SSA-MTE	hyp1	News	NaN	-1.275280475616455
581	582	pt	vmw	challenge_SSA-MTE	hyp1	News	NaN	-1.9924317598342896
582	583	pt	vmw	challenge_SSA-MTE	hyp1	News	NaN	-1.9924317598342896
583	584	pt	vmw	challenge_SSA-MTE	hyp1	News	NaN	-1.9924317598342896
584	585	pt	vmw	challenge_SSA-MTE	hyp1	News	NaN	-1.9924317598342896
585	586	pt	vmw	challenge_SSA-MTE	hyp1	News	NaN	-1.5523855686187744
586	587	pt	vmw	challenge_SSA-MTE	hyp1	News	NaN	-1.5523855686187744
587	588	pt	vmw	challenge_SSA-MTE	hyp1	News	NaN	-1.5523855686187744
588	589	pt	vmw	challenge_SSA-MTE	hyp1	News	NaN	-1.5523855686187744
589	590	pt	vmw	challenge_SSA-MTE	hyp1	News	NaN	-2.0110442638397217
590	591	pt	vmw	challenge_SSA-MTE	hyp1	News	NaN	-2.0110442638397217
591	592	pt	vmw	challenge_SSA-MTE	hyp1	News	NaN	-2.0110442638397217
592	593	pt	vmw	challenge_SSA-MTE	hyp1	News	NaN	-2.0110442638397217
593	594	pt	vmw	challenge_SSA-MTE	hyp1	News	NaN	-1.1691471338272095
594	595	pt	vmw	challenge_SSA-MTE	hyp1	News	NaN	-1.1691471338272095
595	596	pt	vmw	challenge_SSA-MTE	hyp1	News	NaN	-1.1691490411758423
596	597	pt	vmw	challenge_SSA-MTE	hyp1	News	NaN	-1.5907034873962402
597	598	pt	vmw	challenge_SSA-MTE	hyp1	News	NaN	-1.5907034873962402
598	599	pt	vmw	challenge_SSA-MTE	hyp1	News	NaN	-1.5907034873962402
599	600	pt	vmw	challenge_SSA-MTE	hyp1	News	NaN	-1.3419517278671265
600	601	pt	vmw	challenge_SSA-MTE	hyp1	News	NaN	-1.3419517278671265
601	602	pt	vmw	challenge_SSA-MTE	hyp1	News	NaN	-1.3419517278671265
602	603	pt	vmw	challenge_SSA-MTE	hyp1	News	NaN	-1.3419517278671265
603	604	pt	vmw	challenge_SSA-MTE	hyp1	News	NaN	-1.6230963468551636
604	605	pt	vmw	challenge_SSA-MTE	hyp1	News	NaN	-1.6230963468551636
605	606	pt	vmw	challenge_SSA-MTE	hyp1	News	NaN	-1.6230963468551636
606	607	pt	vmw	challenge_SSA-MTE	hyp1	News	NaN	-1.6230963468551636
607	608	pt	vmw	challenge_SSA-MTE	hyp1	News	NaN	-1.3258789777755737
608	609	pt	vmw	challenge_SSA-MTE	hyp1	News	NaN	-1.3258789777755737
609	610	pt	vmw	challenge_SSA-MTE	hyp1	News	NaN	-1.3258789777755737
610	611	pt	vmw	challenge_SSA-MTE	hyp1	News	NaN	-1.3258789777755737
611	612	pt	vmw	challenge_SSA-MTE	hyp1	News	NaN	-0.9646415710449219
612	613	pt	vmw	challenge_SSA-MTE	hyp1	News	NaN	-0.9646415710449219
613	614	pt	vmw	challenge_SSA-MTE	hyp1	News	NaN	-0.9646415710449219
614	615	pt	vmw	challenge_SSA-MTE	hyp1	News	NaN	-0.9646415710449219
615	616	pt	vmw	challenge_SSA-MTE	hyp1	News	NaN	-0.09873168170452118
616	617	pt	vmw	challenge_SSA-MTE	hyp1	News	NaN	-0.09873168170452118
617	618	pt	vmw	challenge_SSA-MTE	hyp1	News	NaN	-0.09873168170452118
618	619	pt	vmw	challenge_SSA-MTE	hyp1	News	NaN	-0.09873168170452118
619	620	pt	vmw	challenge_SSA-MTE	hyp1	News	NaN	-1.108627438545227
620	621	pt	vmw	challenge_SSA-MTE	hyp1	News	NaN	-1.108627438545227
621	622	pt	vmw	challenge_SSA-MTE	hyp1	News	NaN	-1.108627438545227
622	623	pt	vmw	challenge_SSA-MTE	hyp1	News	NaN	-1.108627438545227
623	624	pt	vmw	challenge_SSA-MTE	hyp1	News	NaN	-0.2513628304004669
624	625	pt	vmw	challenge_SSA-MTE	hyp1	News	NaN	-0.2513628304004669
625	626	pt	vmw	challenge_SSA-MTE	hyp1	News	NaN	-0.2513628304004669
626	627	pt	vmw	challenge_SSA-MTE	hyp1	News	NaN	-0.2513628304004669
627	628	pt	vmw	challenge_SSA-MTE	hyp1	News	NaN	-1.9073656797409058
628	629	pt	vmw	challenge_SSA-MTE	hyp1	News	NaN	-1.9073656797409058
629	630	pt	vmw	challenge_SSA-MTE	hyp1	News	NaN	-1.9073656797409058
630	631	pt	vmw	challenge_SSA-MTE	hyp1	News	NaN	-1.9073656797409058
631	632	pt	vmw	challenge_SSA-MTE	hyp1	News	NaN	-1.0398162603378296
632	633	pt	vmw	challenge_SSA-MTE	hyp1	News	NaN	-1.0398162603378296
633	634	pt	vmw	challenge_SSA-MTE	hyp1	News	NaN	-1.0398162603378296
634	635	pt	vmw	challenge_SSA-MTE	hyp1	News	NaN	-1.0398162603378296
635	636	pt	vmw	challenge_SSA-MTE	hyp1	News	NaN	-1.286634922027588
636	637	pt	vmw	challenge_SSA-MTE	hyp1	News	NaN	-1.286634922027588
637	638	pt	vmw	challenge_SSA-MTE	hyp1	News	NaN	-1.286634922027588
638	639	pt	vmw	challenge_SSA-MTE	hyp1	News	NaN	-1.286634922027588
639	640	pt	vmw	challenge_SSA-MTE	hyp1	News	NaN	-1.6615824699401855
640	641	pt	vmw	challenge_SSA-MTE	hyp1	News	NaN	-1.6615824699401855
641	642	pt	vmw	challenge_SSA-MTE	hyp1	News	NaN	-1.6615824699401855
642	643	pt	vmw	challenge_SSA-MTE	hyp1	News	NaN	-1.6615824699401855
643	644	pt	vmw	challenge_SSA-MTE	hyp1	News	NaN	-1.2643815279006958
644	645	pt	vmw	challenge_SSA-MTE	hyp1	News	NaN	-1.2643815279006958
645	646	pt	vmw	challenge_SSA-MTE	hyp1	News	NaN	-1.2643815279006958
646	647	pt	vmw	challenge_SSA-MTE	hyp1	News	NaN	-1.0077037811279297
647	648	pt	vmw	challenge_SSA-MTE	hyp1	News	NaN	-1.0077037811279297
648	649	pt	vmw	challenge_SSA-MTE	hyp1	News	NaN	-1.0077037811279297
649	650	pt	vmw	challenge_SSA-MTE	hyp1	News	NaN	-1.0077037811279297
650	651	pt	vmw	challenge_SSA-MTE	hyp1	News	NaN	-1.072740912437439
651	652	pt	vmw	challenge_SSA-MTE	hyp1	News	NaN	-1.0727418661117554
652	653	pt	vmw	challenge_SSA-MTE	hyp1	News	NaN	-1.072740912437439
653	654	pt	vmw	challenge_SSA-MTE	hyp1	News	NaN	-1.0727412700653076
654	655	pt	vmw	challenge_SSA-MTE	hyp1	News	NaN	-1.2611397504806519
655	656	pt	vmw	challenge_SSA-MTE	hyp1	News	NaN	-1.2611397504806519
656	657	pt	vmw	challenge_SSA-MTE	hyp1	News	NaN	-1.2611397504806519
657	658	pt	vmw	challenge_SSA-MTE	hyp1	News	NaN	-1.2611397504806519
658	659	pt	vmw	challenge_SSA-MTE	hyp1	News	NaN	-0.9447659254074097
659	660	pt	vmw	challenge_SSA-MTE	hyp1	News	NaN	-0.9447659254074097
660	661	pt	vmw	challenge_SSA-MTE	hyp1	News	NaN	-0.9447659254074097
661	662	pt	vmw	challenge_SSA-MTE	hyp1	News	NaN	-0.9447659254074097
662	663	pt	vmw	challenge_SSA-MTE	hyp1	News	NaN	-0.9115432500839233
663	664	pt	vmw	challenge_SSA-MTE	hyp1	News	NaN	-0.9115432500839233
664	665	pt	vmw	challenge_SSA-MTE	hyp1	News	NaN	-0.9115432500839233
665	666	pt	vmw	challenge_SSA-MTE	hyp1	News	NaN	-0.9115432500839233
666	667	pt	vmw	challenge_SSA-MTE	hyp1	News	NaN	-1.4204646348953247
667	668	pt	vmw	challenge_SSA-MTE	hyp1	News	NaN	-1.4204643964767456
668	669	pt	vmw	challenge_SSA-MTE	hyp1	News	NaN	-1.4204643964767456
669	670	pt	vmw	challenge_SSA-MTE	hyp1	News	NaN	-1.4204643964767456
670	671	pt	vmw	challenge_SSA-MTE	hyp1	News	NaN	0.24832865595817566
671	672	pt	vmw	challenge_SSA-MTE	hyp1	News	NaN	0.24832865595817566
672	673	pt	vmw	challenge_SSA-MTE	hyp1	News	NaN	0.24832865595817566
673	674	pt	vmw	challenge_SSA-MTE	hyp1	News	NaN	0.24832865595817566
674	675	pt	vmw	challenge_SSA-MTE	hyp1	News	NaN	-0.9813596606254578
675	676	pt	vmw	challenge_SSA-MTE	hyp1	News	NaN	-0.9813596606254578
676	677	pt	vmw	challenge_SSA-MTE	hyp1	News	NaN	-0.9813596606254578
677	678	pt	vmw	challenge_SSA-MTE	hyp1	News	NaN	-0.9813612699508667
678	679	pt	vmw	challenge_SSA-MTE	hyp1	News	NaN	-1.6126517057418823
679	680	pt	vmw	challenge_SSA-MTE	hyp1	News	NaN	-1.6126517057418823
680	681	pt	vmw	challenge_SSA-MTE	hyp1	News	NaN	-1.6126517057418823
681	682	pt	vmw	challenge_SSA-MTE	hyp1	News	NaN	-1.6126517057418823
682	683	pt	vmw	challenge_SSA-MTE	hyp1	News	NaN	-0.681476354598999
683	684	pt	vmw	challenge_SSA-MTE	hyp1	News	NaN	-0.681476354598999
684	685	pt	vmw	challenge_SSA-MTE	hyp1	News	NaN	-0.681476354598999
685	686	pt	vmw	challenge_SSA-MTE	hyp1	News	NaN	-0.681476354598999
686	687	pt	vmw	challenge_SSA-MTE	hyp1	News	NaN	-1.5598993301391602
687	688	pt	vmw	challenge_SSA-MTE	hyp1	News	NaN	-1.5598993301391602
688	689	pt	vmw	challenge_SSA-MTE	hyp1	News	NaN	-1.5598993301391602
689	690	pt	vmw	challenge_SSA-MTE	hyp1	News	NaN	-1.5598993301391602
690	691	pt	vmw	challenge_SSA-MTE	hyp1	News	NaN	-1.479675054550171
691	692	pt	vmw	challenge_SSA-MTE	hyp1	News	NaN	-1.479675054550171
692	693	pt	vmw	challenge_SSA-MTE	hyp1	News	NaN	-1.479675054550171
693	694	pt	vmw	challenge_SSA-MTE	hyp1	News	NaN	-1.479675054550171
694	695	pt	vmw	challenge_SSA-MTE	hyp1	News	NaN	-1.3195611238479614
695	696	pt	vmw	challenge_SSA-MTE	hyp1	News	NaN	-1.3195611238479614
696	697	pt	vmw	challenge_SSA-MTE	hyp1	News	NaN	-1.3195611238479614
697	698	pt	vmw	challenge_SSA-MTE	hyp1	News	NaN	-1.3195611238479614
698	699	pt	vmw	challenge_SSA-MTE	hyp1	News	NaN	0.1279641091823578
699	700	pt	vmw	challenge_SSA-MTE	hyp1	News	NaN	0.1279641091823578
700	701	pt	vmw	challenge_SSA-MTE	hyp1	News	NaN	0.1279641091823578
701	702	pt	vmw	challenge_SSA-MTE	hyp1	News	NaN	0.12796734273433685
702	703	pt	vmw	challenge_SSA-MTE	hyp1	News	NaN	-0.7580453157424927
703	704	pt	vmw	challenge_SSA-MTE	hyp1	News	NaN	-0.7580453157424927
704	705	pt	vmw	challenge_SSA-MTE	hyp1	News	NaN	-0.7580453157424927
705	706	pt	vmw	challenge_SSA-MTE	hyp1	News	NaN	-0.7580453157424927
706	707	pt	vmw	challenge_SSA-MTE	hyp1	News	NaN	-0.8816754221916199
707	708	pt	vmw	challenge_SSA-MTE	hyp1	News	NaN	-0.8816754221916199
708	709	pt	vmw	challenge_SSA-MTE	hyp1	News	NaN	-0.8816754221916199
709	710	pt	vmw	challenge_SSA-MTE	hyp1	News	NaN	-0.8816754221916199
710	711	pt	vmw	challenge_SSA-MTE	hyp1	News	NaN	-1.915682315826416
711	712	pt	vmw	challenge_SSA-MTE	hyp1	News	NaN	-1.9156817197799683
712	713	pt	vmw	challenge_SSA-MTE	hyp1	News	NaN	-1.9156817197799683
713	714	pt	vmw	challenge_SSA-MTE	hyp1	News	NaN	-1.915682315826416
714	715	pt	vmw	challenge_SSA-MTE	hyp1	News	NaN	-0.3090079128742218
715	716	pt	vmw	challenge_SSA-MTE	hyp1	News	NaN	-0.3090079128742218
716	717	pt	vmw	challenge_SSA-MTE	hyp1	News	NaN	-1.1828662157058716
717	718	pt	vmw	challenge_SSA-MTE	hyp1	News	NaN	-1.1828662157058716
718	719	pt	vmw	challenge_SSA-MTE	hyp1	News	NaN	-1.1828662157058716
719	720	pt	vmw	challenge_SSA-MTE	hyp1	News	NaN	-1.1828662157058716
720	721	pt	vmw	challenge_SSA-MTE	hyp1	News	NaN	-0.4358496069908142
721	722	pt	vmw	challenge_SSA-MTE	hyp1	News	NaN	-0.4358496069908142
722	723	pt	vmw	challenge_SSA-MTE	hyp1	News	NaN	-0.4358496069908142
723	724	pt	vmw	challenge_SSA-MTE	hyp1	News	NaN	-1.4961899518966675
724	725	pt	vmw	challenge_SSA-MTE	hyp1	News	NaN	-1.4961899518966675
725	726	pt	vmw	challenge_SSA-MTE	hyp1	News	NaN	-1.4961899518966675
726	727	pt	vmw	challenge_SSA-MTE	hyp1	News	NaN	-1.4961899518966675
727	728	pt	vmw	challenge_SSA-MTE	hyp1	News	NaN	-0.34275397658348083
728	729	pt	vmw	challenge_SSA-MTE	hyp1	News	NaN	-0.34275397658348083
729	730	pt	vmw	challenge_SSA-MTE	hyp1	News	NaN	-0.34275397658348083
730	731	pt	vmw	challenge_SSA-MTE	hyp1	News	NaN	-1.2956629991531372
731	732	pt	vmw	challenge_SSA-MTE	hyp1	News	NaN	-1.2956629991531372
732	733	pt	vmw	challenge_SSA-MTE	hyp1	News	NaN	-1.2956629991531372
733	734	pt	vmw	challenge_SSA-MTE	hyp1	News	NaN	-1.2956629991531372
734	735	pt	vmw	challenge_SSA-MTE	hyp1	News	NaN	-0.7746464014053345
735	736	pt	vmw	challenge_SSA-MTE	hyp1	News	NaN	-0.7746464014053345
736	737	pt	vmw	challenge_SSA-MTE	hyp1	News	NaN	-0.7746455073356628
737	738	pt	vmw	challenge_SSA-MTE	hyp1	News	NaN	-0.7746455073356628
738	739	pt	vmw	challenge_SSA-MTE	hyp1	News	NaN	-1.1657036542892456
739	740	pt	vmw	challenge_SSA-MTE	hyp1	News	NaN	-1.1657036542892456
740	741	pt	vmw	challenge_SSA-MTE	hyp1	News	NaN	-1.1657036542892456
741	742	pt	vmw	challenge_SSA-MTE	hyp1	News	NaN	-1.6659114360809326
742	743	pt	vmw	challenge_SSA-MTE	hyp1	News	NaN	-1.6659114360809326
743	744	pt	vmw	challenge_SSA-MTE	hyp1	News	NaN	-1.6659114360809326
744	745	pt	vmw	challenge_SSA-MTE	hyp1	News	NaN	-1.6659114360809326
745	746	pt	vmw	challenge_SSA-MTE	hyp1	News	NaN	-1.0544670820236206
746	747	pt	vmw	challenge_SSA-MTE	hyp1	News	NaN	-1.054465889930725
747	748	pt	vmw	challenge_SSA-MTE	hyp1	News	NaN	-1.0544670820236206
748	749	pt	vmw	challenge_SSA-MTE	hyp1	News	NaN	-1.6401476860046387
749	750	pt	vmw	challenge_SSA-MTE	hyp1	News	NaN	-1.6401476860046387
750	751	pt	vmw	challenge_SSA-MTE	hyp1	News	NaN	-1.6401476860046387
751	752	pt	vmw	challenge_SSA-MTE	hyp1	News	NaN	-1.6401476860046387
752	753	pt	vmw	challenge_SSA-MTE	hyp1	News	NaN	-1.6883918046951294
753	754	pt	vmw	challenge_SSA-MTE	hyp1	News	NaN	-1.6883918046951294
754	755	pt	vmw	challenge_SSA-MTE	hyp1	News	NaN	-1.6883918046951294
755	756	pt	vmw	challenge_SSA-MTE	hyp1	News	NaN	-1.6883918046951294
756	757	pt	vmw	challenge_SSA-MTE	hyp1	News	NaN	-1.3692682981491089
757	758	pt	vmw	challenge_SSA-MTE	hyp1	News	NaN	-1.3692682981491089
758	759	pt	vmw	challenge_SSA-MTE	hyp1	News	NaN	-1.3692682981491089
759	760	pt	vmw	challenge_SSA-MTE	hyp1	News	NaN	-1.3692682981491089
760	761	pt	vmw	challenge_SSA-MTE	hyp1	News	NaN	-1.8720289468765259
761	762	pt	vmw	challenge_SSA-MTE	hyp1	News	NaN	-1.8720289468765259
762	763	pt	vmw	challenge_SSA-MTE	hyp1	News	NaN	-1.8720289468765259
763	764	pt	vmw	challenge_SSA-MTE	hyp1	News	NaN	-0.8987631797790527
764	765	pt	vmw	challenge_SSA-MTE	hyp1	News	NaN	-0.8987631797790527
765	766	pt	vmw	challenge_SSA-MTE	hyp1	News	NaN	-0.8987631797790527
766	767	pt	vmw	challenge_SSA-MTE	hyp1	News	NaN	-1.2080873250961304
767	768	pt	vmw	challenge_SSA-MTE	hyp1	News	NaN	-1.2080873250961304
768	769	pt	vmw	challenge_SSA-MTE	hyp1	News	NaN	-1.2080873250961304
769	770	pt	vmw	challenge_SSA-MTE	hyp1	News	NaN	-1.2080873250961304
770	771	pt	vmw	challenge_SSA-MTE	hyp1	News	NaN	-1.2074079513549805
771	772	pt	vmw	challenge_SSA-MTE	hyp1	News	NaN	-1.2074079513549805
772	773	pt	vmw	challenge_SSA-MTE	hyp1	News	NaN	-1.2074079513549805
773	774	pt	vmw	challenge_SSA-MTE	hyp1	News	NaN	-1.2074079513549805
774	775	pt	vmw	challenge_SSA-MTE	hyp1	News	NaN	-1.3559006452560425
775	776	pt	vmw	challenge_SSA-MTE	hyp1	News	NaN	-1.3559006452560425
776	777	pt	vmw	challenge_SSA-MTE	hyp1	News	NaN	-1.3559006452560425
777	778	pt	vmw	challenge_SSA-MTE	hyp1	News	NaN	-1.3559006452560425
778	779	pt	vmw	challenge_SSA-MTE	hyp1	News	NaN	-1.9408122301101685
779	780	pt	vmw	challenge_SSA-MTE	hyp1	News	NaN	-1.9408122301101685
780	781	pt	vmw	challenge_SSA-MTE	hyp1	News	NaN	-1.9408122301101685
781	782	pt	vmw	challenge_SSA-MTE	hyp1	News	NaN	-1.9408122301101685
782	783	pt	vmw	challenge_SSA-MTE	hyp1	News	NaN	-1.8663692474365234
783	784	pt	vmw	challenge_SSA-MTE	hyp1	News	NaN	-1.8663692474365234
784	785	pt	vmw	challenge_SSA-MTE	hyp1	News	NaN	-1.8663692474365234
785	786	pt	vmw	challenge_SSA-MTE	hyp1	News	NaN	-1.8663692474365234
786	787	pt	vmw	challenge_SSA-MTE	hyp1	News	NaN	-0.5765849351882935
787	788	pt	vmw	challenge_SSA-MTE	hyp1	News	NaN	-0.5765849351882935
788	789	pt	vmw	challenge_SSA-MTE	hyp1	News	NaN	-0.5765849351882935
789	790	pt	vmw	challenge_SSA-MTE	hyp1	News	NaN	-0.5765849351882935
790	791	pt	vmw	challenge_SSA-MTE	hyp1	News	NaN	-1.7374240159988403
791	792	pt	vmw	challenge_SSA-MTE	hyp1	News	NaN	-1.7374240159988403
792	793	pt	vmw	challenge_SSA-MTE	hyp1	News	NaN	-1.7374240159988403
793	794	pt	vmw	challenge_SSA-MTE	hyp1	News	NaN	-0.8290579319000244
794	795	pt	vmw	challenge_SSA-MTE	hyp1	News	NaN	-0.8290579319000244
795	796	pt	vmw	challenge_SSA-MTE	hyp1	News	NaN	-0.8290579319000244
796	797	pt	vmw	challenge_SSA-MTE	hyp1	News	NaN	-0.8290569186210632
797	798	pt	vmw	challenge_SSA-MTE	hyp1	News	NaN	-0.9030817747116089
798	799	pt	vmw	challenge_SSA-MTE	hyp1	News	NaN	-0.9030817747116089
799	800	pt	vmw	challenge_SSA-MTE	hyp1	News	NaN	-0.9030817747116089
800	801	pt	vmw	challenge_SSA-MTE	hyp1	News	NaN	-0.9030817747116089
801	802	pt	vmw	challenge_SSA-MTE	hyp1	News	NaN	-1.7363166809082031
802	803	pt	vmw	challenge_SSA-MTE	hyp1	News	NaN	-1.7363166809082031
803	804	pt	vmw	challenge_SSA-MTE	hyp1	News	NaN	-1.7363166809082031
804	805	pt	vmw	challenge_SSA-MTE	hyp1	News	NaN	-1.7363166809082031
805	806	pt	vmw	challenge_SSA-MTE	hyp1	News	NaN	-1.9408700466156006
806	807	pt	vmw	challenge_SSA-MTE	hyp1	News	NaN	-1.9408700466156006
807	808	pt	vmw	challenge_SSA-MTE	hyp1	News	NaN	-1.9408700466156006
808	809	pt	vmw	challenge_SSA-MTE	hyp1	News	NaN	-1.9408648014068604
809	810	pt	vmw	challenge_SSA-MTE	hyp1	News	NaN	-1.551749348640442
810	811	pt	vmw	challenge_SSA-MTE	hyp1	News	NaN	-1.551749348640442
811	812	pt	vmw	challenge_SSA-MTE	hyp1	News	NaN	-1.551749348640442
812	813	pt	vmw	challenge_SSA-MTE	hyp1	News	NaN	-1.551749348640442
813	814	pt	vmw	challenge_SSA-MTE	hyp1	News	NaN	-0.9447509050369263
814	815	pt	vmw	challenge_SSA-MTE	hyp1	News	NaN	-0.9447509050369263
815	816	pt	vmw	challenge_SSA-MTE	hyp1	News	NaN	-0.9447509050369263
816	817	pt	vmw	challenge_SSA-MTE	hyp1	News	NaN	-0.9447520971298218
817	818	pt	vmw	challenge_SSA-MTE	hyp1	News	NaN	-0.794387698173523
818	819	pt	vmw	challenge_SSA-MTE	hyp1	News	NaN	-0.7943883538246155
819	820	pt	vmw	challenge_SSA-MTE	hyp1	News	NaN	-0.7943883538246155
820	821	pt	vmw	challenge_SSA-MTE	hyp1	News	NaN	-0.7943883538246155
821	822	pt	vmw	challenge_SSA-MTE	hyp1	News	NaN	-1.9482005834579468
822	823	pt	vmw	challenge_SSA-MTE	hyp1	News	NaN	-1.9482005834579468
823	824	pt	vmw	challenge_SSA-MTE	hyp1	News	NaN	-1.9482005834579468
824	825	pt	vmw	challenge_SSA-MTE	hyp1	News	NaN	-1.9482005834579468
825	826	pt	vmw	challenge_SSA-MTE	hyp1	News	NaN	-2.085866689682007
826	827	pt	vmw	challenge_SSA-MTE	hyp1	News	NaN	-2.085866689682007
827	828	pt	vmw	challenge_SSA-MTE	hyp1	News	NaN	-2.085866689682007
828	829	pt	vmw	challenge_SSA-MTE	hyp1	News	NaN	-2.085866689682007
829	830	pt	vmw	challenge_SSA-MTE	hyp1	News	NaN	-1.0604994297027588
830	831	pt	vmw	challenge_SSA-MTE	hyp1	News	NaN	-1.0604994297027588
831	832	pt	vmw	challenge_SSA-MTE	hyp1	News	NaN	-1.0604994297027588
832	833	pt	vmw	challenge_SSA-MTE	hyp1	News	NaN	-1.0604994297027588
833	834	pt	vmw	challenge_SSA-MTE	hyp1	News	NaN	-1.6722933053970337
834	835	pt	vmw	challenge_SSA-MTE	hyp1	News	NaN	-1.6722933053970337
835	836	pt	vmw	challenge_SSA-MTE	hyp1	News	NaN	-1.6722933053970337
836	837	pt	vmw	challenge_SSA-MTE	hyp1	News	NaN	-1.6722933053970337
837	838	pt	vmw	challenge_SSA-MTE	hyp1	News	NaN	-1.0534172058105469
838	839	pt	vmw	challenge_SSA-MTE	hyp1	News	NaN	-1.0534172058105469
839	840	pt	vmw	challenge_SSA-MTE	hyp1	News	NaN	-1.0534172058105469
840	841	pt	vmw	challenge_SSA-MTE	hyp1	News	NaN	-1.0534172058105469
841	842	pt	vmw	challenge_SSA-MTE	hyp1	News	NaN	-1.5416213274002075
842	843	pt	vmw	challenge_SSA-MTE	hyp1	News	NaN	-1.541629433631897
843	844	pt	vmw	challenge_SSA-MTE	hyp1	News	NaN	-1.2862731218338013
844	845	pt	vmw	challenge_SSA-MTE	hyp1	News	NaN	-1.5416213274002075
845	846	pt	vmw	challenge_SSA-MTE	hyp1	News	NaN	-1.2862731218338013
846	847	pt	vmw	challenge_SSA-MTE	hyp1	News	NaN	-1.2862731218338013
847	848	pt	vmw	challenge_SSA-MTE	hyp1	News	NaN	-1.2862731218338013
848	849	pt	vmw	challenge_SSA-MTE	hyp1	News	NaN	-1.8611997365951538
849	850	pt	vmw	challenge_SSA-MTE	hyp1	News	NaN	-1.8611997365951538
850	851	pt	vmw	challenge_SSA-MTE	hyp1	News	NaN	-1.8611997365951538
851	852	pt	vmw	challenge_SSA-MTE	hyp1	News	NaN	-1.8611997365951538
852	853	pt	vmw	challenge_SSA-MTE	hyp1	News	NaN	-0.30401501059532166
853	854	pt	vmw	challenge_SSA-MTE	hyp1	News	NaN	-0.30401501059532166
854	855	pt	vmw	challenge_SSA-MTE	hyp1	News	NaN	-0.30401501059532166
855	856	pt	vmw	challenge_SSA-MTE	hyp1	News	NaN	-0.30401501059532166
856	857	pt	vmw	challenge_SSA-MTE	hyp1	News	NaN	-1.3938924074172974
857	858	pt	vmw	challenge_SSA-MTE	hyp1	News	NaN	-1.3938924074172974
858	859	pt	vmw	challenge_SSA-MTE	hyp1	News	NaN	-1.3938924074172974
859	860	pt	vmw	challenge_SSA-MTE	hyp1	News	NaN	-1.3938924074172974
860	861	pt	vmw	challenge_SSA-MTE	hyp1	News	NaN	-2.230553388595581
861	862	pt	vmw	challenge_SSA-MTE	hyp1	News	NaN	-2.230553388595581
862	863	pt	vmw	challenge_SSA-MTE	hyp1	News	NaN	-2.230553388595581
863	864	pt	vmw	challenge_SSA-MTE	hyp1	News	NaN	-2.230553388595581
864	865	pt	vmw	challenge_SSA-MTE	hyp1	News	NaN	-0.18403565883636475
865	866	pt	vmw	challenge_SSA-MTE	hyp1	News	NaN	-0.18403565883636475
866	867	pt	vmw	challenge_SSA-MTE	hyp1	News	NaN	-0.9779902696609497
867	868	pt	vmw	challenge_SSA-MTE	hyp1	News	NaN	-0.9779902696609497
868	869	pt	vmw	challenge_SSA-MTE	hyp1	News	NaN	-0.9779902696609497
869	870	pt	vmw	challenge_SSA-MTE	hyp1	News	NaN	-0.9779902696609497
870	871	pt	vmw	challenge_SSA-MTE	hyp1	News	NaN	-2.1346116065979004
871	872	pt	vmw	challenge_SSA-MTE	hyp1	News	NaN	-2.1346116065979004
872	873	pt	vmw	challenge_SSA-MTE	hyp1	News	NaN	-2.1346116065979004
873	874	pt	vmw	challenge_SSA-MTE	hyp1	News	NaN	-2.1346116065979004
874	875	pt	vmw	challenge_SSA-MTE	hyp1	News	NaN	-2.115283250808716
875	876	pt	vmw	challenge_SSA-MTE	hyp1	News	NaN	-2.115283250808716
876	877	pt	vmw	challenge_SSA-MTE	hyp1	News	NaN	-2.115283250808716
877	878	pt	vmw	challenge_SSA-MTE	hyp1	News	NaN	-2.115283250808716
878	879	pt	vmw	challenge_SSA-MTE	hyp1	News	NaN	-1.5745258331298828
879	880	pt	vmw	challenge_SSA-MTE	hyp1	News	NaN	-1.5745258331298828
880	881	pt	vmw	challenge_SSA-MTE	hyp1	News	NaN	-1.4336713552474976
881	882	pt	vmw	challenge_SSA-MTE	hyp1	News	NaN	-1.4336713552474976
882	883	pt	vmw	challenge_SSA-MTE	hyp1	News	NaN	-1.4336713552474976
883	884	pt	vmw	challenge_SSA-MTE	hyp1	News	NaN	-1.4336713552474976
884	885	pt	vmw	challenge_SSA-MTE	hyp1	News	NaN	-1.868504285812378
885	886	pt	vmw	challenge_SSA-MTE	hyp1	News	NaN	-1.868504285812378
886	887	pt	vmw	challenge_SSA-MTE	hyp1	News	NaN	-1.868504285812378
887	888	pt	vmw	challenge_SSA-MTE	hyp1	News	NaN	-1.868504285812378
888	889	pt	vmw	challenge_SSA-MTE	hyp1	News	NaN	-1.9611947536468506
889	890	pt	vmw	challenge_SSA-MTE	hyp1	News	NaN	-1.9611947536468506
890	891	pt	vmw	challenge_SSA-MTE	hyp1	News	NaN	-1.9611947536468506
891	892	pt	vmw	challenge_SSA-MTE	hyp1	News	NaN	-1.9611947536468506
892	893	pt	vmw	challenge_SSA-MTE	hyp1	News	NaN	-1.658575177192688
893	894	pt	vmw	challenge_SSA-MTE	hyp1	News	NaN	-1.658575177192688
894	895	pt	vmw	challenge_SSA-MTE	hyp1	News	NaN	-1.658575177192688
895	896	pt	vmw	challenge_SSA-MTE	hyp1	News	NaN	-1.658575177192688
896	897	pt	vmw	challenge_SSA-MTE	hyp1	News	NaN	-1.6870689392089844
897	898	pt	vmw	challenge_SSA-MTE	hyp1	News	NaN	-1.6870689392089844
898	899	pt	vmw	challenge_SSA-MTE	hyp1	News	NaN	-1.687069058418274
899	900	pt	vmw	challenge_SSA-MTE	hyp1	News	NaN	-1.8846794366836548
900	901	pt	vmw	challenge_SSA-MTE	hyp1	News	NaN	-1.8846794366836548
901	902	pt	vmw	challenge_SSA-MTE	hyp1	News	NaN	-1.8846794366836548
902	903	pt	vmw	challenge_SSA-MTE	hyp1	News	NaN	-1.8846794366836548
903	904	pt	vmw	challenge_SSA-MTE	hyp1	News	NaN	-1.8887829780578613
904	905	pt	vmw	challenge_SSA-MTE	hyp1	News	NaN	-1.8887829780578613
905	906	pt	vmw	challenge_SSA-MTE	hyp1	News	NaN	-1.8887829780578613
906	907	pt	vmw	challenge_SSA-MTE	hyp1	News	NaN	-1.8887829780578613
907	908	pt	vmw	challenge_SSA-MTE	hyp1	News	NaN	-1.6092244386672974
908	909	pt	vmw	challenge_SSA-MTE	hyp1	News	NaN	-1.6092244386672974
909	910	pt	vmw	challenge_SSA-MTE	hyp1	News	NaN	-1.6092244386672974
910	911	pt	vmw	challenge_SSA-MTE	hyp1	News	NaN	-1.6092244386672974
911	912	pt	vmw	challenge_SSA-MTE	hyp1	News	NaN	-0.39502713084220886
912	913	pt	vmw	challenge_SSA-MTE	hyp1	News	NaN	-0.39502713084220886
913	914	pt	vmw	challenge_SSA-MTE	hyp1	News	NaN	-0.39502713084220886
914	915	pt	vmw	challenge_SSA-MTE	hyp1	News	NaN	-0.39502713084220886
915	916	pt	vmw	challenge_SSA-MTE	hyp1	News	NaN	-1.2411844730377197
916	917	pt	vmw	challenge_SSA-MTE	hyp1	News	NaN	-1.241187334060669
917	918	pt	vmw	challenge_SSA-MTE	hyp1	News	NaN	-1.2411844730377197
918	919	pt	vmw	challenge_SSA-MTE	hyp1	News	NaN	-1.2411844730377197
919	920	pt	vmw	challenge_SSA-MTE	hyp1	News	NaN	-1.9243117570877075
920	921	pt	vmw	challenge_SSA-MTE	hyp1	News	NaN	-1.9243117570877075
921	922	pt	vmw	challenge_SSA-MTE	hyp1	News	NaN	-1.9243117570877075
922	923	pt	vmw	challenge_SSA-MTE	hyp1	News	NaN	-1.9243117570877075
923	924	pt	vmw	challenge_SSA-MTE	hyp1	News	NaN	-2.0391664505004883
924	925	pt	vmw	challenge_SSA-MTE	hyp1	News	NaN	-2.0391664505004883
925	926	pt	vmw	challenge_SSA-MTE	hyp1	News	NaN	-2.0391664505004883
926	927	pt	vmw	challenge_SSA-MTE	hyp1	News	NaN	-2.0391664505004883
927	928	pt	vmw	challenge_SSA-MTE	hyp1	News	NaN	-1.2692760229110718
928	929	pt	vmw	challenge_SSA-MTE	hyp1	News	NaN	-1.2692761421203613
929	930	pt	vmw	challenge_SSA-MTE	hyp1	News	NaN	-1.2692760229110718
