doc_id	segment_id	source_lang	target_lang	set_id	system_id	domain_name	method	overall
0	1	en	amh	challenge_SSA-MTE	hyp1	News	NaN	-6.327883243560791
1	2	en	amh	challenge_SSA-MTE	hyp1	News	NaN	-3.6620349884033203
2	3	en	amh	challenge_SSA-MTE	hyp1	News	NaN	-8.426639556884766
3	4	en	amh	challenge_SSA-MTE	hyp1	News	NaN	-5.580358505249023
4	5	en	amh	challenge_SSA-MTE	hyp1	News	NaN	-1.013068675994873
5	6	en	amh	challenge_SSA-MTE	hyp1	News	NaN	-2.1768932342529297
6	7	en	amh	challenge_SSA-MTE	hyp1	News	NaN	-1.4880528450012207
7	8	en	amh	challenge_SSA-MTE	hyp1	News	NaN	-1.3526420593261719
8	9	en	amh	challenge_SSA-MTE	hyp1	News	NaN	-6.016896724700928
9	10	en	amh	challenge_SSA-MTE	hyp1	News	NaN	-0.9629860520362854
10	11	en	amh	challenge_SSA-MTE	hyp1	News	NaN	-2.8281896114349365
11	12	en	amh	challenge_SSA-MTE	hyp1	News	NaN	-10.531322479248047
12	13	en	amh	challenge_SSA-MTE	hyp1	News	NaN	-3.2248263359069824
13	14	en	amh	challenge_SSA-MTE	hyp1	News	NaN	-1.8203165531158447
14	15	en	amh	challenge_SSA-MTE	hyp1	News	NaN	-2.143357038497925
15	16	en	amh	challenge_SSA-MTE	hyp1	News	NaN	-1.307044267654419
16	17	en	amh	challenge_SSA-MTE	hyp1	News	NaN	-2.408579111099243
17	18	en	amh	challenge_SSA-MTE	hyp1	News	NaN	-2.188248634338379
18	19	en	amh	challenge_SSA-MTE	hyp1	News	NaN	-3.3059639930725098
19	20	en	amh	challenge_SSA-MTE	hyp1	News	NaN	-3.2570667266845703
20	21	en	amh	challenge_SSA-MTE	hyp1	News	NaN	-0.7659002542495728
21	22	en	amh	challenge_SSA-MTE	hyp1	News	NaN	-0.9094114303588867
22	23	en	amh	challenge_SSA-MTE	hyp1	News	NaN	-3.5059638023376465
23	24	en	amh	challenge_SSA-MTE	hyp1	News	NaN	-1.1509150266647339
24	25	en	amh	challenge_SSA-MTE	hyp1	News	NaN	-0.793312668800354
25	26	en	amh	challenge_SSA-MTE	hyp1	News	NaN	-0.5595507621765137
26	27	en	amh	challenge_SSA-MTE	hyp1	News	NaN	-6.157968997955322
27	28	en	amh	challenge_SSA-MTE	hyp1	News	NaN	-0.5366299748420715
28	29	en	amh	challenge_SSA-MTE	hyp1	News	NaN	-2.9516611099243164
29	30	en	amh	challenge_SSA-MTE	hyp1	News	NaN	-0.4692354202270508
30	31	en	amh	challenge_SSA-MTE	hyp1	News	NaN	-0.545421838760376
31	32	en	amh	challenge_SSA-MTE	hyp1	News	NaN	-0.36171603202819824
32	33	en	amh	challenge_SSA-MTE	hyp1	News	NaN	-0.5712502002716064
33	34	en	amh	challenge_SSA-MTE	hyp1	News	NaN	-0.5467931032180786
34	35	en	amh	challenge_SSA-MTE	hyp1	News	NaN	-1.3399258852005005
35	36	en	amh	challenge_SSA-MTE	hyp1	News	NaN	-0.7381645441055298
36	37	en	amh	challenge_SSA-MTE	hyp1	News	NaN	-0.35096806287765503
37	38	en	amh	challenge_SSA-MTE	hyp1	News	NaN	-1.5338943004608154
38	39	en	amh	challenge_SSA-MTE	hyp1	News	NaN	-0.44583261013031006
39	40	en	amh	challenge_SSA-MTE	hyp1	News	NaN	-1.109682559967041
40	41	en	amh	challenge_SSA-MTE	hyp1	News	NaN	-4.3298468589782715
41	42	en	amh	challenge_SSA-MTE	hyp1	News	NaN	-0.6799252033233643
42	43	en	amh	challenge_SSA-MTE	hyp1	News	NaN	-2.3336408138275146
43	44	en	amh	challenge_SSA-MTE	hyp1	News	NaN	-4.575197696685791
44	45	en	amh	challenge_SSA-MTE	hyp1	News	NaN	-0.595906138420105
45	46	en	amh	challenge_SSA-MTE	hyp1	News	NaN	-1.2129958868026733
46	47	en	amh	challenge_SSA-MTE	hyp1	News	NaN	-0.18761223554611206
47	48	en	amh	challenge_SSA-MTE	hyp1	News	NaN	-0.3669370412826538
48	49	en	amh	challenge_SSA-MTE	hyp1	News	NaN	-0.41389963030815125
49	50	en	amh	challenge_SSA-MTE	hyp1	News	NaN	-0.6667453050613403
50	51	en	amh	challenge_SSA-MTE	hyp1	News	NaN	-0.31822139024734497
51	52	en	amh	challenge_SSA-MTE	hyp1	News	NaN	-0.30988046526908875
52	53	en	amh	challenge_SSA-MTE	hyp1	News	NaN	-0.8546689748764038
53	54	en	amh	challenge_SSA-MTE	hyp1	News	NaN	-1.0882947444915771
54	55	en	amh	challenge_SSA-MTE	hyp1	News	NaN	-1.0896774530410767
55	56	en	amh	challenge_SSA-MTE	hyp1	News	NaN	-1.3501851558685303
56	57	en	amh	challenge_SSA-MTE	hyp1	News	NaN	-1.3164300918579102
57	58	en	amh	challenge_SSA-MTE	hyp1	News	NaN	-1.2261853218078613
58	59	en	amh	challenge_SSA-MTE	hyp1	News	NaN	-7.429821968078613
59	60	en	amh	challenge_SSA-MTE	hyp1	News	NaN	-3.074282646179199
60	61	en	amh	challenge_SSA-MTE	hyp1	News	NaN	-1.4166805744171143
61	62	en	amh	challenge_SSA-MTE	hyp1	News	NaN	-1.3892204761505127
62	63	en	amh	challenge_SSA-MTE	hyp1	News	NaN	-1.3916724920272827
63	64	en	amh	challenge_SSA-MTE	hyp1	News	NaN	-0.934487521648407
64	65	en	amh	challenge_SSA-MTE	hyp1	News	NaN	-3.013275384902954
65	66	en	amh	challenge_SSA-MTE	hyp1	News	NaN	-5.9538397789001465
66	67	en	amh	challenge_SSA-MTE	hyp1	News	NaN	-0.301713228225708
67	68	en	amh	challenge_SSA-MTE	hyp1	News	NaN	-0.6895480751991272
68	69	en	amh	challenge_SSA-MTE	hyp1	News	NaN	-1.3381667137145996
69	70	en	amh	challenge_SSA-MTE	hyp1	News	NaN	-11.70440673828125
70	71	en	amh	challenge_SSA-MTE	hyp1	News	NaN	-0.8518853187561035
71	72	en	amh	challenge_SSA-MTE	hyp1	News	NaN	-2.651792049407959
72	73	en	amh	challenge_SSA-MTE	hyp1	News	NaN	-1.0266634225845337
73	74	en	amh	challenge_SSA-MTE	hyp1	News	NaN	-0.9740733504295349
74	75	en	amh	challenge_SSA-MTE	hyp1	News	NaN	-3.55159330368042
75	76	en	amh	challenge_SSA-MTE	hyp1	News	NaN	-7.977476596832275
76	77	en	amh	challenge_SSA-MTE	hyp1	News	NaN	-4.482149600982666
77	78	en	amh	challenge_SSA-MTE	hyp1	News	NaN	-24.631267547607422
78	79	en	amh	challenge_SSA-MTE	hyp1	News	NaN	-2.9987728595733643
79	80	en	amh	challenge_SSA-MTE	hyp1	News	NaN	-5.135522842407227
80	81	en	amh	challenge_SSA-MTE	hyp1	News	NaN	-2.458996057510376
81	82	en	amh	challenge_SSA-MTE	hyp1	News	NaN	-2.921538829803467
82	83	en	amh	challenge_SSA-MTE	hyp1	News	NaN	-2.283945322036743
83	84	en	amh	challenge_SSA-MTE	hyp1	News	NaN	-2.3892650604248047
84	85	en	amh	challenge_SSA-MTE	hyp1	News	NaN	-1.4851551055908203
85	86	en	amh	challenge_SSA-MTE	hyp1	News	NaN	-0.3064960241317749
86	87	en	amh	challenge_SSA-MTE	hyp1	News	NaN	-2.7214932441711426
87	88	en	amh	challenge_SSA-MTE	hyp1	News	NaN	-7.430300712585449
88	89	en	amh	challenge_SSA-MTE	hyp1	News	NaN	-0.6517336368560791
89	90	en	amh	challenge_SSA-MTE	hyp1	News	NaN	-5.305178642272949
90	91	en	amh	challenge_SSA-MTE	hyp1	News	NaN	-1.8278597593307495
91	92	en	amh	challenge_SSA-MTE	hyp1	News	NaN	-4.161560535430908
92	93	en	amh	challenge_SSA-MTE	hyp1	News	NaN	-0.5376782417297363
93	94	en	amh	challenge_SSA-MTE	hyp1	News	NaN	-1.1821439266204834
94	95	en	amh	challenge_SSA-MTE	hyp1	News	NaN	-3.3982133865356445
95	96	en	amh	challenge_SSA-MTE	hyp1	News	NaN	-8.543953895568848
96	97	en	amh	challenge_SSA-MTE	hyp1	News	NaN	-24.061511993408203
97	98	en	amh	challenge_SSA-MTE	hyp1	News	NaN	-7.765223026275635
98	99	en	amh	challenge_SSA-MTE	hyp1	News	NaN	-5.679992198944092
99	100	en	amh	challenge_SSA-MTE	hyp1	News	NaN	-5.76924467086792
100	101	en	amh	challenge_SSA-MTE	hyp1	News	NaN	-2.3231005668640137
101	102	en	amh	challenge_SSA-MTE	hyp1	News	NaN	-3.0339548587799072
102	103	en	amh	challenge_SSA-MTE	hyp1	News	NaN	-1.244206428527832
103	104	en	amh	challenge_SSA-MTE	hyp1	News	NaN	-0.6454949975013733
104	105	en	amh	challenge_SSA-MTE	hyp1	News	NaN	-5.6503400802612305
105	106	en	amh	challenge_SSA-MTE	hyp1	News	NaN	-4.67390251159668
106	107	en	amh	challenge_SSA-MTE	hyp1	News	NaN	-1.5625126361846924
107	108	en	amh	challenge_SSA-MTE	hyp1	News	NaN	-2.943894147872925
108	109	en	amh	challenge_SSA-MTE	hyp1	News	NaN	-4.496290683746338
109	110	en	amh	challenge_SSA-MTE	hyp1	News	NaN	-1.6617457866668701
110	111	en	amh	challenge_SSA-MTE	hyp1	News	NaN	-10.425956726074219
111	112	en	amh	challenge_SSA-MTE	hyp1	News	NaN	-8.08482551574707
112	113	en	amh	challenge_SSA-MTE	hyp1	News	NaN	-5.342952728271484
113	114	en	amh	challenge_SSA-MTE	hyp1	News	NaN	-1.0574419498443604
114	115	en	amh	challenge_SSA-MTE	hyp1	News	NaN	-12.88881778717041
115	116	en	amh	challenge_SSA-MTE	hyp1	News	NaN	-7.202145099639893
116	117	en	amh	challenge_SSA-MTE	hyp1	News	NaN	-6.26967716217041
117	118	en	amh	challenge_SSA-MTE	hyp1	News	NaN	-3.624401569366455
118	119	en	amh	challenge_SSA-MTE	hyp1	News	NaN	-1.5569894313812256
119	120	en	amh	challenge_SSA-MTE	hyp1	News	NaN	-4.613781452178955
120	121	en	amh	challenge_SSA-MTE	hyp1	News	NaN	-3.3430278301239014
121	122	en	amh	challenge_SSA-MTE	hyp1	News	NaN	-7.716672897338867
122	123	en	amh	challenge_SSA-MTE	hyp1	News	NaN	-1.5584256649017334
123	124	en	amh	challenge_SSA-MTE	hyp1	News	NaN	-0.22085772454738617
124	125	en	amh	challenge_SSA-MTE	hyp1	News	NaN	-2.3007349967956543
125	126	en	amh	challenge_SSA-MTE	hyp1	News	NaN	-1.124985933303833
126	127	en	amh	challenge_SSA-MTE	hyp1	News	NaN	-0.6720197796821594
127	128	en	amh	challenge_SSA-MTE	hyp1	News	NaN	-3.257539749145508
128	129	en	amh	challenge_SSA-MTE	hyp1	News	NaN	-1.0007002353668213
129	130	en	amh	challenge_SSA-MTE	hyp1	News	NaN	-0.18186956644058228
130	131	en	amh	challenge_SSA-MTE	hyp1	News	NaN	-0.27959322929382324
131	132	en	amh	challenge_SSA-MTE	hyp1	News	NaN	-0.7662073969841003
132	133	en	amh	challenge_SSA-MTE	hyp1	News	NaN	-0.339172899723053
133	134	en	amh	challenge_SSA-MTE	hyp1	News	NaN	-0.3509920537471771
134	135	en	amh	challenge_SSA-MTE	hyp1	News	NaN	-0.0
135	136	en	amh	challenge_SSA-MTE	hyp1	News	NaN	-0.5472358465194702
136	137	en	amh	challenge_SSA-MTE	hyp1	News	NaN	-0.0
137	138	en	amh	challenge_SSA-MTE	hyp1	News	NaN	-0.0
138	139	en	amh	challenge_SSA-MTE	hyp1	News	NaN	-1.1809303760528564
139	140	en	amh	challenge_SSA-MTE	hyp1	News	NaN	-1.5957412719726562
140	141	en	amh	challenge_SSA-MTE	hyp1	News	NaN	-1.5230523347854614
141	142	en	amh	challenge_SSA-MTE	hyp1	News	NaN	-1.5652339458465576
142	143	en	amh	challenge_SSA-MTE	hyp1	News	NaN	-2.4172489643096924
143	144	en	amh	challenge_SSA-MTE	hyp1	News	NaN	-0.6720339059829712
144	145	en	amh	challenge_SSA-MTE	hyp1	News	NaN	-5.513738632202148
145	146	en	amh	challenge_SSA-MTE	hyp1	News	NaN	-5.606407642364502
146	147	en	amh	challenge_SSA-MTE	hyp1	News	NaN	-2.9812707901000977
147	148	en	amh	challenge_SSA-MTE	hyp1	News	NaN	-1.7037765979766846
148	149	en	amh	challenge_SSA-MTE	hyp1	News	NaN	-1.3370590209960938
149	150	en	amh	challenge_SSA-MTE	hyp1	News	NaN	-3.4732613563537598
150	151	en	amh	challenge_SSA-MTE	hyp1	News	NaN	-1.528292179107666
151	152	en	amh	challenge_SSA-MTE	hyp1	News	NaN	-7.191555976867676
152	153	en	amh	challenge_SSA-MTE	hyp1	News	NaN	-0.8214977979660034
153	154	en	amh	challenge_SSA-MTE	hyp1	News	NaN	-1.083784580230713
154	155	en	amh	challenge_SSA-MTE	hyp1	News	NaN	-1.1111253499984741
155	156	en	amh	challenge_SSA-MTE	hyp1	News	NaN	-12.575113296508789
156	157	en	amh	challenge_SSA-MTE	hyp1	News	NaN	-2.046471118927002
157	158	en	amh	challenge_SSA-MTE	hyp1	News	NaN	-3.7084298133850098
158	159	en	amh	challenge_SSA-MTE	hyp1	News	NaN	-5.387384414672852
159	160	en	amh	challenge_SSA-MTE	hyp1	News	NaN	-5.141363620758057
160	161	en	amh	challenge_SSA-MTE	hyp1	News	NaN	-3.0171470642089844
161	162	en	amh	challenge_SSA-MTE	hyp1	News	NaN	-2.233900308609009
162	163	en	amh	challenge_SSA-MTE	hyp1	News	NaN	-2.6359598636627197
163	164	en	amh	challenge_SSA-MTE	hyp1	News	NaN	-1.0907808542251587
164	165	en	amh	challenge_SSA-MTE	hyp1	News	NaN	-4.896796703338623
165	166	en	amh	challenge_SSA-MTE	hyp1	News	NaN	-8.864173889160156
166	167	en	amh	challenge_SSA-MTE	hyp1	News	NaN	-3.116487979888916
167	168	en	amh	challenge_SSA-MTE	hyp1	News	NaN	-4.869054794311523
168	169	en	amh	challenge_SSA-MTE	hyp1	News	NaN	-5.594601154327393
169	170	en	amh	challenge_SSA-MTE	hyp1	News	NaN	-0.7796096801757812
170	171	en	amh	challenge_SSA-MTE	hyp1	News	NaN	-4.929922103881836
171	172	en	amh	challenge_SSA-MTE	hyp1	News	NaN	-7.535956382751465
172	173	en	amh	challenge_SSA-MTE	hyp1	News	NaN	-0.7393165826797485
173	174	en	amh	challenge_SSA-MTE	hyp1	News	NaN	-0.5322321653366089
174	175	en	amh	challenge_SSA-MTE	hyp1	News	NaN	-0.8345218300819397
175	176	en	amh	challenge_SSA-MTE	hyp1	News	NaN	-3.2244930267333984
176	177	en	amh	challenge_SSA-MTE	hyp1	News	NaN	-10.184457778930664
177	178	en	amh	challenge_SSA-MTE	hyp1	News	NaN	-26.189220428466797
178	179	en	amh	challenge_SSA-MTE	hyp1	News	NaN	-1.9402472972869873
179	180	en	amh	challenge_SSA-MTE	hyp1	News	NaN	-1.8813527822494507
180	181	en	amh	challenge_SSA-MTE	hyp1	News	NaN	-6.026540756225586
181	182	en	amh	challenge_SSA-MTE	hyp1	News	NaN	-1.433814287185669
182	183	en	amh	challenge_SSA-MTE	hyp1	News	NaN	-1.4508593082427979
183	184	en	amh	challenge_SSA-MTE	hyp1	News	NaN	-1.2998690605163574
184	185	en	amh	challenge_SSA-MTE	hyp1	News	NaN	-0.8026283979415894
185	186	en	amh	challenge_SSA-MTE	hyp1	News	NaN	-0.4666714072227478
186	187	en	amh	challenge_SSA-MTE	hyp1	News	NaN	-0.8797527551651001
187	188	en	amh	challenge_SSA-MTE	hyp1	News	NaN	-5.293837547302246
188	189	en	amh	challenge_SSA-MTE	hyp1	News	NaN	-1.4829339981079102
189	190	en	amh	challenge_SSA-MTE	hyp1	News	NaN	-19.295475006103516
190	191	en	amh	challenge_SSA-MTE	hyp1	News	NaN	-0.9005236625671387
191	192	en	amh	challenge_SSA-MTE	hyp1	News	NaN	-0.6571688652038574
192	193	en	amh	challenge_SSA-MTE	hyp1	News	NaN	-0.5926111936569214
193	194	en	amh	challenge_SSA-MTE	hyp1	News	NaN	-1.4680982828140259
194	195	en	amh	challenge_SSA-MTE	hyp1	News	NaN	-1.0907747745513916
195	196	en	amh	challenge_SSA-MTE	hyp1	News	NaN	-26.709272384643555
196	197	en	amh	challenge_SSA-MTE	hyp1	News	NaN	-0.8559680581092834
197	198	en	amh	challenge_SSA-MTE	hyp1	News	NaN	-1.303910493850708
198	199	en	amh	challenge_SSA-MTE	hyp1	News	NaN	-0.64078289270401
199	200	en	amh	challenge_SSA-MTE	hyp1	News	NaN	-3.1192843914031982
200	201	en	amh	challenge_SSA-MTE	hyp1	News	NaN	-2.3425958156585693
201	202	en	amh	challenge_SSA-MTE	hyp1	News	NaN	-0.9814508557319641
202	203	en	amh	challenge_SSA-MTE	hyp1	News	NaN	-0.7512209415435791
203	204	en	amh	challenge_SSA-MTE	hyp1	News	NaN	-10.536972045898438
204	205	en	amh	challenge_SSA-MTE	hyp1	News	NaN	-6.089472770690918
205	206	en	amh	challenge_SSA-MTE	hyp1	News	NaN	-2.362179756164551
206	207	en	amh	challenge_SSA-MTE	hyp1	News	NaN	-2.214637279510498
207	208	en	amh	challenge_SSA-MTE	hyp1	News	NaN	-2.043962001800537
208	209	en	amh	challenge_SSA-MTE	hyp1	News	NaN	-2.3188154697418213
209	210	en	amh	challenge_SSA-MTE	hyp1	News	NaN	-1.4751083850860596
210	211	en	amh	challenge_SSA-MTE	hyp1	News	NaN	-2.294631004333496
211	212	en	amh	challenge_SSA-MTE	hyp1	News	NaN	-3.3926053047180176
212	213	en	amh	challenge_SSA-MTE	hyp1	News	NaN	-1.7899458408355713
213	214	en	amh	challenge_SSA-MTE	hyp1	News	NaN	-2.0760138034820557
214	215	en	amh	challenge_SSA-MTE	hyp1	News	NaN	-2.0687010288238525
215	216	en	amh	challenge_SSA-MTE	hyp1	News	NaN	-7.462317943572998
216	217	en	amh	challenge_SSA-MTE	hyp1	News	NaN	-8.719436645507812
217	218	en	amh	challenge_SSA-MTE	hyp1	News	NaN	-4.914203643798828
218	219	en	amh	challenge_SSA-MTE	hyp1	News	NaN	-0.9515243768692017
219	220	en	amh	challenge_SSA-MTE	hyp1	News	NaN	-5.271136283874512
220	221	en	amh	challenge_SSA-MTE	hyp1	News	NaN	-0.4138367176055908
221	222	en	amh	challenge_SSA-MTE	hyp1	News	NaN	-6.253124237060547
222	223	en	amh	challenge_SSA-MTE	hyp1	News	NaN	-0.49901795387268066
223	224	en	amh	challenge_SSA-MTE	hyp1	News	NaN	-0.6047075986862183
224	225	en	amh	challenge_SSA-MTE	hyp1	News	NaN	-0.27212053537368774
225	226	en	amh	challenge_SSA-MTE	hyp1	News	NaN	-0.5180459022521973
226	227	en	amh	challenge_SSA-MTE	hyp1	News	NaN	-1.8163061141967773
227	228	en	amh	challenge_SSA-MTE	hyp1	News	NaN	-4.910979747772217
228	229	en	amh	challenge_SSA-MTE	hyp1	News	NaN	-4.610318660736084
229	230	en	amh	challenge_SSA-MTE	hyp1	News	NaN	-2.7752134799957275
230	231	en	amh	challenge_SSA-MTE	hyp1	News	NaN	-2.4020440578460693
231	232	en	amh	challenge_SSA-MTE	hyp1	News	NaN	-1.6968395709991455
232	233	en	amh	challenge_SSA-MTE	hyp1	News	NaN	-1.4072041511535645
233	234	en	amh	challenge_SSA-MTE	hyp1	News	NaN	-7.338047981262207
234	235	en	amh	challenge_SSA-MTE	hyp1	News	NaN	-1.2050355672836304
235	236	en	amh	challenge_SSA-MTE	hyp1	News	NaN	-0.26364320516586304
236	237	en	amh	challenge_SSA-MTE	hyp1	News	NaN	-4.837472915649414
237	238	en	amh	challenge_SSA-MTE	hyp1	News	NaN	-2.471890687942505
238	239	en	amh	challenge_SSA-MTE	hyp1	News	NaN	-1.9956333637237549
239	240	en	amh	challenge_SSA-MTE	hyp1	News	NaN	-0.4638875722885132
240	241	en	amh	challenge_SSA-MTE	hyp1	News	NaN	-1.7082271575927734
241	242	en	amh	challenge_SSA-MTE	hyp1	News	NaN	-10.039520263671875
242	243	en	amh	challenge_SSA-MTE	hyp1	News	NaN	-4.527843475341797
243	244	en	amh	challenge_SSA-MTE	hyp1	News	NaN	-5.075222969055176
244	245	en	amh	challenge_SSA-MTE	hyp1	News	NaN	-1.283486008644104
245	246	en	amh	challenge_SSA-MTE	hyp1	News	NaN	-11.965788841247559
246	247	en	amh	challenge_SSA-MTE	hyp1	News	NaN	-4.555246353149414
247	248	en	amh	challenge_SSA-MTE	hyp1	News	NaN	-1.3013732433319092
248	249	en	amh	challenge_SSA-MTE	hyp1	News	NaN	-6.2593092918396
249	250	en	amh	challenge_SSA-MTE	hyp1	News	NaN	-2.2024106979370117
250	251	en	amh	challenge_SSA-MTE	hyp1	News	NaN	-8.648998260498047
251	252	en	amh	challenge_SSA-MTE	hyp1	News	NaN	-9.584245681762695
252	253	en	amh	challenge_SSA-MTE	hyp1	News	NaN	-4.198676109313965
253	254	en	amh	challenge_SSA-MTE	hyp1	News	NaN	-2.0728604793548584
254	255	en	amh	challenge_SSA-MTE	hyp1	News	NaN	-1.625328779220581
255	256	en	amh	challenge_SSA-MTE	hyp1	News	NaN	-0.5624733567237854
256	257	en	amh	challenge_SSA-MTE	hyp1	News	NaN	-1.1857740879058838
257	258	en	amh	challenge_SSA-MTE	hyp1	News	NaN	-1.210276484489441
258	259	en	amh	challenge_SSA-MTE	hyp1	News	NaN	-3.019223213195801
259	260	en	amh	challenge_SSA-MTE	hyp1	News	NaN	-0.6455658674240112
260	261	en	amh	challenge_SSA-MTE	hyp1	News	NaN	-0.4800201654434204
261	262	en	amh	challenge_SSA-MTE	hyp1	News	NaN	-8.949691772460938
262	263	en	amh	challenge_SSA-MTE	hyp1	News	NaN	-0.43929457664489746
263	264	en	amh	challenge_SSA-MTE	hyp1	News	NaN	-0.546393096446991
264	265	en	amh	challenge_SSA-MTE	hyp1	News	NaN	-0.4733894467353821
265	266	en	amh	challenge_SSA-MTE	hyp1	News	NaN	-0.25070104002952576
266	267	en	amh	challenge_SSA-MTE	hyp1	News	NaN	-0.7153195142745972
267	268	en	amh	challenge_SSA-MTE	hyp1	News	NaN	-1.1133819818496704
268	269	en	amh	challenge_SSA-MTE	hyp1	News	NaN	-4.005381107330322
269	270	en	amh	challenge_SSA-MTE	hyp1	News	NaN	-1.1059333086013794
270	271	en	amh	challenge_SSA-MTE	hyp1	News	NaN	-5.877318382263184
271	272	en	amh	challenge_SSA-MTE	hyp1	News	NaN	-2.5937094688415527
272	273	en	amh	challenge_SSA-MTE	hyp1	News	NaN	-0.6411001682281494
273	274	en	amh	challenge_SSA-MTE	hyp1	News	NaN	-1.878828763961792
274	275	en	amh	challenge_SSA-MTE	hyp1	News	NaN	-4.707962989807129
275	276	en	amh	challenge_SSA-MTE	hyp1	News	NaN	-1.3973983526229858
276	277	en	amh	challenge_SSA-MTE	hyp1	News	NaN	-2.1350817680358887
277	278	en	amh	challenge_SSA-MTE	hyp1	News	NaN	-1.80820894241333
278	279	en	amh	challenge_SSA-MTE	hyp1	News	NaN	-0.4295080900192261
279	280	en	amh	challenge_SSA-MTE	hyp1	News	NaN	-3.0044360160827637
280	281	en	amh	challenge_SSA-MTE	hyp1	News	NaN	-0.8763477802276611
281	282	en	amh	challenge_SSA-MTE	hyp1	News	NaN	-3.474789619445801
282	283	en	amh	challenge_SSA-MTE	hyp1	News	NaN	-9.809969902038574
283	284	en	amh	challenge_SSA-MTE	hyp1	News	NaN	-13.625799179077148
284	285	en	amh	challenge_SSA-MTE	hyp1	News	NaN	-27.487674713134766
285	286	en	amh	challenge_SSA-MTE	hyp1	News	NaN	-7.763286590576172
286	287	en	amh	challenge_SSA-MTE	hyp1	News	NaN	-2.710299491882324
287	288	en	amh	challenge_SSA-MTE	hyp1	News	NaN	-4.55869722366333
288	289	en	amh	challenge_SSA-MTE	hyp1	News	NaN	-7.329690933227539
289	290	en	amh	challenge_SSA-MTE	hyp1	News	NaN	-15.278215408325195
290	291	en	amh	challenge_SSA-MTE	hyp1	News	NaN	-13.25667953491211
291	292	en	amh	challenge_SSA-MTE	hyp1	News	NaN	-4.7151408195495605
292	293	en	amh	challenge_SSA-MTE	hyp1	News	NaN	-6.96917724609375
293	294	en	amh	challenge_SSA-MTE	hyp1	News	NaN	-1.3632848262786865
294	295	en	amh	challenge_SSA-MTE	hyp1	News	NaN	-14.000981330871582
295	296	en	amh	challenge_SSA-MTE	hyp1	News	NaN	-4.275494575500488
296	297	en	amh	challenge_SSA-MTE	hyp1	News	NaN	-1.044335126876831
297	298	en	amh	challenge_SSA-MTE	hyp1	News	NaN	-1.9321494102478027
298	299	en	amh	challenge_SSA-MTE	hyp1	News	NaN	-1.590209722518921
299	300	en	amh	challenge_SSA-MTE	hyp1	News	NaN	-0.70211261510849
300	301	en	amh	challenge_SSA-MTE	hyp1	News	NaN	-2.662369728088379
301	302	en	amh	challenge_SSA-MTE	hyp1	News	NaN	-1.733535885810852
302	303	en	amh	challenge_SSA-MTE	hyp1	News	NaN	-1.8198328018188477
303	304	en	amh	challenge_SSA-MTE	hyp1	News	NaN	-3.054691791534424
304	305	en	amh	challenge_SSA-MTE	hyp1	News	NaN	-0.6556198596954346
305	306	en	amh	challenge_SSA-MTE	hyp1	News	NaN	-0.54616779088974
306	307	en	amh	challenge_SSA-MTE	hyp1	News	NaN	-1.8795289993286133
307	308	en	amh	challenge_SSA-MTE	hyp1	News	NaN	-1.0152760744094849
308	309	en	amh	challenge_SSA-MTE	hyp1	News	NaN	-1.4510115385055542
309	310	en	amh	challenge_SSA-MTE	hyp1	News	NaN	-0.549983024597168
310	311	en	amh	challenge_SSA-MTE	hyp1	News	NaN	-11.032233238220215
311	312	en	amh	challenge_SSA-MTE	hyp1	News	NaN	-2.210247039794922
312	313	en	amh	challenge_SSA-MTE	hyp1	News	NaN	-5.21075439453125
313	314	en	amh	challenge_SSA-MTE	hyp1	News	NaN	-1.2187540531158447
314	315	en	amh	challenge_SSA-MTE	hyp1	News	NaN	-1.0665745735168457
315	316	en	amh	challenge_SSA-MTE	hyp1	News	NaN	-1.036100149154663
316	317	en	amh	challenge_SSA-MTE	hyp1	News	NaN	-0.7324203848838806
317	318	en	amh	challenge_SSA-MTE	hyp1	News	NaN	-0.8379528522491455
318	319	en	amh	challenge_SSA-MTE	hyp1	News	NaN	-0.5548794865608215
319	320	en	amh	challenge_SSA-MTE	hyp1	News	NaN	-0.5561791658401489
320	321	en	amh	challenge_SSA-MTE	hyp1	News	NaN	-0.6254833936691284
321	322	en	amh	challenge_SSA-MTE	hyp1	News	NaN	-0.9345992207527161
322	323	en	amh	challenge_SSA-MTE	hyp1	News	NaN	-3.721508264541626
323	324	en	amh	challenge_SSA-MTE	hyp1	News	NaN	-2.352011203765869
324	325	en	amh	challenge_SSA-MTE	hyp1	News	NaN	-1.7516605854034424
325	326	en	amh	challenge_SSA-MTE	hyp1	News	NaN	-2.6515822410583496
326	327	en	amh	challenge_SSA-MTE	hyp1	News	NaN	-7.570183753967285
327	328	en	amh	challenge_SSA-MTE	hyp1	News	NaN	-3.155017375946045
328	329	en	amh	challenge_SSA-MTE	hyp1	News	NaN	-5.502872467041016
329	330	en	amh	challenge_SSA-MTE	hyp1	News	NaN	-2.74381160736084
330	331	en	amh	challenge_SSA-MTE	hyp1	News	NaN	-3.454761505126953
331	332	en	amh	challenge_SSA-MTE	hyp1	News	NaN	-1.111406683921814
332	333	en	amh	challenge_SSA-MTE	hyp1	News	NaN	-1.0820531845092773
333	334	en	amh	challenge_SSA-MTE	hyp1	News	NaN	-0.9924811720848083
334	335	en	amh	challenge_SSA-MTE	hyp1	News	NaN	-1.1528370380401611
335	336	en	amh	challenge_SSA-MTE	hyp1	News	NaN	-2.143169403076172
336	337	en	amh	challenge_SSA-MTE	hyp1	News	NaN	-5.944765090942383
337	338	en	amh	challenge_SSA-MTE	hyp1	News	NaN	-2.2558515071868896
338	339	en	amh	challenge_SSA-MTE	hyp1	News	NaN	-1.93255615234375
339	340	en	amh	challenge_SSA-MTE	hyp1	News	NaN	-5.006100177764893
340	341	en	amh	challenge_SSA-MTE	hyp1	News	NaN	-3.4180307388305664
341	342	en	amh	challenge_SSA-MTE	hyp1	News	NaN	-1.6738696098327637
342	343	en	amh	challenge_SSA-MTE	hyp1	News	NaN	-5.209715843200684
343	344	en	amh	challenge_SSA-MTE	hyp1	News	NaN	-2.6122665405273438
344	345	en	amh	challenge_SSA-MTE	hyp1	News	NaN	-2.025294780731201
345	346	en	amh	challenge_SSA-MTE	hyp1	News	NaN	-1.8227360248565674
346	347	en	amh	challenge_SSA-MTE	hyp1	News	NaN	-1.4881200790405273
347	348	en	amh	challenge_SSA-MTE	hyp1	News	NaN	-4.6137189865112305
348	349	en	amh	challenge_SSA-MTE	hyp1	News	NaN	-2.3892624378204346
349	350	en	amh	challenge_SSA-MTE	hyp1	News	NaN	-1.3275980949401855
350	351	en	amh	challenge_SSA-MTE	hyp1	News	NaN	-1.9818475246429443
351	352	en	amh	challenge_SSA-MTE	hyp1	News	NaN	-2.670916795730591
352	353	en	amh	challenge_SSA-MTE	hyp1	News	NaN	-0.7204039692878723
353	354	en	amh	challenge_SSA-MTE	hyp1	News	NaN	-10.233325004577637
354	355	en	amh	challenge_SSA-MTE	hyp1	News	NaN	-1.208463430404663
355	356	en	amh	challenge_SSA-MTE	hyp1	News	NaN	-1.0062079429626465
356	357	en	amh	challenge_SSA-MTE	hyp1	News	NaN	-0.8903830051422119
357	358	en	amh	challenge_SSA-MTE	hyp1	News	NaN	-2.700087785720825
358	359	en	amh	challenge_SSA-MTE	hyp1	News	NaN	-0.6633166670799255
359	360	en	amh	challenge_SSA-MTE	hyp1	News	NaN	-2.6135077476501465
360	361	en	amh	challenge_SSA-MTE	hyp1	News	NaN	-0.959193766117096
361	362	en	amh	challenge_SSA-MTE	hyp1	News	NaN	-0.7308071851730347
362	363	en	amh	challenge_SSA-MTE	hyp1	News	NaN	-0.5861584544181824
363	364	en	amh	challenge_SSA-MTE	hyp1	News	NaN	-0.5444813966751099
364	365	en	amh	challenge_SSA-MTE	hyp1	News	NaN	-1.035186767578125
365	366	en	amh	challenge_SSA-MTE	hyp1	News	NaN	-9.711824417114258
366	367	en	amh	challenge_SSA-MTE	hyp1	News	NaN	-5.938724517822266
367	368	en	amh	challenge_SSA-MTE	hyp1	News	NaN	-1.6665472984313965
368	369	en	amh	challenge_SSA-MTE	hyp1	News	NaN	-2.74687123298645
369	370	en	amh	challenge_SSA-MTE	hyp1	News	NaN	-1.2821214199066162
370	371	en	amh	challenge_SSA-MTE	hyp1	News	NaN	-12.584900856018066
371	372	en	amh	challenge_SSA-MTE	hyp1	News	NaN	-2.896937131881714
372	373	en	amh	challenge_SSA-MTE	hyp1	News	NaN	-1.740892767906189
373	374	en	amh	challenge_SSA-MTE	hyp1	News	NaN	-1.5956788063049316
374	375	en	amh	challenge_SSA-MTE	hyp1	News	NaN	-1.6343320608139038
375	376	en	amh	challenge_SSA-MTE	hyp1	News	NaN	-1.365443229675293
376	377	en	amh	challenge_SSA-MTE	hyp1	News	NaN	-0.7249578833580017
377	378	en	amh	challenge_SSA-MTE	hyp1	News	NaN	-4.448568344116211
378	379	en	amh	challenge_SSA-MTE	hyp1	News	NaN	-2.2147879600524902
379	380	en	amh	challenge_SSA-MTE	hyp1	News	NaN	-1.4362733364105225
380	381	en	amh	challenge_SSA-MTE	hyp1	News	NaN	-1.590764045715332
381	382	en	amh	challenge_SSA-MTE	hyp1	News	NaN	-6.500092506408691
382	383	en	amh	challenge_SSA-MTE	hyp1	News	NaN	-0.644369900226593
383	384	en	amh	challenge_SSA-MTE	hyp1	News	NaN	-10.31953239440918
384	385	en	amh	challenge_SSA-MTE	hyp1	News	NaN	-2.456228017807007
385	386	en	amh	challenge_SSA-MTE	hyp1	News	NaN	-0.9823019504547119
386	387	en	amh	challenge_SSA-MTE	hyp1	News	NaN	-1.3175783157348633
387	388	en	amh	challenge_SSA-MTE	hyp1	News	NaN	-1.1036566495895386
388	389	en	amh	challenge_SSA-MTE	hyp1	News	NaN	-1.1561310291290283
389	390	en	amh	challenge_SSA-MTE	hyp1	News	NaN	-5.685706615447998
390	391	en	amh	challenge_SSA-MTE	hyp1	News	NaN	-1.6631247997283936
391	392	en	amh	challenge_SSA-MTE	hyp1	News	NaN	-2.1042428016662598
392	393	en	amh	challenge_SSA-MTE	hyp1	News	NaN	-1.049692153930664
393	394	en	amh	challenge_SSA-MTE	hyp1	News	NaN	-1.2965941429138184
394	395	en	amh	challenge_SSA-MTE	hyp1	News	NaN	-5.149822235107422
395	396	en	amh	challenge_SSA-MTE	hyp1	News	NaN	-2.4339957237243652
396	397	en	amh	challenge_SSA-MTE	hyp1	News	NaN	-6.48631477355957
397	398	en	amh	challenge_SSA-MTE	hyp1	News	NaN	-5.360294342041016
398	399	en	amh	challenge_SSA-MTE	hyp1	News	NaN	-8.28882122039795
399	400	en	amh	challenge_SSA-MTE	hyp1	News	NaN	-1.5188348293304443
400	401	en	amh	challenge_SSA-MTE	hyp1	News	NaN	-0.5586840510368347
401	402	en	amh	challenge_SSA-MTE	hyp1	News	NaN	-2.268484115600586
402	403	en	amh	challenge_SSA-MTE	hyp1	News	NaN	-0.918272852897644
403	404	en	amh	challenge_SSA-MTE	hyp1	News	NaN	-1.0908253192901611
404	405	en	amh	challenge_SSA-MTE	hyp1	News	NaN	-0.5468207597732544
405	406	en	amh	challenge_SSA-MTE	hyp1	News	NaN	-2.0703110694885254
406	407	en	amh	challenge_SSA-MTE	hyp1	News	NaN	-1.8241544961929321
407	408	en	amh	challenge_SSA-MTE	hyp1	News	NaN	-6.286253929138184
408	409	en	amh	challenge_SSA-MTE	hyp1	News	NaN	-4.424897193908691
409	410	en	amh	challenge_SSA-MTE	hyp1	News	NaN	-3.459106683731079
410	411	en	amh	challenge_SSA-MTE	hyp1	News	NaN	-1.6980552673339844
411	412	en	amh	challenge_SSA-MTE	hyp1	News	NaN	-1.5325686931610107
412	413	en	amh	challenge_SSA-MTE	hyp1	News	NaN	-6.187278747558594
413	414	en	amh	challenge_SSA-MTE	hyp1	News	NaN	-2.6285760402679443
414	415	en	amh	challenge_SSA-MTE	hyp1	News	NaN	-0.9475994110107422
415	416	en	amh	challenge_SSA-MTE	hyp1	News	NaN	-0.567186713218689
416	417	en	amh	challenge_SSA-MTE	hyp1	News	NaN	-0.6478703022003174
417	418	en	amh	challenge_SSA-MTE	hyp1	News	NaN	-3.536198854446411
418	419	en	amh	challenge_SSA-MTE	hyp1	News	NaN	-5.327017307281494
419	420	en	amh	challenge_SSA-MTE	hyp1	News	NaN	-1.8518435955047607
420	421	en	amh	challenge_SSA-MTE	hyp1	News	NaN	-3.0197787284851074
421	422	en	amh	challenge_SSA-MTE	hyp1	News	NaN	-1.1812254190444946
422	423	en	amh	challenge_SSA-MTE	hyp1	News	NaN	-1.0842962265014648
423	424	en	amh	challenge_SSA-MTE	hyp1	News	NaN	-1.1911296844482422
424	425	en	amh	challenge_SSA-MTE	hyp1	News	NaN	-1.9862138032913208
425	426	en	amh	challenge_SSA-MTE	hyp1	News	NaN	-13.387118339538574
426	427	en	amh	challenge_SSA-MTE	hyp1	News	NaN	-1.4108823537826538
427	428	en	amh	challenge_SSA-MTE	hyp1	News	NaN	-1.6765660047531128
428	429	en	amh	challenge_SSA-MTE	hyp1	News	NaN	-1.501523733139038
429	430	en	amh	challenge_SSA-MTE	hyp1	News	NaN	-1.231930136680603
430	431	en	amh	challenge_SSA-MTE	hyp1	News	NaN	-3.360262870788574
431	432	en	amh	challenge_SSA-MTE	hyp1	News	NaN	-2.3383865356445312
432	433	en	amh	challenge_SSA-MTE	hyp1	News	NaN	-1.3756316900253296
433	434	en	amh	challenge_SSA-MTE	hyp1	News	NaN	-1.1115059852600098
434	435	en	amh	challenge_SSA-MTE	hyp1	News	NaN	-0.6509475708007812
435	436	en	amh	challenge_SSA-MTE	hyp1	News	NaN	-1.313261866569519
436	437	en	amh	challenge_SSA-MTE	hyp1	News	NaN	-0.715602457523346
437	438	en	amh	challenge_SSA-MTE	hyp1	News	NaN	-0.6853379607200623
438	439	en	amh	challenge_SSA-MTE	hyp1	News	NaN	-0.870145857334137
439	440	en	amh	challenge_SSA-MTE	hyp1	News	NaN	-2.803424835205078
440	441	en	amh	challenge_SSA-MTE	hyp1	News	NaN	-2.4189727306365967
441	442	en	amh	challenge_SSA-MTE	hyp1	News	NaN	-3.8782694339752197
442	443	en	amh	challenge_SSA-MTE	hyp1	News	NaN	-1.3213837146759033
443	444	en	amh	challenge_SSA-MTE	hyp1	News	NaN	-1.1660387516021729
444	445	en	amh	challenge_SSA-MTE	hyp1	News	NaN	-0.7711974382400513
445	446	en	amh	challenge_SSA-MTE	hyp1	News	NaN	-3.378725051879883
446	447	en	amh	challenge_SSA-MTE	hyp1	News	NaN	-2.479015350341797
447	448	en	amh	challenge_SSA-MTE	hyp1	News	NaN	-3.054046630859375
448	449	en	amh	challenge_SSA-MTE	hyp1	News	NaN	-3.268019437789917
449	450	en	amh	challenge_SSA-MTE	hyp1	News	NaN	-0.7932708859443665
450	451	en	amh	challenge_SSA-MTE	hyp1	News	NaN	-1.1290745735168457
451	452	en	amh	challenge_SSA-MTE	hyp1	News	NaN	-9.420150756835938
452	453	en	amh	challenge_SSA-MTE	hyp1	News	NaN	-5.093807220458984
453	454	en	amh	challenge_SSA-MTE	hyp1	News	NaN	-4.849124908447266
454	455	en	amh	challenge_SSA-MTE	hyp1	News	NaN	-5.198892593383789
455	456	en	amh	challenge_SSA-MTE	hyp1	News	NaN	-0.9258159399032593
456	457	en	amh	challenge_SSA-MTE	hyp1	News	NaN	-1.143970251083374
457	458	en	amh	challenge_SSA-MTE	hyp1	News	NaN	-3.492790937423706
458	459	en	amh	challenge_SSA-MTE	hyp1	News	NaN	-1.6995887756347656
459	460	en	amh	challenge_SSA-MTE	hyp1	News	NaN	-1.5858689546585083
460	461	en	amh	challenge_SSA-MTE	hyp1	News	NaN	-2.3360671997070312
461	462	en	amh	challenge_SSA-MTE	hyp1	News	NaN	-1.3630475997924805
462	463	en	amh	challenge_SSA-MTE	hyp1	News	NaN	-1.1008661985397339
463	464	en	amh	challenge_SSA-MTE	hyp1	News	NaN	-4.859811305999756
464	465	en	amh	challenge_SSA-MTE	hyp1	News	NaN	-3.6260581016540527
465	466	en	amh	challenge_SSA-MTE	hyp1	News	NaN	-1.3636038303375244
466	467	en	amh	challenge_SSA-MTE	hyp1	News	NaN	-4.364227771759033
467	468	en	amh	challenge_SSA-MTE	hyp1	News	NaN	-1.549375295639038
468	469	en	amh	challenge_SSA-MTE	hyp1	News	NaN	-2.6625757217407227
469	470	en	amh	challenge_SSA-MTE	hyp1	News	NaN	-3.8222992420196533
470	471	en	amh	challenge_SSA-MTE	hyp1	News	NaN	-1.9411855936050415
471	472	en	amh	challenge_SSA-MTE	hyp1	News	NaN	-2.0857386589050293
472	473	en	amh	challenge_SSA-MTE	hyp1	News	NaN	-1.5989129543304443
473	474	en	amh	challenge_SSA-MTE	hyp1	News	NaN	-6.546494483947754
474	475	en	amh	challenge_SSA-MTE	hyp1	News	NaN	-5.328968524932861
475	476	en	amh	challenge_SSA-MTE	hyp1	News	NaN	-2.512739658355713
476	477	en	amh	challenge_SSA-MTE	hyp1	News	NaN	-8.689422607421875
477	478	en	amh	challenge_SSA-MTE	hyp1	News	NaN	-1.2571961879730225
478	479	en	amh	challenge_SSA-MTE	hyp1	News	NaN	-1.3319191932678223
479	480	en	amh	challenge_SSA-MTE	hyp1	News	NaN	-11.074472427368164
480	481	en	amh	challenge_SSA-MTE	hyp1	News	NaN	-6.955567359924316
481	482	en	amh	challenge_SSA-MTE	hyp1	News	NaN	-3.604477882385254
482	483	en	amh	challenge_SSA-MTE	hyp1	News	NaN	-4.961017608642578
483	484	en	amh	challenge_SSA-MTE	hyp1	News	NaN	-6.099959373474121
484	485	en	amh	challenge_SSA-MTE	hyp1	News	NaN	-7.8976922035217285
485	486	en	amh	challenge_SSA-MTE	hyp1	News	NaN	-5.240571022033691
486	487	en	amh	challenge_SSA-MTE	hyp1	News	NaN	-16.100635528564453
487	488	en	amh	challenge_SSA-MTE	hyp1	News	NaN	-7.532605171203613
488	489	en	amh	challenge_SSA-MTE	hyp1	News	NaN	-1.0663988590240479
489	490	en	amh	challenge_SSA-MTE	hyp1	News	NaN	-1.1005306243896484
490	491	en	amh	challenge_SSA-MTE	hyp1	News	NaN	-4.0813517570495605
491	492	en	amh	challenge_SSA-MTE	hyp1	News	NaN	-10.376334190368652
492	493	en	amh	challenge_SSA-MTE	hyp1	News	NaN	-3.7866904735565186
493	494	en	amh	challenge_SSA-MTE	hyp1	News	NaN	-1.9876834154129028
494	495	en	amh	challenge_SSA-MTE	hyp1	News	NaN	-3.6891422271728516
495	496	en	amh	challenge_SSA-MTE	hyp1	News	NaN	-3.371267557144165
496	497	en	amh	challenge_SSA-MTE	hyp1	News	NaN	-4.442777633666992
497	498	en	amh	challenge_SSA-MTE	hyp1	News	NaN	-5.083768844604492
498	499	en	amh	challenge_SSA-MTE	hyp1	News	NaN	-4.878605365753174
499	500	en	amh	challenge_SSA-MTE	hyp1	News	NaN	-8.381868362426758
500	501	en	amh	challenge_SSA-MTE	hyp1	News	NaN	-4.199656009674072
501	502	en	amh	challenge_SSA-MTE	hyp1	News	NaN	-5.02192497253418
502	503	en	amh	challenge_SSA-MTE	hyp1	News	NaN	-0.8419612646102905
503	504	en	amh	challenge_SSA-MTE	hyp1	News	NaN	-3.6043312549591064
504	505	en	amh	challenge_SSA-MTE	hyp1	News	NaN	-3.4406089782714844
505	506	en	amh	challenge_SSA-MTE	hyp1	News	NaN	-3.9009430408477783
506	507	en	amh	challenge_SSA-MTE	hyp1	News	NaN	-0.5730305910110474
507	508	en	amh	challenge_SSA-MTE	hyp1	News	NaN	-2.475992202758789
508	509	en	amh	challenge_SSA-MTE	hyp1	News	NaN	-3.8566532135009766
509	510	en	amh	challenge_SSA-MTE	hyp1	News	NaN	-3.241710662841797
510	511	en	amh	challenge_SSA-MTE	hyp1	News	NaN	-1.22239351272583
511	512	en	amh	challenge_SSA-MTE	hyp1	News	NaN	-1.0228142738342285
512	513	en	amh	challenge_SSA-MTE	hyp1	News	NaN	-1.6278109550476074
513	514	en	amh	challenge_SSA-MTE	hyp1	News	NaN	-1.5925312042236328
514	515	en	amh	challenge_SSA-MTE	hyp1	News	NaN	-3.69252872467041
515	516	en	amh	challenge_SSA-MTE	hyp1	News	NaN	-11.164925575256348
516	517	en	amh	challenge_SSA-MTE	hyp1	News	NaN	-3.5707039833068848
517	518	en	amh	challenge_SSA-MTE	hyp1	News	NaN	-7.8460693359375
518	519	en	amh	challenge_SSA-MTE	hyp1	News	NaN	-1.7142549753189087
519	520	en	amh	challenge_SSA-MTE	hyp1	News	NaN	-2.2432351112365723
520	521	en	amh	challenge_SSA-MTE	hyp1	News	NaN	-1.756109595298767
521	522	en	amh	challenge_SSA-MTE	hyp1	News	NaN	-4.6698713302612305
522	523	en	amh	challenge_SSA-MTE	hyp1	News	NaN	-1.3467127084732056
523	524	en	amh	challenge_SSA-MTE	hyp1	News	NaN	-2.1386475563049316
524	525	en	amh	challenge_SSA-MTE	hyp1	News	NaN	-1.7780940532684326
525	526	en	amh	challenge_SSA-MTE	hyp1	News	NaN	-1.6170392036437988
526	527	en	amh	challenge_SSA-MTE	hyp1	News	NaN	-4.0646467208862305
527	528	en	amh	challenge_SSA-MTE	hyp1	News	NaN	-2.123354434967041
528	529	en	amh	challenge_SSA-MTE	hyp1	News	NaN	-2.1517927646636963
529	530	en	amh	challenge_SSA-MTE	hyp1	News	NaN	-2.443993330001831
530	531	en	amh	challenge_SSA-MTE	hyp1	News	NaN	-7.194192886352539
531	532	en	amh	challenge_SSA-MTE	hyp1	News	NaN	-3.000223159790039
532	533	en	amh	challenge_SSA-MTE	hyp1	News	NaN	-5.28371524810791
533	534	en	amh	challenge_SSA-MTE	hyp1	News	NaN	-3.363666534423828
534	535	en	amh	challenge_SSA-MTE	hyp1	News	NaN	-2.176929473876953
535	536	en	amh	challenge_SSA-MTE	hyp1	News	NaN	-4.4709930419921875
536	537	en	amh	challenge_SSA-MTE	hyp1	News	NaN	-1.7168323993682861
537	538	en	amh	challenge_SSA-MTE	hyp1	News	NaN	-2.889591693878174
538	539	en	amh	challenge_SSA-MTE	hyp1	News	NaN	-6.810332775115967
539	540	en	amh	challenge_SSA-MTE	hyp1	News	NaN	-5.196761131286621
540	541	en	amh	challenge_SSA-MTE	hyp1	News	NaN	-7.7916340827941895
541	542	en	amh	challenge_SSA-MTE	hyp1	News	NaN	-5.576138496398926
542	543	en	amh	challenge_SSA-MTE	hyp1	News	NaN	-4.013891220092773
543	544	en	amh	challenge_SSA-MTE	hyp1	News	NaN	-1.8516120910644531
544	545	en	amh	challenge_SSA-MTE	hyp1	News	NaN	-7.861185550689697
545	546	en	amh	challenge_SSA-MTE	hyp1	News	NaN	-6.048326015472412
546	547	en	amh	challenge_SSA-MTE	hyp1	News	NaN	-3.9114322662353516
547	548	en	amh	challenge_SSA-MTE	hyp1	News	NaN	-2.779446601867676
548	549	en	amh	challenge_SSA-MTE	hyp1	News	NaN	-2.7216053009033203
549	550	en	amh	challenge_SSA-MTE	hyp1	News	NaN	-16.767711639404297
550	551	en	amh	challenge_SSA-MTE	hyp1	News	NaN	-1.8280179500579834
551	552	en	amh	challenge_SSA-MTE	hyp1	News	NaN	-2.365449905395508
552	553	en	amh	challenge_SSA-MTE	hyp1	News	NaN	-1.3666718006134033
553	554	en	amh	challenge_SSA-MTE	hyp1	News	NaN	-1.0300166606903076
554	555	en	amh	challenge_SSA-MTE	hyp1	News	NaN	-1.0744409561157227
555	556	en	amh	challenge_SSA-MTE	hyp1	News	NaN	-0.9772796034812927
556	557	en	amh	challenge_SSA-MTE	hyp1	News	NaN	-9.053889274597168
557	558	en	amh	challenge_SSA-MTE	hyp1	News	NaN	-4.204059600830078
558	559	en	amh	challenge_SSA-MTE	hyp1	News	NaN	-3.0405824184417725
559	560	en	amh	challenge_SSA-MTE	hyp1	News	NaN	-3.79451847076416
560	561	en	amh	challenge_SSA-MTE	hyp1	News	NaN	-1.465994119644165
561	562	en	amh	challenge_SSA-MTE	hyp1	News	NaN	-1.4398467540740967
562	563	en	amh	challenge_SSA-MTE	hyp1	News	NaN	-6.174922466278076
563	564	en	amh	challenge_SSA-MTE	hyp1	News	NaN	-2.2666540145874023
564	565	en	amh	challenge_SSA-MTE	hyp1	News	NaN	-4.877130508422852
565	566	en	amh	challenge_SSA-MTE	hyp1	News	NaN	-1.1100300550460815
566	567	en	amh	challenge_SSA-MTE	hyp1	News	NaN	-1.2543216943740845
567	568	en	amh	challenge_SSA-MTE	hyp1	News	NaN	-3.391378879547119
568	569	en	amh	challenge_SSA-MTE	hyp1	News	NaN	-3.5532026290893555
569	570	en	amh	challenge_SSA-MTE	hyp1	News	NaN	-7.473231315612793
570	571	en	amh	challenge_SSA-MTE	hyp1	News	NaN	-1.708508014678955
571	572	en	amh	challenge_SSA-MTE	hyp1	News	NaN	-1.955326795578003
572	573	en	amh	challenge_SSA-MTE	hyp1	News	NaN	-5.549817085266113
573	574	en	amh	challenge_SSA-MTE	hyp1	News	NaN	-1.4597902297973633
574	575	en	amh	challenge_SSA-MTE	hyp1	News	NaN	-4.748791694641113
575	576	en	amh	challenge_SSA-MTE	hyp1	News	NaN	-1.4480761289596558
576	577	en	amh	challenge_SSA-MTE	hyp1	News	NaN	-1.8252440690994263
577	578	en	amh	challenge_SSA-MTE	hyp1	News	NaN	-1.437011957168579
578	579	en	amh	challenge_SSA-MTE	hyp1	News	NaN	-1.379382610321045
579	580	en	amh	challenge_SSA-MTE	hyp1	News	NaN	-0.9002504944801331
580	581	en	amh	challenge_SSA-MTE	hyp1	News	NaN	-2.8576605319976807
581	582	en	amh	challenge_SSA-MTE	hyp1	News	NaN	-5.222501754760742
582	583	en	amh	challenge_SSA-MTE	hyp1	News	NaN	-0.9370088577270508
583	584	en	amh	challenge_SSA-MTE	hyp1	News	NaN	-1.8456299304962158
584	585	en	amh	challenge_SSA-MTE	hyp1	News	NaN	-1.1007705926895142
585	586	en	amh	challenge_SSA-MTE	hyp1	News	NaN	-14.567145347595215
586	587	en	amh	challenge_SSA-MTE	hyp1	News	NaN	-3.0167531967163086
587	588	en	amh	challenge_SSA-MTE	hyp1	News	NaN	-1.9482275247573853
588	589	en	amh	challenge_SSA-MTE	hyp1	News	NaN	-2.328235149383545
589	590	en	amh	challenge_SSA-MTE	hyp1	News	NaN	-13.017292022705078
590	591	en	amh	challenge_SSA-MTE	hyp1	News	NaN	-4.684192657470703
591	592	en	amh	challenge_SSA-MTE	hyp1	News	NaN	-7.130236625671387
592	593	en	amh	challenge_SSA-MTE	hyp1	News	NaN	-2.680985450744629
593	594	en	amh	challenge_SSA-MTE	hyp1	News	NaN	-4.059484958648682
594	595	en	amh	challenge_SSA-MTE	hyp1	News	NaN	-3.672349452972412
595	596	en	amh	challenge_SSA-MTE	hyp1	News	NaN	-1.2300009727478027
596	597	en	amh	challenge_SSA-MTE	hyp1	News	NaN	-8.80048656463623
597	598	en	amh	challenge_SSA-MTE	hyp1	News	NaN	-5.248435020446777
598	599	en	amh	challenge_SSA-MTE	hyp1	News	NaN	-3.312329053878784
599	600	en	amh	challenge_SSA-MTE	hyp1	News	NaN	-2.32889723777771
600	601	en	amh	challenge_SSA-MTE	hyp1	News	NaN	-1.7699623107910156
601	602	en	amh	challenge_SSA-MTE	hyp1	News	NaN	-1.3456697463989258
602	603	en	amh	challenge_SSA-MTE	hyp1	News	NaN	-5.228797912597656
603	604	en	amh	challenge_SSA-MTE	hyp1	News	NaN	-4.353438377380371
604	605	en	amh	challenge_SSA-MTE	hyp1	News	NaN	-1.2917730808258057
605	606	en	amh	challenge_SSA-MTE	hyp1	News	NaN	-7.140895843505859
606	607	en	amh	challenge_SSA-MTE	hyp1	News	NaN	-0.9784480333328247
607	608	en	amh	challenge_SSA-MTE	hyp1	News	NaN	-3.9552767276763916
608	609	en	amh	challenge_SSA-MTE	hyp1	News	NaN	-8.832569122314453
609	610	en	amh	challenge_SSA-MTE	hyp1	News	NaN	-10.848493576049805
610	611	en	amh	challenge_SSA-MTE	hyp1	News	NaN	-2.258037805557251
611	612	en	amh	challenge_SSA-MTE	hyp1	News	NaN	-2.736546277999878
612	613	en	amh	challenge_SSA-MTE	hyp1	News	NaN	-1.9880263805389404
613	614	en	amh	challenge_SSA-MTE	hyp1	News	NaN	-2.154337167739868
614	615	en	amh	challenge_SSA-MTE	hyp1	News	NaN	-7.3532280921936035
615	616	en	amh	challenge_SSA-MTE	hyp1	News	NaN	-3.6629910469055176
616	617	en	amh	challenge_SSA-MTE	hyp1	News	NaN	-1.8247737884521484
617	618	en	amh	challenge_SSA-MTE	hyp1	News	NaN	-2.797447919845581
618	619	en	amh	challenge_SSA-MTE	hyp1	News	NaN	-1.8874003887176514
619	620	en	amh	challenge_SSA-MTE	hyp1	News	NaN	-2.231519937515259
620	621	en	amh	challenge_SSA-MTE	hyp1	News	NaN	-12.463172912597656
621	622	en	amh	challenge_SSA-MTE	hyp1	News	NaN	-4.167481422424316
622	623	en	amh	challenge_SSA-MTE	hyp1	News	NaN	-2.4392337799072266
623	624	en	amh	challenge_SSA-MTE	hyp1	News	NaN	-1.723427414894104
624	625	en	amh	challenge_SSA-MTE	hyp1	News	NaN	-1.2134934663772583
625	626	en	amh	challenge_SSA-MTE	hyp1	News	NaN	-7.3134307861328125
626	627	en	amh	challenge_SSA-MTE	hyp1	News	NaN	-9.088569641113281
627	628	en	amh	challenge_SSA-MTE	hyp1	News	NaN	-6.293988227844238
628	629	en	amh	challenge_SSA-MTE	hyp1	News	NaN	-8.392712593078613
629	630	en	amh	challenge_SSA-MTE	hyp1	News	NaN	-9.305136680603027
630	631	en	amh	challenge_SSA-MTE	hyp1	News	NaN	-3.2438483238220215
631	632	en	amh	challenge_SSA-MTE	hyp1	News	NaN	-1.606783390045166
632	633	en	amh	challenge_SSA-MTE	hyp1	News	NaN	-0.8520194292068481
633	634	en	amh	challenge_SSA-MTE	hyp1	News	NaN	-1.6371864080429077
634	635	en	amh	challenge_SSA-MTE	hyp1	News	NaN	-1.4915156364440918
635	636	en	amh	challenge_SSA-MTE	hyp1	News	NaN	-3.069326877593994
636	637	en	amh	challenge_SSA-MTE	hyp1	News	NaN	-0.8576804399490356
637	638	en	amh	challenge_SSA-MTE	hyp1	News	NaN	-3.8921847343444824
638	639	en	amh	challenge_SSA-MTE	hyp1	News	NaN	-15.554231643676758
639	640	en	amh	challenge_SSA-MTE	hyp1	News	NaN	-7.093905448913574
640	641	en	amh	challenge_SSA-MTE	hyp1	News	NaN	-13.146381378173828
641	642	en	amh	challenge_SSA-MTE	hyp1	News	NaN	-6.574225902557373
642	643	en	amh	challenge_SSA-MTE	hyp1	News	NaN	-4.746774673461914
643	644	en	amh	challenge_SSA-MTE	hyp1	News	NaN	-1.2023658752441406
644	645	en	amh	challenge_SSA-MTE	hyp1	News	NaN	-8.775732040405273
645	646	en	amh	challenge_SSA-MTE	hyp1	News	NaN	-6.615722179412842
646	647	en	amh	challenge_SSA-MTE	hyp1	News	NaN	-3.778675079345703
647	648	en	amh	challenge_SSA-MTE	hyp1	News	NaN	-4.364833354949951
648	649	en	amh	challenge_SSA-MTE	hyp1	News	NaN	-1.7676854133605957
649	650	en	amh	challenge_SSA-MTE	hyp1	News	NaN	-5.213881492614746
650	651	en	amh	challenge_SSA-MTE	hyp1	News	NaN	-8.676934242248535
651	652	en	amh	challenge_SSA-MTE	hyp1	News	NaN	-11.279219627380371
652	653	en	amh	challenge_SSA-MTE	hyp1	News	NaN	-17.691932678222656
653	654	en	amh	challenge_SSA-MTE	hyp1	News	NaN	-9.624588012695312
654	655	en	amh	challenge_SSA-MTE	hyp1	News	NaN	-3.754762649536133
655	656	en	amh	challenge_SSA-MTE	hyp1	News	NaN	-11.640810012817383
656	657	en	amh	challenge_SSA-MTE	hyp1	News	NaN	-6.037214279174805
657	658	en	amh	challenge_SSA-MTE	hyp1	News	NaN	-4.179450988769531
658	659	en	amh	challenge_SSA-MTE	hyp1	News	NaN	-4.121925354003906
659	660	en	amh	challenge_SSA-MTE	hyp1	News	NaN	-1.3509986400604248
660	661	en	amh	challenge_SSA-MTE	hyp1	News	NaN	-16.666553497314453
661	662	en	amh	challenge_SSA-MTE	hyp1	News	NaN	-5.603366851806641
662	663	en	amh	challenge_SSA-MTE	hyp1	News	NaN	-7.848051071166992
663	664	en	amh	challenge_SSA-MTE	hyp1	News	NaN	-3.510207176208496
664	665	en	amh	challenge_SSA-MTE	hyp1	News	NaN	-3.5630204677581787
665	666	en	amh	challenge_SSA-MTE	hyp1	News	NaN	-2.1823410987854004
666	667	en	amh	challenge_SSA-MTE	hyp1	News	NaN	-4.442327499389648
667	668	en	amh	challenge_SSA-MTE	hyp1	News	NaN	-3.5766637325286865
668	669	en	amh	challenge_SSA-MTE	hyp1	News	NaN	-6.00869083404541
669	670	en	amh	challenge_SSA-MTE	hyp1	News	NaN	-4.855884075164795
670	671	en	amh	challenge_SSA-MTE	hyp1	News	NaN	-4.674830436706543
671	672	en	amh	challenge_SSA-MTE	hyp1	News	NaN	-3.0586671829223633
672	673	en	amh	challenge_SSA-MTE	hyp1	News	NaN	-6.871227741241455
673	674	en	amh	challenge_SSA-MTE	hyp1	News	NaN	-8.264362335205078
674	675	en	amh	challenge_SSA-MTE	hyp1	News	NaN	-2.6665711402893066
675	676	en	amh	challenge_SSA-MTE	hyp1	News	NaN	-2.5541021823883057
676	677	en	amh	challenge_SSA-MTE	hyp1	News	NaN	-2.4328746795654297
677	678	en	amh	challenge_SSA-MTE	hyp1	News	NaN	-0.8392742872238159
678	679	en	amh	challenge_SSA-MTE	hyp1	News	NaN	-2.584709882736206
679	680	en	amh	challenge_SSA-MTE	hyp1	News	NaN	-1.7288777828216553
680	681	en	amh	challenge_SSA-MTE	hyp1	News	NaN	-1.7782150506973267
681	682	en	amh	challenge_SSA-MTE	hyp1	News	NaN	-3.438520908355713
682	683	en	amh	challenge_SSA-MTE	hyp1	News	NaN	-0.82423335313797
683	684	en	amh	challenge_SSA-MTE	hyp1	News	NaN	-1.0118236541748047
684	685	en	amh	challenge_SSA-MTE	hyp1	News	NaN	-8.255176544189453
685	686	en	amh	challenge_SSA-MTE	hyp1	News	NaN	-1.631028413772583
686	687	en	amh	challenge_SSA-MTE	hyp1	News	NaN	-1.3884696960449219
687	688	en	amh	challenge_SSA-MTE	hyp1	News	NaN	-1.005363941192627
688	689	en	amh	challenge_SSA-MTE	hyp1	News	NaN	-1.1165879964828491
689	690	en	amh	challenge_SSA-MTE	hyp1	News	NaN	-7.455621719360352
690	691	en	amh	challenge_SSA-MTE	hyp1	News	NaN	-3.565098285675049
691	692	en	amh	challenge_SSA-MTE	hyp1	News	NaN	-1.6781518459320068
692	693	en	amh	challenge_SSA-MTE	hyp1	News	NaN	-1.4382853507995605
693	694	en	amh	challenge_SSA-MTE	hyp1	News	NaN	-1.0985145568847656
694	695	en	amh	challenge_SSA-MTE	hyp1	News	NaN	-10.75370979309082
695	696	en	amh	challenge_SSA-MTE	hyp1	News	NaN	-10.227286338806152
696	697	en	amh	challenge_SSA-MTE	hyp1	News	NaN	-6.3028340339660645
697	698	en	amh	challenge_SSA-MTE	hyp1	News	NaN	-2.008462905883789
698	699	en	amh	challenge_SSA-MTE	hyp1	News	NaN	-2.0952231884002686
699	700	en	amh	challenge_SSA-MTE	hyp1	News	NaN	-1.836134672164917
700	701	en	amh	challenge_SSA-MTE	hyp1	News	NaN	-3.031282424926758
701	702	en	amh	challenge_SSA-MTE	hyp1	News	NaN	-2.3664908409118652
702	703	en	amh	challenge_SSA-MTE	hyp1	News	NaN	-6.834936141967773
703	704	en	amh	challenge_SSA-MTE	hyp1	News	NaN	-4.945782661437988
704	705	en	amh	challenge_SSA-MTE	hyp1	News	NaN	-15.801509857177734
705	706	en	amh	challenge_SSA-MTE	hyp1	News	NaN	-2.7039079666137695
706	707	en	amh	challenge_SSA-MTE	hyp1	News	NaN	-3.649911880493164
707	708	en	amh	challenge_SSA-MTE	hyp1	News	NaN	-13.862979888916016
708	709	en	amh	challenge_SSA-MTE	hyp1	News	NaN	-13.735770225524902
709	710	en	amh	challenge_SSA-MTE	hyp1	News	NaN	-6.292784690856934
710	711	en	amh	challenge_SSA-MTE	hyp1	News	NaN	-13.050509452819824
711	712	en	amh	challenge_SSA-MTE	hyp1	News	NaN	-3.6098413467407227
712	713	en	amh	challenge_SSA-MTE	hyp1	News	NaN	-2.281113624572754
713	714	en	amh	challenge_SSA-MTE	hyp1	News	NaN	-9.293434143066406
714	715	en	amh	challenge_SSA-MTE	hyp1	News	NaN	-2.396862268447876
715	716	en	amh	challenge_SSA-MTE	hyp1	News	NaN	-4.972111701965332
716	717	en	amh	challenge_SSA-MTE	hyp1	News	NaN	-2.616593599319458
717	718	en	amh	challenge_SSA-MTE	hyp1	News	NaN	-2.784205198287964
718	719	en	amh	challenge_SSA-MTE	hyp1	News	NaN	-16.20145034790039
719	720	en	amh	challenge_SSA-MTE	hyp1	News	NaN	-9.933902740478516
720	721	en	amh	challenge_SSA-MTE	hyp1	News	NaN	-8.228616714477539
721	722	en	amh	challenge_SSA-MTE	hyp1	News	NaN	-18.894546508789062
722	723	en	amh	challenge_SSA-MTE	hyp1	News	NaN	-4.302151679992676
723	724	en	amh	challenge_SSA-MTE	hyp1	News	NaN	-5.220719814300537
724	725	en	amh	challenge_SSA-MTE	hyp1	News	NaN	-2.0225412845611572
725	726	en	amh	challenge_SSA-MTE	hyp1	News	NaN	-5.4555864334106445
726	727	en	amh	challenge_SSA-MTE	hyp1	News	NaN	-4.9952802658081055
727	728	en	amh	challenge_SSA-MTE	hyp1	News	NaN	-1.607229232788086
728	729	en	amh	challenge_SSA-MTE	hyp1	News	NaN	-2.8125081062316895
729	730	en	amh	challenge_SSA-MTE	hyp1	News	NaN	-11.810470581054688
730	731	en	amh	challenge_SSA-MTE	hyp1	News	NaN	-5.095479965209961
731	732	en	amh	challenge_SSA-MTE	hyp1	News	NaN	-7.518664360046387
732	733	en	amh	challenge_SSA-MTE	hyp1	News	NaN	-15.172558784484863
733	734	en	amh	challenge_SSA-MTE	hyp1	News	NaN	-4.781124591827393
734	735	en	amh	challenge_SSA-MTE	hyp1	News	NaN	-13.015697479248047
735	736	en	amh	challenge_SSA-MTE	hyp1	News	NaN	-3.558199405670166
736	737	en	amh	challenge_SSA-MTE	hyp1	News	NaN	-4.539237976074219
737	738	en	amh	challenge_SSA-MTE	hyp1	News	NaN	-5.968364715576172
738	739	en	amh	challenge_SSA-MTE	hyp1	News	NaN	-5.119636535644531
739	740	en	amh	challenge_SSA-MTE	hyp1	News	NaN	-4.352913856506348
740	741	en	amh	challenge_SSA-MTE	hyp1	News	NaN	-9.913045883178711
741	742	en	amh	challenge_SSA-MTE	hyp1	News	NaN	-4.943066596984863
742	743	en	amh	challenge_SSA-MTE	hyp1	News	NaN	-2.9571380615234375
743	744	en	amh	challenge_SSA-MTE	hyp1	News	NaN	-1.612830400466919
744	745	en	amh	challenge_SSA-MTE	hyp1	News	NaN	-3.1860523223876953
745	746	en	amh	challenge_SSA-MTE	hyp1	News	NaN	-1.2608416080474854
746	747	en	amh	challenge_SSA-MTE	hyp1	News	NaN	-1.830080509185791
747	748	en	amh	challenge_SSA-MTE	hyp1	News	NaN	-1.19443678855896
748	749	en	amh	challenge_SSA-MTE	hyp1	News	NaN	-1.4419653415679932
749	750	en	amh	challenge_SSA-MTE	hyp1	News	NaN	-1.4156333208084106
750	751	en	amh	challenge_SSA-MTE	hyp1	News	NaN	-0.970594048500061
751	752	en	amh	challenge_SSA-MTE	hyp1	News	NaN	-2.040768623352051
752	753	en	amh	challenge_SSA-MTE	hyp1	News	NaN	-6.580132961273193
753	754	en	amh	challenge_SSA-MTE	hyp1	News	NaN	-8.017910957336426
754	755	en	amh	challenge_SSA-MTE	hyp1	News	NaN	-6.245034694671631
755	756	en	amh	challenge_SSA-MTE	hyp1	News	NaN	-4.548876762390137
756	757	en	amh	challenge_SSA-MTE	hyp1	News	NaN	-2.3212218284606934
757	758	en	amh	challenge_SSA-MTE	hyp1	News	NaN	-6.303383827209473
758	759	en	amh	challenge_SSA-MTE	hyp1	News	NaN	-10.099739074707031
759	760	en	amh	challenge_SSA-MTE	hyp1	News	NaN	-6.544171333312988
760	761	en	amh	challenge_SSA-MTE	hyp1	News	NaN	-6.775149345397949
761	762	en	amh	challenge_SSA-MTE	hyp1	News	NaN	-10.727526664733887
762	763	en	amh	challenge_SSA-MTE	hyp1	News	NaN	-6.605712890625
763	764	en	amh	challenge_SSA-MTE	hyp1	News	NaN	-1.1725761890411377
764	765	en	amh	challenge_SSA-MTE	hyp1	News	NaN	-2.919830560684204
765	766	en	amh	challenge_SSA-MTE	hyp1	News	NaN	-0.8851132392883301
766	767	en	amh	challenge_SSA-MTE	hyp1	News	NaN	-1.2162333726882935
767	768	en	amh	challenge_SSA-MTE	hyp1	News	NaN	-0.9923650026321411
768	769	en	amh	challenge_SSA-MTE	hyp1	News	NaN	-0.9227950572967529
769	770	en	amh	challenge_SSA-MTE	hyp1	News	NaN	-1.3970530033111572
770	771	en	amh	challenge_SSA-MTE	hyp1	News	NaN	-3.339972734451294
771	772	en	amh	challenge_SSA-MTE	hyp1	News	NaN	-4.132875919342041
772	773	en	amh	challenge_SSA-MTE	hyp1	News	NaN	-3.8198466300964355
773	774	en	amh	challenge_SSA-MTE	hyp1	News	NaN	-5.382928848266602
774	775	en	amh	challenge_SSA-MTE	hyp1	News	NaN	-1.5527708530426025
775	776	en	amh	challenge_SSA-MTE	hyp1	News	NaN	-3.007066249847412
776	777	en	amh	challenge_SSA-MTE	hyp1	News	NaN	-11.275708198547363
777	778	en	amh	challenge_SSA-MTE	hyp1	News	NaN	-6.671398639678955
778	779	en	amh	challenge_SSA-MTE	hyp1	News	NaN	-6.10816764831543
779	780	en	amh	challenge_SSA-MTE	hyp1	News	NaN	-3.9933693408966064
780	781	en	amh	challenge_SSA-MTE	hyp1	News	NaN	-2.051608085632324
781	782	en	amh	challenge_SSA-MTE	hyp1	News	NaN	-1.3728182315826416
782	783	en	amh	challenge_SSA-MTE	hyp1	News	NaN	-2.6379497051239014
783	784	en	amh	challenge_SSA-MTE	hyp1	News	NaN	-7.7605390548706055
784	785	en	amh	challenge_SSA-MTE	hyp1	News	NaN	-3.4431519508361816
785	786	en	amh	challenge_SSA-MTE	hyp1	News	NaN	-1.0092828273773193
786	787	en	amh	challenge_SSA-MTE	hyp1	News	NaN	-1.7815470695495605
787	788	en	amh	challenge_SSA-MTE	hyp1	News	NaN	-1.3994736671447754
788	789	en	amh	challenge_SSA-MTE	hyp1	News	NaN	-6.059816837310791
789	790	en	amh	challenge_SSA-MTE	hyp1	News	NaN	-2.8702573776245117
790	791	en	amh	challenge_SSA-MTE	hyp1	News	NaN	-3.387728214263916
791	792	en	amh	challenge_SSA-MTE	hyp1	News	NaN	-2.743326425552368
792	793	en	amh	challenge_SSA-MTE	hyp1	News	NaN	-1.2400416135787964
793	794	en	amh	challenge_SSA-MTE	hyp1	News	NaN	-1.8655080795288086
794	795	en	amh	challenge_SSA-MTE	hyp1	News	NaN	-2.524076461791992
795	796	en	amh	challenge_SSA-MTE	hyp1	News	NaN	-3.598799228668213
796	797	en	amh	challenge_SSA-MTE	hyp1	News	NaN	-1.2904963493347168
797	798	en	amh	challenge_SSA-MTE	hyp1	News	NaN	-1.8850805759429932
798	799	en	amh	challenge_SSA-MTE	hyp1	News	NaN	-1.595503330230713
799	800	en	amh	challenge_SSA-MTE	hyp1	News	NaN	-1.2645554542541504
800	801	en	amh	challenge_SSA-MTE	hyp1	News	NaN	-1.204817771911621
801	802	en	amh	challenge_SSA-MTE	hyp1	News	NaN	-1.3373839855194092
802	803	en	amh	challenge_SSA-MTE	hyp1	News	NaN	-1.2484521865844727
803	804	en	amh	challenge_SSA-MTE	hyp1	News	NaN	-1.1727509498596191
804	805	en	amh	challenge_SSA-MTE	hyp1	News	NaN	-0.8307126760482788
805	806	en	amh	challenge_SSA-MTE	hyp1	News	NaN	-6.945346832275391
806	807	en	amh	challenge_SSA-MTE	hyp1	News	NaN	-13.051445960998535
807	808	en	amh	challenge_SSA-MTE	hyp1	News	NaN	-14.605562210083008
808	809	en	amh	challenge_SSA-MTE	hyp1	News	NaN	-5.684499740600586
809	810	en	amh	challenge_SSA-MTE	hyp1	News	NaN	-3.8872647285461426
810	811	en	amh	challenge_SSA-MTE	hyp1	News	NaN	-4.681282997131348
811	812	en	amh	challenge_SSA-MTE	hyp1	News	NaN	-7.2891950607299805
812	813	en	amh	challenge_SSA-MTE	hyp1	News	NaN	-3.847557544708252
813	814	en	amh	challenge_SSA-MTE	hyp1	News	NaN	-2.978733539581299
814	815	en	amh	challenge_SSA-MTE	hyp1	News	NaN	-2.565927743911743
815	816	en	amh	challenge_SSA-MTE	hyp1	News	NaN	-3.0905866622924805
816	817	en	amh	challenge_SSA-MTE	hyp1	News	NaN	-3.2711188793182373
817	818	en	amh	challenge_SSA-MTE	hyp1	News	NaN	-5.042563438415527
818	819	en	amh	challenge_SSA-MTE	hyp1	News	NaN	-1.5920614004135132
819	820	en	amh	challenge_SSA-MTE	hyp1	News	NaN	-1.3235300779342651
820	821	en	amh	challenge_SSA-MTE	hyp1	News	NaN	-2.199002981185913
821	822	en	amh	challenge_SSA-MTE	hyp1	News	NaN	-2.1630606651306152
822	823	en	amh	challenge_SSA-MTE	hyp1	News	NaN	-3.5780632495880127
823	824	en	amh	challenge_SSA-MTE	hyp1	News	NaN	-5.478808403015137
824	825	en	amh	challenge_SSA-MTE	hyp1	News	NaN	-8.27184009552002
825	826	en	amh	challenge_SSA-MTE	hyp1	News	NaN	-3.385049819946289
826	827	en	amh	challenge_SSA-MTE	hyp1	News	NaN	-9.142624855041504
827	828	en	amh	challenge_SSA-MTE	hyp1	News	NaN	-3.859556198120117
828	829	en	amh	challenge_SSA-MTE	hyp1	News	NaN	-1.532294750213623
829	830	en	amh	challenge_SSA-MTE	hyp1	News	NaN	-6.863912582397461
830	831	en	amh	challenge_SSA-MTE	hyp1	News	NaN	-5.519333362579346
831	832	en	amh	challenge_SSA-MTE	hyp1	News	NaN	-6.788738250732422
832	833	en	amh	challenge_SSA-MTE	hyp1	News	NaN	-1.9237799644470215
833	834	en	amh	challenge_SSA-MTE	hyp1	News	NaN	-1.913743257522583
834	835	en	amh	challenge_SSA-MTE	hyp1	News	NaN	-1.5993883609771729
835	836	en	amh	challenge_SSA-MTE	hyp1	News	NaN	-2.7957394123077393
836	837	en	amh	challenge_SSA-MTE	hyp1	News	NaN	-2.755157947540283
837	838	en	amh	challenge_SSA-MTE	hyp1	News	NaN	-1.5843591690063477
838	839	en	amh	challenge_SSA-MTE	hyp1	News	NaN	-1.679929494857788
839	840	en	amh	challenge_SSA-MTE	hyp1	News	NaN	-2.983398914337158
840	841	en	amh	challenge_SSA-MTE	hyp1	News	NaN	-7.396714687347412
841	842	en	amh	challenge_SSA-MTE	hyp1	News	NaN	-3.235739231109619
842	843	en	amh	challenge_SSA-MTE	hyp1	News	NaN	-0.7899050712585449
843	844	en	amh	challenge_SSA-MTE	hyp1	News	NaN	-1.8364219665527344
844	845	en	amh	challenge_SSA-MTE	hyp1	News	NaN	-4.194059371948242
845	846	en	amh	challenge_SSA-MTE	hyp1	News	NaN	-8.986215591430664
846	847	en	amh	challenge_SSA-MTE	hyp1	News	NaN	-5.279463768005371
847	848	en	amh	challenge_SSA-MTE	hyp1	News	NaN	-3.374086380004883
848	849	en	amh	challenge_SSA-MTE	hyp1	News	NaN	-6.331355094909668
849	850	en	amh	challenge_SSA-MTE	hyp1	News	NaN	-3.618748188018799
850	851	en	amh	challenge_SSA-MTE	hyp1	News	NaN	-1.3406376838684082
851	852	en	amh	challenge_SSA-MTE	hyp1	News	NaN	-3.016695022583008
852	853	en	amh	challenge_SSA-MTE	hyp1	News	NaN	-2.3883447647094727
853	854	en	amh	challenge_SSA-MTE	hyp1	News	NaN	-1.9936906099319458
854	855	en	amh	challenge_SSA-MTE	hyp1	News	NaN	-2.1549973487854004
855	856	en	amh	challenge_SSA-MTE	hyp1	News	NaN	-2.939859390258789
856	857	en	amh	challenge_SSA-MTE	hyp1	News	NaN	-3.159019947052002
857	858	en	amh	challenge_SSA-MTE	hyp1	News	NaN	-8.384136199951172
858	859	en	amh	challenge_SSA-MTE	hyp1	News	NaN	-2.1564478874206543
859	860	en	amh	challenge_SSA-MTE	hyp1	News	NaN	-1.6575708389282227
860	861	en	amh	challenge_SSA-MTE	hyp1	News	NaN	-3.3078746795654297
861	862	en	amh	challenge_SSA-MTE	hyp1	News	NaN	-0.9234405755996704
862	863	en	amh	challenge_SSA-MTE	hyp1	News	NaN	-11.262279510498047
863	864	en	amh	challenge_SSA-MTE	hyp1	News	NaN	-2.5637025833129883
864	865	en	amh	challenge_SSA-MTE	hyp1	News	NaN	-0.38444823026657104
865	866	en	amh	challenge_SSA-MTE	hyp1	News	NaN	-0.43235403299331665
866	867	en	amh	challenge_SSA-MTE	hyp1	News	NaN	-4.89913272857666
867	868	en	amh	challenge_SSA-MTE	hyp1	News	NaN	-18.458221435546875
868	869	en	amh	challenge_SSA-MTE	hyp1	News	NaN	-11.277105331420898
869	870	en	amh	challenge_SSA-MTE	hyp1	News	NaN	-3.2421977519989014
870	871	en	amh	challenge_SSA-MTE	hyp1	News	NaN	-8.05046272277832
871	872	en	amh	challenge_SSA-MTE	hyp1	News	NaN	-1.4621226787567139
872	873	en	amh	challenge_SSA-MTE	hyp1	News	NaN	-3.9118080139160156
873	874	en	amh	challenge_SSA-MTE	hyp1	News	NaN	-4.882461071014404
874	875	en	amh	challenge_SSA-MTE	hyp1	News	NaN	-1.7496310472488403
875	876	en	amh	challenge_SSA-MTE	hyp1	News	NaN	-1.8282630443572998
876	877	en	amh	challenge_SSA-MTE	hyp1	News	NaN	-1.1701858043670654
877	878	en	amh	challenge_SSA-MTE	hyp1	News	NaN	-8.83975601196289
878	879	en	amh	challenge_SSA-MTE	hyp1	News	NaN	-9.131000518798828
879	880	en	amh	challenge_SSA-MTE	hyp1	News	NaN	-8.979379653930664
880	881	en	amh	challenge_SSA-MTE	hyp1	News	NaN	-8.464020729064941
881	882	en	amh	challenge_SSA-MTE	hyp1	News	NaN	-5.562624931335449
882	883	en	amh	challenge_SSA-MTE	hyp1	News	NaN	-2.824075222015381
883	884	en	amh	challenge_SSA-MTE	hyp1	News	NaN	-18.72325325012207
884	885	en	amh	challenge_SSA-MTE	hyp1	News	NaN	-6.590884208679199
885	886	en	amh	challenge_SSA-MTE	hyp1	News	NaN	-9.807374954223633
886	887	en	amh	challenge_SSA-MTE	hyp1	News	NaN	-7.5638532638549805
887	888	en	amh	challenge_SSA-MTE	hyp1	News	NaN	-1.2784662246704102
888	889	en	amh	challenge_SSA-MTE	hyp1	News	NaN	-1.798411250114441
889	890	en	amh	challenge_SSA-MTE	hyp1	News	NaN	-3.0188422203063965
890	891	en	amh	challenge_SSA-MTE	hyp1	News	NaN	-14.563203811645508
891	892	en	amh	challenge_SSA-MTE	hyp1	News	NaN	-2.7286782264709473
892	893	en	amh	challenge_SSA-MTE	hyp1	News	NaN	-6.82611608505249
893	894	en	amh	challenge_SSA-MTE	hyp1	News	NaN	-8.722999572753906
894	895	en	amh	challenge_SSA-MTE	hyp1	News	NaN	-0.830094575881958
895	896	en	amh	challenge_SSA-MTE	hyp1	News	NaN	-2.1248536109924316
896	897	en	amh	challenge_SSA-MTE	hyp1	News	NaN	-0.9957289695739746
897	898	en	amh	challenge_SSA-MTE	hyp1	News	NaN	-0.8505979180335999
898	899	en	amh	challenge_SSA-MTE	hyp1	News	NaN	-0.9470520615577698
899	900	en	amh	challenge_SSA-MTE	hyp1	News	NaN	-6.517292022705078
900	901	en	amh	challenge_SSA-MTE	hyp1	News	NaN	-4.606908798217773
901	902	en	amh	challenge_SSA-MTE	hyp1	News	NaN	-2.9909205436706543
902	903	en	amh	challenge_SSA-MTE	hyp1	News	NaN	-3.777960777282715
903	904	en	amh	challenge_SSA-MTE	hyp1	News	NaN	-5.784957408905029
904	905	en	amh	challenge_SSA-MTE	hyp1	News	NaN	-2.8285622596740723
905	906	en	amh	challenge_SSA-MTE	hyp1	News	NaN	-1.403763771057129
906	907	en	amh	challenge_SSA-MTE	hyp1	News	NaN	-4.663593292236328
907	908	en	amh	challenge_SSA-MTE	hyp1	News	NaN	-5.977224349975586
908	909	en	amh	challenge_SSA-MTE	hyp1	News	NaN	-2.290560722351074
909	910	en	amh	challenge_SSA-MTE	hyp1	News	NaN	-2.0427823066711426
910	911	en	amh	challenge_SSA-MTE	hyp1	News	NaN	-0.9029354453086853
911	912	en	amh	challenge_SSA-MTE	hyp1	News	NaN	-9.153158187866211
912	913	en	amh	challenge_SSA-MTE	hyp1	News	NaN	-5.184578895568848
913	914	en	amh	challenge_SSA-MTE	hyp1	News	NaN	-1.552713394165039
914	915	en	amh	challenge_SSA-MTE	hyp1	News	NaN	-1.3905856609344482
915	916	en	amh	challenge_SSA-MTE	hyp1	News	NaN	-1.3091487884521484
916	917	en	amh	challenge_SSA-MTE	hyp1	News	NaN	-8.909431457519531
917	918	en	amh	challenge_SSA-MTE	hyp1	News	NaN	-0.49099600315093994
918	919	en	amh	challenge_SSA-MTE	hyp1	News	NaN	-2.2791693210601807
919	920	en	amh	challenge_SSA-MTE	hyp1	News	NaN	-4.5252532958984375
920	921	en	amh	challenge_SSA-MTE	hyp1	News	NaN	-8.132245063781738
921	922	en	amh	challenge_SSA-MTE	hyp1	News	NaN	-9.095632553100586
922	923	en	amh	challenge_SSA-MTE	hyp1	News	NaN	-5.734166622161865
923	924	en	amh	challenge_SSA-MTE	hyp1	News	NaN	-3.8594627380371094
924	925	en	amh	challenge_SSA-MTE	hyp1	News	NaN	-4.102149486541748
925	926	en	amh	challenge_SSA-MTE	hyp1	News	NaN	-1.8940720558166504
926	927	en	amh	challenge_SSA-MTE	hyp1	News	NaN	-10.183320045471191
927	928	en	amh	challenge_SSA-MTE	hyp1	News	NaN	-6.440956115722656
928	929	en	amh	challenge_SSA-MTE	hyp1	News	NaN	-2.4721405506134033
929	930	en	amh	challenge_SSA-MTE	hyp1	News	NaN	-2.044379711151123
930	931	en	amh	challenge_SSA-MTE	hyp1	News	NaN	-1.4614168405532837
931	932	en	amh	challenge_SSA-MTE	hyp1	News	NaN	-1.605400562286377
932	933	en	amh	challenge_SSA-MTE	hyp1	News	NaN	-1.7113325595855713
933	934	en	amh	challenge_SSA-MTE	hyp1	News	NaN	-1.2949446439743042
934	935	en	amh	challenge_SSA-MTE	hyp1	News	NaN	-2.2363505363464355
935	936	en	amh	challenge_SSA-MTE	hyp1	News	NaN	-1.7139298915863037
936	937	en	amh	challenge_SSA-MTE	hyp1	News	NaN	-5.729475021362305
937	938	en	amh	challenge_SSA-MTE	hyp1	News	NaN	-8.290422439575195
938	939	en	amh	challenge_SSA-MTE	hyp1	News	NaN	-6.5259108543396
939	940	en	amh	challenge_SSA-MTE	hyp1	News	NaN	-3.795466423034668
940	941	en	amh	challenge_SSA-MTE	hyp1	News	NaN	-7.172364234924316
941	942	en	amh	challenge_SSA-MTE	hyp1	News	NaN	-4.570016860961914
942	943	en	amh	challenge_SSA-MTE	hyp1	News	NaN	-1.4396718740463257
943	944	en	amh	challenge_SSA-MTE	hyp1	News	NaN	-4.408649921417236
944	945	en	amh	challenge_SSA-MTE	hyp1	News	NaN	-2.0914363861083984
945	946	en	amh	challenge_SSA-MTE	hyp1	News	NaN	-2.4076032638549805
946	947	en	amh	challenge_SSA-MTE	hyp1	News	NaN	-3.6500327587127686
947	948	en	amh	challenge_SSA-MTE	hyp1	News	NaN	-0.9860605597496033
948	949	en	amh	challenge_SSA-MTE	hyp1	News	NaN	-2.3905837535858154
949	950	en	amh	challenge_SSA-MTE	hyp1	News	NaN	-2.808350086212158
950	951	en	amh	challenge_SSA-MTE	hyp1	News	NaN	-0.81235671043396
951	952	en	amh	challenge_SSA-MTE	hyp1	News	NaN	-0.5764527320861816
952	953	en	amh	challenge_SSA-MTE	hyp1	News	NaN	-3.802138566970825
953	954	en	amh	challenge_SSA-MTE	hyp1	News	NaN	-4.712486267089844
954	955	en	amh	challenge_SSA-MTE	hyp1	News	NaN	-2.016502857208252
955	956	en	amh	challenge_SSA-MTE	hyp1	News	NaN	-13.641117095947266
956	957	en	amh	challenge_SSA-MTE	hyp1	News	NaN	-9.253273010253906
957	958	en	amh	challenge_SSA-MTE	hyp1	News	NaN	-2.8887219429016113
958	959	en	amh	challenge_SSA-MTE	hyp1	News	NaN	-1.6980109214782715
959	960	en	amh	challenge_SSA-MTE	hyp1	News	NaN	-4.105993747711182
960	961	en	amh	challenge_SSA-MTE	hyp1	News	NaN	-0.5626742839813232
961	962	en	amh	challenge_SSA-MTE	hyp1	News	NaN	-3.0287842750549316
962	963	en	amh	challenge_SSA-MTE	hyp1	News	NaN	-2.9208436012268066
963	964	en	amh	challenge_SSA-MTE	hyp1	News	NaN	-0.9462118744850159
964	965	en	amh	challenge_SSA-MTE	hyp1	News	NaN	-1.676437258720398
965	966	en	amh	challenge_SSA-MTE	hyp1	News	NaN	-0.6730841398239136
966	967	en	amh	challenge_SSA-MTE	hyp1	News	NaN	-2.814483880996704
967	968	en	amh	challenge_SSA-MTE	hyp1	News	NaN	-4.64384651184082
968	969	en	amh	challenge_SSA-MTE	hyp1	News	NaN	-4.944728374481201
969	970	en	amh	challenge_SSA-MTE	hyp1	News	NaN	-2.346339702606201
970	971	en	amh	challenge_SSA-MTE	hyp1	News	NaN	-1.2647085189819336
971	972	en	amh	challenge_SSA-MTE	hyp1	News	NaN	-5.706782341003418
972	973	en	amh	challenge_SSA-MTE	hyp1	News	NaN	-1.639815092086792
973	974	en	amh	challenge_SSA-MTE	hyp1	News	NaN	-5.219579696655273
974	975	en	amh	challenge_SSA-MTE	hyp1	News	NaN	-1.7226316928863525
975	976	en	amh	challenge_SSA-MTE	hyp1	News	NaN	-1.4993979930877686
976	977	en	amh	challenge_SSA-MTE	hyp1	News	NaN	-1.3432120084762573
977	978	en	amh	challenge_SSA-MTE	hyp1	News	NaN	-17.219127655029297
978	979	en	amh	challenge_SSA-MTE	hyp1	News	NaN	-14.734855651855469
979	980	en	amh	challenge_SSA-MTE	hyp1	News	NaN	-12.323997497558594
980	981	en	amh	challenge_SSA-MTE	hyp1	News	NaN	-12.600992202758789
981	982	en	amh	challenge_SSA-MTE	hyp1	News	NaN	-5.1734771728515625
982	983	en	amh	challenge_SSA-MTE	hyp1	News	NaN	-1.1758612394332886
983	984	en	amh	challenge_SSA-MTE	hyp1	News	NaN	-3.8048605918884277
984	985	en	amh	challenge_SSA-MTE	hyp1	News	NaN	-1.9014933109283447
985	986	en	amh	challenge_SSA-MTE	hyp1	News	NaN	-1.4374616146087646
986	987	en	amh	challenge_SSA-MTE	hyp1	News	NaN	-0.9924670457839966
987	988	en	amh	challenge_SSA-MTE	hyp1	News	NaN	-1.2407206296920776
988	989	en	amh	challenge_SSA-MTE	hyp1	News	NaN	-1.7817506790161133
989	990	en	amh	challenge_SSA-MTE	hyp1	News	NaN	-2.2687277793884277
990	991	en	amh	challenge_SSA-MTE	hyp1	News	NaN	-7.874926567077637
991	992	en	amh	challenge_SSA-MTE	hyp1	News	NaN	-2.1733460426330566
992	993	en	amh	challenge_SSA-MTE	hyp1	News	NaN	-2.4061014652252197
993	994	en	amh	challenge_SSA-MTE	hyp1	News	NaN	-1.758192539215088
994	995	en	amh	challenge_SSA-MTE	hyp1	News	NaN	-11.712053298950195
995	996	en	amh	challenge_SSA-MTE	hyp1	News	NaN	-1.7365522384643555
996	997	en	amh	challenge_SSA-MTE	hyp1	News	NaN	-1.2838201522827148
997	998	en	amh	challenge_SSA-MTE	hyp1	News	NaN	-2.410226345062256
998	999	en	amh	challenge_SSA-MTE	hyp1	News	NaN	-0.9323302507400513
999	1000	en	amh	challenge_SSA-MTE	hyp1	News	NaN	-1.790668249130249
1000	1001	en	amh	challenge_SSA-MTE	hyp1	News	NaN	-7.028979301452637
1001	1002	en	amh	challenge_SSA-MTE	hyp1	News	NaN	-7.792614459991455
1002	1003	en	amh	challenge_SSA-MTE	hyp1	News	NaN	-10.741250991821289
1003	1004	en	amh	challenge_SSA-MTE	hyp1	News	NaN	-2.308845281600952
1004	1005	en	amh	challenge_SSA-MTE	hyp1	News	NaN	-2.9723291397094727
1005	1006	en	amh	challenge_SSA-MTE	hyp1	News	NaN	-13.228525161743164
1006	1007	en	amh	challenge_SSA-MTE	hyp1	News	NaN	-6.243952751159668
1007	1008	en	amh	challenge_SSA-MTE	hyp1	News	NaN	-5.0729875564575195
1008	1009	en	amh	challenge_SSA-MTE	hyp1	News	NaN	-10.619848251342773
1009	1010	en	amh	challenge_SSA-MTE	hyp1	News	NaN	-5.461691379547119
1010	1011	en	amh	challenge_SSA-MTE	hyp1	News	NaN	-5.243278503417969
1011	1012	en	amh	challenge_SSA-MTE	hyp1	News	NaN	-4.0315327644348145
1012	1013	en	amh	challenge_SSA-MTE	hyp1	News	NaN	-2.9105491638183594
1013	1014	en	amh	challenge_SSA-MTE	hyp1	News	NaN	-5.897200584411621
1014	1015	en	amh	challenge_SSA-MTE	hyp1	News	NaN	-3.8346526622772217
1015	1016	en	amh	challenge_SSA-MTE	hyp1	News	NaN	-3.518348455429077
1016	1017	en	amh	challenge_SSA-MTE	hyp1	News	NaN	-6.165648460388184
1017	1018	en	amh	challenge_SSA-MTE	hyp1	News	NaN	-1.680921196937561
1018	1019	en	amh	challenge_SSA-MTE	hyp1	News	NaN	-1.7693791389465332
1019	1020	en	amh	challenge_SSA-MTE	hyp1	News	NaN	-2.3793721199035645
1020	1021	en	amh	challenge_SSA-MTE	hyp1	News	NaN	-4.9117560386657715
1021	1022	en	amh	challenge_SSA-MTE	hyp1	News	NaN	-2.5380444526672363
1022	1023	en	amh	challenge_SSA-MTE	hyp1	News	NaN	-2.8858261108398438
1023	1024	en	amh	challenge_SSA-MTE	hyp1	News	NaN	-2.0786471366882324
1024	1025	en	amh	challenge_SSA-MTE	hyp1	News	NaN	-5.286757946014404
1025	1026	en	amh	challenge_SSA-MTE	hyp1	News	NaN	-9.63618278503418
1026	1027	en	amh	challenge_SSA-MTE	hyp1	News	NaN	-7.395565032958984
1027	1028	en	amh	challenge_SSA-MTE	hyp1	News	NaN	-3.836249589920044
1028	1029	en	amh	challenge_SSA-MTE	hyp1	News	NaN	-3.2702338695526123
1029	1030	en	amh	challenge_SSA-MTE	hyp1	News	NaN	-2.53590989112854
1030	1031	en	amh	challenge_SSA-MTE	hyp1	News	NaN	-8.847610473632812
1031	1032	en	amh	challenge_SSA-MTE	hyp1	News	NaN	-6.496071815490723
1032	1033	en	amh	challenge_SSA-MTE	hyp1	News	NaN	-3.959066152572632
1033	1034	en	amh	challenge_SSA-MTE	hyp1	News	NaN	-2.0213327407836914
1034	1035	en	amh	challenge_SSA-MTE	hyp1	News	NaN	-1.9612113237380981
1035	1036	en	amh	challenge_SSA-MTE	hyp1	News	NaN	-4.2251667976379395
1036	1037	en	amh	challenge_SSA-MTE	hyp1	News	NaN	-9.620543479919434
1037	1038	en	amh	challenge_SSA-MTE	hyp1	News	NaN	-10.255460739135742
1038	1039	en	amh	challenge_SSA-MTE	hyp1	News	NaN	-7.1247968673706055
1039	1040	en	amh	challenge_SSA-MTE	hyp1	News	NaN	-9.308477401733398
1040	1041	en	amh	challenge_SSA-MTE	hyp1	News	NaN	-4.2809295654296875
1041	1042	en	amh	challenge_SSA-MTE	hyp1	News	NaN	-8.76340103149414
1042	1043	en	amh	challenge_SSA-MTE	hyp1	News	NaN	-8.936323165893555
1043	1044	en	amh	challenge_SSA-MTE	hyp1	News	NaN	-8.725896835327148
1044	1045	en	amh	challenge_SSA-MTE	hyp1	News	NaN	-4.259997844696045
1045	1046	en	amh	challenge_SSA-MTE	hyp1	News	NaN	-5.412686347961426
1046	1047	en	amh	challenge_SSA-MTE	hyp1	News	NaN	-3.9775705337524414
1047	1048	en	amh	challenge_SSA-MTE	hyp1	News	NaN	-8.689980506896973
1048	1049	en	amh	challenge_SSA-MTE	hyp1	News	NaN	-5.043071746826172
1049	1050	en	amh	challenge_SSA-MTE	hyp1	News	NaN	-3.7162013053894043
1050	1051	en	amh	challenge_SSA-MTE	hyp1	News	NaN	-2.981682777404785
1051	1052	en	amh	challenge_SSA-MTE	hyp1	News	NaN	-1.5773706436157227
1052	1053	en	amh	challenge_SSA-MTE	hyp1	News	NaN	-1.7577776908874512
1053	1054	en	amh	challenge_SSA-MTE	hyp1	News	NaN	-2.1511030197143555
1054	1055	en	amh	challenge_SSA-MTE	hyp1	News	NaN	-11.746731758117676
1055	1056	en	amh	challenge_SSA-MTE	hyp1	News	NaN	-7.759565353393555
1056	1057	en	amh	challenge_SSA-MTE	hyp1	News	NaN	-6.991512298583984
1057	1058	en	amh	challenge_SSA-MTE	hyp1	News	NaN	-2.1274302005767822
1058	1059	en	amh	challenge_SSA-MTE	hyp1	News	NaN	-3.228543281555176
1059	1060	en	amh	challenge_SSA-MTE	hyp1	News	NaN	-8.573318481445312
1060	1061	en	amh	challenge_SSA-MTE	hyp1	News	NaN	-2.929171323776245
1061	1062	en	amh	challenge_SSA-MTE	hyp1	News	NaN	-2.236393451690674
1062	1063	en	amh	challenge_SSA-MTE	hyp1	News	NaN	-4.785741329193115
1063	1064	en	amh	challenge_SSA-MTE	hyp1	News	NaN	-2.6986823081970215
1064	1065	en	amh	challenge_SSA-MTE	hyp1	News	NaN	-6.955244064331055
1065	1066	en	amh	challenge_SSA-MTE	hyp1	News	NaN	-1.2281080484390259
1066	1067	en	amh	challenge_SSA-MTE	hyp1	News	NaN	-2.4916200637817383
1067	1068	en	amh	challenge_SSA-MTE	hyp1	News	NaN	-4.124067783355713
1068	1069	en	amh	challenge_SSA-MTE	hyp1	News	NaN	-2.201087474822998
1069	1070	en	amh	challenge_SSA-MTE	hyp1	News	NaN	-2.26436448097229
1070	1071	en	amh	challenge_SSA-MTE	hyp1	News	NaN	-2.400907516479492
1071	1072	en	amh	challenge_SSA-MTE	hyp1	News	NaN	-3.162691116333008
1072	1073	en	amh	challenge_SSA-MTE	hyp1	News	NaN	-3.913494825363159
1073	1074	en	amh	challenge_SSA-MTE	hyp1	News	NaN	-1.4740430116653442
1074	1075	en	amh	challenge_SSA-MTE	hyp1	News	NaN	-2.918797016143799
1075	1076	en	amh	challenge_SSA-MTE	hyp1	News	NaN	-1.8800173997879028
1076	1077	en	amh	challenge_SSA-MTE	hyp1	News	NaN	-3.6953015327453613
1077	1078	en	amh	challenge_SSA-MTE	hyp1	News	NaN	-6.95326566696167
1078	1079	en	amh	challenge_SSA-MTE	hyp1	News	NaN	-1.7180259227752686
1079	1080	en	amh	challenge_SSA-MTE	hyp1	News	NaN	-2.308134078979492
1080	1081	en	amh	challenge_SSA-MTE	hyp1	News	NaN	-1.3795576095581055
1081	1082	en	amh	challenge_SSA-MTE	hyp1	News	NaN	-1.765141487121582
1082	1083	en	amh	challenge_SSA-MTE	hyp1	News	NaN	-1.2748990058898926
1083	1084	en	amh	challenge_SSA-MTE	hyp1	News	NaN	-1.3422433137893677
1084	1085	en	amh	challenge_SSA-MTE	hyp1	News	NaN	-26.46847152709961
1085	1086	en	amh	challenge_SSA-MTE	hyp1	News	NaN	-1.528187870979309
1086	1087	en	amh	challenge_SSA-MTE	hyp1	News	NaN	-3.137467384338379
1087	1088	en	amh	challenge_SSA-MTE	hyp1	News	NaN	-3.396744728088379
1088	1089	en	amh	challenge_SSA-MTE	hyp1	News	NaN	-11.019193649291992
1089	1090	en	amh	challenge_SSA-MTE	hyp1	News	NaN	-12.028434753417969
1090	1091	en	amh	challenge_SSA-MTE	hyp1	News	NaN	-8.547820091247559
1091	1092	en	amh	challenge_SSA-MTE	hyp1	News	NaN	-4.029351234436035
1092	1093	en	amh	challenge_SSA-MTE	hyp1	News	NaN	-12.533939361572266
1093	1094	en	amh	challenge_SSA-MTE	hyp1	News	NaN	-8.322147369384766
1094	1095	en	amh	challenge_SSA-MTE	hyp1	News	NaN	-8.305978775024414
1095	1096	en	amh	challenge_SSA-MTE	hyp1	News	NaN	-5.179692268371582
1096	1097	en	amh	challenge_SSA-MTE	hyp1	News	NaN	-3.2619147300720215
1097	1098	en	amh	challenge_SSA-MTE	hyp1	News	NaN	-3.2824881076812744
1098	1099	en	amh	challenge_SSA-MTE	hyp1	News	NaN	-12.060367584228516
1099	1100	en	amh	challenge_SSA-MTE	hyp1	News	NaN	-6.100804328918457
1100	1101	en	amh	challenge_SSA-MTE	hyp1	News	NaN	-2.0731592178344727
1101	1102	en	amh	challenge_SSA-MTE	hyp1	News	NaN	-3.029209852218628
1102	1103	en	amh	challenge_SSA-MTE	hyp1	News	NaN	-1.6596274375915527
1103	1104	en	amh	challenge_SSA-MTE	hyp1	News	NaN	-1.6108572483062744
1104	1105	en	amh	challenge_SSA-MTE	hyp1	News	NaN	-8.158976554870605
1105	1106	en	amh	challenge_SSA-MTE	hyp1	News	NaN	-4.77400016784668
1106	1107	en	amh	challenge_SSA-MTE	hyp1	News	NaN	-5.46403694152832
1107	1108	en	amh	challenge_SSA-MTE	hyp1	News	NaN	-4.217921257019043
1108	1109	en	amh	challenge_SSA-MTE	hyp1	News	NaN	-2.491511106491089
1109	1110	en	amh	challenge_SSA-MTE	hyp1	News	NaN	-6.914482116699219
1110	1111	en	amh	challenge_SSA-MTE	hyp1	News	NaN	-3.997865915298462
1111	1112	en	amh	challenge_SSA-MTE	hyp1	News	NaN	-4.084436416625977
1112	1113	en	amh	challenge_SSA-MTE	hyp1	News	NaN	-2.8579955101013184
1113	1114	en	amh	challenge_SSA-MTE	hyp1	News	NaN	-1.5108519792556763
1114	1115	en	amh	challenge_SSA-MTE	hyp1	News	NaN	-8.292278289794922
1115	1116	en	amh	challenge_SSA-MTE	hyp1	News	NaN	-5.70669412612915
1116	1117	en	amh	challenge_SSA-MTE	hyp1	News	NaN	-3.0979888439178467
1117	1118	en	amh	challenge_SSA-MTE	hyp1	News	NaN	-1.788194179534912
1118	1119	en	amh	challenge_SSA-MTE	hyp1	News	NaN	-1.5183942317962646
1119	1120	en	amh	challenge_SSA-MTE	hyp1	News	NaN	-2.991727828979492
1120	1121	en	amh	challenge_SSA-MTE	hyp1	News	NaN	-8.651847839355469
1121	1122	en	amh	challenge_SSA-MTE	hyp1	News	NaN	-11.52622127532959
1122	1123	en	amh	challenge_SSA-MTE	hyp1	News	NaN	-2.711524486541748
1123	1124	en	amh	challenge_SSA-MTE	hyp1	News	NaN	-2.070549726486206
1124	1125	en	amh	challenge_SSA-MTE	hyp1	News	NaN	-2.921555280685425
1125	1126	en	amh	challenge_SSA-MTE	hyp1	News	NaN	-1.5211102962493896
1126	1127	en	amh	challenge_SSA-MTE	hyp1	News	NaN	-6.666632175445557
1127	1128	en	amh	challenge_SSA-MTE	hyp1	News	NaN	-2.1327579021453857
1128	1129	en	amh	challenge_SSA-MTE	hyp1	News	NaN	-1.3357868194580078
1129	1130	en	amh	challenge_SSA-MTE	hyp1	News	NaN	-1.5212388038635254
1130	1131	en	amh	challenge_SSA-MTE	hyp1	News	NaN	-1.1890709400177002
1131	1132	en	amh	challenge_SSA-MTE	hyp1	News	NaN	-2.239513397216797
1132	1133	en	amh	challenge_SSA-MTE	hyp1	News	NaN	-3.6718688011169434
1133	1134	en	amh	challenge_SSA-MTE	hyp1	News	NaN	-1.8178560733795166
1134	1135	en	amh	challenge_SSA-MTE	hyp1	News	NaN	-2.744961977005005
1135	1136	en	amh	challenge_SSA-MTE	hyp1	News	NaN	-1.8660260438919067
1136	1137	en	amh	challenge_SSA-MTE	hyp1	News	NaN	-1.6608562469482422
1137	1138	en	amh	challenge_SSA-MTE	hyp1	News	NaN	-1.8524969816207886
1138	1139	en	amh	challenge_SSA-MTE	hyp1	News	NaN	-3.7780921459198
1139	1140	en	amh	challenge_SSA-MTE	hyp1	News	NaN	-1.099429965019226
1140	1141	en	amh	challenge_SSA-MTE	hyp1	News	NaN	-1.0402108430862427
1141	1142	en	amh	challenge_SSA-MTE	hyp1	News	NaN	-0.9724879264831543
1142	1143	en	amh	challenge_SSA-MTE	hyp1	News	NaN	-1.2893600463867188
1143	1144	en	amh	challenge_SSA-MTE	hyp1	News	NaN	-1.0749411582946777
1144	1145	en	amh	challenge_SSA-MTE	hyp1	News	NaN	-13.196430206298828
1145	1146	en	amh	challenge_SSA-MTE	hyp1	News	NaN	-9.05121898651123
1146	1147	en	amh	challenge_SSA-MTE	hyp1	News	NaN	-6.073244571685791
1147	1148	en	amh	challenge_SSA-MTE	hyp1	News	NaN	-3.6346850395202637
1148	1149	en	amh	challenge_SSA-MTE	hyp1	News	NaN	-2.8483469486236572
1149	1150	en	amh	challenge_SSA-MTE	hyp1	News	NaN	-0.8673262596130371
1150	1151	en	amh	challenge_SSA-MTE	hyp1	News	NaN	-10.040628433227539
1151	1152	en	amh	challenge_SSA-MTE	hyp1	News	NaN	-2.467771053314209
1152	1153	en	amh	challenge_SSA-MTE	hyp1	News	NaN	-1.683423638343811
1153	1154	en	amh	challenge_SSA-MTE	hyp1	News	NaN	-1.1569366455078125
1154	1155	en	amh	challenge_SSA-MTE	hyp1	News	NaN	-1.1004414558410645
1155	1156	en	amh	challenge_SSA-MTE	hyp1	News	NaN	-1.6136417388916016
1156	1157	en	amh	challenge_SSA-MTE	hyp1	News	NaN	-7.1659626960754395
1157	1158	en	amh	challenge_SSA-MTE	hyp1	News	NaN	-7.700496673583984
1158	1159	en	amh	challenge_SSA-MTE	hyp1	News	NaN	-6.0441365242004395
1159	1160	en	amh	challenge_SSA-MTE	hyp1	News	NaN	-2.2399911880493164
1160	1161	en	amh	challenge_SSA-MTE	hyp1	News	NaN	-2.1509146690368652
1161	1162	en	amh	challenge_SSA-MTE	hyp1	News	NaN	-1.3747272491455078
1162	1163	en	amh	challenge_SSA-MTE	hyp1	News	NaN	-3.5283288955688477
1163	1164	en	amh	challenge_SSA-MTE	hyp1	News	NaN	-2.48134183883667
1164	1165	en	amh	challenge_SSA-MTE	hyp1	News	NaN	-8.421758651733398
1165	1166	en	amh	challenge_SSA-MTE	hyp1	News	NaN	-1.3554778099060059
0	1	en	hau	challenge_SSA-MTE	hyp1	News	NaN	-1.3148467540740967
1	2	en	hau	challenge_SSA-MTE	hyp1	News	NaN	-1.739248275756836
2	3	en	hau	challenge_SSA-MTE	hyp1	News	NaN	-4.763100624084473
3	4	en	hau	challenge_SSA-MTE	hyp1	News	NaN	-1.22013521194458
4	5	en	hau	challenge_SSA-MTE	hyp1	News	NaN	-3.576878547668457
5	6	en	hau	challenge_SSA-MTE	hyp1	News	NaN	-1.124433994293213
6	7	en	hau	challenge_SSA-MTE	hyp1	News	NaN	-0.5528887510299683
7	8	en	hau	challenge_SSA-MTE	hyp1	News	NaN	-0.21596363186836243
8	9	en	hau	challenge_SSA-MTE	hyp1	News	NaN	-2.081299304962158
9	10	en	hau	challenge_SSA-MTE	hyp1	News	NaN	-0.6940546035766602
10	11	en	hau	challenge_SSA-MTE	hyp1	News	NaN	-0.6964688301086426
11	12	en	hau	challenge_SSA-MTE	hyp1	News	NaN	-1.404270052909851
12	13	en	hau	challenge_SSA-MTE	hyp1	News	NaN	-1.6063544750213623
13	14	en	hau	challenge_SSA-MTE	hyp1	News	NaN	-1.87786865234375
14	15	en	hau	challenge_SSA-MTE	hyp1	News	NaN	-1.871166467666626
15	16	en	hau	challenge_SSA-MTE	hyp1	News	NaN	-1.686014175415039
16	17	en	hau	challenge_SSA-MTE	hyp1	News	NaN	-2.1955056190490723
17	18	en	hau	challenge_SSA-MTE	hyp1	News	NaN	-0.6715262532234192
18	19	en	hau	challenge_SSA-MTE	hyp1	News	NaN	-2.218745470046997
19	20	en	hau	challenge_SSA-MTE	hyp1	News	NaN	-1.7887961864471436
20	21	en	hau	challenge_SSA-MTE	hyp1	News	NaN	-4.541687965393066
21	22	en	hau	challenge_SSA-MTE	hyp1	News	NaN	-1.827681541442871
22	23	en	hau	challenge_SSA-MTE	hyp1	News	NaN	-2.051583766937256
23	24	en	hau	challenge_SSA-MTE	hyp1	News	NaN	-1.8737080097198486
24	25	en	hau	challenge_SSA-MTE	hyp1	News	NaN	-0.7121319770812988
25	26	en	hau	challenge_SSA-MTE	hyp1	News	NaN	-2.075786828994751
26	27	en	hau	challenge_SSA-MTE	hyp1	News	NaN	-1.698747992515564
27	28	en	hau	challenge_SSA-MTE	hyp1	News	NaN	-1.6499334573745728
28	29	en	hau	challenge_SSA-MTE	hyp1	News	NaN	-1.31691312789917
29	30	en	hau	challenge_SSA-MTE	hyp1	News	NaN	-1.015984058380127
30	31	en	hau	challenge_SSA-MTE	hyp1	News	NaN	-1.1539297103881836
31	32	en	hau	challenge_SSA-MTE	hyp1	News	NaN	-10.933708190917969
32	33	en	hau	challenge_SSA-MTE	hyp1	News	NaN	-7.333224296569824
33	34	en	hau	challenge_SSA-MTE	hyp1	News	NaN	-3.153461456298828
34	35	en	hau	challenge_SSA-MTE	hyp1	News	NaN	-3.275381088256836
35	36	en	hau	challenge_SSA-MTE	hyp1	News	NaN	-1.7111787796020508
36	37	en	hau	challenge_SSA-MTE	hyp1	News	NaN	-1.1957472562789917
37	38	en	hau	challenge_SSA-MTE	hyp1	News	NaN	-0.7642950415611267
38	39	en	hau	challenge_SSA-MTE	hyp1	News	NaN	-5.722468376159668
39	40	en	hau	challenge_SSA-MTE	hyp1	News	NaN	-1.4003715515136719
40	41	en	hau	challenge_SSA-MTE	hyp1	News	NaN	-1.3255980014801025
41	42	en	hau	challenge_SSA-MTE	hyp1	News	NaN	-1.857987880706787
42	43	en	hau	challenge_SSA-MTE	hyp1	News	NaN	-0.4200817942619324
43	44	en	hau	challenge_SSA-MTE	hyp1	News	NaN	-0.46544891595840454
44	45	en	hau	challenge_SSA-MTE	hyp1	News	NaN	-0.5875484347343445
45	46	en	hau	challenge_SSA-MTE	hyp1	News	NaN	-0.2972729206085205
46	47	en	hau	challenge_SSA-MTE	hyp1	News	NaN	-0.4002898335456848
47	48	en	hau	challenge_SSA-MTE	hyp1	News	NaN	-1.951479196548462
48	49	en	hau	challenge_SSA-MTE	hyp1	News	NaN	-1.2402427196502686
49	50	en	hau	challenge_SSA-MTE	hyp1	News	NaN	-2.5111680030822754
50	51	en	hau	challenge_SSA-MTE	hyp1	News	NaN	-3.739720106124878
51	52	en	hau	challenge_SSA-MTE	hyp1	News	NaN	-2.3094072341918945
52	53	en	hau	challenge_SSA-MTE	hyp1	News	NaN	-0.9552133679389954
53	54	en	hau	challenge_SSA-MTE	hyp1	News	NaN	-1.9610450267791748
54	55	en	hau	challenge_SSA-MTE	hyp1	News	NaN	-0.3659331798553467
55	56	en	hau	challenge_SSA-MTE	hyp1	News	NaN	-0.3486894369125366
56	57	en	hau	challenge_SSA-MTE	hyp1	News	NaN	-3.258326530456543
57	58	en	hau	challenge_SSA-MTE	hyp1	News	NaN	-1.4030038118362427
58	59	en	hau	challenge_SSA-MTE	hyp1	News	NaN	-3.5228662490844727
59	60	en	hau	challenge_SSA-MTE	hyp1	News	NaN	-0.471905380487442
60	61	en	hau	challenge_SSA-MTE	hyp1	News	NaN	-1.1466783285140991
61	62	en	hau	challenge_SSA-MTE	hyp1	News	NaN	-2.235748052597046
62	63	en	hau	challenge_SSA-MTE	hyp1	News	NaN	-1.9825499057769775
63	64	en	hau	challenge_SSA-MTE	hyp1	News	NaN	-2.2843546867370605
64	65	en	hau	challenge_SSA-MTE	hyp1	News	NaN	-11.180551528930664
65	66	en	hau	challenge_SSA-MTE	hyp1	News	NaN	-6.889517784118652
66	67	en	hau	challenge_SSA-MTE	hyp1	News	NaN	-3.330122470855713
67	68	en	hau	challenge_SSA-MTE	hyp1	News	NaN	-4.957460403442383
68	69	en	hau	challenge_SSA-MTE	hyp1	News	NaN	-6.98128604888916
69	70	en	hau	challenge_SSA-MTE	hyp1	News	NaN	-5.007400035858154
70	71	en	hau	challenge_SSA-MTE	hyp1	News	NaN	-1.4520835876464844
71	72	en	hau	challenge_SSA-MTE	hyp1	News	NaN	-0.38808637857437134
72	73	en	hau	challenge_SSA-MTE	hyp1	News	NaN	-0.2875438630580902
73	74	en	hau	challenge_SSA-MTE	hyp1	News	NaN	-4.225055694580078
74	75	en	hau	challenge_SSA-MTE	hyp1	News	NaN	-2.377608299255371
75	76	en	hau	challenge_SSA-MTE	hyp1	News	NaN	-2.8400802612304688
76	77	en	hau	challenge_SSA-MTE	hyp1	News	NaN	-2.0737781524658203
77	78	en	hau	challenge_SSA-MTE	hyp1	News	NaN	-1.0882444381713867
78	79	en	hau	challenge_SSA-MTE	hyp1	News	NaN	-0.9218284487724304
79	80	en	hau	challenge_SSA-MTE	hyp1	News	NaN	-1.3564481735229492
80	81	en	hau	challenge_SSA-MTE	hyp1	News	NaN	-1.2876875400543213
81	82	en	hau	challenge_SSA-MTE	hyp1	News	NaN	-1.5111544132232666
82	83	en	hau	challenge_SSA-MTE	hyp1	News	NaN	-0.9884622693061829
83	84	en	hau	challenge_SSA-MTE	hyp1	News	NaN	-2.0652101039886475
84	85	en	hau	challenge_SSA-MTE	hyp1	News	NaN	-7.088634014129639
85	86	en	hau	challenge_SSA-MTE	hyp1	News	NaN	-1.3510429859161377
86	87	en	hau	challenge_SSA-MTE	hyp1	News	NaN	-6.7273478507995605
87	88	en	hau	challenge_SSA-MTE	hyp1	News	NaN	-3.926501750946045
88	89	en	hau	challenge_SSA-MTE	hyp1	News	NaN	-0.7458302974700928
89	90	en	hau	challenge_SSA-MTE	hyp1	News	NaN	-0.2674591839313507
90	91	en	hau	challenge_SSA-MTE	hyp1	News	NaN	-2.557982921600342
91	92	en	hau	challenge_SSA-MTE	hyp1	News	NaN	-1.2165061235427856
92	93	en	hau	challenge_SSA-MTE	hyp1	News	NaN	-2.2245283126831055
93	94	en	hau	challenge_SSA-MTE	hyp1	News	NaN	-0.5978153944015503
94	95	en	hau	challenge_SSA-MTE	hyp1	News	NaN	-1.6560049057006836
95	96	en	hau	challenge_SSA-MTE	hyp1	News	NaN	-4.989775657653809
96	97	en	hau	challenge_SSA-MTE	hyp1	News	NaN	-5.222979545593262
97	98	en	hau	challenge_SSA-MTE	hyp1	News	NaN	-3.2142224311828613
98	99	en	hau	challenge_SSA-MTE	hyp1	News	NaN	-2.1635820865631104
99	100	en	hau	challenge_SSA-MTE	hyp1	News	NaN	-0.7213848233222961
100	101	en	hau	challenge_SSA-MTE	hyp1	News	NaN	-1.1879527568817139
101	102	en	hau	challenge_SSA-MTE	hyp1	News	NaN	-0.9393410086631775
102	103	en	hau	challenge_SSA-MTE	hyp1	News	NaN	-2.1018195152282715
103	104	en	hau	challenge_SSA-MTE	hyp1	News	NaN	-0.76209956407547
104	105	en	hau	challenge_SSA-MTE	hyp1	News	NaN	-1.9282739162445068
105	106	en	hau	challenge_SSA-MTE	hyp1	News	NaN	-2.806098461151123
106	107	en	hau	challenge_SSA-MTE	hyp1	News	NaN	-2.06541109085083
107	108	en	hau	challenge_SSA-MTE	hyp1	News	NaN	-3.228776454925537
108	109	en	hau	challenge_SSA-MTE	hyp1	News	NaN	-3.152632474899292
109	110	en	hau	challenge_SSA-MTE	hyp1	News	NaN	-2.8474998474121094
110	111	en	hau	challenge_SSA-MTE	hyp1	News	NaN	-2.021852731704712
111	112	en	hau	challenge_SSA-MTE	hyp1	News	NaN	-1.1495838165283203
112	113	en	hau	challenge_SSA-MTE	hyp1	News	NaN	-1.2109500169754028
113	114	en	hau	challenge_SSA-MTE	hyp1	News	NaN	-3.4576048851013184
114	115	en	hau	challenge_SSA-MTE	hyp1	News	NaN	-1.2728215456008911
115	116	en	hau	challenge_SSA-MTE	hyp1	News	NaN	-3.546312093734741
116	117	en	hau	challenge_SSA-MTE	hyp1	News	NaN	-1.8647327423095703
117	118	en	hau	challenge_SSA-MTE	hyp1	News	NaN	-1.9728800058364868
118	119	en	hau	challenge_SSA-MTE	hyp1	News	NaN	-2.313335657119751
119	120	en	hau	challenge_SSA-MTE	hyp1	News	NaN	-5.203804016113281
120	121	en	hau	challenge_SSA-MTE	hyp1	News	NaN	-5.616236686706543
121	122	en	hau	challenge_SSA-MTE	hyp1	News	NaN	-3.6534082889556885
122	123	en	hau	challenge_SSA-MTE	hyp1	News	NaN	-3.4953112602233887
123	124	en	hau	challenge_SSA-MTE	hyp1	News	NaN	-0.7537896037101746
124	125	en	hau	challenge_SSA-MTE	hyp1	News	NaN	-1.0892622470855713
125	126	en	hau	challenge_SSA-MTE	hyp1	News	NaN	-4.108941555023193
126	127	en	hau	challenge_SSA-MTE	hyp1	News	NaN	-0.8244339227676392
127	128	en	hau	challenge_SSA-MTE	hyp1	News	NaN	-0.4349794387817383
128	129	en	hau	challenge_SSA-MTE	hyp1	News	NaN	-1.025026559829712
129	130	en	hau	challenge_SSA-MTE	hyp1	News	NaN	-0.6129536628723145
130	131	en	hau	challenge_SSA-MTE	hyp1	News	NaN	-0.6709245443344116
131	132	en	hau	challenge_SSA-MTE	hyp1	News	NaN	-4.393375873565674
132	133	en	hau	challenge_SSA-MTE	hyp1	News	NaN	-1.5536844730377197
133	134	en	hau	challenge_SSA-MTE	hyp1	News	NaN	-0.3763004541397095
134	135	en	hau	challenge_SSA-MTE	hyp1	News	NaN	-2.4120726585388184
135	136	en	hau	challenge_SSA-MTE	hyp1	News	NaN	-0.4833727478981018
136	137	en	hau	challenge_SSA-MTE	hyp1	News	NaN	-0.23392237722873688
137	138	en	hau	challenge_SSA-MTE	hyp1	News	NaN	-0.39131972193717957
138	139	en	hau	challenge_SSA-MTE	hyp1	News	NaN	-0.48197072744369507
139	140	en	hau	challenge_SSA-MTE	hyp1	News	NaN	-0.4021413326263428
140	141	en	hau	challenge_SSA-MTE	hyp1	News	NaN	-0.23872387409210205
141	142	en	hau	challenge_SSA-MTE	hyp1	News	NaN	-7.2582783699035645
142	143	en	hau	challenge_SSA-MTE	hyp1	News	NaN	-2.813218832015991
143	144	en	hau	challenge_SSA-MTE	hyp1	News	NaN	-5.072319507598877
144	145	en	hau	challenge_SSA-MTE	hyp1	News	NaN	-1.791304111480713
145	146	en	hau	challenge_SSA-MTE	hyp1	News	NaN	-0.31028616428375244
146	147	en	hau	challenge_SSA-MTE	hyp1	News	NaN	-0.38649964332580566
147	148	en	hau	challenge_SSA-MTE	hyp1	News	NaN	-0.2715854048728943
148	149	en	hau	challenge_SSA-MTE	hyp1	News	NaN	-0.5034338235855103
149	150	en	hau	challenge_SSA-MTE	hyp1	News	NaN	-0.2831652760505676
150	151	en	hau	challenge_SSA-MTE	hyp1	News	NaN	-0.31800198554992676
151	152	en	hau	challenge_SSA-MTE	hyp1	News	NaN	-1.7230548858642578
152	153	en	hau	challenge_SSA-MTE	hyp1	News	NaN	-6.488393783569336
153	154	en	hau	challenge_SSA-MTE	hyp1	News	NaN	-3.189143657684326
154	155	en	hau	challenge_SSA-MTE	hyp1	News	NaN	-1.4766231775283813
155	156	en	hau	challenge_SSA-MTE	hyp1	News	NaN	-9.103475570678711
156	157	en	hau	challenge_SSA-MTE	hyp1	News	NaN	-7.010205268859863
157	158	en	hau	challenge_SSA-MTE	hyp1	News	NaN	-1.357175588607788
158	159	en	hau	challenge_SSA-MTE	hyp1	News	NaN	-1.4915096759796143
159	160	en	hau	challenge_SSA-MTE	hyp1	News	NaN	-1.4732263088226318
160	161	en	hau	challenge_SSA-MTE	hyp1	News	NaN	-1.9733647108078003
161	162	en	hau	challenge_SSA-MTE	hyp1	News	NaN	-1.4289880990982056
162	163	en	hau	challenge_SSA-MTE	hyp1	News	NaN	-0.9060372114181519
163	164	en	hau	challenge_SSA-MTE	hyp1	News	NaN	-3.799053907394409
164	165	en	hau	challenge_SSA-MTE	hyp1	News	NaN	-6.193157196044922
165	166	en	hau	challenge_SSA-MTE	hyp1	News	NaN	-5.676005840301514
166	167	en	hau	challenge_SSA-MTE	hyp1	News	NaN	-3.426010847091675
167	168	en	hau	challenge_SSA-MTE	hyp1	News	NaN	-4.329176902770996
168	169	en	hau	challenge_SSA-MTE	hyp1	News	NaN	-0.375544011592865
169	170	en	hau	challenge_SSA-MTE	hyp1	News	NaN	-0.6626365780830383
170	171	en	hau	challenge_SSA-MTE	hyp1	News	NaN	-0.90869140625
171	172	en	hau	challenge_SSA-MTE	hyp1	News	NaN	-0.46624478697776794
172	173	en	hau	challenge_SSA-MTE	hyp1	News	NaN	-2.4231700897216797
173	174	en	hau	challenge_SSA-MTE	hyp1	News	NaN	-0.5560774207115173
174	175	en	hau	challenge_SSA-MTE	hyp1	News	NaN	-2.347153425216675
175	176	en	hau	challenge_SSA-MTE	hyp1	News	NaN	-1.207813024520874
176	177	en	hau	challenge_SSA-MTE	hyp1	News	NaN	-7.269680023193359
177	178	en	hau	challenge_SSA-MTE	hyp1	News	NaN	-2.6499266624450684
178	179	en	hau	challenge_SSA-MTE	hyp1	News	NaN	-0.9833465814590454
179	180	en	hau	challenge_SSA-MTE	hyp1	News	NaN	-1.322873592376709
180	181	en	hau	challenge_SSA-MTE	hyp1	News	NaN	-5.074662685394287
181	182	en	hau	challenge_SSA-MTE	hyp1	News	NaN	-1.0265417098999023
182	183	en	hau	challenge_SSA-MTE	hyp1	News	NaN	-2.390254020690918
183	184	en	hau	challenge_SSA-MTE	hyp1	News	NaN	-4.487611770629883
184	185	en	hau	challenge_SSA-MTE	hyp1	News	NaN	-2.4930710792541504
185	186	en	hau	challenge_SSA-MTE	hyp1	News	NaN	-2.320840835571289
186	187	en	hau	challenge_SSA-MTE	hyp1	News	NaN	-0.803451418876648
187	188	en	hau	challenge_SSA-MTE	hyp1	News	NaN	-1.2186589241027832
188	189	en	hau	challenge_SSA-MTE	hyp1	News	NaN	-1.633638620376587
189	190	en	hau	challenge_SSA-MTE	hyp1	News	NaN	-1.565588116645813
190	191	en	hau	challenge_SSA-MTE	hyp1	News	NaN	-1.380204200744629
191	192	en	hau	challenge_SSA-MTE	hyp1	News	NaN	-2.1533679962158203
192	193	en	hau	challenge_SSA-MTE	hyp1	News	NaN	-3.0175998210906982
193	194	en	hau	challenge_SSA-MTE	hyp1	News	NaN	-2.4012765884399414
194	195	en	hau	challenge_SSA-MTE	hyp1	News	NaN	-2.15791654586792
195	196	en	hau	challenge_SSA-MTE	hyp1	News	NaN	-2.4040796756744385
196	197	en	hau	challenge_SSA-MTE	hyp1	News	NaN	-0.6074369549751282
197	198	en	hau	challenge_SSA-MTE	hyp1	News	NaN	-0.7053368091583252
198	199	en	hau	challenge_SSA-MTE	hyp1	News	NaN	-1.3150349855422974
199	200	en	hau	challenge_SSA-MTE	hyp1	News	NaN	-0.9311004877090454
200	201	en	hau	challenge_SSA-MTE	hyp1	News	NaN	-1.349808692932129
201	202	en	hau	challenge_SSA-MTE	hyp1	News	NaN	-0.7488952875137329
202	203	en	hau	challenge_SSA-MTE	hyp1	News	NaN	-1.4511346817016602
203	204	en	hau	challenge_SSA-MTE	hyp1	News	NaN	-0.6971969604492188
204	205	en	hau	challenge_SSA-MTE	hyp1	News	NaN	-25.416175842285156
205	206	en	hau	challenge_SSA-MTE	hyp1	News	NaN	-1.2148679494857788
206	207	en	hau	challenge_SSA-MTE	hyp1	News	NaN	-2.3160715103149414
207	208	en	hau	challenge_SSA-MTE	hyp1	News	NaN	-3.29768705368042
208	209	en	hau	challenge_SSA-MTE	hyp1	News	NaN	-0.806147575378418
209	210	en	hau	challenge_SSA-MTE	hyp1	News	NaN	-1.5369462966918945
210	211	en	hau	challenge_SSA-MTE	hyp1	News	NaN	-4.321971416473389
211	212	en	hau	challenge_SSA-MTE	hyp1	News	NaN	-1.559112787246704
212	213	en	hau	challenge_SSA-MTE	hyp1	News	NaN	-1.384293556213379
213	214	en	hau	challenge_SSA-MTE	hyp1	News	NaN	-2.6910433769226074
214	215	en	hau	challenge_SSA-MTE	hyp1	News	NaN	-5.548933982849121
215	216	en	hau	challenge_SSA-MTE	hyp1	News	NaN	-4.506222248077393
216	217	en	hau	challenge_SSA-MTE	hyp1	News	NaN	-20.25979232788086
217	218	en	hau	challenge_SSA-MTE	hyp1	News	NaN	-1.2567994594573975
218	219	en	hau	challenge_SSA-MTE	hyp1	News	NaN	-3.410752773284912
219	220	en	hau	challenge_SSA-MTE	hyp1	News	NaN	-0.32976222038269043
220	221	en	hau	challenge_SSA-MTE	hyp1	News	NaN	-1.9976531267166138
221	222	en	hau	challenge_SSA-MTE	hyp1	News	NaN	-0.7280948162078857
222	223	en	hau	challenge_SSA-MTE	hyp1	News	NaN	-0.5088449716567993
223	224	en	hau	challenge_SSA-MTE	hyp1	News	NaN	-0.7467163801193237
224	225	en	hau	challenge_SSA-MTE	hyp1	News	NaN	-0.5341379642486572
225	226	en	hau	challenge_SSA-MTE	hyp1	News	NaN	-1.0201159715652466
226	227	en	hau	challenge_SSA-MTE	hyp1	News	NaN	-3.4157118797302246
227	228	en	hau	challenge_SSA-MTE	hyp1	News	NaN	-2.9099013805389404
228	229	en	hau	challenge_SSA-MTE	hyp1	News	NaN	-4.37325382232666
229	230	en	hau	challenge_SSA-MTE	hyp1	News	NaN	-2.270372152328491
230	231	en	hau	challenge_SSA-MTE	hyp1	News	NaN	-3.422126293182373
231	232	en	hau	challenge_SSA-MTE	hyp1	News	NaN	-1.2052184343338013
232	233	en	hau	challenge_SSA-MTE	hyp1	News	NaN	-1.02830171585083
233	234	en	hau	challenge_SSA-MTE	hyp1	News	NaN	-1.450669527053833
234	235	en	hau	challenge_SSA-MTE	hyp1	News	NaN	-0.7802470922470093
235	236	en	hau	challenge_SSA-MTE	hyp1	News	NaN	-0.7697513103485107
236	237	en	hau	challenge_SSA-MTE	hyp1	News	NaN	-0.7517126798629761
237	238	en	hau	challenge_SSA-MTE	hyp1	News	NaN	-1.9526671171188354
238	239	en	hau	challenge_SSA-MTE	hyp1	News	NaN	-3.377568244934082
239	240	en	hau	challenge_SSA-MTE	hyp1	News	NaN	-1.1919806003570557
240	241	en	hau	challenge_SSA-MTE	hyp1	News	NaN	-2.1648499965667725
241	242	en	hau	challenge_SSA-MTE	hyp1	News	NaN	-2.065033435821533
242	243	en	hau	challenge_SSA-MTE	hyp1	News	NaN	-2.543862819671631
243	244	en	hau	challenge_SSA-MTE	hyp1	News	NaN	-3.448791980743408
244	245	en	hau	challenge_SSA-MTE	hyp1	News	NaN	-2.98146390914917
245	246	en	hau	challenge_SSA-MTE	hyp1	News	NaN	-4.316204071044922
246	247	en	hau	challenge_SSA-MTE	hyp1	News	NaN	-3.89815616607666
247	248	en	hau	challenge_SSA-MTE	hyp1	News	NaN	-3.2368059158325195
248	249	en	hau	challenge_SSA-MTE	hyp1	News	NaN	-2.585940361022949
249	250	en	hau	challenge_SSA-MTE	hyp1	News	NaN	-1.645627498626709
250	251	en	hau	challenge_SSA-MTE	hyp1	News	NaN	-4.385707378387451
251	252	en	hau	challenge_SSA-MTE	hyp1	News	NaN	-5.048618793487549
252	253	en	hau	challenge_SSA-MTE	hyp1	News	NaN	-5.00039529800415
253	254	en	hau	challenge_SSA-MTE	hyp1	News	NaN	-5.319973945617676
254	255	en	hau	challenge_SSA-MTE	hyp1	News	NaN	-1.1980054378509521
255	256	en	hau	challenge_SSA-MTE	hyp1	News	NaN	-2.0228638648986816
256	257	en	hau	challenge_SSA-MTE	hyp1	News	NaN	-13.432323455810547
257	258	en	hau	challenge_SSA-MTE	hyp1	News	NaN	-5.053197860717773
258	259	en	hau	challenge_SSA-MTE	hyp1	News	NaN	-1.1952545642852783
259	260	en	hau	challenge_SSA-MTE	hyp1	News	NaN	-2.6959800720214844
260	261	en	hau	challenge_SSA-MTE	hyp1	News	NaN	-1.4216015338897705
261	262	en	hau	challenge_SSA-MTE	hyp1	News	NaN	-1.0661157369613647
262	263	en	hau	challenge_SSA-MTE	hyp1	News	NaN	-3.9190006256103516
263	264	en	hau	challenge_SSA-MTE	hyp1	News	NaN	-1.4488606452941895
264	265	en	hau	challenge_SSA-MTE	hyp1	News	NaN	-2.7374205589294434
265	266	en	hau	challenge_SSA-MTE	hyp1	News	NaN	-1.133044958114624
266	267	en	hau	challenge_SSA-MTE	hyp1	News	NaN	-1.4932680130004883
267	268	en	hau	challenge_SSA-MTE	hyp1	News	NaN	-0.45777854323387146
268	269	en	hau	challenge_SSA-MTE	hyp1	News	NaN	-0.9500815868377686
269	270	en	hau	challenge_SSA-MTE	hyp1	News	NaN	-1.4573619365692139
270	271	en	hau	challenge_SSA-MTE	hyp1	News	NaN	-1.4851598739624023
271	272	en	hau	challenge_SSA-MTE	hyp1	News	NaN	-1.803340196609497
272	273	en	hau	challenge_SSA-MTE	hyp1	News	NaN	-2.0916666984558105
273	274	en	hau	challenge_SSA-MTE	hyp1	News	NaN	-1.4519009590148926
274	275	en	hau	challenge_SSA-MTE	hyp1	News	NaN	-2.1438751220703125
275	276	en	hau	challenge_SSA-MTE	hyp1	News	NaN	-1.7847950458526611
276	277	en	hau	challenge_SSA-MTE	hyp1	News	NaN	-2.1455187797546387
277	278	en	hau	challenge_SSA-MTE	hyp1	News	NaN	-1.2503488063812256
278	279	en	hau	challenge_SSA-MTE	hyp1	News	NaN	-2.7837698459625244
279	280	en	hau	challenge_SSA-MTE	hyp1	News	NaN	-0.6732378602027893
280	281	en	hau	challenge_SSA-MTE	hyp1	News	NaN	-1.9030557870864868
281	282	en	hau	challenge_SSA-MTE	hyp1	News	NaN	-1.6100800037384033
282	283	en	hau	challenge_SSA-MTE	hyp1	News	NaN	-3.502049207687378
283	284	en	hau	challenge_SSA-MTE	hyp1	News	NaN	-1.8366847038269043
284	285	en	hau	challenge_SSA-MTE	hyp1	News	NaN	-2.85711669921875
285	286	en	hau	challenge_SSA-MTE	hyp1	News	NaN	-1.8314030170440674
286	287	en	hau	challenge_SSA-MTE	hyp1	News	NaN	-1.1325660943984985
287	288	en	hau	challenge_SSA-MTE	hyp1	News	NaN	-4.963847637176514
288	289	en	hau	challenge_SSA-MTE	hyp1	News	NaN	-3.7874276638031006
289	290	en	hau	challenge_SSA-MTE	hyp1	News	NaN	-8.63559341430664
290	291	en	hau	challenge_SSA-MTE	hyp1	News	NaN	-4.913061618804932
291	292	en	hau	challenge_SSA-MTE	hyp1	News	NaN	-7.2982048988342285
292	293	en	hau	challenge_SSA-MTE	hyp1	News	NaN	-5.32564640045166
293	294	en	hau	challenge_SSA-MTE	hyp1	News	NaN	-6.968433380126953
294	295	en	hau	challenge_SSA-MTE	hyp1	News	NaN	-4.790149688720703
295	296	en	hau	challenge_SSA-MTE	hyp1	News	NaN	-14.429422378540039
296	297	en	hau	challenge_SSA-MTE	hyp1	News	NaN	-11.709617614746094
297	298	en	hau	challenge_SSA-MTE	hyp1	News	NaN	-6.9245195388793945
298	299	en	hau	challenge_SSA-MTE	hyp1	News	NaN	-5.815785884857178
299	300	en	hau	challenge_SSA-MTE	hyp1	News	NaN	-1.825352668762207
300	301	en	hau	challenge_SSA-MTE	hyp1	News	NaN	-2.8254904747009277
301	302	en	hau	challenge_SSA-MTE	hyp1	News	NaN	-3.4124670028686523
302	303	en	hau	challenge_SSA-MTE	hyp1	News	NaN	-2.640414237976074
303	304	en	hau	challenge_SSA-MTE	hyp1	News	NaN	-2.6745872497558594
304	305	en	hau	challenge_SSA-MTE	hyp1	News	NaN	-2.141171932220459
305	306	en	hau	challenge_SSA-MTE	hyp1	News	NaN	-2.3041744232177734
306	307	en	hau	challenge_SSA-MTE	hyp1	News	NaN	-2.1627936363220215
307	308	en	hau	challenge_SSA-MTE	hyp1	News	NaN	-2.1167173385620117
308	309	en	hau	challenge_SSA-MTE	hyp1	News	NaN	-1.628758192062378
309	310	en	hau	challenge_SSA-MTE	hyp1	News	NaN	-2.572622776031494
310	311	en	hau	challenge_SSA-MTE	hyp1	News	NaN	-1.433485507965088
311	312	en	hau	challenge_SSA-MTE	hyp1	News	NaN	-0.4585697054862976
312	313	en	hau	challenge_SSA-MTE	hyp1	News	NaN	-0.801217794418335
313	314	en	hau	challenge_SSA-MTE	hyp1	News	NaN	-1.6395728588104248
314	315	en	hau	challenge_SSA-MTE	hyp1	News	NaN	-1.7018887996673584
315	316	en	hau	challenge_SSA-MTE	hyp1	News	NaN	-1.5017720460891724
316	317	en	hau	challenge_SSA-MTE	hyp1	News	NaN	-1.659926176071167
317	318	en	hau	challenge_SSA-MTE	hyp1	News	NaN	-1.3425114154815674
318	319	en	hau	challenge_SSA-MTE	hyp1	News	NaN	-1.0336127281188965
319	320	en	hau	challenge_SSA-MTE	hyp1	News	NaN	-3.851083993911743
320	321	en	hau	challenge_SSA-MTE	hyp1	News	NaN	-1.0452793836593628
321	322	en	hau	challenge_SSA-MTE	hyp1	News	NaN	-1.6566016674041748
322	323	en	hau	challenge_SSA-MTE	hyp1	News	NaN	-2.270109176635742
323	324	en	hau	challenge_SSA-MTE	hyp1	News	NaN	-1.4956353902816772
324	325	en	hau	challenge_SSA-MTE	hyp1	News	NaN	-1.613904595375061
325	326	en	hau	challenge_SSA-MTE	hyp1	News	NaN	-0.8514941334724426
326	327	en	hau	challenge_SSA-MTE	hyp1	News	NaN	-1.2606160640716553
327	328	en	hau	challenge_SSA-MTE	hyp1	News	NaN	-0.8698197603225708
328	329	en	hau	challenge_SSA-MTE	hyp1	News	NaN	-1.6969618797302246
329	330	en	hau	challenge_SSA-MTE	hyp1	News	NaN	-2.479996681213379
330	331	en	hau	challenge_SSA-MTE	hyp1	News	NaN	-4.213222503662109
331	332	en	hau	challenge_SSA-MTE	hyp1	News	NaN	-0.8181511759757996
332	333	en	hau	challenge_SSA-MTE	hyp1	News	NaN	-2.923797845840454
333	334	en	hau	challenge_SSA-MTE	hyp1	News	NaN	-0.9025576114654541
334	335	en	hau	challenge_SSA-MTE	hyp1	News	NaN	-3.412045478820801
335	336	en	hau	challenge_SSA-MTE	hyp1	News	NaN	-2.4539828300476074
336	337	en	hau	challenge_SSA-MTE	hyp1	News	NaN	-4.1995649337768555
337	338	en	hau	challenge_SSA-MTE	hyp1	News	NaN	-4.937108993530273
338	339	en	hau	challenge_SSA-MTE	hyp1	News	NaN	-4.525403022766113
339	340	en	hau	challenge_SSA-MTE	hyp1	News	NaN	-4.744982719421387
340	341	en	hau	challenge_SSA-MTE	hyp1	News	NaN	-0.8187446594238281
341	342	en	hau	challenge_SSA-MTE	hyp1	News	NaN	-1.0117859840393066
342	343	en	hau	challenge_SSA-MTE	hyp1	News	NaN	-1.0035146474838257
343	344	en	hau	challenge_SSA-MTE	hyp1	News	NaN	-1.3574329614639282
344	345	en	hau	challenge_SSA-MTE	hyp1	News	NaN	-2.174302101135254
345	346	en	hau	challenge_SSA-MTE	hyp1	News	NaN	-2.406015396118164
346	347	en	hau	challenge_SSA-MTE	hyp1	News	NaN	-2.794902801513672
347	348	en	hau	challenge_SSA-MTE	hyp1	News	NaN	-4.0166120529174805
348	349	en	hau	challenge_SSA-MTE	hyp1	News	NaN	-3.1436872482299805
349	350	en	hau	challenge_SSA-MTE	hyp1	News	NaN	-4.805673599243164
350	351	en	hau	challenge_SSA-MTE	hyp1	News	NaN	-1.4260433912277222
351	352	en	hau	challenge_SSA-MTE	hyp1	News	NaN	-2.6113221645355225
352	353	en	hau	challenge_SSA-MTE	hyp1	News	NaN	-2.7382750511169434
353	354	en	hau	challenge_SSA-MTE	hyp1	News	NaN	-1.163415789604187
354	355	en	hau	challenge_SSA-MTE	hyp1	News	NaN	-2.756690263748169
355	356	en	hau	challenge_SSA-MTE	hyp1	News	NaN	-3.178682804107666
356	357	en	hau	challenge_SSA-MTE	hyp1	News	NaN	-0.9230478405952454
357	358	en	hau	challenge_SSA-MTE	hyp1	News	NaN	-1.221952199935913
358	359	en	hau	challenge_SSA-MTE	hyp1	News	NaN	-1.7894179821014404
359	360	en	hau	challenge_SSA-MTE	hyp1	News	NaN	-1.1146835088729858
360	361	en	hau	challenge_SSA-MTE	hyp1	News	NaN	-1.6787660121917725
361	362	en	hau	challenge_SSA-MTE	hyp1	News	NaN	-1.2569198608398438
362	363	en	hau	challenge_SSA-MTE	hyp1	News	NaN	-1.398691177368164
363	364	en	hau	challenge_SSA-MTE	hyp1	News	NaN	-0.8311552405357361
364	365	en	hau	challenge_SSA-MTE	hyp1	News	NaN	-1.6112325191497803
365	366	en	hau	challenge_SSA-MTE	hyp1	News	NaN	-3.383640766143799
366	367	en	hau	challenge_SSA-MTE	hyp1	News	NaN	-1.2183817625045776
367	368	en	hau	challenge_SSA-MTE	hyp1	News	NaN	-5.759298801422119
368	369	en	hau	challenge_SSA-MTE	hyp1	News	NaN	-1.3253519535064697
369	370	en	hau	challenge_SSA-MTE	hyp1	News	NaN	-1.592207670211792
370	371	en	hau	challenge_SSA-MTE	hyp1	News	NaN	-1.9662977457046509
371	372	en	hau	challenge_SSA-MTE	hyp1	News	NaN	-3.046576976776123
372	373	en	hau	challenge_SSA-MTE	hyp1	News	NaN	-2.1931066513061523
373	374	en	hau	challenge_SSA-MTE	hyp1	News	NaN	-0.9903932809829712
374	375	en	hau	challenge_SSA-MTE	hyp1	News	NaN	-2.1340157985687256
375	376	en	hau	challenge_SSA-MTE	hyp1	News	NaN	-1.5485310554504395
376	377	en	hau	challenge_SSA-MTE	hyp1	News	NaN	-1.313965082168579
377	378	en	hau	challenge_SSA-MTE	hyp1	News	NaN	-1.1107306480407715
378	379	en	hau	challenge_SSA-MTE	hyp1	News	NaN	-2.167851209640503
379	380	en	hau	challenge_SSA-MTE	hyp1	News	NaN	-0.5400906801223755
380	381	en	hau	challenge_SSA-MTE	hyp1	News	NaN	-0.39264124631881714
381	382	en	hau	challenge_SSA-MTE	hyp1	News	NaN	-3.456188678741455
382	383	en	hau	challenge_SSA-MTE	hyp1	News	NaN	-0.4452117681503296
383	384	en	hau	challenge_SSA-MTE	hyp1	News	NaN	-0.5103492736816406
384	385	en	hau	challenge_SSA-MTE	hyp1	News	NaN	-0.6244803071022034
385	386	en	hau	challenge_SSA-MTE	hyp1	News	NaN	-0.25486600399017334
386	387	en	hau	challenge_SSA-MTE	hyp1	News	NaN	-3.166747570037842
387	388	en	hau	challenge_SSA-MTE	hyp1	News	NaN	-4.188475608825684
388	389	en	hau	challenge_SSA-MTE	hyp1	News	NaN	-1.3599752187728882
389	390	en	hau	challenge_SSA-MTE	hyp1	News	NaN	-2.7502121925354004
390	391	en	hau	challenge_SSA-MTE	hyp1	News	NaN	-4.367917537689209
391	392	en	hau	challenge_SSA-MTE	hyp1	News	NaN	-1.3409794569015503
392	393	en	hau	challenge_SSA-MTE	hyp1	News	NaN	-1.7395472526550293
393	394	en	hau	challenge_SSA-MTE	hyp1	News	NaN	-0.9841200709342957
394	395	en	hau	challenge_SSA-MTE	hyp1	News	NaN	-0.8844888210296631
395	396	en	hau	challenge_SSA-MTE	hyp1	News	NaN	-0.968085527420044
396	397	en	hau	challenge_SSA-MTE	hyp1	News	NaN	-2.0854804515838623
397	398	en	hau	challenge_SSA-MTE	hyp1	News	NaN	-0.9954484701156616
398	399	en	hau	challenge_SSA-MTE	hyp1	News	NaN	-3.273123264312744
399	400	en	hau	challenge_SSA-MTE	hyp1	News	NaN	-2.482654571533203
400	401	en	hau	challenge_SSA-MTE	hyp1	News	NaN	-1.6806740760803223
401	402	en	hau	challenge_SSA-MTE	hyp1	News	NaN	-1.265019416809082
402	403	en	hau	challenge_SSA-MTE	hyp1	News	NaN	-2.513413906097412
403	404	en	hau	challenge_SSA-MTE	hyp1	News	NaN	-2.7258143424987793
404	405	en	hau	challenge_SSA-MTE	hyp1	News	NaN	-4.678801536560059
405	406	en	hau	challenge_SSA-MTE	hyp1	News	NaN	-5.452061653137207
406	407	en	hau	challenge_SSA-MTE	hyp1	News	NaN	-5.019099235534668
407	408	en	hau	challenge_SSA-MTE	hyp1	News	NaN	-2.912889003753662
408	409	en	hau	challenge_SSA-MTE	hyp1	News	NaN	-1.290013074874878
409	410	en	hau	challenge_SSA-MTE	hyp1	News	NaN	-1.661315679550171
410	411	en	hau	challenge_SSA-MTE	hyp1	News	NaN	-1.1906763315200806
411	412	en	hau	challenge_SSA-MTE	hyp1	News	NaN	-0.8984208703041077
412	413	en	hau	challenge_SSA-MTE	hyp1	News	NaN	-1.000899076461792
413	414	en	hau	challenge_SSA-MTE	hyp1	News	NaN	-3.649433135986328
414	415	en	hau	challenge_SSA-MTE	hyp1	News	NaN	-0.9341597557067871
415	416	en	hau	challenge_SSA-MTE	hyp1	News	NaN	-0.4615519940853119
416	417	en	hau	challenge_SSA-MTE	hyp1	News	NaN	-3.567929744720459
417	418	en	hau	challenge_SSA-MTE	hyp1	News	NaN	-2.7885642051696777
418	419	en	hau	challenge_SSA-MTE	hyp1	News	NaN	-1.108786940574646
419	420	en	hau	challenge_SSA-MTE	hyp1	News	NaN	-0.7516127228736877
420	421	en	hau	challenge_SSA-MTE	hyp1	News	NaN	-1.1115710735321045
421	422	en	hau	challenge_SSA-MTE	hyp1	News	NaN	-0.982463002204895
422	423	en	hau	challenge_SSA-MTE	hyp1	News	NaN	-1.0365126132965088
423	424	en	hau	challenge_SSA-MTE	hyp1	News	NaN	-1.3077341318130493
424	425	en	hau	challenge_SSA-MTE	hyp1	News	NaN	-0.8068064451217651
425	426	en	hau	challenge_SSA-MTE	hyp1	News	NaN	-0.8034751415252686
426	427	en	hau	challenge_SSA-MTE	hyp1	News	NaN	-1.1494730710983276
427	428	en	hau	challenge_SSA-MTE	hyp1	News	NaN	-0.7476198077201843
428	429	en	hau	challenge_SSA-MTE	hyp1	News	NaN	-4.655932903289795
429	430	en	hau	challenge_SSA-MTE	hyp1	News	NaN	-0.6238132119178772
430	431	en	hau	challenge_SSA-MTE	hyp1	News	NaN	-0.7628552913665771
431	432	en	hau	challenge_SSA-MTE	hyp1	News	NaN	-0.8054816126823425
432	433	en	hau	challenge_SSA-MTE	hyp1	News	NaN	-1.3279263973236084
433	434	en	hau	challenge_SSA-MTE	hyp1	News	NaN	-1.1877695322036743
434	435	en	hau	challenge_SSA-MTE	hyp1	News	NaN	-5.001528263092041
435	436	en	hau	challenge_SSA-MTE	hyp1	News	NaN	-2.0848398208618164
436	437	en	hau	challenge_SSA-MTE	hyp1	News	NaN	-3.2321486473083496
437	438	en	hau	challenge_SSA-MTE	hyp1	News	NaN	-1.5266673564910889
438	439	en	hau	challenge_SSA-MTE	hyp1	News	NaN	-0.6044759154319763
439	440	en	hau	challenge_SSA-MTE	hyp1	News	NaN	-1.0743908882141113
440	441	en	hau	challenge_SSA-MTE	hyp1	News	NaN	-1.4229846000671387
441	442	en	hau	challenge_SSA-MTE	hyp1	News	NaN	-1.5017192363739014
442	443	en	hau	challenge_SSA-MTE	hyp1	News	NaN	-2.568063974380493
443	444	en	hau	challenge_SSA-MTE	hyp1	News	NaN	-1.6564714908599854
444	445	en	hau	challenge_SSA-MTE	hyp1	News	NaN	-0.4722036123275757
445	446	en	hau	challenge_SSA-MTE	hyp1	News	NaN	-0.3758852779865265
446	447	en	hau	challenge_SSA-MTE	hyp1	News	NaN	-0.5591578483581543
447	448	en	hau	challenge_SSA-MTE	hyp1	News	NaN	-0.7793787717819214
448	449	en	hau	challenge_SSA-MTE	hyp1	News	NaN	-0.8210352659225464
449	450	en	hau	challenge_SSA-MTE	hyp1	News	NaN	-1.41140878200531
450	451	en	hau	challenge_SSA-MTE	hyp1	News	NaN	-1.4770071506500244
451	452	en	hau	challenge_SSA-MTE	hyp1	News	NaN	-1.248676061630249
452	453	en	hau	challenge_SSA-MTE	hyp1	News	NaN	-6.528386116027832
453	454	en	hau	challenge_SSA-MTE	hyp1	News	NaN	-3.425891399383545
454	455	en	hau	challenge_SSA-MTE	hyp1	News	NaN	-2.425273895263672
455	456	en	hau	challenge_SSA-MTE	hyp1	News	NaN	-3.1136679649353027
456	457	en	hau	challenge_SSA-MTE	hyp1	News	NaN	-2.866278648376465
457	458	en	hau	challenge_SSA-MTE	hyp1	News	NaN	-4.109495162963867
458	459	en	hau	challenge_SSA-MTE	hyp1	News	NaN	-2.35245680809021
459	460	en	hau	challenge_SSA-MTE	hyp1	News	NaN	-2.4145758152008057
460	461	en	hau	challenge_SSA-MTE	hyp1	News	NaN	-0.7866270542144775
461	462	en	hau	challenge_SSA-MTE	hyp1	News	NaN	-1.1694129705429077
462	463	en	hau	challenge_SSA-MTE	hyp1	News	NaN	-0.9989370703697205
463	464	en	hau	challenge_SSA-MTE	hyp1	News	NaN	-4.136548042297363
464	465	en	hau	challenge_SSA-MTE	hyp1	News	NaN	-1.1216561794281006
465	466	en	hau	challenge_SSA-MTE	hyp1	News	NaN	-3.0875000953674316
466	467	en	hau	challenge_SSA-MTE	hyp1	News	NaN	-1.0051651000976562
467	468	en	hau	challenge_SSA-MTE	hyp1	News	NaN	-1.609581708908081
468	469	en	hau	challenge_SSA-MTE	hyp1	News	NaN	-3.6270089149475098
469	470	en	hau	challenge_SSA-MTE	hyp1	News	NaN	-1.8644682168960571
470	471	en	hau	challenge_SSA-MTE	hyp1	News	NaN	-3.7580370903015137
471	472	en	hau	challenge_SSA-MTE	hyp1	News	NaN	-5.1860456466674805
472	473	en	hau	challenge_SSA-MTE	hyp1	News	NaN	-0.6327071189880371
473	474	en	hau	challenge_SSA-MTE	hyp1	News	NaN	-3.3296144008636475
474	475	en	hau	challenge_SSA-MTE	hyp1	News	NaN	-4.603797435760498
475	476	en	hau	challenge_SSA-MTE	hyp1	News	NaN	-1.1569465398788452
476	477	en	hau	challenge_SSA-MTE	hyp1	News	NaN	-5.347640037536621
477	478	en	hau	challenge_SSA-MTE	hyp1	News	NaN	-1.633414387702942
478	479	en	hau	challenge_SSA-MTE	hyp1	News	NaN	-0.8623855113983154
479	480	en	hau	challenge_SSA-MTE	hyp1	News	NaN	-0.8003346920013428
480	481	en	hau	challenge_SSA-MTE	hyp1	News	NaN	-1.0258262157440186
481	482	en	hau	challenge_SSA-MTE	hyp1	News	NaN	-0.9671670198440552
482	483	en	hau	challenge_SSA-MTE	hyp1	News	NaN	-0.7604838609695435
483	484	en	hau	challenge_SSA-MTE	hyp1	News	NaN	-0.8489241600036621
484	485	en	hau	challenge_SSA-MTE	hyp1	News	NaN	-0.32105666399002075
485	486	en	hau	challenge_SSA-MTE	hyp1	News	NaN	-0.28683531284332275
486	487	en	hau	challenge_SSA-MTE	hyp1	News	NaN	-0.37151503562927246
487	488	en	hau	challenge_SSA-MTE	hyp1	News	NaN	-0.32754671573638916
488	489	en	hau	challenge_SSA-MTE	hyp1	News	NaN	-0.3729090690612793
489	490	en	hau	challenge_SSA-MTE	hyp1	News	NaN	-2.9810407161712646
490	491	en	hau	challenge_SSA-MTE	hyp1	News	NaN	-0.8281547427177429
491	492	en	hau	challenge_SSA-MTE	hyp1	News	NaN	-0.7269512414932251
492	493	en	hau	challenge_SSA-MTE	hyp1	News	NaN	-1.3089320659637451
493	494	en	hau	challenge_SSA-MTE	hyp1	News	NaN	-2.3225996494293213
494	495	en	hau	challenge_SSA-MTE	hyp1	News	NaN	-0.8490719795227051
495	496	en	hau	challenge_SSA-MTE	hyp1	News	NaN	-2.3866376876831055
496	497	en	hau	challenge_SSA-MTE	hyp1	News	NaN	-5.0990447998046875
497	498	en	hau	challenge_SSA-MTE	hyp1	News	NaN	-9.32034969329834
498	499	en	hau	challenge_SSA-MTE	hyp1	News	NaN	-10.989887237548828
499	500	en	hau	challenge_SSA-MTE	hyp1	News	NaN	-9.178281784057617
500	501	en	hau	challenge_SSA-MTE	hyp1	News	NaN	-5.469498634338379
501	502	en	hau	challenge_SSA-MTE	hyp1	News	NaN	-5.214776039123535
502	503	en	hau	challenge_SSA-MTE	hyp1	News	NaN	-3.1425540447235107
503	504	en	hau	challenge_SSA-MTE	hyp1	News	NaN	-7.281989097595215
504	505	en	hau	challenge_SSA-MTE	hyp1	News	NaN	-6.57460880279541
505	506	en	hau	challenge_SSA-MTE	hyp1	News	NaN	-4.374366283416748
506	507	en	hau	challenge_SSA-MTE	hyp1	News	NaN	-7.574199199676514
507	508	en	hau	challenge_SSA-MTE	hyp1	News	NaN	-2.79331111907959
508	509	en	hau	challenge_SSA-MTE	hyp1	News	NaN	-1.4938232898712158
509	510	en	hau	challenge_SSA-MTE	hyp1	News	NaN	-1.198085904121399
510	511	en	hau	challenge_SSA-MTE	hyp1	News	NaN	-2.673518657684326
511	512	en	hau	challenge_SSA-MTE	hyp1	News	NaN	-3.570624828338623
512	513	en	hau	challenge_SSA-MTE	hyp1	News	NaN	-2.2445249557495117
513	514	en	hau	challenge_SSA-MTE	hyp1	News	NaN	-1.6308876276016235
514	515	en	hau	challenge_SSA-MTE	hyp1	News	NaN	-0.5099064111709595
515	516	en	hau	challenge_SSA-MTE	hyp1	News	NaN	-0.4729768633842468
516	517	en	hau	challenge_SSA-MTE	hyp1	News	NaN	-0.8256847858428955
517	518	en	hau	challenge_SSA-MTE	hyp1	News	NaN	-2.109318256378174
518	519	en	hau	challenge_SSA-MTE	hyp1	News	NaN	-0.6968203186988831
519	520	en	hau	challenge_SSA-MTE	hyp1	News	NaN	-0.2696212828159332
520	521	en	hau	challenge_SSA-MTE	hyp1	News	NaN	-0.9323164820671082
521	522	en	hau	challenge_SSA-MTE	hyp1	News	NaN	-1.688644528388977
522	523	en	hau	challenge_SSA-MTE	hyp1	News	NaN	-4.733522891998291
523	524	en	hau	challenge_SSA-MTE	hyp1	News	NaN	-4.133297443389893
524	525	en	hau	challenge_SSA-MTE	hyp1	News	NaN	-0.9387634992599487
525	526	en	hau	challenge_SSA-MTE	hyp1	News	NaN	-0.7518559098243713
526	527	en	hau	challenge_SSA-MTE	hyp1	News	NaN	-1.724290132522583
527	528	en	hau	challenge_SSA-MTE	hyp1	News	NaN	-2.1753783226013184
528	529	en	hau	challenge_SSA-MTE	hyp1	News	NaN	-1.480614423751831
529	530	en	hau	challenge_SSA-MTE	hyp1	News	NaN	-1.1157901287078857
530	531	en	hau	challenge_SSA-MTE	hyp1	News	NaN	-0.9889531135559082
531	532	en	hau	challenge_SSA-MTE	hyp1	News	NaN	-1.1142356395721436
532	533	en	hau	challenge_SSA-MTE	hyp1	News	NaN	-1.325061559677124
533	534	en	hau	challenge_SSA-MTE	hyp1	News	NaN	-1.3702045679092407
534	535	en	hau	challenge_SSA-MTE	hyp1	News	NaN	-1.6047072410583496
535	536	en	hau	challenge_SSA-MTE	hyp1	News	NaN	-1.4343035221099854
536	537	en	hau	challenge_SSA-MTE	hyp1	News	NaN	-2.2031166553497314
537	538	en	hau	challenge_SSA-MTE	hyp1	News	NaN	-0.6262444257736206
538	539	en	hau	challenge_SSA-MTE	hyp1	News	NaN	-1.4466733932495117
539	540	en	hau	challenge_SSA-MTE	hyp1	News	NaN	-1.851934552192688
540	541	en	hau	challenge_SSA-MTE	hyp1	News	NaN	-0.51106196641922
541	542	en	hau	challenge_SSA-MTE	hyp1	News	NaN	-1.8763751983642578
542	543	en	hau	challenge_SSA-MTE	hyp1	News	NaN	-0.7214877009391785
543	544	en	hau	challenge_SSA-MTE	hyp1	News	NaN	-0.710167646408081
544	545	en	hau	challenge_SSA-MTE	hyp1	News	NaN	-0.7555060386657715
545	546	en	hau	challenge_SSA-MTE	hyp1	News	NaN	-5.442779064178467
546	547	en	hau	challenge_SSA-MTE	hyp1	News	NaN	-3.520965337753296
547	548	en	hau	challenge_SSA-MTE	hyp1	News	NaN	-3.7811279296875
548	549	en	hau	challenge_SSA-MTE	hyp1	News	NaN	-1.3163328170776367
549	550	en	hau	challenge_SSA-MTE	hyp1	News	NaN	-1.9159150123596191
550	551	en	hau	challenge_SSA-MTE	hyp1	News	NaN	-1.5982029438018799
551	552	en	hau	challenge_SSA-MTE	hyp1	News	NaN	-2.442811965942383
552	553	en	hau	challenge_SSA-MTE	hyp1	News	NaN	-3.0099143981933594
553	554	en	hau	challenge_SSA-MTE	hyp1	News	NaN	-2.3315560817718506
554	555	en	hau	challenge_SSA-MTE	hyp1	News	NaN	-2.4546961784362793
555	556	en	hau	challenge_SSA-MTE	hyp1	News	NaN	-1.5190311670303345
556	557	en	hau	challenge_SSA-MTE	hyp1	News	NaN	-1.9441159963607788
557	558	en	hau	challenge_SSA-MTE	hyp1	News	NaN	-2.9604949951171875
558	559	en	hau	challenge_SSA-MTE	hyp1	News	NaN	-2.0015642642974854
559	560	en	hau	challenge_SSA-MTE	hyp1	News	NaN	-1.9418504238128662
560	561	en	hau	challenge_SSA-MTE	hyp1	News	NaN	-2.3246097564697266
561	562	en	hau	challenge_SSA-MTE	hyp1	News	NaN	-0.5099794864654541
562	563	en	hau	challenge_SSA-MTE	hyp1	News	NaN	-0.5635753273963928
563	564	en	hau	challenge_SSA-MTE	hyp1	News	NaN	-0.8436939716339111
564	565	en	hau	challenge_SSA-MTE	hyp1	News	NaN	-1.054025650024414
565	566	en	hau	challenge_SSA-MTE	hyp1	News	NaN	-0.8219528198242188
566	567	en	hau	challenge_SSA-MTE	hyp1	News	NaN	-0.6083626747131348
567	568	en	hau	challenge_SSA-MTE	hyp1	News	NaN	-0.9764745831489563
568	569	en	hau	challenge_SSA-MTE	hyp1	News	NaN	-3.2829833030700684
569	570	en	hau	challenge_SSA-MTE	hyp1	News	NaN	-2.681248188018799
570	571	en	hau	challenge_SSA-MTE	hyp1	News	NaN	-2.637364387512207
571	572	en	hau	challenge_SSA-MTE	hyp1	News	NaN	-0.7854664325714111
572	573	en	hau	challenge_SSA-MTE	hyp1	News	NaN	-1.9330686330795288
573	574	en	hau	challenge_SSA-MTE	hyp1	News	NaN	-7.0025811195373535
574	575	en	hau	challenge_SSA-MTE	hyp1	News	NaN	-4.2426371574401855
575	576	en	hau	challenge_SSA-MTE	hyp1	News	NaN	-7.397259712219238
576	577	en	hau	challenge_SSA-MTE	hyp1	News	NaN	-7.338581085205078
577	578	en	hau	challenge_SSA-MTE	hyp1	News	NaN	-7.256247520446777
578	579	en	hau	challenge_SSA-MTE	hyp1	News	NaN	-5.140314102172852
579	580	en	hau	challenge_SSA-MTE	hyp1	News	NaN	-0.9723221063613892
580	581	en	hau	challenge_SSA-MTE	hyp1	News	NaN	-1.0728858709335327
581	582	en	hau	challenge_SSA-MTE	hyp1	News	NaN	-1.1212724447250366
582	583	en	hau	challenge_SSA-MTE	hyp1	News	NaN	-1.6585441827774048
583	584	en	hau	challenge_SSA-MTE	hyp1	News	NaN	-1.038132667541504
584	585	en	hau	challenge_SSA-MTE	hyp1	News	NaN	-1.774336576461792
585	586	en	hau	challenge_SSA-MTE	hyp1	News	NaN	-0.5662193298339844
586	587	en	hau	challenge_SSA-MTE	hyp1	News	NaN	-0.5224173665046692
587	588	en	hau	challenge_SSA-MTE	hyp1	News	NaN	-0.9562777280807495
588	589	en	hau	challenge_SSA-MTE	hyp1	News	NaN	-0.6965121030807495
589	590	en	hau	challenge_SSA-MTE	hyp1	News	NaN	-0.7225338816642761
590	591	en	hau	challenge_SSA-MTE	hyp1	News	NaN	-0.7596552968025208
591	592	en	hau	challenge_SSA-MTE	hyp1	News	NaN	-0.44531697034835815
592	593	en	hau	challenge_SSA-MTE	hyp1	News	NaN	-0.5361112952232361
593	594	en	hau	challenge_SSA-MTE	hyp1	News	NaN	-0.5222671031951904
594	595	en	hau	challenge_SSA-MTE	hyp1	News	NaN	-0.5423041582107544
595	596	en	hau	challenge_SSA-MTE	hyp1	News	NaN	-0.4537058174610138
596	597	en	hau	challenge_SSA-MTE	hyp1	News	NaN	-1.3639521598815918
597	598	en	hau	challenge_SSA-MTE	hyp1	News	NaN	-1.4150943756103516
598	599	en	hau	challenge_SSA-MTE	hyp1	News	NaN	-1.6667819023132324
599	600	en	hau	challenge_SSA-MTE	hyp1	News	NaN	-1.6165716648101807
600	601	en	hau	challenge_SSA-MTE	hyp1	News	NaN	-1.3210630416870117
601	602	en	hau	challenge_SSA-MTE	hyp1	News	NaN	-1.5701680183410645
602	603	en	hau	challenge_SSA-MTE	hyp1	News	NaN	-2.044224977493286
603	604	en	hau	challenge_SSA-MTE	hyp1	News	NaN	-0.9759818315505981
604	605	en	hau	challenge_SSA-MTE	hyp1	News	NaN	-0.6776834726333618
605	606	en	hau	challenge_SSA-MTE	hyp1	News	NaN	-0.5584302544593811
606	607	en	hau	challenge_SSA-MTE	hyp1	News	NaN	-0.9762837290763855
607	608	en	hau	challenge_SSA-MTE	hyp1	News	NaN	-1.3547706604003906
608	609	en	hau	challenge_SSA-MTE	hyp1	News	NaN	-2.0542917251586914
609	610	en	hau	challenge_SSA-MTE	hyp1	News	NaN	-1.3994795083999634
610	611	en	hau	challenge_SSA-MTE	hyp1	News	NaN	-7.451716423034668
611	612	en	hau	challenge_SSA-MTE	hyp1	News	NaN	-1.7688517570495605
612	613	en	hau	challenge_SSA-MTE	hyp1	News	NaN	-7.11602783203125
613	614	en	hau	challenge_SSA-MTE	hyp1	News	NaN	-2.1362245082855225
614	615	en	hau	challenge_SSA-MTE	hyp1	News	NaN	-3.054150104522705
615	616	en	hau	challenge_SSA-MTE	hyp1	News	NaN	-1.319779634475708
616	617	en	hau	challenge_SSA-MTE	hyp1	News	NaN	-1.9108550548553467
617	618	en	hau	challenge_SSA-MTE	hyp1	News	NaN	-3.5143470764160156
618	619	en	hau	challenge_SSA-MTE	hyp1	News	NaN	-3.3613977432250977
619	620	en	hau	challenge_SSA-MTE	hyp1	News	NaN	-3.536327838897705
620	621	en	hau	challenge_SSA-MTE	hyp1	News	NaN	-1.2659621238708496
621	622	en	hau	challenge_SSA-MTE	hyp1	News	NaN	-2.061863899230957
622	623	en	hau	challenge_SSA-MTE	hyp1	News	NaN	-3.8130173683166504
623	624	en	hau	challenge_SSA-MTE	hyp1	News	NaN	-2.659884214401245
624	625	en	hau	challenge_SSA-MTE	hyp1	News	NaN	-4.279782295227051
625	626	en	hau	challenge_SSA-MTE	hyp1	News	NaN	-1.5173144340515137
626	627	en	hau	challenge_SSA-MTE	hyp1	News	NaN	-1.1837177276611328
627	628	en	hau	challenge_SSA-MTE	hyp1	News	NaN	-1.2287575006484985
628	629	en	hau	challenge_SSA-MTE	hyp1	News	NaN	-1.1289513111114502
629	630	en	hau	challenge_SSA-MTE	hyp1	News	NaN	-1.1803803443908691
630	631	en	hau	challenge_SSA-MTE	hyp1	News	NaN	-1.278043508529663
631	632	en	hau	challenge_SSA-MTE	hyp1	News	NaN	-1.7085509300231934
632	633	en	hau	challenge_SSA-MTE	hyp1	News	NaN	-1.0682469606399536
633	634	en	hau	challenge_SSA-MTE	hyp1	News	NaN	-1.1727954149246216
634	635	en	hau	challenge_SSA-MTE	hyp1	News	NaN	-2.5087108612060547
635	636	en	hau	challenge_SSA-MTE	hyp1	News	NaN	-2.725004196166992
636	637	en	hau	challenge_SSA-MTE	hyp1	News	NaN	-2.146225929260254
637	638	en	hau	challenge_SSA-MTE	hyp1	News	NaN	-4.009932518005371
638	639	en	hau	challenge_SSA-MTE	hyp1	News	NaN	-4.0541181564331055
639	640	en	hau	challenge_SSA-MTE	hyp1	News	NaN	-5.277137279510498
640	641	en	hau	challenge_SSA-MTE	hyp1	News	NaN	-6.047612190246582
641	642	en	hau	challenge_SSA-MTE	hyp1	News	NaN	-5.810229301452637
642	643	en	hau	challenge_SSA-MTE	hyp1	News	NaN	-4.128290176391602
643	644	en	hau	challenge_SSA-MTE	hyp1	News	NaN	-5.773968696594238
644	645	en	hau	challenge_SSA-MTE	hyp1	News	NaN	-1.6288989782333374
645	646	en	hau	challenge_SSA-MTE	hyp1	News	NaN	-0.6891899108886719
646	647	en	hau	challenge_SSA-MTE	hyp1	News	NaN	-0.7632579207420349
647	648	en	hau	challenge_SSA-MTE	hyp1	News	NaN	-2.9529550075531006
648	649	en	hau	challenge_SSA-MTE	hyp1	News	NaN	-0.9979726076126099
649	650	en	hau	challenge_SSA-MTE	hyp1	News	NaN	-5.092569351196289
650	651	en	hau	challenge_SSA-MTE	hyp1	News	NaN	-6.23345422744751
651	652	en	hau	challenge_SSA-MTE	hyp1	News	NaN	-14.62704086303711
652	653	en	hau	challenge_SSA-MTE	hyp1	News	NaN	-8.700698852539062
653	654	en	hau	challenge_SSA-MTE	hyp1	News	NaN	-7.991472244262695
654	655	en	hau	challenge_SSA-MTE	hyp1	News	NaN	-4.3141069412231445
655	656	en	hau	challenge_SSA-MTE	hyp1	News	NaN	-3.2179625034332275
656	657	en	hau	challenge_SSA-MTE	hyp1	News	NaN	-4.070652008056641
657	658	en	hau	challenge_SSA-MTE	hyp1	News	NaN	-7.717093467712402
658	659	en	hau	challenge_SSA-MTE	hyp1	News	NaN	-3.3293263912200928
659	660	en	hau	challenge_SSA-MTE	hyp1	News	NaN	-4.549620628356934
660	661	en	hau	challenge_SSA-MTE	hyp1	News	NaN	-2.4833078384399414
661	662	en	hau	challenge_SSA-MTE	hyp1	News	NaN	-2.7830395698547363
662	663	en	hau	challenge_SSA-MTE	hyp1	News	NaN	-10.090323448181152
663	664	en	hau	challenge_SSA-MTE	hyp1	News	NaN	-7.829901218414307
664	665	en	hau	challenge_SSA-MTE	hyp1	News	NaN	-6.717939376831055
665	666	en	hau	challenge_SSA-MTE	hyp1	News	NaN	-3.0996673107147217
666	667	en	hau	challenge_SSA-MTE	hyp1	News	NaN	-1.2833552360534668
667	668	en	hau	challenge_SSA-MTE	hyp1	News	NaN	-1.2922074794769287
668	669	en	hau	challenge_SSA-MTE	hyp1	News	NaN	-2.836507797241211
669	670	en	hau	challenge_SSA-MTE	hyp1	News	NaN	-1.902549386024475
670	671	en	hau	challenge_SSA-MTE	hyp1	News	NaN	-1.18580961227417
671	672	en	hau	challenge_SSA-MTE	hyp1	News	NaN	-1.582404375076294
672	673	en	hau	challenge_SSA-MTE	hyp1	News	NaN	-0.6857990622520447
673	674	en	hau	challenge_SSA-MTE	hyp1	News	NaN	-1.9387705326080322
674	675	en	hau	challenge_SSA-MTE	hyp1	News	NaN	-0.5832781791687012
675	676	en	hau	challenge_SSA-MTE	hyp1	News	NaN	-3.497274875640869
676	677	en	hau	challenge_SSA-MTE	hyp1	News	NaN	-0.7186102271080017
677	678	en	hau	challenge_SSA-MTE	hyp1	News	NaN	-2.9967706203460693
678	679	en	hau	challenge_SSA-MTE	hyp1	News	NaN	-3.803219795227051
679	680	en	hau	challenge_SSA-MTE	hyp1	News	NaN	-4.065079212188721
680	681	en	hau	challenge_SSA-MTE	hyp1	News	NaN	-3.291646718978882
681	682	en	hau	challenge_SSA-MTE	hyp1	News	NaN	-4.533299446105957
682	683	en	hau	challenge_SSA-MTE	hyp1	News	NaN	-2.4677774906158447
683	684	en	hau	challenge_SSA-MTE	hyp1	News	NaN	-1.1471247673034668
684	685	en	hau	challenge_SSA-MTE	hyp1	News	NaN	-2.304434299468994
685	686	en	hau	challenge_SSA-MTE	hyp1	News	NaN	-7.0103983879089355
686	687	en	hau	challenge_SSA-MTE	hyp1	News	NaN	-1.7296783924102783
687	688	en	hau	challenge_SSA-MTE	hyp1	News	NaN	-3.206514358520508
688	689	en	hau	challenge_SSA-MTE	hyp1	News	NaN	-3.9047677516937256
689	690	en	hau	challenge_SSA-MTE	hyp1	News	NaN	-0.39716172218322754
690	691	en	hau	challenge_SSA-MTE	hyp1	News	NaN	-0.6699591875076294
691	692	en	hau	challenge_SSA-MTE	hyp1	News	NaN	-0.428802490234375
692	693	en	hau	challenge_SSA-MTE	hyp1	News	NaN	-0.38621556758880615
693	694	en	hau	challenge_SSA-MTE	hyp1	News	NaN	-0.6528292298316956
694	695	en	hau	challenge_SSA-MTE	hyp1	News	NaN	-0.4651448428630829
695	696	en	hau	challenge_SSA-MTE	hyp1	News	NaN	-1.4495351314544678
696	697	en	hau	challenge_SSA-MTE	hyp1	News	NaN	-1.4546478986740112
697	698	en	hau	challenge_SSA-MTE	hyp1	News	NaN	-1.5730247497558594
698	699	en	hau	challenge_SSA-MTE	hyp1	News	NaN	-1.8537096977233887
699	700	en	hau	challenge_SSA-MTE	hyp1	News	NaN	-3.032278537750244
700	701	en	hau	challenge_SSA-MTE	hyp1	News	NaN	-1.5769031047821045
701	702	en	hau	challenge_SSA-MTE	hyp1	News	NaN	-1.0597988367080688
702	703	en	hau	challenge_SSA-MTE	hyp1	News	NaN	-0.8016321659088135
703	704	en	hau	challenge_SSA-MTE	hyp1	News	NaN	-2.45900297164917
704	705	en	hau	challenge_SSA-MTE	hyp1	News	NaN	-0.872801661491394
705	706	en	hau	challenge_SSA-MTE	hyp1	News	NaN	-1.4825793504714966
706	707	en	hau	challenge_SSA-MTE	hyp1	News	NaN	-3.8292312622070312
707	708	en	hau	challenge_SSA-MTE	hyp1	News	NaN	-7.135287284851074
708	709	en	hau	challenge_SSA-MTE	hyp1	News	NaN	-2.0147037506103516
709	710	en	hau	challenge_SSA-MTE	hyp1	News	NaN	-2.30711030960083
710	711	en	hau	challenge_SSA-MTE	hyp1	News	NaN	-6.9760541915893555
711	712	en	hau	challenge_SSA-MTE	hyp1	News	NaN	-3.260443925857544
712	713	en	hau	challenge_SSA-MTE	hyp1	News	NaN	-1.6385139226913452
713	714	en	hau	challenge_SSA-MTE	hyp1	News	NaN	-0.7962177991867065
714	715	en	hau	challenge_SSA-MTE	hyp1	News	NaN	-1.353752613067627
715	716	en	hau	challenge_SSA-MTE	hyp1	News	NaN	-0.8812040090560913
716	717	en	hau	challenge_SSA-MTE	hyp1	News	NaN	-3.462508201599121
717	718	en	hau	challenge_SSA-MTE	hyp1	News	NaN	-5.879525184631348
718	719	en	hau	challenge_SSA-MTE	hyp1	News	NaN	-10.449085235595703
719	720	en	hau	challenge_SSA-MTE	hyp1	News	NaN	-7.252355575561523
720	721	en	hau	challenge_SSA-MTE	hyp1	News	NaN	-3.4788284301757812
721	722	en	hau	challenge_SSA-MTE	hyp1	News	NaN	-7.137722015380859
722	723	en	hau	challenge_SSA-MTE	hyp1	News	NaN	-2.241255760192871
723	724	en	hau	challenge_SSA-MTE	hyp1	News	NaN	-1.9929795265197754
724	725	en	hau	challenge_SSA-MTE	hyp1	News	NaN	-6.953838348388672
725	726	en	hau	challenge_SSA-MTE	hyp1	News	NaN	-1.969812273979187
726	727	en	hau	challenge_SSA-MTE	hyp1	News	NaN	-1.793677806854248
727	728	en	hau	challenge_SSA-MTE	hyp1	News	NaN	-1.6108040809631348
728	729	en	hau	challenge_SSA-MTE	hyp1	News	NaN	-4.439298629760742
729	730	en	hau	challenge_SSA-MTE	hyp1	News	NaN	-2.398254156112671
730	731	en	hau	challenge_SSA-MTE	hyp1	News	NaN	-6.743058204650879
731	732	en	hau	challenge_SSA-MTE	hyp1	News	NaN	-5.725870609283447
732	733	en	hau	challenge_SSA-MTE	hyp1	News	NaN	-3.437962532043457
733	734	en	hau	challenge_SSA-MTE	hyp1	News	NaN	-3.9170680046081543
734	735	en	hau	challenge_SSA-MTE	hyp1	News	NaN	-2.146914005279541
735	736	en	hau	challenge_SSA-MTE	hyp1	News	NaN	-0.7927922010421753
736	737	en	hau	challenge_SSA-MTE	hyp1	News	NaN	-3.2554636001586914
737	738	en	hau	challenge_SSA-MTE	hyp1	News	NaN	-1.8703621625900269
738	739	en	hau	challenge_SSA-MTE	hyp1	News	NaN	-1.064193844795227
739	740	en	hau	challenge_SSA-MTE	hyp1	News	NaN	-5.095952033996582
740	741	en	hau	challenge_SSA-MTE	hyp1	News	NaN	-2.129394054412842
741	742	en	hau	challenge_SSA-MTE	hyp1	News	NaN	-2.3614108562469482
742	743	en	hau	challenge_SSA-MTE	hyp1	News	NaN	-4.791749954223633
743	744	en	hau	challenge_SSA-MTE	hyp1	News	NaN	-2.9183900356292725
744	745	en	hau	challenge_SSA-MTE	hyp1	News	NaN	-21.43627166748047
745	746	en	hau	challenge_SSA-MTE	hyp1	News	NaN	-5.390232563018799
746	747	en	hau	challenge_SSA-MTE	hyp1	News	NaN	-6.641686916351318
747	748	en	hau	challenge_SSA-MTE	hyp1	News	NaN	-3.2396726608276367
748	749	en	hau	challenge_SSA-MTE	hyp1	News	NaN	-1.5568264722824097
749	750	en	hau	challenge_SSA-MTE	hyp1	News	NaN	-0.8673028945922852
750	751	en	hau	challenge_SSA-MTE	hyp1	News	NaN	-1.3785202503204346
751	752	en	hau	challenge_SSA-MTE	hyp1	News	NaN	-4.834385871887207
752	753	en	hau	challenge_SSA-MTE	hyp1	News	NaN	-1.5909500122070312
753	754	en	hau	challenge_SSA-MTE	hyp1	News	NaN	-4.121274948120117
754	755	en	hau	challenge_SSA-MTE	hyp1	News	NaN	-2.0062313079833984
755	756	en	hau	challenge_SSA-MTE	hyp1	News	NaN	-1.6572625637054443
756	757	en	hau	challenge_SSA-MTE	hyp1	News	NaN	-2.5291388034820557
757	758	en	hau	challenge_SSA-MTE	hyp1	News	NaN	-2.4049012660980225
758	759	en	hau	challenge_SSA-MTE	hyp1	News	NaN	-1.9001699686050415
759	760	en	hau	challenge_SSA-MTE	hyp1	News	NaN	-1.3388161659240723
760	761	en	hau	challenge_SSA-MTE	hyp1	News	NaN	-1.075770378112793
761	762	en	hau	challenge_SSA-MTE	hyp1	News	NaN	-1.1040147542953491
762	763	en	hau	challenge_SSA-MTE	hyp1	News	NaN	-0.7917004227638245
763	764	en	hau	challenge_SSA-MTE	hyp1	News	NaN	-2.1323390007019043
764	765	en	hau	challenge_SSA-MTE	hyp1	News	NaN	-1.3166402578353882
765	766	en	hau	challenge_SSA-MTE	hyp1	News	NaN	-1.4381036758422852
766	767	en	hau	challenge_SSA-MTE	hyp1	News	NaN	-2.661224365234375
767	768	en	hau	challenge_SSA-MTE	hyp1	News	NaN	-4.367592811584473
768	769	en	hau	challenge_SSA-MTE	hyp1	News	NaN	-1.4057985544204712
769	770	en	hau	challenge_SSA-MTE	hyp1	News	NaN	-1.0040669441223145
770	771	en	hau	challenge_SSA-MTE	hyp1	News	NaN	-1.5880013704299927
771	772	en	hau	challenge_SSA-MTE	hyp1	News	NaN	-3.8166470527648926
772	773	en	hau	challenge_SSA-MTE	hyp1	News	NaN	-1.5822830200195312
773	774	en	hau	challenge_SSA-MTE	hyp1	News	NaN	-6.509746074676514
774	775	en	hau	challenge_SSA-MTE	hyp1	News	NaN	-3.0737199783325195
775	776	en	hau	challenge_SSA-MTE	hyp1	News	NaN	-2.4122471809387207
776	777	en	hau	challenge_SSA-MTE	hyp1	News	NaN	-17.59563636779785
777	778	en	hau	challenge_SSA-MTE	hyp1	News	NaN	-3.090000629425049
778	779	en	hau	challenge_SSA-MTE	hyp1	News	NaN	-5.254955291748047
779	780	en	hau	challenge_SSA-MTE	hyp1	News	NaN	-4.548792839050293
780	781	en	hau	challenge_SSA-MTE	hyp1	News	NaN	-1.3482913970947266
781	782	en	hau	challenge_SSA-MTE	hyp1	News	NaN	-2.8465075492858887
782	783	en	hau	challenge_SSA-MTE	hyp1	News	NaN	-1.9844846725463867
783	784	en	hau	challenge_SSA-MTE	hyp1	News	NaN	-3.7482197284698486
784	785	en	hau	challenge_SSA-MTE	hyp1	News	NaN	-2.394451141357422
785	786	en	hau	challenge_SSA-MTE	hyp1	News	NaN	-2.0628857612609863
786	787	en	hau	challenge_SSA-MTE	hyp1	News	NaN	-1.402043342590332
787	788	en	hau	challenge_SSA-MTE	hyp1	News	NaN	-2.822547435760498
788	789	en	hau	challenge_SSA-MTE	hyp1	News	NaN	-1.2775065898895264
789	790	en	hau	challenge_SSA-MTE	hyp1	News	NaN	-2.0817668437957764
790	791	en	hau	challenge_SSA-MTE	hyp1	News	NaN	-1.5728957653045654
791	792	en	hau	challenge_SSA-MTE	hyp1	News	NaN	-3.9535515308380127
792	793	en	hau	challenge_SSA-MTE	hyp1	News	NaN	-1.5772907733917236
793	794	en	hau	challenge_SSA-MTE	hyp1	News	NaN	-0.8775761127471924
794	795	en	hau	challenge_SSA-MTE	hyp1	News	NaN	-0.8961980938911438
795	796	en	hau	challenge_SSA-MTE	hyp1	News	NaN	-1.0475634336471558
796	797	en	hau	challenge_SSA-MTE	hyp1	News	NaN	-1.180061936378479
797	798	en	hau	challenge_SSA-MTE	hyp1	News	NaN	-1.3028368949890137
798	799	en	hau	challenge_SSA-MTE	hyp1	News	NaN	-0.8225335478782654
799	800	en	hau	challenge_SSA-MTE	hyp1	News	NaN	-1.1780860424041748
800	801	en	hau	challenge_SSA-MTE	hyp1	News	NaN	-3.2205638885498047
801	802	en	hau	challenge_SSA-MTE	hyp1	News	NaN	-1.5030975341796875
802	803	en	hau	challenge_SSA-MTE	hyp1	News	NaN	-2.45430850982666
803	804	en	hau	challenge_SSA-MTE	hyp1	News	NaN	-3.074420213699341
804	805	en	hau	challenge_SSA-MTE	hyp1	News	NaN	-2.7703287601470947
805	806	en	hau	challenge_SSA-MTE	hyp1	News	NaN	-1.7364981174468994
806	807	en	hau	challenge_SSA-MTE	hyp1	News	NaN	-0.9420968294143677
807	808	en	hau	challenge_SSA-MTE	hyp1	News	NaN	-1.152753233909607
808	809	en	hau	challenge_SSA-MTE	hyp1	News	NaN	-0.94002765417099
809	810	en	hau	challenge_SSA-MTE	hyp1	News	NaN	-0.7581685781478882
810	811	en	hau	challenge_SSA-MTE	hyp1	News	NaN	-0.754822313785553
811	812	en	hau	challenge_SSA-MTE	hyp1	News	NaN	-0.720504641532898
812	813	en	hau	challenge_SSA-MTE	hyp1	News	NaN	-0.745724081993103
813	814	en	hau	challenge_SSA-MTE	hyp1	News	NaN	-1.6940464973449707
814	815	en	hau	challenge_SSA-MTE	hyp1	News	NaN	-2.1507248878479004
815	816	en	hau	challenge_SSA-MTE	hyp1	News	NaN	-1.1291061639785767
816	817	en	hau	challenge_SSA-MTE	hyp1	News	NaN	-1.7580735683441162
817	818	en	hau	challenge_SSA-MTE	hyp1	News	NaN	-2.2977848052978516
818	819	en	hau	challenge_SSA-MTE	hyp1	News	NaN	-2.0060019493103027
819	820	en	hau	challenge_SSA-MTE	hyp1	News	NaN	-8.300813674926758
820	821	en	hau	challenge_SSA-MTE	hyp1	News	NaN	-7.5277299880981445
821	822	en	hau	challenge_SSA-MTE	hyp1	News	NaN	-8.563517570495605
822	823	en	hau	challenge_SSA-MTE	hyp1	News	NaN	-4.860410690307617
823	824	en	hau	challenge_SSA-MTE	hyp1	News	NaN	-2.4844913482666016
824	825	en	hau	challenge_SSA-MTE	hyp1	News	NaN	-2.0924880504608154
825	826	en	hau	challenge_SSA-MTE	hyp1	News	NaN	-3.247555732727051
826	827	en	hau	challenge_SSA-MTE	hyp1	News	NaN	-3.1497230529785156
827	828	en	hau	challenge_SSA-MTE	hyp1	News	NaN	-4.5102386474609375
828	829	en	hau	challenge_SSA-MTE	hyp1	News	NaN	-2.705848217010498
829	830	en	hau	challenge_SSA-MTE	hyp1	News	NaN	-0.7001767754554749
830	831	en	hau	challenge_SSA-MTE	hyp1	News	NaN	-0.9691060781478882
831	832	en	hau	challenge_SSA-MTE	hyp1	News	NaN	-3.1838831901550293
832	833	en	hau	challenge_SSA-MTE	hyp1	News	NaN	-0.6740763187408447
833	834	en	hau	challenge_SSA-MTE	hyp1	News	NaN	-2.0119338035583496
834	835	en	hau	challenge_SSA-MTE	hyp1	News	NaN	-1.4790165424346924
835	836	en	hau	challenge_SSA-MTE	hyp1	News	NaN	-4.802679061889648
836	837	en	hau	challenge_SSA-MTE	hyp1	News	NaN	-3.6466598510742188
837	838	en	hau	challenge_SSA-MTE	hyp1	News	NaN	-7.635894775390625
838	839	en	hau	challenge_SSA-MTE	hyp1	News	NaN	-4.152331829071045
839	840	en	hau	challenge_SSA-MTE	hyp1	News	NaN	-8.244586944580078
840	841	en	hau	challenge_SSA-MTE	hyp1	News	NaN	-4.25056791305542
841	842	en	hau	challenge_SSA-MTE	hyp1	News	NaN	-1.2056509256362915
842	843	en	hau	challenge_SSA-MTE	hyp1	News	NaN	-1.4166927337646484
843	844	en	hau	challenge_SSA-MTE	hyp1	News	NaN	-1.8875324726104736
844	845	en	hau	challenge_SSA-MTE	hyp1	News	NaN	-1.3979966640472412
845	846	en	hau	challenge_SSA-MTE	hyp1	News	NaN	-1.9967453479766846
846	847	en	hau	challenge_SSA-MTE	hyp1	News	NaN	-1.854335904121399
847	848	en	hau	challenge_SSA-MTE	hyp1	News	NaN	-1.4180097579956055
848	849	en	hau	challenge_SSA-MTE	hyp1	News	NaN	-4.844629764556885
849	850	en	hau	challenge_SSA-MTE	hyp1	News	NaN	-3.698058843612671
850	851	en	hau	challenge_SSA-MTE	hyp1	News	NaN	-1.985519528388977
851	852	en	hau	challenge_SSA-MTE	hyp1	News	NaN	-5.226626396179199
852	853	en	hau	challenge_SSA-MTE	hyp1	News	NaN	-2.728558301925659
853	854	en	hau	challenge_SSA-MTE	hyp1	News	NaN	-0.8443478941917419
854	855	en	hau	challenge_SSA-MTE	hyp1	News	NaN	-2.377586841583252
855	856	en	hau	challenge_SSA-MTE	hyp1	News	NaN	-2.2309393882751465
856	857	en	hau	challenge_SSA-MTE	hyp1	News	NaN	-0.889219343662262
857	858	en	hau	challenge_SSA-MTE	hyp1	News	NaN	-2.3009982109069824
858	859	en	hau	challenge_SSA-MTE	hyp1	News	NaN	-2.2834458351135254
859	860	en	hau	challenge_SSA-MTE	hyp1	News	NaN	-2.231663703918457
860	861	en	hau	challenge_SSA-MTE	hyp1	News	NaN	-1.8467869758605957
861	862	en	hau	challenge_SSA-MTE	hyp1	News	NaN	-2.946963310241699
862	863	en	hau	challenge_SSA-MTE	hyp1	News	NaN	-1.8512600660324097
863	864	en	hau	challenge_SSA-MTE	hyp1	News	NaN	-1.997111439704895
864	865	en	hau	challenge_SSA-MTE	hyp1	News	NaN	-1.705190658569336
865	866	en	hau	challenge_SSA-MTE	hyp1	News	NaN	-2.8173604011535645
866	867	en	hau	challenge_SSA-MTE	hyp1	News	NaN	-2.8896899223327637
867	868	en	hau	challenge_SSA-MTE	hyp1	News	NaN	-4.869847297668457
868	869	en	hau	challenge_SSA-MTE	hyp1	News	NaN	-1.7833456993103027
869	870	en	hau	challenge_SSA-MTE	hyp1	News	NaN	-2.630311965942383
870	871	en	hau	challenge_SSA-MTE	hyp1	News	NaN	-2.857133388519287
871	872	en	hau	challenge_SSA-MTE	hyp1	News	NaN	-0.9832474589347839
872	873	en	hau	challenge_SSA-MTE	hyp1	News	NaN	-1.2305941581726074
873	874	en	hau	challenge_SSA-MTE	hyp1	News	NaN	-1.7553516626358032
874	875	en	hau	challenge_SSA-MTE	hyp1	News	NaN	-2.3304667472839355
875	876	en	hau	challenge_SSA-MTE	hyp1	News	NaN	-3.0082950592041016
876	877	en	hau	challenge_SSA-MTE	hyp1	News	NaN	-1.0371061563491821
877	878	en	hau	challenge_SSA-MTE	hyp1	News	NaN	-4.270689010620117
878	879	en	hau	challenge_SSA-MTE	hyp1	News	NaN	-1.7191393375396729
879	880	en	hau	challenge_SSA-MTE	hyp1	News	NaN	-5.355928897857666
880	881	en	hau	challenge_SSA-MTE	hyp1	News	NaN	-3.4662115573883057
881	882	en	hau	challenge_SSA-MTE	hyp1	News	NaN	-3.3628711700439453
882	883	en	hau	challenge_SSA-MTE	hyp1	News	NaN	-2.9262471199035645
883	884	en	hau	challenge_SSA-MTE	hyp1	News	NaN	-1.254317283630371
884	885	en	hau	challenge_SSA-MTE	hyp1	News	NaN	-0.4470200538635254
885	886	en	hau	challenge_SSA-MTE	hyp1	News	NaN	-1.218632459640503
886	887	en	hau	challenge_SSA-MTE	hyp1	News	NaN	-0.6663252115249634
887	888	en	hau	challenge_SSA-MTE	hyp1	News	NaN	-0.5601528882980347
888	889	en	hau	challenge_SSA-MTE	hyp1	News	NaN	-1.1114617586135864
889	890	en	hau	challenge_SSA-MTE	hyp1	News	NaN	-6.556544303894043
890	891	en	hau	challenge_SSA-MTE	hyp1	News	NaN	-4.937557697296143
891	892	en	hau	challenge_SSA-MTE	hyp1	News	NaN	-7.852950096130371
892	893	en	hau	challenge_SSA-MTE	hyp1	News	NaN	-10.09926986694336
893	894	en	hau	challenge_SSA-MTE	hyp1	News	NaN	-8.965428352355957
894	895	en	hau	challenge_SSA-MTE	hyp1	News	NaN	-7.137254238128662
895	896	en	hau	challenge_SSA-MTE	hyp1	News	NaN	-0.9165389537811279
896	897	en	hau	challenge_SSA-MTE	hyp1	News	NaN	-0.6724423170089722
897	898	en	hau	challenge_SSA-MTE	hyp1	News	NaN	-5.848998546600342
898	899	en	hau	challenge_SSA-MTE	hyp1	News	NaN	-0.9663347005844116
899	900	en	hau	challenge_SSA-MTE	hyp1	News	NaN	-1.7878594398498535
900	901	en	hau	challenge_SSA-MTE	hyp1	News	NaN	-2.3254435062408447
901	902	en	hau	challenge_SSA-MTE	hyp1	News	NaN	-5.824464797973633
902	903	en	hau	challenge_SSA-MTE	hyp1	News	NaN	-4.182044982910156
903	904	en	hau	challenge_SSA-MTE	hyp1	News	NaN	-5.516419410705566
904	905	en	hau	challenge_SSA-MTE	hyp1	News	NaN	-3.5374279022216797
905	906	en	hau	challenge_SSA-MTE	hyp1	News	NaN	-2.159322738647461
906	907	en	hau	challenge_SSA-MTE	hyp1	News	NaN	-1.3686778545379639
907	908	en	hau	challenge_SSA-MTE	hyp1	News	NaN	-4.514706611633301
908	909	en	hau	challenge_SSA-MTE	hyp1	News	NaN	-0.5889106392860413
909	910	en	hau	challenge_SSA-MTE	hyp1	News	NaN	-1.8000560998916626
910	911	en	hau	challenge_SSA-MTE	hyp1	News	NaN	-2.322453498840332
911	912	en	hau	challenge_SSA-MTE	hyp1	News	NaN	-2.1051197052001953
912	913	en	hau	challenge_SSA-MTE	hyp1	News	NaN	-3.692194700241089
913	914	en	hau	challenge_SSA-MTE	hyp1	News	NaN	-4.85966682434082
914	915	en	hau	challenge_SSA-MTE	hyp1	News	NaN	-2.604109287261963
915	916	en	hau	challenge_SSA-MTE	hyp1	News	NaN	-2.7194714546203613
916	917	en	hau	challenge_SSA-MTE	hyp1	News	NaN	-0.6849980354309082
917	918	en	hau	challenge_SSA-MTE	hyp1	News	NaN	-0.4722065329551697
918	919	en	hau	challenge_SSA-MTE	hyp1	News	NaN	-6.031749725341797
919	920	en	hau	challenge_SSA-MTE	hyp1	News	NaN	-19.717138290405273
920	921	en	hau	challenge_SSA-MTE	hyp1	News	NaN	-1.2124130725860596
921	922	en	hau	challenge_SSA-MTE	hyp1	News	NaN	-0.6905774474143982
922	923	en	hau	challenge_SSA-MTE	hyp1	News	NaN	-0.6928572654724121
923	924	en	hau	challenge_SSA-MTE	hyp1	News	NaN	-0.8038454055786133
924	925	en	hau	challenge_SSA-MTE	hyp1	News	NaN	-0.6734144687652588
925	926	en	hau	challenge_SSA-MTE	hyp1	News	NaN	-0.5455308556556702
926	927	en	hau	challenge_SSA-MTE	hyp1	News	NaN	-1.202929973602295
927	928	en	hau	challenge_SSA-MTE	hyp1	News	NaN	-2.354196548461914
928	929	en	hau	challenge_SSA-MTE	hyp1	News	NaN	-2.713192939758301
929	930	en	hau	challenge_SSA-MTE	hyp1	News	NaN	-5.077295303344727
930	931	en	hau	challenge_SSA-MTE	hyp1	News	NaN	-1.5762643814086914
931	932	en	hau	challenge_SSA-MTE	hyp1	News	NaN	-3.026057243347168
932	933	en	hau	challenge_SSA-MTE	hyp1	News	NaN	-3.618882417678833
933	934	en	hau	challenge_SSA-MTE	hyp1	News	NaN	-4.835837364196777
934	935	en	hau	challenge_SSA-MTE	hyp1	News	NaN	-4.957225322723389
935	936	en	hau	challenge_SSA-MTE	hyp1	News	NaN	-6.0367021560668945
936	937	en	hau	challenge_SSA-MTE	hyp1	News	NaN	-4.271969795227051
937	938	en	hau	challenge_SSA-MTE	hyp1	News	NaN	-2.3565468788146973
938	939	en	hau	challenge_SSA-MTE	hyp1	News	NaN	-2.276883602142334
939	940	en	hau	challenge_SSA-MTE	hyp1	News	NaN	-5.199411392211914
940	941	en	hau	challenge_SSA-MTE	hyp1	News	NaN	-3.2811732292175293
941	942	en	hau	challenge_SSA-MTE	hyp1	News	NaN	-4.356159210205078
942	943	en	hau	challenge_SSA-MTE	hyp1	News	NaN	-2.6096980571746826
943	944	en	hau	challenge_SSA-MTE	hyp1	News	NaN	-0.4628470838069916
944	945	en	hau	challenge_SSA-MTE	hyp1	News	NaN	-0.511444091796875
945	946	en	hau	challenge_SSA-MTE	hyp1	News	NaN	-2.7608516216278076
946	947	en	hau	challenge_SSA-MTE	hyp1	News	NaN	-2.5189285278320312
947	948	en	hau	challenge_SSA-MTE	hyp1	News	NaN	-0.8301671743392944
948	949	en	hau	challenge_SSA-MTE	hyp1	News	NaN	-0.6417369842529297
949	950	en	hau	challenge_SSA-MTE	hyp1	News	NaN	-1.2670542001724243
950	951	en	hau	challenge_SSA-MTE	hyp1	News	NaN	-0.8666132688522339
951	952	en	hau	challenge_SSA-MTE	hyp1	News	NaN	-4.146965980529785
952	953	en	hau	challenge_SSA-MTE	hyp1	News	NaN	-3.5568478107452393
953	954	en	hau	challenge_SSA-MTE	hyp1	News	NaN	-2.4894351959228516
954	955	en	hau	challenge_SSA-MTE	hyp1	News	NaN	-1.7264962196350098
955	956	en	hau	challenge_SSA-MTE	hyp1	News	NaN	-1.2043248414993286
956	957	en	hau	challenge_SSA-MTE	hyp1	News	NaN	-1.0851035118103027
957	958	en	hau	challenge_SSA-MTE	hyp1	News	NaN	-2.4278159141540527
958	959	en	hau	challenge_SSA-MTE	hyp1	News	NaN	-1.3304805755615234
959	960	en	hau	challenge_SSA-MTE	hyp1	News	NaN	-1.1230990886688232
960	961	en	hau	challenge_SSA-MTE	hyp1	News	NaN	-1.5614392757415771
961	962	en	hau	challenge_SSA-MTE	hyp1	News	NaN	-0.7598633766174316
962	963	en	hau	challenge_SSA-MTE	hyp1	News	NaN	-1.3591437339782715
963	964	en	hau	challenge_SSA-MTE	hyp1	News	NaN	-3.262866973876953
964	965	en	hau	challenge_SSA-MTE	hyp1	News	NaN	-1.558640956878662
965	966	en	hau	challenge_SSA-MTE	hyp1	News	NaN	-1.099467396736145
966	967	en	hau	challenge_SSA-MTE	hyp1	News	NaN	-1.2315497398376465
967	968	en	hau	challenge_SSA-MTE	hyp1	News	NaN	-3.13128662109375
968	969	en	hau	challenge_SSA-MTE	hyp1	News	NaN	-2.9862887859344482
969	970	en	hau	challenge_SSA-MTE	hyp1	News	NaN	-7.089447021484375
970	971	en	hau	challenge_SSA-MTE	hyp1	News	NaN	-3.1636061668395996
971	972	en	hau	challenge_SSA-MTE	hyp1	News	NaN	-2.82881760597229
972	973	en	hau	challenge_SSA-MTE	hyp1	News	NaN	-1.8313288688659668
973	974	en	hau	challenge_SSA-MTE	hyp1	News	NaN	-0.8147196173667908
974	975	en	hau	challenge_SSA-MTE	hyp1	News	NaN	-1.0128649473190308
975	976	en	hau	challenge_SSA-MTE	hyp1	News	NaN	-1.771174430847168
976	977	en	hau	challenge_SSA-MTE	hyp1	News	NaN	-0.946740984916687
977	978	en	hau	challenge_SSA-MTE	hyp1	News	NaN	-2.167863368988037
978	979	en	hau	challenge_SSA-MTE	hyp1	News	NaN	-1.3699209690093994
979	980	en	hau	challenge_SSA-MTE	hyp1	News	NaN	-0.515918493270874
980	981	en	hau	challenge_SSA-MTE	hyp1	News	NaN	-0.5979326367378235
981	982	en	hau	challenge_SSA-MTE	hyp1	News	NaN	-3.316117286682129
982	983	en	hau	challenge_SSA-MTE	hyp1	News	NaN	-2.102034330368042
983	984	en	hau	challenge_SSA-MTE	hyp1	News	NaN	-3.0875635147094727
984	985	en	hau	challenge_SSA-MTE	hyp1	News	NaN	-0.6050450801849365
985	986	en	hau	challenge_SSA-MTE	hyp1	News	NaN	-0.6951565742492676
986	987	en	hau	challenge_SSA-MTE	hyp1	News	NaN	-1.1623265743255615
987	988	en	hau	challenge_SSA-MTE	hyp1	News	NaN	-1.0791969299316406
988	989	en	hau	challenge_SSA-MTE	hyp1	News	NaN	-5.092310905456543
989	990	en	hau	challenge_SSA-MTE	hyp1	News	NaN	-1.3194239139556885
990	991	en	hau	challenge_SSA-MTE	hyp1	News	NaN	-2.584817409515381
991	992	en	hau	challenge_SSA-MTE	hyp1	News	NaN	-2.2209630012512207
992	993	en	hau	challenge_SSA-MTE	hyp1	News	NaN	-1.5434038639068604
993	994	en	hau	challenge_SSA-MTE	hyp1	News	NaN	-1.2314027547836304
994	995	en	hau	challenge_SSA-MTE	hyp1	News	NaN	-0.9264026284217834
995	996	en	hau	challenge_SSA-MTE	hyp1	News	NaN	-1.4377515316009521
996	997	en	hau	challenge_SSA-MTE	hyp1	News	NaN	-1.1314773559570312
997	998	en	hau	challenge_SSA-MTE	hyp1	News	NaN	-1.0729706287384033
998	999	en	hau	challenge_SSA-MTE	hyp1	News	NaN	-1.837181568145752
999	1000	en	hau	challenge_SSA-MTE	hyp1	News	NaN	-1.3199949264526367
1000	1001	en	hau	challenge_SSA-MTE	hyp1	News	NaN	-1.084338903427124
1001	1002	en	hau	challenge_SSA-MTE	hyp1	News	NaN	-7.619968414306641
1002	1003	en	hau	challenge_SSA-MTE	hyp1	News	NaN	-3.5491058826446533
1003	1004	en	hau	challenge_SSA-MTE	hyp1	News	NaN	-6.104358196258545
1004	1005	en	hau	challenge_SSA-MTE	hyp1	News	NaN	-4.966256141662598
1005	1006	en	hau	challenge_SSA-MTE	hyp1	News	NaN	-1.3441557884216309
1006	1007	en	hau	challenge_SSA-MTE	hyp1	News	NaN	-2.593592643737793
1007	1008	en	hau	challenge_SSA-MTE	hyp1	News	NaN	-1.4761450290679932
1008	1009	en	hau	challenge_SSA-MTE	hyp1	News	NaN	-2.3120129108428955
1009	1010	en	hau	challenge_SSA-MTE	hyp1	News	NaN	-1.361844778060913
1010	1011	en	hau	challenge_SSA-MTE	hyp1	News	NaN	-1.20158851146698
1011	1012	en	hau	challenge_SSA-MTE	hyp1	News	NaN	-5.007818222045898
1012	1013	en	hau	challenge_SSA-MTE	hyp1	News	NaN	-1.7478423118591309
1013	1014	en	hau	challenge_SSA-MTE	hyp1	News	NaN	-7.066603660583496
1014	1015	en	hau	challenge_SSA-MTE	hyp1	News	NaN	-5.672041416168213
1015	1016	en	hau	challenge_SSA-MTE	hyp1	News	NaN	-1.2496140003204346
1016	1017	en	hau	challenge_SSA-MTE	hyp1	News	NaN	-1.707110047340393
1017	1018	en	hau	challenge_SSA-MTE	hyp1	News	NaN	-2.3419222831726074
1018	1019	en	hau	challenge_SSA-MTE	hyp1	News	NaN	-2.0117485523223877
1019	1020	en	hau	challenge_SSA-MTE	hyp1	News	NaN	-9.715383529663086
1020	1021	en	hau	challenge_SSA-MTE	hyp1	News	NaN	-7.483861446380615
1021	1022	en	hau	challenge_SSA-MTE	hyp1	News	NaN	-3.2088327407836914
1022	1023	en	hau	challenge_SSA-MTE	hyp1	News	NaN	-2.010319709777832
1023	1024	en	hau	challenge_SSA-MTE	hyp1	News	NaN	-1.1116198301315308
1024	1025	en	hau	challenge_SSA-MTE	hyp1	News	NaN	-1.7769758701324463
1025	1026	en	hau	challenge_SSA-MTE	hyp1	News	NaN	-2.9558985233306885
1026	1027	en	hau	challenge_SSA-MTE	hyp1	News	NaN	-2.128445863723755
1027	1028	en	hau	challenge_SSA-MTE	hyp1	News	NaN	-2.33650541305542
1028	1029	en	hau	challenge_SSA-MTE	hyp1	News	NaN	-3.0396881103515625
1029	1030	en	hau	challenge_SSA-MTE	hyp1	News	NaN	-1.9587546586990356
1030	1031	en	hau	challenge_SSA-MTE	hyp1	News	NaN	-1.3129645586013794
1031	1032	en	hau	challenge_SSA-MTE	hyp1	News	NaN	-1.446683406829834
1032	1033	en	hau	challenge_SSA-MTE	hyp1	News	NaN	-1.2546093463897705
1033	1034	en	hau	challenge_SSA-MTE	hyp1	News	NaN	-1.2853834629058838
1034	1035	en	hau	challenge_SSA-MTE	hyp1	News	NaN	-1.4248507022857666
1035	1036	en	hau	challenge_SSA-MTE	hyp1	News	NaN	-3.0636298656463623
1036	1037	en	hau	challenge_SSA-MTE	hyp1	News	NaN	-2.4578769207000732
1037	1038	en	hau	challenge_SSA-MTE	hyp1	News	NaN	-2.072340965270996
1038	1039	en	hau	challenge_SSA-MTE	hyp1	News	NaN	-1.883075475692749
1039	1040	en	hau	challenge_SSA-MTE	hyp1	News	NaN	-2.13716721534729
1040	1041	en	hau	challenge_SSA-MTE	hyp1	News	NaN	-10.535356521606445
1041	1042	en	hau	challenge_SSA-MTE	hyp1	News	NaN	-1.240321159362793
1042	1043	en	hau	challenge_SSA-MTE	hyp1	News	NaN	-1.250029444694519
1043	1044	en	hau	challenge_SSA-MTE	hyp1	News	NaN	-2.8971567153930664
1044	1045	en	hau	challenge_SSA-MTE	hyp1	News	NaN	-4.028400421142578
1045	1046	en	hau	challenge_SSA-MTE	hyp1	News	NaN	-3.043627977371216
1046	1047	en	hau	challenge_SSA-MTE	hyp1	News	NaN	-2.930401086807251
1047	1048	en	hau	challenge_SSA-MTE	hyp1	News	NaN	-2.702221155166626
1048	1049	en	hau	challenge_SSA-MTE	hyp1	News	NaN	-1.9992172718048096
1049	1050	en	hau	challenge_SSA-MTE	hyp1	News	NaN	-3.767990827560425
1050	1051	en	hau	challenge_SSA-MTE	hyp1	News	NaN	-2.878227710723877
1051	1052	en	hau	challenge_SSA-MTE	hyp1	News	NaN	-3.969010353088379
1052	1053	en	hau	challenge_SSA-MTE	hyp1	News	NaN	-1.8045673370361328
1053	1054	en	hau	challenge_SSA-MTE	hyp1	News	NaN	-5.910066604614258
1054	1055	en	hau	challenge_SSA-MTE	hyp1	News	NaN	-8.739898681640625
1055	1056	en	hau	challenge_SSA-MTE	hyp1	News	NaN	-9.011311531066895
1056	1057	en	hau	challenge_SSA-MTE	hyp1	News	NaN	-7.920363426208496
1057	1058	en	hau	challenge_SSA-MTE	hyp1	News	NaN	-3.4168896675109863
1058	1059	en	hau	challenge_SSA-MTE	hyp1	News	NaN	-2.2927331924438477
1059	1060	en	hau	challenge_SSA-MTE	hyp1	News	NaN	-6.523102760314941
1060	1061	en	hau	challenge_SSA-MTE	hyp1	News	NaN	-7.294923782348633
1061	1062	en	hau	challenge_SSA-MTE	hyp1	News	NaN	-6.928173065185547
1062	1063	en	hau	challenge_SSA-MTE	hyp1	News	NaN	-9.090710639953613
1063	1064	en	hau	challenge_SSA-MTE	hyp1	News	NaN	-5.322412014007568
1064	1065	en	hau	challenge_SSA-MTE	hyp1	News	NaN	-4.184345245361328
1065	1066	en	hau	challenge_SSA-MTE	hyp1	News	NaN	-2.247924327850342
1066	1067	en	hau	challenge_SSA-MTE	hyp1	News	NaN	-2.559743881225586
1067	1068	en	hau	challenge_SSA-MTE	hyp1	News	NaN	-2.4201533794403076
1068	1069	en	hau	challenge_SSA-MTE	hyp1	News	NaN	-1.689594030380249
1069	1070	en	hau	challenge_SSA-MTE	hyp1	News	NaN	-3.32804799079895
1070	1071	en	hau	challenge_SSA-MTE	hyp1	News	NaN	-1.8340003490447998
1071	1072	en	hau	challenge_SSA-MTE	hyp1	News	NaN	-1.621739149093628
1072	1073	en	hau	challenge_SSA-MTE	hyp1	News	NaN	-2.3934454917907715
1073	1074	en	hau	challenge_SSA-MTE	hyp1	News	NaN	-8.869352340698242
1074	1075	en	hau	challenge_SSA-MTE	hyp1	News	NaN	-3.584340810775757
1075	1076	en	hau	challenge_SSA-MTE	hyp1	News	NaN	-5.371365547180176
1076	1077	en	hau	challenge_SSA-MTE	hyp1	News	NaN	-1.8284657001495361
1077	1078	en	hau	challenge_SSA-MTE	hyp1	News	NaN	-0.5363292098045349
1078	1079	en	hau	challenge_SSA-MTE	hyp1	News	NaN	-1.9503638744354248
1079	1080	en	hau	challenge_SSA-MTE	hyp1	News	NaN	-1.6798696517944336
1080	1081	en	hau	challenge_SSA-MTE	hyp1	News	NaN	-4.036377906799316
1081	1082	en	hau	challenge_SSA-MTE	hyp1	News	NaN	-1.6599022150039673
1082	1083	en	hau	challenge_SSA-MTE	hyp1	News	NaN	-2.280172824859619
1083	1084	en	hau	challenge_SSA-MTE	hyp1	News	NaN	-1.510844349861145
1084	1085	en	hau	challenge_SSA-MTE	hyp1	News	NaN	-1.3529160022735596
1085	1086	en	hau	challenge_SSA-MTE	hyp1	News	NaN	-0.8513283729553223
1086	1087	en	hau	challenge_SSA-MTE	hyp1	News	NaN	-3.8130602836608887
1087	1088	en	hau	challenge_SSA-MTE	hyp1	News	NaN	-0.5160643458366394
1088	1089	en	hau	challenge_SSA-MTE	hyp1	News	NaN	-0.7158150672912598
1089	1090	en	hau	challenge_SSA-MTE	hyp1	News	NaN	-3.616504192352295
1090	1091	en	hau	challenge_SSA-MTE	hyp1	News	NaN	-1.1462361812591553
1091	1092	en	hau	challenge_SSA-MTE	hyp1	News	NaN	-0.7793505191802979
1092	1093	en	hau	challenge_SSA-MTE	hyp1	News	NaN	-0.9553924202919006
1093	1094	en	hau	challenge_SSA-MTE	hyp1	News	NaN	-3.974245071411133
1094	1095	en	hau	challenge_SSA-MTE	hyp1	News	NaN	-1.0712559223175049
1095	1096	en	hau	challenge_SSA-MTE	hyp1	News	NaN	-2.3412060737609863
1096	1097	en	hau	challenge_SSA-MTE	hyp1	News	NaN	-0.7012462615966797
1097	1098	en	hau	challenge_SSA-MTE	hyp1	News	NaN	-1.6540131568908691
1098	1099	en	hau	challenge_SSA-MTE	hyp1	News	NaN	-3.171628475189209
1099	1100	en	hau	challenge_SSA-MTE	hyp1	News	NaN	-1.6768718957901
1100	1101	en	hau	challenge_SSA-MTE	hyp1	News	NaN	-21.686569213867188
1101	1102	en	hau	challenge_SSA-MTE	hyp1	News	NaN	-0.6623886227607727
1102	1103	en	hau	challenge_SSA-MTE	hyp1	News	NaN	-1.8660379648208618
1103	1104	en	hau	challenge_SSA-MTE	hyp1	News	NaN	-1.1905854940414429
1104	1105	en	hau	challenge_SSA-MTE	hyp1	News	NaN	-4.007760524749756
1105	1106	en	hau	challenge_SSA-MTE	hyp1	News	NaN	-2.9199414253234863
1106	1107	en	hau	challenge_SSA-MTE	hyp1	News	NaN	-4.5216217041015625
1107	1108	en	hau	challenge_SSA-MTE	hyp1	News	NaN	-3.5783557891845703
1108	1109	en	hau	challenge_SSA-MTE	hyp1	News	NaN	-1.7735143899917603
1109	1110	en	hau	challenge_SSA-MTE	hyp1	News	NaN	-2.3109140396118164
1110	1111	en	hau	challenge_SSA-MTE	hyp1	News	NaN	-8.382516860961914
1111	1112	en	hau	challenge_SSA-MTE	hyp1	News	NaN	-1.2543065547943115
1112	1113	en	hau	challenge_SSA-MTE	hyp1	News	NaN	-1.134728193283081
1113	1114	en	hau	challenge_SSA-MTE	hyp1	News	NaN	-1.8674002885818481
1114	1115	en	hau	challenge_SSA-MTE	hyp1	News	NaN	-1.80076003074646
1115	1116	en	hau	challenge_SSA-MTE	hyp1	News	NaN	-1.6621251106262207
1116	1117	en	hau	challenge_SSA-MTE	hyp1	News	NaN	-1.2091615200042725
1117	1118	en	hau	challenge_SSA-MTE	hyp1	News	NaN	-1.265468955039978
1118	1119	en	hau	challenge_SSA-MTE	hyp1	News	NaN	-0.637507438659668
1119	1120	en	hau	challenge_SSA-MTE	hyp1	News	NaN	-1.9936413764953613
1120	1121	en	hau	challenge_SSA-MTE	hyp1	News	NaN	-5.942850112915039
1121	1122	en	hau	challenge_SSA-MTE	hyp1	News	NaN	-4.056795120239258
1122	1123	en	hau	challenge_SSA-MTE	hyp1	News	NaN	-6.012189865112305
1123	1124	en	hau	challenge_SSA-MTE	hyp1	News	NaN	-4.338298320770264
1124	1125	en	hau	challenge_SSA-MTE	hyp1	News	NaN	-5.891757488250732
1125	1126	en	hau	challenge_SSA-MTE	hyp1	News	NaN	-2.2800822257995605
1126	1127	en	hau	challenge_SSA-MTE	hyp1	News	NaN	-2.0402865409851074
1127	1128	en	hau	challenge_SSA-MTE	hyp1	News	NaN	-2.42283034324646
1128	1129	en	hau	challenge_SSA-MTE	hyp1	News	NaN	-9.20452880859375
1129	1130	en	hau	challenge_SSA-MTE	hyp1	News	NaN	-12.54300594329834
1130	1131	en	hau	challenge_SSA-MTE	hyp1	News	NaN	-6.443059921264648
1131	1132	en	hau	challenge_SSA-MTE	hyp1	News	NaN	-2.238992691040039
1132	1133	en	hau	challenge_SSA-MTE	hyp1	News	NaN	-0.7145452499389648
1133	1134	en	hau	challenge_SSA-MTE	hyp1	News	NaN	-0.8972063660621643
1134	1135	en	hau	challenge_SSA-MTE	hyp1	News	NaN	-3.8588602542877197
1135	1136	en	hau	challenge_SSA-MTE	hyp1	News	NaN	-0.6035444736480713
1136	1137	en	hau	challenge_SSA-MTE	hyp1	News	NaN	-1.4078999757766724
1137	1138	en	hau	challenge_SSA-MTE	hyp1	News	NaN	-1.4561817646026611
1138	1139	en	hau	challenge_SSA-MTE	hyp1	News	NaN	-2.448514461517334
1139	1140	en	hau	challenge_SSA-MTE	hyp1	News	NaN	-2.5020523071289062
1140	1141	en	hau	challenge_SSA-MTE	hyp1	News	NaN	-1.6673187017440796
1141	1142	en	hau	challenge_SSA-MTE	hyp1	News	NaN	-2.989035129547119
1142	1143	en	hau	challenge_SSA-MTE	hyp1	News	NaN	-2.031226634979248
1143	1144	en	hau	challenge_SSA-MTE	hyp1	News	NaN	-1.4170783758163452
1144	1145	en	hau	challenge_SSA-MTE	hyp1	News	NaN	-1.9163439273834229
1145	1146	en	hau	challenge_SSA-MTE	hyp1	News	NaN	-1.7356512546539307
1146	1147	en	hau	challenge_SSA-MTE	hyp1	News	NaN	-2.707658290863037
1147	1148	en	hau	challenge_SSA-MTE	hyp1	News	NaN	-2.2231175899505615
1148	1149	en	hau	challenge_SSA-MTE	hyp1	News	NaN	-1.6833029985427856
1149	1150	en	hau	challenge_SSA-MTE	hyp1	News	NaN	-1.2982914447784424
1150	1151	en	hau	challenge_SSA-MTE	hyp1	News	NaN	-2.4181065559387207
1151	1152	en	hau	challenge_SSA-MTE	hyp1	News	NaN	-1.5306437015533447
1152	1153	en	hau	challenge_SSA-MTE	hyp1	News	NaN	-1.670485019683838
1153	1154	en	hau	challenge_SSA-MTE	hyp1	News	NaN	-1.3547593355178833
1154	1155	en	hau	challenge_SSA-MTE	hyp1	News	NaN	-3.3060522079467773
1155	1156	en	hau	challenge_SSA-MTE	hyp1	News	NaN	-3.183861017227173
1156	1157	en	hau	challenge_SSA-MTE	hyp1	News	NaN	-4.793610572814941
1157	1158	en	hau	challenge_SSA-MTE	hyp1	News	NaN	-3.8413751125335693
1158	1159	en	hau	challenge_SSA-MTE	hyp1	News	NaN	-2.2492752075195312
1159	1160	en	hau	challenge_SSA-MTE	hyp1	News	NaN	-3.7312841415405273
1160	1161	en	hau	challenge_SSA-MTE	hyp1	News	NaN	-0.9684070944786072
1161	1162	en	hau	challenge_SSA-MTE	hyp1	News	NaN	-0.7709336280822754
1162	1163	en	hau	challenge_SSA-MTE	hyp1	News	NaN	-1.1228471994400024
1163	1164	en	hau	challenge_SSA-MTE	hyp1	News	NaN	-0.8593071103096008
1164	1165	en	hau	challenge_SSA-MTE	hyp1	News	NaN	-1.3748431205749512
1165	1166	en	hau	challenge_SSA-MTE	hyp1	News	NaN	-2.3326218128204346
1166	1167	en	hau	challenge_SSA-MTE	hyp1	News	NaN	-0.6663562059402466
1167	1168	en	hau	challenge_SSA-MTE	hyp1	News	NaN	-1.4941848516464233
1168	1169	en	hau	challenge_SSA-MTE	hyp1	News	NaN	-1.7525553703308105
1169	1170	en	hau	challenge_SSA-MTE	hyp1	News	NaN	-1.6663511991500854
1170	1171	en	hau	challenge_SSA-MTE	hyp1	News	NaN	-4.548770904541016
1171	1172	en	hau	challenge_SSA-MTE	hyp1	News	NaN	-2.0415258407592773
1172	1173	en	hau	challenge_SSA-MTE	hyp1	News	NaN	-1.6878142356872559
1173	1174	en	hau	challenge_SSA-MTE	hyp1	News	NaN	-4.820883750915527
1174	1175	en	hau	challenge_SSA-MTE	hyp1	News	NaN	-1.0731992721557617
1175	1176	en	hau	challenge_SSA-MTE	hyp1	News	NaN	-1.4955205917358398
1176	1177	en	hau	challenge_SSA-MTE	hyp1	News	NaN	-5.100805282592773
1177	1178	en	hau	challenge_SSA-MTE	hyp1	News	NaN	-2.2015490531921387
1178	1179	en	hau	challenge_SSA-MTE	hyp1	News	NaN	-5.0383453369140625
1179	1180	en	hau	challenge_SSA-MTE	hyp1	News	NaN	-1.047432541847229
1180	1181	en	hau	challenge_SSA-MTE	hyp1	News	NaN	-0.6492817997932434
1181	1182	en	hau	challenge_SSA-MTE	hyp1	News	NaN	-7.025225639343262
1182	1183	en	hau	challenge_SSA-MTE	hyp1	News	NaN	-4.1900529861450195
1183	1184	en	hau	challenge_SSA-MTE	hyp1	News	NaN	-4.209810256958008
1184	1185	en	hau	challenge_SSA-MTE	hyp1	News	NaN	-0.8970403671264648
1185	1186	en	hau	challenge_SSA-MTE	hyp1	News	NaN	-5.342844009399414
1186	1187	en	hau	challenge_SSA-MTE	hyp1	News	NaN	-2.1013755798339844
1187	1188	en	hau	challenge_SSA-MTE	hyp1	News	NaN	-5.937198638916016
1188	1189	en	hau	challenge_SSA-MTE	hyp1	News	NaN	-5.2373247146606445
1189	1190	en	hau	challenge_SSA-MTE	hyp1	News	NaN	-6.070635795593262
1190	1191	en	hau	challenge_SSA-MTE	hyp1	News	NaN	-0.9915274381637573
1191	1192	en	hau	challenge_SSA-MTE	hyp1	News	NaN	-0.845280647277832
0	1	en	kik	challenge_SSA-MTE	hyp1	News	NaN	-11.41710090637207
1	2	en	kik	challenge_SSA-MTE	hyp1	News	NaN	-12.582967758178711
2	3	en	kik	challenge_SSA-MTE	hyp1	News	NaN	-18.436437606811523
3	4	en	kik	challenge_SSA-MTE	hyp1	News	NaN	-22.161605834960938
4	5	en	kik	challenge_SSA-MTE	hyp1	News	NaN	-23.03757095336914
5	6	en	kik	challenge_SSA-MTE	hyp1	News	NaN	-7.443207740783691
6	7	en	kik	challenge_SSA-MTE	hyp1	News	NaN	-6.85250186920166
7	8	en	kik	challenge_SSA-MTE	hyp1	News	NaN	-20.115127563476562
8	9	en	kik	challenge_SSA-MTE	hyp1	News	NaN	-5.159891128540039
9	10	en	kik	challenge_SSA-MTE	hyp1	News	NaN	-2.428284168243408
10	11	en	kik	challenge_SSA-MTE	hyp1	News	NaN	-6.321576118469238
11	12	en	kik	challenge_SSA-MTE	hyp1	News	NaN	-20.430477142333984
12	13	en	kik	challenge_SSA-MTE	hyp1	News	NaN	-20.410093307495117
13	14	en	kik	challenge_SSA-MTE	hyp1	News	NaN	-6.693081855773926
14	15	en	kik	challenge_SSA-MTE	hyp1	News	NaN	-6.689193248748779
15	16	en	kik	challenge_SSA-MTE	hyp1	News	NaN	-13.845243453979492
16	17	en	kik	challenge_SSA-MTE	hyp1	News	NaN	-15.677684783935547
17	18	en	kik	challenge_SSA-MTE	hyp1	News	NaN	-21.036338806152344
18	19	en	kik	challenge_SSA-MTE	hyp1	News	NaN	-8.594724655151367
19	20	en	kik	challenge_SSA-MTE	hyp1	News	NaN	-9.331441879272461
20	21	en	kik	challenge_SSA-MTE	hyp1	News	NaN	-28.41307830810547
21	22	en	kik	challenge_SSA-MTE	hyp1	News	NaN	-10.217509269714355
22	23	en	kik	challenge_SSA-MTE	hyp1	News	NaN	-13.809072494506836
23	24	en	kik	challenge_SSA-MTE	hyp1	News	NaN	-8.45246410369873
24	25	en	kik	challenge_SSA-MTE	hyp1	News	NaN	-27.276565551757812
25	26	en	kik	challenge_SSA-MTE	hyp1	News	NaN	-9.821224212646484
26	27	en	kik	challenge_SSA-MTE	hyp1	News	NaN	-6.875429630279541
27	28	en	kik	challenge_SSA-MTE	hyp1	News	NaN	-9.111116409301758
28	29	en	kik	challenge_SSA-MTE	hyp1	News	NaN	-11.134883880615234
29	30	en	kik	challenge_SSA-MTE	hyp1	News	NaN	-24.15702247619629
30	31	en	kik	challenge_SSA-MTE	hyp1	News	NaN	-7.936585903167725
31	32	en	kik	challenge_SSA-MTE	hyp1	News	NaN	-9.684415817260742
32	33	en	kik	challenge_SSA-MTE	hyp1	News	NaN	-8.732429504394531
33	34	en	kik	challenge_SSA-MTE	hyp1	News	NaN	-6.58521842956543
34	35	en	kik	challenge_SSA-MTE	hyp1	News	NaN	-13.00029182434082
35	36	en	kik	challenge_SSA-MTE	hyp1	News	NaN	-7.592357635498047
36	37	en	kik	challenge_SSA-MTE	hyp1	News	NaN	-9.166891098022461
37	38	en	kik	challenge_SSA-MTE	hyp1	News	NaN	-26.625167846679688
38	39	en	kik	challenge_SSA-MTE	hyp1	News	NaN	-20.164724349975586
39	40	en	kik	challenge_SSA-MTE	hyp1	News	NaN	-21.27589988708496
40	41	en	kik	challenge_SSA-MTE	hyp1	News	NaN	-17.401832580566406
41	42	en	kik	challenge_SSA-MTE	hyp1	News	NaN	-15.73444938659668
42	43	en	kik	challenge_SSA-MTE	hyp1	News	NaN	-23.313337326049805
43	44	en	kik	challenge_SSA-MTE	hyp1	News	NaN	-26.820392608642578
44	45	en	kik	challenge_SSA-MTE	hyp1	News	NaN	-13.679705619812012
45	46	en	kik	challenge_SSA-MTE	hyp1	News	NaN	-11.42632007598877
46	47	en	kik	challenge_SSA-MTE	hyp1	News	NaN	-11.041977882385254
47	48	en	kik	challenge_SSA-MTE	hyp1	News	NaN	-13.328306198120117
48	49	en	kik	challenge_SSA-MTE	hyp1	News	NaN	-26.484622955322266
49	50	en	kik	challenge_SSA-MTE	hyp1	News	NaN	-14.329861640930176
50	51	en	kik	challenge_SSA-MTE	hyp1	News	NaN	-11.540401458740234
51	52	en	kik	challenge_SSA-MTE	hyp1	News	NaN	-9.890237808227539
52	53	en	kik	challenge_SSA-MTE	hyp1	News	NaN	-26.098392486572266
53	54	en	kik	challenge_SSA-MTE	hyp1	News	NaN	-6.165966987609863
54	55	en	kik	challenge_SSA-MTE	hyp1	News	NaN	-7.4685211181640625
55	56	en	kik	challenge_SSA-MTE	hyp1	News	NaN	-4.9675397872924805
56	57	en	kik	challenge_SSA-MTE	hyp1	News	NaN	-5.854022026062012
57	58	en	kik	challenge_SSA-MTE	hyp1	News	NaN	-24.662670135498047
58	59	en	kik	challenge_SSA-MTE	hyp1	News	NaN	-5.13374662399292
59	60	en	kik	challenge_SSA-MTE	hyp1	News	NaN	-6.06039571762085
60	61	en	kik	challenge_SSA-MTE	hyp1	News	NaN	-10.249580383300781
61	62	en	kik	challenge_SSA-MTE	hyp1	News	NaN	-12.963830947875977
62	63	en	kik	challenge_SSA-MTE	hyp1	News	NaN	-15.859701156616211
63	64	en	kik	challenge_SSA-MTE	hyp1	News	NaN	-11.239532470703125
64	65	en	kik	challenge_SSA-MTE	hyp1	News	NaN	-8.793684005737305
65	66	en	kik	challenge_SSA-MTE	hyp1	News	NaN	-9.189765930175781
66	67	en	kik	challenge_SSA-MTE	hyp1	News	NaN	-10.611143112182617
67	68	en	kik	challenge_SSA-MTE	hyp1	News	NaN	-18.2592716217041
68	69	en	kik	challenge_SSA-MTE	hyp1	News	NaN	-14.297552108764648
69	70	en	kik	challenge_SSA-MTE	hyp1	News	NaN	-15.487661361694336
70	71	en	kik	challenge_SSA-MTE	hyp1	News	NaN	-13.8639497756958
71	72	en	kik	challenge_SSA-MTE	hyp1	News	NaN	-10.795792579650879
72	73	en	kik	challenge_SSA-MTE	hyp1	News	NaN	-25.628620147705078
73	74	en	kik	challenge_SSA-MTE	hyp1	News	NaN	-7.072198867797852
74	75	en	kik	challenge_SSA-MTE	hyp1	News	NaN	-14.700019836425781
75	76	en	kik	challenge_SSA-MTE	hyp1	News	NaN	-8.728178977966309
76	77	en	kik	challenge_SSA-MTE	hyp1	News	NaN	-16.332212448120117
77	78	en	kik	challenge_SSA-MTE	hyp1	News	NaN	-25.46855354309082
78	79	en	kik	challenge_SSA-MTE	hyp1	News	NaN	-15.287277221679688
79	80	en	kik	challenge_SSA-MTE	hyp1	News	NaN	-13.980791091918945
80	81	en	kik	challenge_SSA-MTE	hyp1	News	NaN	-11.697881698608398
81	82	en	kik	challenge_SSA-MTE	hyp1	News	NaN	-18.980411529541016
82	83	en	kik	challenge_SSA-MTE	hyp1	News	NaN	-24.40799903869629
83	84	en	kik	challenge_SSA-MTE	hyp1	News	NaN	-11.338411331176758
84	85	en	kik	challenge_SSA-MTE	hyp1	News	NaN	-7.353148937225342
85	86	en	kik	challenge_SSA-MTE	hyp1	News	NaN	-15.048286437988281
86	87	en	kik	challenge_SSA-MTE	hyp1	News	NaN	-24.892379760742188
87	88	en	kik	challenge_SSA-MTE	hyp1	News	NaN	-9.263676643371582
88	89	en	kik	challenge_SSA-MTE	hyp1	News	NaN	-16.519001007080078
89	90	en	kik	challenge_SSA-MTE	hyp1	News	NaN	-5.460910320281982
90	91	en	kik	challenge_SSA-MTE	hyp1	News	NaN	-8.484402656555176
91	92	en	kik	challenge_SSA-MTE	hyp1	News	NaN	-9.815284729003906
92	93	en	kik	challenge_SSA-MTE	hyp1	News	NaN	-10.026861190795898
93	94	en	kik	challenge_SSA-MTE	hyp1	News	NaN	-10.56153678894043
94	95	en	kik	challenge_SSA-MTE	hyp1	News	NaN	-17.909860610961914
95	96	en	kik	challenge_SSA-MTE	hyp1	News	NaN	-18.273103713989258
96	97	en	kik	challenge_SSA-MTE	hyp1	News	NaN	-18.297435760498047
97	98	en	kik	challenge_SSA-MTE	hyp1	News	NaN	-14.263615608215332
98	99	en	kik	challenge_SSA-MTE	hyp1	News	NaN	-11.010470390319824
99	100	en	kik	challenge_SSA-MTE	hyp1	News	NaN	-18.615249633789062
100	101	en	kik	challenge_SSA-MTE	hyp1	News	NaN	-25.867229461669922
101	102	en	kik	challenge_SSA-MTE	hyp1	News	NaN	-24.8515625
102	103	en	kik	challenge_SSA-MTE	hyp1	News	NaN	-26.238353729248047
103	104	en	kik	challenge_SSA-MTE	hyp1	News	NaN	-6.097273826599121
104	105	en	kik	challenge_SSA-MTE	hyp1	News	NaN	-10.33250617980957
105	106	en	kik	challenge_SSA-MTE	hyp1	News	NaN	-26.03619384765625
106	107	en	kik	challenge_SSA-MTE	hyp1	News	NaN	-6.124630928039551
107	108	en	kik	challenge_SSA-MTE	hyp1	News	NaN	-6.975398540496826
108	109	en	kik	challenge_SSA-MTE	hyp1	News	NaN	-1.586310625076294
109	110	en	kik	challenge_SSA-MTE	hyp1	News	NaN	-12.811779975891113
110	111	en	kik	challenge_SSA-MTE	hyp1	News	NaN	-27.35049819946289
111	112	en	kik	challenge_SSA-MTE	hyp1	News	NaN	-7.807268142700195
112	113	en	kik	challenge_SSA-MTE	hyp1	News	NaN	-12.02391242980957
113	114	en	kik	challenge_SSA-MTE	hyp1	News	NaN	-22.164901733398438
114	115	en	kik	challenge_SSA-MTE	hyp1	News	NaN	-14.78364372253418
115	116	en	kik	challenge_SSA-MTE	hyp1	News	NaN	-27.801471710205078
116	117	en	kik	challenge_SSA-MTE	hyp1	News	NaN	-11.79141616821289
117	118	en	kik	challenge_SSA-MTE	hyp1	News	NaN	-9.810762405395508
118	119	en	kik	challenge_SSA-MTE	hyp1	News	NaN	-10.734010696411133
119	120	en	kik	challenge_SSA-MTE	hyp1	News	NaN	-7.4097981452941895
120	121	en	kik	challenge_SSA-MTE	hyp1	News	NaN	-24.1490535736084
121	122	en	kik	challenge_SSA-MTE	hyp1	News	NaN	-14.020861625671387
122	123	en	kik	challenge_SSA-MTE	hyp1	News	NaN	-7.418453216552734
123	124	en	kik	challenge_SSA-MTE	hyp1	News	NaN	-20.362323760986328
124	125	en	kik	challenge_SSA-MTE	hyp1	News	NaN	-18.11928939819336
125	126	en	kik	challenge_SSA-MTE	hyp1	News	NaN	-26.502819061279297
126	127	en	kik	challenge_SSA-MTE	hyp1	News	NaN	-10.426565170288086
127	128	en	kik	challenge_SSA-MTE	hyp1	News	NaN	-15.274676322937012
128	129	en	kik	challenge_SSA-MTE	hyp1	News	NaN	-12.123451232910156
129	130	en	kik	challenge_SSA-MTE	hyp1	News	NaN	-4.713903903961182
130	131	en	kik	challenge_SSA-MTE	hyp1	News	NaN	-11.367998123168945
131	132	en	kik	challenge_SSA-MTE	hyp1	News	NaN	-3.2071104049682617
132	133	en	kik	challenge_SSA-MTE	hyp1	News	NaN	-9.174798965454102
133	134	en	kik	challenge_SSA-MTE	hyp1	News	NaN	-9.466774940490723
134	135	en	kik	challenge_SSA-MTE	hyp1	News	NaN	-11.870033264160156
135	136	en	kik	challenge_SSA-MTE	hyp1	News	NaN	-25.19660186767578
136	137	en	kik	challenge_SSA-MTE	hyp1	News	NaN	-9.073780059814453
137	138	en	kik	challenge_SSA-MTE	hyp1	News	NaN	-7.583670616149902
138	139	en	kik	challenge_SSA-MTE	hyp1	News	NaN	-10.547022819519043
139	140	en	kik	challenge_SSA-MTE	hyp1	News	NaN	-15.654891967773438
140	141	en	kik	challenge_SSA-MTE	hyp1	News	NaN	-10.40334701538086
141	142	en	kik	challenge_SSA-MTE	hyp1	News	NaN	-6.658857822418213
142	143	en	kik	challenge_SSA-MTE	hyp1	News	NaN	-18.038305282592773
143	144	en	kik	challenge_SSA-MTE	hyp1	News	NaN	-25.118427276611328
144	145	en	kik	challenge_SSA-MTE	hyp1	News	NaN	-12.080650329589844
145	146	en	kik	challenge_SSA-MTE	hyp1	News	NaN	-7.301853656768799
146	147	en	kik	challenge_SSA-MTE	hyp1	News	NaN	-10.925710678100586
147	148	en	kik	challenge_SSA-MTE	hyp1	News	NaN	-10.569015502929688
148	149	en	kik	challenge_SSA-MTE	hyp1	News	NaN	-15.096624374389648
149	150	en	kik	challenge_SSA-MTE	hyp1	News	NaN	-22.07435417175293
150	151	en	kik	challenge_SSA-MTE	hyp1	News	NaN	-12.00577163696289
151	152	en	kik	challenge_SSA-MTE	hyp1	News	NaN	-11.129926681518555
152	153	en	kik	challenge_SSA-MTE	hyp1	News	NaN	-16.382923126220703
153	154	en	kik	challenge_SSA-MTE	hyp1	News	NaN	-11.480009078979492
154	155	en	kik	challenge_SSA-MTE	hyp1	News	NaN	-21.883522033691406
155	156	en	kik	challenge_SSA-MTE	hyp1	News	NaN	-7.505319595336914
156	157	en	kik	challenge_SSA-MTE	hyp1	News	NaN	-8.071867942810059
157	158	en	kik	challenge_SSA-MTE	hyp1	News	NaN	-16.91931915283203
158	159	en	kik	challenge_SSA-MTE	hyp1	News	NaN	-16.441890716552734
159	160	en	kik	challenge_SSA-MTE	hyp1	News	NaN	-23.86255645751953
160	161	en	kik	challenge_SSA-MTE	hyp1	News	NaN	-9.824281692504883
161	162	en	kik	challenge_SSA-MTE	hyp1	News	NaN	-20.99493408203125
162	163	en	kik	challenge_SSA-MTE	hyp1	News	NaN	-12.233888626098633
163	164	en	kik	challenge_SSA-MTE	hyp1	News	NaN	-9.745410919189453
164	165	en	kik	challenge_SSA-MTE	hyp1	News	NaN	-18.063032150268555
165	166	en	kik	challenge_SSA-MTE	hyp1	News	NaN	-7.5522613525390625
166	167	en	kik	challenge_SSA-MTE	hyp1	News	NaN	-17.037328720092773
167	168	en	kik	challenge_SSA-MTE	hyp1	News	NaN	-9.070125579833984
168	169	en	kik	challenge_SSA-MTE	hyp1	News	NaN	-18.658313751220703
169	170	en	kik	challenge_SSA-MTE	hyp1	News	NaN	-16.962495803833008
170	171	en	kik	challenge_SSA-MTE	hyp1	News	NaN	-10.916244506835938
171	172	en	kik	challenge_SSA-MTE	hyp1	News	NaN	-9.939453125
172	173	en	kik	challenge_SSA-MTE	hyp1	News	NaN	-14.23365592956543
173	174	en	kik	challenge_SSA-MTE	hyp1	News	NaN	-15.740976333618164
174	175	en	kik	challenge_SSA-MTE	hyp1	News	NaN	-24.664779663085938
175	176	en	kik	challenge_SSA-MTE	hyp1	News	NaN	-14.069206237792969
176	177	en	kik	challenge_SSA-MTE	hyp1	News	NaN	-11.362067222595215
177	178	en	kik	challenge_SSA-MTE	hyp1	News	NaN	-9.21446418762207
178	179	en	kik	challenge_SSA-MTE	hyp1	News	NaN	-19.228656768798828
179	180	en	kik	challenge_SSA-MTE	hyp1	News	NaN	-12.74124813079834
180	181	en	kik	challenge_SSA-MTE	hyp1	News	NaN	-14.29598617553711
181	182	en	kik	challenge_SSA-MTE	hyp1	News	NaN	-10.289429664611816
182	183	en	kik	challenge_SSA-MTE	hyp1	News	NaN	-16.01831817626953
183	184	en	kik	challenge_SSA-MTE	hyp1	News	NaN	-19.207277297973633
184	185	en	kik	challenge_SSA-MTE	hyp1	News	NaN	-10.521835327148438
185	186	en	kik	challenge_SSA-MTE	hyp1	News	NaN	-12.000105857849121
186	187	en	kik	challenge_SSA-MTE	hyp1	News	NaN	-7.997054576873779
187	188	en	kik	challenge_SSA-MTE	hyp1	News	NaN	-6.587857246398926
188	189	en	kik	challenge_SSA-MTE	hyp1	News	NaN	-19.504446029663086
189	190	en	kik	challenge_SSA-MTE	hyp1	News	NaN	-12.074798583984375
190	191	en	kik	challenge_SSA-MTE	hyp1	News	NaN	-8.26461410522461
191	192	en	kik	challenge_SSA-MTE	hyp1	News	NaN	-15.115888595581055
192	193	en	kik	challenge_SSA-MTE	hyp1	News	NaN	-26.611101150512695
193	194	en	kik	challenge_SSA-MTE	hyp1	News	NaN	-7.2138872146606445
194	195	en	kik	challenge_SSA-MTE	hyp1	News	NaN	-12.821252822875977
195	196	en	kik	challenge_SSA-MTE	hyp1	News	NaN	-14.464519500732422
196	197	en	kik	challenge_SSA-MTE	hyp1	News	NaN	-24.703899383544922
197	198	en	kik	challenge_SSA-MTE	hyp1	News	NaN	-20.775041580200195
198	199	en	kik	challenge_SSA-MTE	hyp1	News	NaN	-13.469222068786621
199	200	en	kik	challenge_SSA-MTE	hyp1	News	NaN	-10.823298454284668
200	201	en	kik	challenge_SSA-MTE	hyp1	News	NaN	-15.418803215026855
201	202	en	kik	challenge_SSA-MTE	hyp1	News	NaN	-24.70197296142578
202	203	en	kik	challenge_SSA-MTE	hyp1	News	NaN	-21.02898406982422
203	204	en	kik	challenge_SSA-MTE	hyp1	News	NaN	-13.955299377441406
204	205	en	kik	challenge_SSA-MTE	hyp1	News	NaN	-16.297771453857422
205	206	en	kik	challenge_SSA-MTE	hyp1	News	NaN	-27.75913429260254
206	207	en	kik	challenge_SSA-MTE	hyp1	News	NaN	-9.892221450805664
207	208	en	kik	challenge_SSA-MTE	hyp1	News	NaN	-17.433189392089844
208	209	en	kik	challenge_SSA-MTE	hyp1	News	NaN	-7.803056240081787
209	210	en	kik	challenge_SSA-MTE	hyp1	News	NaN	-11.497762680053711
210	211	en	kik	challenge_SSA-MTE	hyp1	News	NaN	-14.913761138916016
211	212	en	kik	challenge_SSA-MTE	hyp1	News	NaN	-10.378388404846191
212	213	en	kik	challenge_SSA-MTE	hyp1	News	NaN	-19.205036163330078
213	214	en	kik	challenge_SSA-MTE	hyp1	News	NaN	-13.536453247070312
214	215	en	kik	challenge_SSA-MTE	hyp1	News	NaN	-15.209332466125488
215	216	en	kik	challenge_SSA-MTE	hyp1	News	NaN	-26.676876068115234
216	217	en	kik	challenge_SSA-MTE	hyp1	News	NaN	-12.898893356323242
217	218	en	kik	challenge_SSA-MTE	hyp1	News	NaN	-12.268688201904297
218	219	en	kik	challenge_SSA-MTE	hyp1	News	NaN	-13.60991382598877
219	220	en	kik	challenge_SSA-MTE	hyp1	News	NaN	-28.644195556640625
220	221	en	kik	challenge_SSA-MTE	hyp1	News	NaN	-12.778215408325195
221	222	en	kik	challenge_SSA-MTE	hyp1	News	NaN	-14.467578887939453
222	223	en	kik	challenge_SSA-MTE	hyp1	News	NaN	-16.03603744506836
223	224	en	kik	challenge_SSA-MTE	hyp1	News	NaN	-21.5155029296875
224	225	en	kik	challenge_SSA-MTE	hyp1	News	NaN	-14.055206298828125
225	226	en	kik	challenge_SSA-MTE	hyp1	News	NaN	-6.555482864379883
226	227	en	kik	challenge_SSA-MTE	hyp1	News	NaN	-17.360553741455078
227	228	en	kik	challenge_SSA-MTE	hyp1	News	NaN	-19.6104793548584
228	229	en	kik	challenge_SSA-MTE	hyp1	News	NaN	-15.891828536987305
229	230	en	kik	challenge_SSA-MTE	hyp1	News	NaN	-27.993539810180664
230	231	en	kik	challenge_SSA-MTE	hyp1	News	NaN	-12.479331970214844
231	232	en	kik	challenge_SSA-MTE	hyp1	News	NaN	-18.750410079956055
232	233	en	kik	challenge_SSA-MTE	hyp1	News	NaN	-9.323124885559082
233	234	en	kik	challenge_SSA-MTE	hyp1	News	NaN	-14.861064910888672
234	235	en	kik	challenge_SSA-MTE	hyp1	News	NaN	-8.707356452941895
235	236	en	kik	challenge_SSA-MTE	hyp1	News	NaN	-9.775141716003418
236	237	en	kik	challenge_SSA-MTE	hyp1	News	NaN	-9.3857421875
237	238	en	kik	challenge_SSA-MTE	hyp1	News	NaN	-12.496484756469727
238	239	en	kik	challenge_SSA-MTE	hyp1	News	NaN	-27.908950805664062
239	240	en	kik	challenge_SSA-MTE	hyp1	News	NaN	-12.798357009887695
240	241	en	kik	challenge_SSA-MTE	hyp1	News	NaN	-18.77338981628418
241	242	en	kik	challenge_SSA-MTE	hyp1	News	NaN	-14.341779708862305
242	243	en	kik	challenge_SSA-MTE	hyp1	News	NaN	-9.889366149902344
243	244	en	kik	challenge_SSA-MTE	hyp1	News	NaN	-26.52640151977539
244	245	en	kik	challenge_SSA-MTE	hyp1	News	NaN	-13.274011611938477
245	246	en	kik	challenge_SSA-MTE	hyp1	News	NaN	-14.22657585144043
246	247	en	kik	challenge_SSA-MTE	hyp1	News	NaN	-25.061737060546875
247	248	en	kik	challenge_SSA-MTE	hyp1	News	NaN	-18.937362670898438
248	249	en	kik	challenge_SSA-MTE	hyp1	News	NaN	-23.963096618652344
249	250	en	kik	challenge_SSA-MTE	hyp1	News	NaN	-12.724967956542969
250	251	en	kik	challenge_SSA-MTE	hyp1	News	NaN	-15.219788551330566
251	252	en	kik	challenge_SSA-MTE	hyp1	News	NaN	-18.816951751708984
252	253	en	kik	challenge_SSA-MTE	hyp1	News	NaN	-19.234642028808594
253	254	en	kik	challenge_SSA-MTE	hyp1	News	NaN	-13.677179336547852
254	255	en	kik	challenge_SSA-MTE	hyp1	News	NaN	-19.728851318359375
255	256	en	kik	challenge_SSA-MTE	hyp1	News	NaN	-15.08017349243164
256	257	en	kik	challenge_SSA-MTE	hyp1	News	NaN	-20.825420379638672
257	258	en	kik	challenge_SSA-MTE	hyp1	News	NaN	-19.032447814941406
258	259	en	kik	challenge_SSA-MTE	hyp1	News	NaN	-27.197528839111328
259	260	en	kik	challenge_SSA-MTE	hyp1	News	NaN	-14.978869438171387
260	261	en	kik	challenge_SSA-MTE	hyp1	News	NaN	-16.303638458251953
261	262	en	kik	challenge_SSA-MTE	hyp1	News	NaN	-15.727989196777344
262	263	en	kik	challenge_SSA-MTE	hyp1	News	NaN	-15.910613059997559
263	264	en	kik	challenge_SSA-MTE	hyp1	News	NaN	-29.284873962402344
264	265	en	kik	challenge_SSA-MTE	hyp1	News	NaN	-19.005653381347656
265	266	en	kik	challenge_SSA-MTE	hyp1	News	NaN	-15.201486587524414
266	267	en	kik	challenge_SSA-MTE	hyp1	News	NaN	-10.38885498046875
267	268	en	kik	challenge_SSA-MTE	hyp1	News	NaN	-16.330127716064453
268	269	en	kik	challenge_SSA-MTE	hyp1	News	NaN	-27.02788543701172
269	270	en	kik	challenge_SSA-MTE	hyp1	News	NaN	-9.877418518066406
270	271	en	kik	challenge_SSA-MTE	hyp1	News	NaN	-13.850957870483398
271	272	en	kik	challenge_SSA-MTE	hyp1	News	NaN	-16.03000259399414
272	273	en	kik	challenge_SSA-MTE	hyp1	News	NaN	-24.122661590576172
273	274	en	kik	challenge_SSA-MTE	hyp1	News	NaN	-17.412324905395508
274	275	en	kik	challenge_SSA-MTE	hyp1	News	NaN	-18.01153564453125
275	276	en	kik	challenge_SSA-MTE	hyp1	News	NaN	-18.83219337463379
276	277	en	kik	challenge_SSA-MTE	hyp1	News	NaN	-26.869110107421875
277	278	en	kik	challenge_SSA-MTE	hyp1	News	NaN	-27.71075439453125
278	279	en	kik	challenge_SSA-MTE	hyp1	News	NaN	-13.329297065734863
279	280	en	kik	challenge_SSA-MTE	hyp1	News	NaN	-18.17598533630371
280	281	en	kik	challenge_SSA-MTE	hyp1	News	NaN	-7.85221529006958
281	282	en	kik	challenge_SSA-MTE	hyp1	News	NaN	-9.429458618164062
282	283	en	kik	challenge_SSA-MTE	hyp1	News	NaN	-27.701343536376953
283	284	en	kik	challenge_SSA-MTE	hyp1	News	NaN	-10.597528457641602
284	285	en	kik	challenge_SSA-MTE	hyp1	News	NaN	-11.967209815979004
285	286	en	kik	challenge_SSA-MTE	hyp1	News	NaN	-14.890506744384766
286	287	en	kik	challenge_SSA-MTE	hyp1	News	NaN	-14.63173770904541
287	288	en	kik	challenge_SSA-MTE	hyp1	News	NaN	-17.535587310791016
288	289	en	kik	challenge_SSA-MTE	hyp1	News	NaN	-10.265684127807617
289	290	en	kik	challenge_SSA-MTE	hyp1	News	NaN	-11.364709854125977
290	291	en	kik	challenge_SSA-MTE	hyp1	News	NaN	-10.41694450378418
291	292	en	kik	challenge_SSA-MTE	hyp1	News	NaN	-8.8306884765625
292	293	en	kik	challenge_SSA-MTE	hyp1	News	NaN	-25.102298736572266
293	294	en	kik	challenge_SSA-MTE	hyp1	News	NaN	-6.786521911621094
294	295	en	kik	challenge_SSA-MTE	hyp1	News	NaN	-7.818454742431641
295	296	en	kik	challenge_SSA-MTE	hyp1	News	NaN	-20.162935256958008
296	297	en	kik	challenge_SSA-MTE	hyp1	News	NaN	-15.536317825317383
297	298	en	kik	challenge_SSA-MTE	hyp1	News	NaN	-22.99835968017578
298	299	en	kik	challenge_SSA-MTE	hyp1	News	NaN	-20.376461029052734
299	300	en	kik	challenge_SSA-MTE	hyp1	News	NaN	-18.54962921142578
300	301	en	kik	challenge_SSA-MTE	hyp1	News	NaN	-10.702202796936035
301	302	en	kik	challenge_SSA-MTE	hyp1	News	NaN	-17.173097610473633
302	303	en	kik	challenge_SSA-MTE	hyp1	News	NaN	-18.193843841552734
303	304	en	kik	challenge_SSA-MTE	hyp1	News	NaN	-7.885496139526367
304	305	en	kik	challenge_SSA-MTE	hyp1	News	NaN	-9.640987396240234
305	306	en	kik	challenge_SSA-MTE	hyp1	News	NaN	-11.741674423217773
306	307	en	kik	challenge_SSA-MTE	hyp1	News	NaN	-15.60177993774414
307	308	en	kik	challenge_SSA-MTE	hyp1	News	NaN	-26.41410255432129
308	309	en	kik	challenge_SSA-MTE	hyp1	News	NaN	-11.047029495239258
309	310	en	kik	challenge_SSA-MTE	hyp1	News	NaN	-16.81444549560547
310	311	en	kik	challenge_SSA-MTE	hyp1	News	NaN	-11.802289962768555
311	312	en	kik	challenge_SSA-MTE	hyp1	News	NaN	-9.59152889251709
312	313	en	kik	challenge_SSA-MTE	hyp1	News	NaN	-23.774269104003906
313	314	en	kik	challenge_SSA-MTE	hyp1	News	NaN	-11.121000289916992
314	315	en	kik	challenge_SSA-MTE	hyp1	News	NaN	-9.030460357666016
315	316	en	kik	challenge_SSA-MTE	hyp1	News	NaN	-26.90505027770996
316	317	en	kik	challenge_SSA-MTE	hyp1	News	NaN	-25.77069854736328
317	318	en	kik	challenge_SSA-MTE	hyp1	News	NaN	-21.352893829345703
318	319	en	kik	challenge_SSA-MTE	hyp1	News	NaN	-16.89408302307129
319	320	en	kik	challenge_SSA-MTE	hyp1	News	NaN	-20.8463191986084
320	321	en	kik	challenge_SSA-MTE	hyp1	News	NaN	-15.374946594238281
321	322	en	kik	challenge_SSA-MTE	hyp1	News	NaN	-13.060212135314941
322	323	en	kik	challenge_SSA-MTE	hyp1	News	NaN	-24.574111938476562
323	324	en	kik	challenge_SSA-MTE	hyp1	News	NaN	-9.25584602355957
324	325	en	kik	challenge_SSA-MTE	hyp1	News	NaN	-14.136303901672363
325	326	en	kik	challenge_SSA-MTE	hyp1	News	NaN	-15.795856475830078
326	327	en	kik	challenge_SSA-MTE	hyp1	News	NaN	-23.87076759338379
327	328	en	kik	challenge_SSA-MTE	hyp1	News	NaN	-19.689443588256836
328	329	en	kik	challenge_SSA-MTE	hyp1	News	NaN	-10.801627159118652
329	330	en	kik	challenge_SSA-MTE	hyp1	News	NaN	-16.678497314453125
330	331	en	kik	challenge_SSA-MTE	hyp1	News	NaN	-22.148983001708984
331	332	en	kik	challenge_SSA-MTE	hyp1	News	NaN	-26.348312377929688
332	333	en	kik	challenge_SSA-MTE	hyp1	News	NaN	-17.798961639404297
333	334	en	kik	challenge_SSA-MTE	hyp1	News	NaN	-15.204057693481445
334	335	en	kik	challenge_SSA-MTE	hyp1	News	NaN	-9.829729080200195
335	336	en	kik	challenge_SSA-MTE	hyp1	News	NaN	-8.949054718017578
336	337	en	kik	challenge_SSA-MTE	hyp1	News	NaN	-26.45439910888672
337	338	en	kik	challenge_SSA-MTE	hyp1	News	NaN	-22.347030639648438
338	339	en	kik	challenge_SSA-MTE	hyp1	News	NaN	-14.822694778442383
339	340	en	kik	challenge_SSA-MTE	hyp1	News	NaN	-11.52338981628418
340	341	en	kik	challenge_SSA-MTE	hyp1	News	NaN	-21.08955192565918
341	342	en	kik	challenge_SSA-MTE	hyp1	News	NaN	-21.12554359436035
342	343	en	kik	challenge_SSA-MTE	hyp1	News	NaN	-10.037315368652344
343	344	en	kik	challenge_SSA-MTE	hyp1	News	NaN	-13.825299263000488
344	345	en	kik	challenge_SSA-MTE	hyp1	News	NaN	-18.278718948364258
345	346	en	kik	challenge_SSA-MTE	hyp1	News	NaN	-15.399945259094238
346	347	en	kik	challenge_SSA-MTE	hyp1	News	NaN	-29.16766357421875
347	348	en	kik	challenge_SSA-MTE	hyp1	News	NaN	-11.811100006103516
348	349	en	kik	challenge_SSA-MTE	hyp1	News	NaN	-13.959571838378906
349	350	en	kik	challenge_SSA-MTE	hyp1	News	NaN	-13.85702896118164
350	351	en	kik	challenge_SSA-MTE	hyp1	News	NaN	-13.607427597045898
351	352	en	kik	challenge_SSA-MTE	hyp1	News	NaN	-25.536197662353516
352	353	en	kik	challenge_SSA-MTE	hyp1	News	NaN	-9.996347427368164
353	354	en	kik	challenge_SSA-MTE	hyp1	News	NaN	-22.369853973388672
354	355	en	kik	challenge_SSA-MTE	hyp1	News	NaN	-24.21001625061035
355	356	en	kik	challenge_SSA-MTE	hyp1	News	NaN	-20.196266174316406
356	357	en	kik	challenge_SSA-MTE	hyp1	News	NaN	-18.107227325439453
357	358	en	kik	challenge_SSA-MTE	hyp1	News	NaN	-15.765405654907227
358	359	en	kik	challenge_SSA-MTE	hyp1	News	NaN	-20.14340591430664
359	360	en	kik	challenge_SSA-MTE	hyp1	News	NaN	-17.297489166259766
360	361	en	kik	challenge_SSA-MTE	hyp1	News	NaN	-18.22386932373047
361	362	en	kik	challenge_SSA-MTE	hyp1	News	NaN	-19.270299911499023
362	363	en	kik	challenge_SSA-MTE	hyp1	News	NaN	-19.61626434326172
363	364	en	kik	challenge_SSA-MTE	hyp1	News	NaN	-16.443283081054688
364	365	en	kik	challenge_SSA-MTE	hyp1	News	NaN	-25.750041961669922
365	366	en	kik	challenge_SSA-MTE	hyp1	News	NaN	-15.958562850952148
366	367	en	kik	challenge_SSA-MTE	hyp1	News	NaN	-15.136528968811035
367	368	en	kik	challenge_SSA-MTE	hyp1	News	NaN	-8.961236953735352
368	369	en	kik	challenge_SSA-MTE	hyp1	News	NaN	-19.46603775024414
369	370	en	kik	challenge_SSA-MTE	hyp1	News	NaN	-19.545307159423828
370	371	en	kik	challenge_SSA-MTE	hyp1	News	NaN	-7.456552505493164
371	372	en	kik	challenge_SSA-MTE	hyp1	News	NaN	-8.622446060180664
372	373	en	kik	challenge_SSA-MTE	hyp1	News	NaN	-9.514968872070312
373	374	en	kik	challenge_SSA-MTE	hyp1	News	NaN	-10.86053466796875
374	375	en	kik	challenge_SSA-MTE	hyp1	News	NaN	-29.90171241760254
375	376	en	kik	challenge_SSA-MTE	hyp1	News	NaN	-6.469820022583008
376	377	en	kik	challenge_SSA-MTE	hyp1	News	NaN	-16.589826583862305
377	378	en	kik	challenge_SSA-MTE	hyp1	News	NaN	-19.97072982788086
378	379	en	kik	challenge_SSA-MTE	hyp1	News	NaN	-23.49539566040039
379	380	en	kik	challenge_SSA-MTE	hyp1	News	NaN	-18.88430404663086
380	381	en	kik	challenge_SSA-MTE	hyp1	News	NaN	-19.040061950683594
381	382	en	kik	challenge_SSA-MTE	hyp1	News	NaN	-4.364660263061523
382	383	en	kik	challenge_SSA-MTE	hyp1	News	NaN	-6.638599872589111
383	384	en	kik	challenge_SSA-MTE	hyp1	News	NaN	-24.951797485351562
384	385	en	kik	challenge_SSA-MTE	hyp1	News	NaN	-4.314784049987793
385	386	en	kik	challenge_SSA-MTE	hyp1	News	NaN	-11.979710578918457
386	387	en	kik	challenge_SSA-MTE	hyp1	News	NaN	-17.98673439025879
387	388	en	kik	challenge_SSA-MTE	hyp1	News	NaN	-11.882169723510742
388	389	en	kik	challenge_SSA-MTE	hyp1	News	NaN	-28.28780746459961
389	390	en	kik	challenge_SSA-MTE	hyp1	News	NaN	-11.76488208770752
390	391	en	kik	challenge_SSA-MTE	hyp1	News	NaN	-19.31500244140625
391	392	en	kik	challenge_SSA-MTE	hyp1	News	NaN	-15.200553894042969
392	393	en	kik	challenge_SSA-MTE	hyp1	News	NaN	-19.21501350402832
393	394	en	kik	challenge_SSA-MTE	hyp1	News	NaN	-25.880186080932617
394	395	en	kik	challenge_SSA-MTE	hyp1	News	NaN	-16.99079132080078
395	396	en	kik	challenge_SSA-MTE	hyp1	News	NaN	-16.60835838317871
396	397	en	kik	challenge_SSA-MTE	hyp1	News	NaN	-4.528168678283691
397	398	en	kik	challenge_SSA-MTE	hyp1	News	NaN	-20.71260643005371
398	399	en	kik	challenge_SSA-MTE	hyp1	News	NaN	-29.746097564697266
399	400	en	kik	challenge_SSA-MTE	hyp1	News	NaN	-18.359893798828125
400	401	en	kik	challenge_SSA-MTE	hyp1	News	NaN	-22.86127281188965
401	402	en	kik	challenge_SSA-MTE	hyp1	News	NaN	-14.939691543579102
402	403	en	kik	challenge_SSA-MTE	hyp1	News	NaN	-17.526498794555664
403	404	en	kik	challenge_SSA-MTE	hyp1	News	NaN	-27.03305435180664
404	405	en	kik	challenge_SSA-MTE	hyp1	News	NaN	-21.555696487426758
405	406	en	kik	challenge_SSA-MTE	hyp1	News	NaN	-16.36994171142578
406	407	en	kik	challenge_SSA-MTE	hyp1	News	NaN	-14.27617073059082
407	408	en	kik	challenge_SSA-MTE	hyp1	News	NaN	-20.768829345703125
408	409	en	kik	challenge_SSA-MTE	hyp1	News	NaN	-29.813125610351562
409	410	en	kik	challenge_SSA-MTE	hyp1	News	NaN	-21.6376953125
410	411	en	kik	challenge_SSA-MTE	hyp1	News	NaN	-18.64996910095215
411	412	en	kik	challenge_SSA-MTE	hyp1	News	NaN	-19.94094467163086
412	413	en	kik	challenge_SSA-MTE	hyp1	News	NaN	-26.0682373046875
413	414	en	kik	challenge_SSA-MTE	hyp1	News	NaN	-12.06592845916748
414	415	en	kik	challenge_SSA-MTE	hyp1	News	NaN	-12.658080101013184
415	416	en	kik	challenge_SSA-MTE	hyp1	News	NaN	-10.265512466430664
416	417	en	kik	challenge_SSA-MTE	hyp1	News	NaN	-28.271324157714844
417	418	en	kik	challenge_SSA-MTE	hyp1	News	NaN	-26.930259704589844
418	419	en	kik	challenge_SSA-MTE	hyp1	News	NaN	-7.101239204406738
419	420	en	kik	challenge_SSA-MTE	hyp1	News	NaN	-15.689920425415039
420	421	en	kik	challenge_SSA-MTE	hyp1	News	NaN	-17.898033142089844
421	422	en	kik	challenge_SSA-MTE	hyp1	News	NaN	-20.25665283203125
422	423	en	kik	challenge_SSA-MTE	hyp1	News	NaN	-28.37906837463379
423	424	en	kik	challenge_SSA-MTE	hyp1	News	NaN	-27.128734588623047
424	425	en	kik	challenge_SSA-MTE	hyp1	News	NaN	-18.324913024902344
425	426	en	kik	challenge_SSA-MTE	hyp1	News	NaN	-25.654708862304688
426	427	en	kik	challenge_SSA-MTE	hyp1	News	NaN	-22.617691040039062
427	428	en	kik	challenge_SSA-MTE	hyp1	News	NaN	-27.932907104492188
428	429	en	kik	challenge_SSA-MTE	hyp1	News	NaN	-19.681779861450195
429	430	en	kik	challenge_SSA-MTE	hyp1	News	NaN	-20.310317993164062
430	431	en	kik	challenge_SSA-MTE	hyp1	News	NaN	-19.807884216308594
431	432	en	kik	challenge_SSA-MTE	hyp1	News	NaN	-24.063093185424805
432	433	en	kik	challenge_SSA-MTE	hyp1	News	NaN	-37.69780731201172
433	434	en	kik	challenge_SSA-MTE	hyp1	News	NaN	-26.219924926757812
434	435	en	kik	challenge_SSA-MTE	hyp1	News	NaN	-21.953170776367188
435	436	en	kik	challenge_SSA-MTE	hyp1	News	NaN	-10.145227432250977
436	437	en	kik	challenge_SSA-MTE	hyp1	News	NaN	-12.235504150390625
437	438	en	kik	challenge_SSA-MTE	hyp1	News	NaN	-23.69944190979004
438	439	en	kik	challenge_SSA-MTE	hyp1	News	NaN	-14.185212135314941
439	440	en	kik	challenge_SSA-MTE	hyp1	News	NaN	-13.99171257019043
440	441	en	kik	challenge_SSA-MTE	hyp1	News	NaN	-15.81360149383545
441	442	en	kik	challenge_SSA-MTE	hyp1	News	NaN	-15.670639038085938
442	443	en	kik	challenge_SSA-MTE	hyp1	News	NaN	-13.64760971069336
443	444	en	kik	challenge_SSA-MTE	hyp1	News	NaN	-12.369207382202148
444	445	en	kik	challenge_SSA-MTE	hyp1	News	NaN	-14.2085542678833
445	446	en	kik	challenge_SSA-MTE	hyp1	News	NaN	-9.639547348022461
446	447	en	kik	challenge_SSA-MTE	hyp1	News	NaN	-25.45816421508789
447	448	en	kik	challenge_SSA-MTE	hyp1	News	NaN	-18.12165069580078
448	449	en	kik	challenge_SSA-MTE	hyp1	News	NaN	-26.26306915283203
449	450	en	kik	challenge_SSA-MTE	hyp1	News	NaN	-14.583854675292969
450	451	en	kik	challenge_SSA-MTE	hyp1	News	NaN	-12.154102325439453
451	452	en	kik	challenge_SSA-MTE	hyp1	News	NaN	-17.29051971435547
452	453	en	kik	challenge_SSA-MTE	hyp1	News	NaN	-27.176610946655273
453	454	en	kik	challenge_SSA-MTE	hyp1	News	NaN	-5.868770599365234
454	455	en	kik	challenge_SSA-MTE	hyp1	News	NaN	-14.166401863098145
455	456	en	kik	challenge_SSA-MTE	hyp1	News	NaN	-20.098365783691406
456	457	en	kik	challenge_SSA-MTE	hyp1	News	NaN	-16.26279067993164
457	458	en	kik	challenge_SSA-MTE	hyp1	News	NaN	-27.1375789642334
458	459	en	kik	challenge_SSA-MTE	hyp1	News	NaN	-14.476228713989258
459	460	en	kik	challenge_SSA-MTE	hyp1	News	NaN	-14.88943862915039
460	461	en	kik	challenge_SSA-MTE	hyp1	News	NaN	-13.158502578735352
461	462	en	kik	challenge_SSA-MTE	hyp1	News	NaN	-15.452558517456055
462	463	en	kik	challenge_SSA-MTE	hyp1	News	NaN	-19.31869125366211
463	464	en	kik	challenge_SSA-MTE	hyp1	News	NaN	-13.672685623168945
464	465	en	kik	challenge_SSA-MTE	hyp1	News	NaN	-14.963912010192871
465	466	en	kik	challenge_SSA-MTE	hyp1	News	NaN	-16.448734283447266
466	467	en	kik	challenge_SSA-MTE	hyp1	News	NaN	-13.245131492614746
467	468	en	kik	challenge_SSA-MTE	hyp1	News	NaN	-16.952823638916016
468	469	en	kik	challenge_SSA-MTE	hyp1	News	NaN	-14.857501983642578
469	470	en	kik	challenge_SSA-MTE	hyp1	News	NaN	-14.0345458984375
470	471	en	kik	challenge_SSA-MTE	hyp1	News	NaN	-12.943662643432617
471	472	en	kik	challenge_SSA-MTE	hyp1	News	NaN	-25.847429275512695
472	473	en	kik	challenge_SSA-MTE	hyp1	News	NaN	-27.434066772460938
473	474	en	kik	challenge_SSA-MTE	hyp1	News	NaN	-13.854009628295898
474	475	en	kik	challenge_SSA-MTE	hyp1	News	NaN	-18.528423309326172
475	476	en	kik	challenge_SSA-MTE	hyp1	News	NaN	-13.538618087768555
476	477	en	kik	challenge_SSA-MTE	hyp1	News	NaN	-28.103309631347656
477	478	en	kik	challenge_SSA-MTE	hyp1	News	NaN	-11.499139785766602
478	479	en	kik	challenge_SSA-MTE	hyp1	News	NaN	-14.125109672546387
479	480	en	kik	challenge_SSA-MTE	hyp1	News	NaN	-13.69428825378418
480	481	en	kik	challenge_SSA-MTE	hyp1	News	NaN	-24.18598175048828
481	482	en	kik	challenge_SSA-MTE	hyp1	News	NaN	-26.566852569580078
482	483	en	kik	challenge_SSA-MTE	hyp1	News	NaN	-18.49312400817871
483	484	en	kik	challenge_SSA-MTE	hyp1	News	NaN	-14.089282035827637
484	485	en	kik	challenge_SSA-MTE	hyp1	News	NaN	-15.719411849975586
485	486	en	kik	challenge_SSA-MTE	hyp1	News	NaN	-14.948064804077148
486	487	en	kik	challenge_SSA-MTE	hyp1	News	NaN	-19.4488582611084
487	488	en	kik	challenge_SSA-MTE	hyp1	News	NaN	-12.175603866577148
488	489	en	kik	challenge_SSA-MTE	hyp1	News	NaN	-10.961793899536133
489	490	en	kik	challenge_SSA-MTE	hyp1	News	NaN	-18.983123779296875
490	491	en	kik	challenge_SSA-MTE	hyp1	News	NaN	-27.799034118652344
491	492	en	kik	challenge_SSA-MTE	hyp1	News	NaN	-10.988956451416016
492	493	en	kik	challenge_SSA-MTE	hyp1	News	NaN	-12.860512733459473
493	494	en	kik	challenge_SSA-MTE	hyp1	News	NaN	-23.113712310791016
494	495	en	kik	challenge_SSA-MTE	hyp1	News	NaN	-24.655426025390625
495	496	en	kik	challenge_SSA-MTE	hyp1	News	NaN	-27.808448791503906
496	497	en	kik	challenge_SSA-MTE	hyp1	News	NaN	-23.836631774902344
497	498	en	kik	challenge_SSA-MTE	hyp1	News	NaN	-19.144107818603516
498	499	en	kik	challenge_SSA-MTE	hyp1	News	NaN	-15.255901336669922
499	500	en	kik	challenge_SSA-MTE	hyp1	News	NaN	-12.32424259185791
500	501	en	kik	challenge_SSA-MTE	hyp1	News	NaN	-15.392641067504883
501	502	en	kik	challenge_SSA-MTE	hyp1	News	NaN	-7.752749443054199
502	503	en	kik	challenge_SSA-MTE	hyp1	News	NaN	-19.134735107421875
503	504	en	kik	challenge_SSA-MTE	hyp1	News	NaN	-23.078826904296875
504	505	en	kik	challenge_SSA-MTE	hyp1	News	NaN	-24.557064056396484
505	506	en	kik	challenge_SSA-MTE	hyp1	News	NaN	-17.347999572753906
506	507	en	kik	challenge_SSA-MTE	hyp1	News	NaN	-12.859886169433594
507	508	en	kik	challenge_SSA-MTE	hyp1	News	NaN	-14.056097984313965
508	509	en	kik	challenge_SSA-MTE	hyp1	News	NaN	-16.68929672241211
509	510	en	kik	challenge_SSA-MTE	hyp1	News	NaN	-24.374128341674805
510	511	en	kik	challenge_SSA-MTE	hyp1	News	NaN	-14.198921203613281
511	512	en	kik	challenge_SSA-MTE	hyp1	News	NaN	-18.414562225341797
512	513	en	kik	challenge_SSA-MTE	hyp1	News	NaN	-7.436088562011719
513	514	en	kik	challenge_SSA-MTE	hyp1	News	NaN	-16.409427642822266
514	515	en	kik	challenge_SSA-MTE	hyp1	News	NaN	-26.35524559020996
515	516	en	kik	challenge_SSA-MTE	hyp1	News	NaN	-10.173362731933594
516	517	en	kik	challenge_SSA-MTE	hyp1	News	NaN	-16.927146911621094
517	518	en	kik	challenge_SSA-MTE	hyp1	News	NaN	-9.942468643188477
518	519	en	kik	challenge_SSA-MTE	hyp1	News	NaN	-17.301050186157227
519	520	en	kik	challenge_SSA-MTE	hyp1	News	NaN	-27.18741798400879
520	521	en	kik	challenge_SSA-MTE	hyp1	News	NaN	-10.04938793182373
521	522	en	kik	challenge_SSA-MTE	hyp1	News	NaN	-20.57046127319336
522	523	en	kik	challenge_SSA-MTE	hyp1	News	NaN	-14.508147239685059
523	524	en	kik	challenge_SSA-MTE	hyp1	News	NaN	-19.671184539794922
524	525	en	kik	challenge_SSA-MTE	hyp1	News	NaN	-27.41756248474121
525	526	en	kik	challenge_SSA-MTE	hyp1	News	NaN	-15.104925155639648
526	527	en	kik	challenge_SSA-MTE	hyp1	News	NaN	-12.612534523010254
527	528	en	kik	challenge_SSA-MTE	hyp1	News	NaN	-8.376529693603516
528	529	en	kik	challenge_SSA-MTE	hyp1	News	NaN	-15.126672744750977
529	530	en	kik	challenge_SSA-MTE	hyp1	News	NaN	-28.59551429748535
530	531	en	kik	challenge_SSA-MTE	hyp1	News	NaN	-19.951419830322266
531	532	en	kik	challenge_SSA-MTE	hyp1	News	NaN	-11.278189659118652
532	533	en	kik	challenge_SSA-MTE	hyp1	News	NaN	-18.681543350219727
533	534	en	kik	challenge_SSA-MTE	hyp1	News	NaN	-19.825027465820312
534	535	en	kik	challenge_SSA-MTE	hyp1	News	NaN	-26.494056701660156
535	536	en	kik	challenge_SSA-MTE	hyp1	News	NaN	-18.106576919555664
536	537	en	kik	challenge_SSA-MTE	hyp1	News	NaN	-21.10019874572754
537	538	en	kik	challenge_SSA-MTE	hyp1	News	NaN	-13.114984512329102
538	539	en	kik	challenge_SSA-MTE	hyp1	News	NaN	-5.420791149139404
539	540	en	kik	challenge_SSA-MTE	hyp1	News	NaN	-14.502564430236816
540	541	en	kik	challenge_SSA-MTE	hyp1	News	NaN	-7.525318145751953
541	542	en	kik	challenge_SSA-MTE	hyp1	News	NaN	-20.201614379882812
542	543	en	kik	challenge_SSA-MTE	hyp1	News	NaN	-15.540366172790527
543	544	en	kik	challenge_SSA-MTE	hyp1	News	NaN	-29.674701690673828
544	545	en	kik	challenge_SSA-MTE	hyp1	News	NaN	-21.101703643798828
545	546	en	kik	challenge_SSA-MTE	hyp1	News	NaN	-15.037055969238281
546	547	en	kik	challenge_SSA-MTE	hyp1	News	NaN	-20.78293228149414
547	548	en	kik	challenge_SSA-MTE	hyp1	News	NaN	-25.28329086303711
548	549	en	kik	challenge_SSA-MTE	hyp1	News	NaN	-29.492820739746094
549	550	en	kik	challenge_SSA-MTE	hyp1	News	NaN	-18.915393829345703
550	551	en	kik	challenge_SSA-MTE	hyp1	News	NaN	-17.634376525878906
551	552	en	kik	challenge_SSA-MTE	hyp1	News	NaN	-16.842876434326172
552	553	en	kik	challenge_SSA-MTE	hyp1	News	NaN	-23.564922332763672
553	554	en	kik	challenge_SSA-MTE	hyp1	News	NaN	-30.89517593383789
554	555	en	kik	challenge_SSA-MTE	hyp1	News	NaN	-11.120552062988281
555	556	en	kik	challenge_SSA-MTE	hyp1	News	NaN	-17.967634201049805
556	557	en	kik	challenge_SSA-MTE	hyp1	News	NaN	-5.4790167808532715
557	558	en	kik	challenge_SSA-MTE	hyp1	News	NaN	-10.979668617248535
558	559	en	kik	challenge_SSA-MTE	hyp1	News	NaN	-28.228303909301758
559	560	en	kik	challenge_SSA-MTE	hyp1	News	NaN	-14.47335433959961
560	561	en	kik	challenge_SSA-MTE	hyp1	News	NaN	-11.023569107055664
561	562	en	kik	challenge_SSA-MTE	hyp1	News	NaN	-15.123678207397461
562	563	en	kik	challenge_SSA-MTE	hyp1	News	NaN	-19.178850173950195
563	564	en	kik	challenge_SSA-MTE	hyp1	News	NaN	-16.707733154296875
564	565	en	kik	challenge_SSA-MTE	hyp1	News	NaN	-22.179786682128906
565	566	en	kik	challenge_SSA-MTE	hyp1	News	NaN	-21.501182556152344
566	567	en	kik	challenge_SSA-MTE	hyp1	News	NaN	-14.946432113647461
567	568	en	kik	challenge_SSA-MTE	hyp1	News	NaN	-30.128646850585938
568	569	en	kik	challenge_SSA-MTE	hyp1	News	NaN	-17.128807067871094
569	570	en	kik	challenge_SSA-MTE	hyp1	News	NaN	-20.235671997070312
570	571	en	kik	challenge_SSA-MTE	hyp1	News	NaN	-22.610755920410156
571	572	en	kik	challenge_SSA-MTE	hyp1	News	NaN	-11.142447471618652
572	573	en	kik	challenge_SSA-MTE	hyp1	News	NaN	-28.089672088623047
573	574	en	kik	challenge_SSA-MTE	hyp1	News	NaN	-13.12348747253418
574	575	en	kik	challenge_SSA-MTE	hyp1	News	NaN	-10.979133605957031
575	576	en	kik	challenge_SSA-MTE	hyp1	News	NaN	-10.282529830932617
576	577	en	kik	challenge_SSA-MTE	hyp1	News	NaN	-13.79997444152832
577	578	en	kik	challenge_SSA-MTE	hyp1	News	NaN	-26.866374969482422
578	579	en	kik	challenge_SSA-MTE	hyp1	News	NaN	-10.357833862304688
579	580	en	kik	challenge_SSA-MTE	hyp1	News	NaN	-9.318646430969238
580	581	en	kik	challenge_SSA-MTE	hyp1	News	NaN	-14.864058494567871
581	582	en	kik	challenge_SSA-MTE	hyp1	News	NaN	-25.59329605102539
582	583	en	kik	challenge_SSA-MTE	hyp1	News	NaN	-7.332640647888184
583	584	en	kik	challenge_SSA-MTE	hyp1	News	NaN	-21.397533416748047
584	585	en	kik	challenge_SSA-MTE	hyp1	News	NaN	-18.172977447509766
585	586	en	kik	challenge_SSA-MTE	hyp1	News	NaN	-27.16152572631836
586	587	en	kik	challenge_SSA-MTE	hyp1	News	NaN	-13.158273696899414
587	588	en	kik	challenge_SSA-MTE	hyp1	News	NaN	-13.234869956970215
588	589	en	kik	challenge_SSA-MTE	hyp1	News	NaN	-11.734917640686035
589	590	en	kik	challenge_SSA-MTE	hyp1	News	NaN	-8.18742561340332
590	591	en	kik	challenge_SSA-MTE	hyp1	News	NaN	-26.083402633666992
591	592	en	kik	challenge_SSA-MTE	hyp1	News	NaN	-6.674495697021484
592	593	en	kik	challenge_SSA-MTE	hyp1	News	NaN	-7.5245537757873535
593	594	en	kik	challenge_SSA-MTE	hyp1	News	NaN	-29.234458923339844
594	595	en	kik	challenge_SSA-MTE	hyp1	News	NaN	-22.553386688232422
595	596	en	kik	challenge_SSA-MTE	hyp1	News	NaN	-32.318050384521484
596	597	en	kik	challenge_SSA-MTE	hyp1	News	NaN	-14.418233871459961
597	598	en	kik	challenge_SSA-MTE	hyp1	News	NaN	-21.012332916259766
598	599	en	kik	challenge_SSA-MTE	hyp1	News	NaN	-12.954965591430664
599	600	en	kik	challenge_SSA-MTE	hyp1	News	NaN	-21.110820770263672
600	601	en	kik	challenge_SSA-MTE	hyp1	News	NaN	-27.418785095214844
601	602	en	kik	challenge_SSA-MTE	hyp1	News	NaN	-12.637584686279297
602	603	en	kik	challenge_SSA-MTE	hyp1	News	NaN	-10.465842247009277
603	604	en	kik	challenge_SSA-MTE	hyp1	News	NaN	-12.101279258728027
604	605	en	kik	challenge_SSA-MTE	hyp1	News	NaN	-9.661401748657227
605	606	en	kik	challenge_SSA-MTE	hyp1	News	NaN	-29.36937713623047
606	607	en	kik	challenge_SSA-MTE	hyp1	News	NaN	-7.722192764282227
607	608	en	kik	challenge_SSA-MTE	hyp1	News	NaN	-11.600810050964355
608	609	en	kik	challenge_SSA-MTE	hyp1	News	NaN	-23.664005279541016
609	610	en	kik	challenge_SSA-MTE	hyp1	News	NaN	-22.068645477294922
610	611	en	kik	challenge_SSA-MTE	hyp1	News	NaN	-29.920358657836914
611	612	en	kik	challenge_SSA-MTE	hyp1	News	NaN	-11.1582670211792
612	613	en	kik	challenge_SSA-MTE	hyp1	News	NaN	-10.518315315246582
613	614	en	kik	challenge_SSA-MTE	hyp1	News	NaN	-8.650252342224121
614	615	en	kik	challenge_SSA-MTE	hyp1	News	NaN	-20.627307891845703
615	616	en	kik	challenge_SSA-MTE	hyp1	News	NaN	-28.737415313720703
616	617	en	kik	challenge_SSA-MTE	hyp1	News	NaN	-8.141779899597168
617	618	en	kik	challenge_SSA-MTE	hyp1	News	NaN	-13.748906135559082
618	619	en	kik	challenge_SSA-MTE	hyp1	News	NaN	-8.85904312133789
619	620	en	kik	challenge_SSA-MTE	hyp1	News	NaN	-20.37887191772461
620	621	en	kik	challenge_SSA-MTE	hyp1	News	NaN	-29.136898040771484
621	622	en	kik	challenge_SSA-MTE	hyp1	News	NaN	-10.854101181030273
622	623	en	kik	challenge_SSA-MTE	hyp1	News	NaN	-12.581639289855957
623	624	en	kik	challenge_SSA-MTE	hyp1	News	NaN	-15.33057689666748
624	625	en	kik	challenge_SSA-MTE	hyp1	News	NaN	-21.68210220336914
625	626	en	kik	challenge_SSA-MTE	hyp1	News	NaN	-27.958003997802734
626	627	en	kik	challenge_SSA-MTE	hyp1	News	NaN	-19.881250381469727
627	628	en	kik	challenge_SSA-MTE	hyp1	News	NaN	-25.465890884399414
628	629	en	kik	challenge_SSA-MTE	hyp1	News	NaN	-11.402414321899414
629	630	en	kik	challenge_SSA-MTE	hyp1	News	NaN	-15.28307819366455
630	631	en	kik	challenge_SSA-MTE	hyp1	News	NaN	-30.444385528564453
631	632	en	kik	challenge_SSA-MTE	hyp1	News	NaN	-13.010126113891602
632	633	en	kik	challenge_SSA-MTE	hyp1	News	NaN	-17.503677368164062
633	634	en	kik	challenge_SSA-MTE	hyp1	News	NaN	-22.552242279052734
634	635	en	kik	challenge_SSA-MTE	hyp1	News	NaN	-25.16748809814453
635	636	en	kik	challenge_SSA-MTE	hyp1	News	NaN	-29.500057220458984
636	637	en	kik	challenge_SSA-MTE	hyp1	News	NaN	-15.530854225158691
637	638	en	kik	challenge_SSA-MTE	hyp1	News	NaN	-19.234586715698242
638	639	en	kik	challenge_SSA-MTE	hyp1	News	NaN	-17.706987380981445
639	640	en	kik	challenge_SSA-MTE	hyp1	News	NaN	-18.447589874267578
640	641	en	kik	challenge_SSA-MTE	hyp1	News	NaN	-30.76457977294922
641	642	en	kik	challenge_SSA-MTE	hyp1	News	NaN	-14.326406478881836
642	643	en	kik	challenge_SSA-MTE	hyp1	News	NaN	-15.690980911254883
643	644	en	kik	challenge_SSA-MTE	hyp1	News	NaN	-18.980432510375977
644	645	en	kik	challenge_SSA-MTE	hyp1	News	NaN	-11.087116241455078
645	646	en	kik	challenge_SSA-MTE	hyp1	News	NaN	-26.255149841308594
646	647	en	kik	challenge_SSA-MTE	hyp1	News	NaN	-4.098076820373535
647	648	en	kik	challenge_SSA-MTE	hyp1	News	NaN	-13.792068481445312
648	649	en	kik	challenge_SSA-MTE	hyp1	News	NaN	-21.919483184814453
649	650	en	kik	challenge_SSA-MTE	hyp1	News	NaN	-22.185514450073242
650	651	en	kik	challenge_SSA-MTE	hyp1	News	NaN	-27.764081954956055
651	652	en	kik	challenge_SSA-MTE	hyp1	News	NaN	-20.598989486694336
652	653	en	kik	challenge_SSA-MTE	hyp1	News	NaN	-18.40663719177246
653	654	en	kik	challenge_SSA-MTE	hyp1	News	NaN	-16.715553283691406
654	655	en	kik	challenge_SSA-MTE	hyp1	News	NaN	-16.503448486328125
655	656	en	kik	challenge_SSA-MTE	hyp1	News	NaN	-28.791210174560547
656	657	en	kik	challenge_SSA-MTE	hyp1	News	NaN	-14.978631019592285
657	658	en	kik	challenge_SSA-MTE	hyp1	News	NaN	-17.57095718383789
658	659	en	kik	challenge_SSA-MTE	hyp1	News	NaN	-22.755191802978516
659	660	en	kik	challenge_SSA-MTE	hyp1	News	NaN	-25.935543060302734
660	661	en	kik	challenge_SSA-MTE	hyp1	News	NaN	-30.22283172607422
661	662	en	kik	challenge_SSA-MTE	hyp1	News	NaN	-23.703500747680664
662	663	en	kik	challenge_SSA-MTE	hyp1	News	NaN	-22.313491821289062
663	664	en	kik	challenge_SSA-MTE	hyp1	News	NaN	-10.968549728393555
664	665	en	kik	challenge_SSA-MTE	hyp1	News	NaN	-12.017486572265625
665	666	en	kik	challenge_SSA-MTE	hyp1	News	NaN	-29.717905044555664
666	667	en	kik	challenge_SSA-MTE	hyp1	News	NaN	-14.356766700744629
667	668	en	kik	challenge_SSA-MTE	hyp1	News	NaN	-15.206446647644043
668	669	en	kik	challenge_SSA-MTE	hyp1	News	NaN	-29.856239318847656
669	670	en	kik	challenge_SSA-MTE	hyp1	News	NaN	-27.63085174560547
670	671	en	kik	challenge_SSA-MTE	hyp1	News	NaN	-31.556907653808594
671	672	en	kik	challenge_SSA-MTE	hyp1	News	NaN	-25.006183624267578
672	673	en	kik	challenge_SSA-MTE	hyp1	News	NaN	-29.78156280517578
673	674	en	kik	challenge_SSA-MTE	hyp1	News	NaN	-13.489624977111816
674	675	en	kik	challenge_SSA-MTE	hyp1	News	NaN	-14.822956085205078
675	676	en	kik	challenge_SSA-MTE	hyp1	News	NaN	-31.049406051635742
676	677	en	kik	challenge_SSA-MTE	hyp1	News	NaN	-17.30744171142578
677	678	en	kik	challenge_SSA-MTE	hyp1	News	NaN	-12.211874008178711
678	679	en	kik	challenge_SSA-MTE	hyp1	News	NaN	-18.81024742126465
679	680	en	kik	challenge_SSA-MTE	hyp1	News	NaN	-15.638919830322266
680	681	en	kik	challenge_SSA-MTE	hyp1	News	NaN	-21.184900283813477
681	682	en	kik	challenge_SSA-MTE	hyp1	News	NaN	-18.401254653930664
682	683	en	kik	challenge_SSA-MTE	hyp1	News	NaN	-18.534648895263672
683	684	en	kik	challenge_SSA-MTE	hyp1	News	NaN	-11.210945129394531
684	685	en	kik	challenge_SSA-MTE	hyp1	News	NaN	-21.686553955078125
685	686	en	kik	challenge_SSA-MTE	hyp1	News	NaN	-29.741865158081055
686	687	en	kik	challenge_SSA-MTE	hyp1	News	NaN	-16.360836029052734
687	688	en	kik	challenge_SSA-MTE	hyp1	News	NaN	-19.599868774414062
688	689	en	kik	challenge_SSA-MTE	hyp1	News	NaN	-21.180152893066406
689	690	en	kik	challenge_SSA-MTE	hyp1	News	NaN	-29.43310546875
690	691	en	kik	challenge_SSA-MTE	hyp1	News	NaN	-14.013408660888672
691	692	en	kik	challenge_SSA-MTE	hyp1	News	NaN	-18.51778793334961
692	693	en	kik	challenge_SSA-MTE	hyp1	News	NaN	-19.114219665527344
693	694	en	kik	challenge_SSA-MTE	hyp1	News	NaN	-17.56781578063965
694	695	en	kik	challenge_SSA-MTE	hyp1	News	NaN	-29.34817123413086
695	696	en	kik	challenge_SSA-MTE	hyp1	News	NaN	-15.14269733428955
696	697	en	kik	challenge_SSA-MTE	hyp1	News	NaN	-22.051637649536133
697	698	en	kik	challenge_SSA-MTE	hyp1	News	NaN	-11.014932632446289
698	699	en	kik	challenge_SSA-MTE	hyp1	News	NaN	-19.396432876586914
699	700	en	kik	challenge_SSA-MTE	hyp1	News	NaN	-15.698807716369629
700	701	en	kik	challenge_SSA-MTE	hyp1	News	NaN	-8.640263557434082
701	702	en	kik	challenge_SSA-MTE	hyp1	News	NaN	-14.090803146362305
702	703	en	kik	challenge_SSA-MTE	hyp1	News	NaN	-27.223106384277344
703	704	en	kik	challenge_SSA-MTE	hyp1	News	NaN	-30.246103286743164
704	705	en	kik	challenge_SSA-MTE	hyp1	News	NaN	-25.69976806640625
705	706	en	kik	challenge_SSA-MTE	hyp1	News	NaN	-18.3475341796875
706	707	en	kik	challenge_SSA-MTE	hyp1	News	NaN	-10.117226600646973
707	708	en	kik	challenge_SSA-MTE	hyp1	News	NaN	-11.573579788208008
708	709	en	kik	challenge_SSA-MTE	hyp1	News	NaN	-23.97198486328125
709	710	en	kik	challenge_SSA-MTE	hyp1	News	NaN	-15.285967826843262
710	711	en	kik	challenge_SSA-MTE	hyp1	News	NaN	-26.144641876220703
711	712	en	kik	challenge_SSA-MTE	hyp1	News	NaN	-31.444679260253906
712	713	en	kik	challenge_SSA-MTE	hyp1	News	NaN	-16.284196853637695
713	714	en	kik	challenge_SSA-MTE	hyp1	News	NaN	-15.760627746582031
714	715	en	kik	challenge_SSA-MTE	hyp1	News	NaN	-18.124332427978516
715	716	en	kik	challenge_SSA-MTE	hyp1	News	NaN	-31.72466278076172
716	717	en	kik	challenge_SSA-MTE	hyp1	News	NaN	-11.67471694946289
717	718	en	kik	challenge_SSA-MTE	hyp1	News	NaN	-20.82892608642578
718	719	en	kik	challenge_SSA-MTE	hyp1	News	NaN	-20.173118591308594
719	720	en	kik	challenge_SSA-MTE	hyp1	News	NaN	-30.87871742248535
720	721	en	kik	challenge_SSA-MTE	hyp1	News	NaN	-14.988768577575684
721	722	en	kik	challenge_SSA-MTE	hyp1	News	NaN	-14.37083911895752
722	723	en	kik	challenge_SSA-MTE	hyp1	News	NaN	-15.893718719482422
723	724	en	kik	challenge_SSA-MTE	hyp1	News	NaN	-27.26803970336914
724	725	en	kik	challenge_SSA-MTE	hyp1	News	NaN	-20.257694244384766
725	726	en	kik	challenge_SSA-MTE	hyp1	News	NaN	-24.827865600585938
726	727	en	kik	challenge_SSA-MTE	hyp1	News	NaN	-19.49186134338379
727	728	en	kik	challenge_SSA-MTE	hyp1	News	NaN	-30.588558197021484
728	729	en	kik	challenge_SSA-MTE	hyp1	News	NaN	-14.440237045288086
729	730	en	kik	challenge_SSA-MTE	hyp1	News	NaN	-20.059410095214844
730	731	en	kik	challenge_SSA-MTE	hyp1	News	NaN	-24.46057891845703
731	732	en	kik	challenge_SSA-MTE	hyp1	News	NaN	-27.0452823638916
732	733	en	kik	challenge_SSA-MTE	hyp1	News	NaN	-24.13333511352539
733	734	en	kik	challenge_SSA-MTE	hyp1	News	NaN	-18.648588180541992
734	735	en	kik	challenge_SSA-MTE	hyp1	News	NaN	-14.44258975982666
735	736	en	kik	challenge_SSA-MTE	hyp1	News	NaN	-22.224056243896484
736	737	en	kik	challenge_SSA-MTE	hyp1	News	NaN	-26.626205444335938
737	738	en	kik	challenge_SSA-MTE	hyp1	News	NaN	-15.803772926330566
738	739	en	kik	challenge_SSA-MTE	hyp1	News	NaN	-16.83650779724121
739	740	en	kik	challenge_SSA-MTE	hyp1	News	NaN	-12.067593574523926
740	741	en	kik	challenge_SSA-MTE	hyp1	News	NaN	-29.657352447509766
741	742	en	kik	challenge_SSA-MTE	hyp1	News	NaN	-15.065692901611328
742	743	en	kik	challenge_SSA-MTE	hyp1	News	NaN	-12.714273452758789
743	744	en	kik	challenge_SSA-MTE	hyp1	News	NaN	-13.937172889709473
744	745	en	kik	challenge_SSA-MTE	hyp1	News	NaN	-27.21019744873047
745	746	en	kik	challenge_SSA-MTE	hyp1	News	NaN	-26.790752410888672
746	747	en	kik	challenge_SSA-MTE	hyp1	News	NaN	-19.60927963256836
747	748	en	kik	challenge_SSA-MTE	hyp1	News	NaN	-19.877962112426758
748	749	en	kik	challenge_SSA-MTE	hyp1	News	NaN	-21.479278564453125
749	750	en	kik	challenge_SSA-MTE	hyp1	News	NaN	-22.13901710510254
750	751	en	kik	challenge_SSA-MTE	hyp1	News	NaN	-27.051620483398438
751	752	en	kik	challenge_SSA-MTE	hyp1	News	NaN	-16.26337432861328
752	753	en	kik	challenge_SSA-MTE	hyp1	News	NaN	-7.891425609588623
753	754	en	kik	challenge_SSA-MTE	hyp1	News	NaN	-18.100868225097656
754	755	en	kik	challenge_SSA-MTE	hyp1	News	NaN	-19.245750427246094
755	756	en	kik	challenge_SSA-MTE	hyp1	News	NaN	-11.26014518737793
756	757	en	kik	challenge_SSA-MTE	hyp1	News	NaN	-19.138078689575195
757	758	en	kik	challenge_SSA-MTE	hyp1	News	NaN	-11.971532821655273
758	759	en	kik	challenge_SSA-MTE	hyp1	News	NaN	-9.908233642578125
759	760	en	kik	challenge_SSA-MTE	hyp1	News	NaN	-21.273576736450195
760	761	en	kik	challenge_SSA-MTE	hyp1	News	NaN	-13.128667831420898
761	762	en	kik	challenge_SSA-MTE	hyp1	News	NaN	-14.15180778503418
762	763	en	kik	challenge_SSA-MTE	hyp1	News	NaN	-23.562040328979492
763	764	en	kik	challenge_SSA-MTE	hyp1	News	NaN	-20.504398345947266
764	765	en	kik	challenge_SSA-MTE	hyp1	News	NaN	-30.36298179626465
765	766	en	kik	challenge_SSA-MTE	hyp1	News	NaN	-16.98114013671875
766	767	en	kik	challenge_SSA-MTE	hyp1	News	NaN	-23.272968292236328
767	768	en	kik	challenge_SSA-MTE	hyp1	News	NaN	-11.437176704406738
768	769	en	kik	challenge_SSA-MTE	hyp1	News	NaN	-16.627197265625
769	770	en	kik	challenge_SSA-MTE	hyp1	News	NaN	-26.783559799194336
770	771	en	kik	challenge_SSA-MTE	hyp1	News	NaN	-21.609596252441406
771	772	en	kik	challenge_SSA-MTE	hyp1	News	NaN	-12.250412940979004
772	773	en	kik	challenge_SSA-MTE	hyp1	News	NaN	-26.49782943725586
773	774	en	kik	challenge_SSA-MTE	hyp1	News	NaN	-25.013416290283203
774	775	en	kik	challenge_SSA-MTE	hyp1	News	NaN	-13.94120979309082
775	776	en	kik	challenge_SSA-MTE	hyp1	News	NaN	-20.487014770507812
776	777	en	kik	challenge_SSA-MTE	hyp1	News	NaN	-11.050474166870117
777	778	en	kik	challenge_SSA-MTE	hyp1	News	NaN	-19.331989288330078
778	779	en	kik	challenge_SSA-MTE	hyp1	News	NaN	-25.855690002441406
779	780	en	kik	challenge_SSA-MTE	hyp1	News	NaN	-6.179658889770508
780	781	en	kik	challenge_SSA-MTE	hyp1	News	NaN	-15.288219451904297
781	782	en	kik	challenge_SSA-MTE	hyp1	News	NaN	-19.626590728759766
782	783	en	kik	challenge_SSA-MTE	hyp1	News	NaN	-24.52719497680664
783	784	en	kik	challenge_SSA-MTE	hyp1	News	NaN	-17.033050537109375
784	785	en	kik	challenge_SSA-MTE	hyp1	News	NaN	-14.881436347961426
785	786	en	kik	challenge_SSA-MTE	hyp1	News	NaN	-19.414186477661133
786	787	en	kik	challenge_SSA-MTE	hyp1	News	NaN	-18.68217658996582
787	788	en	kik	challenge_SSA-MTE	hyp1	News	NaN	-28.663114547729492
788	789	en	kik	challenge_SSA-MTE	hyp1	News	NaN	-13.15346908569336
789	790	en	kik	challenge_SSA-MTE	hyp1	News	NaN	-18.884521484375
790	791	en	kik	challenge_SSA-MTE	hyp1	News	NaN	-18.7628231048584
791	792	en	kik	challenge_SSA-MTE	hyp1	News	NaN	-27.611572265625
792	793	en	kik	challenge_SSA-MTE	hyp1	News	NaN	-28.525400161743164
793	794	en	kik	challenge_SSA-MTE	hyp1	News	NaN	-15.989957809448242
794	795	en	kik	challenge_SSA-MTE	hyp1	News	NaN	-28.813678741455078
795	796	en	kik	challenge_SSA-MTE	hyp1	News	NaN	-30.215131759643555
796	797	en	kik	challenge_SSA-MTE	hyp1	News	NaN	-12.062220573425293
797	798	en	kik	challenge_SSA-MTE	hyp1	News	NaN	-14.700085639953613
798	799	en	kik	challenge_SSA-MTE	hyp1	News	NaN	-10.443182945251465
799	800	en	kik	challenge_SSA-MTE	hyp1	News	NaN	-25.18822479248047
800	801	en	kik	challenge_SSA-MTE	hyp1	News	NaN	-29.946380615234375
801	802	en	kik	challenge_SSA-MTE	hyp1	News	NaN	-15.655405044555664
802	803	en	kik	challenge_SSA-MTE	hyp1	News	NaN	-21.589021682739258
803	804	en	kik	challenge_SSA-MTE	hyp1	News	NaN	-23.390939712524414
804	805	en	kik	challenge_SSA-MTE	hyp1	News	NaN	-21.287771224975586
805	806	en	kik	challenge_SSA-MTE	hyp1	News	NaN	-26.858680725097656
806	807	en	kik	challenge_SSA-MTE	hyp1	News	NaN	-16.032068252563477
807	808	en	kik	challenge_SSA-MTE	hyp1	News	NaN	-17.25030517578125
808	809	en	kik	challenge_SSA-MTE	hyp1	News	NaN	-25.03384780883789
809	810	en	kik	challenge_SSA-MTE	hyp1	News	NaN	-26.45156478881836
810	811	en	kik	challenge_SSA-MTE	hyp1	News	NaN	-28.934009552001953
811	812	en	kik	challenge_SSA-MTE	hyp1	News	NaN	-17.99553680419922
812	813	en	kik	challenge_SSA-MTE	hyp1	News	NaN	-23.37375259399414
813	814	en	kik	challenge_SSA-MTE	hyp1	News	NaN	-18.802223205566406
814	815	en	kik	challenge_SSA-MTE	hyp1	News	NaN	-19.005556106567383
815	816	en	kik	challenge_SSA-MTE	hyp1	News	NaN	-30.50559425354004
816	817	en	kik	challenge_SSA-MTE	hyp1	News	NaN	-16.083616256713867
817	818	en	kik	challenge_SSA-MTE	hyp1	News	NaN	-19.282611846923828
818	819	en	kik	challenge_SSA-MTE	hyp1	News	NaN	-16.858753204345703
819	820	en	kik	challenge_SSA-MTE	hyp1	News	NaN	-26.413114547729492
820	821	en	kik	challenge_SSA-MTE	hyp1	News	NaN	-30.008773803710938
821	822	en	kik	challenge_SSA-MTE	hyp1	News	NaN	-21.187692642211914
822	823	en	kik	challenge_SSA-MTE	hyp1	News	NaN	-19.663047790527344
823	824	en	kik	challenge_SSA-MTE	hyp1	News	NaN	-16.146202087402344
824	825	en	kik	challenge_SSA-MTE	hyp1	News	NaN	-27.22675323486328
825	826	en	kik	challenge_SSA-MTE	hyp1	News	NaN	-29.532974243164062
826	827	en	kik	challenge_SSA-MTE	hyp1	News	NaN	-20.106155395507812
827	828	en	kik	challenge_SSA-MTE	hyp1	News	NaN	-23.58099365234375
828	829	en	kik	challenge_SSA-MTE	hyp1	News	NaN	-12.975798606872559
829	830	en	kik	challenge_SSA-MTE	hyp1	News	NaN	-23.416805267333984
830	831	en	kik	challenge_SSA-MTE	hyp1	News	NaN	-33.654876708984375
831	832	en	kik	challenge_SSA-MTE	hyp1	News	NaN	-15.461292266845703
832	833	en	kik	challenge_SSA-MTE	hyp1	News	NaN	-14.61789321899414
833	834	en	kik	challenge_SSA-MTE	hyp1	News	NaN	-21.185192108154297
834	835	en	kik	challenge_SSA-MTE	hyp1	News	NaN	-21.23244857788086
835	836	en	kik	challenge_SSA-MTE	hyp1	News	NaN	-24.274639129638672
836	837	en	kik	challenge_SSA-MTE	hyp1	News	NaN	-17.63138198852539
837	838	en	kik	challenge_SSA-MTE	hyp1	News	NaN	-22.09178352355957
838	839	en	kik	challenge_SSA-MTE	hyp1	News	NaN	-23.06795883178711
839	840	en	kik	challenge_SSA-MTE	hyp1	News	NaN	-20.455434799194336
840	841	en	kik	challenge_SSA-MTE	hyp1	News	NaN	-30.417652130126953
841	842	en	kik	challenge_SSA-MTE	hyp1	News	NaN	-16.674789428710938
842	843	en	kik	challenge_SSA-MTE	hyp1	News	NaN	-21.215492248535156
843	844	en	kik	challenge_SSA-MTE	hyp1	News	NaN	-18.70104217529297
844	845	en	kik	challenge_SSA-MTE	hyp1	News	NaN	-15.134720802307129
845	846	en	kik	challenge_SSA-MTE	hyp1	News	NaN	-30.75826644897461
846	847	en	kik	challenge_SSA-MTE	hyp1	News	NaN	-17.592498779296875
847	848	en	kik	challenge_SSA-MTE	hyp1	News	NaN	-18.08708953857422
848	849	en	kik	challenge_SSA-MTE	hyp1	News	NaN	-24.383996963500977
849	850	en	kik	challenge_SSA-MTE	hyp1	News	NaN	-25.657207489013672
850	851	en	kik	challenge_SSA-MTE	hyp1	News	NaN	-31.15959930419922
851	852	en	kik	challenge_SSA-MTE	hyp1	News	NaN	-22.855365753173828
852	853	en	kik	challenge_SSA-MTE	hyp1	News	NaN	-29.49032211303711
853	854	en	kik	challenge_SSA-MTE	hyp1	News	NaN	-22.09920883178711
854	855	en	kik	challenge_SSA-MTE	hyp1	News	NaN	-29.0073184967041
855	856	en	kik	challenge_SSA-MTE	hyp1	News	NaN	-19.34129524230957
856	857	en	kik	challenge_SSA-MTE	hyp1	News	NaN	-20.062435150146484
857	858	en	kik	challenge_SSA-MTE	hyp1	News	NaN	-12.429866790771484
858	859	en	kik	challenge_SSA-MTE	hyp1	News	NaN	-20.586084365844727
859	860	en	kik	challenge_SSA-MTE	hyp1	News	NaN	-26.946250915527344
860	861	en	kik	challenge_SSA-MTE	hyp1	News	NaN	-14.38266372680664
861	862	en	kik	challenge_SSA-MTE	hyp1	News	NaN	-14.942513465881348
862	863	en	kik	challenge_SSA-MTE	hyp1	News	NaN	-28.72146987915039
863	864	en	kik	challenge_SSA-MTE	hyp1	News	NaN	-18.706623077392578
864	865	en	kik	challenge_SSA-MTE	hyp1	News	NaN	-30.73440170288086
865	866	en	kik	challenge_SSA-MTE	hyp1	News	NaN	-23.311256408691406
866	867	en	kik	challenge_SSA-MTE	hyp1	News	NaN	-19.04149627685547
867	868	en	kik	challenge_SSA-MTE	hyp1	News	NaN	-19.827800750732422
868	869	en	kik	challenge_SSA-MTE	hyp1	News	NaN	-19.46880340576172
869	870	en	kik	challenge_SSA-MTE	hyp1	News	NaN	-11.991621017456055
870	871	en	kik	challenge_SSA-MTE	hyp1	News	NaN	-15.118448257446289
871	872	en	kik	challenge_SSA-MTE	hyp1	News	NaN	-15.59811782836914
872	873	en	kik	challenge_SSA-MTE	hyp1	News	NaN	-16.901630401611328
873	874	en	kik	challenge_SSA-MTE	hyp1	News	NaN	-15.745786666870117
874	875	en	kik	challenge_SSA-MTE	hyp1	News	NaN	-22.650209426879883
875	876	en	kik	challenge_SSA-MTE	hyp1	News	NaN	-9.982855796813965
876	877	en	kik	challenge_SSA-MTE	hyp1	News	NaN	-13.18750286102295
877	878	en	kik	challenge_SSA-MTE	hyp1	News	NaN	-19.07073974609375
878	879	en	kik	challenge_SSA-MTE	hyp1	News	NaN	-20.39460563659668
879	880	en	kik	challenge_SSA-MTE	hyp1	News	NaN	-28.95656394958496
880	881	en	kik	challenge_SSA-MTE	hyp1	News	NaN	-28.016843795776367
881	882	en	kik	challenge_SSA-MTE	hyp1	News	NaN	-17.599952697753906
882	883	en	kik	challenge_SSA-MTE	hyp1	News	NaN	-16.282251358032227
883	884	en	kik	challenge_SSA-MTE	hyp1	News	NaN	-20.252220153808594
884	885	en	kik	challenge_SSA-MTE	hyp1	News	NaN	-26.93474769592285
885	886	en	kik	challenge_SSA-MTE	hyp1	News	NaN	-14.488096237182617
886	887	en	kik	challenge_SSA-MTE	hyp1	News	NaN	-18.459606170654297
887	888	en	kik	challenge_SSA-MTE	hyp1	News	NaN	-15.681427001953125
888	889	en	kik	challenge_SSA-MTE	hyp1	News	NaN	-14.130584716796875
889	890	en	kik	challenge_SSA-MTE	hyp1	News	NaN	-28.671363830566406
890	891	en	kik	challenge_SSA-MTE	hyp1	News	NaN	-12.180266380310059
891	892	en	kik	challenge_SSA-MTE	hyp1	News	NaN	-13.777742385864258
892	893	en	kik	challenge_SSA-MTE	hyp1	News	NaN	-16.154478073120117
893	894	en	kik	challenge_SSA-MTE	hyp1	News	NaN	-23.36614227294922
894	895	en	kik	challenge_SSA-MTE	hyp1	News	NaN	-30.789283752441406
895	896	en	kik	challenge_SSA-MTE	hyp1	News	NaN	-14.220719337463379
896	897	en	kik	challenge_SSA-MTE	hyp1	News	NaN	-17.054607391357422
897	898	en	kik	challenge_SSA-MTE	hyp1	News	NaN	-21.65187644958496
898	899	en	kik	challenge_SSA-MTE	hyp1	News	NaN	-23.88526153564453
899	900	en	kik	challenge_SSA-MTE	hyp1	News	NaN	-28.864376068115234
900	901	en	kik	challenge_SSA-MTE	hyp1	News	NaN	-25.563278198242188
901	902	en	kik	challenge_SSA-MTE	hyp1	News	NaN	-23.550325393676758
902	903	en	kik	challenge_SSA-MTE	hyp1	News	NaN	-19.513385772705078
903	904	en	kik	challenge_SSA-MTE	hyp1	News	NaN	-19.62564468383789
904	905	en	kik	challenge_SSA-MTE	hyp1	News	NaN	-24.244964599609375
905	906	en	kik	challenge_SSA-MTE	hyp1	News	NaN	-19.523231506347656
906	907	en	kik	challenge_SSA-MTE	hyp1	News	NaN	-11.696891784667969
907	908	en	kik	challenge_SSA-MTE	hyp1	News	NaN	-25.385581970214844
908	909	en	kik	challenge_SSA-MTE	hyp1	News	NaN	-26.58028221130371
909	910	en	kik	challenge_SSA-MTE	hyp1	News	NaN	-28.32567596435547
910	911	en	kik	challenge_SSA-MTE	hyp1	News	NaN	-19.364604949951172
911	912	en	kik	challenge_SSA-MTE	hyp1	News	NaN	-18.87665557861328
912	913	en	kik	challenge_SSA-MTE	hyp1	News	NaN	-14.50572395324707
913	914	en	kik	challenge_SSA-MTE	hyp1	News	NaN	-20.369455337524414
914	915	en	kik	challenge_SSA-MTE	hyp1	News	NaN	-27.379409790039062
915	916	en	kik	challenge_SSA-MTE	hyp1	News	NaN	-12.360437393188477
916	917	en	kik	challenge_SSA-MTE	hyp1	News	NaN	-14.576149940490723
917	918	en	kik	challenge_SSA-MTE	hyp1	News	NaN	-20.51663589477539
918	919	en	kik	challenge_SSA-MTE	hyp1	News	NaN	-25.154293060302734
919	920	en	kik	challenge_SSA-MTE	hyp1	News	NaN	-27.153263092041016
920	921	en	kik	challenge_SSA-MTE	hyp1	News	NaN	-15.527132987976074
921	922	en	kik	challenge_SSA-MTE	hyp1	News	NaN	-25.846847534179688
922	923	en	kik	challenge_SSA-MTE	hyp1	News	NaN	-18.518007278442383
923	924	en	kik	challenge_SSA-MTE	hyp1	News	NaN	-18.257423400878906
924	925	en	kik	challenge_SSA-MTE	hyp1	News	NaN	-24.182865142822266
925	926	en	kik	challenge_SSA-MTE	hyp1	News	NaN	-20.752315521240234
926	927	en	kik	challenge_SSA-MTE	hyp1	News	NaN	-15.261035919189453
927	928	en	kik	challenge_SSA-MTE	hyp1	News	NaN	-22.08475685119629
928	929	en	kik	challenge_SSA-MTE	hyp1	News	NaN	-21.614835739135742
929	930	en	kik	challenge_SSA-MTE	hyp1	News	NaN	-26.748104095458984
930	931	en	kik	challenge_SSA-MTE	hyp1	News	NaN	-21.90787124633789
931	932	en	kik	challenge_SSA-MTE	hyp1	News	NaN	-18.715946197509766
932	933	en	kik	challenge_SSA-MTE	hyp1	News	NaN	-22.101566314697266
933	934	en	kik	challenge_SSA-MTE	hyp1	News	NaN	-21.467836380004883
934	935	en	kik	challenge_SSA-MTE	hyp1	News	NaN	-25.81009864807129
935	936	en	kik	challenge_SSA-MTE	hyp1	News	NaN	-10.037290573120117
936	937	en	kik	challenge_SSA-MTE	hyp1	News	NaN	-26.01034927368164
937	938	en	kik	challenge_SSA-MTE	hyp1	News	NaN	-4.0287909507751465
938	939	en	kik	challenge_SSA-MTE	hyp1	News	NaN	-19.6422176361084
939	940	en	kik	challenge_SSA-MTE	hyp1	News	NaN	-28.276308059692383
940	941	en	kik	challenge_SSA-MTE	hyp1	News	NaN	-18.426219940185547
941	942	en	kik	challenge_SSA-MTE	hyp1	News	NaN	-13.72244930267334
942	943	en	kik	challenge_SSA-MTE	hyp1	News	NaN	-28.227201461791992
943	944	en	kik	challenge_SSA-MTE	hyp1	News	NaN	-24.328908920288086
944	945	en	kik	challenge_SSA-MTE	hyp1	News	NaN	-28.72561264038086
945	946	en	kik	challenge_SSA-MTE	hyp1	News	NaN	-26.081768035888672
946	947	en	kik	challenge_SSA-MTE	hyp1	News	NaN	-28.954395294189453
947	948	en	kik	challenge_SSA-MTE	hyp1	News	NaN	-20.967967987060547
948	949	en	kik	challenge_SSA-MTE	hyp1	News	NaN	-23.622364044189453
949	950	en	kik	challenge_SSA-MTE	hyp1	News	NaN	-26.987730026245117
950	951	en	kik	challenge_SSA-MTE	hyp1	News	NaN	-20.673063278198242
951	952	en	kik	challenge_SSA-MTE	hyp1	News	NaN	-23.256805419921875
952	953	en	kik	challenge_SSA-MTE	hyp1	News	NaN	-16.19618034362793
953	954	en	kik	challenge_SSA-MTE	hyp1	News	NaN	-25.94452667236328
954	955	en	kik	challenge_SSA-MTE	hyp1	News	NaN	-27.614269256591797
955	956	en	kik	challenge_SSA-MTE	hyp1	News	NaN	-16.510196685791016
956	957	en	kik	challenge_SSA-MTE	hyp1	News	NaN	-21.79973030090332
957	958	en	kik	challenge_SSA-MTE	hyp1	News	NaN	-12.49229621887207
958	959	en	kik	challenge_SSA-MTE	hyp1	News	NaN	-30.57402801513672
959	960	en	kik	challenge_SSA-MTE	hyp1	News	NaN	-14.901065826416016
960	961	en	kik	challenge_SSA-MTE	hyp1	News	NaN	-15.53654956817627
961	962	en	kik	challenge_SSA-MTE	hyp1	News	NaN	-12.971196174621582
962	963	en	kik	challenge_SSA-MTE	hyp1	News	NaN	-25.712839126586914
963	964	en	kik	challenge_SSA-MTE	hyp1	News	NaN	-29.878711700439453
964	965	en	kik	challenge_SSA-MTE	hyp1	News	NaN	-18.044763565063477
965	966	en	kik	challenge_SSA-MTE	hyp1	News	NaN	-12.11933708190918
966	967	en	kik	challenge_SSA-MTE	hyp1	News	NaN	-18.267333984375
967	968	en	kik	challenge_SSA-MTE	hyp1	News	NaN	-22.12847137451172
968	969	en	kik	challenge_SSA-MTE	hyp1	News	NaN	-22.709983825683594
969	970	en	kik	challenge_SSA-MTE	hyp1	News	NaN	-14.679474830627441
970	971	en	kik	challenge_SSA-MTE	hyp1	News	NaN	-10.781827926635742
971	972	en	kik	challenge_SSA-MTE	hyp1	News	NaN	-23.79159164428711
972	973	en	kik	challenge_SSA-MTE	hyp1	News	NaN	-22.241870880126953
973	974	en	kik	challenge_SSA-MTE	hyp1	News	NaN	-26.08135223388672
974	975	en	kik	challenge_SSA-MTE	hyp1	News	NaN	-20.248470306396484
975	976	en	kik	challenge_SSA-MTE	hyp1	News	NaN	-20.417566299438477
976	977	en	kik	challenge_SSA-MTE	hyp1	News	NaN	-24.651044845581055
977	978	en	kik	challenge_SSA-MTE	hyp1	News	NaN	-20.77750015258789
978	979	en	kik	challenge_SSA-MTE	hyp1	News	NaN	-29.303131103515625
979	980	en	kik	challenge_SSA-MTE	hyp1	News	NaN	-14.358656883239746
980	981	en	kik	challenge_SSA-MTE	hyp1	News	NaN	-17.501750946044922
981	982	en	kik	challenge_SSA-MTE	hyp1	News	NaN	-28.156902313232422
982	983	en	kik	challenge_SSA-MTE	hyp1	News	NaN	-22.44426155090332
983	984	en	kik	challenge_SSA-MTE	hyp1	News	NaN	-30.69554901123047
984	985	en	kik	challenge_SSA-MTE	hyp1	News	NaN	-15.1583251953125
985	986	en	kik	challenge_SSA-MTE	hyp1	News	NaN	-17.364686965942383
986	987	en	kik	challenge_SSA-MTE	hyp1	News	NaN	-14.83793830871582
987	988	en	kik	challenge_SSA-MTE	hyp1	News	NaN	-28.331403732299805
988	989	en	kik	challenge_SSA-MTE	hyp1	News	NaN	-15.677206039428711
989	990	en	kik	challenge_SSA-MTE	hyp1	News	NaN	-18.6978759765625
990	991	en	kik	challenge_SSA-MTE	hyp1	News	NaN	-28.780471801757812
991	992	en	kik	challenge_SSA-MTE	hyp1	News	NaN	-23.216415405273438
992	993	en	kik	challenge_SSA-MTE	hyp1	News	NaN	-29.891904830932617
993	994	en	kik	challenge_SSA-MTE	hyp1	News	NaN	-20.81911849975586
994	995	en	kik	challenge_SSA-MTE	hyp1	News	NaN	-26.547897338867188
995	996	en	kik	challenge_SSA-MTE	hyp1	News	NaN	-4.415609359741211
996	997	en	kik	challenge_SSA-MTE	hyp1	News	NaN	-19.329639434814453
997	998	en	kik	challenge_SSA-MTE	hyp1	News	NaN	-29.50481414794922
998	999	en	kik	challenge_SSA-MTE	hyp1	News	NaN	-14.830846786499023
999	1000	en	kik	challenge_SSA-MTE	hyp1	News	NaN	-26.624135971069336
1000	1001	en	kik	challenge_SSA-MTE	hyp1	News	NaN	-14.693412780761719
1001	1002	en	kik	challenge_SSA-MTE	hyp1	News	NaN	-25.46951675415039
1002	1003	en	kik	challenge_SSA-MTE	hyp1	News	NaN	-30.998111724853516
1003	1004	en	kik	challenge_SSA-MTE	hyp1	News	NaN	-21.62177276611328
1004	1005	en	kik	challenge_SSA-MTE	hyp1	News	NaN	-26.618745803833008
1005	1006	en	kik	challenge_SSA-MTE	hyp1	News	NaN	-19.90777587890625
1006	1007	en	kik	challenge_SSA-MTE	hyp1	News	NaN	-21.946334838867188
1007	1008	en	kik	challenge_SSA-MTE	hyp1	News	NaN	-30.880172729492188
1008	1009	en	kik	challenge_SSA-MTE	hyp1	News	NaN	-19.46865463256836
1009	1010	en	kik	challenge_SSA-MTE	hyp1	News	NaN	-24.81494140625
1010	1011	en	kik	challenge_SSA-MTE	hyp1	News	NaN	-21.654861450195312
1011	1012	en	kik	challenge_SSA-MTE	hyp1	News	NaN	-31.901704788208008
1012	1013	en	kik	challenge_SSA-MTE	hyp1	News	NaN	-32.761688232421875
1013	1014	en	kik	challenge_SSA-MTE	hyp1	News	NaN	-19.115537643432617
1014	1015	en	kik	challenge_SSA-MTE	hyp1	News	NaN	-28.61174201965332
1015	1016	en	kik	challenge_SSA-MTE	hyp1	News	NaN	-15.222810745239258
1016	1017	en	kik	challenge_SSA-MTE	hyp1	News	NaN	-20.267648696899414
1017	1018	en	kik	challenge_SSA-MTE	hyp1	News	NaN	-29.99395751953125
1018	1019	en	kik	challenge_SSA-MTE	hyp1	News	NaN	-16.20965576171875
1019	1020	en	kik	challenge_SSA-MTE	hyp1	News	NaN	-20.033447265625
1020	1021	en	kik	challenge_SSA-MTE	hyp1	News	NaN	-12.826602935791016
1021	1022	en	kik	challenge_SSA-MTE	hyp1	News	NaN	-17.474018096923828
1022	1023	en	kik	challenge_SSA-MTE	hyp1	News	NaN	-28.870655059814453
1023	1024	en	kik	challenge_SSA-MTE	hyp1	News	NaN	-9.896900177001953
1024	1025	en	kik	challenge_SSA-MTE	hyp1	News	NaN	-15.161331176757812
1025	1026	en	kik	challenge_SSA-MTE	hyp1	News	NaN	-19.820140838623047
1026	1027	en	kik	challenge_SSA-MTE	hyp1	News	NaN	-16.40226173400879
1027	1028	en	kik	challenge_SSA-MTE	hyp1	News	NaN	-29.711196899414062
1028	1029	en	kik	challenge_SSA-MTE	hyp1	News	NaN	-14.79412841796875
1029	1030	en	kik	challenge_SSA-MTE	hyp1	News	NaN	-19.614866256713867
1030	1031	en	kik	challenge_SSA-MTE	hyp1	News	NaN	-19.76309585571289
1031	1032	en	kik	challenge_SSA-MTE	hyp1	News	NaN	-22.20342445373535
1032	1033	en	kik	challenge_SSA-MTE	hyp1	News	NaN	-33.4995002746582
1033	1034	en	kik	challenge_SSA-MTE	hyp1	News	NaN	-19.472755432128906
1034	1035	en	kik	challenge_SSA-MTE	hyp1	News	NaN	-24.161518096923828
1035	1036	en	kik	challenge_SSA-MTE	hyp1	News	NaN	-21.2673282623291
1036	1037	en	kik	challenge_SSA-MTE	hyp1	News	NaN	-23.920982360839844
1037	1038	en	kik	challenge_SSA-MTE	hyp1	News	NaN	-23.72916030883789
1038	1039	en	kik	challenge_SSA-MTE	hyp1	News	NaN	-15.319390296936035
1039	1040	en	kik	challenge_SSA-MTE	hyp1	News	NaN	-12.34508228302002
1040	1041	en	kik	challenge_SSA-MTE	hyp1	News	NaN	-22.546184539794922
1041	1042	en	kik	challenge_SSA-MTE	hyp1	News	NaN	-19.943891525268555
1042	1043	en	kik	challenge_SSA-MTE	hyp1	News	NaN	-31.246530532836914
1043	1044	en	kik	challenge_SSA-MTE	hyp1	News	NaN	-17.40316390991211
1044	1045	en	kik	challenge_SSA-MTE	hyp1	News	NaN	-28.040346145629883
1045	1046	en	kik	challenge_SSA-MTE	hyp1	News	NaN	-16.058748245239258
1046	1047	en	kik	challenge_SSA-MTE	hyp1	News	NaN	-27.414352416992188
1047	1048	en	kik	challenge_SSA-MTE	hyp1	News	NaN	-30.924299240112305
1048	1049	en	kik	challenge_SSA-MTE	hyp1	News	NaN	-14.828018188476562
1049	1050	en	kik	challenge_SSA-MTE	hyp1	News	NaN	-26.372949600219727
1050	1051	en	kik	challenge_SSA-MTE	hyp1	News	NaN	-18.472665786743164
1051	1052	en	kik	challenge_SSA-MTE	hyp1	News	NaN	-19.8389892578125
1052	1053	en	kik	challenge_SSA-MTE	hyp1	News	NaN	-30.03594970703125
1053	1054	en	kik	challenge_SSA-MTE	hyp1	News	NaN	-16.914226531982422
1054	1055	en	kik	challenge_SSA-MTE	hyp1	News	NaN	-20.528121948242188
1055	1056	en	kik	challenge_SSA-MTE	hyp1	News	NaN	-18.014162063598633
1056	1057	en	kik	challenge_SSA-MTE	hyp1	News	NaN	-27.112262725830078
1057	1058	en	kik	challenge_SSA-MTE	hyp1	News	NaN	-30.930078506469727
1058	1059	en	kik	challenge_SSA-MTE	hyp1	News	NaN	-15.946399688720703
1059	1060	en	kik	challenge_SSA-MTE	hyp1	News	NaN	-21.10218048095703
1060	1061	en	kik	challenge_SSA-MTE	hyp1	News	NaN	-29.334253311157227
1061	1062	en	kik	challenge_SSA-MTE	hyp1	News	NaN	-25.193538665771484
1062	1063	en	kik	challenge_SSA-MTE	hyp1	News	NaN	-29.186769485473633
1063	1064	en	kik	challenge_SSA-MTE	hyp1	News	NaN	-23.647079467773438
1064	1065	en	kik	challenge_SSA-MTE	hyp1	News	NaN	-22.083255767822266
1065	1066	en	kik	challenge_SSA-MTE	hyp1	News	NaN	-24.571624755859375
1066	1067	en	kik	challenge_SSA-MTE	hyp1	News	NaN	-24.31448745727539
1067	1068	en	kik	challenge_SSA-MTE	hyp1	News	NaN	-32.27289581298828
1068	1069	en	kik	challenge_SSA-MTE	hyp1	News	NaN	-20.065263748168945
1069	1070	en	kik	challenge_SSA-MTE	hyp1	News	NaN	-18.19528579711914
1070	1071	en	kik	challenge_SSA-MTE	hyp1	News	NaN	-25.64875030517578
1071	1072	en	kik	challenge_SSA-MTE	hyp1	News	NaN	-33.705528259277344
1072	1073	en	kik	challenge_SSA-MTE	hyp1	News	NaN	-21.002975463867188
1073	1074	en	kik	challenge_SSA-MTE	hyp1	News	NaN	-22.740779876708984
1074	1075	en	kik	challenge_SSA-MTE	hyp1	News	NaN	-29.36617660522461
1075	1076	en	kik	challenge_SSA-MTE	hyp1	News	NaN	-29.219026565551758
1076	1077	en	kik	challenge_SSA-MTE	hyp1	News	NaN	-33.814727783203125
1077	1078	en	kik	challenge_SSA-MTE	hyp1	News	NaN	-16.34972381591797
1078	1079	en	kik	challenge_SSA-MTE	hyp1	News	NaN	-20.503284454345703
1079	1080	en	kik	challenge_SSA-MTE	hyp1	News	NaN	-23.956539154052734
1080	1081	en	kik	challenge_SSA-MTE	hyp1	News	NaN	-30.507946014404297
1081	1082	en	kik	challenge_SSA-MTE	hyp1	News	NaN	-18.631893157958984
1082	1083	en	kik	challenge_SSA-MTE	hyp1	News	NaN	-9.207603454589844
1083	1084	en	kik	challenge_SSA-MTE	hyp1	News	NaN	-19.186508178710938
1084	1085	en	kik	challenge_SSA-MTE	hyp1	News	NaN	-29.60870361328125
1085	1086	en	kik	challenge_SSA-MTE	hyp1	News	NaN	-9.100105285644531
1086	1087	en	kik	challenge_SSA-MTE	hyp1	News	NaN	-17.73650550842285
1087	1088	en	kik	challenge_SSA-MTE	hyp1	News	NaN	-15.00747299194336
1088	1089	en	kik	challenge_SSA-MTE	hyp1	News	NaN	-23.487003326416016
1089	1090	en	kik	challenge_SSA-MTE	hyp1	News	NaN	-35.20679473876953
1090	1091	en	kik	challenge_SSA-MTE	hyp1	News	NaN	-18.501705169677734
1091	1092	en	kik	challenge_SSA-MTE	hyp1	News	NaN	-16.703720092773438
1092	1093	en	kik	challenge_SSA-MTE	hyp1	News	NaN	-27.987468719482422
1093	1094	en	kik	challenge_SSA-MTE	hyp1	News	NaN	-25.089824676513672
1094	1095	en	kik	challenge_SSA-MTE	hyp1	News	NaN	-31.468730926513672
1095	1096	en	kik	challenge_SSA-MTE	hyp1	News	NaN	-25.250118255615234
1096	1097	en	kik	challenge_SSA-MTE	hyp1	News	NaN	-24.911880493164062
1097	1098	en	kik	challenge_SSA-MTE	hyp1	News	NaN	-25.895763397216797
1098	1099	en	kik	challenge_SSA-MTE	hyp1	News	NaN	-23.55632781982422
1099	1100	en	kik	challenge_SSA-MTE	hyp1	News	NaN	-31.216278076171875
1100	1101	en	kik	challenge_SSA-MTE	hyp1	News	NaN	-17.469284057617188
1101	1102	en	kik	challenge_SSA-MTE	hyp1	News	NaN	-20.3228816986084
1102	1103	en	kik	challenge_SSA-MTE	hyp1	News	NaN	-18.6886043548584
1103	1104	en	kik	challenge_SSA-MTE	hyp1	News	NaN	-23.113000869750977
1104	1105	en	kik	challenge_SSA-MTE	hyp1	News	NaN	-28.217313766479492
1105	1106	en	kik	challenge_SSA-MTE	hyp1	News	NaN	-26.206621170043945
1106	1107	en	kik	challenge_SSA-MTE	hyp1	News	NaN	-21.833728790283203
1107	1108	en	kik	challenge_SSA-MTE	hyp1	News	NaN	-10.68382740020752
1108	1109	en	kik	challenge_SSA-MTE	hyp1	News	NaN	-11.009462356567383
1109	1110	en	kik	challenge_SSA-MTE	hyp1	News	NaN	-32.14647674560547
1110	1111	en	kik	challenge_SSA-MTE	hyp1	News	NaN	-14.416778564453125
1111	1112	en	kik	challenge_SSA-MTE	hyp1	News	NaN	-18.33592987060547
1112	1113	en	kik	challenge_SSA-MTE	hyp1	News	NaN	-11.479780197143555
1113	1114	en	kik	challenge_SSA-MTE	hyp1	News	NaN	-23.876060485839844
1114	1115	en	kik	challenge_SSA-MTE	hyp1	News	NaN	-30.58212661743164
1115	1116	en	kik	challenge_SSA-MTE	hyp1	News	NaN	-29.203399658203125
1116	1117	en	kik	challenge_SSA-MTE	hyp1	News	NaN	-22.51840591430664
1117	1118	en	kik	challenge_SSA-MTE	hyp1	News	NaN	-16.982969284057617
1118	1119	en	kik	challenge_SSA-MTE	hyp1	News	NaN	-20.300636291503906
1119	1120	en	kik	challenge_SSA-MTE	hyp1	News	NaN	-30.578617095947266
1120	1121	en	kik	challenge_SSA-MTE	hyp1	News	NaN	-19.098438262939453
1121	1122	en	kik	challenge_SSA-MTE	hyp1	News	NaN	-17.867198944091797
1122	1123	en	kik	challenge_SSA-MTE	hyp1	News	NaN	-17.657682418823242
1123	1124	en	kik	challenge_SSA-MTE	hyp1	News	NaN	-18.590612411499023
1124	1125	en	kik	challenge_SSA-MTE	hyp1	News	NaN	-31.760223388671875
1125	1126	en	kik	challenge_SSA-MTE	hyp1	News	NaN	-18.468576431274414
1126	1127	en	kik	challenge_SSA-MTE	hyp1	News	NaN	-21.605627059936523
1127	1128	en	kik	challenge_SSA-MTE	hyp1	News	NaN	-25.109024047851562
1128	1129	en	kik	challenge_SSA-MTE	hyp1	News	NaN	-27.641769409179688
1129	1130	en	kik	challenge_SSA-MTE	hyp1	News	NaN	-33.372032165527344
1130	1131	en	kik	challenge_SSA-MTE	hyp1	News	NaN	-20.269838333129883
1131	1132	en	kik	challenge_SSA-MTE	hyp1	News	NaN	-23.435096740722656
1132	1133	en	kik	challenge_SSA-MTE	hyp1	News	NaN	-31.51438331604004
1133	1134	en	kik	challenge_SSA-MTE	hyp1	News	NaN	-31.32001304626465
1134	1135	en	kik	challenge_SSA-MTE	hyp1	News	NaN	-36.962005615234375
1135	1136	en	kik	challenge_SSA-MTE	hyp1	News	NaN	-32.54233169555664
1136	1137	en	kik	challenge_SSA-MTE	hyp1	News	NaN	-26.726402282714844
1137	1138	en	kik	challenge_SSA-MTE	hyp1	News	NaN	-21.026153564453125
1138	1139	en	kik	challenge_SSA-MTE	hyp1	News	NaN	-29.637805938720703
1139	1140	en	kik	challenge_SSA-MTE	hyp1	News	NaN	-28.94479751586914
1140	1141	en	kik	challenge_SSA-MTE	hyp1	News	NaN	-23.287073135375977
1141	1142	en	kik	challenge_SSA-MTE	hyp1	News	NaN	-27.494226455688477
1142	1143	en	kik	challenge_SSA-MTE	hyp1	News	NaN	-11.812368392944336
1143	1144	en	kik	challenge_SSA-MTE	hyp1	News	NaN	-23.91140365600586
1144	1145	en	kik	challenge_SSA-MTE	hyp1	News	NaN	-34.26396179199219
1145	1146	en	kik	challenge_SSA-MTE	hyp1	News	NaN	-17.972482681274414
1146	1147	en	kik	challenge_SSA-MTE	hyp1	News	NaN	-27.354339599609375
1147	1148	en	kik	challenge_SSA-MTE	hyp1	News	NaN	-21.660594940185547
1148	1149	en	kik	challenge_SSA-MTE	hyp1	News	NaN	-19.81731605529785
1149	1150	en	kik	challenge_SSA-MTE	hyp1	News	NaN	-30.23406219482422
1150	1151	en	kik	challenge_SSA-MTE	hyp1	News	NaN	-24.037796020507812
1151	1152	en	kik	challenge_SSA-MTE	hyp1	News	NaN	-22.29605484008789
1152	1153	en	kik	challenge_SSA-MTE	hyp1	News	NaN	-4.7145094871521
1153	1154	en	kik	challenge_SSA-MTE	hyp1	News	NaN	-21.54989242553711
1154	1155	en	kik	challenge_SSA-MTE	hyp1	News	NaN	-34.00566864013672
1155	1156	en	kik	challenge_SSA-MTE	hyp1	News	NaN	-23.93832015991211
1156	1157	en	kik	challenge_SSA-MTE	hyp1	News	NaN	-21.074085235595703
1157	1158	en	kik	challenge_SSA-MTE	hyp1	News	NaN	-25.073089599609375
1158	1159	en	kik	challenge_SSA-MTE	hyp1	News	NaN	-17.787748336791992
1159	1160	en	kik	challenge_SSA-MTE	hyp1	News	NaN	-31.730716705322266
1160	1161	en	kik	challenge_SSA-MTE	hyp1	News	NaN	-19.70429229736328
1161	1162	en	kik	challenge_SSA-MTE	hyp1	News	NaN	-28.25714874267578
1162	1163	en	kik	challenge_SSA-MTE	hyp1	News	NaN	-21.299236297607422
1163	1164	en	kik	challenge_SSA-MTE	hyp1	News	NaN	-22.538217544555664
1164	1165	en	kik	challenge_SSA-MTE	hyp1	News	NaN	-31.877696990966797
1165	1166	en	kik	challenge_SSA-MTE	hyp1	News	NaN	-17.728403091430664
1166	1167	en	kik	challenge_SSA-MTE	hyp1	News	NaN	-20.990192413330078
1167	1168	en	kik	challenge_SSA-MTE	hyp1	News	NaN	-30.932926177978516
1168	1169	en	kik	challenge_SSA-MTE	hyp1	News	NaN	-29.32653045654297
1169	1170	en	kik	challenge_SSA-MTE	hyp1	News	NaN	-36.386112213134766
1170	1171	en	kik	challenge_SSA-MTE	hyp1	News	NaN	-28.943897247314453
1171	1172	en	kik	challenge_SSA-MTE	hyp1	News	NaN	-22.201061248779297
0	1	en	kin	challenge_SSA-MTE	hyp1	News	NaN	-5.700595855712891
1	2	en	kin	challenge_SSA-MTE	hyp1	News	NaN	-3.420827865600586
2	3	en	kin	challenge_SSA-MTE	hyp1	News	NaN	-17.08875274658203
3	4	en	kin	challenge_SSA-MTE	hyp1	News	NaN	-6.540681838989258
4	5	en	kin	challenge_SSA-MTE	hyp1	News	NaN	-5.441894054412842
5	6	en	kin	challenge_SSA-MTE	hyp1	News	NaN	-7.110598087310791
6	7	en	kin	challenge_SSA-MTE	hyp1	News	NaN	-5.610334396362305
7	8	en	kin	challenge_SSA-MTE	hyp1	News	NaN	-7.425823211669922
8	9	en	kin	challenge_SSA-MTE	hyp1	News	NaN	-6.767090797424316
9	10	en	kin	challenge_SSA-MTE	hyp1	News	NaN	-4.42593240737915
10	11	en	kin	challenge_SSA-MTE	hyp1	News	NaN	-3.481316566467285
11	12	en	kin	challenge_SSA-MTE	hyp1	News	NaN	-19.29376792907715
12	13	en	kin	challenge_SSA-MTE	hyp1	News	NaN	-5.343850135803223
13	14	en	kin	challenge_SSA-MTE	hyp1	News	NaN	-2.7656705379486084
14	15	en	kin	challenge_SSA-MTE	hyp1	News	NaN	-14.959299087524414
15	16	en	kin	challenge_SSA-MTE	hyp1	News	NaN	-8.72211742401123
16	17	en	kin	challenge_SSA-MTE	hyp1	News	NaN	-3.7390499114990234
17	18	en	kin	challenge_SSA-MTE	hyp1	News	NaN	-4.577524662017822
18	19	en	kin	challenge_SSA-MTE	hyp1	News	NaN	-1.2648646831512451
19	20	en	kin	challenge_SSA-MTE	hyp1	News	NaN	-1.9767343997955322
20	21	en	kin	challenge_SSA-MTE	hyp1	News	NaN	-25.767162322998047
21	22	en	kin	challenge_SSA-MTE	hyp1	News	NaN	-6.773226261138916
22	23	en	kin	challenge_SSA-MTE	hyp1	News	NaN	-0.6812218427658081
23	24	en	kin	challenge_SSA-MTE	hyp1	News	NaN	-0.430702805519104
24	25	en	kin	challenge_SSA-MTE	hyp1	News	NaN	-4.50644588470459
25	26	en	kin	challenge_SSA-MTE	hyp1	News	NaN	-1.0620149374008179
26	27	en	kin	challenge_SSA-MTE	hyp1	News	NaN	-6.133029460906982
27	28	en	kin	challenge_SSA-MTE	hyp1	News	NaN	-1.4761385917663574
28	29	en	kin	challenge_SSA-MTE	hyp1	News	NaN	-7.9723124504089355
29	30	en	kin	challenge_SSA-MTE	hyp1	News	NaN	-1.0347530841827393
30	31	en	kin	challenge_SSA-MTE	hyp1	News	NaN	-2.3244104385375977
31	32	en	kin	challenge_SSA-MTE	hyp1	News	NaN	-0.7527502179145813
32	33	en	kin	challenge_SSA-MTE	hyp1	News	NaN	-20.71863555908203
33	34	en	kin	challenge_SSA-MTE	hyp1	News	NaN	-8.445240020751953
34	35	en	kin	challenge_SSA-MTE	hyp1	News	NaN	-6.01253604888916
35	36	en	kin	challenge_SSA-MTE	hyp1	News	NaN	-1.2275023460388184
36	37	en	kin	challenge_SSA-MTE	hyp1	News	NaN	-0.7405396699905396
37	38	en	kin	challenge_SSA-MTE	hyp1	News	NaN	-0.6350218057632446
38	39	en	kin	challenge_SSA-MTE	hyp1	News	NaN	-26.86001968383789
39	40	en	kin	challenge_SSA-MTE	hyp1	News	NaN	-0.7664545774459839
40	41	en	kin	challenge_SSA-MTE	hyp1	News	NaN	-4.068204879760742
41	42	en	kin	challenge_SSA-MTE	hyp1	News	NaN	-0.8349661231040955
42	43	en	kin	challenge_SSA-MTE	hyp1	News	NaN	-1.3759751319885254
43	44	en	kin	challenge_SSA-MTE	hyp1	News	NaN	-1.018735647201538
44	45	en	kin	challenge_SSA-MTE	hyp1	News	NaN	-8.712257385253906
45	46	en	kin	challenge_SSA-MTE	hyp1	News	NaN	-1.6990320682525635
46	47	en	kin	challenge_SSA-MTE	hyp1	News	NaN	-0.33515655994415283
47	48	en	kin	challenge_SSA-MTE	hyp1	News	NaN	-1.3744218349456787
48	49	en	kin	challenge_SSA-MTE	hyp1	News	NaN	-0.4243375062942505
49	50	en	kin	challenge_SSA-MTE	hyp1	News	NaN	-0.3683531880378723
50	51	en	kin	challenge_SSA-MTE	hyp1	News	NaN	-4.5574750900268555
51	52	en	kin	challenge_SSA-MTE	hyp1	News	NaN	-0.8196020722389221
52	53	en	kin	challenge_SSA-MTE	hyp1	News	NaN	-0.47811076045036316
53	54	en	kin	challenge_SSA-MTE	hyp1	News	NaN	-0.5644243955612183
54	55	en	kin	challenge_SSA-MTE	hyp1	News	NaN	-5.680179595947266
55	56	en	kin	challenge_SSA-MTE	hyp1	News	NaN	-1.1633732318878174
56	57	en	kin	challenge_SSA-MTE	hyp1	News	NaN	-15.789567947387695
57	58	en	kin	challenge_SSA-MTE	hyp1	News	NaN	-2.2598400115966797
58	59	en	kin	challenge_SSA-MTE	hyp1	News	NaN	-5.0478715896606445
59	60	en	kin	challenge_SSA-MTE	hyp1	News	NaN	-5.519382476806641
60	61	en	kin	challenge_SSA-MTE	hyp1	News	NaN	-0.3249247968196869
61	62	en	kin	challenge_SSA-MTE	hyp1	News	NaN	-1.77871835231781
62	63	en	kin	challenge_SSA-MTE	hyp1	News	NaN	-4.968639373779297
63	64	en	kin	challenge_SSA-MTE	hyp1	News	NaN	-0.43364834785461426
64	65	en	kin	challenge_SSA-MTE	hyp1	News	NaN	-1.7944293022155762
65	66	en	kin	challenge_SSA-MTE	hyp1	News	NaN	-1.064037799835205
66	67	en	kin	challenge_SSA-MTE	hyp1	News	NaN	-1.382209062576294
67	68	en	kin	challenge_SSA-MTE	hyp1	News	NaN	-2.2030515670776367
68	69	en	kin	challenge_SSA-MTE	hyp1	News	NaN	-15.022958755493164
69	70	en	kin	challenge_SSA-MTE	hyp1	News	NaN	-1.9046932458877563
70	71	en	kin	challenge_SSA-MTE	hyp1	News	NaN	-8.941571235656738
71	72	en	kin	challenge_SSA-MTE	hyp1	News	NaN	-2.019308090209961
72	73	en	kin	challenge_SSA-MTE	hyp1	News	NaN	-0.9570618271827698
73	74	en	kin	challenge_SSA-MTE	hyp1	News	NaN	-1.3796608448028564
74	75	en	kin	challenge_SSA-MTE	hyp1	News	NaN	-7.797269344329834
75	76	en	kin	challenge_SSA-MTE	hyp1	News	NaN	-2.4598379135131836
76	77	en	kin	challenge_SSA-MTE	hyp1	News	NaN	-1.4821734428405762
77	78	en	kin	challenge_SSA-MTE	hyp1	News	NaN	-1.8292605876922607
78	79	en	kin	challenge_SSA-MTE	hyp1	News	NaN	-1.828272819519043
79	80	en	kin	challenge_SSA-MTE	hyp1	News	NaN	-25.837650299072266
80	81	en	kin	challenge_SSA-MTE	hyp1	News	NaN	-9.2937593460083
81	82	en	kin	challenge_SSA-MTE	hyp1	News	NaN	-5.412202835083008
82	83	en	kin	challenge_SSA-MTE	hyp1	News	NaN	-2.973590135574341
83	84	en	kin	challenge_SSA-MTE	hyp1	News	NaN	-0.9981458783149719
84	85	en	kin	challenge_SSA-MTE	hyp1	News	NaN	-2.862333297729492
85	86	en	kin	challenge_SSA-MTE	hyp1	News	NaN	-17.17981719970703
86	87	en	kin	challenge_SSA-MTE	hyp1	News	NaN	-1.4966074228286743
87	88	en	kin	challenge_SSA-MTE	hyp1	News	NaN	-5.758515357971191
88	89	en	kin	challenge_SSA-MTE	hyp1	News	NaN	-3.2965359687805176
89	90	en	kin	challenge_SSA-MTE	hyp1	News	NaN	-3.980787754058838
90	91	en	kin	challenge_SSA-MTE	hyp1	News	NaN	-1.3693568706512451
91	92	en	kin	challenge_SSA-MTE	hyp1	News	NaN	-17.9012393951416
92	93	en	kin	challenge_SSA-MTE	hyp1	News	NaN	-5.994065284729004
93	94	en	kin	challenge_SSA-MTE	hyp1	News	NaN	-3.6773340702056885
94	95	en	kin	challenge_SSA-MTE	hyp1	News	NaN	-1.4268460273742676
95	96	en	kin	challenge_SSA-MTE	hyp1	News	NaN	-3.000901699066162
96	97	en	kin	challenge_SSA-MTE	hyp1	News	NaN	-20.150684356689453
97	98	en	kin	challenge_SSA-MTE	hyp1	News	NaN	-28.530437469482422
98	99	en	kin	challenge_SSA-MTE	hyp1	News	NaN	-4.051454067230225
99	100	en	kin	challenge_SSA-MTE	hyp1	News	NaN	-0.90972900390625
100	101	en	kin	challenge_SSA-MTE	hyp1	News	NaN	-4.217469215393066
101	102	en	kin	challenge_SSA-MTE	hyp1	News	NaN	-2.0162267684936523
102	103	en	kin	challenge_SSA-MTE	hyp1	News	NaN	-9.344803810119629
103	104	en	kin	challenge_SSA-MTE	hyp1	News	NaN	-3.695408821105957
104	105	en	kin	challenge_SSA-MTE	hyp1	News	NaN	-3.765056848526001
105	106	en	kin	challenge_SSA-MTE	hyp1	News	NaN	-5.105996608734131
106	107	en	kin	challenge_SSA-MTE	hyp1	News	NaN	-6.359734535217285
107	108	en	kin	challenge_SSA-MTE	hyp1	News	NaN	-8.454532623291016
108	109	en	kin	challenge_SSA-MTE	hyp1	News	NaN	-25.48009490966797
109	110	en	kin	challenge_SSA-MTE	hyp1	News	NaN	-3.537529230117798
110	111	en	kin	challenge_SSA-MTE	hyp1	News	NaN	-7.289464473724365
111	112	en	kin	challenge_SSA-MTE	hyp1	News	NaN	-1.072898507118225
112	113	en	kin	challenge_SSA-MTE	hyp1	News	NaN	-9.239812850952148
113	114	en	kin	challenge_SSA-MTE	hyp1	News	NaN	-4.333476543426514
114	115	en	kin	challenge_SSA-MTE	hyp1	News	NaN	-20.83521842956543
115	116	en	kin	challenge_SSA-MTE	hyp1	News	NaN	-9.387017250061035
116	117	en	kin	challenge_SSA-MTE	hyp1	News	NaN	-6.915201663970947
117	118	en	kin	challenge_SSA-MTE	hyp1	News	NaN	-1.7748379707336426
118	119	en	kin	challenge_SSA-MTE	hyp1	News	NaN	-11.442801475524902
119	120	en	kin	challenge_SSA-MTE	hyp1	News	NaN	-6.118659019470215
120	121	en	kin	challenge_SSA-MTE	hyp1	News	NaN	-19.85341453552246
121	122	en	kin	challenge_SSA-MTE	hyp1	News	NaN	-9.852755546569824
122	123	en	kin	challenge_SSA-MTE	hyp1	News	NaN	-10.226885795593262
123	124	en	kin	challenge_SSA-MTE	hyp1	News	NaN	-8.392871856689453
124	125	en	kin	challenge_SSA-MTE	hyp1	News	NaN	-0.47608140110969543
125	126	en	kin	challenge_SSA-MTE	hyp1	News	NaN	-0.6365069150924683
126	127	en	kin	challenge_SSA-MTE	hyp1	News	NaN	-11.64664077758789
127	128	en	kin	challenge_SSA-MTE	hyp1	News	NaN	-2.8319075107574463
128	129	en	kin	challenge_SSA-MTE	hyp1	News	NaN	-3.203275680541992
129	130	en	kin	challenge_SSA-MTE	hyp1	News	NaN	-1.2746294736862183
130	131	en	kin	challenge_SSA-MTE	hyp1	News	NaN	-1.3701221942901611
131	132	en	kin	challenge_SSA-MTE	hyp1	News	NaN	-1.955280065536499
132	133	en	kin	challenge_SSA-MTE	hyp1	News	NaN	-5.824099540710449
133	134	en	kin	challenge_SSA-MTE	hyp1	News	NaN	-1.4260679483413696
134	135	en	kin	challenge_SSA-MTE	hyp1	News	NaN	-2.855663537979126
135	136	en	kin	challenge_SSA-MTE	hyp1	News	NaN	-4.025542259216309
136	137	en	kin	challenge_SSA-MTE	hyp1	News	NaN	-1.813725233078003
137	138	en	kin	challenge_SSA-MTE	hyp1	News	NaN	-3.3589582443237305
138	139	en	kin	challenge_SSA-MTE	hyp1	News	NaN	-7.435009956359863
139	140	en	kin	challenge_SSA-MTE	hyp1	News	NaN	-1.1337077617645264
140	141	en	kin	challenge_SSA-MTE	hyp1	News	NaN	-1.1853530406951904
141	142	en	kin	challenge_SSA-MTE	hyp1	News	NaN	-1.6220552921295166
142	143	en	kin	challenge_SSA-MTE	hyp1	News	NaN	-2.094571352005005
143	144	en	kin	challenge_SSA-MTE	hyp1	News	NaN	-2.8800668716430664
144	145	en	kin	challenge_SSA-MTE	hyp1	News	NaN	-6.874799728393555
145	146	en	kin	challenge_SSA-MTE	hyp1	News	NaN	-1.1389310359954834
146	147	en	kin	challenge_SSA-MTE	hyp1	News	NaN	-1.3394381999969482
147	148	en	kin	challenge_SSA-MTE	hyp1	News	NaN	-1.4393467903137207
148	149	en	kin	challenge_SSA-MTE	hyp1	News	NaN	-2.927018165588379
149	150	en	kin	challenge_SSA-MTE	hyp1	News	NaN	-3.7362780570983887
150	151	en	kin	challenge_SSA-MTE	hyp1	News	NaN	-26.955036163330078
151	152	en	kin	challenge_SSA-MTE	hyp1	News	NaN	-12.575916290283203
152	153	en	kin	challenge_SSA-MTE	hyp1	News	NaN	-3.2391228675842285
153	154	en	kin	challenge_SSA-MTE	hyp1	News	NaN	-1.1682991981506348
154	155	en	kin	challenge_SSA-MTE	hyp1	News	NaN	-0.8076070547103882
155	156	en	kin	challenge_SSA-MTE	hyp1	News	NaN	-0.9982756972312927
156	157	en	kin	challenge_SSA-MTE	hyp1	News	NaN	-8.407085418701172
157	158	en	kin	challenge_SSA-MTE	hyp1	News	NaN	-0.7961127758026123
158	159	en	kin	challenge_SSA-MTE	hyp1	News	NaN	-6.468587875366211
159	160	en	kin	challenge_SSA-MTE	hyp1	News	NaN	-0.6863536238670349
160	161	en	kin	challenge_SSA-MTE	hyp1	News	NaN	-3.2941975593566895
161	162	en	kin	challenge_SSA-MTE	hyp1	News	NaN	-1.4391944408416748
162	163	en	kin	challenge_SSA-MTE	hyp1	News	NaN	-19.171192169189453
163	164	en	kin	challenge_SSA-MTE	hyp1	News	NaN	-4.821102142333984
164	165	en	kin	challenge_SSA-MTE	hyp1	News	NaN	-2.4445619583129883
165	166	en	kin	challenge_SSA-MTE	hyp1	News	NaN	-1.3678069114685059
166	167	en	kin	challenge_SSA-MTE	hyp1	News	NaN	-4.0192461013793945
167	168	en	kin	challenge_SSA-MTE	hyp1	News	NaN	-3.2133946418762207
168	169	en	kin	challenge_SSA-MTE	hyp1	News	NaN	-14.249814987182617
169	170	en	kin	challenge_SSA-MTE	hyp1	News	NaN	-12.83681869506836
170	171	en	kin	challenge_SSA-MTE	hyp1	News	NaN	-1.751583218574524
171	172	en	kin	challenge_SSA-MTE	hyp1	News	NaN	-6.070356845855713
172	173	en	kin	challenge_SSA-MTE	hyp1	News	NaN	-2.640226364135742
173	174	en	kin	challenge_SSA-MTE	hyp1	News	NaN	-3.730886220932007
174	175	en	kin	challenge_SSA-MTE	hyp1	News	NaN	-23.997005462646484
175	176	en	kin	challenge_SSA-MTE	hyp1	News	NaN	-1.7203431129455566
176	177	en	kin	challenge_SSA-MTE	hyp1	News	NaN	-9.841856002807617
177	178	en	kin	challenge_SSA-MTE	hyp1	News	NaN	-1.7758519649505615
178	179	en	kin	challenge_SSA-MTE	hyp1	News	NaN	-1.1425296068191528
179	180	en	kin	challenge_SSA-MTE	hyp1	News	NaN	-1.794349193572998
180	181	en	kin	challenge_SSA-MTE	hyp1	News	NaN	-7.554840087890625
181	182	en	kin	challenge_SSA-MTE	hyp1	News	NaN	-1.0631017684936523
182	183	en	kin	challenge_SSA-MTE	hyp1	News	NaN	-7.685898303985596
183	184	en	kin	challenge_SSA-MTE	hyp1	News	NaN	-0.7684888243675232
184	185	en	kin	challenge_SSA-MTE	hyp1	News	NaN	-2.4644486904144287
185	186	en	kin	challenge_SSA-MTE	hyp1	News	NaN	-2.211925983428955
186	187	en	kin	challenge_SSA-MTE	hyp1	News	NaN	-8.30132007598877
187	188	en	kin	challenge_SSA-MTE	hyp1	News	NaN	-7.221405982971191
188	189	en	kin	challenge_SSA-MTE	hyp1	News	NaN	-2.619776725769043
189	190	en	kin	challenge_SSA-MTE	hyp1	News	NaN	-2.8030543327331543
190	191	en	kin	challenge_SSA-MTE	hyp1	News	NaN	-2.6306402683258057
191	192	en	kin	challenge_SSA-MTE	hyp1	News	NaN	-5.956528663635254
192	193	en	kin	challenge_SSA-MTE	hyp1	News	NaN	-13.643522262573242
193	194	en	kin	challenge_SSA-MTE	hyp1	News	NaN	-4.749465465545654
194	195	en	kin	challenge_SSA-MTE	hyp1	News	NaN	-3.1834769248962402
195	196	en	kin	challenge_SSA-MTE	hyp1	News	NaN	-1.5530916452407837
196	197	en	kin	challenge_SSA-MTE	hyp1	News	NaN	-3.8774614334106445
197	198	en	kin	challenge_SSA-MTE	hyp1	News	NaN	-2.461935043334961
198	199	en	kin	challenge_SSA-MTE	hyp1	News	NaN	-14.649467468261719
199	200	en	kin	challenge_SSA-MTE	hyp1	News	NaN	-6.025659561157227
200	201	en	kin	challenge_SSA-MTE	hyp1	News	NaN	-4.880277633666992
201	202	en	kin	challenge_SSA-MTE	hyp1	News	NaN	-4.447408199310303
202	203	en	kin	challenge_SSA-MTE	hyp1	News	NaN	-1.1561095714569092
203	204	en	kin	challenge_SSA-MTE	hyp1	News	NaN	-4.716190338134766
204	205	en	kin	challenge_SSA-MTE	hyp1	News	NaN	-15.80649185180664
205	206	en	kin	challenge_SSA-MTE	hyp1	News	NaN	-2.1249608993530273
206	207	en	kin	challenge_SSA-MTE	hyp1	News	NaN	-1.9831125736236572
207	208	en	kin	challenge_SSA-MTE	hyp1	News	NaN	-2.1562387943267822
208	209	en	kin	challenge_SSA-MTE	hyp1	News	NaN	-1.6558952331542969
209	210	en	kin	challenge_SSA-MTE	hyp1	News	NaN	-1.343461275100708
210	211	en	kin	challenge_SSA-MTE	hyp1	News	NaN	-13.287734985351562
211	212	en	kin	challenge_SSA-MTE	hyp1	News	NaN	-1.5980656147003174
212	213	en	kin	challenge_SSA-MTE	hyp1	News	NaN	-1.6906256675720215
213	214	en	kin	challenge_SSA-MTE	hyp1	News	NaN	-0.740769624710083
214	215	en	kin	challenge_SSA-MTE	hyp1	News	NaN	-8.945136070251465
215	216	en	kin	challenge_SSA-MTE	hyp1	News	NaN	-4.467923164367676
216	217	en	kin	challenge_SSA-MTE	hyp1	News	NaN	-26.75066375732422
217	218	en	kin	challenge_SSA-MTE	hyp1	News	NaN	-3.8373353481292725
218	219	en	kin	challenge_SSA-MTE	hyp1	News	NaN	-11.018621444702148
219	220	en	kin	challenge_SSA-MTE	hyp1	News	NaN	-4.796945571899414
220	221	en	kin	challenge_SSA-MTE	hyp1	News	NaN	-1.457911491394043
221	222	en	kin	challenge_SSA-MTE	hyp1	News	NaN	-3.0450992584228516
222	223	en	kin	challenge_SSA-MTE	hyp1	News	NaN	-25.182632446289062
223	224	en	kin	challenge_SSA-MTE	hyp1	News	NaN	-2.779989242553711
224	225	en	kin	challenge_SSA-MTE	hyp1	News	NaN	-2.951968193054199
225	226	en	kin	challenge_SSA-MTE	hyp1	News	NaN	-1.5861477851867676
226	227	en	kin	challenge_SSA-MTE	hyp1	News	NaN	-1.717498779296875
227	228	en	kin	challenge_SSA-MTE	hyp1	News	NaN	-0.9802745580673218
228	229	en	kin	challenge_SSA-MTE	hyp1	News	NaN	-17.842227935791016
229	230	en	kin	challenge_SSA-MTE	hyp1	News	NaN	-1.6796945333480835
230	231	en	kin	challenge_SSA-MTE	hyp1	News	NaN	-10.326118469238281
231	232	en	kin	challenge_SSA-MTE	hyp1	News	NaN	-2.750713348388672
232	233	en	kin	challenge_SSA-MTE	hyp1	News	NaN	-1.919967532157898
233	234	en	kin	challenge_SSA-MTE	hyp1	News	NaN	-4.525266647338867
234	235	en	kin	challenge_SSA-MTE	hyp1	News	NaN	-17.552139282226562
235	236	en	kin	challenge_SSA-MTE	hyp1	News	NaN	-4.297459125518799
236	237	en	kin	challenge_SSA-MTE	hyp1	News	NaN	-2.2278292179107666
237	238	en	kin	challenge_SSA-MTE	hyp1	News	NaN	-1.746781349182129
238	239	en	kin	challenge_SSA-MTE	hyp1	News	NaN	-0.47947996854782104
239	240	en	kin	challenge_SSA-MTE	hyp1	News	NaN	-0.7265699505805969
240	241	en	kin	challenge_SSA-MTE	hyp1	News	NaN	-12.77940559387207
241	242	en	kin	challenge_SSA-MTE	hyp1	News	NaN	-0.9218705296516418
242	243	en	kin	challenge_SSA-MTE	hyp1	News	NaN	-1.3584837913513184
243	244	en	kin	challenge_SSA-MTE	hyp1	News	NaN	-0.4163738787174225
244	245	en	kin	challenge_SSA-MTE	hyp1	News	NaN	-0.4567491114139557
245	246	en	kin	challenge_SSA-MTE	hyp1	News	NaN	-1.7597298622131348
246	247	en	kin	challenge_SSA-MTE	hyp1	News	NaN	-10.64987564086914
247	248	en	kin	challenge_SSA-MTE	hyp1	News	NaN	-0.756219208240509
248	249	en	kin	challenge_SSA-MTE	hyp1	News	NaN	-0.6526003479957581
249	250	en	kin	challenge_SSA-MTE	hyp1	News	NaN	-0.9870368838310242
250	251	en	kin	challenge_SSA-MTE	hyp1	News	NaN	-2.6957499980926514
251	252	en	kin	challenge_SSA-MTE	hyp1	News	NaN	-22.39118766784668
252	253	en	kin	challenge_SSA-MTE	hyp1	News	NaN	-3.83123779296875
253	254	en	kin	challenge_SSA-MTE	hyp1	News	NaN	-3.7320961952209473
254	255	en	kin	challenge_SSA-MTE	hyp1	News	NaN	-7.303975582122803
255	256	en	kin	challenge_SSA-MTE	hyp1	News	NaN	-5.530226707458496
256	257	en	kin	challenge_SSA-MTE	hyp1	News	NaN	-8.575016021728516
257	258	en	kin	challenge_SSA-MTE	hyp1	News	NaN	-20.53805923461914
258	259	en	kin	challenge_SSA-MTE	hyp1	News	NaN	-15.916744232177734
259	260	en	kin	challenge_SSA-MTE	hyp1	News	NaN	-15.374212265014648
260	261	en	kin	challenge_SSA-MTE	hyp1	News	NaN	-5.711210250854492
261	262	en	kin	challenge_SSA-MTE	hyp1	News	NaN	-3.148087978363037
262	263	en	kin	challenge_SSA-MTE	hyp1	News	NaN	-1.314178228378296
263	264	en	kin	challenge_SSA-MTE	hyp1	News	NaN	-25.467487335205078
264	265	en	kin	challenge_SSA-MTE	hyp1	News	NaN	-0.8860663175582886
265	266	en	kin	challenge_SSA-MTE	hyp1	News	NaN	-7.630012512207031
266	267	en	kin	challenge_SSA-MTE	hyp1	News	NaN	-0.5760791301727295
267	268	en	kin	challenge_SSA-MTE	hyp1	News	NaN	-7.374621391296387
268	269	en	kin	challenge_SSA-MTE	hyp1	News	NaN	-7.093544006347656
269	270	en	kin	challenge_SSA-MTE	hyp1	News	NaN	-27.55762481689453
270	271	en	kin	challenge_SSA-MTE	hyp1	News	NaN	-4.094046592712402
271	272	en	kin	challenge_SSA-MTE	hyp1	News	NaN	-7.071659564971924
272	273	en	kin	challenge_SSA-MTE	hyp1	News	NaN	-10.778558731079102
273	274	en	kin	challenge_SSA-MTE	hyp1	News	NaN	-3.112255573272705
274	275	en	kin	challenge_SSA-MTE	hyp1	News	NaN	-2.345438003540039
275	276	en	kin	challenge_SSA-MTE	hyp1	News	NaN	-4.998264312744141
276	277	en	kin	challenge_SSA-MTE	hyp1	News	NaN	-3.711806058883667
277	278	en	kin	challenge_SSA-MTE	hyp1	News	NaN	-2.6269001960754395
278	279	en	kin	challenge_SSA-MTE	hyp1	News	NaN	-1.5330779552459717
279	280	en	kin	challenge_SSA-MTE	hyp1	News	NaN	-0.9914637804031372
280	281	en	kin	challenge_SSA-MTE	hyp1	News	NaN	-1.5781662464141846
281	282	en	kin	challenge_SSA-MTE	hyp1	News	NaN	-23.84130859375
282	283	en	kin	challenge_SSA-MTE	hyp1	News	NaN	-8.257652282714844
283	284	en	kin	challenge_SSA-MTE	hyp1	News	NaN	-6.163433074951172
284	285	en	kin	challenge_SSA-MTE	hyp1	News	NaN	-0.7940325736999512
285	286	en	kin	challenge_SSA-MTE	hyp1	News	NaN	-3.046729803085327
286	287	en	kin	challenge_SSA-MTE	hyp1	News	NaN	-1.9206249713897705
287	288	en	kin	challenge_SSA-MTE	hyp1	News	NaN	-25.588634490966797
288	289	en	kin	challenge_SSA-MTE	hyp1	News	NaN	-4.988970756530762
289	290	en	kin	challenge_SSA-MTE	hyp1	News	NaN	-4.3830976486206055
290	291	en	kin	challenge_SSA-MTE	hyp1	News	NaN	-1.2995151281356812
291	292	en	kin	challenge_SSA-MTE	hyp1	News	NaN	-4.614699840545654
292	293	en	kin	challenge_SSA-MTE	hyp1	News	NaN	-2.7768993377685547
293	294	en	kin	challenge_SSA-MTE	hyp1	News	NaN	-14.103812217712402
294	295	en	kin	challenge_SSA-MTE	hyp1	News	NaN	-1.3843071460723877
295	296	en	kin	challenge_SSA-MTE	hyp1	News	NaN	-1.0356113910675049
296	297	en	kin	challenge_SSA-MTE	hyp1	News	NaN	-5.383659839630127
297	298	en	kin	challenge_SSA-MTE	hyp1	News	NaN	-4.744571685791016
298	299	en	kin	challenge_SSA-MTE	hyp1	News	NaN	-2.3502817153930664
299	300	en	kin	challenge_SSA-MTE	hyp1	News	NaN	-19.10315704345703
300	301	en	kin	challenge_SSA-MTE	hyp1	News	NaN	-6.414674758911133
301	302	en	kin	challenge_SSA-MTE	hyp1	News	NaN	-7.611044883728027
302	303	en	kin	challenge_SSA-MTE	hyp1	News	NaN	-2.4822068214416504
303	304	en	kin	challenge_SSA-MTE	hyp1	News	NaN	-6.244237422943115
304	305	en	kin	challenge_SSA-MTE	hyp1	News	NaN	-12.059985160827637
305	306	en	kin	challenge_SSA-MTE	hyp1	News	NaN	-17.131855010986328
306	307	en	kin	challenge_SSA-MTE	hyp1	News	NaN	-15.31671142578125
307	308	en	kin	challenge_SSA-MTE	hyp1	News	NaN	-16.566295623779297
308	309	en	kin	challenge_SSA-MTE	hyp1	News	NaN	-3.9810562133789062
309	310	en	kin	challenge_SSA-MTE	hyp1	News	NaN	-6.526748180389404
310	311	en	kin	challenge_SSA-MTE	hyp1	News	NaN	-9.651254653930664
311	312	en	kin	challenge_SSA-MTE	hyp1	News	NaN	-26.570310592651367
312	313	en	kin	challenge_SSA-MTE	hyp1	News	NaN	-22.690933227539062
313	314	en	kin	challenge_SSA-MTE	hyp1	News	NaN	-9.245840072631836
314	315	en	kin	challenge_SSA-MTE	hyp1	News	NaN	-10.333532333374023
315	316	en	kin	challenge_SSA-MTE	hyp1	News	NaN	-6.300539493560791
316	317	en	kin	challenge_SSA-MTE	hyp1	News	NaN	-6.506755828857422
317	318	en	kin	challenge_SSA-MTE	hyp1	News	NaN	-13.719253540039062
318	319	en	kin	challenge_SSA-MTE	hyp1	News	NaN	-7.303571701049805
319	320	en	kin	challenge_SSA-MTE	hyp1	News	NaN	-7.370310306549072
320	321	en	kin	challenge_SSA-MTE	hyp1	News	NaN	-2.6663904190063477
321	322	en	kin	challenge_SSA-MTE	hyp1	News	NaN	-2.1553757190704346
322	323	en	kin	challenge_SSA-MTE	hyp1	News	NaN	-1.0211819410324097
323	324	en	kin	challenge_SSA-MTE	hyp1	News	NaN	-17.680408477783203
324	325	en	kin	challenge_SSA-MTE	hyp1	News	NaN	-5.9536261558532715
325	326	en	kin	challenge_SSA-MTE	hyp1	News	NaN	-3.108328104019165
326	327	en	kin	challenge_SSA-MTE	hyp1	News	NaN	-1.156706690788269
327	328	en	kin	challenge_SSA-MTE	hyp1	News	NaN	-7.22612190246582
328	329	en	kin	challenge_SSA-MTE	hyp1	News	NaN	-0.9751360416412354
329	330	en	kin	challenge_SSA-MTE	hyp1	News	NaN	-2.682194232940674
330	331	en	kin	challenge_SSA-MTE	hyp1	News	NaN	-2.6439261436462402
331	332	en	kin	challenge_SSA-MTE	hyp1	News	NaN	-4.5624494552612305
332	333	en	kin	challenge_SSA-MTE	hyp1	News	NaN	-0.9300235509872437
333	334	en	kin	challenge_SSA-MTE	hyp1	News	NaN	-0.8079144358634949
334	335	en	kin	challenge_SSA-MTE	hyp1	News	NaN	-1.5943758487701416
335	336	en	kin	challenge_SSA-MTE	hyp1	News	NaN	-5.638742923736572
336	337	en	kin	challenge_SSA-MTE	hyp1	News	NaN	-2.129031181335449
337	338	en	kin	challenge_SSA-MTE	hyp1	News	NaN	-0.8685044050216675
338	339	en	kin	challenge_SSA-MTE	hyp1	News	NaN	-1.1605420112609863
339	340	en	kin	challenge_SSA-MTE	hyp1	News	NaN	-2.3090810775756836
340	341	en	kin	challenge_SSA-MTE	hyp1	News	NaN	-11.707324981689453
341	342	en	kin	challenge_SSA-MTE	hyp1	News	NaN	-2.2892465591430664
342	343	en	kin	challenge_SSA-MTE	hyp1	News	NaN	-9.243494033813477
343	344	en	kin	challenge_SSA-MTE	hyp1	News	NaN	-1.4721370935440063
344	345	en	kin	challenge_SSA-MTE	hyp1	News	NaN	-5.411959648132324
345	346	en	kin	challenge_SSA-MTE	hyp1	News	NaN	-2.834818124771118
346	347	en	kin	challenge_SSA-MTE	hyp1	News	NaN	-8.733783721923828
347	348	en	kin	challenge_SSA-MTE	hyp1	News	NaN	-8.518766403198242
348	349	en	kin	challenge_SSA-MTE	hyp1	News	NaN	-3.7598133087158203
349	350	en	kin	challenge_SSA-MTE	hyp1	News	NaN	-0.5904343724250793
350	351	en	kin	challenge_SSA-MTE	hyp1	News	NaN	-4.326569080352783
351	352	en	kin	challenge_SSA-MTE	hyp1	News	NaN	-5.578243255615234
352	353	en	kin	challenge_SSA-MTE	hyp1	News	NaN	-23.515811920166016
353	354	en	kin	challenge_SSA-MTE	hyp1	News	NaN	-3.875124216079712
354	355	en	kin	challenge_SSA-MTE	hyp1	News	NaN	-8.01236629486084
355	356	en	kin	challenge_SSA-MTE	hyp1	News	NaN	-5.19886589050293
356	357	en	kin	challenge_SSA-MTE	hyp1	News	NaN	-0.7553974390029907
357	358	en	kin	challenge_SSA-MTE	hyp1	News	NaN	-2.0297842025756836
358	359	en	kin	challenge_SSA-MTE	hyp1	News	NaN	-15.820297241210938
359	360	en	kin	challenge_SSA-MTE	hyp1	News	NaN	-4.747003555297852
360	361	en	kin	challenge_SSA-MTE	hyp1	News	NaN	-1.2349317073822021
361	362	en	kin	challenge_SSA-MTE	hyp1	News	NaN	-2.4402060508728027
362	363	en	kin	challenge_SSA-MTE	hyp1	News	NaN	-3.3586885929107666
363	364	en	kin	challenge_SSA-MTE	hyp1	News	NaN	-2.1168620586395264
364	365	en	kin	challenge_SSA-MTE	hyp1	News	NaN	-14.321624755859375
365	366	en	kin	challenge_SSA-MTE	hyp1	News	NaN	-5.345161437988281
366	367	en	kin	challenge_SSA-MTE	hyp1	News	NaN	-7.252167224884033
367	368	en	kin	challenge_SSA-MTE	hyp1	News	NaN	-8.737407684326172
368	369	en	kin	challenge_SSA-MTE	hyp1	News	NaN	-3.2285399436950684
369	370	en	kin	challenge_SSA-MTE	hyp1	News	NaN	-1.737951636314392
370	371	en	kin	challenge_SSA-MTE	hyp1	News	NaN	-9.579604148864746
371	372	en	kin	challenge_SSA-MTE	hyp1	News	NaN	-4.931388854980469
372	373	en	kin	challenge_SSA-MTE	hyp1	News	NaN	-6.179378986358643
373	374	en	kin	challenge_SSA-MTE	hyp1	News	NaN	-1.3874175548553467
374	375	en	kin	challenge_SSA-MTE	hyp1	News	NaN	-4.3116302490234375
375	376	en	kin	challenge_SSA-MTE	hyp1	News	NaN	-2.0582056045532227
376	377	en	kin	challenge_SSA-MTE	hyp1	News	NaN	-18.78466033935547
377	378	en	kin	challenge_SSA-MTE	hyp1	News	NaN	-5.188996315002441
378	379	en	kin	challenge_SSA-MTE	hyp1	News	NaN	-2.8674533367156982
379	380	en	kin	challenge_SSA-MTE	hyp1	News	NaN	-5.35308837890625
380	381	en	kin	challenge_SSA-MTE	hyp1	News	NaN	-4.524689674377441
381	382	en	kin	challenge_SSA-MTE	hyp1	News	NaN	-2.940305233001709
382	383	en	kin	challenge_SSA-MTE	hyp1	News	NaN	-5.264875411987305
383	384	en	kin	challenge_SSA-MTE	hyp1	News	NaN	-1.848462462425232
384	385	en	kin	challenge_SSA-MTE	hyp1	News	NaN	-3.815549373626709
385	386	en	kin	challenge_SSA-MTE	hyp1	News	NaN	-2.4813919067382812
386	387	en	kin	challenge_SSA-MTE	hyp1	News	NaN	-1.929481863975525
387	388	en	kin	challenge_SSA-MTE	hyp1	News	NaN	-1.8031373023986816
388	389	en	kin	challenge_SSA-MTE	hyp1	News	NaN	-24.287961959838867
389	390	en	kin	challenge_SSA-MTE	hyp1	News	NaN	-3.519096612930298
390	391	en	kin	challenge_SSA-MTE	hyp1	News	NaN	-4.127002716064453
391	392	en	kin	challenge_SSA-MTE	hyp1	News	NaN	-2.611708402633667
392	393	en	kin	challenge_SSA-MTE	hyp1	News	NaN	-2.6540510654449463
393	394	en	kin	challenge_SSA-MTE	hyp1	News	NaN	-19.45029067993164
394	395	en	kin	challenge_SSA-MTE	hyp1	News	NaN	-2.272322416305542
395	396	en	kin	challenge_SSA-MTE	hyp1	News	NaN	-4.306593418121338
396	397	en	kin	challenge_SSA-MTE	hyp1	News	NaN	-2.4721343517303467
397	398	en	kin	challenge_SSA-MTE	hyp1	News	NaN	-0.267380952835083
398	399	en	kin	challenge_SSA-MTE	hyp1	News	NaN	-0.16742447018623352
399	400	en	kin	challenge_SSA-MTE	hyp1	News	NaN	-9.45290470123291
400	401	en	kin	challenge_SSA-MTE	hyp1	News	NaN	-4.145625114440918
401	402	en	kin	challenge_SSA-MTE	hyp1	News	NaN	-1.3338379859924316
402	403	en	kin	challenge_SSA-MTE	hyp1	News	NaN	-0.8888299465179443
403	404	en	kin	challenge_SSA-MTE	hyp1	News	NaN	-1.3932615518569946
404	405	en	kin	challenge_SSA-MTE	hyp1	News	NaN	-2.9097394943237305
405	406	en	kin	challenge_SSA-MTE	hyp1	News	NaN	-20.40862274169922
406	407	en	kin	challenge_SSA-MTE	hyp1	News	NaN	-2.315476894378662
407	408	en	kin	challenge_SSA-MTE	hyp1	News	NaN	-4.999824523925781
408	409	en	kin	challenge_SSA-MTE	hyp1	News	NaN	-7.123075485229492
409	410	en	kin	challenge_SSA-MTE	hyp1	News	NaN	-1.7823479175567627
410	411	en	kin	challenge_SSA-MTE	hyp1	News	NaN	-2.0063600540161133
411	412	en	kin	challenge_SSA-MTE	hyp1	News	NaN	-6.901968002319336
412	413	en	kin	challenge_SSA-MTE	hyp1	News	NaN	-2.022843837738037
413	414	en	kin	challenge_SSA-MTE	hyp1	News	NaN	-3.784735918045044
414	415	en	kin	challenge_SSA-MTE	hyp1	News	NaN	-1.8198370933532715
415	416	en	kin	challenge_SSA-MTE	hyp1	News	NaN	-2.058039665222168
416	417	en	kin	challenge_SSA-MTE	hyp1	News	NaN	-1.5373600721359253
417	418	en	kin	challenge_SSA-MTE	hyp1	News	NaN	-10.431876182556152
418	419	en	kin	challenge_SSA-MTE	hyp1	News	NaN	-5.429512977600098
419	420	en	kin	challenge_SSA-MTE	hyp1	News	NaN	-2.806333065032959
420	421	en	kin	challenge_SSA-MTE	hyp1	News	NaN	-1.3688092231750488
421	422	en	kin	challenge_SSA-MTE	hyp1	News	NaN	-3.86592698097229
422	423	en	kin	challenge_SSA-MTE	hyp1	News	NaN	-25.64004135131836
423	424	en	kin	challenge_SSA-MTE	hyp1	News	NaN	-4.498706817626953
424	425	en	kin	challenge_SSA-MTE	hyp1	News	NaN	-10.035762786865234
425	426	en	kin	challenge_SSA-MTE	hyp1	News	NaN	-5.509453773498535
426	427	en	kin	challenge_SSA-MTE	hyp1	News	NaN	-1.1668436527252197
427	428	en	kin	challenge_SSA-MTE	hyp1	News	NaN	-3.107062816619873
428	429	en	kin	challenge_SSA-MTE	hyp1	News	NaN	-15.817060470581055
429	430	en	kin	challenge_SSA-MTE	hyp1	News	NaN	-1.9530723094940186
430	431	en	kin	challenge_SSA-MTE	hyp1	News	NaN	-1.7007191181182861
431	432	en	kin	challenge_SSA-MTE	hyp1	News	NaN	-1.7387681007385254
432	433	en	kin	challenge_SSA-MTE	hyp1	News	NaN	-1.7407244443893433
433	434	en	kin	challenge_SSA-MTE	hyp1	News	NaN	-2.1104564666748047
434	435	en	kin	challenge_SSA-MTE	hyp1	News	NaN	-15.633628845214844
435	436	en	kin	challenge_SSA-MTE	hyp1	News	NaN	-1.5810630321502686
436	437	en	kin	challenge_SSA-MTE	hyp1	News	NaN	-3.7710556983947754
437	438	en	kin	challenge_SSA-MTE	hyp1	News	NaN	-1.5478239059448242
438	439	en	kin	challenge_SSA-MTE	hyp1	News	NaN	-2.466780185699463
439	440	en	kin	challenge_SSA-MTE	hyp1	News	NaN	-1.4180744886398315
440	441	en	kin	challenge_SSA-MTE	hyp1	News	NaN	-25.64100456237793
441	442	en	kin	challenge_SSA-MTE	hyp1	News	NaN	-22.815322875976562
442	443	en	kin	challenge_SSA-MTE	hyp1	News	NaN	-4.329380989074707
443	444	en	kin	challenge_SSA-MTE	hyp1	News	NaN	-1.6668877601623535
444	445	en	kin	challenge_SSA-MTE	hyp1	News	NaN	-1.9726636409759521
445	446	en	kin	challenge_SSA-MTE	hyp1	News	NaN	-2.631270408630371
446	447	en	kin	challenge_SSA-MTE	hyp1	News	NaN	-15.4295072555542
447	448	en	kin	challenge_SSA-MTE	hyp1	News	NaN	-5.586271286010742
448	449	en	kin	challenge_SSA-MTE	hyp1	News	NaN	-7.521320343017578
449	450	en	kin	challenge_SSA-MTE	hyp1	News	NaN	-0.9842337965965271
450	451	en	kin	challenge_SSA-MTE	hyp1	News	NaN	-5.477731227874756
451	452	en	kin	challenge_SSA-MTE	hyp1	News	NaN	-4.067931175231934
452	453	en	kin	challenge_SSA-MTE	hyp1	News	NaN	-9.381912231445312
453	454	en	kin	challenge_SSA-MTE	hyp1	News	NaN	-3.821629524230957
454	455	en	kin	challenge_SSA-MTE	hyp1	News	NaN	-3.6717395782470703
455	456	en	kin	challenge_SSA-MTE	hyp1	News	NaN	-2.716865062713623
456	457	en	kin	challenge_SSA-MTE	hyp1	News	NaN	-6.14373254776001
457	458	en	kin	challenge_SSA-MTE	hyp1	News	NaN	-4.116105556488037
458	459	en	kin	challenge_SSA-MTE	hyp1	News	NaN	-19.950977325439453
459	460	en	kin	challenge_SSA-MTE	hyp1	News	NaN	-4.030718803405762
460	461	en	kin	challenge_SSA-MTE	hyp1	News	NaN	-5.083402633666992
461	462	en	kin	challenge_SSA-MTE	hyp1	News	NaN	-4.5353569984436035
462	463	en	kin	challenge_SSA-MTE	hyp1	News	NaN	-0.5727740526199341
463	464	en	kin	challenge_SSA-MTE	hyp1	News	NaN	-0.6799894571304321
464	465	en	kin	challenge_SSA-MTE	hyp1	News	NaN	-10.25759506225586
465	466	en	kin	challenge_SSA-MTE	hyp1	News	NaN	-1.1940631866455078
466	467	en	kin	challenge_SSA-MTE	hyp1	News	NaN	-1.8633908033370972
467	468	en	kin	challenge_SSA-MTE	hyp1	News	NaN	-1.4185597896575928
468	469	en	kin	challenge_SSA-MTE	hyp1	News	NaN	-19.71867561340332
469	470	en	kin	challenge_SSA-MTE	hyp1	News	NaN	-6.944183349609375
470	471	en	kin	challenge_SSA-MTE	hyp1	News	NaN	-5.874027252197266
471	472	en	kin	challenge_SSA-MTE	hyp1	News	NaN	-2.4902710914611816
472	473	en	kin	challenge_SSA-MTE	hyp1	News	NaN	-1.335842490196228
473	474	en	kin	challenge_SSA-MTE	hyp1	News	NaN	-1.5060739517211914
474	475	en	kin	challenge_SSA-MTE	hyp1	News	NaN	-21.97589111328125
475	476	en	kin	challenge_SSA-MTE	hyp1	News	NaN	-4.161728858947754
476	477	en	kin	challenge_SSA-MTE	hyp1	News	NaN	-6.967563629150391
477	478	en	kin	challenge_SSA-MTE	hyp1	News	NaN	-2.7470755577087402
478	479	en	kin	challenge_SSA-MTE	hyp1	News	NaN	-5.175868988037109
479	480	en	kin	challenge_SSA-MTE	hyp1	News	NaN	-3.067073345184326
480	481	en	kin	challenge_SSA-MTE	hyp1	News	NaN	-12.118059158325195
481	482	en	kin	challenge_SSA-MTE	hyp1	News	NaN	-7.939269065856934
482	483	en	kin	challenge_SSA-MTE	hyp1	News	NaN	-2.77432918548584
483	484	en	kin	challenge_SSA-MTE	hyp1	News	NaN	-5.357574462890625
484	485	en	kin	challenge_SSA-MTE	hyp1	News	NaN	-2.1131932735443115
485	486	en	kin	challenge_SSA-MTE	hyp1	News	NaN	-3.2957143783569336
486	487	en	kin	challenge_SSA-MTE	hyp1	News	NaN	-13.265401840209961
487	488	en	kin	challenge_SSA-MTE	hyp1	News	NaN	-2.3758158683776855
488	489	en	kin	challenge_SSA-MTE	hyp1	News	NaN	-1.9743621349334717
489	490	en	kin	challenge_SSA-MTE	hyp1	News	NaN	-6.809027671813965
490	491	en	kin	challenge_SSA-MTE	hyp1	News	NaN	-4.130461692810059
491	492	en	kin	challenge_SSA-MTE	hyp1	News	NaN	-1.3492093086242676
492	493	en	kin	challenge_SSA-MTE	hyp1	News	NaN	-21.61150550842285
493	494	en	kin	challenge_SSA-MTE	hyp1	News	NaN	-0.777747392654419
494	495	en	kin	challenge_SSA-MTE	hyp1	News	NaN	-10.576155662536621
495	496	en	kin	challenge_SSA-MTE	hyp1	News	NaN	-3.1423563957214355
496	497	en	kin	challenge_SSA-MTE	hyp1	News	NaN	-5.152680397033691
497	498	en	kin	challenge_SSA-MTE	hyp1	News	NaN	-1.5240137577056885
498	499	en	kin	challenge_SSA-MTE	hyp1	News	NaN	-28.037036895751953
499	500	en	kin	challenge_SSA-MTE	hyp1	News	NaN	-5.9625139236450195
500	501	en	kin	challenge_SSA-MTE	hyp1	News	NaN	-2.5805134773254395
501	502	en	kin	challenge_SSA-MTE	hyp1	News	NaN	-1.0460474491119385
502	503	en	kin	challenge_SSA-MTE	hyp1	News	NaN	-4.976863384246826
503	504	en	kin	challenge_SSA-MTE	hyp1	News	NaN	-1.29015052318573
504	505	en	kin	challenge_SSA-MTE	hyp1	News	NaN	-7.654244899749756
505	506	en	kin	challenge_SSA-MTE	hyp1	News	NaN	-4.282461166381836
506	507	en	kin	challenge_SSA-MTE	hyp1	News	NaN	-3.804631233215332
507	508	en	kin	challenge_SSA-MTE	hyp1	News	NaN	-9.164697647094727
508	509	en	kin	challenge_SSA-MTE	hyp1	News	NaN	-3.8082571029663086
509	510	en	kin	challenge_SSA-MTE	hyp1	News	NaN	-25.799293518066406
510	511	en	kin	challenge_SSA-MTE	hyp1	News	NaN	-6.074345111846924
511	512	en	kin	challenge_SSA-MTE	hyp1	News	NaN	-11.754632949829102
512	513	en	kin	challenge_SSA-MTE	hyp1	News	NaN	-2.238853931427002
513	514	en	kin	challenge_SSA-MTE	hyp1	News	NaN	-9.211515426635742
514	515	en	kin	challenge_SSA-MTE	hyp1	News	NaN	-7.218274116516113
515	516	en	kin	challenge_SSA-MTE	hyp1	News	NaN	-28.307403564453125
516	517	en	kin	challenge_SSA-MTE	hyp1	News	NaN	-17.345317840576172
517	518	en	kin	challenge_SSA-MTE	hyp1	News	NaN	-18.452789306640625
518	519	en	kin	challenge_SSA-MTE	hyp1	News	NaN	-5.230930328369141
519	520	en	kin	challenge_SSA-MTE	hyp1	News	NaN	-1.9245041608810425
520	521	en	kin	challenge_SSA-MTE	hyp1	News	NaN	-21.612262725830078
521	522	en	kin	challenge_SSA-MTE	hyp1	News	NaN	-10.020086288452148
522	523	en	kin	challenge_SSA-MTE	hyp1	News	NaN	-8.366389274597168
523	524	en	kin	challenge_SSA-MTE	hyp1	News	NaN	-4.3909406661987305
524	525	en	kin	challenge_SSA-MTE	hyp1	News	NaN	-1.8937113285064697
525	526	en	kin	challenge_SSA-MTE	hyp1	News	NaN	-1.6801429986953735
526	527	en	kin	challenge_SSA-MTE	hyp1	News	NaN	-0.9901798963546753
527	528	en	kin	challenge_SSA-MTE	hyp1	News	NaN	-2.729506254196167
528	529	en	kin	challenge_SSA-MTE	hyp1	News	NaN	-2.8889598846435547
529	530	en	kin	challenge_SSA-MTE	hyp1	News	NaN	-2.1932387351989746
530	531	en	kin	challenge_SSA-MTE	hyp1	News	NaN	-0.8187207579612732
531	532	en	kin	challenge_SSA-MTE	hyp1	News	NaN	-0.8057616949081421
532	533	en	kin	challenge_SSA-MTE	hyp1	News	NaN	-6.71168851852417
533	534	en	kin	challenge_SSA-MTE	hyp1	News	NaN	-4.881558418273926
534	535	en	kin	challenge_SSA-MTE	hyp1	News	NaN	-6.657440185546875
535	536	en	kin	challenge_SSA-MTE	hyp1	News	NaN	-1.310641884803772
536	537	en	kin	challenge_SSA-MTE	hyp1	News	NaN	-5.204718589782715
537	538	en	kin	challenge_SSA-MTE	hyp1	News	NaN	-17.860654830932617
538	539	en	kin	challenge_SSA-MTE	hyp1	News	NaN	-13.044275283813477
539	540	en	kin	challenge_SSA-MTE	hyp1	News	NaN	-2.9286012649536133
540	541	en	kin	challenge_SSA-MTE	hyp1	News	NaN	-1.9987521171569824
541	542	en	kin	challenge_SSA-MTE	hyp1	News	NaN	-1.9642970561981201
542	543	en	kin	challenge_SSA-MTE	hyp1	News	NaN	-22.964366912841797
543	544	en	kin	challenge_SSA-MTE	hyp1	News	NaN	-10.49649429321289
544	545	en	kin	challenge_SSA-MTE	hyp1	News	NaN	-2.8509907722473145
545	546	en	kin	challenge_SSA-MTE	hyp1	News	NaN	-1.0009665489196777
546	547	en	kin	challenge_SSA-MTE	hyp1	News	NaN	-1.533815622329712
547	548	en	kin	challenge_SSA-MTE	hyp1	News	NaN	-1.5219508409500122
548	549	en	kin	challenge_SSA-MTE	hyp1	News	NaN	-13.358186721801758
549	550	en	kin	challenge_SSA-MTE	hyp1	News	NaN	-3.7810516357421875
550	551	en	kin	challenge_SSA-MTE	hyp1	News	NaN	-3.3244402408599854
551	552	en	kin	challenge_SSA-MTE	hyp1	News	NaN	-1.7921326160430908
552	553	en	kin	challenge_SSA-MTE	hyp1	News	NaN	-2.5792245864868164
553	554	en	kin	challenge_SSA-MTE	hyp1	News	NaN	-22.181201934814453
554	555	en	kin	challenge_SSA-MTE	hyp1	News	NaN	-5.117578506469727
555	556	en	kin	challenge_SSA-MTE	hyp1	News	NaN	-3.414642333984375
556	557	en	kin	challenge_SSA-MTE	hyp1	News	NaN	-3.7688660621643066
557	558	en	kin	challenge_SSA-MTE	hyp1	News	NaN	-2.942082643508911
558	559	en	kin	challenge_SSA-MTE	hyp1	News	NaN	-0.9165538549423218
559	560	en	kin	challenge_SSA-MTE	hyp1	News	NaN	-4.459077835083008
560	561	en	kin	challenge_SSA-MTE	hyp1	News	NaN	-1.4273241758346558
561	562	en	kin	challenge_SSA-MTE	hyp1	News	NaN	-2.213622570037842
562	563	en	kin	challenge_SSA-MTE	hyp1	News	NaN	-0.8228106498718262
563	564	en	kin	challenge_SSA-MTE	hyp1	News	NaN	-8.592912673950195
564	565	en	kin	challenge_SSA-MTE	hyp1	News	NaN	-7.578207969665527
565	566	en	kin	challenge_SSA-MTE	hyp1	News	NaN	-23.97784423828125
566	567	en	kin	challenge_SSA-MTE	hyp1	News	NaN	-8.3993558883667
567	568	en	kin	challenge_SSA-MTE	hyp1	News	NaN	-3.3268120288848877
568	569	en	kin	challenge_SSA-MTE	hyp1	News	NaN	-7.073982238769531
569	570	en	kin	challenge_SSA-MTE	hyp1	News	NaN	-27.815139770507812
570	571	en	kin	challenge_SSA-MTE	hyp1	News	NaN	-7.8971943855285645
571	572	en	kin	challenge_SSA-MTE	hyp1	News	NaN	-9.58698844909668
572	573	en	kin	challenge_SSA-MTE	hyp1	News	NaN	-2.011324405670166
573	574	en	kin	challenge_SSA-MTE	hyp1	News	NaN	-0.700025200843811
574	575	en	kin	challenge_SSA-MTE	hyp1	News	NaN	-4.118598937988281
575	576	en	kin	challenge_SSA-MTE	hyp1	News	NaN	-2.869401693344116
576	577	en	kin	challenge_SSA-MTE	hyp1	News	NaN	-1.4171123504638672
577	578	en	kin	challenge_SSA-MTE	hyp1	News	NaN	-1.720576286315918
578	579	en	kin	challenge_SSA-MTE	hyp1	News	NaN	-1.3156383037567139
579	580	en	kin	challenge_SSA-MTE	hyp1	News	NaN	-2.4912164211273193
580	581	en	kin	challenge_SSA-MTE	hyp1	News	NaN	-8.493124008178711
581	582	en	kin	challenge_SSA-MTE	hyp1	News	NaN	-1.2954387664794922
582	583	en	kin	challenge_SSA-MTE	hyp1	News	NaN	-0.9967984557151794
583	584	en	kin	challenge_SSA-MTE	hyp1	News	NaN	-1.061116337776184
584	585	en	kin	challenge_SSA-MTE	hyp1	News	NaN	-5.204588413238525
585	586	en	kin	challenge_SSA-MTE	hyp1	News	NaN	-2.9761877059936523
586	587	en	kin	challenge_SSA-MTE	hyp1	News	NaN	-20.22367286682129
587	588	en	kin	challenge_SSA-MTE	hyp1	News	NaN	-7.010273456573486
588	589	en	kin	challenge_SSA-MTE	hyp1	News	NaN	-4.796833515167236
589	590	en	kin	challenge_SSA-MTE	hyp1	News	NaN	-1.4578584432601929
590	591	en	kin	challenge_SSA-MTE	hyp1	News	NaN	-4.870448112487793
591	592	en	kin	challenge_SSA-MTE	hyp1	News	NaN	-1.9290851354599
592	593	en	kin	challenge_SSA-MTE	hyp1	News	NaN	-26.240381240844727
593	594	en	kin	challenge_SSA-MTE	hyp1	News	NaN	-4.263510704040527
594	595	en	kin	challenge_SSA-MTE	hyp1	News	NaN	-6.267986297607422
595	596	en	kin	challenge_SSA-MTE	hyp1	News	NaN	-3.1757378578186035
596	597	en	kin	challenge_SSA-MTE	hyp1	News	NaN	-6.15776252746582
597	598	en	kin	challenge_SSA-MTE	hyp1	News	NaN	-1.404642105102539
598	599	en	kin	challenge_SSA-MTE	hyp1	News	NaN	-26.88665771484375
599	600	en	kin	challenge_SSA-MTE	hyp1	News	NaN	-7.607056617736816
600	601	en	kin	challenge_SSA-MTE	hyp1	News	NaN	-2.1553421020507812
601	602	en	kin	challenge_SSA-MTE	hyp1	News	NaN	-2.84295654296875
602	603	en	kin	challenge_SSA-MTE	hyp1	News	NaN	-16.44072151184082
603	604	en	kin	challenge_SSA-MTE	hyp1	News	NaN	-2.547067880630493
604	605	en	kin	challenge_SSA-MTE	hyp1	News	NaN	-3.6014204025268555
605	606	en	kin	challenge_SSA-MTE	hyp1	News	NaN	-3.643563747406006
606	607	en	kin	challenge_SSA-MTE	hyp1	News	NaN	-1.2902867794036865
607	608	en	kin	challenge_SSA-MTE	hyp1	News	NaN	-1.2890923023223877
608	609	en	kin	challenge_SSA-MTE	hyp1	News	NaN	-12.156665802001953
609	610	en	kin	challenge_SSA-MTE	hyp1	News	NaN	-2.2084381580352783
610	611	en	kin	challenge_SSA-MTE	hyp1	News	NaN	-2.7715063095092773
611	612	en	kin	challenge_SSA-MTE	hyp1	News	NaN	-4.555685520172119
612	613	en	kin	challenge_SSA-MTE	hyp1	News	NaN	-1.9388333559036255
613	614	en	kin	challenge_SSA-MTE	hyp1	News	NaN	-2.0078535079956055
614	615	en	kin	challenge_SSA-MTE	hyp1	News	NaN	-20.44719886779785
615	616	en	kin	challenge_SSA-MTE	hyp1	News	NaN	-17.894859313964844
616	617	en	kin	challenge_SSA-MTE	hyp1	News	NaN	-12.004341125488281
617	618	en	kin	challenge_SSA-MTE	hyp1	News	NaN	-3.133974075317383
618	619	en	kin	challenge_SSA-MTE	hyp1	News	NaN	-1.278043270111084
619	620	en	kin	challenge_SSA-MTE	hyp1	News	NaN	-2.100229024887085
620	621	en	kin	challenge_SSA-MTE	hyp1	News	NaN	-20.657535552978516
621	622	en	kin	challenge_SSA-MTE	hyp1	News	NaN	-1.214813470840454
622	623	en	kin	challenge_SSA-MTE	hyp1	News	NaN	-8.661577224731445
623	624	en	kin	challenge_SSA-MTE	hyp1	News	NaN	-1.7573459148406982
624	625	en	kin	challenge_SSA-MTE	hyp1	News	NaN	-0.8766862154006958
625	626	en	kin	challenge_SSA-MTE	hyp1	News	NaN	-2.797454833984375
626	627	en	kin	challenge_SSA-MTE	hyp1	News	NaN	-17.090085983276367
627	628	en	kin	challenge_SSA-MTE	hyp1	News	NaN	-2.4552512168884277
628	629	en	kin	challenge_SSA-MTE	hyp1	News	NaN	-2.330839157104492
629	630	en	kin	challenge_SSA-MTE	hyp1	News	NaN	-11.503055572509766
630	631	en	kin	challenge_SSA-MTE	hyp1	News	NaN	-6.077578544616699
631	632	en	kin	challenge_SSA-MTE	hyp1	News	NaN	-5.478614807128906
632	633	en	kin	challenge_SSA-MTE	hyp1	News	NaN	-20.755176544189453
633	634	en	kin	challenge_SSA-MTE	hyp1	News	NaN	-5.651407241821289
634	635	en	kin	challenge_SSA-MTE	hyp1	News	NaN	-14.984237670898438
635	636	en	kin	challenge_SSA-MTE	hyp1	News	NaN	-3.355945348739624
636	637	en	kin	challenge_SSA-MTE	hyp1	News	NaN	-2.3783791065216064
637	638	en	kin	challenge_SSA-MTE	hyp1	News	NaN	-1.222813606262207
638	639	en	kin	challenge_SSA-MTE	hyp1	News	NaN	-25.429725646972656
639	640	en	kin	challenge_SSA-MTE	hyp1	News	NaN	-2.7465057373046875
640	641	en	kin	challenge_SSA-MTE	hyp1	News	NaN	-8.081294059753418
641	642	en	kin	challenge_SSA-MTE	hyp1	News	NaN	-1.4427564144134521
642	643	en	kin	challenge_SSA-MTE	hyp1	News	NaN	-1.8312336206436157
643	644	en	kin	challenge_SSA-MTE	hyp1	News	NaN	-1.9520728588104248
644	645	en	kin	challenge_SSA-MTE	hyp1	News	NaN	-24.960857391357422
645	646	en	kin	challenge_SSA-MTE	hyp1	News	NaN	-11.368627548217773
646	647	en	kin	challenge_SSA-MTE	hyp1	News	NaN	-12.20809268951416
647	648	en	kin	challenge_SSA-MTE	hyp1	News	NaN	-1.4222426414489746
648	649	en	kin	challenge_SSA-MTE	hyp1	News	NaN	-11.238563537597656
649	650	en	kin	challenge_SSA-MTE	hyp1	News	NaN	-16.05622100830078
650	651	en	kin	challenge_SSA-MTE	hyp1	News	NaN	-29.119094848632812
651	652	en	kin	challenge_SSA-MTE	hyp1	News	NaN	-12.427041053771973
652	653	en	kin	challenge_SSA-MTE	hyp1	News	NaN	-20.849151611328125
653	654	en	kin	challenge_SSA-MTE	hyp1	News	NaN	-9.592408180236816
654	655	en	kin	challenge_SSA-MTE	hyp1	News	NaN	-1.002915620803833
655	656	en	kin	challenge_SSA-MTE	hyp1	News	NaN	-0.6796801686286926
656	657	en	kin	challenge_SSA-MTE	hyp1	News	NaN	-6.075771331787109
657	658	en	kin	challenge_SSA-MTE	hyp1	News	NaN	-0.44739896059036255
658	659	en	kin	challenge_SSA-MTE	hyp1	News	NaN	-1.2840288877487183
659	660	en	kin	challenge_SSA-MTE	hyp1	News	NaN	-1.113634705543518
660	661	en	kin	challenge_SSA-MTE	hyp1	News	NaN	-5.783409595489502
661	662	en	kin	challenge_SSA-MTE	hyp1	News	NaN	-3.510737180709839
662	663	en	kin	challenge_SSA-MTE	hyp1	News	NaN	-20.64887046813965
663	664	en	kin	challenge_SSA-MTE	hyp1	News	NaN	-12.907828330993652
664	665	en	kin	challenge_SSA-MTE	hyp1	News	NaN	-13.85865592956543
665	666	en	kin	challenge_SSA-MTE	hyp1	News	NaN	-6.822151184082031
666	667	en	kin	challenge_SSA-MTE	hyp1	News	NaN	-6.271626949310303
667	668	en	kin	challenge_SSA-MTE	hyp1	News	NaN	-9.518796920776367
668	669	en	kin	challenge_SSA-MTE	hyp1	News	NaN	-16.066007614135742
669	670	en	kin	challenge_SSA-MTE	hyp1	News	NaN	-7.712634086608887
670	671	en	kin	challenge_SSA-MTE	hyp1	News	NaN	-4.6338276863098145
671	672	en	kin	challenge_SSA-MTE	hyp1	News	NaN	-4.324359893798828
672	673	en	kin	challenge_SSA-MTE	hyp1	News	NaN	-3.754948377609253
673	674	en	kin	challenge_SSA-MTE	hyp1	News	NaN	-16.14881706237793
674	675	en	kin	challenge_SSA-MTE	hyp1	News	NaN	-10.157936096191406
675	676	en	kin	challenge_SSA-MTE	hyp1	News	NaN	-12.233175277709961
676	677	en	kin	challenge_SSA-MTE	hyp1	News	NaN	-4.159886360168457
677	678	en	kin	challenge_SSA-MTE	hyp1	News	NaN	-1.2861499786376953
678	679	en	kin	challenge_SSA-MTE	hyp1	News	NaN	-2.2179040908813477
679	680	en	kin	challenge_SSA-MTE	hyp1	News	NaN	-25.540756225585938
680	681	en	kin	challenge_SSA-MTE	hyp1	News	NaN	-4.225497722625732
681	682	en	kin	challenge_SSA-MTE	hyp1	News	NaN	-5.577428340911865
682	683	en	kin	challenge_SSA-MTE	hyp1	News	NaN	-2.209341526031494
683	684	en	kin	challenge_SSA-MTE	hyp1	News	NaN	-0.6309731006622314
684	685	en	kin	challenge_SSA-MTE	hyp1	News	NaN	-0.7926969528198242
685	686	en	kin	challenge_SSA-MTE	hyp1	News	NaN	-9.950493812561035
686	687	en	kin	challenge_SSA-MTE	hyp1	News	NaN	-5.41497278213501
687	688	en	kin	challenge_SSA-MTE	hyp1	News	NaN	-12.67008113861084
688	689	en	kin	challenge_SSA-MTE	hyp1	News	NaN	-2.4855527877807617
689	690	en	kin	challenge_SSA-MTE	hyp1	News	NaN	-8.646169662475586
690	691	en	kin	challenge_SSA-MTE	hyp1	News	NaN	-2.342482805252075
691	692	en	kin	challenge_SSA-MTE	hyp1	News	NaN	-25.598783493041992
692	693	en	kin	challenge_SSA-MTE	hyp1	News	NaN	-11.497153282165527
693	694	en	kin	challenge_SSA-MTE	hyp1	News	NaN	-5.301669120788574
694	695	en	kin	challenge_SSA-MTE	hyp1	News	NaN	-1.6081743240356445
695	696	en	kin	challenge_SSA-MTE	hyp1	News	NaN	-3.533630847930908
696	697	en	kin	challenge_SSA-MTE	hyp1	News	NaN	-7.95328950881958
697	698	en	kin	challenge_SSA-MTE	hyp1	News	NaN	-18.438697814941406
698	699	en	kin	challenge_SSA-MTE	hyp1	News	NaN	-6.712399959564209
699	700	en	kin	challenge_SSA-MTE	hyp1	News	NaN	-9.359660148620605
700	701	en	kin	challenge_SSA-MTE	hyp1	News	NaN	-2.024977207183838
701	702	en	kin	challenge_SSA-MTE	hyp1	News	NaN	-6.2187066078186035
702	703	en	kin	challenge_SSA-MTE	hyp1	News	NaN	-1.8325204849243164
703	704	en	kin	challenge_SSA-MTE	hyp1	News	NaN	-6.731860160827637
704	705	en	kin	challenge_SSA-MTE	hyp1	News	NaN	-1.9701794385910034
705	706	en	kin	challenge_SSA-MTE	hyp1	News	NaN	-3.0812788009643555
706	707	en	kin	challenge_SSA-MTE	hyp1	News	NaN	-1.3032238483428955
707	708	en	kin	challenge_SSA-MTE	hyp1	News	NaN	-10.953655242919922
708	709	en	kin	challenge_SSA-MTE	hyp1	News	NaN	-3.026066541671753
709	710	en	kin	challenge_SSA-MTE	hyp1	News	NaN	-13.676616668701172
710	711	en	kin	challenge_SSA-MTE	hyp1	News	NaN	-8.894920349121094
711	712	en	kin	challenge_SSA-MTE	hyp1	News	NaN	-3.0693650245666504
712	713	en	kin	challenge_SSA-MTE	hyp1	News	NaN	-3.330111265182495
713	714	en	kin	challenge_SSA-MTE	hyp1	News	NaN	-2.6816916465759277
714	715	en	kin	challenge_SSA-MTE	hyp1	News	NaN	-4.990950584411621
715	716	en	kin	challenge_SSA-MTE	hyp1	News	NaN	-9.557580947875977
716	717	en	kin	challenge_SSA-MTE	hyp1	News	NaN	-2.8628854751586914
717	718	en	kin	challenge_SSA-MTE	hyp1	News	NaN	-3.751464366912842
718	719	en	kin	challenge_SSA-MTE	hyp1	News	NaN	-2.7223355770111084
719	720	en	kin	challenge_SSA-MTE	hyp1	News	NaN	-2.732240915298462
720	721	en	kin	challenge_SSA-MTE	hyp1	News	NaN	-2.8141393661499023
721	722	en	kin	challenge_SSA-MTE	hyp1	News	NaN	-5.207216262817383
722	723	en	kin	challenge_SSA-MTE	hyp1	News	NaN	-3.644331455230713
723	724	en	kin	challenge_SSA-MTE	hyp1	News	NaN	-4.842164516448975
724	725	en	kin	challenge_SSA-MTE	hyp1	News	NaN	-2.249150276184082
725	726	en	kin	challenge_SSA-MTE	hyp1	News	NaN	-1.0426743030548096
726	727	en	kin	challenge_SSA-MTE	hyp1	News	NaN	-1.1390209197998047
727	728	en	kin	challenge_SSA-MTE	hyp1	News	NaN	-7.010864734649658
728	729	en	kin	challenge_SSA-MTE	hyp1	News	NaN	-1.9361580610275269
729	730	en	kin	challenge_SSA-MTE	hyp1	News	NaN	-1.7867454290390015
730	731	en	kin	challenge_SSA-MTE	hyp1	News	NaN	-1.469618797302246
731	732	en	kin	challenge_SSA-MTE	hyp1	News	NaN	-7.901445388793945
732	733	en	kin	challenge_SSA-MTE	hyp1	News	NaN	-4.298499584197998
733	734	en	kin	challenge_SSA-MTE	hyp1	News	NaN	-17.969497680664062
734	735	en	kin	challenge_SSA-MTE	hyp1	News	NaN	-11.11008358001709
735	736	en	kin	challenge_SSA-MTE	hyp1	News	NaN	-10.582905769348145
736	737	en	kin	challenge_SSA-MTE	hyp1	News	NaN	-6.838844299316406
737	738	en	kin	challenge_SSA-MTE	hyp1	News	NaN	-3.512429714202881
738	739	en	kin	challenge_SSA-MTE	hyp1	News	NaN	-4.974409580230713
739	740	en	kin	challenge_SSA-MTE	hyp1	News	NaN	-27.736682891845703
740	741	en	kin	challenge_SSA-MTE	hyp1	News	NaN	-10.145064353942871
741	742	en	kin	challenge_SSA-MTE	hyp1	News	NaN	-11.180377960205078
742	743	en	kin	challenge_SSA-MTE	hyp1	News	NaN	-4.990297317504883
743	744	en	kin	challenge_SSA-MTE	hyp1	News	NaN	-3.8770174980163574
744	745	en	kin	challenge_SSA-MTE	hyp1	News	NaN	-3.0188307762145996
745	746	en	kin	challenge_SSA-MTE	hyp1	News	NaN	-17.782939910888672
746	747	en	kin	challenge_SSA-MTE	hyp1	News	NaN	-10.578056335449219
747	748	en	kin	challenge_SSA-MTE	hyp1	News	NaN	-8.531585693359375
748	749	en	kin	challenge_SSA-MTE	hyp1	News	NaN	-4.290072441101074
749	750	en	kin	challenge_SSA-MTE	hyp1	News	NaN	-2.561647891998291
750	751	en	kin	challenge_SSA-MTE	hyp1	News	NaN	-2.028397560119629
751	752	en	kin	challenge_SSA-MTE	hyp1	News	NaN	-7.815951347351074
752	753	en	kin	challenge_SSA-MTE	hyp1	News	NaN	-3.141341209411621
753	754	en	kin	challenge_SSA-MTE	hyp1	News	NaN	-2.2315995693206787
754	755	en	kin	challenge_SSA-MTE	hyp1	News	NaN	-3.556222677230835
755	756	en	kin	challenge_SSA-MTE	hyp1	News	NaN	-3.7397496700286865
756	757	en	kin	challenge_SSA-MTE	hyp1	News	NaN	-2.8401169776916504
757	758	en	kin	challenge_SSA-MTE	hyp1	News	NaN	-9.601110458374023
758	759	en	kin	challenge_SSA-MTE	hyp1	News	NaN	-3.5954065322875977
759	760	en	kin	challenge_SSA-MTE	hyp1	News	NaN	-3.172667980194092
760	761	en	kin	challenge_SSA-MTE	hyp1	News	NaN	-2.5472817420959473
761	762	en	kin	challenge_SSA-MTE	hyp1	News	NaN	-6.363212585449219
762	763	en	kin	challenge_SSA-MTE	hyp1	News	NaN	-22.01076316833496
763	764	en	kin	challenge_SSA-MTE	hyp1	News	NaN	-14.40506362915039
764	765	en	kin	challenge_SSA-MTE	hyp1	News	NaN	-3.7395472526550293
765	766	en	kin	challenge_SSA-MTE	hyp1	News	NaN	-2.1658997535705566
766	767	en	kin	challenge_SSA-MTE	hyp1	News	NaN	-3.443819046020508
767	768	en	kin	challenge_SSA-MTE	hyp1	News	NaN	-4.815325736999512
768	769	en	kin	challenge_SSA-MTE	hyp1	News	NaN	-10.024892807006836
769	770	en	kin	challenge_SSA-MTE	hyp1	News	NaN	-3.748812198638916
770	771	en	kin	challenge_SSA-MTE	hyp1	News	NaN	-6.37332820892334
771	772	en	kin	challenge_SSA-MTE	hyp1	News	NaN	-4.149357795715332
772	773	en	kin	challenge_SSA-MTE	hyp1	News	NaN	-2.578467845916748
773	774	en	kin	challenge_SSA-MTE	hyp1	News	NaN	-4.166831970214844
774	775	en	kin	challenge_SSA-MTE	hyp1	News	NaN	-15.517496109008789
775	776	en	kin	challenge_SSA-MTE	hyp1	News	NaN	-3.207592487335205
776	777	en	kin	challenge_SSA-MTE	hyp1	News	NaN	-4.296031951904297
777	778	en	kin	challenge_SSA-MTE	hyp1	News	NaN	-4.778833389282227
778	779	en	kin	challenge_SSA-MTE	hyp1	News	NaN	-2.878836154937744
779	780	en	kin	challenge_SSA-MTE	hyp1	News	NaN	-2.017134666442871
780	781	en	kin	challenge_SSA-MTE	hyp1	News	NaN	-10.663030624389648
781	782	en	kin	challenge_SSA-MTE	hyp1	News	NaN	-3.8702573776245117
782	783	en	kin	challenge_SSA-MTE	hyp1	News	NaN	-9.144500732421875
783	784	en	kin	challenge_SSA-MTE	hyp1	News	NaN	-1.8036918640136719
784	785	en	kin	challenge_SSA-MTE	hyp1	News	NaN	-2.2010245323181152
785	786	en	kin	challenge_SSA-MTE	hyp1	News	NaN	-1.9144175052642822
786	787	en	kin	challenge_SSA-MTE	hyp1	News	NaN	-10.733814239501953
787	788	en	kin	challenge_SSA-MTE	hyp1	News	NaN	-7.401337623596191
788	789	en	kin	challenge_SSA-MTE	hyp1	News	NaN	-15.447197914123535
789	790	en	kin	challenge_SSA-MTE	hyp1	News	NaN	-4.627552032470703
790	791	en	kin	challenge_SSA-MTE	hyp1	News	NaN	-5.43177604675293
791	792	en	kin	challenge_SSA-MTE	hyp1	News	NaN	-5.191135406494141
792	793	en	kin	challenge_SSA-MTE	hyp1	News	NaN	-22.374465942382812
793	794	en	kin	challenge_SSA-MTE	hyp1	News	NaN	-3.226482391357422
794	795	en	kin	challenge_SSA-MTE	hyp1	News	NaN	-10.86019515991211
795	796	en	kin	challenge_SSA-MTE	hyp1	News	NaN	-3.181461811065674
796	797	en	kin	challenge_SSA-MTE	hyp1	News	NaN	-1.0645132064819336
797	798	en	kin	challenge_SSA-MTE	hyp1	News	NaN	-4.516051769256592
798	799	en	kin	challenge_SSA-MTE	hyp1	News	NaN	-8.763656616210938
799	800	en	kin	challenge_SSA-MTE	hyp1	News	NaN	-5.439418315887451
800	801	en	kin	challenge_SSA-MTE	hyp1	News	NaN	-1.4415011405944824
801	802	en	kin	challenge_SSA-MTE	hyp1	News	NaN	-2.3759331703186035
802	803	en	kin	challenge_SSA-MTE	hyp1	News	NaN	-1.0753921270370483
803	804	en	kin	challenge_SSA-MTE	hyp1	News	NaN	-16.202146530151367
804	805	en	kin	challenge_SSA-MTE	hyp1	News	NaN	-2.3245551586151123
805	806	en	kin	challenge_SSA-MTE	hyp1	News	NaN	-8.774354934692383
806	807	en	kin	challenge_SSA-MTE	hyp1	News	NaN	-3.060117244720459
807	808	en	kin	challenge_SSA-MTE	hyp1	News	NaN	-1.9233015775680542
808	809	en	kin	challenge_SSA-MTE	hyp1	News	NaN	-2.214592456817627
809	810	en	kin	challenge_SSA-MTE	hyp1	News	NaN	-6.113254547119141
810	811	en	kin	challenge_SSA-MTE	hyp1	News	NaN	-5.038944721221924
811	812	en	kin	challenge_SSA-MTE	hyp1	News	NaN	-4.1844964027404785
812	813	en	kin	challenge_SSA-MTE	hyp1	News	NaN	-1.8174452781677246
813	814	en	kin	challenge_SSA-MTE	hyp1	News	NaN	-6.918040752410889
814	815	en	kin	challenge_SSA-MTE	hyp1	News	NaN	-1.8088951110839844
815	816	en	kin	challenge_SSA-MTE	hyp1	News	NaN	-17.31539535522461
816	817	en	kin	challenge_SSA-MTE	hyp1	News	NaN	-4.271913528442383
817	818	en	kin	challenge_SSA-MTE	hyp1	News	NaN	-1.6687709093093872
818	819	en	kin	challenge_SSA-MTE	hyp1	News	NaN	-2.9930648803710938
819	820	en	kin	challenge_SSA-MTE	hyp1	News	NaN	-2.5737662315368652
820	821	en	kin	challenge_SSA-MTE	hyp1	News	NaN	-1.625434160232544
821	822	en	kin	challenge_SSA-MTE	hyp1	News	NaN	-10.45327377319336
822	823	en	kin	challenge_SSA-MTE	hyp1	News	NaN	-1.2628599405288696
823	824	en	kin	challenge_SSA-MTE	hyp1	News	NaN	-1.2241816520690918
824	825	en	kin	challenge_SSA-MTE	hyp1	News	NaN	-1.1389284133911133
825	826	en	kin	challenge_SSA-MTE	hyp1	News	NaN	-2.235823631286621
826	827	en	kin	challenge_SSA-MTE	hyp1	News	NaN	-3.2554996013641357
827	828	en	kin	challenge_SSA-MTE	hyp1	News	NaN	-10.663434028625488
828	829	en	kin	challenge_SSA-MTE	hyp1	News	NaN	-4.124444961547852
829	830	en	kin	challenge_SSA-MTE	hyp1	News	NaN	-3.457627296447754
830	831	en	kin	challenge_SSA-MTE	hyp1	News	NaN	-1.7529150247573853
831	832	en	kin	challenge_SSA-MTE	hyp1	News	NaN	-11.88637924194336
832	833	en	kin	challenge_SSA-MTE	hyp1	News	NaN	-4.3959197998046875
833	834	en	kin	challenge_SSA-MTE	hyp1	News	NaN	-26.4079532623291
834	835	en	kin	challenge_SSA-MTE	hyp1	News	NaN	-12.544814109802246
835	836	en	kin	challenge_SSA-MTE	hyp1	News	NaN	-6.968432426452637
836	837	en	kin	challenge_SSA-MTE	hyp1	News	NaN	-6.0683088302612305
837	838	en	kin	challenge_SSA-MTE	hyp1	News	NaN	-3.6210803985595703
838	839	en	kin	challenge_SSA-MTE	hyp1	News	NaN	-4.241446495056152
839	840	en	kin	challenge_SSA-MTE	hyp1	News	NaN	-22.821062088012695
840	841	en	kin	challenge_SSA-MTE	hyp1	News	NaN	-6.313411712646484
841	842	en	kin	challenge_SSA-MTE	hyp1	News	NaN	-10.130382537841797
842	843	en	kin	challenge_SSA-MTE	hyp1	News	NaN	-6.2956085205078125
843	844	en	kin	challenge_SSA-MTE	hyp1	News	NaN	-0.6679192781448364
844	845	en	kin	challenge_SSA-MTE	hyp1	News	NaN	-0.6891213655471802
845	846	en	kin	challenge_SSA-MTE	hyp1	News	NaN	-4.970799446105957
846	847	en	kin	challenge_SSA-MTE	hyp1	News	NaN	-0.8670935034751892
847	848	en	kin	challenge_SSA-MTE	hyp1	News	NaN	-4.281313896179199
848	849	en	kin	challenge_SSA-MTE	hyp1	News	NaN	-1.4643195867538452
849	850	en	kin	challenge_SSA-MTE	hyp1	News	NaN	-9.035062789916992
850	851	en	kin	challenge_SSA-MTE	hyp1	News	NaN	-5.560025691986084
851	852	en	kin	challenge_SSA-MTE	hyp1	News	NaN	-18.20958137512207
852	853	en	kin	challenge_SSA-MTE	hyp1	News	NaN	-7.287665367126465
853	854	en	kin	challenge_SSA-MTE	hyp1	News	NaN	-14.998017311096191
854	855	en	kin	challenge_SSA-MTE	hyp1	News	NaN	-1.9720556735992432
855	856	en	kin	challenge_SSA-MTE	hyp1	News	NaN	-2.6076648235321045
856	857	en	kin	challenge_SSA-MTE	hyp1	News	NaN	-12.788346290588379
857	858	en	kin	challenge_SSA-MTE	hyp1	News	NaN	-4.502866268157959
858	859	en	kin	challenge_SSA-MTE	hyp1	News	NaN	-4.526306629180908
859	860	en	kin	challenge_SSA-MTE	hyp1	News	NaN	-2.2170517444610596
860	861	en	kin	challenge_SSA-MTE	hyp1	News	NaN	-1.2704814672470093
861	862	en	kin	challenge_SSA-MTE	hyp1	News	NaN	-5.220113277435303
862	863	en	kin	challenge_SSA-MTE	hyp1	News	NaN	-15.070951461791992
863	864	en	kin	challenge_SSA-MTE	hyp1	News	NaN	-4.833124160766602
864	865	en	kin	challenge_SSA-MTE	hyp1	News	NaN	-4.306820869445801
865	866	en	kin	challenge_SSA-MTE	hyp1	News	NaN	-2.8231496810913086
866	867	en	kin	challenge_SSA-MTE	hyp1	News	NaN	-1.8758169412612915
867	868	en	kin	challenge_SSA-MTE	hyp1	News	NaN	-1.7539558410644531
868	869	en	kin	challenge_SSA-MTE	hyp1	News	NaN	-8.08065414428711
869	870	en	kin	challenge_SSA-MTE	hyp1	News	NaN	-2.4144248962402344
870	871	en	kin	challenge_SSA-MTE	hyp1	News	NaN	-3.5894827842712402
871	872	en	kin	challenge_SSA-MTE	hyp1	News	NaN	-2.0287039279937744
872	873	en	kin	challenge_SSA-MTE	hyp1	News	NaN	-1.8024905920028687
873	874	en	kin	challenge_SSA-MTE	hyp1	News	NaN	-1.7859842777252197
874	875	en	kin	challenge_SSA-MTE	hyp1	News	NaN	-12.246625900268555
875	876	en	kin	challenge_SSA-MTE	hyp1	News	NaN	-5.833105564117432
876	877	en	kin	challenge_SSA-MTE	hyp1	News	NaN	-11.296915054321289
877	878	en	kin	challenge_SSA-MTE	hyp1	News	NaN	-2.7179622650146484
878	879	en	kin	challenge_SSA-MTE	hyp1	News	NaN	-2.1876580715179443
879	880	en	kin	challenge_SSA-MTE	hyp1	News	NaN	-2.5096349716186523
880	881	en	kin	challenge_SSA-MTE	hyp1	News	NaN	-5.737210273742676
881	882	en	kin	challenge_SSA-MTE	hyp1	News	NaN	-1.8184280395507812
882	883	en	kin	challenge_SSA-MTE	hyp1	News	NaN	-6.762954235076904
883	884	en	kin	challenge_SSA-MTE	hyp1	News	NaN	-2.9975831508636475
884	885	en	kin	challenge_SSA-MTE	hyp1	News	NaN	-1.67002272605896
885	886	en	kin	challenge_SSA-MTE	hyp1	News	NaN	-1.280582070350647
886	887	en	kin	challenge_SSA-MTE	hyp1	News	NaN	-21.164104461669922
887	888	en	kin	challenge_SSA-MTE	hyp1	News	NaN	-4.683971881866455
888	889	en	kin	challenge_SSA-MTE	hyp1	News	NaN	-2.82503080368042
889	890	en	kin	challenge_SSA-MTE	hyp1	News	NaN	-1.9714324474334717
890	891	en	kin	challenge_SSA-MTE	hyp1	News	NaN	-1.9842541217803955
891	892	en	kin	challenge_SSA-MTE	hyp1	News	NaN	-2.570631504058838
892	893	en	kin	challenge_SSA-MTE	hyp1	News	NaN	-10.38201904296875
893	894	en	kin	challenge_SSA-MTE	hyp1	News	NaN	-6.100014686584473
894	895	en	kin	challenge_SSA-MTE	hyp1	News	NaN	-4.069423198699951
895	896	en	kin	challenge_SSA-MTE	hyp1	News	NaN	-2.0662014484405518
896	897	en	kin	challenge_SSA-MTE	hyp1	News	NaN	-3.1752490997314453
897	898	en	kin	challenge_SSA-MTE	hyp1	News	NaN	-2.427084445953369
898	899	en	kin	challenge_SSA-MTE	hyp1	News	NaN	-7.687755584716797
899	900	en	kin	challenge_SSA-MTE	hyp1	News	NaN	-3.132817268371582
900	901	en	kin	challenge_SSA-MTE	hyp1	News	NaN	-4.134997367858887
901	902	en	kin	challenge_SSA-MTE	hyp1	News	NaN	-1.4807026386260986
902	903	en	kin	challenge_SSA-MTE	hyp1	News	NaN	-11.562203407287598
903	904	en	kin	challenge_SSA-MTE	hyp1	News	NaN	-10.372626304626465
904	905	en	kin	challenge_SSA-MTE	hyp1	News	NaN	-15.776070594787598
905	906	en	kin	challenge_SSA-MTE	hyp1	News	NaN	-13.679401397705078
906	907	en	kin	challenge_SSA-MTE	hyp1	News	NaN	-16.443483352661133
907	908	en	kin	challenge_SSA-MTE	hyp1	News	NaN	-6.908082962036133
908	909	en	kin	challenge_SSA-MTE	hyp1	News	NaN	-4.217012405395508
909	910	en	kin	challenge_SSA-MTE	hyp1	News	NaN	-12.59012508392334
910	911	en	kin	challenge_SSA-MTE	hyp1	News	NaN	-7.5766801834106445
911	912	en	kin	challenge_SSA-MTE	hyp1	News	NaN	-3.125279426574707
912	913	en	kin	challenge_SSA-MTE	hyp1	News	NaN	-2.620746374130249
913	914	en	kin	challenge_SSA-MTE	hyp1	News	NaN	-2.3091704845428467
914	915	en	kin	challenge_SSA-MTE	hyp1	News	NaN	-5.973862648010254
915	916	en	kin	challenge_SSA-MTE	hyp1	News	NaN	-13.629585266113281
916	917	en	kin	challenge_SSA-MTE	hyp1	News	NaN	-6.9682111740112305
917	918	en	kin	challenge_SSA-MTE	hyp1	News	NaN	-4.665656089782715
918	919	en	kin	challenge_SSA-MTE	hyp1	News	NaN	-2.6923060417175293
919	920	en	kin	challenge_SSA-MTE	hyp1	News	NaN	-5.004482269287109
920	921	en	kin	challenge_SSA-MTE	hyp1	News	NaN	-11.223722457885742
921	922	en	kin	challenge_SSA-MTE	hyp1	News	NaN	-3.886228322982788
922	923	en	kin	challenge_SSA-MTE	hyp1	News	NaN	-3.472447156906128
923	924	en	kin	challenge_SSA-MTE	hyp1	News	NaN	-4.7221527099609375
924	925	en	kin	challenge_SSA-MTE	hyp1	News	NaN	-9.00334358215332
925	926	en	kin	challenge_SSA-MTE	hyp1	News	NaN	-4.217236518859863
926	927	en	kin	challenge_SSA-MTE	hyp1	News	NaN	-26.21050262451172
927	928	en	kin	challenge_SSA-MTE	hyp1	News	NaN	-9.864910125732422
928	929	en	kin	challenge_SSA-MTE	hyp1	News	NaN	-9.793853759765625
929	930	en	kin	challenge_SSA-MTE	hyp1	News	NaN	-6.044243812561035
930	931	en	kin	challenge_SSA-MTE	hyp1	News	NaN	-2.0421700477600098
931	932	en	kin	challenge_SSA-MTE	hyp1	News	NaN	-6.889806270599365
932	933	en	kin	challenge_SSA-MTE	hyp1	News	NaN	-4.803529739379883
933	934	en	kin	challenge_SSA-MTE	hyp1	News	NaN	-5.4550089836120605
934	935	en	kin	challenge_SSA-MTE	hyp1	News	NaN	-5.5129804611206055
935	936	en	kin	challenge_SSA-MTE	hyp1	News	NaN	-5.696534156799316
936	937	en	kin	challenge_SSA-MTE	hyp1	News	NaN	-1.2276824712753296
937	938	en	kin	challenge_SSA-MTE	hyp1	News	NaN	-1.154987096786499
938	939	en	kin	challenge_SSA-MTE	hyp1	News	NaN	-3.329601287841797
939	940	en	kin	challenge_SSA-MTE	hyp1	News	NaN	-1.5251004695892334
940	941	en	kin	challenge_SSA-MTE	hyp1	News	NaN	-4.544980049133301
941	942	en	kin	challenge_SSA-MTE	hyp1	News	NaN	-2.1132030487060547
942	943	en	kin	challenge_SSA-MTE	hyp1	News	NaN	-4.597296714782715
943	944	en	kin	challenge_SSA-MTE	hyp1	News	NaN	-26.514354705810547
944	945	en	kin	challenge_SSA-MTE	hyp1	News	NaN	-2.2749288082122803
945	946	en	kin	challenge_SSA-MTE	hyp1	News	NaN	-2.679915428161621
946	947	en	kin	challenge_SSA-MTE	hyp1	News	NaN	-1.5954718589782715
947	948	en	kin	challenge_SSA-MTE	hyp1	News	NaN	-5.320136070251465
948	949	en	kin	challenge_SSA-MTE	hyp1	News	NaN	-6.2110748291015625
949	950	en	kin	challenge_SSA-MTE	hyp1	News	NaN	-24.360382080078125
950	951	en	kin	challenge_SSA-MTE	hyp1	News	NaN	-15.237010955810547
951	952	en	kin	challenge_SSA-MTE	hyp1	News	NaN	-7.29990291595459
952	953	en	kin	challenge_SSA-MTE	hyp1	News	NaN	-3.6662638187408447
953	954	en	kin	challenge_SSA-MTE	hyp1	News	NaN	-5.624495506286621
954	955	en	kin	challenge_SSA-MTE	hyp1	News	NaN	-8.748501777648926
955	956	en	kin	challenge_SSA-MTE	hyp1	News	NaN	-20.403568267822266
956	957	en	kin	challenge_SSA-MTE	hyp1	News	NaN	-17.797748565673828
957	958	en	kin	challenge_SSA-MTE	hyp1	News	NaN	-10.074481964111328
958	959	en	kin	challenge_SSA-MTE	hyp1	News	NaN	-4.256261825561523
959	960	en	kin	challenge_SSA-MTE	hyp1	News	NaN	-0.7026181817054749
960	961	en	kin	challenge_SSA-MTE	hyp1	News	NaN	-1.0286586284637451
961	962	en	kin	challenge_SSA-MTE	hyp1	News	NaN	-8.319913864135742
962	963	en	kin	challenge_SSA-MTE	hyp1	News	NaN	-3.3194427490234375
963	964	en	kin	challenge_SSA-MTE	hyp1	News	NaN	-6.856114387512207
964	965	en	kin	challenge_SSA-MTE	hyp1	News	NaN	-1.954548716545105
965	966	en	kin	challenge_SSA-MTE	hyp1	News	NaN	-5.992624282836914
966	967	en	kin	challenge_SSA-MTE	hyp1	News	NaN	-2.383209228515625
967	968	en	kin	challenge_SSA-MTE	hyp1	News	NaN	-9.71292495727539
968	969	en	kin	challenge_SSA-MTE	hyp1	News	NaN	-6.056350231170654
969	970	en	kin	challenge_SSA-MTE	hyp1	News	NaN	-3.8600776195526123
970	971	en	kin	challenge_SSA-MTE	hyp1	News	NaN	-4.431150913238525
971	972	en	kin	challenge_SSA-MTE	hyp1	News	NaN	-1.0180938243865967
972	973	en	kin	challenge_SSA-MTE	hyp1	News	NaN	-2.244448661804199
973	974	en	kin	challenge_SSA-MTE	hyp1	News	NaN	-15.040404319763184
974	975	en	kin	challenge_SSA-MTE	hyp1	News	NaN	-7.38045597076416
975	976	en	kin	challenge_SSA-MTE	hyp1	News	NaN	-3.00675106048584
976	977	en	kin	challenge_SSA-MTE	hyp1	News	NaN	-2.764530897140503
977	978	en	kin	challenge_SSA-MTE	hyp1	News	NaN	-1.753927230834961
978	979	en	kin	challenge_SSA-MTE	hyp1	News	NaN	-1.6847366094589233
979	980	en	kin	challenge_SSA-MTE	hyp1	News	NaN	-24.268333435058594
980	981	en	kin	challenge_SSA-MTE	hyp1	News	NaN	-1.3181406259536743
981	982	en	kin	challenge_SSA-MTE	hyp1	News	NaN	-3.667612075805664
982	983	en	kin	challenge_SSA-MTE	hyp1	News	NaN	-3.4162657260894775
983	984	en	kin	challenge_SSA-MTE	hyp1	News	NaN	-4.295722484588623
984	985	en	kin	challenge_SSA-MTE	hyp1	News	NaN	-2.5073676109313965
985	986	en	kin	challenge_SSA-MTE	hyp1	News	NaN	-28.248165130615234
986	987	en	kin	challenge_SSA-MTE	hyp1	News	NaN	-12.830436706542969
987	988	en	kin	challenge_SSA-MTE	hyp1	News	NaN	-2.4899744987487793
988	989	en	kin	challenge_SSA-MTE	hyp1	News	NaN	-1.6121103763580322
989	990	en	kin	challenge_SSA-MTE	hyp1	News	NaN	-1.4227070808410645
990	991	en	kin	challenge_SSA-MTE	hyp1	News	NaN	-2.107335329055786
991	992	en	kin	challenge_SSA-MTE	hyp1	News	NaN	-4.948604583740234
992	993	en	kin	challenge_SSA-MTE	hyp1	News	NaN	-3.522679328918457
993	994	en	kin	challenge_SSA-MTE	hyp1	News	NaN	-3.688413619995117
994	995	en	kin	challenge_SSA-MTE	hyp1	News	NaN	-2.1680915355682373
995	996	en	kin	challenge_SSA-MTE	hyp1	News	NaN	-5.851593971252441
996	997	en	kin	challenge_SSA-MTE	hyp1	News	NaN	-0.5979129076004028
997	998	en	kin	challenge_SSA-MTE	hyp1	News	NaN	-8.859647750854492
998	999	en	kin	challenge_SSA-MTE	hyp1	News	NaN	-1.0149011611938477
999	1000	en	kin	challenge_SSA-MTE	hyp1	News	NaN	-1.2941807508468628
1000	1001	en	kin	challenge_SSA-MTE	hyp1	News	NaN	-2.230271339416504
1001	1002	en	kin	challenge_SSA-MTE	hyp1	News	NaN	-1.3258264064788818
1002	1003	en	kin	challenge_SSA-MTE	hyp1	News	NaN	-0.9139316082000732
1003	1004	en	kin	challenge_SSA-MTE	hyp1	News	NaN	-19.613723754882812
1004	1005	en	kin	challenge_SSA-MTE	hyp1	News	NaN	-2.6836273670196533
1005	1006	en	kin	challenge_SSA-MTE	hyp1	News	NaN	-5.59391450881958
1006	1007	en	kin	challenge_SSA-MTE	hyp1	News	NaN	-0.6320203542709351
1007	1008	en	kin	challenge_SSA-MTE	hyp1	News	NaN	-3.2166919708251953
1008	1009	en	kin	challenge_SSA-MTE	hyp1	News	NaN	-9.905921936035156
1009	1010	en	kin	challenge_SSA-MTE	hyp1	News	NaN	-25.722591400146484
1010	1011	en	kin	challenge_SSA-MTE	hyp1	News	NaN	-6.627094268798828
1011	1012	en	kin	challenge_SSA-MTE	hyp1	News	NaN	-7.035175323486328
1012	1013	en	kin	challenge_SSA-MTE	hyp1	News	NaN	-5.282949447631836
1013	1014	en	kin	challenge_SSA-MTE	hyp1	News	NaN	-3.3598079681396484
1014	1015	en	kin	challenge_SSA-MTE	hyp1	News	NaN	-5.338804244995117
1015	1016	en	kin	challenge_SSA-MTE	hyp1	News	NaN	-19.343454360961914
1016	1017	en	kin	challenge_SSA-MTE	hyp1	News	NaN	-5.2712907791137695
1017	1018	en	kin	challenge_SSA-MTE	hyp1	News	NaN	-2.609492778778076
1018	1019	en	kin	challenge_SSA-MTE	hyp1	News	NaN	-2.6002771854400635
1019	1020	en	kin	challenge_SSA-MTE	hyp1	News	NaN	-3.6186037063598633
1020	1021	en	kin	challenge_SSA-MTE	hyp1	News	NaN	-2.6928887367248535
1021	1022	en	kin	challenge_SSA-MTE	hyp1	News	NaN	-11.638548851013184
1022	1023	en	kin	challenge_SSA-MTE	hyp1	News	NaN	-3.392634868621826
1023	1024	en	kin	challenge_SSA-MTE	hyp1	News	NaN	-8.158088684082031
1024	1025	en	kin	challenge_SSA-MTE	hyp1	News	NaN	-3.041691541671753
1025	1026	en	kin	challenge_SSA-MTE	hyp1	News	NaN	-4.916256904602051
1026	1027	en	kin	challenge_SSA-MTE	hyp1	News	NaN	-2.46156644821167
1027	1028	en	kin	challenge_SSA-MTE	hyp1	News	NaN	-18.99380111694336
1028	1029	en	kin	challenge_SSA-MTE	hyp1	News	NaN	-6.34172248840332
1029	1030	en	kin	challenge_SSA-MTE	hyp1	News	NaN	-4.72538423538208
1030	1031	en	kin	challenge_SSA-MTE	hyp1	News	NaN	-3.408928394317627
1031	1032	en	kin	challenge_SSA-MTE	hyp1	News	NaN	-3.125349521636963
1032	1033	en	kin	challenge_SSA-MTE	hyp1	News	NaN	-14.06351089477539
1033	1034	en	kin	challenge_SSA-MTE	hyp1	News	NaN	-9.494453430175781
1034	1035	en	kin	challenge_SSA-MTE	hyp1	News	NaN	-6.2804856300354
1035	1036	en	kin	challenge_SSA-MTE	hyp1	News	NaN	-3.2041432857513428
1036	1037	en	kin	challenge_SSA-MTE	hyp1	News	NaN	-3.1675827503204346
1037	1038	en	kin	challenge_SSA-MTE	hyp1	News	NaN	-4.602784633636475
1038	1039	en	kin	challenge_SSA-MTE	hyp1	News	NaN	-25.44741439819336
1039	1040	en	kin	challenge_SSA-MTE	hyp1	News	NaN	-8.306119918823242
1040	1041	en	kin	challenge_SSA-MTE	hyp1	News	NaN	-11.731799125671387
1041	1042	en	kin	challenge_SSA-MTE	hyp1	News	NaN	-8.790939331054688
1042	1043	en	kin	challenge_SSA-MTE	hyp1	News	NaN	-8.95955753326416
1043	1044	en	kin	challenge_SSA-MTE	hyp1	News	NaN	-23.453784942626953
1044	1045	en	kin	challenge_SSA-MTE	hyp1	News	NaN	-6.667827606201172
1045	1046	en	kin	challenge_SSA-MTE	hyp1	News	NaN	-9.578371047973633
1046	1047	en	kin	challenge_SSA-MTE	hyp1	News	NaN	-2.9446911811828613
1047	1048	en	kin	challenge_SSA-MTE	hyp1	News	NaN	-1.924354910850525
1048	1049	en	kin	challenge_SSA-MTE	hyp1	News	NaN	-9.186619758605957
1049	1050	en	kin	challenge_SSA-MTE	hyp1	News	NaN	-3.7790305614471436
1050	1051	en	kin	challenge_SSA-MTE	hyp1	News	NaN	-5.151249885559082
1051	1052	en	kin	challenge_SSA-MTE	hyp1	News	NaN	-3.3158533573150635
1052	1053	en	kin	challenge_SSA-MTE	hyp1	News	NaN	-3.9901483058929443
1053	1054	en	kin	challenge_SSA-MTE	hyp1	News	NaN	-6.989265441894531
1054	1055	en	kin	challenge_SSA-MTE	hyp1	News	NaN	-10.902361869812012
1055	1056	en	kin	challenge_SSA-MTE	hyp1	News	NaN	-12.112892150878906
1056	1057	en	kin	challenge_SSA-MTE	hyp1	News	NaN	-7.268609046936035
1057	1058	en	kin	challenge_SSA-MTE	hyp1	News	NaN	-6.805027961730957
1058	1059	en	kin	challenge_SSA-MTE	hyp1	News	NaN	-2.285454273223877
1059	1060	en	kin	challenge_SSA-MTE	hyp1	News	NaN	-5.220606803894043
1060	1061	en	kin	challenge_SSA-MTE	hyp1	News	NaN	-15.093038558959961
1061	1062	en	kin	challenge_SSA-MTE	hyp1	News	NaN	-6.031839370727539
1062	1063	en	kin	challenge_SSA-MTE	hyp1	News	NaN	-3.0643229484558105
1063	1064	en	kin	challenge_SSA-MTE	hyp1	News	NaN	-2.2070188522338867
1064	1065	en	kin	challenge_SSA-MTE	hyp1	News	NaN	-4.552800178527832
1065	1066	en	kin	challenge_SSA-MTE	hyp1	News	NaN	-3.805004119873047
1066	1067	en	kin	challenge_SSA-MTE	hyp1	News	NaN	-12.787811279296875
1067	1068	en	kin	challenge_SSA-MTE	hyp1	News	NaN	-10.154106140136719
1068	1069	en	kin	challenge_SSA-MTE	hyp1	News	NaN	-9.883298873901367
1069	1070	en	kin	challenge_SSA-MTE	hyp1	News	NaN	-8.017786026000977
1070	1071	en	kin	challenge_SSA-MTE	hyp1	News	NaN	-3.1641669273376465
1071	1072	en	kin	challenge_SSA-MTE	hyp1	News	NaN	-7.689102649688721
1072	1073	en	kin	challenge_SSA-MTE	hyp1	News	NaN	-16.596023559570312
1073	1074	en	kin	challenge_SSA-MTE	hyp1	News	NaN	-9.806879043579102
1074	1075	en	kin	challenge_SSA-MTE	hyp1	News	NaN	-9.416461944580078
1075	1076	en	kin	challenge_SSA-MTE	hyp1	News	NaN	-2.3161301612854004
1076	1077	en	kin	challenge_SSA-MTE	hyp1	News	NaN	-3.6980717182159424
1077	1078	en	kin	challenge_SSA-MTE	hyp1	News	NaN	-4.1617231369018555
1078	1079	en	kin	challenge_SSA-MTE	hyp1	News	NaN	-18.8746337890625
1079	1080	en	kin	challenge_SSA-MTE	hyp1	News	NaN	-11.002747535705566
1080	1081	en	kin	challenge_SSA-MTE	hyp1	News	NaN	-16.83678436279297
1081	1082	en	kin	challenge_SSA-MTE	hyp1	News	NaN	-7.446028232574463
1082	1083	en	kin	challenge_SSA-MTE	hyp1	News	NaN	-3.840117931365967
1083	1084	en	kin	challenge_SSA-MTE	hyp1	News	NaN	-4.887151718139648
1084	1085	en	kin	challenge_SSA-MTE	hyp1	News	NaN	-16.43526840209961
1085	1086	en	kin	challenge_SSA-MTE	hyp1	News	NaN	-5.73370361328125
1086	1087	en	kin	challenge_SSA-MTE	hyp1	News	NaN	-3.1725168228149414
1087	1088	en	kin	challenge_SSA-MTE	hyp1	News	NaN	-2.6148014068603516
1088	1089	en	kin	challenge_SSA-MTE	hyp1	News	NaN	-3.143641948699951
1089	1090	en	kin	challenge_SSA-MTE	hyp1	News	NaN	-12.036945343017578
1090	1091	en	kin	challenge_SSA-MTE	hyp1	News	NaN	-4.161250114440918
1091	1092	en	kin	challenge_SSA-MTE	hyp1	News	NaN	-6.204202175140381
1092	1093	en	kin	challenge_SSA-MTE	hyp1	News	NaN	-3.3341763019561768
1093	1094	en	kin	challenge_SSA-MTE	hyp1	News	NaN	-4.318350315093994
1094	1095	en	kin	challenge_SSA-MTE	hyp1	News	NaN	-1.7479782104492188
1095	1096	en	kin	challenge_SSA-MTE	hyp1	News	NaN	-19.195453643798828
1096	1097	en	kin	challenge_SSA-MTE	hyp1	News	NaN	-6.444584369659424
1097	1098	en	kin	challenge_SSA-MTE	hyp1	News	NaN	-13.709997177124023
1098	1099	en	kin	challenge_SSA-MTE	hyp1	News	NaN	-2.580801248550415
1099	1100	en	kin	challenge_SSA-MTE	hyp1	News	NaN	-6.1118364334106445
1100	1101	en	kin	challenge_SSA-MTE	hyp1	News	NaN	-2.5306365489959717
1101	1102	en	kin	challenge_SSA-MTE	hyp1	News	NaN	-12.906269073486328
1102	1103	en	kin	challenge_SSA-MTE	hyp1	News	NaN	-2.381448268890381
1103	1104	en	kin	challenge_SSA-MTE	hyp1	News	NaN	-2.1755306720733643
1104	1105	en	kin	challenge_SSA-MTE	hyp1	News	NaN	-9.53358268737793
1105	1106	en	kin	challenge_SSA-MTE	hyp1	News	NaN	-1.0080831050872803
1106	1107	en	kin	challenge_SSA-MTE	hyp1	News	NaN	-4.754302501678467
1107	1108	en	kin	challenge_SSA-MTE	hyp1	News	NaN	-3.229696273803711
1108	1109	en	kin	challenge_SSA-MTE	hyp1	News	NaN	-0.9181115627288818
1109	1110	en	kin	challenge_SSA-MTE	hyp1	News	NaN	-1.6669461727142334
1110	1111	en	kin	challenge_SSA-MTE	hyp1	News	NaN	-4.813882827758789
1111	1112	en	kin	challenge_SSA-MTE	hyp1	News	NaN	-4.162050247192383
1112	1113	en	kin	challenge_SSA-MTE	hyp1	News	NaN	-2.452126979827881
1113	1114	en	kin	challenge_SSA-MTE	hyp1	News	NaN	-12.714473724365234
1114	1115	en	kin	challenge_SSA-MTE	hyp1	News	NaN	-8.3618745803833
1115	1116	en	kin	challenge_SSA-MTE	hyp1	News	NaN	-11.541013717651367
1116	1117	en	kin	challenge_SSA-MTE	hyp1	News	NaN	-2.1720242500305176
1117	1118	en	kin	challenge_SSA-MTE	hyp1	News	NaN	-1.074115514755249
1118	1119	en	kin	challenge_SSA-MTE	hyp1	News	NaN	-2.0559496879577637
1119	1120	en	kin	challenge_SSA-MTE	hyp1	News	NaN	-14.017294883728027
1120	1121	en	kin	challenge_SSA-MTE	hyp1	News	NaN	-1.8366795778274536
1121	1122	en	kin	challenge_SSA-MTE	hyp1	News	NaN	-2.585690975189209
1122	1123	en	kin	challenge_SSA-MTE	hyp1	News	NaN	-3.175123691558838
1123	1124	en	kin	challenge_SSA-MTE	hyp1	News	NaN	-1.9262232780456543
1124	1125	en	kin	challenge_SSA-MTE	hyp1	News	NaN	-10.895013809204102
1125	1126	en	kin	challenge_SSA-MTE	hyp1	News	NaN	-6.912811279296875
1126	1127	en	kin	challenge_SSA-MTE	hyp1	News	NaN	-2.49802565574646
1127	1128	en	kin	challenge_SSA-MTE	hyp1	News	NaN	-1.8268859386444092
1128	1129	en	kin	challenge_SSA-MTE	hyp1	News	NaN	-4.131659507751465
1129	1130	en	kin	challenge_SSA-MTE	hyp1	News	NaN	-3.2023987770080566
1130	1131	en	kin	challenge_SSA-MTE	hyp1	News	NaN	-29.685443878173828
1131	1132	en	kin	challenge_SSA-MTE	hyp1	News	NaN	-4.236130714416504
1132	1133	en	kin	challenge_SSA-MTE	hyp1	News	NaN	-4.2837677001953125
1133	1134	en	kin	challenge_SSA-MTE	hyp1	News	NaN	-4.484307289123535
1134	1135	en	kin	challenge_SSA-MTE	hyp1	News	NaN	-0.9977453351020813
1135	1136	en	kin	challenge_SSA-MTE	hyp1	News	NaN	-0.9740856289863586
1136	1137	en	kin	challenge_SSA-MTE	hyp1	News	NaN	-16.761741638183594
1137	1138	en	kin	challenge_SSA-MTE	hyp1	News	NaN	-5.497270584106445
1138	1139	en	kin	challenge_SSA-MTE	hyp1	News	NaN	-0.8612236380577087
1139	1140	en	kin	challenge_SSA-MTE	hyp1	News	NaN	-1.1228801012039185
1140	1141	en	kin	challenge_SSA-MTE	hyp1	News	NaN	-3.9162845611572266
1141	1142	en	kin	challenge_SSA-MTE	hyp1	News	NaN	-5.572216987609863
1142	1143	en	kin	challenge_SSA-MTE	hyp1	News	NaN	-17.68897819519043
1143	1144	en	kin	challenge_SSA-MTE	hyp1	News	NaN	-11.843971252441406
1144	1145	en	kin	challenge_SSA-MTE	hyp1	News	NaN	-10.03265380859375
1145	1146	en	kin	challenge_SSA-MTE	hyp1	News	NaN	-5.834479808807373
1146	1147	en	kin	challenge_SSA-MTE	hyp1	News	NaN	-4.663761615753174
1147	1148	en	kin	challenge_SSA-MTE	hyp1	News	NaN	-6.749251365661621
1148	1149	en	kin	challenge_SSA-MTE	hyp1	News	NaN	-18.210351943969727
1149	1150	en	kin	challenge_SSA-MTE	hyp1	News	NaN	-21.50872039794922
1150	1151	en	kin	challenge_SSA-MTE	hyp1	News	NaN	-14.940515518188477
1151	1152	en	kin	challenge_SSA-MTE	hyp1	News	NaN	-4.745980262756348
1152	1153	en	kin	challenge_SSA-MTE	hyp1	News	NaN	-2.2498719692230225
1153	1154	en	kin	challenge_SSA-MTE	hyp1	News	NaN	-2.2194414138793945
1154	1155	en	kin	challenge_SSA-MTE	hyp1	News	NaN	-11.486763000488281
1155	1156	en	kin	challenge_SSA-MTE	hyp1	News	NaN	-1.9351930618286133
1156	1157	en	kin	challenge_SSA-MTE	hyp1	News	NaN	-4.972717761993408
1157	1158	en	kin	challenge_SSA-MTE	hyp1	News	NaN	-1.5772817134857178
1158	1159	en	kin	challenge_SSA-MTE	hyp1	News	NaN	-2.4475040435791016
1159	1160	en	kin	challenge_SSA-MTE	hyp1	News	NaN	-8.279640197753906
1160	1161	en	kin	challenge_SSA-MTE	hyp1	News	NaN	-17.212440490722656
1161	1162	en	kin	challenge_SSA-MTE	hyp1	News	NaN	-5.124753475189209
1162	1163	en	kin	challenge_SSA-MTE	hyp1	News	NaN	-4.904799938201904
1163	1164	en	kin	challenge_SSA-MTE	hyp1	News	NaN	-2.8148765563964844
1164	1165	en	kin	challenge_SSA-MTE	hyp1	News	NaN	-5.212695598602295
1165	1166	en	kin	challenge_SSA-MTE	hyp1	News	NaN	-3.3731117248535156
1166	1167	en	kin	challenge_SSA-MTE	hyp1	News	NaN	-16.756778717041016
1167	1168	en	kin	challenge_SSA-MTE	hyp1	News	NaN	-8.11573600769043
1168	1169	en	kin	challenge_SSA-MTE	hyp1	News	NaN	-7.279589653015137
1169	1170	en	kin	challenge_SSA-MTE	hyp1	News	NaN	-6.534339904785156
1170	1171	en	kin	challenge_SSA-MTE	hyp1	News	NaN	-2.124392032623291
1171	1172	en	kin	challenge_SSA-MTE	hyp1	News	NaN	-2.791165590286255
1172	1173	en	kin	challenge_SSA-MTE	hyp1	News	NaN	-26.663162231445312
1173	1174	en	kin	challenge_SSA-MTE	hyp1	News	NaN	-9.104783058166504
1174	1175	en	kin	challenge_SSA-MTE	hyp1	News	NaN	-4.898548126220703
1175	1176	en	kin	challenge_SSA-MTE	hyp1	News	NaN	-2.146707773208618
1176	1177	en	kin	challenge_SSA-MTE	hyp1	News	NaN	-1.1718199253082275
1177	1178	en	kin	challenge_SSA-MTE	hyp1	News	NaN	-1.9860811233520508
1178	1179	en	kin	challenge_SSA-MTE	hyp1	News	NaN	-4.598343849182129
1179	1180	en	kin	challenge_SSA-MTE	hyp1	News	NaN	-1.6410932540893555
1180	1181	en	kin	challenge_SSA-MTE	hyp1	News	NaN	-2.9619674682617188
1181	1182	en	kin	challenge_SSA-MTE	hyp1	News	NaN	-2.3731987476348877
1182	1183	en	kin	challenge_SSA-MTE	hyp1	News	NaN	-2.919717311859131
1183	1184	en	kin	challenge_SSA-MTE	hyp1	News	NaN	-3.9770381450653076
1184	1185	en	kin	challenge_SSA-MTE	hyp1	News	NaN	-24.392547607421875
1185	1186	en	kin	challenge_SSA-MTE	hyp1	News	NaN	-12.755380630493164
1186	1187	en	kin	challenge_SSA-MTE	hyp1	News	NaN	-9.930068969726562
1187	1188	en	kin	challenge_SSA-MTE	hyp1	News	NaN	-1.1069700717926025
1188	1189	en	kin	challenge_SSA-MTE	hyp1	News	NaN	-3.746479034423828
1189	1190	en	kin	challenge_SSA-MTE	hyp1	News	NaN	-2.953871726989746
1190	1191	en	kin	challenge_SSA-MTE	hyp1	News	NaN	-9.831306457519531
1191	1192	en	kin	challenge_SSA-MTE	hyp1	News	NaN	-1.5411654710769653
1192	1193	en	kin	challenge_SSA-MTE	hyp1	News	NaN	-1.2643247842788696
1193	1194	en	kin	challenge_SSA-MTE	hyp1	News	NaN	-1.7345839738845825
1194	1195	en	kin	challenge_SSA-MTE	hyp1	News	NaN	-19.520973205566406
1195	1196	en	kin	challenge_SSA-MTE	hyp1	News	NaN	-7.435812950134277
1196	1197	en	kin	challenge_SSA-MTE	hyp1	News	NaN	-12.002645492553711
1197	1198	en	kin	challenge_SSA-MTE	hyp1	News	NaN	-2.0431032180786133
1198	1199	en	kin	challenge_SSA-MTE	hyp1	News	NaN	-1.8247270584106445
1199	1200	en	kin	challenge_SSA-MTE	hyp1	News	NaN	-9.616314888000488
1200	1201	en	kin	challenge_SSA-MTE	hyp1	News	NaN	-20.568510055541992
1201	1202	en	kin	challenge_SSA-MTE	hyp1	News	NaN	-9.060372352600098
1202	1203	en	kin	challenge_SSA-MTE	hyp1	News	NaN	-9.976218223571777
1203	1204	en	kin	challenge_SSA-MTE	hyp1	News	NaN	-3.1475157737731934
1204	1205	en	kin	challenge_SSA-MTE	hyp1	News	NaN	-1.8697147369384766
1205	1206	en	kin	challenge_SSA-MTE	hyp1	News	NaN	-1.8636815547943115
1206	1207	en	kin	challenge_SSA-MTE	hyp1	News	NaN	-16.57040786743164
1207	1208	en	kin	challenge_SSA-MTE	hyp1	News	NaN	-10.316007614135742
1208	1209	en	kin	challenge_SSA-MTE	hyp1	News	NaN	-10.522802352905273
1209	1210	en	kin	challenge_SSA-MTE	hyp1	News	NaN	-0.9064969420433044
0	1	en	luo	challenge_SSA-MTE	hyp1	News	NaN	-12.364158630371094
1	2	en	luo	challenge_SSA-MTE	hyp1	News	NaN	-10.995031356811523
2	3	en	luo	challenge_SSA-MTE	hyp1	News	NaN	-13.365571022033691
3	4	en	luo	challenge_SSA-MTE	hyp1	News	NaN	-14.74662971496582
4	5	en	luo	challenge_SSA-MTE	hyp1	News	NaN	-11.039493560791016
5	6	en	luo	challenge_SSA-MTE	hyp1	News	NaN	-13.325366020202637
6	7	en	luo	challenge_SSA-MTE	hyp1	News	NaN	-17.390871047973633
7	8	en	luo	challenge_SSA-MTE	hyp1	News	NaN	-12.863844871520996
8	9	en	luo	challenge_SSA-MTE	hyp1	News	NaN	-14.598978996276855
9	10	en	luo	challenge_SSA-MTE	hyp1	News	NaN	-11.85617446899414
10	11	en	luo	challenge_SSA-MTE	hyp1	News	NaN	-7.353054046630859
11	12	en	luo	challenge_SSA-MTE	hyp1	News	NaN	-10.26734733581543
12	13	en	luo	challenge_SSA-MTE	hyp1	News	NaN	-11.48668384552002
13	14	en	luo	challenge_SSA-MTE	hyp1	News	NaN	-24.598613739013672
14	15	en	luo	challenge_SSA-MTE	hyp1	News	NaN	-10.076623916625977
15	16	en	luo	challenge_SSA-MTE	hyp1	News	NaN	-13.1564359664917
16	17	en	luo	challenge_SSA-MTE	hyp1	News	NaN	-11.530633926391602
17	18	en	luo	challenge_SSA-MTE	hyp1	News	NaN	-15.534722328186035
18	19	en	luo	challenge_SSA-MTE	hyp1	News	NaN	-22.082630157470703
19	20	en	luo	challenge_SSA-MTE	hyp1	News	NaN	-11.38538646697998
20	21	en	luo	challenge_SSA-MTE	hyp1	News	NaN	-9.581792831420898
21	22	en	luo	challenge_SSA-MTE	hyp1	News	NaN	-17.430946350097656
22	23	en	luo	challenge_SSA-MTE	hyp1	News	NaN	-12.125839233398438
23	24	en	luo	challenge_SSA-MTE	hyp1	News	NaN	-10.869379997253418
24	25	en	luo	challenge_SSA-MTE	hyp1	News	NaN	-22.61994171142578
25	26	en	luo	challenge_SSA-MTE	hyp1	News	NaN	-14.355610847473145
26	27	en	luo	challenge_SSA-MTE	hyp1	News	NaN	-8.437324523925781
27	28	en	luo	challenge_SSA-MTE	hyp1	News	NaN	-10.934921264648438
28	29	en	luo	challenge_SSA-MTE	hyp1	News	NaN	-6.264796257019043
29	30	en	luo	challenge_SSA-MTE	hyp1	News	NaN	-10.217940330505371
30	31	en	luo	challenge_SSA-MTE	hyp1	News	NaN	-16.394615173339844
31	32	en	luo	challenge_SSA-MTE	hyp1	News	NaN	-4.872470855712891
32	33	en	luo	challenge_SSA-MTE	hyp1	News	NaN	-6.463081359863281
33	34	en	luo	challenge_SSA-MTE	hyp1	News	NaN	-7.261933326721191
34	35	en	luo	challenge_SSA-MTE	hyp1	News	NaN	-5.1772027015686035
35	36	en	luo	challenge_SSA-MTE	hyp1	News	NaN	-10.273168563842773
36	37	en	luo	challenge_SSA-MTE	hyp1	News	NaN	-7.789322853088379
37	38	en	luo	challenge_SSA-MTE	hyp1	News	NaN	-5.50303840637207
38	39	en	luo	challenge_SSA-MTE	hyp1	News	NaN	-9.490335464477539
39	40	en	luo	challenge_SSA-MTE	hyp1	News	NaN	-8.107064247131348
40	41	en	luo	challenge_SSA-MTE	hyp1	News	NaN	-7.805075645446777
41	42	en	luo	challenge_SSA-MTE	hyp1	News	NaN	-12.022116661071777
42	43	en	luo	challenge_SSA-MTE	hyp1	News	NaN	-9.324808120727539
43	44	en	luo	challenge_SSA-MTE	hyp1	News	NaN	-7.1981096267700195
44	45	en	luo	challenge_SSA-MTE	hyp1	News	NaN	-9.692012786865234
45	46	en	luo	challenge_SSA-MTE	hyp1	News	NaN	-7.394711494445801
46	47	en	luo	challenge_SSA-MTE	hyp1	News	NaN	-10.619224548339844
47	48	en	luo	challenge_SSA-MTE	hyp1	News	NaN	-11.43940544128418
48	49	en	luo	challenge_SSA-MTE	hyp1	News	NaN	-22.296070098876953
49	50	en	luo	challenge_SSA-MTE	hyp1	News	NaN	-12.867857933044434
50	51	en	luo	challenge_SSA-MTE	hyp1	News	NaN	-11.040109634399414
51	52	en	luo	challenge_SSA-MTE	hyp1	News	NaN	-10.871992111206055
52	53	en	luo	challenge_SSA-MTE	hyp1	News	NaN	-7.206880569458008
53	54	en	luo	challenge_SSA-MTE	hyp1	News	NaN	-9.180360794067383
54	55	en	luo	challenge_SSA-MTE	hyp1	News	NaN	-27.715852737426758
55	56	en	luo	challenge_SSA-MTE	hyp1	News	NaN	-11.519124984741211
56	57	en	luo	challenge_SSA-MTE	hyp1	News	NaN	-10.65507698059082
57	58	en	luo	challenge_SSA-MTE	hyp1	News	NaN	-13.286288261413574
58	59	en	luo	challenge_SSA-MTE	hyp1	News	NaN	-15.734716415405273
59	60	en	luo	challenge_SSA-MTE	hyp1	News	NaN	-23.720741271972656
60	61	en	luo	challenge_SSA-MTE	hyp1	News	NaN	-11.468505859375
61	62	en	luo	challenge_SSA-MTE	hyp1	News	NaN	-12.044118881225586
62	63	en	luo	challenge_SSA-MTE	hyp1	News	NaN	-11.537612915039062
63	64	en	luo	challenge_SSA-MTE	hyp1	News	NaN	-6.561480522155762
64	65	en	luo	challenge_SSA-MTE	hyp1	News	NaN	-6.284629821777344
65	66	en	luo	challenge_SSA-MTE	hyp1	News	NaN	-21.984535217285156
66	67	en	luo	challenge_SSA-MTE	hyp1	News	NaN	-5.2089996337890625
67	68	en	luo	challenge_SSA-MTE	hyp1	News	NaN	-4.993972301483154
68	69	en	luo	challenge_SSA-MTE	hyp1	News	NaN	-7.197005748748779
69	70	en	luo	challenge_SSA-MTE	hyp1	News	NaN	-8.405805587768555
70	71	en	luo	challenge_SSA-MTE	hyp1	News	NaN	-10.67633056640625
71	72	en	luo	challenge_SSA-MTE	hyp1	News	NaN	-24.922992706298828
72	73	en	luo	challenge_SSA-MTE	hyp1	News	NaN	-9.399877548217773
73	74	en	luo	challenge_SSA-MTE	hyp1	News	NaN	-11.017067909240723
74	75	en	luo	challenge_SSA-MTE	hyp1	News	NaN	-13.340475082397461
75	76	en	luo	challenge_SSA-MTE	hyp1	News	NaN	-7.146705627441406
76	77	en	luo	challenge_SSA-MTE	hyp1	News	NaN	-12.31241226196289
77	78	en	luo	challenge_SSA-MTE	hyp1	News	NaN	-17.14487648010254
78	79	en	luo	challenge_SSA-MTE	hyp1	News	NaN	-9.230497360229492
79	80	en	luo	challenge_SSA-MTE	hyp1	News	NaN	-12.559157371520996
80	81	en	luo	challenge_SSA-MTE	hyp1	News	NaN	-6.726484298706055
81	82	en	luo	challenge_SSA-MTE	hyp1	News	NaN	-7.7254228591918945
82	83	en	luo	challenge_SSA-MTE	hyp1	News	NaN	-8.433369636535645
83	84	en	luo	challenge_SSA-MTE	hyp1	News	NaN	-20.805147171020508
84	85	en	luo	challenge_SSA-MTE	hyp1	News	NaN	-9.852752685546875
85	86	en	luo	challenge_SSA-MTE	hyp1	News	NaN	-8.494029998779297
86	87	en	luo	challenge_SSA-MTE	hyp1	News	NaN	-7.193966865539551
87	88	en	luo	challenge_SSA-MTE	hyp1	News	NaN	-14.670924186706543
88	89	en	luo	challenge_SSA-MTE	hyp1	News	NaN	-9.243921279907227
89	90	en	luo	challenge_SSA-MTE	hyp1	News	NaN	-7.604632377624512
90	91	en	luo	challenge_SSA-MTE	hyp1	News	NaN	-26.434375762939453
91	92	en	luo	challenge_SSA-MTE	hyp1	News	NaN	-6.623979568481445
92	93	en	luo	challenge_SSA-MTE	hyp1	News	NaN	-17.01251983642578
93	94	en	luo	challenge_SSA-MTE	hyp1	News	NaN	-20.78813362121582
94	95	en	luo	challenge_SSA-MTE	hyp1	News	NaN	-25.820175170898438
95	96	en	luo	challenge_SSA-MTE	hyp1	News	NaN	-20.423233032226562
96	97	en	luo	challenge_SSA-MTE	hyp1	News	NaN	-17.119537353515625
97	98	en	luo	challenge_SSA-MTE	hyp1	News	NaN	-16.34272575378418
98	99	en	luo	challenge_SSA-MTE	hyp1	News	NaN	-8.849746704101562
99	100	en	luo	challenge_SSA-MTE	hyp1	News	NaN	-11.041593551635742
100	101	en	luo	challenge_SSA-MTE	hyp1	News	NaN	-18.14818572998047
101	102	en	luo	challenge_SSA-MTE	hyp1	News	NaN	-7.720001220703125
102	103	en	luo	challenge_SSA-MTE	hyp1	News	NaN	-10.040312767028809
103	104	en	luo	challenge_SSA-MTE	hyp1	News	NaN	-19.351133346557617
104	105	en	luo	challenge_SSA-MTE	hyp1	News	NaN	-7.631549835205078
105	106	en	luo	challenge_SSA-MTE	hyp1	News	NaN	-7.469560623168945
106	107	en	luo	challenge_SSA-MTE	hyp1	News	NaN	-21.895004272460938
107	108	en	luo	challenge_SSA-MTE	hyp1	News	NaN	-8.06045150756836
108	109	en	luo	challenge_SSA-MTE	hyp1	News	NaN	-5.32713508605957
109	110	en	luo	challenge_SSA-MTE	hyp1	News	NaN	-6.991896629333496
110	111	en	luo	challenge_SSA-MTE	hyp1	News	NaN	-12.421228408813477
111	112	en	luo	challenge_SSA-MTE	hyp1	News	NaN	-11.933632850646973
112	113	en	luo	challenge_SSA-MTE	hyp1	News	NaN	-22.52851104736328
113	114	en	luo	challenge_SSA-MTE	hyp1	News	NaN	-12.505090713500977
114	115	en	luo	challenge_SSA-MTE	hyp1	News	NaN	-8.715188980102539
115	116	en	luo	challenge_SSA-MTE	hyp1	News	NaN	-8.802580833435059
116	117	en	luo	challenge_SSA-MTE	hyp1	News	NaN	-23.735076904296875
117	118	en	luo	challenge_SSA-MTE	hyp1	News	NaN	-13.797281265258789
118	119	en	luo	challenge_SSA-MTE	hyp1	News	NaN	-24.518898010253906
119	120	en	luo	challenge_SSA-MTE	hyp1	News	NaN	-13.244449615478516
120	121	en	luo	challenge_SSA-MTE	hyp1	News	NaN	-9.638625144958496
121	122	en	luo	challenge_SSA-MTE	hyp1	News	NaN	-12.175676345825195
122	123	en	luo	challenge_SSA-MTE	hyp1	News	NaN	-6.263354301452637
123	124	en	luo	challenge_SSA-MTE	hyp1	News	NaN	-10.93000316619873
124	125	en	luo	challenge_SSA-MTE	hyp1	News	NaN	-11.471531867980957
125	126	en	luo	challenge_SSA-MTE	hyp1	News	NaN	-12.255081176757812
126	127	en	luo	challenge_SSA-MTE	hyp1	News	NaN	-12.359027862548828
127	128	en	luo	challenge_SSA-MTE	hyp1	News	NaN	-18.11685562133789
128	129	en	luo	challenge_SSA-MTE	hyp1	News	NaN	-20.25405502319336
129	130	en	luo	challenge_SSA-MTE	hyp1	News	NaN	-21.864505767822266
130	131	en	luo	challenge_SSA-MTE	hyp1	News	NaN	-10.219377517700195
131	132	en	luo	challenge_SSA-MTE	hyp1	News	NaN	-15.772674560546875
132	133	en	luo	challenge_SSA-MTE	hyp1	News	NaN	-8.894554138183594
133	134	en	luo	challenge_SSA-MTE	hyp1	News	NaN	-18.401779174804688
134	135	en	luo	challenge_SSA-MTE	hyp1	News	NaN	-26.41242027282715
135	136	en	luo	challenge_SSA-MTE	hyp1	News	NaN	-9.277003288269043
136	137	en	luo	challenge_SSA-MTE	hyp1	News	NaN	-10.07599925994873
137	138	en	luo	challenge_SSA-MTE	hyp1	News	NaN	-14.44550609588623
138	139	en	luo	challenge_SSA-MTE	hyp1	News	NaN	-16.243255615234375
139	140	en	luo	challenge_SSA-MTE	hyp1	News	NaN	-9.957352638244629
140	141	en	luo	challenge_SSA-MTE	hyp1	News	NaN	-11.770536422729492
141	142	en	luo	challenge_SSA-MTE	hyp1	News	NaN	-11.353439331054688
142	143	en	luo	challenge_SSA-MTE	hyp1	News	NaN	-7.924069404602051
143	144	en	luo	challenge_SSA-MTE	hyp1	News	NaN	-11.255929946899414
144	145	en	luo	challenge_SSA-MTE	hyp1	News	NaN	-10.885415077209473
145	146	en	luo	challenge_SSA-MTE	hyp1	News	NaN	-10.937116622924805
146	147	en	luo	challenge_SSA-MTE	hyp1	News	NaN	-18.057390213012695
147	148	en	luo	challenge_SSA-MTE	hyp1	News	NaN	-13.196979522705078
148	149	en	luo	challenge_SSA-MTE	hyp1	News	NaN	-10.817447662353516
149	150	en	luo	challenge_SSA-MTE	hyp1	News	NaN	-13.069314002990723
150	151	en	luo	challenge_SSA-MTE	hyp1	News	NaN	-15.691811561584473
151	152	en	luo	challenge_SSA-MTE	hyp1	News	NaN	-11.719627380371094
152	153	en	luo	challenge_SSA-MTE	hyp1	News	NaN	-11.0567626953125
153	154	en	luo	challenge_SSA-MTE	hyp1	News	NaN	-10.02059268951416
154	155	en	luo	challenge_SSA-MTE	hyp1	News	NaN	-10.516949653625488
155	156	en	luo	challenge_SSA-MTE	hyp1	News	NaN	-10.23936653137207
156	157	en	luo	challenge_SSA-MTE	hyp1	News	NaN	-18.611799240112305
157	158	en	luo	challenge_SSA-MTE	hyp1	News	NaN	-15.99582290649414
158	159	en	luo	challenge_SSA-MTE	hyp1	News	NaN	-23.098567962646484
159	160	en	luo	challenge_SSA-MTE	hyp1	News	NaN	-17.10213279724121
160	161	en	luo	challenge_SSA-MTE	hyp1	News	NaN	-15.5502290725708
161	162	en	luo	challenge_SSA-MTE	hyp1	News	NaN	-7.116301536560059
162	163	en	luo	challenge_SSA-MTE	hyp1	News	NaN	-12.247320175170898
163	164	en	luo	challenge_SSA-MTE	hyp1	News	NaN	-16.324209213256836
164	165	en	luo	challenge_SSA-MTE	hyp1	News	NaN	-10.774242401123047
165	166	en	luo	challenge_SSA-MTE	hyp1	News	NaN	-12.27131462097168
166	167	en	luo	challenge_SSA-MTE	hyp1	News	NaN	-10.935735702514648
167	168	en	luo	challenge_SSA-MTE	hyp1	News	NaN	-14.1954345703125
168	169	en	luo	challenge_SSA-MTE	hyp1	News	NaN	-11.929281234741211
169	170	en	luo	challenge_SSA-MTE	hyp1	News	NaN	-14.931641578674316
170	171	en	luo	challenge_SSA-MTE	hyp1	News	NaN	-5.455807685852051
171	172	en	luo	challenge_SSA-MTE	hyp1	News	NaN	-7.892312526702881
172	173	en	luo	challenge_SSA-MTE	hyp1	News	NaN	-12.848550796508789
173	174	en	luo	challenge_SSA-MTE	hyp1	News	NaN	-14.754261016845703
174	175	en	luo	challenge_SSA-MTE	hyp1	News	NaN	-16.734153747558594
175	176	en	luo	challenge_SSA-MTE	hyp1	News	NaN	-23.064821243286133
176	177	en	luo	challenge_SSA-MTE	hyp1	News	NaN	-20.764789581298828
177	178	en	luo	challenge_SSA-MTE	hyp1	News	NaN	-20.075969696044922
178	179	en	luo	challenge_SSA-MTE	hyp1	News	NaN	-13.278818130493164
179	180	en	luo	challenge_SSA-MTE	hyp1	News	NaN	-10.730264663696289
180	181	en	luo	challenge_SSA-MTE	hyp1	News	NaN	-12.231597900390625
181	182	en	luo	challenge_SSA-MTE	hyp1	News	NaN	-18.849611282348633
182	183	en	luo	challenge_SSA-MTE	hyp1	News	NaN	-17.256927490234375
183	184	en	luo	challenge_SSA-MTE	hyp1	News	NaN	-13.653494834899902
184	185	en	luo	challenge_SSA-MTE	hyp1	News	NaN	-11.32147216796875
185	186	en	luo	challenge_SSA-MTE	hyp1	News	NaN	-12.112159729003906
186	187	en	luo	challenge_SSA-MTE	hyp1	News	NaN	-15.164321899414062
187	188	en	luo	challenge_SSA-MTE	hyp1	News	NaN	-24.022241592407227
188	189	en	luo	challenge_SSA-MTE	hyp1	News	NaN	-15.580913543701172
189	190	en	luo	challenge_SSA-MTE	hyp1	News	NaN	-13.328121185302734
190	191	en	luo	challenge_SSA-MTE	hyp1	News	NaN	-15.257166862487793
191	192	en	luo	challenge_SSA-MTE	hyp1	News	NaN	-7.791712284088135
192	193	en	luo	challenge_SSA-MTE	hyp1	News	NaN	-10.405085563659668
193	194	en	luo	challenge_SSA-MTE	hyp1	News	NaN	-13.326309204101562
194	195	en	luo	challenge_SSA-MTE	hyp1	News	NaN	-13.059202194213867
195	196	en	luo	challenge_SSA-MTE	hyp1	News	NaN	-14.03469467163086
196	197	en	luo	challenge_SSA-MTE	hyp1	News	NaN	-15.323260307312012
197	198	en	luo	challenge_SSA-MTE	hyp1	News	NaN	-14.531064987182617
198	199	en	luo	challenge_SSA-MTE	hyp1	News	NaN	-7.727651596069336
199	200	en	luo	challenge_SSA-MTE	hyp1	News	NaN	-23.948204040527344
200	201	en	luo	challenge_SSA-MTE	hyp1	News	NaN	-9.957279205322266
201	202	en	luo	challenge_SSA-MTE	hyp1	News	NaN	-15.03380012512207
202	203	en	luo	challenge_SSA-MTE	hyp1	News	NaN	-10.462844848632812
203	204	en	luo	challenge_SSA-MTE	hyp1	News	NaN	-11.167342185974121
204	205	en	luo	challenge_SSA-MTE	hyp1	News	NaN	-12.077693939208984
205	206	en	luo	challenge_SSA-MTE	hyp1	News	NaN	-8.43419075012207
206	207	en	luo	challenge_SSA-MTE	hyp1	News	NaN	-10.826936721801758
207	208	en	luo	challenge_SSA-MTE	hyp1	News	NaN	-8.577284812927246
208	209	en	luo	challenge_SSA-MTE	hyp1	News	NaN	-11.525158882141113
209	210	en	luo	challenge_SSA-MTE	hyp1	News	NaN	-14.27683162689209
210	211	en	luo	challenge_SSA-MTE	hyp1	News	NaN	-26.11440658569336
211	212	en	luo	challenge_SSA-MTE	hyp1	News	NaN	-10.218358993530273
212	213	en	luo	challenge_SSA-MTE	hyp1	News	NaN	-9.766403198242188
213	214	en	luo	challenge_SSA-MTE	hyp1	News	NaN	-10.747191429138184
214	215	en	luo	challenge_SSA-MTE	hyp1	News	NaN	-17.142623901367188
215	216	en	luo	challenge_SSA-MTE	hyp1	News	NaN	-17.15647315979004
216	217	en	luo	challenge_SSA-MTE	hyp1	News	NaN	-19.99565887451172
217	218	en	luo	challenge_SSA-MTE	hyp1	News	NaN	-9.580526351928711
218	219	en	luo	challenge_SSA-MTE	hyp1	News	NaN	-11.444686889648438
219	220	en	luo	challenge_SSA-MTE	hyp1	News	NaN	-13.715764045715332
220	221	en	luo	challenge_SSA-MTE	hyp1	News	NaN	-9.82371997833252
221	222	en	luo	challenge_SSA-MTE	hyp1	News	NaN	-9.094839096069336
222	223	en	luo	challenge_SSA-MTE	hyp1	News	NaN	-18.84791374206543
223	224	en	luo	challenge_SSA-MTE	hyp1	News	NaN	-9.611284255981445
224	225	en	luo	challenge_SSA-MTE	hyp1	News	NaN	-15.574984550476074
225	226	en	luo	challenge_SSA-MTE	hyp1	News	NaN	-5.481605529785156
226	227	en	luo	challenge_SSA-MTE	hyp1	News	NaN	-12.160785675048828
227	228	en	luo	challenge_SSA-MTE	hyp1	News	NaN	-11.511876106262207
228	229	en	luo	challenge_SSA-MTE	hyp1	News	NaN	-14.596709251403809
229	230	en	luo	challenge_SSA-MTE	hyp1	News	NaN	-10.923803329467773
230	231	en	luo	challenge_SSA-MTE	hyp1	News	NaN	-9.543173789978027
231	232	en	luo	challenge_SSA-MTE	hyp1	News	NaN	-11.441234588623047
232	233	en	luo	challenge_SSA-MTE	hyp1	News	NaN	-10.578022003173828
233	234	en	luo	challenge_SSA-MTE	hyp1	News	NaN	-12.848556518554688
234	235	en	luo	challenge_SSA-MTE	hyp1	News	NaN	-18.658714294433594
235	236	en	luo	challenge_SSA-MTE	hyp1	News	NaN	-13.194345474243164
236	237	en	luo	challenge_SSA-MTE	hyp1	News	NaN	-10.774409294128418
237	238	en	luo	challenge_SSA-MTE	hyp1	News	NaN	-11.51634407043457
238	239	en	luo	challenge_SSA-MTE	hyp1	News	NaN	-8.729497909545898
239	240	en	luo	challenge_SSA-MTE	hyp1	News	NaN	-12.067723274230957
240	241	en	luo	challenge_SSA-MTE	hyp1	News	NaN	-21.177417755126953
241	242	en	luo	challenge_SSA-MTE	hyp1	News	NaN	-11.775636672973633
242	243	en	luo	challenge_SSA-MTE	hyp1	News	NaN	-19.74097442626953
243	244	en	luo	challenge_SSA-MTE	hyp1	News	NaN	-12.64874267578125
244	245	en	luo	challenge_SSA-MTE	hyp1	News	NaN	-20.495214462280273
245	246	en	luo	challenge_SSA-MTE	hyp1	News	NaN	-11.342662811279297
246	247	en	luo	challenge_SSA-MTE	hyp1	News	NaN	-10.348355293273926
247	248	en	luo	challenge_SSA-MTE	hyp1	News	NaN	-8.975780487060547
248	249	en	luo	challenge_SSA-MTE	hyp1	News	NaN	-9.440591812133789
249	250	en	luo	challenge_SSA-MTE	hyp1	News	NaN	-11.216962814331055
250	251	en	luo	challenge_SSA-MTE	hyp1	News	NaN	-25.90686798095703
251	252	en	luo	challenge_SSA-MTE	hyp1	News	NaN	-7.708704948425293
252	253	en	luo	challenge_SSA-MTE	hyp1	News	NaN	-13.130271911621094
253	254	en	luo	challenge_SSA-MTE	hyp1	News	NaN	-16.347400665283203
254	255	en	luo	challenge_SSA-MTE	hyp1	News	NaN	-10.64547348022461
255	256	en	luo	challenge_SSA-MTE	hyp1	News	NaN	-25.89569091796875
256	257	en	luo	challenge_SSA-MTE	hyp1	News	NaN	-13.782630920410156
257	258	en	luo	challenge_SSA-MTE	hyp1	News	NaN	-12.374740600585938
258	259	en	luo	challenge_SSA-MTE	hyp1	News	NaN	-8.81950855255127
259	260	en	luo	challenge_SSA-MTE	hyp1	News	NaN	-11.354290008544922
260	261	en	luo	challenge_SSA-MTE	hyp1	News	NaN	-13.024869918823242
261	262	en	luo	challenge_SSA-MTE	hyp1	News	NaN	-26.238399505615234
262	263	en	luo	challenge_SSA-MTE	hyp1	News	NaN	-9.605693817138672
263	264	en	luo	challenge_SSA-MTE	hyp1	News	NaN	-12.201200485229492
264	265	en	luo	challenge_SSA-MTE	hyp1	News	NaN	-10.459035873413086
265	266	en	luo	challenge_SSA-MTE	hyp1	News	NaN	-20.099544525146484
266	267	en	luo	challenge_SSA-MTE	hyp1	News	NaN	-22.64830207824707
267	268	en	luo	challenge_SSA-MTE	hyp1	News	NaN	-19.44253921508789
268	269	en	luo	challenge_SSA-MTE	hyp1	News	NaN	-12.429407119750977
269	270	en	luo	challenge_SSA-MTE	hyp1	News	NaN	-10.331830024719238
270	271	en	luo	challenge_SSA-MTE	hyp1	News	NaN	-10.86843204498291
271	272	en	luo	challenge_SSA-MTE	hyp1	News	NaN	-9.4627685546875
272	273	en	luo	challenge_SSA-MTE	hyp1	News	NaN	-22.382671356201172
273	274	en	luo	challenge_SSA-MTE	hyp1	News	NaN	-19.825519561767578
274	275	en	luo	challenge_SSA-MTE	hyp1	News	NaN	-8.648138046264648
275	276	en	luo	challenge_SSA-MTE	hyp1	News	NaN	-11.945905685424805
276	277	en	luo	challenge_SSA-MTE	hyp1	News	NaN	-8.221183776855469
277	278	en	luo	challenge_SSA-MTE	hyp1	News	NaN	-14.7426176071167
278	279	en	luo	challenge_SSA-MTE	hyp1	News	NaN	-15.782546997070312
279	280	en	luo	challenge_SSA-MTE	hyp1	News	NaN	-26.69693374633789
280	281	en	luo	challenge_SSA-MTE	hyp1	News	NaN	-13.799936294555664
281	282	en	luo	challenge_SSA-MTE	hyp1	News	NaN	-13.348222732543945
282	283	en	luo	challenge_SSA-MTE	hyp1	News	NaN	-14.643410682678223
283	284	en	luo	challenge_SSA-MTE	hyp1	News	NaN	-20.621959686279297
284	285	en	luo	challenge_SSA-MTE	hyp1	News	NaN	-18.54628562927246
285	286	en	luo	challenge_SSA-MTE	hyp1	News	NaN	-19.7001953125
286	287	en	luo	challenge_SSA-MTE	hyp1	News	NaN	-14.38422966003418
287	288	en	luo	challenge_SSA-MTE	hyp1	News	NaN	-23.035694122314453
288	289	en	luo	challenge_SSA-MTE	hyp1	News	NaN	-22.032672882080078
289	290	en	luo	challenge_SSA-MTE	hyp1	News	NaN	-17.286903381347656
290	291	en	luo	challenge_SSA-MTE	hyp1	News	NaN	-14.695901870727539
291	292	en	luo	challenge_SSA-MTE	hyp1	News	NaN	-25.77103042602539
292	293	en	luo	challenge_SSA-MTE	hyp1	News	NaN	-17.824186325073242
293	294	en	luo	challenge_SSA-MTE	hyp1	News	NaN	-11.9029541015625
294	295	en	luo	challenge_SSA-MTE	hyp1	News	NaN	-11.139278411865234
295	296	en	luo	challenge_SSA-MTE	hyp1	News	NaN	-10.66905689239502
296	297	en	luo	challenge_SSA-MTE	hyp1	News	NaN	-22.86345672607422
297	298	en	luo	challenge_SSA-MTE	hyp1	News	NaN	-13.928201675415039
298	299	en	luo	challenge_SSA-MTE	hyp1	News	NaN	-9.299442291259766
299	300	en	luo	challenge_SSA-MTE	hyp1	News	NaN	-10.746570587158203
300	301	en	luo	challenge_SSA-MTE	hyp1	News	NaN	-13.111944198608398
301	302	en	luo	challenge_SSA-MTE	hyp1	News	NaN	-15.401731491088867
302	303	en	luo	challenge_SSA-MTE	hyp1	News	NaN	-18.474681854248047
303	304	en	luo	challenge_SSA-MTE	hyp1	News	NaN	-9.121950149536133
304	305	en	luo	challenge_SSA-MTE	hyp1	News	NaN	-12.847078323364258
305	306	en	luo	challenge_SSA-MTE	hyp1	News	NaN	-12.316082000732422
306	307	en	luo	challenge_SSA-MTE	hyp1	News	NaN	-10.474520683288574
307	308	en	luo	challenge_SSA-MTE	hyp1	News	NaN	-14.618209838867188
308	309	en	luo	challenge_SSA-MTE	hyp1	News	NaN	-25.712970733642578
309	310	en	luo	challenge_SSA-MTE	hyp1	News	NaN	-9.115692138671875
310	311	en	luo	challenge_SSA-MTE	hyp1	News	NaN	-8.103758811950684
311	312	en	luo	challenge_SSA-MTE	hyp1	News	NaN	-7.613887310028076
312	313	en	luo	challenge_SSA-MTE	hyp1	News	NaN	-10.97712230682373
313	314	en	luo	challenge_SSA-MTE	hyp1	News	NaN	-9.382640838623047
314	315	en	luo	challenge_SSA-MTE	hyp1	News	NaN	-25.058605194091797
315	316	en	luo	challenge_SSA-MTE	hyp1	News	NaN	-14.977632522583008
316	317	en	luo	challenge_SSA-MTE	hyp1	News	NaN	-9.415825843811035
317	318	en	luo	challenge_SSA-MTE	hyp1	News	NaN	-12.516571998596191
318	319	en	luo	challenge_SSA-MTE	hyp1	News	NaN	-12.067699432373047
319	320	en	luo	challenge_SSA-MTE	hyp1	News	NaN	-22.26066780090332
320	321	en	luo	challenge_SSA-MTE	hyp1	News	NaN	-21.72594451904297
321	322	en	luo	challenge_SSA-MTE	hyp1	News	NaN	-18.137231826782227
322	323	en	luo	challenge_SSA-MTE	hyp1	News	NaN	-12.489471435546875
323	324	en	luo	challenge_SSA-MTE	hyp1	News	NaN	-17.871322631835938
324	325	en	luo	challenge_SSA-MTE	hyp1	News	NaN	-21.47870445251465
325	326	en	luo	challenge_SSA-MTE	hyp1	News	NaN	-24.122371673583984
326	327	en	luo	challenge_SSA-MTE	hyp1	News	NaN	-24.235044479370117
327	328	en	luo	challenge_SSA-MTE	hyp1	News	NaN	-22.30129623413086
328	329	en	luo	challenge_SSA-MTE	hyp1	News	NaN	-15.29393196105957
329	330	en	luo	challenge_SSA-MTE	hyp1	News	NaN	-13.768152236938477
330	331	en	luo	challenge_SSA-MTE	hyp1	News	NaN	-14.532514572143555
331	332	en	luo	challenge_SSA-MTE	hyp1	News	NaN	-14.70345687866211
332	333	en	luo	challenge_SSA-MTE	hyp1	News	NaN	-24.37930679321289
333	334	en	luo	challenge_SSA-MTE	hyp1	News	NaN	-24.61530876159668
334	335	en	luo	challenge_SSA-MTE	hyp1	News	NaN	-12.384145736694336
335	336	en	luo	challenge_SSA-MTE	hyp1	News	NaN	-9.970099449157715
336	337	en	luo	challenge_SSA-MTE	hyp1	News	NaN	-16.834033966064453
337	338	en	luo	challenge_SSA-MTE	hyp1	News	NaN	-15.897871017456055
338	339	en	luo	challenge_SSA-MTE	hyp1	News	NaN	-13.005112648010254
339	340	en	luo	challenge_SSA-MTE	hyp1	News	NaN	-10.095230102539062
340	341	en	luo	challenge_SSA-MTE	hyp1	News	NaN	-8.705693244934082
341	342	en	luo	challenge_SSA-MTE	hyp1	News	NaN	-16.181766510009766
342	343	en	luo	challenge_SSA-MTE	hyp1	News	NaN	-16.985740661621094
343	344	en	luo	challenge_SSA-MTE	hyp1	News	NaN	-23.48128890991211
344	345	en	luo	challenge_SSA-MTE	hyp1	News	NaN	-13.224379539489746
345	346	en	luo	challenge_SSA-MTE	hyp1	News	NaN	-20.38421630859375
346	347	en	luo	challenge_SSA-MTE	hyp1	News	NaN	-14.01993465423584
347	348	en	luo	challenge_SSA-MTE	hyp1	News	NaN	-17.588552474975586
348	349	en	luo	challenge_SSA-MTE	hyp1	News	NaN	-11.735599517822266
349	350	en	luo	challenge_SSA-MTE	hyp1	News	NaN	-24.211191177368164
350	351	en	luo	challenge_SSA-MTE	hyp1	News	NaN	-11.442594528198242
351	352	en	luo	challenge_SSA-MTE	hyp1	News	NaN	-17.558042526245117
352	353	en	luo	challenge_SSA-MTE	hyp1	News	NaN	-13.708532333374023
353	354	en	luo	challenge_SSA-MTE	hyp1	News	NaN	-8.807933807373047
354	355	en	luo	challenge_SSA-MTE	hyp1	News	NaN	-15.910490036010742
355	356	en	luo	challenge_SSA-MTE	hyp1	News	NaN	-26.504493713378906
356	357	en	luo	challenge_SSA-MTE	hyp1	News	NaN	-9.863546371459961
357	358	en	luo	challenge_SSA-MTE	hyp1	News	NaN	-13.181264877319336
358	359	en	luo	challenge_SSA-MTE	hyp1	News	NaN	-12.121452331542969
359	360	en	luo	challenge_SSA-MTE	hyp1	News	NaN	-19.89170265197754
360	361	en	luo	challenge_SSA-MTE	hyp1	News	NaN	-23.684432983398438
361	362	en	luo	challenge_SSA-MTE	hyp1	News	NaN	-27.527671813964844
362	363	en	luo	challenge_SSA-MTE	hyp1	News	NaN	-11.141077995300293
363	364	en	luo	challenge_SSA-MTE	hyp1	News	NaN	-11.195640563964844
364	365	en	luo	challenge_SSA-MTE	hyp1	News	NaN	-11.839421272277832
365	366	en	luo	challenge_SSA-MTE	hyp1	News	NaN	-13.240056991577148
366	367	en	luo	challenge_SSA-MTE	hyp1	News	NaN	-8.864547729492188
367	368	en	luo	challenge_SSA-MTE	hyp1	News	NaN	-17.515907287597656
368	369	en	luo	challenge_SSA-MTE	hyp1	News	NaN	-13.020513534545898
369	370	en	luo	challenge_SSA-MTE	hyp1	News	NaN	-5.824062347412109
370	371	en	luo	challenge_SSA-MTE	hyp1	News	NaN	-10.683944702148438
371	372	en	luo	challenge_SSA-MTE	hyp1	News	NaN	-10.63904094696045
372	373	en	luo	challenge_SSA-MTE	hyp1	News	NaN	-17.664459228515625
373	374	en	luo	challenge_SSA-MTE	hyp1	News	NaN	-23.10758399963379
374	375	en	luo	challenge_SSA-MTE	hyp1	News	NaN	-17.194562911987305
375	376	en	luo	challenge_SSA-MTE	hyp1	News	NaN	-11.099324226379395
376	377	en	luo	challenge_SSA-MTE	hyp1	News	NaN	-10.262245178222656
377	378	en	luo	challenge_SSA-MTE	hyp1	News	NaN	-8.33320140838623
378	379	en	luo	challenge_SSA-MTE	hyp1	News	NaN	-9.864954948425293
379	380	en	luo	challenge_SSA-MTE	hyp1	News	NaN	-21.919662475585938
380	381	en	luo	challenge_SSA-MTE	hyp1	News	NaN	-8.922143936157227
381	382	en	luo	challenge_SSA-MTE	hyp1	News	NaN	-11.363008499145508
382	383	en	luo	challenge_SSA-MTE	hyp1	News	NaN	-11.574291229248047
383	384	en	luo	challenge_SSA-MTE	hyp1	News	NaN	-10.15951156616211
384	385	en	luo	challenge_SSA-MTE	hyp1	News	NaN	-12.24255084991455
385	386	en	luo	challenge_SSA-MTE	hyp1	News	NaN	-21.920238494873047
386	387	en	luo	challenge_SSA-MTE	hyp1	News	NaN	-8.835165977478027
387	388	en	luo	challenge_SSA-MTE	hyp1	News	NaN	-6.374967575073242
388	389	en	luo	challenge_SSA-MTE	hyp1	News	NaN	-14.409515380859375
389	390	en	luo	challenge_SSA-MTE	hyp1	News	NaN	-12.027730941772461
390	391	en	luo	challenge_SSA-MTE	hyp1	News	NaN	-23.054004669189453
391	392	en	luo	challenge_SSA-MTE	hyp1	News	NaN	-10.009100914001465
392	393	en	luo	challenge_SSA-MTE	hyp1	News	NaN	-17.907060623168945
393	394	en	luo	challenge_SSA-MTE	hyp1	News	NaN	-12.100966453552246
394	395	en	luo	challenge_SSA-MTE	hyp1	News	NaN	-12.287286758422852
395	396	en	luo	challenge_SSA-MTE	hyp1	News	NaN	-18.130735397338867
396	397	en	luo	challenge_SSA-MTE	hyp1	News	NaN	-17.89270782470703
397	398	en	luo	challenge_SSA-MTE	hyp1	News	NaN	-11.390127182006836
398	399	en	luo	challenge_SSA-MTE	hyp1	News	NaN	-12.506355285644531
399	400	en	luo	challenge_SSA-MTE	hyp1	News	NaN	-16.53469467163086
400	401	en	luo	challenge_SSA-MTE	hyp1	News	NaN	-13.418615341186523
401	402	en	luo	challenge_SSA-MTE	hyp1	News	NaN	-9.791942596435547
402	403	en	luo	challenge_SSA-MTE	hyp1	News	NaN	-11.387837409973145
403	404	en	luo	challenge_SSA-MTE	hyp1	News	NaN	-15.088923454284668
404	405	en	luo	challenge_SSA-MTE	hyp1	News	NaN	-9.987482070922852
405	406	en	luo	challenge_SSA-MTE	hyp1	News	NaN	-8.88184928894043
406	407	en	luo	challenge_SSA-MTE	hyp1	News	NaN	-8.95522689819336
407	408	en	luo	challenge_SSA-MTE	hyp1	News	NaN	-12.433208465576172
408	409	en	luo	challenge_SSA-MTE	hyp1	News	NaN	-9.790506362915039
409	410	en	luo	challenge_SSA-MTE	hyp1	News	NaN	-15.705425262451172
410	411	en	luo	challenge_SSA-MTE	hyp1	News	NaN	-12.595367431640625
411	412	en	luo	challenge_SSA-MTE	hyp1	News	NaN	-10.493165969848633
412	413	en	luo	challenge_SSA-MTE	hyp1	News	NaN	-11.628713607788086
413	414	en	luo	challenge_SSA-MTE	hyp1	News	NaN	-15.846799850463867
414	415	en	luo	challenge_SSA-MTE	hyp1	News	NaN	-16.731863021850586
415	416	en	luo	challenge_SSA-MTE	hyp1	News	NaN	-15.790766716003418
416	417	en	luo	challenge_SSA-MTE	hyp1	News	NaN	-14.421772956848145
417	418	en	luo	challenge_SSA-MTE	hyp1	News	NaN	-14.28963851928711
418	419	en	luo	challenge_SSA-MTE	hyp1	News	NaN	-14.36451530456543
419	420	en	luo	challenge_SSA-MTE	hyp1	News	NaN	-8.331979751586914
420	421	en	luo	challenge_SSA-MTE	hyp1	News	NaN	-10.580927848815918
421	422	en	luo	challenge_SSA-MTE	hyp1	News	NaN	-22.698925018310547
422	423	en	luo	challenge_SSA-MTE	hyp1	News	NaN	-11.311357498168945
423	424	en	luo	challenge_SSA-MTE	hyp1	News	NaN	-10.105453491210938
424	425	en	luo	challenge_SSA-MTE	hyp1	News	NaN	-10.539167404174805
425	426	en	luo	challenge_SSA-MTE	hyp1	News	NaN	-11.6658296585083
426	427	en	luo	challenge_SSA-MTE	hyp1	News	NaN	-11.862595558166504
427	428	en	luo	challenge_SSA-MTE	hyp1	News	NaN	-24.441370010375977
428	429	en	luo	challenge_SSA-MTE	hyp1	News	NaN	-9.039342880249023
429	430	en	luo	challenge_SSA-MTE	hyp1	News	NaN	-7.4667510986328125
430	431	en	luo	challenge_SSA-MTE	hyp1	News	NaN	-16.34830665588379
431	432	en	luo	challenge_SSA-MTE	hyp1	News	NaN	-12.134326934814453
432	433	en	luo	challenge_SSA-MTE	hyp1	News	NaN	-11.789024353027344
433	434	en	luo	challenge_SSA-MTE	hyp1	News	NaN	-26.898826599121094
434	435	en	luo	challenge_SSA-MTE	hyp1	News	NaN	-11.198436737060547
435	436	en	luo	challenge_SSA-MTE	hyp1	News	NaN	-11.99775505065918
436	437	en	luo	challenge_SSA-MTE	hyp1	News	NaN	-6.749698162078857
437	438	en	luo	challenge_SSA-MTE	hyp1	News	NaN	-9.46399211883545
438	439	en	luo	challenge_SSA-MTE	hyp1	News	NaN	-19.077289581298828
439	440	en	luo	challenge_SSA-MTE	hyp1	News	NaN	-20.213132858276367
440	441	en	luo	challenge_SSA-MTE	hyp1	News	NaN	-13.027000427246094
441	442	en	luo	challenge_SSA-MTE	hyp1	News	NaN	-9.214831352233887
442	443	en	luo	challenge_SSA-MTE	hyp1	News	NaN	-11.585297584533691
443	444	en	luo	challenge_SSA-MTE	hyp1	News	NaN	-12.806904792785645
444	445	en	luo	challenge_SSA-MTE	hyp1	News	NaN	-18.365345001220703
445	446	en	luo	challenge_SSA-MTE	hyp1	News	NaN	-23.161001205444336
446	447	en	luo	challenge_SSA-MTE	hyp1	News	NaN	-14.401557922363281
447	448	en	luo	challenge_SSA-MTE	hyp1	News	NaN	-11.035686492919922
448	449	en	luo	challenge_SSA-MTE	hyp1	News	NaN	-13.418024063110352
449	450	en	luo	challenge_SSA-MTE	hyp1	News	NaN	-8.267597198486328
450	451	en	luo	challenge_SSA-MTE	hyp1	News	NaN	-12.854681015014648
451	452	en	luo	challenge_SSA-MTE	hyp1	News	NaN	-13.695388793945312
452	453	en	luo	challenge_SSA-MTE	hyp1	News	NaN	-11.088850021362305
453	454	en	luo	challenge_SSA-MTE	hyp1	News	NaN	-13.428548812866211
454	455	en	luo	challenge_SSA-MTE	hyp1	News	NaN	-10.841282844543457
455	456	en	luo	challenge_SSA-MTE	hyp1	News	NaN	-11.930607795715332
456	457	en	luo	challenge_SSA-MTE	hyp1	News	NaN	-10.416772842407227
457	458	en	luo	challenge_SSA-MTE	hyp1	News	NaN	-20.707992553710938
458	459	en	luo	challenge_SSA-MTE	hyp1	News	NaN	-10.37665843963623
459	460	en	luo	challenge_SSA-MTE	hyp1	News	NaN	-9.368941307067871
460	461	en	luo	challenge_SSA-MTE	hyp1	News	NaN	-6.656951427459717
461	462	en	luo	challenge_SSA-MTE	hyp1	News	NaN	-14.861563682556152
462	463	en	luo	challenge_SSA-MTE	hyp1	News	NaN	-17.850730895996094
463	464	en	luo	challenge_SSA-MTE	hyp1	News	NaN	-14.467798233032227
464	465	en	luo	challenge_SSA-MTE	hyp1	News	NaN	-23.7869873046875
465	466	en	luo	challenge_SSA-MTE	hyp1	News	NaN	-14.726873397827148
466	467	en	luo	challenge_SSA-MTE	hyp1	News	NaN	-17.357620239257812
467	468	en	luo	challenge_SSA-MTE	hyp1	News	NaN	-21.45461082458496
468	469	en	luo	challenge_SSA-MTE	hyp1	News	NaN	-19.326276779174805
469	470	en	luo	challenge_SSA-MTE	hyp1	News	NaN	-22.587059020996094
470	471	en	luo	challenge_SSA-MTE	hyp1	News	NaN	-11.506118774414062
471	472	en	luo	challenge_SSA-MTE	hyp1	News	NaN	-17.239425659179688
472	473	en	luo	challenge_SSA-MTE	hyp1	News	NaN	-13.353261947631836
473	474	en	luo	challenge_SSA-MTE	hyp1	News	NaN	-13.366987228393555
474	475	en	luo	challenge_SSA-MTE	hyp1	News	NaN	-13.237548828125
475	476	en	luo	challenge_SSA-MTE	hyp1	News	NaN	-14.085243225097656
476	477	en	luo	challenge_SSA-MTE	hyp1	News	NaN	-10.131905555725098
477	478	en	luo	challenge_SSA-MTE	hyp1	News	NaN	-11.059539794921875
478	479	en	luo	challenge_SSA-MTE	hyp1	News	NaN	-12.865561485290527
479	480	en	luo	challenge_SSA-MTE	hyp1	News	NaN	-18.140331268310547
480	481	en	luo	challenge_SSA-MTE	hyp1	News	NaN	-18.41826629638672
481	482	en	luo	challenge_SSA-MTE	hyp1	News	NaN	-19.482864379882812
482	483	en	luo	challenge_SSA-MTE	hyp1	News	NaN	-15.619318008422852
483	484	en	luo	challenge_SSA-MTE	hyp1	News	NaN	-13.622969627380371
484	485	en	luo	challenge_SSA-MTE	hyp1	News	NaN	-16.981021881103516
485	486	en	luo	challenge_SSA-MTE	hyp1	News	NaN	-9.745447158813477
486	487	en	luo	challenge_SSA-MTE	hyp1	News	NaN	-16.000947952270508
487	488	en	luo	challenge_SSA-MTE	hyp1	News	NaN	-16.047405242919922
488	489	en	luo	challenge_SSA-MTE	hyp1	News	NaN	-11.791720390319824
489	490	en	luo	challenge_SSA-MTE	hyp1	News	NaN	-9.373977661132812
490	491	en	luo	challenge_SSA-MTE	hyp1	News	NaN	-7.892060279846191
491	492	en	luo	challenge_SSA-MTE	hyp1	News	NaN	-18.02254867553711
492	493	en	luo	challenge_SSA-MTE	hyp1	News	NaN	-15.669647216796875
493	494	en	luo	challenge_SSA-MTE	hyp1	News	NaN	-26.694862365722656
494	495	en	luo	challenge_SSA-MTE	hyp1	News	NaN	-16.225692749023438
495	496	en	luo	challenge_SSA-MTE	hyp1	News	NaN	-11.499429702758789
496	497	en	luo	challenge_SSA-MTE	hyp1	News	NaN	-12.270417213439941
497	498	en	luo	challenge_SSA-MTE	hyp1	News	NaN	-17.186561584472656
498	499	en	luo	challenge_SSA-MTE	hyp1	News	NaN	-14.898259162902832
499	500	en	luo	challenge_SSA-MTE	hyp1	News	NaN	-20.66977310180664
500	501	en	luo	challenge_SSA-MTE	hyp1	News	NaN	-16.603614807128906
501	502	en	luo	challenge_SSA-MTE	hyp1	News	NaN	-11.562454223632812
502	503	en	luo	challenge_SSA-MTE	hyp1	News	NaN	-15.660310745239258
503	504	en	luo	challenge_SSA-MTE	hyp1	News	NaN	-17.815093994140625
504	505	en	luo	challenge_SSA-MTE	hyp1	News	NaN	-24.284191131591797
505	506	en	luo	challenge_SSA-MTE	hyp1	News	NaN	-23.55757713317871
506	507	en	luo	challenge_SSA-MTE	hyp1	News	NaN	-15.934340476989746
507	508	en	luo	challenge_SSA-MTE	hyp1	News	NaN	-13.465913772583008
508	509	en	luo	challenge_SSA-MTE	hyp1	News	NaN	-17.38971519470215
509	510	en	luo	challenge_SSA-MTE	hyp1	News	NaN	-16.76482391357422
510	511	en	luo	challenge_SSA-MTE	hyp1	News	NaN	-18.626798629760742
511	512	en	luo	challenge_SSA-MTE	hyp1	News	NaN	-15.670133590698242
512	513	en	luo	challenge_SSA-MTE	hyp1	News	NaN	-13.477710723876953
513	514	en	luo	challenge_SSA-MTE	hyp1	News	NaN	-14.232824325561523
514	515	en	luo	challenge_SSA-MTE	hyp1	News	NaN	-13.049230575561523
515	516	en	luo	challenge_SSA-MTE	hyp1	News	NaN	-8.609872817993164
516	517	en	luo	challenge_SSA-MTE	hyp1	News	NaN	-12.152998924255371
517	518	en	luo	challenge_SSA-MTE	hyp1	News	NaN	-26.986099243164062
518	519	en	luo	challenge_SSA-MTE	hyp1	News	NaN	-11.626941680908203
519	520	en	luo	challenge_SSA-MTE	hyp1	News	NaN	-14.962921142578125
520	521	en	luo	challenge_SSA-MTE	hyp1	News	NaN	-11.62210464477539
521	522	en	luo	challenge_SSA-MTE	hyp1	News	NaN	-12.507265090942383
522	523	en	luo	challenge_SSA-MTE	hyp1	News	NaN	-19.29448890686035
523	524	en	luo	challenge_SSA-MTE	hyp1	News	NaN	-25.909751892089844
524	525	en	luo	challenge_SSA-MTE	hyp1	News	NaN	-13.194238662719727
525	526	en	luo	challenge_SSA-MTE	hyp1	News	NaN	-15.042049407958984
526	527	en	luo	challenge_SSA-MTE	hyp1	News	NaN	-12.579923629760742
527	528	en	luo	challenge_SSA-MTE	hyp1	News	NaN	-11.173155784606934
528	529	en	luo	challenge_SSA-MTE	hyp1	News	NaN	-15.463252067565918
529	530	en	luo	challenge_SSA-MTE	hyp1	News	NaN	-14.473471641540527
530	531	en	luo	challenge_SSA-MTE	hyp1	News	NaN	-10.85689926147461
531	532	en	luo	challenge_SSA-MTE	hyp1	News	NaN	-13.768270492553711
532	533	en	luo	challenge_SSA-MTE	hyp1	News	NaN	-11.684980392456055
533	534	en	luo	challenge_SSA-MTE	hyp1	News	NaN	-16.425912857055664
534	535	en	luo	challenge_SSA-MTE	hyp1	News	NaN	-19.24956512451172
535	536	en	luo	challenge_SSA-MTE	hyp1	News	NaN	-23.467121124267578
536	537	en	luo	challenge_SSA-MTE	hyp1	News	NaN	-14.594477653503418
537	538	en	luo	challenge_SSA-MTE	hyp1	News	NaN	-13.548561096191406
538	539	en	luo	challenge_SSA-MTE	hyp1	News	NaN	-13.027993202209473
539	540	en	luo	challenge_SSA-MTE	hyp1	News	NaN	-21.48914337158203
540	541	en	luo	challenge_SSA-MTE	hyp1	News	NaN	-22.013492584228516
541	542	en	luo	challenge_SSA-MTE	hyp1	News	NaN	-27.606307983398438
542	543	en	luo	challenge_SSA-MTE	hyp1	News	NaN	-20.45290756225586
543	544	en	luo	challenge_SSA-MTE	hyp1	News	NaN	-18.152124404907227
544	545	en	luo	challenge_SSA-MTE	hyp1	News	NaN	-19.35688591003418
545	546	en	luo	challenge_SSA-MTE	hyp1	News	NaN	-11.967781066894531
546	547	en	luo	challenge_SSA-MTE	hyp1	News	NaN	-14.384481430053711
547	548	en	luo	challenge_SSA-MTE	hyp1	News	NaN	-26.312488555908203
548	549	en	luo	challenge_SSA-MTE	hyp1	News	NaN	-15.454225540161133
549	550	en	luo	challenge_SSA-MTE	hyp1	News	NaN	-17.060062408447266
550	551	en	luo	challenge_SSA-MTE	hyp1	News	NaN	-12.468021392822266
551	552	en	luo	challenge_SSA-MTE	hyp1	News	NaN	-8.088927268981934
552	553	en	luo	challenge_SSA-MTE	hyp1	News	NaN	-6.75368595123291
553	554	en	luo	challenge_SSA-MTE	hyp1	News	NaN	-15.327644348144531
554	555	en	luo	challenge_SSA-MTE	hyp1	News	NaN	-12.742108345031738
555	556	en	luo	challenge_SSA-MTE	hyp1	News	NaN	-14.4755859375
556	557	en	luo	challenge_SSA-MTE	hyp1	News	NaN	-11.379027366638184
557	558	en	luo	challenge_SSA-MTE	hyp1	News	NaN	-10.891916275024414
558	559	en	luo	challenge_SSA-MTE	hyp1	News	NaN	-13.733991622924805
559	560	en	luo	challenge_SSA-MTE	hyp1	News	NaN	-12.78255844116211
560	561	en	luo	challenge_SSA-MTE	hyp1	News	NaN	-10.487266540527344
561	562	en	luo	challenge_SSA-MTE	hyp1	News	NaN	-12.815378189086914
562	563	en	luo	challenge_SSA-MTE	hyp1	News	NaN	-12.438541412353516
563	564	en	luo	challenge_SSA-MTE	hyp1	News	NaN	-23.716419219970703
564	565	en	luo	challenge_SSA-MTE	hyp1	News	NaN	-18.028167724609375
565	566	en	luo	challenge_SSA-MTE	hyp1	News	NaN	-16.085678100585938
566	567	en	luo	challenge_SSA-MTE	hyp1	News	NaN	-18.525358200073242
567	568	en	luo	challenge_SSA-MTE	hyp1	News	NaN	-14.732625007629395
568	569	en	luo	challenge_SSA-MTE	hyp1	News	NaN	-18.701597213745117
569	570	en	luo	challenge_SSA-MTE	hyp1	News	NaN	-14.34498405456543
570	571	en	luo	challenge_SSA-MTE	hyp1	News	NaN	-15.727523803710938
571	572	en	luo	challenge_SSA-MTE	hyp1	News	NaN	-26.491796493530273
572	573	en	luo	challenge_SSA-MTE	hyp1	News	NaN	-14.99223518371582
573	574	en	luo	challenge_SSA-MTE	hyp1	News	NaN	-15.206930160522461
574	575	en	luo	challenge_SSA-MTE	hyp1	News	NaN	-16.755332946777344
575	576	en	luo	challenge_SSA-MTE	hyp1	News	NaN	-16.121339797973633
576	577	en	luo	challenge_SSA-MTE	hyp1	News	NaN	-20.11796760559082
577	578	en	luo	challenge_SSA-MTE	hyp1	News	NaN	-23.334110260009766
578	579	en	luo	challenge_SSA-MTE	hyp1	News	NaN	-17.215686798095703
579	580	en	luo	challenge_SSA-MTE	hyp1	News	NaN	-13.119403839111328
580	581	en	luo	challenge_SSA-MTE	hyp1	News	NaN	-17.161510467529297
581	582	en	luo	challenge_SSA-MTE	hyp1	News	NaN	-16.40218162536621
582	583	en	luo	challenge_SSA-MTE	hyp1	News	NaN	-14.290975570678711
583	584	en	luo	challenge_SSA-MTE	hyp1	News	NaN	-18.76168441772461
584	585	en	luo	challenge_SSA-MTE	hyp1	News	NaN	-10.497634887695312
585	586	en	luo	challenge_SSA-MTE	hyp1	News	NaN	-16.91233253479004
586	587	en	luo	challenge_SSA-MTE	hyp1	News	NaN	-13.236449241638184
587	588	en	luo	challenge_SSA-MTE	hyp1	News	NaN	-24.425880432128906
588	589	en	luo	challenge_SSA-MTE	hyp1	News	NaN	-13.199810028076172
589	590	en	luo	challenge_SSA-MTE	hyp1	News	NaN	-8.969285011291504
590	591	en	luo	challenge_SSA-MTE	hyp1	News	NaN	-10.735033988952637
591	592	en	luo	challenge_SSA-MTE	hyp1	News	NaN	-18.140533447265625
592	593	en	luo	challenge_SSA-MTE	hyp1	News	NaN	-10.719003677368164
593	594	en	luo	challenge_SSA-MTE	hyp1	News	NaN	-11.449496269226074
594	595	en	luo	challenge_SSA-MTE	hyp1	News	NaN	-26.567054748535156
595	596	en	luo	challenge_SSA-MTE	hyp1	News	NaN	-9.146679878234863
596	597	en	luo	challenge_SSA-MTE	hyp1	News	NaN	-14.162162780761719
597	598	en	luo	challenge_SSA-MTE	hyp1	News	NaN	-11.94845199584961
598	599	en	luo	challenge_SSA-MTE	hyp1	News	NaN	-14.193277359008789
599	600	en	luo	challenge_SSA-MTE	hyp1	News	NaN	-9.127784729003906
600	601	en	luo	challenge_SSA-MTE	hyp1	News	NaN	-29.28813934326172
601	602	en	luo	challenge_SSA-MTE	hyp1	News	NaN	-8.580085754394531
602	603	en	luo	challenge_SSA-MTE	hyp1	News	NaN	-12.061872482299805
603	604	en	luo	challenge_SSA-MTE	hyp1	News	NaN	-10.461601257324219
604	605	en	luo	challenge_SSA-MTE	hyp1	News	NaN	-19.56063461303711
605	606	en	luo	challenge_SSA-MTE	hyp1	News	NaN	-15.977131843566895
606	607	en	luo	challenge_SSA-MTE	hyp1	News	NaN	-21.685840606689453
607	608	en	luo	challenge_SSA-MTE	hyp1	News	NaN	-15.655192375183105
608	609	en	luo	challenge_SSA-MTE	hyp1	News	NaN	-18.525684356689453
609	610	en	luo	challenge_SSA-MTE	hyp1	News	NaN	-18.097524642944336
610	611	en	luo	challenge_SSA-MTE	hyp1	News	NaN	-17.663572311401367
611	612	en	luo	challenge_SSA-MTE	hyp1	News	NaN	-16.51248550415039
612	613	en	luo	challenge_SSA-MTE	hyp1	News	NaN	-20.628026962280273
613	614	en	luo	challenge_SSA-MTE	hyp1	News	NaN	-9.970083236694336
614	615	en	luo	challenge_SSA-MTE	hyp1	News	NaN	-12.045177459716797
615	616	en	luo	challenge_SSA-MTE	hyp1	News	NaN	-12.193459510803223
616	617	en	luo	challenge_SSA-MTE	hyp1	News	NaN	-15.993379592895508
617	618	en	luo	challenge_SSA-MTE	hyp1	News	NaN	-10.154733657836914
618	619	en	luo	challenge_SSA-MTE	hyp1	News	NaN	-25.747514724731445
619	620	en	luo	challenge_SSA-MTE	hyp1	News	NaN	-10.205799102783203
620	621	en	luo	challenge_SSA-MTE	hyp1	News	NaN	-12.79019832611084
621	622	en	luo	challenge_SSA-MTE	hyp1	News	NaN	-9.68187427520752
622	623	en	luo	challenge_SSA-MTE	hyp1	News	NaN	-10.185993194580078
623	624	en	luo	challenge_SSA-MTE	hyp1	News	NaN	-16.785539627075195
624	625	en	luo	challenge_SSA-MTE	hyp1	News	NaN	-20.771915435791016
625	626	en	luo	challenge_SSA-MTE	hyp1	News	NaN	-10.574484825134277
626	627	en	luo	challenge_SSA-MTE	hyp1	News	NaN	-13.74477767944336
627	628	en	luo	challenge_SSA-MTE	hyp1	News	NaN	-11.104659080505371
628	629	en	luo	challenge_SSA-MTE	hyp1	News	NaN	-10.297914505004883
629	630	en	luo	challenge_SSA-MTE	hyp1	News	NaN	-10.873544692993164
630	631	en	luo	challenge_SSA-MTE	hyp1	News	NaN	-18.99826431274414
631	632	en	luo	challenge_SSA-MTE	hyp1	News	NaN	-12.24191665649414
632	633	en	luo	challenge_SSA-MTE	hyp1	News	NaN	-15.109512329101562
633	634	en	luo	challenge_SSA-MTE	hyp1	News	NaN	-14.118450164794922
634	635	en	luo	challenge_SSA-MTE	hyp1	News	NaN	-17.132530212402344
635	636	en	luo	challenge_SSA-MTE	hyp1	News	NaN	-13.270476341247559
636	637	en	luo	challenge_SSA-MTE	hyp1	News	NaN	-12.583081245422363
637	638	en	luo	challenge_SSA-MTE	hyp1	News	NaN	-10.681447982788086
638	639	en	luo	challenge_SSA-MTE	hyp1	News	NaN	-8.54677963256836
639	640	en	luo	challenge_SSA-MTE	hyp1	News	NaN	-10.770837783813477
640	641	en	luo	challenge_SSA-MTE	hyp1	News	NaN	-13.349971771240234
641	642	en	luo	challenge_SSA-MTE	hyp1	News	NaN	-15.369220733642578
642	643	en	luo	challenge_SSA-MTE	hyp1	News	NaN	-28.42462730407715
643	644	en	luo	challenge_SSA-MTE	hyp1	News	NaN	-13.762277603149414
644	645	en	luo	challenge_SSA-MTE	hyp1	News	NaN	-14.1708984375
645	646	en	luo	challenge_SSA-MTE	hyp1	News	NaN	-15.74951171875
646	647	en	luo	challenge_SSA-MTE	hyp1	News	NaN	-16.645341873168945
647	648	en	luo	challenge_SSA-MTE	hyp1	News	NaN	-14.937363624572754
648	649	en	luo	challenge_SSA-MTE	hyp1	News	NaN	-19.196910858154297
649	650	en	luo	challenge_SSA-MTE	hyp1	News	NaN	-11.562273025512695
650	651	en	luo	challenge_SSA-MTE	hyp1	News	NaN	-19.97280502319336
651	652	en	luo	challenge_SSA-MTE	hyp1	News	NaN	-14.586554527282715
652	653	en	luo	challenge_SSA-MTE	hyp1	News	NaN	-14.879199981689453
653	654	en	luo	challenge_SSA-MTE	hyp1	News	NaN	-14.577945709228516
654	655	en	luo	challenge_SSA-MTE	hyp1	News	NaN	-26.470996856689453
655	656	en	luo	challenge_SSA-MTE	hyp1	News	NaN	-13.953514099121094
656	657	en	luo	challenge_SSA-MTE	hyp1	News	NaN	-13.617218017578125
657	658	en	luo	challenge_SSA-MTE	hyp1	News	NaN	-12.138762474060059
658	659	en	luo	challenge_SSA-MTE	hyp1	News	NaN	-8.218729019165039
659	660	en	luo	challenge_SSA-MTE	hyp1	News	NaN	-14.509090423583984
660	661	en	luo	challenge_SSA-MTE	hyp1	News	NaN	-14.164873123168945
661	662	en	luo	challenge_SSA-MTE	hyp1	News	NaN	-11.394108772277832
662	663	en	luo	challenge_SSA-MTE	hyp1	News	NaN	-11.28094482421875
663	664	en	luo	challenge_SSA-MTE	hyp1	News	NaN	-10.955713272094727
664	665	en	luo	challenge_SSA-MTE	hyp1	News	NaN	-16.194805145263672
665	666	en	luo	challenge_SSA-MTE	hyp1	News	NaN	-19.096454620361328
666	667	en	luo	challenge_SSA-MTE	hyp1	News	NaN	-18.992542266845703
667	668	en	luo	challenge_SSA-MTE	hyp1	News	NaN	-17.10129165649414
668	669	en	luo	challenge_SSA-MTE	hyp1	News	NaN	-20.76534652709961
669	670	en	luo	challenge_SSA-MTE	hyp1	News	NaN	-13.224464416503906
670	671	en	luo	challenge_SSA-MTE	hyp1	News	NaN	-22.068729400634766
671	672	en	luo	challenge_SSA-MTE	hyp1	News	NaN	-24.094505310058594
672	673	en	luo	challenge_SSA-MTE	hyp1	News	NaN	-25.602975845336914
673	674	en	luo	challenge_SSA-MTE	hyp1	News	NaN	-22.72391700744629
674	675	en	luo	challenge_SSA-MTE	hyp1	News	NaN	-14.86758804321289
675	676	en	luo	challenge_SSA-MTE	hyp1	News	NaN	-15.742734909057617
676	677	en	luo	challenge_SSA-MTE	hyp1	News	NaN	-8.337696075439453
677	678	en	luo	challenge_SSA-MTE	hyp1	News	NaN	-14.511984825134277
678	679	en	luo	challenge_SSA-MTE	hyp1	News	NaN	-29.50616455078125
679	680	en	luo	challenge_SSA-MTE	hyp1	News	NaN	-11.774663925170898
680	681	en	luo	challenge_SSA-MTE	hyp1	News	NaN	-10.220829010009766
681	682	en	luo	challenge_SSA-MTE	hyp1	News	NaN	-13.708852767944336
682	683	en	luo	challenge_SSA-MTE	hyp1	News	NaN	-16.629253387451172
683	684	en	luo	challenge_SSA-MTE	hyp1	News	NaN	-16.18257713317871
684	685	en	luo	challenge_SSA-MTE	hyp1	News	NaN	-27.705337524414062
685	686	en	luo	challenge_SSA-MTE	hyp1	News	NaN	-22.814271926879883
686	687	en	luo	challenge_SSA-MTE	hyp1	News	NaN	-22.137630462646484
687	688	en	luo	challenge_SSA-MTE	hyp1	News	NaN	-19.257659912109375
688	689	en	luo	challenge_SSA-MTE	hyp1	News	NaN	-8.680512428283691
689	690	en	luo	challenge_SSA-MTE	hyp1	News	NaN	-10.256340980529785
690	691	en	luo	challenge_SSA-MTE	hyp1	News	NaN	-15.921374320983887
691	692	en	luo	challenge_SSA-MTE	hyp1	News	NaN	-9.589552879333496
692	693	en	luo	challenge_SSA-MTE	hyp1	News	NaN	-10.315999984741211
693	694	en	luo	challenge_SSA-MTE	hyp1	News	NaN	-9.069665908813477
694	695	en	luo	challenge_SSA-MTE	hyp1	News	NaN	-16.289323806762695
695	696	en	luo	challenge_SSA-MTE	hyp1	News	NaN	-20.382970809936523
696	697	en	luo	challenge_SSA-MTE	hyp1	News	NaN	-28.242734909057617
697	698	en	luo	challenge_SSA-MTE	hyp1	News	NaN	-22.861207962036133
698	699	en	luo	challenge_SSA-MTE	hyp1	News	NaN	-25.288272857666016
699	700	en	luo	challenge_SSA-MTE	hyp1	News	NaN	-16.102901458740234
700	701	en	luo	challenge_SSA-MTE	hyp1	News	NaN	-19.038047790527344
701	702	en	luo	challenge_SSA-MTE	hyp1	News	NaN	-24.930553436279297
702	703	en	luo	challenge_SSA-MTE	hyp1	News	NaN	-26.770145416259766
703	704	en	luo	challenge_SSA-MTE	hyp1	News	NaN	-23.85446548461914
704	705	en	luo	challenge_SSA-MTE	hyp1	News	NaN	-23.752811431884766
705	706	en	luo	challenge_SSA-MTE	hyp1	News	NaN	-19.793319702148438
706	707	en	luo	challenge_SSA-MTE	hyp1	News	NaN	-12.335861206054688
707	708	en	luo	challenge_SSA-MTE	hyp1	News	NaN	-13.558815002441406
708	709	en	luo	challenge_SSA-MTE	hyp1	News	NaN	-24.82947540283203
709	710	en	luo	challenge_SSA-MTE	hyp1	News	NaN	-13.40026569366455
710	711	en	luo	challenge_SSA-MTE	hyp1	News	NaN	-15.031164169311523
711	712	en	luo	challenge_SSA-MTE	hyp1	News	NaN	-14.913137435913086
712	713	en	luo	challenge_SSA-MTE	hyp1	News	NaN	-15.049005508422852
713	714	en	luo	challenge_SSA-MTE	hyp1	News	NaN	-14.50766372680664
714	715	en	luo	challenge_SSA-MTE	hyp1	News	NaN	-10.868005752563477
715	716	en	luo	challenge_SSA-MTE	hyp1	News	NaN	-18.16521644592285
716	717	en	luo	challenge_SSA-MTE	hyp1	News	NaN	-15.069588661193848
717	718	en	luo	challenge_SSA-MTE	hyp1	News	NaN	-18.379383087158203
718	719	en	luo	challenge_SSA-MTE	hyp1	News	NaN	-13.338353157043457
719	720	en	luo	challenge_SSA-MTE	hyp1	News	NaN	-23.856313705444336
720	721	en	luo	challenge_SSA-MTE	hyp1	News	NaN	-10.828369140625
721	722	en	luo	challenge_SSA-MTE	hyp1	News	NaN	-13.650197982788086
722	723	en	luo	challenge_SSA-MTE	hyp1	News	NaN	-12.134748458862305
723	724	en	luo	challenge_SSA-MTE	hyp1	News	NaN	-19.060283660888672
724	725	en	luo	challenge_SSA-MTE	hyp1	News	NaN	-13.130382537841797
725	726	en	luo	challenge_SSA-MTE	hyp1	News	NaN	-24.957529067993164
726	727	en	luo	challenge_SSA-MTE	hyp1	News	NaN	-16.220901489257812
727	728	en	luo	challenge_SSA-MTE	hyp1	News	NaN	-15.604501724243164
728	729	en	luo	challenge_SSA-MTE	hyp1	News	NaN	-14.07638168334961
729	730	en	luo	challenge_SSA-MTE	hyp1	News	NaN	-14.346229553222656
730	731	en	luo	challenge_SSA-MTE	hyp1	News	NaN	-13.690342903137207
731	732	en	luo	challenge_SSA-MTE	hyp1	News	NaN	-20.96004295349121
732	733	en	luo	challenge_SSA-MTE	hyp1	News	NaN	-13.825587272644043
733	734	en	luo	challenge_SSA-MTE	hyp1	News	NaN	-21.523754119873047
734	735	en	luo	challenge_SSA-MTE	hyp1	News	NaN	-13.596872329711914
735	736	en	luo	challenge_SSA-MTE	hyp1	News	NaN	-19.934961318969727
736	737	en	luo	challenge_SSA-MTE	hyp1	News	NaN	-15.761978149414062
737	738	en	luo	challenge_SSA-MTE	hyp1	News	NaN	-19.562156677246094
738	739	en	luo	challenge_SSA-MTE	hyp1	News	NaN	-12.295738220214844
739	740	en	luo	challenge_SSA-MTE	hyp1	News	NaN	-14.218271255493164
740	741	en	luo	challenge_SSA-MTE	hyp1	News	NaN	-11.888544082641602
741	742	en	luo	challenge_SSA-MTE	hyp1	News	NaN	-17.77736473083496
742	743	en	luo	challenge_SSA-MTE	hyp1	News	NaN	-23.67978286743164
743	744	en	luo	challenge_SSA-MTE	hyp1	News	NaN	-12.52403736114502
744	745	en	luo	challenge_SSA-MTE	hyp1	News	NaN	-14.974701881408691
745	746	en	luo	challenge_SSA-MTE	hyp1	News	NaN	-13.922584533691406
746	747	en	luo	challenge_SSA-MTE	hyp1	News	NaN	-14.362937927246094
747	748	en	luo	challenge_SSA-MTE	hyp1	News	NaN	-14.141237258911133
748	749	en	luo	challenge_SSA-MTE	hyp1	News	NaN	-24.10767936706543
749	750	en	luo	challenge_SSA-MTE	hyp1	News	NaN	-18.00605583190918
750	751	en	luo	challenge_SSA-MTE	hyp1	News	NaN	-18.43374252319336
751	752	en	luo	challenge_SSA-MTE	hyp1	News	NaN	-22.01451873779297
752	753	en	luo	challenge_SSA-MTE	hyp1	News	NaN	-10.447397232055664
753	754	en	luo	challenge_SSA-MTE	hyp1	News	NaN	-14.48002815246582
754	755	en	luo	challenge_SSA-MTE	hyp1	News	NaN	-27.8406982421875
755	756	en	luo	challenge_SSA-MTE	hyp1	News	NaN	-11.987412452697754
756	757	en	luo	challenge_SSA-MTE	hyp1	News	NaN	-15.097023963928223
757	758	en	luo	challenge_SSA-MTE	hyp1	News	NaN	-13.386480331420898
758	759	en	luo	challenge_SSA-MTE	hyp1	News	NaN	-8.390387535095215
759	760	en	luo	challenge_SSA-MTE	hyp1	News	NaN	-9.076908111572266
760	761	en	luo	challenge_SSA-MTE	hyp1	News	NaN	-9.054119110107422
761	762	en	luo	challenge_SSA-MTE	hyp1	News	NaN	-11.987625122070312
762	763	en	luo	challenge_SSA-MTE	hyp1	News	NaN	-7.372818946838379
763	764	en	luo	challenge_SSA-MTE	hyp1	News	NaN	-14.554576873779297
764	765	en	luo	challenge_SSA-MTE	hyp1	News	NaN	-18.52763557434082
765	766	en	luo	challenge_SSA-MTE	hyp1	News	NaN	-22.606807708740234
766	767	en	luo	challenge_SSA-MTE	hyp1	News	NaN	-16.619749069213867
767	768	en	luo	challenge_SSA-MTE	hyp1	News	NaN	-18.334436416625977
768	769	en	luo	challenge_SSA-MTE	hyp1	News	NaN	-19.152278900146484
769	770	en	luo	challenge_SSA-MTE	hyp1	News	NaN	-15.822885513305664
770	771	en	luo	challenge_SSA-MTE	hyp1	News	NaN	-20.674909591674805
771	772	en	luo	challenge_SSA-MTE	hyp1	News	NaN	-18.162776947021484
772	773	en	luo	challenge_SSA-MTE	hyp1	News	NaN	-12.578529357910156
773	774	en	luo	challenge_SSA-MTE	hyp1	News	NaN	-14.961828231811523
774	775	en	luo	challenge_SSA-MTE	hyp1	News	NaN	-17.855140686035156
775	776	en	luo	challenge_SSA-MTE	hyp1	News	NaN	-12.237417221069336
776	777	en	luo	challenge_SSA-MTE	hyp1	News	NaN	-20.221454620361328
777	778	en	luo	challenge_SSA-MTE	hyp1	News	NaN	-13.539634704589844
778	779	en	luo	challenge_SSA-MTE	hyp1	News	NaN	-14.598271369934082
779	780	en	luo	challenge_SSA-MTE	hyp1	News	NaN	-11.747992515563965
780	781	en	luo	challenge_SSA-MTE	hyp1	News	NaN	-11.476808547973633
781	782	en	luo	challenge_SSA-MTE	hyp1	News	NaN	-19.80853843688965
782	783	en	luo	challenge_SSA-MTE	hyp1	News	NaN	-24.348567962646484
783	784	en	luo	challenge_SSA-MTE	hyp1	News	NaN	-16.17889404296875
784	785	en	luo	challenge_SSA-MTE	hyp1	News	NaN	-19.356216430664062
785	786	en	luo	challenge_SSA-MTE	hyp1	News	NaN	-17.639934539794922
786	787	en	luo	challenge_SSA-MTE	hyp1	News	NaN	-13.987419128417969
787	788	en	luo	challenge_SSA-MTE	hyp1	News	NaN	-19.179563522338867
788	789	en	luo	challenge_SSA-MTE	hyp1	News	NaN	-14.955354690551758
789	790	en	luo	challenge_SSA-MTE	hyp1	News	NaN	-17.480192184448242
790	791	en	luo	challenge_SSA-MTE	hyp1	News	NaN	-28.285707473754883
791	792	en	luo	challenge_SSA-MTE	hyp1	News	NaN	-16.097801208496094
792	793	en	luo	challenge_SSA-MTE	hyp1	News	NaN	-15.15616226196289
793	794	en	luo	challenge_SSA-MTE	hyp1	News	NaN	-15.959712028503418
794	795	en	luo	challenge_SSA-MTE	hyp1	News	NaN	-22.962871551513672
795	796	en	luo	challenge_SSA-MTE	hyp1	News	NaN	-9.274290084838867
796	797	en	luo	challenge_SSA-MTE	hyp1	News	NaN	-11.103438377380371
797	798	en	luo	challenge_SSA-MTE	hyp1	News	NaN	-17.711523056030273
798	799	en	luo	challenge_SSA-MTE	hyp1	News	NaN	-11.272146224975586
799	800	en	luo	challenge_SSA-MTE	hyp1	News	NaN	-8.988119125366211
800	801	en	luo	challenge_SSA-MTE	hyp1	News	NaN	-9.091001510620117
801	802	en	luo	challenge_SSA-MTE	hyp1	News	NaN	-8.538871765136719
802	803	en	luo	challenge_SSA-MTE	hyp1	News	NaN	-9.27764892578125
803	804	en	luo	challenge_SSA-MTE	hyp1	News	NaN	-8.184337615966797
804	805	en	luo	challenge_SSA-MTE	hyp1	News	NaN	-18.29302215576172
805	806	en	luo	challenge_SSA-MTE	hyp1	News	NaN	-15.917244911193848
806	807	en	luo	challenge_SSA-MTE	hyp1	News	NaN	-18.91253662109375
807	808	en	luo	challenge_SSA-MTE	hyp1	News	NaN	-13.393411636352539
808	809	en	luo	challenge_SSA-MTE	hyp1	News	NaN	-16.04188346862793
809	810	en	luo	challenge_SSA-MTE	hyp1	News	NaN	-10.777950286865234
810	811	en	luo	challenge_SSA-MTE	hyp1	News	NaN	-16.735658645629883
811	812	en	luo	challenge_SSA-MTE	hyp1	News	NaN	-20.909503936767578
812	813	en	luo	challenge_SSA-MTE	hyp1	News	NaN	-17.53020477294922
813	814	en	luo	challenge_SSA-MTE	hyp1	News	NaN	-14.597070693969727
814	815	en	luo	challenge_SSA-MTE	hyp1	News	NaN	-15.241743087768555
815	816	en	luo	challenge_SSA-MTE	hyp1	News	NaN	-14.43008804321289
816	817	en	luo	challenge_SSA-MTE	hyp1	News	NaN	-12.219422340393066
817	818	en	luo	challenge_SSA-MTE	hyp1	News	NaN	-13.221757888793945
818	819	en	luo	challenge_SSA-MTE	hyp1	News	NaN	-13.648053169250488
819	820	en	luo	challenge_SSA-MTE	hyp1	News	NaN	-14.30504035949707
820	821	en	luo	challenge_SSA-MTE	hyp1	News	NaN	-20.590747833251953
821	822	en	luo	challenge_SSA-MTE	hyp1	News	NaN	-15.032915115356445
822	823	en	luo	challenge_SSA-MTE	hyp1	News	NaN	-18.118282318115234
823	824	en	luo	challenge_SSA-MTE	hyp1	News	NaN	-18.899948120117188
824	825	en	luo	challenge_SSA-MTE	hyp1	News	NaN	-13.561741828918457
825	826	en	luo	challenge_SSA-MTE	hyp1	News	NaN	-18.642955780029297
826	827	en	luo	challenge_SSA-MTE	hyp1	News	NaN	-16.246435165405273
827	828	en	luo	challenge_SSA-MTE	hyp1	News	NaN	-18.370534896850586
828	829	en	luo	challenge_SSA-MTE	hyp1	News	NaN	-16.148441314697266
829	830	en	luo	challenge_SSA-MTE	hyp1	News	NaN	-23.983692169189453
830	831	en	luo	challenge_SSA-MTE	hyp1	News	NaN	-23.844453811645508
831	832	en	luo	challenge_SSA-MTE	hyp1	News	NaN	-13.373092651367188
832	833	en	luo	challenge_SSA-MTE	hyp1	News	NaN	-15.13494873046875
833	834	en	luo	challenge_SSA-MTE	hyp1	News	NaN	-12.03706169128418
834	835	en	luo	challenge_SSA-MTE	hyp1	News	NaN	-10.949801445007324
835	836	en	luo	challenge_SSA-MTE	hyp1	News	NaN	-17.364839553833008
836	837	en	luo	challenge_SSA-MTE	hyp1	News	NaN	-17.985347747802734
837	838	en	luo	challenge_SSA-MTE	hyp1	News	NaN	-11.929985046386719
838	839	en	luo	challenge_SSA-MTE	hyp1	News	NaN	-13.484047889709473
839	840	en	luo	challenge_SSA-MTE	hyp1	News	NaN	-16.743793487548828
840	841	en	luo	challenge_SSA-MTE	hyp1	News	NaN	-25.418289184570312
841	842	en	luo	challenge_SSA-MTE	hyp1	News	NaN	-18.940677642822266
842	843	en	luo	challenge_SSA-MTE	hyp1	News	NaN	-11.898605346679688
843	844	en	luo	challenge_SSA-MTE	hyp1	News	NaN	-14.410425186157227
844	845	en	luo	challenge_SSA-MTE	hyp1	News	NaN	-24.813947677612305
845	846	en	luo	challenge_SSA-MTE	hyp1	News	NaN	-22.13311004638672
846	847	en	luo	challenge_SSA-MTE	hyp1	News	NaN	-25.588542938232422
847	848	en	luo	challenge_SSA-MTE	hyp1	News	NaN	-15.867049217224121
848	849	en	luo	challenge_SSA-MTE	hyp1	News	NaN	-15.506327629089355
849	850	en	luo	challenge_SSA-MTE	hyp1	News	NaN	-12.836094856262207
850	851	en	luo	challenge_SSA-MTE	hyp1	News	NaN	-15.541563987731934
851	852	en	luo	challenge_SSA-MTE	hyp1	News	NaN	-13.319330215454102
852	853	en	luo	challenge_SSA-MTE	hyp1	News	NaN	-18.613191604614258
853	854	en	luo	challenge_SSA-MTE	hyp1	News	NaN	-15.804594993591309
854	855	en	luo	challenge_SSA-MTE	hyp1	News	NaN	-17.126384735107422
855	856	en	luo	challenge_SSA-MTE	hyp1	News	NaN	-15.828598022460938
856	857	en	luo	challenge_SSA-MTE	hyp1	News	NaN	-13.09005069732666
857	858	en	luo	challenge_SSA-MTE	hyp1	News	NaN	-16.412431716918945
858	859	en	luo	challenge_SSA-MTE	hyp1	News	NaN	-24.907962799072266
859	860	en	luo	challenge_SSA-MTE	hyp1	News	NaN	-15.52846622467041
860	861	en	luo	challenge_SSA-MTE	hyp1	News	NaN	-9.282249450683594
861	862	en	luo	challenge_SSA-MTE	hyp1	News	NaN	-16.262371063232422
862	863	en	luo	challenge_SSA-MTE	hyp1	News	NaN	-23.426921844482422
863	864	en	luo	challenge_SSA-MTE	hyp1	News	NaN	-25.18411636352539
864	865	en	luo	challenge_SSA-MTE	hyp1	News	NaN	-23.069181442260742
865	866	en	luo	challenge_SSA-MTE	hyp1	News	NaN	-22.23257064819336
866	867	en	luo	challenge_SSA-MTE	hyp1	News	NaN	-18.195255279541016
867	868	en	luo	challenge_SSA-MTE	hyp1	News	NaN	-16.51576805114746
868	869	en	luo	challenge_SSA-MTE	hyp1	News	NaN	-17.509559631347656
869	870	en	luo	challenge_SSA-MTE	hyp1	News	NaN	-28.259565353393555
870	871	en	luo	challenge_SSA-MTE	hyp1	News	NaN	-16.408815383911133
871	872	en	luo	challenge_SSA-MTE	hyp1	News	NaN	-19.440975189208984
872	873	en	luo	challenge_SSA-MTE	hyp1	News	NaN	-11.112922668457031
873	874	en	luo	challenge_SSA-MTE	hyp1	News	NaN	-15.137666702270508
874	875	en	luo	challenge_SSA-MTE	hyp1	News	NaN	-15.260641098022461
875	876	en	luo	challenge_SSA-MTE	hyp1	News	NaN	-23.50897789001465
876	877	en	luo	challenge_SSA-MTE	hyp1	News	NaN	-13.366724014282227
877	878	en	luo	challenge_SSA-MTE	hyp1	News	NaN	-19.00365447998047
878	879	en	luo	challenge_SSA-MTE	hyp1	News	NaN	-13.704652786254883
879	880	en	luo	challenge_SSA-MTE	hyp1	News	NaN	-20.034343719482422
880	881	en	luo	challenge_SSA-MTE	hyp1	News	NaN	-16.41507339477539
881	882	en	luo	challenge_SSA-MTE	hyp1	News	NaN	-11.790901184082031
882	883	en	luo	challenge_SSA-MTE	hyp1	News	NaN	-21.13705825805664
883	884	en	luo	challenge_SSA-MTE	hyp1	News	NaN	-20.2089900970459
884	885	en	luo	challenge_SSA-MTE	hyp1	News	NaN	-22.796100616455078
885	886	en	luo	challenge_SSA-MTE	hyp1	News	NaN	-19.008155822753906
886	887	en	luo	challenge_SSA-MTE	hyp1	News	NaN	-13.693683624267578
887	888	en	luo	challenge_SSA-MTE	hyp1	News	NaN	-21.184446334838867
888	889	en	luo	challenge_SSA-MTE	hyp1	News	NaN	-15.974971771240234
889	890	en	luo	challenge_SSA-MTE	hyp1	News	NaN	-19.043195724487305
890	891	en	luo	challenge_SSA-MTE	hyp1	News	NaN	-29.118934631347656
891	892	en	luo	challenge_SSA-MTE	hyp1	News	NaN	-25.992586135864258
892	893	en	luo	challenge_SSA-MTE	hyp1	News	NaN	-22.802204132080078
893	894	en	luo	challenge_SSA-MTE	hyp1	News	NaN	-16.8585147857666
894	895	en	luo	challenge_SSA-MTE	hyp1	News	NaN	-13.990346908569336
895	896	en	luo	challenge_SSA-MTE	hyp1	News	NaN	-14.33935260772705
896	897	en	luo	challenge_SSA-MTE	hyp1	News	NaN	-14.8006010055542
897	898	en	luo	challenge_SSA-MTE	hyp1	News	NaN	-14.220769882202148
898	899	en	luo	challenge_SSA-MTE	hyp1	News	NaN	-15.366781234741211
899	900	en	luo	challenge_SSA-MTE	hyp1	News	NaN	-13.767314910888672
900	901	en	luo	challenge_SSA-MTE	hyp1	News	NaN	-12.293750762939453
901	902	en	luo	challenge_SSA-MTE	hyp1	News	NaN	-13.269720077514648
902	903	en	luo	challenge_SSA-MTE	hyp1	News	NaN	-20.808345794677734
903	904	en	luo	challenge_SSA-MTE	hyp1	News	NaN	-16.233890533447266
904	905	en	luo	challenge_SSA-MTE	hyp1	News	NaN	-17.879566192626953
905	906	en	luo	challenge_SSA-MTE	hyp1	News	NaN	-12.601664543151855
906	907	en	luo	challenge_SSA-MTE	hyp1	News	NaN	-25.752166748046875
907	908	en	luo	challenge_SSA-MTE	hyp1	News	NaN	-18.745485305786133
908	909	en	luo	challenge_SSA-MTE	hyp1	News	NaN	-25.448322296142578
909	910	en	luo	challenge_SSA-MTE	hyp1	News	NaN	-24.055831909179688
910	911	en	luo	challenge_SSA-MTE	hyp1	News	NaN	-17.688167572021484
911	912	en	luo	challenge_SSA-MTE	hyp1	News	NaN	-16.111846923828125
912	913	en	luo	challenge_SSA-MTE	hyp1	News	NaN	-17.019065856933594
913	914	en	luo	challenge_SSA-MTE	hyp1	News	NaN	-24.265830993652344
914	915	en	luo	challenge_SSA-MTE	hyp1	News	NaN	-11.193367004394531
915	916	en	luo	challenge_SSA-MTE	hyp1	News	NaN	-11.220145225524902
916	917	en	luo	challenge_SSA-MTE	hyp1	News	NaN	-9.454313278198242
917	918	en	luo	challenge_SSA-MTE	hyp1	News	NaN	-19.934341430664062
918	919	en	luo	challenge_SSA-MTE	hyp1	News	NaN	-20.14618682861328
919	920	en	luo	challenge_SSA-MTE	hyp1	News	NaN	-25.215587615966797
920	921	en	luo	challenge_SSA-MTE	hyp1	News	NaN	-21.139446258544922
921	922	en	luo	challenge_SSA-MTE	hyp1	News	NaN	-22.127735137939453
922	923	en	luo	challenge_SSA-MTE	hyp1	News	NaN	-20.297170639038086
923	924	en	luo	challenge_SSA-MTE	hyp1	News	NaN	-22.349271774291992
924	925	en	luo	challenge_SSA-MTE	hyp1	News	NaN	-24.905487060546875
925	926	en	luo	challenge_SSA-MTE	hyp1	News	NaN	-22.85828399658203
926	927	en	luo	challenge_SSA-MTE	hyp1	News	NaN	-17.189022064208984
927	928	en	luo	challenge_SSA-MTE	hyp1	News	NaN	-13.247671127319336
928	929	en	luo	challenge_SSA-MTE	hyp1	News	NaN	-14.901713371276855
929	930	en	luo	challenge_SSA-MTE	hyp1	News	NaN	-15.975536346435547
930	931	en	luo	challenge_SSA-MTE	hyp1	News	NaN	-14.897489547729492
931	932	en	luo	challenge_SSA-MTE	hyp1	News	NaN	-12.581562042236328
932	933	en	luo	challenge_SSA-MTE	hyp1	News	NaN	-15.092793464660645
933	934	en	luo	challenge_SSA-MTE	hyp1	News	NaN	-21.40959930419922
934	935	en	luo	challenge_SSA-MTE	hyp1	News	NaN	-17.151432037353516
935	936	en	luo	challenge_SSA-MTE	hyp1	News	NaN	-15.383861541748047
936	937	en	luo	challenge_SSA-MTE	hyp1	News	NaN	-15.589778900146484
937	938	en	luo	challenge_SSA-MTE	hyp1	News	NaN	-13.215902328491211
938	939	en	luo	challenge_SSA-MTE	hyp1	News	NaN	-13.471382141113281
939	940	en	luo	challenge_SSA-MTE	hyp1	News	NaN	-27.721942901611328
940	941	en	luo	challenge_SSA-MTE	hyp1	News	NaN	-12.558995246887207
941	942	en	luo	challenge_SSA-MTE	hyp1	News	NaN	-12.420248031616211
942	943	en	luo	challenge_SSA-MTE	hyp1	News	NaN	-11.789165496826172
943	944	en	luo	challenge_SSA-MTE	hyp1	News	NaN	-16.39338493347168
944	945	en	luo	challenge_SSA-MTE	hyp1	News	NaN	-13.924993515014648
945	946	en	luo	challenge_SSA-MTE	hyp1	News	NaN	-17.03822135925293
946	947	en	luo	challenge_SSA-MTE	hyp1	News	NaN	-14.465363502502441
947	948	en	luo	challenge_SSA-MTE	hyp1	News	NaN	-17.997821807861328
948	949	en	luo	challenge_SSA-MTE	hyp1	News	NaN	-19.264921188354492
949	950	en	luo	challenge_SSA-MTE	hyp1	News	NaN	-7.082089424133301
950	951	en	luo	challenge_SSA-MTE	hyp1	News	NaN	-18.9844970703125
951	952	en	luo	challenge_SSA-MTE	hyp1	News	NaN	-20.500286102294922
952	953	en	luo	challenge_SSA-MTE	hyp1	News	NaN	-24.43491554260254
953	954	en	luo	challenge_SSA-MTE	hyp1	News	NaN	-18.298017501831055
954	955	en	luo	challenge_SSA-MTE	hyp1	News	NaN	-13.074399948120117
955	956	en	luo	challenge_SSA-MTE	hyp1	News	NaN	-11.195902824401855
956	957	en	luo	challenge_SSA-MTE	hyp1	News	NaN	-16.092601776123047
957	958	en	luo	challenge_SSA-MTE	hyp1	News	NaN	-26.323190689086914
958	959	en	luo	challenge_SSA-MTE	hyp1	News	NaN	-13.69225025177002
959	960	en	luo	challenge_SSA-MTE	hyp1	News	NaN	-14.057952880859375
960	961	en	luo	challenge_SSA-MTE	hyp1	News	NaN	-18.321565628051758
961	962	en	luo	challenge_SSA-MTE	hyp1	News	NaN	-19.4281005859375
962	963	en	luo	challenge_SSA-MTE	hyp1	News	NaN	-14.844741821289062
963	964	en	luo	challenge_SSA-MTE	hyp1	News	NaN	-16.404762268066406
964	965	en	luo	challenge_SSA-MTE	hyp1	News	NaN	-18.072891235351562
965	966	en	luo	challenge_SSA-MTE	hyp1	News	NaN	-11.762622833251953
966	967	en	luo	challenge_SSA-MTE	hyp1	News	NaN	-14.889150619506836
967	968	en	luo	challenge_SSA-MTE	hyp1	News	NaN	-17.18208885192871
968	969	en	luo	challenge_SSA-MTE	hyp1	News	NaN	-20.742408752441406
969	970	en	luo	challenge_SSA-MTE	hyp1	News	NaN	-14.732213973999023
970	971	en	luo	challenge_SSA-MTE	hyp1	News	NaN	-19.63477325439453
971	972	en	luo	challenge_SSA-MTE	hyp1	News	NaN	-17.7568359375
972	973	en	luo	challenge_SSA-MTE	hyp1	News	NaN	-13.86733627319336
973	974	en	luo	challenge_SSA-MTE	hyp1	News	NaN	-17.281736373901367
974	975	en	luo	challenge_SSA-MTE	hyp1	News	NaN	-17.88527488708496
975	976	en	luo	challenge_SSA-MTE	hyp1	News	NaN	-18.125402450561523
976	977	en	luo	challenge_SSA-MTE	hyp1	News	NaN	-22.60574722290039
977	978	en	luo	challenge_SSA-MTE	hyp1	News	NaN	-16.400196075439453
978	979	en	luo	challenge_SSA-MTE	hyp1	News	NaN	-19.211261749267578
979	980	en	luo	challenge_SSA-MTE	hyp1	News	NaN	-23.106353759765625
980	981	en	luo	challenge_SSA-MTE	hyp1	News	NaN	-17.227834701538086
981	982	en	luo	challenge_SSA-MTE	hyp1	News	NaN	-15.91235065460205
982	983	en	luo	challenge_SSA-MTE	hyp1	News	NaN	-18.219593048095703
983	984	en	luo	challenge_SSA-MTE	hyp1	News	NaN	-16.994892120361328
984	985	en	luo	challenge_SSA-MTE	hyp1	News	NaN	-18.206829071044922
985	986	en	luo	challenge_SSA-MTE	hyp1	News	NaN	-19.256202697753906
986	987	en	luo	challenge_SSA-MTE	hyp1	News	NaN	-17.069355010986328
987	988	en	luo	challenge_SSA-MTE	hyp1	News	NaN	-14.80683422088623
988	989	en	luo	challenge_SSA-MTE	hyp1	News	NaN	-9.653593063354492
989	990	en	luo	challenge_SSA-MTE	hyp1	News	NaN	-16.660369873046875
990	991	en	luo	challenge_SSA-MTE	hyp1	News	NaN	-13.461554527282715
991	992	en	luo	challenge_SSA-MTE	hyp1	News	NaN	-10.591872215270996
992	993	en	luo	challenge_SSA-MTE	hyp1	News	NaN	-14.762014389038086
993	994	en	luo	challenge_SSA-MTE	hyp1	News	NaN	-10.153154373168945
994	995	en	luo	challenge_SSA-MTE	hyp1	News	NaN	-16.82802963256836
995	996	en	luo	challenge_SSA-MTE	hyp1	News	NaN	-14.684564590454102
996	997	en	luo	challenge_SSA-MTE	hyp1	News	NaN	-26.52730941772461
997	998	en	luo	challenge_SSA-MTE	hyp1	News	NaN	-12.437492370605469
998	999	en	luo	challenge_SSA-MTE	hyp1	News	NaN	-15.235968589782715
999	1000	en	luo	challenge_SSA-MTE	hyp1	News	NaN	-15.930315017700195
1000	1001	en	luo	challenge_SSA-MTE	hyp1	News	NaN	-9.763763427734375
1001	1002	en	luo	challenge_SSA-MTE	hyp1	News	NaN	-9.935916900634766
1002	1003	en	luo	challenge_SSA-MTE	hyp1	News	NaN	-23.61551284790039
1003	1004	en	luo	challenge_SSA-MTE	hyp1	News	NaN	-9.96003246307373
1004	1005	en	luo	challenge_SSA-MTE	hyp1	News	NaN	-9.423126220703125
1005	1006	en	luo	challenge_SSA-MTE	hyp1	News	NaN	-9.215545654296875
1006	1007	en	luo	challenge_SSA-MTE	hyp1	News	NaN	-13.721980094909668
1007	1008	en	luo	challenge_SSA-MTE	hyp1	News	NaN	-14.76205062866211
1008	1009	en	luo	challenge_SSA-MTE	hyp1	News	NaN	-27.148208618164062
1009	1010	en	luo	challenge_SSA-MTE	hyp1	News	NaN	-13.274116516113281
1010	1011	en	luo	challenge_SSA-MTE	hyp1	News	NaN	-16.652822494506836
1011	1012	en	luo	challenge_SSA-MTE	hyp1	News	NaN	-16.900754928588867
1012	1013	en	luo	challenge_SSA-MTE	hyp1	News	NaN	-20.07715606689453
1013	1014	en	luo	challenge_SSA-MTE	hyp1	News	NaN	-23.091157913208008
1014	1015	en	luo	challenge_SSA-MTE	hyp1	News	NaN	-15.76974105834961
1015	1016	en	luo	challenge_SSA-MTE	hyp1	News	NaN	-16.10440444946289
1016	1017	en	luo	challenge_SSA-MTE	hyp1	News	NaN	-18.062076568603516
1017	1018	en	luo	challenge_SSA-MTE	hyp1	News	NaN	-13.838805198669434
1018	1019	en	luo	challenge_SSA-MTE	hyp1	News	NaN	-11.054937362670898
1019	1020	en	luo	challenge_SSA-MTE	hyp1	News	NaN	-19.990028381347656
1020	1021	en	luo	challenge_SSA-MTE	hyp1	News	NaN	-15.981609344482422
1021	1022	en	luo	challenge_SSA-MTE	hyp1	News	NaN	-13.929325103759766
1022	1023	en	luo	challenge_SSA-MTE	hyp1	News	NaN	-18.12997055053711
1023	1024	en	luo	challenge_SSA-MTE	hyp1	News	NaN	-11.739599227905273
1024	1025	en	luo	challenge_SSA-MTE	hyp1	News	NaN	-9.881678581237793
1025	1026	en	luo	challenge_SSA-MTE	hyp1	News	NaN	-23.849430084228516
1026	1027	en	luo	challenge_SSA-MTE	hyp1	News	NaN	-12.12221622467041
1027	1028	en	luo	challenge_SSA-MTE	hyp1	News	NaN	-16.09901237487793
1028	1029	en	luo	challenge_SSA-MTE	hyp1	News	NaN	-15.985466957092285
1029	1030	en	luo	challenge_SSA-MTE	hyp1	News	NaN	-18.226083755493164
1030	1031	en	luo	challenge_SSA-MTE	hyp1	News	NaN	-19.410900115966797
1031	1032	en	luo	challenge_SSA-MTE	hyp1	News	NaN	-27.914772033691406
1032	1033	en	luo	challenge_SSA-MTE	hyp1	News	NaN	-24.019939422607422
1033	1034	en	luo	challenge_SSA-MTE	hyp1	News	NaN	-27.57033920288086
1034	1035	en	luo	challenge_SSA-MTE	hyp1	News	NaN	-22.48519515991211
1035	1036	en	luo	challenge_SSA-MTE	hyp1	News	NaN	-12.003061294555664
1036	1037	en	luo	challenge_SSA-MTE	hyp1	News	NaN	-13.988801002502441
1037	1038	en	luo	challenge_SSA-MTE	hyp1	News	NaN	-17.404943466186523
1038	1039	en	luo	challenge_SSA-MTE	hyp1	News	NaN	-19.32837677001953
1039	1040	en	luo	challenge_SSA-MTE	hyp1	News	NaN	-15.445893287658691
1040	1041	en	luo	challenge_SSA-MTE	hyp1	News	NaN	-10.931467056274414
1041	1042	en	luo	challenge_SSA-MTE	hyp1	News	NaN	-23.149192810058594
1042	1043	en	luo	challenge_SSA-MTE	hyp1	News	NaN	-29.66172218322754
1043	1044	en	luo	challenge_SSA-MTE	hyp1	News	NaN	-9.37906265258789
1044	1045	en	luo	challenge_SSA-MTE	hyp1	News	NaN	-18.02699089050293
1045	1046	en	luo	challenge_SSA-MTE	hyp1	News	NaN	-8.683801651000977
1046	1047	en	luo	challenge_SSA-MTE	hyp1	News	NaN	-14.462480545043945
1047	1048	en	luo	challenge_SSA-MTE	hyp1	News	NaN	-23.750288009643555
1048	1049	en	luo	challenge_SSA-MTE	hyp1	News	NaN	-8.688026428222656
1049	1050	en	luo	challenge_SSA-MTE	hyp1	News	NaN	-8.68758773803711
1050	1051	en	luo	challenge_SSA-MTE	hyp1	News	NaN	-11.699102401733398
1051	1052	en	luo	challenge_SSA-MTE	hyp1	News	NaN	-20.10146713256836
1052	1053	en	luo	challenge_SSA-MTE	hyp1	News	NaN	-17.61359405517578
1053	1054	en	luo	challenge_SSA-MTE	hyp1	News	NaN	-17.37786102294922
1054	1055	en	luo	challenge_SSA-MTE	hyp1	News	NaN	-19.69902801513672
1055	1056	en	luo	challenge_SSA-MTE	hyp1	News	NaN	-15.388855934143066
1056	1057	en	luo	challenge_SSA-MTE	hyp1	News	NaN	-15.23989486694336
1057	1058	en	luo	challenge_SSA-MTE	hyp1	News	NaN	-16.667959213256836
1058	1059	en	luo	challenge_SSA-MTE	hyp1	News	NaN	-19.215831756591797
1059	1060	en	luo	challenge_SSA-MTE	hyp1	News	NaN	-17.33253288269043
1060	1061	en	luo	challenge_SSA-MTE	hyp1	News	NaN	-19.63296890258789
1061	1062	en	luo	challenge_SSA-MTE	hyp1	News	NaN	-19.930179595947266
1062	1063	en	luo	challenge_SSA-MTE	hyp1	News	NaN	-13.741910934448242
1063	1064	en	luo	challenge_SSA-MTE	hyp1	News	NaN	-19.158851623535156
1064	1065	en	luo	challenge_SSA-MTE	hyp1	News	NaN	-20.62324333190918
1065	1066	en	luo	challenge_SSA-MTE	hyp1	News	NaN	-26.051475524902344
1066	1067	en	luo	challenge_SSA-MTE	hyp1	News	NaN	-15.211435317993164
1067	1068	en	luo	challenge_SSA-MTE	hyp1	News	NaN	-23.592144012451172
1068	1069	en	luo	challenge_SSA-MTE	hyp1	News	NaN	-18.165122985839844
1069	1070	en	luo	challenge_SSA-MTE	hyp1	News	NaN	-17.728017807006836
1070	1071	en	luo	challenge_SSA-MTE	hyp1	News	NaN	-16.622591018676758
1071	1072	en	luo	challenge_SSA-MTE	hyp1	News	NaN	-23.352497100830078
1072	1073	en	luo	challenge_SSA-MTE	hyp1	News	NaN	-18.53888511657715
1073	1074	en	luo	challenge_SSA-MTE	hyp1	News	NaN	-15.090241432189941
1074	1075	en	luo	challenge_SSA-MTE	hyp1	News	NaN	-18.838083267211914
1075	1076	en	luo	challenge_SSA-MTE	hyp1	News	NaN	-21.510034561157227
1076	1077	en	luo	challenge_SSA-MTE	hyp1	News	NaN	-18.971046447753906
1077	1078	en	luo	challenge_SSA-MTE	hyp1	News	NaN	-30.25322723388672
1078	1079	en	luo	challenge_SSA-MTE	hyp1	News	NaN	-15.50512409210205
1079	1080	en	luo	challenge_SSA-MTE	hyp1	News	NaN	-12.744112014770508
1080	1081	en	luo	challenge_SSA-MTE	hyp1	News	NaN	-17.607479095458984
1081	1082	en	luo	challenge_SSA-MTE	hyp1	News	NaN	-16.543968200683594
1082	1083	en	luo	challenge_SSA-MTE	hyp1	News	NaN	-20.037490844726562
1083	1084	en	luo	challenge_SSA-MTE	hyp1	News	NaN	-26.072158813476562
1084	1085	en	luo	challenge_SSA-MTE	hyp1	News	NaN	-20.17695426940918
1085	1086	en	luo	challenge_SSA-MTE	hyp1	News	NaN	-18.684982299804688
1086	1087	en	luo	challenge_SSA-MTE	hyp1	News	NaN	-18.80731201171875
1087	1088	en	luo	challenge_SSA-MTE	hyp1	News	NaN	-16.471759796142578
1088	1089	en	luo	challenge_SSA-MTE	hyp1	News	NaN	-19.282426834106445
1089	1090	en	luo	challenge_SSA-MTE	hyp1	News	NaN	-16.944522857666016
1090	1091	en	luo	challenge_SSA-MTE	hyp1	News	NaN	-14.035125732421875
1091	1092	en	luo	challenge_SSA-MTE	hyp1	News	NaN	-20.83896827697754
1092	1093	en	luo	challenge_SSA-MTE	hyp1	News	NaN	-17.88270378112793
1093	1094	en	luo	challenge_SSA-MTE	hyp1	News	NaN	-22.344070434570312
1094	1095	en	luo	challenge_SSA-MTE	hyp1	News	NaN	-19.265365600585938
1095	1096	en	luo	challenge_SSA-MTE	hyp1	News	NaN	-28.16168975830078
1096	1097	en	luo	challenge_SSA-MTE	hyp1	News	NaN	-20.03658676147461
1097	1098	en	luo	challenge_SSA-MTE	hyp1	News	NaN	-20.862451553344727
1098	1099	en	luo	challenge_SSA-MTE	hyp1	News	NaN	-22.833232879638672
1099	1100	en	luo	challenge_SSA-MTE	hyp1	News	NaN	-17.88486099243164
1100	1101	en	luo	challenge_SSA-MTE	hyp1	News	NaN	-18.795757293701172
1101	1102	en	luo	challenge_SSA-MTE	hyp1	News	NaN	-26.550983428955078
1102	1103	en	luo	challenge_SSA-MTE	hyp1	News	NaN	-13.090868949890137
1103	1104	en	luo	challenge_SSA-MTE	hyp1	News	NaN	-13.027885437011719
1104	1105	en	luo	challenge_SSA-MTE	hyp1	News	NaN	-16.728069305419922
1105	1106	en	luo	challenge_SSA-MTE	hyp1	News	NaN	-12.080392837524414
1106	1107	en	luo	challenge_SSA-MTE	hyp1	News	NaN	-10.575601577758789
1107	1108	en	luo	challenge_SSA-MTE	hyp1	News	NaN	-27.899398803710938
1108	1109	en	luo	challenge_SSA-MTE	hyp1	News	NaN	-19.532596588134766
1109	1110	en	luo	challenge_SSA-MTE	hyp1	News	NaN	-17.498157501220703
1110	1111	en	luo	challenge_SSA-MTE	hyp1	News	NaN	-18.412887573242188
1111	1112	en	luo	challenge_SSA-MTE	hyp1	News	NaN	-13.188234329223633
1112	1113	en	luo	challenge_SSA-MTE	hyp1	News	NaN	-26.04442024230957
1113	1114	en	luo	challenge_SSA-MTE	hyp1	News	NaN	-15.249035835266113
1114	1115	en	luo	challenge_SSA-MTE	hyp1	News	NaN	-19.06739044189453
1115	1116	en	luo	challenge_SSA-MTE	hyp1	News	NaN	-19.584331512451172
1116	1117	en	luo	challenge_SSA-MTE	hyp1	News	NaN	-19.506988525390625
1117	1118	en	luo	challenge_SSA-MTE	hyp1	News	NaN	-18.745664596557617
1118	1119	en	luo	challenge_SSA-MTE	hyp1	News	NaN	-17.881193161010742
1119	1120	en	luo	challenge_SSA-MTE	hyp1	News	NaN	-10.425122261047363
1120	1121	en	luo	challenge_SSA-MTE	hyp1	News	NaN	-13.269506454467773
1121	1122	en	luo	challenge_SSA-MTE	hyp1	News	NaN	-13.925195693969727
1122	1123	en	luo	challenge_SSA-MTE	hyp1	News	NaN	-12.290861129760742
1123	1124	en	luo	challenge_SSA-MTE	hyp1	News	NaN	-10.983132362365723
1124	1125	en	luo	challenge_SSA-MTE	hyp1	News	NaN	-14.172082901000977
1125	1126	en	luo	challenge_SSA-MTE	hyp1	News	NaN	-13.670509338378906
1126	1127	en	luo	challenge_SSA-MTE	hyp1	News	NaN	-11.914216995239258
1127	1128	en	luo	challenge_SSA-MTE	hyp1	News	NaN	-21.023086547851562
1128	1129	en	luo	challenge_SSA-MTE	hyp1	News	NaN	-11.169304847717285
1129	1130	en	luo	challenge_SSA-MTE	hyp1	News	NaN	-9.432104110717773
1130	1131	en	luo	challenge_SSA-MTE	hyp1	News	NaN	-10.505826950073242
1131	1132	en	luo	challenge_SSA-MTE	hyp1	News	NaN	-14.129573822021484
1132	1133	en	luo	challenge_SSA-MTE	hyp1	News	NaN	-23.2354736328125
1133	1134	en	luo	challenge_SSA-MTE	hyp1	News	NaN	-30.327655792236328
1134	1135	en	luo	challenge_SSA-MTE	hyp1	News	NaN	-26.697647094726562
1135	1136	en	luo	challenge_SSA-MTE	hyp1	News	NaN	-16.07734489440918
1136	1137	en	luo	challenge_SSA-MTE	hyp1	News	NaN	-16.615365982055664
1137	1138	en	luo	challenge_SSA-MTE	hyp1	News	NaN	-13.934288024902344
1138	1139	en	luo	challenge_SSA-MTE	hyp1	News	NaN	-18.192092895507812
1139	1140	en	luo	challenge_SSA-MTE	hyp1	News	NaN	-18.867000579833984
1140	1141	en	luo	challenge_SSA-MTE	hyp1	News	NaN	-26.144420623779297
1141	1142	en	luo	challenge_SSA-MTE	hyp1	News	NaN	-19.439376831054688
1142	1143	en	luo	challenge_SSA-MTE	hyp1	News	NaN	-10.941576957702637
1143	1144	en	luo	challenge_SSA-MTE	hyp1	News	NaN	-10.776444435119629
1144	1145	en	luo	challenge_SSA-MTE	hyp1	News	NaN	-20.051681518554688
1145	1146	en	luo	challenge_SSA-MTE	hyp1	News	NaN	-14.946702003479004
1146	1147	en	luo	challenge_SSA-MTE	hyp1	News	NaN	-11.589658737182617
1147	1148	en	luo	challenge_SSA-MTE	hyp1	News	NaN	-12.979867935180664
1148	1149	en	luo	challenge_SSA-MTE	hyp1	News	NaN	-15.029961585998535
1149	1150	en	luo	challenge_SSA-MTE	hyp1	News	NaN	-16.141067504882812
1150	1151	en	luo	challenge_SSA-MTE	hyp1	News	NaN	-21.96929168701172
1151	1152	en	luo	challenge_SSA-MTE	hyp1	News	NaN	-16.968515396118164
1152	1153	en	luo	challenge_SSA-MTE	hyp1	News	NaN	-20.8741455078125
1153	1154	en	luo	challenge_SSA-MTE	hyp1	News	NaN	-16.233654022216797
1154	1155	en	luo	challenge_SSA-MTE	hyp1	News	NaN	-10.45930290222168
1155	1156	en	luo	challenge_SSA-MTE	hyp1	News	NaN	-15.514519691467285
1156	1157	en	luo	challenge_SSA-MTE	hyp1	News	NaN	-19.670082092285156
1157	1158	en	luo	challenge_SSA-MTE	hyp1	News	NaN	-14.122105598449707
1158	1159	en	luo	challenge_SSA-MTE	hyp1	News	NaN	-13.335460662841797
1159	1160	en	luo	challenge_SSA-MTE	hyp1	News	NaN	-11.81144905090332
1160	1161	en	luo	challenge_SSA-MTE	hyp1	News	NaN	-22.4315185546875
1161	1162	en	luo	challenge_SSA-MTE	hyp1	News	NaN	-16.93815040588379
1162	1163	en	luo	challenge_SSA-MTE	hyp1	News	NaN	-15.046470642089844
1163	1164	en	luo	challenge_SSA-MTE	hyp1	News	NaN	-12.408464431762695
1164	1165	en	luo	challenge_SSA-MTE	hyp1	News	NaN	-15.669073104858398
1165	1166	en	luo	challenge_SSA-MTE	hyp1	News	NaN	-13.247652053833008
1166	1167	en	luo	challenge_SSA-MTE	hyp1	News	NaN	-23.343650817871094
1167	1168	en	luo	challenge_SSA-MTE	hyp1	News	NaN	-24.881229400634766
1168	1169	en	luo	challenge_SSA-MTE	hyp1	News	NaN	-21.90999984741211
1169	1170	en	luo	challenge_SSA-MTE	hyp1	News	NaN	-17.481273651123047
1170	1171	en	luo	challenge_SSA-MTE	hyp1	News	NaN	-14.26984691619873
1171	1172	en	luo	challenge_SSA-MTE	hyp1	News	NaN	-15.148887634277344
1172	1173	en	luo	challenge_SSA-MTE	hyp1	News	NaN	-14.069583892822266
1173	1174	en	luo	challenge_SSA-MTE	hyp1	News	NaN	-12.807303428649902
1174	1175	en	luo	challenge_SSA-MTE	hyp1	News	NaN	-14.896222114562988
1175	1176	en	luo	challenge_SSA-MTE	hyp1	News	NaN	-20.051733016967773
1176	1177	en	luo	challenge_SSA-MTE	hyp1	News	NaN	-22.152603149414062
1177	1178	en	luo	challenge_SSA-MTE	hyp1	News	NaN	-29.095727920532227
1178	1179	en	luo	challenge_SSA-MTE	hyp1	News	NaN	-20.154647827148438
1179	1180	en	luo	challenge_SSA-MTE	hyp1	News	NaN	-17.454816818237305
1180	1181	en	luo	challenge_SSA-MTE	hyp1	News	NaN	-21.595333099365234
1181	1182	en	luo	challenge_SSA-MTE	hyp1	News	NaN	-21.574634552001953
1182	1183	en	luo	challenge_SSA-MTE	hyp1	News	NaN	-26.383392333984375
1183	1184	en	luo	challenge_SSA-MTE	hyp1	News	NaN	-17.356555938720703
1184	1185	en	luo	challenge_SSA-MTE	hyp1	News	NaN	-16.57766342163086
1185	1186	en	luo	challenge_SSA-MTE	hyp1	News	NaN	-12.911640167236328
1186	1187	en	luo	challenge_SSA-MTE	hyp1	News	NaN	-22.122722625732422
1187	1188	en	luo	challenge_SSA-MTE	hyp1	News	NaN	-25.516756057739258
1188	1189	en	luo	challenge_SSA-MTE	hyp1	News	NaN	-19.565826416015625
1189	1190	en	luo	challenge_SSA-MTE	hyp1	News	NaN	-12.310966491699219
1190	1191	en	luo	challenge_SSA-MTE	hyp1	News	NaN	-19.694412231445312
1191	1192	en	luo	challenge_SSA-MTE	hyp1	News	NaN	-16.718921661376953
1192	1193	en	luo	challenge_SSA-MTE	hyp1	News	NaN	-13.950271606445312
1193	1194	en	luo	challenge_SSA-MTE	hyp1	News	NaN	-13.532329559326172
1194	1195	en	luo	challenge_SSA-MTE	hyp1	News	NaN	-19.917936325073242
1195	1196	en	luo	challenge_SSA-MTE	hyp1	News	NaN	-16.866670608520508
1196	1197	en	luo	challenge_SSA-MTE	hyp1	News	NaN	-27.123620986938477
1197	1198	en	luo	challenge_SSA-MTE	hyp1	News	NaN	-18.573612213134766
1198	1199	en	luo	challenge_SSA-MTE	hyp1	News	NaN	-23.048362731933594
0	1	en	twi	challenge_SSA-MTE	hyp1	News	NaN	-3.034754753112793
1	2	en	twi	challenge_SSA-MTE	hyp1	News	NaN	-3.1064608097076416
2	3	en	twi	challenge_SSA-MTE	hyp1	News	NaN	-9.97720718383789
3	4	en	twi	challenge_SSA-MTE	hyp1	News	NaN	-4.539482116699219
4	5	en	twi	challenge_SSA-MTE	hyp1	News	NaN	-5.799919128417969
5	6	en	twi	challenge_SSA-MTE	hyp1	News	NaN	-3.176297187805176
6	7	en	twi	challenge_SSA-MTE	hyp1	News	NaN	-3.755481004714966
7	8	en	twi	challenge_SSA-MTE	hyp1	News	NaN	-2.947482109069824
8	9	en	twi	challenge_SSA-MTE	hyp1	News	NaN	-13.071798324584961
9	10	en	twi	challenge_SSA-MTE	hyp1	News	NaN	-4.604260444641113
10	11	en	twi	challenge_SSA-MTE	hyp1	News	NaN	-3.437016010284424
11	12	en	twi	challenge_SSA-MTE	hyp1	News	NaN	-6.796726703643799
12	13	en	twi	challenge_SSA-MTE	hyp1	News	NaN	-4.631313323974609
13	14	en	twi	challenge_SSA-MTE	hyp1	News	NaN	-7.905481338500977
14	15	en	twi	challenge_SSA-MTE	hyp1	News	NaN	-23.05057716369629
15	16	en	twi	challenge_SSA-MTE	hyp1	News	NaN	-8.262049674987793
16	17	en	twi	challenge_SSA-MTE	hyp1	News	NaN	-5.249862194061279
17	18	en	twi	challenge_SSA-MTE	hyp1	News	NaN	-4.753908634185791
18	19	en	twi	challenge_SSA-MTE	hyp1	News	NaN	-6.999509334564209
19	20	en	twi	challenge_SSA-MTE	hyp1	News	NaN	-4.842282295227051
20	21	en	twi	challenge_SSA-MTE	hyp1	News	NaN	-21.844432830810547
21	22	en	twi	challenge_SSA-MTE	hyp1	News	NaN	-9.018735885620117
22	23	en	twi	challenge_SSA-MTE	hyp1	News	NaN	-3.4765567779541016
23	24	en	twi	challenge_SSA-MTE	hyp1	News	NaN	-5.66618537902832
24	25	en	twi	challenge_SSA-MTE	hyp1	News	NaN	-8.308889389038086
25	26	en	twi	challenge_SSA-MTE	hyp1	News	NaN	-7.073606967926025
26	27	en	twi	challenge_SSA-MTE	hyp1	News	NaN	-7.909157752990723
27	28	en	twi	challenge_SSA-MTE	hyp1	News	NaN	-4.961934566497803
28	29	en	twi	challenge_SSA-MTE	hyp1	News	NaN	-4.593857765197754
29	30	en	twi	challenge_SSA-MTE	hyp1	News	NaN	-10.280730247497559
30	31	en	twi	challenge_SSA-MTE	hyp1	News	NaN	-9.677852630615234
31	32	en	twi	challenge_SSA-MTE	hyp1	News	NaN	-2.839226722717285
32	33	en	twi	challenge_SSA-MTE	hyp1	News	NaN	-8.396509170532227
33	34	en	twi	challenge_SSA-MTE	hyp1	News	NaN	-4.721619606018066
34	35	en	twi	challenge_SSA-MTE	hyp1	News	NaN	-9.452407836914062
35	36	en	twi	challenge_SSA-MTE	hyp1	News	NaN	-16.211341857910156
36	37	en	twi	challenge_SSA-MTE	hyp1	News	NaN	-24.820030212402344
37	38	en	twi	challenge_SSA-MTE	hyp1	News	NaN	-21.61754608154297
38	39	en	twi	challenge_SSA-MTE	hyp1	News	NaN	-16.78131103515625
39	40	en	twi	challenge_SSA-MTE	hyp1	News	NaN	-10.98701286315918
40	41	en	twi	challenge_SSA-MTE	hyp1	News	NaN	-3.9620490074157715
41	42	en	twi	challenge_SSA-MTE	hyp1	News	NaN	-8.025800704956055
42	43	en	twi	challenge_SSA-MTE	hyp1	News	NaN	-12.412691116333008
43	44	en	twi	challenge_SSA-MTE	hyp1	News	NaN	-5.379880905151367
44	45	en	twi	challenge_SSA-MTE	hyp1	News	NaN	-6.102093696594238
45	46	en	twi	challenge_SSA-MTE	hyp1	News	NaN	-10.75385856628418
46	47	en	twi	challenge_SSA-MTE	hyp1	News	NaN	-4.875223159790039
47	48	en	twi	challenge_SSA-MTE	hyp1	News	NaN	-4.946752548217773
48	49	en	twi	challenge_SSA-MTE	hyp1	News	NaN	-25.083967208862305
49	50	en	twi	challenge_SSA-MTE	hyp1	News	NaN	-4.32712984085083
50	51	en	twi	challenge_SSA-MTE	hyp1	News	NaN	-3.1861422061920166
51	52	en	twi	challenge_SSA-MTE	hyp1	News	NaN	-7.352774620056152
52	53	en	twi	challenge_SSA-MTE	hyp1	News	NaN	-3.7098617553710938
53	54	en	twi	challenge_SSA-MTE	hyp1	News	NaN	-4.910098552703857
54	55	en	twi	challenge_SSA-MTE	hyp1	News	NaN	-11.989235877990723
55	56	en	twi	challenge_SSA-MTE	hyp1	News	NaN	-8.719268798828125
56	57	en	twi	challenge_SSA-MTE	hyp1	News	NaN	-3.1069297790527344
57	58	en	twi	challenge_SSA-MTE	hyp1	News	NaN	-6.8954973220825195
58	59	en	twi	challenge_SSA-MTE	hyp1	News	NaN	-2.267305374145508
59	60	en	twi	challenge_SSA-MTE	hyp1	News	NaN	-2.686819076538086
60	61	en	twi	challenge_SSA-MTE	hyp1	News	NaN	-19.192895889282227
61	62	en	twi	challenge_SSA-MTE	hyp1	News	NaN	-3.7059226036071777
62	63	en	twi	challenge_SSA-MTE	hyp1	News	NaN	-3.2463409900665283
63	64	en	twi	challenge_SSA-MTE	hyp1	News	NaN	-5.5555853843688965
64	65	en	twi	challenge_SSA-MTE	hyp1	News	NaN	-4.709212303161621
65	66	en	twi	challenge_SSA-MTE	hyp1	News	NaN	-7.051029205322266
66	67	en	twi	challenge_SSA-MTE	hyp1	News	NaN	-9.62647819519043
67	68	en	twi	challenge_SSA-MTE	hyp1	News	NaN	-3.826274871826172
68	69	en	twi	challenge_SSA-MTE	hyp1	News	NaN	-3.190782070159912
69	70	en	twi	challenge_SSA-MTE	hyp1	News	NaN	-5.39080810546875
70	71	en	twi	challenge_SSA-MTE	hyp1	News	NaN	-4.244684219360352
71	72	en	twi	challenge_SSA-MTE	hyp1	News	NaN	-1.7497162818908691
72	73	en	twi	challenge_SSA-MTE	hyp1	News	NaN	-23.21274185180664
73	74	en	twi	challenge_SSA-MTE	hyp1	News	NaN	-3.4407591819763184
74	75	en	twi	challenge_SSA-MTE	hyp1	News	NaN	-1.7990223169326782
75	76	en	twi	challenge_SSA-MTE	hyp1	News	NaN	-3.7639689445495605
76	77	en	twi	challenge_SSA-MTE	hyp1	News	NaN	-24.800249099731445
77	78	en	twi	challenge_SSA-MTE	hyp1	News	NaN	-3.9383256435394287
78	79	en	twi	challenge_SSA-MTE	hyp1	News	NaN	-6.3117241859436035
79	80	en	twi	challenge_SSA-MTE	hyp1	News	NaN	-7.303010940551758
80	81	en	twi	challenge_SSA-MTE	hyp1	News	NaN	-18.77264404296875
81	82	en	twi	challenge_SSA-MTE	hyp1	News	NaN	-25.00943946838379
82	83	en	twi	challenge_SSA-MTE	hyp1	News	NaN	-9.514874458312988
83	84	en	twi	challenge_SSA-MTE	hyp1	News	NaN	-10.47596549987793
84	85	en	twi	challenge_SSA-MTE	hyp1	News	NaN	-9.572148323059082
85	86	en	twi	challenge_SSA-MTE	hyp1	News	NaN	-2.314244270324707
86	87	en	twi	challenge_SSA-MTE	hyp1	News	NaN	-2.856255054473877
87	88	en	twi	challenge_SSA-MTE	hyp1	News	NaN	-12.227036476135254
88	89	en	twi	challenge_SSA-MTE	hyp1	News	NaN	-3.0955722332000732
89	90	en	twi	challenge_SSA-MTE	hyp1	News	NaN	-6.895237445831299
90	91	en	twi	challenge_SSA-MTE	hyp1	News	NaN	-9.044622421264648
91	92	en	twi	challenge_SSA-MTE	hyp1	News	NaN	-6.4748077392578125
92	93	en	twi	challenge_SSA-MTE	hyp1	News	NaN	-11.299895286560059
93	94	en	twi	challenge_SSA-MTE	hyp1	News	NaN	-6.614594459533691
94	95	en	twi	challenge_SSA-MTE	hyp1	News	NaN	-9.421804428100586
95	96	en	twi	challenge_SSA-MTE	hyp1	News	NaN	-8.002387046813965
96	97	en	twi	challenge_SSA-MTE	hyp1	News	NaN	-3.891805648803711
97	98	en	twi	challenge_SSA-MTE	hyp1	News	NaN	-8.243328094482422
98	99	en	twi	challenge_SSA-MTE	hyp1	News	NaN	-13.991240501403809
99	100	en	twi	challenge_SSA-MTE	hyp1	News	NaN	-2.69789981842041
100	101	en	twi	challenge_SSA-MTE	hyp1	News	NaN	-2.9114747047424316
101	102	en	twi	challenge_SSA-MTE	hyp1	News	NaN	-3.8431396484375
102	103	en	twi	challenge_SSA-MTE	hyp1	News	NaN	-7.173608779907227
103	104	en	twi	challenge_SSA-MTE	hyp1	News	NaN	-15.57510757446289
104	105	en	twi	challenge_SSA-MTE	hyp1	News	NaN	-19.317665100097656
105	106	en	twi	challenge_SSA-MTE	hyp1	News	NaN	-7.494022846221924
106	107	en	twi	challenge_SSA-MTE	hyp1	News	NaN	-12.817731857299805
107	108	en	twi	challenge_SSA-MTE	hyp1	News	NaN	-2.4762086868286133
108	109	en	twi	challenge_SSA-MTE	hyp1	News	NaN	-20.60598373413086
109	110	en	twi	challenge_SSA-MTE	hyp1	News	NaN	-14.170183181762695
110	111	en	twi	challenge_SSA-MTE	hyp1	News	NaN	-14.00279426574707
111	112	en	twi	challenge_SSA-MTE	hyp1	News	NaN	-4.8544440269470215
112	113	en	twi	challenge_SSA-MTE	hyp1	News	NaN	-12.105484008789062
113	114	en	twi	challenge_SSA-MTE	hyp1	News	NaN	-4.1501145362854
114	115	en	twi	challenge_SSA-MTE	hyp1	News	NaN	-6.120554447174072
115	116	en	twi	challenge_SSA-MTE	hyp1	News	NaN	-2.5667014122009277
116	117	en	twi	challenge_SSA-MTE	hyp1	News	NaN	-2.256298065185547
117	118	en	twi	challenge_SSA-MTE	hyp1	News	NaN	-1.9273488521575928
118	119	en	twi	challenge_SSA-MTE	hyp1	News	NaN	-5.974665641784668
119	120	en	twi	challenge_SSA-MTE	hyp1	News	NaN	-8.014394760131836
120	121	en	twi	challenge_SSA-MTE	hyp1	News	NaN	-5.19413948059082
121	122	en	twi	challenge_SSA-MTE	hyp1	News	NaN	-27.048673629760742
122	123	en	twi	challenge_SSA-MTE	hyp1	News	NaN	-7.2048211097717285
123	124	en	twi	challenge_SSA-MTE	hyp1	News	NaN	-7.0443010330200195
124	125	en	twi	challenge_SSA-MTE	hyp1	News	NaN	-8.995451927185059
125	126	en	twi	challenge_SSA-MTE	hyp1	News	NaN	-6.282678604125977
126	127	en	twi	challenge_SSA-MTE	hyp1	News	NaN	-8.76919174194336
127	128	en	twi	challenge_SSA-MTE	hyp1	News	NaN	-26.280698776245117
128	129	en	twi	challenge_SSA-MTE	hyp1	News	NaN	-6.707564353942871
129	130	en	twi	challenge_SSA-MTE	hyp1	News	NaN	-8.035188674926758
130	131	en	twi	challenge_SSA-MTE	hyp1	News	NaN	-5.4438700675964355
131	132	en	twi	challenge_SSA-MTE	hyp1	News	NaN	-13.896635055541992
132	133	en	twi	challenge_SSA-MTE	hyp1	News	NaN	-9.206289291381836
133	134	en	twi	challenge_SSA-MTE	hyp1	News	NaN	-25.4771671295166
134	135	en	twi	challenge_SSA-MTE	hyp1	News	NaN	-6.0720086097717285
135	136	en	twi	challenge_SSA-MTE	hyp1	News	NaN	-14.75255012512207
136	137	en	twi	challenge_SSA-MTE	hyp1	News	NaN	-14.35523509979248
137	138	en	twi	challenge_SSA-MTE	hyp1	News	NaN	-2.0545434951782227
138	139	en	twi	challenge_SSA-MTE	hyp1	News	NaN	-1.3256688117980957
139	140	en	twi	challenge_SSA-MTE	hyp1	News	NaN	-6.133430004119873
140	141	en	twi	challenge_SSA-MTE	hyp1	News	NaN	-1.6721290349960327
141	142	en	twi	challenge_SSA-MTE	hyp1	News	NaN	-1.494490623474121
142	143	en	twi	challenge_SSA-MTE	hyp1	News	NaN	-2.2679238319396973
143	144	en	twi	challenge_SSA-MTE	hyp1	News	NaN	-3.5246365070343018
144	145	en	twi	challenge_SSA-MTE	hyp1	News	NaN	-5.575616836547852
145	146	en	twi	challenge_SSA-MTE	hyp1	News	NaN	-16.756694793701172
146	147	en	twi	challenge_SSA-MTE	hyp1	News	NaN	-4.45365047454834
147	148	en	twi	challenge_SSA-MTE	hyp1	News	NaN	-5.400518417358398
148	149	en	twi	challenge_SSA-MTE	hyp1	News	NaN	-3.9053921699523926
149	150	en	twi	challenge_SSA-MTE	hyp1	News	NaN	-5.792524814605713
150	151	en	twi	challenge_SSA-MTE	hyp1	News	NaN	-7.699188232421875
151	152	en	twi	challenge_SSA-MTE	hyp1	News	NaN	-2.889981746673584
152	153	en	twi	challenge_SSA-MTE	hyp1	News	NaN	-5.885794639587402
153	154	en	twi	challenge_SSA-MTE	hyp1	News	NaN	-4.208305358886719
154	155	en	twi	challenge_SSA-MTE	hyp1	News	NaN	-4.6312408447265625
155	156	en	twi	challenge_SSA-MTE	hyp1	News	NaN	-4.142473220825195
156	157	en	twi	challenge_SSA-MTE	hyp1	News	NaN	-15.26369857788086
157	158	en	twi	challenge_SSA-MTE	hyp1	News	NaN	-4.674090385437012
158	159	en	twi	challenge_SSA-MTE	hyp1	News	NaN	-4.705638885498047
159	160	en	twi	challenge_SSA-MTE	hyp1	News	NaN	-3.27831768989563
160	161	en	twi	challenge_SSA-MTE	hyp1	News	NaN	-5.324198246002197
161	162	en	twi	challenge_SSA-MTE	hyp1	News	NaN	-11.276473045349121
162	163	en	twi	challenge_SSA-MTE	hyp1	News	NaN	-28.013809204101562
163	164	en	twi	challenge_SSA-MTE	hyp1	News	NaN	-5.328116416931152
164	165	en	twi	challenge_SSA-MTE	hyp1	News	NaN	-4.207886219024658
165	166	en	twi	challenge_SSA-MTE	hyp1	News	NaN	-4.3275227546691895
166	167	en	twi	challenge_SSA-MTE	hyp1	News	NaN	-5.018725395202637
167	168	en	twi	challenge_SSA-MTE	hyp1	News	NaN	-10.513940811157227
168	169	en	twi	challenge_SSA-MTE	hyp1	News	NaN	-21.120445251464844
169	170	en	twi	challenge_SSA-MTE	hyp1	News	NaN	-5.817316055297852
170	171	en	twi	challenge_SSA-MTE	hyp1	News	NaN	-4.820140838623047
171	172	en	twi	challenge_SSA-MTE	hyp1	News	NaN	-6.846926689147949
172	173	en	twi	challenge_SSA-MTE	hyp1	News	NaN	-13.568443298339844
173	174	en	twi	challenge_SSA-MTE	hyp1	News	NaN	-27.780597686767578
174	175	en	twi	challenge_SSA-MTE	hyp1	News	NaN	-9.830633163452148
175	176	en	twi	challenge_SSA-MTE	hyp1	News	NaN	-6.071626663208008
176	177	en	twi	challenge_SSA-MTE	hyp1	News	NaN	-6.021213054656982
177	178	en	twi	challenge_SSA-MTE	hyp1	News	NaN	-7.781459331512451
178	179	en	twi	challenge_SSA-MTE	hyp1	News	NaN	-9.447738647460938
179	180	en	twi	challenge_SSA-MTE	hyp1	News	NaN	-23.653491973876953
180	181	en	twi	challenge_SSA-MTE	hyp1	News	NaN	-6.558113098144531
181	182	en	twi	challenge_SSA-MTE	hyp1	News	NaN	-7.022222518920898
182	183	en	twi	challenge_SSA-MTE	hyp1	News	NaN	-4.820555686950684
183	184	en	twi	challenge_SSA-MTE	hyp1	News	NaN	-7.0213704109191895
184	185	en	twi	challenge_SSA-MTE	hyp1	News	NaN	-7.775506973266602
185	186	en	twi	challenge_SSA-MTE	hyp1	News	NaN	-21.84484100341797
186	187	en	twi	challenge_SSA-MTE	hyp1	News	NaN	-8.751513481140137
187	188	en	twi	challenge_SSA-MTE	hyp1	News	NaN	-8.749618530273438
188	189	en	twi	challenge_SSA-MTE	hyp1	News	NaN	-9.176909446716309
189	190	en	twi	challenge_SSA-MTE	hyp1	News	NaN	-4.762435436248779
190	191	en	twi	challenge_SSA-MTE	hyp1	News	NaN	-10.425023078918457
191	192	en	twi	challenge_SSA-MTE	hyp1	News	NaN	-12.974008560180664
192	193	en	twi	challenge_SSA-MTE	hyp1	News	NaN	-8.292882919311523
193	194	en	twi	challenge_SSA-MTE	hyp1	News	NaN	-3.6173861026763916
194	195	en	twi	challenge_SSA-MTE	hyp1	News	NaN	-4.7067975997924805
195	196	en	twi	challenge_SSA-MTE	hyp1	News	NaN	-10.676959991455078
196	197	en	twi	challenge_SSA-MTE	hyp1	News	NaN	-13.560142517089844
197	198	en	twi	challenge_SSA-MTE	hyp1	News	NaN	-3.5467727184295654
198	199	en	twi	challenge_SSA-MTE	hyp1	News	NaN	-4.676671028137207
199	200	en	twi	challenge_SSA-MTE	hyp1	News	NaN	-11.155202865600586
200	201	en	twi	challenge_SSA-MTE	hyp1	News	NaN	-3.2376925945281982
201	202	en	twi	challenge_SSA-MTE	hyp1	News	NaN	-8.209117889404297
202	203	en	twi	challenge_SSA-MTE	hyp1	News	NaN	-11.4417724609375
203	204	en	twi	challenge_SSA-MTE	hyp1	News	NaN	-3.222255229949951
204	205	en	twi	challenge_SSA-MTE	hyp1	News	NaN	-3.334237813949585
205	206	en	twi	challenge_SSA-MTE	hyp1	News	NaN	-4.739466667175293
206	207	en	twi	challenge_SSA-MTE	hyp1	News	NaN	-6.698817253112793
207	208	en	twi	challenge_SSA-MTE	hyp1	News	NaN	-9.224418640136719
208	209	en	twi	challenge_SSA-MTE	hyp1	News	NaN	-7.315412521362305
209	210	en	twi	challenge_SSA-MTE	hyp1	News	NaN	-4.673231601715088
210	211	en	twi	challenge_SSA-MTE	hyp1	News	NaN	-3.6942036151885986
211	212	en	twi	challenge_SSA-MTE	hyp1	News	NaN	-5.840319633483887
212	213	en	twi	challenge_SSA-MTE	hyp1	News	NaN	-4.7377119064331055
213	214	en	twi	challenge_SSA-MTE	hyp1	News	NaN	-4.85206413269043
214	215	en	twi	challenge_SSA-MTE	hyp1	News	NaN	-13.844076156616211
215	216	en	twi	challenge_SSA-MTE	hyp1	News	NaN	-5.616551399230957
216	217	en	twi	challenge_SSA-MTE	hyp1	News	NaN	-7.1501617431640625
217	218	en	twi	challenge_SSA-MTE	hyp1	News	NaN	-7.110584259033203
218	219	en	twi	challenge_SSA-MTE	hyp1	News	NaN	-2.5842056274414062
219	220	en	twi	challenge_SSA-MTE	hyp1	News	NaN	-10.362748146057129
220	221	en	twi	challenge_SSA-MTE	hyp1	News	NaN	-20.912322998046875
221	222	en	twi	challenge_SSA-MTE	hyp1	News	NaN	-3.119503974914551
222	223	en	twi	challenge_SSA-MTE	hyp1	News	NaN	-2.6947522163391113
223	224	en	twi	challenge_SSA-MTE	hyp1	News	NaN	-2.5963635444641113
224	225	en	twi	challenge_SSA-MTE	hyp1	News	NaN	-5.42448616027832
225	226	en	twi	challenge_SSA-MTE	hyp1	News	NaN	-7.637300968170166
226	227	en	twi	challenge_SSA-MTE	hyp1	News	NaN	-23.904251098632812
227	228	en	twi	challenge_SSA-MTE	hyp1	News	NaN	-5.392404556274414
228	229	en	twi	challenge_SSA-MTE	hyp1	News	NaN	-6.438562393188477
229	230	en	twi	challenge_SSA-MTE	hyp1	News	NaN	-7.930713653564453
230	231	en	twi	challenge_SSA-MTE	hyp1	News	NaN	-4.271968841552734
231	232	en	twi	challenge_SSA-MTE	hyp1	News	NaN	-4.530001163482666
232	233	en	twi	challenge_SSA-MTE	hyp1	News	NaN	-26.51627540588379
233	234	en	twi	challenge_SSA-MTE	hyp1	News	NaN	-3.99245548248291
234	235	en	twi	challenge_SSA-MTE	hyp1	News	NaN	-4.806302070617676
235	236	en	twi	challenge_SSA-MTE	hyp1	News	NaN	-11.1297025680542
236	237	en	twi	challenge_SSA-MTE	hyp1	News	NaN	-3.147390365600586
237	238	en	twi	challenge_SSA-MTE	hyp1	News	NaN	-3.7266342639923096
238	239	en	twi	challenge_SSA-MTE	hyp1	News	NaN	-24.36743927001953
239	240	en	twi	challenge_SSA-MTE	hyp1	News	NaN	-4.446430206298828
240	241	en	twi	challenge_SSA-MTE	hyp1	News	NaN	-6.300955772399902
241	242	en	twi	challenge_SSA-MTE	hyp1	News	NaN	-5.60090446472168
242	243	en	twi	challenge_SSA-MTE	hyp1	News	NaN	-9.042373657226562
243	244	en	twi	challenge_SSA-MTE	hyp1	News	NaN	-26.30431365966797
244	245	en	twi	challenge_SSA-MTE	hyp1	News	NaN	-4.588251113891602
245	246	en	twi	challenge_SSA-MTE	hyp1	News	NaN	-5.747289180755615
246	247	en	twi	challenge_SSA-MTE	hyp1	News	NaN	-5.456150054931641
247	248	en	twi	challenge_SSA-MTE	hyp1	News	NaN	-4.901223182678223
248	249	en	twi	challenge_SSA-MTE	hyp1	News	NaN	-10.699524879455566
249	250	en	twi	challenge_SSA-MTE	hyp1	News	NaN	-10.789342880249023
250	251	en	twi	challenge_SSA-MTE	hyp1	News	NaN	-7.027563571929932
251	252	en	twi	challenge_SSA-MTE	hyp1	News	NaN	-6.493218421936035
252	253	en	twi	challenge_SSA-MTE	hyp1	News	NaN	-6.55655574798584
253	254	en	twi	challenge_SSA-MTE	hyp1	News	NaN	-8.34251594543457
254	255	en	twi	challenge_SSA-MTE	hyp1	News	NaN	-5.425870895385742
255	256	en	twi	challenge_SSA-MTE	hyp1	News	NaN	-10.298786163330078
256	257	en	twi	challenge_SSA-MTE	hyp1	News	NaN	-4.360037326812744
257	258	en	twi	challenge_SSA-MTE	hyp1	News	NaN	-5.655808448791504
258	259	en	twi	challenge_SSA-MTE	hyp1	News	NaN	-7.271191120147705
259	260	en	twi	challenge_SSA-MTE	hyp1	News	NaN	-11.713750839233398
260	261	en	twi	challenge_SSA-MTE	hyp1	News	NaN	-14.4356050491333
261	262	en	twi	challenge_SSA-MTE	hyp1	News	NaN	-28.271461486816406
262	263	en	twi	challenge_SSA-MTE	hyp1	News	NaN	-12.275092124938965
263	264	en	twi	challenge_SSA-MTE	hyp1	News	NaN	-9.460184097290039
264	265	en	twi	challenge_SSA-MTE	hyp1	News	NaN	-12.95876693725586
265	266	en	twi	challenge_SSA-MTE	hyp1	News	NaN	-3.6266934871673584
266	267	en	twi	challenge_SSA-MTE	hyp1	News	NaN	-8.350065231323242
267	268	en	twi	challenge_SSA-MTE	hyp1	News	NaN	-19.017913818359375
268	269	en	twi	challenge_SSA-MTE	hyp1	News	NaN	-10.85049057006836
269	270	en	twi	challenge_SSA-MTE	hyp1	News	NaN	-7.486200332641602
270	271	en	twi	challenge_SSA-MTE	hyp1	News	NaN	-8.575878143310547
271	272	en	twi	challenge_SSA-MTE	hyp1	News	NaN	-16.58722686767578
272	273	en	twi	challenge_SSA-MTE	hyp1	News	NaN	-14.68549919128418
273	274	en	twi	challenge_SSA-MTE	hyp1	News	NaN	-24.439266204833984
274	275	en	twi	challenge_SSA-MTE	hyp1	News	NaN	-14.82657241821289
275	276	en	twi	challenge_SSA-MTE	hyp1	News	NaN	-16.640439987182617
276	277	en	twi	challenge_SSA-MTE	hyp1	News	NaN	-11.419628143310547
277	278	en	twi	challenge_SSA-MTE	hyp1	News	NaN	-3.4583163261413574
278	279	en	twi	challenge_SSA-MTE	hyp1	News	NaN	-3.733597755432129
279	280	en	twi	challenge_SSA-MTE	hyp1	News	NaN	-7.102207183837891
280	281	en	twi	challenge_SSA-MTE	hyp1	News	NaN	-6.054166316986084
281	282	en	twi	challenge_SSA-MTE	hyp1	News	NaN	-5.840775012969971
282	283	en	twi	challenge_SSA-MTE	hyp1	News	NaN	-4.457057952880859
283	284	en	twi	challenge_SSA-MTE	hyp1	News	NaN	-4.158658027648926
284	285	en	twi	challenge_SSA-MTE	hyp1	News	NaN	-5.810794830322266
285	286	en	twi	challenge_SSA-MTE	hyp1	News	NaN	-25.23480987548828
286	287	en	twi	challenge_SSA-MTE	hyp1	News	NaN	-10.038156509399414
287	288	en	twi	challenge_SSA-MTE	hyp1	News	NaN	-6.8336710929870605
288	289	en	twi	challenge_SSA-MTE	hyp1	News	NaN	-8.104438781738281
289	290	en	twi	challenge_SSA-MTE	hyp1	News	NaN	-7.167666435241699
290	291	en	twi	challenge_SSA-MTE	hyp1	News	NaN	-6.025204658508301
291	292	en	twi	challenge_SSA-MTE	hyp1	News	NaN	-17.681745529174805
292	293	en	twi	challenge_SSA-MTE	hyp1	News	NaN	-3.440157175064087
293	294	en	twi	challenge_SSA-MTE	hyp1	News	NaN	-3.0463953018188477
294	295	en	twi	challenge_SSA-MTE	hyp1	News	NaN	-5.512515544891357
295	296	en	twi	challenge_SSA-MTE	hyp1	News	NaN	-4.585738182067871
296	297	en	twi	challenge_SSA-MTE	hyp1	News	NaN	-8.363115310668945
297	298	en	twi	challenge_SSA-MTE	hyp1	News	NaN	-26.437374114990234
298	299	en	twi	challenge_SSA-MTE	hyp1	News	NaN	-7.186923027038574
299	300	en	twi	challenge_SSA-MTE	hyp1	News	NaN	-3.8300039768218994
300	301	en	twi	challenge_SSA-MTE	hyp1	News	NaN	-3.923563003540039
301	302	en	twi	challenge_SSA-MTE	hyp1	News	NaN	-7.669712066650391
302	303	en	twi	challenge_SSA-MTE	hyp1	News	NaN	-13.102252006530762
303	304	en	twi	challenge_SSA-MTE	hyp1	News	NaN	-9.696184158325195
304	305	en	twi	challenge_SSA-MTE	hyp1	News	NaN	-9.73411750793457
305	306	en	twi	challenge_SSA-MTE	hyp1	News	NaN	-6.976452827453613
306	307	en	twi	challenge_SSA-MTE	hyp1	News	NaN	-6.934780597686768
307	308	en	twi	challenge_SSA-MTE	hyp1	News	NaN	-13.305122375488281
308	309	en	twi	challenge_SSA-MTE	hyp1	News	NaN	-17.446470260620117
309	310	en	twi	challenge_SSA-MTE	hyp1	News	NaN	-26.514755249023438
310	311	en	twi	challenge_SSA-MTE	hyp1	News	NaN	-20.9515380859375
311	312	en	twi	challenge_SSA-MTE	hyp1	News	NaN	-18.29201889038086
312	313	en	twi	challenge_SSA-MTE	hyp1	News	NaN	-7.316288471221924
313	314	en	twi	challenge_SSA-MTE	hyp1	News	NaN	-10.460837364196777
314	315	en	twi	challenge_SSA-MTE	hyp1	News	NaN	-15.758426666259766
315	316	en	twi	challenge_SSA-MTE	hyp1	News	NaN	-12.892377853393555
316	317	en	twi	challenge_SSA-MTE	hyp1	News	NaN	-17.53711700439453
317	318	en	twi	challenge_SSA-MTE	hyp1	News	NaN	-9.977967262268066
318	319	en	twi	challenge_SSA-MTE	hyp1	News	NaN	-15.114091873168945
319	320	en	twi	challenge_SSA-MTE	hyp1	News	NaN	-6.313750267028809
320	321	en	twi	challenge_SSA-MTE	hyp1	News	NaN	-11.845846176147461
321	322	en	twi	challenge_SSA-MTE	hyp1	News	NaN	-18.369951248168945
322	323	en	twi	challenge_SSA-MTE	hyp1	News	NaN	-6.7306084632873535
323	324	en	twi	challenge_SSA-MTE	hyp1	News	NaN	-8.841548919677734
324	325	en	twi	challenge_SSA-MTE	hyp1	News	NaN	-7.393496990203857
325	326	en	twi	challenge_SSA-MTE	hyp1	News	NaN	-3.5755605697631836
326	327	en	twi	challenge_SSA-MTE	hyp1	News	NaN	-8.489850997924805
327	328	en	twi	challenge_SSA-MTE	hyp1	News	NaN	-21.542621612548828
328	329	en	twi	challenge_SSA-MTE	hyp1	News	NaN	-27.523963928222656
329	330	en	twi	challenge_SSA-MTE	hyp1	News	NaN	-5.774178504943848
330	331	en	twi	challenge_SSA-MTE	hyp1	News	NaN	-7.495296478271484
331	332	en	twi	challenge_SSA-MTE	hyp1	News	NaN	-7.048932075500488
332	333	en	twi	challenge_SSA-MTE	hyp1	News	NaN	-9.708518981933594
333	334	en	twi	challenge_SSA-MTE	hyp1	News	NaN	-18.44120216369629
334	335	en	twi	challenge_SSA-MTE	hyp1	News	NaN	-5.419132709503174
335	336	en	twi	challenge_SSA-MTE	hyp1	News	NaN	-12.301961898803711
336	337	en	twi	challenge_SSA-MTE	hyp1	News	NaN	-6.9200358390808105
337	338	en	twi	challenge_SSA-MTE	hyp1	News	NaN	-11.913820266723633
338	339	en	twi	challenge_SSA-MTE	hyp1	News	NaN	-6.823802947998047
339	340	en	twi	challenge_SSA-MTE	hyp1	News	NaN	-25.832664489746094
340	341	en	twi	challenge_SSA-MTE	hyp1	News	NaN	-6.444374084472656
341	342	en	twi	challenge_SSA-MTE	hyp1	News	NaN	-10.234127044677734
342	343	en	twi	challenge_SSA-MTE	hyp1	News	NaN	-11.346366882324219
343	344	en	twi	challenge_SSA-MTE	hyp1	News	NaN	-4.563694953918457
344	345	en	twi	challenge_SSA-MTE	hyp1	News	NaN	-15.719413757324219
345	346	en	twi	challenge_SSA-MTE	hyp1	News	NaN	-12.76443099975586
346	347	en	twi	challenge_SSA-MTE	hyp1	News	NaN	-5.1064863204956055
347	348	en	twi	challenge_SSA-MTE	hyp1	News	NaN	-5.255498886108398
348	349	en	twi	challenge_SSA-MTE	hyp1	News	NaN	-7.673847198486328
349	350	en	twi	challenge_SSA-MTE	hyp1	News	NaN	-6.392186641693115
350	351	en	twi	challenge_SSA-MTE	hyp1	News	NaN	-4.103544235229492
351	352	en	twi	challenge_SSA-MTE	hyp1	News	NaN	-9.626832962036133
352	353	en	twi	challenge_SSA-MTE	hyp1	News	NaN	-5.700736999511719
353	354	en	twi	challenge_SSA-MTE	hyp1	News	NaN	-4.859371185302734
354	355	en	twi	challenge_SSA-MTE	hyp1	News	NaN	-3.50280499458313
355	356	en	twi	challenge_SSA-MTE	hyp1	News	NaN	-5.607212066650391
356	357	en	twi	challenge_SSA-MTE	hyp1	News	NaN	-10.977468490600586
357	358	en	twi	challenge_SSA-MTE	hyp1	News	NaN	-20.775306701660156
358	359	en	twi	challenge_SSA-MTE	hyp1	News	NaN	-5.068006992340088
359	360	en	twi	challenge_SSA-MTE	hyp1	News	NaN	-9.107603073120117
360	361	en	twi	challenge_SSA-MTE	hyp1	News	NaN	-7.380555152893066
361	362	en	twi	challenge_SSA-MTE	hyp1	News	NaN	-6.769725322723389
362	363	en	twi	challenge_SSA-MTE	hyp1	News	NaN	-6.440884590148926
363	364	en	twi	challenge_SSA-MTE	hyp1	News	NaN	-13.077238082885742
364	365	en	twi	challenge_SSA-MTE	hyp1	News	NaN	-7.5772504806518555
365	366	en	twi	challenge_SSA-MTE	hyp1	News	NaN	-6.98801326751709
366	367	en	twi	challenge_SSA-MTE	hyp1	News	NaN	-4.898146629333496
367	368	en	twi	challenge_SSA-MTE	hyp1	News	NaN	-5.509936332702637
368	369	en	twi	challenge_SSA-MTE	hyp1	News	NaN	-5.3095855712890625
369	370	en	twi	challenge_SSA-MTE	hyp1	News	NaN	-20.505043029785156
370	371	en	twi	challenge_SSA-MTE	hyp1	News	NaN	-4.687187194824219
371	372	en	twi	challenge_SSA-MTE	hyp1	News	NaN	-6.477789878845215
372	373	en	twi	challenge_SSA-MTE	hyp1	News	NaN	-10.52326488494873
373	374	en	twi	challenge_SSA-MTE	hyp1	News	NaN	-9.318370819091797
374	375	en	twi	challenge_SSA-MTE	hyp1	News	NaN	-8.981788635253906
375	376	en	twi	challenge_SSA-MTE	hyp1	News	NaN	-12.503604888916016
376	377	en	twi	challenge_SSA-MTE	hyp1	News	NaN	-6.441722393035889
377	378	en	twi	challenge_SSA-MTE	hyp1	News	NaN	-7.926091194152832
378	379	en	twi	challenge_SSA-MTE	hyp1	News	NaN	-8.918115615844727
379	380	en	twi	challenge_SSA-MTE	hyp1	News	NaN	-8.964780807495117
380	381	en	twi	challenge_SSA-MTE	hyp1	News	NaN	-7.874004364013672
381	382	en	twi	challenge_SSA-MTE	hyp1	News	NaN	-21.194639205932617
382	383	en	twi	challenge_SSA-MTE	hyp1	News	NaN	-13.741994857788086
383	384	en	twi	challenge_SSA-MTE	hyp1	News	NaN	-9.167611122131348
384	385	en	twi	challenge_SSA-MTE	hyp1	News	NaN	-7.817735195159912
385	386	en	twi	challenge_SSA-MTE	hyp1	News	NaN	-4.942069053649902
386	387	en	twi	challenge_SSA-MTE	hyp1	News	NaN	-6.0067338943481445
387	388	en	twi	challenge_SSA-MTE	hyp1	News	NaN	-7.042570114135742
388	389	en	twi	challenge_SSA-MTE	hyp1	News	NaN	-10.28654670715332
389	390	en	twi	challenge_SSA-MTE	hyp1	News	NaN	-5.65231990814209
390	391	en	twi	challenge_SSA-MTE	hyp1	News	NaN	-10.360867500305176
391	392	en	twi	challenge_SSA-MTE	hyp1	News	NaN	-6.01651668548584
392	393	en	twi	challenge_SSA-MTE	hyp1	News	NaN	-13.523797988891602
393	394	en	twi	challenge_SSA-MTE	hyp1	News	NaN	-23.343852996826172
394	395	en	twi	challenge_SSA-MTE	hyp1	News	NaN	-5.6260881423950195
395	396	en	twi	challenge_SSA-MTE	hyp1	News	NaN	-6.329411506652832
396	397	en	twi	challenge_SSA-MTE	hyp1	News	NaN	-6.764065742492676
397	398	en	twi	challenge_SSA-MTE	hyp1	News	NaN	-5.337770462036133
398	399	en	twi	challenge_SSA-MTE	hyp1	News	NaN	-6.122611999511719
399	400	en	twi	challenge_SSA-MTE	hyp1	News	NaN	-18.306737899780273
400	401	en	twi	challenge_SSA-MTE	hyp1	News	NaN	-8.971343994140625
401	402	en	twi	challenge_SSA-MTE	hyp1	News	NaN	-6.238329887390137
402	403	en	twi	challenge_SSA-MTE	hyp1	News	NaN	-7.472207069396973
403	404	en	twi	challenge_SSA-MTE	hyp1	News	NaN	-5.126531600952148
404	405	en	twi	challenge_SSA-MTE	hyp1	News	NaN	-6.529191970825195
405	406	en	twi	challenge_SSA-MTE	hyp1	News	NaN	-10.944276809692383
406	407	en	twi	challenge_SSA-MTE	hyp1	News	NaN	-4.313802719116211
407	408	en	twi	challenge_SSA-MTE	hyp1	News	NaN	-5.349045753479004
408	409	en	twi	challenge_SSA-MTE	hyp1	News	NaN	-2.4333133697509766
409	410	en	twi	challenge_SSA-MTE	hyp1	News	NaN	-10.302587509155273
410	411	en	twi	challenge_SSA-MTE	hyp1	News	NaN	-7.344780445098877
411	412	en	twi	challenge_SSA-MTE	hyp1	News	NaN	-13.675524711608887
412	413	en	twi	challenge_SSA-MTE	hyp1	News	NaN	-8.435018539428711
413	414	en	twi	challenge_SSA-MTE	hyp1	News	NaN	-8.215306282043457
414	415	en	twi	challenge_SSA-MTE	hyp1	News	NaN	-8.472803115844727
415	416	en	twi	challenge_SSA-MTE	hyp1	News	NaN	-7.969301223754883
416	417	en	twi	challenge_SSA-MTE	hyp1	News	NaN	-7.244338512420654
417	418	en	twi	challenge_SSA-MTE	hyp1	News	NaN	-24.33626937866211
418	419	en	twi	challenge_SSA-MTE	hyp1	News	NaN	-12.492835998535156
419	420	en	twi	challenge_SSA-MTE	hyp1	News	NaN	-6.928584098815918
420	421	en	twi	challenge_SSA-MTE	hyp1	News	NaN	-4.644177436828613
421	422	en	twi	challenge_SSA-MTE	hyp1	News	NaN	-7.4643778800964355
422	423	en	twi	challenge_SSA-MTE	hyp1	News	NaN	-9.151202201843262
423	424	en	twi	challenge_SSA-MTE	hyp1	News	NaN	-17.951217651367188
424	425	en	twi	challenge_SSA-MTE	hyp1	News	NaN	-11.622812271118164
425	426	en	twi	challenge_SSA-MTE	hyp1	News	NaN	-5.918708324432373
426	427	en	twi	challenge_SSA-MTE	hyp1	News	NaN	-8.178585052490234
427	428	en	twi	challenge_SSA-MTE	hyp1	News	NaN	-9.276018142700195
428	429	en	twi	challenge_SSA-MTE	hyp1	News	NaN	-8.516450881958008
429	430	en	twi	challenge_SSA-MTE	hyp1	News	NaN	-14.512981414794922
430	431	en	twi	challenge_SSA-MTE	hyp1	News	NaN	-6.842565536499023
431	432	en	twi	challenge_SSA-MTE	hyp1	News	NaN	-8.817329406738281
432	433	en	twi	challenge_SSA-MTE	hyp1	News	NaN	-8.25571060180664
433	434	en	twi	challenge_SSA-MTE	hyp1	News	NaN	-6.499142646789551
434	435	en	twi	challenge_SSA-MTE	hyp1	News	NaN	-13.250499725341797
435	436	en	twi	challenge_SSA-MTE	hyp1	News	NaN	-6.108908653259277
436	437	en	twi	challenge_SSA-MTE	hyp1	News	NaN	-5.392354488372803
437	438	en	twi	challenge_SSA-MTE	hyp1	News	NaN	-11.321181297302246
438	439	en	twi	challenge_SSA-MTE	hyp1	News	NaN	-20.005712509155273
439	440	en	twi	challenge_SSA-MTE	hyp1	News	NaN	-7.853816032409668
440	441	en	twi	challenge_SSA-MTE	hyp1	News	NaN	-8.018200874328613
441	442	en	twi	challenge_SSA-MTE	hyp1	News	NaN	-5.958782196044922
442	443	en	twi	challenge_SSA-MTE	hyp1	News	NaN	-12.458028793334961
443	444	en	twi	challenge_SSA-MTE	hyp1	News	NaN	-16.49756622314453
444	445	en	twi	challenge_SSA-MTE	hyp1	News	NaN	-9.013797760009766
445	446	en	twi	challenge_SSA-MTE	hyp1	News	NaN	-8.535896301269531
446	447	en	twi	challenge_SSA-MTE	hyp1	News	NaN	-5.060038089752197
447	448	en	twi	challenge_SSA-MTE	hyp1	News	NaN	-8.83212661743164
448	449	en	twi	challenge_SSA-MTE	hyp1	News	NaN	-3.2892887592315674
449	450	en	twi	challenge_SSA-MTE	hyp1	News	NaN	-6.886885643005371
450	451	en	twi	challenge_SSA-MTE	hyp1	News	NaN	-14.235897064208984
451	452	en	twi	challenge_SSA-MTE	hyp1	News	NaN	-3.1352248191833496
452	453	en	twi	challenge_SSA-MTE	hyp1	News	NaN	-2.37949538230896
453	454	en	twi	challenge_SSA-MTE	hyp1	News	NaN	-4.246458530426025
454	455	en	twi	challenge_SSA-MTE	hyp1	News	NaN	-9.089824676513672
455	456	en	twi	challenge_SSA-MTE	hyp1	News	NaN	-7.61501932144165
456	457	en	twi	challenge_SSA-MTE	hyp1	News	NaN	-8.685250282287598
457	458	en	twi	challenge_SSA-MTE	hyp1	News	NaN	-9.749929428100586
458	459	en	twi	challenge_SSA-MTE	hyp1	News	NaN	-4.100401878356934
459	460	en	twi	challenge_SSA-MTE	hyp1	News	NaN	-6.372363567352295
460	461	en	twi	challenge_SSA-MTE	hyp1	News	NaN	-3.7276813983917236
461	462	en	twi	challenge_SSA-MTE	hyp1	News	NaN	-9.314188957214355
462	463	en	twi	challenge_SSA-MTE	hyp1	News	NaN	-8.41748046875
463	464	en	twi	challenge_SSA-MTE	hyp1	News	NaN	-9.09152889251709
464	465	en	twi	challenge_SSA-MTE	hyp1	News	NaN	-4.683165550231934
465	466	en	twi	challenge_SSA-MTE	hyp1	News	NaN	-4.206510543823242
466	467	en	twi	challenge_SSA-MTE	hyp1	News	NaN	-7.989314079284668
467	468	en	twi	challenge_SSA-MTE	hyp1	News	NaN	-13.541385650634766
468	469	en	twi	challenge_SSA-MTE	hyp1	News	NaN	-18.38375473022461
469	470	en	twi	challenge_SSA-MTE	hyp1	News	NaN	-6.689871788024902
470	471	en	twi	challenge_SSA-MTE	hyp1	News	NaN	-7.8716044425964355
471	472	en	twi	challenge_SSA-MTE	hyp1	News	NaN	-10.28129768371582
472	473	en	twi	challenge_SSA-MTE	hyp1	News	NaN	-12.890863418579102
473	474	en	twi	challenge_SSA-MTE	hyp1	News	NaN	-12.920634269714355
474	475	en	twi	challenge_SSA-MTE	hyp1	News	NaN	-13.622235298156738
475	476	en	twi	challenge_SSA-MTE	hyp1	News	NaN	-8.959049224853516
476	477	en	twi	challenge_SSA-MTE	hyp1	News	NaN	-12.921241760253906
477	478	en	twi	challenge_SSA-MTE	hyp1	News	NaN	-9.055902481079102
478	479	en	twi	challenge_SSA-MTE	hyp1	News	NaN	-9.410852432250977
479	480	en	twi	challenge_SSA-MTE	hyp1	News	NaN	-10.508768081665039
480	481	en	twi	challenge_SSA-MTE	hyp1	News	NaN	-18.340106964111328
481	482	en	twi	challenge_SSA-MTE	hyp1	News	NaN	-13.414265632629395
482	483	en	twi	challenge_SSA-MTE	hyp1	News	NaN	-7.837161064147949
483	484	en	twi	challenge_SSA-MTE	hyp1	News	NaN	-11.276044845581055
484	485	en	twi	challenge_SSA-MTE	hyp1	News	NaN	-6.901250839233398
485	486	en	twi	challenge_SSA-MTE	hyp1	News	NaN	-8.649395942687988
486	487	en	twi	challenge_SSA-MTE	hyp1	News	NaN	-13.684760093688965
487	488	en	twi	challenge_SSA-MTE	hyp1	News	NaN	-6.4628777503967285
488	489	en	twi	challenge_SSA-MTE	hyp1	News	NaN	-5.455528736114502
489	490	en	twi	challenge_SSA-MTE	hyp1	News	NaN	-12.502887725830078
490	491	en	twi	challenge_SSA-MTE	hyp1	News	NaN	-9.472183227539062
491	492	en	twi	challenge_SSA-MTE	hyp1	News	NaN	-29.013216018676758
492	493	en	twi	challenge_SSA-MTE	hyp1	News	NaN	-10.085128784179688
493	494	en	twi	challenge_SSA-MTE	hyp1	News	NaN	-12.365074157714844
494	495	en	twi	challenge_SSA-MTE	hyp1	News	NaN	-7.724129676818848
495	496	en	twi	challenge_SSA-MTE	hyp1	News	NaN	-4.936018466949463
496	497	en	twi	challenge_SSA-MTE	hyp1	News	NaN	-12.42580795288086
497	498	en	twi	challenge_SSA-MTE	hyp1	News	NaN	-17.599082946777344
498	499	en	twi	challenge_SSA-MTE	hyp1	News	NaN	-7.6080522537231445
499	500	en	twi	challenge_SSA-MTE	hyp1	News	NaN	-6.142673015594482
500	501	en	twi	challenge_SSA-MTE	hyp1	News	NaN	-8.456026077270508
501	502	en	twi	challenge_SSA-MTE	hyp1	News	NaN	-7.502673149108887
502	503	en	twi	challenge_SSA-MTE	hyp1	News	NaN	-4.634081840515137
503	504	en	twi	challenge_SSA-MTE	hyp1	News	NaN	-10.091809272766113
504	505	en	twi	challenge_SSA-MTE	hyp1	News	NaN	-3.745440721511841
505	506	en	twi	challenge_SSA-MTE	hyp1	News	NaN	-3.3983442783355713
506	507	en	twi	challenge_SSA-MTE	hyp1	News	NaN	-9.204051971435547
507	508	en	twi	challenge_SSA-MTE	hyp1	News	NaN	-4.558524131774902
508	509	en	twi	challenge_SSA-MTE	hyp1	News	NaN	-11.891020774841309
509	510	en	twi	challenge_SSA-MTE	hyp1	News	NaN	-27.421520233154297
510	511	en	twi	challenge_SSA-MTE	hyp1	News	NaN	-13.853483200073242
511	512	en	twi	challenge_SSA-MTE	hyp1	News	NaN	-11.863615036010742
512	513	en	twi	challenge_SSA-MTE	hyp1	News	NaN	-13.54605484008789
513	514	en	twi	challenge_SSA-MTE	hyp1	News	NaN	-15.89425277709961
514	515	en	twi	challenge_SSA-MTE	hyp1	News	NaN	-15.66100025177002
515	516	en	twi	challenge_SSA-MTE	hyp1	News	NaN	-27.157196044921875
516	517	en	twi	challenge_SSA-MTE	hyp1	News	NaN	-16.562286376953125
517	518	en	twi	challenge_SSA-MTE	hyp1	News	NaN	-9.036479949951172
518	519	en	twi	challenge_SSA-MTE	hyp1	News	NaN	-14.722343444824219
519	520	en	twi	challenge_SSA-MTE	hyp1	News	NaN	-7.986109256744385
520	521	en	twi	challenge_SSA-MTE	hyp1	News	NaN	-20.607141494750977
521	522	en	twi	challenge_SSA-MTE	hyp1	News	NaN	-11.031362533569336
522	523	en	twi	challenge_SSA-MTE	hyp1	News	NaN	-10.134587287902832
523	524	en	twi	challenge_SSA-MTE	hyp1	News	NaN	-6.91066837310791
524	525	en	twi	challenge_SSA-MTE	hyp1	News	NaN	-4.815074443817139
525	526	en	twi	challenge_SSA-MTE	hyp1	News	NaN	-28.209888458251953
526	527	en	twi	challenge_SSA-MTE	hyp1	News	NaN	-7.849669456481934
527	528	en	twi	challenge_SSA-MTE	hyp1	News	NaN	-7.452705383300781
528	529	en	twi	challenge_SSA-MTE	hyp1	News	NaN	-5.901684761047363
529	530	en	twi	challenge_SSA-MTE	hyp1	News	NaN	-3.8143365383148193
530	531	en	twi	challenge_SSA-MTE	hyp1	News	NaN	-11.263120651245117
531	532	en	twi	challenge_SSA-MTE	hyp1	News	NaN	-6.048069953918457
532	533	en	twi	challenge_SSA-MTE	hyp1	News	NaN	-4.164425849914551
533	534	en	twi	challenge_SSA-MTE	hyp1	News	NaN	-3.4525928497314453
534	535	en	twi	challenge_SSA-MTE	hyp1	News	NaN	-4.803477764129639
535	536	en	twi	challenge_SSA-MTE	hyp1	News	NaN	-8.172849655151367
536	537	en	twi	challenge_SSA-MTE	hyp1	News	NaN	-7.651848316192627
537	538	en	twi	challenge_SSA-MTE	hyp1	News	NaN	-10.960630416870117
538	539	en	twi	challenge_SSA-MTE	hyp1	News	NaN	-9.83399772644043
539	540	en	twi	challenge_SSA-MTE	hyp1	News	NaN	-7.519290924072266
540	541	en	twi	challenge_SSA-MTE	hyp1	News	NaN	-4.911627769470215
541	542	en	twi	challenge_SSA-MTE	hyp1	News	NaN	-4.246679306030273
542	543	en	twi	challenge_SSA-MTE	hyp1	News	NaN	-22.892553329467773
543	544	en	twi	challenge_SSA-MTE	hyp1	News	NaN	-5.458451271057129
544	545	en	twi	challenge_SSA-MTE	hyp1	News	NaN	-3.7333970069885254
545	546	en	twi	challenge_SSA-MTE	hyp1	News	NaN	-4.7502851486206055
546	547	en	twi	challenge_SSA-MTE	hyp1	News	NaN	-8.275659561157227
547	548	en	twi	challenge_SSA-MTE	hyp1	News	NaN	-6.100876808166504
548	549	en	twi	challenge_SSA-MTE	hyp1	News	NaN	-12.562923431396484
549	550	en	twi	challenge_SSA-MTE	hyp1	News	NaN	-5.503535270690918
550	551	en	twi	challenge_SSA-MTE	hyp1	News	NaN	-8.852034568786621
551	552	en	twi	challenge_SSA-MTE	hyp1	News	NaN	-5.981788635253906
552	553	en	twi	challenge_SSA-MTE	hyp1	News	NaN	-9.965150833129883
553	554	en	twi	challenge_SSA-MTE	hyp1	News	NaN	-12.5205659866333
554	555	en	twi	challenge_SSA-MTE	hyp1	News	NaN	-9.782461166381836
555	556	en	twi	challenge_SSA-MTE	hyp1	News	NaN	-9.775537490844727
556	557	en	twi	challenge_SSA-MTE	hyp1	News	NaN	-9.882353782653809
557	558	en	twi	challenge_SSA-MTE	hyp1	News	NaN	-12.763669967651367
558	559	en	twi	challenge_SSA-MTE	hyp1	News	NaN	-3.8233470916748047
559	560	en	twi	challenge_SSA-MTE	hyp1	News	NaN	-13.600759506225586
560	561	en	twi	challenge_SSA-MTE	hyp1	News	NaN	-13.656705856323242
561	562	en	twi	challenge_SSA-MTE	hyp1	News	NaN	-9.748601913452148
562	563	en	twi	challenge_SSA-MTE	hyp1	News	NaN	-5.357399940490723
563	564	en	twi	challenge_SSA-MTE	hyp1	News	NaN	-11.885039329528809
564	565	en	twi	challenge_SSA-MTE	hyp1	News	NaN	-6.771672248840332
565	566	en	twi	challenge_SSA-MTE	hyp1	News	NaN	-5.379939079284668
566	567	en	twi	challenge_SSA-MTE	hyp1	News	NaN	-11.454083442687988
567	568	en	twi	challenge_SSA-MTE	hyp1	News	NaN	-8.257596969604492
568	569	en	twi	challenge_SSA-MTE	hyp1	News	NaN	-3.981851577758789
569	570	en	twi	challenge_SSA-MTE	hyp1	News	NaN	-11.641176223754883
570	571	en	twi	challenge_SSA-MTE	hyp1	News	NaN	-6.339251518249512
571	572	en	twi	challenge_SSA-MTE	hyp1	News	NaN	-10.848400115966797
572	573	en	twi	challenge_SSA-MTE	hyp1	News	NaN	-29.998775482177734
573	574	en	twi	challenge_SSA-MTE	hyp1	News	NaN	-6.650956153869629
574	575	en	twi	challenge_SSA-MTE	hyp1	News	NaN	-7.446170806884766
575	576	en	twi	challenge_SSA-MTE	hyp1	News	NaN	-6.6472930908203125
576	577	en	twi	challenge_SSA-MTE	hyp1	News	NaN	-2.98171329498291
577	578	en	twi	challenge_SSA-MTE	hyp1	News	NaN	-5.023436546325684
578	579	en	twi	challenge_SSA-MTE	hyp1	News	NaN	-18.840206146240234
579	580	en	twi	challenge_SSA-MTE	hyp1	News	NaN	-5.568673133850098
580	581	en	twi	challenge_SSA-MTE	hyp1	News	NaN	-5.466200828552246
581	582	en	twi	challenge_SSA-MTE	hyp1	News	NaN	-4.824892044067383
582	583	en	twi	challenge_SSA-MTE	hyp1	News	NaN	-6.612262725830078
583	584	en	twi	challenge_SSA-MTE	hyp1	News	NaN	-8.525312423706055
584	585	en	twi	challenge_SSA-MTE	hyp1	News	NaN	-13.783774375915527
585	586	en	twi	challenge_SSA-MTE	hyp1	News	NaN	-5.309085845947266
586	587	en	twi	challenge_SSA-MTE	hyp1	News	NaN	-8.7493257522583
587	588	en	twi	challenge_SSA-MTE	hyp1	News	NaN	-5.584802627563477
588	589	en	twi	challenge_SSA-MTE	hyp1	News	NaN	-6.027787208557129
589	590	en	twi	challenge_SSA-MTE	hyp1	News	NaN	-11.627252578735352
590	591	en	twi	challenge_SSA-MTE	hyp1	News	NaN	-23.76120948791504
591	592	en	twi	challenge_SSA-MTE	hyp1	News	NaN	-5.266749382019043
592	593	en	twi	challenge_SSA-MTE	hyp1	News	NaN	-7.473236083984375
593	594	en	twi	challenge_SSA-MTE	hyp1	News	NaN	-7.091141700744629
594	595	en	twi	challenge_SSA-MTE	hyp1	News	NaN	-11.064818382263184
595	596	en	twi	challenge_SSA-MTE	hyp1	News	NaN	-8.699365615844727
596	597	en	twi	challenge_SSA-MTE	hyp1	News	NaN	-21.535465240478516
597	598	en	twi	challenge_SSA-MTE	hyp1	News	NaN	-7.73366641998291
598	599	en	twi	challenge_SSA-MTE	hyp1	News	NaN	-6.686855792999268
599	600	en	twi	challenge_SSA-MTE	hyp1	News	NaN	-5.749821186065674
600	601	en	twi	challenge_SSA-MTE	hyp1	News	NaN	-2.3863561153411865
601	602	en	twi	challenge_SSA-MTE	hyp1	News	NaN	-7.083888053894043
602	603	en	twi	challenge_SSA-MTE	hyp1	News	NaN	-9.263411521911621
603	604	en	twi	challenge_SSA-MTE	hyp1	News	NaN	-4.376105308532715
604	605	en	twi	challenge_SSA-MTE	hyp1	News	NaN	-3.812117099761963
605	606	en	twi	challenge_SSA-MTE	hyp1	News	NaN	-6.317514419555664
606	607	en	twi	challenge_SSA-MTE	hyp1	News	NaN	-9.902429580688477
607	608	en	twi	challenge_SSA-MTE	hyp1	News	NaN	-8.946971893310547
608	609	en	twi	challenge_SSA-MTE	hyp1	News	NaN	-12.53795051574707
609	610	en	twi	challenge_SSA-MTE	hyp1	News	NaN	-8.536003112792969
610	611	en	twi	challenge_SSA-MTE	hyp1	News	NaN	-7.971617698669434
611	612	en	twi	challenge_SSA-MTE	hyp1	News	NaN	-7.092293739318848
612	613	en	twi	challenge_SSA-MTE	hyp1	News	NaN	-11.642544746398926
613	614	en	twi	challenge_SSA-MTE	hyp1	News	NaN	-13.029655456542969
614	615	en	twi	challenge_SSA-MTE	hyp1	News	NaN	-13.792984008789062
615	616	en	twi	challenge_SSA-MTE	hyp1	News	NaN	-8.51561450958252
616	617	en	twi	challenge_SSA-MTE	hyp1	News	NaN	-12.905717849731445
617	618	en	twi	challenge_SSA-MTE	hyp1	News	NaN	-5.2494282722473145
618	619	en	twi	challenge_SSA-MTE	hyp1	News	NaN	-7.688615798950195
619	620	en	twi	challenge_SSA-MTE	hyp1	News	NaN	-28.47667694091797
620	621	en	twi	challenge_SSA-MTE	hyp1	News	NaN	-5.540909767150879
621	622	en	twi	challenge_SSA-MTE	hyp1	News	NaN	-6.877182960510254
622	623	en	twi	challenge_SSA-MTE	hyp1	News	NaN	-7.254286766052246
623	624	en	twi	challenge_SSA-MTE	hyp1	News	NaN	-8.953086853027344
624	625	en	twi	challenge_SSA-MTE	hyp1	News	NaN	-6.243488311767578
625	626	en	twi	challenge_SSA-MTE	hyp1	News	NaN	-16.559253692626953
626	627	en	twi	challenge_SSA-MTE	hyp1	News	NaN	-11.368217468261719
627	628	en	twi	challenge_SSA-MTE	hyp1	News	NaN	-7.704611778259277
628	629	en	twi	challenge_SSA-MTE	hyp1	News	NaN	-9.399446487426758
629	630	en	twi	challenge_SSA-MTE	hyp1	News	NaN	-12.658332824707031
630	631	en	twi	challenge_SSA-MTE	hyp1	News	NaN	-12.973922729492188
631	632	en	twi	challenge_SSA-MTE	hyp1	News	NaN	-17.168264389038086
632	633	en	twi	challenge_SSA-MTE	hyp1	News	NaN	-8.478097915649414
633	634	en	twi	challenge_SSA-MTE	hyp1	News	NaN	-7.061413764953613
634	635	en	twi	challenge_SSA-MTE	hyp1	News	NaN	-14.562164306640625
635	636	en	twi	challenge_SSA-MTE	hyp1	News	NaN	-5.047674655914307
636	637	en	twi	challenge_SSA-MTE	hyp1	News	NaN	-11.726407051086426
637	638	en	twi	challenge_SSA-MTE	hyp1	News	NaN	-21.360042572021484
638	639	en	twi	challenge_SSA-MTE	hyp1	News	NaN	-10.24308967590332
639	640	en	twi	challenge_SSA-MTE	hyp1	News	NaN	-12.733499526977539
640	641	en	twi	challenge_SSA-MTE	hyp1	News	NaN	-11.275432586669922
641	642	en	twi	challenge_SSA-MTE	hyp1	News	NaN	-5.187424659729004
642	643	en	twi	challenge_SSA-MTE	hyp1	News	NaN	-4.220843315124512
643	644	en	twi	challenge_SSA-MTE	hyp1	News	NaN	-27.540939331054688
644	645	en	twi	challenge_SSA-MTE	hyp1	News	NaN	-6.282229423522949
645	646	en	twi	challenge_SSA-MTE	hyp1	News	NaN	-6.4829254150390625
646	647	en	twi	challenge_SSA-MTE	hyp1	News	NaN	-10.354571342468262
647	648	en	twi	challenge_SSA-MTE	hyp1	News	NaN	-13.014789581298828
648	649	en	twi	challenge_SSA-MTE	hyp1	News	NaN	-15.849153518676758
649	650	en	twi	challenge_SSA-MTE	hyp1	News	NaN	-27.393640518188477
650	651	en	twi	challenge_SSA-MTE	hyp1	News	NaN	-11.780810356140137
651	652	en	twi	challenge_SSA-MTE	hyp1	News	NaN	-16.180801391601562
652	653	en	twi	challenge_SSA-MTE	hyp1	News	NaN	-14.79408073425293
653	654	en	twi	challenge_SSA-MTE	hyp1	News	NaN	-5.30960750579834
654	655	en	twi	challenge_SSA-MTE	hyp1	News	NaN	-5.096134662628174
655	656	en	twi	challenge_SSA-MTE	hyp1	News	NaN	-8.536508560180664
656	657	en	twi	challenge_SSA-MTE	hyp1	News	NaN	-4.558775901794434
657	658	en	twi	challenge_SSA-MTE	hyp1	News	NaN	-3.952514171600342
658	659	en	twi	challenge_SSA-MTE	hyp1	News	NaN	-4.496232509613037
659	660	en	twi	challenge_SSA-MTE	hyp1	News	NaN	-10.486709594726562
660	661	en	twi	challenge_SSA-MTE	hyp1	News	NaN	-13.110374450683594
661	662	en	twi	challenge_SSA-MTE	hyp1	News	NaN	-24.62885093688965
662	663	en	twi	challenge_SSA-MTE	hyp1	News	NaN	-12.631062507629395
663	664	en	twi	challenge_SSA-MTE	hyp1	News	NaN	-13.348616600036621
664	665	en	twi	challenge_SSA-MTE	hyp1	News	NaN	-21.265823364257812
665	666	en	twi	challenge_SSA-MTE	hyp1	News	NaN	-7.91223669052124
666	667	en	twi	challenge_SSA-MTE	hyp1	News	NaN	-9.930853843688965
667	668	en	twi	challenge_SSA-MTE	hyp1	News	NaN	-27.668312072753906
668	669	en	twi	challenge_SSA-MTE	hyp1	News	NaN	-13.400840759277344
669	670	en	twi	challenge_SSA-MTE	hyp1	News	NaN	-8.435900688171387
670	671	en	twi	challenge_SSA-MTE	hyp1	News	NaN	-5.514165878295898
671	672	en	twi	challenge_SSA-MTE	hyp1	News	NaN	-6.301900863647461
672	673	en	twi	challenge_SSA-MTE	hyp1	News	NaN	-8.155542373657227
673	674	en	twi	challenge_SSA-MTE	hyp1	News	NaN	-27.84707260131836
674	675	en	twi	challenge_SSA-MTE	hyp1	News	NaN	-7.464885711669922
675	676	en	twi	challenge_SSA-MTE	hyp1	News	NaN	-11.393388748168945
676	677	en	twi	challenge_SSA-MTE	hyp1	News	NaN	-4.804324626922607
677	678	en	twi	challenge_SSA-MTE	hyp1	News	NaN	-14.680671691894531
678	679	en	twi	challenge_SSA-MTE	hyp1	News	NaN	-17.616077423095703
679	680	en	twi	challenge_SSA-MTE	hyp1	News	NaN	-27.975784301757812
680	681	en	twi	challenge_SSA-MTE	hyp1	News	NaN	-11.092351913452148
681	682	en	twi	challenge_SSA-MTE	hyp1	News	NaN	-12.656567573547363
682	683	en	twi	challenge_SSA-MTE	hyp1	News	NaN	-12.856168746948242
683	684	en	twi	challenge_SSA-MTE	hyp1	News	NaN	-6.5233354568481445
684	685	en	twi	challenge_SSA-MTE	hyp1	News	NaN	-4.77689266204834
685	686	en	twi	challenge_SSA-MTE	hyp1	News	NaN	-8.471707344055176
686	687	en	twi	challenge_SSA-MTE	hyp1	News	NaN	-6.934182643890381
687	688	en	twi	challenge_SSA-MTE	hyp1	News	NaN	-7.723294258117676
688	689	en	twi	challenge_SSA-MTE	hyp1	News	NaN	-6.577235221862793
689	690	en	twi	challenge_SSA-MTE	hyp1	News	NaN	-5.641660690307617
690	691	en	twi	challenge_SSA-MTE	hyp1	News	NaN	-10.894552230834961
691	692	en	twi	challenge_SSA-MTE	hyp1	News	NaN	-21.9375
692	693	en	twi	challenge_SSA-MTE	hyp1	News	NaN	-7.403783321380615
693	694	en	twi	challenge_SSA-MTE	hyp1	News	NaN	-7.445371627807617
694	695	en	twi	challenge_SSA-MTE	hyp1	News	NaN	-12.820695877075195
695	696	en	twi	challenge_SSA-MTE	hyp1	News	NaN	-15.781729698181152
696	697	en	twi	challenge_SSA-MTE	hyp1	News	NaN	-10.84215259552002
697	698	en	twi	challenge_SSA-MTE	hyp1	News	NaN	-14.78811264038086
698	699	en	twi	challenge_SSA-MTE	hyp1	News	NaN	-11.669050216674805
699	700	en	twi	challenge_SSA-MTE	hyp1	News	NaN	-10.450431823730469
700	701	en	twi	challenge_SSA-MTE	hyp1	News	NaN	-4.977446556091309
701	702	en	twi	challenge_SSA-MTE	hyp1	News	NaN	-6.622771739959717
702	703	en	twi	challenge_SSA-MTE	hyp1	News	NaN	-12.12289810180664
703	704	en	twi	challenge_SSA-MTE	hyp1	News	NaN	-2.833144187927246
704	705	en	twi	challenge_SSA-MTE	hyp1	News	NaN	-4.130948543548584
705	706	en	twi	challenge_SSA-MTE	hyp1	News	NaN	-3.890996217727661
706	707	en	twi	challenge_SSA-MTE	hyp1	News	NaN	-8.828670501708984
707	708	en	twi	challenge_SSA-MTE	hyp1	News	NaN	-15.36536693572998
708	709	en	twi	challenge_SSA-MTE	hyp1	News	NaN	-22.75316619873047
709	710	en	twi	challenge_SSA-MTE	hyp1	News	NaN	-6.244651794433594
710	711	en	twi	challenge_SSA-MTE	hyp1	News	NaN	-10.383947372436523
711	712	en	twi	challenge_SSA-MTE	hyp1	News	NaN	-13.358983993530273
712	713	en	twi	challenge_SSA-MTE	hyp1	News	NaN	-13.629728317260742
713	714	en	twi	challenge_SSA-MTE	hyp1	News	NaN	-21.106473922729492
714	715	en	twi	challenge_SSA-MTE	hyp1	News	NaN	-10.796638488769531
715	716	en	twi	challenge_SSA-MTE	hyp1	News	NaN	-9.303681373596191
716	717	en	twi	challenge_SSA-MTE	hyp1	News	NaN	-8.569114685058594
717	718	en	twi	challenge_SSA-MTE	hyp1	News	NaN	-8.775350570678711
718	719	en	twi	challenge_SSA-MTE	hyp1	News	NaN	-9.87860107421875
719	720	en	twi	challenge_SSA-MTE	hyp1	News	NaN	-11.880507469177246
720	721	en	twi	challenge_SSA-MTE	hyp1	News	NaN	-9.47115707397461
721	722	en	twi	challenge_SSA-MTE	hyp1	News	NaN	-23.086820602416992
722	723	en	twi	challenge_SSA-MTE	hyp1	News	NaN	-9.041790008544922
723	724	en	twi	challenge_SSA-MTE	hyp1	News	NaN	-2.9314332008361816
724	725	en	twi	challenge_SSA-MTE	hyp1	News	NaN	-5.042356014251709
725	726	en	twi	challenge_SSA-MTE	hyp1	News	NaN	-8.678866386413574
726	727	en	twi	challenge_SSA-MTE	hyp1	News	NaN	-4.842695236206055
727	728	en	twi	challenge_SSA-MTE	hyp1	News	NaN	-5.570137023925781
728	729	en	twi	challenge_SSA-MTE	hyp1	News	NaN	-5.976135730743408
729	730	en	twi	challenge_SSA-MTE	hyp1	News	NaN	-6.510366439819336
730	731	en	twi	challenge_SSA-MTE	hyp1	News	NaN	-10.614934921264648
731	732	en	twi	challenge_SSA-MTE	hyp1	News	NaN	-28.493675231933594
732	733	en	twi	challenge_SSA-MTE	hyp1	News	NaN	-8.925790786743164
733	734	en	twi	challenge_SSA-MTE	hyp1	News	NaN	-12.674394607543945
734	735	en	twi	challenge_SSA-MTE	hyp1	News	NaN	-16.71941566467285
735	736	en	twi	challenge_SSA-MTE	hyp1	News	NaN	-8.667854309082031
736	737	en	twi	challenge_SSA-MTE	hyp1	News	NaN	-16.457134246826172
737	738	en	twi	challenge_SSA-MTE	hyp1	News	NaN	-27.889598846435547
738	739	en	twi	challenge_SSA-MTE	hyp1	News	NaN	-8.114858627319336
739	740	en	twi	challenge_SSA-MTE	hyp1	News	NaN	-8.476028442382812
740	741	en	twi	challenge_SSA-MTE	hyp1	News	NaN	-12.554070472717285
741	742	en	twi	challenge_SSA-MTE	hyp1	News	NaN	-12.482216835021973
742	743	en	twi	challenge_SSA-MTE	hyp1	News	NaN	-21.361427307128906
743	744	en	twi	challenge_SSA-MTE	hyp1	News	NaN	-19.572978973388672
744	745	en	twi	challenge_SSA-MTE	hyp1	News	NaN	-18.134231567382812
745	746	en	twi	challenge_SSA-MTE	hyp1	News	NaN	-12.749128341674805
746	747	en	twi	challenge_SSA-MTE	hyp1	News	NaN	-10.866510391235352
747	748	en	twi	challenge_SSA-MTE	hyp1	News	NaN	-6.1603169441223145
748	749	en	twi	challenge_SSA-MTE	hyp1	News	NaN	-8.67658805847168
749	750	en	twi	challenge_SSA-MTE	hyp1	News	NaN	-14.211100578308105
750	751	en	twi	challenge_SSA-MTE	hyp1	News	NaN	-9.204885482788086
751	752	en	twi	challenge_SSA-MTE	hyp1	News	NaN	-7.257406234741211
752	753	en	twi	challenge_SSA-MTE	hyp1	News	NaN	-17.8541259765625
753	754	en	twi	challenge_SSA-MTE	hyp1	News	NaN	-17.448551177978516
754	755	en	twi	challenge_SSA-MTE	hyp1	News	NaN	-20.851774215698242
755	756	en	twi	challenge_SSA-MTE	hyp1	News	NaN	-22.125186920166016
756	757	en	twi	challenge_SSA-MTE	hyp1	News	NaN	-12.329255104064941
757	758	en	twi	challenge_SSA-MTE	hyp1	News	NaN	-26.556049346923828
758	759	en	twi	challenge_SSA-MTE	hyp1	News	NaN	-16.250587463378906
759	760	en	twi	challenge_SSA-MTE	hyp1	News	NaN	-4.309455394744873
760	761	en	twi	challenge_SSA-MTE	hyp1	News	NaN	-8.74293327331543
761	762	en	twi	challenge_SSA-MTE	hyp1	News	NaN	-12.499967575073242
762	763	en	twi	challenge_SSA-MTE	hyp1	News	NaN	-4.400712013244629
763	764	en	twi	challenge_SSA-MTE	hyp1	News	NaN	-7.623344421386719
764	765	en	twi	challenge_SSA-MTE	hyp1	News	NaN	-5.375106334686279
765	766	en	twi	challenge_SSA-MTE	hyp1	News	NaN	-3.311178207397461
766	767	en	twi	challenge_SSA-MTE	hyp1	News	NaN	-6.942659378051758
767	768	en	twi	challenge_SSA-MTE	hyp1	News	NaN	-8.502655982971191
768	769	en	twi	challenge_SSA-MTE	hyp1	News	NaN	-10.151745796203613
769	770	en	twi	challenge_SSA-MTE	hyp1	News	NaN	-4.442405700683594
770	771	en	twi	challenge_SSA-MTE	hyp1	News	NaN	-6.24051570892334
771	772	en	twi	challenge_SSA-MTE	hyp1	News	NaN	-2.6578304767608643
772	773	en	twi	challenge_SSA-MTE	hyp1	News	NaN	-3.981900215148926
773	774	en	twi	challenge_SSA-MTE	hyp1	News	NaN	-11.664013862609863
774	775	en	twi	challenge_SSA-MTE	hyp1	News	NaN	-3.3285627365112305
775	776	en	twi	challenge_SSA-MTE	hyp1	News	NaN	-2.2041373252868652
776	777	en	twi	challenge_SSA-MTE	hyp1	News	NaN	-2.4139270782470703
777	778	en	twi	challenge_SSA-MTE	hyp1	News	NaN	-6.195069313049316
778	779	en	twi	challenge_SSA-MTE	hyp1	News	NaN	-11.757049560546875
779	780	en	twi	challenge_SSA-MTE	hyp1	News	NaN	-29.274169921875
780	781	en	twi	challenge_SSA-MTE	hyp1	News	NaN	-8.970514297485352
781	782	en	twi	challenge_SSA-MTE	hyp1	News	NaN	-10.221726417541504
782	783	en	twi	challenge_SSA-MTE	hyp1	News	NaN	-9.560309410095215
783	784	en	twi	challenge_SSA-MTE	hyp1	News	NaN	-4.857485294342041
784	785	en	twi	challenge_SSA-MTE	hyp1	News	NaN	-10.798922538757324
785	786	en	twi	challenge_SSA-MTE	hyp1	News	NaN	-30.49439239501953
786	787	en	twi	challenge_SSA-MTE	hyp1	News	NaN	-7.068337440490723
787	788	en	twi	challenge_SSA-MTE	hyp1	News	NaN	-20.8861083984375
788	789	en	twi	challenge_SSA-MTE	hyp1	News	NaN	-10.08122444152832
789	790	en	twi	challenge_SSA-MTE	hyp1	News	NaN	-7.733522415161133
790	791	en	twi	challenge_SSA-MTE	hyp1	News	NaN	-6.412650108337402
791	792	en	twi	challenge_SSA-MTE	hyp1	News	NaN	-24.476808547973633
792	793	en	twi	challenge_SSA-MTE	hyp1	News	NaN	-6.070931911468506
793	794	en	twi	challenge_SSA-MTE	hyp1	News	NaN	-5.1458587646484375
794	795	en	twi	challenge_SSA-MTE	hyp1	News	NaN	-6.144994735717773
795	796	en	twi	challenge_SSA-MTE	hyp1	News	NaN	-8.46347427368164
796	797	en	twi	challenge_SSA-MTE	hyp1	News	NaN	-8.375958442687988
797	798	en	twi	challenge_SSA-MTE	hyp1	News	NaN	-8.183547019958496
798	799	en	twi	challenge_SSA-MTE	hyp1	News	NaN	-9.367899894714355
799	800	en	twi	challenge_SSA-MTE	hyp1	News	NaN	-11.130738258361816
800	801	en	twi	challenge_SSA-MTE	hyp1	News	NaN	-8.044759750366211
801	802	en	twi	challenge_SSA-MTE	hyp1	News	NaN	-4.895040512084961
802	803	en	twi	challenge_SSA-MTE	hyp1	News	NaN	-7.105766773223877
803	804	en	twi	challenge_SSA-MTE	hyp1	News	NaN	-10.70132064819336
804	805	en	twi	challenge_SSA-MTE	hyp1	News	NaN	-6.51516056060791
805	806	en	twi	challenge_SSA-MTE	hyp1	News	NaN	-6.398184776306152
806	807	en	twi	challenge_SSA-MTE	hyp1	News	NaN	-4.388003349304199
807	808	en	twi	challenge_SSA-MTE	hyp1	News	NaN	-10.474040985107422
808	809	en	twi	challenge_SSA-MTE	hyp1	News	NaN	-9.874025344848633
809	810	en	twi	challenge_SSA-MTE	hyp1	News	NaN	-10.447150230407715
810	811	en	twi	challenge_SSA-MTE	hyp1	News	NaN	-9.241680145263672
811	812	en	twi	challenge_SSA-MTE	hyp1	News	NaN	-8.456692695617676
812	813	en	twi	challenge_SSA-MTE	hyp1	News	NaN	-11.093202590942383
813	814	en	twi	challenge_SSA-MTE	hyp1	News	NaN	-6.856686592102051
814	815	en	twi	challenge_SSA-MTE	hyp1	News	NaN	-13.947284698486328
815	816	en	twi	challenge_SSA-MTE	hyp1	News	NaN	-28.36855125427246
816	817	en	twi	challenge_SSA-MTE	hyp1	News	NaN	-8.588634490966797
817	818	en	twi	challenge_SSA-MTE	hyp1	News	NaN	-9.487913131713867
818	819	en	twi	challenge_SSA-MTE	hyp1	News	NaN	-9.723748207092285
819	820	en	twi	challenge_SSA-MTE	hyp1	News	NaN	-8.64050006866455
820	821	en	twi	challenge_SSA-MTE	hyp1	News	NaN	-13.277873992919922
821	822	en	twi	challenge_SSA-MTE	hyp1	News	NaN	-17.312938690185547
822	823	en	twi	challenge_SSA-MTE	hyp1	News	NaN	-7.798223972320557
823	824	en	twi	challenge_SSA-MTE	hyp1	News	NaN	-7.9437761306762695
824	825	en	twi	challenge_SSA-MTE	hyp1	News	NaN	-9.992448806762695
825	826	en	twi	challenge_SSA-MTE	hyp1	News	NaN	-4.6655144691467285
826	827	en	twi	challenge_SSA-MTE	hyp1	News	NaN	-8.166252136230469
827	828	en	twi	challenge_SSA-MTE	hyp1	News	NaN	-18.199886322021484
828	829	en	twi	challenge_SSA-MTE	hyp1	News	NaN	-8.182706832885742
829	830	en	twi	challenge_SSA-MTE	hyp1	News	NaN	-6.803116798400879
830	831	en	twi	challenge_SSA-MTE	hyp1	News	NaN	-7.777500152587891
831	832	en	twi	challenge_SSA-MTE	hyp1	News	NaN	-15.30577278137207
832	833	en	twi	challenge_SSA-MTE	hyp1	News	NaN	-13.182513236999512
833	834	en	twi	challenge_SSA-MTE	hyp1	News	NaN	-19.56753158569336
834	835	en	twi	challenge_SSA-MTE	hyp1	News	NaN	-15.315847396850586
835	836	en	twi	challenge_SSA-MTE	hyp1	News	NaN	-17.80490493774414
836	837	en	twi	challenge_SSA-MTE	hyp1	News	NaN	-15.07227897644043
837	838	en	twi	challenge_SSA-MTE	hyp1	News	NaN	-13.758439064025879
838	839	en	twi	challenge_SSA-MTE	hyp1	News	NaN	-7.471673965454102
839	840	en	twi	challenge_SSA-MTE	hyp1	News	NaN	-30.953628540039062
840	841	en	twi	challenge_SSA-MTE	hyp1	News	NaN	-18.078540802001953
841	842	en	twi	challenge_SSA-MTE	hyp1	News	NaN	-18.472148895263672
842	843	en	twi	challenge_SSA-MTE	hyp1	News	NaN	-12.912084579467773
843	844	en	twi	challenge_SSA-MTE	hyp1	News	NaN	-3.604922294616699
844	845	en	twi	challenge_SSA-MTE	hyp1	News	NaN	-7.448396682739258
845	846	en	twi	challenge_SSA-MTE	hyp1	News	NaN	-17.434078216552734
846	847	en	twi	challenge_SSA-MTE	hyp1	News	NaN	-5.010591506958008
847	848	en	twi	challenge_SSA-MTE	hyp1	News	NaN	-3.046133518218994
848	849	en	twi	challenge_SSA-MTE	hyp1	News	NaN	-5.680207252502441
849	850	en	twi	challenge_SSA-MTE	hyp1	News	NaN	-7.364363193511963
850	851	en	twi	challenge_SSA-MTE	hyp1	News	NaN	-11.245258331298828
851	852	en	twi	challenge_SSA-MTE	hyp1	News	NaN	-28.87225341796875
852	853	en	twi	challenge_SSA-MTE	hyp1	News	NaN	-12.413858413696289
853	854	en	twi	challenge_SSA-MTE	hyp1	News	NaN	-9.619832038879395
854	855	en	twi	challenge_SSA-MTE	hyp1	News	NaN	-8.058765411376953
855	856	en	twi	challenge_SSA-MTE	hyp1	News	NaN	-9.437800407409668
856	857	en	twi	challenge_SSA-MTE	hyp1	News	NaN	-14.64540958404541
857	858	en	twi	challenge_SSA-MTE	hyp1	News	NaN	-10.385150909423828
858	859	en	twi	challenge_SSA-MTE	hyp1	News	NaN	-5.696545600891113
859	860	en	twi	challenge_SSA-MTE	hyp1	News	NaN	-9.293420791625977
860	861	en	twi	challenge_SSA-MTE	hyp1	News	NaN	-6.4540205001831055
861	862	en	twi	challenge_SSA-MTE	hyp1	News	NaN	-7.260019302368164
862	863	en	twi	challenge_SSA-MTE	hyp1	News	NaN	-17.6480655670166
863	864	en	twi	challenge_SSA-MTE	hyp1	News	NaN	-8.193462371826172
864	865	en	twi	challenge_SSA-MTE	hyp1	News	NaN	-6.330994606018066
865	866	en	twi	challenge_SSA-MTE	hyp1	News	NaN	-7.979130744934082
866	867	en	twi	challenge_SSA-MTE	hyp1	News	NaN	-6.237283706665039
867	868	en	twi	challenge_SSA-MTE	hyp1	News	NaN	-9.769137382507324
868	869	en	twi	challenge_SSA-MTE	hyp1	News	NaN	-15.507340431213379
869	870	en	twi	challenge_SSA-MTE	hyp1	News	NaN	-6.74763298034668
870	871	en	twi	challenge_SSA-MTE	hyp1	News	NaN	-6.480631351470947
871	872	en	twi	challenge_SSA-MTE	hyp1	News	NaN	-12.476519584655762
872	873	en	twi	challenge_SSA-MTE	hyp1	News	NaN	-7.766088485717773
873	874	en	twi	challenge_SSA-MTE	hyp1	News	NaN	-7.627996444702148
874	875	en	twi	challenge_SSA-MTE	hyp1	News	NaN	-20.109853744506836
875	876	en	twi	challenge_SSA-MTE	hyp1	News	NaN	-9.371347427368164
876	877	en	twi	challenge_SSA-MTE	hyp1	News	NaN	-4.911358833312988
877	878	en	twi	challenge_SSA-MTE	hyp1	News	NaN	-14.168668746948242
878	879	en	twi	challenge_SSA-MTE	hyp1	News	NaN	-3.8074936866760254
879	880	en	twi	challenge_SSA-MTE	hyp1	News	NaN	-10.356584548950195
880	881	en	twi	challenge_SSA-MTE	hyp1	News	NaN	-6.210650444030762
881	882	en	twi	challenge_SSA-MTE	hyp1	News	NaN	-7.316679000854492
882	883	en	twi	challenge_SSA-MTE	hyp1	News	NaN	-2.93752384185791
883	884	en	twi	challenge_SSA-MTE	hyp1	News	NaN	-8.369263648986816
884	885	en	twi	challenge_SSA-MTE	hyp1	News	NaN	-6.367310523986816
885	886	en	twi	challenge_SSA-MTE	hyp1	News	NaN	-16.618106842041016
886	887	en	twi	challenge_SSA-MTE	hyp1	News	NaN	-27.86587142944336
887	888	en	twi	challenge_SSA-MTE	hyp1	News	NaN	-8.128583908081055
888	889	en	twi	challenge_SSA-MTE	hyp1	News	NaN	-4.024160385131836
889	890	en	twi	challenge_SSA-MTE	hyp1	News	NaN	-11.527512550354004
890	891	en	twi	challenge_SSA-MTE	hyp1	News	NaN	-16.552072525024414
891	892	en	twi	challenge_SSA-MTE	hyp1	News	NaN	-12.892343521118164
892	893	en	twi	challenge_SSA-MTE	hyp1	News	NaN	-19.482158660888672
893	894	en	twi	challenge_SSA-MTE	hyp1	News	NaN	-21.457496643066406
894	895	en	twi	challenge_SSA-MTE	hyp1	News	NaN	-8.482613563537598
895	896	en	twi	challenge_SSA-MTE	hyp1	News	NaN	-14.66796875
896	897	en	twi	challenge_SSA-MTE	hyp1	News	NaN	-5.86812686920166
897	898	en	twi	challenge_SSA-MTE	hyp1	News	NaN	-5.413349151611328
898	899	en	twi	challenge_SSA-MTE	hyp1	News	NaN	-14.933206558227539
899	900	en	twi	challenge_SSA-MTE	hyp1	News	NaN	-6.8655900955200195
900	901	en	twi	challenge_SSA-MTE	hyp1	News	NaN	-4.176340579986572
901	902	en	twi	challenge_SSA-MTE	hyp1	News	NaN	-3.605459690093994
902	903	en	twi	challenge_SSA-MTE	hyp1	News	NaN	-12.943872451782227
903	904	en	twi	challenge_SSA-MTE	hyp1	News	NaN	-18.73051643371582
904	905	en	twi	challenge_SSA-MTE	hyp1	News	NaN	-28.247053146362305
905	906	en	twi	challenge_SSA-MTE	hyp1	News	NaN	-17.295698165893555
906	907	en	twi	challenge_SSA-MTE	hyp1	News	NaN	-17.032161712646484
907	908	en	twi	challenge_SSA-MTE	hyp1	News	NaN	-16.236013412475586
908	909	en	twi	challenge_SSA-MTE	hyp1	News	NaN	-5.51907205581665
909	910	en	twi	challenge_SSA-MTE	hyp1	News	NaN	-8.544540405273438
910	911	en	twi	challenge_SSA-MTE	hyp1	News	NaN	-14.616804122924805
911	912	en	twi	challenge_SSA-MTE	hyp1	News	NaN	-5.42549467086792
912	913	en	twi	challenge_SSA-MTE	hyp1	News	NaN	-2.7951231002807617
913	914	en	twi	challenge_SSA-MTE	hyp1	News	NaN	-4.505002021789551
914	915	en	twi	challenge_SSA-MTE	hyp1	News	NaN	-12.864200592041016
915	916	en	twi	challenge_SSA-MTE	hyp1	News	NaN	-12.642189025878906
916	917	en	twi	challenge_SSA-MTE	hyp1	News	NaN	-17.12705421447754
917	918	en	twi	challenge_SSA-MTE	hyp1	News	NaN	-19.225309371948242
918	919	en	twi	challenge_SSA-MTE	hyp1	News	NaN	-13.087014198303223
919	920	en	twi	challenge_SSA-MTE	hyp1	News	NaN	-9.77482795715332
920	921	en	twi	challenge_SSA-MTE	hyp1	News	NaN	-16.00448226928711
921	922	en	twi	challenge_SSA-MTE	hyp1	News	NaN	-25.56072998046875
922	923	en	twi	challenge_SSA-MTE	hyp1	News	NaN	-21.283632278442383
923	924	en	twi	challenge_SSA-MTE	hyp1	News	NaN	-18.351985931396484
924	925	en	twi	challenge_SSA-MTE	hyp1	News	NaN	-16.03664779663086
925	926	en	twi	challenge_SSA-MTE	hyp1	News	NaN	-7.874726295471191
926	927	en	twi	challenge_SSA-MTE	hyp1	News	NaN	-11.098149299621582
927	928	en	twi	challenge_SSA-MTE	hyp1	News	NaN	-27.8542537689209
928	929	en	twi	challenge_SSA-MTE	hyp1	News	NaN	-7.604726791381836
929	930	en	twi	challenge_SSA-MTE	hyp1	News	NaN	-5.9405903816223145
930	931	en	twi	challenge_SSA-MTE	hyp1	News	NaN	-11.305855751037598
931	932	en	twi	challenge_SSA-MTE	hyp1	News	NaN	-4.937472343444824
932	933	en	twi	challenge_SSA-MTE	hyp1	News	NaN	-7.207789421081543
933	934	en	twi	challenge_SSA-MTE	hyp1	News	NaN	-9.319574356079102
934	935	en	twi	challenge_SSA-MTE	hyp1	News	NaN	-5.915637493133545
935	936	en	twi	challenge_SSA-MTE	hyp1	News	NaN	-8.880659103393555
936	937	en	twi	challenge_SSA-MTE	hyp1	News	NaN	-5.353273868560791
937	938	en	twi	challenge_SSA-MTE	hyp1	News	NaN	-4.545489311218262
938	939	en	twi	challenge_SSA-MTE	hyp1	News	NaN	-12.3198881149292
939	940	en	twi	challenge_SSA-MTE	hyp1	News	NaN	-17.455028533935547
940	941	en	twi	challenge_SSA-MTE	hyp1	News	NaN	-7.598913669586182
941	942	en	twi	challenge_SSA-MTE	hyp1	News	NaN	-6.393576622009277
942	943	en	twi	challenge_SSA-MTE	hyp1	News	NaN	-19.776241302490234
943	944	en	twi	challenge_SSA-MTE	hyp1	News	NaN	-11.284048080444336
944	945	en	twi	challenge_SSA-MTE	hyp1	News	NaN	-9.493415832519531
945	946	en	twi	challenge_SSA-MTE	hyp1	News	NaN	-10.580284118652344
946	947	en	twi	challenge_SSA-MTE	hyp1	News	NaN	-11.472036361694336
947	948	en	twi	challenge_SSA-MTE	hyp1	News	NaN	-6.138989448547363
948	949	en	twi	challenge_SSA-MTE	hyp1	News	NaN	-11.171756744384766
949	950	en	twi	challenge_SSA-MTE	hyp1	News	NaN	-9.259668350219727
950	951	en	twi	challenge_SSA-MTE	hyp1	News	NaN	-11.220922470092773
951	952	en	twi	challenge_SSA-MTE	hyp1	News	NaN	-31.355518341064453
952	953	en	twi	challenge_SSA-MTE	hyp1	News	NaN	-13.664005279541016
953	954	en	twi	challenge_SSA-MTE	hyp1	News	NaN	-13.615562438964844
954	955	en	twi	challenge_SSA-MTE	hyp1	News	NaN	-13.765787124633789
955	956	en	twi	challenge_SSA-MTE	hyp1	News	NaN	-9.912239074707031
956	957	en	twi	challenge_SSA-MTE	hyp1	News	NaN	-16.47228240966797
957	958	en	twi	challenge_SSA-MTE	hyp1	News	NaN	-7.303627014160156
958	959	en	twi	challenge_SSA-MTE	hyp1	News	NaN	-6.020279884338379
959	960	en	twi	challenge_SSA-MTE	hyp1	News	NaN	-12.328401565551758
960	961	en	twi	challenge_SSA-MTE	hyp1	News	NaN	-3.263761520385742
961	962	en	twi	challenge_SSA-MTE	hyp1	News	NaN	-6.795587539672852
962	963	en	twi	challenge_SSA-MTE	hyp1	News	NaN	-17.667633056640625
963	964	en	twi	challenge_SSA-MTE	hyp1	News	NaN	-10.101119995117188
964	965	en	twi	challenge_SSA-MTE	hyp1	News	NaN	-5.9912872314453125
965	966	en	twi	challenge_SSA-MTE	hyp1	News	NaN	-6.552811622619629
966	967	en	twi	challenge_SSA-MTE	hyp1	News	NaN	-11.747302055358887
967	968	en	twi	challenge_SSA-MTE	hyp1	News	NaN	-10.164834976196289
968	969	en	twi	challenge_SSA-MTE	hyp1	News	NaN	-16.926908493041992
969	970	en	twi	challenge_SSA-MTE	hyp1	News	NaN	-9.697591781616211
970	971	en	twi	challenge_SSA-MTE	hyp1	News	NaN	-10.960887908935547
971	972	en	twi	challenge_SSA-MTE	hyp1	News	NaN	-8.388938903808594
972	973	en	twi	challenge_SSA-MTE	hyp1	News	NaN	-6.121064186096191
973	974	en	twi	challenge_SSA-MTE	hyp1	News	NaN	-8.037293434143066
974	975	en	twi	challenge_SSA-MTE	hyp1	News	NaN	-21.898273468017578
975	976	en	twi	challenge_SSA-MTE	hyp1	News	NaN	-10.229717254638672
976	977	en	twi	challenge_SSA-MTE	hyp1	News	NaN	-3.829535961151123
977	978	en	twi	challenge_SSA-MTE	hyp1	News	NaN	-8.402990341186523
978	979	en	twi	challenge_SSA-MTE	hyp1	News	NaN	-3.311396837234497
979	980	en	twi	challenge_SSA-MTE	hyp1	News	NaN	-4.598967552185059
980	981	en	twi	challenge_SSA-MTE	hyp1	News	NaN	-24.293956756591797
981	982	en	twi	challenge_SSA-MTE	hyp1	News	NaN	-7.720519065856934
982	983	en	twi	challenge_SSA-MTE	hyp1	News	NaN	-7.030795097351074
983	984	en	twi	challenge_SSA-MTE	hyp1	News	NaN	-4.75352668762207
984	985	en	twi	challenge_SSA-MTE	hyp1	News	NaN	-8.096126556396484
985	986	en	twi	challenge_SSA-MTE	hyp1	News	NaN	-12.44144344329834
986	987	en	twi	challenge_SSA-MTE	hyp1	News	NaN	-28.672088623046875
987	988	en	twi	challenge_SSA-MTE	hyp1	News	NaN	-7.723346710205078
988	989	en	twi	challenge_SSA-MTE	hyp1	News	NaN	-7.391645908355713
989	990	en	twi	challenge_SSA-MTE	hyp1	News	NaN	-7.829204559326172
990	991	en	twi	challenge_SSA-MTE	hyp1	News	NaN	-8.654962539672852
991	992	en	twi	challenge_SSA-MTE	hyp1	News	NaN	-10.251545906066895
992	993	en	twi	challenge_SSA-MTE	hyp1	News	NaN	-16.57470703125
993	994	en	twi	challenge_SSA-MTE	hyp1	News	NaN	-6.1334452629089355
994	995	en	twi	challenge_SSA-MTE	hyp1	News	NaN	-6.026542663574219
995	996	en	twi	challenge_SSA-MTE	hyp1	News	NaN	-7.981698036193848
996	997	en	twi	challenge_SSA-MTE	hyp1	News	NaN	-5.029209613800049
997	998	en	twi	challenge_SSA-MTE	hyp1	News	NaN	-11.890275955200195
998	999	en	twi	challenge_SSA-MTE	hyp1	News	NaN	-13.354172706604004
999	1000	en	twi	challenge_SSA-MTE	hyp1	News	NaN	-6.966408729553223
1000	1001	en	twi	challenge_SSA-MTE	hyp1	News	NaN	-3.9299089908599854
1001	1002	en	twi	challenge_SSA-MTE	hyp1	News	NaN	-10.75337028503418
1002	1003	en	twi	challenge_SSA-MTE	hyp1	News	NaN	-8.38215446472168
1003	1004	en	twi	challenge_SSA-MTE	hyp1	News	NaN	-5.405323028564453
1004	1005	en	twi	challenge_SSA-MTE	hyp1	News	NaN	-20.35480499267578
1005	1006	en	twi	challenge_SSA-MTE	hyp1	News	NaN	-11.675047874450684
1006	1007	en	twi	challenge_SSA-MTE	hyp1	News	NaN	-10.075130462646484
1007	1008	en	twi	challenge_SSA-MTE	hyp1	News	NaN	-17.253677368164062
1008	1009	en	twi	challenge_SSA-MTE	hyp1	News	NaN	-4.688158988952637
1009	1010	en	twi	challenge_SSA-MTE	hyp1	News	NaN	-6.831097602844238
1010	1011	en	twi	challenge_SSA-MTE	hyp1	News	NaN	-31.08201026916504
1011	1012	en	twi	challenge_SSA-MTE	hyp1	News	NaN	-8.205872535705566
1012	1013	en	twi	challenge_SSA-MTE	hyp1	News	NaN	-5.066762924194336
1013	1014	en	twi	challenge_SSA-MTE	hyp1	News	NaN	-4.90437650680542
1014	1015	en	twi	challenge_SSA-MTE	hyp1	News	NaN	-9.500558853149414
1015	1016	en	twi	challenge_SSA-MTE	hyp1	News	NaN	-11.959139823913574
1016	1017	en	twi	challenge_SSA-MTE	hyp1	News	NaN	-23.226703643798828
1017	1018	en	twi	challenge_SSA-MTE	hyp1	News	NaN	-7.888369083404541
1018	1019	en	twi	challenge_SSA-MTE	hyp1	News	NaN	-4.1627936363220215
1019	1020	en	twi	challenge_SSA-MTE	hyp1	News	NaN	-12.317521095275879
1020	1021	en	twi	challenge_SSA-MTE	hyp1	News	NaN	-5.0345234870910645
1021	1022	en	twi	challenge_SSA-MTE	hyp1	News	NaN	-4.914361476898193
1022	1023	en	twi	challenge_SSA-MTE	hyp1	News	NaN	-14.077726364135742
1023	1024	en	twi	challenge_SSA-MTE	hyp1	News	NaN	-6.290615081787109
1024	1025	en	twi	challenge_SSA-MTE	hyp1	News	NaN	-3.24590802192688
1025	1026	en	twi	challenge_SSA-MTE	hyp1	News	NaN	-4.558165073394775
1026	1027	en	twi	challenge_SSA-MTE	hyp1	News	NaN	-9.24431037902832
1027	1028	en	twi	challenge_SSA-MTE	hyp1	News	NaN	-13.709527969360352
1028	1029	en	twi	challenge_SSA-MTE	hyp1	News	NaN	-18.87392807006836
1029	1030	en	twi	challenge_SSA-MTE	hyp1	News	NaN	-10.031204223632812
1030	1031	en	twi	challenge_SSA-MTE	hyp1	News	NaN	-9.400896072387695
1031	1032	en	twi	challenge_SSA-MTE	hyp1	News	NaN	-12.351155281066895
1032	1033	en	twi	challenge_SSA-MTE	hyp1	News	NaN	-7.486217498779297
1033	1034	en	twi	challenge_SSA-MTE	hyp1	News	NaN	-7.694405555725098
1034	1035	en	twi	challenge_SSA-MTE	hyp1	News	NaN	-17.725990295410156
1035	1036	en	twi	challenge_SSA-MTE	hyp1	News	NaN	-9.993797302246094
1036	1037	en	twi	challenge_SSA-MTE	hyp1	News	NaN	-6.602084159851074
1037	1038	en	twi	challenge_SSA-MTE	hyp1	News	NaN	-7.295158386230469
1038	1039	en	twi	challenge_SSA-MTE	hyp1	News	NaN	-13.39474105834961
1039	1040	en	twi	challenge_SSA-MTE	hyp1	News	NaN	-17.834705352783203
1040	1041	en	twi	challenge_SSA-MTE	hyp1	News	NaN	-27.188743591308594
1041	1042	en	twi	challenge_SSA-MTE	hyp1	News	NaN	-16.201833724975586
1042	1043	en	twi	challenge_SSA-MTE	hyp1	News	NaN	-6.3242387771606445
1043	1044	en	twi	challenge_SSA-MTE	hyp1	News	NaN	-17.422672271728516
1044	1045	en	twi	challenge_SSA-MTE	hyp1	News	NaN	-8.306674003601074
1045	1046	en	twi	challenge_SSA-MTE	hyp1	News	NaN	-13.97803783416748
1046	1047	en	twi	challenge_SSA-MTE	hyp1	News	NaN	-26.856731414794922
1047	1048	en	twi	challenge_SSA-MTE	hyp1	News	NaN	-7.557856559753418
1048	1049	en	twi	challenge_SSA-MTE	hyp1	News	NaN	-6.251796245574951
1049	1050	en	twi	challenge_SSA-MTE	hyp1	News	NaN	-8.091286659240723
1050	1051	en	twi	challenge_SSA-MTE	hyp1	News	NaN	-5.3326215744018555
1051	1052	en	twi	challenge_SSA-MTE	hyp1	News	NaN	-12.223854064941406
1052	1053	en	twi	challenge_SSA-MTE	hyp1	News	NaN	-14.350936889648438
1053	1054	en	twi	challenge_SSA-MTE	hyp1	News	NaN	-8.076885223388672
1054	1055	en	twi	challenge_SSA-MTE	hyp1	News	NaN	-5.4434709548950195
1055	1056	en	twi	challenge_SSA-MTE	hyp1	News	NaN	-11.417369842529297
1056	1057	en	twi	challenge_SSA-MTE	hyp1	News	NaN	-12.209138870239258
1057	1058	en	twi	challenge_SSA-MTE	hyp1	News	NaN	-13.186927795410156
1058	1059	en	twi	challenge_SSA-MTE	hyp1	News	NaN	-18.33016586303711
1059	1060	en	twi	challenge_SSA-MTE	hyp1	News	NaN	-12.482955932617188
1060	1061	en	twi	challenge_SSA-MTE	hyp1	News	NaN	-5.639519691467285
1061	1062	en	twi	challenge_SSA-MTE	hyp1	News	NaN	-7.575455665588379
1062	1063	en	twi	challenge_SSA-MTE	hyp1	News	NaN	-6.153407573699951
1063	1064	en	twi	challenge_SSA-MTE	hyp1	News	NaN	-11.190211296081543
1064	1065	en	twi	challenge_SSA-MTE	hyp1	News	NaN	-14.464685440063477
1065	1066	en	twi	challenge_SSA-MTE	hyp1	News	NaN	-10.258840560913086
1066	1067	en	twi	challenge_SSA-MTE	hyp1	News	NaN	-10.321127891540527
1067	1068	en	twi	challenge_SSA-MTE	hyp1	News	NaN	-6.379748344421387
1068	1069	en	twi	challenge_SSA-MTE	hyp1	News	NaN	-6.478218078613281
1069	1070	en	twi	challenge_SSA-MTE	hyp1	News	NaN	-8.546142578125
1070	1071	en	twi	challenge_SSA-MTE	hyp1	News	NaN	-19.912704467773438
1071	1072	en	twi	challenge_SSA-MTE	hyp1	News	NaN	-4.335911750793457
1072	1073	en	twi	challenge_SSA-MTE	hyp1	News	NaN	-4.722426414489746
1073	1074	en	twi	challenge_SSA-MTE	hyp1	News	NaN	-7.341269493103027
1074	1075	en	twi	challenge_SSA-MTE	hyp1	News	NaN	-8.381660461425781
1075	1076	en	twi	challenge_SSA-MTE	hyp1	News	NaN	-21.81671142578125
1076	1077	en	twi	challenge_SSA-MTE	hyp1	News	NaN	-19.713157653808594
1077	1078	en	twi	challenge_SSA-MTE	hyp1	News	NaN	-12.754758834838867
1078	1079	en	twi	challenge_SSA-MTE	hyp1	News	NaN	-8.90479564666748
1079	1080	en	twi	challenge_SSA-MTE	hyp1	News	NaN	-10.605796813964844
1080	1081	en	twi	challenge_SSA-MTE	hyp1	News	NaN	-8.280573844909668
1081	1082	en	twi	challenge_SSA-MTE	hyp1	News	NaN	-10.621996879577637
1082	1083	en	twi	challenge_SSA-MTE	hyp1	News	NaN	-12.371749877929688
1083	1084	en	twi	challenge_SSA-MTE	hyp1	News	NaN	-18.751562118530273
1084	1085	en	twi	challenge_SSA-MTE	hyp1	News	NaN	-8.043490409851074
1085	1086	en	twi	challenge_SSA-MTE	hyp1	News	NaN	-9.030227661132812
1086	1087	en	twi	challenge_SSA-MTE	hyp1	News	NaN	-5.551639556884766
1087	1088	en	twi	challenge_SSA-MTE	hyp1	News	NaN	-7.759742736816406
1088	1089	en	twi	challenge_SSA-MTE	hyp1	News	NaN	-6.870639324188232
1089	1090	en	twi	challenge_SSA-MTE	hyp1	News	NaN	-7.930914878845215
1090	1091	en	twi	challenge_SSA-MTE	hyp1	News	NaN	-6.2610368728637695
1091	1092	en	twi	challenge_SSA-MTE	hyp1	News	NaN	-9.723182678222656
1092	1093	en	twi	challenge_SSA-MTE	hyp1	News	NaN	-4.389865398406982
1093	1094	en	twi	challenge_SSA-MTE	hyp1	News	NaN	-10.115957260131836
1094	1095	en	twi	challenge_SSA-MTE	hyp1	News	NaN	-13.596881866455078
1095	1096	en	twi	challenge_SSA-MTE	hyp1	News	NaN	-12.357423782348633
1096	1097	en	twi	challenge_SSA-MTE	hyp1	News	NaN	-6.518026351928711
1097	1098	en	twi	challenge_SSA-MTE	hyp1	News	NaN	-5.766653060913086
1098	1099	en	twi	challenge_SSA-MTE	hyp1	News	NaN	-8.875543594360352
1099	1100	en	twi	challenge_SSA-MTE	hyp1	News	NaN	-21.494558334350586
1100	1101	en	twi	challenge_SSA-MTE	hyp1	News	NaN	-29.51881980895996
1101	1102	en	twi	challenge_SSA-MTE	hyp1	News	NaN	-9.68962287902832
1102	1103	en	twi	challenge_SSA-MTE	hyp1	News	NaN	-18.766939163208008
1103	1104	en	twi	challenge_SSA-MTE	hyp1	News	NaN	-11.791457176208496
1104	1105	en	twi	challenge_SSA-MTE	hyp1	News	NaN	-5.308470726013184
1105	1106	en	twi	challenge_SSA-MTE	hyp1	News	NaN	-6.122481822967529
1106	1107	en	twi	challenge_SSA-MTE	hyp1	News	NaN	-11.01066780090332
1107	1108	en	twi	challenge_SSA-MTE	hyp1	News	NaN	-6.534208297729492
1108	1109	en	twi	challenge_SSA-MTE	hyp1	News	NaN	-3.376772880554199
1109	1110	en	twi	challenge_SSA-MTE	hyp1	News	NaN	-4.607180595397949
1110	1111	en	twi	challenge_SSA-MTE	hyp1	News	NaN	-8.472344398498535
1111	1112	en	twi	challenge_SSA-MTE	hyp1	News	NaN	-7.70063591003418
1112	1113	en	twi	challenge_SSA-MTE	hyp1	News	NaN	-16.437116622924805
1113	1114	en	twi	challenge_SSA-MTE	hyp1	News	NaN	-6.976914405822754
1114	1115	en	twi	challenge_SSA-MTE	hyp1	News	NaN	-4.8145575523376465
1115	1116	en	twi	challenge_SSA-MTE	hyp1	News	NaN	-5.644906044006348
1116	1117	en	twi	challenge_SSA-MTE	hyp1	News	NaN	-4.903033256530762
1117	1118	en	twi	challenge_SSA-MTE	hyp1	News	NaN	-6.8943023681640625
1118	1119	en	twi	challenge_SSA-MTE	hyp1	News	NaN	-19.607208251953125
1119	1120	en	twi	challenge_SSA-MTE	hyp1	News	NaN	-6.3018341064453125
1120	1121	en	twi	challenge_SSA-MTE	hyp1	News	NaN	-4.111713409423828
1121	1122	en	twi	challenge_SSA-MTE	hyp1	News	NaN	-7.1914825439453125
1122	1123	en	twi	challenge_SSA-MTE	hyp1	News	NaN	-9.879308700561523
1123	1124	en	twi	challenge_SSA-MTE	hyp1	News	NaN	-13.152469635009766
1124	1125	en	twi	challenge_SSA-MTE	hyp1	News	NaN	-27.740835189819336
1125	1126	en	twi	challenge_SSA-MTE	hyp1	News	NaN	-10.8344087600708
1126	1127	en	twi	challenge_SSA-MTE	hyp1	News	NaN	-28.748817443847656
1127	1128	en	twi	challenge_SSA-MTE	hyp1	News	NaN	-11.668916702270508
1128	1129	en	twi	challenge_SSA-MTE	hyp1	News	NaN	-3.58854603767395
1129	1130	en	twi	challenge_SSA-MTE	hyp1	News	NaN	-9.78735637664795
1130	1131	en	twi	challenge_SSA-MTE	hyp1	News	NaN	-28.806289672851562
1131	1132	en	twi	challenge_SSA-MTE	hyp1	News	NaN	-5.726757049560547
1132	1133	en	twi	challenge_SSA-MTE	hyp1	News	NaN	-4.790144443511963
1133	1134	en	twi	challenge_SSA-MTE	hyp1	News	NaN	-7.499029159545898
1134	1135	en	twi	challenge_SSA-MTE	hyp1	News	NaN	-7.389104843139648
1135	1136	en	twi	challenge_SSA-MTE	hyp1	News	NaN	-14.503185272216797
1136	1137	en	twi	challenge_SSA-MTE	hyp1	News	NaN	-17.011428833007812
1137	1138	en	twi	challenge_SSA-MTE	hyp1	News	NaN	-9.412940979003906
1138	1139	en	twi	challenge_SSA-MTE	hyp1	News	NaN	-5.782885551452637
1139	1140	en	twi	challenge_SSA-MTE	hyp1	News	NaN	-9.275836944580078
1140	1141	en	twi	challenge_SSA-MTE	hyp1	News	NaN	-7.376585960388184
1141	1142	en	twi	challenge_SSA-MTE	hyp1	News	NaN	-10.384140014648438
1142	1143	en	twi	challenge_SSA-MTE	hyp1	News	NaN	-15.612621307373047
1143	1144	en	twi	challenge_SSA-MTE	hyp1	News	NaN	-11.908167839050293
1144	1145	en	twi	challenge_SSA-MTE	hyp1	News	NaN	-7.177521705627441
1145	1146	en	twi	challenge_SSA-MTE	hyp1	News	NaN	-14.612964630126953
1146	1147	en	twi	challenge_SSA-MTE	hyp1	News	NaN	-9.406259536743164
1147	1148	en	twi	challenge_SSA-MTE	hyp1	News	NaN	-19.927974700927734
1148	1149	en	twi	challenge_SSA-MTE	hyp1	News	NaN	-21.721853256225586
1149	1150	en	twi	challenge_SSA-MTE	hyp1	News	NaN	-14.099245071411133
1150	1151	en	twi	challenge_SSA-MTE	hyp1	News	NaN	-3.997699737548828
1151	1152	en	twi	challenge_SSA-MTE	hyp1	News	NaN	-13.041656494140625
1152	1153	en	twi	challenge_SSA-MTE	hyp1	News	NaN	-11.883132934570312
1153	1154	en	twi	challenge_SSA-MTE	hyp1	News	NaN	-17.4036865234375
1154	1155	en	twi	challenge_SSA-MTE	hyp1	News	NaN	-30.191265106201172
1155	1156	en	twi	challenge_SSA-MTE	hyp1	News	NaN	-19.228771209716797
1156	1157	en	twi	challenge_SSA-MTE	hyp1	News	NaN	-6.597927093505859
1157	1158	en	twi	challenge_SSA-MTE	hyp1	News	NaN	-13.41767406463623
1158	1159	en	twi	challenge_SSA-MTE	hyp1	News	NaN	-12.509098052978516
1159	1160	en	twi	challenge_SSA-MTE	hyp1	News	NaN	-9.609427452087402
1160	1161	en	twi	challenge_SSA-MTE	hyp1	News	NaN	-17.017864227294922
1161	1162	en	twi	challenge_SSA-MTE	hyp1	News	NaN	-9.118083000183105
1162	1163	en	twi	challenge_SSA-MTE	hyp1	News	NaN	-6.55699348449707
1163	1164	en	twi	challenge_SSA-MTE	hyp1	News	NaN	-10.547283172607422
1164	1165	en	twi	challenge_SSA-MTE	hyp1	News	NaN	-11.236211776733398
1165	1166	en	twi	challenge_SSA-MTE	hyp1	News	NaN	-12.337494850158691
1166	1167	en	twi	challenge_SSA-MTE	hyp1	News	NaN	-15.031929969787598
1167	1168	en	twi	challenge_SSA-MTE	hyp1	News	NaN	-16.247098922729492
1168	1169	en	twi	challenge_SSA-MTE	hyp1	News	NaN	-9.351924896240234
1169	1170	en	twi	challenge_SSA-MTE	hyp1	News	NaN	-10.354339599609375
1170	1171	en	twi	challenge_SSA-MTE	hyp1	News	NaN	-5.051052093505859
1171	1172	en	twi	challenge_SSA-MTE	hyp1	News	NaN	-6.417965412139893
1172	1173	en	twi	challenge_SSA-MTE	hyp1	News	NaN	-26.122575759887695
1173	1174	en	twi	challenge_SSA-MTE	hyp1	News	NaN	-7.8419036865234375
1174	1175	en	twi	challenge_SSA-MTE	hyp1	News	NaN	-4.030925273895264
1175	1176	en	twi	challenge_SSA-MTE	hyp1	News	NaN	-6.927679538726807
1176	1177	en	twi	challenge_SSA-MTE	hyp1	News	NaN	-4.1028947830200195
1177	1178	en	twi	challenge_SSA-MTE	hyp1	News	NaN	-8.284290313720703
1178	1179	en	twi	challenge_SSA-MTE	hyp1	News	NaN	-13.789833068847656
1179	1180	en	twi	challenge_SSA-MTE	hyp1	News	NaN	-4.6377105712890625
1180	1181	en	twi	challenge_SSA-MTE	hyp1	News	NaN	-10.35739517211914
1181	1182	en	twi	challenge_SSA-MTE	hyp1	News	NaN	-7.908663749694824
1182	1183	en	twi	challenge_SSA-MTE	hyp1	News	NaN	-10.131082534790039
1183	1184	en	twi	challenge_SSA-MTE	hyp1	News	NaN	-12.513425827026367
1184	1185	en	twi	challenge_SSA-MTE	hyp1	News	NaN	-18.789453506469727
1185	1186	en	twi	challenge_SSA-MTE	hyp1	News	NaN	-12.72780990600586
1186	1187	en	twi	challenge_SSA-MTE	hyp1	News	NaN	-7.245603561401367
1187	1188	en	twi	challenge_SSA-MTE	hyp1	News	NaN	-9.421611785888672
1188	1189	en	twi	challenge_SSA-MTE	hyp1	News	NaN	-9.42876148223877
1189	1190	en	twi	challenge_SSA-MTE	hyp1	News	NaN	-15.699655532836914
1190	1191	en	twi	challenge_SSA-MTE	hyp1	News	NaN	-20.086585998535156
1191	1192	en	twi	challenge_SSA-MTE	hyp1	News	NaN	-9.026992797851562
1192	1193	en	twi	challenge_SSA-MTE	hyp1	News	NaN	-8.16440486907959
1193	1194	en	twi	challenge_SSA-MTE	hyp1	News	NaN	-15.965152740478516
1194	1195	en	twi	challenge_SSA-MTE	hyp1	News	NaN	-7.299227714538574
1195	1196	en	twi	challenge_SSA-MTE	hyp1	News	NaN	-8.175224304199219
1196	1197	en	twi	challenge_SSA-MTE	hyp1	News	NaN	-14.734491348266602
1197	1198	en	twi	challenge_SSA-MTE	hyp1	News	NaN	-13.555655479431152
1198	1199	en	twi	challenge_SSA-MTE	hyp1	News	NaN	-6.187166213989258
1199	1200	en	twi	challenge_SSA-MTE	hyp1	News	NaN	-6.920601844787598
0	1	en	yor	challenge_SSA-MTE	hyp1	News	NaN	-1.6626737117767334
1	2	en	yor	challenge_SSA-MTE	hyp1	News	NaN	-2.9850053787231445
2	3	en	yor	challenge_SSA-MTE	hyp1	News	NaN	-7.405909061431885
3	4	en	yor	challenge_SSA-MTE	hyp1	News	NaN	-2.2573022842407227
4	5	en	yor	challenge_SSA-MTE	hyp1	News	NaN	-5.038024425506592
5	6	en	yor	challenge_SSA-MTE	hyp1	News	NaN	-1.1443129777908325
6	7	en	yor	challenge_SSA-MTE	hyp1	News	NaN	-1.3653614521026611
7	8	en	yor	challenge_SSA-MTE	hyp1	News	NaN	-7.8362555503845215
8	9	en	yor	challenge_SSA-MTE	hyp1	News	NaN	-4.126379489898682
9	10	en	yor	challenge_SSA-MTE	hyp1	News	NaN	-2.0641894340515137
10	11	en	yor	challenge_SSA-MTE	hyp1	News	NaN	-7.187528610229492
11	12	en	yor	challenge_SSA-MTE	hyp1	News	NaN	-0.45008668303489685
12	13	en	yor	challenge_SSA-MTE	hyp1	News	NaN	-0.7942715883255005
13	14	en	yor	challenge_SSA-MTE	hyp1	News	NaN	-3.834024667739868
14	15	en	yor	challenge_SSA-MTE	hyp1	News	NaN	-11.177722930908203
15	16	en	yor	challenge_SSA-MTE	hyp1	News	NaN	-2.3499202728271484
16	17	en	yor	challenge_SSA-MTE	hyp1	News	NaN	-0.8777010440826416
17	18	en	yor	challenge_SSA-MTE	hyp1	News	NaN	-1.686468243598938
18	19	en	yor	challenge_SSA-MTE	hyp1	News	NaN	-3.544645309448242
19	20	en	yor	challenge_SSA-MTE	hyp1	News	NaN	-28.334766387939453
20	21	en	yor	challenge_SSA-MTE	hyp1	News	NaN	-3.2738137245178223
21	22	en	yor	challenge_SSA-MTE	hyp1	News	NaN	-2.0032176971435547
22	23	en	yor	challenge_SSA-MTE	hyp1	News	NaN	-1.8983116149902344
23	24	en	yor	challenge_SSA-MTE	hyp1	News	NaN	-1.5373847484588623
24	25	en	yor	challenge_SSA-MTE	hyp1	News	NaN	-2.068192481994629
25	26	en	yor	challenge_SSA-MTE	hyp1	News	NaN	-22.46653938293457
26	27	en	yor	challenge_SSA-MTE	hyp1	News	NaN	-1.974271297454834
27	28	en	yor	challenge_SSA-MTE	hyp1	News	NaN	-1.5000505447387695
28	29	en	yor	challenge_SSA-MTE	hyp1	News	NaN	-1.9334601163864136
29	30	en	yor	challenge_SSA-MTE	hyp1	News	NaN	-0.6911410689353943
30	31	en	yor	challenge_SSA-MTE	hyp1	News	NaN	-0.8265373110771179
31	32	en	yor	challenge_SSA-MTE	hyp1	News	NaN	-2.2658934593200684
32	33	en	yor	challenge_SSA-MTE	hyp1	News	NaN	-5.8003926277160645
33	34	en	yor	challenge_SSA-MTE	hyp1	News	NaN	-0.5987328290939331
34	35	en	yor	challenge_SSA-MTE	hyp1	News	NaN	-1.8331152200698853
35	36	en	yor	challenge_SSA-MTE	hyp1	News	NaN	-0.5885794162750244
36	37	en	yor	challenge_SSA-MTE	hyp1	News	NaN	-2.943624973297119
37	38	en	yor	challenge_SSA-MTE	hyp1	News	NaN	-1.3932733535766602
38	39	en	yor	challenge_SSA-MTE	hyp1	News	NaN	-3.1205573081970215
39	40	en	yor	challenge_SSA-MTE	hyp1	News	NaN	-1.0258857011795044
40	41	en	yor	challenge_SSA-MTE	hyp1	News	NaN	-1.4239139556884766
41	42	en	yor	challenge_SSA-MTE	hyp1	News	NaN	-24.126617431640625
42	43	en	yor	challenge_SSA-MTE	hyp1	News	NaN	-13.370514869689941
43	44	en	yor	challenge_SSA-MTE	hyp1	News	NaN	-7.204962253570557
44	45	en	yor	challenge_SSA-MTE	hyp1	News	NaN	-2.2307515144348145
45	46	en	yor	challenge_SSA-MTE	hyp1	News	NaN	-1.2221417427062988
46	47	en	yor	challenge_SSA-MTE	hyp1	News	NaN	-2.0944485664367676
47	48	en	yor	challenge_SSA-MTE	hyp1	News	NaN	-28.724714279174805
48	49	en	yor	challenge_SSA-MTE	hyp1	News	NaN	-18.630529403686523
49	50	en	yor	challenge_SSA-MTE	hyp1	News	NaN	-3.59999680519104
50	51	en	yor	challenge_SSA-MTE	hyp1	News	NaN	-2.1184592247009277
51	52	en	yor	challenge_SSA-MTE	hyp1	News	NaN	-3.3384957313537598
52	53	en	yor	challenge_SSA-MTE	hyp1	News	NaN	-0.9325135350227356
53	54	en	yor	challenge_SSA-MTE	hyp1	News	NaN	-0.8654970526695251
54	55	en	yor	challenge_SSA-MTE	hyp1	News	NaN	-1.0019954442977905
55	56	en	yor	challenge_SSA-MTE	hyp1	News	NaN	-1.2085943222045898
56	57	en	yor	challenge_SSA-MTE	hyp1	News	NaN	-0.7976058721542358
57	58	en	yor	challenge_SSA-MTE	hyp1	News	NaN	-2.1997406482696533
58	59	en	yor	challenge_SSA-MTE	hyp1	News	NaN	-3.4500932693481445
59	60	en	yor	challenge_SSA-MTE	hyp1	News	NaN	-0.7536136507987976
60	61	en	yor	challenge_SSA-MTE	hyp1	News	NaN	-3.1804141998291016
61	62	en	yor	challenge_SSA-MTE	hyp1	News	NaN	-0.5217205286026001
62	63	en	yor	challenge_SSA-MTE	hyp1	News	NaN	-4.357000827789307
63	64	en	yor	challenge_SSA-MTE	hyp1	News	NaN	-3.105682373046875
64	65	en	yor	challenge_SSA-MTE	hyp1	News	NaN	-16.072132110595703
65	66	en	yor	challenge_SSA-MTE	hyp1	News	NaN	-5.806858062744141
66	67	en	yor	challenge_SSA-MTE	hyp1	News	NaN	-1.6017097234725952
67	68	en	yor	challenge_SSA-MTE	hyp1	News	NaN	-6.529781818389893
68	69	en	yor	challenge_SSA-MTE	hyp1	News	NaN	-2.21561336517334
69	70	en	yor	challenge_SSA-MTE	hyp1	News	NaN	-2.3353865146636963
70	71	en	yor	challenge_SSA-MTE	hyp1	News	NaN	-20.959810256958008
71	72	en	yor	challenge_SSA-MTE	hyp1	News	NaN	-3.215994358062744
72	73	en	yor	challenge_SSA-MTE	hyp1	News	NaN	-3.8303987979888916
73	74	en	yor	challenge_SSA-MTE	hyp1	News	NaN	-2.3376874923706055
74	75	en	yor	challenge_SSA-MTE	hyp1	News	NaN	-2.7426366806030273
75	76	en	yor	challenge_SSA-MTE	hyp1	News	NaN	-0.6647214293479919
76	77	en	yor	challenge_SSA-MTE	hyp1	News	NaN	-0.8763102293014526
77	78	en	yor	challenge_SSA-MTE	hyp1	News	NaN	-2.5101094245910645
78	79	en	yor	challenge_SSA-MTE	hyp1	News	NaN	-0.8933443427085876
79	80	en	yor	challenge_SSA-MTE	hyp1	News	NaN	-3.322378396987915
80	81	en	yor	challenge_SSA-MTE	hyp1	News	NaN	-2.871877670288086
81	82	en	yor	challenge_SSA-MTE	hyp1	News	NaN	-2.1220338344573975
82	83	en	yor	challenge_SSA-MTE	hyp1	News	NaN	-5.72744083404541
83	84	en	yor	challenge_SSA-MTE	hyp1	News	NaN	-3.8133556842803955
84	85	en	yor	challenge_SSA-MTE	hyp1	News	NaN	-29.155296325683594
85	86	en	yor	challenge_SSA-MTE	hyp1	News	NaN	-4.30264139175415
86	87	en	yor	challenge_SSA-MTE	hyp1	News	NaN	-2.1358814239501953
87	88	en	yor	challenge_SSA-MTE	hyp1	News	NaN	-6.614425182342529
88	89	en	yor	challenge_SSA-MTE	hyp1	News	NaN	-1.6498804092407227
89	90	en	yor	challenge_SSA-MTE	hyp1	News	NaN	-7.068706512451172
90	91	en	yor	challenge_SSA-MTE	hyp1	News	NaN	-7.761065483093262
91	92	en	yor	challenge_SSA-MTE	hyp1	News	NaN	-4.038262367248535
92	93	en	yor	challenge_SSA-MTE	hyp1	News	NaN	-1.3254103660583496
93	94	en	yor	challenge_SSA-MTE	hyp1	News	NaN	-6.288110733032227
94	95	en	yor	challenge_SSA-MTE	hyp1	News	NaN	-9.80638313293457
95	96	en	yor	challenge_SSA-MTE	hyp1	News	NaN	-2.729245901107788
96	97	en	yor	challenge_SSA-MTE	hyp1	News	NaN	-2.5131869316101074
97	98	en	yor	challenge_SSA-MTE	hyp1	News	NaN	-4.355938911437988
98	99	en	yor	challenge_SSA-MTE	hyp1	News	NaN	-1.1019105911254883
99	100	en	yor	challenge_SSA-MTE	hyp1	News	NaN	-3.888758659362793
100	101	en	yor	challenge_SSA-MTE	hyp1	News	NaN	-2.3860843181610107
101	102	en	yor	challenge_SSA-MTE	hyp1	News	NaN	-6.595559120178223
102	103	en	yor	challenge_SSA-MTE	hyp1	News	NaN	-2.1101996898651123
103	104	en	yor	challenge_SSA-MTE	hyp1	News	NaN	-1.0912487506866455
104	105	en	yor	challenge_SSA-MTE	hyp1	News	NaN	-0.7535601854324341
105	106	en	yor	challenge_SSA-MTE	hyp1	News	NaN	-9.54361343383789
106	107	en	yor	challenge_SSA-MTE	hyp1	News	NaN	-3.645352363586426
107	108	en	yor	challenge_SSA-MTE	hyp1	News	NaN	-2.7152531147003174
108	109	en	yor	challenge_SSA-MTE	hyp1	News	NaN	-1.3148009777069092
109	110	en	yor	challenge_SSA-MTE	hyp1	News	NaN	-3.627767324447632
110	111	en	yor	challenge_SSA-MTE	hyp1	News	NaN	-5.140326499938965
111	112	en	yor	challenge_SSA-MTE	hyp1	News	NaN	-22.512989044189453
112	113	en	yor	challenge_SSA-MTE	hyp1	News	NaN	-4.91208553314209
113	114	en	yor	challenge_SSA-MTE	hyp1	News	NaN	-3.7069382667541504
114	115	en	yor	challenge_SSA-MTE	hyp1	News	NaN	-15.807798385620117
115	116	en	yor	challenge_SSA-MTE	hyp1	News	NaN	-4.788206577301025
116	117	en	yor	challenge_SSA-MTE	hyp1	News	NaN	-8.221292495727539
117	118	en	yor	challenge_SSA-MTE	hyp1	News	NaN	-3.359294891357422
118	119	en	yor	challenge_SSA-MTE	hyp1	News	NaN	-2.299441337585449
119	120	en	yor	challenge_SSA-MTE	hyp1	News	NaN	-2.0099868774414062
120	121	en	yor	challenge_SSA-MTE	hyp1	News	NaN	-10.883148193359375
121	122	en	yor	challenge_SSA-MTE	hyp1	News	NaN	-16.731599807739258
122	123	en	yor	challenge_SSA-MTE	hyp1	News	NaN	-1.9007624387741089
123	124	en	yor	challenge_SSA-MTE	hyp1	News	NaN	-6.303058624267578
124	125	en	yor	challenge_SSA-MTE	hyp1	News	NaN	-2.922168731689453
125	126	en	yor	challenge_SSA-MTE	hyp1	News	NaN	-3.6386983394622803
126	127	en	yor	challenge_SSA-MTE	hyp1	News	NaN	-10.756608009338379
127	128	en	yor	challenge_SSA-MTE	hyp1	News	NaN	-11.825791358947754
128	129	en	yor	challenge_SSA-MTE	hyp1	News	NaN	-5.293712139129639
129	130	en	yor	challenge_SSA-MTE	hyp1	News	NaN	-3.1368589401245117
130	131	en	yor	challenge_SSA-MTE	hyp1	News	NaN	-1.5653579235076904
131	132	en	yor	challenge_SSA-MTE	hyp1	News	NaN	-4.896830081939697
132	133	en	yor	challenge_SSA-MTE	hyp1	News	NaN	-13.924479484558105
133	134	en	yor	challenge_SSA-MTE	hyp1	News	NaN	-5.4553937911987305
134	135	en	yor	challenge_SSA-MTE	hyp1	News	NaN	-3.0874876976013184
135	136	en	yor	challenge_SSA-MTE	hyp1	News	NaN	-1.257319450378418
136	137	en	yor	challenge_SSA-MTE	hyp1	News	NaN	-4.539754867553711
137	138	en	yor	challenge_SSA-MTE	hyp1	News	NaN	-5.51737117767334
138	139	en	yor	challenge_SSA-MTE	hyp1	News	NaN	-5.31411075592041
139	140	en	yor	challenge_SSA-MTE	hyp1	News	NaN	-5.914610862731934
140	141	en	yor	challenge_SSA-MTE	hyp1	News	NaN	-5.902803421020508
141	142	en	yor	challenge_SSA-MTE	hyp1	News	NaN	-5.18412971496582
142	143	en	yor	challenge_SSA-MTE	hyp1	News	NaN	-1.1543248891830444
143	144	en	yor	challenge_SSA-MTE	hyp1	News	NaN	-0.8067708015441895
144	145	en	yor	challenge_SSA-MTE	hyp1	News	NaN	-3.263392925262451
145	146	en	yor	challenge_SSA-MTE	hyp1	News	NaN	-5.16423225402832
146	147	en	yor	challenge_SSA-MTE	hyp1	News	NaN	-0.6273323893547058
147	148	en	yor	challenge_SSA-MTE	hyp1	News	NaN	-0.45389407873153687
148	149	en	yor	challenge_SSA-MTE	hyp1	News	NaN	-0.6653118133544922
149	150	en	yor	challenge_SSA-MTE	hyp1	News	NaN	-1.1602351665496826
150	151	en	yor	challenge_SSA-MTE	hyp1	News	NaN	-0.9683952331542969
151	152	en	yor	challenge_SSA-MTE	hyp1	News	NaN	-3.9934005737304688
152	153	en	yor	challenge_SSA-MTE	hyp1	News	NaN	-1.8948729038238525
153	154	en	yor	challenge_SSA-MTE	hyp1	News	NaN	-1.6165167093276978
154	155	en	yor	challenge_SSA-MTE	hyp1	News	NaN	-0.8258675932884216
155	156	en	yor	challenge_SSA-MTE	hyp1	News	NaN	-2.6454644203186035
156	157	en	yor	challenge_SSA-MTE	hyp1	News	NaN	-7.500287055969238
157	158	en	yor	challenge_SSA-MTE	hyp1	News	NaN	-2.0320630073547363
158	159	en	yor	challenge_SSA-MTE	hyp1	News	NaN	-1.5494459867477417
159	160	en	yor	challenge_SSA-MTE	hyp1	News	NaN	-5.956406593322754
160	161	en	yor	challenge_SSA-MTE	hyp1	News	NaN	-6.985041618347168
161	162	en	yor	challenge_SSA-MTE	hyp1	News	NaN	-2.198610305786133
162	163	en	yor	challenge_SSA-MTE	hyp1	News	NaN	-0.8409241437911987
163	164	en	yor	challenge_SSA-MTE	hyp1	News	NaN	-1.9557912349700928
164	165	en	yor	challenge_SSA-MTE	hyp1	News	NaN	-1.2426961660385132
165	166	en	yor	challenge_SSA-MTE	hyp1	News	NaN	-2.234328269958496
166	167	en	yor	challenge_SSA-MTE	hyp1	News	NaN	-23.37548065185547
167	168	en	yor	challenge_SSA-MTE	hyp1	News	NaN	-7.346038341522217
168	169	en	yor	challenge_SSA-MTE	hyp1	News	NaN	-1.6384738683700562
169	170	en	yor	challenge_SSA-MTE	hyp1	News	NaN	-1.9526238441467285
170	171	en	yor	challenge_SSA-MTE	hyp1	News	NaN	-3.317596912384033
171	172	en	yor	challenge_SSA-MTE	hyp1	News	NaN	-2.7431087493896484
172	173	en	yor	challenge_SSA-MTE	hyp1	News	NaN	-24.01439666748047
173	174	en	yor	challenge_SSA-MTE	hyp1	News	NaN	-2.0511529445648193
174	175	en	yor	challenge_SSA-MTE	hyp1	News	NaN	-1.3078038692474365
175	176	en	yor	challenge_SSA-MTE	hyp1	News	NaN	-1.7955646514892578
176	177	en	yor	challenge_SSA-MTE	hyp1	News	NaN	-2.182819128036499
177	178	en	yor	challenge_SSA-MTE	hyp1	News	NaN	-2.935985803604126
178	179	en	yor	challenge_SSA-MTE	hyp1	News	NaN	-4.148653030395508
179	180	en	yor	challenge_SSA-MTE	hyp1	News	NaN	-2.6787338256835938
180	181	en	yor	challenge_SSA-MTE	hyp1	News	NaN	-5.2413716316223145
181	182	en	yor	challenge_SSA-MTE	hyp1	News	NaN	-2.676934242248535
182	183	en	yor	challenge_SSA-MTE	hyp1	News	NaN	-4.520932197570801
183	184	en	yor	challenge_SSA-MTE	hyp1	News	NaN	-4.08634614944458
184	185	en	yor	challenge_SSA-MTE	hyp1	News	NaN	-5.4317193031311035
185	186	en	yor	challenge_SSA-MTE	hyp1	News	NaN	-4.119961738586426
186	187	en	yor	challenge_SSA-MTE	hyp1	News	NaN	-3.351409673690796
187	188	en	yor	challenge_SSA-MTE	hyp1	News	NaN	-3.2898120880126953
188	189	en	yor	challenge_SSA-MTE	hyp1	News	NaN	-7.565850734710693
189	190	en	yor	challenge_SSA-MTE	hyp1	News	NaN	-4.103852272033691
190	191	en	yor	challenge_SSA-MTE	hyp1	News	NaN	-25.996763229370117
191	192	en	yor	challenge_SSA-MTE	hyp1	News	NaN	-14.726757049560547
192	193	en	yor	challenge_SSA-MTE	hyp1	News	NaN	-3.6274051666259766
193	194	en	yor	challenge_SSA-MTE	hyp1	News	NaN	-2.5877861976623535
194	195	en	yor	challenge_SSA-MTE	hyp1	News	NaN	-0.8924251198768616
195	196	en	yor	challenge_SSA-MTE	hyp1	News	NaN	-0.42365437746047974
196	197	en	yor	challenge_SSA-MTE	hyp1	News	NaN	-1.241437315940857
197	198	en	yor	challenge_SSA-MTE	hyp1	News	NaN	-1.7331866025924683
198	199	en	yor	challenge_SSA-MTE	hyp1	News	NaN	-0.6153826713562012
199	200	en	yor	challenge_SSA-MTE	hyp1	News	NaN	-0.5743446350097656
200	201	en	yor	challenge_SSA-MTE	hyp1	News	NaN	-2.9475371837615967
201	202	en	yor	challenge_SSA-MTE	hyp1	News	NaN	-1.0497374534606934
202	203	en	yor	challenge_SSA-MTE	hyp1	News	NaN	-1.7455536127090454
203	204	en	yor	challenge_SSA-MTE	hyp1	News	NaN	-1.9311350584030151
204	205	en	yor	challenge_SSA-MTE	hyp1	News	NaN	-1.4478759765625
205	206	en	yor	challenge_SSA-MTE	hyp1	News	NaN	-2.387521266937256
206	207	en	yor	challenge_SSA-MTE	hyp1	News	NaN	-3.765079975128174
207	208	en	yor	challenge_SSA-MTE	hyp1	News	NaN	-3.1885924339294434
208	209	en	yor	challenge_SSA-MTE	hyp1	News	NaN	-4.201599597930908
209	210	en	yor	challenge_SSA-MTE	hyp1	News	NaN	-5.248797416687012
210	211	en	yor	challenge_SSA-MTE	hyp1	News	NaN	-1.3316352367401123
211	212	en	yor	challenge_SSA-MTE	hyp1	News	NaN	-1.701779842376709
212	213	en	yor	challenge_SSA-MTE	hyp1	News	NaN	-1.7316310405731201
213	214	en	yor	challenge_SSA-MTE	hyp1	News	NaN	-1.159067153930664
214	215	en	yor	challenge_SSA-MTE	hyp1	News	NaN	-3.893289566040039
215	216	en	yor	challenge_SSA-MTE	hyp1	News	NaN	-3.309230327606201
216	217	en	yor	challenge_SSA-MTE	hyp1	News	NaN	-2.271437644958496
217	218	en	yor	challenge_SSA-MTE	hyp1	News	NaN	-0.8824417591094971
218	219	en	yor	challenge_SSA-MTE	hyp1	News	NaN	-2.3145833015441895
219	220	en	yor	challenge_SSA-MTE	hyp1	News	NaN	-3.7379865646362305
220	221	en	yor	challenge_SSA-MTE	hyp1	News	NaN	-4.9554290771484375
221	222	en	yor	challenge_SSA-MTE	hyp1	News	NaN	-2.1466102600097656
222	223	en	yor	challenge_SSA-MTE	hyp1	News	NaN	-1.9782414436340332
223	224	en	yor	challenge_SSA-MTE	hyp1	News	NaN	-1.9848346710205078
224	225	en	yor	challenge_SSA-MTE	hyp1	News	NaN	-1.492820382118225
225	226	en	yor	challenge_SSA-MTE	hyp1	News	NaN	-2.7799792289733887
226	227	en	yor	challenge_SSA-MTE	hyp1	News	NaN	-5.842684268951416
227	228	en	yor	challenge_SSA-MTE	hyp1	News	NaN	-4.142505645751953
228	229	en	yor	challenge_SSA-MTE	hyp1	News	NaN	-1.563658595085144
229	230	en	yor	challenge_SSA-MTE	hyp1	News	NaN	-1.6985565423965454
230	231	en	yor	challenge_SSA-MTE	hyp1	News	NaN	-2.7086145877838135
231	232	en	yor	challenge_SSA-MTE	hyp1	News	NaN	-3.299346685409546
232	233	en	yor	challenge_SSA-MTE	hyp1	News	NaN	-24.35285186767578
233	234	en	yor	challenge_SSA-MTE	hyp1	News	NaN	-4.053680419921875
234	235	en	yor	challenge_SSA-MTE	hyp1	News	NaN	-3.8143529891967773
235	236	en	yor	challenge_SSA-MTE	hyp1	News	NaN	-3.681408405303955
236	237	en	yor	challenge_SSA-MTE	hyp1	News	NaN	-5.687211990356445
237	238	en	yor	challenge_SSA-MTE	hyp1	News	NaN	-3.5352139472961426
238	239	en	yor	challenge_SSA-MTE	hyp1	News	NaN	-21.37082862854004
239	240	en	yor	challenge_SSA-MTE	hyp1	News	NaN	-5.590887069702148
240	241	en	yor	challenge_SSA-MTE	hyp1	News	NaN	-22.833181381225586
241	242	en	yor	challenge_SSA-MTE	hyp1	News	NaN	-2.556021213531494
242	243	en	yor	challenge_SSA-MTE	hyp1	News	NaN	-1.4049816131591797
243	244	en	yor	challenge_SSA-MTE	hyp1	News	NaN	-1.5169785022735596
244	245	en	yor	challenge_SSA-MTE	hyp1	News	NaN	-28.968994140625
245	246	en	yor	challenge_SSA-MTE	hyp1	News	NaN	-2.5801615715026855
246	247	en	yor	challenge_SSA-MTE	hyp1	News	NaN	-3.2128853797912598
247	248	en	yor	challenge_SSA-MTE	hyp1	News	NaN	-2.817610263824463
248	249	en	yor	challenge_SSA-MTE	hyp1	News	NaN	-1.35679292678833
249	250	en	yor	challenge_SSA-MTE	hyp1	News	NaN	-1.2029874324798584
250	251	en	yor	challenge_SSA-MTE	hyp1	News	NaN	-27.02120018005371
251	252	en	yor	challenge_SSA-MTE	hyp1	News	NaN	-11.936382293701172
252	253	en	yor	challenge_SSA-MTE	hyp1	News	NaN	-5.576375961303711
253	254	en	yor	challenge_SSA-MTE	hyp1	News	NaN	-1.6569104194641113
254	255	en	yor	challenge_SSA-MTE	hyp1	News	NaN	-1.1662405729293823
255	256	en	yor	challenge_SSA-MTE	hyp1	News	NaN	-1.2524574995040894
256	257	en	yor	challenge_SSA-MTE	hyp1	News	NaN	-1.4964275360107422
257	258	en	yor	challenge_SSA-MTE	hyp1	News	NaN	-6.745553493499756
258	259	en	yor	challenge_SSA-MTE	hyp1	News	NaN	-2.0902342796325684
259	260	en	yor	challenge_SSA-MTE	hyp1	News	NaN	-1.2970035076141357
260	261	en	yor	challenge_SSA-MTE	hyp1	News	NaN	-4.4367899894714355
261	262	en	yor	challenge_SSA-MTE	hyp1	News	NaN	-3.5148396492004395
262	263	en	yor	challenge_SSA-MTE	hyp1	News	NaN	-2.0370936393737793
263	264	en	yor	challenge_SSA-MTE	hyp1	News	NaN	-6.213071823120117
264	265	en	yor	challenge_SSA-MTE	hyp1	News	NaN	-1.1429708003997803
265	266	en	yor	challenge_SSA-MTE	hyp1	News	NaN	-3.493536949157715
266	267	en	yor	challenge_SSA-MTE	hyp1	News	NaN	-2.811464786529541
267	268	en	yor	challenge_SSA-MTE	hyp1	News	NaN	-3.0333757400512695
268	269	en	yor	challenge_SSA-MTE	hyp1	News	NaN	-3.9058969020843506
269	270	en	yor	challenge_SSA-MTE	hyp1	News	NaN	-3.6291041374206543
270	271	en	yor	challenge_SSA-MTE	hyp1	News	NaN	-5.035947799682617
271	272	en	yor	challenge_SSA-MTE	hyp1	News	NaN	-4.172921657562256
272	273	en	yor	challenge_SSA-MTE	hyp1	News	NaN	-1.5185316801071167
273	274	en	yor	challenge_SSA-MTE	hyp1	News	NaN	-2.9697999954223633
274	275	en	yor	challenge_SSA-MTE	hyp1	News	NaN	-4.439206600189209
275	276	en	yor	challenge_SSA-MTE	hyp1	News	NaN	-4.5918121337890625
276	277	en	yor	challenge_SSA-MTE	hyp1	News	NaN	-3.675809383392334
277	278	en	yor	challenge_SSA-MTE	hyp1	News	NaN	-1.2998323440551758
278	279	en	yor	challenge_SSA-MTE	hyp1	News	NaN	-7.2838521003723145
279	280	en	yor	challenge_SSA-MTE	hyp1	News	NaN	-4.867218017578125
280	281	en	yor	challenge_SSA-MTE	hyp1	News	NaN	-9.83653450012207
281	282	en	yor	challenge_SSA-MTE	hyp1	News	NaN	-25.158958435058594
282	283	en	yor	challenge_SSA-MTE	hyp1	News	NaN	-8.415824890136719
283	284	en	yor	challenge_SSA-MTE	hyp1	News	NaN	-5.018999099731445
284	285	en	yor	challenge_SSA-MTE	hyp1	News	NaN	-8.444095611572266
285	286	en	yor	challenge_SSA-MTE	hyp1	News	NaN	-4.922117233276367
286	287	en	yor	challenge_SSA-MTE	hyp1	News	NaN	-25.196598052978516
287	288	en	yor	challenge_SSA-MTE	hyp1	News	NaN	-20.70455551147461
288	289	en	yor	challenge_SSA-MTE	hyp1	News	NaN	-6.7433671951293945
289	290	en	yor	challenge_SSA-MTE	hyp1	News	NaN	-3.6744842529296875
290	291	en	yor	challenge_SSA-MTE	hyp1	News	NaN	-0.7951609492301941
291	292	en	yor	challenge_SSA-MTE	hyp1	News	NaN	-1.1881071329116821
292	293	en	yor	challenge_SSA-MTE	hyp1	News	NaN	-0.7183011174201965
293	294	en	yor	challenge_SSA-MTE	hyp1	News	NaN	-0.9909228086471558
294	295	en	yor	challenge_SSA-MTE	hyp1	News	NaN	-0.7316065430641174
295	296	en	yor	challenge_SSA-MTE	hyp1	News	NaN	-1.5399019718170166
296	297	en	yor	challenge_SSA-MTE	hyp1	News	NaN	-0.8538062572479248
297	298	en	yor	challenge_SSA-MTE	hyp1	News	NaN	-5.570197582244873
298	299	en	yor	challenge_SSA-MTE	hyp1	News	NaN	-6.32886266708374
299	300	en	yor	challenge_SSA-MTE	hyp1	News	NaN	-3.5555551052093506
300	301	en	yor	challenge_SSA-MTE	hyp1	News	NaN	-1.9889633655548096
301	302	en	yor	challenge_SSA-MTE	hyp1	News	NaN	-3.128067970275879
302	303	en	yor	challenge_SSA-MTE	hyp1	News	NaN	-2.4500038623809814
303	304	en	yor	challenge_SSA-MTE	hyp1	News	NaN	-4.1611762046813965
304	305	en	yor	challenge_SSA-MTE	hyp1	News	NaN	-4.507197380065918
305	306	en	yor	challenge_SSA-MTE	hyp1	News	NaN	-2.2349629402160645
306	307	en	yor	challenge_SSA-MTE	hyp1	News	NaN	-2.293107032775879
307	308	en	yor	challenge_SSA-MTE	hyp1	News	NaN	-3.221613883972168
308	309	en	yor	challenge_SSA-MTE	hyp1	News	NaN	-3.2135910987854004
309	310	en	yor	challenge_SSA-MTE	hyp1	News	NaN	-5.295022010803223
310	311	en	yor	challenge_SSA-MTE	hyp1	News	NaN	-4.275341033935547
311	312	en	yor	challenge_SSA-MTE	hyp1	News	NaN	-1.674994707107544
312	313	en	yor	challenge_SSA-MTE	hyp1	News	NaN	-2.1212351322174072
313	314	en	yor	challenge_SSA-MTE	hyp1	News	NaN	-3.1734936237335205
314	315	en	yor	challenge_SSA-MTE	hyp1	News	NaN	-1.5114412307739258
315	316	en	yor	challenge_SSA-MTE	hyp1	News	NaN	-6.610644340515137
316	317	en	yor	challenge_SSA-MTE	hyp1	News	NaN	-7.752175331115723
317	318	en	yor	challenge_SSA-MTE	hyp1	News	NaN	-1.9722260236740112
318	319	en	yor	challenge_SSA-MTE	hyp1	News	NaN	-2.6515421867370605
319	320	en	yor	challenge_SSA-MTE	hyp1	News	NaN	-5.690325736999512
320	321	en	yor	challenge_SSA-MTE	hyp1	News	NaN	-8.280315399169922
321	322	en	yor	challenge_SSA-MTE	hyp1	News	NaN	-9.474905014038086
322	323	en	yor	challenge_SSA-MTE	hyp1	News	NaN	-7.016932964324951
323	324	en	yor	challenge_SSA-MTE	hyp1	News	NaN	-8.708709716796875
324	325	en	yor	challenge_SSA-MTE	hyp1	News	NaN	-3.1011128425598145
325	326	en	yor	challenge_SSA-MTE	hyp1	News	NaN	-8.02898120880127
326	327	en	yor	challenge_SSA-MTE	hyp1	News	NaN	-7.874609470367432
327	328	en	yor	challenge_SSA-MTE	hyp1	News	NaN	-13.257795333862305
328	329	en	yor	challenge_SSA-MTE	hyp1	News	NaN	-19.814640045166016
329	330	en	yor	challenge_SSA-MTE	hyp1	News	NaN	-8.367774963378906
330	331	en	yor	challenge_SSA-MTE	hyp1	News	NaN	-16.548664093017578
331	332	en	yor	challenge_SSA-MTE	hyp1	News	NaN	-6.544878005981445
332	333	en	yor	challenge_SSA-MTE	hyp1	News	NaN	-4.296626567840576
333	334	en	yor	challenge_SSA-MTE	hyp1	News	NaN	-5.082091331481934
334	335	en	yor	challenge_SSA-MTE	hyp1	News	NaN	-5.184079170227051
335	336	en	yor	challenge_SSA-MTE	hyp1	News	NaN	-3.3202972412109375
336	337	en	yor	challenge_SSA-MTE	hyp1	News	NaN	-8.768478393554688
337	338	en	yor	challenge_SSA-MTE	hyp1	News	NaN	-1.5069561004638672
338	339	en	yor	challenge_SSA-MTE	hyp1	News	NaN	-0.966444730758667
339	340	en	yor	challenge_SSA-MTE	hyp1	News	NaN	-2.0188422203063965
340	341	en	yor	challenge_SSA-MTE	hyp1	News	NaN	-17.403331756591797
341	342	en	yor	challenge_SSA-MTE	hyp1	News	NaN	-0.9170663952827454
342	343	en	yor	challenge_SSA-MTE	hyp1	News	NaN	-1.9837803840637207
343	344	en	yor	challenge_SSA-MTE	hyp1	News	NaN	-2.360334873199463
344	345	en	yor	challenge_SSA-MTE	hyp1	News	NaN	-1.526855230331421
345	346	en	yor	challenge_SSA-MTE	hyp1	News	NaN	-1.754469633102417
346	347	en	yor	challenge_SSA-MTE	hyp1	News	NaN	-4.507429122924805
347	348	en	yor	challenge_SSA-MTE	hyp1	News	NaN	-2.8788013458251953
348	349	en	yor	challenge_SSA-MTE	hyp1	News	NaN	-2.3287246227264404
349	350	en	yor	challenge_SSA-MTE	hyp1	News	NaN	-1.9880664348602295
350	351	en	yor	challenge_SSA-MTE	hyp1	News	NaN	-6.277182579040527
351	352	en	yor	challenge_SSA-MTE	hyp1	News	NaN	-3.0465264320373535
352	353	en	yor	challenge_SSA-MTE	hyp1	News	NaN	-3.0974106788635254
353	354	en	yor	challenge_SSA-MTE	hyp1	News	NaN	-2.1146702766418457
354	355	en	yor	challenge_SSA-MTE	hyp1	News	NaN	-1.713021993637085
355	356	en	yor	challenge_SSA-MTE	hyp1	News	NaN	-1.8618919849395752
356	357	en	yor	challenge_SSA-MTE	hyp1	News	NaN	-0.7725620269775391
357	358	en	yor	challenge_SSA-MTE	hyp1	News	NaN	-7.485332489013672
358	359	en	yor	challenge_SSA-MTE	hyp1	News	NaN	-3.034756660461426
359	360	en	yor	challenge_SSA-MTE	hyp1	News	NaN	-6.026317119598389
360	361	en	yor	challenge_SSA-MTE	hyp1	News	NaN	-1.8678359985351562
361	362	en	yor	challenge_SSA-MTE	hyp1	News	NaN	-1.4686594009399414
362	363	en	yor	challenge_SSA-MTE	hyp1	News	NaN	-0.9342173337936401
363	364	en	yor	challenge_SSA-MTE	hyp1	News	NaN	-1.35780930519104
364	365	en	yor	challenge_SSA-MTE	hyp1	News	NaN	-4.87740421295166
365	366	en	yor	challenge_SSA-MTE	hyp1	News	NaN	-1.1178176403045654
366	367	en	yor	challenge_SSA-MTE	hyp1	News	NaN	-0.48871493339538574
367	368	en	yor	challenge_SSA-MTE	hyp1	News	NaN	-5.220119953155518
368	369	en	yor	challenge_SSA-MTE	hyp1	News	NaN	-2.6522207260131836
369	370	en	yor	challenge_SSA-MTE	hyp1	News	NaN	-25.08529281616211
370	371	en	yor	challenge_SSA-MTE	hyp1	News	NaN	-7.0535407066345215
371	372	en	yor	challenge_SSA-MTE	hyp1	News	NaN	-3.5438947677612305
372	373	en	yor	challenge_SSA-MTE	hyp1	News	NaN	-2.7501707077026367
373	374	en	yor	challenge_SSA-MTE	hyp1	News	NaN	-1.4037010669708252
374	375	en	yor	challenge_SSA-MTE	hyp1	News	NaN	-3.293654441833496
375	376	en	yor	challenge_SSA-MTE	hyp1	News	NaN	-3.7021994590759277
376	377	en	yor	challenge_SSA-MTE	hyp1	News	NaN	-1.2658698558807373
377	378	en	yor	challenge_SSA-MTE	hyp1	News	NaN	-2.413874387741089
378	379	en	yor	challenge_SSA-MTE	hyp1	News	NaN	-2.5498619079589844
379	380	en	yor	challenge_SSA-MTE	hyp1	News	NaN	-2.134063243865967
380	381	en	yor	challenge_SSA-MTE	hyp1	News	NaN	-8.776782035827637
381	382	en	yor	challenge_SSA-MTE	hyp1	News	NaN	-3.148711681365967
382	383	en	yor	challenge_SSA-MTE	hyp1	News	NaN	-1.550065279006958
383	384	en	yor	challenge_SSA-MTE	hyp1	News	NaN	-4.919416904449463
384	385	en	yor	challenge_SSA-MTE	hyp1	News	NaN	-5.7811174392700195
385	386	en	yor	challenge_SSA-MTE	hyp1	News	NaN	-4.3132643699646
386	387	en	yor	challenge_SSA-MTE	hyp1	News	NaN	-7.380990028381348
387	388	en	yor	challenge_SSA-MTE	hyp1	News	NaN	-6.46999979019165
388	389	en	yor	challenge_SSA-MTE	hyp1	News	NaN	-3.5044331550598145
389	390	en	yor	challenge_SSA-MTE	hyp1	News	NaN	-3.9539175033569336
390	391	en	yor	challenge_SSA-MTE	hyp1	News	NaN	-1.8274691104888916
391	392	en	yor	challenge_SSA-MTE	hyp1	News	NaN	-1.145752191543579
392	393	en	yor	challenge_SSA-MTE	hyp1	News	NaN	-3.0313944816589355
393	394	en	yor	challenge_SSA-MTE	hyp1	News	NaN	-4.006352424621582
394	395	en	yor	challenge_SSA-MTE	hyp1	News	NaN	-1.7334693670272827
395	396	en	yor	challenge_SSA-MTE	hyp1	News	NaN	-1.8736789226531982
396	397	en	yor	challenge_SSA-MTE	hyp1	News	NaN	-2.1967406272888184
397	398	en	yor	challenge_SSA-MTE	hyp1	News	NaN	-4.746522903442383
398	399	en	yor	challenge_SSA-MTE	hyp1	News	NaN	-27.45163917541504
399	400	en	yor	challenge_SSA-MTE	hyp1	News	NaN	-1.2392246723175049
400	401	en	yor	challenge_SSA-MTE	hyp1	News	NaN	-2.77919864654541
401	402	en	yor	challenge_SSA-MTE	hyp1	News	NaN	-2.7846829891204834
402	403	en	yor	challenge_SSA-MTE	hyp1	News	NaN	-4.015107154846191
403	404	en	yor	challenge_SSA-MTE	hyp1	News	NaN	-11.532184600830078
404	405	en	yor	challenge_SSA-MTE	hyp1	News	NaN	-2.2949368953704834
405	406	en	yor	challenge_SSA-MTE	hyp1	News	NaN	-4.561148166656494
406	407	en	yor	challenge_SSA-MTE	hyp1	News	NaN	-4.7157087326049805
407	408	en	yor	challenge_SSA-MTE	hyp1	News	NaN	-1.945511817932129
408	409	en	yor	challenge_SSA-MTE	hyp1	News	NaN	-2.0350286960601807
409	410	en	yor	challenge_SSA-MTE	hyp1	News	NaN	-3.80572509765625
410	411	en	yor	challenge_SSA-MTE	hyp1	News	NaN	-4.21097469329834
411	412	en	yor	challenge_SSA-MTE	hyp1	News	NaN	-3.731424331665039
412	413	en	yor	challenge_SSA-MTE	hyp1	News	NaN	-2.170220375061035
413	414	en	yor	challenge_SSA-MTE	hyp1	News	NaN	-0.25253909826278687
414	415	en	yor	challenge_SSA-MTE	hyp1	News	NaN	-0.3352234363555908
415	416	en	yor	challenge_SSA-MTE	hyp1	News	NaN	-1.6151269674301147
416	417	en	yor	challenge_SSA-MTE	hyp1	News	NaN	-1.5847957134246826
417	418	en	yor	challenge_SSA-MTE	hyp1	News	NaN	-0.5596826076507568
418	419	en	yor	challenge_SSA-MTE	hyp1	News	NaN	-0.21623671054840088
419	420	en	yor	challenge_SSA-MTE	hyp1	News	NaN	-2.611253261566162
420	421	en	yor	challenge_SSA-MTE	hyp1	News	NaN	-0.8633625507354736
421	422	en	yor	challenge_SSA-MTE	hyp1	News	NaN	-5.660841941833496
422	423	en	yor	challenge_SSA-MTE	hyp1	News	NaN	-6.495173454284668
423	424	en	yor	challenge_SSA-MTE	hyp1	News	NaN	-1.1079479455947876
424	425	en	yor	challenge_SSA-MTE	hyp1	News	NaN	-5.720256328582764
425	426	en	yor	challenge_SSA-MTE	hyp1	News	NaN	-3.34425687789917
426	427	en	yor	challenge_SSA-MTE	hyp1	News	NaN	-1.3077360391616821
427	428	en	yor	challenge_SSA-MTE	hyp1	News	NaN	-6.4971699714660645
428	429	en	yor	challenge_SSA-MTE	hyp1	News	NaN	-6.491706848144531
429	430	en	yor	challenge_SSA-MTE	hyp1	News	NaN	-28.446619033813477
430	431	en	yor	challenge_SSA-MTE	hyp1	News	NaN	-5.643077373504639
431	432	en	yor	challenge_SSA-MTE	hyp1	News	NaN	-6.521241664886475
432	433	en	yor	challenge_SSA-MTE	hyp1	News	NaN	-2.831826686859131
433	434	en	yor	challenge_SSA-MTE	hyp1	News	NaN	-3.7962169647216797
434	435	en	yor	challenge_SSA-MTE	hyp1	News	NaN	-1.9236197471618652
435	436	en	yor	challenge_SSA-MTE	hyp1	News	NaN	-3.4604930877685547
436	437	en	yor	challenge_SSA-MTE	hyp1	News	NaN	-5.465461730957031
437	438	en	yor	challenge_SSA-MTE	hyp1	News	NaN	-4.442639350891113
438	439	en	yor	challenge_SSA-MTE	hyp1	News	NaN	-5.30153226852417
439	440	en	yor	challenge_SSA-MTE	hyp1	News	NaN	-1.1271880865097046
440	441	en	yor	challenge_SSA-MTE	hyp1	News	NaN	-1.611557960510254
441	442	en	yor	challenge_SSA-MTE	hyp1	News	NaN	-5.273573875427246
442	443	en	yor	challenge_SSA-MTE	hyp1	News	NaN	-4.257527828216553
443	444	en	yor	challenge_SSA-MTE	hyp1	News	NaN	-2.6418886184692383
444	445	en	yor	challenge_SSA-MTE	hyp1	News	NaN	-1.8122717142105103
445	446	en	yor	challenge_SSA-MTE	hyp1	News	NaN	-1.8162987232208252
446	447	en	yor	challenge_SSA-MTE	hyp1	News	NaN	-2.250684976577759
447	448	en	yor	challenge_SSA-MTE	hyp1	News	NaN	-20.56401252746582
448	449	en	yor	challenge_SSA-MTE	hyp1	News	NaN	-2.645812749862671
449	450	en	yor	challenge_SSA-MTE	hyp1	News	NaN	-4.494411945343018
450	451	en	yor	challenge_SSA-MTE	hyp1	News	NaN	-1.8237621784210205
451	452	en	yor	challenge_SSA-MTE	hyp1	News	NaN	-2.257868766784668
452	453	en	yor	challenge_SSA-MTE	hyp1	News	NaN	-1.3746886253356934
453	454	en	yor	challenge_SSA-MTE	hyp1	News	NaN	-6.079265117645264
454	455	en	yor	challenge_SSA-MTE	hyp1	News	NaN	-8.693107604980469
455	456	en	yor	challenge_SSA-MTE	hyp1	News	NaN	-5.8496623039245605
456	457	en	yor	challenge_SSA-MTE	hyp1	News	NaN	-3.148533344268799
457	458	en	yor	challenge_SSA-MTE	hyp1	News	NaN	-0.8503358960151672
458	459	en	yor	challenge_SSA-MTE	hyp1	News	NaN	-1.1811494827270508
459	460	en	yor	challenge_SSA-MTE	hyp1	News	NaN	-3.643075942993164
460	461	en	yor	challenge_SSA-MTE	hyp1	News	NaN	-5.25892448425293
461	462	en	yor	challenge_SSA-MTE	hyp1	News	NaN	-2.9523229598999023
462	463	en	yor	challenge_SSA-MTE	hyp1	News	NaN	-1.4323971271514893
463	464	en	yor	challenge_SSA-MTE	hyp1	News	NaN	-2.2313406467437744
464	465	en	yor	challenge_SSA-MTE	hyp1	News	NaN	-2.088968515396118
465	466	en	yor	challenge_SSA-MTE	hyp1	News	NaN	-24.48059844970703
466	467	en	yor	challenge_SSA-MTE	hyp1	News	NaN	-4.547209739685059
467	468	en	yor	challenge_SSA-MTE	hyp1	News	NaN	-3.6193532943725586
468	469	en	yor	challenge_SSA-MTE	hyp1	News	NaN	-3.863396406173706
469	470	en	yor	challenge_SSA-MTE	hyp1	News	NaN	-1.4198898077011108
470	471	en	yor	challenge_SSA-MTE	hyp1	News	NaN	-0.724187970161438
471	472	en	yor	challenge_SSA-MTE	hyp1	News	NaN	-2.697237491607666
472	473	en	yor	challenge_SSA-MTE	hyp1	News	NaN	-3.278172254562378
473	474	en	yor	challenge_SSA-MTE	hyp1	News	NaN	-2.0921871662139893
474	475	en	yor	challenge_SSA-MTE	hyp1	News	NaN	-0.6194393634796143
475	476	en	yor	challenge_SSA-MTE	hyp1	News	NaN	-6.74217414855957
476	477	en	yor	challenge_SSA-MTE	hyp1	News	NaN	-2.7222070693969727
477	478	en	yor	challenge_SSA-MTE	hyp1	News	NaN	-3.684480667114258
478	479	en	yor	challenge_SSA-MTE	hyp1	News	NaN	-22.12068748474121
479	480	en	yor	challenge_SSA-MTE	hyp1	News	NaN	-3.9285261631011963
480	481	en	yor	challenge_SSA-MTE	hyp1	News	NaN	-2.2887656688690186
481	482	en	yor	challenge_SSA-MTE	hyp1	News	NaN	-4.973311424255371
482	483	en	yor	challenge_SSA-MTE	hyp1	News	NaN	-4.912482738494873
483	484	en	yor	challenge_SSA-MTE	hyp1	News	NaN	-3.0603466033935547
484	485	en	yor	challenge_SSA-MTE	hyp1	News	NaN	-6.438410758972168
485	486	en	yor	challenge_SSA-MTE	hyp1	News	NaN	-7.65359354019165
486	487	en	yor	challenge_SSA-MTE	hyp1	News	NaN	-2.7163448333740234
487	488	en	yor	challenge_SSA-MTE	hyp1	News	NaN	-3.1600539684295654
488	489	en	yor	challenge_SSA-MTE	hyp1	News	NaN	-2.578028678894043
489	490	en	yor	challenge_SSA-MTE	hyp1	News	NaN	-27.181591033935547
490	491	en	yor	challenge_SSA-MTE	hyp1	News	NaN	-9.848766326904297
491	492	en	yor	challenge_SSA-MTE	hyp1	News	NaN	-5.871730804443359
492	493	en	yor	challenge_SSA-MTE	hyp1	News	NaN	-3.847322940826416
493	494	en	yor	challenge_SSA-MTE	hyp1	News	NaN	-3.21217679977417
494	495	en	yor	challenge_SSA-MTE	hyp1	News	NaN	-4.090011119842529
495	496	en	yor	challenge_SSA-MTE	hyp1	News	NaN	-3.178046703338623
496	497	en	yor	challenge_SSA-MTE	hyp1	News	NaN	-3.6786558628082275
497	498	en	yor	challenge_SSA-MTE	hyp1	News	NaN	-2.841975688934326
498	499	en	yor	challenge_SSA-MTE	hyp1	News	NaN	-2.0113468170166016
499	500	en	yor	challenge_SSA-MTE	hyp1	News	NaN	-3.507880210876465
500	501	en	yor	challenge_SSA-MTE	hyp1	News	NaN	-4.818093299865723
501	502	en	yor	challenge_SSA-MTE	hyp1	News	NaN	-32.16778564453125
502	503	en	yor	challenge_SSA-MTE	hyp1	News	NaN	-9.924592018127441
503	504	en	yor	challenge_SSA-MTE	hyp1	News	NaN	-4.488899230957031
504	505	en	yor	challenge_SSA-MTE	hyp1	News	NaN	-2.021182060241699
505	506	en	yor	challenge_SSA-MTE	hyp1	News	NaN	-2.7546544075012207
506	507	en	yor	challenge_SSA-MTE	hyp1	News	NaN	-4.441558361053467
507	508	en	yor	challenge_SSA-MTE	hyp1	News	NaN	-2.2770280838012695
508	509	en	yor	challenge_SSA-MTE	hyp1	News	NaN	-9.094033241271973
509	510	en	yor	challenge_SSA-MTE	hyp1	News	NaN	-2.4660797119140625
510	511	en	yor	challenge_SSA-MTE	hyp1	News	NaN	-2.4495673179626465
511	512	en	yor	challenge_SSA-MTE	hyp1	News	NaN	-6.783923149108887
512	513	en	yor	challenge_SSA-MTE	hyp1	News	NaN	-5.885188102722168
513	514	en	yor	challenge_SSA-MTE	hyp1	News	NaN	-1.5424519777297974
514	515	en	yor	challenge_SSA-MTE	hyp1	News	NaN	-1.5501508712768555
515	516	en	yor	challenge_SSA-MTE	hyp1	News	NaN	-8.12247085571289
516	517	en	yor	challenge_SSA-MTE	hyp1	News	NaN	-2.74810791015625
517	518	en	yor	challenge_SSA-MTE	hyp1	News	NaN	-5.9663286209106445
518	519	en	yor	challenge_SSA-MTE	hyp1	News	NaN	-28.00458526611328
519	520	en	yor	challenge_SSA-MTE	hyp1	News	NaN	-8.650407791137695
520	521	en	yor	challenge_SSA-MTE	hyp1	News	NaN	-5.780224800109863
521	522	en	yor	challenge_SSA-MTE	hyp1	News	NaN	-2.771176815032959
522	523	en	yor	challenge_SSA-MTE	hyp1	News	NaN	-5.706334590911865
523	524	en	yor	challenge_SSA-MTE	hyp1	News	NaN	-5.515161037445068
524	525	en	yor	challenge_SSA-MTE	hyp1	News	NaN	-26.727855682373047
525	526	en	yor	challenge_SSA-MTE	hyp1	News	NaN	-20.38419532775879
526	527	en	yor	challenge_SSA-MTE	hyp1	News	NaN	-11.804997444152832
527	528	en	yor	challenge_SSA-MTE	hyp1	News	NaN	-4.331934928894043
528	529	en	yor	challenge_SSA-MTE	hyp1	News	NaN	-4.0529985427856445
529	530	en	yor	challenge_SSA-MTE	hyp1	News	NaN	-7.297211647033691
530	531	en	yor	challenge_SSA-MTE	hyp1	News	NaN	-17.16360855102539
531	532	en	yor	challenge_SSA-MTE	hyp1	News	NaN	-4.707470893859863
532	533	en	yor	challenge_SSA-MTE	hyp1	News	NaN	-9.78727912902832
533	534	en	yor	challenge_SSA-MTE	hyp1	News	NaN	-2.6847035884857178
534	535	en	yor	challenge_SSA-MTE	hyp1	News	NaN	-1.8550896644592285
535	536	en	yor	challenge_SSA-MTE	hyp1	News	NaN	-2.560779571533203
536	537	en	yor	challenge_SSA-MTE	hyp1	News	NaN	-7.465456962585449
537	538	en	yor	challenge_SSA-MTE	hyp1	News	NaN	-2.6079976558685303
538	539	en	yor	challenge_SSA-MTE	hyp1	News	NaN	-3.5838775634765625
539	540	en	yor	challenge_SSA-MTE	hyp1	News	NaN	-0.8325340747833252
540	541	en	yor	challenge_SSA-MTE	hyp1	News	NaN	-1.4155070781707764
541	542	en	yor	challenge_SSA-MTE	hyp1	News	NaN	-1.7209304571151733
542	543	en	yor	challenge_SSA-MTE	hyp1	News	NaN	-1.2499032020568848
543	544	en	yor	challenge_SSA-MTE	hyp1	News	NaN	-1.8557212352752686
544	545	en	yor	challenge_SSA-MTE	hyp1	News	NaN	-0.6294059157371521
545	546	en	yor	challenge_SSA-MTE	hyp1	News	NaN	-1.5265440940856934
546	547	en	yor	challenge_SSA-MTE	hyp1	News	NaN	-2.876871109008789
547	548	en	yor	challenge_SSA-MTE	hyp1	News	NaN	-6.880551338195801
548	549	en	yor	challenge_SSA-MTE	hyp1	News	NaN	-3.626070261001587
549	550	en	yor	challenge_SSA-MTE	hyp1	News	NaN	-4.125075340270996
550	551	en	yor	challenge_SSA-MTE	hyp1	News	NaN	-2.6257190704345703
551	552	en	yor	challenge_SSA-MTE	hyp1	News	NaN	-2.908165693283081
552	553	en	yor	challenge_SSA-MTE	hyp1	News	NaN	-1.7457138299942017
553	554	en	yor	challenge_SSA-MTE	hyp1	News	NaN	-5.165321350097656
554	555	en	yor	challenge_SSA-MTE	hyp1	News	NaN	-5.155409812927246
555	556	en	yor	challenge_SSA-MTE	hyp1	News	NaN	-4.833726406097412
556	557	en	yor	challenge_SSA-MTE	hyp1	News	NaN	-1.650132179260254
557	558	en	yor	challenge_SSA-MTE	hyp1	News	NaN	-3.56561017036438
558	559	en	yor	challenge_SSA-MTE	hyp1	News	NaN	-2.877695322036743
559	560	en	yor	challenge_SSA-MTE	hyp1	News	NaN	-8.477983474731445
560	561	en	yor	challenge_SSA-MTE	hyp1	News	NaN	-5.738039016723633
561	562	en	yor	challenge_SSA-MTE	hyp1	News	NaN	-2.1968493461608887
562	563	en	yor	challenge_SSA-MTE	hyp1	News	NaN	-1.7195684909820557
563	564	en	yor	challenge_SSA-MTE	hyp1	News	NaN	-2.039825439453125
564	565	en	yor	challenge_SSA-MTE	hyp1	News	NaN	-3.65902042388916
565	566	en	yor	challenge_SSA-MTE	hyp1	News	NaN	-1.9968674182891846
566	567	en	yor	challenge_SSA-MTE	hyp1	News	NaN	-2.235044002532959
567	568	en	yor	challenge_SSA-MTE	hyp1	News	NaN	-2.596938133239746
568	569	en	yor	challenge_SSA-MTE	hyp1	News	NaN	-3.1524910926818848
569	570	en	yor	challenge_SSA-MTE	hyp1	News	NaN	-3.088125467300415
570	571	en	yor	challenge_SSA-MTE	hyp1	News	NaN	-13.80348014831543
571	572	en	yor	challenge_SSA-MTE	hyp1	News	NaN	-7.9617815017700195
572	573	en	yor	challenge_SSA-MTE	hyp1	News	NaN	-4.040976524353027
573	574	en	yor	challenge_SSA-MTE	hyp1	News	NaN	-5.2301411628723145
574	575	en	yor	challenge_SSA-MTE	hyp1	News	NaN	-3.813711166381836
575	576	en	yor	challenge_SSA-MTE	hyp1	News	NaN	-27.212574005126953
576	577	en	yor	challenge_SSA-MTE	hyp1	News	NaN	-5.300572395324707
577	578	en	yor	challenge_SSA-MTE	hyp1	News	NaN	-2.41400408744812
578	579	en	yor	challenge_SSA-MTE	hyp1	News	NaN	-2.034548759460449
579	580	en	yor	challenge_SSA-MTE	hyp1	News	NaN	-1.7502142190933228
580	581	en	yor	challenge_SSA-MTE	hyp1	News	NaN	-30.22350311279297
581	582	en	yor	challenge_SSA-MTE	hyp1	News	NaN	-2.7131590843200684
582	583	en	yor	challenge_SSA-MTE	hyp1	News	NaN	-3.3673958778381348
583	584	en	yor	challenge_SSA-MTE	hyp1	News	NaN	-1.1180802583694458
584	585	en	yor	challenge_SSA-MTE	hyp1	News	NaN	-1.0967119932174683
585	586	en	yor	challenge_SSA-MTE	hyp1	News	NaN	-1.109925389289856
586	587	en	yor	challenge_SSA-MTE	hyp1	News	NaN	-1.8456661701202393
587	588	en	yor	challenge_SSA-MTE	hyp1	News	NaN	-5.215383529663086
588	589	en	yor	challenge_SSA-MTE	hyp1	News	NaN	-1.8760788440704346
589	590	en	yor	challenge_SSA-MTE	hyp1	News	NaN	-0.8273786306381226
590	591	en	yor	challenge_SSA-MTE	hyp1	News	NaN	-4.881783485412598
591	592	en	yor	challenge_SSA-MTE	hyp1	News	NaN	-5.03446102142334
592	593	en	yor	challenge_SSA-MTE	hyp1	News	NaN	-7.536652088165283
593	594	en	yor	challenge_SSA-MTE	hyp1	News	NaN	-5.666496276855469
594	595	en	yor	challenge_SSA-MTE	hyp1	News	NaN	-9.302042007446289
595	596	en	yor	challenge_SSA-MTE	hyp1	News	NaN	-4.24044132232666
596	597	en	yor	challenge_SSA-MTE	hyp1	News	NaN	-1.0760737657546997
597	598	en	yor	challenge_SSA-MTE	hyp1	News	NaN	-7.488394260406494
598	599	en	yor	challenge_SSA-MTE	hyp1	News	NaN	-2.5955862998962402
599	600	en	yor	challenge_SSA-MTE	hyp1	News	NaN	-10.390914916992188
600	601	en	yor	challenge_SSA-MTE	hyp1	News	NaN	-2.1420044898986816
601	602	en	yor	challenge_SSA-MTE	hyp1	News	NaN	-1.7971802949905396
602	603	en	yor	challenge_SSA-MTE	hyp1	News	NaN	-1.5458630323410034
603	604	en	yor	challenge_SSA-MTE	hyp1	News	NaN	-1.6667680740356445
604	605	en	yor	challenge_SSA-MTE	hyp1	News	NaN	-24.95562744140625
605	606	en	yor	challenge_SSA-MTE	hyp1	News	NaN	-4.014227390289307
606	607	en	yor	challenge_SSA-MTE	hyp1	News	NaN	-8.815967559814453
607	608	en	yor	challenge_SSA-MTE	hyp1	News	NaN	-1.2019275426864624
608	609	en	yor	challenge_SSA-MTE	hyp1	News	NaN	-1.4793243408203125
609	610	en	yor	challenge_SSA-MTE	hyp1	News	NaN	-1.0134518146514893
610	611	en	yor	challenge_SSA-MTE	hyp1	News	NaN	-1.979975938796997
611	612	en	yor	challenge_SSA-MTE	hyp1	News	NaN	-1.1352670192718506
612	613	en	yor	challenge_SSA-MTE	hyp1	News	NaN	-0.919145941734314
613	614	en	yor	challenge_SSA-MTE	hyp1	News	NaN	-3.654287338256836
614	615	en	yor	challenge_SSA-MTE	hyp1	News	NaN	-2.1127471923828125
615	616	en	yor	challenge_SSA-MTE	hyp1	News	NaN	-5.345951080322266
616	617	en	yor	challenge_SSA-MTE	hyp1	News	NaN	-2.2070136070251465
617	618	en	yor	challenge_SSA-MTE	hyp1	News	NaN	-2.365705728530884
618	619	en	yor	challenge_SSA-MTE	hyp1	News	NaN	-2.3035457134246826
619	620	en	yor	challenge_SSA-MTE	hyp1	News	NaN	-1.7068054676055908
620	621	en	yor	challenge_SSA-MTE	hyp1	News	NaN	-4.10960578918457
621	622	en	yor	challenge_SSA-MTE	hyp1	News	NaN	-12.402353286743164
622	623	en	yor	challenge_SSA-MTE	hyp1	News	NaN	-7.571919918060303
623	624	en	yor	challenge_SSA-MTE	hyp1	News	NaN	-5.321556091308594
624	625	en	yor	challenge_SSA-MTE	hyp1	News	NaN	-3.9200804233551025
625	626	en	yor	challenge_SSA-MTE	hyp1	News	NaN	-4.004530906677246
626	627	en	yor	challenge_SSA-MTE	hyp1	News	NaN	-1.7587413787841797
627	628	en	yor	challenge_SSA-MTE	hyp1	News	NaN	-1.649496078491211
628	629	en	yor	challenge_SSA-MTE	hyp1	News	NaN	-1.7665529251098633
629	630	en	yor	challenge_SSA-MTE	hyp1	News	NaN	-6.9565935134887695
630	631	en	yor	challenge_SSA-MTE	hyp1	News	NaN	-2.136964797973633
631	632	en	yor	challenge_SSA-MTE	hyp1	News	NaN	-1.1393556594848633
632	633	en	yor	challenge_SSA-MTE	hyp1	News	NaN	-2.064392566680908
633	634	en	yor	challenge_SSA-MTE	hyp1	News	NaN	-6.241277694702148
634	635	en	yor	challenge_SSA-MTE	hyp1	News	NaN	-15.31783390045166
635	636	en	yor	challenge_SSA-MTE	hyp1	News	NaN	-6.835636138916016
636	637	en	yor	challenge_SSA-MTE	hyp1	News	NaN	-2.8874807357788086
637	638	en	yor	challenge_SSA-MTE	hyp1	News	NaN	-4.875694274902344
638	639	en	yor	challenge_SSA-MTE	hyp1	News	NaN	-2.9334542751312256
639	640	en	yor	challenge_SSA-MTE	hyp1	News	NaN	-22.763484954833984
640	641	en	yor	challenge_SSA-MTE	hyp1	News	NaN	-6.450650215148926
641	642	en	yor	challenge_SSA-MTE	hyp1	News	NaN	-6.491802215576172
642	643	en	yor	challenge_SSA-MTE	hyp1	News	NaN	-5.56868839263916
643	644	en	yor	challenge_SSA-MTE	hyp1	News	NaN	-2.8765382766723633
644	645	en	yor	challenge_SSA-MTE	hyp1	News	NaN	-3.3443679809570312
645	646	en	yor	challenge_SSA-MTE	hyp1	News	NaN	-6.785010814666748
646	647	en	yor	challenge_SSA-MTE	hyp1	News	NaN	-13.311975479125977
647	648	en	yor	challenge_SSA-MTE	hyp1	News	NaN	-6.736791133880615
648	649	en	yor	challenge_SSA-MTE	hyp1	News	NaN	-2.311776638031006
649	650	en	yor	challenge_SSA-MTE	hyp1	News	NaN	-2.309227466583252
650	651	en	yor	challenge_SSA-MTE	hyp1	News	NaN	-2.959463596343994
651	652	en	yor	challenge_SSA-MTE	hyp1	News	NaN	-1.751197099685669
652	653	en	yor	challenge_SSA-MTE	hyp1	News	NaN	-2.5726637840270996
653	654	en	yor	challenge_SSA-MTE	hyp1	News	NaN	-5.6397624015808105
654	655	en	yor	challenge_SSA-MTE	hyp1	News	NaN	-2.445636749267578
655	656	en	yor	challenge_SSA-MTE	hyp1	News	NaN	-1.4081838130950928
656	657	en	yor	challenge_SSA-MTE	hyp1	News	NaN	-24.845226287841797
657	658	en	yor	challenge_SSA-MTE	hyp1	News	NaN	-7.23206901550293
658	659	en	yor	challenge_SSA-MTE	hyp1	News	NaN	-2.171201229095459
659	660	en	yor	challenge_SSA-MTE	hyp1	News	NaN	-6.193560600280762
660	661	en	yor	challenge_SSA-MTE	hyp1	News	NaN	-13.182175636291504
661	662	en	yor	challenge_SSA-MTE	hyp1	News	NaN	-5.966238975524902
662	663	en	yor	challenge_SSA-MTE	hyp1	News	NaN	-31.712921142578125
663	664	en	yor	challenge_SSA-MTE	hyp1	News	NaN	-11.647059440612793
664	665	en	yor	challenge_SSA-MTE	hyp1	News	NaN	-6.162907600402832
665	666	en	yor	challenge_SSA-MTE	hyp1	News	NaN	-7.717165470123291
666	667	en	yor	challenge_SSA-MTE	hyp1	News	NaN	-2.0822834968566895
667	668	en	yor	challenge_SSA-MTE	hyp1	News	NaN	-2.495148181915283
668	669	en	yor	challenge_SSA-MTE	hyp1	News	NaN	-2.9624500274658203
669	670	en	yor	challenge_SSA-MTE	hyp1	News	NaN	-4.139867782592773
670	671	en	yor	challenge_SSA-MTE	hyp1	News	NaN	-5.516936302185059
671	672	en	yor	challenge_SSA-MTE	hyp1	News	NaN	-1.8457916975021362
672	673	en	yor	challenge_SSA-MTE	hyp1	News	NaN	-9.518181800842285
673	674	en	yor	challenge_SSA-MTE	hyp1	News	NaN	-5.710220813751221
674	675	en	yor	challenge_SSA-MTE	hyp1	News	NaN	-13.231976509094238
675	676	en	yor	challenge_SSA-MTE	hyp1	News	NaN	-10.559283256530762
676	677	en	yor	challenge_SSA-MTE	hyp1	News	NaN	-10.92475414276123
677	678	en	yor	challenge_SSA-MTE	hyp1	News	NaN	-9.721696853637695
678	679	en	yor	challenge_SSA-MTE	hyp1	News	NaN	-2.8974978923797607
679	680	en	yor	challenge_SSA-MTE	hyp1	News	NaN	-11.675125122070312
680	681	en	yor	challenge_SSA-MTE	hyp1	News	NaN	-14.484212875366211
681	682	en	yor	challenge_SSA-MTE	hyp1	News	NaN	-7.992088794708252
682	683	en	yor	challenge_SSA-MTE	hyp1	News	NaN	-6.194823265075684
683	684	en	yor	challenge_SSA-MTE	hyp1	News	NaN	-6.000219821929932
684	685	en	yor	challenge_SSA-MTE	hyp1	News	NaN	-5.442781448364258
685	686	en	yor	challenge_SSA-MTE	hyp1	News	NaN	-7.070674896240234
686	687	en	yor	challenge_SSA-MTE	hyp1	News	NaN	-13.196084976196289
687	688	en	yor	challenge_SSA-MTE	hyp1	News	NaN	-5.025496006011963
688	689	en	yor	challenge_SSA-MTE	hyp1	News	NaN	-10.614706993103027
689	690	en	yor	challenge_SSA-MTE	hyp1	News	NaN	-3.42002534866333
690	691	en	yor	challenge_SSA-MTE	hyp1	News	NaN	-1.9191625118255615
691	692	en	yor	challenge_SSA-MTE	hyp1	News	NaN	-1.762070655822754
692	693	en	yor	challenge_SSA-MTE	hyp1	News	NaN	-11.050436019897461
693	694	en	yor	challenge_SSA-MTE	hyp1	News	NaN	-4.536101341247559
694	695	en	yor	challenge_SSA-MTE	hyp1	News	NaN	-4.7446794509887695
695	696	en	yor	challenge_SSA-MTE	hyp1	News	NaN	-4.94022274017334
696	697	en	yor	challenge_SSA-MTE	hyp1	News	NaN	-5.368007659912109
697	698	en	yor	challenge_SSA-MTE	hyp1	News	NaN	-15.067572593688965
698	699	en	yor	challenge_SSA-MTE	hyp1	News	NaN	-12.403951644897461
699	700	en	yor	challenge_SSA-MTE	hyp1	News	NaN	-9.555028915405273
700	701	en	yor	challenge_SSA-MTE	hyp1	News	NaN	-3.588423252105713
701	702	en	yor	challenge_SSA-MTE	hyp1	News	NaN	-1.5685091018676758
702	703	en	yor	challenge_SSA-MTE	hyp1	News	NaN	-3.4275693893432617
703	704	en	yor	challenge_SSA-MTE	hyp1	News	NaN	-2.7499701976776123
704	705	en	yor	challenge_SSA-MTE	hyp1	News	NaN	-4.677398681640625
705	706	en	yor	challenge_SSA-MTE	hyp1	News	NaN	-3.1300010681152344
706	707	en	yor	challenge_SSA-MTE	hyp1	News	NaN	-1.510108232498169
707	708	en	yor	challenge_SSA-MTE	hyp1	News	NaN	-9.638004302978516
708	709	en	yor	challenge_SSA-MTE	hyp1	News	NaN	-7.2663469314575195
709	710	en	yor	challenge_SSA-MTE	hyp1	News	NaN	-3.883728504180908
710	711	en	yor	challenge_SSA-MTE	hyp1	News	NaN	-15.159095764160156
711	712	en	yor	challenge_SSA-MTE	hyp1	News	NaN	-6.573903560638428
712	713	en	yor	challenge_SSA-MTE	hyp1	News	NaN	-4.392683029174805
713	714	en	yor	challenge_SSA-MTE	hyp1	News	NaN	-1.3498010635375977
714	715	en	yor	challenge_SSA-MTE	hyp1	News	NaN	-1.2330772876739502
715	716	en	yor	challenge_SSA-MTE	hyp1	News	NaN	-1.2709615230560303
716	717	en	yor	challenge_SSA-MTE	hyp1	News	NaN	-1.480976939201355
717	718	en	yor	challenge_SSA-MTE	hyp1	News	NaN	-1.6559867858886719
718	719	en	yor	challenge_SSA-MTE	hyp1	News	NaN	-1.752603530883789
719	720	en	yor	challenge_SSA-MTE	hyp1	News	NaN	-14.35894775390625
720	721	en	yor	challenge_SSA-MTE	hyp1	News	NaN	-1.5504406690597534
721	722	en	yor	challenge_SSA-MTE	hyp1	News	NaN	-5.76528263092041
722	723	en	yor	challenge_SSA-MTE	hyp1	News	NaN	-8.73819351196289
723	724	en	yor	challenge_SSA-MTE	hyp1	News	NaN	-2.6824164390563965
724	725	en	yor	challenge_SSA-MTE	hyp1	News	NaN	-3.3415539264678955
725	726	en	yor	challenge_SSA-MTE	hyp1	News	NaN	-2.118104934692383
726	727	en	yor	challenge_SSA-MTE	hyp1	News	NaN	-6.47609281539917
727	728	en	yor	challenge_SSA-MTE	hyp1	News	NaN	-6.964568138122559
728	729	en	yor	challenge_SSA-MTE	hyp1	News	NaN	-6.7727952003479
729	730	en	yor	challenge_SSA-MTE	hyp1	News	NaN	-4.583626747131348
730	731	en	yor	challenge_SSA-MTE	hyp1	News	NaN	-2.0014233589172363
731	732	en	yor	challenge_SSA-MTE	hyp1	News	NaN	-5.040665626525879
732	733	en	yor	challenge_SSA-MTE	hyp1	News	NaN	-10.401346206665039
733	734	en	yor	challenge_SSA-MTE	hyp1	News	NaN	-4.755467891693115
734	735	en	yor	challenge_SSA-MTE	hyp1	News	NaN	-9.159086227416992
735	736	en	yor	challenge_SSA-MTE	hyp1	News	NaN	-9.696696281433105
736	737	en	yor	challenge_SSA-MTE	hyp1	News	NaN	-2.036189317703247
737	738	en	yor	challenge_SSA-MTE	hyp1	News	NaN	-3.272624969482422
738	739	en	yor	challenge_SSA-MTE	hyp1	News	NaN	-1.7790008783340454
739	740	en	yor	challenge_SSA-MTE	hyp1	News	NaN	-3.4566564559936523
740	741	en	yor	challenge_SSA-MTE	hyp1	News	NaN	-3.5603225231170654
741	742	en	yor	challenge_SSA-MTE	hyp1	News	NaN	-1.845649242401123
742	743	en	yor	challenge_SSA-MTE	hyp1	News	NaN	-9.653945922851562
743	744	en	yor	challenge_SSA-MTE	hyp1	News	NaN	-12.05150032043457
744	745	en	yor	challenge_SSA-MTE	hyp1	News	NaN	-22.431238174438477
745	746	en	yor	challenge_SSA-MTE	hyp1	News	NaN	-9.139354705810547
746	747	en	yor	challenge_SSA-MTE	hyp1	News	NaN	-10.816579818725586
747	748	en	yor	challenge_SSA-MTE	hyp1	News	NaN	-5.40602970123291
748	749	en	yor	challenge_SSA-MTE	hyp1	News	NaN	-3.502396583557129
749	750	en	yor	challenge_SSA-MTE	hyp1	News	NaN	-5.747060775756836
750	751	en	yor	challenge_SSA-MTE	hyp1	News	NaN	-26.44931983947754
751	752	en	yor	challenge_SSA-MTE	hyp1	News	NaN	-5.254096031188965
752	753	en	yor	challenge_SSA-MTE	hyp1	News	NaN	-12.545941352844238
753	754	en	yor	challenge_SSA-MTE	hyp1	News	NaN	-5.189879417419434
754	755	en	yor	challenge_SSA-MTE	hyp1	News	NaN	-6.808759689331055
755	756	en	yor	challenge_SSA-MTE	hyp1	News	NaN	-7.410384654998779
756	757	en	yor	challenge_SSA-MTE	hyp1	News	NaN	-8.78096866607666
757	758	en	yor	challenge_SSA-MTE	hyp1	News	NaN	-4.288132667541504
758	759	en	yor	challenge_SSA-MTE	hyp1	News	NaN	-9.298250198364258
759	760	en	yor	challenge_SSA-MTE	hyp1	News	NaN	-5.792450904846191
760	761	en	yor	challenge_SSA-MTE	hyp1	News	NaN	-4.275454521179199
761	762	en	yor	challenge_SSA-MTE	hyp1	News	NaN	-4.316312313079834
762	763	en	yor	challenge_SSA-MTE	hyp1	News	NaN	-5.902356147766113
763	764	en	yor	challenge_SSA-MTE	hyp1	News	NaN	-4.1511969566345215
764	765	en	yor	challenge_SSA-MTE	hyp1	News	NaN	-9.944975852966309
765	766	en	yor	challenge_SSA-MTE	hyp1	News	NaN	-7.911993980407715
766	767	en	yor	challenge_SSA-MTE	hyp1	News	NaN	-12.161996841430664
767	768	en	yor	challenge_SSA-MTE	hyp1	News	NaN	-14.134663581848145
768	769	en	yor	challenge_SSA-MTE	hyp1	News	NaN	-30.327274322509766
769	770	en	yor	challenge_SSA-MTE	hyp1	News	NaN	-12.68799877166748
770	771	en	yor	challenge_SSA-MTE	hyp1	News	NaN	-3.3863108158111572
771	772	en	yor	challenge_SSA-MTE	hyp1	News	NaN	-1.7311632633209229
772	773	en	yor	challenge_SSA-MTE	hyp1	News	NaN	-23.277854919433594
773	774	en	yor	challenge_SSA-MTE	hyp1	News	NaN	-3.7213351726531982
774	775	en	yor	challenge_SSA-MTE	hyp1	News	NaN	-6.355302810668945
775	776	en	yor	challenge_SSA-MTE	hyp1	News	NaN	-5.127021789550781
776	777	en	yor	challenge_SSA-MTE	hyp1	News	NaN	-2.535726547241211
777	778	en	yor	challenge_SSA-MTE	hyp1	News	NaN	-2.4973530769348145
778	779	en	yor	challenge_SSA-MTE	hyp1	News	NaN	-1.6459567546844482
779	780	en	yor	challenge_SSA-MTE	hyp1	News	NaN	-5.655945777893066
780	781	en	yor	challenge_SSA-MTE	hyp1	News	NaN	-2.105851173400879
781	782	en	yor	challenge_SSA-MTE	hyp1	News	NaN	-1.482630729675293
782	783	en	yor	challenge_SSA-MTE	hyp1	News	NaN	-1.8759852647781372
783	784	en	yor	challenge_SSA-MTE	hyp1	News	NaN	-1.1678839921951294
784	785	en	yor	challenge_SSA-MTE	hyp1	News	NaN	-0.4839622974395752
785	786	en	yor	challenge_SSA-MTE	hyp1	News	NaN	-2.35144305229187
786	787	en	yor	challenge_SSA-MTE	hyp1	News	NaN	-0.7288705110549927
787	788	en	yor	challenge_SSA-MTE	hyp1	News	NaN	-1.3815603256225586
788	789	en	yor	challenge_SSA-MTE	hyp1	News	NaN	-5.196869373321533
789	790	en	yor	challenge_SSA-MTE	hyp1	News	NaN	-5.141272068023682
790	791	en	yor	challenge_SSA-MTE	hyp1	News	NaN	-5.63188362121582
791	792	en	yor	challenge_SSA-MTE	hyp1	News	NaN	-4.736028671264648
792	793	en	yor	challenge_SSA-MTE	hyp1	News	NaN	-10.988404273986816
793	794	en	yor	challenge_SSA-MTE	hyp1	News	NaN	-2.981627941131592
794	795	en	yor	challenge_SSA-MTE	hyp1	News	NaN	-1.902918815612793
795	796	en	yor	challenge_SSA-MTE	hyp1	News	NaN	-2.741637945175171
796	797	en	yor	challenge_SSA-MTE	hyp1	News	NaN	-3.385005235671997
797	798	en	yor	challenge_SSA-MTE	hyp1	News	NaN	-3.569805145263672
798	799	en	yor	challenge_SSA-MTE	hyp1	News	NaN	-15.035653114318848
799	800	en	yor	challenge_SSA-MTE	hyp1	News	NaN	-5.817713260650635
800	801	en	yor	challenge_SSA-MTE	hyp1	News	NaN	-3.8750479221343994
801	802	en	yor	challenge_SSA-MTE	hyp1	News	NaN	-4.920370101928711
802	803	en	yor	challenge_SSA-MTE	hyp1	News	NaN	-1.4722042083740234
803	804	en	yor	challenge_SSA-MTE	hyp1	News	NaN	-4.932065010070801
804	805	en	yor	challenge_SSA-MTE	hyp1	News	NaN	-1.506230115890503
805	806	en	yor	challenge_SSA-MTE	hyp1	News	NaN	-2.3482253551483154
806	807	en	yor	challenge_SSA-MTE	hyp1	News	NaN	-2.6572794914245605
807	808	en	yor	challenge_SSA-MTE	hyp1	News	NaN	-6.403481483459473
808	809	en	yor	challenge_SSA-MTE	hyp1	News	NaN	-7.210513591766357
809	810	en	yor	challenge_SSA-MTE	hyp1	News	NaN	-10.24195384979248
810	811	en	yor	challenge_SSA-MTE	hyp1	News	NaN	-4.225770950317383
811	812	en	yor	challenge_SSA-MTE	hyp1	News	NaN	-2.098738670349121
812	813	en	yor	challenge_SSA-MTE	hyp1	News	NaN	-3.4977540969848633
813	814	en	yor	challenge_SSA-MTE	hyp1	News	NaN	-3.352825164794922
814	815	en	yor	challenge_SSA-MTE	hyp1	News	NaN	-3.9087889194488525
815	816	en	yor	challenge_SSA-MTE	hyp1	News	NaN	-6.966106414794922
816	817	en	yor	challenge_SSA-MTE	hyp1	News	NaN	-5.5009446144104
817	818	en	yor	challenge_SSA-MTE	hyp1	News	NaN	-2.429076671600342
818	819	en	yor	challenge_SSA-MTE	hyp1	News	NaN	-2.1135971546173096
819	820	en	yor	challenge_SSA-MTE	hyp1	News	NaN	-2.388540744781494
820	821	en	yor	challenge_SSA-MTE	hyp1	News	NaN	-3.1761980056762695
821	822	en	yor	challenge_SSA-MTE	hyp1	News	NaN	-7.890282154083252
822	823	en	yor	challenge_SSA-MTE	hyp1	News	NaN	-2.269376516342163
823	824	en	yor	challenge_SSA-MTE	hyp1	News	NaN	-2.9318952560424805
824	825	en	yor	challenge_SSA-MTE	hyp1	News	NaN	-3.2296414375305176
825	826	en	yor	challenge_SSA-MTE	hyp1	News	NaN	-5.815609455108643
826	827	en	yor	challenge_SSA-MTE	hyp1	News	NaN	-2.6499643325805664
827	828	en	yor	challenge_SSA-MTE	hyp1	News	NaN	-2.2245054244995117
828	829	en	yor	challenge_SSA-MTE	hyp1	News	NaN	-1.8540141582489014
829	830	en	yor	challenge_SSA-MTE	hyp1	News	NaN	-4.723109245300293
830	831	en	yor	challenge_SSA-MTE	hyp1	News	NaN	-7.852723121643066
831	832	en	yor	challenge_SSA-MTE	hyp1	News	NaN	-8.828038215637207
832	833	en	yor	challenge_SSA-MTE	hyp1	News	NaN	-2.42582106590271
833	834	en	yor	challenge_SSA-MTE	hyp1	News	NaN	-1.924306869506836
834	835	en	yor	challenge_SSA-MTE	hyp1	News	NaN	-1.7090256214141846
835	836	en	yor	challenge_SSA-MTE	hyp1	News	NaN	-2.428158760070801
836	837	en	yor	challenge_SSA-MTE	hyp1	News	NaN	-3.4602060317993164
837	838	en	yor	challenge_SSA-MTE	hyp1	News	NaN	-1.8753832578659058
838	839	en	yor	challenge_SSA-MTE	hyp1	News	NaN	-1.455215573310852
839	840	en	yor	challenge_SSA-MTE	hyp1	News	NaN	-4.082589626312256
840	841	en	yor	challenge_SSA-MTE	hyp1	News	NaN	-9.37099838256836
841	842	en	yor	challenge_SSA-MTE	hyp1	News	NaN	-25.046648025512695
842	843	en	yor	challenge_SSA-MTE	hyp1	News	NaN	-10.176255226135254
843	844	en	yor	challenge_SSA-MTE	hyp1	News	NaN	-7.535149574279785
844	845	en	yor	challenge_SSA-MTE	hyp1	News	NaN	-3.177201747894287
845	846	en	yor	challenge_SSA-MTE	hyp1	News	NaN	-4.762453079223633
846	847	en	yor	challenge_SSA-MTE	hyp1	News	NaN	-8.441365242004395
847	848	en	yor	challenge_SSA-MTE	hyp1	News	NaN	-5.962876319885254
848	849	en	yor	challenge_SSA-MTE	hyp1	News	NaN	-9.305843353271484
849	850	en	yor	challenge_SSA-MTE	hyp1	News	NaN	-8.106644630432129
850	851	en	yor	challenge_SSA-MTE	hyp1	News	NaN	-5.579732894897461
851	852	en	yor	challenge_SSA-MTE	hyp1	News	NaN	-1.6504826545715332
852	853	en	yor	challenge_SSA-MTE	hyp1	News	NaN	-1.0812280178070068
853	854	en	yor	challenge_SSA-MTE	hyp1	News	NaN	-1.9223980903625488
854	855	en	yor	challenge_SSA-MTE	hyp1	News	NaN	-3.317007541656494
855	856	en	yor	challenge_SSA-MTE	hyp1	News	NaN	-1.4394733905792236
856	857	en	yor	challenge_SSA-MTE	hyp1	News	NaN	-0.8719871044158936
857	858	en	yor	challenge_SSA-MTE	hyp1	News	NaN	-4.7295355796813965
858	859	en	yor	challenge_SSA-MTE	hyp1	News	NaN	-6.448246002197266
859	860	en	yor	challenge_SSA-MTE	hyp1	News	NaN	-10.010530471801758
860	861	en	yor	challenge_SSA-MTE	hyp1	News	NaN	-6.275391578674316
861	862	en	yor	challenge_SSA-MTE	hyp1	News	NaN	-8.384393692016602
862	863	en	yor	challenge_SSA-MTE	hyp1	News	NaN	-4.842781066894531
863	864	en	yor	challenge_SSA-MTE	hyp1	News	NaN	-4.087707996368408
864	865	en	yor	challenge_SSA-MTE	hyp1	News	NaN	-3.4028615951538086
865	866	en	yor	challenge_SSA-MTE	hyp1	News	NaN	-2.666229486465454
866	867	en	yor	challenge_SSA-MTE	hyp1	News	NaN	-12.07446002960205
867	868	en	yor	challenge_SSA-MTE	hyp1	News	NaN	-2.9658420085906982
868	869	en	yor	challenge_SSA-MTE	hyp1	News	NaN	-2.8531687259674072
869	870	en	yor	challenge_SSA-MTE	hyp1	News	NaN	-7.258338928222656
870	871	en	yor	challenge_SSA-MTE	hyp1	News	NaN	-4.593325614929199
871	872	en	yor	challenge_SSA-MTE	hyp1	News	NaN	-3.0439207553863525
872	873	en	yor	challenge_SSA-MTE	hyp1	News	NaN	-5.97065544128418
873	874	en	yor	challenge_SSA-MTE	hyp1	News	NaN	-4.707256317138672
874	875	en	yor	challenge_SSA-MTE	hyp1	News	NaN	-3.9647607803344727
875	876	en	yor	challenge_SSA-MTE	hyp1	News	NaN	-2.0327911376953125
876	877	en	yor	challenge_SSA-MTE	hyp1	News	NaN	-3.4390273094177246
877	878	en	yor	challenge_SSA-MTE	hyp1	News	NaN	-4.21878719329834
878	879	en	yor	challenge_SSA-MTE	hyp1	News	NaN	-10.539278984069824
879	880	en	yor	challenge_SSA-MTE	hyp1	News	NaN	-2.7914013862609863
880	881	en	yor	challenge_SSA-MTE	hyp1	News	NaN	-3.400080680847168
881	882	en	yor	challenge_SSA-MTE	hyp1	News	NaN	-4.7962470054626465
882	883	en	yor	challenge_SSA-MTE	hyp1	News	NaN	-6.7211174964904785
883	884	en	yor	challenge_SSA-MTE	hyp1	News	NaN	-14.609746932983398
884	885	en	yor	challenge_SSA-MTE	hyp1	News	NaN	-8.821792602539062
885	886	en	yor	challenge_SSA-MTE	hyp1	News	NaN	-2.9343044757843018
886	887	en	yor	challenge_SSA-MTE	hyp1	News	NaN	-3.030100107192993
887	888	en	yor	challenge_SSA-MTE	hyp1	News	NaN	-4.509410381317139
888	889	en	yor	challenge_SSA-MTE	hyp1	News	NaN	-5.250860691070557
889	890	en	yor	challenge_SSA-MTE	hyp1	News	NaN	-6.101251125335693
890	891	en	yor	challenge_SSA-MTE	hyp1	News	NaN	-2.004697799682617
891	892	en	yor	challenge_SSA-MTE	hyp1	News	NaN	-2.275589942932129
892	893	en	yor	challenge_SSA-MTE	hyp1	News	NaN	-1.1288799047470093
893	894	en	yor	challenge_SSA-MTE	hyp1	News	NaN	-7.086499214172363
894	895	en	yor	challenge_SSA-MTE	hyp1	News	NaN	-2.2029995918273926
895	896	en	yor	challenge_SSA-MTE	hyp1	News	NaN	-1.5093568563461304
896	897	en	yor	challenge_SSA-MTE	hyp1	News	NaN	-1.7011408805847168
897	898	en	yor	challenge_SSA-MTE	hyp1	News	NaN	-3.500608205795288
898	899	en	yor	challenge_SSA-MTE	hyp1	News	NaN	-31.02613067626953
899	900	en	yor	challenge_SSA-MTE	hyp1	News	NaN	-7.330593109130859
900	901	en	yor	challenge_SSA-MTE	hyp1	News	NaN	-4.157841682434082
901	902	en	yor	challenge_SSA-MTE	hyp1	News	NaN	-3.9623537063598633
902	903	en	yor	challenge_SSA-MTE	hyp1	News	NaN	-3.9904582500457764
903	904	en	yor	challenge_SSA-MTE	hyp1	News	NaN	-3.8487493991851807
904	905	en	yor	challenge_SSA-MTE	hyp1	News	NaN	-23.766185760498047
905	906	en	yor	challenge_SSA-MTE	hyp1	News	NaN	-5.935290336608887
906	907	en	yor	challenge_SSA-MTE	hyp1	News	NaN	-11.049020767211914
907	908	en	yor	challenge_SSA-MTE	hyp1	News	NaN	-7.269084930419922
908	909	en	yor	challenge_SSA-MTE	hyp1	News	NaN	-1.4329615831375122
909	910	en	yor	challenge_SSA-MTE	hyp1	News	NaN	-4.515039443969727
910	911	en	yor	challenge_SSA-MTE	hyp1	News	NaN	-1.2688077688217163
911	912	en	yor	challenge_SSA-MTE	hyp1	News	NaN	-2.270491600036621
912	913	en	yor	challenge_SSA-MTE	hyp1	News	NaN	-1.0766478776931763
913	914	en	yor	challenge_SSA-MTE	hyp1	News	NaN	-1.2418380975723267
914	915	en	yor	challenge_SSA-MTE	hyp1	News	NaN	-11.72665786743164
915	916	en	yor	challenge_SSA-MTE	hyp1	News	NaN	-16.137266159057617
916	917	en	yor	challenge_SSA-MTE	hyp1	News	NaN	-19.40438461303711
917	918	en	yor	challenge_SSA-MTE	hyp1	News	NaN	-12.181396484375
918	919	en	yor	challenge_SSA-MTE	hyp1	News	NaN	-13.439665794372559
919	920	en	yor	challenge_SSA-MTE	hyp1	News	NaN	-12.583148956298828
920	921	en	yor	challenge_SSA-MTE	hyp1	News	NaN	-4.314907073974609
921	922	en	yor	challenge_SSA-MTE	hyp1	News	NaN	-6.304600238800049
922	923	en	yor	challenge_SSA-MTE	hyp1	News	NaN	-1.619381308555603
923	924	en	yor	challenge_SSA-MTE	hyp1	News	NaN	-7.692878723144531
924	925	en	yor	challenge_SSA-MTE	hyp1	News	NaN	-1.9297688007354736
925	926	en	yor	challenge_SSA-MTE	hyp1	News	NaN	-4.119452476501465
926	927	en	yor	challenge_SSA-MTE	hyp1	News	NaN	-2.834843158721924
927	928	en	yor	challenge_SSA-MTE	hyp1	News	NaN	-5.6202850341796875
928	929	en	yor	challenge_SSA-MTE	hyp1	News	NaN	-6.622334003448486
929	930	en	yor	challenge_SSA-MTE	hyp1	News	NaN	-4.164146900177002
930	931	en	yor	challenge_SSA-MTE	hyp1	News	NaN	-3.493806838989258
931	932	en	yor	challenge_SSA-MTE	hyp1	News	NaN	-1.2063783407211304
932	933	en	yor	challenge_SSA-MTE	hyp1	News	NaN	-2.46730637550354
933	934	en	yor	challenge_SSA-MTE	hyp1	News	NaN	-2.496248245239258
934	935	en	yor	challenge_SSA-MTE	hyp1	News	NaN	-7.327902793884277
935	936	en	yor	challenge_SSA-MTE	hyp1	News	NaN	-2.2850122451782227
936	937	en	yor	challenge_SSA-MTE	hyp1	News	NaN	-1.2676175832748413
937	938	en	yor	challenge_SSA-MTE	hyp1	News	NaN	-4.589775562286377
938	939	en	yor	challenge_SSA-MTE	hyp1	News	NaN	-4.41685676574707
939	940	en	yor	challenge_SSA-MTE	hyp1	News	NaN	-4.628718376159668
940	941	en	yor	challenge_SSA-MTE	hyp1	News	NaN	-5.469673156738281
941	942	en	yor	challenge_SSA-MTE	hyp1	News	NaN	-4.543196201324463
942	943	en	yor	challenge_SSA-MTE	hyp1	News	NaN	-5.8928937911987305
943	944	en	yor	challenge_SSA-MTE	hyp1	News	NaN	-2.6522088050842285
944	945	en	yor	challenge_SSA-MTE	hyp1	News	NaN	-1.2244012355804443
945	946	en	yor	challenge_SSA-MTE	hyp1	News	NaN	-4.087432861328125
946	947	en	yor	challenge_SSA-MTE	hyp1	News	NaN	-1.7064697742462158
947	948	en	yor	challenge_SSA-MTE	hyp1	News	NaN	-6.5189361572265625
948	949	en	yor	challenge_SSA-MTE	hyp1	News	NaN	-2.6439638137817383
949	950	en	yor	challenge_SSA-MTE	hyp1	News	NaN	-5.466252326965332
950	951	en	yor	challenge_SSA-MTE	hyp1	News	NaN	-1.649812936782837
951	952	en	yor	challenge_SSA-MTE	hyp1	News	NaN	-6.858160495758057
952	953	en	yor	challenge_SSA-MTE	hyp1	News	NaN	-3.83487606048584
953	954	en	yor	challenge_SSA-MTE	hyp1	News	NaN	-4.6594061851501465
954	955	en	yor	challenge_SSA-MTE	hyp1	News	NaN	-2.528569459915161
955	956	en	yor	challenge_SSA-MTE	hyp1	News	NaN	-2.992136001586914
956	957	en	yor	challenge_SSA-MTE	hyp1	News	NaN	-6.010839939117432
957	958	en	yor	challenge_SSA-MTE	hyp1	News	NaN	-9.767194747924805
958	959	en	yor	challenge_SSA-MTE	hyp1	News	NaN	-3.5627360343933105
959	960	en	yor	challenge_SSA-MTE	hyp1	News	NaN	-2.503641128540039
960	961	en	yor	challenge_SSA-MTE	hyp1	News	NaN	-5.095637321472168
961	962	en	yor	challenge_SSA-MTE	hyp1	News	NaN	-10.34605598449707
962	963	en	yor	challenge_SSA-MTE	hyp1	News	NaN	-6.468739986419678
963	964	en	yor	challenge_SSA-MTE	hyp1	News	NaN	-15.030641555786133
964	965	en	yor	challenge_SSA-MTE	hyp1	News	NaN	-10.478191375732422
965	966	en	yor	challenge_SSA-MTE	hyp1	News	NaN	-5.47670841217041
966	967	en	yor	challenge_SSA-MTE	hyp1	News	NaN	-4.09163761138916
967	968	en	yor	challenge_SSA-MTE	hyp1	News	NaN	-3.159024715423584
968	969	en	yor	challenge_SSA-MTE	hyp1	News	NaN	-2.4258551597595215
969	970	en	yor	challenge_SSA-MTE	hyp1	News	NaN	-4.341911315917969
970	971	en	yor	challenge_SSA-MTE	hyp1	News	NaN	-4.540760517120361
971	972	en	yor	challenge_SSA-MTE	hyp1	News	NaN	-6.285141944885254
972	973	en	yor	challenge_SSA-MTE	hyp1	News	NaN	-2.354480266571045
973	974	en	yor	challenge_SSA-MTE	hyp1	News	NaN	-3.414735794067383
974	975	en	yor	challenge_SSA-MTE	hyp1	News	NaN	-2.5049962997436523
975	976	en	yor	challenge_SSA-MTE	hyp1	News	NaN	-1.9990437030792236
976	977	en	yor	challenge_SSA-MTE	hyp1	News	NaN	-3.7540154457092285
977	978	en	yor	challenge_SSA-MTE	hyp1	News	NaN	-4.292326927185059
978	979	en	yor	challenge_SSA-MTE	hyp1	News	NaN	-5.676097393035889
979	980	en	yor	challenge_SSA-MTE	hyp1	News	NaN	-5.518048286437988
980	981	en	yor	challenge_SSA-MTE	hyp1	News	NaN	-15.791858673095703
981	982	en	yor	challenge_SSA-MTE	hyp1	News	NaN	-7.147744178771973
982	983	en	yor	challenge_SSA-MTE	hyp1	News	NaN	-6.628002166748047
983	984	en	yor	challenge_SSA-MTE	hyp1	News	NaN	-6.568126678466797
984	985	en	yor	challenge_SSA-MTE	hyp1	News	NaN	-1.7410805225372314
985	986	en	yor	challenge_SSA-MTE	hyp1	News	NaN	-2.493516683578491
986	987	en	yor	challenge_SSA-MTE	hyp1	News	NaN	-31.560611724853516
987	988	en	yor	challenge_SSA-MTE	hyp1	News	NaN	-10.064531326293945
988	989	en	yor	challenge_SSA-MTE	hyp1	News	NaN	-3.0238373279571533
989	990	en	yor	challenge_SSA-MTE	hyp1	News	NaN	-3.9791183471679688
990	991	en	yor	challenge_SSA-MTE	hyp1	News	NaN	-6.269252777099609
991	992	en	yor	challenge_SSA-MTE	hyp1	News	NaN	-7.917680740356445
992	993	en	yor	challenge_SSA-MTE	hyp1	News	NaN	-18.81131362915039
993	994	en	yor	challenge_SSA-MTE	hyp1	News	NaN	-7.047173500061035
994	995	en	yor	challenge_SSA-MTE	hyp1	News	NaN	-9.091423034667969
995	996	en	yor	challenge_SSA-MTE	hyp1	News	NaN	-4.06016731262207
996	997	en	yor	challenge_SSA-MTE	hyp1	News	NaN	-9.781429290771484
997	998	en	yor	challenge_SSA-MTE	hyp1	News	NaN	-3.062772035598755
998	999	en	yor	challenge_SSA-MTE	hyp1	News	NaN	-8.737791061401367
999	1000	en	yor	challenge_SSA-MTE	hyp1	News	NaN	-3.682816982269287
1000	1001	en	yor	challenge_SSA-MTE	hyp1	News	NaN	-2.7610859870910645
1001	1002	en	yor	challenge_SSA-MTE	hyp1	News	NaN	-1.4487262964248657
1002	1003	en	yor	challenge_SSA-MTE	hyp1	News	NaN	-2.1158533096313477
1003	1004	en	yor	challenge_SSA-MTE	hyp1	News	NaN	-1.32025945186615
1004	1005	en	yor	challenge_SSA-MTE	hyp1	News	NaN	-9.289304733276367
1005	1006	en	yor	challenge_SSA-MTE	hyp1	News	NaN	-8.19096851348877
1006	1007	en	yor	challenge_SSA-MTE	hyp1	News	NaN	-6.265848159790039
1007	1008	en	yor	challenge_SSA-MTE	hyp1	News	NaN	-2.104766845703125
1008	1009	en	yor	challenge_SSA-MTE	hyp1	News	NaN	-2.374976634979248
1009	1010	en	yor	challenge_SSA-MTE	hyp1	News	NaN	-1.2506674528121948
1010	1011	en	yor	challenge_SSA-MTE	hyp1	News	NaN	-3.7472593784332275
1011	1012	en	yor	challenge_SSA-MTE	hyp1	News	NaN	-4.36022424697876
1012	1013	en	yor	challenge_SSA-MTE	hyp1	News	NaN	-5.445162773132324
1013	1014	en	yor	challenge_SSA-MTE	hyp1	News	NaN	-5.376544952392578
1014	1015	en	yor	challenge_SSA-MTE	hyp1	News	NaN	-2.45729923248291
1015	1016	en	yor	challenge_SSA-MTE	hyp1	News	NaN	-4.889638900756836
1016	1017	en	yor	challenge_SSA-MTE	hyp1	News	NaN	-4.460361003875732
1017	1018	en	yor	challenge_SSA-MTE	hyp1	News	NaN	-7.408291339874268
1018	1019	en	yor	challenge_SSA-MTE	hyp1	News	NaN	-5.102040767669678
1019	1020	en	yor	challenge_SSA-MTE	hyp1	News	NaN	-2.5381553173065186
1020	1021	en	yor	challenge_SSA-MTE	hyp1	News	NaN	-1.5756555795669556
1021	1022	en	yor	challenge_SSA-MTE	hyp1	News	NaN	-2.9859297275543213
1022	1023	en	yor	challenge_SSA-MTE	hyp1	News	NaN	-6.203194618225098
1023	1024	en	yor	challenge_SSA-MTE	hyp1	News	NaN	-4.691433429718018
1024	1025	en	yor	challenge_SSA-MTE	hyp1	News	NaN	-8.660404205322266
1025	1026	en	yor	challenge_SSA-MTE	hyp1	News	NaN	-2.453127861022949
1026	1027	en	yor	challenge_SSA-MTE	hyp1	News	NaN	-3.9396615028381348
1027	1028	en	yor	challenge_SSA-MTE	hyp1	News	NaN	-4.115772247314453
1028	1029	en	yor	challenge_SSA-MTE	hyp1	News	NaN	-3.9204001426696777
1029	1030	en	yor	challenge_SSA-MTE	hyp1	News	NaN	-12.726568222045898
1030	1031	en	yor	challenge_SSA-MTE	hyp1	News	NaN	-3.9205780029296875
1031	1032	en	yor	challenge_SSA-MTE	hyp1	News	NaN	-4.803529739379883
1032	1033	en	yor	challenge_SSA-MTE	hyp1	News	NaN	-4.9376020431518555
1033	1034	en	yor	challenge_SSA-MTE	hyp1	News	NaN	-3.4211883544921875
1034	1035	en	yor	challenge_SSA-MTE	hyp1	News	NaN	-3.9694771766662598
1035	1036	en	yor	challenge_SSA-MTE	hyp1	News	NaN	-4.952113628387451
1036	1037	en	yor	challenge_SSA-MTE	hyp1	News	NaN	-4.242158889770508
1037	1038	en	yor	challenge_SSA-MTE	hyp1	News	NaN	-1.8985912799835205
1038	1039	en	yor	challenge_SSA-MTE	hyp1	News	NaN	-3.8958144187927246
1039	1040	en	yor	challenge_SSA-MTE	hyp1	News	NaN	-2.7299842834472656
1040	1041	en	yor	challenge_SSA-MTE	hyp1	News	NaN	-3.830611228942871
1041	1042	en	yor	challenge_SSA-MTE	hyp1	News	NaN	-3.861804485321045
1042	1043	en	yor	challenge_SSA-MTE	hyp1	News	NaN	-2.958831310272217
1043	1044	en	yor	challenge_SSA-MTE	hyp1	News	NaN	-6.285952568054199
1044	1045	en	yor	challenge_SSA-MTE	hyp1	News	NaN	-2.957876205444336
1045	1046	en	yor	challenge_SSA-MTE	hyp1	News	NaN	-8.451290130615234
1046	1047	en	yor	challenge_SSA-MTE	hyp1	News	NaN	-8.23782730102539
1047	1048	en	yor	challenge_SSA-MTE	hyp1	News	NaN	-7.362112522125244
1048	1049	en	yor	challenge_SSA-MTE	hyp1	News	NaN	-5.944116592407227
1049	1050	en	yor	challenge_SSA-MTE	hyp1	News	NaN	-2.2538137435913086
1050	1051	en	yor	challenge_SSA-MTE	hyp1	News	NaN	-7.157476425170898
1051	1052	en	yor	challenge_SSA-MTE	hyp1	News	NaN	-13.604352951049805
1052	1053	en	yor	challenge_SSA-MTE	hyp1	News	NaN	-22.182636260986328
1053	1054	en	yor	challenge_SSA-MTE	hyp1	News	NaN	-11.177705764770508
1054	1055	en	yor	challenge_SSA-MTE	hyp1	News	NaN	-6.939271450042725
1055	1056	en	yor	challenge_SSA-MTE	hyp1	News	NaN	-4.709754943847656
1056	1057	en	yor	challenge_SSA-MTE	hyp1	News	NaN	-3.4308199882507324
1057	1058	en	yor	challenge_SSA-MTE	hyp1	News	NaN	-8.412559509277344
1058	1059	en	yor	challenge_SSA-MTE	hyp1	News	NaN	-5.6954874992370605
1059	1060	en	yor	challenge_SSA-MTE	hyp1	News	NaN	-8.587121963500977
1060	1061	en	yor	challenge_SSA-MTE	hyp1	News	NaN	-3.2003211975097656
1061	1062	en	yor	challenge_SSA-MTE	hyp1	News	NaN	-5.372687339782715
1062	1063	en	yor	challenge_SSA-MTE	hyp1	News	NaN	-2.6712629795074463
1063	1064	en	yor	challenge_SSA-MTE	hyp1	News	NaN	-3.8121914863586426
1064	1065	en	yor	challenge_SSA-MTE	hyp1	News	NaN	-4.444421768188477
1065	1066	en	yor	challenge_SSA-MTE	hyp1	News	NaN	-7.637166976928711
1066	1067	en	yor	challenge_SSA-MTE	hyp1	News	NaN	-3.9280827045440674
1067	1068	en	yor	challenge_SSA-MTE	hyp1	News	NaN	-4.885372161865234
1068	1069	en	yor	challenge_SSA-MTE	hyp1	News	NaN	-4.865494728088379
1069	1070	en	yor	challenge_SSA-MTE	hyp1	News	NaN	-4.164209842681885
1070	1071	en	yor	challenge_SSA-MTE	hyp1	News	NaN	-4.609842777252197
1071	1072	en	yor	challenge_SSA-MTE	hyp1	News	NaN	-8.205162048339844
1072	1073	en	yor	challenge_SSA-MTE	hyp1	News	NaN	-3.0982184410095215
1073	1074	en	yor	challenge_SSA-MTE	hyp1	News	NaN	-9.409029006958008
1074	1075	en	yor	challenge_SSA-MTE	hyp1	News	NaN	-8.647669792175293
1075	1076	en	yor	challenge_SSA-MTE	hyp1	News	NaN	-10.727913856506348
1076	1077	en	yor	challenge_SSA-MTE	hyp1	News	NaN	-9.918431282043457
1077	1078	en	yor	challenge_SSA-MTE	hyp1	News	NaN	-7.624745845794678
1078	1079	en	yor	challenge_SSA-MTE	hyp1	News	NaN	-10.45919418334961
1079	1080	en	yor	challenge_SSA-MTE	hyp1	News	NaN	-7.567617416381836
1080	1081	en	yor	challenge_SSA-MTE	hyp1	News	NaN	-2.5839500427246094
1081	1082	en	yor	challenge_SSA-MTE	hyp1	News	NaN	-3.533146381378174
1082	1083	en	yor	challenge_SSA-MTE	hyp1	News	NaN	-14.962403297424316
1083	1084	en	yor	challenge_SSA-MTE	hyp1	News	NaN	-8.720086097717285
1084	1085	en	yor	challenge_SSA-MTE	hyp1	News	NaN	-2.9819674491882324
1085	1086	en	yor	challenge_SSA-MTE	hyp1	News	NaN	-10.145452499389648
1086	1087	en	yor	challenge_SSA-MTE	hyp1	News	NaN	-5.218873023986816
1087	1088	en	yor	challenge_SSA-MTE	hyp1	News	NaN	-7.3742876052856445
1088	1089	en	yor	challenge_SSA-MTE	hyp1	News	NaN	-10.576297760009766
1089	1090	en	yor	challenge_SSA-MTE	hyp1	News	NaN	-13.108909606933594
1090	1091	en	yor	challenge_SSA-MTE	hyp1	News	NaN	-8.282431602478027
1091	1092	en	yor	challenge_SSA-MTE	hyp1	News	NaN	-7.807008743286133
1092	1093	en	yor	challenge_SSA-MTE	hyp1	News	NaN	-4.601410388946533
1093	1094	en	yor	challenge_SSA-MTE	hyp1	News	NaN	-4.454678535461426
1094	1095	en	yor	challenge_SSA-MTE	hyp1	News	NaN	-6.746794700622559
1095	1096	en	yor	challenge_SSA-MTE	hyp1	News	NaN	-4.63619327545166
1096	1097	en	yor	challenge_SSA-MTE	hyp1	News	NaN	-4.375337600708008
1097	1098	en	yor	challenge_SSA-MTE	hyp1	News	NaN	-6.6323466300964355
1098	1099	en	yor	challenge_SSA-MTE	hyp1	News	NaN	-2.7765607833862305
1099	1100	en	yor	challenge_SSA-MTE	hyp1	News	NaN	-3.3971738815307617
1100	1101	en	yor	challenge_SSA-MTE	hyp1	News	NaN	-14.63719367980957
1101	1102	en	yor	challenge_SSA-MTE	hyp1	News	NaN	-2.766584634780884
1102	1103	en	yor	challenge_SSA-MTE	hyp1	News	NaN	-2.5177860260009766
1103	1104	en	yor	challenge_SSA-MTE	hyp1	News	NaN	-8.652335166931152
1104	1105	en	yor	challenge_SSA-MTE	hyp1	News	NaN	-1.4966766834259033
1105	1106	en	yor	challenge_SSA-MTE	hyp1	News	NaN	-10.544465065002441
1106	1107	en	yor	challenge_SSA-MTE	hyp1	News	NaN	-6.5347466468811035
1107	1108	en	yor	challenge_SSA-MTE	hyp1	News	NaN	-3.072298765182495
1108	1109	en	yor	challenge_SSA-MTE	hyp1	News	NaN	-1.5073232650756836
1109	1110	en	yor	challenge_SSA-MTE	hyp1	News	NaN	-6.3879923820495605
1110	1111	en	yor	challenge_SSA-MTE	hyp1	News	NaN	-6.806886196136475
1111	1112	en	yor	challenge_SSA-MTE	hyp1	News	NaN	-8.465435028076172
1112	1113	en	yor	challenge_SSA-MTE	hyp1	News	NaN	-6.413512229919434
1113	1114	en	yor	challenge_SSA-MTE	hyp1	News	NaN	-3.2332077026367188
1114	1115	en	yor	challenge_SSA-MTE	hyp1	News	NaN	-2.318814277648926
1115	1116	en	yor	challenge_SSA-MTE	hyp1	News	NaN	-2.2219457626342773
1116	1117	en	yor	challenge_SSA-MTE	hyp1	News	NaN	-3.4083828926086426
1117	1118	en	yor	challenge_SSA-MTE	hyp1	News	NaN	-4.491194248199463
1118	1119	en	yor	challenge_SSA-MTE	hyp1	News	NaN	-3.143622875213623
1119	1120	en	yor	challenge_SSA-MTE	hyp1	News	NaN	-3.166593551635742
1120	1121	en	yor	challenge_SSA-MTE	hyp1	News	NaN	-1.6999874114990234
1121	1122	en	yor	challenge_SSA-MTE	hyp1	News	NaN	-3.1485531330108643
1122	1123	en	yor	challenge_SSA-MTE	hyp1	News	NaN	-2.2893004417419434
1123	1124	en	yor	challenge_SSA-MTE	hyp1	News	NaN	-2.3843111991882324
1124	1125	en	yor	challenge_SSA-MTE	hyp1	News	NaN	-2.9763166904449463
1125	1126	en	yor	challenge_SSA-MTE	hyp1	News	NaN	-6.307051658630371
1126	1127	en	yor	challenge_SSA-MTE	hyp1	News	NaN	-2.4086525440216064
1127	1128	en	yor	challenge_SSA-MTE	hyp1	News	NaN	-1.8987573385238647
1128	1129	en	yor	challenge_SSA-MTE	hyp1	News	NaN	-13.796331405639648
1129	1130	en	yor	challenge_SSA-MTE	hyp1	News	NaN	-4.595375061035156
1130	1131	en	yor	challenge_SSA-MTE	hyp1	News	NaN	-7.097720146179199
1131	1132	en	yor	challenge_SSA-MTE	hyp1	News	NaN	-2.6814069747924805
1132	1133	en	yor	challenge_SSA-MTE	hyp1	News	NaN	-3.367131233215332
1133	1134	en	yor	challenge_SSA-MTE	hyp1	News	NaN	-4.992684364318848
1134	1135	en	yor	challenge_SSA-MTE	hyp1	News	NaN	-18.85518455505371
1135	1136	en	yor	challenge_SSA-MTE	hyp1	News	NaN	-25.945655822753906
1136	1137	en	yor	challenge_SSA-MTE	hyp1	News	NaN	-3.051811695098877
1137	1138	en	yor	challenge_SSA-MTE	hyp1	News	NaN	-2.6178531646728516
1138	1139	en	yor	challenge_SSA-MTE	hyp1	News	NaN	-3.770467519760132
1139	1140	en	yor	challenge_SSA-MTE	hyp1	News	NaN	-9.334623336791992
1140	1141	en	yor	challenge_SSA-MTE	hyp1	News	NaN	-4.053630352020264
1141	1142	en	yor	challenge_SSA-MTE	hyp1	News	NaN	-3.5999069213867188
1142	1143	en	yor	challenge_SSA-MTE	hyp1	News	NaN	-5.24473762512207
1143	1144	en	yor	challenge_SSA-MTE	hyp1	News	NaN	-3.9495582580566406
1144	1145	en	yor	challenge_SSA-MTE	hyp1	News	NaN	-3.9672908782958984
1145	1146	en	yor	challenge_SSA-MTE	hyp1	News	NaN	-6.072410583496094
1146	1147	en	yor	challenge_SSA-MTE	hyp1	News	NaN	-3.162000894546509
1147	1148	en	yor	challenge_SSA-MTE	hyp1	News	NaN	-5.000234603881836
1148	1149	en	yor	challenge_SSA-MTE	hyp1	News	NaN	-4.365406036376953
1149	1150	en	yor	challenge_SSA-MTE	hyp1	News	NaN	-2.6488237380981445
1150	1151	en	yor	challenge_SSA-MTE	hyp1	News	NaN	-2.3063578605651855
1151	1152	en	yor	challenge_SSA-MTE	hyp1	News	NaN	-3.5361328125
1152	1153	en	yor	challenge_SSA-MTE	hyp1	News	NaN	-4.921863555908203
1153	1154	en	yor	challenge_SSA-MTE	hyp1	News	NaN	-2.076226234436035
1154	1155	en	yor	challenge_SSA-MTE	hyp1	News	NaN	-5.9609293937683105
1155	1156	en	yor	challenge_SSA-MTE	hyp1	News	NaN	-5.653782844543457
1156	1157	en	yor	challenge_SSA-MTE	hyp1	News	NaN	-4.254908084869385
1157	1158	en	yor	challenge_SSA-MTE	hyp1	News	NaN	-5.275053977966309
1158	1159	en	yor	challenge_SSA-MTE	hyp1	News	NaN	-5.869980812072754
1159	1160	en	yor	challenge_SSA-MTE	hyp1	News	NaN	-4.357038974761963
1160	1161	en	yor	challenge_SSA-MTE	hyp1	News	NaN	-6.45387077331543
1161	1162	en	yor	challenge_SSA-MTE	hyp1	News	NaN	-5.427838325500488
1162	1163	en	yor	challenge_SSA-MTE	hyp1	News	NaN	-8.594510078430176
1163	1164	en	yor	challenge_SSA-MTE	hyp1	News	NaN	-6.303816795349121
1164	1165	en	yor	challenge_SSA-MTE	hyp1	News	NaN	-6.943833351135254
1165	1166	en	yor	challenge_SSA-MTE	hyp1	News	NaN	-2.7998158931732178
1166	1167	en	yor	challenge_SSA-MTE	hyp1	News	NaN	-10.15456485748291
1167	1168	en	yor	challenge_SSA-MTE	hyp1	News	NaN	-1.690972089767456
1168	1169	en	yor	challenge_SSA-MTE	hyp1	News	NaN	-4.126140594482422
1169	1170	en	yor	challenge_SSA-MTE	hyp1	News	NaN	-6.985374450683594
1170	1171	en	yor	challenge_SSA-MTE	hyp1	News	NaN	-3.01043701171875
1171	1172	en	yor	challenge_SSA-MTE	hyp1	News	NaN	-2.597140312194824
1172	1173	en	yor	challenge_SSA-MTE	hyp1	News	NaN	-3.678837299346924
1173	1174	en	yor	challenge_SSA-MTE	hyp1	News	NaN	-4.382615089416504
1174	1175	en	yor	challenge_SSA-MTE	hyp1	News	NaN	-8.140974044799805
1175	1176	en	yor	challenge_SSA-MTE	hyp1	News	NaN	-5.039681434631348
1176	1177	en	yor	challenge_SSA-MTE	hyp1	News	NaN	-3.146883010864258
1177	1178	en	yor	challenge_SSA-MTE	hyp1	News	NaN	-3.9680588245391846
1178	1179	en	yor	challenge_SSA-MTE	hyp1	News	NaN	-2.2322378158569336
1179	1180	en	yor	challenge_SSA-MTE	hyp1	News	NaN	-4.46480655670166
1180	1181	en	yor	challenge_SSA-MTE	hyp1	News	NaN	-8.378763198852539
1181	1182	en	yor	challenge_SSA-MTE	hyp1	News	NaN	-2.81768798828125
1182	1183	en	yor	challenge_SSA-MTE	hyp1	News	NaN	-2.6385445594787598
1183	1184	en	yor	challenge_SSA-MTE	hyp1	News	NaN	-2.975013256072998
1184	1185	en	yor	challenge_SSA-MTE	hyp1	News	NaN	-3.3949532508850098
1185	1186	en	yor	challenge_SSA-MTE	hyp1	News	NaN	-3.5571064949035645
1186	1187	en	yor	challenge_SSA-MTE	hyp1	News	NaN	-14.088094711303711
1187	1188	en	yor	challenge_SSA-MTE	hyp1	News	NaN	-2.1435179710388184
1188	1189	en	yor	challenge_SSA-MTE	hyp1	News	NaN	-4.241979598999023
1189	1190	en	yor	challenge_SSA-MTE	hyp1	News	NaN	-2.224630355834961
1190	1191	en	yor	challenge_SSA-MTE	hyp1	News	NaN	-3.270209789276123
1191	1192	en	yor	challenge_SSA-MTE	hyp1	News	NaN	-1.8337515592575073
1192	1193	en	yor	challenge_SSA-MTE	hyp1	News	NaN	-3.0243706703186035
1193	1194	en	yor	challenge_SSA-MTE	hyp1	News	NaN	-2.2925353050231934
1194	1195	en	yor	challenge_SSA-MTE	hyp1	News	NaN	-2.164127826690674
1195	1196	en	yor	challenge_SSA-MTE	hyp1	News	NaN	-3.581894874572754
1196	1197	en	yor	challenge_SSA-MTE	hyp1	News	NaN	-3.871310234069824
1197	1198	en	yor	challenge_SSA-MTE	hyp1	News	NaN	-7.249617576599121
1198	1199	en	yor	challenge_SSA-MTE	hyp1	News	NaN	-8.412385940551758
1199	1200	en	yor	challenge_SSA-MTE	hyp1	News	NaN	-5.2767744064331055
1200	1201	en	yor	challenge_SSA-MTE	hyp1	News	NaN	-2.838521957397461
1201	1202	en	yor	challenge_SSA-MTE	hyp1	News	NaN	-3.2929587364196777
1202	1203	en	yor	challenge_SSA-MTE	hyp1	News	NaN	-3.4475388526916504
1203	1204	en	yor	challenge_SSA-MTE	hyp1	News	NaN	-2.256484031677246
1204	1205	en	yor	challenge_SSA-MTE	hyp1	News	NaN	-3.5159912109375
1205	1206	en	yor	challenge_SSA-MTE	hyp1	News	NaN	-3.6724021434783936
0	1	fr	ewe	challenge_SSA-MTE	hyp1	News	NaN	-5.160638809204102
1	2	fr	ewe	challenge_SSA-MTE	hyp1	News	NaN	-19.98410415649414
2	3	fr	ewe	challenge_SSA-MTE	hyp1	News	NaN	-5.913735389709473
3	4	fr	ewe	challenge_SSA-MTE	hyp1	News	NaN	-5.5837602615356445
4	5	fr	ewe	challenge_SSA-MTE	hyp1	News	NaN	-6.102890968322754
5	6	fr	ewe	challenge_SSA-MTE	hyp1	News	NaN	-7.4535980224609375
6	7	fr	ewe	challenge_SSA-MTE	hyp1	News	NaN	-12.411459922790527
7	8	fr	ewe	challenge_SSA-MTE	hyp1	News	NaN	-16.1512508392334
8	9	fr	ewe	challenge_SSA-MTE	hyp1	News	NaN	-11.914950370788574
9	10	fr	ewe	challenge_SSA-MTE	hyp1	News	NaN	-6.067183017730713
10	11	fr	ewe	challenge_SSA-MTE	hyp1	News	NaN	-5.476297855377197
11	12	fr	ewe	challenge_SSA-MTE	hyp1	News	NaN	-23.085494995117188
12	13	fr	ewe	challenge_SSA-MTE	hyp1	News	NaN	-8.35234546661377
13	14	fr	ewe	challenge_SSA-MTE	hyp1	News	NaN	-10.948505401611328
14	15	fr	ewe	challenge_SSA-MTE	hyp1	News	NaN	-9.441107749938965
15	16	fr	ewe	challenge_SSA-MTE	hyp1	News	NaN	-27.79155158996582
16	17	fr	ewe	challenge_SSA-MTE	hyp1	News	NaN	-6.77148962020874
17	18	fr	ewe	challenge_SSA-MTE	hyp1	News	NaN	-5.747228145599365
18	19	fr	ewe	challenge_SSA-MTE	hyp1	News	NaN	-9.759751319885254
19	20	fr	ewe	challenge_SSA-MTE	hyp1	News	NaN	-8.325284957885742
20	21	fr	ewe	challenge_SSA-MTE	hyp1	News	NaN	-29.308767318725586
21	22	fr	ewe	challenge_SSA-MTE	hyp1	News	NaN	-16.293745040893555
22	23	fr	ewe	challenge_SSA-MTE	hyp1	News	NaN	-12.878207206726074
23	24	fr	ewe	challenge_SSA-MTE	hyp1	News	NaN	-7.702327728271484
24	25	fr	ewe	challenge_SSA-MTE	hyp1	News	NaN	-26.72140884399414
25	26	fr	ewe	challenge_SSA-MTE	hyp1	News	NaN	-6.198843002319336
26	27	fr	ewe	challenge_SSA-MTE	hyp1	News	NaN	-8.291184425354004
27	28	fr	ewe	challenge_SSA-MTE	hyp1	News	NaN	-9.595117568969727
28	29	fr	ewe	challenge_SSA-MTE	hyp1	News	NaN	-6.7879533767700195
29	30	fr	ewe	challenge_SSA-MTE	hyp1	News	NaN	-25.824565887451172
30	31	fr	ewe	challenge_SSA-MTE	hyp1	News	NaN	-6.35317850112915
31	32	fr	ewe	challenge_SSA-MTE	hyp1	News	NaN	-7.994211196899414
32	33	fr	ewe	challenge_SSA-MTE	hyp1	News	NaN	-13.720481872558594
33	34	fr	ewe	challenge_SSA-MTE	hyp1	News	NaN	-12.041059494018555
34	35	fr	ewe	challenge_SSA-MTE	hyp1	News	NaN	-16.916048049926758
35	36	fr	ewe	challenge_SSA-MTE	hyp1	News	NaN	-10.830028533935547
36	37	fr	ewe	challenge_SSA-MTE	hyp1	News	NaN	-12.507265090942383
37	38	fr	ewe	challenge_SSA-MTE	hyp1	News	NaN	-12.945585250854492
38	39	fr	ewe	challenge_SSA-MTE	hyp1	News	NaN	-25.462852478027344
39	40	fr	ewe	challenge_SSA-MTE	hyp1	News	NaN	-13.220714569091797
40	41	fr	ewe	challenge_SSA-MTE	hyp1	News	NaN	-13.5357666015625
41	42	fr	ewe	challenge_SSA-MTE	hyp1	News	NaN	-13.815652847290039
42	43	fr	ewe	challenge_SSA-MTE	hyp1	News	NaN	-13.882856369018555
43	44	fr	ewe	challenge_SSA-MTE	hyp1	News	NaN	-26.369874954223633
44	45	fr	ewe	challenge_SSA-MTE	hyp1	News	NaN	-5.989024639129639
45	46	fr	ewe	challenge_SSA-MTE	hyp1	News	NaN	-11.457218170166016
46	47	fr	ewe	challenge_SSA-MTE	hyp1	News	NaN	-11.437406539916992
47	48	fr	ewe	challenge_SSA-MTE	hyp1	News	NaN	-9.188631057739258
48	49	fr	ewe	challenge_SSA-MTE	hyp1	News	NaN	-7.130267143249512
49	50	fr	ewe	challenge_SSA-MTE	hyp1	News	NaN	-6.8491058349609375
50	51	fr	ewe	challenge_SSA-MTE	hyp1	News	NaN	-17.10388946533203
51	52	fr	ewe	challenge_SSA-MTE	hyp1	News	NaN	-7.988974571228027
52	53	fr	ewe	challenge_SSA-MTE	hyp1	News	NaN	-7.675950527191162
53	54	fr	ewe	challenge_SSA-MTE	hyp1	News	NaN	-7.654995918273926
54	55	fr	ewe	challenge_SSA-MTE	hyp1	News	NaN	-16.502077102661133
55	56	fr	ewe	challenge_SSA-MTE	hyp1	News	NaN	-18.3721923828125
56	57	fr	ewe	challenge_SSA-MTE	hyp1	News	NaN	-5.6031060218811035
57	58	fr	ewe	challenge_SSA-MTE	hyp1	News	NaN	-9.181952476501465
58	59	fr	ewe	challenge_SSA-MTE	hyp1	News	NaN	-7.785818099975586
59	60	fr	ewe	challenge_SSA-MTE	hyp1	News	NaN	-10.429100036621094
60	61	fr	ewe	challenge_SSA-MTE	hyp1	News	NaN	-16.659975051879883
61	62	fr	ewe	challenge_SSA-MTE	hyp1	News	NaN	-11.064757347106934
62	63	fr	ewe	challenge_SSA-MTE	hyp1	News	NaN	-9.868425369262695
63	64	fr	ewe	challenge_SSA-MTE	hyp1	News	NaN	-4.514501571655273
64	65	fr	ewe	challenge_SSA-MTE	hyp1	News	NaN	-21.261491775512695
65	66	fr	ewe	challenge_SSA-MTE	hyp1	News	NaN	-9.739091873168945
66	67	fr	ewe	challenge_SSA-MTE	hyp1	News	NaN	-4.707420349121094
67	68	fr	ewe	challenge_SSA-MTE	hyp1	News	NaN	-3.78841495513916
68	69	fr	ewe	challenge_SSA-MTE	hyp1	News	NaN	-7.125139236450195
69	70	fr	ewe	challenge_SSA-MTE	hyp1	News	NaN	-28.94023895263672
70	71	fr	ewe	challenge_SSA-MTE	hyp1	News	NaN	-6.6351189613342285
71	72	fr	ewe	challenge_SSA-MTE	hyp1	News	NaN	-27.793073654174805
72	73	fr	ewe	challenge_SSA-MTE	hyp1	News	NaN	-9.837696075439453
73	74	fr	ewe	challenge_SSA-MTE	hyp1	News	NaN	-9.553108215332031
74	75	fr	ewe	challenge_SSA-MTE	hyp1	News	NaN	-28.399471282958984
75	76	fr	ewe	challenge_SSA-MTE	hyp1	News	NaN	-16.15943145751953
76	77	fr	ewe	challenge_SSA-MTE	hyp1	News	NaN	-17.11000633239746
77	78	fr	ewe	challenge_SSA-MTE	hyp1	News	NaN	-11.037318229675293
78	79	fr	ewe	challenge_SSA-MTE	hyp1	News	NaN	-10.49850082397461
79	80	fr	ewe	challenge_SSA-MTE	hyp1	News	NaN	-6.844286918640137
80	81	fr	ewe	challenge_SSA-MTE	hyp1	News	NaN	-9.316228866577148
81	82	fr	ewe	challenge_SSA-MTE	hyp1	News	NaN	-12.459051132202148
82	83	fr	ewe	challenge_SSA-MTE	hyp1	News	NaN	-19.985828399658203
83	84	fr	ewe	challenge_SSA-MTE	hyp1	News	NaN	-7.053677558898926
84	85	fr	ewe	challenge_SSA-MTE	hyp1	News	NaN	-11.558143615722656
85	86	fr	ewe	challenge_SSA-MTE	hyp1	News	NaN	-15.942741394042969
86	87	fr	ewe	challenge_SSA-MTE	hyp1	News	NaN	-19.839641571044922
87	88	fr	ewe	challenge_SSA-MTE	hyp1	News	NaN	-7.480003833770752
88	89	fr	ewe	challenge_SSA-MTE	hyp1	News	NaN	-17.946250915527344
89	90	fr	ewe	challenge_SSA-MTE	hyp1	News	NaN	-7.191890716552734
90	91	fr	ewe	challenge_SSA-MTE	hyp1	News	NaN	-9.434690475463867
91	92	fr	ewe	challenge_SSA-MTE	hyp1	News	NaN	-16.404380798339844
92	93	fr	ewe	challenge_SSA-MTE	hyp1	News	NaN	-21.73596954345703
93	94	fr	ewe	challenge_SSA-MTE	hyp1	News	NaN	-12.279661178588867
94	95	fr	ewe	challenge_SSA-MTE	hyp1	News	NaN	-9.164493560791016
95	96	fr	ewe	challenge_SSA-MTE	hyp1	News	NaN	-24.70585823059082
96	97	fr	ewe	challenge_SSA-MTE	hyp1	News	NaN	-20.062564849853516
97	98	fr	ewe	challenge_SSA-MTE	hyp1	News	NaN	-6.387600898742676
98	99	fr	ewe	challenge_SSA-MTE	hyp1	News	NaN	-13.013862609863281
99	100	fr	ewe	challenge_SSA-MTE	hyp1	News	NaN	-11.769233703613281
100	101	fr	ewe	challenge_SSA-MTE	hyp1	News	NaN	-14.609423637390137
101	102	fr	ewe	challenge_SSA-MTE	hyp1	News	NaN	-10.810930252075195
102	103	fr	ewe	challenge_SSA-MTE	hyp1	News	NaN	-12.120380401611328
103	104	fr	ewe	challenge_SSA-MTE	hyp1	News	NaN	-9.530929565429688
104	105	fr	ewe	challenge_SSA-MTE	hyp1	News	NaN	-8.18574333190918
105	106	fr	ewe	challenge_SSA-MTE	hyp1	News	NaN	-25.551326751708984
106	107	fr	ewe	challenge_SSA-MTE	hyp1	News	NaN	-11.24052906036377
107	108	fr	ewe	challenge_SSA-MTE	hyp1	News	NaN	-9.338469505310059
108	109	fr	ewe	challenge_SSA-MTE	hyp1	News	NaN	-19.716012954711914
109	110	fr	ewe	challenge_SSA-MTE	hyp1	News	NaN	-8.898849487304688
110	111	fr	ewe	challenge_SSA-MTE	hyp1	News	NaN	-10.369503021240234
111	112	fr	ewe	challenge_SSA-MTE	hyp1	News	NaN	-8.743895530700684
112	113	fr	ewe	challenge_SSA-MTE	hyp1	News	NaN	-16.9796199798584
113	114	fr	ewe	challenge_SSA-MTE	hyp1	News	NaN	-13.67892074584961
114	115	fr	ewe	challenge_SSA-MTE	hyp1	News	NaN	-18.353734970092773
115	116	fr	ewe	challenge_SSA-MTE	hyp1	News	NaN	-20.157629013061523
116	117	fr	ewe	challenge_SSA-MTE	hyp1	News	NaN	-12.98004150390625
117	118	fr	ewe	challenge_SSA-MTE	hyp1	News	NaN	-19.21299934387207
118	119	fr	ewe	challenge_SSA-MTE	hyp1	News	NaN	-10.303146362304688
119	120	fr	ewe	challenge_SSA-MTE	hyp1	News	NaN	-15.264238357543945
120	121	fr	ewe	challenge_SSA-MTE	hyp1	News	NaN	-15.921977996826172
121	122	fr	ewe	challenge_SSA-MTE	hyp1	News	NaN	-15.748359680175781
122	123	fr	ewe	challenge_SSA-MTE	hyp1	News	NaN	-12.50058364868164
123	124	fr	ewe	challenge_SSA-MTE	hyp1	News	NaN	-9.536317825317383
124	125	fr	ewe	challenge_SSA-MTE	hyp1	News	NaN	-28.88996124267578
125	126	fr	ewe	challenge_SSA-MTE	hyp1	News	NaN	-22.11159324645996
126	127	fr	ewe	challenge_SSA-MTE	hyp1	News	NaN	-7.449576377868652
127	128	fr	ewe	challenge_SSA-MTE	hyp1	News	NaN	-13.040559768676758
128	129	fr	ewe	challenge_SSA-MTE	hyp1	News	NaN	-10.403461456298828
129	130	fr	ewe	challenge_SSA-MTE	hyp1	News	NaN	-9.409385681152344
130	131	fr	ewe	challenge_SSA-MTE	hyp1	News	NaN	-23.79798126220703
131	132	fr	ewe	challenge_SSA-MTE	hyp1	News	NaN	-8.896989822387695
132	133	fr	ewe	challenge_SSA-MTE	hyp1	News	NaN	-13.532970428466797
133	134	fr	ewe	challenge_SSA-MTE	hyp1	News	NaN	-12.431880950927734
134	135	fr	ewe	challenge_SSA-MTE	hyp1	News	NaN	-16.719158172607422
135	136	fr	ewe	challenge_SSA-MTE	hyp1	News	NaN	-11.938309669494629
136	137	fr	ewe	challenge_SSA-MTE	hyp1	News	NaN	-8.772743225097656
137	138	fr	ewe	challenge_SSA-MTE	hyp1	News	NaN	-10.397605895996094
138	139	fr	ewe	challenge_SSA-MTE	hyp1	News	NaN	-27.234758377075195
139	140	fr	ewe	challenge_SSA-MTE	hyp1	News	NaN	-11.459396362304688
140	141	fr	ewe	challenge_SSA-MTE	hyp1	News	NaN	-14.662607192993164
141	142	fr	ewe	challenge_SSA-MTE	hyp1	News	NaN	-13.762324333190918
142	143	fr	ewe	challenge_SSA-MTE	hyp1	News	NaN	-16.112573623657227
143	144	fr	ewe	challenge_SSA-MTE	hyp1	News	NaN	-12.201994895935059
144	145	fr	ewe	challenge_SSA-MTE	hyp1	News	NaN	-12.619298934936523
145	146	fr	ewe	challenge_SSA-MTE	hyp1	News	NaN	-8.072443008422852
146	147	fr	ewe	challenge_SSA-MTE	hyp1	News	NaN	-8.779579162597656
147	148	fr	ewe	challenge_SSA-MTE	hyp1	News	NaN	-17.670352935791016
148	149	fr	ewe	challenge_SSA-MTE	hyp1	News	NaN	-17.063196182250977
149	150	fr	ewe	challenge_SSA-MTE	hyp1	News	NaN	-10.39779281616211
150	151	fr	ewe	challenge_SSA-MTE	hyp1	News	NaN	-16.988420486450195
151	152	fr	ewe	challenge_SSA-MTE	hyp1	News	NaN	-19.128517150878906
152	153	fr	ewe	challenge_SSA-MTE	hyp1	News	NaN	-14.460673332214355
153	154	fr	ewe	challenge_SSA-MTE	hyp1	News	NaN	-9.211952209472656
154	155	fr	ewe	challenge_SSA-MTE	hyp1	News	NaN	-10.185728073120117
155	156	fr	ewe	challenge_SSA-MTE	hyp1	News	NaN	-13.675256729125977
156	157	fr	ewe	challenge_SSA-MTE	hyp1	News	NaN	-9.612971305847168
157	158	fr	ewe	challenge_SSA-MTE	hyp1	News	NaN	-7.587376117706299
158	159	fr	ewe	challenge_SSA-MTE	hyp1	News	NaN	-14.297091484069824
159	160	fr	ewe	challenge_SSA-MTE	hyp1	News	NaN	-22.437124252319336
160	161	fr	ewe	challenge_SSA-MTE	hyp1	News	NaN	-10.027122497558594
161	162	fr	ewe	challenge_SSA-MTE	hyp1	News	NaN	-11.16781234741211
162	163	fr	ewe	challenge_SSA-MTE	hyp1	News	NaN	-10.483987808227539
163	164	fr	ewe	challenge_SSA-MTE	hyp1	News	NaN	-8.662118911743164
164	165	fr	ewe	challenge_SSA-MTE	hyp1	News	NaN	-19.30672836303711
165	166	fr	ewe	challenge_SSA-MTE	hyp1	News	NaN	-10.525482177734375
166	167	fr	ewe	challenge_SSA-MTE	hyp1	News	NaN	-14.239051818847656
167	168	fr	ewe	challenge_SSA-MTE	hyp1	News	NaN	-22.091373443603516
168	169	fr	ewe	challenge_SSA-MTE	hyp1	News	NaN	-7.9100542068481445
169	170	fr	ewe	challenge_SSA-MTE	hyp1	News	NaN	-11.931111335754395
170	171	fr	ewe	challenge_SSA-MTE	hyp1	News	NaN	-8.679847717285156
171	172	fr	ewe	challenge_SSA-MTE	hyp1	News	NaN	-20.788829803466797
172	173	fr	ewe	challenge_SSA-MTE	hyp1	News	NaN	-10.650473594665527
173	174	fr	ewe	challenge_SSA-MTE	hyp1	News	NaN	-22.52239227294922
174	175	fr	ewe	challenge_SSA-MTE	hyp1	News	NaN	-11.648483276367188
175	176	fr	ewe	challenge_SSA-MTE	hyp1	News	NaN	-9.184715270996094
176	177	fr	ewe	challenge_SSA-MTE	hyp1	News	NaN	-26.87249755859375
177	178	fr	ewe	challenge_SSA-MTE	hyp1	News	NaN	-10.00064754486084
178	179	fr	ewe	challenge_SSA-MTE	hyp1	News	NaN	-8.675589561462402
179	180	fr	ewe	challenge_SSA-MTE	hyp1	News	NaN	-8.789115905761719
180	181	fr	ewe	challenge_SSA-MTE	hyp1	News	NaN	-14.762975692749023
181	182	fr	ewe	challenge_SSA-MTE	hyp1	News	NaN	-8.268899917602539
182	183	fr	ewe	challenge_SSA-MTE	hyp1	News	NaN	-7.294554233551025
183	184	fr	ewe	challenge_SSA-MTE	hyp1	News	NaN	-7.445944309234619
184	185	fr	ewe	challenge_SSA-MTE	hyp1	News	NaN	-15.104433059692383
185	186	fr	ewe	challenge_SSA-MTE	hyp1	News	NaN	-18.23039436340332
186	187	fr	ewe	challenge_SSA-MTE	hyp1	News	NaN	-13.407018661499023
187	188	fr	ewe	challenge_SSA-MTE	hyp1	News	NaN	-10.10922908782959
188	189	fr	ewe	challenge_SSA-MTE	hyp1	News	NaN	-24.13457489013672
189	190	fr	ewe	challenge_SSA-MTE	hyp1	News	NaN	-23.18410873413086
190	191	fr	ewe	challenge_SSA-MTE	hyp1	News	NaN	-22.335182189941406
191	192	fr	ewe	challenge_SSA-MTE	hyp1	News	NaN	-23.299652099609375
192	193	fr	ewe	challenge_SSA-MTE	hyp1	News	NaN	-28.860820770263672
193	194	fr	ewe	challenge_SSA-MTE	hyp1	News	NaN	-14.71861457824707
194	195	fr	ewe	challenge_SSA-MTE	hyp1	News	NaN	-14.702268600463867
195	196	fr	ewe	challenge_SSA-MTE	hyp1	News	NaN	-9.275930404663086
196	197	fr	ewe	challenge_SSA-MTE	hyp1	News	NaN	-18.324665069580078
197	198	fr	ewe	challenge_SSA-MTE	hyp1	News	NaN	-18.14649772644043
198	199	fr	ewe	challenge_SSA-MTE	hyp1	News	NaN	-20.129844665527344
199	200	fr	ewe	challenge_SSA-MTE	hyp1	News	NaN	-17.403114318847656
200	201	fr	ewe	challenge_SSA-MTE	hyp1	News	NaN	-15.917206764221191
201	202	fr	ewe	challenge_SSA-MTE	hyp1	News	NaN	-18.328033447265625
202	203	fr	ewe	challenge_SSA-MTE	hyp1	News	NaN	-6.156122207641602
203	204	fr	ewe	challenge_SSA-MTE	hyp1	News	NaN	-9.281654357910156
204	205	fr	ewe	challenge_SSA-MTE	hyp1	News	NaN	-11.658731460571289
205	206	fr	ewe	challenge_SSA-MTE	hyp1	News	NaN	-5.42712926864624
206	207	fr	ewe	challenge_SSA-MTE	hyp1	News	NaN	-8.315560340881348
207	208	fr	ewe	challenge_SSA-MTE	hyp1	News	NaN	-10.668231010437012
208	209	fr	ewe	challenge_SSA-MTE	hyp1	News	NaN	-20.437118530273438
209	210	fr	ewe	challenge_SSA-MTE	hyp1	News	NaN	-6.678010940551758
210	211	fr	ewe	challenge_SSA-MTE	hyp1	News	NaN	-13.308170318603516
211	212	fr	ewe	challenge_SSA-MTE	hyp1	News	NaN	-11.097081184387207
212	213	fr	ewe	challenge_SSA-MTE	hyp1	News	NaN	-24.93448257446289
213	214	fr	ewe	challenge_SSA-MTE	hyp1	News	NaN	-16.112476348876953
214	215	fr	ewe	challenge_SSA-MTE	hyp1	News	NaN	-9.494558334350586
215	216	fr	ewe	challenge_SSA-MTE	hyp1	News	NaN	-11.321832656860352
216	217	fr	ewe	challenge_SSA-MTE	hyp1	News	NaN	-12.055235862731934
217	218	fr	ewe	challenge_SSA-MTE	hyp1	News	NaN	-22.582714080810547
218	219	fr	ewe	challenge_SSA-MTE	hyp1	News	NaN	-12.470256805419922
219	220	fr	ewe	challenge_SSA-MTE	hyp1	News	NaN	-16.377592086791992
220	221	fr	ewe	challenge_SSA-MTE	hyp1	News	NaN	-24.28516960144043
221	222	fr	ewe	challenge_SSA-MTE	hyp1	News	NaN	-15.563586235046387
222	223	fr	ewe	challenge_SSA-MTE	hyp1	News	NaN	-28.388601303100586
223	224	fr	ewe	challenge_SSA-MTE	hyp1	News	NaN	-14.140026092529297
224	225	fr	ewe	challenge_SSA-MTE	hyp1	News	NaN	-20.236846923828125
225	226	fr	ewe	challenge_SSA-MTE	hyp1	News	NaN	-20.63249397277832
226	227	fr	ewe	challenge_SSA-MTE	hyp1	News	NaN	-16.04245948791504
227	228	fr	ewe	challenge_SSA-MTE	hyp1	News	NaN	-18.985027313232422
228	229	fr	ewe	challenge_SSA-MTE	hyp1	News	NaN	-21.418254852294922
229	230	fr	ewe	challenge_SSA-MTE	hyp1	News	NaN	-5.539943218231201
230	231	fr	ewe	challenge_SSA-MTE	hyp1	News	NaN	-17.74435043334961
231	232	fr	ewe	challenge_SSA-MTE	hyp1	News	NaN	-19.79469871520996
232	233	fr	ewe	challenge_SSA-MTE	hyp1	News	NaN	-9.08253288269043
233	234	fr	ewe	challenge_SSA-MTE	hyp1	News	NaN	-25.074745178222656
234	235	fr	ewe	challenge_SSA-MTE	hyp1	News	NaN	-19.214569091796875
235	236	fr	ewe	challenge_SSA-MTE	hyp1	News	NaN	-23.22184944152832
236	237	fr	ewe	challenge_SSA-MTE	hyp1	News	NaN	-20.312824249267578
237	238	fr	ewe	challenge_SSA-MTE	hyp1	News	NaN	-17.999248504638672
238	239	fr	ewe	challenge_SSA-MTE	hyp1	News	NaN	-9.35168170928955
239	240	fr	ewe	challenge_SSA-MTE	hyp1	News	NaN	-18.319643020629883
240	241	fr	ewe	challenge_SSA-MTE	hyp1	News	NaN	-13.69981575012207
241	242	fr	ewe	challenge_SSA-MTE	hyp1	News	NaN	-7.97216796875
242	243	fr	ewe	challenge_SSA-MTE	hyp1	News	NaN	-15.615862846374512
243	244	fr	ewe	challenge_SSA-MTE	hyp1	News	NaN	-8.398186683654785
244	245	fr	ewe	challenge_SSA-MTE	hyp1	News	NaN	-9.039045333862305
245	246	fr	ewe	challenge_SSA-MTE	hyp1	News	NaN	-13.413640022277832
246	247	fr	ewe	challenge_SSA-MTE	hyp1	News	NaN	-18.52217674255371
247	248	fr	ewe	challenge_SSA-MTE	hyp1	News	NaN	-8.131059646606445
248	249	fr	ewe	challenge_SSA-MTE	hyp1	News	NaN	-7.050616264343262
249	250	fr	ewe	challenge_SSA-MTE	hyp1	News	NaN	-8.581005096435547
250	251	fr	ewe	challenge_SSA-MTE	hyp1	News	NaN	-9.680742263793945
251	252	fr	ewe	challenge_SSA-MTE	hyp1	News	NaN	-20.404417037963867
252	253	fr	ewe	challenge_SSA-MTE	hyp1	News	NaN	-12.288640022277832
253	254	fr	ewe	challenge_SSA-MTE	hyp1	News	NaN	-10.361431121826172
254	255	fr	ewe	challenge_SSA-MTE	hyp1	News	NaN	-9.270801544189453
255	256	fr	ewe	challenge_SSA-MTE	hyp1	News	NaN	-25.43465805053711
256	257	fr	ewe	challenge_SSA-MTE	hyp1	News	NaN	-22.464801788330078
257	258	fr	ewe	challenge_SSA-MTE	hyp1	News	NaN	-7.901730060577393
258	259	fr	ewe	challenge_SSA-MTE	hyp1	News	NaN	-11.391305923461914
259	260	fr	ewe	challenge_SSA-MTE	hyp1	News	NaN	-12.047542572021484
260	261	fr	ewe	challenge_SSA-MTE	hyp1	News	NaN	-8.177034378051758
261	262	fr	ewe	challenge_SSA-MTE	hyp1	News	NaN	-10.670793533325195
262	263	fr	ewe	challenge_SSA-MTE	hyp1	News	NaN	-7.343801498413086
263	264	fr	ewe	challenge_SSA-MTE	hyp1	News	NaN	-21.18259048461914
264	265	fr	ewe	challenge_SSA-MTE	hyp1	News	NaN	-10.656074523925781
265	266	fr	ewe	challenge_SSA-MTE	hyp1	News	NaN	-9.96408748626709
266	267	fr	ewe	challenge_SSA-MTE	hyp1	News	NaN	-10.064340591430664
267	268	fr	ewe	challenge_SSA-MTE	hyp1	News	NaN	-11.521100997924805
268	269	fr	ewe	challenge_SSA-MTE	hyp1	News	NaN	-13.572021484375
269	270	fr	ewe	challenge_SSA-MTE	hyp1	News	NaN	-13.11152458190918
270	271	fr	ewe	challenge_SSA-MTE	hyp1	News	NaN	-13.335031509399414
271	272	fr	ewe	challenge_SSA-MTE	hyp1	News	NaN	-12.739419937133789
272	273	fr	ewe	challenge_SSA-MTE	hyp1	News	NaN	-19.48804473876953
273	274	fr	ewe	challenge_SSA-MTE	hyp1	News	NaN	-11.670175552368164
274	275	fr	ewe	challenge_SSA-MTE	hyp1	News	NaN	-17.54060935974121
275	276	fr	ewe	challenge_SSA-MTE	hyp1	News	NaN	-11.645709991455078
276	277	fr	ewe	challenge_SSA-MTE	hyp1	News	NaN	-12.587207794189453
277	278	fr	ewe	challenge_SSA-MTE	hyp1	News	NaN	-14.028188705444336
278	279	fr	ewe	challenge_SSA-MTE	hyp1	News	NaN	-23.221237182617188
279	280	fr	ewe	challenge_SSA-MTE	hyp1	News	NaN	-10.702539443969727
280	281	fr	ewe	challenge_SSA-MTE	hyp1	News	NaN	-17.452747344970703
281	282	fr	ewe	challenge_SSA-MTE	hyp1	News	NaN	-11.79916000366211
282	283	fr	ewe	challenge_SSA-MTE	hyp1	News	NaN	-9.391834259033203
283	284	fr	ewe	challenge_SSA-MTE	hyp1	News	NaN	-27.939231872558594
284	285	fr	ewe	challenge_SSA-MTE	hyp1	News	NaN	-13.34554386138916
285	286	fr	ewe	challenge_SSA-MTE	hyp1	News	NaN	-7.6332879066467285
286	287	fr	ewe	challenge_SSA-MTE	hyp1	News	NaN	-11.99578857421875
287	288	fr	ewe	challenge_SSA-MTE	hyp1	News	NaN	-7.884202480316162
288	289	fr	ewe	challenge_SSA-MTE	hyp1	News	NaN	-7.2796735763549805
289	290	fr	ewe	challenge_SSA-MTE	hyp1	News	NaN	-7.469620227813721
290	291	fr	ewe	challenge_SSA-MTE	hyp1	News	NaN	-16.747699737548828
291	292	fr	ewe	challenge_SSA-MTE	hyp1	News	NaN	-21.618412017822266
292	293	fr	ewe	challenge_SSA-MTE	hyp1	News	NaN	-23.526384353637695
293	294	fr	ewe	challenge_SSA-MTE	hyp1	News	NaN	-12.645134925842285
294	295	fr	ewe	challenge_SSA-MTE	hyp1	News	NaN	-10.184463500976562
295	296	fr	ewe	challenge_SSA-MTE	hyp1	News	NaN	-18.517173767089844
296	297	fr	ewe	challenge_SSA-MTE	hyp1	News	NaN	-6.056523323059082
297	298	fr	ewe	challenge_SSA-MTE	hyp1	News	NaN	-6.687972068786621
298	299	fr	ewe	challenge_SSA-MTE	hyp1	News	NaN	-8.304445266723633
299	300	fr	ewe	challenge_SSA-MTE	hyp1	News	NaN	-21.785675048828125
300	301	fr	ewe	challenge_SSA-MTE	hyp1	News	NaN	-14.717260360717773
301	302	fr	ewe	challenge_SSA-MTE	hyp1	News	NaN	-8.80309772491455
302	303	fr	ewe	challenge_SSA-MTE	hyp1	News	NaN	-18.556068420410156
303	304	fr	ewe	challenge_SSA-MTE	hyp1	News	NaN	-14.363286972045898
304	305	fr	ewe	challenge_SSA-MTE	hyp1	News	NaN	-13.213018417358398
305	306	fr	ewe	challenge_SSA-MTE	hyp1	News	NaN	-13.646747589111328
306	307	fr	ewe	challenge_SSA-MTE	hyp1	News	NaN	-25.51579475402832
307	308	fr	ewe	challenge_SSA-MTE	hyp1	News	NaN	-13.181143760681152
308	309	fr	ewe	challenge_SSA-MTE	hyp1	News	NaN	-15.30572509765625
309	310	fr	ewe	challenge_SSA-MTE	hyp1	News	NaN	-9.628137588500977
310	311	fr	ewe	challenge_SSA-MTE	hyp1	News	NaN	-21.273853302001953
311	312	fr	ewe	challenge_SSA-MTE	hyp1	News	NaN	-10.567022323608398
312	313	fr	ewe	challenge_SSA-MTE	hyp1	News	NaN	-10.45841121673584
313	314	fr	ewe	challenge_SSA-MTE	hyp1	News	NaN	-16.03685760498047
314	315	fr	ewe	challenge_SSA-MTE	hyp1	News	NaN	-22.07839584350586
315	316	fr	ewe	challenge_SSA-MTE	hyp1	News	NaN	-18.364328384399414
316	317	fr	ewe	challenge_SSA-MTE	hyp1	News	NaN	-19.378379821777344
317	318	fr	ewe	challenge_SSA-MTE	hyp1	News	NaN	-17.29486846923828
318	319	fr	ewe	challenge_SSA-MTE	hyp1	News	NaN	-14.638956069946289
319	320	fr	ewe	challenge_SSA-MTE	hyp1	News	NaN	-21.892915725708008
320	321	fr	ewe	challenge_SSA-MTE	hyp1	News	NaN	-17.706968307495117
321	322	fr	ewe	challenge_SSA-MTE	hyp1	News	NaN	-14.870311737060547
322	323	fr	ewe	challenge_SSA-MTE	hyp1	News	NaN	-12.665074348449707
323	324	fr	ewe	challenge_SSA-MTE	hyp1	News	NaN	-22.06005096435547
324	325	fr	ewe	challenge_SSA-MTE	hyp1	News	NaN	-16.489099502563477
325	326	fr	ewe	challenge_SSA-MTE	hyp1	News	NaN	-8.402434349060059
326	327	fr	ewe	challenge_SSA-MTE	hyp1	News	NaN	-14.412841796875
327	328	fr	ewe	challenge_SSA-MTE	hyp1	News	NaN	-12.58685302734375
328	329	fr	ewe	challenge_SSA-MTE	hyp1	News	NaN	-9.558748245239258
329	330	fr	ewe	challenge_SSA-MTE	hyp1	News	NaN	-9.927616119384766
330	331	fr	ewe	challenge_SSA-MTE	hyp1	News	NaN	-17.53616714477539
331	332	fr	ewe	challenge_SSA-MTE	hyp1	News	NaN	-12.458715438842773
332	333	fr	ewe	challenge_SSA-MTE	hyp1	News	NaN	-12.972369194030762
333	334	fr	ewe	challenge_SSA-MTE	hyp1	News	NaN	-9.6087646484375
334	335	fr	ewe	challenge_SSA-MTE	hyp1	News	NaN	-9.301847457885742
335	336	fr	ewe	challenge_SSA-MTE	hyp1	News	NaN	-16.269243240356445
336	337	fr	ewe	challenge_SSA-MTE	hyp1	News	NaN	-9.65148639678955
337	338	fr	ewe	challenge_SSA-MTE	hyp1	News	NaN	-14.653940200805664
338	339	fr	ewe	challenge_SSA-MTE	hyp1	News	NaN	-8.14945125579834
339	340	fr	ewe	challenge_SSA-MTE	hyp1	News	NaN	-18.105377197265625
340	341	fr	ewe	challenge_SSA-MTE	hyp1	News	NaN	-19.68562126159668
341	342	fr	ewe	challenge_SSA-MTE	hyp1	News	NaN	-14.51979923248291
342	343	fr	ewe	challenge_SSA-MTE	hyp1	News	NaN	-16.699459075927734
343	344	fr	ewe	challenge_SSA-MTE	hyp1	News	NaN	-13.669795036315918
344	345	fr	ewe	challenge_SSA-MTE	hyp1	News	NaN	-15.122564315795898
345	346	fr	ewe	challenge_SSA-MTE	hyp1	News	NaN	-12.849164962768555
346	347	fr	ewe	challenge_SSA-MTE	hyp1	News	NaN	-9.836788177490234
347	348	fr	ewe	challenge_SSA-MTE	hyp1	News	NaN	-11.826506614685059
348	349	fr	ewe	challenge_SSA-MTE	hyp1	News	NaN	-11.849623680114746
349	350	fr	ewe	challenge_SSA-MTE	hyp1	News	NaN	-30.980867385864258
350	351	fr	ewe	challenge_SSA-MTE	hyp1	News	NaN	-17.892227172851562
351	352	fr	ewe	challenge_SSA-MTE	hyp1	News	NaN	-21.372390747070312
352	353	fr	ewe	challenge_SSA-MTE	hyp1	News	NaN	-16.968280792236328
353	354	fr	ewe	challenge_SSA-MTE	hyp1	News	NaN	-8.22502326965332
354	355	fr	ewe	challenge_SSA-MTE	hyp1	News	NaN	-23.994354248046875
355	356	fr	ewe	challenge_SSA-MTE	hyp1	News	NaN	-15.37594223022461
356	357	fr	ewe	challenge_SSA-MTE	hyp1	News	NaN	-13.6945161819458
357	358	fr	ewe	challenge_SSA-MTE	hyp1	News	NaN	-14.04845142364502
358	359	fr	ewe	challenge_SSA-MTE	hyp1	News	NaN	-11.46633529663086
359	360	fr	ewe	challenge_SSA-MTE	hyp1	News	NaN	-8.121779441833496
360	361	fr	ewe	challenge_SSA-MTE	hyp1	News	NaN	-14.498628616333008
361	362	fr	ewe	challenge_SSA-MTE	hyp1	News	NaN	-8.376218795776367
362	363	fr	ewe	challenge_SSA-MTE	hyp1	News	NaN	-11.909584045410156
363	364	fr	ewe	challenge_SSA-MTE	hyp1	News	NaN	-16.213510513305664
364	365	fr	ewe	challenge_SSA-MTE	hyp1	News	NaN	-12.907205581665039
365	366	fr	ewe	challenge_SSA-MTE	hyp1	News	NaN	-10.077537536621094
366	367	fr	ewe	challenge_SSA-MTE	hyp1	News	NaN	-16.379480361938477
367	368	fr	ewe	challenge_SSA-MTE	hyp1	News	NaN	-16.648086547851562
368	369	fr	ewe	challenge_SSA-MTE	hyp1	News	NaN	-28.237642288208008
369	370	fr	ewe	challenge_SSA-MTE	hyp1	News	NaN	-14.331512451171875
370	371	fr	ewe	challenge_SSA-MTE	hyp1	News	NaN	-18.418167114257812
371	372	fr	ewe	challenge_SSA-MTE	hyp1	News	NaN	-19.106632232666016
372	373	fr	ewe	challenge_SSA-MTE	hyp1	News	NaN	-22.665573120117188
373	374	fr	ewe	challenge_SSA-MTE	hyp1	News	NaN	-27.026840209960938
374	375	fr	ewe	challenge_SSA-MTE	hyp1	News	NaN	-16.20631217956543
375	376	fr	ewe	challenge_SSA-MTE	hyp1	News	NaN	-17.574657440185547
376	377	fr	ewe	challenge_SSA-MTE	hyp1	News	NaN	-18.563980102539062
377	378	fr	ewe	challenge_SSA-MTE	hyp1	News	NaN	-12.55417251586914
378	379	fr	ewe	challenge_SSA-MTE	hyp1	News	NaN	-25.961856842041016
379	380	fr	ewe	challenge_SSA-MTE	hyp1	News	NaN	-11.273850440979004
380	381	fr	ewe	challenge_SSA-MTE	hyp1	News	NaN	-14.070744514465332
381	382	fr	ewe	challenge_SSA-MTE	hyp1	News	NaN	-14.705524444580078
382	383	fr	ewe	challenge_SSA-MTE	hyp1	News	NaN	-10.849250793457031
383	384	fr	ewe	challenge_SSA-MTE	hyp1	News	NaN	-16.366302490234375
384	385	fr	ewe	challenge_SSA-MTE	hyp1	News	NaN	-15.673022270202637
385	386	fr	ewe	challenge_SSA-MTE	hyp1	News	NaN	-10.408408164978027
386	387	fr	ewe	challenge_SSA-MTE	hyp1	News	NaN	-19.571613311767578
387	388	fr	ewe	challenge_SSA-MTE	hyp1	News	NaN	-11.47520637512207
388	389	fr	ewe	challenge_SSA-MTE	hyp1	News	NaN	-14.088629722595215
389	390	fr	ewe	challenge_SSA-MTE	hyp1	News	NaN	-14.505629539489746
390	391	fr	ewe	challenge_SSA-MTE	hyp1	News	NaN	-18.14314842224121
391	392	fr	ewe	challenge_SSA-MTE	hyp1	News	NaN	-13.978960990905762
392	393	fr	ewe	challenge_SSA-MTE	hyp1	News	NaN	-13.91071605682373
393	394	fr	ewe	challenge_SSA-MTE	hyp1	News	NaN	-9.320595741271973
394	395	fr	ewe	challenge_SSA-MTE	hyp1	News	NaN	-21.191287994384766
395	396	fr	ewe	challenge_SSA-MTE	hyp1	News	NaN	-15.523914337158203
396	397	fr	ewe	challenge_SSA-MTE	hyp1	News	NaN	-9.487709045410156
397	398	fr	ewe	challenge_SSA-MTE	hyp1	News	NaN	-7.258611679077148
398	399	fr	ewe	challenge_SSA-MTE	hyp1	News	NaN	-22.178752899169922
399	400	fr	ewe	challenge_SSA-MTE	hyp1	News	NaN	-11.789032936096191
400	401	fr	ewe	challenge_SSA-MTE	hyp1	News	NaN	-14.61635971069336
401	402	fr	ewe	challenge_SSA-MTE	hyp1	News	NaN	-24.178699493408203
402	403	fr	ewe	challenge_SSA-MTE	hyp1	News	NaN	-9.184410095214844
403	404	fr	ewe	challenge_SSA-MTE	hyp1	News	NaN	-11.641870498657227
404	405	fr	ewe	challenge_SSA-MTE	hyp1	News	NaN	-17.147212982177734
405	406	fr	ewe	challenge_SSA-MTE	hyp1	News	NaN	-18.819141387939453
406	407	fr	ewe	challenge_SSA-MTE	hyp1	News	NaN	-26.292146682739258
407	408	fr	ewe	challenge_SSA-MTE	hyp1	News	NaN	-9.721107482910156
408	409	fr	ewe	challenge_SSA-MTE	hyp1	News	NaN	-9.54019546508789
409	410	fr	ewe	challenge_SSA-MTE	hyp1	News	NaN	-10.82136058807373
410	411	fr	ewe	challenge_SSA-MTE	hyp1	News	NaN	-32.014549255371094
411	412	fr	ewe	challenge_SSA-MTE	hyp1	News	NaN	-16.718502044677734
412	413	fr	ewe	challenge_SSA-MTE	hyp1	News	NaN	-14.069316864013672
413	414	fr	ewe	challenge_SSA-MTE	hyp1	News	NaN	-7.4719719886779785
414	415	fr	ewe	challenge_SSA-MTE	hyp1	News	NaN	-15.963348388671875
415	416	fr	ewe	challenge_SSA-MTE	hyp1	News	NaN	-9.06173038482666
416	417	fr	ewe	challenge_SSA-MTE	hyp1	News	NaN	-10.70740032196045
417	418	fr	ewe	challenge_SSA-MTE	hyp1	News	NaN	-11.643518447875977
418	419	fr	ewe	challenge_SSA-MTE	hyp1	News	NaN	-21.111549377441406
419	420	fr	ewe	challenge_SSA-MTE	hyp1	News	NaN	-15.722029685974121
420	421	fr	ewe	challenge_SSA-MTE	hyp1	News	NaN	-16.034320831298828
421	422	fr	ewe	challenge_SSA-MTE	hyp1	News	NaN	-14.38184928894043
422	423	fr	ewe	challenge_SSA-MTE	hyp1	News	NaN	-12.704208374023438
423	424	fr	ewe	challenge_SSA-MTE	hyp1	News	NaN	-6.639455795288086
424	425	fr	ewe	challenge_SSA-MTE	hyp1	News	NaN	-13.070550918579102
425	426	fr	ewe	challenge_SSA-MTE	hyp1	News	NaN	-11.816946029663086
426	427	fr	ewe	challenge_SSA-MTE	hyp1	News	NaN	-29.27471160888672
427	428	fr	ewe	challenge_SSA-MTE	hyp1	News	NaN	-16.929977416992188
428	429	fr	ewe	challenge_SSA-MTE	hyp1	News	NaN	-13.835165023803711
429	430	fr	ewe	challenge_SSA-MTE	hyp1	News	NaN	-12.378396987915039
430	431	fr	ewe	challenge_SSA-MTE	hyp1	News	NaN	-13.112029075622559
431	432	fr	ewe	challenge_SSA-MTE	hyp1	News	NaN	-14.370692253112793
432	433	fr	ewe	challenge_SSA-MTE	hyp1	News	NaN	-27.259233474731445
433	434	fr	ewe	challenge_SSA-MTE	hyp1	News	NaN	-13.408515930175781
434	435	fr	ewe	challenge_SSA-MTE	hyp1	News	NaN	-14.091854095458984
435	436	fr	ewe	challenge_SSA-MTE	hyp1	News	NaN	-19.526561737060547
436	437	fr	ewe	challenge_SSA-MTE	hyp1	News	NaN	-16.773311614990234
437	438	fr	ewe	challenge_SSA-MTE	hyp1	News	NaN	-14.834075927734375
438	439	fr	ewe	challenge_SSA-MTE	hyp1	News	NaN	-15.145685195922852
439	440	fr	ewe	challenge_SSA-MTE	hyp1	News	NaN	-14.093973159790039
440	441	fr	ewe	challenge_SSA-MTE	hyp1	News	NaN	-14.746075630187988
441	442	fr	ewe	challenge_SSA-MTE	hyp1	News	NaN	-10.969087600708008
442	443	fr	ewe	challenge_SSA-MTE	hyp1	News	NaN	-20.691158294677734
443	444	fr	ewe	challenge_SSA-MTE	hyp1	News	NaN	-12.083937644958496
444	445	fr	ewe	challenge_SSA-MTE	hyp1	News	NaN	-13.606672286987305
445	446	fr	ewe	challenge_SSA-MTE	hyp1	News	NaN	-10.001439094543457
446	447	fr	ewe	challenge_SSA-MTE	hyp1	News	NaN	-12.545733451843262
447	448	fr	ewe	challenge_SSA-MTE	hyp1	News	NaN	-16.224491119384766
448	449	fr	ewe	challenge_SSA-MTE	hyp1	News	NaN	-14.291720390319824
449	450	fr	ewe	challenge_SSA-MTE	hyp1	News	NaN	-15.380789756774902
450	451	fr	ewe	challenge_SSA-MTE	hyp1	News	NaN	-13.915092468261719
451	452	fr	ewe	challenge_SSA-MTE	hyp1	News	NaN	-9.424911499023438
452	453	fr	ewe	challenge_SSA-MTE	hyp1	News	NaN	-14.594256401062012
453	454	fr	ewe	challenge_SSA-MTE	hyp1	News	NaN	-12.27345085144043
454	455	fr	ewe	challenge_SSA-MTE	hyp1	News	NaN	-12.848552703857422
455	456	fr	ewe	challenge_SSA-MTE	hyp1	News	NaN	-8.995817184448242
456	457	fr	ewe	challenge_SSA-MTE	hyp1	News	NaN	-10.210220336914062
457	458	fr	ewe	challenge_SSA-MTE	hyp1	News	NaN	-18.542234420776367
458	459	fr	ewe	challenge_SSA-MTE	hyp1	News	NaN	-12.109777450561523
459	460	fr	ewe	challenge_SSA-MTE	hyp1	News	NaN	-9.51114559173584
460	461	fr	ewe	challenge_SSA-MTE	hyp1	News	NaN	-13.160387992858887
461	462	fr	ewe	challenge_SSA-MTE	hyp1	News	NaN	-19.064428329467773
462	463	fr	ewe	challenge_SSA-MTE	hyp1	News	NaN	-31.277603149414062
463	464	fr	ewe	challenge_SSA-MTE	hyp1	News	NaN	-17.758159637451172
464	465	fr	ewe	challenge_SSA-MTE	hyp1	News	NaN	-12.197651863098145
465	466	fr	ewe	challenge_SSA-MTE	hyp1	News	NaN	-18.0540771484375
466	467	fr	ewe	challenge_SSA-MTE	hyp1	News	NaN	-8.597139358520508
467	468	fr	ewe	challenge_SSA-MTE	hyp1	News	NaN	-29.852462768554688
468	469	fr	ewe	challenge_SSA-MTE	hyp1	News	NaN	-8.99728775024414
469	470	fr	ewe	challenge_SSA-MTE	hyp1	News	NaN	-11.503700256347656
470	471	fr	ewe	challenge_SSA-MTE	hyp1	News	NaN	-9.458650588989258
471	472	fr	ewe	challenge_SSA-MTE	hyp1	News	NaN	-18.832509994506836
472	473	fr	ewe	challenge_SSA-MTE	hyp1	News	NaN	-30.67518424987793
473	474	fr	ewe	challenge_SSA-MTE	hyp1	News	NaN	-20.82787322998047
474	475	fr	ewe	challenge_SSA-MTE	hyp1	News	NaN	-22.550296783447266
475	476	fr	ewe	challenge_SSA-MTE	hyp1	News	NaN	-16.386314392089844
476	477	fr	ewe	challenge_SSA-MTE	hyp1	News	NaN	-6.965638160705566
477	478	fr	ewe	challenge_SSA-MTE	hyp1	News	NaN	-11.009346008300781
478	479	fr	ewe	challenge_SSA-MTE	hyp1	News	NaN	-6.098113536834717
479	480	fr	ewe	challenge_SSA-MTE	hyp1	News	NaN	-7.558148384094238
480	481	fr	ewe	challenge_SSA-MTE	hyp1	News	NaN	-5.801621913909912
481	482	fr	ewe	challenge_SSA-MTE	hyp1	News	NaN	-17.8928279876709
482	483	fr	ewe	challenge_SSA-MTE	hyp1	News	NaN	-32.650150299072266
483	484	fr	ewe	challenge_SSA-MTE	hyp1	News	NaN	-22.897066116333008
484	485	fr	ewe	challenge_SSA-MTE	hyp1	News	NaN	-21.723033905029297
485	486	fr	ewe	challenge_SSA-MTE	hyp1	News	NaN	-22.796062469482422
486	487	fr	ewe	challenge_SSA-MTE	hyp1	News	NaN	-17.512468338012695
487	488	fr	ewe	challenge_SSA-MTE	hyp1	News	NaN	-30.115747451782227
488	489	fr	ewe	challenge_SSA-MTE	hyp1	News	NaN	-23.498577117919922
489	490	fr	ewe	challenge_SSA-MTE	hyp1	News	NaN	-16.800016403198242
490	491	fr	ewe	challenge_SSA-MTE	hyp1	News	NaN	-13.978643417358398
491	492	fr	ewe	challenge_SSA-MTE	hyp1	News	NaN	-9.283038139343262
492	493	fr	ewe	challenge_SSA-MTE	hyp1	News	NaN	-29.994430541992188
493	494	fr	ewe	challenge_SSA-MTE	hyp1	News	NaN	-13.92069149017334
494	495	fr	ewe	challenge_SSA-MTE	hyp1	News	NaN	-17.685672760009766
495	496	fr	ewe	challenge_SSA-MTE	hyp1	News	NaN	-9.676115036010742
496	497	fr	ewe	challenge_SSA-MTE	hyp1	News	NaN	-14.200431823730469
497	498	fr	ewe	challenge_SSA-MTE	hyp1	News	NaN	-16.90062141418457
498	499	fr	ewe	challenge_SSA-MTE	hyp1	News	NaN	-18.487781524658203
499	500	fr	ewe	challenge_SSA-MTE	hyp1	News	NaN	-16.92690658569336
500	501	fr	ewe	challenge_SSA-MTE	hyp1	News	NaN	-11.656967163085938
501	502	fr	ewe	challenge_SSA-MTE	hyp1	News	NaN	-16.291959762573242
502	503	fr	ewe	challenge_SSA-MTE	hyp1	News	NaN	-17.186935424804688
503	504	fr	ewe	challenge_SSA-MTE	hyp1	News	NaN	-15.319976806640625
504	505	fr	ewe	challenge_SSA-MTE	hyp1	News	NaN	-14.243885040283203
505	506	fr	ewe	challenge_SSA-MTE	hyp1	News	NaN	-12.119855880737305
506	507	fr	ewe	challenge_SSA-MTE	hyp1	News	NaN	-14.935724258422852
507	508	fr	ewe	challenge_SSA-MTE	hyp1	News	NaN	-15.125481605529785
508	509	fr	ewe	challenge_SSA-MTE	hyp1	News	NaN	-16.661882400512695
509	510	fr	ewe	challenge_SSA-MTE	hyp1	News	NaN	-14.361104965209961
510	511	fr	ewe	challenge_SSA-MTE	hyp1	News	NaN	-19.43423080444336
511	512	fr	ewe	challenge_SSA-MTE	hyp1	News	NaN	-23.136241912841797
512	513	fr	ewe	challenge_SSA-MTE	hyp1	News	NaN	-27.39218521118164
513	514	fr	ewe	challenge_SSA-MTE	hyp1	News	NaN	-25.983104705810547
514	515	fr	ewe	challenge_SSA-MTE	hyp1	News	NaN	-24.010391235351562
515	516	fr	ewe	challenge_SSA-MTE	hyp1	News	NaN	-20.52503776550293
516	517	fr	ewe	challenge_SSA-MTE	hyp1	News	NaN	-11.791976928710938
517	518	fr	ewe	challenge_SSA-MTE	hyp1	News	NaN	-16.280975341796875
518	519	fr	ewe	challenge_SSA-MTE	hyp1	News	NaN	-18.5931396484375
519	520	fr	ewe	challenge_SSA-MTE	hyp1	News	NaN	-12.93474006652832
520	521	fr	ewe	challenge_SSA-MTE	hyp1	News	NaN	-10.74089241027832
521	522	fr	ewe	challenge_SSA-MTE	hyp1	News	NaN	-19.68267059326172
522	523	fr	ewe	challenge_SSA-MTE	hyp1	News	NaN	-19.471176147460938
523	524	fr	ewe	challenge_SSA-MTE	hyp1	News	NaN	-14.818538665771484
524	525	fr	ewe	challenge_SSA-MTE	hyp1	News	NaN	-16.370450973510742
525	526	fr	ewe	challenge_SSA-MTE	hyp1	News	NaN	-16.03915786743164
526	527	fr	ewe	challenge_SSA-MTE	hyp1	News	NaN	-18.098587036132812
527	528	fr	ewe	challenge_SSA-MTE	hyp1	News	NaN	-11.666918754577637
528	529	fr	ewe	challenge_SSA-MTE	hyp1	News	NaN	-7.44919490814209
529	530	fr	ewe	challenge_SSA-MTE	hyp1	News	NaN	-13.496781349182129
530	531	fr	ewe	challenge_SSA-MTE	hyp1	News	NaN	-15.03740119934082
531	532	fr	ewe	challenge_SSA-MTE	hyp1	News	NaN	-13.293572425842285
532	533	fr	ewe	challenge_SSA-MTE	hyp1	News	NaN	-14.275428771972656
533	534	fr	ewe	challenge_SSA-MTE	hyp1	News	NaN	-12.357014656066895
534	535	fr	ewe	challenge_SSA-MTE	hyp1	News	NaN	-16.230609893798828
535	536	fr	ewe	challenge_SSA-MTE	hyp1	News	NaN	-17.05982780456543
536	537	fr	ewe	challenge_SSA-MTE	hyp1	News	NaN	-24.94043731689453
537	538	fr	ewe	challenge_SSA-MTE	hyp1	News	NaN	-13.757513046264648
538	539	fr	ewe	challenge_SSA-MTE	hyp1	News	NaN	-30.007129669189453
539	540	fr	ewe	challenge_SSA-MTE	hyp1	News	NaN	-13.595840454101562
540	541	fr	ewe	challenge_SSA-MTE	hyp1	News	NaN	-21.960586547851562
541	542	fr	ewe	challenge_SSA-MTE	hyp1	News	NaN	-16.001392364501953
542	543	fr	ewe	challenge_SSA-MTE	hyp1	News	NaN	-17.787303924560547
543	544	fr	ewe	challenge_SSA-MTE	hyp1	News	NaN	-22.874774932861328
544	545	fr	ewe	challenge_SSA-MTE	hyp1	News	NaN	-21.235088348388672
545	546	fr	ewe	challenge_SSA-MTE	hyp1	News	NaN	-15.794736862182617
546	547	fr	ewe	challenge_SSA-MTE	hyp1	News	NaN	-21.882755279541016
547	548	fr	ewe	challenge_SSA-MTE	hyp1	News	NaN	-31.1273193359375
548	549	fr	ewe	challenge_SSA-MTE	hyp1	News	NaN	-17.50548553466797
549	550	fr	ewe	challenge_SSA-MTE	hyp1	News	NaN	-16.251543045043945
550	551	fr	ewe	challenge_SSA-MTE	hyp1	News	NaN	-17.550067901611328
551	552	fr	ewe	challenge_SSA-MTE	hyp1	News	NaN	-10.473012924194336
552	553	fr	ewe	challenge_SSA-MTE	hyp1	News	NaN	-26.806726455688477
553	554	fr	ewe	challenge_SSA-MTE	hyp1	News	NaN	-12.19215202331543
554	555	fr	ewe	challenge_SSA-MTE	hyp1	News	NaN	-11.152884483337402
555	556	fr	ewe	challenge_SSA-MTE	hyp1	News	NaN	-13.61836051940918
556	557	fr	ewe	challenge_SSA-MTE	hyp1	News	NaN	-15.175477981567383
557	558	fr	ewe	challenge_SSA-MTE	hyp1	News	NaN	-29.03491973876953
558	559	fr	ewe	challenge_SSA-MTE	hyp1	News	NaN	-18.601160049438477
559	560	fr	ewe	challenge_SSA-MTE	hyp1	News	NaN	-28.47815704345703
560	561	fr	ewe	challenge_SSA-MTE	hyp1	News	NaN	-14.044288635253906
561	562	fr	ewe	challenge_SSA-MTE	hyp1	News	NaN	-14.379658699035645
562	563	fr	ewe	challenge_SSA-MTE	hyp1	News	NaN	-12.854169845581055
563	564	fr	ewe	challenge_SSA-MTE	hyp1	News	NaN	-14.571622848510742
564	565	fr	ewe	challenge_SSA-MTE	hyp1	News	NaN	-13.960826873779297
565	566	fr	ewe	challenge_SSA-MTE	hyp1	News	NaN	-15.3571138381958
566	567	fr	ewe	challenge_SSA-MTE	hyp1	News	NaN	-12.289932250976562
567	568	fr	ewe	challenge_SSA-MTE	hyp1	News	NaN	-21.90007972717285
568	569	fr	ewe	challenge_SSA-MTE	hyp1	News	NaN	-12.427044868469238
569	570	fr	ewe	challenge_SSA-MTE	hyp1	News	NaN	-13.188230514526367
570	571	fr	ewe	challenge_SSA-MTE	hyp1	News	NaN	-15.94741153717041
571	572	fr	ewe	challenge_SSA-MTE	hyp1	News	NaN	-13.326602935791016
572	573	fr	ewe	challenge_SSA-MTE	hyp1	News	NaN	-15.989875793457031
573	574	fr	ewe	challenge_SSA-MTE	hyp1	News	NaN	-15.331948280334473
574	575	fr	ewe	challenge_SSA-MTE	hyp1	News	NaN	-13.896383285522461
575	576	fr	ewe	challenge_SSA-MTE	hyp1	News	NaN	-19.24582862854004
576	577	fr	ewe	challenge_SSA-MTE	hyp1	News	NaN	-13.589269638061523
577	578	fr	ewe	challenge_SSA-MTE	hyp1	News	NaN	-31.27313995361328
578	579	fr	ewe	challenge_SSA-MTE	hyp1	News	NaN	-13.294137954711914
579	580	fr	ewe	challenge_SSA-MTE	hyp1	News	NaN	-10.573813438415527
580	581	fr	ewe	challenge_SSA-MTE	hyp1	News	NaN	-11.391400337219238
581	582	fr	ewe	challenge_SSA-MTE	hyp1	News	NaN	-7.79913330078125
582	583	fr	ewe	challenge_SSA-MTE	hyp1	News	NaN	-28.864768981933594
583	584	fr	ewe	challenge_SSA-MTE	hyp1	News	NaN	-11.789326667785645
584	585	fr	ewe	challenge_SSA-MTE	hyp1	News	NaN	-8.288171768188477
585	586	fr	ewe	challenge_SSA-MTE	hyp1	News	NaN	-9.09332275390625
586	587	fr	ewe	challenge_SSA-MTE	hyp1	News	NaN	-7.111408233642578
587	588	fr	ewe	challenge_SSA-MTE	hyp1	News	NaN	-27.78073501586914
588	589	fr	ewe	challenge_SSA-MTE	hyp1	News	NaN	-6.935924530029297
589	590	fr	ewe	challenge_SSA-MTE	hyp1	News	NaN	-6.237743377685547
590	591	fr	ewe	challenge_SSA-MTE	hyp1	News	NaN	-6.112674236297607
591	592	fr	ewe	challenge_SSA-MTE	hyp1	News	NaN	-14.521858215332031
592	593	fr	ewe	challenge_SSA-MTE	hyp1	News	NaN	-13.813803672790527
593	594	fr	ewe	challenge_SSA-MTE	hyp1	News	NaN	-16.52711296081543
594	595	fr	ewe	challenge_SSA-MTE	hyp1	News	NaN	-16.954120635986328
595	596	fr	ewe	challenge_SSA-MTE	hyp1	News	NaN	-17.776172637939453
596	597	fr	ewe	challenge_SSA-MTE	hyp1	News	NaN	-14.714302062988281
597	598	fr	ewe	challenge_SSA-MTE	hyp1	News	NaN	-14.382534980773926
598	599	fr	ewe	challenge_SSA-MTE	hyp1	News	NaN	-8.860748291015625
599	600	fr	ewe	challenge_SSA-MTE	hyp1	News	NaN	-8.94107437133789
600	601	fr	ewe	challenge_SSA-MTE	hyp1	News	NaN	-9.11963939666748
601	602	fr	ewe	challenge_SSA-MTE	hyp1	News	NaN	-12.977794647216797
602	603	fr	ewe	challenge_SSA-MTE	hyp1	News	NaN	-24.731002807617188
603	604	fr	ewe	challenge_SSA-MTE	hyp1	News	NaN	-13.774044036865234
604	605	fr	ewe	challenge_SSA-MTE	hyp1	News	NaN	-13.619163513183594
605	606	fr	ewe	challenge_SSA-MTE	hyp1	News	NaN	-17.179479598999023
606	607	fr	ewe	challenge_SSA-MTE	hyp1	News	NaN	-14.044060707092285
607	608	fr	ewe	challenge_SSA-MTE	hyp1	News	NaN	-28.590421676635742
608	609	fr	ewe	challenge_SSA-MTE	hyp1	News	NaN	-16.50530242919922
609	610	fr	ewe	challenge_SSA-MTE	hyp1	News	NaN	-15.07008171081543
610	611	fr	ewe	challenge_SSA-MTE	hyp1	News	NaN	-12.513474464416504
611	612	fr	ewe	challenge_SSA-MTE	hyp1	News	NaN	-17.509645462036133
612	613	fr	ewe	challenge_SSA-MTE	hyp1	News	NaN	-21.30244255065918
613	614	fr	ewe	challenge_SSA-MTE	hyp1	News	NaN	-22.584575653076172
614	615	fr	ewe	challenge_SSA-MTE	hyp1	News	NaN	-12.718074798583984
615	616	fr	ewe	challenge_SSA-MTE	hyp1	News	NaN	-10.162115097045898
616	617	fr	ewe	challenge_SSA-MTE	hyp1	News	NaN	-12.898775100708008
617	618	fr	ewe	challenge_SSA-MTE	hyp1	News	NaN	-27.541893005371094
618	619	fr	ewe	challenge_SSA-MTE	hyp1	News	NaN	-12.122961044311523
619	620	fr	ewe	challenge_SSA-MTE	hyp1	News	NaN	-12.421917915344238
620	621	fr	ewe	challenge_SSA-MTE	hyp1	News	NaN	-14.221273422241211
621	622	fr	ewe	challenge_SSA-MTE	hyp1	News	NaN	-26.499835968017578
622	623	fr	ewe	challenge_SSA-MTE	hyp1	News	NaN	-23.198816299438477
623	624	fr	ewe	challenge_SSA-MTE	hyp1	News	NaN	-22.16226577758789
624	625	fr	ewe	challenge_SSA-MTE	hyp1	News	NaN	-16.199199676513672
625	626	fr	ewe	challenge_SSA-MTE	hyp1	News	NaN	-20.231687545776367
626	627	fr	ewe	challenge_SSA-MTE	hyp1	News	NaN	-17.263731002807617
627	628	fr	ewe	challenge_SSA-MTE	hyp1	News	NaN	-27.389095306396484
628	629	fr	ewe	challenge_SSA-MTE	hyp1	News	NaN	-23.038654327392578
629	630	fr	ewe	challenge_SSA-MTE	hyp1	News	NaN	-19.658096313476562
630	631	fr	ewe	challenge_SSA-MTE	hyp1	News	NaN	-12.800893783569336
631	632	fr	ewe	challenge_SSA-MTE	hyp1	News	NaN	-16.16293716430664
632	633	fr	ewe	challenge_SSA-MTE	hyp1	News	NaN	-17.87179183959961
633	634	fr	ewe	challenge_SSA-MTE	hyp1	News	NaN	-14.351762771606445
634	635	fr	ewe	challenge_SSA-MTE	hyp1	News	NaN	-17.066329956054688
635	636	fr	ewe	challenge_SSA-MTE	hyp1	News	NaN	-17.35424041748047
636	637	fr	ewe	challenge_SSA-MTE	hyp1	News	NaN	-13.123655319213867
637	638	fr	ewe	challenge_SSA-MTE	hyp1	News	NaN	-17.34009552001953
638	639	fr	ewe	challenge_SSA-MTE	hyp1	News	NaN	-15.141765594482422
639	640	fr	ewe	challenge_SSA-MTE	hyp1	News	NaN	-13.16692066192627
640	641	fr	ewe	challenge_SSA-MTE	hyp1	News	NaN	-11.098401069641113
641	642	fr	ewe	challenge_SSA-MTE	hyp1	News	NaN	-16.555191040039062
642	643	fr	ewe	challenge_SSA-MTE	hyp1	News	NaN	-19.776376724243164
643	644	fr	ewe	challenge_SSA-MTE	hyp1	News	NaN	-14.235709190368652
644	645	fr	ewe	challenge_SSA-MTE	hyp1	News	NaN	-12.453863143920898
645	646	fr	ewe	challenge_SSA-MTE	hyp1	News	NaN	-14.712113380432129
646	647	fr	ewe	challenge_SSA-MTE	hyp1	News	NaN	-23.771739959716797
647	648	fr	ewe	challenge_SSA-MTE	hyp1	News	NaN	-25.991703033447266
648	649	fr	ewe	challenge_SSA-MTE	hyp1	News	NaN	-22.886470794677734
649	650	fr	ewe	challenge_SSA-MTE	hyp1	News	NaN	-14.627883911132812
650	651	fr	ewe	challenge_SSA-MTE	hyp1	News	NaN	-14.343647003173828
651	652	fr	ewe	challenge_SSA-MTE	hyp1	News	NaN	-9.00258731842041
652	653	fr	ewe	challenge_SSA-MTE	hyp1	News	NaN	-10.67270278930664
653	654	fr	ewe	challenge_SSA-MTE	hyp1	News	NaN	-13.345431327819824
654	655	fr	ewe	challenge_SSA-MTE	hyp1	News	NaN	-11.863183975219727
655	656	fr	ewe	challenge_SSA-MTE	hyp1	News	NaN	-11.493823051452637
656	657	fr	ewe	challenge_SSA-MTE	hyp1	News	NaN	-12.773883819580078
657	658	fr	ewe	challenge_SSA-MTE	hyp1	News	NaN	-27.21076011657715
658	659	fr	ewe	challenge_SSA-MTE	hyp1	News	NaN	-15.50224494934082
659	660	fr	ewe	challenge_SSA-MTE	hyp1	News	NaN	-13.662385940551758
660	661	fr	ewe	challenge_SSA-MTE	hyp1	News	NaN	-11.905508041381836
661	662	fr	ewe	challenge_SSA-MTE	hyp1	News	NaN	-12.892609596252441
662	663	fr	ewe	challenge_SSA-MTE	hyp1	News	NaN	-29.966665267944336
663	664	fr	ewe	challenge_SSA-MTE	hyp1	News	NaN	-17.83590316772461
664	665	fr	ewe	challenge_SSA-MTE	hyp1	News	NaN	-14.15854263305664
665	666	fr	ewe	challenge_SSA-MTE	hyp1	News	NaN	-10.670238494873047
666	667	fr	ewe	challenge_SSA-MTE	hyp1	News	NaN	-8.33100700378418
667	668	fr	ewe	challenge_SSA-MTE	hyp1	News	NaN	-9.283060073852539
668	669	fr	ewe	challenge_SSA-MTE	hyp1	News	NaN	-12.207358360290527
669	670	fr	ewe	challenge_SSA-MTE	hyp1	News	NaN	-6.878423690795898
670	671	fr	ewe	challenge_SSA-MTE	hyp1	News	NaN	-8.719942092895508
671	672	fr	ewe	challenge_SSA-MTE	hyp1	News	NaN	-10.853169441223145
672	673	fr	ewe	challenge_SSA-MTE	hyp1	News	NaN	-16.181262969970703
673	674	fr	ewe	challenge_SSA-MTE	hyp1	News	NaN	-17.370746612548828
674	675	fr	ewe	challenge_SSA-MTE	hyp1	News	NaN	-12.82022762298584
675	676	fr	ewe	challenge_SSA-MTE	hyp1	News	NaN	-19.228778839111328
676	677	fr	ewe	challenge_SSA-MTE	hyp1	News	NaN	-24.67962074279785
677	678	fr	ewe	challenge_SSA-MTE	hyp1	News	NaN	-21.64769744873047
678	679	fr	ewe	challenge_SSA-MTE	hyp1	News	NaN	-25.53799057006836
679	680	fr	ewe	challenge_SSA-MTE	hyp1	News	NaN	-24.557109832763672
680	681	fr	ewe	challenge_SSA-MTE	hyp1	News	NaN	-23.11214256286621
681	682	fr	ewe	challenge_SSA-MTE	hyp1	News	NaN	-9.036672592163086
682	683	fr	ewe	challenge_SSA-MTE	hyp1	News	NaN	-22.508129119873047
683	684	fr	ewe	challenge_SSA-MTE	hyp1	News	NaN	-7.177315711975098
684	685	fr	ewe	challenge_SSA-MTE	hyp1	News	NaN	-7.853531360626221
685	686	fr	ewe	challenge_SSA-MTE	hyp1	News	NaN	-8.436819076538086
686	687	fr	ewe	challenge_SSA-MTE	hyp1	News	NaN	-17.546554565429688
687	688	fr	ewe	challenge_SSA-MTE	hyp1	News	NaN	-30.487991333007812
688	689	fr	ewe	challenge_SSA-MTE	hyp1	News	NaN	-18.949800491333008
689	690	fr	ewe	challenge_SSA-MTE	hyp1	News	NaN	-18.729351043701172
690	691	fr	ewe	challenge_SSA-MTE	hyp1	News	NaN	-22.922454833984375
691	692	fr	ewe	challenge_SSA-MTE	hyp1	News	NaN	-10.357767105102539
692	693	fr	ewe	challenge_SSA-MTE	hyp1	News	NaN	-20.375301361083984
693	694	fr	ewe	challenge_SSA-MTE	hyp1	News	NaN	-11.504688262939453
694	695	fr	ewe	challenge_SSA-MTE	hyp1	News	NaN	-13.222002029418945
695	696	fr	ewe	challenge_SSA-MTE	hyp1	News	NaN	-11.28325080871582
696	697	fr	ewe	challenge_SSA-MTE	hyp1	News	NaN	-16.966577529907227
697	698	fr	ewe	challenge_SSA-MTE	hyp1	News	NaN	-30.212080001831055
698	699	fr	ewe	challenge_SSA-MTE	hyp1	News	NaN	-20.454198837280273
699	700	fr	ewe	challenge_SSA-MTE	hyp1	News	NaN	-20.281936645507812
700	701	fr	ewe	challenge_SSA-MTE	hyp1	News	NaN	-25.149356842041016
701	702	fr	ewe	challenge_SSA-MTE	hyp1	News	NaN	-13.834131240844727
702	703	fr	ewe	challenge_SSA-MTE	hyp1	News	NaN	-19.24297523498535
703	704	fr	ewe	challenge_SSA-MTE	hyp1	News	NaN	-13.660833358764648
704	705	fr	ewe	challenge_SSA-MTE	hyp1	News	NaN	-14.441911697387695
705	706	fr	ewe	challenge_SSA-MTE	hyp1	News	NaN	-12.114729881286621
706	707	fr	ewe	challenge_SSA-MTE	hyp1	News	NaN	-13.297435760498047
707	708	fr	ewe	challenge_SSA-MTE	hyp1	News	NaN	-20.94662094116211
708	709	fr	ewe	challenge_SSA-MTE	hyp1	News	NaN	-14.876141548156738
709	710	fr	ewe	challenge_SSA-MTE	hyp1	News	NaN	-10.070222854614258
710	711	fr	ewe	challenge_SSA-MTE	hyp1	News	NaN	-19.605655670166016
711	712	fr	ewe	challenge_SSA-MTE	hyp1	News	NaN	-15.975665092468262
712	713	fr	ewe	challenge_SSA-MTE	hyp1	News	NaN	-24.179418563842773
713	714	fr	ewe	challenge_SSA-MTE	hyp1	News	NaN	-18.98717498779297
714	715	fr	ewe	challenge_SSA-MTE	hyp1	News	NaN	-19.312179565429688
715	716	fr	ewe	challenge_SSA-MTE	hyp1	News	NaN	-14.079055786132812
716	717	fr	ewe	challenge_SSA-MTE	hyp1	News	NaN	-17.063398361206055
717	718	fr	ewe	challenge_SSA-MTE	hyp1	News	NaN	-13.918967247009277
718	719	fr	ewe	challenge_SSA-MTE	hyp1	News	NaN	-23.411151885986328
719	720	fr	ewe	challenge_SSA-MTE	hyp1	News	NaN	-11.186988830566406
720	721	fr	ewe	challenge_SSA-MTE	hyp1	News	NaN	-15.853729248046875
721	722	fr	ewe	challenge_SSA-MTE	hyp1	News	NaN	-17.295671463012695
722	723	fr	ewe	challenge_SSA-MTE	hyp1	News	NaN	-24.84302520751953
723	724	fr	ewe	challenge_SSA-MTE	hyp1	News	NaN	-10.927703857421875
724	725	fr	ewe	challenge_SSA-MTE	hyp1	News	NaN	-15.849194526672363
725	726	fr	ewe	challenge_SSA-MTE	hyp1	News	NaN	-18.273801803588867
726	727	fr	ewe	challenge_SSA-MTE	hyp1	News	NaN	-19.583707809448242
727	728	fr	ewe	challenge_SSA-MTE	hyp1	News	NaN	-22.969715118408203
728	729	fr	ewe	challenge_SSA-MTE	hyp1	News	NaN	-17.214630126953125
729	730	fr	ewe	challenge_SSA-MTE	hyp1	News	NaN	-22.300518035888672
730	731	fr	ewe	challenge_SSA-MTE	hyp1	News	NaN	-16.968338012695312
731	732	fr	ewe	challenge_SSA-MTE	hyp1	News	NaN	-10.996585845947266
732	733	fr	ewe	challenge_SSA-MTE	hyp1	News	NaN	-16.606063842773438
733	734	fr	ewe	challenge_SSA-MTE	hyp1	News	NaN	-12.53463363647461
734	735	fr	ewe	challenge_SSA-MTE	hyp1	News	NaN	-12.133068084716797
735	736	fr	ewe	challenge_SSA-MTE	hyp1	News	NaN	-20.777231216430664
736	737	fr	ewe	challenge_SSA-MTE	hyp1	News	NaN	-6.303815841674805
737	738	fr	ewe	challenge_SSA-MTE	hyp1	News	NaN	-17.270923614501953
738	739	fr	ewe	challenge_SSA-MTE	hyp1	News	NaN	-6.494200229644775
739	740	fr	ewe	challenge_SSA-MTE	hyp1	News	NaN	-3.6290462017059326
740	741	fr	ewe	challenge_SSA-MTE	hyp1	News	NaN	-3.9901373386383057
741	742	fr	ewe	challenge_SSA-MTE	hyp1	News	NaN	-12.372821807861328
742	743	fr	ewe	challenge_SSA-MTE	hyp1	News	NaN	-28.637460708618164
743	744	fr	ewe	challenge_SSA-MTE	hyp1	News	NaN	-12.220986366271973
744	745	fr	ewe	challenge_SSA-MTE	hyp1	News	NaN	-12.123022079467773
745	746	fr	ewe	challenge_SSA-MTE	hyp1	News	NaN	-10.099947929382324
746	747	fr	ewe	challenge_SSA-MTE	hyp1	News	NaN	-12.98223876953125
747	748	fr	ewe	challenge_SSA-MTE	hyp1	News	NaN	-16.165395736694336
748	749	fr	ewe	challenge_SSA-MTE	hyp1	News	NaN	-12.274609565734863
749	750	fr	ewe	challenge_SSA-MTE	hyp1	News	NaN	-15.716923713684082
750	751	fr	ewe	challenge_SSA-MTE	hyp1	News	NaN	-11.708340644836426
751	752	fr	ewe	challenge_SSA-MTE	hyp1	News	NaN	-22.29813003540039
752	753	fr	ewe	challenge_SSA-MTE	hyp1	News	NaN	-16.884750366210938
753	754	fr	ewe	challenge_SSA-MTE	hyp1	News	NaN	-13.832015037536621
754	755	fr	ewe	challenge_SSA-MTE	hyp1	News	NaN	-13.522518157958984
755	756	fr	ewe	challenge_SSA-MTE	hyp1	News	NaN	-14.293437957763672
756	757	fr	ewe	challenge_SSA-MTE	hyp1	News	NaN	-8.507829666137695
757	758	fr	ewe	challenge_SSA-MTE	hyp1	News	NaN	-24.953453063964844
758	759	fr	ewe	challenge_SSA-MTE	hyp1	News	NaN	-10.403048515319824
759	760	fr	ewe	challenge_SSA-MTE	hyp1	News	NaN	-10.816003799438477
760	761	fr	ewe	challenge_SSA-MTE	hyp1	News	NaN	-11.981927871704102
761	762	fr	ewe	challenge_SSA-MTE	hyp1	News	NaN	-15.661624908447266
762	763	fr	ewe	challenge_SSA-MTE	hyp1	News	NaN	-26.000732421875
763	764	fr	ewe	challenge_SSA-MTE	hyp1	News	NaN	-20.611427307128906
764	765	fr	ewe	challenge_SSA-MTE	hyp1	News	NaN	-15.761407852172852
765	766	fr	ewe	challenge_SSA-MTE	hyp1	News	NaN	-9.599198341369629
766	767	fr	ewe	challenge_SSA-MTE	hyp1	News	NaN	-16.749439239501953
767	768	fr	ewe	challenge_SSA-MTE	hyp1	News	NaN	-18.832122802734375
768	769	fr	ewe	challenge_SSA-MTE	hyp1	News	NaN	-15.6469087600708
769	770	fr	ewe	challenge_SSA-MTE	hyp1	News	NaN	-15.484953880310059
770	771	fr	ewe	challenge_SSA-MTE	hyp1	News	NaN	-14.123990058898926
771	772	fr	ewe	challenge_SSA-MTE	hyp1	News	NaN	-26.516624450683594
772	773	fr	ewe	challenge_SSA-MTE	hyp1	News	NaN	-20.701210021972656
773	774	fr	ewe	challenge_SSA-MTE	hyp1	News	NaN	-15.787187576293945
774	775	fr	ewe	challenge_SSA-MTE	hyp1	News	NaN	-14.280899047851562
775	776	fr	ewe	challenge_SSA-MTE	hyp1	News	NaN	-16.334251403808594
776	777	fr	ewe	challenge_SSA-MTE	hyp1	News	NaN	-30.505390167236328
777	778	fr	ewe	challenge_SSA-MTE	hyp1	News	NaN	-17.56625747680664
778	779	fr	ewe	challenge_SSA-MTE	hyp1	News	NaN	-18.22206687927246
779	780	fr	ewe	challenge_SSA-MTE	hyp1	News	NaN	-14.191020965576172
780	781	fr	ewe	challenge_SSA-MTE	hyp1	News	NaN	-14.749378204345703
781	782	fr	ewe	challenge_SSA-MTE	hyp1	News	NaN	-28.005714416503906
782	783	fr	ewe	challenge_SSA-MTE	hyp1	News	NaN	-18.23379898071289
783	784	fr	ewe	challenge_SSA-MTE	hyp1	News	NaN	-19.082534790039062
784	785	fr	ewe	challenge_SSA-MTE	hyp1	News	NaN	-13.222710609436035
785	786	fr	ewe	challenge_SSA-MTE	hyp1	News	NaN	-15.292433738708496
786	787	fr	ewe	challenge_SSA-MTE	hyp1	News	NaN	-19.653209686279297
787	788	fr	ewe	challenge_SSA-MTE	hyp1	News	NaN	-10.80462646484375
788	789	fr	ewe	challenge_SSA-MTE	hyp1	News	NaN	-10.200056076049805
789	790	fr	ewe	challenge_SSA-MTE	hyp1	News	NaN	-13.460691452026367
790	791	fr	ewe	challenge_SSA-MTE	hyp1	News	NaN	-21.72458267211914
791	792	fr	ewe	challenge_SSA-MTE	hyp1	News	NaN	-24.357078552246094
792	793	fr	ewe	challenge_SSA-MTE	hyp1	News	NaN	-12.466885566711426
793	794	fr	ewe	challenge_SSA-MTE	hyp1	News	NaN	-17.159011840820312
794	795	fr	ewe	challenge_SSA-MTE	hyp1	News	NaN	-20.486572265625
795	796	fr	ewe	challenge_SSA-MTE	hyp1	News	NaN	-10.488258361816406
796	797	fr	ewe	challenge_SSA-MTE	hyp1	News	NaN	-19.35982322692871
797	798	fr	ewe	challenge_SSA-MTE	hyp1	News	NaN	-17.70694351196289
798	799	fr	ewe	challenge_SSA-MTE	hyp1	News	NaN	-18.608291625976562
799	800	fr	ewe	challenge_SSA-MTE	hyp1	News	NaN	-15.96099853515625
800	801	fr	ewe	challenge_SSA-MTE	hyp1	News	NaN	-12.626566886901855
801	802	fr	ewe	challenge_SSA-MTE	hyp1	News	NaN	-27.87207794189453
802	803	fr	ewe	challenge_SSA-MTE	hyp1	News	NaN	-14.535234451293945
803	804	fr	ewe	challenge_SSA-MTE	hyp1	News	NaN	-20.168167114257812
804	805	fr	ewe	challenge_SSA-MTE	hyp1	News	NaN	-22.29570770263672
805	806	fr	ewe	challenge_SSA-MTE	hyp1	News	NaN	-18.923337936401367
806	807	fr	ewe	challenge_SSA-MTE	hyp1	News	NaN	-28.45708465576172
807	808	fr	ewe	challenge_SSA-MTE	hyp1	News	NaN	-22.206710815429688
808	809	fr	ewe	challenge_SSA-MTE	hyp1	News	NaN	-18.18029022216797
809	810	fr	ewe	challenge_SSA-MTE	hyp1	News	NaN	-11.295756340026855
810	811	fr	ewe	challenge_SSA-MTE	hyp1	News	NaN	-16.596891403198242
811	812	fr	ewe	challenge_SSA-MTE	hyp1	News	NaN	-20.673809051513672
812	813	fr	ewe	challenge_SSA-MTE	hyp1	News	NaN	-20.576841354370117
813	814	fr	ewe	challenge_SSA-MTE	hyp1	News	NaN	-26.357845306396484
814	815	fr	ewe	challenge_SSA-MTE	hyp1	News	NaN	-19.391578674316406
815	816	fr	ewe	challenge_SSA-MTE	hyp1	News	NaN	-12.59117317199707
816	817	fr	ewe	challenge_SSA-MTE	hyp1	News	NaN	-24.724231719970703
817	818	fr	ewe	challenge_SSA-MTE	hyp1	News	NaN	-15.531120300292969
818	819	fr	ewe	challenge_SSA-MTE	hyp1	News	NaN	-20.123674392700195
819	820	fr	ewe	challenge_SSA-MTE	hyp1	News	NaN	-18.345600128173828
820	821	fr	ewe	challenge_SSA-MTE	hyp1	News	NaN	-18.991474151611328
821	822	fr	ewe	challenge_SSA-MTE	hyp1	News	NaN	-22.623958587646484
822	823	fr	ewe	challenge_SSA-MTE	hyp1	News	NaN	-18.891902923583984
823	824	fr	ewe	challenge_SSA-MTE	hyp1	News	NaN	-15.123862266540527
824	825	fr	ewe	challenge_SSA-MTE	hyp1	News	NaN	-16.58557891845703
825	826	fr	ewe	challenge_SSA-MTE	hyp1	News	NaN	-16.573532104492188
826	827	fr	ewe	challenge_SSA-MTE	hyp1	News	NaN	-23.21546173095703
827	828	fr	ewe	challenge_SSA-MTE	hyp1	News	NaN	-16.26161766052246
828	829	fr	ewe	challenge_SSA-MTE	hyp1	News	NaN	-15.855463027954102
829	830	fr	ewe	challenge_SSA-MTE	hyp1	News	NaN	-16.702640533447266
830	831	fr	ewe	challenge_SSA-MTE	hyp1	News	NaN	-15.549298286437988
831	832	fr	ewe	challenge_SSA-MTE	hyp1	News	NaN	-28.757490158081055
832	833	fr	ewe	challenge_SSA-MTE	hyp1	News	NaN	-18.397586822509766
833	834	fr	ewe	challenge_SSA-MTE	hyp1	News	NaN	-14.000669479370117
834	835	fr	ewe	challenge_SSA-MTE	hyp1	News	NaN	-17.14380645751953
835	836	fr	ewe	challenge_SSA-MTE	hyp1	News	NaN	-13.676224708557129
836	837	fr	ewe	challenge_SSA-MTE	hyp1	News	NaN	-20.833127975463867
837	838	fr	ewe	challenge_SSA-MTE	hyp1	News	NaN	-14.588546752929688
838	839	fr	ewe	challenge_SSA-MTE	hyp1	News	NaN	-12.878544807434082
839	840	fr	ewe	challenge_SSA-MTE	hyp1	News	NaN	-18.88349723815918
840	841	fr	ewe	challenge_SSA-MTE	hyp1	News	NaN	-20.146312713623047
841	842	fr	ewe	challenge_SSA-MTE	hyp1	News	NaN	-13.389184951782227
842	843	fr	ewe	challenge_SSA-MTE	hyp1	News	NaN	-16.908891677856445
843	844	fr	ewe	challenge_SSA-MTE	hyp1	News	NaN	-19.278858184814453
844	845	fr	ewe	challenge_SSA-MTE	hyp1	News	NaN	-20.868301391601562
845	846	fr	ewe	challenge_SSA-MTE	hyp1	News	NaN	-12.764686584472656
846	847	fr	ewe	challenge_SSA-MTE	hyp1	News	NaN	-19.775272369384766
847	848	fr	ewe	challenge_SSA-MTE	hyp1	News	NaN	-22.751550674438477
848	849	fr	ewe	challenge_SSA-MTE	hyp1	News	NaN	-19.679702758789062
849	850	fr	ewe	challenge_SSA-MTE	hyp1	News	NaN	-18.638744354248047
850	851	fr	ewe	challenge_SSA-MTE	hyp1	News	NaN	-27.615886688232422
851	852	fr	ewe	challenge_SSA-MTE	hyp1	News	NaN	-25.390480041503906
852	853	fr	ewe	challenge_SSA-MTE	hyp1	News	NaN	-19.47833251953125
853	854	fr	ewe	challenge_SSA-MTE	hyp1	News	NaN	-19.291624069213867
854	855	fr	ewe	challenge_SSA-MTE	hyp1	News	NaN	-21.392093658447266
855	856	fr	ewe	challenge_SSA-MTE	hyp1	News	NaN	-8.739130020141602
856	857	fr	ewe	challenge_SSA-MTE	hyp1	News	NaN	-10.351688385009766
857	858	fr	ewe	challenge_SSA-MTE	hyp1	News	NaN	-11.367416381835938
858	859	fr	ewe	challenge_SSA-MTE	hyp1	News	NaN	-10.95970344543457
859	860	fr	ewe	challenge_SSA-MTE	hyp1	News	NaN	-8.555721282958984
860	861	fr	ewe	challenge_SSA-MTE	hyp1	News	NaN	-12.88748550415039
861	862	fr	ewe	challenge_SSA-MTE	hyp1	News	NaN	-12.141545295715332
862	863	fr	ewe	challenge_SSA-MTE	hyp1	News	NaN	-13.693345069885254
863	864	fr	ewe	challenge_SSA-MTE	hyp1	News	NaN	-15.468330383300781
864	865	fr	ewe	challenge_SSA-MTE	hyp1	News	NaN	-13.784728050231934
865	866	fr	ewe	challenge_SSA-MTE	hyp1	News	NaN	-18.860010147094727
866	867	fr	ewe	challenge_SSA-MTE	hyp1	News	NaN	-25.81858253479004
867	868	fr	ewe	challenge_SSA-MTE	hyp1	News	NaN	-13.935989379882812
868	869	fr	ewe	challenge_SSA-MTE	hyp1	News	NaN	-18.00391387939453
869	870	fr	ewe	challenge_SSA-MTE	hyp1	News	NaN	-12.49363899230957
870	871	fr	ewe	challenge_SSA-MTE	hyp1	News	NaN	-12.935935020446777
871	872	fr	ewe	challenge_SSA-MTE	hyp1	News	NaN	-27.67845344543457
872	873	fr	ewe	challenge_SSA-MTE	hyp1	News	NaN	-18.488990783691406
873	874	fr	ewe	challenge_SSA-MTE	hyp1	News	NaN	-30.8074951171875
874	875	fr	ewe	challenge_SSA-MTE	hyp1	News	NaN	-11.968195915222168
875	876	fr	ewe	challenge_SSA-MTE	hyp1	News	NaN	-10.01955509185791
876	877	fr	ewe	challenge_SSA-MTE	hyp1	News	NaN	-15.694896697998047
877	878	fr	ewe	challenge_SSA-MTE	hyp1	News	NaN	-12.095719337463379
878	879	fr	ewe	challenge_SSA-MTE	hyp1	News	NaN	-13.325095176696777
879	880	fr	ewe	challenge_SSA-MTE	hyp1	News	NaN	-10.95804214477539
880	881	fr	ewe	challenge_SSA-MTE	hyp1	News	NaN	-27.823162078857422
881	882	fr	ewe	challenge_SSA-MTE	hyp1	News	NaN	-29.42995834350586
882	883	fr	ewe	challenge_SSA-MTE	hyp1	News	NaN	-21.65599822998047
883	884	fr	ewe	challenge_SSA-MTE	hyp1	News	NaN	-19.94196319580078
884	885	fr	ewe	challenge_SSA-MTE	hyp1	News	NaN	-21.325252532958984
885	886	fr	ewe	challenge_SSA-MTE	hyp1	News	NaN	-23.26582908630371
886	887	fr	ewe	challenge_SSA-MTE	hyp1	News	NaN	-25.696456909179688
887	888	fr	ewe	challenge_SSA-MTE	hyp1	News	NaN	-21.02785301208496
888	889	fr	ewe	challenge_SSA-MTE	hyp1	News	NaN	-21.953369140625
889	890	fr	ewe	challenge_SSA-MTE	hyp1	News	NaN	-21.784900665283203
890	891	fr	ewe	challenge_SSA-MTE	hyp1	News	NaN	-18.962522506713867
891	892	fr	ewe	challenge_SSA-MTE	hyp1	News	NaN	-27.022079467773438
892	893	fr	ewe	challenge_SSA-MTE	hyp1	News	NaN	-19.109161376953125
893	894	fr	ewe	challenge_SSA-MTE	hyp1	News	NaN	-13.71476936340332
894	895	fr	ewe	challenge_SSA-MTE	hyp1	News	NaN	-17.33373260498047
895	896	fr	ewe	challenge_SSA-MTE	hyp1	News	NaN	-21.363048553466797
896	897	fr	ewe	challenge_SSA-MTE	hyp1	News	NaN	-27.16871452331543
897	898	fr	ewe	challenge_SSA-MTE	hyp1	News	NaN	-27.279586791992188
898	899	fr	ewe	challenge_SSA-MTE	hyp1	News	NaN	-18.076629638671875
899	900	fr	ewe	challenge_SSA-MTE	hyp1	News	NaN	-16.21151351928711
900	901	fr	ewe	challenge_SSA-MTE	hyp1	News	NaN	-14.61669921875
901	902	fr	ewe	challenge_SSA-MTE	hyp1	News	NaN	-27.688587188720703
902	903	fr	ewe	challenge_SSA-MTE	hyp1	News	NaN	-16.704862594604492
903	904	fr	ewe	challenge_SSA-MTE	hyp1	News	NaN	-16.751766204833984
904	905	fr	ewe	challenge_SSA-MTE	hyp1	News	NaN	-16.59249496459961
905	906	fr	ewe	challenge_SSA-MTE	hyp1	News	NaN	-20.16763687133789
906	907	fr	ewe	challenge_SSA-MTE	hyp1	News	NaN	-29.22400665283203
907	908	fr	ewe	challenge_SSA-MTE	hyp1	News	NaN	-19.691486358642578
908	909	fr	ewe	challenge_SSA-MTE	hyp1	News	NaN	-15.106420516967773
909	910	fr	ewe	challenge_SSA-MTE	hyp1	News	NaN	-17.926158905029297
910	911	fr	ewe	challenge_SSA-MTE	hyp1	News	NaN	-14.361011505126953
911	912	fr	ewe	challenge_SSA-MTE	hyp1	News	NaN	-24.448551177978516
912	913	fr	ewe	challenge_SSA-MTE	hyp1	News	NaN	-19.278457641601562
913	914	fr	ewe	challenge_SSA-MTE	hyp1	News	NaN	-17.547510147094727
914	915	fr	ewe	challenge_SSA-MTE	hyp1	News	NaN	-19.57170867919922
915	916	fr	ewe	challenge_SSA-MTE	hyp1	News	NaN	-12.632414817810059
916	917	fr	ewe	challenge_SSA-MTE	hyp1	News	NaN	-21.002370834350586
917	918	fr	ewe	challenge_SSA-MTE	hyp1	News	NaN	-13.730966567993164
918	919	fr	ewe	challenge_SSA-MTE	hyp1	News	NaN	-16.678356170654297
919	920	fr	ewe	challenge_SSA-MTE	hyp1	News	NaN	-15.534646034240723
920	921	fr	ewe	challenge_SSA-MTE	hyp1	News	NaN	-13.436917304992676
921	922	fr	ewe	challenge_SSA-MTE	hyp1	News	NaN	-19.009765625
922	923	fr	ewe	challenge_SSA-MTE	hyp1	News	NaN	-13.327569961547852
923	924	fr	ewe	challenge_SSA-MTE	hyp1	News	NaN	-13.426786422729492
924	925	fr	ewe	challenge_SSA-MTE	hyp1	News	NaN	-17.93273162841797
925	926	fr	ewe	challenge_SSA-MTE	hyp1	News	NaN	-29.328243255615234
926	927	fr	ewe	challenge_SSA-MTE	hyp1	News	NaN	-27.850603103637695
927	928	fr	ewe	challenge_SSA-MTE	hyp1	News	NaN	-27.98497772216797
928	929	fr	ewe	challenge_SSA-MTE	hyp1	News	NaN	-27.712799072265625
929	930	fr	ewe	challenge_SSA-MTE	hyp1	News	NaN	-21.782958984375
930	931	fr	ewe	challenge_SSA-MTE	hyp1	News	NaN	-15.915302276611328
931	932	fr	ewe	challenge_SSA-MTE	hyp1	News	NaN	-17.902790069580078
932	933	fr	ewe	challenge_SSA-MTE	hyp1	News	NaN	-15.05562686920166
933	934	fr	ewe	challenge_SSA-MTE	hyp1	News	NaN	-16.809537887573242
934	935	fr	ewe	challenge_SSA-MTE	hyp1	News	NaN	-11.624561309814453
935	936	fr	ewe	challenge_SSA-MTE	hyp1	News	NaN	-15.636581420898438
936	937	fr	ewe	challenge_SSA-MTE	hyp1	News	NaN	-22.407936096191406
937	938	fr	ewe	challenge_SSA-MTE	hyp1	News	NaN	-21.39318084716797
938	939	fr	ewe	challenge_SSA-MTE	hyp1	News	NaN	-15.249629020690918
939	940	fr	ewe	challenge_SSA-MTE	hyp1	News	NaN	-25.160079956054688
940	941	fr	ewe	challenge_SSA-MTE	hyp1	News	NaN	-20.39321517944336
941	942	fr	ewe	challenge_SSA-MTE	hyp1	News	NaN	-25.32827377319336
942	943	fr	ewe	challenge_SSA-MTE	hyp1	News	NaN	-23.87882423400879
943	944	fr	ewe	challenge_SSA-MTE	hyp1	News	NaN	-24.81661605834961
944	945	fr	ewe	challenge_SSA-MTE	hyp1	News	NaN	-24.0961856842041
945	946	fr	ewe	challenge_SSA-MTE	hyp1	News	NaN	-10.1932373046875
946	947	fr	ewe	challenge_SSA-MTE	hyp1	News	NaN	-13.361040115356445
947	948	fr	ewe	challenge_SSA-MTE	hyp1	News	NaN	-8.250516891479492
948	949	fr	ewe	challenge_SSA-MTE	hyp1	News	NaN	-10.480299949645996
949	950	fr	ewe	challenge_SSA-MTE	hyp1	News	NaN	-13.986210823059082
950	951	fr	ewe	challenge_SSA-MTE	hyp1	News	NaN	-14.329605102539062
951	952	fr	ewe	challenge_SSA-MTE	hyp1	News	NaN	-17.914810180664062
952	953	fr	ewe	challenge_SSA-MTE	hyp1	News	NaN	-21.512039184570312
953	954	fr	ewe	challenge_SSA-MTE	hyp1	News	NaN	-20.350547790527344
954	955	fr	ewe	challenge_SSA-MTE	hyp1	News	NaN	-12.204044342041016
955	956	fr	ewe	challenge_SSA-MTE	hyp1	News	NaN	-11.617094039916992
956	957	fr	ewe	challenge_SSA-MTE	hyp1	News	NaN	-16.962936401367188
957	958	fr	ewe	challenge_SSA-MTE	hyp1	News	NaN	-12.163122177124023
958	959	fr	ewe	challenge_SSA-MTE	hyp1	News	NaN	-12.138927459716797
959	960	fr	ewe	challenge_SSA-MTE	hyp1	News	NaN	-19.74602699279785
960	961	fr	ewe	challenge_SSA-MTE	hyp1	News	NaN	-20.67871856689453
961	962	fr	ewe	challenge_SSA-MTE	hyp1	News	NaN	-11.887274742126465
962	963	fr	ewe	challenge_SSA-MTE	hyp1	News	NaN	-14.784502029418945
963	964	fr	ewe	challenge_SSA-MTE	hyp1	News	NaN	-15.587896347045898
964	965	fr	ewe	challenge_SSA-MTE	hyp1	News	NaN	-17.836605072021484
965	966	fr	ewe	challenge_SSA-MTE	hyp1	News	NaN	-15.792497634887695
966	967	fr	ewe	challenge_SSA-MTE	hyp1	News	NaN	-9.535003662109375
967	968	fr	ewe	challenge_SSA-MTE	hyp1	News	NaN	-9.36866569519043
968	969	fr	ewe	challenge_SSA-MTE	hyp1	News	NaN	-10.504098892211914
969	970	fr	ewe	challenge_SSA-MTE	hyp1	News	NaN	-16.581470489501953
970	971	fr	ewe	challenge_SSA-MTE	hyp1	News	NaN	-21.44622802734375
971	972	fr	ewe	challenge_SSA-MTE	hyp1	News	NaN	-16.446516036987305
972	973	fr	ewe	challenge_SSA-MTE	hyp1	News	NaN	-15.649221420288086
973	974	fr	ewe	challenge_SSA-MTE	hyp1	News	NaN	-17.001338958740234
974	975	fr	ewe	challenge_SSA-MTE	hyp1	News	NaN	-16.297229766845703
975	976	fr	ewe	challenge_SSA-MTE	hyp1	News	NaN	-20.170923233032227
976	977	fr	ewe	challenge_SSA-MTE	hyp1	News	NaN	-29.98731231689453
977	978	fr	ewe	challenge_SSA-MTE	hyp1	News	NaN	-9.533008575439453
978	979	fr	ewe	challenge_SSA-MTE	hyp1	News	NaN	-12.13680648803711
979	980	fr	ewe	challenge_SSA-MTE	hyp1	News	NaN	-12.85955810546875
980	981	fr	ewe	challenge_SSA-MTE	hyp1	News	NaN	-9.919112205505371
981	982	fr	ewe	challenge_SSA-MTE	hyp1	News	NaN	-8.740680694580078
982	983	fr	ewe	challenge_SSA-MTE	hyp1	News	NaN	-13.363250732421875
983	984	fr	ewe	challenge_SSA-MTE	hyp1	News	NaN	-13.469758033752441
984	985	fr	ewe	challenge_SSA-MTE	hyp1	News	NaN	-17.766202926635742
985	986	fr	ewe	challenge_SSA-MTE	hyp1	News	NaN	-24.5882568359375
986	987	fr	ewe	challenge_SSA-MTE	hyp1	News	NaN	-24.89211654663086
987	988	fr	ewe	challenge_SSA-MTE	hyp1	News	NaN	-17.99310874938965
988	989	fr	ewe	challenge_SSA-MTE	hyp1	News	NaN	-21.351158142089844
989	990	fr	ewe	challenge_SSA-MTE	hyp1	News	NaN	-23.106029510498047
990	991	fr	ewe	challenge_SSA-MTE	hyp1	News	NaN	-19.635129928588867
991	992	fr	ewe	challenge_SSA-MTE	hyp1	News	NaN	-24.885231018066406
992	993	fr	ewe	challenge_SSA-MTE	hyp1	News	NaN	-9.916963577270508
993	994	fr	ewe	challenge_SSA-MTE	hyp1	News	NaN	-19.24783706665039
994	995	fr	ewe	challenge_SSA-MTE	hyp1	News	NaN	-17.08997917175293
995	996	fr	ewe	challenge_SSA-MTE	hyp1	News	NaN	-33.34278869628906
996	997	fr	ewe	challenge_SSA-MTE	hyp1	News	NaN	-19.40349578857422
997	998	fr	ewe	challenge_SSA-MTE	hyp1	News	NaN	-14.155891418457031
998	999	fr	ewe	challenge_SSA-MTE	hyp1	News	NaN	-15.641962051391602
999	1000	fr	ewe	challenge_SSA-MTE	hyp1	News	NaN	-24.645662307739258
1000	1001	fr	ewe	challenge_SSA-MTE	hyp1	News	NaN	-33.40544891357422
1001	1002	fr	ewe	challenge_SSA-MTE	hyp1	News	NaN	-28.68438720703125
1002	1003	fr	ewe	challenge_SSA-MTE	hyp1	News	NaN	-17.017498016357422
1003	1004	fr	ewe	challenge_SSA-MTE	hyp1	News	NaN	-19.043575286865234
1004	1005	fr	ewe	challenge_SSA-MTE	hyp1	News	NaN	-19.87735939025879
1005	1006	fr	ewe	challenge_SSA-MTE	hyp1	News	NaN	-27.940120697021484
1006	1007	fr	ewe	challenge_SSA-MTE	hyp1	News	NaN	-16.909664154052734
1007	1008	fr	ewe	challenge_SSA-MTE	hyp1	News	NaN	-15.910755157470703
1008	1009	fr	ewe	challenge_SSA-MTE	hyp1	News	NaN	-25.022171020507812
1009	1010	fr	ewe	challenge_SSA-MTE	hyp1	News	NaN	-18.939516067504883
1010	1011	fr	ewe	challenge_SSA-MTE	hyp1	News	NaN	-16.815528869628906
1011	1012	fr	ewe	challenge_SSA-MTE	hyp1	News	NaN	-17.92986297607422
1012	1013	fr	ewe	challenge_SSA-MTE	hyp1	News	NaN	-11.415369033813477
1013	1014	fr	ewe	challenge_SSA-MTE	hyp1	News	NaN	-15.523353576660156
1014	1015	fr	ewe	challenge_SSA-MTE	hyp1	News	NaN	-20.402542114257812
1015	1016	fr	ewe	challenge_SSA-MTE	hyp1	News	NaN	-16.575695037841797
1016	1017	fr	ewe	challenge_SSA-MTE	hyp1	News	NaN	-16.621814727783203
1017	1018	fr	ewe	challenge_SSA-MTE	hyp1	News	NaN	-13.792250633239746
1018	1019	fr	ewe	challenge_SSA-MTE	hyp1	News	NaN	-19.86079216003418
1019	1020	fr	ewe	challenge_SSA-MTE	hyp1	News	NaN	-18.841106414794922
1020	1021	fr	ewe	challenge_SSA-MTE	hyp1	News	NaN	-15.392531394958496
1021	1022	fr	ewe	challenge_SSA-MTE	hyp1	News	NaN	-8.852516174316406
1022	1023	fr	ewe	challenge_SSA-MTE	hyp1	News	NaN	-18.121652603149414
1023	1024	fr	ewe	challenge_SSA-MTE	hyp1	News	NaN	-19.863554000854492
1024	1025	fr	ewe	challenge_SSA-MTE	hyp1	News	NaN	-29.194290161132812
1025	1026	fr	ewe	challenge_SSA-MTE	hyp1	News	NaN	-20.935867309570312
1026	1027	fr	ewe	challenge_SSA-MTE	hyp1	News	NaN	-20.384624481201172
1027	1028	fr	ewe	challenge_SSA-MTE	hyp1	News	NaN	-15.071442604064941
1028	1029	fr	ewe	challenge_SSA-MTE	hyp1	News	NaN	-21.447872161865234
1029	1030	fr	ewe	challenge_SSA-MTE	hyp1	News	NaN	-27.818557739257812
1030	1031	fr	ewe	challenge_SSA-MTE	hyp1	News	NaN	-21.26274871826172
1031	1032	fr	ewe	challenge_SSA-MTE	hyp1	News	NaN	-13.662195205688477
1032	1033	fr	ewe	challenge_SSA-MTE	hyp1	News	NaN	-16.9129638671875
1033	1034	fr	ewe	challenge_SSA-MTE	hyp1	News	NaN	-20.71156883239746
1034	1035	fr	ewe	challenge_SSA-MTE	hyp1	News	NaN	-33.2476806640625
1035	1036	fr	ewe	challenge_SSA-MTE	hyp1	News	NaN	-19.441577911376953
1036	1037	fr	ewe	challenge_SSA-MTE	hyp1	News	NaN	-14.188724517822266
1037	1038	fr	ewe	challenge_SSA-MTE	hyp1	News	NaN	-19.887332916259766
1038	1039	fr	ewe	challenge_SSA-MTE	hyp1	News	NaN	-16.18375015258789
1039	1040	fr	ewe	challenge_SSA-MTE	hyp1	News	NaN	-27.658714294433594
1040	1041	fr	ewe	challenge_SSA-MTE	hyp1	News	NaN	-23.630809783935547
1041	1042	fr	ewe	challenge_SSA-MTE	hyp1	News	NaN	-11.472770690917969
1042	1043	fr	ewe	challenge_SSA-MTE	hyp1	News	NaN	-17.080707550048828
1043	1044	fr	ewe	challenge_SSA-MTE	hyp1	News	NaN	-18.70309829711914
1044	1045	fr	ewe	challenge_SSA-MTE	hyp1	News	NaN	-20.868019104003906
1045	1046	fr	ewe	challenge_SSA-MTE	hyp1	News	NaN	-16.366073608398438
1046	1047	fr	ewe	challenge_SSA-MTE	hyp1	News	NaN	-11.701362609863281
1047	1048	fr	ewe	challenge_SSA-MTE	hyp1	News	NaN	-8.935918807983398
1048	1049	fr	ewe	challenge_SSA-MTE	hyp1	News	NaN	-15.025663375854492
1049	1050	fr	ewe	challenge_SSA-MTE	hyp1	News	NaN	-27.331161499023438
1050	1051	fr	ewe	challenge_SSA-MTE	hyp1	News	NaN	-12.848760604858398
1051	1052	fr	ewe	challenge_SSA-MTE	hyp1	News	NaN	-9.775835990905762
1052	1053	fr	ewe	challenge_SSA-MTE	hyp1	News	NaN	-14.219104766845703
1053	1054	fr	ewe	challenge_SSA-MTE	hyp1	News	NaN	-18.78868865966797
1054	1055	fr	ewe	challenge_SSA-MTE	hyp1	News	NaN	-20.87066650390625
1055	1056	fr	ewe	challenge_SSA-MTE	hyp1	News	NaN	-11.970191955566406
1056	1057	fr	ewe	challenge_SSA-MTE	hyp1	News	NaN	-10.476066589355469
1057	1058	fr	ewe	challenge_SSA-MTE	hyp1	News	NaN	-22.530258178710938
1058	1059	fr	ewe	challenge_SSA-MTE	hyp1	News	NaN	-22.564706802368164
1059	1060	fr	ewe	challenge_SSA-MTE	hyp1	News	NaN	-30.050981521606445
1060	1061	fr	ewe	challenge_SSA-MTE	hyp1	News	NaN	-29.371442794799805
1061	1062	fr	ewe	challenge_SSA-MTE	hyp1	News	NaN	-10.976234436035156
1062	1063	fr	ewe	challenge_SSA-MTE	hyp1	News	NaN	-25.717294692993164
1063	1064	fr	ewe	challenge_SSA-MTE	hyp1	News	NaN	-21.24521255493164
1064	1065	fr	ewe	challenge_SSA-MTE	hyp1	News	NaN	-30.904014587402344
1065	1066	fr	ewe	challenge_SSA-MTE	hyp1	News	NaN	-13.99449348449707
1066	1067	fr	ewe	challenge_SSA-MTE	hyp1	News	NaN	-15.073240280151367
1067	1068	fr	ewe	challenge_SSA-MTE	hyp1	News	NaN	-21.139129638671875
1068	1069	fr	ewe	challenge_SSA-MTE	hyp1	News	NaN	-19.68888282775879
1069	1070	fr	ewe	challenge_SSA-MTE	hyp1	News	NaN	-16.496013641357422
1070	1071	fr	ewe	challenge_SSA-MTE	hyp1	News	NaN	-6.320608139038086
1071	1072	fr	ewe	challenge_SSA-MTE	hyp1	News	NaN	-14.95011043548584
1072	1073	fr	ewe	challenge_SSA-MTE	hyp1	News	NaN	-17.448915481567383
1073	1074	fr	ewe	challenge_SSA-MTE	hyp1	News	NaN	-26.017391204833984
1074	1075	fr	ewe	challenge_SSA-MTE	hyp1	News	NaN	-26.699047088623047
1075	1076	fr	ewe	challenge_SSA-MTE	hyp1	News	NaN	-10.097445487976074
1076	1077	fr	ewe	challenge_SSA-MTE	hyp1	News	NaN	-18.954429626464844
0	1	fr	wol	challenge_SSA-MTE	hyp1	News	NaN	-8.91428279876709
1	2	fr	wol	challenge_SSA-MTE	hyp1	News	NaN	-15.75615119934082
2	3	fr	wol	challenge_SSA-MTE	hyp1	News	NaN	-15.553254127502441
3	4	fr	wol	challenge_SSA-MTE	hyp1	News	NaN	-9.042596817016602
4	5	fr	wol	challenge_SSA-MTE	hyp1	News	NaN	-10.468013763427734
5	6	fr	wol	challenge_SSA-MTE	hyp1	News	NaN	-11.59151840209961
6	7	fr	wol	challenge_SSA-MTE	hyp1	News	NaN	-15.286458015441895
7	8	fr	wol	challenge_SSA-MTE	hyp1	News	NaN	-10.426797866821289
8	9	fr	wol	challenge_SSA-MTE	hyp1	News	NaN	-14.015573501586914
9	10	fr	wol	challenge_SSA-MTE	hyp1	News	NaN	-13.833850860595703
10	11	fr	wol	challenge_SSA-MTE	hyp1	News	NaN	-8.067560195922852
11	12	fr	wol	challenge_SSA-MTE	hyp1	News	NaN	-10.881738662719727
12	13	fr	wol	challenge_SSA-MTE	hyp1	News	NaN	-6.831332206726074
13	14	fr	wol	challenge_SSA-MTE	hyp1	News	NaN	-6.409844398498535
14	15	fr	wol	challenge_SSA-MTE	hyp1	News	NaN	-5.958783149719238
15	16	fr	wol	challenge_SSA-MTE	hyp1	News	NaN	-8.428827285766602
16	17	fr	wol	challenge_SSA-MTE	hyp1	News	NaN	-26.309600830078125
17	18	fr	wol	challenge_SSA-MTE	hyp1	News	NaN	-11.951942443847656
18	19	fr	wol	challenge_SSA-MTE	hyp1	News	NaN	-8.844139099121094
19	20	fr	wol	challenge_SSA-MTE	hyp1	News	NaN	-8.787294387817383
20	21	fr	wol	challenge_SSA-MTE	hyp1	News	NaN	-11.630517959594727
21	22	fr	wol	challenge_SSA-MTE	hyp1	News	NaN	-26.995437622070312
22	23	fr	wol	challenge_SSA-MTE	hyp1	News	NaN	-10.645795822143555
23	24	fr	wol	challenge_SSA-MTE	hyp1	News	NaN	-10.54098129272461
24	25	fr	wol	challenge_SSA-MTE	hyp1	News	NaN	-10.505617141723633
25	26	fr	wol	challenge_SSA-MTE	hyp1	News	NaN	-8.881484985351562
26	27	fr	wol	challenge_SSA-MTE	hyp1	News	NaN	-26.864086151123047
27	28	fr	wol	challenge_SSA-MTE	hyp1	News	NaN	-14.692134857177734
28	29	fr	wol	challenge_SSA-MTE	hyp1	News	NaN	-9.256180763244629
29	30	fr	wol	challenge_SSA-MTE	hyp1	News	NaN	-8.509068489074707
30	31	fr	wol	challenge_SSA-MTE	hyp1	News	NaN	-7.073422908782959
31	32	fr	wol	challenge_SSA-MTE	hyp1	News	NaN	-15.928121566772461
32	33	fr	wol	challenge_SSA-MTE	hyp1	News	NaN	-2.648923873901367
33	34	fr	wol	challenge_SSA-MTE	hyp1	News	NaN	-3.8296098709106445
34	35	fr	wol	challenge_SSA-MTE	hyp1	News	NaN	-4.6055426597595215
35	36	fr	wol	challenge_SSA-MTE	hyp1	News	NaN	-11.460480690002441
36	37	fr	wol	challenge_SSA-MTE	hyp1	News	NaN	-12.685174942016602
37	38	fr	wol	challenge_SSA-MTE	hyp1	News	NaN	-7.563720703125
38	39	fr	wol	challenge_SSA-MTE	hyp1	News	NaN	-6.102029800415039
39	40	fr	wol	challenge_SSA-MTE	hyp1	News	NaN	-9.723079681396484
40	41	fr	wol	challenge_SSA-MTE	hyp1	News	NaN	-18.074106216430664
41	42	fr	wol	challenge_SSA-MTE	hyp1	News	NaN	-22.08045196533203
42	43	fr	wol	challenge_SSA-MTE	hyp1	News	NaN	-11.446917533874512
43	44	fr	wol	challenge_SSA-MTE	hyp1	News	NaN	-11.899072647094727
44	45	fr	wol	challenge_SSA-MTE	hyp1	News	NaN	-13.61304759979248
45	46	fr	wol	challenge_SSA-MTE	hyp1	News	NaN	-7.281458854675293
46	47	fr	wol	challenge_SSA-MTE	hyp1	News	NaN	-10.758119583129883
47	48	fr	wol	challenge_SSA-MTE	hyp1	News	NaN	-22.66613006591797
48	49	fr	wol	challenge_SSA-MTE	hyp1	News	NaN	-13.463323593139648
49	50	fr	wol	challenge_SSA-MTE	hyp1	News	NaN	-10.166763305664062
50	51	fr	wol	challenge_SSA-MTE	hyp1	News	NaN	-9.801216125488281
51	52	fr	wol	challenge_SSA-MTE	hyp1	News	NaN	-22.478778839111328
52	53	fr	wol	challenge_SSA-MTE	hyp1	News	NaN	-7.830667018890381
53	54	fr	wol	challenge_SSA-MTE	hyp1	News	NaN	-7.593486785888672
54	55	fr	wol	challenge_SSA-MTE	hyp1	News	NaN	-4.397761821746826
55	56	fr	wol	challenge_SSA-MTE	hyp1	News	NaN	-10.032085418701172
56	57	fr	wol	challenge_SSA-MTE	hyp1	News	NaN	-11.066671371459961
57	58	fr	wol	challenge_SSA-MTE	hyp1	News	NaN	-17.391098022460938
58	59	fr	wol	challenge_SSA-MTE	hyp1	News	NaN	-7.55125093460083
59	60	fr	wol	challenge_SSA-MTE	hyp1	News	NaN	-7.022138595581055
60	61	fr	wol	challenge_SSA-MTE	hyp1	News	NaN	-6.4922990798950195
61	62	fr	wol	challenge_SSA-MTE	hyp1	News	NaN	-7.71906042098999
62	63	fr	wol	challenge_SSA-MTE	hyp1	News	NaN	-6.9096832275390625
63	64	fr	wol	challenge_SSA-MTE	hyp1	News	NaN	-6.174288749694824
64	65	fr	wol	challenge_SSA-MTE	hyp1	News	NaN	-5.472301483154297
65	66	fr	wol	challenge_SSA-MTE	hyp1	News	NaN	-11.565943717956543
66	67	fr	wol	challenge_SSA-MTE	hyp1	News	NaN	-11.194011688232422
67	68	fr	wol	challenge_SSA-MTE	hyp1	News	NaN	-12.044500350952148
68	69	fr	wol	challenge_SSA-MTE	hyp1	News	NaN	-7.460238456726074
69	70	fr	wol	challenge_SSA-MTE	hyp1	News	NaN	-3.464559555053711
70	71	fr	wol	challenge_SSA-MTE	hyp1	News	NaN	-26.773622512817383
71	72	fr	wol	challenge_SSA-MTE	hyp1	News	NaN	-7.732482433319092
72	73	fr	wol	challenge_SSA-MTE	hyp1	News	NaN	-3.3836212158203125
73	74	fr	wol	challenge_SSA-MTE	hyp1	News	NaN	-3.9241726398468018
74	75	fr	wol	challenge_SSA-MTE	hyp1	News	NaN	-10.0852689743042
75	76	fr	wol	challenge_SSA-MTE	hyp1	News	NaN	-24.1457462310791
76	77	fr	wol	challenge_SSA-MTE	hyp1	News	NaN	-11.694427490234375
77	78	fr	wol	challenge_SSA-MTE	hyp1	News	NaN	-28.80548095703125
78	79	fr	wol	challenge_SSA-MTE	hyp1	News	NaN	-16.702449798583984
79	80	fr	wol	challenge_SSA-MTE	hyp1	News	NaN	-15.617098808288574
80	81	fr	wol	challenge_SSA-MTE	hyp1	News	NaN	-21.489604949951172
81	82	fr	wol	challenge_SSA-MTE	hyp1	News	NaN	-28.653404235839844
82	83	fr	wol	challenge_SSA-MTE	hyp1	News	NaN	-12.766658782958984
83	84	fr	wol	challenge_SSA-MTE	hyp1	News	NaN	-12.718460083007812
84	85	fr	wol	challenge_SSA-MTE	hyp1	News	NaN	-13.730413436889648
85	86	fr	wol	challenge_SSA-MTE	hyp1	News	NaN	-17.268465042114258
86	87	fr	wol	challenge_SSA-MTE	hyp1	News	NaN	-7.589236259460449
87	88	fr	wol	challenge_SSA-MTE	hyp1	News	NaN	-7.59210205078125
88	89	fr	wol	challenge_SSA-MTE	hyp1	News	NaN	-11.93342399597168
89	90	fr	wol	challenge_SSA-MTE	hyp1	News	NaN	-15.277120590209961
90	91	fr	wol	challenge_SSA-MTE	hyp1	News	NaN	-9.167047500610352
91	92	fr	wol	challenge_SSA-MTE	hyp1	News	NaN	-12.100872039794922
92	93	fr	wol	challenge_SSA-MTE	hyp1	News	NaN	-6.371185302734375
93	94	fr	wol	challenge_SSA-MTE	hyp1	News	NaN	-10.653776168823242
94	95	fr	wol	challenge_SSA-MTE	hyp1	News	NaN	-12.602883338928223
95	96	fr	wol	challenge_SSA-MTE	hyp1	News	NaN	-9.298810005187988
96	97	fr	wol	challenge_SSA-MTE	hyp1	News	NaN	-10.538623809814453
97	98	fr	wol	challenge_SSA-MTE	hyp1	News	NaN	-10.092491149902344
98	99	fr	wol	challenge_SSA-MTE	hyp1	News	NaN	-7.822668075561523
99	100	fr	wol	challenge_SSA-MTE	hyp1	News	NaN	-20.533428192138672
100	101	fr	wol	challenge_SSA-MTE	hyp1	News	NaN	-14.64349365234375
101	102	fr	wol	challenge_SSA-MTE	hyp1	News	NaN	-19.795948028564453
102	103	fr	wol	challenge_SSA-MTE	hyp1	News	NaN	-24.406654357910156
103	104	fr	wol	challenge_SSA-MTE	hyp1	News	NaN	-11.701720237731934
104	105	fr	wol	challenge_SSA-MTE	hyp1	News	NaN	-15.882256507873535
105	106	fr	wol	challenge_SSA-MTE	hyp1	News	NaN	-5.171703815460205
106	107	fr	wol	challenge_SSA-MTE	hyp1	News	NaN	-19.444183349609375
107	108	fr	wol	challenge_SSA-MTE	hyp1	News	NaN	-8.517802238464355
108	109	fr	wol	challenge_SSA-MTE	hyp1	News	NaN	-6.222784042358398
109	110	fr	wol	challenge_SSA-MTE	hyp1	News	NaN	-11.743363380432129
110	111	fr	wol	challenge_SSA-MTE	hyp1	News	NaN	-16.281240463256836
111	112	fr	wol	challenge_SSA-MTE	hyp1	News	NaN	-17.148300170898438
112	113	fr	wol	challenge_SSA-MTE	hyp1	News	NaN	-15.159220695495605
113	114	fr	wol	challenge_SSA-MTE	hyp1	News	NaN	-13.13648796081543
114	115	fr	wol	challenge_SSA-MTE	hyp1	News	NaN	-9.50464916229248
115	116	fr	wol	challenge_SSA-MTE	hyp1	News	NaN	-28.575969696044922
116	117	fr	wol	challenge_SSA-MTE	hyp1	News	NaN	-13.192617416381836
117	118	fr	wol	challenge_SSA-MTE	hyp1	News	NaN	-18.182659149169922
118	119	fr	wol	challenge_SSA-MTE	hyp1	News	NaN	-13.642080307006836
119	120	fr	wol	challenge_SSA-MTE	hyp1	News	NaN	-17.730566024780273
120	121	fr	wol	challenge_SSA-MTE	hyp1	News	NaN	-23.122833251953125
121	122	fr	wol	challenge_SSA-MTE	hyp1	News	NaN	-12.21957778930664
122	123	fr	wol	challenge_SSA-MTE	hyp1	News	NaN	-15.528578758239746
123	124	fr	wol	challenge_SSA-MTE	hyp1	News	NaN	-12.42422866821289
124	125	fr	wol	challenge_SSA-MTE	hyp1	News	NaN	-13.847412109375
125	126	fr	wol	challenge_SSA-MTE	hyp1	News	NaN	-13.01821517944336
126	127	fr	wol	challenge_SSA-MTE	hyp1	News	NaN	-10.531723022460938
127	128	fr	wol	challenge_SSA-MTE	hyp1	News	NaN	-11.165238380432129
128	129	fr	wol	challenge_SSA-MTE	hyp1	News	NaN	-10.321549415588379
129	130	fr	wol	challenge_SSA-MTE	hyp1	News	NaN	-7.4057817459106445
130	131	fr	wol	challenge_SSA-MTE	hyp1	News	NaN	-8.76125431060791
131	132	fr	wol	challenge_SSA-MTE	hyp1	News	NaN	-11.849740982055664
132	133	fr	wol	challenge_SSA-MTE	hyp1	News	NaN	-7.944082260131836
133	134	fr	wol	challenge_SSA-MTE	hyp1	News	NaN	-10.09217643737793
134	135	fr	wol	challenge_SSA-MTE	hyp1	News	NaN	-13.27721881866455
135	136	fr	wol	challenge_SSA-MTE	hyp1	News	NaN	-8.258716583251953
136	137	fr	wol	challenge_SSA-MTE	hyp1	News	NaN	-11.728205680847168
137	138	fr	wol	challenge_SSA-MTE	hyp1	News	NaN	-9.570597648620605
138	139	fr	wol	challenge_SSA-MTE	hyp1	News	NaN	-14.40163516998291
139	140	fr	wol	challenge_SSA-MTE	hyp1	News	NaN	-8.508193969726562
140	141	fr	wol	challenge_SSA-MTE	hyp1	News	NaN	-7.974387168884277
141	142	fr	wol	challenge_SSA-MTE	hyp1	News	NaN	-7.573831558227539
142	143	fr	wol	challenge_SSA-MTE	hyp1	News	NaN	-8.004404067993164
143	144	fr	wol	challenge_SSA-MTE	hyp1	News	NaN	-8.476814270019531
144	145	fr	wol	challenge_SSA-MTE	hyp1	News	NaN	-18.681381225585938
145	146	fr	wol	challenge_SSA-MTE	hyp1	News	NaN	-9.095458984375
146	147	fr	wol	challenge_SSA-MTE	hyp1	News	NaN	-24.9968204498291
147	148	fr	wol	challenge_SSA-MTE	hyp1	News	NaN	-7.680009365081787
148	149	fr	wol	challenge_SSA-MTE	hyp1	News	NaN	-15.204514503479004
149	150	fr	wol	challenge_SSA-MTE	hyp1	News	NaN	-21.158004760742188
150	151	fr	wol	challenge_SSA-MTE	hyp1	News	NaN	-29.735837936401367
151	152	fr	wol	challenge_SSA-MTE	hyp1	News	NaN	-20.220947265625
152	153	fr	wol	challenge_SSA-MTE	hyp1	News	NaN	-11.012336730957031
153	154	fr	wol	challenge_SSA-MTE	hyp1	News	NaN	-12.056747436523438
154	155	fr	wol	challenge_SSA-MTE	hyp1	News	NaN	-10.965404510498047
155	156	fr	wol	challenge_SSA-MTE	hyp1	News	NaN	-14.502235412597656
156	157	fr	wol	challenge_SSA-MTE	hyp1	News	NaN	-8.560489654541016
157	158	fr	wol	challenge_SSA-MTE	hyp1	News	NaN	-12.158881187438965
158	159	fr	wol	challenge_SSA-MTE	hyp1	News	NaN	-8.295246124267578
159	160	fr	wol	challenge_SSA-MTE	hyp1	News	NaN	-16.873729705810547
160	161	fr	wol	challenge_SSA-MTE	hyp1	News	NaN	-27.27734375
161	162	fr	wol	challenge_SSA-MTE	hyp1	News	NaN	-20.168548583984375
162	163	fr	wol	challenge_SSA-MTE	hyp1	News	NaN	-17.751371383666992
163	164	fr	wol	challenge_SSA-MTE	hyp1	News	NaN	-13.032084465026855
164	165	fr	wol	challenge_SSA-MTE	hyp1	News	NaN	-24.739543914794922
165	166	fr	wol	challenge_SSA-MTE	hyp1	News	NaN	-9.668649673461914
166	167	fr	wol	challenge_SSA-MTE	hyp1	News	NaN	-10.875354766845703
167	168	fr	wol	challenge_SSA-MTE	hyp1	News	NaN	-10.317623138427734
168	169	fr	wol	challenge_SSA-MTE	hyp1	News	NaN	-11.724477767944336
169	170	fr	wol	challenge_SSA-MTE	hyp1	News	NaN	-16.55038070678711
170	171	fr	wol	challenge_SSA-MTE	hyp1	News	NaN	-26.748035430908203
171	172	fr	wol	challenge_SSA-MTE	hyp1	News	NaN	-14.402457237243652
172	173	fr	wol	challenge_SSA-MTE	hyp1	News	NaN	-11.474660873413086
173	174	fr	wol	challenge_SSA-MTE	hyp1	News	NaN	-8.773214340209961
174	175	fr	wol	challenge_SSA-MTE	hyp1	News	NaN	-8.23386001586914
175	176	fr	wol	challenge_SSA-MTE	hyp1	News	NaN	-12.568897247314453
176	177	fr	wol	challenge_SSA-MTE	hyp1	News	NaN	-9.044918060302734
177	178	fr	wol	challenge_SSA-MTE	hyp1	News	NaN	-7.6091532707214355
178	179	fr	wol	challenge_SSA-MTE	hyp1	News	NaN	-11.561925888061523
179	180	fr	wol	challenge_SSA-MTE	hyp1	News	NaN	-14.831926345825195
180	181	fr	wol	challenge_SSA-MTE	hyp1	News	NaN	-16.17702865600586
181	182	fr	wol	challenge_SSA-MTE	hyp1	News	NaN	-19.388530731201172
182	183	fr	wol	challenge_SSA-MTE	hyp1	News	NaN	-13.370451927185059
183	184	fr	wol	challenge_SSA-MTE	hyp1	News	NaN	-6.92535924911499
184	185	fr	wol	challenge_SSA-MTE	hyp1	News	NaN	-17.613086700439453
185	186	fr	wol	challenge_SSA-MTE	hyp1	News	NaN	-12.314014434814453
186	187	fr	wol	challenge_SSA-MTE	hyp1	News	NaN	-15.39764404296875
187	188	fr	wol	challenge_SSA-MTE	hyp1	News	NaN	-11.788254737854004
188	189	fr	wol	challenge_SSA-MTE	hyp1	News	NaN	-8.843186378479004
189	190	fr	wol	challenge_SSA-MTE	hyp1	News	NaN	-9.992429733276367
190	191	fr	wol	challenge_SSA-MTE	hyp1	News	NaN	-27.443458557128906
191	192	fr	wol	challenge_SSA-MTE	hyp1	News	NaN	-10.152206420898438
192	193	fr	wol	challenge_SSA-MTE	hyp1	News	NaN	-10.690439224243164
193	194	fr	wol	challenge_SSA-MTE	hyp1	News	NaN	-13.312701225280762
194	195	fr	wol	challenge_SSA-MTE	hyp1	News	NaN	-9.553869247436523
195	196	fr	wol	challenge_SSA-MTE	hyp1	News	NaN	-14.774618148803711
196	197	fr	wol	challenge_SSA-MTE	hyp1	News	NaN	-18.861557006835938
197	198	fr	wol	challenge_SSA-MTE	hyp1	News	NaN	-16.462244033813477
198	199	fr	wol	challenge_SSA-MTE	hyp1	News	NaN	-8.072789192199707
199	200	fr	wol	challenge_SSA-MTE	hyp1	News	NaN	-19.570236206054688
200	201	fr	wol	challenge_SSA-MTE	hyp1	News	NaN	-18.953754425048828
201	202	fr	wol	challenge_SSA-MTE	hyp1	News	NaN	-15.904629707336426
202	203	fr	wol	challenge_SSA-MTE	hyp1	News	NaN	-12.064230918884277
203	204	fr	wol	challenge_SSA-MTE	hyp1	News	NaN	-13.922443389892578
204	205	fr	wol	challenge_SSA-MTE	hyp1	News	NaN	-14.738618850708008
205	206	fr	wol	challenge_SSA-MTE	hyp1	News	NaN	-14.747468948364258
206	207	fr	wol	challenge_SSA-MTE	hyp1	News	NaN	-14.410913467407227
207	208	fr	wol	challenge_SSA-MTE	hyp1	News	NaN	-12.068865776062012
208	209	fr	wol	challenge_SSA-MTE	hyp1	News	NaN	-9.16282844543457
209	210	fr	wol	challenge_SSA-MTE	hyp1	News	NaN	-23.332218170166016
210	211	fr	wol	challenge_SSA-MTE	hyp1	News	NaN	-8.410799026489258
211	212	fr	wol	challenge_SSA-MTE	hyp1	News	NaN	-8.645608901977539
212	213	fr	wol	challenge_SSA-MTE	hyp1	News	NaN	-8.068801879882812
213	214	fr	wol	challenge_SSA-MTE	hyp1	News	NaN	-7.163684844970703
214	215	fr	wol	challenge_SSA-MTE	hyp1	News	NaN	-26.93912124633789
215	216	fr	wol	challenge_SSA-MTE	hyp1	News	NaN	-6.234916687011719
216	217	fr	wol	challenge_SSA-MTE	hyp1	News	NaN	-6.013695240020752
217	218	fr	wol	challenge_SSA-MTE	hyp1	News	NaN	-8.28388786315918
218	219	fr	wol	challenge_SSA-MTE	hyp1	News	NaN	-9.888595581054688
219	220	fr	wol	challenge_SSA-MTE	hyp1	News	NaN	-22.6324520111084
220	221	fr	wol	challenge_SSA-MTE	hyp1	News	NaN	-16.689449310302734
221	222	fr	wol	challenge_SSA-MTE	hyp1	News	NaN	-14.458602905273438
222	223	fr	wol	challenge_SSA-MTE	hyp1	News	NaN	-8.791610717773438
223	224	fr	wol	challenge_SSA-MTE	hyp1	News	NaN	-15.428611755371094
224	225	fr	wol	challenge_SSA-MTE	hyp1	News	NaN	-20.811525344848633
225	226	fr	wol	challenge_SSA-MTE	hyp1	News	NaN	-11.357192993164062
226	227	fr	wol	challenge_SSA-MTE	hyp1	News	NaN	-11.375879287719727
227	228	fr	wol	challenge_SSA-MTE	hyp1	News	NaN	-12.475786209106445
228	229	fr	wol	challenge_SSA-MTE	hyp1	News	NaN	-27.118915557861328
229	230	fr	wol	challenge_SSA-MTE	hyp1	News	NaN	-23.06866455078125
230	231	fr	wol	challenge_SSA-MTE	hyp1	News	NaN	-13.70621395111084
231	232	fr	wol	challenge_SSA-MTE	hyp1	News	NaN	-24.211341857910156
232	233	fr	wol	challenge_SSA-MTE	hyp1	News	NaN	-23.641223907470703
233	234	fr	wol	challenge_SSA-MTE	hyp1	News	NaN	-22.13913917541504
234	235	fr	wol	challenge_SSA-MTE	hyp1	News	NaN	-9.60855484008789
235	236	fr	wol	challenge_SSA-MTE	hyp1	News	NaN	-10.816779136657715
236	237	fr	wol	challenge_SSA-MTE	hyp1	News	NaN	-9.250823974609375
237	238	fr	wol	challenge_SSA-MTE	hyp1	News	NaN	-12.69508171081543
238	239	fr	wol	challenge_SSA-MTE	hyp1	News	NaN	-24.851720809936523
239	240	fr	wol	challenge_SSA-MTE	hyp1	News	NaN	-12.1375150680542
240	241	fr	wol	challenge_SSA-MTE	hyp1	News	NaN	-13.72642707824707
241	242	fr	wol	challenge_SSA-MTE	hyp1	News	NaN	-16.07754898071289
242	243	fr	wol	challenge_SSA-MTE	hyp1	News	NaN	-22.874021530151367
243	244	fr	wol	challenge_SSA-MTE	hyp1	News	NaN	-10.949161529541016
244	245	fr	wol	challenge_SSA-MTE	hyp1	News	NaN	-10.92561149597168
245	246	fr	wol	challenge_SSA-MTE	hyp1	News	NaN	-15.938005447387695
246	247	fr	wol	challenge_SSA-MTE	hyp1	News	NaN	-14.957839012145996
247	248	fr	wol	challenge_SSA-MTE	hyp1	News	NaN	-23.05010986328125
248	249	fr	wol	challenge_SSA-MTE	hyp1	News	NaN	-26.5067081451416
249	250	fr	wol	challenge_SSA-MTE	hyp1	News	NaN	-26.58111572265625
250	251	fr	wol	challenge_SSA-MTE	hyp1	News	NaN	-23.309843063354492
251	252	fr	wol	challenge_SSA-MTE	hyp1	News	NaN	-20.505603790283203
252	253	fr	wol	challenge_SSA-MTE	hyp1	News	NaN	-7.258352279663086
253	254	fr	wol	challenge_SSA-MTE	hyp1	News	NaN	-21.62952423095703
254	255	fr	wol	challenge_SSA-MTE	hyp1	News	NaN	-26.3270206451416
255	256	fr	wol	challenge_SSA-MTE	hyp1	News	NaN	-10.88885498046875
256	257	fr	wol	challenge_SSA-MTE	hyp1	News	NaN	-6.816175937652588
257	258	fr	wol	challenge_SSA-MTE	hyp1	News	NaN	-13.176563262939453
258	259	fr	wol	challenge_SSA-MTE	hyp1	News	NaN	-22.578866958618164
259	260	fr	wol	challenge_SSA-MTE	hyp1	News	NaN	-13.910619735717773
260	261	fr	wol	challenge_SSA-MTE	hyp1	News	NaN	-11.564502716064453
261	262	fr	wol	challenge_SSA-MTE	hyp1	News	NaN	-10.299637794494629
262	263	fr	wol	challenge_SSA-MTE	hyp1	News	NaN	-12.561507225036621
263	264	fr	wol	challenge_SSA-MTE	hyp1	News	NaN	-26.286056518554688
264	265	fr	wol	challenge_SSA-MTE	hyp1	News	NaN	-15.375377655029297
265	266	fr	wol	challenge_SSA-MTE	hyp1	News	NaN	-9.428766250610352
266	267	fr	wol	challenge_SSA-MTE	hyp1	News	NaN	-13.422829627990723
267	268	fr	wol	challenge_SSA-MTE	hyp1	News	NaN	-12.032217025756836
268	269	fr	wol	challenge_SSA-MTE	hyp1	News	NaN	-28.256343841552734
269	270	fr	wol	challenge_SSA-MTE	hyp1	News	NaN	-12.344475746154785
270	271	fr	wol	challenge_SSA-MTE	hyp1	News	NaN	-10.153481483459473
271	272	fr	wol	challenge_SSA-MTE	hyp1	News	NaN	-11.486190795898438
272	273	fr	wol	challenge_SSA-MTE	hyp1	News	NaN	-20.72462272644043
273	274	fr	wol	challenge_SSA-MTE	hyp1	News	NaN	-20.072235107421875
274	275	fr	wol	challenge_SSA-MTE	hyp1	News	NaN	-16.45431137084961
275	276	fr	wol	challenge_SSA-MTE	hyp1	News	NaN	-15.75986099243164
276	277	fr	wol	challenge_SSA-MTE	hyp1	News	NaN	-15.972078323364258
277	278	fr	wol	challenge_SSA-MTE	hyp1	News	NaN	-24.653972625732422
278	279	fr	wol	challenge_SSA-MTE	hyp1	News	NaN	-26.19116973876953
279	280	fr	wol	challenge_SSA-MTE	hyp1	News	NaN	-27.88260841369629
280	281	fr	wol	challenge_SSA-MTE	hyp1	News	NaN	-18.33614730834961
281	282	fr	wol	challenge_SSA-MTE	hyp1	News	NaN	-16.04582977294922
282	283	fr	wol	challenge_SSA-MTE	hyp1	News	NaN	-16.280954360961914
283	284	fr	wol	challenge_SSA-MTE	hyp1	News	NaN	-27.763580322265625
284	285	fr	wol	challenge_SSA-MTE	hyp1	News	NaN	-27.892379760742188
285	286	fr	wol	challenge_SSA-MTE	hyp1	News	NaN	-16.607500076293945
286	287	fr	wol	challenge_SSA-MTE	hyp1	News	NaN	-16.04488754272461
287	288	fr	wol	challenge_SSA-MTE	hyp1	News	NaN	-14.242509841918945
288	289	fr	wol	challenge_SSA-MTE	hyp1	News	NaN	-23.865428924560547
289	290	fr	wol	challenge_SSA-MTE	hyp1	News	NaN	-19.889543533325195
290	291	fr	wol	challenge_SSA-MTE	hyp1	News	NaN	-13.232583045959473
291	292	fr	wol	challenge_SSA-MTE	hyp1	News	NaN	-10.993715286254883
292	293	fr	wol	challenge_SSA-MTE	hyp1	News	NaN	-10.589107513427734
293	294	fr	wol	challenge_SSA-MTE	hyp1	News	NaN	-23.790420532226562
294	295	fr	wol	challenge_SSA-MTE	hyp1	News	NaN	-18.186758041381836
295	296	fr	wol	challenge_SSA-MTE	hyp1	News	NaN	-11.643146514892578
296	297	fr	wol	challenge_SSA-MTE	hyp1	News	NaN	-8.640786170959473
297	298	fr	wol	challenge_SSA-MTE	hyp1	News	NaN	-13.623737335205078
298	299	fr	wol	challenge_SSA-MTE	hyp1	News	NaN	-26.851804733276367
299	300	fr	wol	challenge_SSA-MTE	hyp1	News	NaN	-12.019775390625
300	301	fr	wol	challenge_SSA-MTE	hyp1	News	NaN	-14.082416534423828
301	302	fr	wol	challenge_SSA-MTE	hyp1	News	NaN	-6.743216514587402
302	303	fr	wol	challenge_SSA-MTE	hyp1	News	NaN	-9.503071784973145
303	304	fr	wol	challenge_SSA-MTE	hyp1	News	NaN	-23.415969848632812
304	305	fr	wol	challenge_SSA-MTE	hyp1	News	NaN	-16.443958282470703
305	306	fr	wol	challenge_SSA-MTE	hyp1	News	NaN	-9.210580825805664
306	307	fr	wol	challenge_SSA-MTE	hyp1	News	NaN	-10.084554672241211
307	308	fr	wol	challenge_SSA-MTE	hyp1	News	NaN	-13.020851135253906
308	309	fr	wol	challenge_SSA-MTE	hyp1	News	NaN	-15.004475593566895
309	310	fr	wol	challenge_SSA-MTE	hyp1	News	NaN	-10.74666976928711
310	311	fr	wol	challenge_SSA-MTE	hyp1	News	NaN	-9.738347053527832
311	312	fr	wol	challenge_SSA-MTE	hyp1	News	NaN	-8.324682235717773
312	313	fr	wol	challenge_SSA-MTE	hyp1	News	NaN	-10.383005142211914
313	314	fr	wol	challenge_SSA-MTE	hyp1	News	NaN	-5.114507675170898
314	315	fr	wol	challenge_SSA-MTE	hyp1	News	NaN	-7.538700103759766
315	316	fr	wol	challenge_SSA-MTE	hyp1	News	NaN	-7.062159538269043
316	317	fr	wol	challenge_SSA-MTE	hyp1	News	NaN	-10.896714210510254
317	318	fr	wol	challenge_SSA-MTE	hyp1	News	NaN	-18.650104522705078
318	319	fr	wol	challenge_SSA-MTE	hyp1	News	NaN	-18.16094207763672
319	320	fr	wol	challenge_SSA-MTE	hyp1	News	NaN	-14.870180130004883
320	321	fr	wol	challenge_SSA-MTE	hyp1	News	NaN	-12.064061164855957
321	322	fr	wol	challenge_SSA-MTE	hyp1	News	NaN	-14.68932056427002
322	323	fr	wol	challenge_SSA-MTE	hyp1	News	NaN	-17.10280418395996
323	324	fr	wol	challenge_SSA-MTE	hyp1	News	NaN	-10.825039863586426
324	325	fr	wol	challenge_SSA-MTE	hyp1	News	NaN	-9.130526542663574
325	326	fr	wol	challenge_SSA-MTE	hyp1	News	NaN	-9.369648933410645
326	327	fr	wol	challenge_SSA-MTE	hyp1	News	NaN	-9.565155029296875
327	328	fr	wol	challenge_SSA-MTE	hyp1	News	NaN	-18.52828598022461
328	329	fr	wol	challenge_SSA-MTE	hyp1	News	NaN	-6.681571006774902
329	330	fr	wol	challenge_SSA-MTE	hyp1	News	NaN	-7.410258769989014
330	331	fr	wol	challenge_SSA-MTE	hyp1	News	NaN	-9.419065475463867
331	332	fr	wol	challenge_SSA-MTE	hyp1	News	NaN	-12.69092845916748
332	333	fr	wol	challenge_SSA-MTE	hyp1	News	NaN	-15.16535472869873
333	334	fr	wol	challenge_SSA-MTE	hyp1	News	NaN	-8.255763053894043
334	335	fr	wol	challenge_SSA-MTE	hyp1	News	NaN	-11.220366477966309
335	336	fr	wol	challenge_SSA-MTE	hyp1	News	NaN	-11.488698959350586
336	337	fr	wol	challenge_SSA-MTE	hyp1	News	NaN	-18.281700134277344
337	338	fr	wol	challenge_SSA-MTE	hyp1	News	NaN	-22.952911376953125
338	339	fr	wol	challenge_SSA-MTE	hyp1	News	NaN	-28.24749183654785
339	340	fr	wol	challenge_SSA-MTE	hyp1	News	NaN	-11.68651008605957
340	341	fr	wol	challenge_SSA-MTE	hyp1	News	NaN	-11.577432632446289
341	342	fr	wol	challenge_SSA-MTE	hyp1	News	NaN	-13.765863418579102
342	343	fr	wol	challenge_SSA-MTE	hyp1	News	NaN	-24.765905380249023
343	344	fr	wol	challenge_SSA-MTE	hyp1	News	NaN	-13.191488265991211
344	345	fr	wol	challenge_SSA-MTE	hyp1	News	NaN	-9.065463066101074
345	346	fr	wol	challenge_SSA-MTE	hyp1	News	NaN	-11.381778717041016
346	347	fr	wol	challenge_SSA-MTE	hyp1	News	NaN	-22.108726501464844
347	348	fr	wol	challenge_SSA-MTE	hyp1	News	NaN	-23.776647567749023
348	349	fr	wol	challenge_SSA-MTE	hyp1	News	NaN	-14.97640609741211
349	350	fr	wol	challenge_SSA-MTE	hyp1	News	NaN	-11.622051239013672
350	351	fr	wol	challenge_SSA-MTE	hyp1	News	NaN	-17.158123016357422
351	352	fr	wol	challenge_SSA-MTE	hyp1	News	NaN	-13.778421401977539
352	353	fr	wol	challenge_SSA-MTE	hyp1	News	NaN	-22.967214584350586
353	354	fr	wol	challenge_SSA-MTE	hyp1	News	NaN	-12.078960418701172
354	355	fr	wol	challenge_SSA-MTE	hyp1	News	NaN	-16.323261260986328
355	356	fr	wol	challenge_SSA-MTE	hyp1	News	NaN	-15.738811492919922
356	357	fr	wol	challenge_SSA-MTE	hyp1	News	NaN	-11.064730644226074
357	358	fr	wol	challenge_SSA-MTE	hyp1	News	NaN	-8.410284042358398
358	359	fr	wol	challenge_SSA-MTE	hyp1	News	NaN	-18.067590713500977
359	360	fr	wol	challenge_SSA-MTE	hyp1	News	NaN	-9.747557640075684
360	361	fr	wol	challenge_SSA-MTE	hyp1	News	NaN	-11.207799911499023
361	362	fr	wol	challenge_SSA-MTE	hyp1	News	NaN	-15.650742530822754
362	363	fr	wol	challenge_SSA-MTE	hyp1	News	NaN	-15.064510345458984
363	364	fr	wol	challenge_SSA-MTE	hyp1	News	NaN	-18.735044479370117
364	365	fr	wol	challenge_SSA-MTE	hyp1	News	NaN	-18.52118682861328
365	366	fr	wol	challenge_SSA-MTE	hyp1	News	NaN	-13.252896308898926
366	367	fr	wol	challenge_SSA-MTE	hyp1	News	NaN	-12.895920753479004
367	368	fr	wol	challenge_SSA-MTE	hyp1	News	NaN	-16.149463653564453
368	369	fr	wol	challenge_SSA-MTE	hyp1	News	NaN	-8.16891098022461
369	370	fr	wol	challenge_SSA-MTE	hyp1	News	NaN	-7.651241302490234
370	371	fr	wol	challenge_SSA-MTE	hyp1	News	NaN	-17.43039321899414
371	372	fr	wol	challenge_SSA-MTE	hyp1	News	NaN	-22.071104049682617
372	373	fr	wol	challenge_SSA-MTE	hyp1	News	NaN	-23.139026641845703
373	374	fr	wol	challenge_SSA-MTE	hyp1	News	NaN	-20.106903076171875
374	375	fr	wol	challenge_SSA-MTE	hyp1	News	NaN	-11.741207122802734
375	376	fr	wol	challenge_SSA-MTE	hyp1	News	NaN	-21.335147857666016
376	377	fr	wol	challenge_SSA-MTE	hyp1	News	NaN	-14.770532608032227
377	378	fr	wol	challenge_SSA-MTE	hyp1	News	NaN	-11.156389236450195
378	379	fr	wol	challenge_SSA-MTE	hyp1	News	NaN	-16.42267608642578
379	380	fr	wol	challenge_SSA-MTE	hyp1	News	NaN	-15.39136028289795
380	381	fr	wol	challenge_SSA-MTE	hyp1	News	NaN	-15.120739936828613
381	382	fr	wol	challenge_SSA-MTE	hyp1	News	NaN	-17.110124588012695
382	383	fr	wol	challenge_SSA-MTE	hyp1	News	NaN	-7.749701499938965
383	384	fr	wol	challenge_SSA-MTE	hyp1	News	NaN	-10.457674026489258
384	385	fr	wol	challenge_SSA-MTE	hyp1	News	NaN	-9.124250411987305
385	386	fr	wol	challenge_SSA-MTE	hyp1	News	NaN	-7.415655136108398
386	387	fr	wol	challenge_SSA-MTE	hyp1	News	NaN	-17.74825096130371
387	388	fr	wol	challenge_SSA-MTE	hyp1	News	NaN	-24.092350006103516
388	389	fr	wol	challenge_SSA-MTE	hyp1	News	NaN	-9.026123046875
389	390	fr	wol	challenge_SSA-MTE	hyp1	News	NaN	-9.0891752243042
390	391	fr	wol	challenge_SSA-MTE	hyp1	News	NaN	-18.18178939819336
391	392	fr	wol	challenge_SSA-MTE	hyp1	News	NaN	-19.625146865844727
392	393	fr	wol	challenge_SSA-MTE	hyp1	News	NaN	-13.343526840209961
393	394	fr	wol	challenge_SSA-MTE	hyp1	News	NaN	-15.825922012329102
394	395	fr	wol	challenge_SSA-MTE	hyp1	News	NaN	-14.022127151489258
395	396	fr	wol	challenge_SSA-MTE	hyp1	News	NaN	-17.51976776123047
396	397	fr	wol	challenge_SSA-MTE	hyp1	News	NaN	-17.03932762145996
397	398	fr	wol	challenge_SSA-MTE	hyp1	News	NaN	-20.04695701599121
398	399	fr	wol	challenge_SSA-MTE	hyp1	News	NaN	-27.8037109375
399	400	fr	wol	challenge_SSA-MTE	hyp1	News	NaN	-10.756006240844727
400	401	fr	wol	challenge_SSA-MTE	hyp1	News	NaN	-8.302797317504883
401	402	fr	wol	challenge_SSA-MTE	hyp1	News	NaN	-12.61577320098877
402	403	fr	wol	challenge_SSA-MTE	hyp1	News	NaN	-29.09354591369629
403	404	fr	wol	challenge_SSA-MTE	hyp1	News	NaN	-17.47802734375
404	405	fr	wol	challenge_SSA-MTE	hyp1	News	NaN	-13.147405624389648
405	406	fr	wol	challenge_SSA-MTE	hyp1	News	NaN	-8.459421157836914
406	407	fr	wol	challenge_SSA-MTE	hyp1	News	NaN	-21.803348541259766
407	408	fr	wol	challenge_SSA-MTE	hyp1	News	NaN	-19.146846771240234
408	409	fr	wol	challenge_SSA-MTE	hyp1	News	NaN	-10.444437026977539
409	410	fr	wol	challenge_SSA-MTE	hyp1	News	NaN	-13.93519401550293
410	411	fr	wol	challenge_SSA-MTE	hyp1	News	NaN	-13.36028003692627
411	412	fr	wol	challenge_SSA-MTE	hyp1	News	NaN	-12.64625072479248
412	413	fr	wol	challenge_SSA-MTE	hyp1	News	NaN	-15.65981674194336
413	414	fr	wol	challenge_SSA-MTE	hyp1	News	NaN	-9.636791229248047
414	415	fr	wol	challenge_SSA-MTE	hyp1	News	NaN	-10.767977714538574
415	416	fr	wol	challenge_SSA-MTE	hyp1	News	NaN	-15.949348449707031
416	417	fr	wol	challenge_SSA-MTE	hyp1	News	NaN	-22.585920333862305
417	418	fr	wol	challenge_SSA-MTE	hyp1	News	NaN	-17.07485008239746
418	419	fr	wol	challenge_SSA-MTE	hyp1	News	NaN	-18.764986038208008
419	420	fr	wol	challenge_SSA-MTE	hyp1	News	NaN	-14.023859024047852
420	421	fr	wol	challenge_SSA-MTE	hyp1	News	NaN	-15.8495454788208
421	422	fr	wol	challenge_SSA-MTE	hyp1	News	NaN	-18.642684936523438
422	423	fr	wol	challenge_SSA-MTE	hyp1	News	NaN	-25.939998626708984
423	424	fr	wol	challenge_SSA-MTE	hyp1	News	NaN	-13.843130111694336
424	425	fr	wol	challenge_SSA-MTE	hyp1	News	NaN	-13.94210433959961
425	426	fr	wol	challenge_SSA-MTE	hyp1	News	NaN	-12.197741508483887
426	427	fr	wol	challenge_SSA-MTE	hyp1	News	NaN	-23.2086238861084
427	428	fr	wol	challenge_SSA-MTE	hyp1	News	NaN	-9.654312133789062
428	429	fr	wol	challenge_SSA-MTE	hyp1	News	NaN	-16.379053115844727
429	430	fr	wol	challenge_SSA-MTE	hyp1	News	NaN	-18.290874481201172
430	431	fr	wol	challenge_SSA-MTE	hyp1	News	NaN	-16.124683380126953
431	432	fr	wol	challenge_SSA-MTE	hyp1	News	NaN	-10.460018157958984
432	433	fr	wol	challenge_SSA-MTE	hyp1	News	NaN	-14.977548599243164
433	434	fr	wol	challenge_SSA-MTE	hyp1	News	NaN	-9.098810195922852
434	435	fr	wol	challenge_SSA-MTE	hyp1	News	NaN	-16.942710876464844
435	436	fr	wol	challenge_SSA-MTE	hyp1	News	NaN	-24.785770416259766
436	437	fr	wol	challenge_SSA-MTE	hyp1	News	NaN	-18.158077239990234
437	438	fr	wol	challenge_SSA-MTE	hyp1	News	NaN	-17.689970016479492
438	439	fr	wol	challenge_SSA-MTE	hyp1	News	NaN	-13.286731719970703
439	440	fr	wol	challenge_SSA-MTE	hyp1	News	NaN	-12.31390380859375
440	441	fr	wol	challenge_SSA-MTE	hyp1	News	NaN	-25.14401626586914
441	442	fr	wol	challenge_SSA-MTE	hyp1	News	NaN	-23.75567054748535
442	443	fr	wol	challenge_SSA-MTE	hyp1	News	NaN	-16.15459632873535
443	444	fr	wol	challenge_SSA-MTE	hyp1	News	NaN	-14.351815223693848
444	445	fr	wol	challenge_SSA-MTE	hyp1	News	NaN	-10.931117057800293
445	446	fr	wol	challenge_SSA-MTE	hyp1	News	NaN	-18.267154693603516
446	447	fr	wol	challenge_SSA-MTE	hyp1	News	NaN	-4.2407355308532715
447	448	fr	wol	challenge_SSA-MTE	hyp1	News	NaN	-10.512659072875977
448	449	fr	wol	challenge_SSA-MTE	hyp1	News	NaN	-12.921375274658203
449	450	fr	wol	challenge_SSA-MTE	hyp1	News	NaN	-16.621810913085938
450	451	fr	wol	challenge_SSA-MTE	hyp1	News	NaN	-28.25634002685547
451	452	fr	wol	challenge_SSA-MTE	hyp1	News	NaN	-9.558544158935547
452	453	fr	wol	challenge_SSA-MTE	hyp1	News	NaN	-15.397879600524902
453	454	fr	wol	challenge_SSA-MTE	hyp1	News	NaN	-13.423662185668945
454	455	fr	wol	challenge_SSA-MTE	hyp1	News	NaN	-22.9410457611084
455	456	fr	wol	challenge_SSA-MTE	hyp1	News	NaN	-26.200244903564453
456	457	fr	wol	challenge_SSA-MTE	hyp1	News	NaN	-18.76458740234375
457	458	fr	wol	challenge_SSA-MTE	hyp1	News	NaN	-21.02427101135254
458	459	fr	wol	challenge_SSA-MTE	hyp1	News	NaN	-16.539478302001953
459	460	fr	wol	challenge_SSA-MTE	hyp1	News	NaN	-16.539222717285156
460	461	fr	wol	challenge_SSA-MTE	hyp1	News	NaN	-17.12900161743164
461	462	fr	wol	challenge_SSA-MTE	hyp1	News	NaN	-20.590774536132812
462	463	fr	wol	challenge_SSA-MTE	hyp1	News	NaN	-13.286516189575195
463	464	fr	wol	challenge_SSA-MTE	hyp1	News	NaN	-14.756690979003906
464	465	fr	wol	challenge_SSA-MTE	hyp1	News	NaN	-11.662420272827148
465	466	fr	wol	challenge_SSA-MTE	hyp1	News	NaN	-21.84954071044922
466	467	fr	wol	challenge_SSA-MTE	hyp1	News	NaN	-16.610382080078125
467	468	fr	wol	challenge_SSA-MTE	hyp1	News	NaN	-7.825495719909668
468	469	fr	wol	challenge_SSA-MTE	hyp1	News	NaN	-12.581271171569824
469	470	fr	wol	challenge_SSA-MTE	hyp1	News	NaN	-10.588544845581055
470	471	fr	wol	challenge_SSA-MTE	hyp1	News	NaN	-14.190271377563477
471	472	fr	wol	challenge_SSA-MTE	hyp1	News	NaN	-15.90128231048584
472	473	fr	wol	challenge_SSA-MTE	hyp1	News	NaN	-13.168190002441406
473	474	fr	wol	challenge_SSA-MTE	hyp1	News	NaN	-12.00819206237793
474	475	fr	wol	challenge_SSA-MTE	hyp1	News	NaN	-9.280783653259277
475	476	fr	wol	challenge_SSA-MTE	hyp1	News	NaN	-19.067150115966797
476	477	fr	wol	challenge_SSA-MTE	hyp1	News	NaN	-10.233682632446289
477	478	fr	wol	challenge_SSA-MTE	hyp1	News	NaN	-15.009594917297363
478	479	fr	wol	challenge_SSA-MTE	hyp1	News	NaN	-11.2788724899292
479	480	fr	wol	challenge_SSA-MTE	hyp1	News	NaN	-12.2631254196167
480	481	fr	wol	challenge_SSA-MTE	hyp1	News	NaN	-27.174549102783203
481	482	fr	wol	challenge_SSA-MTE	hyp1	News	NaN	-13.14652156829834
482	483	fr	wol	challenge_SSA-MTE	hyp1	News	NaN	-16.08299446105957
483	484	fr	wol	challenge_SSA-MTE	hyp1	News	NaN	-16.977027893066406
484	485	fr	wol	challenge_SSA-MTE	hyp1	News	NaN	-26.04244613647461
485	486	fr	wol	challenge_SSA-MTE	hyp1	News	NaN	-9.093048095703125
486	487	fr	wol	challenge_SSA-MTE	hyp1	News	NaN	-9.983779907226562
487	488	fr	wol	challenge_SSA-MTE	hyp1	News	NaN	-13.09030532836914
488	489	fr	wol	challenge_SSA-MTE	hyp1	News	NaN	-18.481361389160156
489	490	fr	wol	challenge_SSA-MTE	hyp1	News	NaN	-14.856366157531738
490	491	fr	wol	challenge_SSA-MTE	hyp1	News	NaN	-10.776354789733887
491	492	fr	wol	challenge_SSA-MTE	hyp1	News	NaN	-19.650087356567383
492	493	fr	wol	challenge_SSA-MTE	hyp1	News	NaN	-14.459333419799805
493	494	fr	wol	challenge_SSA-MTE	hyp1	News	NaN	-10.61905574798584
494	495	fr	wol	challenge_SSA-MTE	hyp1	News	NaN	-14.472423553466797
495	496	fr	wol	challenge_SSA-MTE	hyp1	News	NaN	-18.87015151977539
496	497	fr	wol	challenge_SSA-MTE	hyp1	News	NaN	-14.834823608398438
497	498	fr	wol	challenge_SSA-MTE	hyp1	News	NaN	-7.996958255767822
498	499	fr	wol	challenge_SSA-MTE	hyp1	News	NaN	-17.60927963256836
499	500	fr	wol	challenge_SSA-MTE	hyp1	News	NaN	-24.107994079589844
500	501	fr	wol	challenge_SSA-MTE	hyp1	News	NaN	-12.700679779052734
501	502	fr	wol	challenge_SSA-MTE	hyp1	News	NaN	-12.76058578491211
502	503	fr	wol	challenge_SSA-MTE	hyp1	News	NaN	-12.6293306350708
503	504	fr	wol	challenge_SSA-MTE	hyp1	News	NaN	-30.739328384399414
504	505	fr	wol	challenge_SSA-MTE	hyp1	News	NaN	-14.62841510772705
505	506	fr	wol	challenge_SSA-MTE	hyp1	News	NaN	-8.949274063110352
506	507	fr	wol	challenge_SSA-MTE	hyp1	News	NaN	-8.955718994140625
507	508	fr	wol	challenge_SSA-MTE	hyp1	News	NaN	-17.06952667236328
508	509	fr	wol	challenge_SSA-MTE	hyp1	News	NaN	-29.632545471191406
509	510	fr	wol	challenge_SSA-MTE	hyp1	News	NaN	-15.45738410949707
510	511	fr	wol	challenge_SSA-MTE	hyp1	News	NaN	-18.631235122680664
511	512	fr	wol	challenge_SSA-MTE	hyp1	News	NaN	-13.010992050170898
512	513	fr	wol	challenge_SSA-MTE	hyp1	News	NaN	-17.707399368286133
513	514	fr	wol	challenge_SSA-MTE	hyp1	News	NaN	-18.009166717529297
514	515	fr	wol	challenge_SSA-MTE	hyp1	News	NaN	-16.277605056762695
515	516	fr	wol	challenge_SSA-MTE	hyp1	News	NaN	-12.464839935302734
516	517	fr	wol	challenge_SSA-MTE	hyp1	News	NaN	-11.818426132202148
517	518	fr	wol	challenge_SSA-MTE	hyp1	News	NaN	-14.180932998657227
518	519	fr	wol	challenge_SSA-MTE	hyp1	News	NaN	-12.339744567871094
519	520	fr	wol	challenge_SSA-MTE	hyp1	News	NaN	-13.970314979553223
520	521	fr	wol	challenge_SSA-MTE	hyp1	News	NaN	-13.727575302124023
521	522	fr	wol	challenge_SSA-MTE	hyp1	News	NaN	-13.130776405334473
522	523	fr	wol	challenge_SSA-MTE	hyp1	News	NaN	-14.533782005310059
523	524	fr	wol	challenge_SSA-MTE	hyp1	News	NaN	-27.72844696044922
524	525	fr	wol	challenge_SSA-MTE	hyp1	News	NaN	-7.111438274383545
525	526	fr	wol	challenge_SSA-MTE	hyp1	News	NaN	-8.993398666381836
526	527	fr	wol	challenge_SSA-MTE	hyp1	News	NaN	-8.942252159118652
527	528	fr	wol	challenge_SSA-MTE	hyp1	News	NaN	-9.449668884277344
528	529	fr	wol	challenge_SSA-MTE	hyp1	News	NaN	-20.564016342163086
529	530	fr	wol	challenge_SSA-MTE	hyp1	News	NaN	-14.390459060668945
530	531	fr	wol	challenge_SSA-MTE	hyp1	News	NaN	-13.042606353759766
531	532	fr	wol	challenge_SSA-MTE	hyp1	News	NaN	-14.125099182128906
532	533	fr	wol	challenge_SSA-MTE	hyp1	News	NaN	-24.187467575073242
533	534	fr	wol	challenge_SSA-MTE	hyp1	News	NaN	-18.496959686279297
534	535	fr	wol	challenge_SSA-MTE	hyp1	News	NaN	-11.160616874694824
535	536	fr	wol	challenge_SSA-MTE	hyp1	News	NaN	-24.063852310180664
536	537	fr	wol	challenge_SSA-MTE	hyp1	News	NaN	-16.132463455200195
537	538	fr	wol	challenge_SSA-MTE	hyp1	News	NaN	-24.657848358154297
538	539	fr	wol	challenge_SSA-MTE	hyp1	News	NaN	-21.823558807373047
539	540	fr	wol	challenge_SSA-MTE	hyp1	News	NaN	-17.759647369384766
540	541	fr	wol	challenge_SSA-MTE	hyp1	News	NaN	-16.006866455078125
541	542	fr	wol	challenge_SSA-MTE	hyp1	News	NaN	-11.574699401855469
542	543	fr	wol	challenge_SSA-MTE	hyp1	News	NaN	-27.640857696533203
543	544	fr	wol	challenge_SSA-MTE	hyp1	News	NaN	-15.614463806152344
544	545	fr	wol	challenge_SSA-MTE	hyp1	News	NaN	-16.147579193115234
545	546	fr	wol	challenge_SSA-MTE	hyp1	News	NaN	-15.4677734375
546	547	fr	wol	challenge_SSA-MTE	hyp1	News	NaN	-27.371931076049805
547	548	fr	wol	challenge_SSA-MTE	hyp1	News	NaN	-13.092512130737305
548	549	fr	wol	challenge_SSA-MTE	hyp1	News	NaN	-12.389509201049805
549	550	fr	wol	challenge_SSA-MTE	hyp1	News	NaN	-11.384601593017578
550	551	fr	wol	challenge_SSA-MTE	hyp1	News	NaN	-11.715557098388672
551	552	fr	wol	challenge_SSA-MTE	hyp1	News	NaN	-20.139902114868164
552	553	fr	wol	challenge_SSA-MTE	hyp1	News	NaN	-16.508609771728516
553	554	fr	wol	challenge_SSA-MTE	hyp1	News	NaN	-12.587724685668945
554	555	fr	wol	challenge_SSA-MTE	hyp1	News	NaN	-19.17447853088379
555	556	fr	wol	challenge_SSA-MTE	hyp1	News	NaN	-17.76251983642578
556	557	fr	wol	challenge_SSA-MTE	hyp1	News	NaN	-18.930118560791016
557	558	fr	wol	challenge_SSA-MTE	hyp1	News	NaN	-17.553340911865234
558	559	fr	wol	challenge_SSA-MTE	hyp1	News	NaN	-19.50320816040039
559	560	fr	wol	challenge_SSA-MTE	hyp1	News	NaN	-26.569660186767578
560	561	fr	wol	challenge_SSA-MTE	hyp1	News	NaN	-17.502531051635742
561	562	fr	wol	challenge_SSA-MTE	hyp1	News	NaN	-13.547486305236816
562	563	fr	wol	challenge_SSA-MTE	hyp1	News	NaN	-16.552005767822266
563	564	fr	wol	challenge_SSA-MTE	hyp1	News	NaN	-27.49152374267578
564	565	fr	wol	challenge_SSA-MTE	hyp1	News	NaN	-17.765911102294922
565	566	fr	wol	challenge_SSA-MTE	hyp1	News	NaN	-9.379682540893555
566	567	fr	wol	challenge_SSA-MTE	hyp1	News	NaN	-8.93800163269043
567	568	fr	wol	challenge_SSA-MTE	hyp1	News	NaN	-21.33916473388672
568	569	fr	wol	challenge_SSA-MTE	hyp1	News	NaN	-29.431472778320312
569	570	fr	wol	challenge_SSA-MTE	hyp1	News	NaN	-25.896852493286133
570	571	fr	wol	challenge_SSA-MTE	hyp1	News	NaN	-13.281318664550781
571	572	fr	wol	challenge_SSA-MTE	hyp1	News	NaN	-16.710662841796875
572	573	fr	wol	challenge_SSA-MTE	hyp1	News	NaN	-9.420722961425781
573	574	fr	wol	challenge_SSA-MTE	hyp1	News	NaN	-18.955181121826172
574	575	fr	wol	challenge_SSA-MTE	hyp1	News	NaN	-7.623586654663086
575	576	fr	wol	challenge_SSA-MTE	hyp1	News	NaN	-9.200103759765625
576	577	fr	wol	challenge_SSA-MTE	hyp1	News	NaN	-5.216490268707275
577	578	fr	wol	challenge_SSA-MTE	hyp1	News	NaN	-17.735624313354492
578	579	fr	wol	challenge_SSA-MTE	hyp1	News	NaN	-29.669559478759766
579	580	fr	wol	challenge_SSA-MTE	hyp1	News	NaN	-30.536720275878906
580	581	fr	wol	challenge_SSA-MTE	hyp1	News	NaN	-21.98358917236328
581	582	fr	wol	challenge_SSA-MTE	hyp1	News	NaN	-20.574548721313477
582	583	fr	wol	challenge_SSA-MTE	hyp1	News	NaN	-13.354118347167969
583	584	fr	wol	challenge_SSA-MTE	hyp1	News	NaN	-29.883495330810547
584	585	fr	wol	challenge_SSA-MTE	hyp1	News	NaN	-24.08177947998047
585	586	fr	wol	challenge_SSA-MTE	hyp1	News	NaN	-22.023780822753906
586	587	fr	wol	challenge_SSA-MTE	hyp1	News	NaN	-13.570097923278809
587	588	fr	wol	challenge_SSA-MTE	hyp1	News	NaN	-14.312602043151855
588	589	fr	wol	challenge_SSA-MTE	hyp1	News	NaN	-28.315710067749023
589	590	fr	wol	challenge_SSA-MTE	hyp1	News	NaN	-17.375635147094727
590	591	fr	wol	challenge_SSA-MTE	hyp1	News	NaN	-17.04150390625
591	592	fr	wol	challenge_SSA-MTE	hyp1	News	NaN	-11.885740280151367
592	593	fr	wol	challenge_SSA-MTE	hyp1	News	NaN	-16.156352996826172
593	594	fr	wol	challenge_SSA-MTE	hyp1	News	NaN	-26.49264144897461
594	595	fr	wol	challenge_SSA-MTE	hyp1	News	NaN	-15.660608291625977
595	596	fr	wol	challenge_SSA-MTE	hyp1	News	NaN	-13.839673042297363
596	597	fr	wol	challenge_SSA-MTE	hyp1	News	NaN	-12.774801254272461
597	598	fr	wol	challenge_SSA-MTE	hyp1	News	NaN	-15.482786178588867
598	599	fr	wol	challenge_SSA-MTE	hyp1	News	NaN	-9.355997085571289
599	600	fr	wol	challenge_SSA-MTE	hyp1	News	NaN	-25.089038848876953
600	601	fr	wol	challenge_SSA-MTE	hyp1	News	NaN	-16.794925689697266
601	602	fr	wol	challenge_SSA-MTE	hyp1	News	NaN	-12.217971801757812
602	603	fr	wol	challenge_SSA-MTE	hyp1	News	NaN	-16.079185485839844
603	604	fr	wol	challenge_SSA-MTE	hyp1	News	NaN	-21.676250457763672
604	605	fr	wol	challenge_SSA-MTE	hyp1	News	NaN	-18.855052947998047
605	606	fr	wol	challenge_SSA-MTE	hyp1	News	NaN	-12.388172149658203
606	607	fr	wol	challenge_SSA-MTE	hyp1	News	NaN	-13.524190902709961
607	608	fr	wol	challenge_SSA-MTE	hyp1	News	NaN	-12.517571449279785
608	609	fr	wol	challenge_SSA-MTE	hyp1	News	NaN	-16.783977508544922
609	610	fr	wol	challenge_SSA-MTE	hyp1	News	NaN	-18.483104705810547
610	611	fr	wol	challenge_SSA-MTE	hyp1	News	NaN	-12.921506881713867
611	612	fr	wol	challenge_SSA-MTE	hyp1	News	NaN	-16.014867782592773
612	613	fr	wol	challenge_SSA-MTE	hyp1	News	NaN	-17.280094146728516
613	614	fr	wol	challenge_SSA-MTE	hyp1	News	NaN	-16.24620819091797
614	615	fr	wol	challenge_SSA-MTE	hyp1	News	NaN	-14.166624069213867
615	616	fr	wol	challenge_SSA-MTE	hyp1	News	NaN	-16.432783126831055
616	617	fr	wol	challenge_SSA-MTE	hyp1	News	NaN	-19.347835540771484
617	618	fr	wol	challenge_SSA-MTE	hyp1	News	NaN	-13.33375358581543
618	619	fr	wol	challenge_SSA-MTE	hyp1	News	NaN	-20.422136306762695
619	620	fr	wol	challenge_SSA-MTE	hyp1	News	NaN	-8.944955825805664
620	621	fr	wol	challenge_SSA-MTE	hyp1	News	NaN	-12.616453170776367
621	622	fr	wol	challenge_SSA-MTE	hyp1	News	NaN	-12.545515060424805
622	623	fr	wol	challenge_SSA-MTE	hyp1	News	NaN	-8.118715286254883
623	624	fr	wol	challenge_SSA-MTE	hyp1	News	NaN	-23.399860382080078
624	625	fr	wol	challenge_SSA-MTE	hyp1	News	NaN	-11.014362335205078
625	626	fr	wol	challenge_SSA-MTE	hyp1	News	NaN	-14.632749557495117
626	627	fr	wol	challenge_SSA-MTE	hyp1	News	NaN	-11.449796676635742
627	628	fr	wol	challenge_SSA-MTE	hyp1	News	NaN	-20.59206771850586
628	629	fr	wol	challenge_SSA-MTE	hyp1	News	NaN	-29.166515350341797
629	630	fr	wol	challenge_SSA-MTE	hyp1	News	NaN	-21.067058563232422
630	631	fr	wol	challenge_SSA-MTE	hyp1	News	NaN	-19.46429443359375
631	632	fr	wol	challenge_SSA-MTE	hyp1	News	NaN	-18.269775390625
632	633	fr	wol	challenge_SSA-MTE	hyp1	News	NaN	-10.862361907958984
633	634	fr	wol	challenge_SSA-MTE	hyp1	News	NaN	-19.48920440673828
634	635	fr	wol	challenge_SSA-MTE	hyp1	News	NaN	-9.081583023071289
635	636	fr	wol	challenge_SSA-MTE	hyp1	News	NaN	-15.116523742675781
636	637	fr	wol	challenge_SSA-MTE	hyp1	News	NaN	-7.161972999572754
637	638	fr	wol	challenge_SSA-MTE	hyp1	News	NaN	-22.2224063873291
638	639	fr	wol	challenge_SSA-MTE	hyp1	News	NaN	-31.376022338867188
639	640	fr	wol	challenge_SSA-MTE	hyp1	News	NaN	-20.756181716918945
640	641	fr	wol	challenge_SSA-MTE	hyp1	News	NaN	-18.959354400634766
641	642	fr	wol	challenge_SSA-MTE	hyp1	News	NaN	-14.7531099319458
642	643	fr	wol	challenge_SSA-MTE	hyp1	News	NaN	-11.871265411376953
643	644	fr	wol	challenge_SSA-MTE	hyp1	News	NaN	-16.76698875427246
644	645	fr	wol	challenge_SSA-MTE	hyp1	News	NaN	-16.84617042541504
645	646	fr	wol	challenge_SSA-MTE	hyp1	News	NaN	-19.230939865112305
646	647	fr	wol	challenge_SSA-MTE	hyp1	News	NaN	-16.51073455810547
647	648	fr	wol	challenge_SSA-MTE	hyp1	News	NaN	-29.338287353515625
648	649	fr	wol	challenge_SSA-MTE	hyp1	News	NaN	-18.125019073486328
649	650	fr	wol	challenge_SSA-MTE	hyp1	News	NaN	-16.343276977539062
650	651	fr	wol	challenge_SSA-MTE	hyp1	News	NaN	-15.65261459350586
651	652	fr	wol	challenge_SSA-MTE	hyp1	News	NaN	-15.686781883239746
652	653	fr	wol	challenge_SSA-MTE	hyp1	News	NaN	-26.783111572265625
653	654	fr	wol	challenge_SSA-MTE	hyp1	News	NaN	-12.20749282836914
654	655	fr	wol	challenge_SSA-MTE	hyp1	News	NaN	-10.82823657989502
655	656	fr	wol	challenge_SSA-MTE	hyp1	News	NaN	-11.230207443237305
656	657	fr	wol	challenge_SSA-MTE	hyp1	News	NaN	-17.8889102935791
657	658	fr	wol	challenge_SSA-MTE	hyp1	News	NaN	-12.610454559326172
658	659	fr	wol	challenge_SSA-MTE	hyp1	News	NaN	-15.505212783813477
659	660	fr	wol	challenge_SSA-MTE	hyp1	News	NaN	-28.422441482543945
660	661	fr	wol	challenge_SSA-MTE	hyp1	News	NaN	-15.503395080566406
661	662	fr	wol	challenge_SSA-MTE	hyp1	News	NaN	-8.40506649017334
662	663	fr	wol	challenge_SSA-MTE	hyp1	News	NaN	-26.297046661376953
663	664	fr	wol	challenge_SSA-MTE	hyp1	News	NaN	-15.231979370117188
664	665	fr	wol	challenge_SSA-MTE	hyp1	News	NaN	-12.130241394042969
665	666	fr	wol	challenge_SSA-MTE	hyp1	News	NaN	-23.348201751708984
666	667	fr	wol	challenge_SSA-MTE	hyp1	News	NaN	-11.775359153747559
667	668	fr	wol	challenge_SSA-MTE	hyp1	News	NaN	-19.27433204650879
668	669	fr	wol	challenge_SSA-MTE	hyp1	News	NaN	-10.489006042480469
669	670	fr	wol	challenge_SSA-MTE	hyp1	News	NaN	-12.043275833129883
670	671	fr	wol	challenge_SSA-MTE	hyp1	News	NaN	-14.483158111572266
671	672	fr	wol	challenge_SSA-MTE	hyp1	News	NaN	-16.703083038330078
672	673	fr	wol	challenge_SSA-MTE	hyp1	News	NaN	-22.437562942504883
673	674	fr	wol	challenge_SSA-MTE	hyp1	News	NaN	-13.143302917480469
674	675	fr	wol	challenge_SSA-MTE	hyp1	News	NaN	-11.0410737991333
675	676	fr	wol	challenge_SSA-MTE	hyp1	News	NaN	-12.33375358581543
676	677	fr	wol	challenge_SSA-MTE	hyp1	News	NaN	-19.479290008544922
677	678	fr	wol	challenge_SSA-MTE	hyp1	News	NaN	-26.80164337158203
678	679	fr	wol	challenge_SSA-MTE	hyp1	News	NaN	-13.17041301727295
679	680	fr	wol	challenge_SSA-MTE	hyp1	News	NaN	-19.05099105834961
680	681	fr	wol	challenge_SSA-MTE	hyp1	News	NaN	-16.0297794342041
681	682	fr	wol	challenge_SSA-MTE	hyp1	News	NaN	-7.481996059417725
682	683	fr	wol	challenge_SSA-MTE	hyp1	News	NaN	-29.077110290527344
683	684	fr	wol	challenge_SSA-MTE	hyp1	News	NaN	-6.526949882507324
684	685	fr	wol	challenge_SSA-MTE	hyp1	News	NaN	-15.266796112060547
685	686	fr	wol	challenge_SSA-MTE	hyp1	News	NaN	-8.325756072998047
686	687	fr	wol	challenge_SSA-MTE	hyp1	News	NaN	-22.48703384399414
687	688	fr	wol	challenge_SSA-MTE	hyp1	News	NaN	-28.84688949584961
688	689	fr	wol	challenge_SSA-MTE	hyp1	News	NaN	-23.091848373413086
689	690	fr	wol	challenge_SSA-MTE	hyp1	News	NaN	-13.43714427947998
690	691	fr	wol	challenge_SSA-MTE	hyp1	News	NaN	-11.056437492370605
691	692	fr	wol	challenge_SSA-MTE	hyp1	News	NaN	-18.62802505493164
692	693	fr	wol	challenge_SSA-MTE	hyp1	News	NaN	-29.02239418029785
693	694	fr	wol	challenge_SSA-MTE	hyp1	News	NaN	-28.002239227294922
694	695	fr	wol	challenge_SSA-MTE	hyp1	News	NaN	-19.333389282226562
695	696	fr	wol	challenge_SSA-MTE	hyp1	News	NaN	-17.217178344726562
696	697	fr	wol	challenge_SSA-MTE	hyp1	News	NaN	-19.214426040649414
697	698	fr	wol	challenge_SSA-MTE	hyp1	News	NaN	-13.924723625183105
698	699	fr	wol	challenge_SSA-MTE	hyp1	News	NaN	-10.102531433105469
699	700	fr	wol	challenge_SSA-MTE	hyp1	News	NaN	-16.669963836669922
700	701	fr	wol	challenge_SSA-MTE	hyp1	News	NaN	-12.393388748168945
701	702	fr	wol	challenge_SSA-MTE	hyp1	News	NaN	-19.236759185791016
702	703	fr	wol	challenge_SSA-MTE	hyp1	News	NaN	-26.01227569580078
703	704	fr	wol	challenge_SSA-MTE	hyp1	News	NaN	-22.336393356323242
704	705	fr	wol	challenge_SSA-MTE	hyp1	News	NaN	-14.151800155639648
705	706	fr	wol	challenge_SSA-MTE	hyp1	News	NaN	-11.243782997131348
706	707	fr	wol	challenge_SSA-MTE	hyp1	News	NaN	-13.830750465393066
707	708	fr	wol	challenge_SSA-MTE	hyp1	News	NaN	-14.37195110321045
708	709	fr	wol	challenge_SSA-MTE	hyp1	News	NaN	-18.446258544921875
709	710	fr	wol	challenge_SSA-MTE	hyp1	News	NaN	-15.972214698791504
710	711	fr	wol	challenge_SSA-MTE	hyp1	News	NaN	-17.311492919921875
711	712	fr	wol	challenge_SSA-MTE	hyp1	News	NaN	-21.73647689819336
712	713	fr	wol	challenge_SSA-MTE	hyp1	News	NaN	-27.185760498046875
713	714	fr	wol	challenge_SSA-MTE	hyp1	News	NaN	-20.983747482299805
714	715	fr	wol	challenge_SSA-MTE	hyp1	News	NaN	-14.19491958618164
715	716	fr	wol	challenge_SSA-MTE	hyp1	News	NaN	-20.9621524810791
716	717	fr	wol	challenge_SSA-MTE	hyp1	News	NaN	-15.899006843566895
717	718	fr	wol	challenge_SSA-MTE	hyp1	News	NaN	-28.247846603393555
718	719	fr	wol	challenge_SSA-MTE	hyp1	News	NaN	-12.190145492553711
719	720	fr	wol	challenge_SSA-MTE	hyp1	News	NaN	-12.263337135314941
720	721	fr	wol	challenge_SSA-MTE	hyp1	News	NaN	-14.144973754882812
721	722	fr	wol	challenge_SSA-MTE	hyp1	News	NaN	-14.936124801635742
722	723	fr	wol	challenge_SSA-MTE	hyp1	News	NaN	-26.37363052368164
723	724	fr	wol	challenge_SSA-MTE	hyp1	News	NaN	-22.718786239624023
724	725	fr	wol	challenge_SSA-MTE	hyp1	News	NaN	-22.83032989501953
725	726	fr	wol	challenge_SSA-MTE	hyp1	News	NaN	-19.296916961669922
726	727	fr	wol	challenge_SSA-MTE	hyp1	News	NaN	-18.199485778808594
727	728	fr	wol	challenge_SSA-MTE	hyp1	News	NaN	-27.298980712890625
728	729	fr	wol	challenge_SSA-MTE	hyp1	News	NaN	-15.239639282226562
729	730	fr	wol	challenge_SSA-MTE	hyp1	News	NaN	-24.757095336914062
730	731	fr	wol	challenge_SSA-MTE	hyp1	News	NaN	-16.497465133666992
731	732	fr	wol	challenge_SSA-MTE	hyp1	News	NaN	-22.781593322753906
732	733	fr	wol	challenge_SSA-MTE	hyp1	News	NaN	-27.429180145263672
733	734	fr	wol	challenge_SSA-MTE	hyp1	News	NaN	-13.933149337768555
734	735	fr	wol	challenge_SSA-MTE	hyp1	News	NaN	-19.643253326416016
735	736	fr	wol	challenge_SSA-MTE	hyp1	News	NaN	-19.88025665283203
736	737	fr	wol	challenge_SSA-MTE	hyp1	News	NaN	-20.830425262451172
737	738	fr	wol	challenge_SSA-MTE	hyp1	News	NaN	-30.310531616210938
738	739	fr	wol	challenge_SSA-MTE	hyp1	News	NaN	-22.384382247924805
739	740	fr	wol	challenge_SSA-MTE	hyp1	News	NaN	-20.808021545410156
740	741	fr	wol	challenge_SSA-MTE	hyp1	News	NaN	-16.929285049438477
741	742	fr	wol	challenge_SSA-MTE	hyp1	News	NaN	-16.09247589111328
742	743	fr	wol	challenge_SSA-MTE	hyp1	News	NaN	-25.392562866210938
743	744	fr	wol	challenge_SSA-MTE	hyp1	News	NaN	-19.330759048461914
744	745	fr	wol	challenge_SSA-MTE	hyp1	News	NaN	-18.313213348388672
745	746	fr	wol	challenge_SSA-MTE	hyp1	News	NaN	-19.38652801513672
746	747	fr	wol	challenge_SSA-MTE	hyp1	News	NaN	-16.402114868164062
747	748	fr	wol	challenge_SSA-MTE	hyp1	News	NaN	-25.651954650878906
748	749	fr	wol	challenge_SSA-MTE	hyp1	News	NaN	-22.35856056213379
749	750	fr	wol	challenge_SSA-MTE	hyp1	News	NaN	-10.531097412109375
750	751	fr	wol	challenge_SSA-MTE	hyp1	News	NaN	-20.284191131591797
751	752	fr	wol	challenge_SSA-MTE	hyp1	News	NaN	-14.422782897949219
752	753	fr	wol	challenge_SSA-MTE	hyp1	News	NaN	-15.346294403076172
753	754	fr	wol	challenge_SSA-MTE	hyp1	News	NaN	-15.19327163696289
754	755	fr	wol	challenge_SSA-MTE	hyp1	News	NaN	-12.360832214355469
755	756	fr	wol	challenge_SSA-MTE	hyp1	News	NaN	-11.12551212310791
756	757	fr	wol	challenge_SSA-MTE	hyp1	News	NaN	-18.827289581298828
757	758	fr	wol	challenge_SSA-MTE	hyp1	News	NaN	-30.099365234375
758	759	fr	wol	challenge_SSA-MTE	hyp1	News	NaN	-24.872406005859375
759	760	fr	wol	challenge_SSA-MTE	hyp1	News	NaN	-15.913467407226562
760	761	fr	wol	challenge_SSA-MTE	hyp1	News	NaN	-19.759918212890625
761	762	fr	wol	challenge_SSA-MTE	hyp1	News	NaN	-13.521637916564941
762	763	fr	wol	challenge_SSA-MTE	hyp1	News	NaN	-22.538036346435547
763	764	fr	wol	challenge_SSA-MTE	hyp1	News	NaN	-17.132083892822266
764	765	fr	wol	challenge_SSA-MTE	hyp1	News	NaN	-10.704597473144531
765	766	fr	wol	challenge_SSA-MTE	hyp1	News	NaN	-8.005613327026367
766	767	fr	wol	challenge_SSA-MTE	hyp1	News	NaN	-15.690226554870605
767	768	fr	wol	challenge_SSA-MTE	hyp1	News	NaN	-30.419588088989258
768	769	fr	wol	challenge_SSA-MTE	hyp1	News	NaN	-24.226972579956055
769	770	fr	wol	challenge_SSA-MTE	hyp1	News	NaN	-20.933246612548828
770	771	fr	wol	challenge_SSA-MTE	hyp1	News	NaN	-21.576416015625
771	772	fr	wol	challenge_SSA-MTE	hyp1	News	NaN	-17.39469337463379
772	773	fr	wol	challenge_SSA-MTE	hyp1	News	NaN	-28.1224365234375
773	774	fr	wol	challenge_SSA-MTE	hyp1	News	NaN	-31.46059226989746
774	775	fr	wol	challenge_SSA-MTE	hyp1	News	NaN	-21.256553649902344
775	776	fr	wol	challenge_SSA-MTE	hyp1	News	NaN	-16.158653259277344
776	777	fr	wol	challenge_SSA-MTE	hyp1	News	NaN	-12.752082824707031
777	778	fr	wol	challenge_SSA-MTE	hyp1	News	NaN	-16.72906494140625
778	779	fr	wol	challenge_SSA-MTE	hyp1	News	NaN	-22.540420532226562
779	780	fr	wol	challenge_SSA-MTE	hyp1	News	NaN	-9.038331985473633
780	781	fr	wol	challenge_SSA-MTE	hyp1	News	NaN	-11.244548797607422
781	782	fr	wol	challenge_SSA-MTE	hyp1	News	NaN	-12.719684600830078
782	783	fr	wol	challenge_SSA-MTE	hyp1	News	NaN	-28.289615631103516
783	784	fr	wol	challenge_SSA-MTE	hyp1	News	NaN	-18.548912048339844
784	785	fr	wol	challenge_SSA-MTE	hyp1	News	NaN	-13.909585952758789
785	786	fr	wol	challenge_SSA-MTE	hyp1	News	NaN	-11.87443733215332
786	787	fr	wol	challenge_SSA-MTE	hyp1	News	NaN	-13.972755432128906
787	788	fr	wol	challenge_SSA-MTE	hyp1	News	NaN	-28.077983856201172
788	789	fr	wol	challenge_SSA-MTE	hyp1	News	NaN	-20.844554901123047
789	790	fr	wol	challenge_SSA-MTE	hyp1	News	NaN	-15.178603172302246
790	791	fr	wol	challenge_SSA-MTE	hyp1	News	NaN	-9.395492553710938
791	792	fr	wol	challenge_SSA-MTE	hyp1	News	NaN	-16.333120346069336
792	793	fr	wol	challenge_SSA-MTE	hyp1	News	NaN	-24.140949249267578
793	794	fr	wol	challenge_SSA-MTE	hyp1	News	NaN	-25.713539123535156
794	795	fr	wol	challenge_SSA-MTE	hyp1	News	NaN	-20.37548065185547
795	796	fr	wol	challenge_SSA-MTE	hyp1	News	NaN	-17.90615463256836
796	797	fr	wol	challenge_SSA-MTE	hyp1	News	NaN	-14.223037719726562
797	798	fr	wol	challenge_SSA-MTE	hyp1	News	NaN	-21.231613159179688
798	799	fr	wol	challenge_SSA-MTE	hyp1	News	NaN	-17.377601623535156
799	800	fr	wol	challenge_SSA-MTE	hyp1	News	NaN	-10.167325973510742
800	801	fr	wol	challenge_SSA-MTE	hyp1	News	NaN	-14.565892219543457
801	802	fr	wol	challenge_SSA-MTE	hyp1	News	NaN	-14.909722328186035
802	803	fr	wol	challenge_SSA-MTE	hyp1	News	NaN	-23.093585968017578
803	804	fr	wol	challenge_SSA-MTE	hyp1	News	NaN	-11.879938125610352
804	805	fr	wol	challenge_SSA-MTE	hyp1	News	NaN	-13.744970321655273
805	806	fr	wol	challenge_SSA-MTE	hyp1	News	NaN	-12.354912757873535
806	807	fr	wol	challenge_SSA-MTE	hyp1	News	NaN	-15.644503593444824
807	808	fr	wol	challenge_SSA-MTE	hyp1	News	NaN	-30.28152084350586
808	809	fr	wol	challenge_SSA-MTE	hyp1	News	NaN	-22.12129783630371
809	810	fr	wol	challenge_SSA-MTE	hyp1	News	NaN	-13.48099136352539
810	811	fr	wol	challenge_SSA-MTE	hyp1	News	NaN	-20.1375732421875
811	812	fr	wol	challenge_SSA-MTE	hyp1	News	NaN	-14.327823638916016
812	813	fr	wol	challenge_SSA-MTE	hyp1	News	NaN	-29.279531478881836
813	814	fr	wol	challenge_SSA-MTE	hyp1	News	NaN	-19.075267791748047
814	815	fr	wol	challenge_SSA-MTE	hyp1	News	NaN	-17.799957275390625
815	816	fr	wol	challenge_SSA-MTE	hyp1	News	NaN	-13.998574256896973
816	817	fr	wol	challenge_SSA-MTE	hyp1	News	NaN	-27.911643981933594
817	818	fr	wol	challenge_SSA-MTE	hyp1	News	NaN	-20.657365798950195
818	819	fr	wol	challenge_SSA-MTE	hyp1	News	NaN	-14.848562240600586
819	820	fr	wol	challenge_SSA-MTE	hyp1	News	NaN	-20.077985763549805
820	821	fr	wol	challenge_SSA-MTE	hyp1	News	NaN	-18.722803115844727
821	822	fr	wol	challenge_SSA-MTE	hyp1	News	NaN	-28.94029426574707
822	823	fr	wol	challenge_SSA-MTE	hyp1	News	NaN	-18.513174057006836
823	824	fr	wol	challenge_SSA-MTE	hyp1	News	NaN	-13.370110511779785
824	825	fr	wol	challenge_SSA-MTE	hyp1	News	NaN	-19.203454971313477
825	826	fr	wol	challenge_SSA-MTE	hyp1	News	NaN	-18.269508361816406
826	827	fr	wol	challenge_SSA-MTE	hyp1	News	NaN	-18.603694915771484
827	828	fr	wol	challenge_SSA-MTE	hyp1	News	NaN	-19.59054183959961
828	829	fr	wol	challenge_SSA-MTE	hyp1	News	NaN	-21.21807289123535
829	830	fr	wol	challenge_SSA-MTE	hyp1	News	NaN	-17.90020751953125
830	831	fr	wol	challenge_SSA-MTE	hyp1	News	NaN	-29.96863555908203
831	832	fr	wol	challenge_SSA-MTE	hyp1	News	NaN	-13.627910614013672
832	833	fr	wol	challenge_SSA-MTE	hyp1	News	NaN	-28.72345733642578
833	834	fr	wol	challenge_SSA-MTE	hyp1	News	NaN	-15.228582382202148
834	835	fr	wol	challenge_SSA-MTE	hyp1	News	NaN	-13.762933731079102
835	836	fr	wol	challenge_SSA-MTE	hyp1	News	NaN	-10.834163665771484
836	837	fr	wol	challenge_SSA-MTE	hyp1	News	NaN	-16.802989959716797
837	838	fr	wol	challenge_SSA-MTE	hyp1	News	NaN	-25.229591369628906
838	839	fr	wol	challenge_SSA-MTE	hyp1	News	NaN	-15.082874298095703
839	840	fr	wol	challenge_SSA-MTE	hyp1	News	NaN	-12.66020393371582
840	841	fr	wol	challenge_SSA-MTE	hyp1	News	NaN	-14.982297897338867
841	842	fr	wol	challenge_SSA-MTE	hyp1	News	NaN	-20.80443572998047
842	843	fr	wol	challenge_SSA-MTE	hyp1	News	NaN	-25.637451171875
843	844	fr	wol	challenge_SSA-MTE	hyp1	News	NaN	-14.99380874633789
844	845	fr	wol	challenge_SSA-MTE	hyp1	News	NaN	-9.770280838012695
845	846	fr	wol	challenge_SSA-MTE	hyp1	News	NaN	-15.032281875610352
846	847	fr	wol	challenge_SSA-MTE	hyp1	News	NaN	-16.080913543701172
847	848	fr	wol	challenge_SSA-MTE	hyp1	News	NaN	-28.478076934814453
848	849	fr	wol	challenge_SSA-MTE	hyp1	News	NaN	-16.053955078125
849	850	fr	wol	challenge_SSA-MTE	hyp1	News	NaN	-13.646900177001953
850	851	fr	wol	challenge_SSA-MTE	hyp1	News	NaN	-11.410038948059082
851	852	fr	wol	challenge_SSA-MTE	hyp1	News	NaN	-20.669387817382812
852	853	fr	wol	challenge_SSA-MTE	hyp1	News	NaN	-26.545074462890625
853	854	fr	wol	challenge_SSA-MTE	hyp1	News	NaN	-23.633445739746094
854	855	fr	wol	challenge_SSA-MTE	hyp1	News	NaN	-13.14650821685791
855	856	fr	wol	challenge_SSA-MTE	hyp1	News	NaN	-12.434518814086914
856	857	fr	wol	challenge_SSA-MTE	hyp1	News	NaN	-17.773639678955078
857	858	fr	wol	challenge_SSA-MTE	hyp1	News	NaN	-16.004070281982422
858	859	fr	wol	challenge_SSA-MTE	hyp1	News	NaN	-15.102201461791992
859	860	fr	wol	challenge_SSA-MTE	hyp1	News	NaN	-17.27801513671875
860	861	fr	wol	challenge_SSA-MTE	hyp1	News	NaN	-16.551755905151367
861	862	fr	wol	challenge_SSA-MTE	hyp1	News	NaN	-22.418701171875
862	863	fr	wol	challenge_SSA-MTE	hyp1	News	NaN	-28.09756851196289
863	864	fr	wol	challenge_SSA-MTE	hyp1	News	NaN	-29.1383056640625
864	865	fr	wol	challenge_SSA-MTE	hyp1	News	NaN	-21.5927677154541
865	866	fr	wol	challenge_SSA-MTE	hyp1	News	NaN	-20.840072631835938
866	867	fr	wol	challenge_SSA-MTE	hyp1	News	NaN	-13.095945358276367
867	868	fr	wol	challenge_SSA-MTE	hyp1	News	NaN	-31.441471099853516
868	869	fr	wol	challenge_SSA-MTE	hyp1	News	NaN	-10.766456604003906
869	870	fr	wol	challenge_SSA-MTE	hyp1	News	NaN	-17.358835220336914
870	871	fr	wol	challenge_SSA-MTE	hyp1	News	NaN	-15.511345863342285
871	872	fr	wol	challenge_SSA-MTE	hyp1	News	NaN	-10.803627014160156
872	873	fr	wol	challenge_SSA-MTE	hyp1	News	NaN	-27.105812072753906
873	874	fr	wol	challenge_SSA-MTE	hyp1	News	NaN	-18.620834350585938
874	875	fr	wol	challenge_SSA-MTE	hyp1	News	NaN	-14.794618606567383
875	876	fr	wol	challenge_SSA-MTE	hyp1	News	NaN	-14.391414642333984
876	877	fr	wol	challenge_SSA-MTE	hyp1	News	NaN	-10.28084945678711
877	878	fr	wol	challenge_SSA-MTE	hyp1	News	NaN	-21.782222747802734
878	879	fr	wol	challenge_SSA-MTE	hyp1	News	NaN	-17.33219337463379
879	880	fr	wol	challenge_SSA-MTE	hyp1	News	NaN	-16.586679458618164
880	881	fr	wol	challenge_SSA-MTE	hyp1	News	NaN	-10.587318420410156
881	882	fr	wol	challenge_SSA-MTE	hyp1	News	NaN	-21.980003356933594
882	883	fr	wol	challenge_SSA-MTE	hyp1	News	NaN	-20.683414459228516
883	884	fr	wol	challenge_SSA-MTE	hyp1	News	NaN	-16.39354705810547
884	885	fr	wol	challenge_SSA-MTE	hyp1	News	NaN	-12.4485445022583
885	886	fr	wol	challenge_SSA-MTE	hyp1	News	NaN	-13.176431655883789
886	887	fr	wol	challenge_SSA-MTE	hyp1	News	NaN	-17.736650466918945
887	888	fr	wol	challenge_SSA-MTE	hyp1	News	NaN	-23.226261138916016
888	889	fr	wol	challenge_SSA-MTE	hyp1	News	NaN	-15.413159370422363
889	890	fr	wol	challenge_SSA-MTE	hyp1	News	NaN	-12.889547348022461
890	891	fr	wol	challenge_SSA-MTE	hyp1	News	NaN	-23.357242584228516
891	892	fr	wol	challenge_SSA-MTE	hyp1	News	NaN	-28.892223358154297
892	893	fr	wol	challenge_SSA-MTE	hyp1	News	NaN	-27.875268936157227
893	894	fr	wol	challenge_SSA-MTE	hyp1	News	NaN	-24.590267181396484
894	895	fr	wol	challenge_SSA-MTE	hyp1	News	NaN	-24.560136795043945
895	896	fr	wol	challenge_SSA-MTE	hyp1	News	NaN	-17.191146850585938
896	897	fr	wol	challenge_SSA-MTE	hyp1	News	NaN	-26.971412658691406
897	898	fr	wol	challenge_SSA-MTE	hyp1	News	NaN	-13.574750900268555
898	899	fr	wol	challenge_SSA-MTE	hyp1	News	NaN	-21.41746711730957
899	900	fr	wol	challenge_SSA-MTE	hyp1	News	NaN	-14.57734489440918
900	901	fr	wol	challenge_SSA-MTE	hyp1	News	NaN	-17.981151580810547
901	902	fr	wol	challenge_SSA-MTE	hyp1	News	NaN	-31.511505126953125
902	903	fr	wol	challenge_SSA-MTE	hyp1	News	NaN	-13.311738014221191
903	904	fr	wol	challenge_SSA-MTE	hyp1	News	NaN	-19.15272331237793
904	905	fr	wol	challenge_SSA-MTE	hyp1	News	NaN	-15.802384376525879
905	906	fr	wol	challenge_SSA-MTE	hyp1	News	NaN	-16.16193962097168
906	907	fr	wol	challenge_SSA-MTE	hyp1	News	NaN	-31.72378158569336
907	908	fr	wol	challenge_SSA-MTE	hyp1	News	NaN	-20.95878791809082
908	909	fr	wol	challenge_SSA-MTE	hyp1	News	NaN	-20.204145431518555
909	910	fr	wol	challenge_SSA-MTE	hyp1	News	NaN	-19.257463455200195
910	911	fr	wol	challenge_SSA-MTE	hyp1	News	NaN	-18.88351058959961
911	912	fr	wol	challenge_SSA-MTE	hyp1	News	NaN	-17.978105545043945
912	913	fr	wol	challenge_SSA-MTE	hyp1	News	NaN	-15.380653381347656
913	914	fr	wol	challenge_SSA-MTE	hyp1	News	NaN	-19.783935546875
914	915	fr	wol	challenge_SSA-MTE	hyp1	News	NaN	-15.948545455932617
915	916	fr	wol	challenge_SSA-MTE	hyp1	News	NaN	-18.6616153717041
916	917	fr	wol	challenge_SSA-MTE	hyp1	News	NaN	-23.432598114013672
917	918	fr	wol	challenge_SSA-MTE	hyp1	News	NaN	-18.20012092590332
918	919	fr	wol	challenge_SSA-MTE	hyp1	News	NaN	-17.180543899536133
919	920	fr	wol	challenge_SSA-MTE	hyp1	News	NaN	-11.536872863769531
920	921	fr	wol	challenge_SSA-MTE	hyp1	News	NaN	-18.277969360351562
921	922	fr	wol	challenge_SSA-MTE	hyp1	News	NaN	-28.61248207092285
922	923	fr	wol	challenge_SSA-MTE	hyp1	News	NaN	-19.14572525024414
923	924	fr	wol	challenge_SSA-MTE	hyp1	News	NaN	-18.561382293701172
924	925	fr	wol	challenge_SSA-MTE	hyp1	News	NaN	-16.661911010742188
925	926	fr	wol	challenge_SSA-MTE	hyp1	News	NaN	-24.61642837524414
926	927	fr	wol	challenge_SSA-MTE	hyp1	News	NaN	-26.800397872924805
927	928	fr	wol	challenge_SSA-MTE	hyp1	News	NaN	-14.890850067138672
928	929	fr	wol	challenge_SSA-MTE	hyp1	News	NaN	-16.22930145263672
929	930	fr	wol	challenge_SSA-MTE	hyp1	News	NaN	-17.60958480834961
930	931	fr	wol	challenge_SSA-MTE	hyp1	News	NaN	-29.07912826538086
931	932	fr	wol	challenge_SSA-MTE	hyp1	News	NaN	-25.639312744140625
932	933	fr	wol	challenge_SSA-MTE	hyp1	News	NaN	-19.646968841552734
933	934	fr	wol	challenge_SSA-MTE	hyp1	News	NaN	-15.48530387878418
934	935	fr	wol	challenge_SSA-MTE	hyp1	News	NaN	-17.056310653686523
935	936	fr	wol	challenge_SSA-MTE	hyp1	News	NaN	-13.924622535705566
936	937	fr	wol	challenge_SSA-MTE	hyp1	News	NaN	-19.460796356201172
937	938	fr	wol	challenge_SSA-MTE	hyp1	News	NaN	-17.488243103027344
938	939	fr	wol	challenge_SSA-MTE	hyp1	News	NaN	-16.941383361816406
939	940	fr	wol	challenge_SSA-MTE	hyp1	News	NaN	-11.663276672363281
940	941	fr	wol	challenge_SSA-MTE	hyp1	News	NaN	-21.60360336303711
941	942	fr	wol	challenge_SSA-MTE	hyp1	News	NaN	-22.721527099609375
942	943	fr	wol	challenge_SSA-MTE	hyp1	News	NaN	-24.855384826660156
943	944	fr	wol	challenge_SSA-MTE	hyp1	News	NaN	-18.239879608154297
944	945	fr	wol	challenge_SSA-MTE	hyp1	News	NaN	-21.781885147094727
945	946	fr	wol	challenge_SSA-MTE	hyp1	News	NaN	-14.580442428588867
946	947	fr	wol	challenge_SSA-MTE	hyp1	News	NaN	-10.384342193603516
947	948	fr	wol	challenge_SSA-MTE	hyp1	News	NaN	-17.418033599853516
948	949	fr	wol	challenge_SSA-MTE	hyp1	News	NaN	-11.3829345703125
949	950	fr	wol	challenge_SSA-MTE	hyp1	News	NaN	-11.320974349975586
950	951	fr	wol	challenge_SSA-MTE	hyp1	News	NaN	-19.637718200683594
951	952	fr	wol	challenge_SSA-MTE	hyp1	News	NaN	-12.741300582885742
952	953	fr	wol	challenge_SSA-MTE	hyp1	News	NaN	-13.945202827453613
953	954	fr	wol	challenge_SSA-MTE	hyp1	News	NaN	-15.503108978271484
954	955	fr	wol	challenge_SSA-MTE	hyp1	News	NaN	-13.56112289428711
955	956	fr	wol	challenge_SSA-MTE	hyp1	News	NaN	-15.500871658325195
956	957	fr	wol	challenge_SSA-MTE	hyp1	News	NaN	-23.49034881591797
957	958	fr	wol	challenge_SSA-MTE	hyp1	News	NaN	-20.48141098022461
958	959	fr	wol	challenge_SSA-MTE	hyp1	News	NaN	-10.338921546936035
959	960	fr	wol	challenge_SSA-MTE	hyp1	News	NaN	-15.20009994506836
960	961	fr	wol	challenge_SSA-MTE	hyp1	News	NaN	-16.48381996154785
961	962	fr	wol	challenge_SSA-MTE	hyp1	News	NaN	-29.639076232910156
962	963	fr	wol	challenge_SSA-MTE	hyp1	News	NaN	-25.47848129272461
963	964	fr	wol	challenge_SSA-MTE	hyp1	News	NaN	-31.248348236083984
964	965	fr	wol	challenge_SSA-MTE	hyp1	News	NaN	-18.113189697265625
965	966	fr	wol	challenge_SSA-MTE	hyp1	News	NaN	-12.424449920654297
966	967	fr	wol	challenge_SSA-MTE	hyp1	News	NaN	-12.414600372314453
967	968	fr	wol	challenge_SSA-MTE	hyp1	News	NaN	-14.285469055175781
968	969	fr	wol	challenge_SSA-MTE	hyp1	News	NaN	-13.604866027832031
969	970	fr	wol	challenge_SSA-MTE	hyp1	News	NaN	-21.511226654052734
970	971	fr	wol	challenge_SSA-MTE	hyp1	News	NaN	-20.662391662597656
971	972	fr	wol	challenge_SSA-MTE	hyp1	News	NaN	-14.904061317443848
972	973	fr	wol	challenge_SSA-MTE	hyp1	News	NaN	-20.654949188232422
973	974	fr	wol	challenge_SSA-MTE	hyp1	News	NaN	-15.134546279907227
974	975	fr	wol	challenge_SSA-MTE	hyp1	News	NaN	-18.360715866088867
975	976	fr	wol	challenge_SSA-MTE	hyp1	News	NaN	-25.262832641601562
976	977	fr	wol	challenge_SSA-MTE	hyp1	News	NaN	-15.832987785339355
977	978	fr	wol	challenge_SSA-MTE	hyp1	News	NaN	-13.428892135620117
978	979	fr	wol	challenge_SSA-MTE	hyp1	News	NaN	-13.703300476074219
979	980	fr	wol	challenge_SSA-MTE	hyp1	News	NaN	-14.773344039916992
980	981	fr	wol	challenge_SSA-MTE	hyp1	News	NaN	-19.954038619995117
981	982	fr	wol	challenge_SSA-MTE	hyp1	News	NaN	-28.82919692993164
982	983	fr	wol	challenge_SSA-MTE	hyp1	News	NaN	-17.33181381225586
983	984	fr	wol	challenge_SSA-MTE	hyp1	News	NaN	-20.889842987060547
984	985	fr	wol	challenge_SSA-MTE	hyp1	News	NaN	-16.74094581604004
985	986	fr	wol	challenge_SSA-MTE	hyp1	News	NaN	-25.788227081298828
986	987	fr	wol	challenge_SSA-MTE	hyp1	News	NaN	-16.17255973815918
987	988	fr	wol	challenge_SSA-MTE	hyp1	News	NaN	-19.49138641357422
988	989	fr	wol	challenge_SSA-MTE	hyp1	News	NaN	-19.438947677612305
989	990	fr	wol	challenge_SSA-MTE	hyp1	News	NaN	-17.02300262451172
990	991	fr	wol	challenge_SSA-MTE	hyp1	News	NaN	-23.805179595947266
991	992	fr	wol	challenge_SSA-MTE	hyp1	News	NaN	-20.98601722717285
992	993	fr	wol	challenge_SSA-MTE	hyp1	News	NaN	-15.212105751037598
993	994	fr	wol	challenge_SSA-MTE	hyp1	News	NaN	-16.204565048217773
994	995	fr	wol	challenge_SSA-MTE	hyp1	News	NaN	-16.83521842956543
995	996	fr	wol	challenge_SSA-MTE	hyp1	News	NaN	-23.983013153076172
996	997	fr	wol	challenge_SSA-MTE	hyp1	News	NaN	-22.551593780517578
997	998	fr	wol	challenge_SSA-MTE	hyp1	News	NaN	-16.527311325073242
998	999	fr	wol	challenge_SSA-MTE	hyp1	News	NaN	-14.65904712677002
999	1000	fr	wol	challenge_SSA-MTE	hyp1	News	NaN	-15.794782638549805
1000	1001	fr	wol	challenge_SSA-MTE	hyp1	News	NaN	-18.327362060546875
1001	1002	fr	wol	challenge_SSA-MTE	hyp1	News	NaN	-24.601402282714844
1002	1003	fr	wol	challenge_SSA-MTE	hyp1	News	NaN	-14.714315414428711
1003	1004	fr	wol	challenge_SSA-MTE	hyp1	News	NaN	-23.676088333129883
1004	1005	fr	wol	challenge_SSA-MTE	hyp1	News	NaN	-19.035490036010742
1005	1006	fr	wol	challenge_SSA-MTE	hyp1	News	NaN	-16.74929428100586
1006	1007	fr	wol	challenge_SSA-MTE	hyp1	News	NaN	-18.844566345214844
1007	1008	fr	wol	challenge_SSA-MTE	hyp1	News	NaN	-21.264541625976562
1008	1009	fr	wol	challenge_SSA-MTE	hyp1	News	NaN	-12.792583465576172
1009	1010	fr	wol	challenge_SSA-MTE	hyp1	News	NaN	-11.554895401000977
1010	1011	fr	wol	challenge_SSA-MTE	hyp1	News	NaN	-14.931410789489746
1011	1012	fr	wol	challenge_SSA-MTE	hyp1	News	NaN	-25.83416748046875
1012	1013	fr	wol	challenge_SSA-MTE	hyp1	News	NaN	-20.373538970947266
1013	1014	fr	wol	challenge_SSA-MTE	hyp1	News	NaN	-14.561079978942871
1014	1015	fr	wol	challenge_SSA-MTE	hyp1	News	NaN	-15.235462188720703
1015	1016	fr	wol	challenge_SSA-MTE	hyp1	News	NaN	-26.175983428955078
1016	1017	fr	wol	challenge_SSA-MTE	hyp1	News	NaN	-26.628822326660156
1017	1018	fr	wol	challenge_SSA-MTE	hyp1	News	NaN	-26.52392578125
1018	1019	fr	wol	challenge_SSA-MTE	hyp1	News	NaN	-13.374273300170898
1019	1020	fr	wol	challenge_SSA-MTE	hyp1	News	NaN	-17.265003204345703
1020	1021	fr	wol	challenge_SSA-MTE	hyp1	News	NaN	-20.45096778869629
1021	1022	fr	wol	challenge_SSA-MTE	hyp1	News	NaN	-28.074277877807617
1022	1023	fr	wol	challenge_SSA-MTE	hyp1	News	NaN	-17.403656005859375
1023	1024	fr	wol	challenge_SSA-MTE	hyp1	News	NaN	-15.148616790771484
1024	1025	fr	wol	challenge_SSA-MTE	hyp1	News	NaN	-17.20583152770996
1025	1026	fr	wol	challenge_SSA-MTE	hyp1	News	NaN	-25.598445892333984
1026	1027	fr	wol	challenge_SSA-MTE	hyp1	News	NaN	-22.06391143798828
1027	1028	fr	wol	challenge_SSA-MTE	hyp1	News	NaN	-26.363323211669922
1028	1029	fr	wol	challenge_SSA-MTE	hyp1	News	NaN	-17.968769073486328
1029	1030	fr	wol	challenge_SSA-MTE	hyp1	News	NaN	-24.11498260498047
1030	1031	fr	wol	challenge_SSA-MTE	hyp1	News	NaN	-24.95058822631836
1031	1032	fr	wol	challenge_SSA-MTE	hyp1	News	NaN	-22.673328399658203
1032	1033	fr	wol	challenge_SSA-MTE	hyp1	News	NaN	-20.966842651367188
1033	1034	fr	wol	challenge_SSA-MTE	hyp1	News	NaN	-16.020586013793945
1034	1035	fr	wol	challenge_SSA-MTE	hyp1	News	NaN	-10.991933822631836
1035	1036	fr	wol	challenge_SSA-MTE	hyp1	News	NaN	-11.592941284179688
1036	1037	fr	wol	challenge_SSA-MTE	hyp1	News	NaN	-26.527137756347656
1037	1038	fr	wol	challenge_SSA-MTE	hyp1	News	NaN	-12.803112983703613
1038	1039	fr	wol	challenge_SSA-MTE	hyp1	News	NaN	-10.61444091796875
1039	1040	fr	wol	challenge_SSA-MTE	hyp1	News	NaN	-13.236525535583496
1040	1041	fr	wol	challenge_SSA-MTE	hyp1	News	NaN	-15.337026596069336
1041	1042	fr	wol	challenge_SSA-MTE	hyp1	News	NaN	-14.179981231689453
1042	1043	fr	wol	challenge_SSA-MTE	hyp1	News	NaN	-22.029390335083008
1043	1044	fr	wol	challenge_SSA-MTE	hyp1	News	NaN	-16.770309448242188
1044	1045	fr	wol	challenge_SSA-MTE	hyp1	News	NaN	-21.739543914794922
1045	1046	fr	wol	challenge_SSA-MTE	hyp1	News	NaN	-17.222942352294922
1046	1047	fr	wol	challenge_SSA-MTE	hyp1	News	NaN	-19.232072830200195
1047	1048	fr	wol	challenge_SSA-MTE	hyp1	News	NaN	-15.78732681274414
1048	1049	fr	wol	challenge_SSA-MTE	hyp1	News	NaN	-13.940778732299805
1049	1050	fr	wol	challenge_SSA-MTE	hyp1	News	NaN	-12.260604858398438
1050	1051	fr	wol	challenge_SSA-MTE	hyp1	News	NaN	-13.310341835021973
1051	1052	fr	wol	challenge_SSA-MTE	hyp1	News	NaN	-20.619327545166016
1052	1053	fr	wol	challenge_SSA-MTE	hyp1	News	NaN	-18.615407943725586
1053	1054	fr	wol	challenge_SSA-MTE	hyp1	News	NaN	-12.372000694274902
1054	1055	fr	wol	challenge_SSA-MTE	hyp1	News	NaN	-14.864301681518555
1055	1056	fr	wol	challenge_SSA-MTE	hyp1	News	NaN	-20.1148738861084
1056	1057	fr	wol	challenge_SSA-MTE	hyp1	News	NaN	-19.644819259643555
1057	1058	fr	wol	challenge_SSA-MTE	hyp1	News	NaN	-31.679203033447266
1058	1059	fr	wol	challenge_SSA-MTE	hyp1	News	NaN	-17.96782112121582
1059	1060	fr	wol	challenge_SSA-MTE	hyp1	News	NaN	-21.842756271362305
1060	1061	fr	wol	challenge_SSA-MTE	hyp1	News	NaN	-21.04435157775879
1061	1062	fr	wol	challenge_SSA-MTE	hyp1	News	NaN	-22.275390625
1062	1063	fr	wol	challenge_SSA-MTE	hyp1	News	NaN	-12.790508270263672
1063	1064	fr	wol	challenge_SSA-MTE	hyp1	News	NaN	-14.919246673583984
1064	1065	fr	wol	challenge_SSA-MTE	hyp1	News	NaN	-13.864767074584961
1065	1066	fr	wol	challenge_SSA-MTE	hyp1	News	NaN	-19.054996490478516
1066	1067	fr	wol	challenge_SSA-MTE	hyp1	News	NaN	-17.329360961914062
1067	1068	fr	wol	challenge_SSA-MTE	hyp1	News	NaN	-16.842208862304688
1068	1069	fr	wol	challenge_SSA-MTE	hyp1	News	NaN	-13.739884376525879
1069	1070	fr	wol	challenge_SSA-MTE	hyp1	News	NaN	-16.21231460571289
1070	1071	fr	wol	challenge_SSA-MTE	hyp1	News	NaN	-17.004281997680664
1071	1072	fr	wol	challenge_SSA-MTE	hyp1	News	NaN	-10.90917682647705
1072	1073	fr	wol	challenge_SSA-MTE	hyp1	News	NaN	-27.921119689941406
1073	1074	fr	wol	challenge_SSA-MTE	hyp1	News	NaN	-14.049163818359375
1074	1075	fr	wol	challenge_SSA-MTE	hyp1	News	NaN	-13.251012802124023
1075	1076	fr	wol	challenge_SSA-MTE	hyp1	News	NaN	-13.408605575561523
1076	1077	fr	wol	challenge_SSA-MTE	hyp1	News	NaN	-24.520151138305664
1077	1078	fr	wol	challenge_SSA-MTE	hyp1	News	NaN	-19.394390106201172
1078	1079	fr	wol	challenge_SSA-MTE	hyp1	News	NaN	-15.772684097290039
1079	1080	fr	wol	challenge_SSA-MTE	hyp1	News	NaN	-17.595661163330078
1080	1081	fr	wol	challenge_SSA-MTE	hyp1	News	NaN	-15.854009628295898
1081	1082	fr	wol	challenge_SSA-MTE	hyp1	News	NaN	-24.62488555908203
1082	1083	fr	wol	challenge_SSA-MTE	hyp1	News	NaN	-27.977853775024414
1083	1084	fr	wol	challenge_SSA-MTE	hyp1	News	NaN	-21.229785919189453
1084	1085	fr	wol	challenge_SSA-MTE	hyp1	News	NaN	-16.210378646850586
1085	1086	fr	wol	challenge_SSA-MTE	hyp1	News	NaN	-5.261679649353027
1086	1087	fr	wol	challenge_SSA-MTE	hyp1	News	NaN	-14.351131439208984
1087	1088	fr	wol	challenge_SSA-MTE	hyp1	News	NaN	-21.2366943359375
1088	1089	fr	wol	challenge_SSA-MTE	hyp1	News	NaN	-18.37816047668457
1089	1090	fr	wol	challenge_SSA-MTE	hyp1	News	NaN	-15.088170051574707
1090	1091	fr	wol	challenge_SSA-MTE	hyp1	News	NaN	-21.307315826416016
1091	1092	fr	wol	challenge_SSA-MTE	hyp1	News	NaN	-29.050521850585938
1092	1093	fr	wol	challenge_SSA-MTE	hyp1	News	NaN	-19.812530517578125
1093	1094	fr	wol	challenge_SSA-MTE	hyp1	News	NaN	-18.275657653808594
1094	1095	fr	wol	challenge_SSA-MTE	hyp1	News	NaN	-15.741482734680176
1095	1096	fr	wol	challenge_SSA-MTE	hyp1	News	NaN	-22.93781852722168
1096	1097	fr	wol	challenge_SSA-MTE	hyp1	News	NaN	-30.376296997070312
1097	1098	fr	wol	challenge_SSA-MTE	hyp1	News	NaN	-19.14004898071289
1098	1099	fr	wol	challenge_SSA-MTE	hyp1	News	NaN	-23.71778106689453
1099	1100	fr	wol	challenge_SSA-MTE	hyp1	News	NaN	-18.413829803466797
1100	1101	fr	wol	challenge_SSA-MTE	hyp1	News	NaN	-28.113054275512695
1101	1102	fr	wol	challenge_SSA-MTE	hyp1	News	NaN	-33.7608528137207
1102	1103	fr	wol	challenge_SSA-MTE	hyp1	News	NaN	-22.247161865234375
1103	1104	fr	wol	challenge_SSA-MTE	hyp1	News	NaN	-21.12822151184082
1104	1105	fr	wol	challenge_SSA-MTE	hyp1	News	NaN	-15.681770324707031
1105	1106	fr	wol	challenge_SSA-MTE	hyp1	News	NaN	-14.628717422485352
1106	1107	fr	wol	challenge_SSA-MTE	hyp1	News	NaN	-23.545516967773438
1107	1108	fr	wol	challenge_SSA-MTE	hyp1	News	NaN	-25.1014404296875
1108	1109	fr	wol	challenge_SSA-MTE	hyp1	News	NaN	-17.671859741210938
1109	1110	fr	wol	challenge_SSA-MTE	hyp1	News	NaN	-17.043092727661133
1110	1111	fr	wol	challenge_SSA-MTE	hyp1	News	NaN	-23.740009307861328
1111	1112	fr	wol	challenge_SSA-MTE	hyp1	News	NaN	-23.357688903808594
1112	1113	fr	wol	challenge_SSA-MTE	hyp1	News	NaN	-20.73906898498535
1113	1114	fr	wol	challenge_SSA-MTE	hyp1	News	NaN	-13.508934020996094
1114	1115	fr	wol	challenge_SSA-MTE	hyp1	News	NaN	-14.05074691772461
1115	1116	fr	wol	challenge_SSA-MTE	hyp1	News	NaN	-21.227397918701172
1116	1117	fr	wol	challenge_SSA-MTE	hyp1	News	NaN	-22.578771591186523
1117	1118	fr	wol	challenge_SSA-MTE	hyp1	News	NaN	-20.245407104492188
1118	1119	fr	wol	challenge_SSA-MTE	hyp1	News	NaN	-19.528648376464844
1119	1120	fr	wol	challenge_SSA-MTE	hyp1	News	NaN	-16.756826400756836
1120	1121	fr	wol	challenge_SSA-MTE	hyp1	News	NaN	-21.30132484436035
1121	1122	fr	wol	challenge_SSA-MTE	hyp1	News	NaN	-28.70110511779785
1122	1123	fr	wol	challenge_SSA-MTE	hyp1	News	NaN	-18.373472213745117
1123	1124	fr	wol	challenge_SSA-MTE	hyp1	News	NaN	-15.644350051879883
1124	1125	fr	wol	challenge_SSA-MTE	hyp1	News	NaN	-11.831003189086914
1125	1126	fr	wol	challenge_SSA-MTE	hyp1	News	NaN	-15.45166015625
1126	1127	fr	wol	challenge_SSA-MTE	hyp1	News	NaN	-29.2215518951416
1127	1128	fr	wol	challenge_SSA-MTE	hyp1	News	NaN	-29.86480712890625
1128	1129	fr	wol	challenge_SSA-MTE	hyp1	News	NaN	-15.305431365966797
1129	1130	fr	wol	challenge_SSA-MTE	hyp1	News	NaN	-15.56479263305664
1130	1131	fr	wol	challenge_SSA-MTE	hyp1	News	NaN	-24.069007873535156
1131	1132	fr	wol	challenge_SSA-MTE	hyp1	News	NaN	-22.121036529541016
1132	1133	fr	wol	challenge_SSA-MTE	hyp1	News	NaN	-29.956619262695312
1133	1134	fr	wol	challenge_SSA-MTE	hyp1	News	NaN	-23.62224769592285
1134	1135	fr	wol	challenge_SSA-MTE	hyp1	News	NaN	-18.841777801513672
1135	1136	fr	wol	challenge_SSA-MTE	hyp1	News	NaN	-14.230522155761719
1136	1137	fr	wol	challenge_SSA-MTE	hyp1	News	NaN	-17.43126678466797
1137	1138	fr	wol	challenge_SSA-MTE	hyp1	News	NaN	-16.768390655517578
1138	1139	fr	wol	challenge_SSA-MTE	hyp1	News	NaN	-20.61603546142578
1139	1140	fr	wol	challenge_SSA-MTE	hyp1	News	NaN	-20.042137145996094
1140	1141	fr	wol	challenge_SSA-MTE	hyp1	News	NaN	-13.56130599975586
1141	1142	fr	wol	challenge_SSA-MTE	hyp1	News	NaN	-16.8974666595459
1142	1143	fr	wol	challenge_SSA-MTE	hyp1	News	NaN	-19.367931365966797
1143	1144	fr	wol	challenge_SSA-MTE	hyp1	News	NaN	-19.577552795410156
1144	1145	fr	wol	challenge_SSA-MTE	hyp1	News	NaN	-13.670690536499023
1145	1146	fr	wol	challenge_SSA-MTE	hyp1	News	NaN	-18.984167098999023
1146	1147	fr	wol	challenge_SSA-MTE	hyp1	News	NaN	-18.481966018676758
1147	1148	fr	wol	challenge_SSA-MTE	hyp1	News	NaN	-19.852096557617188
1148	1149	fr	wol	challenge_SSA-MTE	hyp1	News	NaN	-18.23480796813965
1149	1150	fr	wol	challenge_SSA-MTE	hyp1	News	NaN	-16.937694549560547
1150	1151	fr	wol	challenge_SSA-MTE	hyp1	News	NaN	-14.008907318115234
1151	1152	fr	wol	challenge_SSA-MTE	hyp1	News	NaN	-19.372344970703125
1152	1153	fr	wol	challenge_SSA-MTE	hyp1	News	NaN	-13.042632102966309
1153	1154	fr	wol	challenge_SSA-MTE	hyp1	News	NaN	-12.7830171585083
1154	1155	fr	wol	challenge_SSA-MTE	hyp1	News	NaN	-17.8276309967041
1155	1156	fr	wol	challenge_SSA-MTE	hyp1	News	NaN	-11.773958206176758
1156	1157	fr	wol	challenge_SSA-MTE	hyp1	News	NaN	-30.07098960876465
1157	1158	fr	wol	challenge_SSA-MTE	hyp1	News	NaN	-26.764026641845703
1158	1159	fr	wol	challenge_SSA-MTE	hyp1	News	NaN	-19.219837188720703
1159	1160	fr	wol	challenge_SSA-MTE	hyp1	News	NaN	-19.640918731689453
1160	1161	fr	wol	challenge_SSA-MTE	hyp1	News	NaN	-20.806156158447266
1161	1162	fr	wol	challenge_SSA-MTE	hyp1	News	NaN	-30.697975158691406
1162	1163	fr	wol	challenge_SSA-MTE	hyp1	News	NaN	-23.440732955932617
1163	1164	fr	wol	challenge_SSA-MTE	hyp1	News	NaN	-21.4018497467041
1164	1165	fr	wol	challenge_SSA-MTE	hyp1	News	NaN	-20.74528694152832
1165	1166	fr	wol	challenge_SSA-MTE	hyp1	News	NaN	-17.181407928466797
1166	1167	fr	wol	challenge_SSA-MTE	hyp1	News	NaN	-27.118274688720703
1167	1168	fr	wol	challenge_SSA-MTE	hyp1	News	NaN	-21.74844741821289
1168	1169	fr	wol	challenge_SSA-MTE	hyp1	News	NaN	-19.145477294921875
1169	1170	fr	wol	challenge_SSA-MTE	hyp1	News	NaN	-19.297080993652344
1170	1171	fr	wol	challenge_SSA-MTE	hyp1	News	NaN	-17.752140045166016
1171	1172	fr	wol	challenge_SSA-MTE	hyp1	News	NaN	-26.889053344726562
1172	1173	fr	wol	challenge_SSA-MTE	hyp1	News	NaN	-17.704179763793945
1173	1174	fr	wol	challenge_SSA-MTE	hyp1	News	NaN	-20.306543350219727
1174	1175	fr	wol	challenge_SSA-MTE	hyp1	News	NaN	-17.504566192626953
0	1	pt	nya	challenge_SSA-MTE	hyp1	News	NaN	-4.079992771148682
1	2	pt	nya	challenge_SSA-MTE	hyp1	News	NaN	-5.504652500152588
2	3	pt	nya	challenge_SSA-MTE	hyp1	News	NaN	-3.8447446823120117
3	4	pt	nya	challenge_SSA-MTE	hyp1	News	NaN	-31.829669952392578
4	5	pt	nya	challenge_SSA-MTE	hyp1	News	NaN	-4.517746448516846
5	6	pt	nya	challenge_SSA-MTE	hyp1	News	NaN	-3.468952178955078
6	7	pt	nya	challenge_SSA-MTE	hyp1	News	NaN	-4.607958793640137
7	8	pt	nya	challenge_SSA-MTE	hyp1	News	NaN	-32.37931823730469
8	9	pt	nya	challenge_SSA-MTE	hyp1	News	NaN	-5.135955333709717
9	10	pt	nya	challenge_SSA-MTE	hyp1	News	NaN	-2.1099586486816406
10	11	pt	nya	challenge_SSA-MTE	hyp1	News	NaN	-1.7376068830490112
11	12	pt	nya	challenge_SSA-MTE	hyp1	News	NaN	-22.831409454345703
12	13	pt	nya	challenge_SSA-MTE	hyp1	News	NaN	-5.727736949920654
13	14	pt	nya	challenge_SSA-MTE	hyp1	News	NaN	-5.00516939163208
14	15	pt	nya	challenge_SSA-MTE	hyp1	News	NaN	-5.5871195793151855
15	16	pt	nya	challenge_SSA-MTE	hyp1	News	NaN	-30.18102264404297
16	17	pt	nya	challenge_SSA-MTE	hyp1	News	NaN	-14.502562522888184
17	18	pt	nya	challenge_SSA-MTE	hyp1	News	NaN	-7.328402042388916
18	19	pt	nya	challenge_SSA-MTE	hyp1	News	NaN	-9.87132453918457
19	20	pt	nya	challenge_SSA-MTE	hyp1	News	NaN	-34.530845642089844
20	21	pt	nya	challenge_SSA-MTE	hyp1	News	NaN	-10.6561279296875
21	22	pt	nya	challenge_SSA-MTE	hyp1	News	NaN	-4.088202476501465
22	23	pt	nya	challenge_SSA-MTE	hyp1	News	NaN	-6.903356552124023
23	24	pt	nya	challenge_SSA-MTE	hyp1	News	NaN	-29.443927764892578
24	25	pt	nya	challenge_SSA-MTE	hyp1	News	NaN	-3.6004247665405273
25	26	pt	nya	challenge_SSA-MTE	hyp1	News	NaN	-5.258875846862793
26	27	pt	nya	challenge_SSA-MTE	hyp1	News	NaN	-8.134840965270996
27	28	pt	nya	challenge_SSA-MTE	hyp1	News	NaN	-34.218299865722656
28	29	pt	nya	challenge_SSA-MTE	hyp1	News	NaN	-3.755436420440674
29	30	pt	nya	challenge_SSA-MTE	hyp1	News	NaN	-3.546326160430908
30	31	pt	nya	challenge_SSA-MTE	hyp1	News	NaN	-5.808439254760742
31	32	pt	nya	challenge_SSA-MTE	hyp1	News	NaN	-27.239734649658203
32	33	pt	nya	challenge_SSA-MTE	hyp1	News	NaN	-4.026330471038818
33	34	pt	nya	challenge_SSA-MTE	hyp1	News	NaN	-4.007767677307129
34	35	pt	nya	challenge_SSA-MTE	hyp1	News	NaN	-4.963768005371094
35	36	pt	nya	challenge_SSA-MTE	hyp1	News	NaN	-27.159252166748047
36	37	pt	nya	challenge_SSA-MTE	hyp1	News	NaN	-10.317764282226562
37	38	pt	nya	challenge_SSA-MTE	hyp1	News	NaN	-8.912713050842285
38	39	pt	nya	challenge_SSA-MTE	hyp1	News	NaN	-5.061359405517578
39	40	pt	nya	challenge_SSA-MTE	hyp1	News	NaN	-31.319469451904297
40	41	pt	nya	challenge_SSA-MTE	hyp1	News	NaN	-5.207074165344238
41	42	pt	nya	challenge_SSA-MTE	hyp1	News	NaN	-5.169913291931152
42	43	pt	nya	challenge_SSA-MTE	hyp1	News	NaN	-4.385700225830078
43	44	pt	nya	challenge_SSA-MTE	hyp1	News	NaN	-29.686880111694336
44	45	pt	nya	challenge_SSA-MTE	hyp1	News	NaN	-2.083362102508545
45	46	pt	nya	challenge_SSA-MTE	hyp1	News	NaN	-1.899251937866211
46	47	pt	nya	challenge_SSA-MTE	hyp1	News	NaN	-6.144700050354004
47	48	pt	nya	challenge_SSA-MTE	hyp1	News	NaN	-25.92345428466797
48	49	pt	nya	challenge_SSA-MTE	hyp1	News	NaN	-4.963378429412842
49	50	pt	nya	challenge_SSA-MTE	hyp1	News	NaN	-7.574540138244629
50	51	pt	nya	challenge_SSA-MTE	hyp1	News	NaN	-5.610114097595215
51	52	pt	nya	challenge_SSA-MTE	hyp1	News	NaN	-36.66454315185547
52	53	pt	nya	challenge_SSA-MTE	hyp1	News	NaN	-4.323556423187256
53	54	pt	nya	challenge_SSA-MTE	hyp1	News	NaN	-3.8634262084960938
54	55	pt	nya	challenge_SSA-MTE	hyp1	News	NaN	-8.339704513549805
55	56	pt	nya	challenge_SSA-MTE	hyp1	News	NaN	-30.91336441040039
56	57	pt	nya	challenge_SSA-MTE	hyp1	News	NaN	-13.734820365905762
57	58	pt	nya	challenge_SSA-MTE	hyp1	News	NaN	-12.796951293945312
58	59	pt	nya	challenge_SSA-MTE	hyp1	News	NaN	-16.66961669921875
59	60	pt	nya	challenge_SSA-MTE	hyp1	News	NaN	-43.665931701660156
60	61	pt	nya	challenge_SSA-MTE	hyp1	News	NaN	-7.427833557128906
61	62	pt	nya	challenge_SSA-MTE	hyp1	News	NaN	-5.869560241699219
62	63	pt	nya	challenge_SSA-MTE	hyp1	News	NaN	-5.088061332702637
63	64	pt	nya	challenge_SSA-MTE	hyp1	News	NaN	-30.410491943359375
64	65	pt	nya	challenge_SSA-MTE	hyp1	News	NaN	-3.6050267219543457
65	66	pt	nya	challenge_SSA-MTE	hyp1	News	NaN	-3.3519935607910156
66	67	pt	nya	challenge_SSA-MTE	hyp1	News	NaN	-4.415313720703125
67	68	pt	nya	challenge_SSA-MTE	hyp1	News	NaN	-24.12859535217285
68	69	pt	nya	challenge_SSA-MTE	hyp1	News	NaN	-7.061924457550049
69	70	pt	nya	challenge_SSA-MTE	hyp1	News	NaN	-7.014510154724121
70	71	pt	nya	challenge_SSA-MTE	hyp1	News	NaN	-4.338421821594238
71	72	pt	nya	challenge_SSA-MTE	hyp1	News	NaN	-38.05443572998047
72	73	pt	nya	challenge_SSA-MTE	hyp1	News	NaN	-4.046537399291992
73	74	pt	nya	challenge_SSA-MTE	hyp1	News	NaN	-10.127763748168945
74	75	pt	nya	challenge_SSA-MTE	hyp1	News	NaN	-5.244335174560547
75	76	pt	nya	challenge_SSA-MTE	hyp1	News	NaN	-27.252668380737305
76	77	pt	nya	challenge_SSA-MTE	hyp1	News	NaN	-4.590281963348389
77	78	pt	nya	challenge_SSA-MTE	hyp1	News	NaN	-5.711881637573242
78	79	pt	nya	challenge_SSA-MTE	hyp1	News	NaN	-7.522226810455322
79	80	pt	nya	challenge_SSA-MTE	hyp1	News	NaN	-34.98046875
80	81	pt	nya	challenge_SSA-MTE	hyp1	News	NaN	-3.2137176990509033
81	82	pt	nya	challenge_SSA-MTE	hyp1	News	NaN	-7.451125144958496
82	83	pt	nya	challenge_SSA-MTE	hyp1	News	NaN	-2.854538917541504
83	84	pt	nya	challenge_SSA-MTE	hyp1	News	NaN	-34.36043930053711
84	85	pt	nya	challenge_SSA-MTE	hyp1	News	NaN	-3.4513349533081055
85	86	pt	nya	challenge_SSA-MTE	hyp1	News	NaN	-3.0297396183013916
86	87	pt	nya	challenge_SSA-MTE	hyp1	News	NaN	-4.340311050415039
87	88	pt	nya	challenge_SSA-MTE	hyp1	News	NaN	-31.124685287475586
88	89	pt	nya	challenge_SSA-MTE	hyp1	News	NaN	-4.572417259216309
89	90	pt	nya	challenge_SSA-MTE	hyp1	News	NaN	-6.4196977615356445
90	91	pt	nya	challenge_SSA-MTE	hyp1	News	NaN	-5.418764114379883
91	92	pt	nya	challenge_SSA-MTE	hyp1	News	NaN	-29.921432495117188
92	93	pt	nya	challenge_SSA-MTE	hyp1	News	NaN	-4.199185848236084
93	94	pt	nya	challenge_SSA-MTE	hyp1	News	NaN	-6.15204381942749
94	95	pt	nya	challenge_SSA-MTE	hyp1	News	NaN	-4.955629348754883
95	96	pt	nya	challenge_SSA-MTE	hyp1	News	NaN	-29.761577606201172
96	97	pt	nya	challenge_SSA-MTE	hyp1	News	NaN	-1.674112319946289
97	98	pt	nya	challenge_SSA-MTE	hyp1	News	NaN	-3.6230533123016357
98	99	pt	nya	challenge_SSA-MTE	hyp1	News	NaN	-1.56918203830719
99	100	pt	nya	challenge_SSA-MTE	hyp1	News	NaN	-26.75811004638672
100	101	pt	nya	challenge_SSA-MTE	hyp1	News	NaN	-7.998574733734131
101	102	pt	nya	challenge_SSA-MTE	hyp1	News	NaN	-2.057985305786133
102	103	pt	nya	challenge_SSA-MTE	hyp1	News	NaN	-3.2241063117980957
103	104	pt	nya	challenge_SSA-MTE	hyp1	News	NaN	-26.339221954345703
104	105	pt	nya	challenge_SSA-MTE	hyp1	News	NaN	-9.29539680480957
105	106	pt	nya	challenge_SSA-MTE	hyp1	News	NaN	-2.8276028633117676
106	107	pt	nya	challenge_SSA-MTE	hyp1	News	NaN	-5.3849382400512695
107	108	pt	nya	challenge_SSA-MTE	hyp1	News	NaN	-28.873180389404297
108	109	pt	nya	challenge_SSA-MTE	hyp1	News	NaN	-5.386569976806641
109	110	pt	nya	challenge_SSA-MTE	hyp1	News	NaN	-7.142868518829346
110	111	pt	nya	challenge_SSA-MTE	hyp1	News	NaN	-10.453082084655762
111	112	pt	nya	challenge_SSA-MTE	hyp1	News	NaN	-30.95411491394043
112	113	pt	nya	challenge_SSA-MTE	hyp1	News	NaN	-2.940525770187378
113	114	pt	nya	challenge_SSA-MTE	hyp1	News	NaN	-1.8000489473342896
114	115	pt	nya	challenge_SSA-MTE	hyp1	News	NaN	-5.254141330718994
115	116	pt	nya	challenge_SSA-MTE	hyp1	News	NaN	-30.987361907958984
116	117	pt	nya	challenge_SSA-MTE	hyp1	News	NaN	-6.215054035186768
117	118	pt	nya	challenge_SSA-MTE	hyp1	News	NaN	-8.006697654724121
118	119	pt	nya	challenge_SSA-MTE	hyp1	News	NaN	-6.680393218994141
119	120	pt	nya	challenge_SSA-MTE	hyp1	News	NaN	-26.818889617919922
120	121	pt	nya	challenge_SSA-MTE	hyp1	News	NaN	-8.560892105102539
121	122	pt	nya	challenge_SSA-MTE	hyp1	News	NaN	-11.750129699707031
122	123	pt	nya	challenge_SSA-MTE	hyp1	News	NaN	-4.186807632446289
123	124	pt	nya	challenge_SSA-MTE	hyp1	News	NaN	-29.417003631591797
124	125	pt	nya	challenge_SSA-MTE	hyp1	News	NaN	-6.318912506103516
125	126	pt	nya	challenge_SSA-MTE	hyp1	News	NaN	-5.388750076293945
126	127	pt	nya	challenge_SSA-MTE	hyp1	News	NaN	-4.707870006561279
127	128	pt	nya	challenge_SSA-MTE	hyp1	News	NaN	-38.74153137207031
128	129	pt	nya	challenge_SSA-MTE	hyp1	News	NaN	-6.864843368530273
129	130	pt	nya	challenge_SSA-MTE	hyp1	News	NaN	-4.444356918334961
130	131	pt	nya	challenge_SSA-MTE	hyp1	News	NaN	-7.3384857177734375
131	132	pt	nya	challenge_SSA-MTE	hyp1	News	NaN	-34.371299743652344
132	133	pt	nya	challenge_SSA-MTE	hyp1	News	NaN	-11.786993026733398
133	134	pt	nya	challenge_SSA-MTE	hyp1	News	NaN	-12.41963005065918
134	135	pt	nya	challenge_SSA-MTE	hyp1	News	NaN	-15.079570770263672
135	136	pt	nya	challenge_SSA-MTE	hyp1	News	NaN	-40.35438537597656
136	137	pt	nya	challenge_SSA-MTE	hyp1	News	NaN	-6.830827713012695
137	138	pt	nya	challenge_SSA-MTE	hyp1	News	NaN	-5.497747421264648
138	139	pt	nya	challenge_SSA-MTE	hyp1	News	NaN	-8.550249099731445
139	140	pt	nya	challenge_SSA-MTE	hyp1	News	NaN	-30.421689987182617
140	141	pt	nya	challenge_SSA-MTE	hyp1	News	NaN	-9.307367324829102
141	142	pt	nya	challenge_SSA-MTE	hyp1	News	NaN	-6.553976058959961
142	143	pt	nya	challenge_SSA-MTE	hyp1	News	NaN	-6.485719680786133
143	144	pt	nya	challenge_SSA-MTE	hyp1	News	NaN	-27.89514923095703
144	145	pt	nya	challenge_SSA-MTE	hyp1	News	NaN	-5.440865993499756
145	146	pt	nya	challenge_SSA-MTE	hyp1	News	NaN	-3.43473219871521
146	147	pt	nya	challenge_SSA-MTE	hyp1	News	NaN	-6.463850975036621
147	148	pt	nya	challenge_SSA-MTE	hyp1	News	NaN	-29.99051284790039
148	149	pt	nya	challenge_SSA-MTE	hyp1	News	NaN	-5.800566673278809
149	150	pt	nya	challenge_SSA-MTE	hyp1	News	NaN	-3.651916027069092
150	151	pt	nya	challenge_SSA-MTE	hyp1	News	NaN	-5.454711437225342
151	152	pt	nya	challenge_SSA-MTE	hyp1	News	NaN	-27.918346405029297
152	153	pt	nya	challenge_SSA-MTE	hyp1	News	NaN	-4.208004951477051
153	154	pt	nya	challenge_SSA-MTE	hyp1	News	NaN	-4.393617630004883
154	155	pt	nya	challenge_SSA-MTE	hyp1	News	NaN	-3.016904830932617
155	156	pt	nya	challenge_SSA-MTE	hyp1	News	NaN	-29.776878356933594
156	157	pt	nya	challenge_SSA-MTE	hyp1	News	NaN	-16.772985458374023
157	158	pt	nya	challenge_SSA-MTE	hyp1	News	NaN	-5.684627532958984
158	159	pt	nya	challenge_SSA-MTE	hyp1	News	NaN	-6.425707817077637
159	160	pt	nya	challenge_SSA-MTE	hyp1	News	NaN	-31.28350067138672
160	161	pt	nya	challenge_SSA-MTE	hyp1	News	NaN	-7.243052959442139
161	162	pt	nya	challenge_SSA-MTE	hyp1	News	NaN	-4.740576267242432
162	163	pt	nya	challenge_SSA-MTE	hyp1	News	NaN	-7.423806667327881
163	164	pt	nya	challenge_SSA-MTE	hyp1	News	NaN	-32.32362365722656
164	165	pt	nya	challenge_SSA-MTE	hyp1	News	NaN	-7.222386360168457
165	166	pt	nya	challenge_SSA-MTE	hyp1	News	NaN	-4.8022284507751465
166	167	pt	nya	challenge_SSA-MTE	hyp1	News	NaN	-6.244088172912598
167	168	pt	nya	challenge_SSA-MTE	hyp1	News	NaN	-33.65995407104492
168	169	pt	nya	challenge_SSA-MTE	hyp1	News	NaN	-5.632950782775879
169	170	pt	nya	challenge_SSA-MTE	hyp1	News	NaN	-10.780451774597168
170	171	pt	nya	challenge_SSA-MTE	hyp1	News	NaN	-8.147743225097656
171	172	pt	nya	challenge_SSA-MTE	hyp1	News	NaN	-27.650978088378906
172	173	pt	nya	challenge_SSA-MTE	hyp1	News	NaN	-4.742550849914551
173	174	pt	nya	challenge_SSA-MTE	hyp1	News	NaN	-6.139560699462891
174	175	pt	nya	challenge_SSA-MTE	hyp1	News	NaN	-6.797799587249756
175	176	pt	nya	challenge_SSA-MTE	hyp1	News	NaN	-27.277576446533203
176	177	pt	nya	challenge_SSA-MTE	hyp1	News	NaN	-2.9596762657165527
177	178	pt	nya	challenge_SSA-MTE	hyp1	News	NaN	-3.3056702613830566
178	179	pt	nya	challenge_SSA-MTE	hyp1	News	NaN	-3.107600688934326
179	180	pt	nya	challenge_SSA-MTE	hyp1	News	NaN	-29.696125030517578
180	181	pt	nya	challenge_SSA-MTE	hyp1	News	NaN	-2.816445827484131
181	182	pt	nya	challenge_SSA-MTE	hyp1	News	NaN	-2.7900452613830566
182	183	pt	nya	challenge_SSA-MTE	hyp1	News	NaN	-5.364791393280029
183	184	pt	nya	challenge_SSA-MTE	hyp1	News	NaN	-28.219135284423828
184	185	pt	nya	challenge_SSA-MTE	hyp1	News	NaN	-9.849077224731445
185	186	pt	nya	challenge_SSA-MTE	hyp1	News	NaN	-10.450639724731445
186	187	pt	nya	challenge_SSA-MTE	hyp1	News	NaN	-8.541677474975586
187	188	pt	nya	challenge_SSA-MTE	hyp1	News	NaN	-30.040498733520508
188	189	pt	nya	challenge_SSA-MTE	hyp1	News	NaN	-4.611469268798828
189	190	pt	nya	challenge_SSA-MTE	hyp1	News	NaN	-6.977980613708496
190	191	pt	nya	challenge_SSA-MTE	hyp1	News	NaN	-6.478384971618652
191	192	pt	nya	challenge_SSA-MTE	hyp1	News	NaN	-24.64842987060547
192	193	pt	nya	challenge_SSA-MTE	hyp1	News	NaN	-8.774206161499023
193	194	pt	nya	challenge_SSA-MTE	hyp1	News	NaN	-8.04655647277832
194	195	pt	nya	challenge_SSA-MTE	hyp1	News	NaN	-7.204361438751221
195	196	pt	nya	challenge_SSA-MTE	hyp1	News	NaN	-32.02678680419922
196	197	pt	nya	challenge_SSA-MTE	hyp1	News	NaN	-2.459110975265503
197	198	pt	nya	challenge_SSA-MTE	hyp1	News	NaN	-1.3969347476959229
198	199	pt	nya	challenge_SSA-MTE	hyp1	News	NaN	-0.7442640066146851
199	200	pt	nya	challenge_SSA-MTE	hyp1	News	NaN	-24.068225860595703
200	201	pt	nya	challenge_SSA-MTE	hyp1	News	NaN	-8.9325590133667
201	202	pt	nya	challenge_SSA-MTE	hyp1	News	NaN	-10.751350402832031
202	203	pt	nya	challenge_SSA-MTE	hyp1	News	NaN	-11.031469345092773
203	204	pt	nya	challenge_SSA-MTE	hyp1	News	NaN	-31.431068420410156
204	205	pt	nya	challenge_SSA-MTE	hyp1	News	NaN	-3.060133218765259
205	206	pt	nya	challenge_SSA-MTE	hyp1	News	NaN	-1.9004602432250977
206	207	pt	nya	challenge_SSA-MTE	hyp1	News	NaN	-3.4707369804382324
207	208	pt	nya	challenge_SSA-MTE	hyp1	News	NaN	-32.2572135925293
208	209	pt	nya	challenge_SSA-MTE	hyp1	News	NaN	-3.123105764389038
209	210	pt	nya	challenge_SSA-MTE	hyp1	News	NaN	-2.0713789463043213
210	211	pt	nya	challenge_SSA-MTE	hyp1	News	NaN	-1.9198524951934814
211	212	pt	nya	challenge_SSA-MTE	hyp1	News	NaN	-30.389314651489258
212	213	pt	nya	challenge_SSA-MTE	hyp1	News	NaN	-2.43984317779541
213	214	pt	nya	challenge_SSA-MTE	hyp1	News	NaN	-2.6182868480682373
214	215	pt	nya	challenge_SSA-MTE	hyp1	News	NaN	-3.429215431213379
215	216	pt	nya	challenge_SSA-MTE	hyp1	News	NaN	-29.68996238708496
216	217	pt	nya	challenge_SSA-MTE	hyp1	News	NaN	-4.8519134521484375
217	218	pt	nya	challenge_SSA-MTE	hyp1	News	NaN	-3.6012229919433594
218	219	pt	nya	challenge_SSA-MTE	hyp1	News	NaN	-2.6309337615966797
219	220	pt	nya	challenge_SSA-MTE	hyp1	News	NaN	-29.03411865234375
220	221	pt	nya	challenge_SSA-MTE	hyp1	News	NaN	-1.8268332481384277
221	222	pt	nya	challenge_SSA-MTE	hyp1	News	NaN	-3.131990909576416
222	223	pt	nya	challenge_SSA-MTE	hyp1	News	NaN	-2.818157196044922
223	224	pt	nya	challenge_SSA-MTE	hyp1	News	NaN	-26.574859619140625
224	225	pt	nya	challenge_SSA-MTE	hyp1	News	NaN	-2.4488799571990967
225	226	pt	nya	challenge_SSA-MTE	hyp1	News	NaN	-4.753933429718018
226	227	pt	nya	challenge_SSA-MTE	hyp1	News	NaN	-5.639988899230957
227	228	pt	nya	challenge_SSA-MTE	hyp1	News	NaN	-28.840267181396484
228	229	pt	nya	challenge_SSA-MTE	hyp1	News	NaN	-6.7385053634643555
229	230	pt	nya	challenge_SSA-MTE	hyp1	News	NaN	-14.179203033447266
230	231	pt	nya	challenge_SSA-MTE	hyp1	News	NaN	-8.030309677124023
231	232	pt	nya	challenge_SSA-MTE	hyp1	News	NaN	-31.495468139648438
232	233	pt	nya	challenge_SSA-MTE	hyp1	News	NaN	-6.168636322021484
233	234	pt	nya	challenge_SSA-MTE	hyp1	News	NaN	-7.314873218536377
234	235	pt	nya	challenge_SSA-MTE	hyp1	News	NaN	-9.332819938659668
235	236	pt	nya	challenge_SSA-MTE	hyp1	News	NaN	-33.59236526489258
236	237	pt	nya	challenge_SSA-MTE	hyp1	News	NaN	-14.14335823059082
237	238	pt	nya	challenge_SSA-MTE	hyp1	News	NaN	-8.84701919555664
238	239	pt	nya	challenge_SSA-MTE	hyp1	News	NaN	-13.273640632629395
239	240	pt	nya	challenge_SSA-MTE	hyp1	News	NaN	-34.693214416503906
240	241	pt	nya	challenge_SSA-MTE	hyp1	News	NaN	-17.58905792236328
241	242	pt	nya	challenge_SSA-MTE	hyp1	News	NaN	-20.88936996459961
242	243	pt	nya	challenge_SSA-MTE	hyp1	News	NaN	-17.964900970458984
243	244	pt	nya	challenge_SSA-MTE	hyp1	News	NaN	-36.132286071777344
244	245	pt	nya	challenge_SSA-MTE	hyp1	News	NaN	-3.738626480102539
245	246	pt	nya	challenge_SSA-MTE	hyp1	News	NaN	-1.8418456315994263
246	247	pt	nya	challenge_SSA-MTE	hyp1	News	NaN	-1.1685584783554077
247	248	pt	nya	challenge_SSA-MTE	hyp1	News	NaN	-28.022441864013672
248	249	pt	nya	challenge_SSA-MTE	hyp1	News	NaN	-4.2527947425842285
249	250	pt	nya	challenge_SSA-MTE	hyp1	News	NaN	-8.314212799072266
250	251	pt	nya	challenge_SSA-MTE	hyp1	News	NaN	-4.479686260223389
251	252	pt	nya	challenge_SSA-MTE	hyp1	News	NaN	-31.828054428100586
252	253	pt	nya	challenge_SSA-MTE	hyp1	News	NaN	-2.563049077987671
253	254	pt	nya	challenge_SSA-MTE	hyp1	News	NaN	-1.1568615436553955
254	255	pt	nya	challenge_SSA-MTE	hyp1	News	NaN	-1.351135492324829
255	256	pt	nya	challenge_SSA-MTE	hyp1	News	NaN	-26.29692840576172
256	257	pt	nya	challenge_SSA-MTE	hyp1	News	NaN	-11.076379776000977
257	258	pt	nya	challenge_SSA-MTE	hyp1	News	NaN	-11.523223876953125
258	259	pt	nya	challenge_SSA-MTE	hyp1	News	NaN	-7.437702178955078
259	260	pt	nya	challenge_SSA-MTE	hyp1	News	NaN	-36.03050994873047
260	261	pt	nya	challenge_SSA-MTE	hyp1	News	NaN	-3.8139517307281494
261	262	pt	nya	challenge_SSA-MTE	hyp1	News	NaN	-2.6419830322265625
262	263	pt	nya	challenge_SSA-MTE	hyp1	News	NaN	-1.2259761095046997
263	264	pt	nya	challenge_SSA-MTE	hyp1	News	NaN	-29.059555053710938
264	265	pt	nya	challenge_SSA-MTE	hyp1	News	NaN	-8.144636154174805
265	266	pt	nya	challenge_SSA-MTE	hyp1	News	NaN	-11.131027221679688
266	267	pt	nya	challenge_SSA-MTE	hyp1	News	NaN	-9.30284595489502
267	268	pt	nya	challenge_SSA-MTE	hyp1	News	NaN	-29.42075538635254
268	269	pt	nya	challenge_SSA-MTE	hyp1	News	NaN	-6.1336164474487305
269	270	pt	nya	challenge_SSA-MTE	hyp1	News	NaN	-3.3206839561462402
270	271	pt	nya	challenge_SSA-MTE	hyp1	News	NaN	-9.321502685546875
271	272	pt	nya	challenge_SSA-MTE	hyp1	News	NaN	-35.50422668457031
272	273	pt	nya	challenge_SSA-MTE	hyp1	News	NaN	-3.6318540573120117
273	274	pt	nya	challenge_SSA-MTE	hyp1	News	NaN	-3.0721113681793213
274	275	pt	nya	challenge_SSA-MTE	hyp1	News	NaN	-4.661813735961914
275	276	pt	nya	challenge_SSA-MTE	hyp1	News	NaN	-29.348350524902344
276	277	pt	nya	challenge_SSA-MTE	hyp1	News	NaN	-2.64772629737854
277	278	pt	nya	challenge_SSA-MTE	hyp1	News	NaN	-2.2445459365844727
278	279	pt	nya	challenge_SSA-MTE	hyp1	News	NaN	-2.598314046859741
279	280	pt	nya	challenge_SSA-MTE	hyp1	News	NaN	-27.901844024658203
280	281	pt	nya	challenge_SSA-MTE	hyp1	News	NaN	-5.571930885314941
281	282	pt	nya	challenge_SSA-MTE	hyp1	News	NaN	-4.856686592102051
282	283	pt	nya	challenge_SSA-MTE	hyp1	News	NaN	-6.077541351318359
283	284	pt	nya	challenge_SSA-MTE	hyp1	News	NaN	-31.846345901489258
284	285	pt	nya	challenge_SSA-MTE	hyp1	News	NaN	-3.375633716583252
285	286	pt	nya	challenge_SSA-MTE	hyp1	News	NaN	-4.4816975593566895
286	287	pt	nya	challenge_SSA-MTE	hyp1	News	NaN	-3.449028491973877
287	288	pt	nya	challenge_SSA-MTE	hyp1	News	NaN	-32.04845428466797
288	289	pt	nya	challenge_SSA-MTE	hyp1	News	NaN	-4.801108360290527
289	290	pt	nya	challenge_SSA-MTE	hyp1	News	NaN	-2.1746933460235596
290	291	pt	nya	challenge_SSA-MTE	hyp1	News	NaN	-3.4415230751037598
291	292	pt	nya	challenge_SSA-MTE	hyp1	News	NaN	-25.606414794921875
292	293	pt	nya	challenge_SSA-MTE	hyp1	News	NaN	-4.043814659118652
293	294	pt	nya	challenge_SSA-MTE	hyp1	News	NaN	-9.356132507324219
294	295	pt	nya	challenge_SSA-MTE	hyp1	News	NaN	-3.3014440536499023
295	296	pt	nya	challenge_SSA-MTE	hyp1	News	NaN	-17.952281951904297
296	297	pt	nya	challenge_SSA-MTE	hyp1	News	NaN	-10.583612442016602
297	298	pt	nya	challenge_SSA-MTE	hyp1	News	NaN	-5.250781059265137
298	299	pt	nya	challenge_SSA-MTE	hyp1	News	NaN	-4.948376655578613
299	300	pt	nya	challenge_SSA-MTE	hyp1	News	NaN	-32.79225158691406
300	301	pt	nya	challenge_SSA-MTE	hyp1	News	NaN	-5.015790939331055
301	302	pt	nya	challenge_SSA-MTE	hyp1	News	NaN	-2.634775161743164
302	303	pt	nya	challenge_SSA-MTE	hyp1	News	NaN	-4.324592113494873
303	304	pt	nya	challenge_SSA-MTE	hyp1	News	NaN	-27.0284423828125
304	305	pt	nya	challenge_SSA-MTE	hyp1	News	NaN	-5.043463706970215
305	306	pt	nya	challenge_SSA-MTE	hyp1	News	NaN	-6.365837097167969
306	307	pt	nya	challenge_SSA-MTE	hyp1	News	NaN	-6.599331855773926
307	308	pt	nya	challenge_SSA-MTE	hyp1	News	NaN	-36.037322998046875
308	309	pt	nya	challenge_SSA-MTE	hyp1	News	NaN	-2.6537129878997803
309	310	pt	nya	challenge_SSA-MTE	hyp1	News	NaN	-2.763857364654541
310	311	pt	nya	challenge_SSA-MTE	hyp1	News	NaN	-7.797801494598389
311	312	pt	nya	challenge_SSA-MTE	hyp1	News	NaN	-32.35315704345703
312	313	pt	nya	challenge_SSA-MTE	hyp1	News	NaN	-5.752108097076416
313	314	pt	nya	challenge_SSA-MTE	hyp1	News	NaN	-6.96157169342041
314	315	pt	nya	challenge_SSA-MTE	hyp1	News	NaN	-3.1475601196289062
315	316	pt	nya	challenge_SSA-MTE	hyp1	News	NaN	-30.132545471191406
316	317	pt	nya	challenge_SSA-MTE	hyp1	News	NaN	-3.878260374069214
317	318	pt	nya	challenge_SSA-MTE	hyp1	News	NaN	-4.097044467926025
318	319	pt	nya	challenge_SSA-MTE	hyp1	News	NaN	-2.238738536834717
319	320	pt	nya	challenge_SSA-MTE	hyp1	News	NaN	-29.57355499267578
320	321	pt	nya	challenge_SSA-MTE	hyp1	News	NaN	-4.877326488494873
321	322	pt	nya	challenge_SSA-MTE	hyp1	News	NaN	-3.9118595123291016
322	323	pt	nya	challenge_SSA-MTE	hyp1	News	NaN	-5.316544532775879
323	324	pt	nya	challenge_SSA-MTE	hyp1	News	NaN	-26.73891258239746
324	325	pt	nya	challenge_SSA-MTE	hyp1	News	NaN	-6.067288398742676
325	326	pt	nya	challenge_SSA-MTE	hyp1	News	NaN	-6.623931884765625
326	327	pt	nya	challenge_SSA-MTE	hyp1	News	NaN	-6.646326065063477
327	328	pt	nya	challenge_SSA-MTE	hyp1	News	NaN	-31.860803604125977
328	329	pt	nya	challenge_SSA-MTE	hyp1	News	NaN	-3.588179588317871
329	330	pt	nya	challenge_SSA-MTE	hyp1	News	NaN	-2.4299099445343018
330	331	pt	nya	challenge_SSA-MTE	hyp1	News	NaN	-3.2304439544677734
331	332	pt	nya	challenge_SSA-MTE	hyp1	News	NaN	-27.265268325805664
332	333	pt	nya	challenge_SSA-MTE	hyp1	News	NaN	-11.009481430053711
333	334	pt	nya	challenge_SSA-MTE	hyp1	News	NaN	-11.093400955200195
334	335	pt	nya	challenge_SSA-MTE	hyp1	News	NaN	-8.653385162353516
335	336	pt	nya	challenge_SSA-MTE	hyp1	News	NaN	-38.28984451293945
336	337	pt	nya	challenge_SSA-MTE	hyp1	News	NaN	-11.163801193237305
337	338	pt	nya	challenge_SSA-MTE	hyp1	News	NaN	-9.217669486999512
338	339	pt	nya	challenge_SSA-MTE	hyp1	News	NaN	-13.655691146850586
339	340	pt	nya	challenge_SSA-MTE	hyp1	News	NaN	-40.521690368652344
340	341	pt	nya	challenge_SSA-MTE	hyp1	News	NaN	-14.358087539672852
341	342	pt	nya	challenge_SSA-MTE	hyp1	News	NaN	-3.9067530632019043
342	343	pt	nya	challenge_SSA-MTE	hyp1	News	NaN	-5.142129898071289
343	344	pt	nya	challenge_SSA-MTE	hyp1	News	NaN	-32.8421630859375
344	345	pt	nya	challenge_SSA-MTE	hyp1	News	NaN	-2.3779349327087402
345	346	pt	nya	challenge_SSA-MTE	hyp1	News	NaN	-1.1687638759613037
346	347	pt	nya	challenge_SSA-MTE	hyp1	News	NaN	-0.8481284976005554
347	348	pt	nya	challenge_SSA-MTE	hyp1	News	NaN	-27.84666633605957
348	349	pt	nya	challenge_SSA-MTE	hyp1	News	NaN	-4.691890716552734
349	350	pt	nya	challenge_SSA-MTE	hyp1	News	NaN	-2.847231388092041
350	351	pt	nya	challenge_SSA-MTE	hyp1	News	NaN	-4.399893283843994
351	352	pt	nya	challenge_SSA-MTE	hyp1	News	NaN	-26.823171615600586
352	353	pt	nya	challenge_SSA-MTE	hyp1	News	NaN	-8.512128829956055
353	354	pt	nya	challenge_SSA-MTE	hyp1	News	NaN	-3.954200506210327
354	355	pt	nya	challenge_SSA-MTE	hyp1	News	NaN	-4.5701093673706055
355	356	pt	nya	challenge_SSA-MTE	hyp1	News	NaN	-30.29476547241211
356	357	pt	nya	challenge_SSA-MTE	hyp1	News	NaN	-9.207990646362305
357	358	pt	nya	challenge_SSA-MTE	hyp1	News	NaN	-8.62266731262207
358	359	pt	nya	challenge_SSA-MTE	hyp1	News	NaN	-5.0319414138793945
359	360	pt	nya	challenge_SSA-MTE	hyp1	News	NaN	-31.98361587524414
360	361	pt	nya	challenge_SSA-MTE	hyp1	News	NaN	-1.5860579013824463
361	362	pt	nya	challenge_SSA-MTE	hyp1	News	NaN	-5.02147102355957
362	363	pt	nya	challenge_SSA-MTE	hyp1	News	NaN	-2.875523805618286
363	364	pt	nya	challenge_SSA-MTE	hyp1	News	NaN	-25.737165451049805
364	365	pt	nya	challenge_SSA-MTE	hyp1	News	NaN	-1.8417038917541504
365	366	pt	nya	challenge_SSA-MTE	hyp1	News	NaN	-1.6382837295532227
366	367	pt	nya	challenge_SSA-MTE	hyp1	News	NaN	-1.7382137775421143
367	368	pt	nya	challenge_SSA-MTE	hyp1	News	NaN	-27.120330810546875
368	369	pt	nya	challenge_SSA-MTE	hyp1	News	NaN	-2.485398530960083
369	370	pt	nya	challenge_SSA-MTE	hyp1	News	NaN	-2.9157893657684326
370	371	pt	nya	challenge_SSA-MTE	hyp1	News	NaN	-4.340883255004883
371	372	pt	nya	challenge_SSA-MTE	hyp1	News	NaN	-28.389667510986328
372	373	pt	nya	challenge_SSA-MTE	hyp1	News	NaN	-4.232104301452637
373	374	pt	nya	challenge_SSA-MTE	hyp1	News	NaN	-2.0718085765838623
374	375	pt	nya	challenge_SSA-MTE	hyp1	News	NaN	-10.284294128417969
375	376	pt	nya	challenge_SSA-MTE	hyp1	News	NaN	-32.10129165649414
376	377	pt	nya	challenge_SSA-MTE	hyp1	News	NaN	-3.5303139686584473
377	378	pt	nya	challenge_SSA-MTE	hyp1	News	NaN	-2.847315788269043
378	379	pt	nya	challenge_SSA-MTE	hyp1	News	NaN	-5.688399314880371
379	380	pt	nya	challenge_SSA-MTE	hyp1	News	NaN	-32.48796081542969
380	381	pt	nya	challenge_SSA-MTE	hyp1	News	NaN	-6.140584945678711
381	382	pt	nya	challenge_SSA-MTE	hyp1	News	NaN	-4.418376922607422
382	383	pt	nya	challenge_SSA-MTE	hyp1	News	NaN	-6.069703102111816
383	384	pt	nya	challenge_SSA-MTE	hyp1	News	NaN	-29.76276206970215
384	385	pt	nya	challenge_SSA-MTE	hyp1	News	NaN	-2.7884597778320312
385	386	pt	nya	challenge_SSA-MTE	hyp1	News	NaN	-9.795595169067383
386	387	pt	nya	challenge_SSA-MTE	hyp1	News	NaN	-3.6381776332855225
387	388	pt	nya	challenge_SSA-MTE	hyp1	News	NaN	-30.389657974243164
388	389	pt	nya	challenge_SSA-MTE	hyp1	News	NaN	-2.328125476837158
389	390	pt	nya	challenge_SSA-MTE	hyp1	News	NaN	-1.6410596370697021
390	391	pt	nya	challenge_SSA-MTE	hyp1	News	NaN	-0.9294808506965637
391	392	pt	nya	challenge_SSA-MTE	hyp1	News	NaN	-28.74221420288086
392	393	pt	nya	challenge_SSA-MTE	hyp1	News	NaN	-23.992416381835938
393	394	pt	nya	challenge_SSA-MTE	hyp1	News	NaN	-7.208198547363281
394	395	pt	nya	challenge_SSA-MTE	hyp1	News	NaN	-1.6474323272705078
395	396	pt	nya	challenge_SSA-MTE	hyp1	News	NaN	-27.038042068481445
396	397	pt	nya	challenge_SSA-MTE	hyp1	News	NaN	-6.298602104187012
397	398	pt	nya	challenge_SSA-MTE	hyp1	News	NaN	-5.888112545013428
398	399	pt	nya	challenge_SSA-MTE	hyp1	News	NaN	-7.261098861694336
399	400	pt	nya	challenge_SSA-MTE	hyp1	News	NaN	-34.72386169433594
400	401	pt	nya	challenge_SSA-MTE	hyp1	News	NaN	-5.608013153076172
401	402	pt	nya	challenge_SSA-MTE	hyp1	News	NaN	-4.717399597167969
402	403	pt	nya	challenge_SSA-MTE	hyp1	News	NaN	-7.427674293518066
403	404	pt	nya	challenge_SSA-MTE	hyp1	News	NaN	-34.28759765625
404	405	pt	nya	challenge_SSA-MTE	hyp1	News	NaN	-12.2422513961792
405	406	pt	nya	challenge_SSA-MTE	hyp1	News	NaN	-12.642584800720215
406	407	pt	nya	challenge_SSA-MTE	hyp1	News	NaN	-9.854216575622559
407	408	pt	nya	challenge_SSA-MTE	hyp1	News	NaN	-40.9807014465332
408	409	pt	nya	challenge_SSA-MTE	hyp1	News	NaN	-2.0576038360595703
409	410	pt	nya	challenge_SSA-MTE	hyp1	News	NaN	-2.8516454696655273
410	411	pt	nya	challenge_SSA-MTE	hyp1	News	NaN	-4.883041858673096
411	412	pt	nya	challenge_SSA-MTE	hyp1	News	NaN	-30.502119064331055
412	413	pt	nya	challenge_SSA-MTE	hyp1	News	NaN	-1.906745195388794
413	414	pt	nya	challenge_SSA-MTE	hyp1	News	NaN	-3.102485179901123
414	415	pt	nya	challenge_SSA-MTE	hyp1	News	NaN	-3.1035757064819336
415	416	pt	nya	challenge_SSA-MTE	hyp1	News	NaN	-26.30817413330078
416	417	pt	nya	challenge_SSA-MTE	hyp1	News	NaN	-11.347883224487305
417	418	pt	nya	challenge_SSA-MTE	hyp1	News	NaN	-9.907682418823242
418	419	pt	nya	challenge_SSA-MTE	hyp1	News	NaN	-10.559473991394043
419	420	pt	nya	challenge_SSA-MTE	hyp1	News	NaN	-31.202621459960938
420	421	pt	nya	challenge_SSA-MTE	hyp1	News	NaN	-3.983656883239746
421	422	pt	nya	challenge_SSA-MTE	hyp1	News	NaN	-8.147562026977539
422	423	pt	nya	challenge_SSA-MTE	hyp1	News	NaN	-5.522416114807129
423	424	pt	nya	challenge_SSA-MTE	hyp1	News	NaN	-29.03339385986328
424	425	pt	nya	challenge_SSA-MTE	hyp1	News	NaN	-16.045042037963867
425	426	pt	nya	challenge_SSA-MTE	hyp1	News	NaN	-11.207619667053223
426	427	pt	nya	challenge_SSA-MTE	hyp1	News	NaN	-13.802196502685547
427	428	pt	nya	challenge_SSA-MTE	hyp1	News	NaN	-34.41259002685547
428	429	pt	nya	challenge_SSA-MTE	hyp1	News	NaN	-7.011745929718018
429	430	pt	nya	challenge_SSA-MTE	hyp1	News	NaN	-7.540811538696289
430	431	pt	nya	challenge_SSA-MTE	hyp1	News	NaN	-5.431575775146484
431	432	pt	nya	challenge_SSA-MTE	hyp1	News	NaN	-30.81430435180664
432	433	pt	nya	challenge_SSA-MTE	hyp1	News	NaN	-6.169407844543457
433	434	pt	nya	challenge_SSA-MTE	hyp1	News	NaN	-5.012692451477051
434	435	pt	nya	challenge_SSA-MTE	hyp1	News	NaN	-4.748452186584473
435	436	pt	nya	challenge_SSA-MTE	hyp1	News	NaN	-32.00511169433594
436	437	pt	nya	challenge_SSA-MTE	hyp1	News	NaN	-3.8094639778137207
437	438	pt	nya	challenge_SSA-MTE	hyp1	News	NaN	-1.9818499088287354
438	439	pt	nya	challenge_SSA-MTE	hyp1	News	NaN	-1.9544926881790161
439	440	pt	nya	challenge_SSA-MTE	hyp1	News	NaN	-26.15428352355957
440	441	pt	nya	challenge_SSA-MTE	hyp1	News	NaN	-11.282543182373047
441	442	pt	nya	challenge_SSA-MTE	hyp1	News	NaN	-3.5228028297424316
442	443	pt	nya	challenge_SSA-MTE	hyp1	News	NaN	-5.159488677978516
443	444	pt	nya	challenge_SSA-MTE	hyp1	News	NaN	-30.01300811767578
444	445	pt	nya	challenge_SSA-MTE	hyp1	News	NaN	-10.400516510009766
445	446	pt	nya	challenge_SSA-MTE	hyp1	News	NaN	-7.587830066680908
446	447	pt	nya	challenge_SSA-MTE	hyp1	News	NaN	-5.677797794342041
447	448	pt	nya	challenge_SSA-MTE	hyp1	News	NaN	-32.766258239746094
448	449	pt	nya	challenge_SSA-MTE	hyp1	News	NaN	-4.00108528137207
449	450	pt	nya	challenge_SSA-MTE	hyp1	News	NaN	-7.097583770751953
450	451	pt	nya	challenge_SSA-MTE	hyp1	News	NaN	-4.305819511413574
451	452	pt	nya	challenge_SSA-MTE	hyp1	News	NaN	-31.049190521240234
452	453	pt	nya	challenge_SSA-MTE	hyp1	News	NaN	-8.64732837677002
453	454	pt	nya	challenge_SSA-MTE	hyp1	News	NaN	-3.9141108989715576
454	455	pt	nya	challenge_SSA-MTE	hyp1	News	NaN	-4.628028392791748
455	456	pt	nya	challenge_SSA-MTE	hyp1	News	NaN	-29.157506942749023
456	457	pt	nya	challenge_SSA-MTE	hyp1	News	NaN	-5.65286922454834
457	458	pt	nya	challenge_SSA-MTE	hyp1	News	NaN	-4.123350143432617
458	459	pt	nya	challenge_SSA-MTE	hyp1	News	NaN	-5.494438648223877
459	460	pt	nya	challenge_SSA-MTE	hyp1	News	NaN	-28.619050979614258
460	461	pt	nya	challenge_SSA-MTE	hyp1	News	NaN	-7.39681339263916
461	462	pt	nya	challenge_SSA-MTE	hyp1	News	NaN	-5.365688323974609
462	463	pt	nya	challenge_SSA-MTE	hyp1	News	NaN	-8.1477689743042
463	464	pt	nya	challenge_SSA-MTE	hyp1	News	NaN	-30.612464904785156
464	465	pt	nya	challenge_SSA-MTE	hyp1	News	NaN	-8.040133476257324
465	466	pt	nya	challenge_SSA-MTE	hyp1	News	NaN	-18.39895248413086
466	467	pt	nya	challenge_SSA-MTE	hyp1	News	NaN	-12.799579620361328
467	468	pt	nya	challenge_SSA-MTE	hyp1	News	NaN	-27.52199935913086
468	469	pt	nya	challenge_SSA-MTE	hyp1	News	NaN	-2.9802300930023193
469	470	pt	nya	challenge_SSA-MTE	hyp1	News	NaN	-2.931088447570801
470	471	pt	nya	challenge_SSA-MTE	hyp1	News	NaN	-3.0464229583740234
471	472	pt	nya	challenge_SSA-MTE	hyp1	News	NaN	-30.87059211730957
472	473	pt	nya	challenge_SSA-MTE	hyp1	News	NaN	-2.8670458793640137
473	474	pt	nya	challenge_SSA-MTE	hyp1	News	NaN	-3.411527156829834
474	475	pt	nya	challenge_SSA-MTE	hyp1	News	NaN	-3.6367387771606445
475	476	pt	nya	challenge_SSA-MTE	hyp1	News	NaN	-29.601409912109375
476	477	pt	nya	challenge_SSA-MTE	hyp1	News	NaN	-4.810730934143066
477	478	pt	nya	challenge_SSA-MTE	hyp1	News	NaN	-5.522783279418945
478	479	pt	nya	challenge_SSA-MTE	hyp1	News	NaN	-4.2900285720825195
479	480	pt	nya	challenge_SSA-MTE	hyp1	News	NaN	-29.884632110595703
480	481	pt	nya	challenge_SSA-MTE	hyp1	News	NaN	-3.9203901290893555
481	482	pt	nya	challenge_SSA-MTE	hyp1	News	NaN	-8.429109573364258
482	483	pt	nya	challenge_SSA-MTE	hyp1	News	NaN	-2.9165396690368652
483	484	pt	nya	challenge_SSA-MTE	hyp1	News	NaN	-30.636829376220703
484	485	pt	nya	challenge_SSA-MTE	hyp1	News	NaN	-7.261065483093262
485	486	pt	nya	challenge_SSA-MTE	hyp1	News	NaN	-7.6352996826171875
486	487	pt	nya	challenge_SSA-MTE	hyp1	News	NaN	-6.943655014038086
487	488	pt	nya	challenge_SSA-MTE	hyp1	News	NaN	-37.07431411743164
488	489	pt	nya	challenge_SSA-MTE	hyp1	News	NaN	-3.0136983394622803
489	490	pt	nya	challenge_SSA-MTE	hyp1	News	NaN	-9.371598243713379
490	491	pt	nya	challenge_SSA-MTE	hyp1	News	NaN	-2.045912981033325
491	492	pt	nya	challenge_SSA-MTE	hyp1	News	NaN	-28.657875061035156
492	493	pt	nya	challenge_SSA-MTE	hyp1	News	NaN	-9.812233924865723
493	494	pt	nya	challenge_SSA-MTE	hyp1	News	NaN	-6.580044746398926
494	495	pt	nya	challenge_SSA-MTE	hyp1	News	NaN	-12.831716537475586
495	496	pt	nya	challenge_SSA-MTE	hyp1	News	NaN	-28.547658920288086
496	497	pt	nya	challenge_SSA-MTE	hyp1	News	NaN	-4.156020164489746
497	498	pt	nya	challenge_SSA-MTE	hyp1	News	NaN	-3.071852207183838
498	499	pt	nya	challenge_SSA-MTE	hyp1	News	NaN	-3.6776137351989746
499	500	pt	nya	challenge_SSA-MTE	hyp1	News	NaN	-32.41383361816406
500	501	pt	nya	challenge_SSA-MTE	hyp1	News	NaN	-10.197511672973633
501	502	pt	nya	challenge_SSA-MTE	hyp1	News	NaN	-7.264164447784424
502	503	pt	nya	challenge_SSA-MTE	hyp1	News	NaN	-8.293496131896973
503	504	pt	nya	challenge_SSA-MTE	hyp1	News	NaN	-27.967941284179688
504	505	pt	nya	challenge_SSA-MTE	hyp1	News	NaN	-8.795272827148438
505	506	pt	nya	challenge_SSA-MTE	hyp1	News	NaN	-4.242696285247803
506	507	pt	nya	challenge_SSA-MTE	hyp1	News	NaN	-3.694319009780884
507	508	pt	nya	challenge_SSA-MTE	hyp1	News	NaN	-30.955171585083008
508	509	pt	nya	challenge_SSA-MTE	hyp1	News	NaN	-4.206728458404541
509	510	pt	nya	challenge_SSA-MTE	hyp1	News	NaN	-9.582112312316895
510	511	pt	nya	challenge_SSA-MTE	hyp1	News	NaN	-5.366182327270508
511	512	pt	nya	challenge_SSA-MTE	hyp1	News	NaN	-30.11190414428711
512	513	pt	nya	challenge_SSA-MTE	hyp1	News	NaN	-7.6752400398254395
513	514	pt	nya	challenge_SSA-MTE	hyp1	News	NaN	-5.159934043884277
514	515	pt	nya	challenge_SSA-MTE	hyp1	News	NaN	-9.490352630615234
515	516	pt	nya	challenge_SSA-MTE	hyp1	News	NaN	-33.3744010925293
516	517	pt	nya	challenge_SSA-MTE	hyp1	News	NaN	-3.5899791717529297
517	518	pt	nya	challenge_SSA-MTE	hyp1	News	NaN	-3.527249813079834
518	519	pt	nya	challenge_SSA-MTE	hyp1	News	NaN	-5.303772926330566
519	520	pt	nya	challenge_SSA-MTE	hyp1	News	NaN	-33.60496520996094
520	521	pt	nya	challenge_SSA-MTE	hyp1	News	NaN	-3.546704053878784
521	522	pt	nya	challenge_SSA-MTE	hyp1	News	NaN	-3.610508441925049
522	523	pt	nya	challenge_SSA-MTE	hyp1	News	NaN	-3.5824790000915527
523	524	pt	nya	challenge_SSA-MTE	hyp1	News	NaN	-31.338294982910156
524	525	pt	nya	challenge_SSA-MTE	hyp1	News	NaN	-4.052787780761719
525	526	pt	nya	challenge_SSA-MTE	hyp1	News	NaN	-4.481972694396973
526	527	pt	nya	challenge_SSA-MTE	hyp1	News	NaN	-4.863686561584473
527	528	pt	nya	challenge_SSA-MTE	hyp1	News	NaN	-32.085899353027344
528	529	pt	nya	challenge_SSA-MTE	hyp1	News	NaN	-8.840265274047852
529	530	pt	nya	challenge_SSA-MTE	hyp1	News	NaN	-3.5001518726348877
530	531	pt	nya	challenge_SSA-MTE	hyp1	News	NaN	-5.360561370849609
531	532	pt	nya	challenge_SSA-MTE	hyp1	News	NaN	-30.651216506958008
532	533	pt	nya	challenge_SSA-MTE	hyp1	News	NaN	-6.716062545776367
533	534	pt	nya	challenge_SSA-MTE	hyp1	News	NaN	-2.1749114990234375
534	535	pt	nya	challenge_SSA-MTE	hyp1	News	NaN	-1.8322449922561646
535	536	pt	nya	challenge_SSA-MTE	hyp1	News	NaN	-30.624366760253906
536	537	pt	nya	challenge_SSA-MTE	hyp1	News	NaN	-3.3964874744415283
537	538	pt	nya	challenge_SSA-MTE	hyp1	News	NaN	-4.866080284118652
538	539	pt	nya	challenge_SSA-MTE	hyp1	News	NaN	-5.441888332366943
539	540	pt	nya	challenge_SSA-MTE	hyp1	News	NaN	-29.761075973510742
540	541	pt	nya	challenge_SSA-MTE	hyp1	News	NaN	-5.90435266494751
541	542	pt	nya	challenge_SSA-MTE	hyp1	News	NaN	-1.5973153114318848
542	543	pt	nya	challenge_SSA-MTE	hyp1	News	NaN	-1.9538081884384155
543	544	pt	nya	challenge_SSA-MTE	hyp1	News	NaN	-27.236812591552734
544	545	pt	nya	challenge_SSA-MTE	hyp1	News	NaN	-3.8845653533935547
545	546	pt	nya	challenge_SSA-MTE	hyp1	News	NaN	-2.168447494506836
546	547	pt	nya	challenge_SSA-MTE	hyp1	News	NaN	-2.9929161071777344
547	548	pt	nya	challenge_SSA-MTE	hyp1	News	NaN	-29.525684356689453
548	549	pt	nya	challenge_SSA-MTE	hyp1	News	NaN	-2.752926826477051
549	550	pt	nya	challenge_SSA-MTE	hyp1	News	NaN	-2.9894981384277344
550	551	pt	nya	challenge_SSA-MTE	hyp1	News	NaN	-5.146949768066406
551	552	pt	nya	challenge_SSA-MTE	hyp1	News	NaN	-27.305191040039062
552	553	pt	nya	challenge_SSA-MTE	hyp1	News	NaN	-2.3184382915496826
553	554	pt	nya	challenge_SSA-MTE	hyp1	News	NaN	-2.4958860874176025
554	555	pt	nya	challenge_SSA-MTE	hyp1	News	NaN	-2.7392959594726562
555	556	pt	nya	challenge_SSA-MTE	hyp1	News	NaN	-29.4054012298584
556	557	pt	nya	challenge_SSA-MTE	hyp1	News	NaN	-3.8783011436462402
557	558	pt	nya	challenge_SSA-MTE	hyp1	News	NaN	-2.9576926231384277
558	559	pt	nya	challenge_SSA-MTE	hyp1	News	NaN	-3.72074031829834
559	560	pt	nya	challenge_SSA-MTE	hyp1	News	NaN	-30.633747100830078
560	561	pt	nya	challenge_SSA-MTE	hyp1	News	NaN	-7.273951053619385
561	562	pt	nya	challenge_SSA-MTE	hyp1	News	NaN	-4.859881401062012
562	563	pt	nya	challenge_SSA-MTE	hyp1	News	NaN	-4.3492231369018555
563	564	pt	nya	challenge_SSA-MTE	hyp1	News	NaN	-25.954303741455078
564	565	pt	nya	challenge_SSA-MTE	hyp1	News	NaN	-4.714831352233887
565	566	pt	nya	challenge_SSA-MTE	hyp1	News	NaN	-3.078486680984497
566	567	pt	nya	challenge_SSA-MTE	hyp1	News	NaN	-6.570950508117676
567	568	pt	nya	challenge_SSA-MTE	hyp1	News	NaN	-31.276140213012695
568	569	pt	nya	challenge_SSA-MTE	hyp1	News	NaN	-3.2995200157165527
569	570	pt	nya	challenge_SSA-MTE	hyp1	News	NaN	-4.145143985748291
570	571	pt	nya	challenge_SSA-MTE	hyp1	News	NaN	-7.454023838043213
571	572	pt	nya	challenge_SSA-MTE	hyp1	News	NaN	-31.949892044067383
572	573	pt	nya	challenge_SSA-MTE	hyp1	News	NaN	-2.394136428833008
573	574	pt	nya	challenge_SSA-MTE	hyp1	News	NaN	-2.961879253387451
574	575	pt	nya	challenge_SSA-MTE	hyp1	News	NaN	-2.561128854751587
575	576	pt	nya	challenge_SSA-MTE	hyp1	News	NaN	-26.492345809936523
576	577	pt	nya	challenge_SSA-MTE	hyp1	News	NaN	-4.78908634185791
577	578	pt	nya	challenge_SSA-MTE	hyp1	News	NaN	-4.029346942901611
578	579	pt	nya	challenge_SSA-MTE	hyp1	News	NaN	-5.210589408874512
579	580	pt	nya	challenge_SSA-MTE	hyp1	News	NaN	-31.941024780273438
580	581	pt	nya	challenge_SSA-MTE	hyp1	News	NaN	-3.111297607421875
581	582	pt	nya	challenge_SSA-MTE	hyp1	News	NaN	-2.2962331771850586
582	583	pt	nya	challenge_SSA-MTE	hyp1	News	NaN	-2.403949737548828
583	584	pt	nya	challenge_SSA-MTE	hyp1	News	NaN	-30.083040237426758
584	585	pt	nya	challenge_SSA-MTE	hyp1	News	NaN	-1.3569388389587402
585	586	pt	nya	challenge_SSA-MTE	hyp1	News	NaN	-5.894817352294922
586	587	pt	nya	challenge_SSA-MTE	hyp1	News	NaN	-3.901017665863037
587	588	pt	nya	challenge_SSA-MTE	hyp1	News	NaN	-27.03460693359375
588	589	pt	nya	challenge_SSA-MTE	hyp1	News	NaN	-2.3239312171936035
589	590	pt	nya	challenge_SSA-MTE	hyp1	News	NaN	-3.175236225128174
590	591	pt	nya	challenge_SSA-MTE	hyp1	News	NaN	-1.726212978363037
591	592	pt	nya	challenge_SSA-MTE	hyp1	News	NaN	-30.713958740234375
592	593	pt	nya	challenge_SSA-MTE	hyp1	News	NaN	-4.921257495880127
593	594	pt	nya	challenge_SSA-MTE	hyp1	News	NaN	-2.5176143646240234
594	595	pt	nya	challenge_SSA-MTE	hyp1	News	NaN	-2.317596912384033
595	596	pt	nya	challenge_SSA-MTE	hyp1	News	NaN	-32.21281814575195
596	597	pt	nya	challenge_SSA-MTE	hyp1	News	NaN	-12.324810028076172
597	598	pt	nya	challenge_SSA-MTE	hyp1	News	NaN	-3.0763795375823975
598	599	pt	nya	challenge_SSA-MTE	hyp1	News	NaN	-5.418361186981201
599	600	pt	nya	challenge_SSA-MTE	hyp1	News	NaN	-30.572038650512695
600	601	pt	nya	challenge_SSA-MTE	hyp1	News	NaN	-3.8295819759368896
601	602	pt	nya	challenge_SSA-MTE	hyp1	News	NaN	-5.829878807067871
602	603	pt	nya	challenge_SSA-MTE	hyp1	News	NaN	-4.072345733642578
603	604	pt	nya	challenge_SSA-MTE	hyp1	News	NaN	-30.933958053588867
604	605	pt	nya	challenge_SSA-MTE	hyp1	News	NaN	-2.4779810905456543
605	606	pt	nya	challenge_SSA-MTE	hyp1	News	NaN	-3.984823226928711
606	607	pt	nya	challenge_SSA-MTE	hyp1	News	NaN	-1.4193482398986816
607	608	pt	nya	challenge_SSA-MTE	hyp1	News	NaN	-19.489978790283203
608	609	pt	nya	challenge_SSA-MTE	hyp1	News	NaN	-2.6603949069976807
609	610	pt	nya	challenge_SSA-MTE	hyp1	News	NaN	-1.845431923866272
610	611	pt	nya	challenge_SSA-MTE	hyp1	News	NaN	-2.2473366260528564
611	612	pt	nya	challenge_SSA-MTE	hyp1	News	NaN	-31.670303344726562
612	613	pt	nya	challenge_SSA-MTE	hyp1	News	NaN	-2.929276466369629
613	614	pt	nya	challenge_SSA-MTE	hyp1	News	NaN	-3.715229034423828
614	615	pt	nya	challenge_SSA-MTE	hyp1	News	NaN	-7.87539005279541
615	616	pt	nya	challenge_SSA-MTE	hyp1	News	NaN	-29.081424713134766
616	617	pt	nya	challenge_SSA-MTE	hyp1	News	NaN	-2.001101493835449
617	618	pt	nya	challenge_SSA-MTE	hyp1	News	NaN	-3.6132256984710693
618	619	pt	nya	challenge_SSA-MTE	hyp1	News	NaN	-3.0553054809570312
619	620	pt	nya	challenge_SSA-MTE	hyp1	News	NaN	-32.181156158447266
620	621	pt	nya	challenge_SSA-MTE	hyp1	News	NaN	-3.594254970550537
621	622	pt	nya	challenge_SSA-MTE	hyp1	News	NaN	-2.5036935806274414
622	623	pt	nya	challenge_SSA-MTE	hyp1	News	NaN	-2.552213430404663
623	624	pt	nya	challenge_SSA-MTE	hyp1	News	NaN	-31.487621307373047
624	625	pt	nya	challenge_SSA-MTE	hyp1	News	NaN	-4.962303161621094
625	626	pt	nya	challenge_SSA-MTE	hyp1	News	NaN	-8.194330215454102
626	627	pt	nya	challenge_SSA-MTE	hyp1	News	NaN	-10.078557968139648
627	628	pt	nya	challenge_SSA-MTE	hyp1	News	NaN	-28.82133674621582
628	629	pt	nya	challenge_SSA-MTE	hyp1	News	NaN	-4.910408020019531
629	630	pt	nya	challenge_SSA-MTE	hyp1	News	NaN	-7.052008628845215
630	631	pt	nya	challenge_SSA-MTE	hyp1	News	NaN	-6.935388088226318
631	632	pt	nya	challenge_SSA-MTE	hyp1	News	NaN	-27.84271812438965
632	633	pt	nya	challenge_SSA-MTE	hyp1	News	NaN	-9.030889511108398
633	634	pt	nya	challenge_SSA-MTE	hyp1	News	NaN	-3.4946494102478027
634	635	pt	nya	challenge_SSA-MTE	hyp1	News	NaN	-2.981508731842041
635	636	pt	nya	challenge_SSA-MTE	hyp1	News	NaN	-30.85586929321289
636	637	pt	nya	challenge_SSA-MTE	hyp1	News	NaN	-1.9750463962554932
637	638	pt	nya	challenge_SSA-MTE	hyp1	News	NaN	-2.6595776081085205
638	639	pt	nya	challenge_SSA-MTE	hyp1	News	NaN	-1.864812970161438
639	640	pt	nya	challenge_SSA-MTE	hyp1	News	NaN	-24.84406280517578
640	641	pt	nya	challenge_SSA-MTE	hyp1	News	NaN	-2.416125774383545
641	642	pt	nya	challenge_SSA-MTE	hyp1	News	NaN	-3.791473388671875
642	643	pt	nya	challenge_SSA-MTE	hyp1	News	NaN	-3.5265793800354004
643	644	pt	nya	challenge_SSA-MTE	hyp1	News	NaN	-28.16002655029297
644	645	pt	nya	challenge_SSA-MTE	hyp1	News	NaN	-2.311552047729492
645	646	pt	nya	challenge_SSA-MTE	hyp1	News	NaN	-3.989799976348877
646	647	pt	nya	challenge_SSA-MTE	hyp1	News	NaN	-31.75571060180664
647	648	pt	nya	challenge_SSA-MTE	hyp1	News	NaN	-2.5825858116149902
648	649	pt	nya	challenge_SSA-MTE	hyp1	News	NaN	-8.329728126525879
649	650	pt	nya	challenge_SSA-MTE	hyp1	News	NaN	-4.578734874725342
650	651	pt	nya	challenge_SSA-MTE	hyp1	News	NaN	-7.589052677154541
651	652	pt	nya	challenge_SSA-MTE	hyp1	News	NaN	-26.772687911987305
652	653	pt	nya	challenge_SSA-MTE	hyp1	News	NaN	-2.568413257598877
653	654	pt	nya	challenge_SSA-MTE	hyp1	News	NaN	-2.9628849029541016
654	655	pt	nya	challenge_SSA-MTE	hyp1	News	NaN	-2.441689968109131
655	656	pt	nya	challenge_SSA-MTE	hyp1	News	NaN	-29.757780075073242
656	657	pt	nya	challenge_SSA-MTE	hyp1	News	NaN	-2.4174890518188477
657	658	pt	nya	challenge_SSA-MTE	hyp1	News	NaN	-2.0791947841644287
658	659	pt	nya	challenge_SSA-MTE	hyp1	News	NaN	-28.728595733642578
659	660	pt	nya	challenge_SSA-MTE	hyp1	News	NaN	-5.619544982910156
660	661	pt	nya	challenge_SSA-MTE	hyp1	News	NaN	-1.5980156660079956
661	662	pt	nya	challenge_SSA-MTE	hyp1	News	NaN	-0.8949570059776306
662	663	pt	nya	challenge_SSA-MTE	hyp1	News	NaN	-1.2596180438995361
663	664	pt	nya	challenge_SSA-MTE	hyp1	News	NaN	-28.055564880371094
664	665	pt	nya	challenge_SSA-MTE	hyp1	News	NaN	-3.5987377166748047
665	666	pt	nya	challenge_SSA-MTE	hyp1	News	NaN	-3.567582130432129
666	667	pt	nya	challenge_SSA-MTE	hyp1	News	NaN	-5.1995344161987305
667	668	pt	nya	challenge_SSA-MTE	hyp1	News	NaN	-32.98029327392578
668	669	pt	nya	challenge_SSA-MTE	hyp1	News	NaN	-9.286229133605957
669	670	pt	nya	challenge_SSA-MTE	hyp1	News	NaN	-7.229073524475098
670	671	pt	nya	challenge_SSA-MTE	hyp1	News	NaN	-6.2815680503845215
671	672	pt	nya	challenge_SSA-MTE	hyp1	News	NaN	-29.758302688598633
672	673	pt	nya	challenge_SSA-MTE	hyp1	News	NaN	-6.341273307800293
673	674	pt	nya	challenge_SSA-MTE	hyp1	News	NaN	-3.9097955226898193
674	675	pt	nya	challenge_SSA-MTE	hyp1	News	NaN	-7.556513786315918
675	676	pt	nya	challenge_SSA-MTE	hyp1	News	NaN	-34.06258773803711
676	677	pt	nya	challenge_SSA-MTE	hyp1	News	NaN	-3.987577438354492
677	678	pt	nya	challenge_SSA-MTE	hyp1	News	NaN	-2.8195104598999023
678	679	pt	nya	challenge_SSA-MTE	hyp1	News	NaN	-2.6938538551330566
679	680	pt	nya	challenge_SSA-MTE	hyp1	News	NaN	-32.37266540527344
680	681	pt	nya	challenge_SSA-MTE	hyp1	News	NaN	-6.159341812133789
681	682	pt	nya	challenge_SSA-MTE	hyp1	News	NaN	-3.6077659130096436
682	683	pt	nya	challenge_SSA-MTE	hyp1	News	NaN	-7.914595127105713
683	684	pt	nya	challenge_SSA-MTE	hyp1	News	NaN	-30.32327651977539
684	685	pt	nya	challenge_SSA-MTE	hyp1	News	NaN	-9.642674446105957
685	686	pt	nya	challenge_SSA-MTE	hyp1	News	NaN	-8.375947952270508
686	687	pt	nya	challenge_SSA-MTE	hyp1	News	NaN	-6.452488899230957
687	688	pt	nya	challenge_SSA-MTE	hyp1	News	NaN	-31.775188446044922
688	689	pt	nya	challenge_SSA-MTE	hyp1	News	NaN	-2.6000871658325195
689	690	pt	nya	challenge_SSA-MTE	hyp1	News	NaN	-2.066863775253296
690	691	pt	nya	challenge_SSA-MTE	hyp1	News	NaN	-3.0771820545196533
691	692	pt	nya	challenge_SSA-MTE	hyp1	News	NaN	-29.390565872192383
692	693	pt	nya	challenge_SSA-MTE	hyp1	News	NaN	-7.656789302825928
693	694	pt	nya	challenge_SSA-MTE	hyp1	News	NaN	-9.110068321228027
694	695	pt	nya	challenge_SSA-MTE	hyp1	News	NaN	-4.525688171386719
695	696	pt	nya	challenge_SSA-MTE	hyp1	News	NaN	-32.049537658691406
696	697	pt	nya	challenge_SSA-MTE	hyp1	News	NaN	-4.328370571136475
697	698	pt	nya	challenge_SSA-MTE	hyp1	News	NaN	-4.188473701477051
698	699	pt	nya	challenge_SSA-MTE	hyp1	News	NaN	-2.5943126678466797
699	700	pt	nya	challenge_SSA-MTE	hyp1	News	NaN	-33.556461334228516
700	701	pt	nya	challenge_SSA-MTE	hyp1	News	NaN	-2.1149466037750244
701	702	pt	nya	challenge_SSA-MTE	hyp1	News	NaN	-2.5510764122009277
702	703	pt	nya	challenge_SSA-MTE	hyp1	News	NaN	-3.0251564979553223
703	704	pt	nya	challenge_SSA-MTE	hyp1	News	NaN	-27.585233688354492
704	705	pt	nya	challenge_SSA-MTE	hyp1	News	NaN	-3.111194610595703
705	706	pt	nya	challenge_SSA-MTE	hyp1	News	NaN	-3.912088632583618
706	707	pt	nya	challenge_SSA-MTE	hyp1	News	NaN	-5.480593681335449
707	708	pt	nya	challenge_SSA-MTE	hyp1	News	NaN	-32.22412109375
708	709	pt	nya	challenge_SSA-MTE	hyp1	News	NaN	-1.8043549060821533
709	710	pt	nya	challenge_SSA-MTE	hyp1	News	NaN	-1.2602202892303467
710	711	pt	nya	challenge_SSA-MTE	hyp1	News	NaN	-2.851141929626465
711	712	pt	nya	challenge_SSA-MTE	hyp1	News	NaN	-26.751670837402344
712	713	pt	nya	challenge_SSA-MTE	hyp1	News	NaN	-5.9761223793029785
713	714	pt	nya	challenge_SSA-MTE	hyp1	News	NaN	-5.009771347045898
714	715	pt	nya	challenge_SSA-MTE	hyp1	News	NaN	-9.21020793914795
715	716	pt	nya	challenge_SSA-MTE	hyp1	News	NaN	-36.34844970703125
716	717	pt	nya	challenge_SSA-MTE	hyp1	News	NaN	-3.953911304473877
717	718	pt	nya	challenge_SSA-MTE	hyp1	News	NaN	-7.291996955871582
718	719	pt	nya	challenge_SSA-MTE	hyp1	News	NaN	-4.1485795974731445
719	720	pt	nya	challenge_SSA-MTE	hyp1	News	NaN	-28.830299377441406
720	721	pt	nya	challenge_SSA-MTE	hyp1	News	NaN	-6.495489120483398
721	722	pt	nya	challenge_SSA-MTE	hyp1	News	NaN	-3.226915121078491
722	723	pt	nya	challenge_SSA-MTE	hyp1	News	NaN	-10.671659469604492
723	724	pt	nya	challenge_SSA-MTE	hyp1	News	NaN	-32.52843475341797
724	725	pt	nya	challenge_SSA-MTE	hyp1	News	NaN	-3.7552504539489746
725	726	pt	nya	challenge_SSA-MTE	hyp1	News	NaN	-8.873754501342773
726	727	pt	nya	challenge_SSA-MTE	hyp1	News	NaN	-5.303403854370117
727	728	pt	nya	challenge_SSA-MTE	hyp1	News	NaN	-32.38449478149414
728	729	pt	nya	challenge_SSA-MTE	hyp1	News	NaN	-7.179351806640625
729	730	pt	nya	challenge_SSA-MTE	hyp1	News	NaN	-3.8403735160827637
730	731	pt	nya	challenge_SSA-MTE	hyp1	News	NaN	-9.765434265136719
731	732	pt	nya	challenge_SSA-MTE	hyp1	News	NaN	-31.24896240234375
732	733	pt	nya	challenge_SSA-MTE	hyp1	News	NaN	-1.6607862710952759
733	734	pt	nya	challenge_SSA-MTE	hyp1	News	NaN	-1.5311739444732666
734	735	pt	nya	challenge_SSA-MTE	hyp1	News	NaN	-27.08690643310547
735	736	pt	nya	challenge_SSA-MTE	hyp1	News	NaN	-3.0284581184387207
736	737	pt	nya	challenge_SSA-MTE	hyp1	News	NaN	-3.2498531341552734
737	738	pt	nya	challenge_SSA-MTE	hyp1	News	NaN	-5.098324775695801
738	739	pt	nya	challenge_SSA-MTE	hyp1	News	NaN	-30.211462020874023
739	740	pt	nya	challenge_SSA-MTE	hyp1	News	NaN	-6.016797065734863
740	741	pt	nya	challenge_SSA-MTE	hyp1	News	NaN	-6.837286949157715
741	742	pt	nya	challenge_SSA-MTE	hyp1	News	NaN	-5.704632759094238
742	743	pt	nya	challenge_SSA-MTE	hyp1	News	NaN	-31.28508949279785
743	744	pt	nya	challenge_SSA-MTE	hyp1	News	NaN	-4.130466461181641
744	745	pt	nya	challenge_SSA-MTE	hyp1	News	NaN	-5.747254371643066
745	746	pt	nya	challenge_SSA-MTE	hyp1	News	NaN	-5.232542991638184
746	747	pt	nya	challenge_SSA-MTE	hyp1	News	NaN	-28.14590072631836
747	748	pt	nya	challenge_SSA-MTE	hyp1	News	NaN	-7.236379623413086
748	749	pt	nya	challenge_SSA-MTE	hyp1	News	NaN	-2.4877405166625977
749	750	pt	nya	challenge_SSA-MTE	hyp1	News	NaN	-4.801568031311035
750	751	pt	nya	challenge_SSA-MTE	hyp1	News	NaN	-33.929569244384766
751	752	pt	nya	challenge_SSA-MTE	hyp1	News	NaN	-3.1546578407287598
752	753	pt	nya	challenge_SSA-MTE	hyp1	News	NaN	-4.7755255699157715
753	754	pt	nya	challenge_SSA-MTE	hyp1	News	NaN	-4.243541717529297
754	755	pt	nya	challenge_SSA-MTE	hyp1	News	NaN	-31.94831085205078
755	756	pt	nya	challenge_SSA-MTE	hyp1	News	NaN	-2.3811419010162354
756	757	pt	nya	challenge_SSA-MTE	hyp1	News	NaN	-1.260568380355835
757	758	pt	nya	challenge_SSA-MTE	hyp1	News	NaN	-1.9258533716201782
758	759	pt	nya	challenge_SSA-MTE	hyp1	News	NaN	-29.324148178100586
759	760	pt	nya	challenge_SSA-MTE	hyp1	News	NaN	-5.649092674255371
760	761	pt	nya	challenge_SSA-MTE	hyp1	News	NaN	-2.5049514770507812
761	762	pt	nya	challenge_SSA-MTE	hyp1	News	NaN	-3.021531581878662
762	763	pt	nya	challenge_SSA-MTE	hyp1	News	NaN	-33.02685546875
763	764	pt	nya	challenge_SSA-MTE	hyp1	News	NaN	-3.9805216789245605
764	765	pt	nya	challenge_SSA-MTE	hyp1	News	NaN	-2.8767151832580566
765	766	pt	nya	challenge_SSA-MTE	hyp1	News	NaN	-3.7327117919921875
766	767	pt	nya	challenge_SSA-MTE	hyp1	News	NaN	-34.06297302246094
767	768	pt	nya	challenge_SSA-MTE	hyp1	News	NaN	-3.8056740760803223
768	769	pt	nya	challenge_SSA-MTE	hyp1	News	NaN	-4.102709770202637
769	770	pt	nya	challenge_SSA-MTE	hyp1	News	NaN	-3.9554388523101807
770	771	pt	nya	challenge_SSA-MTE	hyp1	News	NaN	-29.45044708251953
771	772	pt	nya	challenge_SSA-MTE	hyp1	News	NaN	-5.847988128662109
772	773	pt	nya	challenge_SSA-MTE	hyp1	News	NaN	-5.004741668701172
773	774	pt	nya	challenge_SSA-MTE	hyp1	News	NaN	-4.261139869689941
774	775	pt	nya	challenge_SSA-MTE	hyp1	News	NaN	-32.920188903808594
775	776	pt	nya	challenge_SSA-MTE	hyp1	News	NaN	-3.610365152359009
776	777	pt	nya	challenge_SSA-MTE	hyp1	News	NaN	-6.196171283721924
777	778	pt	nya	challenge_SSA-MTE	hyp1	News	NaN	-4.412527561187744
778	779	pt	nya	challenge_SSA-MTE	hyp1	News	NaN	-30.348464965820312
779	780	pt	nya	challenge_SSA-MTE	hyp1	News	NaN	-3.5168159008026123
780	781	pt	nya	challenge_SSA-MTE	hyp1	News	NaN	-2.1448862552642822
781	782	pt	nya	challenge_SSA-MTE	hyp1	News	NaN	-3.0695178508758545
782	783	pt	nya	challenge_SSA-MTE	hyp1	News	NaN	-33.06092071533203
783	784	pt	nya	challenge_SSA-MTE	hyp1	News	NaN	-1.3483777046203613
784	785	pt	nya	challenge_SSA-MTE	hyp1	News	NaN	-1.3097519874572754
785	786	pt	nya	challenge_SSA-MTE	hyp1	News	NaN	-3.5614941120147705
786	787	pt	nya	challenge_SSA-MTE	hyp1	News	NaN	-29.00983428955078
787	788	pt	nya	challenge_SSA-MTE	hyp1	News	NaN	-6.050135612487793
788	789	pt	nya	challenge_SSA-MTE	hyp1	News	NaN	-6.391951560974121
789	790	pt	nya	challenge_SSA-MTE	hyp1	News	NaN	-7.602120876312256
790	791	pt	nya	challenge_SSA-MTE	hyp1	News	NaN	-26.19318389892578
791	792	pt	nya	challenge_SSA-MTE	hyp1	News	NaN	-5.449200630187988
792	793	pt	nya	challenge_SSA-MTE	hyp1	News	NaN	-4.4652509689331055
793	794	pt	nya	challenge_SSA-MTE	hyp1	News	NaN	-5.848258972167969
794	795	pt	nya	challenge_SSA-MTE	hyp1	News	NaN	-30.75778579711914
795	796	pt	nya	challenge_SSA-MTE	hyp1	News	NaN	-4.567792892456055
796	797	pt	nya	challenge_SSA-MTE	hyp1	News	NaN	-3.990084171295166
797	798	pt	nya	challenge_SSA-MTE	hyp1	News	NaN	-4.827398300170898
798	799	pt	nya	challenge_SSA-MTE	hyp1	News	NaN	-31.975467681884766
799	800	pt	nya	challenge_SSA-MTE	hyp1	News	NaN	-2.174759864807129
800	801	pt	nya	challenge_SSA-MTE	hyp1	News	NaN	-1.5294256210327148
801	802	pt	nya	challenge_SSA-MTE	hyp1	News	NaN	-1.7994304895401
802	803	pt	nya	challenge_SSA-MTE	hyp1	News	NaN	-27.298583984375
803	804	pt	nya	challenge_SSA-MTE	hyp1	News	NaN	-8.638428688049316
804	805	pt	nya	challenge_SSA-MTE	hyp1	News	NaN	-5.445559501647949
805	806	pt	nya	challenge_SSA-MTE	hyp1	News	NaN	-6.243928909301758
806	807	pt	nya	challenge_SSA-MTE	hyp1	News	NaN	-31.347932815551758
807	808	pt	nya	challenge_SSA-MTE	hyp1	News	NaN	-5.159507751464844
808	809	pt	nya	challenge_SSA-MTE	hyp1	News	NaN	-0.9609689116477966
809	810	pt	nya	challenge_SSA-MTE	hyp1	News	NaN	-0.6285997629165649
810	811	pt	nya	challenge_SSA-MTE	hyp1	News	NaN	-28.55276870727539
811	812	pt	nya	challenge_SSA-MTE	hyp1	News	NaN	-2.0453720092773438
812	813	pt	nya	challenge_SSA-MTE	hyp1	News	NaN	-2.3609468936920166
813	814	pt	nya	challenge_SSA-MTE	hyp1	News	NaN	-2.929797649383545
814	815	pt	nya	challenge_SSA-MTE	hyp1	News	NaN	-30.65862274169922
815	816	pt	nya	challenge_SSA-MTE	hyp1	News	NaN	-0.7318569421768188
816	817	pt	nya	challenge_SSA-MTE	hyp1	News	NaN	-0.7920024991035461
817	818	pt	nya	challenge_SSA-MTE	hyp1	News	NaN	-0.8582308292388916
818	819	pt	nya	challenge_SSA-MTE	hyp1	News	NaN	-30.019887924194336
819	820	pt	nya	challenge_SSA-MTE	hyp1	News	NaN	-5.020907878875732
820	821	pt	nya	challenge_SSA-MTE	hyp1	News	NaN	-3.028311252593994
821	822	pt	nya	challenge_SSA-MTE	hyp1	News	NaN	-3.5067780017852783
822	823	pt	nya	challenge_SSA-MTE	hyp1	News	NaN	-31.61546516418457
823	824	pt	nya	challenge_SSA-MTE	hyp1	News	NaN	-6.599855899810791
824	825	pt	nya	challenge_SSA-MTE	hyp1	News	NaN	-7.68823766708374
825	826	pt	nya	challenge_SSA-MTE	hyp1	News	NaN	-4.395296096801758
826	827	pt	nya	challenge_SSA-MTE	hyp1	News	NaN	-31.56798553466797
827	828	pt	nya	challenge_SSA-MTE	hyp1	News	NaN	-2.7203569412231445
828	829	pt	nya	challenge_SSA-MTE	hyp1	News	NaN	-3.0427608489990234
829	830	pt	nya	challenge_SSA-MTE	hyp1	News	NaN	-2.899386167526245
830	831	pt	nya	challenge_SSA-MTE	hyp1	News	NaN	-30.099031448364258
831	832	pt	nya	challenge_SSA-MTE	hyp1	News	NaN	-2.447981834411621
832	833	pt	nya	challenge_SSA-MTE	hyp1	News	NaN	-2.49735689163208
833	834	pt	nya	challenge_SSA-MTE	hyp1	News	NaN	-3.1945595741271973
834	835	pt	nya	challenge_SSA-MTE	hyp1	News	NaN	-33.59892272949219
835	836	pt	nya	challenge_SSA-MTE	hyp1	News	NaN	-8.991926193237305
836	837	pt	nya	challenge_SSA-MTE	hyp1	News	NaN	-1.1725484132766724
837	838	pt	nya	challenge_SSA-MTE	hyp1	News	NaN	-1.5856506824493408
838	839	pt	nya	challenge_SSA-MTE	hyp1	News	NaN	-32.064117431640625
839	840	pt	nya	challenge_SSA-MTE	hyp1	News	NaN	-5.149737358093262
840	841	pt	nya	challenge_SSA-MTE	hyp1	News	NaN	-5.840528964996338
841	842	pt	nya	challenge_SSA-MTE	hyp1	News	NaN	-8.147039413452148
842	843	pt	nya	challenge_SSA-MTE	hyp1	News	NaN	-31.499361038208008
843	844	pt	nya	challenge_SSA-MTE	hyp1	News	NaN	-4.328887939453125
844	845	pt	nya	challenge_SSA-MTE	hyp1	News	NaN	-5.5398359298706055
845	846	pt	nya	challenge_SSA-MTE	hyp1	News	NaN	-2.849059581756592
846	847	pt	nya	challenge_SSA-MTE	hyp1	News	NaN	-30.57110595703125
847	848	pt	nya	challenge_SSA-MTE	hyp1	News	NaN	-2.198444366455078
848	849	pt	nya	challenge_SSA-MTE	hyp1	News	NaN	-2.0151138305664062
849	850	pt	nya	challenge_SSA-MTE	hyp1	News	NaN	-2.2199792861938477
850	851	pt	nya	challenge_SSA-MTE	hyp1	News	NaN	-29.723649978637695
851	852	pt	nya	challenge_SSA-MTE	hyp1	News	NaN	-6.067134380340576
852	853	pt	nya	challenge_SSA-MTE	hyp1	News	NaN	-5.853882789611816
853	854	pt	nya	challenge_SSA-MTE	hyp1	News	NaN	-7.088847637176514
854	855	pt	nya	challenge_SSA-MTE	hyp1	News	NaN	-31.47998809814453
855	856	pt	nya	challenge_SSA-MTE	hyp1	News	NaN	-4.257793426513672
856	857	pt	nya	challenge_SSA-MTE	hyp1	News	NaN	-2.762643814086914
857	858	pt	nya	challenge_SSA-MTE	hyp1	News	NaN	-3.8478922843933105
858	859	pt	nya	challenge_SSA-MTE	hyp1	News	NaN	-30.064897537231445
859	860	pt	nya	challenge_SSA-MTE	hyp1	News	NaN	-2.4908013343811035
860	861	pt	nya	challenge_SSA-MTE	hyp1	News	NaN	-2.698411226272583
861	862	pt	nya	challenge_SSA-MTE	hyp1	News	NaN	-2.5941739082336426
862	863	pt	nya	challenge_SSA-MTE	hyp1	News	NaN	-30.5927677154541
863	864	pt	nya	challenge_SSA-MTE	hyp1	News	NaN	-4.64595890045166
864	865	pt	nya	challenge_SSA-MTE	hyp1	News	NaN	-5.184911251068115
865	866	pt	nya	challenge_SSA-MTE	hyp1	News	NaN	-4.742880821228027
866	867	pt	nya	challenge_SSA-MTE	hyp1	News	NaN	-30.653993606567383
867	868	pt	nya	challenge_SSA-MTE	hyp1	News	NaN	-1.7335526943206787
868	869	pt	nya	challenge_SSA-MTE	hyp1	News	NaN	-1.4956806898117065
869	870	pt	nya	challenge_SSA-MTE	hyp1	News	NaN	-28.33989715576172
870	871	pt	nya	challenge_SSA-MTE	hyp1	News	NaN	-4.5494232177734375
871	872	pt	nya	challenge_SSA-MTE	hyp1	News	NaN	-4.537836074829102
872	873	pt	nya	challenge_SSA-MTE	hyp1	News	NaN	-5.413083076477051
873	874	pt	nya	challenge_SSA-MTE	hyp1	News	NaN	-31.61715316772461
874	875	pt	nya	challenge_SSA-MTE	hyp1	News	NaN	-5.071176528930664
875	876	pt	nya	challenge_SSA-MTE	hyp1	News	NaN	-4.417142391204834
876	877	pt	nya	challenge_SSA-MTE	hyp1	News	NaN	-6.3708906173706055
877	878	pt	nya	challenge_SSA-MTE	hyp1	News	NaN	-36.26649856567383
878	879	pt	nya	challenge_SSA-MTE	hyp1	News	NaN	-1.5051326751708984
879	880	pt	nya	challenge_SSA-MTE	hyp1	News	NaN	-1.0259373188018799
880	881	pt	nya	challenge_SSA-MTE	hyp1	News	NaN	-2.359691619873047
881	882	pt	nya	challenge_SSA-MTE	hyp1	News	NaN	-28.17198944091797
882	883	pt	nya	challenge_SSA-MTE	hyp1	News	NaN	-7.278975486755371
883	884	pt	nya	challenge_SSA-MTE	hyp1	News	NaN	-2.7421183586120605
884	885	pt	nya	challenge_SSA-MTE	hyp1	News	NaN	-5.024317741394043
885	886	pt	nya	challenge_SSA-MTE	hyp1	News	NaN	-35.04549789428711
886	887	pt	nya	challenge_SSA-MTE	hyp1	News	NaN	-6.578617095947266
887	888	pt	nya	challenge_SSA-MTE	hyp1	News	NaN	-2.9211084842681885
888	889	pt	nya	challenge_SSA-MTE	hyp1	News	NaN	-11.72442626953125
889	890	pt	nya	challenge_SSA-MTE	hyp1	News	NaN	-29.375324249267578
890	891	pt	nya	challenge_SSA-MTE	hyp1	News	NaN	-12.977889060974121
891	892	pt	nya	challenge_SSA-MTE	hyp1	News	NaN	-5.205407619476318
892	893	pt	nya	challenge_SSA-MTE	hyp1	News	NaN	-6.204188823699951
893	894	pt	nya	challenge_SSA-MTE	hyp1	News	NaN	-30.16836929321289
894	895	pt	nya	challenge_SSA-MTE	hyp1	News	NaN	-3.981245279312134
895	896	pt	nya	challenge_SSA-MTE	hyp1	News	NaN	-4.421699047088623
896	897	pt	nya	challenge_SSA-MTE	hyp1	News	NaN	-9.069589614868164
897	898	pt	nya	challenge_SSA-MTE	hyp1	News	NaN	-33.21491241455078
898	899	pt	nya	challenge_SSA-MTE	hyp1	News	NaN	-4.125728130340576
899	900	pt	nya	challenge_SSA-MTE	hyp1	News	NaN	-5.125220775604248
900	901	pt	nya	challenge_SSA-MTE	hyp1	News	NaN	-3.7752761840820312
901	902	pt	nya	challenge_SSA-MTE	hyp1	News	NaN	-32.245025634765625
902	903	pt	nya	challenge_SSA-MTE	hyp1	News	NaN	-9.509605407714844
903	904	pt	nya	challenge_SSA-MTE	hyp1	News	NaN	-6.478943824768066
904	905	pt	nya	challenge_SSA-MTE	hyp1	News	NaN	-20.8841609954834
905	906	pt	nya	challenge_SSA-MTE	hyp1	News	NaN	-30.419218063354492
906	907	pt	nya	challenge_SSA-MTE	hyp1	News	NaN	-9.99782657623291
907	908	pt	nya	challenge_SSA-MTE	hyp1	News	NaN	-14.325289726257324
908	909	pt	nya	challenge_SSA-MTE	hyp1	News	NaN	-19.42681884765625
909	910	pt	nya	challenge_SSA-MTE	hyp1	News	NaN	-31.72174072265625
910	911	pt	nya	challenge_SSA-MTE	hyp1	News	NaN	-3.7072958946228027
911	912	pt	nya	challenge_SSA-MTE	hyp1	News	NaN	-5.530431747436523
912	913	pt	nya	challenge_SSA-MTE	hyp1	News	NaN	-3.6273417472839355
913	914	pt	nya	challenge_SSA-MTE	hyp1	News	NaN	-29.470823287963867
914	915	pt	nya	challenge_SSA-MTE	hyp1	News	NaN	-4.893056869506836
915	916	pt	nya	challenge_SSA-MTE	hyp1	News	NaN	-2.6515464782714844
916	917	pt	nya	challenge_SSA-MTE	hyp1	News	NaN	-3.125156879425049
917	918	pt	nya	challenge_SSA-MTE	hyp1	News	NaN	-28.317981719970703
918	919	pt	nya	challenge_SSA-MTE	hyp1	News	NaN	-5.194941520690918
919	920	pt	nya	challenge_SSA-MTE	hyp1	News	NaN	-9.669937133789062
920	921	pt	nya	challenge_SSA-MTE	hyp1	News	NaN	-5.0950422286987305
921	922	pt	nya	challenge_SSA-MTE	hyp1	News	NaN	-39.279701232910156
922	923	pt	nya	challenge_SSA-MTE	hyp1	News	NaN	-1.8432362079620361
923	924	pt	nya	challenge_SSA-MTE	hyp1	News	NaN	-1.707585334777832
924	925	pt	nya	challenge_SSA-MTE	hyp1	News	NaN	-3.096384048461914
925	926	pt	nya	challenge_SSA-MTE	hyp1	News	NaN	-26.474031448364258
926	927	pt	nya	challenge_SSA-MTE	hyp1	News	NaN	-6.1378254890441895
927	928	pt	nya	challenge_SSA-MTE	hyp1	News	NaN	-6.4888458251953125
928	929	pt	nya	challenge_SSA-MTE	hyp1	News	NaN	-7.0943284034729
929	930	pt	nya	challenge_SSA-MTE	hyp1	News	NaN	-34.29640579223633
930	931	pt	nya	challenge_SSA-MTE	hyp1	News	NaN	-4.163732051849365
931	932	pt	nya	challenge_SSA-MTE	hyp1	News	NaN	-2.768097162246704
932	933	pt	nya	challenge_SSA-MTE	hyp1	News	NaN	-1.901295781135559
933	934	pt	nya	challenge_SSA-MTE	hyp1	News	NaN	-27.13361930847168
934	935	pt	nya	challenge_SSA-MTE	hyp1	News	NaN	-3.297851324081421
935	936	pt	nya	challenge_SSA-MTE	hyp1	News	NaN	-2.919304609298706
936	937	pt	nya	challenge_SSA-MTE	hyp1	News	NaN	-3.806500196456909
937	938	pt	nya	challenge_SSA-MTE	hyp1	News	NaN	-29.841064453125
938	939	pt	nya	challenge_SSA-MTE	hyp1	News	NaN	-3.738805055618286
939	940	pt	nya	challenge_SSA-MTE	hyp1	News	NaN	-9.499540328979492
940	941	pt	nya	challenge_SSA-MTE	hyp1	News	NaN	-3.0699915885925293
941	942	pt	nya	challenge_SSA-MTE	hyp1	News	NaN	-32.334861755371094
942	943	pt	nya	challenge_SSA-MTE	hyp1	News	NaN	-3.1585168838500977
943	944	pt	nya	challenge_SSA-MTE	hyp1	News	NaN	-2.7047600746154785
944	945	pt	nya	challenge_SSA-MTE	hyp1	News	NaN	-3.7491116523742676
945	946	pt	nya	challenge_SSA-MTE	hyp1	News	NaN	-32.29991149902344
946	947	pt	nya	challenge_SSA-MTE	hyp1	News	NaN	-15.396589279174805
947	948	pt	nya	challenge_SSA-MTE	hyp1	News	NaN	-5.727221965789795
948	949	pt	nya	challenge_SSA-MTE	hyp1	News	NaN	-6.18674373626709
949	950	pt	nya	challenge_SSA-MTE	hyp1	News	NaN	-29.467538833618164
950	951	pt	nya	challenge_SSA-MTE	hyp1	News	NaN	-4.489001274108887
951	952	pt	nya	challenge_SSA-MTE	hyp1	News	NaN	-5.671994686126709
952	953	pt	nya	challenge_SSA-MTE	hyp1	News	NaN	-2.500919818878174
953	954	pt	nya	challenge_SSA-MTE	hyp1	News	NaN	-31.41074562072754
954	955	pt	nya	challenge_SSA-MTE	hyp1	News	NaN	-16.83794403076172
955	956	pt	nya	challenge_SSA-MTE	hyp1	News	NaN	-7.208841323852539
956	957	pt	nya	challenge_SSA-MTE	hyp1	News	NaN	-9.869271278381348
957	958	pt	nya	challenge_SSA-MTE	hyp1	News	NaN	-38.432159423828125
958	959	pt	nya	challenge_SSA-MTE	hyp1	News	NaN	-2.323057174682617
959	960	pt	nya	challenge_SSA-MTE	hyp1	News	NaN	-1.771031141281128
960	961	pt	nya	challenge_SSA-MTE	hyp1	News	NaN	-1.4453067779541016
961	962	pt	nya	challenge_SSA-MTE	hyp1	News	NaN	-28.48102569580078
962	963	pt	nya	challenge_SSA-MTE	hyp1	News	NaN	-6.510132789611816
963	964	pt	nya	challenge_SSA-MTE	hyp1	News	NaN	-1.9189032316207886
964	965	pt	nya	challenge_SSA-MTE	hyp1	News	NaN	-11.791960716247559
965	966	pt	nya	challenge_SSA-MTE	hyp1	News	NaN	-29.232044219970703
966	967	pt	nya	challenge_SSA-MTE	hyp1	News	NaN	-8.310694694519043
967	968	pt	nya	challenge_SSA-MTE	hyp1	News	NaN	-8.622421264648438
968	969	pt	nya	challenge_SSA-MTE	hyp1	News	NaN	-6.807931900024414
969	970	pt	nya	challenge_SSA-MTE	hyp1	News	NaN	-34.502620697021484
970	971	pt	nya	challenge_SSA-MTE	hyp1	News	NaN	-4.993955135345459
971	972	pt	nya	challenge_SSA-MTE	hyp1	News	NaN	-5.569283485412598
972	973	pt	nya	challenge_SSA-MTE	hyp1	News	NaN	-5.331357002258301
973	974	pt	nya	challenge_SSA-MTE	hyp1	News	NaN	-34.68562316894531
974	975	pt	nya	challenge_SSA-MTE	hyp1	News	NaN	-10.306615829467773
975	976	pt	nya	challenge_SSA-MTE	hyp1	News	NaN	-6.939271450042725
976	977	pt	nya	challenge_SSA-MTE	hyp1	News	NaN	-32.12162780761719
977	978	pt	nya	challenge_SSA-MTE	hyp1	News	NaN	-5.381613731384277
978	979	pt	nya	challenge_SSA-MTE	hyp1	News	NaN	-2.819990873336792
979	980	pt	nya	challenge_SSA-MTE	hyp1	News	NaN	-4.513640403747559
980	981	pt	nya	challenge_SSA-MTE	hyp1	News	NaN	-3.7640907764434814
981	982	pt	nya	challenge_SSA-MTE	hyp1	News	NaN	-31.907424926757812
982	983	pt	nya	challenge_SSA-MTE	hyp1	News	NaN	-3.368542194366455
983	984	pt	nya	challenge_SSA-MTE	hyp1	News	NaN	-4.499971389770508
984	985	pt	nya	challenge_SSA-MTE	hyp1	News	NaN	-4.386010646820068
985	986	pt	nya	challenge_SSA-MTE	hyp1	News	NaN	-33.262657165527344
986	987	pt	nya	challenge_SSA-MTE	hyp1	News	NaN	-8.929937362670898
987	988	pt	nya	challenge_SSA-MTE	hyp1	News	NaN	-4.3829498291015625
988	989	pt	nya	challenge_SSA-MTE	hyp1	News	NaN	-8.11260986328125
989	990	pt	nya	challenge_SSA-MTE	hyp1	News	NaN	-34.203857421875
990	991	pt	nya	challenge_SSA-MTE	hyp1	News	NaN	-1.496260166168213
991	992	pt	nya	challenge_SSA-MTE	hyp1	News	NaN	-5.361867904663086
992	993	pt	nya	challenge_SSA-MTE	hyp1	News	NaN	-3.1762208938598633
993	994	pt	nya	challenge_SSA-MTE	hyp1	News	NaN	-28.97586441040039
994	995	pt	nya	challenge_SSA-MTE	hyp1	News	NaN	-6.895888328552246
995	996	pt	nya	challenge_SSA-MTE	hyp1	News	NaN	-4.900679111480713
996	997	pt	nya	challenge_SSA-MTE	hyp1	News	NaN	-7.088490009307861
997	998	pt	nya	challenge_SSA-MTE	hyp1	News	NaN	-31.10776138305664
998	999	pt	nya	challenge_SSA-MTE	hyp1	News	NaN	-2.6097350120544434
999	1000	pt	nya	challenge_SSA-MTE	hyp1	News	NaN	-6.607863426208496
1000	1001	pt	nya	challenge_SSA-MTE	hyp1	News	NaN	-3.670276165008545
1001	1002	pt	nya	challenge_SSA-MTE	hyp1	News	NaN	-30.54306411743164
1002	1003	pt	nya	challenge_SSA-MTE	hyp1	News	NaN	-3.787294864654541
1003	1004	pt	nya	challenge_SSA-MTE	hyp1	News	NaN	-4.312318801879883
1004	1005	pt	nya	challenge_SSA-MTE	hyp1	News	NaN	-7.262025833129883
1005	1006	pt	nya	challenge_SSA-MTE	hyp1	News	NaN	-32.70161437988281
1006	1007	pt	nya	challenge_SSA-MTE	hyp1	News	NaN	-9.956149101257324
1007	1008	pt	nya	challenge_SSA-MTE	hyp1	News	NaN	-3.6063387393951416
1008	1009	pt	nya	challenge_SSA-MTE	hyp1	News	NaN	-8.549567222595215
1009	1010	pt	nya	challenge_SSA-MTE	hyp1	News	NaN	-31.550777435302734
1010	1011	pt	nya	challenge_SSA-MTE	hyp1	News	NaN	-2.8279614448547363
1011	1012	pt	nya	challenge_SSA-MTE	hyp1	News	NaN	-6.6905341148376465
1012	1013	pt	nya	challenge_SSA-MTE	hyp1	News	NaN	-1.963827133178711
1013	1014	pt	nya	challenge_SSA-MTE	hyp1	News	NaN	-29.79057502746582
1014	1015	pt	nya	challenge_SSA-MTE	hyp1	News	NaN	-3.5156431198120117
1015	1016	pt	nya	challenge_SSA-MTE	hyp1	News	NaN	-5.378325462341309
1016	1017	pt	nya	challenge_SSA-MTE	hyp1	News	NaN	-2.955855369567871
1017	1018	pt	nya	challenge_SSA-MTE	hyp1	News	NaN	-30.405410766601562
1018	1019	pt	nya	challenge_SSA-MTE	hyp1	News	NaN	-2.5742759704589844
1019	1020	pt	nya	challenge_SSA-MTE	hyp1	News	NaN	-3.6226580142974854
1020	1021	pt	nya	challenge_SSA-MTE	hyp1	News	NaN	-2.3963496685028076
1021	1022	pt	nya	challenge_SSA-MTE	hyp1	News	NaN	-34.21281814575195
1022	1023	pt	nya	challenge_SSA-MTE	hyp1	News	NaN	-2.4312002658843994
1023	1024	pt	nya	challenge_SSA-MTE	hyp1	News	NaN	-2.135849952697754
1024	1025	pt	nya	challenge_SSA-MTE	hyp1	News	NaN	-2.4538416862487793
1025	1026	pt	nya	challenge_SSA-MTE	hyp1	News	NaN	-30.231027603149414
1026	1027	pt	nya	challenge_SSA-MTE	hyp1	News	NaN	-3.633826971054077
1027	1028	pt	nya	challenge_SSA-MTE	hyp1	News	NaN	-2.394448757171631
1028	1029	pt	nya	challenge_SSA-MTE	hyp1	News	NaN	-4.11268949508667
1029	1030	pt	nya	challenge_SSA-MTE	hyp1	News	NaN	-31.356258392333984
1030	1031	pt	nya	challenge_SSA-MTE	hyp1	News	NaN	-10.40001106262207
1031	1032	pt	nya	challenge_SSA-MTE	hyp1	News	NaN	-4.748363018035889
1032	1033	pt	nya	challenge_SSA-MTE	hyp1	News	NaN	-6.006198883056641
1033	1034	pt	nya	challenge_SSA-MTE	hyp1	News	NaN	-32.428279876708984
1034	1035	pt	nya	challenge_SSA-MTE	hyp1	News	NaN	-14.775749206542969
1035	1036	pt	nya	challenge_SSA-MTE	hyp1	News	NaN	-6.388718605041504
1036	1037	pt	nya	challenge_SSA-MTE	hyp1	News	NaN	-2.588111162185669
1037	1038	pt	nya	challenge_SSA-MTE	hyp1	News	NaN	-29.671581268310547
1038	1039	pt	nya	challenge_SSA-MTE	hyp1	News	NaN	-3.3150296211242676
1039	1040	pt	nya	challenge_SSA-MTE	hyp1	News	NaN	-3.8084747791290283
1040	1041	pt	nya	challenge_SSA-MTE	hyp1	News	NaN	-5.242129802703857
1041	1042	pt	nya	challenge_SSA-MTE	hyp1	News	NaN	-28.697799682617188
1042	1043	pt	nya	challenge_SSA-MTE	hyp1	News	NaN	-13.315919876098633
1043	1044	pt	nya	challenge_SSA-MTE	hyp1	News	NaN	-5.500259876251221
1044	1045	pt	nya	challenge_SSA-MTE	hyp1	News	NaN	-8.327951431274414
1045	1046	pt	nya	challenge_SSA-MTE	hyp1	News	NaN	-30.616146087646484
1046	1047	pt	nya	challenge_SSA-MTE	hyp1	News	NaN	-4.5021514892578125
1047	1048	pt	nya	challenge_SSA-MTE	hyp1	News	NaN	-4.383049964904785
1048	1049	pt	nya	challenge_SSA-MTE	hyp1	News	NaN	-7.789272785186768
1049	1050	pt	nya	challenge_SSA-MTE	hyp1	News	NaN	-33.13810729980469
1050	1051	pt	nya	challenge_SSA-MTE	hyp1	News	NaN	-8.294988632202148
1051	1052	pt	nya	challenge_SSA-MTE	hyp1	News	NaN	-6.769781589508057
1052	1053	pt	nya	challenge_SSA-MTE	hyp1	News	NaN	-1.8553366661071777
1053	1054	pt	nya	challenge_SSA-MTE	hyp1	News	NaN	-25.985740661621094
1054	1055	pt	nya	challenge_SSA-MTE	hyp1	News	NaN	-5.60734748840332
1055	1056	pt	nya	challenge_SSA-MTE	hyp1	News	NaN	-6.642814636230469
1056	1057	pt	nya	challenge_SSA-MTE	hyp1	News	NaN	-3.437551975250244
1057	1058	pt	nya	challenge_SSA-MTE	hyp1	News	NaN	-28.583621978759766
1058	1059	pt	nya	challenge_SSA-MTE	hyp1	News	NaN	-2.5118820667266846
1059	1060	pt	nya	challenge_SSA-MTE	hyp1	News	NaN	-2.253978729248047
1060	1061	pt	nya	challenge_SSA-MTE	hyp1	News	NaN	-3.482184886932373
1061	1062	pt	nya	challenge_SSA-MTE	hyp1	News	NaN	-33.02366638183594
1062	1063	pt	nya	challenge_SSA-MTE	hyp1	News	NaN	-4.36387300491333
1063	1064	pt	nya	challenge_SSA-MTE	hyp1	News	NaN	-2.4195947647094727
1064	1065	pt	nya	challenge_SSA-MTE	hyp1	News	NaN	-4.569821357727051
1065	1066	pt	nya	challenge_SSA-MTE	hyp1	News	NaN	-28.517133712768555
1066	1067	pt	nya	challenge_SSA-MTE	hyp1	News	NaN	-2.9418258666992188
1067	1068	pt	nya	challenge_SSA-MTE	hyp1	News	NaN	-3.8515846729278564
1068	1069	pt	nya	challenge_SSA-MTE	hyp1	News	NaN	-4.823379993438721
1069	1070	pt	nya	challenge_SSA-MTE	hyp1	News	NaN	-28.76660919189453
1070	1071	pt	nya	challenge_SSA-MTE	hyp1	News	NaN	-3.6750707626342773
1071	1072	pt	nya	challenge_SSA-MTE	hyp1	News	NaN	-2.858224868774414
1072	1073	pt	nya	challenge_SSA-MTE	hyp1	News	NaN	-3.074233293533325
1073	1074	pt	nya	challenge_SSA-MTE	hyp1	News	NaN	-34.209754943847656
1074	1075	pt	nya	challenge_SSA-MTE	hyp1	News	NaN	-3.0152082443237305
1075	1076	pt	nya	challenge_SSA-MTE	hyp1	News	NaN	-2.6404693126678467
1076	1077	pt	nya	challenge_SSA-MTE	hyp1	News	NaN	-2.516268014907837
1077	1078	pt	nya	challenge_SSA-MTE	hyp1	News	NaN	-33.41633605957031
1078	1079	pt	nya	challenge_SSA-MTE	hyp1	News	NaN	-5.473668098449707
1079	1080	pt	nya	challenge_SSA-MTE	hyp1	News	NaN	-15.387907028198242
1080	1081	pt	nya	challenge_SSA-MTE	hyp1	News	NaN	-6.7568359375
1081	1082	pt	nya	challenge_SSA-MTE	hyp1	News	NaN	-30.911609649658203
1082	1083	pt	nya	challenge_SSA-MTE	hyp1	News	NaN	-4.491630554199219
1083	1084	pt	nya	challenge_SSA-MTE	hyp1	News	NaN	-7.277046203613281
1084	1085	pt	nya	challenge_SSA-MTE	hyp1	News	NaN	-5.551650524139404
1085	1086	pt	nya	challenge_SSA-MTE	hyp1	News	NaN	-29.083797454833984
1086	1087	pt	nya	challenge_SSA-MTE	hyp1	News	NaN	-6.822842597961426
1087	1088	pt	nya	challenge_SSA-MTE	hyp1	News	NaN	-15.310829162597656
1088	1089	pt	nya	challenge_SSA-MTE	hyp1	News	NaN	-12.883913040161133
1089	1090	pt	nya	challenge_SSA-MTE	hyp1	News	NaN	-29.586654663085938
1090	1091	pt	nya	challenge_SSA-MTE	hyp1	News	NaN	-1.871282696723938
1091	1092	pt	nya	challenge_SSA-MTE	hyp1	News	NaN	-1.2064154148101807
1092	1093	pt	nya	challenge_SSA-MTE	hyp1	News	NaN	-2.2207391262054443
1093	1094	pt	nya	challenge_SSA-MTE	hyp1	News	NaN	-31.03043556213379
1094	1095	pt	nya	challenge_SSA-MTE	hyp1	News	NaN	-3.367598056793213
1095	1096	pt	nya	challenge_SSA-MTE	hyp1	News	NaN	-4.996166229248047
1096	1097	pt	nya	challenge_SSA-MTE	hyp1	News	NaN	-4.954700469970703
1097	1098	pt	nya	challenge_SSA-MTE	hyp1	News	NaN	-30.201217651367188
1098	1099	pt	nya	challenge_SSA-MTE	hyp1	News	NaN	-4.403938293457031
1099	1100	pt	nya	challenge_SSA-MTE	hyp1	News	NaN	-2.7463345527648926
1100	1101	pt	nya	challenge_SSA-MTE	hyp1	News	NaN	-2.546509265899658
1101	1102	pt	nya	challenge_SSA-MTE	hyp1	News	NaN	-28.455293655395508
1102	1103	pt	nya	challenge_SSA-MTE	hyp1	News	NaN	-8.774957656860352
1103	1104	pt	nya	challenge_SSA-MTE	hyp1	News	NaN	-4.0627617835998535
1104	1105	pt	nya	challenge_SSA-MTE	hyp1	News	NaN	-10.187263488769531
1105	1106	pt	nya	challenge_SSA-MTE	hyp1	News	NaN	-36.136863708496094
1106	1107	pt	nya	challenge_SSA-MTE	hyp1	News	NaN	-3.7623660564422607
1107	1108	pt	nya	challenge_SSA-MTE	hyp1	News	NaN	-3.67602801322937
1108	1109	pt	nya	challenge_SSA-MTE	hyp1	News	NaN	-4.644925117492676
1109	1110	pt	nya	challenge_SSA-MTE	hyp1	News	NaN	-32.88081359863281
1110	1111	pt	nya	challenge_SSA-MTE	hyp1	News	NaN	-7.629034042358398
1111	1112	pt	nya	challenge_SSA-MTE	hyp1	News	NaN	-4.027214050292969
1112	1113	pt	nya	challenge_SSA-MTE	hyp1	News	NaN	-8.246257781982422
1113	1114	pt	nya	challenge_SSA-MTE	hyp1	News	NaN	-33.99681854248047
1114	1115	pt	nya	challenge_SSA-MTE	hyp1	News	NaN	-7.405882358551025
1115	1116	pt	nya	challenge_SSA-MTE	hyp1	News	NaN	-4.276225566864014
1116	1117	pt	nya	challenge_SSA-MTE	hyp1	News	NaN	-2.67521595954895
1117	1118	pt	nya	challenge_SSA-MTE	hyp1	News	NaN	-25.210119247436523
1118	1119	pt	nya	challenge_SSA-MTE	hyp1	News	NaN	-5.918055534362793
1119	1120	pt	nya	challenge_SSA-MTE	hyp1	News	NaN	-4.91162109375
1120	1121	pt	nya	challenge_SSA-MTE	hyp1	News	NaN	-2.749800205230713
1121	1122	pt	nya	challenge_SSA-MTE	hyp1	News	NaN	-26.445079803466797
1122	1123	pt	nya	challenge_SSA-MTE	hyp1	News	NaN	-1.7635191679000854
1123	1124	pt	nya	challenge_SSA-MTE	hyp1	News	NaN	-2.5188791751861572
1124	1125	pt	nya	challenge_SSA-MTE	hyp1	News	NaN	-3.0875537395477295
1125	1126	pt	nya	challenge_SSA-MTE	hyp1	News	NaN	-29.63335418701172
1126	1127	pt	nya	challenge_SSA-MTE	hyp1	News	NaN	-7.676177501678467
1127	1128	pt	nya	challenge_SSA-MTE	hyp1	News	NaN	-6.362974166870117
1128	1129	pt	nya	challenge_SSA-MTE	hyp1	News	NaN	-8.599799156188965
1129	1130	pt	nya	challenge_SSA-MTE	hyp1	News	NaN	-29.531021118164062
1130	1131	pt	nya	challenge_SSA-MTE	hyp1	News	NaN	-3.6064257621765137
1131	1132	pt	nya	challenge_SSA-MTE	hyp1	News	NaN	-2.7550418376922607
1132	1133	pt	nya	challenge_SSA-MTE	hyp1	News	NaN	-3.097201108932495
1133	1134	pt	nya	challenge_SSA-MTE	hyp1	News	NaN	-30.44209098815918
1134	1135	pt	nya	challenge_SSA-MTE	hyp1	News	NaN	-3.268803596496582
1135	1136	pt	nya	challenge_SSA-MTE	hyp1	News	NaN	-1.606529951095581
1136	1137	pt	nya	challenge_SSA-MTE	hyp1	News	NaN	-2.494924783706665
1137	1138	pt	nya	challenge_SSA-MTE	hyp1	News	NaN	-28.501502990722656
1138	1139	pt	nya	challenge_SSA-MTE	hyp1	News	NaN	-3.9239518642425537
1139	1140	pt	nya	challenge_SSA-MTE	hyp1	News	NaN	-3.582735061645508
1140	1141	pt	nya	challenge_SSA-MTE	hyp1	News	NaN	-4.578610897064209
1141	1142	pt	nya	challenge_SSA-MTE	hyp1	News	NaN	-32.02550506591797
1142	1143	pt	nya	challenge_SSA-MTE	hyp1	News	NaN	-7.7406086921691895
1143	1144	pt	nya	challenge_SSA-MTE	hyp1	News	NaN	-4.181448459625244
1144	1145	pt	nya	challenge_SSA-MTE	hyp1	News	NaN	-8.940872192382812
1145	1146	pt	nya	challenge_SSA-MTE	hyp1	News	NaN	-31.301050186157227
1146	1147	pt	nya	challenge_SSA-MTE	hyp1	News	NaN	-6.4322991371154785
1147	1148	pt	nya	challenge_SSA-MTE	hyp1	News	NaN	-4.1573166847229
1148	1149	pt	nya	challenge_SSA-MTE	hyp1	News	NaN	-3.6400232315063477
1149	1150	pt	nya	challenge_SSA-MTE	hyp1	News	NaN	-28.54068374633789
1150	1151	pt	nya	challenge_SSA-MTE	hyp1	News	NaN	-1.9848390817642212
1151	1152	pt	nya	challenge_SSA-MTE	hyp1	News	NaN	-1.1557645797729492
1152	1153	pt	nya	challenge_SSA-MTE	hyp1	News	NaN	-0.9308022856712341
1153	1154	pt	nya	challenge_SSA-MTE	hyp1	News	NaN	-29.57823371887207
1154	1155	pt	nya	challenge_SSA-MTE	hyp1	News	NaN	-2.238471031188965
1155	1156	pt	nya	challenge_SSA-MTE	hyp1	News	NaN	-3.020047426223755
1156	1157	pt	nya	challenge_SSA-MTE	hyp1	News	NaN	-2.5857436656951904
1157	1158	pt	nya	challenge_SSA-MTE	hyp1	News	NaN	-31.442930221557617
1158	1159	pt	nya	challenge_SSA-MTE	hyp1	News	NaN	-5.341711521148682
1159	1160	pt	nya	challenge_SSA-MTE	hyp1	News	NaN	-3.959808826446533
1160	1161	pt	nya	challenge_SSA-MTE	hyp1	News	NaN	-3.3063321113586426
1161	1162	pt	nya	challenge_SSA-MTE	hyp1	News	NaN	-33.6130256652832
1162	1163	pt	nya	challenge_SSA-MTE	hyp1	News	NaN	-9.917583465576172
1163	1164	pt	nya	challenge_SSA-MTE	hyp1	News	NaN	-4.9650797843933105
1164	1165	pt	nya	challenge_SSA-MTE	hyp1	News	NaN	-10.499486923217773
1165	1166	pt	nya	challenge_SSA-MTE	hyp1	News	NaN	-33.338775634765625
1166	1167	pt	nya	challenge_SSA-MTE	hyp1	News	NaN	-4.935428619384766
1167	1168	pt	nya	challenge_SSA-MTE	hyp1	News	NaN	-3.864816188812256
1168	1169	pt	nya	challenge_SSA-MTE	hyp1	News	NaN	-10.439037322998047
1169	1170	pt	nya	challenge_SSA-MTE	hyp1	News	NaN	-35.318660736083984
1170	1171	pt	nya	challenge_SSA-MTE	hyp1	News	NaN	-1.6856218576431274
1171	1172	pt	nya	challenge_SSA-MTE	hyp1	News	NaN	-1.574721097946167
1172	1173	pt	nya	challenge_SSA-MTE	hyp1	News	NaN	-3.063563823699951
1173	1174	pt	nya	challenge_SSA-MTE	hyp1	News	NaN	-31.546585083007812
1174	1175	pt	nya	challenge_SSA-MTE	hyp1	News	NaN	-3.55147123336792
1175	1176	pt	nya	challenge_SSA-MTE	hyp1	News	NaN	-3.761296510696411
1176	1177	pt	nya	challenge_SSA-MTE	hyp1	News	NaN	-4.906132221221924
1177	1178	pt	nya	challenge_SSA-MTE	hyp1	News	NaN	-33.26564025878906
1178	1179	pt	nya	challenge_SSA-MTE	hyp1	News	NaN	-1.8073184490203857
1179	1180	pt	nya	challenge_SSA-MTE	hyp1	News	NaN	-3.153238296508789
1180	1181	pt	nya	challenge_SSA-MTE	hyp1	News	NaN	-6.236763954162598
1181	1182	pt	nya	challenge_SSA-MTE	hyp1	News	NaN	-28.191852569580078
1182	1183	pt	nya	challenge_SSA-MTE	hyp1	News	NaN	-4.005189895629883
1183	1184	pt	nya	challenge_SSA-MTE	hyp1	News	NaN	-1.9369897842407227
1184	1185	pt	nya	challenge_SSA-MTE	hyp1	News	NaN	-5.519647598266602
1185	1186	pt	nya	challenge_SSA-MTE	hyp1	News	NaN	-31.37331771850586
1186	1187	pt	nya	challenge_SSA-MTE	hyp1	News	NaN	-2.718099594116211
1187	1188	pt	nya	challenge_SSA-MTE	hyp1	News	NaN	-2.932630777359009
1188	1189	pt	nya	challenge_SSA-MTE	hyp1	News	NaN	-3.033846378326416
1189	1190	pt	nya	challenge_SSA-MTE	hyp1	News	NaN	-28.05768585205078
1190	1191	pt	nya	challenge_SSA-MTE	hyp1	News	NaN	-3.0685648918151855
1191	1192	pt	nya	challenge_SSA-MTE	hyp1	News	NaN	-1.938494324684143
1192	1193	pt	nya	challenge_SSA-MTE	hyp1	News	NaN	-2.646836042404175
1193	1194	pt	nya	challenge_SSA-MTE	hyp1	News	NaN	-31.455602645874023
1194	1195	pt	nya	challenge_SSA-MTE	hyp1	News	NaN	-3.1622989177703857
1195	1196	pt	nya	challenge_SSA-MTE	hyp1	News	NaN	-3.5827064514160156
1196	1197	pt	nya	challenge_SSA-MTE	hyp1	News	NaN	-2.2365622520446777
1197	1198	pt	nya	challenge_SSA-MTE	hyp1	News	NaN	-27.97199249267578
1198	1199	pt	nya	challenge_SSA-MTE	hyp1	News	NaN	-2.718639373779297
1199	1200	pt	nya	challenge_SSA-MTE	hyp1	News	NaN	-3.143965721130371
1200	1201	pt	nya	challenge_SSA-MTE	hyp1	News	NaN	-2.7287850379943848
1201	1202	pt	nya	challenge_SSA-MTE	hyp1	News	NaN	-32.28128433227539
1202	1203	pt	nya	challenge_SSA-MTE	hyp1	News	NaN	-6.536752223968506
1203	1204	pt	nya	challenge_SSA-MTE	hyp1	News	NaN	-4.491160869598389
1204	1205	pt	nya	challenge_SSA-MTE	hyp1	News	NaN	-4.757805824279785
1205	1206	pt	nya	challenge_SSA-MTE	hyp1	News	NaN	-32.36491394042969
1206	1207	pt	nya	challenge_SSA-MTE	hyp1	News	NaN	-2.218904495239258
1207	1208	pt	nya	challenge_SSA-MTE	hyp1	News	NaN	-1.779205560684204
1208	1209	pt	nya	challenge_SSA-MTE	hyp1	News	NaN	-2.0633814334869385
1209	1210	pt	nya	challenge_SSA-MTE	hyp1	News	NaN	-25.825424194335938
1210	1211	pt	nya	challenge_SSA-MTE	hyp1	News	NaN	-2.4911961555480957
1211	1212	pt	nya	challenge_SSA-MTE	hyp1	News	NaN	-1.7834187746047974
1212	1213	pt	nya	challenge_SSA-MTE	hyp1	News	NaN	-2.4323196411132812
1213	1214	pt	nya	challenge_SSA-MTE	hyp1	News	NaN	-28.922775268554688
1214	1215	pt	nya	challenge_SSA-MTE	hyp1	News	NaN	-3.8511433601379395
1215	1216	pt	nya	challenge_SSA-MTE	hyp1	News	NaN	-4.629914283752441
1216	1217	pt	nya	challenge_SSA-MTE	hyp1	News	NaN	-4.222311973571777
1217	1218	pt	nya	challenge_SSA-MTE	hyp1	News	NaN	-29.904199600219727
1218	1219	pt	nya	challenge_SSA-MTE	hyp1	News	NaN	-4.069270610809326
1219	1220	pt	nya	challenge_SSA-MTE	hyp1	News	NaN	-6.77993106842041
1220	1221	pt	nya	challenge_SSA-MTE	hyp1	News	NaN	-5.608748435974121
1221	1222	pt	nya	challenge_SSA-MTE	hyp1	News	NaN	-30.247453689575195
1222	1223	pt	nya	challenge_SSA-MTE	hyp1	News	NaN	-2.0103588104248047
1223	1224	pt	nya	challenge_SSA-MTE	hyp1	News	NaN	-2.116145133972168
1224	1225	pt	nya	challenge_SSA-MTE	hyp1	News	NaN	-2.661278486251831
1225	1226	pt	nya	challenge_SSA-MTE	hyp1	News	NaN	-31.94101905822754
1226	1227	pt	nya	challenge_SSA-MTE	hyp1	News	NaN	-2.779045343399048
1227	1228	pt	nya	challenge_SSA-MTE	hyp1	News	NaN	-1.393829107284546
1228	1229	pt	nya	challenge_SSA-MTE	hyp1	News	NaN	-7.0862932205200195
1229	1230	pt	nya	challenge_SSA-MTE	hyp1	News	NaN	-27.292186737060547
1230	1231	pt	nya	challenge_SSA-MTE	hyp1	News	NaN	-6.246066093444824
1231	1232	pt	nya	challenge_SSA-MTE	hyp1	News	NaN	-2.139951229095459
1232	1233	pt	nya	challenge_SSA-MTE	hyp1	News	NaN	-4.59528923034668
1233	1234	pt	nya	challenge_SSA-MTE	hyp1	News	NaN	-30.26812744140625
1234	1235	pt	nya	challenge_SSA-MTE	hyp1	News	NaN	-8.926519393920898
1235	1236	pt	nya	challenge_SSA-MTE	hyp1	News	NaN	-2.902233600616455
1236	1237	pt	nya	challenge_SSA-MTE	hyp1	News	NaN	-10.618471145629883
1237	1238	pt	nya	challenge_SSA-MTE	hyp1	News	NaN	-31.18075942993164
1238	1239	pt	nya	challenge_SSA-MTE	hyp1	News	NaN	-5.0743913650512695
1239	1240	pt	nya	challenge_SSA-MTE	hyp1	News	NaN	-3.62906551361084
1240	1241	pt	nya	challenge_SSA-MTE	hyp1	News	NaN	-3.229705810546875
1241	1242	pt	nya	challenge_SSA-MTE	hyp1	News	NaN	-29.81916046142578
0	1	pt	vmw	challenge_SSA-MTE	hyp1	News	NaN	-19.40827751159668
1	2	pt	vmw	challenge_SSA-MTE	hyp1	News	NaN	-23.895397186279297
2	3	pt	vmw	challenge_SSA-MTE	hyp1	News	NaN	-25.411266326904297
3	4	pt	vmw	challenge_SSA-MTE	hyp1	News	NaN	-26.784465789794922
4	5	pt	vmw	challenge_SSA-MTE	hyp1	News	NaN	-18.984695434570312
5	6	pt	vmw	challenge_SSA-MTE	hyp1	News	NaN	-19.718557357788086
6	7	pt	vmw	challenge_SSA-MTE	hyp1	News	NaN	-24.700695037841797
7	8	pt	vmw	challenge_SSA-MTE	hyp1	News	NaN	-13.5057954788208
8	9	pt	vmw	challenge_SSA-MTE	hyp1	News	NaN	-10.923120498657227
9	10	pt	vmw	challenge_SSA-MTE	hyp1	News	NaN	-10.243523597717285
10	11	pt	vmw	challenge_SSA-MTE	hyp1	News	NaN	-23.622058868408203
11	12	pt	vmw	challenge_SSA-MTE	hyp1	News	NaN	-20.76112174987793
12	13	pt	vmw	challenge_SSA-MTE	hyp1	News	NaN	-21.91434097290039
13	14	pt	vmw	challenge_SSA-MTE	hyp1	News	NaN	-26.72957992553711
14	15	pt	vmw	challenge_SSA-MTE	hyp1	News	NaN	-29.396350860595703
15	16	pt	vmw	challenge_SSA-MTE	hyp1	News	NaN	-28.236251831054688
16	17	pt	vmw	challenge_SSA-MTE	hyp1	News	NaN	-30.299402236938477
17	18	pt	vmw	challenge_SSA-MTE	hyp1	News	NaN	-21.772113800048828
18	19	pt	vmw	challenge_SSA-MTE	hyp1	News	NaN	-23.35618782043457
19	20	pt	vmw	challenge_SSA-MTE	hyp1	News	NaN	-26.628822326660156
20	21	pt	vmw	challenge_SSA-MTE	hyp1	News	NaN	-24.06609535217285
21	22	pt	vmw	challenge_SSA-MTE	hyp1	News	NaN	-27.26371955871582
22	23	pt	vmw	challenge_SSA-MTE	hyp1	News	NaN	-28.565021514892578
23	24	pt	vmw	challenge_SSA-MTE	hyp1	News	NaN	-22.867504119873047
24	25	pt	vmw	challenge_SSA-MTE	hyp1	News	NaN	-14.286605834960938
25	26	pt	vmw	challenge_SSA-MTE	hyp1	News	NaN	-17.789011001586914
26	27	pt	vmw	challenge_SSA-MTE	hyp1	News	NaN	-19.466001510620117
27	28	pt	vmw	challenge_SSA-MTE	hyp1	News	NaN	-22.697683334350586
28	29	pt	vmw	challenge_SSA-MTE	hyp1	News	NaN	-19.308521270751953
29	30	pt	vmw	challenge_SSA-MTE	hyp1	News	NaN	-18.67247772216797
30	31	pt	vmw	challenge_SSA-MTE	hyp1	News	NaN	-19.345623016357422
31	32	pt	vmw	challenge_SSA-MTE	hyp1	News	NaN	-19.49419593811035
32	33	pt	vmw	challenge_SSA-MTE	hyp1	News	NaN	-16.14065933227539
33	34	pt	vmw	challenge_SSA-MTE	hyp1	News	NaN	-17.215862274169922
34	35	pt	vmw	challenge_SSA-MTE	hyp1	News	NaN	-14.890414237976074
35	36	pt	vmw	challenge_SSA-MTE	hyp1	News	NaN	-30.53496742248535
36	37	pt	vmw	challenge_SSA-MTE	hyp1	News	NaN	-27.652618408203125
37	38	pt	vmw	challenge_SSA-MTE	hyp1	News	NaN	-22.814451217651367
38	39	pt	vmw	challenge_SSA-MTE	hyp1	News	NaN	-22.448091506958008
39	40	pt	vmw	challenge_SSA-MTE	hyp1	News	NaN	-25.05005645751953
40	41	pt	vmw	challenge_SSA-MTE	hyp1	News	NaN	-24.716629028320312
41	42	pt	vmw	challenge_SSA-MTE	hyp1	News	NaN	-24.354537963867188
42	43	pt	vmw	challenge_SSA-MTE	hyp1	News	NaN	-32.935791015625
43	44	pt	vmw	challenge_SSA-MTE	hyp1	News	NaN	-35.60894012451172
44	45	pt	vmw	challenge_SSA-MTE	hyp1	News	NaN	-30.362749099731445
45	46	pt	vmw	challenge_SSA-MTE	hyp1	News	NaN	-35.566680908203125
46	47	pt	vmw	challenge_SSA-MTE	hyp1	News	NaN	-26.659833908081055
47	48	pt	vmw	challenge_SSA-MTE	hyp1	News	NaN	-19.326276779174805
48	49	pt	vmw	challenge_SSA-MTE	hyp1	News	NaN	-11.810749053955078
49	50	pt	vmw	challenge_SSA-MTE	hyp1	News	NaN	-24.848100662231445
50	51	pt	vmw	challenge_SSA-MTE	hyp1	News	NaN	-32.66463851928711
51	52	pt	vmw	challenge_SSA-MTE	hyp1	News	NaN	-33.769309997558594
52	53	pt	vmw	challenge_SSA-MTE	hyp1	News	NaN	-35.220924377441406
53	54	pt	vmw	challenge_SSA-MTE	hyp1	News	NaN	-20.587806701660156
54	55	pt	vmw	challenge_SSA-MTE	hyp1	News	NaN	-23.45701026916504
55	56	pt	vmw	challenge_SSA-MTE	hyp1	News	NaN	-31.76823616027832
56	57	pt	vmw	challenge_SSA-MTE	hyp1	News	NaN	-27.606111526489258
57	58	pt	vmw	challenge_SSA-MTE	hyp1	News	NaN	-28.283756256103516
58	59	pt	vmw	challenge_SSA-MTE	hyp1	News	NaN	-21.111576080322266
59	60	pt	vmw	challenge_SSA-MTE	hyp1	News	NaN	-28.73816680908203
60	61	pt	vmw	challenge_SSA-MTE	hyp1	News	NaN	-19.759933471679688
61	62	pt	vmw	challenge_SSA-MTE	hyp1	News	NaN	-26.879497528076172
62	63	pt	vmw	challenge_SSA-MTE	hyp1	News	NaN	-20.315509796142578
63	64	pt	vmw	challenge_SSA-MTE	hyp1	News	NaN	-18.957321166992188
64	65	pt	vmw	challenge_SSA-MTE	hyp1	News	NaN	-24.69748306274414
65	66	pt	vmw	challenge_SSA-MTE	hyp1	News	NaN	-22.1209659576416
66	67	pt	vmw	challenge_SSA-MTE	hyp1	News	NaN	-19.07508659362793
67	68	pt	vmw	challenge_SSA-MTE	hyp1	News	NaN	-19.765979766845703
68	69	pt	vmw	challenge_SSA-MTE	hyp1	News	NaN	-22.79845428466797
69	70	pt	vmw	challenge_SSA-MTE	hyp1	News	NaN	-25.38931655883789
70	71	pt	vmw	challenge_SSA-MTE	hyp1	News	NaN	-25.747596740722656
71	72	pt	vmw	challenge_SSA-MTE	hyp1	News	NaN	-27.80491828918457
72	73	pt	vmw	challenge_SSA-MTE	hyp1	News	NaN	-28.70769500732422
73	74	pt	vmw	challenge_SSA-MTE	hyp1	News	NaN	-27.919755935668945
74	75	pt	vmw	challenge_SSA-MTE	hyp1	News	NaN	-15.604421615600586
75	76	pt	vmw	challenge_SSA-MTE	hyp1	News	NaN	-19.06413459777832
76	77	pt	vmw	challenge_SSA-MTE	hyp1	News	NaN	-15.822750091552734
77	78	pt	vmw	challenge_SSA-MTE	hyp1	News	NaN	-16.221500396728516
78	79	pt	vmw	challenge_SSA-MTE	hyp1	News	NaN	-22.600048065185547
79	80	pt	vmw	challenge_SSA-MTE	hyp1	News	NaN	-15.751861572265625
80	81	pt	vmw	challenge_SSA-MTE	hyp1	News	NaN	-27.022579193115234
81	82	pt	vmw	challenge_SSA-MTE	hyp1	News	NaN	-18.96722412109375
82	83	pt	vmw	challenge_SSA-MTE	hyp1	News	NaN	-20.192310333251953
83	84	pt	vmw	challenge_SSA-MTE	hyp1	News	NaN	-22.999296188354492
84	85	pt	vmw	challenge_SSA-MTE	hyp1	News	NaN	-22.96921157836914
85	86	pt	vmw	challenge_SSA-MTE	hyp1	News	NaN	-21.11176300048828
86	87	pt	vmw	challenge_SSA-MTE	hyp1	News	NaN	-24.839786529541016
87	88	pt	vmw	challenge_SSA-MTE	hyp1	News	NaN	-26.461397171020508
88	89	pt	vmw	challenge_SSA-MTE	hyp1	News	NaN	-24.75390625
89	90	pt	vmw	challenge_SSA-MTE	hyp1	News	NaN	-25.293371200561523
90	91	pt	vmw	challenge_SSA-MTE	hyp1	News	NaN	-21.75290298461914
91	92	pt	vmw	challenge_SSA-MTE	hyp1	News	NaN	-27.793399810791016
92	93	pt	vmw	challenge_SSA-MTE	hyp1	News	NaN	-20.271574020385742
93	94	pt	vmw	challenge_SSA-MTE	hyp1	News	NaN	-20.068077087402344
94	95	pt	vmw	challenge_SSA-MTE	hyp1	News	NaN	-18.158039093017578
95	96	pt	vmw	challenge_SSA-MTE	hyp1	News	NaN	-21.967573165893555
96	97	pt	vmw	challenge_SSA-MTE	hyp1	News	NaN	-19.781408309936523
97	98	pt	vmw	challenge_SSA-MTE	hyp1	News	NaN	-20.13186264038086
98	99	pt	vmw	challenge_SSA-MTE	hyp1	News	NaN	-15.704442977905273
99	100	pt	vmw	challenge_SSA-MTE	hyp1	News	NaN	-32.52068328857422
100	101	pt	vmw	challenge_SSA-MTE	hyp1	News	NaN	-28.045028686523438
101	102	pt	vmw	challenge_SSA-MTE	hyp1	News	NaN	-24.240571975708008
102	103	pt	vmw	challenge_SSA-MTE	hyp1	News	NaN	-34.64679718017578
103	104	pt	vmw	challenge_SSA-MTE	hyp1	News	NaN	-28.037857055664062
104	105	pt	vmw	challenge_SSA-MTE	hyp1	News	NaN	-27.52025032043457
105	106	pt	vmw	challenge_SSA-MTE	hyp1	News	NaN	-31.702407836914062
106	107	pt	vmw	challenge_SSA-MTE	hyp1	News	NaN	-31.52267837524414
107	108	pt	vmw	challenge_SSA-MTE	hyp1	News	NaN	-33.93256378173828
108	109	pt	vmw	challenge_SSA-MTE	hyp1	News	NaN	-35.85033416748047
109	110	pt	vmw	challenge_SSA-MTE	hyp1	News	NaN	-38.028682708740234
110	111	pt	vmw	challenge_SSA-MTE	hyp1	News	NaN	-20.287078857421875
111	112	pt	vmw	challenge_SSA-MTE	hyp1	News	NaN	-18.791181564331055
112	113	pt	vmw	challenge_SSA-MTE	hyp1	News	NaN	-17.66931915283203
113	114	pt	vmw	challenge_SSA-MTE	hyp1	News	NaN	-25.465267181396484
114	115	pt	vmw	challenge_SSA-MTE	hyp1	News	NaN	-23.639652252197266
115	116	pt	vmw	challenge_SSA-MTE	hyp1	News	NaN	-18.618804931640625
116	117	pt	vmw	challenge_SSA-MTE	hyp1	News	NaN	-20.438018798828125
117	118	pt	vmw	challenge_SSA-MTE	hyp1	News	NaN	-18.877155303955078
118	119	pt	vmw	challenge_SSA-MTE	hyp1	News	NaN	-25.09619903564453
119	120	pt	vmw	challenge_SSA-MTE	hyp1	News	NaN	-16.025074005126953
120	121	pt	vmw	challenge_SSA-MTE	hyp1	News	NaN	-18.833724975585938
121	122	pt	vmw	challenge_SSA-MTE	hyp1	News	NaN	-19.538650512695312
122	123	pt	vmw	challenge_SSA-MTE	hyp1	News	NaN	-21.75494384765625
123	124	pt	vmw	challenge_SSA-MTE	hyp1	News	NaN	-20.235435485839844
124	125	pt	vmw	challenge_SSA-MTE	hyp1	News	NaN	-23.148101806640625
125	126	pt	vmw	challenge_SSA-MTE	hyp1	News	NaN	-26.123231887817383
126	127	pt	vmw	challenge_SSA-MTE	hyp1	News	NaN	-23.91708755493164
127	128	pt	vmw	challenge_SSA-MTE	hyp1	News	NaN	-25.32383155822754
128	129	pt	vmw	challenge_SSA-MTE	hyp1	News	NaN	-28.75380516052246
129	130	pt	vmw	challenge_SSA-MTE	hyp1	News	NaN	-27.35797119140625
130	131	pt	vmw	challenge_SSA-MTE	hyp1	News	NaN	-29.445446014404297
131	132	pt	vmw	challenge_SSA-MTE	hyp1	News	NaN	-32.98955535888672
132	133	pt	vmw	challenge_SSA-MTE	hyp1	News	NaN	-25.314693450927734
133	134	pt	vmw	challenge_SSA-MTE	hyp1	News	NaN	-24.251636505126953
134	135	pt	vmw	challenge_SSA-MTE	hyp1	News	NaN	-28.414535522460938
135	136	pt	vmw	challenge_SSA-MTE	hyp1	News	NaN	-26.789623260498047
136	137	pt	vmw	challenge_SSA-MTE	hyp1	News	NaN	-21.394771575927734
137	138	pt	vmw	challenge_SSA-MTE	hyp1	News	NaN	-24.966644287109375
138	139	pt	vmw	challenge_SSA-MTE	hyp1	News	NaN	-27.30245590209961
139	140	pt	vmw	challenge_SSA-MTE	hyp1	News	NaN	-18.94232177734375
140	141	pt	vmw	challenge_SSA-MTE	hyp1	News	NaN	-16.374126434326172
141	142	pt	vmw	challenge_SSA-MTE	hyp1	News	NaN	-21.608226776123047
142	143	pt	vmw	challenge_SSA-MTE	hyp1	News	NaN	-20.24298858642578
143	144	pt	vmw	challenge_SSA-MTE	hyp1	News	NaN	-26.276939392089844
144	145	pt	vmw	challenge_SSA-MTE	hyp1	News	NaN	-20.806766510009766
145	146	pt	vmw	challenge_SSA-MTE	hyp1	News	NaN	-16.194826126098633
146	147	pt	vmw	challenge_SSA-MTE	hyp1	News	NaN	-18.90286636352539
147	148	pt	vmw	challenge_SSA-MTE	hyp1	News	NaN	-14.510107040405273
148	149	pt	vmw	challenge_SSA-MTE	hyp1	News	NaN	-21.512630462646484
149	150	pt	vmw	challenge_SSA-MTE	hyp1	News	NaN	-19.710952758789062
150	151	pt	vmw	challenge_SSA-MTE	hyp1	News	NaN	-19.35748291015625
151	152	pt	vmw	challenge_SSA-MTE	hyp1	News	NaN	-22.78506088256836
152	153	pt	vmw	challenge_SSA-MTE	hyp1	News	NaN	-26.69335174560547
153	154	pt	vmw	challenge_SSA-MTE	hyp1	News	NaN	-6.884206771850586
154	155	pt	vmw	challenge_SSA-MTE	hyp1	News	NaN	-12.43581771850586
155	156	pt	vmw	challenge_SSA-MTE	hyp1	News	NaN	-16.504940032958984
156	157	pt	vmw	challenge_SSA-MTE	hyp1	News	NaN	-25.233535766601562
157	158	pt	vmw	challenge_SSA-MTE	hyp1	News	NaN	-24.411039352416992
158	159	pt	vmw	challenge_SSA-MTE	hyp1	News	NaN	-9.34347152709961
159	160	pt	vmw	challenge_SSA-MTE	hyp1	News	NaN	-8.365583419799805
160	161	pt	vmw	challenge_SSA-MTE	hyp1	News	NaN	-8.62636661529541
161	162	pt	vmw	challenge_SSA-MTE	hyp1	News	NaN	-14.886672019958496
162	163	pt	vmw	challenge_SSA-MTE	hyp1	News	NaN	-27.07879638671875
163	164	pt	vmw	challenge_SSA-MTE	hyp1	News	NaN	-22.755294799804688
164	165	pt	vmw	challenge_SSA-MTE	hyp1	News	NaN	-24.031410217285156
165	166	pt	vmw	challenge_SSA-MTE	hyp1	News	NaN	-25.70142936706543
166	167	pt	vmw	challenge_SSA-MTE	hyp1	News	NaN	-26.550617218017578
167	168	pt	vmw	challenge_SSA-MTE	hyp1	News	NaN	-26.056751251220703
168	169	pt	vmw	challenge_SSA-MTE	hyp1	News	NaN	-22.397859573364258
169	170	pt	vmw	challenge_SSA-MTE	hyp1	News	NaN	-24.876462936401367
170	171	pt	vmw	challenge_SSA-MTE	hyp1	News	NaN	-22.92687225341797
171	172	pt	vmw	challenge_SSA-MTE	hyp1	News	NaN	-22.62710189819336
172	173	pt	vmw	challenge_SSA-MTE	hyp1	News	NaN	-24.17914390563965
173	174	pt	vmw	challenge_SSA-MTE	hyp1	News	NaN	-24.036792755126953
174	175	pt	vmw	challenge_SSA-MTE	hyp1	News	NaN	-21.895456314086914
175	176	pt	vmw	challenge_SSA-MTE	hyp1	News	NaN	-24.741363525390625
176	177	pt	vmw	challenge_SSA-MTE	hyp1	News	NaN	-19.433517456054688
177	178	pt	vmw	challenge_SSA-MTE	hyp1	News	NaN	-20.59648323059082
178	179	pt	vmw	challenge_SSA-MTE	hyp1	News	NaN	-18.29018783569336
179	180	pt	vmw	challenge_SSA-MTE	hyp1	News	NaN	-20.95075035095215
180	181	pt	vmw	challenge_SSA-MTE	hyp1	News	NaN	-22.176010131835938
181	182	pt	vmw	challenge_SSA-MTE	hyp1	News	NaN	-22.906360626220703
182	183	pt	vmw	challenge_SSA-MTE	hyp1	News	NaN	-15.473953247070312
183	184	pt	vmw	challenge_SSA-MTE	hyp1	News	NaN	-17.195880889892578
184	185	pt	vmw	challenge_SSA-MTE	hyp1	News	NaN	-15.605775833129883
185	186	pt	vmw	challenge_SSA-MTE	hyp1	News	NaN	-16.294578552246094
186	187	pt	vmw	challenge_SSA-MTE	hyp1	News	NaN	-19.675025939941406
187	188	pt	vmw	challenge_SSA-MTE	hyp1	News	NaN	-21.22834014892578
188	189	pt	vmw	challenge_SSA-MTE	hyp1	News	NaN	-22.314502716064453
189	190	pt	vmw	challenge_SSA-MTE	hyp1	News	NaN	-16.70100975036621
190	191	pt	vmw	challenge_SSA-MTE	hyp1	News	NaN	-21.705703735351562
191	192	pt	vmw	challenge_SSA-MTE	hyp1	News	NaN	-25.4639949798584
192	193	pt	vmw	challenge_SSA-MTE	hyp1	News	NaN	-27.75623321533203
193	194	pt	vmw	challenge_SSA-MTE	hyp1	News	NaN	-29.86294937133789
194	195	pt	vmw	challenge_SSA-MTE	hyp1	News	NaN	-30.757705688476562
195	196	pt	vmw	challenge_SSA-MTE	hyp1	News	NaN	-27.022750854492188
196	197	pt	vmw	challenge_SSA-MTE	hyp1	News	NaN	-26.840660095214844
197	198	pt	vmw	challenge_SSA-MTE	hyp1	News	NaN	-23.97348403930664
198	199	pt	vmw	challenge_SSA-MTE	hyp1	News	NaN	-27.48776626586914
199	200	pt	vmw	challenge_SSA-MTE	hyp1	News	NaN	-32.58851623535156
200	201	pt	vmw	challenge_SSA-MTE	hyp1	News	NaN	-34.96404266357422
201	202	pt	vmw	challenge_SSA-MTE	hyp1	News	NaN	-32.89203643798828
202	203	pt	vmw	challenge_SSA-MTE	hyp1	News	NaN	-37.19044494628906
203	204	pt	vmw	challenge_SSA-MTE	hyp1	News	NaN	-17.937583923339844
204	205	pt	vmw	challenge_SSA-MTE	hyp1	News	NaN	-13.29484748840332
205	206	pt	vmw	challenge_SSA-MTE	hyp1	News	NaN	-17.850177764892578
206	207	pt	vmw	challenge_SSA-MTE	hyp1	News	NaN	-24.243682861328125
207	208	pt	vmw	challenge_SSA-MTE	hyp1	News	NaN	-25.177562713623047
208	209	pt	vmw	challenge_SSA-MTE	hyp1	News	NaN	-27.28110122680664
209	210	pt	vmw	challenge_SSA-MTE	hyp1	News	NaN	-12.496417999267578
210	211	pt	vmw	challenge_SSA-MTE	hyp1	News	NaN	-16.19403076171875
211	212	pt	vmw	challenge_SSA-MTE	hyp1	News	NaN	-14.847925186157227
212	213	pt	vmw	challenge_SSA-MTE	hyp1	News	NaN	-16.59830665588379
213	214	pt	vmw	challenge_SSA-MTE	hyp1	News	NaN	-30.997238159179688
214	215	pt	vmw	challenge_SSA-MTE	hyp1	News	NaN	-29.230403900146484
215	216	pt	vmw	challenge_SSA-MTE	hyp1	News	NaN	-30.74773406982422
216	217	pt	vmw	challenge_SSA-MTE	hyp1	News	NaN	-33.807010650634766
217	218	pt	vmw	challenge_SSA-MTE	hyp1	News	NaN	-16.717147827148438
218	219	pt	vmw	challenge_SSA-MTE	hyp1	News	NaN	-17.175159454345703
219	220	pt	vmw	challenge_SSA-MTE	hyp1	News	NaN	-21.78679656982422
220	221	pt	vmw	challenge_SSA-MTE	hyp1	News	NaN	-15.444547653198242
221	222	pt	vmw	challenge_SSA-MTE	hyp1	News	NaN	-15.254940032958984
222	223	pt	vmw	challenge_SSA-MTE	hyp1	News	NaN	-22.54998207092285
223	224	pt	vmw	challenge_SSA-MTE	hyp1	News	NaN	-27.646223068237305
224	225	pt	vmw	challenge_SSA-MTE	hyp1	News	NaN	-30.053709030151367
225	226	pt	vmw	challenge_SSA-MTE	hyp1	News	NaN	-21.367084503173828
226	227	pt	vmw	challenge_SSA-MTE	hyp1	News	NaN	-27.331905364990234
227	228	pt	vmw	challenge_SSA-MTE	hyp1	News	NaN	-22.719493865966797
228	229	pt	vmw	challenge_SSA-MTE	hyp1	News	NaN	-26.181854248046875
229	230	pt	vmw	challenge_SSA-MTE	hyp1	News	NaN	-26.950624465942383
230	231	pt	vmw	challenge_SSA-MTE	hyp1	News	NaN	-23.21202850341797
231	232	pt	vmw	challenge_SSA-MTE	hyp1	News	NaN	-30.81627082824707
232	233	pt	vmw	challenge_SSA-MTE	hyp1	News	NaN	-26.855403900146484
233	234	pt	vmw	challenge_SSA-MTE	hyp1	News	NaN	-25.26815414428711
234	235	pt	vmw	challenge_SSA-MTE	hyp1	News	NaN	-33.76991271972656
235	236	pt	vmw	challenge_SSA-MTE	hyp1	News	NaN	-20.164859771728516
236	237	pt	vmw	challenge_SSA-MTE	hyp1	News	NaN	-21.185989379882812
237	238	pt	vmw	challenge_SSA-MTE	hyp1	News	NaN	-28.27920150756836
238	239	pt	vmw	challenge_SSA-MTE	hyp1	News	NaN	-15.830741882324219
239	240	pt	vmw	challenge_SSA-MTE	hyp1	News	NaN	-27.46969223022461
240	241	pt	vmw	challenge_SSA-MTE	hyp1	News	NaN	-24.797483444213867
241	242	pt	vmw	challenge_SSA-MTE	hyp1	News	NaN	-20.41818618774414
242	243	pt	vmw	challenge_SSA-MTE	hyp1	News	NaN	-14.533912658691406
243	244	pt	vmw	challenge_SSA-MTE	hyp1	News	NaN	-17.168270111083984
244	245	pt	vmw	challenge_SSA-MTE	hyp1	News	NaN	-11.430360794067383
245	246	pt	vmw	challenge_SSA-MTE	hyp1	News	NaN	-14.637718200683594
246	247	pt	vmw	challenge_SSA-MTE	hyp1	News	NaN	-24.315250396728516
247	248	pt	vmw	challenge_SSA-MTE	hyp1	News	NaN	-20.37468147277832
248	249	pt	vmw	challenge_SSA-MTE	hyp1	News	NaN	-24.3253173828125
249	250	pt	vmw	challenge_SSA-MTE	hyp1	News	NaN	-26.856504440307617
250	251	pt	vmw	challenge_SSA-MTE	hyp1	News	NaN	-18.368194580078125
251	252	pt	vmw	challenge_SSA-MTE	hyp1	News	NaN	-27.8895320892334
252	253	pt	vmw	challenge_SSA-MTE	hyp1	News	NaN	-24.91716766357422
253	254	pt	vmw	challenge_SSA-MTE	hyp1	News	NaN	-30.727657318115234
254	255	pt	vmw	challenge_SSA-MTE	hyp1	News	NaN	-28.280975341796875
255	256	pt	vmw	challenge_SSA-MTE	hyp1	News	NaN	-20.360450744628906
256	257	pt	vmw	challenge_SSA-MTE	hyp1	News	NaN	-21.67148208618164
257	258	pt	vmw	challenge_SSA-MTE	hyp1	News	NaN	-21.563762664794922
258	259	pt	vmw	challenge_SSA-MTE	hyp1	News	NaN	-19.185625076293945
259	260	pt	vmw	challenge_SSA-MTE	hyp1	News	NaN	-23.339473724365234
260	261	pt	vmw	challenge_SSA-MTE	hyp1	News	NaN	-24.73396110534668
261	262	pt	vmw	challenge_SSA-MTE	hyp1	News	NaN	-22.913738250732422
262	263	pt	vmw	challenge_SSA-MTE	hyp1	News	NaN	-17.606693267822266
263	264	pt	vmw	challenge_SSA-MTE	hyp1	News	NaN	-20.72715187072754
264	265	pt	vmw	challenge_SSA-MTE	hyp1	News	NaN	-23.09470558166504
265	266	pt	vmw	challenge_SSA-MTE	hyp1	News	NaN	-21.261585235595703
266	267	pt	vmw	challenge_SSA-MTE	hyp1	News	NaN	-15.549799919128418
267	268	pt	vmw	challenge_SSA-MTE	hyp1	News	NaN	-16.273788452148438
268	269	pt	vmw	challenge_SSA-MTE	hyp1	News	NaN	-16.414257049560547
269	270	pt	vmw	challenge_SSA-MTE	hyp1	News	NaN	-20.253223419189453
270	271	pt	vmw	challenge_SSA-MTE	hyp1	News	NaN	-26.79724884033203
271	272	pt	vmw	challenge_SSA-MTE	hyp1	News	NaN	-27.222963333129883
272	273	pt	vmw	challenge_SSA-MTE	hyp1	News	NaN	-24.928987503051758
273	274	pt	vmw	challenge_SSA-MTE	hyp1	News	NaN	-29.381370544433594
274	275	pt	vmw	challenge_SSA-MTE	hyp1	News	NaN	-14.499088287353516
275	276	pt	vmw	challenge_SSA-MTE	hyp1	News	NaN	-13.099859237670898
276	277	pt	vmw	challenge_SSA-MTE	hyp1	News	NaN	-12.615888595581055
277	278	pt	vmw	challenge_SSA-MTE	hyp1	News	NaN	-32.2545166015625
278	279	pt	vmw	challenge_SSA-MTE	hyp1	News	NaN	-34.44879150390625
279	280	pt	vmw	challenge_SSA-MTE	hyp1	News	NaN	-30.305334091186523
280	281	pt	vmw	challenge_SSA-MTE	hyp1	News	NaN	-33.719051361083984
281	282	pt	vmw	challenge_SSA-MTE	hyp1	News	NaN	-37.1198616027832
282	283	pt	vmw	challenge_SSA-MTE	hyp1	News	NaN	-36.997886657714844
283	284	pt	vmw	challenge_SSA-MTE	hyp1	News	NaN	-39.91876220703125
284	285	pt	vmw	challenge_SSA-MTE	hyp1	News	NaN	-30.736970901489258
285	286	pt	vmw	challenge_SSA-MTE	hyp1	News	NaN	-34.385581970214844
286	287	pt	vmw	challenge_SSA-MTE	hyp1	News	NaN	-26.009075164794922
287	288	pt	vmw	challenge_SSA-MTE	hyp1	News	NaN	-32.03990173339844
288	289	pt	vmw	challenge_SSA-MTE	hyp1	News	NaN	-14.452646255493164
289	290	pt	vmw	challenge_SSA-MTE	hyp1	News	NaN	-13.639640808105469
290	291	pt	vmw	challenge_SSA-MTE	hyp1	News	NaN	-9.322185516357422
291	292	pt	vmw	challenge_SSA-MTE	hyp1	News	NaN	-11.48392105102539
292	293	pt	vmw	challenge_SSA-MTE	hyp1	News	NaN	-17.664886474609375
293	294	pt	vmw	challenge_SSA-MTE	hyp1	News	NaN	-17.93450164794922
294	295	pt	vmw	challenge_SSA-MTE	hyp1	News	NaN	-17.142112731933594
295	296	pt	vmw	challenge_SSA-MTE	hyp1	News	NaN	-27.663883209228516
296	297	pt	vmw	challenge_SSA-MTE	hyp1	News	NaN	-18.564773559570312
297	298	pt	vmw	challenge_SSA-MTE	hyp1	News	NaN	-16.08685302734375
298	299	pt	vmw	challenge_SSA-MTE	hyp1	News	NaN	-18.206388473510742
299	300	pt	vmw	challenge_SSA-MTE	hyp1	News	NaN	-24.336261749267578
300	301	pt	vmw	challenge_SSA-MTE	hyp1	News	NaN	-27.453004837036133
301	302	pt	vmw	challenge_SSA-MTE	hyp1	News	NaN	-27.831798553466797
302	303	pt	vmw	challenge_SSA-MTE	hyp1	News	NaN	-28.319238662719727
303	304	pt	vmw	challenge_SSA-MTE	hyp1	News	NaN	-14.19555950164795
304	305	pt	vmw	challenge_SSA-MTE	hyp1	News	NaN	-16.325050354003906
305	306	pt	vmw	challenge_SSA-MTE	hyp1	News	NaN	-14.648622512817383
306	307	pt	vmw	challenge_SSA-MTE	hyp1	News	NaN	-13.70672607421875
307	308	pt	vmw	challenge_SSA-MTE	hyp1	News	NaN	-11.498706817626953
308	309	pt	vmw	challenge_SSA-MTE	hyp1	News	NaN	-14.2531099319458
309	310	pt	vmw	challenge_SSA-MTE	hyp1	News	NaN	-11.022796630859375
310	311	pt	vmw	challenge_SSA-MTE	hyp1	News	NaN	-19.011747360229492
311	312	pt	vmw	challenge_SSA-MTE	hyp1	News	NaN	-22.90712547302246
312	313	pt	vmw	challenge_SSA-MTE	hyp1	News	NaN	-19.836685180664062
313	314	pt	vmw	challenge_SSA-MTE	hyp1	News	NaN	-22.761524200439453
314	315	pt	vmw	challenge_SSA-MTE	hyp1	News	NaN	-25.385894775390625
315	316	pt	vmw	challenge_SSA-MTE	hyp1	News	NaN	-28.76752471923828
316	317	pt	vmw	challenge_SSA-MTE	hyp1	News	NaN	-23.710796356201172
317	318	pt	vmw	challenge_SSA-MTE	hyp1	News	NaN	-28.268020629882812
318	319	pt	vmw	challenge_SSA-MTE	hyp1	News	NaN	-31.796451568603516
319	320	pt	vmw	challenge_SSA-MTE	hyp1	News	NaN	-30.948471069335938
320	321	pt	vmw	challenge_SSA-MTE	hyp1	News	NaN	-30.881061553955078
321	322	pt	vmw	challenge_SSA-MTE	hyp1	News	NaN	-29.98952865600586
322	323	pt	vmw	challenge_SSA-MTE	hyp1	News	NaN	-21.601470947265625
323	324	pt	vmw	challenge_SSA-MTE	hyp1	News	NaN	-21.730831146240234
324	325	pt	vmw	challenge_SSA-MTE	hyp1	News	NaN	-17.93088150024414
325	326	pt	vmw	challenge_SSA-MTE	hyp1	News	NaN	-25.349594116210938
326	327	pt	vmw	challenge_SSA-MTE	hyp1	News	NaN	-17.95506477355957
327	328	pt	vmw	challenge_SSA-MTE	hyp1	News	NaN	-19.89885902404785
328	329	pt	vmw	challenge_SSA-MTE	hyp1	News	NaN	-22.029346466064453
329	330	pt	vmw	challenge_SSA-MTE	hyp1	News	NaN	-24.96508026123047
330	331	pt	vmw	challenge_SSA-MTE	hyp1	News	NaN	-13.575689315795898
331	332	pt	vmw	challenge_SSA-MTE	hyp1	News	NaN	-14.686652183532715
332	333	pt	vmw	challenge_SSA-MTE	hyp1	News	NaN	-19.729907989501953
333	334	pt	vmw	challenge_SSA-MTE	hyp1	News	NaN	-14.478233337402344
334	335	pt	vmw	challenge_SSA-MTE	hyp1	News	NaN	-12.232322692871094
335	336	pt	vmw	challenge_SSA-MTE	hyp1	News	NaN	-17.57491683959961
336	337	pt	vmw	challenge_SSA-MTE	hyp1	News	NaN	-29.441390991210938
337	338	pt	vmw	challenge_SSA-MTE	hyp1	News	NaN	-24.16096305847168
338	339	pt	vmw	challenge_SSA-MTE	hyp1	News	NaN	-24.579551696777344
339	340	pt	vmw	challenge_SSA-MTE	hyp1	News	NaN	-25.626842498779297
340	341	pt	vmw	challenge_SSA-MTE	hyp1	News	NaN	-24.327409744262695
341	342	pt	vmw	challenge_SSA-MTE	hyp1	News	NaN	-28.308761596679688
342	343	pt	vmw	challenge_SSA-MTE	hyp1	News	NaN	-29.493953704833984
343	344	pt	vmw	challenge_SSA-MTE	hyp1	News	NaN	-34.08665466308594
344	345	pt	vmw	challenge_SSA-MTE	hyp1	News	NaN	-35.62123107910156
345	346	pt	vmw	challenge_SSA-MTE	hyp1	News	NaN	-37.23695373535156
346	347	pt	vmw	challenge_SSA-MTE	hyp1	News	NaN	-39.858726501464844
347	348	pt	vmw	challenge_SSA-MTE	hyp1	News	NaN	-19.250526428222656
348	349	pt	vmw	challenge_SSA-MTE	hyp1	News	NaN	-15.790657997131348
349	350	pt	vmw	challenge_SSA-MTE	hyp1	News	NaN	-19.013532638549805
350	351	pt	vmw	challenge_SSA-MTE	hyp1	News	NaN	-24.238525390625
351	352	pt	vmw	challenge_SSA-MTE	hyp1	News	NaN	-13.32534408569336
352	353	pt	vmw	challenge_SSA-MTE	hyp1	News	NaN	-18.862625122070312
353	354	pt	vmw	challenge_SSA-MTE	hyp1	News	NaN	-13.884563446044922
354	355	pt	vmw	challenge_SSA-MTE	hyp1	News	NaN	-16.089008331298828
355	356	pt	vmw	challenge_SSA-MTE	hyp1	News	NaN	-19.794994354248047
356	357	pt	vmw	challenge_SSA-MTE	hyp1	News	NaN	-21.125185012817383
357	358	pt	vmw	challenge_SSA-MTE	hyp1	News	NaN	-20.821727752685547
358	359	pt	vmw	challenge_SSA-MTE	hyp1	News	NaN	-26.24578285217285
359	360	pt	vmw	challenge_SSA-MTE	hyp1	News	NaN	-23.314464569091797
360	361	pt	vmw	challenge_SSA-MTE	hyp1	News	NaN	-20.47397804260254
361	362	pt	vmw	challenge_SSA-MTE	hyp1	News	NaN	-21.048696517944336
362	363	pt	vmw	challenge_SSA-MTE	hyp1	News	NaN	-22.226276397705078
363	364	pt	vmw	challenge_SSA-MTE	hyp1	News	NaN	-29.207529067993164
364	365	pt	vmw	challenge_SSA-MTE	hyp1	News	NaN	-31.887483596801758
365	366	pt	vmw	challenge_SSA-MTE	hyp1	News	NaN	-30.015213012695312
366	367	pt	vmw	challenge_SSA-MTE	hyp1	News	NaN	-35.30493927001953
367	368	pt	vmw	challenge_SSA-MTE	hyp1	News	NaN	-18.929519653320312
368	369	pt	vmw	challenge_SSA-MTE	hyp1	News	NaN	-21.62802505493164
369	370	pt	vmw	challenge_SSA-MTE	hyp1	News	NaN	-24.8731689453125
370	371	pt	vmw	challenge_SSA-MTE	hyp1	News	NaN	-24.794815063476562
371	372	pt	vmw	challenge_SSA-MTE	hyp1	News	NaN	-30.67909049987793
372	373	pt	vmw	challenge_SSA-MTE	hyp1	News	NaN	-27.456249237060547
373	374	pt	vmw	challenge_SSA-MTE	hyp1	News	NaN	-28.798065185546875
374	375	pt	vmw	challenge_SSA-MTE	hyp1	News	NaN	-22.783756256103516
375	376	pt	vmw	challenge_SSA-MTE	hyp1	News	NaN	-25.516857147216797
376	377	pt	vmw	challenge_SSA-MTE	hyp1	News	NaN	-22.9826717376709
377	378	pt	vmw	challenge_SSA-MTE	hyp1	News	NaN	-25.095951080322266
378	379	pt	vmw	challenge_SSA-MTE	hyp1	News	NaN	-23.35712432861328
379	380	pt	vmw	challenge_SSA-MTE	hyp1	News	NaN	-23.076732635498047
380	381	pt	vmw	challenge_SSA-MTE	hyp1	News	NaN	-30.393753051757812
381	382	pt	vmw	challenge_SSA-MTE	hyp1	News	NaN	-30.23560905456543
382	383	pt	vmw	challenge_SSA-MTE	hyp1	News	NaN	-23.246967315673828
383	384	pt	vmw	challenge_SSA-MTE	hyp1	News	NaN	-18.957651138305664
384	385	pt	vmw	challenge_SSA-MTE	hyp1	News	NaN	-19.39718246459961
385	386	pt	vmw	challenge_SSA-MTE	hyp1	News	NaN	-20.378183364868164
386	387	pt	vmw	challenge_SSA-MTE	hyp1	News	NaN	-23.386659622192383
387	388	pt	vmw	challenge_SSA-MTE	hyp1	News	NaN	-24.460798263549805
388	389	pt	vmw	challenge_SSA-MTE	hyp1	News	NaN	-17.218528747558594
389	390	pt	vmw	challenge_SSA-MTE	hyp1	News	NaN	-17.817506790161133
390	391	pt	vmw	challenge_SSA-MTE	hyp1	News	NaN	-18.62520408630371
391	392	pt	vmw	challenge_SSA-MTE	hyp1	News	NaN	-22.897953033447266
392	393	pt	vmw	challenge_SSA-MTE	hyp1	News	NaN	-25.071868896484375
393	394	pt	vmw	challenge_SSA-MTE	hyp1	News	NaN	-22.381311416625977
394	395	pt	vmw	challenge_SSA-MTE	hyp1	News	NaN	-26.902263641357422
395	396	pt	vmw	challenge_SSA-MTE	hyp1	News	NaN	-21.611116409301758
396	397	pt	vmw	challenge_SSA-MTE	hyp1	News	NaN	-15.92496109008789
397	398	pt	vmw	challenge_SSA-MTE	hyp1	News	NaN	-18.17026138305664
398	399	pt	vmw	challenge_SSA-MTE	hyp1	News	NaN	-24.319564819335938
399	400	pt	vmw	challenge_SSA-MTE	hyp1	News	NaN	-22.526954650878906
400	401	pt	vmw	challenge_SSA-MTE	hyp1	News	NaN	-22.77932357788086
401	402	pt	vmw	challenge_SSA-MTE	hyp1	News	NaN	-27.2318115234375
402	403	pt	vmw	challenge_SSA-MTE	hyp1	News	NaN	-17.090789794921875
403	404	pt	vmw	challenge_SSA-MTE	hyp1	News	NaN	-23.01360321044922
404	405	pt	vmw	challenge_SSA-MTE	hyp1	News	NaN	-26.65454864501953
405	406	pt	vmw	challenge_SSA-MTE	hyp1	News	NaN	-24.531225204467773
406	407	pt	vmw	challenge_SSA-MTE	hyp1	News	NaN	-25.01296615600586
407	408	pt	vmw	challenge_SSA-MTE	hyp1	News	NaN	-20.81141471862793
408	409	pt	vmw	challenge_SSA-MTE	hyp1	News	NaN	-19.174457550048828
409	410	pt	vmw	challenge_SSA-MTE	hyp1	News	NaN	-23.631813049316406
410	411	pt	vmw	challenge_SSA-MTE	hyp1	News	NaN	-22.482019424438477
411	412	pt	vmw	challenge_SSA-MTE	hyp1	News	NaN	-23.7829532623291
412	413	pt	vmw	challenge_SSA-MTE	hyp1	News	NaN	-31.05406951904297
413	414	pt	vmw	challenge_SSA-MTE	hyp1	News	NaN	-29.713520050048828
414	415	pt	vmw	challenge_SSA-MTE	hyp1	News	NaN	-33.601402282714844
415	416	pt	vmw	challenge_SSA-MTE	hyp1	News	NaN	-21.207969665527344
416	417	pt	vmw	challenge_SSA-MTE	hyp1	News	NaN	-17.698097229003906
417	418	pt	vmw	challenge_SSA-MTE	hyp1	News	NaN	-19.70886993408203
418	419	pt	vmw	challenge_SSA-MTE	hyp1	News	NaN	-20.18170928955078
419	420	pt	vmw	challenge_SSA-MTE	hyp1	News	NaN	-20.233938217163086
420	421	pt	vmw	challenge_SSA-MTE	hyp1	News	NaN	-22.008052825927734
421	422	pt	vmw	challenge_SSA-MTE	hyp1	News	NaN	-24.526735305786133
422	423	pt	vmw	challenge_SSA-MTE	hyp1	News	NaN	-26.232624053955078
423	424	pt	vmw	challenge_SSA-MTE	hyp1	News	NaN	-26.203371047973633
424	425	pt	vmw	challenge_SSA-MTE	hyp1	News	NaN	-26.43022918701172
425	426	pt	vmw	challenge_SSA-MTE	hyp1	News	NaN	-29.44546890258789
426	427	pt	vmw	challenge_SSA-MTE	hyp1	News	NaN	-17.728044509887695
427	428	pt	vmw	challenge_SSA-MTE	hyp1	News	NaN	-19.13446807861328
428	429	pt	vmw	challenge_SSA-MTE	hyp1	News	NaN	-18.060882568359375
429	430	pt	vmw	challenge_SSA-MTE	hyp1	News	NaN	-23.70003890991211
430	431	pt	vmw	challenge_SSA-MTE	hyp1	News	NaN	-20.704994201660156
431	432	pt	vmw	challenge_SSA-MTE	hyp1	News	NaN	-21.926441192626953
432	433	pt	vmw	challenge_SSA-MTE	hyp1	News	NaN	-25.269451141357422
433	434	pt	vmw	challenge_SSA-MTE	hyp1	News	NaN	-24.682968139648438
434	435	pt	vmw	challenge_SSA-MTE	hyp1	News	NaN	-26.31806182861328
435	436	pt	vmw	challenge_SSA-MTE	hyp1	News	NaN	-25.98107147216797
436	437	pt	vmw	challenge_SSA-MTE	hyp1	News	NaN	-21.388988494873047
437	438	pt	vmw	challenge_SSA-MTE	hyp1	News	NaN	-24.428281784057617
438	439	pt	vmw	challenge_SSA-MTE	hyp1	News	NaN	-30.170454025268555
439	440	pt	vmw	challenge_SSA-MTE	hyp1	News	NaN	-31.61373519897461
440	441	pt	vmw	challenge_SSA-MTE	hyp1	News	NaN	-30.526700973510742
441	442	pt	vmw	challenge_SSA-MTE	hyp1	News	NaN	-25.83698272705078
442	443	pt	vmw	challenge_SSA-MTE	hyp1	News	NaN	-25.710704803466797
443	444	pt	vmw	challenge_SSA-MTE	hyp1	News	NaN	-27.50469970703125
444	445	pt	vmw	challenge_SSA-MTE	hyp1	News	NaN	-26.6560115814209
445	446	pt	vmw	challenge_SSA-MTE	hyp1	News	NaN	-26.720516204833984
446	447	pt	vmw	challenge_SSA-MTE	hyp1	News	NaN	-18.05941390991211
447	448	pt	vmw	challenge_SSA-MTE	hyp1	News	NaN	-20.291263580322266
448	449	pt	vmw	challenge_SSA-MTE	hyp1	News	NaN	-20.811168670654297
449	450	pt	vmw	challenge_SSA-MTE	hyp1	News	NaN	-27.565221786499023
450	451	pt	vmw	challenge_SSA-MTE	hyp1	News	NaN	-28.502944946289062
451	452	pt	vmw	challenge_SSA-MTE	hyp1	News	NaN	-27.21192169189453
452	453	pt	vmw	challenge_SSA-MTE	hyp1	News	NaN	-23.354537963867188
453	454	pt	vmw	challenge_SSA-MTE	hyp1	News	NaN	-26.587526321411133
454	455	pt	vmw	challenge_SSA-MTE	hyp1	News	NaN	-21.071460723876953
455	456	pt	vmw	challenge_SSA-MTE	hyp1	News	NaN	-22.366769790649414
456	457	pt	vmw	challenge_SSA-MTE	hyp1	News	NaN	-21.454204559326172
457	458	pt	vmw	challenge_SSA-MTE	hyp1	News	NaN	-24.499801635742188
458	459	pt	vmw	challenge_SSA-MTE	hyp1	News	NaN	-14.64901065826416
459	460	pt	vmw	challenge_SSA-MTE	hyp1	News	NaN	-20.7636775970459
460	461	pt	vmw	challenge_SSA-MTE	hyp1	News	NaN	-21.90179443359375
461	462	pt	vmw	challenge_SSA-MTE	hyp1	News	NaN	-22.732402801513672
462	463	pt	vmw	challenge_SSA-MTE	hyp1	News	NaN	-19.753429412841797
463	464	pt	vmw	challenge_SSA-MTE	hyp1	News	NaN	-20.944400787353516
464	465	pt	vmw	challenge_SSA-MTE	hyp1	News	NaN	-19.032194137573242
465	466	pt	vmw	challenge_SSA-MTE	hyp1	News	NaN	-25.008441925048828
466	467	pt	vmw	challenge_SSA-MTE	hyp1	News	NaN	-22.55065155029297
467	468	pt	vmw	challenge_SSA-MTE	hyp1	News	NaN	-21.875673294067383
468	469	pt	vmw	challenge_SSA-MTE	hyp1	News	NaN	-25.764251708984375
469	470	pt	vmw	challenge_SSA-MTE	hyp1	News	NaN	-22.342178344726562
470	471	pt	vmw	challenge_SSA-MTE	hyp1	News	NaN	-15.80591106414795
471	472	pt	vmw	challenge_SSA-MTE	hyp1	News	NaN	-22.99104118347168
472	473	pt	vmw	challenge_SSA-MTE	hyp1	News	NaN	-16.065290451049805
473	474	pt	vmw	challenge_SSA-MTE	hyp1	News	NaN	-19.835580825805664
474	475	pt	vmw	challenge_SSA-MTE	hyp1	News	NaN	-16.071659088134766
475	476	pt	vmw	challenge_SSA-MTE	hyp1	News	NaN	-24.566333770751953
476	477	pt	vmw	challenge_SSA-MTE	hyp1	News	NaN	-16.499454498291016
477	478	pt	vmw	challenge_SSA-MTE	hyp1	News	NaN	-17.31064224243164
478	479	pt	vmw	challenge_SSA-MTE	hyp1	News	NaN	-9.917631149291992
479	480	pt	vmw	challenge_SSA-MTE	hyp1	News	NaN	-20.047142028808594
480	481	pt	vmw	challenge_SSA-MTE	hyp1	News	NaN	-16.279678344726562
481	482	pt	vmw	challenge_SSA-MTE	hyp1	News	NaN	-19.039234161376953
482	483	pt	vmw	challenge_SSA-MTE	hyp1	News	NaN	-20.40729522705078
483	484	pt	vmw	challenge_SSA-MTE	hyp1	News	NaN	-13.999231338500977
484	485	pt	vmw	challenge_SSA-MTE	hyp1	News	NaN	-20.251291275024414
485	486	pt	vmw	challenge_SSA-MTE	hyp1	News	NaN	-18.847414016723633
486	487	pt	vmw	challenge_SSA-MTE	hyp1	News	NaN	-20.17198371887207
487	488	pt	vmw	challenge_SSA-MTE	hyp1	News	NaN	-24.647506713867188
488	489	pt	vmw	challenge_SSA-MTE	hyp1	News	NaN	-23.681949615478516
489	490	pt	vmw	challenge_SSA-MTE	hyp1	News	NaN	-23.586227416992188
490	491	pt	vmw	challenge_SSA-MTE	hyp1	News	NaN	-22.699928283691406
491	492	pt	vmw	challenge_SSA-MTE	hyp1	News	NaN	-26.643978118896484
492	493	pt	vmw	challenge_SSA-MTE	hyp1	News	NaN	-24.814821243286133
493	494	pt	vmw	challenge_SSA-MTE	hyp1	News	NaN	-23.301515579223633
494	495	pt	vmw	challenge_SSA-MTE	hyp1	News	NaN	-24.922565460205078
495	496	pt	vmw	challenge_SSA-MTE	hyp1	News	NaN	-20.358566284179688
496	497	pt	vmw	challenge_SSA-MTE	hyp1	News	NaN	-17.30815315246582
497	498	pt	vmw	challenge_SSA-MTE	hyp1	News	NaN	-14.972192764282227
498	499	pt	vmw	challenge_SSA-MTE	hyp1	News	NaN	-17.020919799804688
499	500	pt	vmw	challenge_SSA-MTE	hyp1	News	NaN	-21.02024269104004
500	501	pt	vmw	challenge_SSA-MTE	hyp1	News	NaN	-25.286434173583984
501	502	pt	vmw	challenge_SSA-MTE	hyp1	News	NaN	-25.439319610595703
502	503	pt	vmw	challenge_SSA-MTE	hyp1	News	NaN	-27.565040588378906
503	504	pt	vmw	challenge_SSA-MTE	hyp1	News	NaN	-21.343116760253906
504	505	pt	vmw	challenge_SSA-MTE	hyp1	News	NaN	-22.85871124267578
505	506	pt	vmw	challenge_SSA-MTE	hyp1	News	NaN	-24.818626403808594
506	507	pt	vmw	challenge_SSA-MTE	hyp1	News	NaN	-16.449132919311523
507	508	pt	vmw	challenge_SSA-MTE	hyp1	News	NaN	-18.703474044799805
508	509	pt	vmw	challenge_SSA-MTE	hyp1	News	NaN	-23.170146942138672
509	510	pt	vmw	challenge_SSA-MTE	hyp1	News	NaN	-16.3416805267334
510	511	pt	vmw	challenge_SSA-MTE	hyp1	News	NaN	-17.823780059814453
511	512	pt	vmw	challenge_SSA-MTE	hyp1	News	NaN	-17.74597930908203
512	513	pt	vmw	challenge_SSA-MTE	hyp1	News	NaN	-20.00572395324707
513	514	pt	vmw	challenge_SSA-MTE	hyp1	News	NaN	-18.418926239013672
514	515	pt	vmw	challenge_SSA-MTE	hyp1	News	NaN	-24.21297264099121
515	516	pt	vmw	challenge_SSA-MTE	hyp1	News	NaN	-24.23595428466797
516	517	pt	vmw	challenge_SSA-MTE	hyp1	News	NaN	-25.621191024780273
517	518	pt	vmw	challenge_SSA-MTE	hyp1	News	NaN	-17.60310935974121
518	519	pt	vmw	challenge_SSA-MTE	hyp1	News	NaN	-12.693744659423828
519	520	pt	vmw	challenge_SSA-MTE	hyp1	News	NaN	-19.447938919067383
520	521	pt	vmw	challenge_SSA-MTE	hyp1	News	NaN	-21.538867950439453
521	522	pt	vmw	challenge_SSA-MTE	hyp1	News	NaN	-26.935791015625
522	523	pt	vmw	challenge_SSA-MTE	hyp1	News	NaN	-22.578100204467773
523	524	pt	vmw	challenge_SSA-MTE	hyp1	News	NaN	-28.01114273071289
524	525	pt	vmw	challenge_SSA-MTE	hyp1	News	NaN	-10.326248168945312
525	526	pt	vmw	challenge_SSA-MTE	hyp1	News	NaN	-11.619274139404297
526	527	pt	vmw	challenge_SSA-MTE	hyp1	News	NaN	-8.600004196166992
527	528	pt	vmw	challenge_SSA-MTE	hyp1	News	NaN	-9.07036018371582
528	529	pt	vmw	challenge_SSA-MTE	hyp1	News	NaN	-17.858001708984375
529	530	pt	vmw	challenge_SSA-MTE	hyp1	News	NaN	-17.471397399902344
530	531	pt	vmw	challenge_SSA-MTE	hyp1	News	NaN	-16.923112869262695
531	532	pt	vmw	challenge_SSA-MTE	hyp1	News	NaN	-18.47759246826172
532	533	pt	vmw	challenge_SSA-MTE	hyp1	News	NaN	-17.610870361328125
533	534	pt	vmw	challenge_SSA-MTE	hyp1	News	NaN	-15.020334243774414
534	535	pt	vmw	challenge_SSA-MTE	hyp1	News	NaN	-19.471481323242188
535	536	pt	vmw	challenge_SSA-MTE	hyp1	News	NaN	-25.9835205078125
536	537	pt	vmw	challenge_SSA-MTE	hyp1	News	NaN	-22.26461410522461
537	538	pt	vmw	challenge_SSA-MTE	hyp1	News	NaN	-23.976858139038086
538	539	pt	vmw	challenge_SSA-MTE	hyp1	News	NaN	-23.060810089111328
539	540	pt	vmw	challenge_SSA-MTE	hyp1	News	NaN	-20.136140823364258
540	541	pt	vmw	challenge_SSA-MTE	hyp1	News	NaN	-26.079038619995117
541	542	pt	vmw	challenge_SSA-MTE	hyp1	News	NaN	-24.70648956298828
542	543	pt	vmw	challenge_SSA-MTE	hyp1	News	NaN	-22.21142578125
543	544	pt	vmw	challenge_SSA-MTE	hyp1	News	NaN	-23.934099197387695
544	545	pt	vmw	challenge_SSA-MTE	hyp1	News	NaN	-18.9437255859375
545	546	pt	vmw	challenge_SSA-MTE	hyp1	News	NaN	-27.044776916503906
546	547	pt	vmw	challenge_SSA-MTE	hyp1	News	NaN	-14.801055908203125
547	548	pt	vmw	challenge_SSA-MTE	hyp1	News	NaN	-16.492597579956055
548	549	pt	vmw	challenge_SSA-MTE	hyp1	News	NaN	-25.874338150024414
549	550	pt	vmw	challenge_SSA-MTE	hyp1	News	NaN	-22.48468780517578
550	551	pt	vmw	challenge_SSA-MTE	hyp1	News	NaN	-20.324893951416016
551	552	pt	vmw	challenge_SSA-MTE	hyp1	News	NaN	-23.750782012939453
552	553	pt	vmw	challenge_SSA-MTE	hyp1	News	NaN	-21.240264892578125
553	554	pt	vmw	challenge_SSA-MTE	hyp1	News	NaN	-12.897663116455078
554	555	pt	vmw	challenge_SSA-MTE	hyp1	News	NaN	-15.604132652282715
555	556	pt	vmw	challenge_SSA-MTE	hyp1	News	NaN	-15.454597473144531
556	557	pt	vmw	challenge_SSA-MTE	hyp1	News	NaN	-22.588340759277344
557	558	pt	vmw	challenge_SSA-MTE	hyp1	News	NaN	-25.835113525390625
558	559	pt	vmw	challenge_SSA-MTE	hyp1	News	NaN	-17.635337829589844
559	560	pt	vmw	challenge_SSA-MTE	hyp1	News	NaN	-21.154895782470703
560	561	pt	vmw	challenge_SSA-MTE	hyp1	News	NaN	-18.668973922729492
561	562	pt	vmw	challenge_SSA-MTE	hyp1	News	NaN	-19.790172576904297
562	563	pt	vmw	challenge_SSA-MTE	hyp1	News	NaN	-23.90268325805664
563	564	pt	vmw	challenge_SSA-MTE	hyp1	News	NaN	-20.311298370361328
564	565	pt	vmw	challenge_SSA-MTE	hyp1	News	NaN	-18.21198272705078
565	566	pt	vmw	challenge_SSA-MTE	hyp1	News	NaN	-24.325462341308594
566	567	pt	vmw	challenge_SSA-MTE	hyp1	News	NaN	-21.981727600097656
567	568	pt	vmw	challenge_SSA-MTE	hyp1	News	NaN	-19.4625244140625
568	569	pt	vmw	challenge_SSA-MTE	hyp1	News	NaN	-25.291805267333984
569	570	pt	vmw	challenge_SSA-MTE	hyp1	News	NaN	-13.227137565612793
570	571	pt	vmw	challenge_SSA-MTE	hyp1	News	NaN	-13.480457305908203
571	572	pt	vmw	challenge_SSA-MTE	hyp1	News	NaN	-18.377273559570312
572	573	pt	vmw	challenge_SSA-MTE	hyp1	News	NaN	-18.182334899902344
573	574	pt	vmw	challenge_SSA-MTE	hyp1	News	NaN	-19.188133239746094
574	575	pt	vmw	challenge_SSA-MTE	hyp1	News	NaN	-20.57097625732422
575	576	pt	vmw	challenge_SSA-MTE	hyp1	News	NaN	-16.120840072631836
576	577	pt	vmw	challenge_SSA-MTE	hyp1	News	NaN	-22.653663635253906
577	578	pt	vmw	challenge_SSA-MTE	hyp1	News	NaN	-13.14742660522461
578	579	pt	vmw	challenge_SSA-MTE	hyp1	News	NaN	-15.226696968078613
579	580	pt	vmw	challenge_SSA-MTE	hyp1	News	NaN	-16.61527442932129
580	581	pt	vmw	challenge_SSA-MTE	hyp1	News	NaN	-16.31732940673828
581	582	pt	vmw	challenge_SSA-MTE	hyp1	News	NaN	-20.251380920410156
582	583	pt	vmw	challenge_SSA-MTE	hyp1	News	NaN	-25.073650360107422
583	584	pt	vmw	challenge_SSA-MTE	hyp1	News	NaN	-27.031646728515625
584	585	pt	vmw	challenge_SSA-MTE	hyp1	News	NaN	-27.83795928955078
585	586	pt	vmw	challenge_SSA-MTE	hyp1	News	NaN	-18.100872039794922
586	587	pt	vmw	challenge_SSA-MTE	hyp1	News	NaN	-20.706031799316406
587	588	pt	vmw	challenge_SSA-MTE	hyp1	News	NaN	-22.621097564697266
588	589	pt	vmw	challenge_SSA-MTE	hyp1	News	NaN	-22.78907012939453
589	590	pt	vmw	challenge_SSA-MTE	hyp1	News	NaN	-29.444664001464844
590	591	pt	vmw	challenge_SSA-MTE	hyp1	News	NaN	-26.925186157226562
591	592	pt	vmw	challenge_SSA-MTE	hyp1	News	NaN	-26.076148986816406
592	593	pt	vmw	challenge_SSA-MTE	hyp1	News	NaN	-26.13780403137207
593	594	pt	vmw	challenge_SSA-MTE	hyp1	News	NaN	-22.097118377685547
594	595	pt	vmw	challenge_SSA-MTE	hyp1	News	NaN	-24.23050308227539
595	596	pt	vmw	challenge_SSA-MTE	hyp1	News	NaN	-23.57132339477539
596	597	pt	vmw	challenge_SSA-MTE	hyp1	News	NaN	-25.58563232421875
597	598	pt	vmw	challenge_SSA-MTE	hyp1	News	NaN	-23.528118133544922
598	599	pt	vmw	challenge_SSA-MTE	hyp1	News	NaN	-30.934499740600586
599	600	pt	vmw	challenge_SSA-MTE	hyp1	News	NaN	-26.544113159179688
600	601	pt	vmw	challenge_SSA-MTE	hyp1	News	NaN	-25.859724044799805
601	602	pt	vmw	challenge_SSA-MTE	hyp1	News	NaN	-28.821945190429688
602	603	pt	vmw	challenge_SSA-MTE	hyp1	News	NaN	-25.726459503173828
603	604	pt	vmw	challenge_SSA-MTE	hyp1	News	NaN	-16.289648056030273
604	605	pt	vmw	challenge_SSA-MTE	hyp1	News	NaN	-13.240406036376953
605	606	pt	vmw	challenge_SSA-MTE	hyp1	News	NaN	-20.166282653808594
606	607	pt	vmw	challenge_SSA-MTE	hyp1	News	NaN	-27.461322784423828
607	608	pt	vmw	challenge_SSA-MTE	hyp1	News	NaN	-22.84447479248047
608	609	pt	vmw	challenge_SSA-MTE	hyp1	News	NaN	-27.206972122192383
609	610	pt	vmw	challenge_SSA-MTE	hyp1	News	NaN	-25.95061683654785
610	611	pt	vmw	challenge_SSA-MTE	hyp1	News	NaN	-27.701953887939453
611	612	pt	vmw	challenge_SSA-MTE	hyp1	News	NaN	-19.901288986206055
612	613	pt	vmw	challenge_SSA-MTE	hyp1	News	NaN	-25.17941665649414
613	614	pt	vmw	challenge_SSA-MTE	hyp1	News	NaN	-25.722522735595703
614	615	pt	vmw	challenge_SSA-MTE	hyp1	News	NaN	-27.704914093017578
615	616	pt	vmw	challenge_SSA-MTE	hyp1	News	NaN	-27.29508399963379
616	617	pt	vmw	challenge_SSA-MTE	hyp1	News	NaN	-18.65003204345703
617	618	pt	vmw	challenge_SSA-MTE	hyp1	News	NaN	-19.050260543823242
618	619	pt	vmw	challenge_SSA-MTE	hyp1	News	NaN	-21.960268020629883
619	620	pt	vmw	challenge_SSA-MTE	hyp1	News	NaN	-19.834720611572266
620	621	pt	vmw	challenge_SSA-MTE	hyp1	News	NaN	-22.025163650512695
621	622	pt	vmw	challenge_SSA-MTE	hyp1	News	NaN	-26.90480613708496
622	623	pt	vmw	challenge_SSA-MTE	hyp1	News	NaN	-26.668363571166992
623	624	pt	vmw	challenge_SSA-MTE	hyp1	News	NaN	-12.095373153686523
624	625	pt	vmw	challenge_SSA-MTE	hyp1	News	NaN	-14.167038917541504
625	626	pt	vmw	challenge_SSA-MTE	hyp1	News	NaN	-13.704181671142578
626	627	pt	vmw	challenge_SSA-MTE	hyp1	News	NaN	-10.820953369140625
627	628	pt	vmw	challenge_SSA-MTE	hyp1	News	NaN	-31.0356502532959
628	629	pt	vmw	challenge_SSA-MTE	hyp1	News	NaN	-28.271156311035156
629	630	pt	vmw	challenge_SSA-MTE	hyp1	News	NaN	-31.426164627075195
630	631	pt	vmw	challenge_SSA-MTE	hyp1	News	NaN	-33.785614013671875
631	632	pt	vmw	challenge_SSA-MTE	hyp1	News	NaN	-22.95549964904785
632	633	pt	vmw	challenge_SSA-MTE	hyp1	News	NaN	-18.681787490844727
633	634	pt	vmw	challenge_SSA-MTE	hyp1	News	NaN	-22.187612533569336
634	635	pt	vmw	challenge_SSA-MTE	hyp1	News	NaN	-23.924461364746094
635	636	pt	vmw	challenge_SSA-MTE	hyp1	News	NaN	-24.692007064819336
636	637	pt	vmw	challenge_SSA-MTE	hyp1	News	NaN	-23.826805114746094
637	638	pt	vmw	challenge_SSA-MTE	hyp1	News	NaN	-22.37763023376465
638	639	pt	vmw	challenge_SSA-MTE	hyp1	News	NaN	-25.371665954589844
639	640	pt	vmw	challenge_SSA-MTE	hyp1	News	NaN	-26.382198333740234
640	641	pt	vmw	challenge_SSA-MTE	hyp1	News	NaN	-26.9982967376709
641	642	pt	vmw	challenge_SSA-MTE	hyp1	News	NaN	-28.173046112060547
642	643	pt	vmw	challenge_SSA-MTE	hyp1	News	NaN	-29.1655330657959
643	644	pt	vmw	challenge_SSA-MTE	hyp1	News	NaN	-28.635005950927734
644	645	pt	vmw	challenge_SSA-MTE	hyp1	News	NaN	-24.797290802001953
645	646	pt	vmw	challenge_SSA-MTE	hyp1	News	NaN	-28.1532039642334
646	647	pt	vmw	challenge_SSA-MTE	hyp1	News	NaN	-16.21034049987793
647	648	pt	vmw	challenge_SSA-MTE	hyp1	News	NaN	-17.524578094482422
648	649	pt	vmw	challenge_SSA-MTE	hyp1	News	NaN	-18.66485595703125
649	650	pt	vmw	challenge_SSA-MTE	hyp1	News	NaN	-11.123376846313477
650	651	pt	vmw	challenge_SSA-MTE	hyp1	News	NaN	-19.49095916748047
651	652	pt	vmw	challenge_SSA-MTE	hyp1	News	NaN	-21.271488189697266
652	653	pt	vmw	challenge_SSA-MTE	hyp1	News	NaN	-21.671630859375
653	654	pt	vmw	challenge_SSA-MTE	hyp1	News	NaN	-26.990859985351562
654	655	pt	vmw	challenge_SSA-MTE	hyp1	News	NaN	-26.217754364013672
655	656	pt	vmw	challenge_SSA-MTE	hyp1	News	NaN	-25.905927658081055
656	657	pt	vmw	challenge_SSA-MTE	hyp1	News	NaN	-23.137828826904297
657	658	pt	vmw	challenge_SSA-MTE	hyp1	News	NaN	-26.222320556640625
658	659	pt	vmw	challenge_SSA-MTE	hyp1	News	NaN	-18.991653442382812
659	660	pt	vmw	challenge_SSA-MTE	hyp1	News	NaN	-24.075138092041016
660	661	pt	vmw	challenge_SSA-MTE	hyp1	News	NaN	-26.539203643798828
661	662	pt	vmw	challenge_SSA-MTE	hyp1	News	NaN	-26.774578094482422
662	663	pt	vmw	challenge_SSA-MTE	hyp1	News	NaN	-20.323440551757812
663	664	pt	vmw	challenge_SSA-MTE	hyp1	News	NaN	-20.615028381347656
664	665	pt	vmw	challenge_SSA-MTE	hyp1	News	NaN	-18.523494720458984
665	666	pt	vmw	challenge_SSA-MTE	hyp1	News	NaN	-24.390411376953125
666	667	pt	vmw	challenge_SSA-MTE	hyp1	News	NaN	-25.916759490966797
667	668	pt	vmw	challenge_SSA-MTE	hyp1	News	NaN	-26.303974151611328
668	669	pt	vmw	challenge_SSA-MTE	hyp1	News	NaN	-30.49563217163086
669	670	pt	vmw	challenge_SSA-MTE	hyp1	News	NaN	-27.658353805541992
670	671	pt	vmw	challenge_SSA-MTE	hyp1	News	NaN	-18.551490783691406
671	672	pt	vmw	challenge_SSA-MTE	hyp1	News	NaN	-21.005834579467773
672	673	pt	vmw	challenge_SSA-MTE	hyp1	News	NaN	-20.468170166015625
673	674	pt	vmw	challenge_SSA-MTE	hyp1	News	NaN	-20.623241424560547
674	675	pt	vmw	challenge_SSA-MTE	hyp1	News	NaN	-20.29075813293457
675	676	pt	vmw	challenge_SSA-MTE	hyp1	News	NaN	-19.85070037841797
676	677	pt	vmw	challenge_SSA-MTE	hyp1	News	NaN	-20.864194869995117
677	678	pt	vmw	challenge_SSA-MTE	hyp1	News	NaN	-29.050556182861328
678	679	pt	vmw	challenge_SSA-MTE	hyp1	News	NaN	-23.92367935180664
679	680	pt	vmw	challenge_SSA-MTE	hyp1	News	NaN	-27.30729103088379
680	681	pt	vmw	challenge_SSA-MTE	hyp1	News	NaN	-30.26262664794922
681	682	pt	vmw	challenge_SSA-MTE	hyp1	News	NaN	-28.52330780029297
682	683	pt	vmw	challenge_SSA-MTE	hyp1	News	NaN	-13.503593444824219
683	684	pt	vmw	challenge_SSA-MTE	hyp1	News	NaN	-18.890953063964844
684	685	pt	vmw	challenge_SSA-MTE	hyp1	News	NaN	-16.994335174560547
685	686	pt	vmw	challenge_SSA-MTE	hyp1	News	NaN	-23.32038116455078
686	687	pt	vmw	challenge_SSA-MTE	hyp1	News	NaN	-23.187294006347656
687	688	pt	vmw	challenge_SSA-MTE	hyp1	News	NaN	-24.89195442199707
688	689	pt	vmw	challenge_SSA-MTE	hyp1	News	NaN	-24.275541305541992
689	690	pt	vmw	challenge_SSA-MTE	hyp1	News	NaN	-27.59829330444336
690	691	pt	vmw	challenge_SSA-MTE	hyp1	News	NaN	-15.000608444213867
691	692	pt	vmw	challenge_SSA-MTE	hyp1	News	NaN	-16.619714736938477
692	693	pt	vmw	challenge_SSA-MTE	hyp1	News	NaN	-24.974374771118164
693	694	pt	vmw	challenge_SSA-MTE	hyp1	News	NaN	-28.433317184448242
694	695	pt	vmw	challenge_SSA-MTE	hyp1	News	NaN	-21.2935733795166
695	696	pt	vmw	challenge_SSA-MTE	hyp1	News	NaN	-18.05063247680664
696	697	pt	vmw	challenge_SSA-MTE	hyp1	News	NaN	-19.139404296875
697	698	pt	vmw	challenge_SSA-MTE	hyp1	News	NaN	-18.163915634155273
698	699	pt	vmw	challenge_SSA-MTE	hyp1	News	NaN	-16.765422821044922
699	700	pt	vmw	challenge_SSA-MTE	hyp1	News	NaN	-13.570368766784668
700	701	pt	vmw	challenge_SSA-MTE	hyp1	News	NaN	-17.68988609313965
701	702	pt	vmw	challenge_SSA-MTE	hyp1	News	NaN	-14.575714111328125
702	703	pt	vmw	challenge_SSA-MTE	hyp1	News	NaN	-19.002635955810547
703	704	pt	vmw	challenge_SSA-MTE	hyp1	News	NaN	-21.589649200439453
704	705	pt	vmw	challenge_SSA-MTE	hyp1	News	NaN	-20.504281997680664
705	706	pt	vmw	challenge_SSA-MTE	hyp1	News	NaN	-21.593204498291016
706	707	pt	vmw	challenge_SSA-MTE	hyp1	News	NaN	-25.074825286865234
707	708	pt	vmw	challenge_SSA-MTE	hyp1	News	NaN	-27.377059936523438
708	709	pt	vmw	challenge_SSA-MTE	hyp1	News	NaN	-25.534896850585938
709	710	pt	vmw	challenge_SSA-MTE	hyp1	News	NaN	-27.340015411376953
710	711	pt	vmw	challenge_SSA-MTE	hyp1	News	NaN	-28.020206451416016
711	712	pt	vmw	challenge_SSA-MTE	hyp1	News	NaN	-26.130779266357422
712	713	pt	vmw	challenge_SSA-MTE	hyp1	News	NaN	-31.356557846069336
713	714	pt	vmw	challenge_SSA-MTE	hyp1	News	NaN	-28.296157836914062
714	715	pt	vmw	challenge_SSA-MTE	hyp1	News	NaN	-16.542966842651367
715	716	pt	vmw	challenge_SSA-MTE	hyp1	News	NaN	-13.40575885772705
716	717	pt	vmw	challenge_SSA-MTE	hyp1	News	NaN	-24.346424102783203
717	718	pt	vmw	challenge_SSA-MTE	hyp1	News	NaN	-23.029956817626953
718	719	pt	vmw	challenge_SSA-MTE	hyp1	News	NaN	-23.72658920288086
719	720	pt	vmw	challenge_SSA-MTE	hyp1	News	NaN	-25.507587432861328
720	721	pt	vmw	challenge_SSA-MTE	hyp1	News	NaN	-19.17212677001953
721	722	pt	vmw	challenge_SSA-MTE	hyp1	News	NaN	-22.426700592041016
722	723	pt	vmw	challenge_SSA-MTE	hyp1	News	NaN	-20.249462127685547
723	724	pt	vmw	challenge_SSA-MTE	hyp1	News	NaN	-21.041797637939453
724	725	pt	vmw	challenge_SSA-MTE	hyp1	News	NaN	-25.96163558959961
725	726	pt	vmw	challenge_SSA-MTE	hyp1	News	NaN	-27.391868591308594
726	727	pt	vmw	challenge_SSA-MTE	hyp1	News	NaN	-22.909122467041016
727	728	pt	vmw	challenge_SSA-MTE	hyp1	News	NaN	-14.80976390838623
728	729	pt	vmw	challenge_SSA-MTE	hyp1	News	NaN	-16.890872955322266
729	730	pt	vmw	challenge_SSA-MTE	hyp1	News	NaN	-20.525325775146484
730	731	pt	vmw	challenge_SSA-MTE	hyp1	News	NaN	-21.535022735595703
731	732	pt	vmw	challenge_SSA-MTE	hyp1	News	NaN	-27.79747772216797
732	733	pt	vmw	challenge_SSA-MTE	hyp1	News	NaN	-26.566843032836914
733	734	pt	vmw	challenge_SSA-MTE	hyp1	News	NaN	-22.59674835205078
734	735	pt	vmw	challenge_SSA-MTE	hyp1	News	NaN	-25.493831634521484
735	736	pt	vmw	challenge_SSA-MTE	hyp1	News	NaN	-25.22112464904785
736	737	pt	vmw	challenge_SSA-MTE	hyp1	News	NaN	-27.378318786621094
737	738	pt	vmw	challenge_SSA-MTE	hyp1	News	NaN	-28.79918670654297
738	739	pt	vmw	challenge_SSA-MTE	hyp1	News	NaN	-18.458023071289062
739	740	pt	vmw	challenge_SSA-MTE	hyp1	News	NaN	-17.31532096862793
740	741	pt	vmw	challenge_SSA-MTE	hyp1	News	NaN	-20.552841186523438
741	742	pt	vmw	challenge_SSA-MTE	hyp1	News	NaN	-24.774709701538086
742	743	pt	vmw	challenge_SSA-MTE	hyp1	News	NaN	-25.81789779663086
743	744	pt	vmw	challenge_SSA-MTE	hyp1	News	NaN	-25.769695281982422
744	745	pt	vmw	challenge_SSA-MTE	hyp1	News	NaN	-25.091747283935547
745	746	pt	vmw	challenge_SSA-MTE	hyp1	News	NaN	-20.871761322021484
746	747	pt	vmw	challenge_SSA-MTE	hyp1	News	NaN	-28.207719802856445
747	748	pt	vmw	challenge_SSA-MTE	hyp1	News	NaN	-26.87425994873047
748	749	pt	vmw	challenge_SSA-MTE	hyp1	News	NaN	-24.31696891784668
749	750	pt	vmw	challenge_SSA-MTE	hyp1	News	NaN	-18.99276351928711
750	751	pt	vmw	challenge_SSA-MTE	hyp1	News	NaN	-24.62950897216797
751	752	pt	vmw	challenge_SSA-MTE	hyp1	News	NaN	-26.19751739501953
752	753	pt	vmw	challenge_SSA-MTE	hyp1	News	NaN	-21.16315460205078
753	754	pt	vmw	challenge_SSA-MTE	hyp1	News	NaN	-24.05021095275879
754	755	pt	vmw	challenge_SSA-MTE	hyp1	News	NaN	-22.856746673583984
755	756	pt	vmw	challenge_SSA-MTE	hyp1	News	NaN	-25.087114334106445
756	757	pt	vmw	challenge_SSA-MTE	hyp1	News	NaN	-23.917076110839844
757	758	pt	vmw	challenge_SSA-MTE	hyp1	News	NaN	-20.564741134643555
758	759	pt	vmw	challenge_SSA-MTE	hyp1	News	NaN	-19.32802963256836
759	760	pt	vmw	challenge_SSA-MTE	hyp1	News	NaN	-21.343433380126953
760	761	pt	vmw	challenge_SSA-MTE	hyp1	News	NaN	-26.205904006958008
761	762	pt	vmw	challenge_SSA-MTE	hyp1	News	NaN	-30.500133514404297
762	763	pt	vmw	challenge_SSA-MTE	hyp1	News	NaN	-32.1097297668457
763	764	pt	vmw	challenge_SSA-MTE	hyp1	News	NaN	-25.6522274017334
764	765	pt	vmw	challenge_SSA-MTE	hyp1	News	NaN	-29.121822357177734
765	766	pt	vmw	challenge_SSA-MTE	hyp1	News	NaN	-29.419864654541016
766	767	pt	vmw	challenge_SSA-MTE	hyp1	News	NaN	-19.398399353027344
767	768	pt	vmw	challenge_SSA-MTE	hyp1	News	NaN	-20.533266067504883
768	769	pt	vmw	challenge_SSA-MTE	hyp1	News	NaN	-17.4241943359375
769	770	pt	vmw	challenge_SSA-MTE	hyp1	News	NaN	-20.14581298828125
770	771	pt	vmw	challenge_SSA-MTE	hyp1	News	NaN	-17.410301208496094
771	772	pt	vmw	challenge_SSA-MTE	hyp1	News	NaN	-18.991785049438477
772	773	pt	vmw	challenge_SSA-MTE	hyp1	News	NaN	-28.300628662109375
773	774	pt	vmw	challenge_SSA-MTE	hyp1	News	NaN	-20.703636169433594
774	775	pt	vmw	challenge_SSA-MTE	hyp1	News	NaN	-17.377174377441406
775	776	pt	vmw	challenge_SSA-MTE	hyp1	News	NaN	-17.870967864990234
776	777	pt	vmw	challenge_SSA-MTE	hyp1	News	NaN	-25.023513793945312
777	778	pt	vmw	challenge_SSA-MTE	hyp1	News	NaN	-22.390390396118164
778	779	pt	vmw	challenge_SSA-MTE	hyp1	News	NaN	-25.305063247680664
779	780	pt	vmw	challenge_SSA-MTE	hyp1	News	NaN	-27.91830062866211
780	781	pt	vmw	challenge_SSA-MTE	hyp1	News	NaN	-20.566486358642578
781	782	pt	vmw	challenge_SSA-MTE	hyp1	News	NaN	-29.88697052001953
782	783	pt	vmw	challenge_SSA-MTE	hyp1	News	NaN	-33.78755569458008
783	784	pt	vmw	challenge_SSA-MTE	hyp1	News	NaN	-32.25440216064453
784	785	pt	vmw	challenge_SSA-MTE	hyp1	News	NaN	-35.78606033325195
785	786	pt	vmw	challenge_SSA-MTE	hyp1	News	NaN	-33.669586181640625
786	787	pt	vmw	challenge_SSA-MTE	hyp1	News	NaN	-22.645816802978516
787	788	pt	vmw	challenge_SSA-MTE	hyp1	News	NaN	-19.047622680664062
788	789	pt	vmw	challenge_SSA-MTE	hyp1	News	NaN	-20.565519332885742
789	790	pt	vmw	challenge_SSA-MTE	hyp1	News	NaN	-21.994609832763672
790	791	pt	vmw	challenge_SSA-MTE	hyp1	News	NaN	-25.953039169311523
791	792	pt	vmw	challenge_SSA-MTE	hyp1	News	NaN	-24.814533233642578
792	793	pt	vmw	challenge_SSA-MTE	hyp1	News	NaN	-30.8087158203125
793	794	pt	vmw	challenge_SSA-MTE	hyp1	News	NaN	-24.104625701904297
794	795	pt	vmw	challenge_SSA-MTE	hyp1	News	NaN	-18.65519142150879
795	796	pt	vmw	challenge_SSA-MTE	hyp1	News	NaN	-21.705326080322266
796	797	pt	vmw	challenge_SSA-MTE	hyp1	News	NaN	-21.600317001342773
797	798	pt	vmw	challenge_SSA-MTE	hyp1	News	NaN	-19.814809799194336
798	799	pt	vmw	challenge_SSA-MTE	hyp1	News	NaN	-20.71454620361328
799	800	pt	vmw	challenge_SSA-MTE	hyp1	News	NaN	-25.538808822631836
800	801	pt	vmw	challenge_SSA-MTE	hyp1	News	NaN	-20.786954879760742
801	802	pt	vmw	challenge_SSA-MTE	hyp1	News	NaN	-25.66242790222168
802	803	pt	vmw	challenge_SSA-MTE	hyp1	News	NaN	-30.66990089416504
803	804	pt	vmw	challenge_SSA-MTE	hyp1	News	NaN	-29.986305236816406
804	805	pt	vmw	challenge_SSA-MTE	hyp1	News	NaN	-29.89444923400879
805	806	pt	vmw	challenge_SSA-MTE	hyp1	News	NaN	-25.452014923095703
806	807	pt	vmw	challenge_SSA-MTE	hyp1	News	NaN	-26.847881317138672
807	808	pt	vmw	challenge_SSA-MTE	hyp1	News	NaN	-24.722333908081055
808	809	pt	vmw	challenge_SSA-MTE	hyp1	News	NaN	-30.978660583496094
809	810	pt	vmw	challenge_SSA-MTE	hyp1	News	NaN	-22.360218048095703
810	811	pt	vmw	challenge_SSA-MTE	hyp1	News	NaN	-25.640857696533203
811	812	pt	vmw	challenge_SSA-MTE	hyp1	News	NaN	-24.627368927001953
812	813	pt	vmw	challenge_SSA-MTE	hyp1	News	NaN	-28.267696380615234
813	814	pt	vmw	challenge_SSA-MTE	hyp1	News	NaN	-26.595394134521484
814	815	pt	vmw	challenge_SSA-MTE	hyp1	News	NaN	-19.593164443969727
815	816	pt	vmw	challenge_SSA-MTE	hyp1	News	NaN	-23.699892044067383
816	817	pt	vmw	challenge_SSA-MTE	hyp1	News	NaN	-22.216297149658203
817	818	pt	vmw	challenge_SSA-MTE	hyp1	News	NaN	-16.197904586791992
818	819	pt	vmw	challenge_SSA-MTE	hyp1	News	NaN	-19.265430450439453
819	820	pt	vmw	challenge_SSA-MTE	hyp1	News	NaN	-21.16034507751465
820	821	pt	vmw	challenge_SSA-MTE	hyp1	News	NaN	-23.783309936523438
821	822	pt	vmw	challenge_SSA-MTE	hyp1	News	NaN	-23.340482711791992
822	823	pt	vmw	challenge_SSA-MTE	hyp1	News	NaN	-18.762760162353516
823	824	pt	vmw	challenge_SSA-MTE	hyp1	News	NaN	-21.04505729675293
824	825	pt	vmw	challenge_SSA-MTE	hyp1	News	NaN	-28.68594741821289
825	826	pt	vmw	challenge_SSA-MTE	hyp1	News	NaN	-35.799827575683594
826	827	pt	vmw	challenge_SSA-MTE	hyp1	News	NaN	-35.777610778808594
827	828	pt	vmw	challenge_SSA-MTE	hyp1	News	NaN	-37.263145446777344
828	829	pt	vmw	challenge_SSA-MTE	hyp1	News	NaN	-34.470359802246094
829	830	pt	vmw	challenge_SSA-MTE	hyp1	News	NaN	-17.797204971313477
830	831	pt	vmw	challenge_SSA-MTE	hyp1	News	NaN	-19.06043243408203
831	832	pt	vmw	challenge_SSA-MTE	hyp1	News	NaN	-16.623760223388672
832	833	pt	vmw	challenge_SSA-MTE	hyp1	News	NaN	-24.048728942871094
833	834	pt	vmw	challenge_SSA-MTE	hyp1	News	NaN	-25.440879821777344
834	835	pt	vmw	challenge_SSA-MTE	hyp1	News	NaN	-25.23958969116211
835	836	pt	vmw	challenge_SSA-MTE	hyp1	News	NaN	-26.17348289489746
836	837	pt	vmw	challenge_SSA-MTE	hyp1	News	NaN	-28.407577514648438
837	838	pt	vmw	challenge_SSA-MTE	hyp1	News	NaN	-16.08170509338379
838	839	pt	vmw	challenge_SSA-MTE	hyp1	News	NaN	-15.800741195678711
839	840	pt	vmw	challenge_SSA-MTE	hyp1	News	NaN	-18.356693267822266
840	841	pt	vmw	challenge_SSA-MTE	hyp1	News	NaN	-20.223079681396484
841	842	pt	vmw	challenge_SSA-MTE	hyp1	News	NaN	-19.214065551757812
842	843	pt	vmw	challenge_SSA-MTE	hyp1	News	NaN	-18.975502014160156
843	844	pt	vmw	challenge_SSA-MTE	hyp1	News	NaN	-19.70270538330078
844	845	pt	vmw	challenge_SSA-MTE	hyp1	News	NaN	-24.75125503540039
845	846	pt	vmw	challenge_SSA-MTE	hyp1	News	NaN	-20.514240264892578
846	847	pt	vmw	challenge_SSA-MTE	hyp1	News	NaN	-25.053428649902344
847	848	pt	vmw	challenge_SSA-MTE	hyp1	News	NaN	-25.579788208007812
848	849	pt	vmw	challenge_SSA-MTE	hyp1	News	NaN	-25.29046630859375
849	850	pt	vmw	challenge_SSA-MTE	hyp1	News	NaN	-27.45804214477539
850	851	pt	vmw	challenge_SSA-MTE	hyp1	News	NaN	-24.016937255859375
851	852	pt	vmw	challenge_SSA-MTE	hyp1	News	NaN	-30.09737205505371
852	853	pt	vmw	challenge_SSA-MTE	hyp1	News	NaN	-15.120979309082031
853	854	pt	vmw	challenge_SSA-MTE	hyp1	News	NaN	-17.89032745361328
854	855	pt	vmw	challenge_SSA-MTE	hyp1	News	NaN	-20.834976196289062
855	856	pt	vmw	challenge_SSA-MTE	hyp1	News	NaN	-21.990793228149414
856	857	pt	vmw	challenge_SSA-MTE	hyp1	News	NaN	-23.46505355834961
857	858	pt	vmw	challenge_SSA-MTE	hyp1	News	NaN	-26.829936981201172
858	859	pt	vmw	challenge_SSA-MTE	hyp1	News	NaN	-19.824581146240234
859	860	pt	vmw	challenge_SSA-MTE	hyp1	News	NaN	-24.82168197631836
860	861	pt	vmw	challenge_SSA-MTE	hyp1	News	NaN	-22.04983139038086
861	862	pt	vmw	challenge_SSA-MTE	hyp1	News	NaN	-29.629669189453125
862	863	pt	vmw	challenge_SSA-MTE	hyp1	News	NaN	-31.63037872314453
863	864	pt	vmw	challenge_SSA-MTE	hyp1	News	NaN	-42.49528503417969
864	865	pt	vmw	challenge_SSA-MTE	hyp1	News	NaN	-17.0018310546875
865	866	pt	vmw	challenge_SSA-MTE	hyp1	News	NaN	-17.22974395751953
866	867	pt	vmw	challenge_SSA-MTE	hyp1	News	NaN	-16.685787200927734
867	868	pt	vmw	challenge_SSA-MTE	hyp1	News	NaN	-16.696643829345703
868	869	pt	vmw	challenge_SSA-MTE	hyp1	News	NaN	-18.788801193237305
869	870	pt	vmw	challenge_SSA-MTE	hyp1	News	NaN	-26.089811325073242
870	871	pt	vmw	challenge_SSA-MTE	hyp1	News	NaN	-32.78229904174805
871	872	pt	vmw	challenge_SSA-MTE	hyp1	News	NaN	-29.537853240966797
872	873	pt	vmw	challenge_SSA-MTE	hyp1	News	NaN	-30.9260311126709
873	874	pt	vmw	challenge_SSA-MTE	hyp1	News	NaN	-35.705543518066406
874	875	pt	vmw	challenge_SSA-MTE	hyp1	News	NaN	-26.64385986328125
875	876	pt	vmw	challenge_SSA-MTE	hyp1	News	NaN	-28.84894561767578
876	877	pt	vmw	challenge_SSA-MTE	hyp1	News	NaN	-27.936965942382812
877	878	pt	vmw	challenge_SSA-MTE	hyp1	News	NaN	-22.792949676513672
878	879	pt	vmw	challenge_SSA-MTE	hyp1	News	NaN	-21.299869537353516
879	880	pt	vmw	challenge_SSA-MTE	hyp1	News	NaN	-22.550926208496094
880	881	pt	vmw	challenge_SSA-MTE	hyp1	News	NaN	-19.320661544799805
881	882	pt	vmw	challenge_SSA-MTE	hyp1	News	NaN	-23.22154998779297
882	883	pt	vmw	challenge_SSA-MTE	hyp1	News	NaN	-21.86940574645996
883	884	pt	vmw	challenge_SSA-MTE	hyp1	News	NaN	-21.74859046936035
884	885	pt	vmw	challenge_SSA-MTE	hyp1	News	NaN	-22.712337493896484
885	886	pt	vmw	challenge_SSA-MTE	hyp1	News	NaN	-21.44941520690918
886	887	pt	vmw	challenge_SSA-MTE	hyp1	News	NaN	-24.667598724365234
887	888	pt	vmw	challenge_SSA-MTE	hyp1	News	NaN	-27.536529541015625
888	889	pt	vmw	challenge_SSA-MTE	hyp1	News	NaN	-22.173870086669922
889	890	pt	vmw	challenge_SSA-MTE	hyp1	News	NaN	-18.014022827148438
890	891	pt	vmw	challenge_SSA-MTE	hyp1	News	NaN	-30.307697296142578
891	892	pt	vmw	challenge_SSA-MTE	hyp1	News	NaN	-33.63011932373047
892	893	pt	vmw	challenge_SSA-MTE	hyp1	News	NaN	-23.950124740600586
893	894	pt	vmw	challenge_SSA-MTE	hyp1	News	NaN	-23.901334762573242
894	895	pt	vmw	challenge_SSA-MTE	hyp1	News	NaN	-24.094192504882812
895	896	pt	vmw	challenge_SSA-MTE	hyp1	News	NaN	-28.145841598510742
896	897	pt	vmw	challenge_SSA-MTE	hyp1	News	NaN	-21.115711212158203
897	898	pt	vmw	challenge_SSA-MTE	hyp1	News	NaN	-30.661739349365234
898	899	pt	vmw	challenge_SSA-MTE	hyp1	News	NaN	-29.965551376342773
899	900	pt	vmw	challenge_SSA-MTE	hyp1	News	NaN	-25.25616455078125
900	901	pt	vmw	challenge_SSA-MTE	hyp1	News	NaN	-23.29716682434082
901	902	pt	vmw	challenge_SSA-MTE	hyp1	News	NaN	-24.660232543945312
902	903	pt	vmw	challenge_SSA-MTE	hyp1	News	NaN	-29.35662078857422
903	904	pt	vmw	challenge_SSA-MTE	hyp1	News	NaN	-18.168888092041016
904	905	pt	vmw	challenge_SSA-MTE	hyp1	News	NaN	-17.181379318237305
905	906	pt	vmw	challenge_SSA-MTE	hyp1	News	NaN	-25.71538734436035
906	907	pt	vmw	challenge_SSA-MTE	hyp1	News	NaN	-27.11663055419922
907	908	pt	vmw	challenge_SSA-MTE	hyp1	News	NaN	-24.094160079956055
908	909	pt	vmw	challenge_SSA-MTE	hyp1	News	NaN	-24.413841247558594
909	910	pt	vmw	challenge_SSA-MTE	hyp1	News	NaN	-25.223176956176758
910	911	pt	vmw	challenge_SSA-MTE	hyp1	News	NaN	-28.628604888916016
911	912	pt	vmw	challenge_SSA-MTE	hyp1	News	NaN	-17.152860641479492
912	913	pt	vmw	challenge_SSA-MTE	hyp1	News	NaN	-21.49882698059082
913	914	pt	vmw	challenge_SSA-MTE	hyp1	News	NaN	-18.87773323059082
914	915	pt	vmw	challenge_SSA-MTE	hyp1	News	NaN	-24.24480438232422
915	916	pt	vmw	challenge_SSA-MTE	hyp1	News	NaN	-23.444801330566406
916	917	pt	vmw	challenge_SSA-MTE	hyp1	News	NaN	-27.580833435058594
917	918	pt	vmw	challenge_SSA-MTE	hyp1	News	NaN	-25.261491775512695
918	919	pt	vmw	challenge_SSA-MTE	hyp1	News	NaN	-28.82901382446289
919	920	pt	vmw	challenge_SSA-MTE	hyp1	News	NaN	-21.02043342590332
920	921	pt	vmw	challenge_SSA-MTE	hyp1	News	NaN	-29.243974685668945
921	922	pt	vmw	challenge_SSA-MTE	hyp1	News	NaN	-25.00872802734375
922	923	pt	vmw	challenge_SSA-MTE	hyp1	News	NaN	-26.614765167236328
923	924	pt	vmw	challenge_SSA-MTE	hyp1	News	NaN	-19.515094757080078
924	925	pt	vmw	challenge_SSA-MTE	hyp1	News	NaN	-18.854331970214844
925	926	pt	vmw	challenge_SSA-MTE	hyp1	News	NaN	-17.696369171142578
926	927	pt	vmw	challenge_SSA-MTE	hyp1	News	NaN	-24.44941520690918
927	928	pt	vmw	challenge_SSA-MTE	hyp1	News	NaN	-26.715221405029297
928	929	pt	vmw	challenge_SSA-MTE	hyp1	News	NaN	-26.959461212158203
929	930	pt	vmw	challenge_SSA-MTE	hyp1	News	NaN	-25.38670539855957
