doc_id	segment_id	source_lang	target_lang	set_id	system_id	domain_name	method	overall
0	1	en	amh	challenge_SSA-MTE	hyp1	News	NaN	43.17435836791992
1	2	en	amh	challenge_SSA-MTE	hyp1	News	NaN	35.57362365722656
2	3	en	amh	challenge_SSA-MTE	hyp1	News	NaN	26.526676177978516
3	4	en	amh	challenge_SSA-MTE	hyp1	News	NaN	49.01271057128906
4	5	en	amh	challenge_SSA-MTE	hyp1	News	NaN	48.785614013671875
5	6	en	amh	challenge_SSA-MTE	hyp1	News	NaN	34.397369384765625
6	7	en	amh	challenge_SSA-MTE	hyp1	News	NaN	30.749126434326172
7	8	en	amh	challenge_SSA-MTE	hyp1	News	NaN	64.90618133544922
8	9	en	amh	challenge_SSA-MTE	hyp1	News	NaN	67.12702941894531
9	10	en	amh	challenge_SSA-MTE	hyp1	News	NaN	30.02471923828125
10	11	en	amh	challenge_SSA-MTE	hyp1	News	NaN	83.56442260742188
11	12	en	amh	challenge_SSA-MTE	hyp1	News	NaN	82.40048217773438
12	13	en	amh	challenge_SSA-MTE	hyp1	News	NaN	79.74171447753906
13	14	en	amh	challenge_SSA-MTE	hyp1	News	NaN	87.78759765625
14	15	en	amh	challenge_SSA-MTE	hyp1	News	NaN	84.91109466552734
15	16	en	amh	challenge_SSA-MTE	hyp1	News	NaN	56.453651428222656
16	17	en	amh	challenge_SSA-MTE	hyp1	News	NaN	74.75772094726562
17	18	en	amh	challenge_SSA-MTE	hyp1	News	NaN	81.10492706298828
18	19	en	amh	challenge_SSA-MTE	hyp1	News	NaN	71.60592651367188
19	20	en	amh	challenge_SSA-MTE	hyp1	News	NaN	79.70462799072266
20	21	en	amh	challenge_SSA-MTE	hyp1	News	NaN	64.42584991455078
21	22	en	amh	challenge_SSA-MTE	hyp1	News	NaN	87.6651840209961
22	23	en	amh	challenge_SSA-MTE	hyp1	News	NaN	91.76716613769531
23	24	en	amh	challenge_SSA-MTE	hyp1	News	NaN	89.25381469726562
24	25	en	amh	challenge_SSA-MTE	hyp1	News	NaN	86.95893096923828
25	26	en	amh	challenge_SSA-MTE	hyp1	News	NaN	80.63328552246094
26	27	en	amh	challenge_SSA-MTE	hyp1	News	NaN	61.629207611083984
27	28	en	amh	challenge_SSA-MTE	hyp1	News	NaN	69.94178771972656
28	29	en	amh	challenge_SSA-MTE	hyp1	News	NaN	77.26998901367188
29	30	en	amh	challenge_SSA-MTE	hyp1	News	NaN	71.5029067993164
30	31	en	amh	challenge_SSA-MTE	hyp1	News	NaN	75.47407531738281
31	32	en	amh	challenge_SSA-MTE	hyp1	News	NaN	77.4886245727539
32	33	en	amh	challenge_SSA-MTE	hyp1	News	NaN	91.96195983886719
33	34	en	amh	challenge_SSA-MTE	hyp1	News	NaN	80.89362335205078
34	35	en	amh	challenge_SSA-MTE	hyp1	News	NaN	92.6708984375
35	36	en	amh	challenge_SSA-MTE	hyp1	News	NaN	90.34168243408203
36	37	en	amh	challenge_SSA-MTE	hyp1	News	NaN	82.63636779785156
37	38	en	amh	challenge_SSA-MTE	hyp1	News	NaN	66.92230224609375
38	39	en	amh	challenge_SSA-MTE	hyp1	News	NaN	73.03004455566406
39	40	en	amh	challenge_SSA-MTE	hyp1	News	NaN	59.1815185546875
40	41	en	amh	challenge_SSA-MTE	hyp1	News	NaN	41.69391632080078
41	42	en	amh	challenge_SSA-MTE	hyp1	News	NaN	52.877105712890625
42	43	en	amh	challenge_SSA-MTE	hyp1	News	NaN	67.53855895996094
43	44	en	amh	challenge_SSA-MTE	hyp1	News	NaN	33.497013092041016
44	45	en	amh	challenge_SSA-MTE	hyp1	News	NaN	72.89732360839844
45	46	en	amh	challenge_SSA-MTE	hyp1	News	NaN	54.26768112182617
46	47	en	amh	challenge_SSA-MTE	hyp1	News	NaN	84.31537628173828
47	48	en	amh	challenge_SSA-MTE	hyp1	News	NaN	85.95419311523438
48	49	en	amh	challenge_SSA-MTE	hyp1	News	NaN	83.19854736328125
49	50	en	amh	challenge_SSA-MTE	hyp1	News	NaN	86.58450317382812
50	51	en	amh	challenge_SSA-MTE	hyp1	News	NaN	88.04670715332031
51	52	en	amh	challenge_SSA-MTE	hyp1	News	NaN	87.09201049804688
52	53	en	amh	challenge_SSA-MTE	hyp1	News	NaN	69.38345336914062
53	54	en	amh	challenge_SSA-MTE	hyp1	News	NaN	60.72974395751953
54	55	en	amh	challenge_SSA-MTE	hyp1	News	NaN	43.30659866333008
55	56	en	amh	challenge_SSA-MTE	hyp1	News	NaN	69.29365539550781
56	57	en	amh	challenge_SSA-MTE	hyp1	News	NaN	33.27672576904297
57	58	en	amh	challenge_SSA-MTE	hyp1	News	NaN	73.92996978759766
58	59	en	amh	challenge_SSA-MTE	hyp1	News	NaN	44.81454849243164
59	60	en	amh	challenge_SSA-MTE	hyp1	News	NaN	91.20670318603516
60	61	en	amh	challenge_SSA-MTE	hyp1	News	NaN	93.11335754394531
61	62	en	amh	challenge_SSA-MTE	hyp1	News	NaN	77.90011596679688
62	63	en	amh	challenge_SSA-MTE	hyp1	News	NaN	78.70915985107422
63	64	en	amh	challenge_SSA-MTE	hyp1	News	NaN	62.006290435791016
64	65	en	amh	challenge_SSA-MTE	hyp1	News	NaN	67.02923583984375
65	66	en	amh	challenge_SSA-MTE	hyp1	News	NaN	32.077880859375
66	67	en	amh	challenge_SSA-MTE	hyp1	News	NaN	66.43653106689453
67	68	en	amh	challenge_SSA-MTE	hyp1	News	NaN	67.8985824584961
68	69	en	amh	challenge_SSA-MTE	hyp1	News	NaN	83.36569213867188
69	70	en	amh	challenge_SSA-MTE	hyp1	News	NaN	76.87109375
70	71	en	amh	challenge_SSA-MTE	hyp1	News	NaN	88.18014526367188
71	72	en	amh	challenge_SSA-MTE	hyp1	News	NaN	90.788818359375
72	73	en	amh	challenge_SSA-MTE	hyp1	News	NaN	63.57331848144531
73	74	en	amh	challenge_SSA-MTE	hyp1	News	NaN	83.481201171875
74	75	en	amh	challenge_SSA-MTE	hyp1	News	NaN	72.94766998291016
75	76	en	amh	challenge_SSA-MTE	hyp1	News	NaN	61.1346549987793
76	77	en	amh	challenge_SSA-MTE	hyp1	News	NaN	70.1772232055664
77	78	en	amh	challenge_SSA-MTE	hyp1	News	NaN	48.56299591064453
78	79	en	amh	challenge_SSA-MTE	hyp1	News	NaN	67.25810241699219
79	80	en	amh	challenge_SSA-MTE	hyp1	News	NaN	62.9044189453125
80	81	en	amh	challenge_SSA-MTE	hyp1	News	NaN	60.262935638427734
81	82	en	amh	challenge_SSA-MTE	hyp1	News	NaN	47.764713287353516
82	83	en	amh	challenge_SSA-MTE	hyp1	News	NaN	54.409915924072266
83	84	en	amh	challenge_SSA-MTE	hyp1	News	NaN	51.592159271240234
84	85	en	amh	challenge_SSA-MTE	hyp1	News	NaN	59.062416076660156
85	86	en	amh	challenge_SSA-MTE	hyp1	News	NaN	82.80137634277344
86	87	en	amh	challenge_SSA-MTE	hyp1	News	NaN	67.85404205322266
87	88	en	amh	challenge_SSA-MTE	hyp1	News	NaN	47.99596405029297
88	89	en	amh	challenge_SSA-MTE	hyp1	News	NaN	80.84483337402344
89	90	en	amh	challenge_SSA-MTE	hyp1	News	NaN	78.74320983886719
90	91	en	amh	challenge_SSA-MTE	hyp1	News	NaN	81.79389953613281
91	92	en	amh	challenge_SSA-MTE	hyp1	News	NaN	64.03187561035156
92	93	en	amh	challenge_SSA-MTE	hyp1	News	NaN	88.43755340576172
93	94	en	amh	challenge_SSA-MTE	hyp1	News	NaN	36.09253692626953
94	95	en	amh	challenge_SSA-MTE	hyp1	News	NaN	21.30896759033203
95	96	en	amh	challenge_SSA-MTE	hyp1	News	NaN	54.403350830078125
96	97	en	amh	challenge_SSA-MTE	hyp1	News	NaN	49.57218933105469
97	98	en	amh	challenge_SSA-MTE	hyp1	News	NaN	50.47993469238281
98	99	en	amh	challenge_SSA-MTE	hyp1	News	NaN	58.31589889526367
99	100	en	amh	challenge_SSA-MTE	hyp1	News	NaN	81.32379150390625
100	101	en	amh	challenge_SSA-MTE	hyp1	News	NaN	59.098899841308594
101	102	en	amh	challenge_SSA-MTE	hyp1	News	NaN	85.66384887695312
102	103	en	amh	challenge_SSA-MTE	hyp1	News	NaN	80.85382080078125
103	104	en	amh	challenge_SSA-MTE	hyp1	News	NaN	52.019771575927734
104	105	en	amh	challenge_SSA-MTE	hyp1	News	NaN	60.61963653564453
105	106	en	amh	challenge_SSA-MTE	hyp1	News	NaN	48.326290130615234
106	107	en	amh	challenge_SSA-MTE	hyp1	News	NaN	75.94631958007812
107	108	en	amh	challenge_SSA-MTE	hyp1	News	NaN	67.06376647949219
108	109	en	amh	challenge_SSA-MTE	hyp1	News	NaN	52.62249755859375
109	110	en	amh	challenge_SSA-MTE	hyp1	News	NaN	37.25157928466797
110	111	en	amh	challenge_SSA-MTE	hyp1	News	NaN	41.15958786010742
111	112	en	amh	challenge_SSA-MTE	hyp1	News	NaN	51.4812126159668
112	113	en	amh	challenge_SSA-MTE	hyp1	News	NaN	26.92148208618164
113	114	en	amh	challenge_SSA-MTE	hyp1	News	NaN	37.845794677734375
114	115	en	amh	challenge_SSA-MTE	hyp1	News	NaN	68.60926818847656
115	116	en	amh	challenge_SSA-MTE	hyp1	News	NaN	37.99615478515625
116	117	en	amh	challenge_SSA-MTE	hyp1	News	NaN	74.18408966064453
117	118	en	amh	challenge_SSA-MTE	hyp1	News	NaN	60.543426513671875
118	119	en	amh	challenge_SSA-MTE	hyp1	News	NaN	31.475210189819336
119	120	en	amh	challenge_SSA-MTE	hyp1	News	NaN	68.03614807128906
120	121	en	amh	challenge_SSA-MTE	hyp1	News	NaN	59.546417236328125
121	122	en	amh	challenge_SSA-MTE	hyp1	News	NaN	40.05923843383789
122	123	en	amh	challenge_SSA-MTE	hyp1	News	NaN	61.13496017456055
123	124	en	amh	challenge_SSA-MTE	hyp1	News	NaN	74.8831787109375
124	125	en	amh	challenge_SSA-MTE	hyp1	News	NaN	55.04308319091797
125	126	en	amh	challenge_SSA-MTE	hyp1	News	NaN	83.40513610839844
126	127	en	amh	challenge_SSA-MTE	hyp1	News	NaN	76.51016998291016
127	128	en	amh	challenge_SSA-MTE	hyp1	News	NaN	75.77337646484375
128	129	en	amh	challenge_SSA-MTE	hyp1	News	NaN	70.19304656982422
129	130	en	amh	challenge_SSA-MTE	hyp1	News	NaN	96.34672546386719
130	131	en	amh	challenge_SSA-MTE	hyp1	News	NaN	96.89036560058594
131	132	en	amh	challenge_SSA-MTE	hyp1	News	NaN	95.28059387207031
132	133	en	amh	challenge_SSA-MTE	hyp1	News	NaN	96.29890441894531
133	134	en	amh	challenge_SSA-MTE	hyp1	News	NaN	87.95039367675781
134	135	en	amh	challenge_SSA-MTE	hyp1	News	NaN	72.40156555175781
135	136	en	amh	challenge_SSA-MTE	hyp1	News	NaN	67.50578308105469
136	137	en	amh	challenge_SSA-MTE	hyp1	News	NaN	74.12726593017578
137	138	en	amh	challenge_SSA-MTE	hyp1	News	NaN	69.24357604980469
138	139	en	amh	challenge_SSA-MTE	hyp1	News	NaN	36.44068145751953
139	140	en	amh	challenge_SSA-MTE	hyp1	News	NaN	49.369544982910156
140	141	en	amh	challenge_SSA-MTE	hyp1	News	NaN	45.461116790771484
141	142	en	amh	challenge_SSA-MTE	hyp1	News	NaN	23.90270233154297
142	143	en	amh	challenge_SSA-MTE	hyp1	News	NaN	51.24537658691406
143	144	en	amh	challenge_SSA-MTE	hyp1	News	NaN	85.09172058105469
144	145	en	amh	challenge_SSA-MTE	hyp1	News	NaN	40.87031555175781
145	146	en	amh	challenge_SSA-MTE	hyp1	News	NaN	56.9163818359375
146	147	en	amh	challenge_SSA-MTE	hyp1	News	NaN	55.138023376464844
147	148	en	amh	challenge_SSA-MTE	hyp1	News	NaN	35.328556060791016
148	149	en	amh	challenge_SSA-MTE	hyp1	News	NaN	69.28936004638672
149	150	en	amh	challenge_SSA-MTE	hyp1	News	NaN	54.69464111328125
150	151	en	amh	challenge_SSA-MTE	hyp1	News	NaN	66.31641387939453
151	152	en	amh	challenge_SSA-MTE	hyp1	News	NaN	75.17294311523438
152	153	en	amh	challenge_SSA-MTE	hyp1	News	NaN	60.22919845581055
153	154	en	amh	challenge_SSA-MTE	hyp1	News	NaN	70.91963958740234
154	155	en	amh	challenge_SSA-MTE	hyp1	News	NaN	71.50902557373047
155	156	en	amh	challenge_SSA-MTE	hyp1	News	NaN	68.48441314697266
156	157	en	amh	challenge_SSA-MTE	hyp1	News	NaN	64.32584381103516
157	158	en	amh	challenge_SSA-MTE	hyp1	News	NaN	69.90272521972656
158	159	en	amh	challenge_SSA-MTE	hyp1	News	NaN	59.29216003417969
159	160	en	amh	challenge_SSA-MTE	hyp1	News	NaN	54.0960693359375
160	161	en	amh	challenge_SSA-MTE	hyp1	News	NaN	60.07430648803711
161	162	en	amh	challenge_SSA-MTE	hyp1	News	NaN	76.96212768554688
162	163	en	amh	challenge_SSA-MTE	hyp1	News	NaN	83.94548034667969
163	164	en	amh	challenge_SSA-MTE	hyp1	News	NaN	72.38766479492188
164	165	en	amh	challenge_SSA-MTE	hyp1	News	NaN	73.53912353515625
165	166	en	amh	challenge_SSA-MTE	hyp1	News	NaN	80.98873901367188
166	167	en	amh	challenge_SSA-MTE	hyp1	News	NaN	62.73396682739258
167	168	en	amh	challenge_SSA-MTE	hyp1	News	NaN	82.46456146240234
168	169	en	amh	challenge_SSA-MTE	hyp1	News	NaN	71.09231567382812
169	170	en	amh	challenge_SSA-MTE	hyp1	News	NaN	82.46771240234375
170	171	en	amh	challenge_SSA-MTE	hyp1	News	NaN	85.585205078125
171	172	en	amh	challenge_SSA-MTE	hyp1	News	NaN	63.77393341064453
172	173	en	amh	challenge_SSA-MTE	hyp1	News	NaN	86.89378356933594
173	174	en	amh	challenge_SSA-MTE	hyp1	News	NaN	85.46607208251953
174	175	en	amh	challenge_SSA-MTE	hyp1	News	NaN	85.54635620117188
175	176	en	amh	challenge_SSA-MTE	hyp1	News	NaN	67.60490417480469
176	177	en	amh	challenge_SSA-MTE	hyp1	News	NaN	53.60322570800781
177	178	en	amh	challenge_SSA-MTE	hyp1	News	NaN	11.528614044189453
178	179	en	amh	challenge_SSA-MTE	hyp1	News	NaN	68.07675170898438
179	180	en	amh	challenge_SSA-MTE	hyp1	News	NaN	50.79751205444336
180	181	en	amh	challenge_SSA-MTE	hyp1	News	NaN	63.731204986572266
181	182	en	amh	challenge_SSA-MTE	hyp1	News	NaN	75.75299835205078
182	183	en	amh	challenge_SSA-MTE	hyp1	News	NaN	83.75178527832031
183	184	en	amh	challenge_SSA-MTE	hyp1	News	NaN	65.08719635009766
184	185	en	amh	challenge_SSA-MTE	hyp1	News	NaN	75.106689453125
185	186	en	amh	challenge_SSA-MTE	hyp1	News	NaN	77.71940612792969
186	187	en	amh	challenge_SSA-MTE	hyp1	News	NaN	81.66027069091797
187	188	en	amh	challenge_SSA-MTE	hyp1	News	NaN	76.67622375488281
188	189	en	amh	challenge_SSA-MTE	hyp1	News	NaN	82.69703674316406
189	190	en	amh	challenge_SSA-MTE	hyp1	News	NaN	58.705108642578125
190	191	en	amh	challenge_SSA-MTE	hyp1	News	NaN	83.6988525390625
191	192	en	amh	challenge_SSA-MTE	hyp1	News	NaN	92.6328125
192	193	en	amh	challenge_SSA-MTE	hyp1	News	NaN	88.98871612548828
193	194	en	amh	challenge_SSA-MTE	hyp1	News	NaN	87.90660095214844
194	195	en	amh	challenge_SSA-MTE	hyp1	News	NaN	90.33950805664062
195	196	en	amh	challenge_SSA-MTE	hyp1	News	NaN	57.317928314208984
196	197	en	amh	challenge_SSA-MTE	hyp1	News	NaN	88.8280029296875
197	198	en	amh	challenge_SSA-MTE	hyp1	News	NaN	93.78911590576172
198	199	en	amh	challenge_SSA-MTE	hyp1	News	NaN	40.74854278564453
199	200	en	amh	challenge_SSA-MTE	hyp1	News	NaN	58.11500549316406
200	201	en	amh	challenge_SSA-MTE	hyp1	News	NaN	60.07530212402344
201	202	en	amh	challenge_SSA-MTE	hyp1	News	NaN	59.77002716064453
202	203	en	amh	challenge_SSA-MTE	hyp1	News	NaN	56.04178237915039
203	204	en	amh	challenge_SSA-MTE	hyp1	News	NaN	53.46394348144531
204	205	en	amh	challenge_SSA-MTE	hyp1	News	NaN	69.77627563476562
205	206	en	amh	challenge_SSA-MTE	hyp1	News	NaN	79.09304809570312
206	207	en	amh	challenge_SSA-MTE	hyp1	News	NaN	66.14988708496094
207	208	en	amh	challenge_SSA-MTE	hyp1	News	NaN	61.22854232788086
208	209	en	amh	challenge_SSA-MTE	hyp1	News	NaN	68.32415771484375
209	210	en	amh	challenge_SSA-MTE	hyp1	News	NaN	73.3048324584961
210	211	en	amh	challenge_SSA-MTE	hyp1	News	NaN	60.7763557434082
211	212	en	amh	challenge_SSA-MTE	hyp1	News	NaN	83.740966796875
212	213	en	amh	challenge_SSA-MTE	hyp1	News	NaN	73.23030090332031
213	214	en	amh	challenge_SSA-MTE	hyp1	News	NaN	71.08436584472656
214	215	en	amh	challenge_SSA-MTE	hyp1	News	NaN	76.20973205566406
215	216	en	amh	challenge_SSA-MTE	hyp1	News	NaN	82.04780578613281
216	217	en	amh	challenge_SSA-MTE	hyp1	News	NaN	47.117095947265625
217	218	en	amh	challenge_SSA-MTE	hyp1	News	NaN	62.643096923828125
218	219	en	amh	challenge_SSA-MTE	hyp1	News	NaN	88.86949920654297
219	220	en	amh	challenge_SSA-MTE	hyp1	News	NaN	80.99205780029297
220	221	en	amh	challenge_SSA-MTE	hyp1	News	NaN	85.02572631835938
221	222	en	amh	challenge_SSA-MTE	hyp1	News	NaN	68.81201171875
222	223	en	amh	challenge_SSA-MTE	hyp1	News	NaN	89.20957946777344
223	224	en	amh	challenge_SSA-MTE	hyp1	News	NaN	78.58273315429688
224	225	en	amh	challenge_SSA-MTE	hyp1	News	NaN	91.32367706298828
225	226	en	amh	challenge_SSA-MTE	hyp1	News	NaN	90.06010437011719
226	227	en	amh	challenge_SSA-MTE	hyp1	News	NaN	73.79528045654297
227	228	en	amh	challenge_SSA-MTE	hyp1	News	NaN	72.85737609863281
228	229	en	amh	challenge_SSA-MTE	hyp1	News	NaN	70.96116638183594
229	230	en	amh	challenge_SSA-MTE	hyp1	News	NaN	81.92674255371094
230	231	en	amh	challenge_SSA-MTE	hyp1	News	NaN	67.28728485107422
231	232	en	amh	challenge_SSA-MTE	hyp1	News	NaN	82.7464599609375
232	233	en	amh	challenge_SSA-MTE	hyp1	News	NaN	83.32929229736328
233	234	en	amh	challenge_SSA-MTE	hyp1	News	NaN	81.6203384399414
234	235	en	amh	challenge_SSA-MTE	hyp1	News	NaN	78.74580383300781
235	236	en	amh	challenge_SSA-MTE	hyp1	News	NaN	78.03878784179688
236	237	en	amh	challenge_SSA-MTE	hyp1	News	NaN	82.65359497070312
237	238	en	amh	challenge_SSA-MTE	hyp1	News	NaN	82.197021484375
238	239	en	amh	challenge_SSA-MTE	hyp1	News	NaN	74.93753814697266
239	240	en	amh	challenge_SSA-MTE	hyp1	News	NaN	84.13623046875
240	241	en	amh	challenge_SSA-MTE	hyp1	News	NaN	81.92579650878906
241	242	en	amh	challenge_SSA-MTE	hyp1	News	NaN	63.074317932128906
242	243	en	amh	challenge_SSA-MTE	hyp1	News	NaN	68.7728271484375
243	244	en	amh	challenge_SSA-MTE	hyp1	News	NaN	78.9966049194336
244	245	en	amh	challenge_SSA-MTE	hyp1	News	NaN	80.51652526855469
245	246	en	amh	challenge_SSA-MTE	hyp1	News	NaN	28.00020980834961
246	247	en	amh	challenge_SSA-MTE	hyp1	News	NaN	85.69309997558594
247	248	en	amh	challenge_SSA-MTE	hyp1	News	NaN	80.51423645019531
248	249	en	amh	challenge_SSA-MTE	hyp1	News	NaN	66.63699340820312
249	250	en	amh	challenge_SSA-MTE	hyp1	News	NaN	86.04508972167969
250	251	en	amh	challenge_SSA-MTE	hyp1	News	NaN	53.02196502685547
251	252	en	amh	challenge_SSA-MTE	hyp1	News	NaN	51.045650482177734
252	253	en	amh	challenge_SSA-MTE	hyp1	News	NaN	64.70684051513672
253	254	en	amh	challenge_SSA-MTE	hyp1	News	NaN	52.41090393066406
254	255	en	amh	challenge_SSA-MTE	hyp1	News	NaN	48.95418930053711
255	256	en	amh	challenge_SSA-MTE	hyp1	News	NaN	83.1566162109375
256	257	en	amh	challenge_SSA-MTE	hyp1	News	NaN	76.21186828613281
257	258	en	amh	challenge_SSA-MTE	hyp1	News	NaN	79.511962890625
258	259	en	amh	challenge_SSA-MTE	hyp1	News	NaN	75.60697937011719
259	260	en	amh	challenge_SSA-MTE	hyp1	News	NaN	77.264892578125
260	261	en	amh	challenge_SSA-MTE	hyp1	News	NaN	88.99697875976562
261	262	en	amh	challenge_SSA-MTE	hyp1	News	NaN	38.774627685546875
262	263	en	amh	challenge_SSA-MTE	hyp1	News	NaN	49.90450668334961
263	264	en	amh	challenge_SSA-MTE	hyp1	News	NaN	52.15158462524414
264	265	en	amh	challenge_SSA-MTE	hyp1	News	NaN	44.20612335205078
265	266	en	amh	challenge_SSA-MTE	hyp1	News	NaN	49.714759826660156
266	267	en	amh	challenge_SSA-MTE	hyp1	News	NaN	59.3272819519043
267	268	en	amh	challenge_SSA-MTE	hyp1	News	NaN	84.82903289794922
268	269	en	amh	challenge_SSA-MTE	hyp1	News	NaN	63.6617546081543
269	270	en	amh	challenge_SSA-MTE	hyp1	News	NaN	71.3501205444336
270	271	en	amh	challenge_SSA-MTE	hyp1	News	NaN	79.20792388916016
271	272	en	amh	challenge_SSA-MTE	hyp1	News	NaN	80.53028106689453
272	273	en	amh	challenge_SSA-MTE	hyp1	News	NaN	79.88262939453125
273	274	en	amh	challenge_SSA-MTE	hyp1	News	NaN	83.25448608398438
274	275	en	amh	challenge_SSA-MTE	hyp1	News	NaN	83.64673614501953
275	276	en	amh	challenge_SSA-MTE	hyp1	News	NaN	77.5062255859375
276	277	en	amh	challenge_SSA-MTE	hyp1	News	NaN	82.25790405273438
277	278	en	amh	challenge_SSA-MTE	hyp1	News	NaN	83.25379943847656
278	279	en	amh	challenge_SSA-MTE	hyp1	News	NaN	80.81385040283203
279	280	en	amh	challenge_SSA-MTE	hyp1	News	NaN	76.27841186523438
280	281	en	amh	challenge_SSA-MTE	hyp1	News	NaN	85.11961364746094
281	282	en	amh	challenge_SSA-MTE	hyp1	News	NaN	74.71168518066406
282	283	en	amh	challenge_SSA-MTE	hyp1	News	NaN	45.84541702270508
283	284	en	amh	challenge_SSA-MTE	hyp1	News	NaN	48.45176696777344
284	285	en	amh	challenge_SSA-MTE	hyp1	News	NaN	52.196781158447266
285	286	en	amh	challenge_SSA-MTE	hyp1	News	NaN	54.517555236816406
286	287	en	amh	challenge_SSA-MTE	hyp1	News	NaN	70.58772277832031
287	288	en	amh	challenge_SSA-MTE	hyp1	News	NaN	55.17057800292969
288	289	en	amh	challenge_SSA-MTE	hyp1	News	NaN	54.022911071777344
289	290	en	amh	challenge_SSA-MTE	hyp1	News	NaN	49.709510803222656
290	291	en	amh	challenge_SSA-MTE	hyp1	News	NaN	70.42230987548828
291	292	en	amh	challenge_SSA-MTE	hyp1	News	NaN	62.15431213378906
292	293	en	amh	challenge_SSA-MTE	hyp1	News	NaN	66.72052001953125
293	294	en	amh	challenge_SSA-MTE	hyp1	News	NaN	76.16644287109375
294	295	en	amh	challenge_SSA-MTE	hyp1	News	NaN	68.7003173828125
295	296	en	amh	challenge_SSA-MTE	hyp1	News	NaN	71.4892807006836
296	297	en	amh	challenge_SSA-MTE	hyp1	News	NaN	76.23622131347656
297	298	en	amh	challenge_SSA-MTE	hyp1	News	NaN	71.1170425415039
298	299	en	amh	challenge_SSA-MTE	hyp1	News	NaN	75.75411224365234
299	300	en	amh	challenge_SSA-MTE	hyp1	News	NaN	63.437843322753906
300	301	en	amh	challenge_SSA-MTE	hyp1	News	NaN	56.468536376953125
301	302	en	amh	challenge_SSA-MTE	hyp1	News	NaN	50.260868072509766
302	303	en	amh	challenge_SSA-MTE	hyp1	News	NaN	79.9788818359375
303	304	en	amh	challenge_SSA-MTE	hyp1	News	NaN	63.56843948364258
304	305	en	amh	challenge_SSA-MTE	hyp1	News	NaN	64.60115814208984
305	306	en	amh	challenge_SSA-MTE	hyp1	News	NaN	73.79779815673828
306	307	en	amh	challenge_SSA-MTE	hyp1	News	NaN	75.08596801757812
307	308	en	amh	challenge_SSA-MTE	hyp1	News	NaN	65.37799835205078
308	309	en	amh	challenge_SSA-MTE	hyp1	News	NaN	57.53948974609375
309	310	en	amh	challenge_SSA-MTE	hyp1	News	NaN	64.81394958496094
310	311	en	amh	challenge_SSA-MTE	hyp1	News	NaN	37.663421630859375
311	312	en	amh	challenge_SSA-MTE	hyp1	News	NaN	66.14964294433594
312	313	en	amh	challenge_SSA-MTE	hyp1	News	NaN	44.55999755859375
313	314	en	amh	challenge_SSA-MTE	hyp1	News	NaN	81.0461196899414
314	315	en	amh	challenge_SSA-MTE	hyp1	News	NaN	73.64509582519531
315	316	en	amh	challenge_SSA-MTE	hyp1	News	NaN	62.82365036010742
316	317	en	amh	challenge_SSA-MTE	hyp1	News	NaN	76.3709487915039
317	318	en	amh	challenge_SSA-MTE	hyp1	News	NaN	81.35612487792969
318	319	en	amh	challenge_SSA-MTE	hyp1	News	NaN	80.74535369873047
319	320	en	amh	challenge_SSA-MTE	hyp1	News	NaN	81.23432922363281
320	321	en	amh	challenge_SSA-MTE	hyp1	News	NaN	80.3846435546875
321	322	en	amh	challenge_SSA-MTE	hyp1	News	NaN	83.11000061035156
322	323	en	amh	challenge_SSA-MTE	hyp1	News	NaN	41.27919006347656
323	324	en	amh	challenge_SSA-MTE	hyp1	News	NaN	51.618404388427734
324	325	en	amh	challenge_SSA-MTE	hyp1	News	NaN	49.0128173828125
325	326	en	amh	challenge_SSA-MTE	hyp1	News	NaN	80.76170349121094
326	327	en	amh	challenge_SSA-MTE	hyp1	News	NaN	62.6075553894043
327	328	en	amh	challenge_SSA-MTE	hyp1	News	NaN	89.92660522460938
328	329	en	amh	challenge_SSA-MTE	hyp1	News	NaN	79.97069549560547
329	330	en	amh	challenge_SSA-MTE	hyp1	News	NaN	94.01663208007812
330	331	en	amh	challenge_SSA-MTE	hyp1	News	NaN	64.24617767333984
331	332	en	amh	challenge_SSA-MTE	hyp1	News	NaN	95.9215316772461
332	333	en	amh	challenge_SSA-MTE	hyp1	News	NaN	96.30377960205078
333	334	en	amh	challenge_SSA-MTE	hyp1	News	NaN	94.22225189208984
334	335	en	amh	challenge_SSA-MTE	hyp1	News	NaN	95.01286315917969
335	336	en	amh	challenge_SSA-MTE	hyp1	News	NaN	91.06192016601562
336	337	en	amh	challenge_SSA-MTE	hyp1	News	NaN	88.69729614257812
337	338	en	amh	challenge_SSA-MTE	hyp1	News	NaN	86.69187927246094
338	339	en	amh	challenge_SSA-MTE	hyp1	News	NaN	89.56104278564453
339	340	en	amh	challenge_SSA-MTE	hyp1	News	NaN	93.14740753173828
340	341	en	amh	challenge_SSA-MTE	hyp1	News	NaN	93.31763458251953
341	342	en	amh	challenge_SSA-MTE	hyp1	News	NaN	89.11164093017578
342	343	en	amh	challenge_SSA-MTE	hyp1	News	NaN	82.89559173583984
343	344	en	amh	challenge_SSA-MTE	hyp1	News	NaN	79.7524642944336
344	345	en	amh	challenge_SSA-MTE	hyp1	News	NaN	70.94456481933594
345	346	en	amh	challenge_SSA-MTE	hyp1	News	NaN	84.19731140136719
346	347	en	amh	challenge_SSA-MTE	hyp1	News	NaN	83.19599914550781
347	348	en	amh	challenge_SSA-MTE	hyp1	News	NaN	54.315338134765625
348	349	en	amh	challenge_SSA-MTE	hyp1	News	NaN	61.88954544067383
349	350	en	amh	challenge_SSA-MTE	hyp1	News	NaN	67.82901763916016
350	351	en	amh	challenge_SSA-MTE	hyp1	News	NaN	75.48177337646484
351	352	en	amh	challenge_SSA-MTE	hyp1	News	NaN	65.66897583007812
352	353	en	amh	challenge_SSA-MTE	hyp1	News	NaN	91.87826538085938
353	354	en	amh	challenge_SSA-MTE	hyp1	News	NaN	51.25897216796875
354	355	en	amh	challenge_SSA-MTE	hyp1	News	NaN	79.70904541015625
355	356	en	amh	challenge_SSA-MTE	hyp1	News	NaN	83.27871704101562
356	357	en	amh	challenge_SSA-MTE	hyp1	News	NaN	88.18194580078125
357	358	en	amh	challenge_SSA-MTE	hyp1	News	NaN	91.31205749511719
358	359	en	amh	challenge_SSA-MTE	hyp1	News	NaN	85.50555419921875
359	360	en	amh	challenge_SSA-MTE	hyp1	News	NaN	37.63936996459961
360	361	en	amh	challenge_SSA-MTE	hyp1	News	NaN	69.90074920654297
361	362	en	amh	challenge_SSA-MTE	hyp1	News	NaN	83.0421371459961
362	363	en	amh	challenge_SSA-MTE	hyp1	News	NaN	87.08616638183594
363	364	en	amh	challenge_SSA-MTE	hyp1	News	NaN	74.55999755859375
364	365	en	amh	challenge_SSA-MTE	hyp1	News	NaN	86.84341430664062
365	366	en	amh	challenge_SSA-MTE	hyp1	News	NaN	82.6644287109375
366	367	en	amh	challenge_SSA-MTE	hyp1	News	NaN	85.90036010742188
367	368	en	amh	challenge_SSA-MTE	hyp1	News	NaN	82.89694213867188
368	369	en	amh	challenge_SSA-MTE	hyp1	News	NaN	91.4676513671875
369	370	en	amh	challenge_SSA-MTE	hyp1	News	NaN	90.47687530517578
370	371	en	amh	challenge_SSA-MTE	hyp1	News	NaN	67.89957427978516
371	372	en	amh	challenge_SSA-MTE	hyp1	News	NaN	87.61387634277344
372	373	en	amh	challenge_SSA-MTE	hyp1	News	NaN	78.92648315429688
373	374	en	amh	challenge_SSA-MTE	hyp1	News	NaN	81.47372436523438
374	375	en	amh	challenge_SSA-MTE	hyp1	News	NaN	90.12471771240234
375	376	en	amh	challenge_SSA-MTE	hyp1	News	NaN	89.20862579345703
376	377	en	amh	challenge_SSA-MTE	hyp1	News	NaN	80.7989273071289
377	378	en	amh	challenge_SSA-MTE	hyp1	News	NaN	65.81036376953125
378	379	en	amh	challenge_SSA-MTE	hyp1	News	NaN	84.5751953125
379	380	en	amh	challenge_SSA-MTE	hyp1	News	NaN	76.01612091064453
380	381	en	amh	challenge_SSA-MTE	hyp1	News	NaN	80.41007995605469
381	382	en	amh	challenge_SSA-MTE	hyp1	News	NaN	90.25212097167969
382	383	en	amh	challenge_SSA-MTE	hyp1	News	NaN	83.37631225585938
383	384	en	amh	challenge_SSA-MTE	hyp1	News	NaN	56.773719787597656
384	385	en	amh	challenge_SSA-MTE	hyp1	News	NaN	76.44754791259766
385	386	en	amh	challenge_SSA-MTE	hyp1	News	NaN	75.17549133300781
386	387	en	amh	challenge_SSA-MTE	hyp1	News	NaN	87.3092269897461
387	388	en	amh	challenge_SSA-MTE	hyp1	News	NaN	86.95012664794922
388	389	en	amh	challenge_SSA-MTE	hyp1	News	NaN	76.44960021972656
389	390	en	amh	challenge_SSA-MTE	hyp1	News	NaN	74.4486083984375
390	391	en	amh	challenge_SSA-MTE	hyp1	News	NaN	76.24736022949219
391	392	en	amh	challenge_SSA-MTE	hyp1	News	NaN	74.78795623779297
392	393	en	amh	challenge_SSA-MTE	hyp1	News	NaN	82.69535064697266
393	394	en	amh	challenge_SSA-MTE	hyp1	News	NaN	78.47265625
394	395	en	amh	challenge_SSA-MTE	hyp1	News	NaN	55.0892219543457
395	396	en	amh	challenge_SSA-MTE	hyp1	News	NaN	55.467308044433594
396	397	en	amh	challenge_SSA-MTE	hyp1	News	NaN	43.954551696777344
397	398	en	amh	challenge_SSA-MTE	hyp1	News	NaN	36.20209503173828
398	399	en	amh	challenge_SSA-MTE	hyp1	News	NaN	35.52946472167969
399	400	en	amh	challenge_SSA-MTE	hyp1	News	NaN	61.808998107910156
400	401	en	amh	challenge_SSA-MTE	hyp1	News	NaN	77.49226379394531
401	402	en	amh	challenge_SSA-MTE	hyp1	News	NaN	68.46807861328125
402	403	en	amh	challenge_SSA-MTE	hyp1	News	NaN	93.06694030761719
403	404	en	amh	challenge_SSA-MTE	hyp1	News	NaN	78.59672546386719
404	405	en	amh	challenge_SSA-MTE	hyp1	News	NaN	75.79663848876953
405	406	en	amh	challenge_SSA-MTE	hyp1	News	NaN	81.14192962646484
406	407	en	amh	challenge_SSA-MTE	hyp1	News	NaN	41.47303771972656
407	408	en	amh	challenge_SSA-MTE	hyp1	News	NaN	61.26378631591797
408	409	en	amh	challenge_SSA-MTE	hyp1	News	NaN	69.58827209472656
409	410	en	amh	challenge_SSA-MTE	hyp1	News	NaN	76.58564758300781
410	411	en	amh	challenge_SSA-MTE	hyp1	News	NaN	87.21407318115234
411	412	en	amh	challenge_SSA-MTE	hyp1	News	NaN	66.06710052490234
412	413	en	amh	challenge_SSA-MTE	hyp1	News	NaN	55.36009979248047
413	414	en	amh	challenge_SSA-MTE	hyp1	News	NaN	71.92747497558594
414	415	en	amh	challenge_SSA-MTE	hyp1	News	NaN	78.22868347167969
415	416	en	amh	challenge_SSA-MTE	hyp1	News	NaN	67.50729370117188
416	417	en	amh	challenge_SSA-MTE	hyp1	News	NaN	70.10032653808594
417	418	en	amh	challenge_SSA-MTE	hyp1	News	NaN	89.55662536621094
418	419	en	amh	challenge_SSA-MTE	hyp1	News	NaN	82.66316223144531
419	420	en	amh	challenge_SSA-MTE	hyp1	News	NaN	80.58356475830078
420	421	en	amh	challenge_SSA-MTE	hyp1	News	NaN	73.84400939941406
421	422	en	amh	challenge_SSA-MTE	hyp1	News	NaN	82.16946411132812
422	423	en	amh	challenge_SSA-MTE	hyp1	News	NaN	90.76158142089844
423	424	en	amh	challenge_SSA-MTE	hyp1	News	NaN	91.17031860351562
424	425	en	amh	challenge_SSA-MTE	hyp1	News	NaN	89.38676452636719
425	426	en	amh	challenge_SSA-MTE	hyp1	News	NaN	60.0173454284668
426	427	en	amh	challenge_SSA-MTE	hyp1	News	NaN	83.7244873046875
427	428	en	amh	challenge_SSA-MTE	hyp1	News	NaN	87.73506164550781
428	429	en	amh	challenge_SSA-MTE	hyp1	News	NaN	86.76001739501953
429	430	en	amh	challenge_SSA-MTE	hyp1	News	NaN	80.68647766113281
430	431	en	amh	challenge_SSA-MTE	hyp1	News	NaN	35.31182861328125
431	432	en	amh	challenge_SSA-MTE	hyp1	News	NaN	70.06987762451172
432	433	en	amh	challenge_SSA-MTE	hyp1	News	NaN	75.9732894897461
433	434	en	amh	challenge_SSA-MTE	hyp1	News	NaN	46.13048553466797
434	435	en	amh	challenge_SSA-MTE	hyp1	News	NaN	89.88314819335938
435	436	en	amh	challenge_SSA-MTE	hyp1	News	NaN	77.38599395751953
436	437	en	amh	challenge_SSA-MTE	hyp1	News	NaN	86.51708984375
437	438	en	amh	challenge_SSA-MTE	hyp1	News	NaN	87.30585479736328
438	439	en	amh	challenge_SSA-MTE	hyp1	News	NaN	88.98928833007812
439	440	en	amh	challenge_SSA-MTE	hyp1	News	NaN	46.12003707885742
440	441	en	amh	challenge_SSA-MTE	hyp1	News	NaN	70.26646423339844
441	442	en	amh	challenge_SSA-MTE	hyp1	News	NaN	86.3384780883789
442	443	en	amh	challenge_SSA-MTE	hyp1	News	NaN	72.91180419921875
443	444	en	amh	challenge_SSA-MTE	hyp1	News	NaN	61.66242218017578
444	445	en	amh	challenge_SSA-MTE	hyp1	News	NaN	66.31147766113281
445	446	en	amh	challenge_SSA-MTE	hyp1	News	NaN	84.40828704833984
446	447	en	amh	challenge_SSA-MTE	hyp1	News	NaN	87.27848052978516
447	448	en	amh	challenge_SSA-MTE	hyp1	News	NaN	27.72422981262207
448	449	en	amh	challenge_SSA-MTE	hyp1	News	NaN	87.69034576416016
449	450	en	amh	challenge_SSA-MTE	hyp1	News	NaN	63.36775588989258
450	451	en	amh	challenge_SSA-MTE	hyp1	News	NaN	82.63230895996094
451	452	en	amh	challenge_SSA-MTE	hyp1	News	NaN	67.59001159667969
452	453	en	amh	challenge_SSA-MTE	hyp1	News	NaN	55.74143600463867
453	454	en	amh	challenge_SSA-MTE	hyp1	News	NaN	29.802499771118164
454	455	en	amh	challenge_SSA-MTE	hyp1	News	NaN	66.10954284667969
455	456	en	amh	challenge_SSA-MTE	hyp1	News	NaN	81.45333862304688
456	457	en	amh	challenge_SSA-MTE	hyp1	News	NaN	83.68540954589844
457	458	en	amh	challenge_SSA-MTE	hyp1	News	NaN	86.0882568359375
458	459	en	amh	challenge_SSA-MTE	hyp1	News	NaN	79.0803451538086
459	460	en	amh	challenge_SSA-MTE	hyp1	News	NaN	80.19937133789062
460	461	en	amh	challenge_SSA-MTE	hyp1	News	NaN	67.11687469482422
461	462	en	amh	challenge_SSA-MTE	hyp1	News	NaN	82.79012298583984
462	463	en	amh	challenge_SSA-MTE	hyp1	News	NaN	88.40628051757812
463	464	en	amh	challenge_SSA-MTE	hyp1	News	NaN	56.24689483642578
464	465	en	amh	challenge_SSA-MTE	hyp1	News	NaN	62.453453063964844
465	466	en	amh	challenge_SSA-MTE	hyp1	News	NaN	55.47077941894531
466	467	en	amh	challenge_SSA-MTE	hyp1	News	NaN	89.06619262695312
467	468	en	amh	challenge_SSA-MTE	hyp1	News	NaN	54.618717193603516
468	469	en	amh	challenge_SSA-MTE	hyp1	News	NaN	62.62952423095703
469	470	en	amh	challenge_SSA-MTE	hyp1	News	NaN	63.866512298583984
470	471	en	amh	challenge_SSA-MTE	hyp1	News	NaN	53.81890106201172
471	472	en	amh	challenge_SSA-MTE	hyp1	News	NaN	51.02632522583008
472	473	en	amh	challenge_SSA-MTE	hyp1	News	NaN	50.197669982910156
473	474	en	amh	challenge_SSA-MTE	hyp1	News	NaN	40.2633056640625
474	475	en	amh	challenge_SSA-MTE	hyp1	News	NaN	43.31117630004883
475	476	en	amh	challenge_SSA-MTE	hyp1	News	NaN	63.963470458984375
476	477	en	amh	challenge_SSA-MTE	hyp1	News	NaN	63.048187255859375
477	478	en	amh	challenge_SSA-MTE	hyp1	News	NaN	57.98201370239258
478	479	en	amh	challenge_SSA-MTE	hyp1	News	NaN	56.3348388671875
479	480	en	amh	challenge_SSA-MTE	hyp1	News	NaN	31.86746597290039
480	481	en	amh	challenge_SSA-MTE	hyp1	News	NaN	12.024250984191895
481	482	en	amh	challenge_SSA-MTE	hyp1	News	NaN	29.598979949951172
482	483	en	amh	challenge_SSA-MTE	hyp1	News	NaN	45.24938201904297
483	484	en	amh	challenge_SSA-MTE	hyp1	News	NaN	39.49019241333008
484	485	en	amh	challenge_SSA-MTE	hyp1	News	NaN	60.81932067871094
485	486	en	amh	challenge_SSA-MTE	hyp1	News	NaN	58.40012741088867
486	487	en	amh	challenge_SSA-MTE	hyp1	News	NaN	21.56266975402832
487	488	en	amh	challenge_SSA-MTE	hyp1	News	NaN	60.760868072509766
488	489	en	amh	challenge_SSA-MTE	hyp1	News	NaN	73.17704772949219
489	490	en	amh	challenge_SSA-MTE	hyp1	News	NaN	67.68448638916016
490	491	en	amh	challenge_SSA-MTE	hyp1	News	NaN	84.40936279296875
491	492	en	amh	challenge_SSA-MTE	hyp1	News	NaN	70.86039733886719
492	493	en	amh	challenge_SSA-MTE	hyp1	News	NaN	84.13426208496094
493	494	en	amh	challenge_SSA-MTE	hyp1	News	NaN	82.37931823730469
494	495	en	amh	challenge_SSA-MTE	hyp1	News	NaN	65.38999938964844
495	496	en	amh	challenge_SSA-MTE	hyp1	News	NaN	87.18252563476562
496	497	en	amh	challenge_SSA-MTE	hyp1	News	NaN	84.38341522216797
497	498	en	amh	challenge_SSA-MTE	hyp1	News	NaN	79.2816162109375
498	499	en	amh	challenge_SSA-MTE	hyp1	News	NaN	82.34729766845703
499	500	en	amh	challenge_SSA-MTE	hyp1	News	NaN	69.52982330322266
500	501	en	amh	challenge_SSA-MTE	hyp1	News	NaN	70.16802215576172
501	502	en	amh	challenge_SSA-MTE	hyp1	News	NaN	81.8668441772461
502	503	en	amh	challenge_SSA-MTE	hyp1	News	NaN	80.01130676269531
503	504	en	amh	challenge_SSA-MTE	hyp1	News	NaN	44.758026123046875
504	505	en	amh	challenge_SSA-MTE	hyp1	News	NaN	57.937225341796875
505	506	en	amh	challenge_SSA-MTE	hyp1	News	NaN	76.86470031738281
506	507	en	amh	challenge_SSA-MTE	hyp1	News	NaN	79.75967407226562
507	508	en	amh	challenge_SSA-MTE	hyp1	News	NaN	67.36688232421875
508	509	en	amh	challenge_SSA-MTE	hyp1	News	NaN	48.214256286621094
509	510	en	amh	challenge_SSA-MTE	hyp1	News	NaN	60.764007568359375
510	511	en	amh	challenge_SSA-MTE	hyp1	News	NaN	63.006675720214844
511	512	en	amh	challenge_SSA-MTE	hyp1	News	NaN	68.21966552734375
512	513	en	amh	challenge_SSA-MTE	hyp1	News	NaN	74.47428894042969
513	514	en	amh	challenge_SSA-MTE	hyp1	News	NaN	80.17798614501953
514	515	en	amh	challenge_SSA-MTE	hyp1	News	NaN	71.13642120361328
515	516	en	amh	challenge_SSA-MTE	hyp1	News	NaN	50.56798553466797
516	517	en	amh	challenge_SSA-MTE	hyp1	News	NaN	83.9522705078125
517	518	en	amh	challenge_SSA-MTE	hyp1	News	NaN	79.90220642089844
518	519	en	amh	challenge_SSA-MTE	hyp1	News	NaN	89.67254638671875
519	520	en	amh	challenge_SSA-MTE	hyp1	News	NaN	85.95706939697266
520	521	en	amh	challenge_SSA-MTE	hyp1	News	NaN	87.90813446044922
521	522	en	amh	challenge_SSA-MTE	hyp1	News	NaN	79.58135223388672
522	523	en	amh	challenge_SSA-MTE	hyp1	News	NaN	87.83648681640625
523	524	en	amh	challenge_SSA-MTE	hyp1	News	NaN	89.48208618164062
524	525	en	amh	challenge_SSA-MTE	hyp1	News	NaN	91.7102279663086
525	526	en	amh	challenge_SSA-MTE	hyp1	News	NaN	51.630226135253906
526	527	en	amh	challenge_SSA-MTE	hyp1	News	NaN	79.08116912841797
527	528	en	amh	challenge_SSA-MTE	hyp1	News	NaN	64.35460662841797
528	529	en	amh	challenge_SSA-MTE	hyp1	News	NaN	81.50640106201172
529	530	en	amh	challenge_SSA-MTE	hyp1	News	NaN	55.23045349121094
530	531	en	amh	challenge_SSA-MTE	hyp1	News	NaN	64.77574920654297
531	532	en	amh	challenge_SSA-MTE	hyp1	News	NaN	82.04915618896484
532	533	en	amh	challenge_SSA-MTE	hyp1	News	NaN	76.59033966064453
533	534	en	amh	challenge_SSA-MTE	hyp1	News	NaN	86.26640319824219
534	535	en	amh	challenge_SSA-MTE	hyp1	News	NaN	77.52018737792969
535	536	en	amh	challenge_SSA-MTE	hyp1	News	NaN	63.12384033203125
536	537	en	amh	challenge_SSA-MTE	hyp1	News	NaN	93.24354553222656
537	538	en	amh	challenge_SSA-MTE	hyp1	News	NaN	47.03596115112305
538	539	en	amh	challenge_SSA-MTE	hyp1	News	NaN	57.60084533691406
539	540	en	amh	challenge_SSA-MTE	hyp1	News	NaN	52.598609924316406
540	541	en	amh	challenge_SSA-MTE	hyp1	News	NaN	49.23597717285156
541	542	en	amh	challenge_SSA-MTE	hyp1	News	NaN	65.12614440917969
542	543	en	amh	challenge_SSA-MTE	hyp1	News	NaN	51.70086669921875
543	544	en	amh	challenge_SSA-MTE	hyp1	News	NaN	80.21524047851562
544	545	en	amh	challenge_SSA-MTE	hyp1	News	NaN	69.79594421386719
545	546	en	amh	challenge_SSA-MTE	hyp1	News	NaN	61.43879699707031
546	547	en	amh	challenge_SSA-MTE	hyp1	News	NaN	76.53807830810547
547	548	en	amh	challenge_SSA-MTE	hyp1	News	NaN	75.7465591430664
548	549	en	amh	challenge_SSA-MTE	hyp1	News	NaN	82.70085144042969
549	550	en	amh	challenge_SSA-MTE	hyp1	News	NaN	69.08865356445312
550	551	en	amh	challenge_SSA-MTE	hyp1	News	NaN	84.92150115966797
551	552	en	amh	challenge_SSA-MTE	hyp1	News	NaN	90.51937866210938
552	553	en	amh	challenge_SSA-MTE	hyp1	News	NaN	92.30107116699219
553	554	en	amh	challenge_SSA-MTE	hyp1	News	NaN	94.28633117675781
554	555	en	amh	challenge_SSA-MTE	hyp1	News	NaN	93.83723449707031
555	556	en	amh	challenge_SSA-MTE	hyp1	News	NaN	72.37849426269531
556	557	en	amh	challenge_SSA-MTE	hyp1	News	NaN	39.186424255371094
557	558	en	amh	challenge_SSA-MTE	hyp1	News	NaN	45.417606353759766
558	559	en	amh	challenge_SSA-MTE	hyp1	News	NaN	68.38187408447266
559	560	en	amh	challenge_SSA-MTE	hyp1	News	NaN	49.462432861328125
560	561	en	amh	challenge_SSA-MTE	hyp1	News	NaN	62.0973014831543
561	562	en	amh	challenge_SSA-MTE	hyp1	News	NaN	69.56680297851562
562	563	en	amh	challenge_SSA-MTE	hyp1	News	NaN	62.866302490234375
563	564	en	amh	challenge_SSA-MTE	hyp1	News	NaN	79.02836608886719
564	565	en	amh	challenge_SSA-MTE	hyp1	News	NaN	45.357669830322266
565	566	en	amh	challenge_SSA-MTE	hyp1	News	NaN	82.35979461669922
566	567	en	amh	challenge_SSA-MTE	hyp1	News	NaN	81.85551452636719
567	568	en	amh	challenge_SSA-MTE	hyp1	News	NaN	73.54669189453125
568	569	en	amh	challenge_SSA-MTE	hyp1	News	NaN	54.69053268432617
569	570	en	amh	challenge_SSA-MTE	hyp1	News	NaN	41.07301712036133
570	571	en	amh	challenge_SSA-MTE	hyp1	News	NaN	81.00224304199219
571	572	en	amh	challenge_SSA-MTE	hyp1	News	NaN	55.31781768798828
572	573	en	amh	challenge_SSA-MTE	hyp1	News	NaN	71.70972442626953
573	574	en	amh	challenge_SSA-MTE	hyp1	News	NaN	83.16107940673828
574	575	en	amh	challenge_SSA-MTE	hyp1	News	NaN	75.08000946044922
575	576	en	amh	challenge_SSA-MTE	hyp1	News	NaN	87.0657730102539
576	577	en	amh	challenge_SSA-MTE	hyp1	News	NaN	76.63114929199219
577	578	en	amh	challenge_SSA-MTE	hyp1	News	NaN	82.14958953857422
578	579	en	amh	challenge_SSA-MTE	hyp1	News	NaN	84.91744232177734
579	580	en	amh	challenge_SSA-MTE	hyp1	News	NaN	73.21568298339844
580	581	en	amh	challenge_SSA-MTE	hyp1	News	NaN	43.003326416015625
581	582	en	amh	challenge_SSA-MTE	hyp1	News	NaN	25.59777069091797
582	583	en	amh	challenge_SSA-MTE	hyp1	News	NaN	74.39517211914062
583	584	en	amh	challenge_SSA-MTE	hyp1	News	NaN	58.9738883972168
584	585	en	amh	challenge_SSA-MTE	hyp1	News	NaN	73.2762680053711
585	586	en	amh	challenge_SSA-MTE	hyp1	News	NaN	37.52454376220703
586	587	en	amh	challenge_SSA-MTE	hyp1	News	NaN	74.76148223876953
587	588	en	amh	challenge_SSA-MTE	hyp1	News	NaN	89.98170471191406
588	589	en	amh	challenge_SSA-MTE	hyp1	News	NaN	84.20138549804688
589	590	en	amh	challenge_SSA-MTE	hyp1	News	NaN	70.01788330078125
590	591	en	amh	challenge_SSA-MTE	hyp1	News	NaN	74.38677215576172
591	592	en	amh	challenge_SSA-MTE	hyp1	News	NaN	82.86420440673828
592	593	en	amh	challenge_SSA-MTE	hyp1	News	NaN	81.21637725830078
593	594	en	amh	challenge_SSA-MTE	hyp1	News	NaN	67.48114013671875
594	595	en	amh	challenge_SSA-MTE	hyp1	News	NaN	88.19891357421875
595	596	en	amh	challenge_SSA-MTE	hyp1	News	NaN	55.379608154296875
596	597	en	amh	challenge_SSA-MTE	hyp1	News	NaN	39.41926956176758
597	598	en	amh	challenge_SSA-MTE	hyp1	News	NaN	43.513092041015625
598	599	en	amh	challenge_SSA-MTE	hyp1	News	NaN	53.40641403198242
599	600	en	amh	challenge_SSA-MTE	hyp1	News	NaN	42.77721405029297
600	601	en	amh	challenge_SSA-MTE	hyp1	News	NaN	59.39176940917969
601	602	en	amh	challenge_SSA-MTE	hyp1	News	NaN	65.54952239990234
602	603	en	amh	challenge_SSA-MTE	hyp1	News	NaN	72.38594818115234
603	604	en	amh	challenge_SSA-MTE	hyp1	News	NaN	77.72439575195312
604	605	en	amh	challenge_SSA-MTE	hyp1	News	NaN	71.60636138916016
605	606	en	amh	challenge_SSA-MTE	hyp1	News	NaN	69.76119232177734
606	607	en	amh	challenge_SSA-MTE	hyp1	News	NaN	74.4479751586914
607	608	en	amh	challenge_SSA-MTE	hyp1	News	NaN	53.17483139038086
608	609	en	amh	challenge_SSA-MTE	hyp1	News	NaN	66.45524597167969
609	610	en	amh	challenge_SSA-MTE	hyp1	News	NaN	82.2496337890625
610	611	en	amh	challenge_SSA-MTE	hyp1	News	NaN	76.61372375488281
611	612	en	amh	challenge_SSA-MTE	hyp1	News	NaN	57.21459197998047
612	613	en	amh	challenge_SSA-MTE	hyp1	News	NaN	89.10504913330078
613	614	en	amh	challenge_SSA-MTE	hyp1	News	NaN	85.48594665527344
614	615	en	amh	challenge_SSA-MTE	hyp1	News	NaN	71.57684326171875
615	616	en	amh	challenge_SSA-MTE	hyp1	News	NaN	37.530677795410156
616	617	en	amh	challenge_SSA-MTE	hyp1	News	NaN	85.12977600097656
617	618	en	amh	challenge_SSA-MTE	hyp1	News	NaN	68.41740417480469
618	619	en	amh	challenge_SSA-MTE	hyp1	News	NaN	87.781982421875
619	620	en	amh	challenge_SSA-MTE	hyp1	News	NaN	69.87654113769531
620	621	en	amh	challenge_SSA-MTE	hyp1	News	NaN	89.15054321289062
621	622	en	amh	challenge_SSA-MTE	hyp1	News	NaN	57.51179885864258
622	623	en	amh	challenge_SSA-MTE	hyp1	News	NaN	69.44914245605469
623	624	en	amh	challenge_SSA-MTE	hyp1	News	NaN	80.3095932006836
624	625	en	amh	challenge_SSA-MTE	hyp1	News	NaN	78.34413146972656
625	626	en	amh	challenge_SSA-MTE	hyp1	News	NaN	65.65576171875
626	627	en	amh	challenge_SSA-MTE	hyp1	News	NaN	85.6361083984375
627	628	en	amh	challenge_SSA-MTE	hyp1	News	NaN	60.55502700805664
628	629	en	amh	challenge_SSA-MTE	hyp1	News	NaN	69.8844985961914
629	630	en	amh	challenge_SSA-MTE	hyp1	News	NaN	49.31536865234375
630	631	en	amh	challenge_SSA-MTE	hyp1	News	NaN	71.87789154052734
631	632	en	amh	challenge_SSA-MTE	hyp1	News	NaN	79.49063110351562
632	633	en	amh	challenge_SSA-MTE	hyp1	News	NaN	85.92111206054688
633	634	en	amh	challenge_SSA-MTE	hyp1	News	NaN	74.9461669921875
634	635	en	amh	challenge_SSA-MTE	hyp1	News	NaN	67.83030700683594
635	636	en	amh	challenge_SSA-MTE	hyp1	News	NaN	79.6233139038086
636	637	en	amh	challenge_SSA-MTE	hyp1	News	NaN	81.70890808105469
637	638	en	amh	challenge_SSA-MTE	hyp1	News	NaN	72.23579406738281
638	639	en	amh	challenge_SSA-MTE	hyp1	News	NaN	65.0462646484375
639	640	en	amh	challenge_SSA-MTE	hyp1	News	NaN	79.87789916992188
640	641	en	amh	challenge_SSA-MTE	hyp1	News	NaN	73.61186218261719
641	642	en	amh	challenge_SSA-MTE	hyp1	News	NaN	77.78247833251953
642	643	en	amh	challenge_SSA-MTE	hyp1	News	NaN	79.4958267211914
643	644	en	amh	challenge_SSA-MTE	hyp1	News	NaN	70.85408020019531
644	645	en	amh	challenge_SSA-MTE	hyp1	News	NaN	38.99677276611328
645	646	en	amh	challenge_SSA-MTE	hyp1	News	NaN	38.84532928466797
646	647	en	amh	challenge_SSA-MTE	hyp1	News	NaN	47.89609146118164
647	648	en	amh	challenge_SSA-MTE	hyp1	News	NaN	28.854007720947266
648	649	en	amh	challenge_SSA-MTE	hyp1	News	NaN	76.60850524902344
649	650	en	amh	challenge_SSA-MTE	hyp1	News	NaN	55.447059631347656
650	651	en	amh	challenge_SSA-MTE	hyp1	News	NaN	43.617244720458984
651	652	en	amh	challenge_SSA-MTE	hyp1	News	NaN	34.74120330810547
652	653	en	amh	challenge_SSA-MTE	hyp1	News	NaN	36.4569091796875
653	654	en	amh	challenge_SSA-MTE	hyp1	News	NaN	72.45429992675781
654	655	en	amh	challenge_SSA-MTE	hyp1	News	NaN	65.63426208496094
655	656	en	amh	challenge_SSA-MTE	hyp1	News	NaN	28.326017379760742
656	657	en	amh	challenge_SSA-MTE	hyp1	News	NaN	55.174808502197266
657	658	en	amh	challenge_SSA-MTE	hyp1	News	NaN	32.38241958618164
658	659	en	amh	challenge_SSA-MTE	hyp1	News	NaN	63.972007751464844
659	660	en	amh	challenge_SSA-MTE	hyp1	News	NaN	61.56760025024414
660	661	en	amh	challenge_SSA-MTE	hyp1	News	NaN	41.37885665893555
661	662	en	amh	challenge_SSA-MTE	hyp1	News	NaN	44.264686584472656
662	663	en	amh	challenge_SSA-MTE	hyp1	News	NaN	63.71259307861328
663	664	en	amh	challenge_SSA-MTE	hyp1	News	NaN	65.83189392089844
664	665	en	amh	challenge_SSA-MTE	hyp1	News	NaN	59.460411071777344
665	666	en	amh	challenge_SSA-MTE	hyp1	News	NaN	77.22415924072266
666	667	en	amh	challenge_SSA-MTE	hyp1	News	NaN	49.89242935180664
667	668	en	amh	challenge_SSA-MTE	hyp1	News	NaN	46.87507247924805
668	669	en	amh	challenge_SSA-MTE	hyp1	News	NaN	76.05353546142578
669	670	en	amh	challenge_SSA-MTE	hyp1	News	NaN	68.60353088378906
670	671	en	amh	challenge_SSA-MTE	hyp1	News	NaN	52.17420959472656
671	672	en	amh	challenge_SSA-MTE	hyp1	News	NaN	76.57484436035156
672	673	en	amh	challenge_SSA-MTE	hyp1	News	NaN	51.40470504760742
673	674	en	amh	challenge_SSA-MTE	hyp1	News	NaN	31.282920837402344
674	675	en	amh	challenge_SSA-MTE	hyp1	News	NaN	50.82060241699219
675	676	en	amh	challenge_SSA-MTE	hyp1	News	NaN	57.56156921386719
676	677	en	amh	challenge_SSA-MTE	hyp1	News	NaN	48.33539962768555
677	678	en	amh	challenge_SSA-MTE	hyp1	News	NaN	89.42193603515625
678	679	en	amh	challenge_SSA-MTE	hyp1	News	NaN	59.474151611328125
679	680	en	amh	challenge_SSA-MTE	hyp1	News	NaN	85.45565795898438
680	681	en	amh	challenge_SSA-MTE	hyp1	News	NaN	79.2613296508789
681	682	en	amh	challenge_SSA-MTE	hyp1	News	NaN	80.45760345458984
682	683	en	amh	challenge_SSA-MTE	hyp1	News	NaN	79.70626068115234
683	684	en	amh	challenge_SSA-MTE	hyp1	News	NaN	79.40974426269531
684	685	en	amh	challenge_SSA-MTE	hyp1	News	NaN	56.645957946777344
685	686	en	amh	challenge_SSA-MTE	hyp1	News	NaN	73.98661804199219
686	687	en	amh	challenge_SSA-MTE	hyp1	News	NaN	77.96748352050781
687	688	en	amh	challenge_SSA-MTE	hyp1	News	NaN	77.6666259765625
688	689	en	amh	challenge_SSA-MTE	hyp1	News	NaN	75.06623840332031
689	690	en	amh	challenge_SSA-MTE	hyp1	News	NaN	68.72964477539062
690	691	en	amh	challenge_SSA-MTE	hyp1	News	NaN	82.3725814819336
691	692	en	amh	challenge_SSA-MTE	hyp1	News	NaN	89.93273162841797
692	693	en	amh	challenge_SSA-MTE	hyp1	News	NaN	88.13618469238281
693	694	en	amh	challenge_SSA-MTE	hyp1	News	NaN	86.72252655029297
694	695	en	amh	challenge_SSA-MTE	hyp1	News	NaN	80.34455871582031
695	696	en	amh	challenge_SSA-MTE	hyp1	News	NaN	54.840606689453125
696	697	en	amh	challenge_SSA-MTE	hyp1	News	NaN	89.62444305419922
697	698	en	amh	challenge_SSA-MTE	hyp1	News	NaN	82.23861694335938
698	699	en	amh	challenge_SSA-MTE	hyp1	News	NaN	76.12016296386719
699	700	en	amh	challenge_SSA-MTE	hyp1	News	NaN	93.69857788085938
700	701	en	amh	challenge_SSA-MTE	hyp1	News	NaN	82.2797622680664
701	702	en	amh	challenge_SSA-MTE	hyp1	News	NaN	70.05534362792969
702	703	en	amh	challenge_SSA-MTE	hyp1	News	NaN	68.17521667480469
703	704	en	amh	challenge_SSA-MTE	hyp1	News	NaN	56.200077056884766
704	705	en	amh	challenge_SSA-MTE	hyp1	News	NaN	29.975793838500977
705	706	en	amh	challenge_SSA-MTE	hyp1	News	NaN	77.11734008789062
706	707	en	amh	challenge_SSA-MTE	hyp1	News	NaN	81.13383483886719
707	708	en	amh	challenge_SSA-MTE	hyp1	News	NaN	35.08381271362305
708	709	en	amh	challenge_SSA-MTE	hyp1	News	NaN	35.04475784301758
709	710	en	amh	challenge_SSA-MTE	hyp1	News	NaN	73.84703063964844
710	711	en	amh	challenge_SSA-MTE	hyp1	News	NaN	52.20030212402344
711	712	en	amh	challenge_SSA-MTE	hyp1	News	NaN	71.48764038085938
712	713	en	amh	challenge_SSA-MTE	hyp1	News	NaN	70.38460540771484
713	714	en	amh	challenge_SSA-MTE	hyp1	News	NaN	37.2668571472168
714	715	en	amh	challenge_SSA-MTE	hyp1	News	NaN	51.095191955566406
715	716	en	amh	challenge_SSA-MTE	hyp1	News	NaN	52.050086975097656
716	717	en	amh	challenge_SSA-MTE	hyp1	News	NaN	60.59565353393555
717	718	en	amh	challenge_SSA-MTE	hyp1	News	NaN	50.86770248413086
718	719	en	amh	challenge_SSA-MTE	hyp1	News	NaN	55.743446350097656
719	720	en	amh	challenge_SSA-MTE	hyp1	News	NaN	70.15425109863281
720	721	en	amh	challenge_SSA-MTE	hyp1	News	NaN	65.30186462402344
721	722	en	amh	challenge_SSA-MTE	hyp1	News	NaN	-0.16172188520431519
722	723	en	amh	challenge_SSA-MTE	hyp1	News	NaN	79.72592163085938
723	724	en	amh	challenge_SSA-MTE	hyp1	News	NaN	74.18712615966797
724	725	en	amh	challenge_SSA-MTE	hyp1	News	NaN	89.52069854736328
725	726	en	amh	challenge_SSA-MTE	hyp1	News	NaN	80.75792694091797
726	727	en	amh	challenge_SSA-MTE	hyp1	News	NaN	85.29356384277344
727	728	en	amh	challenge_SSA-MTE	hyp1	News	NaN	88.14095306396484
728	729	en	amh	challenge_SSA-MTE	hyp1	News	NaN	86.95430755615234
729	730	en	amh	challenge_SSA-MTE	hyp1	News	NaN	71.67982482910156
730	731	en	amh	challenge_SSA-MTE	hyp1	News	NaN	61.7445068359375
731	732	en	amh	challenge_SSA-MTE	hyp1	News	NaN	84.44630432128906
732	733	en	amh	challenge_SSA-MTE	hyp1	News	NaN	42.21478271484375
733	734	en	amh	challenge_SSA-MTE	hyp1	News	NaN	65.31511688232422
734	735	en	amh	challenge_SSA-MTE	hyp1	News	NaN	58.43352508544922
735	736	en	amh	challenge_SSA-MTE	hyp1	News	NaN	70.22590637207031
736	737	en	amh	challenge_SSA-MTE	hyp1	News	NaN	74.08132934570312
737	738	en	amh	challenge_SSA-MTE	hyp1	News	NaN	57.43242645263672
738	739	en	amh	challenge_SSA-MTE	hyp1	News	NaN	60.43089294433594
739	740	en	amh	challenge_SSA-MTE	hyp1	News	NaN	71.28643798828125
740	741	en	amh	challenge_SSA-MTE	hyp1	News	NaN	63.846923828125
741	742	en	amh	challenge_SSA-MTE	hyp1	News	NaN	49.14649963378906
742	743	en	amh	challenge_SSA-MTE	hyp1	News	NaN	65.555419921875
743	744	en	amh	challenge_SSA-MTE	hyp1	News	NaN	54.293190002441406
744	745	en	amh	challenge_SSA-MTE	hyp1	News	NaN	56.954673767089844
745	746	en	amh	challenge_SSA-MTE	hyp1	News	NaN	91.06050109863281
746	747	en	amh	challenge_SSA-MTE	hyp1	News	NaN	91.33274841308594
747	748	en	amh	challenge_SSA-MTE	hyp1	News	NaN	90.69025421142578
748	749	en	amh	challenge_SSA-MTE	hyp1	News	NaN	81.4954833984375
749	750	en	amh	challenge_SSA-MTE	hyp1	News	NaN	84.69400024414062
750	751	en	amh	challenge_SSA-MTE	hyp1	News	NaN	91.74040985107422
751	752	en	amh	challenge_SSA-MTE	hyp1	News	NaN	65.83480072021484
752	753	en	amh	challenge_SSA-MTE	hyp1	News	NaN	51.55352783203125
753	754	en	amh	challenge_SSA-MTE	hyp1	News	NaN	69.98907470703125
754	755	en	amh	challenge_SSA-MTE	hyp1	News	NaN	65.52995300292969
755	756	en	amh	challenge_SSA-MTE	hyp1	News	NaN	76.2322998046875
756	757	en	amh	challenge_SSA-MTE	hyp1	News	NaN	62.88239288330078
757	758	en	amh	challenge_SSA-MTE	hyp1	News	NaN	43.37038040161133
758	759	en	amh	challenge_SSA-MTE	hyp1	News	NaN	45.600059509277344
759	760	en	amh	challenge_SSA-MTE	hyp1	News	NaN	50.863136291503906
760	761	en	amh	challenge_SSA-MTE	hyp1	News	NaN	36.669960021972656
761	762	en	amh	challenge_SSA-MTE	hyp1	News	NaN	48.21808624267578
762	763	en	amh	challenge_SSA-MTE	hyp1	News	NaN	50.8315315246582
763	764	en	amh	challenge_SSA-MTE	hyp1	News	NaN	75.1865005493164
764	765	en	amh	challenge_SSA-MTE	hyp1	News	NaN	71.89851379394531
765	766	en	amh	challenge_SSA-MTE	hyp1	News	NaN	71.36123657226562
766	767	en	amh	challenge_SSA-MTE	hyp1	News	NaN	80.97264099121094
767	768	en	amh	challenge_SSA-MTE	hyp1	News	NaN	72.42451477050781
768	769	en	amh	challenge_SSA-MTE	hyp1	News	NaN	76.81013488769531
769	770	en	amh	challenge_SSA-MTE	hyp1	News	NaN	85.76127624511719
770	771	en	amh	challenge_SSA-MTE	hyp1	News	NaN	55.68389892578125
771	772	en	amh	challenge_SSA-MTE	hyp1	News	NaN	75.48085021972656
772	773	en	amh	challenge_SSA-MTE	hyp1	News	NaN	84.62740325927734
773	774	en	amh	challenge_SSA-MTE	hyp1	News	NaN	69.26750183105469
774	775	en	amh	challenge_SSA-MTE	hyp1	News	NaN	81.80360412597656
775	776	en	amh	challenge_SSA-MTE	hyp1	News	NaN	60.48393249511719
776	777	en	amh	challenge_SSA-MTE	hyp1	News	NaN	31.15764617919922
777	778	en	amh	challenge_SSA-MTE	hyp1	News	NaN	46.05824661254883
778	779	en	amh	challenge_SSA-MTE	hyp1	News	NaN	72.53285217285156
779	780	en	amh	challenge_SSA-MTE	hyp1	News	NaN	50.82362365722656
780	781	en	amh	challenge_SSA-MTE	hyp1	News	NaN	70.04523468017578
781	782	en	amh	challenge_SSA-MTE	hyp1	News	NaN	85.92632293701172
782	783	en	amh	challenge_SSA-MTE	hyp1	News	NaN	86.28252410888672
783	784	en	amh	challenge_SSA-MTE	hyp1	News	NaN	73.93276977539062
784	785	en	amh	challenge_SSA-MTE	hyp1	News	NaN	88.90155029296875
785	786	en	amh	challenge_SSA-MTE	hyp1	News	NaN	86.57659912109375
786	787	en	amh	challenge_SSA-MTE	hyp1	News	NaN	86.28569793701172
787	788	en	amh	challenge_SSA-MTE	hyp1	News	NaN	81.80506896972656
788	789	en	amh	challenge_SSA-MTE	hyp1	News	NaN	68.93070983886719
789	790	en	amh	challenge_SSA-MTE	hyp1	News	NaN	75.61478424072266
790	791	en	amh	challenge_SSA-MTE	hyp1	News	NaN	85.75993347167969
791	792	en	amh	challenge_SSA-MTE	hyp1	News	NaN	80.94251251220703
792	793	en	amh	challenge_SSA-MTE	hyp1	News	NaN	81.12499237060547
793	794	en	amh	challenge_SSA-MTE	hyp1	News	NaN	81.3892822265625
794	795	en	amh	challenge_SSA-MTE	hyp1	News	NaN	84.89083862304688
795	796	en	amh	challenge_SSA-MTE	hyp1	News	NaN	82.72534942626953
796	797	en	amh	challenge_SSA-MTE	hyp1	News	NaN	82.89118957519531
797	798	en	amh	challenge_SSA-MTE	hyp1	News	NaN	73.59463500976562
798	799	en	amh	challenge_SSA-MTE	hyp1	News	NaN	89.07955932617188
799	800	en	amh	challenge_SSA-MTE	hyp1	News	NaN	82.38920593261719
800	801	en	amh	challenge_SSA-MTE	hyp1	News	NaN	79.86491394042969
801	802	en	amh	challenge_SSA-MTE	hyp1	News	NaN	69.07293701171875
802	803	en	amh	challenge_SSA-MTE	hyp1	News	NaN	80.09723663330078
803	804	en	amh	challenge_SSA-MTE	hyp1	News	NaN	82.32475280761719
804	805	en	amh	challenge_SSA-MTE	hyp1	News	NaN	78.09098815917969
805	806	en	amh	challenge_SSA-MTE	hyp1	News	NaN	76.96961212158203
806	807	en	amh	challenge_SSA-MTE	hyp1	News	NaN	45.601043701171875
807	808	en	amh	challenge_SSA-MTE	hyp1	News	NaN	74.7450942993164
808	809	en	amh	challenge_SSA-MTE	hyp1	News	NaN	63.09172821044922
809	810	en	amh	challenge_SSA-MTE	hyp1	News	NaN	72.97605895996094
810	811	en	amh	challenge_SSA-MTE	hyp1	News	NaN	42.6201171875
811	812	en	amh	challenge_SSA-MTE	hyp1	News	NaN	52.69606018066406
812	813	en	amh	challenge_SSA-MTE	hyp1	News	NaN	52.102386474609375
813	814	en	amh	challenge_SSA-MTE	hyp1	News	NaN	66.78399658203125
814	815	en	amh	challenge_SSA-MTE	hyp1	News	NaN	73.35315704345703
815	816	en	amh	challenge_SSA-MTE	hyp1	News	NaN	52.70116424560547
816	817	en	amh	challenge_SSA-MTE	hyp1	News	NaN	65.51382446289062
817	818	en	amh	challenge_SSA-MTE	hyp1	News	NaN	67.88674926757812
818	819	en	amh	challenge_SSA-MTE	hyp1	News	NaN	41.12477493286133
819	820	en	amh	challenge_SSA-MTE	hyp1	News	NaN	83.13980102539062
820	821	en	amh	challenge_SSA-MTE	hyp1	News	NaN	61.63479995727539
821	822	en	amh	challenge_SSA-MTE	hyp1	News	NaN	67.4442138671875
822	823	en	amh	challenge_SSA-MTE	hyp1	News	NaN	67.3492202758789
823	824	en	amh	challenge_SSA-MTE	hyp1	News	NaN	58.72504806518555
824	825	en	amh	challenge_SSA-MTE	hyp1	News	NaN	53.12914276123047
825	826	en	amh	challenge_SSA-MTE	hyp1	News	NaN	65.39209747314453
826	827	en	amh	challenge_SSA-MTE	hyp1	News	NaN	73.25062561035156
827	828	en	amh	challenge_SSA-MTE	hyp1	News	NaN	76.07173156738281
828	829	en	amh	challenge_SSA-MTE	hyp1	News	NaN	82.29991912841797
829	830	en	amh	challenge_SSA-MTE	hyp1	News	NaN	79.43971252441406
830	831	en	amh	challenge_SSA-MTE	hyp1	News	NaN	73.58903503417969
831	832	en	amh	challenge_SSA-MTE	hyp1	News	NaN	76.61331176757812
832	833	en	amh	challenge_SSA-MTE	hyp1	News	NaN	85.61012268066406
833	834	en	amh	challenge_SSA-MTE	hyp1	News	NaN	75.71590423583984
834	835	en	amh	challenge_SSA-MTE	hyp1	News	NaN	83.29998779296875
835	836	en	amh	challenge_SSA-MTE	hyp1	News	NaN	68.31961059570312
836	837	en	amh	challenge_SSA-MTE	hyp1	News	NaN	78.40910339355469
837	838	en	amh	challenge_SSA-MTE	hyp1	News	NaN	80.21928405761719
838	839	en	amh	challenge_SSA-MTE	hyp1	News	NaN	90.6043930053711
839	840	en	amh	challenge_SSA-MTE	hyp1	News	NaN	86.08992004394531
840	841	en	amh	challenge_SSA-MTE	hyp1	News	NaN	79.17423248291016
841	842	en	amh	challenge_SSA-MTE	hyp1	News	NaN	85.99309539794922
842	843	en	amh	challenge_SSA-MTE	hyp1	News	NaN	89.7901611328125
843	844	en	amh	challenge_SSA-MTE	hyp1	News	NaN	89.41484832763672
844	845	en	amh	challenge_SSA-MTE	hyp1	News	NaN	78.52888488769531
845	846	en	amh	challenge_SSA-MTE	hyp1	News	NaN	62.27496337890625
846	847	en	amh	challenge_SSA-MTE	hyp1	News	NaN	77.57180786132812
847	848	en	amh	challenge_SSA-MTE	hyp1	News	NaN	74.06034851074219
848	849	en	amh	challenge_SSA-MTE	hyp1	News	NaN	73.45781707763672
849	850	en	amh	challenge_SSA-MTE	hyp1	News	NaN	75.87348937988281
850	851	en	amh	challenge_SSA-MTE	hyp1	News	NaN	85.7885513305664
851	852	en	amh	challenge_SSA-MTE	hyp1	News	NaN	90.09208679199219
852	853	en	amh	challenge_SSA-MTE	hyp1	News	NaN	87.43344116210938
853	854	en	amh	challenge_SSA-MTE	hyp1	News	NaN	91.68614959716797
854	855	en	amh	challenge_SSA-MTE	hyp1	News	NaN	87.46398162841797
855	856	en	amh	challenge_SSA-MTE	hyp1	News	NaN	90.40641021728516
856	857	en	amh	challenge_SSA-MTE	hyp1	News	NaN	64.85311126708984
857	858	en	amh	challenge_SSA-MTE	hyp1	News	NaN	85.8795166015625
858	859	en	amh	challenge_SSA-MTE	hyp1	News	NaN	60.783058166503906
859	860	en	amh	challenge_SSA-MTE	hyp1	News	NaN	60.13827133178711
860	861	en	amh	challenge_SSA-MTE	hyp1	News	NaN	52.196311950683594
861	862	en	amh	challenge_SSA-MTE	hyp1	News	NaN	89.48872375488281
862	863	en	amh	challenge_SSA-MTE	hyp1	News	NaN	62.90855407714844
863	864	en	amh	challenge_SSA-MTE	hyp1	News	NaN	68.1796875
864	865	en	amh	challenge_SSA-MTE	hyp1	News	NaN	87.79911804199219
865	866	en	amh	challenge_SSA-MTE	hyp1	News	NaN	92.75335693359375
866	867	en	amh	challenge_SSA-MTE	hyp1	News	NaN	66.10616302490234
867	868	en	amh	challenge_SSA-MTE	hyp1	News	NaN	44.16004943847656
868	869	en	amh	challenge_SSA-MTE	hyp1	News	NaN	64.56761932373047
869	870	en	amh	challenge_SSA-MTE	hyp1	News	NaN	87.14977264404297
870	871	en	amh	challenge_SSA-MTE	hyp1	News	NaN	79.16775512695312
871	872	en	amh	challenge_SSA-MTE	hyp1	News	NaN	78.81859588623047
872	873	en	amh	challenge_SSA-MTE	hyp1	News	NaN	62.88407897949219
873	874	en	amh	challenge_SSA-MTE	hyp1	News	NaN	62.893157958984375
874	875	en	amh	challenge_SSA-MTE	hyp1	News	NaN	56.321327209472656
875	876	en	amh	challenge_SSA-MTE	hyp1	News	NaN	66.5062255859375
876	877	en	amh	challenge_SSA-MTE	hyp1	News	NaN	90.1107406616211
877	878	en	amh	challenge_SSA-MTE	hyp1	News	NaN	57.01968765258789
878	879	en	amh	challenge_SSA-MTE	hyp1	News	NaN	69.81149291992188
879	880	en	amh	challenge_SSA-MTE	hyp1	News	NaN	48.49127960205078
880	881	en	amh	challenge_SSA-MTE	hyp1	News	NaN	69.406982421875
881	882	en	amh	challenge_SSA-MTE	hyp1	News	NaN	58.27629470825195
882	883	en	amh	challenge_SSA-MTE	hyp1	News	NaN	54.60177230834961
883	884	en	amh	challenge_SSA-MTE	hyp1	News	NaN	40.491153717041016
884	885	en	amh	challenge_SSA-MTE	hyp1	News	NaN	21.170366287231445
885	886	en	amh	challenge_SSA-MTE	hyp1	News	NaN	24.826414108276367
886	887	en	amh	challenge_SSA-MTE	hyp1	News	NaN	37.85376739501953
887	888	en	amh	challenge_SSA-MTE	hyp1	News	NaN	61.97796630859375
888	889	en	amh	challenge_SSA-MTE	hyp1	News	NaN	66.35926055908203
889	890	en	amh	challenge_SSA-MTE	hyp1	News	NaN	81.4925537109375
890	891	en	amh	challenge_SSA-MTE	hyp1	News	NaN	53.4939079284668
891	892	en	amh	challenge_SSA-MTE	hyp1	News	NaN	60.813568115234375
892	893	en	amh	challenge_SSA-MTE	hyp1	News	NaN	72.015869140625
893	894	en	amh	challenge_SSA-MTE	hyp1	News	NaN	61.01405715942383
894	895	en	amh	challenge_SSA-MTE	hyp1	News	NaN	79.25511932373047
895	896	en	amh	challenge_SSA-MTE	hyp1	News	NaN	74.42662811279297
896	897	en	amh	challenge_SSA-MTE	hyp1	News	NaN	75.65837097167969
897	898	en	amh	challenge_SSA-MTE	hyp1	News	NaN	84.66715240478516
898	899	en	amh	challenge_SSA-MTE	hyp1	News	NaN	88.49081420898438
899	900	en	amh	challenge_SSA-MTE	hyp1	News	NaN	48.69961929321289
900	901	en	amh	challenge_SSA-MTE	hyp1	News	NaN	56.268890380859375
901	902	en	amh	challenge_SSA-MTE	hyp1	News	NaN	66.86336517333984
902	903	en	amh	challenge_SSA-MTE	hyp1	News	NaN	56.4363899230957
903	904	en	amh	challenge_SSA-MTE	hyp1	News	NaN	46.06492233276367
904	905	en	amh	challenge_SSA-MTE	hyp1	News	NaN	79.24038696289062
905	906	en	amh	challenge_SSA-MTE	hyp1	News	NaN	38.76874542236328
906	907	en	amh	challenge_SSA-MTE	hyp1	News	NaN	25.312679290771484
907	908	en	amh	challenge_SSA-MTE	hyp1	News	NaN	42.87195587158203
908	909	en	amh	challenge_SSA-MTE	hyp1	News	NaN	22.75069808959961
909	910	en	amh	challenge_SSA-MTE	hyp1	News	NaN	37.93645095825195
910	911	en	amh	challenge_SSA-MTE	hyp1	News	NaN	88.7705307006836
911	912	en	amh	challenge_SSA-MTE	hyp1	News	NaN	60.55482482910156
912	913	en	amh	challenge_SSA-MTE	hyp1	News	NaN	68.13277435302734
913	914	en	amh	challenge_SSA-MTE	hyp1	News	NaN	75.36790466308594
914	915	en	amh	challenge_SSA-MTE	hyp1	News	NaN	55.75386047363281
915	916	en	amh	challenge_SSA-MTE	hyp1	News	NaN	82.99483489990234
916	917	en	amh	challenge_SSA-MTE	hyp1	News	NaN	83.57586669921875
917	918	en	amh	challenge_SSA-MTE	hyp1	News	NaN	92.26232147216797
918	919	en	amh	challenge_SSA-MTE	hyp1	News	NaN	88.66016387939453
919	920	en	amh	challenge_SSA-MTE	hyp1	News	NaN	52.40403747558594
920	921	en	amh	challenge_SSA-MTE	hyp1	News	NaN	36.15864562988281
921	922	en	amh	challenge_SSA-MTE	hyp1	News	NaN	63.15196990966797
922	923	en	amh	challenge_SSA-MTE	hyp1	News	NaN	73.92644500732422
923	924	en	amh	challenge_SSA-MTE	hyp1	News	NaN	72.4349365234375
924	925	en	amh	challenge_SSA-MTE	hyp1	News	NaN	86.52420806884766
925	926	en	amh	challenge_SSA-MTE	hyp1	News	NaN	73.4113540649414
926	927	en	amh	challenge_SSA-MTE	hyp1	News	NaN	50.855098724365234
927	928	en	amh	challenge_SSA-MTE	hyp1	News	NaN	45.6280403137207
928	929	en	amh	challenge_SSA-MTE	hyp1	News	NaN	71.90458679199219
929	930	en	amh	challenge_SSA-MTE	hyp1	News	NaN	76.24275207519531
930	931	en	amh	challenge_SSA-MTE	hyp1	News	NaN	91.35281372070312
931	932	en	amh	challenge_SSA-MTE	hyp1	News	NaN	82.6676254272461
932	933	en	amh	challenge_SSA-MTE	hyp1	News	NaN	82.9305419921875
933	934	en	amh	challenge_SSA-MTE	hyp1	News	NaN	84.6526107788086
934	935	en	amh	challenge_SSA-MTE	hyp1	News	NaN	78.42117309570312
935	936	en	amh	challenge_SSA-MTE	hyp1	News	NaN	88.40568542480469
936	937	en	amh	challenge_SSA-MTE	hyp1	News	NaN	78.32941436767578
937	938	en	amh	challenge_SSA-MTE	hyp1	News	NaN	78.46741485595703
938	939	en	amh	challenge_SSA-MTE	hyp1	News	NaN	81.3420181274414
939	940	en	amh	challenge_SSA-MTE	hyp1	News	NaN	79.08086395263672
940	941	en	amh	challenge_SSA-MTE	hyp1	News	NaN	72.98497009277344
941	942	en	amh	challenge_SSA-MTE	hyp1	News	NaN	84.9505386352539
942	943	en	amh	challenge_SSA-MTE	hyp1	News	NaN	66.03652954101562
943	944	en	amh	challenge_SSA-MTE	hyp1	News	NaN	57.98533630371094
944	945	en	amh	challenge_SSA-MTE	hyp1	News	NaN	60.858299255371094
945	946	en	amh	challenge_SSA-MTE	hyp1	News	NaN	84.43505859375
946	947	en	amh	challenge_SSA-MTE	hyp1	News	NaN	65.70809936523438
947	948	en	amh	challenge_SSA-MTE	hyp1	News	NaN	74.89201354980469
948	949	en	amh	challenge_SSA-MTE	hyp1	News	NaN	77.95712280273438
949	950	en	amh	challenge_SSA-MTE	hyp1	News	NaN	81.25191497802734
950	951	en	amh	challenge_SSA-MTE	hyp1	News	NaN	80.73910522460938
951	952	en	amh	challenge_SSA-MTE	hyp1	News	NaN	81.54890441894531
952	953	en	amh	challenge_SSA-MTE	hyp1	News	NaN	83.59070587158203
953	954	en	amh	challenge_SSA-MTE	hyp1	News	NaN	83.97461700439453
954	955	en	amh	challenge_SSA-MTE	hyp1	News	NaN	45.94796371459961
955	956	en	amh	challenge_SSA-MTE	hyp1	News	NaN	32.077789306640625
956	957	en	amh	challenge_SSA-MTE	hyp1	News	NaN	46.790428161621094
957	958	en	amh	challenge_SSA-MTE	hyp1	News	NaN	52.23561096191406
958	959	en	amh	challenge_SSA-MTE	hyp1	News	NaN	41.08961868286133
959	960	en	amh	challenge_SSA-MTE	hyp1	News	NaN	61.74018096923828
960	961	en	amh	challenge_SSA-MTE	hyp1	News	NaN	64.2248764038086
961	962	en	amh	challenge_SSA-MTE	hyp1	News	NaN	47.19927215576172
962	963	en	amh	challenge_SSA-MTE	hyp1	News	NaN	29.15903091430664
963	964	en	amh	challenge_SSA-MTE	hyp1	News	NaN	33.59843444824219
964	965	en	amh	challenge_SSA-MTE	hyp1	News	NaN	42.59519577026367
965	966	en	amh	challenge_SSA-MTE	hyp1	News	NaN	73.91790771484375
966	967	en	amh	challenge_SSA-MTE	hyp1	News	NaN	75.94080352783203
967	968	en	amh	challenge_SSA-MTE	hyp1	News	NaN	70.77383422851562
968	969	en	amh	challenge_SSA-MTE	hyp1	News	NaN	67.77654266357422
969	970	en	amh	challenge_SSA-MTE	hyp1	News	NaN	59.23895263671875
970	971	en	amh	challenge_SSA-MTE	hyp1	News	NaN	56.61548614501953
971	972	en	amh	challenge_SSA-MTE	hyp1	News	NaN	78.35304260253906
972	973	en	amh	challenge_SSA-MTE	hyp1	News	NaN	90.32209777832031
973	974	en	amh	challenge_SSA-MTE	hyp1	News	NaN	84.7313232421875
974	975	en	amh	challenge_SSA-MTE	hyp1	News	NaN	73.16075897216797
975	976	en	amh	challenge_SSA-MTE	hyp1	News	NaN	81.06929016113281
976	977	en	amh	challenge_SSA-MTE	hyp1	News	NaN	84.99471282958984
977	978	en	amh	challenge_SSA-MTE	hyp1	News	NaN	35.616455078125
978	979	en	amh	challenge_SSA-MTE	hyp1	News	NaN	28.41305923461914
979	980	en	amh	challenge_SSA-MTE	hyp1	News	NaN	40.87698745727539
980	981	en	amh	challenge_SSA-MTE	hyp1	News	NaN	37.79810333251953
981	982	en	amh	challenge_SSA-MTE	hyp1	News	NaN	48.16490936279297
982	983	en	amh	challenge_SSA-MTE	hyp1	News	NaN	86.35247802734375
983	984	en	amh	challenge_SSA-MTE	hyp1	News	NaN	68.94557189941406
984	985	en	amh	challenge_SSA-MTE	hyp1	News	NaN	76.03836059570312
985	986	en	amh	challenge_SSA-MTE	hyp1	News	NaN	74.96497344970703
986	987	en	amh	challenge_SSA-MTE	hyp1	News	NaN	89.2010726928711
987	988	en	amh	challenge_SSA-MTE	hyp1	News	NaN	80.74951171875
988	989	en	amh	challenge_SSA-MTE	hyp1	News	NaN	68.97830200195312
989	990	en	amh	challenge_SSA-MTE	hyp1	News	NaN	60.42439651489258
990	991	en	amh	challenge_SSA-MTE	hyp1	News	NaN	43.95112609863281
991	992	en	amh	challenge_SSA-MTE	hyp1	News	NaN	49.15699005126953
992	993	en	amh	challenge_SSA-MTE	hyp1	News	NaN	83.5299072265625
993	994	en	amh	challenge_SSA-MTE	hyp1	News	NaN	87.89926147460938
994	995	en	amh	challenge_SSA-MTE	hyp1	News	NaN	60.80750274658203
995	996	en	amh	challenge_SSA-MTE	hyp1	News	NaN	73.19725799560547
996	997	en	amh	challenge_SSA-MTE	hyp1	News	NaN	83.005126953125
997	998	en	amh	challenge_SSA-MTE	hyp1	News	NaN	70.12138366699219
998	999	en	amh	challenge_SSA-MTE	hyp1	News	NaN	90.56700897216797
999	1000	en	amh	challenge_SSA-MTE	hyp1	News	NaN	43.90742492675781
1000	1001	en	amh	challenge_SSA-MTE	hyp1	News	NaN	42.60242462158203
1001	1002	en	amh	challenge_SSA-MTE	hyp1	News	NaN	41.39356231689453
1002	1003	en	amh	challenge_SSA-MTE	hyp1	News	NaN	37.46122741699219
1003	1004	en	amh	challenge_SSA-MTE	hyp1	News	NaN	40.68901824951172
1004	1005	en	amh	challenge_SSA-MTE	hyp1	News	NaN	39.63874053955078
1005	1006	en	amh	challenge_SSA-MTE	hyp1	News	NaN	73.04505920410156
1006	1007	en	amh	challenge_SSA-MTE	hyp1	News	NaN	65.94591522216797
1007	1008	en	amh	challenge_SSA-MTE	hyp1	News	NaN	85.94895935058594
1008	1009	en	amh	challenge_SSA-MTE	hyp1	News	NaN	71.6563720703125
1009	1010	en	amh	challenge_SSA-MTE	hyp1	News	NaN	62.8692626953125
1010	1011	en	amh	challenge_SSA-MTE	hyp1	News	NaN	42.65043258666992
1011	1012	en	amh	challenge_SSA-MTE	hyp1	News	NaN	32.15736389160156
1012	1013	en	amh	challenge_SSA-MTE	hyp1	News	NaN	53.29856491088867
1013	1014	en	amh	challenge_SSA-MTE	hyp1	News	NaN	42.365325927734375
1014	1015	en	amh	challenge_SSA-MTE	hyp1	News	NaN	84.94940948486328
1015	1016	en	amh	challenge_SSA-MTE	hyp1	News	NaN	84.35157775878906
1016	1017	en	amh	challenge_SSA-MTE	hyp1	News	NaN	74.237060546875
1017	1018	en	amh	challenge_SSA-MTE	hyp1	News	NaN	88.65567016601562
1018	1019	en	amh	challenge_SSA-MTE	hyp1	News	NaN	90.22988891601562
1019	1020	en	amh	challenge_SSA-MTE	hyp1	News	NaN	52.029998779296875
1020	1021	en	amh	challenge_SSA-MTE	hyp1	News	NaN	50.5059928894043
1021	1022	en	amh	challenge_SSA-MTE	hyp1	News	NaN	73.81184387207031
1022	1023	en	amh	challenge_SSA-MTE	hyp1	News	NaN	75.20631408691406
1023	1024	en	amh	challenge_SSA-MTE	hyp1	News	NaN	78.83893585205078
1024	1025	en	amh	challenge_SSA-MTE	hyp1	News	NaN	78.19981384277344
1025	1026	en	amh	challenge_SSA-MTE	hyp1	News	NaN	63.270416259765625
1026	1027	en	amh	challenge_SSA-MTE	hyp1	News	NaN	85.3526840209961
1027	1028	en	amh	challenge_SSA-MTE	hyp1	News	NaN	73.64299011230469
1028	1029	en	amh	challenge_SSA-MTE	hyp1	News	NaN	81.6265869140625
1029	1030	en	amh	challenge_SSA-MTE	hyp1	News	NaN	65.30664825439453
1030	1031	en	amh	challenge_SSA-MTE	hyp1	News	NaN	47.29473876953125
1031	1032	en	amh	challenge_SSA-MTE	hyp1	News	NaN	49.649986267089844
1032	1033	en	amh	challenge_SSA-MTE	hyp1	News	NaN	44.742576599121094
1033	1034	en	amh	challenge_SSA-MTE	hyp1	News	NaN	63.838043212890625
1034	1035	en	amh	challenge_SSA-MTE	hyp1	News	NaN	62.48796081542969
1035	1036	en	amh	challenge_SSA-MTE	hyp1	News	NaN	66.52197265625
1036	1037	en	amh	challenge_SSA-MTE	hyp1	News	NaN	60.425331115722656
1037	1038	en	amh	challenge_SSA-MTE	hyp1	News	NaN	29.879230499267578
1038	1039	en	amh	challenge_SSA-MTE	hyp1	News	NaN	65.77031707763672
1039	1040	en	amh	challenge_SSA-MTE	hyp1	News	NaN	56.035850524902344
1040	1041	en	amh	challenge_SSA-MTE	hyp1	News	NaN	60.30756378173828
1041	1042	en	amh	challenge_SSA-MTE	hyp1	News	NaN	73.70912170410156
1042	1043	en	amh	challenge_SSA-MTE	hyp1	News	NaN	31.171720504760742
1043	1044	en	amh	challenge_SSA-MTE	hyp1	News	NaN	64.60284423828125
1044	1045	en	amh	challenge_SSA-MTE	hyp1	News	NaN	56.199951171875
1045	1046	en	amh	challenge_SSA-MTE	hyp1	News	NaN	55.16840362548828
1046	1047	en	amh	challenge_SSA-MTE	hyp1	News	NaN	55.858665466308594
1047	1048	en	amh	challenge_SSA-MTE	hyp1	News	NaN	69.35103607177734
1048	1049	en	amh	challenge_SSA-MTE	hyp1	News	NaN	73.96276092529297
1049	1050	en	amh	challenge_SSA-MTE	hyp1	News	NaN	85.03761291503906
1050	1051	en	amh	challenge_SSA-MTE	hyp1	News	NaN	72.69064331054688
1051	1052	en	amh	challenge_SSA-MTE	hyp1	News	NaN	90.12731170654297
1052	1053	en	amh	challenge_SSA-MTE	hyp1	News	NaN	89.12290954589844
1053	1054	en	amh	challenge_SSA-MTE	hyp1	News	NaN	85.41667175292969
1054	1055	en	amh	challenge_SSA-MTE	hyp1	News	NaN	73.31344604492188
1055	1056	en	amh	challenge_SSA-MTE	hyp1	News	NaN	84.1374282836914
1056	1057	en	amh	challenge_SSA-MTE	hyp1	News	NaN	85.0958023071289
1057	1058	en	amh	challenge_SSA-MTE	hyp1	News	NaN	90.51915740966797
1058	1059	en	amh	challenge_SSA-MTE	hyp1	News	NaN	81.72270202636719
1059	1060	en	amh	challenge_SSA-MTE	hyp1	News	NaN	84.42655181884766
1060	1061	en	amh	challenge_SSA-MTE	hyp1	News	NaN	86.9249496459961
1061	1062	en	amh	challenge_SSA-MTE	hyp1	News	NaN	79.09956359863281
1062	1063	en	amh	challenge_SSA-MTE	hyp1	News	NaN	66.99171447753906
1063	1064	en	amh	challenge_SSA-MTE	hyp1	News	NaN	84.40581512451172
1064	1065	en	amh	challenge_SSA-MTE	hyp1	News	NaN	69.48204040527344
1065	1066	en	amh	challenge_SSA-MTE	hyp1	News	NaN	55.218040466308594
1066	1067	en	amh	challenge_SSA-MTE	hyp1	News	NaN	52.69038009643555
1067	1068	en	amh	challenge_SSA-MTE	hyp1	News	NaN	43.72472381591797
1068	1069	en	amh	challenge_SSA-MTE	hyp1	News	NaN	32.30215072631836
1069	1070	en	amh	challenge_SSA-MTE	hyp1	News	NaN	54.48779296875
1070	1071	en	amh	challenge_SSA-MTE	hyp1	News	NaN	88.09812927246094
1071	1072	en	amh	challenge_SSA-MTE	hyp1	News	NaN	78.87368774414062
1072	1073	en	amh	challenge_SSA-MTE	hyp1	News	NaN	65.29287719726562
1073	1074	en	amh	challenge_SSA-MTE	hyp1	News	NaN	71.39749145507812
1074	1075	en	amh	challenge_SSA-MTE	hyp1	News	NaN	75.98820495605469
1075	1076	en	amh	challenge_SSA-MTE	hyp1	News	NaN	85.84065246582031
1076	1077	en	amh	challenge_SSA-MTE	hyp1	News	NaN	82.48777770996094
1077	1078	en	amh	challenge_SSA-MTE	hyp1	News	NaN	68.08370971679688
1078	1079	en	amh	challenge_SSA-MTE	hyp1	News	NaN	87.30583953857422
1079	1080	en	amh	challenge_SSA-MTE	hyp1	News	NaN	87.10195922851562
1080	1081	en	amh	challenge_SSA-MTE	hyp1	News	NaN	91.60774993896484
1081	1082	en	amh	challenge_SSA-MTE	hyp1	News	NaN	89.86323547363281
1082	1083	en	amh	challenge_SSA-MTE	hyp1	News	NaN	88.55694580078125
1083	1084	en	amh	challenge_SSA-MTE	hyp1	News	NaN	89.96463012695312
1084	1085	en	amh	challenge_SSA-MTE	hyp1	News	NaN	54.555694580078125
1085	1086	en	amh	challenge_SSA-MTE	hyp1	News	NaN	86.06288146972656
1086	1087	en	amh	challenge_SSA-MTE	hyp1	News	NaN	53.91822052001953
1087	1088	en	amh	challenge_SSA-MTE	hyp1	News	NaN	52.96693801879883
1088	1089	en	amh	challenge_SSA-MTE	hyp1	News	NaN	33.24351501464844
1089	1090	en	amh	challenge_SSA-MTE	hyp1	News	NaN	63.42551803588867
1090	1091	en	amh	challenge_SSA-MTE	hyp1	News	NaN	56.97394561767578
1091	1092	en	amh	challenge_SSA-MTE	hyp1	News	NaN	66.69950866699219
1092	1093	en	amh	challenge_SSA-MTE	hyp1	News	NaN	55.451236724853516
1093	1094	en	amh	challenge_SSA-MTE	hyp1	News	NaN	56.770713806152344
1094	1095	en	amh	challenge_SSA-MTE	hyp1	News	NaN	60.6931266784668
1095	1096	en	amh	challenge_SSA-MTE	hyp1	News	NaN	72.15815734863281
1096	1097	en	amh	challenge_SSA-MTE	hyp1	News	NaN	37.92075729370117
1097	1098	en	amh	challenge_SSA-MTE	hyp1	News	NaN	57.292930603027344
1098	1099	en	amh	challenge_SSA-MTE	hyp1	News	NaN	49.043155670166016
1099	1100	en	amh	challenge_SSA-MTE	hyp1	News	NaN	52.42427062988281
1100	1101	en	amh	challenge_SSA-MTE	hyp1	News	NaN	63.6931037902832
1101	1102	en	amh	challenge_SSA-MTE	hyp1	News	NaN	70.07633972167969
1102	1103	en	amh	challenge_SSA-MTE	hyp1	News	NaN	80.29046630859375
1103	1104	en	amh	challenge_SSA-MTE	hyp1	News	NaN	43.36186599731445
1104	1105	en	amh	challenge_SSA-MTE	hyp1	News	NaN	60.90922927856445
1105	1106	en	amh	challenge_SSA-MTE	hyp1	News	NaN	52.711631774902344
1106	1107	en	amh	challenge_SSA-MTE	hyp1	News	NaN	63.961883544921875
1107	1108	en	amh	challenge_SSA-MTE	hyp1	News	NaN	60.00423812866211
1108	1109	en	amh	challenge_SSA-MTE	hyp1	News	NaN	89.4168701171875
1109	1110	en	amh	challenge_SSA-MTE	hyp1	News	NaN	78.83470153808594
1110	1111	en	amh	challenge_SSA-MTE	hyp1	News	NaN	58.15037155151367
1111	1112	en	amh	challenge_SSA-MTE	hyp1	News	NaN	85.66500854492188
1112	1113	en	amh	challenge_SSA-MTE	hyp1	News	NaN	89.2499008178711
1113	1114	en	amh	challenge_SSA-MTE	hyp1	News	NaN	87.58662414550781
1114	1115	en	amh	challenge_SSA-MTE	hyp1	News	NaN	60.29827880859375
1115	1116	en	amh	challenge_SSA-MTE	hyp1	News	NaN	67.63976287841797
1116	1117	en	amh	challenge_SSA-MTE	hyp1	News	NaN	85.79142761230469
1117	1118	en	amh	challenge_SSA-MTE	hyp1	News	NaN	81.32339477539062
1118	1119	en	amh	challenge_SSA-MTE	hyp1	News	NaN	85.238525390625
1119	1120	en	amh	challenge_SSA-MTE	hyp1	News	NaN	77.78994750976562
1120	1121	en	amh	challenge_SSA-MTE	hyp1	News	NaN	55.03602600097656
1121	1122	en	amh	challenge_SSA-MTE	hyp1	News	NaN	76.16253662109375
1122	1123	en	amh	challenge_SSA-MTE	hyp1	News	NaN	84.74833679199219
1123	1124	en	amh	challenge_SSA-MTE	hyp1	News	NaN	89.86002349853516
1124	1125	en	amh	challenge_SSA-MTE	hyp1	News	NaN	78.26676940917969
1125	1126	en	amh	challenge_SSA-MTE	hyp1	News	NaN	65.90956115722656
1126	1127	en	amh	challenge_SSA-MTE	hyp1	News	NaN	51.37348556518555
1127	1128	en	amh	challenge_SSA-MTE	hyp1	News	NaN	52.86507797241211
1128	1129	en	amh	challenge_SSA-MTE	hyp1	News	NaN	45.266387939453125
1129	1130	en	amh	challenge_SSA-MTE	hyp1	News	NaN	59.59444808959961
1130	1131	en	amh	challenge_SSA-MTE	hyp1	News	NaN	77.35742950439453
1131	1132	en	amh	challenge_SSA-MTE	hyp1	News	NaN	85.52719116210938
1132	1133	en	amh	challenge_SSA-MTE	hyp1	News	NaN	53.263633728027344
1133	1134	en	amh	challenge_SSA-MTE	hyp1	News	NaN	82.3174819946289
1134	1135	en	amh	challenge_SSA-MTE	hyp1	News	NaN	63.55125427246094
1135	1136	en	amh	challenge_SSA-MTE	hyp1	News	NaN	84.16819763183594
1136	1137	en	amh	challenge_SSA-MTE	hyp1	News	NaN	90.63290405273438
1137	1138	en	amh	challenge_SSA-MTE	hyp1	News	NaN	91.51563262939453
1138	1139	en	amh	challenge_SSA-MTE	hyp1	News	NaN	85.82183837890625
1139	1140	en	amh	challenge_SSA-MTE	hyp1	News	NaN	90.26152038574219
1140	1141	en	amh	challenge_SSA-MTE	hyp1	News	NaN	85.71794891357422
1141	1142	en	amh	challenge_SSA-MTE	hyp1	News	NaN	88.36652374267578
1142	1143	en	amh	challenge_SSA-MTE	hyp1	News	NaN	92.52957153320312
1143	1144	en	amh	challenge_SSA-MTE	hyp1	News	NaN	88.62020874023438
1144	1145	en	amh	challenge_SSA-MTE	hyp1	News	NaN	73.3353271484375
1145	1146	en	amh	challenge_SSA-MTE	hyp1	News	NaN	87.22991943359375
1146	1147	en	amh	challenge_SSA-MTE	hyp1	News	NaN	89.19056701660156
1147	1148	en	amh	challenge_SSA-MTE	hyp1	News	NaN	90.30619049072266
1148	1149	en	amh	challenge_SSA-MTE	hyp1	News	NaN	88.83955383300781
1149	1150	en	amh	challenge_SSA-MTE	hyp1	News	NaN	72.95664978027344
1150	1151	en	amh	challenge_SSA-MTE	hyp1	News	NaN	56.00052261352539
1151	1152	en	amh	challenge_SSA-MTE	hyp1	News	NaN	31.187602996826172
1152	1153	en	amh	challenge_SSA-MTE	hyp1	News	NaN	59.34375762939453
1153	1154	en	amh	challenge_SSA-MTE	hyp1	News	NaN	45.7664909362793
1154	1155	en	amh	challenge_SSA-MTE	hyp1	News	NaN	77.56477355957031
1155	1156	en	amh	challenge_SSA-MTE	hyp1	News	NaN	88.1375961303711
1156	1157	en	amh	challenge_SSA-MTE	hyp1	News	NaN	81.98334503173828
1157	1158	en	amh	challenge_SSA-MTE	hyp1	News	NaN	53.594966888427734
1158	1159	en	amh	challenge_SSA-MTE	hyp1	News	NaN	80.72041320800781
1159	1160	en	amh	challenge_SSA-MTE	hyp1	News	NaN	75.95915985107422
1160	1161	en	amh	challenge_SSA-MTE	hyp1	News	NaN	79.73667907714844
1161	1162	en	amh	challenge_SSA-MTE	hyp1	News	NaN	64.7549057006836
1162	1163	en	amh	challenge_SSA-MTE	hyp1	News	NaN	72.18704223632812
1163	1164	en	amh	challenge_SSA-MTE	hyp1	News	NaN	58.92875289916992
1164	1165	en	amh	challenge_SSA-MTE	hyp1	News	NaN	51.505374908447266
1165	1166	en	amh	challenge_SSA-MTE	hyp1	News	NaN	70.01528930664062
0	1	en	hau	challenge_SSA-MTE	hyp1	News	NaN	55.427101135253906
1	2	en	hau	challenge_SSA-MTE	hyp1	News	NaN	41.764015197753906
2	3	en	hau	challenge_SSA-MTE	hyp1	News	NaN	15.03415298461914
3	4	en	hau	challenge_SSA-MTE	hyp1	News	NaN	44.202293395996094
4	5	en	hau	challenge_SSA-MTE	hyp1	News	NaN	53.61589050292969
5	6	en	hau	challenge_SSA-MTE	hyp1	News	NaN	35.2364616394043
6	7	en	hau	challenge_SSA-MTE	hyp1	News	NaN	31.55458641052246
7	8	en	hau	challenge_SSA-MTE	hyp1	News	NaN	39.3942985534668
8	9	en	hau	challenge_SSA-MTE	hyp1	News	NaN	38.53867721557617
9	10	en	hau	challenge_SSA-MTE	hyp1	News	NaN	34.56000900268555
10	11	en	hau	challenge_SSA-MTE	hyp1	News	NaN	31.965539932250977
11	12	en	hau	challenge_SSA-MTE	hyp1	News	NaN	59.8068962097168
12	13	en	hau	challenge_SSA-MTE	hyp1	News	NaN	70.44680786132812
13	14	en	hau	challenge_SSA-MTE	hyp1	News	NaN	75.15396881103516
14	15	en	hau	challenge_SSA-MTE	hyp1	News	NaN	61.89524459838867
15	16	en	hau	challenge_SSA-MTE	hyp1	News	NaN	68.26152038574219
16	17	en	hau	challenge_SSA-MTE	hyp1	News	NaN	68.47540283203125
17	18	en	hau	challenge_SSA-MTE	hyp1	News	NaN	68.21278381347656
18	19	en	hau	challenge_SSA-MTE	hyp1	News	NaN	43.62423324584961
19	20	en	hau	challenge_SSA-MTE	hyp1	News	NaN	46.87297439575195
20	21	en	hau	challenge_SSA-MTE	hyp1	News	NaN	60.4708251953125
21	22	en	hau	challenge_SSA-MTE	hyp1	News	NaN	45.747337341308594
22	23	en	hau	challenge_SSA-MTE	hyp1	News	NaN	50.45781707763672
23	24	en	hau	challenge_SSA-MTE	hyp1	News	NaN	47.036048889160156
24	25	en	hau	challenge_SSA-MTE	hyp1	News	NaN	43.29983139038086
25	26	en	hau	challenge_SSA-MTE	hyp1	News	NaN	53.925437927246094
26	27	en	hau	challenge_SSA-MTE	hyp1	News	NaN	65.64561462402344
27	28	en	hau	challenge_SSA-MTE	hyp1	News	NaN	49.924041748046875
28	29	en	hau	challenge_SSA-MTE	hyp1	News	NaN	46.9312858581543
29	30	en	hau	challenge_SSA-MTE	hyp1	News	NaN	63.76695251464844
30	31	en	hau	challenge_SSA-MTE	hyp1	News	NaN	70.51898193359375
31	32	en	hau	challenge_SSA-MTE	hyp1	News	NaN	49.20061111450195
32	33	en	hau	challenge_SSA-MTE	hyp1	News	NaN	48.99144744873047
33	34	en	hau	challenge_SSA-MTE	hyp1	News	NaN	68.64569091796875
34	35	en	hau	challenge_SSA-MTE	hyp1	News	NaN	74.72601318359375
35	36	en	hau	challenge_SSA-MTE	hyp1	News	NaN	67.93170166015625
36	37	en	hau	challenge_SSA-MTE	hyp1	News	NaN	60.70770263671875
37	38	en	hau	challenge_SSA-MTE	hyp1	News	NaN	67.51769256591797
38	39	en	hau	challenge_SSA-MTE	hyp1	News	NaN	56.6385383605957
39	40	en	hau	challenge_SSA-MTE	hyp1	News	NaN	61.97616195678711
40	41	en	hau	challenge_SSA-MTE	hyp1	News	NaN	48.76211166381836
41	42	en	hau	challenge_SSA-MTE	hyp1	News	NaN	56.89468765258789
42	43	en	hau	challenge_SSA-MTE	hyp1	News	NaN	49.44406509399414
43	44	en	hau	challenge_SSA-MTE	hyp1	News	NaN	38.5830078125
44	45	en	hau	challenge_SSA-MTE	hyp1	News	NaN	33.65607452392578
45	46	en	hau	challenge_SSA-MTE	hyp1	News	NaN	38.35133361816406
46	47	en	hau	challenge_SSA-MTE	hyp1	News	NaN	39.836124420166016
47	48	en	hau	challenge_SSA-MTE	hyp1	News	NaN	57.613525390625
48	49	en	hau	challenge_SSA-MTE	hyp1	News	NaN	15.882569313049316
49	50	en	hau	challenge_SSA-MTE	hyp1	News	NaN	30.812259674072266
50	51	en	hau	challenge_SSA-MTE	hyp1	News	NaN	31.176877975463867
51	52	en	hau	challenge_SSA-MTE	hyp1	News	NaN	26.632186889648438
52	53	en	hau	challenge_SSA-MTE	hyp1	News	NaN	26.689733505249023
53	54	en	hau	challenge_SSA-MTE	hyp1	News	NaN	26.69634246826172
54	55	en	hau	challenge_SSA-MTE	hyp1	News	NaN	58.10308074951172
55	56	en	hau	challenge_SSA-MTE	hyp1	News	NaN	62.9756965637207
56	57	en	hau	challenge_SSA-MTE	hyp1	News	NaN	40.267513275146484
57	58	en	hau	challenge_SSA-MTE	hyp1	News	NaN	68.6295394897461
58	59	en	hau	challenge_SSA-MTE	hyp1	News	NaN	51.584381103515625
59	60	en	hau	challenge_SSA-MTE	hyp1	News	NaN	53.38838195800781
60	61	en	hau	challenge_SSA-MTE	hyp1	News	NaN	48.628299713134766
61	62	en	hau	challenge_SSA-MTE	hyp1	News	NaN	50.233760833740234
62	63	en	hau	challenge_SSA-MTE	hyp1	News	NaN	54.4606819152832
63	64	en	hau	challenge_SSA-MTE	hyp1	News	NaN	63.872920989990234
64	65	en	hau	challenge_SSA-MTE	hyp1	News	NaN	55.82170104980469
65	66	en	hau	challenge_SSA-MTE	hyp1	News	NaN	59.30728530883789
66	67	en	hau	challenge_SSA-MTE	hyp1	News	NaN	64.50334167480469
67	68	en	hau	challenge_SSA-MTE	hyp1	News	NaN	50.809661865234375
68	69	en	hau	challenge_SSA-MTE	hyp1	News	NaN	51.008506774902344
69	70	en	hau	challenge_SSA-MTE	hyp1	News	NaN	54.74976348876953
70	71	en	hau	challenge_SSA-MTE	hyp1	News	NaN	61.0789794921875
71	72	en	hau	challenge_SSA-MTE	hyp1	News	NaN	63.299171447753906
72	73	en	hau	challenge_SSA-MTE	hyp1	News	NaN	65.25202178955078
73	74	en	hau	challenge_SSA-MTE	hyp1	News	NaN	57.342655181884766
74	75	en	hau	challenge_SSA-MTE	hyp1	News	NaN	54.516902923583984
75	76	en	hau	challenge_SSA-MTE	hyp1	News	NaN	53.34209442138672
76	77	en	hau	challenge_SSA-MTE	hyp1	News	NaN	35.15109634399414
77	78	en	hau	challenge_SSA-MTE	hyp1	News	NaN	70.62152862548828
78	79	en	hau	challenge_SSA-MTE	hyp1	News	NaN	71.61557006835938
79	80	en	hau	challenge_SSA-MTE	hyp1	News	NaN	67.15133666992188
80	81	en	hau	challenge_SSA-MTE	hyp1	News	NaN	70.1942138671875
81	82	en	hau	challenge_SSA-MTE	hyp1	News	NaN	70.06712341308594
82	83	en	hau	challenge_SSA-MTE	hyp1	News	NaN	70.46184539794922
83	84	en	hau	challenge_SSA-MTE	hyp1	News	NaN	58.92328643798828
84	85	en	hau	challenge_SSA-MTE	hyp1	News	NaN	41.719932556152344
85	86	en	hau	challenge_SSA-MTE	hyp1	News	NaN	60.9635009765625
86	87	en	hau	challenge_SSA-MTE	hyp1	News	NaN	39.57237243652344
87	88	en	hau	challenge_SSA-MTE	hyp1	News	NaN	52.33644104003906
88	89	en	hau	challenge_SSA-MTE	hyp1	News	NaN	56.00493621826172
89	90	en	hau	challenge_SSA-MTE	hyp1	News	NaN	70.0494155883789
90	91	en	hau	challenge_SSA-MTE	hyp1	News	NaN	46.66864776611328
91	92	en	hau	challenge_SSA-MTE	hyp1	News	NaN	63.91454315185547
92	93	en	hau	challenge_SSA-MTE	hyp1	News	NaN	52.16535949707031
93	94	en	hau	challenge_SSA-MTE	hyp1	News	NaN	69.80375671386719
94	95	en	hau	challenge_SSA-MTE	hyp1	News	NaN	49.850833892822266
95	96	en	hau	challenge_SSA-MTE	hyp1	News	NaN	30.497709274291992
96	97	en	hau	challenge_SSA-MTE	hyp1	News	NaN	54.160728454589844
97	98	en	hau	challenge_SSA-MTE	hyp1	News	NaN	29.996999740600586
98	99	en	hau	challenge_SSA-MTE	hyp1	News	NaN	46.002410888671875
99	100	en	hau	challenge_SSA-MTE	hyp1	News	NaN	35.886329650878906
100	101	en	hau	challenge_SSA-MTE	hyp1	News	NaN	56.74026870727539
101	102	en	hau	challenge_SSA-MTE	hyp1	News	NaN	58.12196350097656
102	103	en	hau	challenge_SSA-MTE	hyp1	News	NaN	59.67584991455078
103	104	en	hau	challenge_SSA-MTE	hyp1	News	NaN	65.27105712890625
104	105	en	hau	challenge_SSA-MTE	hyp1	News	NaN	51.644386291503906
105	106	en	hau	challenge_SSA-MTE	hyp1	News	NaN	63.27170944213867
106	107	en	hau	challenge_SSA-MTE	hyp1	News	NaN	56.39142608642578
107	108	en	hau	challenge_SSA-MTE	hyp1	News	NaN	46.05546188354492
108	109	en	hau	challenge_SSA-MTE	hyp1	News	NaN	62.126808166503906
109	110	en	hau	challenge_SSA-MTE	hyp1	News	NaN	66.57230377197266
110	111	en	hau	challenge_SSA-MTE	hyp1	News	NaN	46.05514144897461
111	112	en	hau	challenge_SSA-MTE	hyp1	News	NaN	74.80953979492188
112	113	en	hau	challenge_SSA-MTE	hyp1	News	NaN	74.65745544433594
113	114	en	hau	challenge_SSA-MTE	hyp1	News	NaN	68.35758209228516
114	115	en	hau	challenge_SSA-MTE	hyp1	News	NaN	73.94522094726562
115	116	en	hau	challenge_SSA-MTE	hyp1	News	NaN	61.73136520385742
116	117	en	hau	challenge_SSA-MTE	hyp1	News	NaN	71.84842681884766
117	118	en	hau	challenge_SSA-MTE	hyp1	News	NaN	43.85206985473633
118	119	en	hau	challenge_SSA-MTE	hyp1	News	NaN	45.117164611816406
119	120	en	hau	challenge_SSA-MTE	hyp1	News	NaN	48.58179473876953
120	121	en	hau	challenge_SSA-MTE	hyp1	News	NaN	22.926799774169922
121	122	en	hau	challenge_SSA-MTE	hyp1	News	NaN	42.62752151489258
122	123	en	hau	challenge_SSA-MTE	hyp1	News	NaN	54.66937255859375
123	124	en	hau	challenge_SSA-MTE	hyp1	News	NaN	68.25881958007812
124	125	en	hau	challenge_SSA-MTE	hyp1	News	NaN	70.85025024414062
125	126	en	hau	challenge_SSA-MTE	hyp1	News	NaN	65.6727066040039
126	127	en	hau	challenge_SSA-MTE	hyp1	News	NaN	59.497806549072266
127	128	en	hau	challenge_SSA-MTE	hyp1	News	NaN	66.38577270507812
128	129	en	hau	challenge_SSA-MTE	hyp1	News	NaN	58.41401672363281
129	130	en	hau	challenge_SSA-MTE	hyp1	News	NaN	60.47113037109375
130	131	en	hau	challenge_SSA-MTE	hyp1	News	NaN	60.60858154296875
131	132	en	hau	challenge_SSA-MTE	hyp1	News	NaN	51.819820404052734
132	133	en	hau	challenge_SSA-MTE	hyp1	News	NaN	59.05745315551758
133	134	en	hau	challenge_SSA-MTE	hyp1	News	NaN	64.91526794433594
134	135	en	hau	challenge_SSA-MTE	hyp1	News	NaN	55.581424713134766
135	136	en	hau	challenge_SSA-MTE	hyp1	News	NaN	60.52046203613281
136	137	en	hau	challenge_SSA-MTE	hyp1	News	NaN	55.258453369140625
137	138	en	hau	challenge_SSA-MTE	hyp1	News	NaN	60.131256103515625
138	139	en	hau	challenge_SSA-MTE	hyp1	News	NaN	48.73638153076172
139	140	en	hau	challenge_SSA-MTE	hyp1	News	NaN	59.25107955932617
140	141	en	hau	challenge_SSA-MTE	hyp1	News	NaN	51.07740783691406
141	142	en	hau	challenge_SSA-MTE	hyp1	News	NaN	33.502410888671875
142	143	en	hau	challenge_SSA-MTE	hyp1	News	NaN	47.9444465637207
143	144	en	hau	challenge_SSA-MTE	hyp1	News	NaN	40.136924743652344
144	145	en	hau	challenge_SSA-MTE	hyp1	News	NaN	50.177642822265625
145	146	en	hau	challenge_SSA-MTE	hyp1	News	NaN	62.28445816040039
146	147	en	hau	challenge_SSA-MTE	hyp1	News	NaN	40.25562286376953
147	148	en	hau	challenge_SSA-MTE	hyp1	News	NaN	33.416847229003906
148	149	en	hau	challenge_SSA-MTE	hyp1	News	NaN	65.35218048095703
149	150	en	hau	challenge_SSA-MTE	hyp1	News	NaN	37.69894790649414
150	151	en	hau	challenge_SSA-MTE	hyp1	News	NaN	31.497753143310547
151	152	en	hau	challenge_SSA-MTE	hyp1	News	NaN	54.23597717285156
152	153	en	hau	challenge_SSA-MTE	hyp1	News	NaN	47.30129623413086
153	154	en	hau	challenge_SSA-MTE	hyp1	News	NaN	36.918373107910156
154	155	en	hau	challenge_SSA-MTE	hyp1	News	NaN	56.42772674560547
155	156	en	hau	challenge_SSA-MTE	hyp1	News	NaN	60.75242233276367
156	157	en	hau	challenge_SSA-MTE	hyp1	News	NaN	46.70610046386719
157	158	en	hau	challenge_SSA-MTE	hyp1	News	NaN	59.75633239746094
158	159	en	hau	challenge_SSA-MTE	hyp1	News	NaN	54.885108947753906
159	160	en	hau	challenge_SSA-MTE	hyp1	News	NaN	61.00756072998047
160	161	en	hau	challenge_SSA-MTE	hyp1	News	NaN	58.80781555175781
161	162	en	hau	challenge_SSA-MTE	hyp1	News	NaN	58.40533447265625
162	163	en	hau	challenge_SSA-MTE	hyp1	News	NaN	58.63414764404297
163	164	en	hau	challenge_SSA-MTE	hyp1	News	NaN	59.079437255859375
164	165	en	hau	challenge_SSA-MTE	hyp1	News	NaN	56.3765983581543
165	166	en	hau	challenge_SSA-MTE	hyp1	News	NaN	58.4431037902832
166	167	en	hau	challenge_SSA-MTE	hyp1	News	NaN	45.091129302978516
167	168	en	hau	challenge_SSA-MTE	hyp1	News	NaN	59.938453674316406
168	169	en	hau	challenge_SSA-MTE	hyp1	News	NaN	49.04094314575195
169	170	en	hau	challenge_SSA-MTE	hyp1	News	NaN	58.9990234375
170	171	en	hau	challenge_SSA-MTE	hyp1	News	NaN	62.646575927734375
171	172	en	hau	challenge_SSA-MTE	hyp1	News	NaN	62.81526565551758
172	173	en	hau	challenge_SSA-MTE	hyp1	News	NaN	58.351158142089844
173	174	en	hau	challenge_SSA-MTE	hyp1	News	NaN	64.14635467529297
174	175	en	hau	challenge_SSA-MTE	hyp1	News	NaN	46.42594909667969
175	176	en	hau	challenge_SSA-MTE	hyp1	News	NaN	51.19072723388672
176	177	en	hau	challenge_SSA-MTE	hyp1	News	NaN	32.73648452758789
177	178	en	hau	challenge_SSA-MTE	hyp1	News	NaN	42.70041275024414
178	179	en	hau	challenge_SSA-MTE	hyp1	News	NaN	54.71236038208008
179	180	en	hau	challenge_SSA-MTE	hyp1	News	NaN	47.181663513183594
180	181	en	hau	challenge_SSA-MTE	hyp1	News	NaN	64.51992797851562
181	182	en	hau	challenge_SSA-MTE	hyp1	News	NaN	57.973907470703125
182	183	en	hau	challenge_SSA-MTE	hyp1	News	NaN	64.87782287597656
183	184	en	hau	challenge_SSA-MTE	hyp1	News	NaN	58.39170455932617
184	185	en	hau	challenge_SSA-MTE	hyp1	News	NaN	60.616661071777344
185	186	en	hau	challenge_SSA-MTE	hyp1	News	NaN	64.51130676269531
186	187	en	hau	challenge_SSA-MTE	hyp1	News	NaN	72.87747192382812
187	188	en	hau	challenge_SSA-MTE	hyp1	News	NaN	67.63404083251953
188	189	en	hau	challenge_SSA-MTE	hyp1	News	NaN	63.319129943847656
189	190	en	hau	challenge_SSA-MTE	hyp1	News	NaN	59.538936614990234
190	191	en	hau	challenge_SSA-MTE	hyp1	News	NaN	72.39158630371094
191	192	en	hau	challenge_SSA-MTE	hyp1	News	NaN	71.3542251586914
192	193	en	hau	challenge_SSA-MTE	hyp1	News	NaN	50.72484588623047
193	194	en	hau	challenge_SSA-MTE	hyp1	News	NaN	69.27232360839844
194	195	en	hau	challenge_SSA-MTE	hyp1	News	NaN	63.15442657470703
195	196	en	hau	challenge_SSA-MTE	hyp1	News	NaN	61.71253967285156
196	197	en	hau	challenge_SSA-MTE	hyp1	News	NaN	77.18013000488281
197	198	en	hau	challenge_SSA-MTE	hyp1	News	NaN	67.59394073486328
198	199	en	hau	challenge_SSA-MTE	hyp1	News	NaN	69.5411376953125
199	200	en	hau	challenge_SSA-MTE	hyp1	News	NaN	72.03431701660156
200	201	en	hau	challenge_SSA-MTE	hyp1	News	NaN	67.32088470458984
201	202	en	hau	challenge_SSA-MTE	hyp1	News	NaN	65.93196105957031
202	203	en	hau	challenge_SSA-MTE	hyp1	News	NaN	57.80564880371094
203	204	en	hau	challenge_SSA-MTE	hyp1	News	NaN	73.1799545288086
204	205	en	hau	challenge_SSA-MTE	hyp1	News	NaN	16.105106353759766
205	206	en	hau	challenge_SSA-MTE	hyp1	News	NaN	69.6905517578125
206	207	en	hau	challenge_SSA-MTE	hyp1	News	NaN	55.06219482421875
207	208	en	hau	challenge_SSA-MTE	hyp1	News	NaN	60.887840270996094
208	209	en	hau	challenge_SSA-MTE	hyp1	News	NaN	57.38827133178711
209	210	en	hau	challenge_SSA-MTE	hyp1	News	NaN	57.213443756103516
210	211	en	hau	challenge_SSA-MTE	hyp1	News	NaN	63.371925354003906
211	212	en	hau	challenge_SSA-MTE	hyp1	News	NaN	42.049034118652344
212	213	en	hau	challenge_SSA-MTE	hyp1	News	NaN	51.58804702758789
213	214	en	hau	challenge_SSA-MTE	hyp1	News	NaN	54.79302978515625
214	215	en	hau	challenge_SSA-MTE	hyp1	News	NaN	56.931671142578125
215	216	en	hau	challenge_SSA-MTE	hyp1	News	NaN	55.62876892089844
216	217	en	hau	challenge_SSA-MTE	hyp1	News	NaN	38.80259323120117
217	218	en	hau	challenge_SSA-MTE	hyp1	News	NaN	55.557342529296875
218	219	en	hau	challenge_SSA-MTE	hyp1	News	NaN	73.67868041992188
219	220	en	hau	challenge_SSA-MTE	hyp1	News	NaN	68.84593200683594
220	221	en	hau	challenge_SSA-MTE	hyp1	News	NaN	68.82133483886719
221	222	en	hau	challenge_SSA-MTE	hyp1	News	NaN	58.890254974365234
222	223	en	hau	challenge_SSA-MTE	hyp1	News	NaN	72.00315856933594
223	224	en	hau	challenge_SSA-MTE	hyp1	News	NaN	56.211944580078125
224	225	en	hau	challenge_SSA-MTE	hyp1	News	NaN	78.68560028076172
225	226	en	hau	challenge_SSA-MTE	hyp1	News	NaN	43.34156799316406
226	227	en	hau	challenge_SSA-MTE	hyp1	News	NaN	27.443805694580078
227	228	en	hau	challenge_SSA-MTE	hyp1	News	NaN	58.27972412109375
228	229	en	hau	challenge_SSA-MTE	hyp1	News	NaN	40.619293212890625
229	230	en	hau	challenge_SSA-MTE	hyp1	News	NaN	42.75469207763672
230	231	en	hau	challenge_SSA-MTE	hyp1	News	NaN	36.78858184814453
231	232	en	hau	challenge_SSA-MTE	hyp1	News	NaN	63.24898147583008
232	233	en	hau	challenge_SSA-MTE	hyp1	News	NaN	77.68893432617188
233	234	en	hau	challenge_SSA-MTE	hyp1	News	NaN	66.10419464111328
234	235	en	hau	challenge_SSA-MTE	hyp1	News	NaN	64.06067657470703
235	236	en	hau	challenge_SSA-MTE	hyp1	News	NaN	66.37708282470703
236	237	en	hau	challenge_SSA-MTE	hyp1	News	NaN	64.99073791503906
237	238	en	hau	challenge_SSA-MTE	hyp1	News	NaN	65.731689453125
238	239	en	hau	challenge_SSA-MTE	hyp1	News	NaN	69.00577545166016
239	240	en	hau	challenge_SSA-MTE	hyp1	News	NaN	65.02879333496094
240	241	en	hau	challenge_SSA-MTE	hyp1	News	NaN	65.50697326660156
241	242	en	hau	challenge_SSA-MTE	hyp1	News	NaN	55.36613082885742
242	243	en	hau	challenge_SSA-MTE	hyp1	News	NaN	60.454864501953125
243	244	en	hau	challenge_SSA-MTE	hyp1	News	NaN	60.23971176147461
244	245	en	hau	challenge_SSA-MTE	hyp1	News	NaN	49.30908966064453
245	246	en	hau	challenge_SSA-MTE	hyp1	News	NaN	45.146690368652344
246	247	en	hau	challenge_SSA-MTE	hyp1	News	NaN	56.51763153076172
247	248	en	hau	challenge_SSA-MTE	hyp1	News	NaN	45.3062858581543
248	249	en	hau	challenge_SSA-MTE	hyp1	News	NaN	56.59991455078125
249	250	en	hau	challenge_SSA-MTE	hyp1	News	NaN	56.36114501953125
250	251	en	hau	challenge_SSA-MTE	hyp1	News	NaN	35.006256103515625
251	252	en	hau	challenge_SSA-MTE	hyp1	News	NaN	28.844470977783203
252	253	en	hau	challenge_SSA-MTE	hyp1	News	NaN	41.521507263183594
253	254	en	hau	challenge_SSA-MTE	hyp1	News	NaN	39.78635787963867
254	255	en	hau	challenge_SSA-MTE	hyp1	News	NaN	51.539085388183594
255	256	en	hau	challenge_SSA-MTE	hyp1	News	NaN	55.296600341796875
256	257	en	hau	challenge_SSA-MTE	hyp1	News	NaN	51.474021911621094
257	258	en	hau	challenge_SSA-MTE	hyp1	News	NaN	50.63292694091797
258	259	en	hau	challenge_SSA-MTE	hyp1	News	NaN	48.760467529296875
259	260	en	hau	challenge_SSA-MTE	hyp1	News	NaN	55.089111328125
260	261	en	hau	challenge_SSA-MTE	hyp1	News	NaN	78.53534698486328
261	262	en	hau	challenge_SSA-MTE	hyp1	News	NaN	77.16317749023438
262	263	en	hau	challenge_SSA-MTE	hyp1	News	NaN	50.21699523925781
263	264	en	hau	challenge_SSA-MTE	hyp1	News	NaN	74.05804443359375
264	265	en	hau	challenge_SSA-MTE	hyp1	News	NaN	37.87208557128906
265	266	en	hau	challenge_SSA-MTE	hyp1	News	NaN	82.26776123046875
266	267	en	hau	challenge_SSA-MTE	hyp1	News	NaN	52.52077865600586
267	268	en	hau	challenge_SSA-MTE	hyp1	News	NaN	57.30940246582031
268	269	en	hau	challenge_SSA-MTE	hyp1	News	NaN	45.79481887817383
269	270	en	hau	challenge_SSA-MTE	hyp1	News	NaN	44.041282653808594
270	271	en	hau	challenge_SSA-MTE	hyp1	News	NaN	49.416656494140625
271	272	en	hau	challenge_SSA-MTE	hyp1	News	NaN	45.027584075927734
272	273	en	hau	challenge_SSA-MTE	hyp1	News	NaN	57.92751693725586
273	274	en	hau	challenge_SSA-MTE	hyp1	News	NaN	64.11397552490234
274	275	en	hau	challenge_SSA-MTE	hyp1	News	NaN	62.54927062988281
275	276	en	hau	challenge_SSA-MTE	hyp1	News	NaN	63.0860595703125
276	277	en	hau	challenge_SSA-MTE	hyp1	News	NaN	54.319252014160156
277	278	en	hau	challenge_SSA-MTE	hyp1	News	NaN	75.94676971435547
278	279	en	hau	challenge_SSA-MTE	hyp1	News	NaN	73.6001968383789
279	280	en	hau	challenge_SSA-MTE	hyp1	News	NaN	73.94309997558594
280	281	en	hau	challenge_SSA-MTE	hyp1	News	NaN	68.10843658447266
281	282	en	hau	challenge_SSA-MTE	hyp1	News	NaN	75.31065368652344
282	283	en	hau	challenge_SSA-MTE	hyp1	News	NaN	62.32250213623047
283	284	en	hau	challenge_SSA-MTE	hyp1	News	NaN	67.76663208007812
284	285	en	hau	challenge_SSA-MTE	hyp1	News	NaN	52.04755783081055
285	286	en	hau	challenge_SSA-MTE	hyp1	News	NaN	57.985965728759766
286	287	en	hau	challenge_SSA-MTE	hyp1	News	NaN	67.99590301513672
287	288	en	hau	challenge_SSA-MTE	hyp1	News	NaN	46.49861145019531
288	289	en	hau	challenge_SSA-MTE	hyp1	News	NaN	35.72607421875
289	290	en	hau	challenge_SSA-MTE	hyp1	News	NaN	34.57731628417969
290	291	en	hau	challenge_SSA-MTE	hyp1	News	NaN	35.35981750488281
291	292	en	hau	challenge_SSA-MTE	hyp1	News	NaN	31.73189926147461
292	293	en	hau	challenge_SSA-MTE	hyp1	News	NaN	42.77190399169922
293	294	en	hau	challenge_SSA-MTE	hyp1	News	NaN	39.06108093261719
294	295	en	hau	challenge_SSA-MTE	hyp1	News	NaN	32.83736038208008
295	296	en	hau	challenge_SSA-MTE	hyp1	News	NaN	24.501033782958984
296	297	en	hau	challenge_SSA-MTE	hyp1	News	NaN	36.81678771972656
297	298	en	hau	challenge_SSA-MTE	hyp1	News	NaN	40.56844711303711
298	299	en	hau	challenge_SSA-MTE	hyp1	News	NaN	40.11307907104492
299	300	en	hau	challenge_SSA-MTE	hyp1	News	NaN	72.32640075683594
300	301	en	hau	challenge_SSA-MTE	hyp1	News	NaN	57.81401443481445
301	302	en	hau	challenge_SSA-MTE	hyp1	News	NaN	59.08831024169922
302	303	en	hau	challenge_SSA-MTE	hyp1	News	NaN	64.95684814453125
303	304	en	hau	challenge_SSA-MTE	hyp1	News	NaN	60.233551025390625
304	305	en	hau	challenge_SSA-MTE	hyp1	News	NaN	67.19900512695312
305	306	en	hau	challenge_SSA-MTE	hyp1	News	NaN	64.13555145263672
306	307	en	hau	challenge_SSA-MTE	hyp1	News	NaN	59.25100326538086
307	308	en	hau	challenge_SSA-MTE	hyp1	News	NaN	63.39910125732422
308	309	en	hau	challenge_SSA-MTE	hyp1	News	NaN	59.77354431152344
309	310	en	hau	challenge_SSA-MTE	hyp1	News	NaN	60.607696533203125
310	311	en	hau	challenge_SSA-MTE	hyp1	News	NaN	64.44610595703125
311	312	en	hau	challenge_SSA-MTE	hyp1	News	NaN	51.4116325378418
312	313	en	hau	challenge_SSA-MTE	hyp1	News	NaN	53.31231689453125
313	314	en	hau	challenge_SSA-MTE	hyp1	News	NaN	39.358299255371094
314	315	en	hau	challenge_SSA-MTE	hyp1	News	NaN	45.73406982421875
315	316	en	hau	challenge_SSA-MTE	hyp1	News	NaN	43.55828094482422
316	317	en	hau	challenge_SSA-MTE	hyp1	News	NaN	50.31281280517578
317	318	en	hau	challenge_SSA-MTE	hyp1	News	NaN	71.39105224609375
318	319	en	hau	challenge_SSA-MTE	hyp1	News	NaN	54.82012176513672
319	320	en	hau	challenge_SSA-MTE	hyp1	News	NaN	59.57218933105469
320	321	en	hau	challenge_SSA-MTE	hyp1	News	NaN	67.20046997070312
321	322	en	hau	challenge_SSA-MTE	hyp1	News	NaN	69.08262634277344
322	323	en	hau	challenge_SSA-MTE	hyp1	News	NaN	63.20976257324219
323	324	en	hau	challenge_SSA-MTE	hyp1	News	NaN	64.23231506347656
324	325	en	hau	challenge_SSA-MTE	hyp1	News	NaN	55.685638427734375
325	326	en	hau	challenge_SSA-MTE	hyp1	News	NaN	58.606422424316406
326	327	en	hau	challenge_SSA-MTE	hyp1	News	NaN	63.49452590942383
327	328	en	hau	challenge_SSA-MTE	hyp1	News	NaN	67.27645874023438
328	329	en	hau	challenge_SSA-MTE	hyp1	News	NaN	64.818359375
329	330	en	hau	challenge_SSA-MTE	hyp1	News	NaN	61.37034606933594
330	331	en	hau	challenge_SSA-MTE	hyp1	News	NaN	62.066162109375
331	332	en	hau	challenge_SSA-MTE	hyp1	News	NaN	66.04521179199219
332	333	en	hau	challenge_SSA-MTE	hyp1	News	NaN	61.707515716552734
333	334	en	hau	challenge_SSA-MTE	hyp1	News	NaN	65.88703918457031
334	335	en	hau	challenge_SSA-MTE	hyp1	News	NaN	54.48216247558594
335	336	en	hau	challenge_SSA-MTE	hyp1	News	NaN	41.808048248291016
336	337	en	hau	challenge_SSA-MTE	hyp1	News	NaN	49.44695281982422
337	338	en	hau	challenge_SSA-MTE	hyp1	News	NaN	46.67143249511719
338	339	en	hau	challenge_SSA-MTE	hyp1	News	NaN	32.59659194946289
339	340	en	hau	challenge_SSA-MTE	hyp1	News	NaN	58.80309295654297
340	341	en	hau	challenge_SSA-MTE	hyp1	News	NaN	74.1585922241211
341	342	en	hau	challenge_SSA-MTE	hyp1	News	NaN	70.361328125
342	343	en	hau	challenge_SSA-MTE	hyp1	News	NaN	70.81378173828125
343	344	en	hau	challenge_SSA-MTE	hyp1	News	NaN	64.23286437988281
344	345	en	hau	challenge_SSA-MTE	hyp1	News	NaN	63.88688278198242
345	346	en	hau	challenge_SSA-MTE	hyp1	News	NaN	65.27342224121094
346	347	en	hau	challenge_SSA-MTE	hyp1	News	NaN	66.03134155273438
347	348	en	hau	challenge_SSA-MTE	hyp1	News	NaN	61.46064758300781
348	349	en	hau	challenge_SSA-MTE	hyp1	News	NaN	60.17778015136719
349	350	en	hau	challenge_SSA-MTE	hyp1	News	NaN	69.21004486083984
350	351	en	hau	challenge_SSA-MTE	hyp1	News	NaN	66.3968505859375
351	352	en	hau	challenge_SSA-MTE	hyp1	News	NaN	54.63615417480469
352	353	en	hau	challenge_SSA-MTE	hyp1	News	NaN	60.294307708740234
353	354	en	hau	challenge_SSA-MTE	hyp1	News	NaN	68.31104278564453
354	355	en	hau	challenge_SSA-MTE	hyp1	News	NaN	64.28114318847656
355	356	en	hau	challenge_SSA-MTE	hyp1	News	NaN	63.013648986816406
356	357	en	hau	challenge_SSA-MTE	hyp1	News	NaN	63.37276840209961
357	358	en	hau	challenge_SSA-MTE	hyp1	News	NaN	58.72194290161133
358	359	en	hau	challenge_SSA-MTE	hyp1	News	NaN	62.927207946777344
359	360	en	hau	challenge_SSA-MTE	hyp1	News	NaN	61.83940887451172
360	361	en	hau	challenge_SSA-MTE	hyp1	News	NaN	62.41099548339844
361	362	en	hau	challenge_SSA-MTE	hyp1	News	NaN	64.62367248535156
362	363	en	hau	challenge_SSA-MTE	hyp1	News	NaN	56.95752716064453
363	364	en	hau	challenge_SSA-MTE	hyp1	News	NaN	66.259521484375
364	365	en	hau	challenge_SSA-MTE	hyp1	News	NaN	59.113563537597656
365	366	en	hau	challenge_SSA-MTE	hyp1	News	NaN	59.169944763183594
366	367	en	hau	challenge_SSA-MTE	hyp1	News	NaN	64.02919006347656
367	368	en	hau	challenge_SSA-MTE	hyp1	News	NaN	58.469696044921875
368	369	en	hau	challenge_SSA-MTE	hyp1	News	NaN	27.664634704589844
369	370	en	hau	challenge_SSA-MTE	hyp1	News	NaN	41.55887985229492
370	371	en	hau	challenge_SSA-MTE	hyp1	News	NaN	39.85791015625
371	372	en	hau	challenge_SSA-MTE	hyp1	News	NaN	40.38654327392578
372	373	en	hau	challenge_SSA-MTE	hyp1	News	NaN	36.13479232788086
373	374	en	hau	challenge_SSA-MTE	hyp1	News	NaN	38.637046813964844
374	375	en	hau	challenge_SSA-MTE	hyp1	News	NaN	57.38909912109375
375	376	en	hau	challenge_SSA-MTE	hyp1	News	NaN	53.090911865234375
376	377	en	hau	challenge_SSA-MTE	hyp1	News	NaN	67.78829193115234
377	378	en	hau	challenge_SSA-MTE	hyp1	News	NaN	68.00707244873047
378	379	en	hau	challenge_SSA-MTE	hyp1	News	NaN	59.50838088989258
379	380	en	hau	challenge_SSA-MTE	hyp1	News	NaN	77.84367370605469
380	381	en	hau	challenge_SSA-MTE	hyp1	News	NaN	78.98612976074219
381	382	en	hau	challenge_SSA-MTE	hyp1	News	NaN	79.27472686767578
382	383	en	hau	challenge_SSA-MTE	hyp1	News	NaN	75.60960388183594
383	384	en	hau	challenge_SSA-MTE	hyp1	News	NaN	76.74153900146484
384	385	en	hau	challenge_SSA-MTE	hyp1	News	NaN	75.95118713378906
385	386	en	hau	challenge_SSA-MTE	hyp1	News	NaN	72.94587707519531
386	387	en	hau	challenge_SSA-MTE	hyp1	News	NaN	62.86027145385742
387	388	en	hau	challenge_SSA-MTE	hyp1	News	NaN	58.08722686767578
388	389	en	hau	challenge_SSA-MTE	hyp1	News	NaN	61.93070983886719
389	390	en	hau	challenge_SSA-MTE	hyp1	News	NaN	53.12682342529297
390	391	en	hau	challenge_SSA-MTE	hyp1	News	NaN	61.735267639160156
391	392	en	hau	challenge_SSA-MTE	hyp1	News	NaN	70.87762451171875
392	393	en	hau	challenge_SSA-MTE	hyp1	News	NaN	69.05532836914062
393	394	en	hau	challenge_SSA-MTE	hyp1	News	NaN	70.94380950927734
394	395	en	hau	challenge_SSA-MTE	hyp1	News	NaN	70.92552185058594
395	396	en	hau	challenge_SSA-MTE	hyp1	News	NaN	62.03087615966797
396	397	en	hau	challenge_SSA-MTE	hyp1	News	NaN	60.42296600341797
397	398	en	hau	challenge_SSA-MTE	hyp1	News	NaN	69.05365753173828
398	399	en	hau	challenge_SSA-MTE	hyp1	News	NaN	61.02044677734375
399	400	en	hau	challenge_SSA-MTE	hyp1	News	NaN	65.5416259765625
400	401	en	hau	challenge_SSA-MTE	hyp1	News	NaN	57.751277923583984
401	402	en	hau	challenge_SSA-MTE	hyp1	News	NaN	70.71595764160156
402	403	en	hau	challenge_SSA-MTE	hyp1	News	NaN	64.38272094726562
403	404	en	hau	challenge_SSA-MTE	hyp1	News	NaN	65.13108825683594
404	405	en	hau	challenge_SSA-MTE	hyp1	News	NaN	49.265743255615234
405	406	en	hau	challenge_SSA-MTE	hyp1	News	NaN	49.53083038330078
406	407	en	hau	challenge_SSA-MTE	hyp1	News	NaN	54.691436767578125
407	408	en	hau	challenge_SSA-MTE	hyp1	News	NaN	58.72734069824219
408	409	en	hau	challenge_SSA-MTE	hyp1	News	NaN	52.618560791015625
409	410	en	hau	challenge_SSA-MTE	hyp1	News	NaN	52.321250915527344
410	411	en	hau	challenge_SSA-MTE	hyp1	News	NaN	44.78507995605469
411	412	en	hau	challenge_SSA-MTE	hyp1	News	NaN	51.63690948486328
412	413	en	hau	challenge_SSA-MTE	hyp1	News	NaN	51.67905044555664
413	414	en	hau	challenge_SSA-MTE	hyp1	News	NaN	47.43741989135742
414	415	en	hau	challenge_SSA-MTE	hyp1	News	NaN	58.06645965576172
415	416	en	hau	challenge_SSA-MTE	hyp1	News	NaN	63.95421600341797
416	417	en	hau	challenge_SSA-MTE	hyp1	News	NaN	62.206443786621094
417	418	en	hau	challenge_SSA-MTE	hyp1	News	NaN	69.05345153808594
418	419	en	hau	challenge_SSA-MTE	hyp1	News	NaN	73.30858612060547
419	420	en	hau	challenge_SSA-MTE	hyp1	News	NaN	73.04898071289062
420	421	en	hau	challenge_SSA-MTE	hyp1	News	NaN	45.13623046875
421	422	en	hau	challenge_SSA-MTE	hyp1	News	NaN	42.88850402832031
422	423	en	hau	challenge_SSA-MTE	hyp1	News	NaN	44.87240219116211
423	424	en	hau	challenge_SSA-MTE	hyp1	News	NaN	45.24638366699219
424	425	en	hau	challenge_SSA-MTE	hyp1	News	NaN	46.678306579589844
425	426	en	hau	challenge_SSA-MTE	hyp1	News	NaN	52.66724395751953
426	427	en	hau	challenge_SSA-MTE	hyp1	News	NaN	52.462364196777344
427	428	en	hau	challenge_SSA-MTE	hyp1	News	NaN	51.465511322021484
428	429	en	hau	challenge_SSA-MTE	hyp1	News	NaN	56.60724639892578
429	430	en	hau	challenge_SSA-MTE	hyp1	News	NaN	51.273719787597656
430	431	en	hau	challenge_SSA-MTE	hyp1	News	NaN	41.466121673583984
431	432	en	hau	challenge_SSA-MTE	hyp1	News	NaN	62.437255859375
432	433	en	hau	challenge_SSA-MTE	hyp1	News	NaN	63.91277313232422
433	434	en	hau	challenge_SSA-MTE	hyp1	News	NaN	81.7965087890625
434	435	en	hau	challenge_SSA-MTE	hyp1	News	NaN	67.29302978515625
435	436	en	hau	challenge_SSA-MTE	hyp1	News	NaN	59.5396842956543
436	437	en	hau	challenge_SSA-MTE	hyp1	News	NaN	47.514461517333984
437	438	en	hau	challenge_SSA-MTE	hyp1	News	NaN	75.39212036132812
438	439	en	hau	challenge_SSA-MTE	hyp1	News	NaN	69.05599975585938
439	440	en	hau	challenge_SSA-MTE	hyp1	News	NaN	58.41156005859375
440	441	en	hau	challenge_SSA-MTE	hyp1	News	NaN	68.96915435791016
441	442	en	hau	challenge_SSA-MTE	hyp1	News	NaN	66.71684265136719
442	443	en	hau	challenge_SSA-MTE	hyp1	News	NaN	58.29823303222656
443	444	en	hau	challenge_SSA-MTE	hyp1	News	NaN	76.39997100830078
444	445	en	hau	challenge_SSA-MTE	hyp1	News	NaN	73.49739837646484
445	446	en	hau	challenge_SSA-MTE	hyp1	News	NaN	70.22979736328125
446	447	en	hau	challenge_SSA-MTE	hyp1	News	NaN	69.14652252197266
447	448	en	hau	challenge_SSA-MTE	hyp1	News	NaN	68.5360107421875
448	449	en	hau	challenge_SSA-MTE	hyp1	News	NaN	57.54339599609375
449	450	en	hau	challenge_SSA-MTE	hyp1	News	NaN	67.72172546386719
450	451	en	hau	challenge_SSA-MTE	hyp1	News	NaN	64.09927368164062
451	452	en	hau	challenge_SSA-MTE	hyp1	News	NaN	64.35816955566406
452	453	en	hau	challenge_SSA-MTE	hyp1	News	NaN	33.656761169433594
453	454	en	hau	challenge_SSA-MTE	hyp1	News	NaN	57.58546447753906
454	455	en	hau	challenge_SSA-MTE	hyp1	News	NaN	65.09603881835938
455	456	en	hau	challenge_SSA-MTE	hyp1	News	NaN	62.96752166748047
456	457	en	hau	challenge_SSA-MTE	hyp1	News	NaN	50.12138366699219
457	458	en	hau	challenge_SSA-MTE	hyp1	News	NaN	59.21991729736328
458	459	en	hau	challenge_SSA-MTE	hyp1	News	NaN	56.26799392700195
459	460	en	hau	challenge_SSA-MTE	hyp1	News	NaN	58.33743667602539
460	461	en	hau	challenge_SSA-MTE	hyp1	News	NaN	38.60130310058594
461	462	en	hau	challenge_SSA-MTE	hyp1	News	NaN	47.870731353759766
462	463	en	hau	challenge_SSA-MTE	hyp1	News	NaN	48.823097229003906
463	464	en	hau	challenge_SSA-MTE	hyp1	News	NaN	57.90985870361328
464	465	en	hau	challenge_SSA-MTE	hyp1	News	NaN	52.28429412841797
465	466	en	hau	challenge_SSA-MTE	hyp1	News	NaN	28.44998550415039
466	467	en	hau	challenge_SSA-MTE	hyp1	News	NaN	62.10490417480469
467	468	en	hau	challenge_SSA-MTE	hyp1	News	NaN	55.389347076416016
468	469	en	hau	challenge_SSA-MTE	hyp1	News	NaN	53.376556396484375
469	470	en	hau	challenge_SSA-MTE	hyp1	News	NaN	52.856201171875
470	471	en	hau	challenge_SSA-MTE	hyp1	News	NaN	51.331787109375
471	472	en	hau	challenge_SSA-MTE	hyp1	News	NaN	60.76526641845703
472	473	en	hau	challenge_SSA-MTE	hyp1	News	NaN	66.08477783203125
473	474	en	hau	challenge_SSA-MTE	hyp1	News	NaN	61.08827590942383
474	475	en	hau	challenge_SSA-MTE	hyp1	News	NaN	61.60033416748047
475	476	en	hau	challenge_SSA-MTE	hyp1	News	NaN	68.31084442138672
476	477	en	hau	challenge_SSA-MTE	hyp1	News	NaN	67.76692199707031
477	478	en	hau	challenge_SSA-MTE	hyp1	News	NaN	68.05936431884766
478	479	en	hau	challenge_SSA-MTE	hyp1	News	NaN	53.8029899597168
479	480	en	hau	challenge_SSA-MTE	hyp1	News	NaN	68.21235656738281
480	481	en	hau	challenge_SSA-MTE	hyp1	News	NaN	62.163909912109375
481	482	en	hau	challenge_SSA-MTE	hyp1	News	NaN	64.42589569091797
482	483	en	hau	challenge_SSA-MTE	hyp1	News	NaN	71.34898376464844
483	484	en	hau	challenge_SSA-MTE	hyp1	News	NaN	72.03135681152344
484	485	en	hau	challenge_SSA-MTE	hyp1	News	NaN	59.9440803527832
485	486	en	hau	challenge_SSA-MTE	hyp1	News	NaN	59.54375076293945
486	487	en	hau	challenge_SSA-MTE	hyp1	News	NaN	59.93711471557617
487	488	en	hau	challenge_SSA-MTE	hyp1	News	NaN	64.6958236694336
488	489	en	hau	challenge_SSA-MTE	hyp1	News	NaN	67.71736145019531
489	490	en	hau	challenge_SSA-MTE	hyp1	News	NaN	65.61534881591797
490	491	en	hau	challenge_SSA-MTE	hyp1	News	NaN	58.30274200439453
491	492	en	hau	challenge_SSA-MTE	hyp1	News	NaN	71.6866683959961
492	493	en	hau	challenge_SSA-MTE	hyp1	News	NaN	65.6565170288086
493	494	en	hau	challenge_SSA-MTE	hyp1	News	NaN	51.32729721069336
494	495	en	hau	challenge_SSA-MTE	hyp1	News	NaN	65.97554779052734
495	496	en	hau	challenge_SSA-MTE	hyp1	News	NaN	63.302974700927734
496	497	en	hau	challenge_SSA-MTE	hyp1	News	NaN	50.79515838623047
497	498	en	hau	challenge_SSA-MTE	hyp1	News	NaN	49.156246185302734
498	499	en	hau	challenge_SSA-MTE	hyp1	News	NaN	48.075111389160156
499	500	en	hau	challenge_SSA-MTE	hyp1	News	NaN	59.07025146484375
500	501	en	hau	challenge_SSA-MTE	hyp1	News	NaN	63.440101623535156
501	502	en	hau	challenge_SSA-MTE	hyp1	News	NaN	48.30175018310547
502	503	en	hau	challenge_SSA-MTE	hyp1	News	NaN	57.449928283691406
503	504	en	hau	challenge_SSA-MTE	hyp1	News	NaN	44.64311981201172
504	505	en	hau	challenge_SSA-MTE	hyp1	News	NaN	56.33049392700195
505	506	en	hau	challenge_SSA-MTE	hyp1	News	NaN	59.622955322265625
506	507	en	hau	challenge_SSA-MTE	hyp1	News	NaN	58.24098587036133
507	508	en	hau	challenge_SSA-MTE	hyp1	News	NaN	52.60252380371094
508	509	en	hau	challenge_SSA-MTE	hyp1	News	NaN	74.40164947509766
509	510	en	hau	challenge_SSA-MTE	hyp1	News	NaN	76.88932037353516
510	511	en	hau	challenge_SSA-MTE	hyp1	News	NaN	75.44361877441406
511	512	en	hau	challenge_SSA-MTE	hyp1	News	NaN	76.48605346679688
512	513	en	hau	challenge_SSA-MTE	hyp1	News	NaN	75.16221618652344
513	514	en	hau	challenge_SSA-MTE	hyp1	News	NaN	80.73414611816406
514	515	en	hau	challenge_SSA-MTE	hyp1	News	NaN	71.25120544433594
515	516	en	hau	challenge_SSA-MTE	hyp1	News	NaN	73.58248138427734
516	517	en	hau	challenge_SSA-MTE	hyp1	News	NaN	61.078521728515625
517	518	en	hau	challenge_SSA-MTE	hyp1	News	NaN	69.05223083496094
518	519	en	hau	challenge_SSA-MTE	hyp1	News	NaN	61.83104705810547
519	520	en	hau	challenge_SSA-MTE	hyp1	News	NaN	79.68211364746094
520	521	en	hau	challenge_SSA-MTE	hyp1	News	NaN	54.417354583740234
521	522	en	hau	challenge_SSA-MTE	hyp1	News	NaN	60.91935729980469
522	523	en	hau	challenge_SSA-MTE	hyp1	News	NaN	34.36078643798828
523	524	en	hau	challenge_SSA-MTE	hyp1	News	NaN	50.4193229675293
524	525	en	hau	challenge_SSA-MTE	hyp1	News	NaN	62.617767333984375
525	526	en	hau	challenge_SSA-MTE	hyp1	News	NaN	60.425193786621094
526	527	en	hau	challenge_SSA-MTE	hyp1	News	NaN	57.40141296386719
527	528	en	hau	challenge_SSA-MTE	hyp1	News	NaN	46.172115325927734
528	529	en	hau	challenge_SSA-MTE	hyp1	News	NaN	65.25516510009766
529	530	en	hau	challenge_SSA-MTE	hyp1	News	NaN	54.86799621582031
530	531	en	hau	challenge_SSA-MTE	hyp1	News	NaN	57.97382736206055
531	532	en	hau	challenge_SSA-MTE	hyp1	News	NaN	58.22699737548828
532	533	en	hau	challenge_SSA-MTE	hyp1	News	NaN	66.90058898925781
533	534	en	hau	challenge_SSA-MTE	hyp1	News	NaN	63.742828369140625
534	535	en	hau	challenge_SSA-MTE	hyp1	News	NaN	63.98126220703125
535	536	en	hau	challenge_SSA-MTE	hyp1	News	NaN	59.87950134277344
536	537	en	hau	challenge_SSA-MTE	hyp1	News	NaN	63.43201446533203
537	538	en	hau	challenge_SSA-MTE	hyp1	News	NaN	69.60438537597656
538	539	en	hau	challenge_SSA-MTE	hyp1	News	NaN	58.49993896484375
539	540	en	hau	challenge_SSA-MTE	hyp1	News	NaN	60.310577392578125
540	541	en	hau	challenge_SSA-MTE	hyp1	News	NaN	63.14584732055664
541	542	en	hau	challenge_SSA-MTE	hyp1	News	NaN	57.608673095703125
542	543	en	hau	challenge_SSA-MTE	hyp1	News	NaN	64.1292724609375
543	544	en	hau	challenge_SSA-MTE	hyp1	News	NaN	66.7476806640625
544	545	en	hau	challenge_SSA-MTE	hyp1	News	NaN	79.33153533935547
545	546	en	hau	challenge_SSA-MTE	hyp1	News	NaN	68.68724060058594
546	547	en	hau	challenge_SSA-MTE	hyp1	News	NaN	67.37062072753906
547	548	en	hau	challenge_SSA-MTE	hyp1	News	NaN	51.40769958496094
548	549	en	hau	challenge_SSA-MTE	hyp1	News	NaN	58.46516036987305
549	550	en	hau	challenge_SSA-MTE	hyp1	News	NaN	42.131351470947266
550	551	en	hau	challenge_SSA-MTE	hyp1	News	NaN	50.176979064941406
551	552	en	hau	challenge_SSA-MTE	hyp1	News	NaN	40.37855529785156
552	553	en	hau	challenge_SSA-MTE	hyp1	News	NaN	54.15016174316406
553	554	en	hau	challenge_SSA-MTE	hyp1	News	NaN	40.724334716796875
554	555	en	hau	challenge_SSA-MTE	hyp1	News	NaN	48.510826110839844
555	556	en	hau	challenge_SSA-MTE	hyp1	News	NaN	57.113460540771484
556	557	en	hau	challenge_SSA-MTE	hyp1	News	NaN	50.557273864746094
557	558	en	hau	challenge_SSA-MTE	hyp1	News	NaN	55.58971405029297
558	559	en	hau	challenge_SSA-MTE	hyp1	News	NaN	59.285789489746094
559	560	en	hau	challenge_SSA-MTE	hyp1	News	NaN	53.08290481567383
560	561	en	hau	challenge_SSA-MTE	hyp1	News	NaN	62.45453643798828
561	562	en	hau	challenge_SSA-MTE	hyp1	News	NaN	78.45982360839844
562	563	en	hau	challenge_SSA-MTE	hyp1	News	NaN	80.17853546142578
563	564	en	hau	challenge_SSA-MTE	hyp1	News	NaN	79.17610931396484
564	565	en	hau	challenge_SSA-MTE	hyp1	News	NaN	77.64183807373047
565	566	en	hau	challenge_SSA-MTE	hyp1	News	NaN	73.93074035644531
566	567	en	hau	challenge_SSA-MTE	hyp1	News	NaN	80.46580505371094
567	568	en	hau	challenge_SSA-MTE	hyp1	News	NaN	52.06972885131836
568	569	en	hau	challenge_SSA-MTE	hyp1	News	NaN	35.2742919921875
569	570	en	hau	challenge_SSA-MTE	hyp1	News	NaN	49.56962966918945
570	571	en	hau	challenge_SSA-MTE	hyp1	News	NaN	54.353965759277344
571	572	en	hau	challenge_SSA-MTE	hyp1	News	NaN	54.282936096191406
572	573	en	hau	challenge_SSA-MTE	hyp1	News	NaN	54.1887092590332
573	574	en	hau	challenge_SSA-MTE	hyp1	News	NaN	61.72496795654297
574	575	en	hau	challenge_SSA-MTE	hyp1	News	NaN	69.86215209960938
575	576	en	hau	challenge_SSA-MTE	hyp1	News	NaN	61.159942626953125
576	577	en	hau	challenge_SSA-MTE	hyp1	News	NaN	60.19657897949219
577	578	en	hau	challenge_SSA-MTE	hyp1	News	NaN	59.2658576965332
578	579	en	hau	challenge_SSA-MTE	hyp1	News	NaN	60.56123352050781
579	580	en	hau	challenge_SSA-MTE	hyp1	News	NaN	48.18186569213867
580	581	en	hau	challenge_SSA-MTE	hyp1	News	NaN	48.98942565917969
581	582	en	hau	challenge_SSA-MTE	hyp1	News	NaN	34.98780059814453
582	583	en	hau	challenge_SSA-MTE	hyp1	News	NaN	47.49126434326172
583	584	en	hau	challenge_SSA-MTE	hyp1	News	NaN	55.25830078125
584	585	en	hau	challenge_SSA-MTE	hyp1	News	NaN	52.37677001953125
585	586	en	hau	challenge_SSA-MTE	hyp1	News	NaN	55.66346740722656
586	587	en	hau	challenge_SSA-MTE	hyp1	News	NaN	50.11651611328125
587	588	en	hau	challenge_SSA-MTE	hyp1	News	NaN	53.505577087402344
588	589	en	hau	challenge_SSA-MTE	hyp1	News	NaN	68.27456665039062
589	590	en	hau	challenge_SSA-MTE	hyp1	News	NaN	40.332000732421875
590	591	en	hau	challenge_SSA-MTE	hyp1	News	NaN	43.863861083984375
591	592	en	hau	challenge_SSA-MTE	hyp1	News	NaN	60.86685562133789
592	593	en	hau	challenge_SSA-MTE	hyp1	News	NaN	54.590492248535156
593	594	en	hau	challenge_SSA-MTE	hyp1	News	NaN	68.54662322998047
594	595	en	hau	challenge_SSA-MTE	hyp1	News	NaN	66.8061294555664
595	596	en	hau	challenge_SSA-MTE	hyp1	News	NaN	55.775630950927734
596	597	en	hau	challenge_SSA-MTE	hyp1	News	NaN	62.56556701660156
597	598	en	hau	challenge_SSA-MTE	hyp1	News	NaN	78.21336364746094
598	599	en	hau	challenge_SSA-MTE	hyp1	News	NaN	74.07405090332031
599	600	en	hau	challenge_SSA-MTE	hyp1	News	NaN	68.76243591308594
600	601	en	hau	challenge_SSA-MTE	hyp1	News	NaN	67.6651840209961
601	602	en	hau	challenge_SSA-MTE	hyp1	News	NaN	69.92352294921875
602	603	en	hau	challenge_SSA-MTE	hyp1	News	NaN	74.37757873535156
603	604	en	hau	challenge_SSA-MTE	hyp1	News	NaN	54.080665588378906
604	605	en	hau	challenge_SSA-MTE	hyp1	News	NaN	66.3782730102539
605	606	en	hau	challenge_SSA-MTE	hyp1	News	NaN	62.16688537597656
606	607	en	hau	challenge_SSA-MTE	hyp1	News	NaN	53.27717971801758
607	608	en	hau	challenge_SSA-MTE	hyp1	News	NaN	65.6110610961914
608	609	en	hau	challenge_SSA-MTE	hyp1	News	NaN	75.6274185180664
609	610	en	hau	challenge_SSA-MTE	hyp1	News	NaN	75.31208801269531
610	611	en	hau	challenge_SSA-MTE	hyp1	News	NaN	64.23442077636719
611	612	en	hau	challenge_SSA-MTE	hyp1	News	NaN	72.71387481689453
612	613	en	hau	challenge_SSA-MTE	hyp1	News	NaN	72.08535766601562
613	614	en	hau	challenge_SSA-MTE	hyp1	News	NaN	55.95985794067383
614	615	en	hau	challenge_SSA-MTE	hyp1	News	NaN	83.42604064941406
615	616	en	hau	challenge_SSA-MTE	hyp1	News	NaN	79.82588195800781
616	617	en	hau	challenge_SSA-MTE	hyp1	News	NaN	73.38700866699219
617	618	en	hau	challenge_SSA-MTE	hyp1	News	NaN	81.29425048828125
618	619	en	hau	challenge_SSA-MTE	hyp1	News	NaN	62.56984329223633
619	620	en	hau	challenge_SSA-MTE	hyp1	News	NaN	78.55889129638672
620	621	en	hau	challenge_SSA-MTE	hyp1	News	NaN	60.05426788330078
621	622	en	hau	challenge_SSA-MTE	hyp1	News	NaN	56.47739791870117
622	623	en	hau	challenge_SSA-MTE	hyp1	News	NaN	39.39270782470703
623	624	en	hau	challenge_SSA-MTE	hyp1	News	NaN	52.91148376464844
624	625	en	hau	challenge_SSA-MTE	hyp1	News	NaN	55.71604919433594
625	626	en	hau	challenge_SSA-MTE	hyp1	News	NaN	58.64295959472656
626	627	en	hau	challenge_SSA-MTE	hyp1	News	NaN	69.7491683959961
627	628	en	hau	challenge_SSA-MTE	hyp1	News	NaN	65.33824157714844
628	629	en	hau	challenge_SSA-MTE	hyp1	News	NaN	62.35517883300781
629	630	en	hau	challenge_SSA-MTE	hyp1	News	NaN	60.51473617553711
630	631	en	hau	challenge_SSA-MTE	hyp1	News	NaN	68.5577392578125
631	632	en	hau	challenge_SSA-MTE	hyp1	News	NaN	58.89226531982422
632	633	en	hau	challenge_SSA-MTE	hyp1	News	NaN	64.28257751464844
633	634	en	hau	challenge_SSA-MTE	hyp1	News	NaN	53.383365631103516
634	635	en	hau	challenge_SSA-MTE	hyp1	News	NaN	48.94142150878906
635	636	en	hau	challenge_SSA-MTE	hyp1	News	NaN	55.96395492553711
636	637	en	hau	challenge_SSA-MTE	hyp1	News	NaN	65.3161849975586
637	638	en	hau	challenge_SSA-MTE	hyp1	News	NaN	52.92631149291992
638	639	en	hau	challenge_SSA-MTE	hyp1	News	NaN	58.446449279785156
639	640	en	hau	challenge_SSA-MTE	hyp1	News	NaN	48.6892204284668
640	641	en	hau	challenge_SSA-MTE	hyp1	News	NaN	55.905845642089844
641	642	en	hau	challenge_SSA-MTE	hyp1	News	NaN	61.64591598510742
642	643	en	hau	challenge_SSA-MTE	hyp1	News	NaN	62.27147674560547
643	644	en	hau	challenge_SSA-MTE	hyp1	News	NaN	48.66897964477539
644	645	en	hau	challenge_SSA-MTE	hyp1	News	NaN	71.13736724853516
645	646	en	hau	challenge_SSA-MTE	hyp1	News	NaN	72.95084381103516
646	647	en	hau	challenge_SSA-MTE	hyp1	News	NaN	68.64534759521484
647	648	en	hau	challenge_SSA-MTE	hyp1	News	NaN	69.72857666015625
648	649	en	hau	challenge_SSA-MTE	hyp1	News	NaN	77.08846282958984
649	650	en	hau	challenge_SSA-MTE	hyp1	News	NaN	53.44801330566406
650	651	en	hau	challenge_SSA-MTE	hyp1	News	NaN	50.6647834777832
651	652	en	hau	challenge_SSA-MTE	hyp1	News	NaN	49.36940002441406
652	653	en	hau	challenge_SSA-MTE	hyp1	News	NaN	47.998046875
653	654	en	hau	challenge_SSA-MTE	hyp1	News	NaN	52.23047637939453
654	655	en	hau	challenge_SSA-MTE	hyp1	News	NaN	53.53517150878906
655	656	en	hau	challenge_SSA-MTE	hyp1	News	NaN	41.48712921142578
656	657	en	hau	challenge_SSA-MTE	hyp1	News	NaN	32.75926971435547
657	658	en	hau	challenge_SSA-MTE	hyp1	News	NaN	26.597671508789062
658	659	en	hau	challenge_SSA-MTE	hyp1	News	NaN	33.98881530761719
659	660	en	hau	challenge_SSA-MTE	hyp1	News	NaN	35.95036315917969
660	661	en	hau	challenge_SSA-MTE	hyp1	News	NaN	49.54180145263672
661	662	en	hau	challenge_SSA-MTE	hyp1	News	NaN	61.55121612548828
662	663	en	hau	challenge_SSA-MTE	hyp1	News	NaN	59.6346435546875
663	664	en	hau	challenge_SSA-MTE	hyp1	News	NaN	40.047821044921875
664	665	en	hau	challenge_SSA-MTE	hyp1	News	NaN	50.10112380981445
665	666	en	hau	challenge_SSA-MTE	hyp1	News	NaN	52.45149230957031
666	667	en	hau	challenge_SSA-MTE	hyp1	News	NaN	59.95741271972656
667	668	en	hau	challenge_SSA-MTE	hyp1	News	NaN	44.509639739990234
668	669	en	hau	challenge_SSA-MTE	hyp1	News	NaN	42.23175811767578
669	670	en	hau	challenge_SSA-MTE	hyp1	News	NaN	66.20538330078125
670	671	en	hau	challenge_SSA-MTE	hyp1	News	NaN	69.24411010742188
671	672	en	hau	challenge_SSA-MTE	hyp1	News	NaN	64.65106201171875
672	673	en	hau	challenge_SSA-MTE	hyp1	News	NaN	67.23419952392578
673	674	en	hau	challenge_SSA-MTE	hyp1	News	NaN	70.48377990722656
674	675	en	hau	challenge_SSA-MTE	hyp1	News	NaN	71.42768859863281
675	676	en	hau	challenge_SSA-MTE	hyp1	News	NaN	67.0504379272461
676	677	en	hau	challenge_SSA-MTE	hyp1	News	NaN	61.39498519897461
677	678	en	hau	challenge_SSA-MTE	hyp1	News	NaN	50.181556701660156
678	679	en	hau	challenge_SSA-MTE	hyp1	News	NaN	55.51755905151367
679	680	en	hau	challenge_SSA-MTE	hyp1	News	NaN	38.22693634033203
680	681	en	hau	challenge_SSA-MTE	hyp1	News	NaN	49.100955963134766
681	682	en	hau	challenge_SSA-MTE	hyp1	News	NaN	42.709510803222656
682	683	en	hau	challenge_SSA-MTE	hyp1	News	NaN	55.976287841796875
683	684	en	hau	challenge_SSA-MTE	hyp1	News	NaN	56.580928802490234
684	685	en	hau	challenge_SSA-MTE	hyp1	News	NaN	51.844425201416016
685	686	en	hau	challenge_SSA-MTE	hyp1	News	NaN	31.75772476196289
686	687	en	hau	challenge_SSA-MTE	hyp1	News	NaN	54.0197639465332
687	688	en	hau	challenge_SSA-MTE	hyp1	News	NaN	34.272315979003906
688	689	en	hau	challenge_SSA-MTE	hyp1	News	NaN	52.15391540527344
689	690	en	hau	challenge_SSA-MTE	hyp1	News	NaN	66.43394470214844
690	691	en	hau	challenge_SSA-MTE	hyp1	News	NaN	69.32097625732422
691	692	en	hau	challenge_SSA-MTE	hyp1	News	NaN	68.54927825927734
692	693	en	hau	challenge_SSA-MTE	hyp1	News	NaN	73.35950469970703
693	694	en	hau	challenge_SSA-MTE	hyp1	News	NaN	74.6267318725586
694	695	en	hau	challenge_SSA-MTE	hyp1	News	NaN	76.78105163574219
695	696	en	hau	challenge_SSA-MTE	hyp1	News	NaN	61.026893615722656
696	697	en	hau	challenge_SSA-MTE	hyp1	News	NaN	63.62309646606445
697	698	en	hau	challenge_SSA-MTE	hyp1	News	NaN	49.78040313720703
698	699	en	hau	challenge_SSA-MTE	hyp1	News	NaN	53.74518585205078
699	700	en	hau	challenge_SSA-MTE	hyp1	News	NaN	54.22776412963867
700	701	en	hau	challenge_SSA-MTE	hyp1	News	NaN	59.48028564453125
701	702	en	hau	challenge_SSA-MTE	hyp1	News	NaN	69.66477966308594
702	703	en	hau	challenge_SSA-MTE	hyp1	News	NaN	74.44160461425781
703	704	en	hau	challenge_SSA-MTE	hyp1	News	NaN	67.76300048828125
704	705	en	hau	challenge_SSA-MTE	hyp1	News	NaN	76.64608001708984
705	706	en	hau	challenge_SSA-MTE	hyp1	News	NaN	75.62005615234375
706	707	en	hau	challenge_SSA-MTE	hyp1	News	NaN	58.10383605957031
707	708	en	hau	challenge_SSA-MTE	hyp1	News	NaN	51.927650451660156
708	709	en	hau	challenge_SSA-MTE	hyp1	News	NaN	57.11377716064453
709	710	en	hau	challenge_SSA-MTE	hyp1	News	NaN	49.02031707763672
710	711	en	hau	challenge_SSA-MTE	hyp1	News	NaN	53.65172576904297
711	712	en	hau	challenge_SSA-MTE	hyp1	News	NaN	65.61184692382812
712	713	en	hau	challenge_SSA-MTE	hyp1	News	NaN	72.74429321289062
713	714	en	hau	challenge_SSA-MTE	hyp1	News	NaN	69.07791137695312
714	715	en	hau	challenge_SSA-MTE	hyp1	News	NaN	68.58576965332031
715	716	en	hau	challenge_SSA-MTE	hyp1	News	NaN	71.21192932128906
716	717	en	hau	challenge_SSA-MTE	hyp1	News	NaN	55.301605224609375
717	718	en	hau	challenge_SSA-MTE	hyp1	News	NaN	47.154151916503906
718	719	en	hau	challenge_SSA-MTE	hyp1	News	NaN	52.674739837646484
719	720	en	hau	challenge_SSA-MTE	hyp1	News	NaN	55.81871795654297
720	721	en	hau	challenge_SSA-MTE	hyp1	News	NaN	49.37309265136719
721	722	en	hau	challenge_SSA-MTE	hyp1	News	NaN	56.21137619018555
722	723	en	hau	challenge_SSA-MTE	hyp1	News	NaN	38.34629821777344
723	724	en	hau	challenge_SSA-MTE	hyp1	News	NaN	38.364322662353516
724	725	en	hau	challenge_SSA-MTE	hyp1	News	NaN	33.26605987548828
725	726	en	hau	challenge_SSA-MTE	hyp1	News	NaN	33.37107849121094
726	727	en	hau	challenge_SSA-MTE	hyp1	News	NaN	38.02125549316406
727	728	en	hau	challenge_SSA-MTE	hyp1	News	NaN	35.03260040283203
728	729	en	hau	challenge_SSA-MTE	hyp1	News	NaN	50.826866149902344
729	730	en	hau	challenge_SSA-MTE	hyp1	News	NaN	63.74045944213867
730	731	en	hau	challenge_SSA-MTE	hyp1	News	NaN	65.99017333984375
731	732	en	hau	challenge_SSA-MTE	hyp1	News	NaN	53.01970672607422
732	733	en	hau	challenge_SSA-MTE	hyp1	News	NaN	56.383888244628906
733	734	en	hau	challenge_SSA-MTE	hyp1	News	NaN	63.518829345703125
734	735	en	hau	challenge_SSA-MTE	hyp1	News	NaN	77.52247619628906
735	736	en	hau	challenge_SSA-MTE	hyp1	News	NaN	72.64942932128906
736	737	en	hau	challenge_SSA-MTE	hyp1	News	NaN	73.18559265136719
737	738	en	hau	challenge_SSA-MTE	hyp1	News	NaN	75.01081085205078
738	739	en	hau	challenge_SSA-MTE	hyp1	News	NaN	73.73817443847656
739	740	en	hau	challenge_SSA-MTE	hyp1	News	NaN	75.33468627929688
740	741	en	hau	challenge_SSA-MTE	hyp1	News	NaN	49.3134651184082
741	742	en	hau	challenge_SSA-MTE	hyp1	News	NaN	51.29327392578125
742	743	en	hau	challenge_SSA-MTE	hyp1	News	NaN	53.113555908203125
743	744	en	hau	challenge_SSA-MTE	hyp1	News	NaN	63.2161979675293
744	745	en	hau	challenge_SSA-MTE	hyp1	News	NaN	38.67013931274414
745	746	en	hau	challenge_SSA-MTE	hyp1	News	NaN	62.88414001464844
746	747	en	hau	challenge_SSA-MTE	hyp1	News	NaN	70.75010681152344
747	748	en	hau	challenge_SSA-MTE	hyp1	News	NaN	58.19230270385742
748	749	en	hau	challenge_SSA-MTE	hyp1	News	NaN	69.95409393310547
749	750	en	hau	challenge_SSA-MTE	hyp1	News	NaN	66.1249771118164
750	751	en	hau	challenge_SSA-MTE	hyp1	News	NaN	58.289764404296875
751	752	en	hau	challenge_SSA-MTE	hyp1	News	NaN	64.75755310058594
752	753	en	hau	challenge_SSA-MTE	hyp1	News	NaN	68.29953002929688
753	754	en	hau	challenge_SSA-MTE	hyp1	News	NaN	69.02830505371094
754	755	en	hau	challenge_SSA-MTE	hyp1	News	NaN	62.14098358154297
755	756	en	hau	challenge_SSA-MTE	hyp1	News	NaN	70.61917114257812
756	757	en	hau	challenge_SSA-MTE	hyp1	News	NaN	53.66206741333008
757	758	en	hau	challenge_SSA-MTE	hyp1	News	NaN	65.3096923828125
758	759	en	hau	challenge_SSA-MTE	hyp1	News	NaN	66.06466674804688
759	760	en	hau	challenge_SSA-MTE	hyp1	News	NaN	74.9891357421875
760	761	en	hau	challenge_SSA-MTE	hyp1	News	NaN	70.33927917480469
761	762	en	hau	challenge_SSA-MTE	hyp1	News	NaN	73.95675659179688
762	763	en	hau	challenge_SSA-MTE	hyp1	News	NaN	71.15322875976562
763	764	en	hau	challenge_SSA-MTE	hyp1	News	NaN	57.148414611816406
764	765	en	hau	challenge_SSA-MTE	hyp1	News	NaN	58.10504913330078
765	766	en	hau	challenge_SSA-MTE	hyp1	News	NaN	58.10418701171875
766	767	en	hau	challenge_SSA-MTE	hyp1	News	NaN	57.07354736328125
767	768	en	hau	challenge_SSA-MTE	hyp1	News	NaN	53.3125114440918
768	769	en	hau	challenge_SSA-MTE	hyp1	News	NaN	52.077781677246094
769	770	en	hau	challenge_SSA-MTE	hyp1	News	NaN	56.963539123535156
770	771	en	hau	challenge_SSA-MTE	hyp1	News	NaN	55.729820251464844
771	772	en	hau	challenge_SSA-MTE	hyp1	News	NaN	55.46034240722656
772	773	en	hau	challenge_SSA-MTE	hyp1	News	NaN	53.946502685546875
773	774	en	hau	challenge_SSA-MTE	hyp1	News	NaN	39.348819732666016
774	775	en	hau	challenge_SSA-MTE	hyp1	News	NaN	52.921630859375
775	776	en	hau	challenge_SSA-MTE	hyp1	News	NaN	58.47713088989258
776	777	en	hau	challenge_SSA-MTE	hyp1	News	NaN	38.358055114746094
777	778	en	hau	challenge_SSA-MTE	hyp1	News	NaN	56.221439361572266
778	779	en	hau	challenge_SSA-MTE	hyp1	News	NaN	49.970252990722656
779	780	en	hau	challenge_SSA-MTE	hyp1	News	NaN	53.42692947387695
780	781	en	hau	challenge_SSA-MTE	hyp1	News	NaN	60.472572326660156
781	782	en	hau	challenge_SSA-MTE	hyp1	News	NaN	45.561397552490234
782	783	en	hau	challenge_SSA-MTE	hyp1	News	NaN	49.71784210205078
783	784	en	hau	challenge_SSA-MTE	hyp1	News	NaN	50.40432357788086
784	785	en	hau	challenge_SSA-MTE	hyp1	News	NaN	44.64756393432617
785	786	en	hau	challenge_SSA-MTE	hyp1	News	NaN	48.19061279296875
786	787	en	hau	challenge_SSA-MTE	hyp1	News	NaN	59.12296676635742
787	788	en	hau	challenge_SSA-MTE	hyp1	News	NaN	52.26913070678711
788	789	en	hau	challenge_SSA-MTE	hyp1	News	NaN	63.03868103027344
789	790	en	hau	challenge_SSA-MTE	hyp1	News	NaN	51.13956832885742
790	791	en	hau	challenge_SSA-MTE	hyp1	News	NaN	53.73027420043945
791	792	en	hau	challenge_SSA-MTE	hyp1	News	NaN	55.21304702758789
792	793	en	hau	challenge_SSA-MTE	hyp1	News	NaN	60.878013610839844
793	794	en	hau	challenge_SSA-MTE	hyp1	News	NaN	66.62705993652344
794	795	en	hau	challenge_SSA-MTE	hyp1	News	NaN	68.00650024414062
795	796	en	hau	challenge_SSA-MTE	hyp1	News	NaN	66.07239532470703
796	797	en	hau	challenge_SSA-MTE	hyp1	News	NaN	62.8073616027832
797	798	en	hau	challenge_SSA-MTE	hyp1	News	NaN	63.977195739746094
798	799	en	hau	challenge_SSA-MTE	hyp1	News	NaN	71.5522689819336
799	800	en	hau	challenge_SSA-MTE	hyp1	News	NaN	63.554019927978516
800	801	en	hau	challenge_SSA-MTE	hyp1	News	NaN	64.25128173828125
801	802	en	hau	challenge_SSA-MTE	hyp1	News	NaN	62.537506103515625
802	803	en	hau	challenge_SSA-MTE	hyp1	News	NaN	60.03753662109375
803	804	en	hau	challenge_SSA-MTE	hyp1	News	NaN	58.08225631713867
804	805	en	hau	challenge_SSA-MTE	hyp1	News	NaN	50.98759460449219
805	806	en	hau	challenge_SSA-MTE	hyp1	News	NaN	75.12953186035156
806	807	en	hau	challenge_SSA-MTE	hyp1	News	NaN	73.99635314941406
807	808	en	hau	challenge_SSA-MTE	hyp1	News	NaN	73.55030822753906
808	809	en	hau	challenge_SSA-MTE	hyp1	News	NaN	76.34584045410156
809	810	en	hau	challenge_SSA-MTE	hyp1	News	NaN	74.59541320800781
810	811	en	hau	challenge_SSA-MTE	hyp1	News	NaN	73.45846557617188
811	812	en	hau	challenge_SSA-MTE	hyp1	News	NaN	48.32982635498047
812	813	en	hau	challenge_SSA-MTE	hyp1	News	NaN	51.225704193115234
813	814	en	hau	challenge_SSA-MTE	hyp1	News	NaN	50.364356994628906
814	815	en	hau	challenge_SSA-MTE	hyp1	News	NaN	59.11240768432617
815	816	en	hau	challenge_SSA-MTE	hyp1	News	NaN	44.90439987182617
816	817	en	hau	challenge_SSA-MTE	hyp1	News	NaN	51.71800231933594
817	818	en	hau	challenge_SSA-MTE	hyp1	News	NaN	55.53453063964844
818	819	en	hau	challenge_SSA-MTE	hyp1	News	NaN	55.978065490722656
819	820	en	hau	challenge_SSA-MTE	hyp1	News	NaN	52.052085876464844
820	821	en	hau	challenge_SSA-MTE	hyp1	News	NaN	41.845916748046875
821	822	en	hau	challenge_SSA-MTE	hyp1	News	NaN	51.039794921875
822	823	en	hau	challenge_SSA-MTE	hyp1	News	NaN	37.84889602661133
823	824	en	hau	challenge_SSA-MTE	hyp1	News	NaN	43.763816833496094
824	825	en	hau	challenge_SSA-MTE	hyp1	News	NaN	47.731197357177734
825	826	en	hau	challenge_SSA-MTE	hyp1	News	NaN	60.83014678955078
826	827	en	hau	challenge_SSA-MTE	hyp1	News	NaN	48.78626251220703
827	828	en	hau	challenge_SSA-MTE	hyp1	News	NaN	49.88829803466797
828	829	en	hau	challenge_SSA-MTE	hyp1	News	NaN	55.26531982421875
829	830	en	hau	challenge_SSA-MTE	hyp1	News	NaN	58.98761749267578
830	831	en	hau	challenge_SSA-MTE	hyp1	News	NaN	61.02466583251953
831	832	en	hau	challenge_SSA-MTE	hyp1	News	NaN	57.43683624267578
832	833	en	hau	challenge_SSA-MTE	hyp1	News	NaN	57.38286209106445
833	834	en	hau	challenge_SSA-MTE	hyp1	News	NaN	56.9423713684082
834	835	en	hau	challenge_SSA-MTE	hyp1	News	NaN	56.26007080078125
835	836	en	hau	challenge_SSA-MTE	hyp1	News	NaN	41.90925598144531
836	837	en	hau	challenge_SSA-MTE	hyp1	News	NaN	39.610591888427734
837	838	en	hau	challenge_SSA-MTE	hyp1	News	NaN	50.6031494140625
838	839	en	hau	challenge_SSA-MTE	hyp1	News	NaN	54.75872039794922
839	840	en	hau	challenge_SSA-MTE	hyp1	News	NaN	60.63388442993164
840	841	en	hau	challenge_SSA-MTE	hyp1	News	NaN	49.533599853515625
841	842	en	hau	challenge_SSA-MTE	hyp1	News	NaN	65.5943603515625
842	843	en	hau	challenge_SSA-MTE	hyp1	News	NaN	56.14413833618164
843	844	en	hau	challenge_SSA-MTE	hyp1	News	NaN	57.29629135131836
844	845	en	hau	challenge_SSA-MTE	hyp1	News	NaN	67.37301635742188
845	846	en	hau	challenge_SSA-MTE	hyp1	News	NaN	55.79157257080078
846	847	en	hau	challenge_SSA-MTE	hyp1	News	NaN	56.88142776489258
847	848	en	hau	challenge_SSA-MTE	hyp1	News	NaN	54.382423400878906
848	849	en	hau	challenge_SSA-MTE	hyp1	News	NaN	56.8438720703125
849	850	en	hau	challenge_SSA-MTE	hyp1	News	NaN	49.89107131958008
850	851	en	hau	challenge_SSA-MTE	hyp1	News	NaN	49.65013122558594
851	852	en	hau	challenge_SSA-MTE	hyp1	News	NaN	53.441741943359375
852	853	en	hau	challenge_SSA-MTE	hyp1	News	NaN	55.857757568359375
853	854	en	hau	challenge_SSA-MTE	hyp1	News	NaN	80.74044799804688
854	855	en	hau	challenge_SSA-MTE	hyp1	News	NaN	69.83834075927734
855	856	en	hau	challenge_SSA-MTE	hyp1	News	NaN	66.90387725830078
856	857	en	hau	challenge_SSA-MTE	hyp1	News	NaN	66.56852722167969
857	858	en	hau	challenge_SSA-MTE	hyp1	News	NaN	76.43952941894531
858	859	en	hau	challenge_SSA-MTE	hyp1	News	NaN	74.98066711425781
859	860	en	hau	challenge_SSA-MTE	hyp1	News	NaN	57.083499908447266
860	861	en	hau	challenge_SSA-MTE	hyp1	News	NaN	62.25491714477539
861	862	en	hau	challenge_SSA-MTE	hyp1	News	NaN	58.439151763916016
862	863	en	hau	challenge_SSA-MTE	hyp1	News	NaN	60.36913299560547
863	864	en	hau	challenge_SSA-MTE	hyp1	News	NaN	59.62179946899414
864	865	en	hau	challenge_SSA-MTE	hyp1	News	NaN	65.66100311279297
865	866	en	hau	challenge_SSA-MTE	hyp1	News	NaN	54.4600715637207
866	867	en	hau	challenge_SSA-MTE	hyp1	News	NaN	67.1804428100586
867	868	en	hau	challenge_SSA-MTE	hyp1	News	NaN	47.962608337402344
868	869	en	hau	challenge_SSA-MTE	hyp1	News	NaN	62.2203254699707
869	870	en	hau	challenge_SSA-MTE	hyp1	News	NaN	41.93329620361328
870	871	en	hau	challenge_SSA-MTE	hyp1	News	NaN	54.68990707397461
871	872	en	hau	challenge_SSA-MTE	hyp1	News	NaN	54.92088317871094
872	873	en	hau	challenge_SSA-MTE	hyp1	News	NaN	61.50040054321289
873	874	en	hau	challenge_SSA-MTE	hyp1	News	NaN	61.298858642578125
874	875	en	hau	challenge_SSA-MTE	hyp1	News	NaN	45.05137634277344
875	876	en	hau	challenge_SSA-MTE	hyp1	News	NaN	43.102073669433594
876	877	en	hau	challenge_SSA-MTE	hyp1	News	NaN	61.88357162475586
877	878	en	hau	challenge_SSA-MTE	hyp1	News	NaN	66.58940124511719
878	879	en	hau	challenge_SSA-MTE	hyp1	News	NaN	66.10679626464844
879	880	en	hau	challenge_SSA-MTE	hyp1	News	NaN	68.96175384521484
880	881	en	hau	challenge_SSA-MTE	hyp1	News	NaN	74.0610122680664
881	882	en	hau	challenge_SSA-MTE	hyp1	News	NaN	73.53069305419922
882	883	en	hau	challenge_SSA-MTE	hyp1	News	NaN	71.77483367919922
883	884	en	hau	challenge_SSA-MTE	hyp1	News	NaN	74.89542388916016
884	885	en	hau	challenge_SSA-MTE	hyp1	News	NaN	79.56317901611328
885	886	en	hau	challenge_SSA-MTE	hyp1	News	NaN	71.31341552734375
886	887	en	hau	challenge_SSA-MTE	hyp1	News	NaN	74.99018859863281
887	888	en	hau	challenge_SSA-MTE	hyp1	News	NaN	72.05477142333984
888	889	en	hau	challenge_SSA-MTE	hyp1	News	NaN	78.94004821777344
889	890	en	hau	challenge_SSA-MTE	hyp1	News	NaN	30.769372940063477
890	891	en	hau	challenge_SSA-MTE	hyp1	News	NaN	30.991477966308594
891	892	en	hau	challenge_SSA-MTE	hyp1	News	NaN	35.95439147949219
892	893	en	hau	challenge_SSA-MTE	hyp1	News	NaN	31.789791107177734
893	894	en	hau	challenge_SSA-MTE	hyp1	News	NaN	27.489181518554688
894	895	en	hau	challenge_SSA-MTE	hyp1	News	NaN	39.28103256225586
895	896	en	hau	challenge_SSA-MTE	hyp1	News	NaN	46.63717269897461
896	897	en	hau	challenge_SSA-MTE	hyp1	News	NaN	48.39369201660156
897	898	en	hau	challenge_SSA-MTE	hyp1	News	NaN	39.733055114746094
898	899	en	hau	challenge_SSA-MTE	hyp1	News	NaN	45.050350189208984
899	900	en	hau	challenge_SSA-MTE	hyp1	News	NaN	49.132266998291016
900	901	en	hau	challenge_SSA-MTE	hyp1	News	NaN	51.32731246948242
901	902	en	hau	challenge_SSA-MTE	hyp1	News	NaN	55.417171478271484
902	903	en	hau	challenge_SSA-MTE	hyp1	News	NaN	56.6827392578125
903	904	en	hau	challenge_SSA-MTE	hyp1	News	NaN	54.525779724121094
904	905	en	hau	challenge_SSA-MTE	hyp1	News	NaN	49.152442932128906
905	906	en	hau	challenge_SSA-MTE	hyp1	News	NaN	54.179508209228516
906	907	en	hau	challenge_SSA-MTE	hyp1	News	NaN	56.67790222167969
907	908	en	hau	challenge_SSA-MTE	hyp1	News	NaN	54.62092208862305
908	909	en	hau	challenge_SSA-MTE	hyp1	News	NaN	53.90624237060547
909	910	en	hau	challenge_SSA-MTE	hyp1	News	NaN	54.73710632324219
910	911	en	hau	challenge_SSA-MTE	hyp1	News	NaN	51.559814453125
911	912	en	hau	challenge_SSA-MTE	hyp1	News	NaN	43.301536560058594
912	913	en	hau	challenge_SSA-MTE	hyp1	News	NaN	53.47248840332031
913	914	en	hau	challenge_SSA-MTE	hyp1	News	NaN	52.14674377441406
914	915	en	hau	challenge_SSA-MTE	hyp1	News	NaN	44.027587890625
915	916	en	hau	challenge_SSA-MTE	hyp1	News	NaN	63.33098220825195
916	917	en	hau	challenge_SSA-MTE	hyp1	News	NaN	61.5234375
917	918	en	hau	challenge_SSA-MTE	hyp1	News	NaN	56.18610763549805
918	919	en	hau	challenge_SSA-MTE	hyp1	News	NaN	32.72623825073242
919	920	en	hau	challenge_SSA-MTE	hyp1	News	NaN	10.02259349822998
920	921	en	hau	challenge_SSA-MTE	hyp1	News	NaN	56.04368209838867
921	922	en	hau	challenge_SSA-MTE	hyp1	News	NaN	61.348838806152344
922	923	en	hau	challenge_SSA-MTE	hyp1	News	NaN	68.66835021972656
923	924	en	hau	challenge_SSA-MTE	hyp1	News	NaN	65.58491516113281
924	925	en	hau	challenge_SSA-MTE	hyp1	News	NaN	62.45131301879883
925	926	en	hau	challenge_SSA-MTE	hyp1	News	NaN	71.08440399169922
926	927	en	hau	challenge_SSA-MTE	hyp1	News	NaN	63.859249114990234
927	928	en	hau	challenge_SSA-MTE	hyp1	News	NaN	61.96710205078125
928	929	en	hau	challenge_SSA-MTE	hyp1	News	NaN	68.31959533691406
929	930	en	hau	challenge_SSA-MTE	hyp1	News	NaN	63.37608337402344
930	931	en	hau	challenge_SSA-MTE	hyp1	News	NaN	63.76255416870117
931	932	en	hau	challenge_SSA-MTE	hyp1	News	NaN	52.42161560058594
932	933	en	hau	challenge_SSA-MTE	hyp1	News	NaN	45.62731170654297
933	934	en	hau	challenge_SSA-MTE	hyp1	News	NaN	44.56904602050781
934	935	en	hau	challenge_SSA-MTE	hyp1	News	NaN	50.838348388671875
935	936	en	hau	challenge_SSA-MTE	hyp1	News	NaN	52.4887580871582
936	937	en	hau	challenge_SSA-MTE	hyp1	News	NaN	46.88701629638672
937	938	en	hau	challenge_SSA-MTE	hyp1	News	NaN	47.71434783935547
938	939	en	hau	challenge_SSA-MTE	hyp1	News	NaN	52.42814636230469
939	940	en	hau	challenge_SSA-MTE	hyp1	News	NaN	48.538108825683594
940	941	en	hau	challenge_SSA-MTE	hyp1	News	NaN	58.729095458984375
941	942	en	hau	challenge_SSA-MTE	hyp1	News	NaN	55.302154541015625
942	943	en	hau	challenge_SSA-MTE	hyp1	News	NaN	60.93598556518555
943	944	en	hau	challenge_SSA-MTE	hyp1	News	NaN	60.57185363769531
944	945	en	hau	challenge_SSA-MTE	hyp1	News	NaN	64.22367858886719
945	946	en	hau	challenge_SSA-MTE	hyp1	News	NaN	57.85282897949219
946	947	en	hau	challenge_SSA-MTE	hyp1	News	NaN	68.30653381347656
947	948	en	hau	challenge_SSA-MTE	hyp1	News	NaN	66.54734802246094
948	949	en	hau	challenge_SSA-MTE	hyp1	News	NaN	60.2903938293457
949	950	en	hau	challenge_SSA-MTE	hyp1	News	NaN	67.01433563232422
950	951	en	hau	challenge_SSA-MTE	hyp1	News	NaN	65.30476379394531
951	952	en	hau	challenge_SSA-MTE	hyp1	News	NaN	61.148834228515625
952	953	en	hau	challenge_SSA-MTE	hyp1	News	NaN	69.65052795410156
953	954	en	hau	challenge_SSA-MTE	hyp1	News	NaN	62.49565887451172
954	955	en	hau	challenge_SSA-MTE	hyp1	News	NaN	54.15475845336914
955	956	en	hau	challenge_SSA-MTE	hyp1	News	NaN	59.28484344482422
956	957	en	hau	challenge_SSA-MTE	hyp1	News	NaN	62.06210708618164
957	958	en	hau	challenge_SSA-MTE	hyp1	News	NaN	57.804595947265625
958	959	en	hau	challenge_SSA-MTE	hyp1	News	NaN	58.707061767578125
959	960	en	hau	challenge_SSA-MTE	hyp1	News	NaN	62.38997268676758
960	961	en	hau	challenge_SSA-MTE	hyp1	News	NaN	58.712608337402344
961	962	en	hau	challenge_SSA-MTE	hyp1	News	NaN	47.022823333740234
962	963	en	hau	challenge_SSA-MTE	hyp1	News	NaN	46.4623908996582
963	964	en	hau	challenge_SSA-MTE	hyp1	News	NaN	24.778034210205078
964	965	en	hau	challenge_SSA-MTE	hyp1	News	NaN	33.04656219482422
965	966	en	hau	challenge_SSA-MTE	hyp1	News	NaN	33.25801086425781
966	967	en	hau	challenge_SSA-MTE	hyp1	News	NaN	44.26873016357422
967	968	en	hau	challenge_SSA-MTE	hyp1	News	NaN	55.72669219970703
968	969	en	hau	challenge_SSA-MTE	hyp1	News	NaN	48.72517395019531
969	970	en	hau	challenge_SSA-MTE	hyp1	News	NaN	52.69380187988281
970	971	en	hau	challenge_SSA-MTE	hyp1	News	NaN	56.752197265625
971	972	en	hau	challenge_SSA-MTE	hyp1	News	NaN	51.24489212036133
972	973	en	hau	challenge_SSA-MTE	hyp1	News	NaN	62.05138397216797
973	974	en	hau	challenge_SSA-MTE	hyp1	News	NaN	58.47136688232422
974	975	en	hau	challenge_SSA-MTE	hyp1	News	NaN	58.49774932861328
975	976	en	hau	challenge_SSA-MTE	hyp1	News	NaN	49.643760681152344
976	977	en	hau	challenge_SSA-MTE	hyp1	News	NaN	39.92143249511719
977	978	en	hau	challenge_SSA-MTE	hyp1	News	NaN	42.92311096191406
978	979	en	hau	challenge_SSA-MTE	hyp1	News	NaN	50.14398193359375
979	980	en	hau	challenge_SSA-MTE	hyp1	News	NaN	65.54803466796875
980	981	en	hau	challenge_SSA-MTE	hyp1	News	NaN	67.25479888916016
981	982	en	hau	challenge_SSA-MTE	hyp1	News	NaN	52.611915588378906
982	983	en	hau	challenge_SSA-MTE	hyp1	News	NaN	61.96221923828125
983	984	en	hau	challenge_SSA-MTE	hyp1	News	NaN	66.53335571289062
984	985	en	hau	challenge_SSA-MTE	hyp1	News	NaN	74.67162322998047
985	986	en	hau	challenge_SSA-MTE	hyp1	News	NaN	68.40022277832031
986	987	en	hau	challenge_SSA-MTE	hyp1	News	NaN	57.7186279296875
987	988	en	hau	challenge_SSA-MTE	hyp1	News	NaN	67.21290588378906
988	989	en	hau	challenge_SSA-MTE	hyp1	News	NaN	62.221065521240234
989	990	en	hau	challenge_SSA-MTE	hyp1	News	NaN	64.46617889404297
990	991	en	hau	challenge_SSA-MTE	hyp1	News	NaN	42.57144546508789
991	992	en	hau	challenge_SSA-MTE	hyp1	News	NaN	52.56525802612305
992	993	en	hau	challenge_SSA-MTE	hyp1	News	NaN	51.906715393066406
993	994	en	hau	challenge_SSA-MTE	hyp1	News	NaN	61.65861892700195
994	995	en	hau	challenge_SSA-MTE	hyp1	News	NaN	64.21180725097656
995	996	en	hau	challenge_SSA-MTE	hyp1	News	NaN	56.66233444213867
996	997	en	hau	challenge_SSA-MTE	hyp1	News	NaN	56.2955436706543
997	998	en	hau	challenge_SSA-MTE	hyp1	News	NaN	61.43050765991211
998	999	en	hau	challenge_SSA-MTE	hyp1	News	NaN	62.92095184326172
999	1000	en	hau	challenge_SSA-MTE	hyp1	News	NaN	43.05776596069336
1000	1001	en	hau	challenge_SSA-MTE	hyp1	News	NaN	52.60343933105469
1001	1002	en	hau	challenge_SSA-MTE	hyp1	News	NaN	43.425689697265625
1002	1003	en	hau	challenge_SSA-MTE	hyp1	News	NaN	45.08713912963867
1003	1004	en	hau	challenge_SSA-MTE	hyp1	News	NaN	53.34092330932617
1004	1005	en	hau	challenge_SSA-MTE	hyp1	News	NaN	61.66508483886719
1005	1006	en	hau	challenge_SSA-MTE	hyp1	News	NaN	60.95488357543945
1006	1007	en	hau	challenge_SSA-MTE	hyp1	News	NaN	63.52305603027344
1007	1008	en	hau	challenge_SSA-MTE	hyp1	News	NaN	66.53063201904297
1008	1009	en	hau	challenge_SSA-MTE	hyp1	News	NaN	66.78410339355469
1009	1010	en	hau	challenge_SSA-MTE	hyp1	News	NaN	64.50402069091797
1010	1011	en	hau	challenge_SSA-MTE	hyp1	News	NaN	69.38494873046875
1011	1012	en	hau	challenge_SSA-MTE	hyp1	News	NaN	40.60860061645508
1012	1013	en	hau	challenge_SSA-MTE	hyp1	News	NaN	49.831809997558594
1013	1014	en	hau	challenge_SSA-MTE	hyp1	News	NaN	31.53635025024414
1014	1015	en	hau	challenge_SSA-MTE	hyp1	News	NaN	37.8929443359375
1015	1016	en	hau	challenge_SSA-MTE	hyp1	News	NaN	50.19741439819336
1016	1017	en	hau	challenge_SSA-MTE	hyp1	News	NaN	57.30051803588867
1017	1018	en	hau	challenge_SSA-MTE	hyp1	News	NaN	54.96917724609375
1018	1019	en	hau	challenge_SSA-MTE	hyp1	News	NaN	57.450103759765625
1019	1020	en	hau	challenge_SSA-MTE	hyp1	News	NaN	46.68562698364258
1020	1021	en	hau	challenge_SSA-MTE	hyp1	News	NaN	50.439453125
1021	1022	en	hau	challenge_SSA-MTE	hyp1	News	NaN	47.807525634765625
1022	1023	en	hau	challenge_SSA-MTE	hyp1	News	NaN	56.723655700683594
1023	1024	en	hau	challenge_SSA-MTE	hyp1	News	NaN	42.62128448486328
1024	1025	en	hau	challenge_SSA-MTE	hyp1	News	NaN	54.379478454589844
1025	1026	en	hau	challenge_SSA-MTE	hyp1	News	NaN	41.95845031738281
1026	1027	en	hau	challenge_SSA-MTE	hyp1	News	NaN	49.39718246459961
1027	1028	en	hau	challenge_SSA-MTE	hyp1	News	NaN	59.566673278808594
1028	1029	en	hau	challenge_SSA-MTE	hyp1	News	NaN	32.023006439208984
1029	1030	en	hau	challenge_SSA-MTE	hyp1	News	NaN	64.73919677734375
1030	1031	en	hau	challenge_SSA-MTE	hyp1	News	NaN	65.09719848632812
1031	1032	en	hau	challenge_SSA-MTE	hyp1	News	NaN	66.78884887695312
1032	1033	en	hau	challenge_SSA-MTE	hyp1	News	NaN	61.585201263427734
1033	1034	en	hau	challenge_SSA-MTE	hyp1	News	NaN	59.464805603027344
1034	1035	en	hau	challenge_SSA-MTE	hyp1	News	NaN	61.94853591918945
1035	1036	en	hau	challenge_SSA-MTE	hyp1	News	NaN	44.47994613647461
1036	1037	en	hau	challenge_SSA-MTE	hyp1	News	NaN	39.009525299072266
1037	1038	en	hau	challenge_SSA-MTE	hyp1	News	NaN	36.32109069824219
1038	1039	en	hau	challenge_SSA-MTE	hyp1	News	NaN	39.885223388671875
1039	1040	en	hau	challenge_SSA-MTE	hyp1	News	NaN	37.90397644042969
1040	1041	en	hau	challenge_SSA-MTE	hyp1	News	NaN	62.67940139770508
1041	1042	en	hau	challenge_SSA-MTE	hyp1	News	NaN	61.970001220703125
1042	1043	en	hau	challenge_SSA-MTE	hyp1	News	NaN	62.788597106933594
1043	1044	en	hau	challenge_SSA-MTE	hyp1	News	NaN	62.8372917175293
1044	1045	en	hau	challenge_SSA-MTE	hyp1	News	NaN	66.03343200683594
1045	1046	en	hau	challenge_SSA-MTE	hyp1	News	NaN	60.37495422363281
1046	1047	en	hau	challenge_SSA-MTE	hyp1	News	NaN	65.9380874633789
1047	1048	en	hau	challenge_SSA-MTE	hyp1	News	NaN	53.20667266845703
1048	1049	en	hau	challenge_SSA-MTE	hyp1	News	NaN	52.721031188964844
1049	1050	en	hau	challenge_SSA-MTE	hyp1	News	NaN	49.92931365966797
1050	1051	en	hau	challenge_SSA-MTE	hyp1	News	NaN	59.052364349365234
1051	1052	en	hau	challenge_SSA-MTE	hyp1	News	NaN	45.72159194946289
1052	1053	en	hau	challenge_SSA-MTE	hyp1	News	NaN	56.1300163269043
1053	1054	en	hau	challenge_SSA-MTE	hyp1	News	NaN	49.63856887817383
1054	1055	en	hau	challenge_SSA-MTE	hyp1	News	NaN	51.750030517578125
1055	1056	en	hau	challenge_SSA-MTE	hyp1	News	NaN	31.973827362060547
1056	1057	en	hau	challenge_SSA-MTE	hyp1	News	NaN	49.269622802734375
1057	1058	en	hau	challenge_SSA-MTE	hyp1	News	NaN	34.10188674926758
1058	1059	en	hau	challenge_SSA-MTE	hyp1	News	NaN	41.261390686035156
1059	1060	en	hau	challenge_SSA-MTE	hyp1	News	NaN	55.589561462402344
1060	1061	en	hau	challenge_SSA-MTE	hyp1	News	NaN	59.16558074951172
1061	1062	en	hau	challenge_SSA-MTE	hyp1	News	NaN	61.77831268310547
1062	1063	en	hau	challenge_SSA-MTE	hyp1	News	NaN	57.11235809326172
1063	1064	en	hau	challenge_SSA-MTE	hyp1	News	NaN	52.94007110595703
1064	1065	en	hau	challenge_SSA-MTE	hyp1	News	NaN	40.2030143737793
1065	1066	en	hau	challenge_SSA-MTE	hyp1	News	NaN	66.64395141601562
1066	1067	en	hau	challenge_SSA-MTE	hyp1	News	NaN	53.29173278808594
1067	1068	en	hau	challenge_SSA-MTE	hyp1	News	NaN	65.23208618164062
1068	1069	en	hau	challenge_SSA-MTE	hyp1	News	NaN	72.36366271972656
1069	1070	en	hau	challenge_SSA-MTE	hyp1	News	NaN	62.34064865112305
1070	1071	en	hau	challenge_SSA-MTE	hyp1	News	NaN	64.6835708618164
1071	1072	en	hau	challenge_SSA-MTE	hyp1	News	NaN	76.22325897216797
1072	1073	en	hau	challenge_SSA-MTE	hyp1	News	NaN	69.48271179199219
1073	1074	en	hau	challenge_SSA-MTE	hyp1	News	NaN	58.799461364746094
1074	1075	en	hau	challenge_SSA-MTE	hyp1	News	NaN	70.45513916015625
1075	1076	en	hau	challenge_SSA-MTE	hyp1	News	NaN	68.91827392578125
1076	1077	en	hau	challenge_SSA-MTE	hyp1	News	NaN	72.27959442138672
1077	1078	en	hau	challenge_SSA-MTE	hyp1	News	NaN	80.0381851196289
1078	1079	en	hau	challenge_SSA-MTE	hyp1	News	NaN	77.36781311035156
1079	1080	en	hau	challenge_SSA-MTE	hyp1	News	NaN	71.53077697753906
1080	1081	en	hau	challenge_SSA-MTE	hyp1	News	NaN	80.07329559326172
1081	1082	en	hau	challenge_SSA-MTE	hyp1	News	NaN	65.02052307128906
1082	1083	en	hau	challenge_SSA-MTE	hyp1	News	NaN	52.38719940185547
1083	1084	en	hau	challenge_SSA-MTE	hyp1	News	NaN	65.65960693359375
1084	1085	en	hau	challenge_SSA-MTE	hyp1	News	NaN	53.98646545410156
1085	1086	en	hau	challenge_SSA-MTE	hyp1	News	NaN	72.86276245117188
1086	1087	en	hau	challenge_SSA-MTE	hyp1	News	NaN	73.21176147460938
1087	1088	en	hau	challenge_SSA-MTE	hyp1	News	NaN	78.30623626708984
1088	1089	en	hau	challenge_SSA-MTE	hyp1	News	NaN	71.95878601074219
1089	1090	en	hau	challenge_SSA-MTE	hyp1	News	NaN	64.61514282226562
1090	1091	en	hau	challenge_SSA-MTE	hyp1	News	NaN	80.90167236328125
1091	1092	en	hau	challenge_SSA-MTE	hyp1	News	NaN	72.32183837890625
1092	1093	en	hau	challenge_SSA-MTE	hyp1	News	NaN	70.42283630371094
1093	1094	en	hau	challenge_SSA-MTE	hyp1	News	NaN	66.84735870361328
1094	1095	en	hau	challenge_SSA-MTE	hyp1	News	NaN	70.1690673828125
1095	1096	en	hau	challenge_SSA-MTE	hyp1	News	NaN	72.63160705566406
1096	1097	en	hau	challenge_SSA-MTE	hyp1	News	NaN	60.92329025268555
1097	1098	en	hau	challenge_SSA-MTE	hyp1	News	NaN	56.70637130737305
1098	1099	en	hau	challenge_SSA-MTE	hyp1	News	NaN	57.72428894042969
1099	1100	en	hau	challenge_SSA-MTE	hyp1	News	NaN	50.84394073486328
1100	1101	en	hau	challenge_SSA-MTE	hyp1	News	NaN	26.4946231842041
1101	1102	en	hau	challenge_SSA-MTE	hyp1	News	NaN	58.44207000732422
1102	1103	en	hau	challenge_SSA-MTE	hyp1	News	NaN	60.15593719482422
1103	1104	en	hau	challenge_SSA-MTE	hyp1	News	NaN	63.012420654296875
1104	1105	en	hau	challenge_SSA-MTE	hyp1	News	NaN	46.917236328125
1105	1106	en	hau	challenge_SSA-MTE	hyp1	News	NaN	53.813297271728516
1106	1107	en	hau	challenge_SSA-MTE	hyp1	News	NaN	57.400291442871094
1107	1108	en	hau	challenge_SSA-MTE	hyp1	News	NaN	60.017765045166016
1108	1109	en	hau	challenge_SSA-MTE	hyp1	News	NaN	62.22221755981445
1109	1110	en	hau	challenge_SSA-MTE	hyp1	News	NaN	63.699928283691406
1110	1111	en	hau	challenge_SSA-MTE	hyp1	News	NaN	49.850135803222656
1111	1112	en	hau	challenge_SSA-MTE	hyp1	News	NaN	61.804691314697266
1112	1113	en	hau	challenge_SSA-MTE	hyp1	News	NaN	58.96167755126953
1113	1114	en	hau	challenge_SSA-MTE	hyp1	News	NaN	60.2108154296875
1114	1115	en	hau	challenge_SSA-MTE	hyp1	News	NaN	63.685794830322266
1115	1116	en	hau	challenge_SSA-MTE	hyp1	News	NaN	62.12567138671875
1116	1117	en	hau	challenge_SSA-MTE	hyp1	News	NaN	68.56060791015625
1117	1118	en	hau	challenge_SSA-MTE	hyp1	News	NaN	67.61764526367188
1118	1119	en	hau	challenge_SSA-MTE	hyp1	News	NaN	65.40804290771484
1119	1120	en	hau	challenge_SSA-MTE	hyp1	News	NaN	63.52809143066406
1120	1121	en	hau	challenge_SSA-MTE	hyp1	News	NaN	60.48198699951172
1121	1122	en	hau	challenge_SSA-MTE	hyp1	News	NaN	56.194114685058594
1122	1123	en	hau	challenge_SSA-MTE	hyp1	News	NaN	58.096038818359375
1123	1124	en	hau	challenge_SSA-MTE	hyp1	News	NaN	54.169654846191406
1124	1125	en	hau	challenge_SSA-MTE	hyp1	News	NaN	57.078773498535156
1125	1126	en	hau	challenge_SSA-MTE	hyp1	News	NaN	66.10310363769531
1126	1127	en	hau	challenge_SSA-MTE	hyp1	News	NaN	54.41982650756836
1127	1128	en	hau	challenge_SSA-MTE	hyp1	News	NaN	51.80434036254883
1128	1129	en	hau	challenge_SSA-MTE	hyp1	News	NaN	50.59563446044922
1129	1130	en	hau	challenge_SSA-MTE	hyp1	News	NaN	26.820693969726562
1130	1131	en	hau	challenge_SSA-MTE	hyp1	News	NaN	49.47138214111328
1131	1132	en	hau	challenge_SSA-MTE	hyp1	News	NaN	57.10740280151367
1132	1133	en	hau	challenge_SSA-MTE	hyp1	News	NaN	75.91783142089844
1133	1134	en	hau	challenge_SSA-MTE	hyp1	News	NaN	73.18270874023438
1134	1135	en	hau	challenge_SSA-MTE	hyp1	News	NaN	59.69089126586914
1135	1136	en	hau	challenge_SSA-MTE	hyp1	News	NaN	74.34938049316406
1136	1137	en	hau	challenge_SSA-MTE	hyp1	News	NaN	53.46537780761719
1137	1138	en	hau	challenge_SSA-MTE	hyp1	News	NaN	52.259517669677734
1138	1139	en	hau	challenge_SSA-MTE	hyp1	News	NaN	49.07941818237305
1139	1140	en	hau	challenge_SSA-MTE	hyp1	News	NaN	51.601402282714844
1140	1141	en	hau	challenge_SSA-MTE	hyp1	News	NaN	63.39296340942383
1141	1142	en	hau	challenge_SSA-MTE	hyp1	News	NaN	49.82920837402344
1142	1143	en	hau	challenge_SSA-MTE	hyp1	News	NaN	57.245262145996094
1143	1144	en	hau	challenge_SSA-MTE	hyp1	News	NaN	53.86366271972656
1144	1145	en	hau	challenge_SSA-MTE	hyp1	News	NaN	56.6629638671875
1145	1146	en	hau	challenge_SSA-MTE	hyp1	News	NaN	64.04473114013672
1146	1147	en	hau	challenge_SSA-MTE	hyp1	News	NaN	46.208133697509766
1147	1148	en	hau	challenge_SSA-MTE	hyp1	News	NaN	51.64616394042969
1148	1149	en	hau	challenge_SSA-MTE	hyp1	News	NaN	62.96473693847656
1149	1150	en	hau	challenge_SSA-MTE	hyp1	News	NaN	66.29966735839844
1150	1151	en	hau	challenge_SSA-MTE	hyp1	News	NaN	62.72464370727539
1151	1152	en	hau	challenge_SSA-MTE	hyp1	News	NaN	60.77350616455078
1152	1153	en	hau	challenge_SSA-MTE	hyp1	News	NaN	66.69429016113281
1153	1154	en	hau	challenge_SSA-MTE	hyp1	News	NaN	69.07878112792969
1154	1155	en	hau	challenge_SSA-MTE	hyp1	News	NaN	69.7983627319336
1155	1156	en	hau	challenge_SSA-MTE	hyp1	News	NaN	70.35648345947266
1156	1157	en	hau	challenge_SSA-MTE	hyp1	News	NaN	65.47970581054688
1157	1158	en	hau	challenge_SSA-MTE	hyp1	News	NaN	69.74485778808594
1158	1159	en	hau	challenge_SSA-MTE	hyp1	News	NaN	60.440860748291016
1159	1160	en	hau	challenge_SSA-MTE	hyp1	News	NaN	69.35098266601562
1160	1161	en	hau	challenge_SSA-MTE	hyp1	News	NaN	59.226173400878906
1161	1162	en	hau	challenge_SSA-MTE	hyp1	News	NaN	62.799949645996094
1162	1163	en	hau	challenge_SSA-MTE	hyp1	News	NaN	63.34379959106445
1163	1164	en	hau	challenge_SSA-MTE	hyp1	News	NaN	69.9629898071289
1164	1165	en	hau	challenge_SSA-MTE	hyp1	News	NaN	61.893310546875
1165	1166	en	hau	challenge_SSA-MTE	hyp1	News	NaN	63.61497116088867
1166	1167	en	hau	challenge_SSA-MTE	hyp1	News	NaN	55.87554931640625
1167	1168	en	hau	challenge_SSA-MTE	hyp1	News	NaN	49.44868469238281
1168	1169	en	hau	challenge_SSA-MTE	hyp1	News	NaN	63.54730987548828
1169	1170	en	hau	challenge_SSA-MTE	hyp1	News	NaN	61.595184326171875
1170	1171	en	hau	challenge_SSA-MTE	hyp1	News	NaN	39.67546081542969
1171	1172	en	hau	challenge_SSA-MTE	hyp1	News	NaN	55.64919662475586
1172	1173	en	hau	challenge_SSA-MTE	hyp1	News	NaN	57.966461181640625
1173	1174	en	hau	challenge_SSA-MTE	hyp1	News	NaN	53.65714645385742
1174	1175	en	hau	challenge_SSA-MTE	hyp1	News	NaN	51.10182189941406
1175	1176	en	hau	challenge_SSA-MTE	hyp1	News	NaN	53.60790252685547
1176	1177	en	hau	challenge_SSA-MTE	hyp1	News	NaN	43.6151008605957
1177	1178	en	hau	challenge_SSA-MTE	hyp1	News	NaN	48.362091064453125
1178	1179	en	hau	challenge_SSA-MTE	hyp1	News	NaN	40.898170471191406
1179	1180	en	hau	challenge_SSA-MTE	hyp1	News	NaN	64.23770141601562
1180	1181	en	hau	challenge_SSA-MTE	hyp1	News	NaN	66.24982452392578
1181	1182	en	hau	challenge_SSA-MTE	hyp1	News	NaN	65.11376190185547
1182	1183	en	hau	challenge_SSA-MTE	hyp1	News	NaN	64.92211151123047
1183	1184	en	hau	challenge_SSA-MTE	hyp1	News	NaN	66.16020202636719
1184	1185	en	hau	challenge_SSA-MTE	hyp1	News	NaN	73.31340026855469
1185	1186	en	hau	challenge_SSA-MTE	hyp1	News	NaN	56.07037353515625
1186	1187	en	hau	challenge_SSA-MTE	hyp1	News	NaN	62.85450744628906
1187	1188	en	hau	challenge_SSA-MTE	hyp1	News	NaN	55.283363342285156
1188	1189	en	hau	challenge_SSA-MTE	hyp1	News	NaN	58.08643341064453
1189	1190	en	hau	challenge_SSA-MTE	hyp1	News	NaN	51.867759704589844
1190	1191	en	hau	challenge_SSA-MTE	hyp1	News	NaN	56.493507385253906
1191	1192	en	hau	challenge_SSA-MTE	hyp1	News	NaN	59.328712463378906
0	1	en	kik	challenge_SSA-MTE	hyp1	News	NaN	25.326034545898438
1	2	en	kik	challenge_SSA-MTE	hyp1	News	NaN	8.11367416381836
2	3	en	kik	challenge_SSA-MTE	hyp1	News	NaN	10.502829551696777
3	4	en	kik	challenge_SSA-MTE	hyp1	News	NaN	14.26303482055664
4	5	en	kik	challenge_SSA-MTE	hyp1	News	NaN	39.96867370605469
5	6	en	kik	challenge_SSA-MTE	hyp1	News	NaN	24.55521583557129
6	7	en	kik	challenge_SSA-MTE	hyp1	News	NaN	25.329320907592773
7	8	en	kik	challenge_SSA-MTE	hyp1	News	NaN	38.207977294921875
8	9	en	kik	challenge_SSA-MTE	hyp1	News	NaN	21.419870376586914
9	10	en	kik	challenge_SSA-MTE	hyp1	News	NaN	38.13525390625
10	11	en	kik	challenge_SSA-MTE	hyp1	News	NaN	22.557586669921875
11	12	en	kik	challenge_SSA-MTE	hyp1	News	NaN	36.672515869140625
12	13	en	kik	challenge_SSA-MTE	hyp1	News	NaN	24.084575653076172
13	14	en	kik	challenge_SSA-MTE	hyp1	News	NaN	16.368011474609375
14	15	en	kik	challenge_SSA-MTE	hyp1	News	NaN	40.917091369628906
15	16	en	kik	challenge_SSA-MTE	hyp1	News	NaN	33.62052917480469
16	17	en	kik	challenge_SSA-MTE	hyp1	News	NaN	17.267675399780273
17	18	en	kik	challenge_SSA-MTE	hyp1	News	NaN	27.647611618041992
18	19	en	kik	challenge_SSA-MTE	hyp1	News	NaN	23.76297378540039
19	20	en	kik	challenge_SSA-MTE	hyp1	News	NaN	53.8179931640625
20	21	en	kik	challenge_SSA-MTE	hyp1	News	NaN	34.900142669677734
21	22	en	kik	challenge_SSA-MTE	hyp1	News	NaN	19.452194213867188
22	23	en	kik	challenge_SSA-MTE	hyp1	News	NaN	46.53276824951172
23	24	en	kik	challenge_SSA-MTE	hyp1	News	NaN	55.206512451171875
24	25	en	kik	challenge_SSA-MTE	hyp1	News	NaN	9.89708423614502
25	26	en	kik	challenge_SSA-MTE	hyp1	News	NaN	18.706266403198242
26	27	en	kik	challenge_SSA-MTE	hyp1	News	NaN	44.23004913330078
27	28	en	kik	challenge_SSA-MTE	hyp1	News	NaN	18.71560287475586
28	29	en	kik	challenge_SSA-MTE	hyp1	News	NaN	17.495059967041016
29	30	en	kik	challenge_SSA-MTE	hyp1	News	NaN	30.001375198364258
30	31	en	kik	challenge_SSA-MTE	hyp1	News	NaN	23.536800384521484
31	32	en	kik	challenge_SSA-MTE	hyp1	News	NaN	23.594083786010742
32	33	en	kik	challenge_SSA-MTE	hyp1	News	NaN	22.49131965637207
33	34	en	kik	challenge_SSA-MTE	hyp1	News	NaN	20.207565307617188
34	35	en	kik	challenge_SSA-MTE	hyp1	News	NaN	33.646629333496094
35	36	en	kik	challenge_SSA-MTE	hyp1	News	NaN	7.659403324127197
36	37	en	kik	challenge_SSA-MTE	hyp1	News	NaN	62.94165802001953
37	38	en	kik	challenge_SSA-MTE	hyp1	News	NaN	18.429508209228516
38	39	en	kik	challenge_SSA-MTE	hyp1	News	NaN	8.856368064880371
39	40	en	kik	challenge_SSA-MTE	hyp1	News	NaN	8.277957916259766
40	41	en	kik	challenge_SSA-MTE	hyp1	News	NaN	18.37104034423828
41	42	en	kik	challenge_SSA-MTE	hyp1	News	NaN	20.30411720275879
42	43	en	kik	challenge_SSA-MTE	hyp1	News	NaN	79.36082458496094
43	44	en	kik	challenge_SSA-MTE	hyp1	News	NaN	14.431431770324707
44	45	en	kik	challenge_SSA-MTE	hyp1	News	NaN	37.47509765625
45	46	en	kik	challenge_SSA-MTE	hyp1	News	NaN	40.574180603027344
46	47	en	kik	challenge_SSA-MTE	hyp1	News	NaN	84.11932373046875
47	48	en	kik	challenge_SSA-MTE	hyp1	News	NaN	53.2950439453125
48	49	en	kik	challenge_SSA-MTE	hyp1	News	NaN	34.141029357910156
49	50	en	kik	challenge_SSA-MTE	hyp1	News	NaN	38.55436325073242
50	51	en	kik	challenge_SSA-MTE	hyp1	News	NaN	31.62926483154297
51	52	en	kik	challenge_SSA-MTE	hyp1	News	NaN	15.209333419799805
52	53	en	kik	challenge_SSA-MTE	hyp1	News	NaN	9.941610336303711
53	54	en	kik	challenge_SSA-MTE	hyp1	News	NaN	12.369990348815918
54	55	en	kik	challenge_SSA-MTE	hyp1	News	NaN	28.799692153930664
55	56	en	kik	challenge_SSA-MTE	hyp1	News	NaN	18.397907257080078
56	57	en	kik	challenge_SSA-MTE	hyp1	News	NaN	11.523231506347656
57	58	en	kik	challenge_SSA-MTE	hyp1	News	NaN	10.255970001220703
58	59	en	kik	challenge_SSA-MTE	hyp1	News	NaN	25.956897735595703
59	60	en	kik	challenge_SSA-MTE	hyp1	News	NaN	22.530014038085938
60	61	en	kik	challenge_SSA-MTE	hyp1	News	NaN	13.045769691467285
61	62	en	kik	challenge_SSA-MTE	hyp1	News	NaN	12.357744216918945
62	63	en	kik	challenge_SSA-MTE	hyp1	News	NaN	10.518960952758789
63	64	en	kik	challenge_SSA-MTE	hyp1	News	NaN	12.624652862548828
64	65	en	kik	challenge_SSA-MTE	hyp1	News	NaN	29.277576446533203
65	66	en	kik	challenge_SSA-MTE	hyp1	News	NaN	48.9588737487793
66	67	en	kik	challenge_SSA-MTE	hyp1	News	NaN	25.085670471191406
67	68	en	kik	challenge_SSA-MTE	hyp1	News	NaN	37.499752044677734
68	69	en	kik	challenge_SSA-MTE	hyp1	News	NaN	32.145389556884766
69	70	en	kik	challenge_SSA-MTE	hyp1	News	NaN	28.123291015625
70	71	en	kik	challenge_SSA-MTE	hyp1	News	NaN	22.803180694580078
71	72	en	kik	challenge_SSA-MTE	hyp1	News	NaN	50.97230529785156
72	73	en	kik	challenge_SSA-MTE	hyp1	News	NaN	1.2918511629104614
73	74	en	kik	challenge_SSA-MTE	hyp1	News	NaN	14.033659934997559
74	75	en	kik	challenge_SSA-MTE	hyp1	News	NaN	25.008960723876953
75	76	en	kik	challenge_SSA-MTE	hyp1	News	NaN	4.3172078132629395
76	77	en	kik	challenge_SSA-MTE	hyp1	News	NaN	14.790447235107422
77	78	en	kik	challenge_SSA-MTE	hyp1	News	NaN	8.911290168762207
78	79	en	kik	challenge_SSA-MTE	hyp1	News	NaN	18.770509719848633
79	80	en	kik	challenge_SSA-MTE	hyp1	News	NaN	32.944515228271484
80	81	en	kik	challenge_SSA-MTE	hyp1	News	NaN	29.228588104248047
81	82	en	kik	challenge_SSA-MTE	hyp1	News	NaN	13.541994094848633
82	83	en	kik	challenge_SSA-MTE	hyp1	News	NaN	9.84545612335205
83	84	en	kik	challenge_SSA-MTE	hyp1	News	NaN	12.876974105834961
84	85	en	kik	challenge_SSA-MTE	hyp1	News	NaN	8.120051383972168
85	86	en	kik	challenge_SSA-MTE	hyp1	News	NaN	32.267051696777344
86	87	en	kik	challenge_SSA-MTE	hyp1	News	NaN	42.017608642578125
87	88	en	kik	challenge_SSA-MTE	hyp1	News	NaN	9.657353401184082
88	89	en	kik	challenge_SSA-MTE	hyp1	News	NaN	36.225608825683594
89	90	en	kik	challenge_SSA-MTE	hyp1	News	NaN	17.106937408447266
90	91	en	kik	challenge_SSA-MTE	hyp1	News	NaN	16.257442474365234
91	92	en	kik	challenge_SSA-MTE	hyp1	News	NaN	10.420245170593262
92	93	en	kik	challenge_SSA-MTE	hyp1	News	NaN	24.0871524810791
93	94	en	kik	challenge_SSA-MTE	hyp1	News	NaN	25.605684280395508
94	95	en	kik	challenge_SSA-MTE	hyp1	News	NaN	7.72478723526001
95	96	en	kik	challenge_SSA-MTE	hyp1	News	NaN	-5.146119117736816
96	97	en	kik	challenge_SSA-MTE	hyp1	News	NaN	4.480220794677734
97	98	en	kik	challenge_SSA-MTE	hyp1	News	NaN	20.526580810546875
98	99	en	kik	challenge_SSA-MTE	hyp1	News	NaN	26.002077102661133
99	100	en	kik	challenge_SSA-MTE	hyp1	News	NaN	19.37432289123535
100	101	en	kik	challenge_SSA-MTE	hyp1	News	NaN	5.814316272735596
101	102	en	kik	challenge_SSA-MTE	hyp1	News	NaN	36.409549713134766
102	103	en	kik	challenge_SSA-MTE	hyp1	News	NaN	38.05253601074219
103	104	en	kik	challenge_SSA-MTE	hyp1	News	NaN	36.37214660644531
104	105	en	kik	challenge_SSA-MTE	hyp1	News	NaN	26.253965377807617
105	106	en	kik	challenge_SSA-MTE	hyp1	News	NaN	17.75067138671875
106	107	en	kik	challenge_SSA-MTE	hyp1	News	NaN	15.572074890136719
107	108	en	kik	challenge_SSA-MTE	hyp1	News	NaN	25.95803451538086
108	109	en	kik	challenge_SSA-MTE	hyp1	News	NaN	69.31045532226562
109	110	en	kik	challenge_SSA-MTE	hyp1	News	NaN	41.35957717895508
110	111	en	kik	challenge_SSA-MTE	hyp1	News	NaN	19.44228744506836
111	112	en	kik	challenge_SSA-MTE	hyp1	News	NaN	11.115394592285156
112	113	en	kik	challenge_SSA-MTE	hyp1	News	NaN	34.04759216308594
113	114	en	kik	challenge_SSA-MTE	hyp1	News	NaN	17.96456527709961
114	115	en	kik	challenge_SSA-MTE	hyp1	News	NaN	6.165756702423096
115	116	en	kik	challenge_SSA-MTE	hyp1	News	NaN	12.249988555908203
116	117	en	kik	challenge_SSA-MTE	hyp1	News	NaN	11.144838333129883
117	118	en	kik	challenge_SSA-MTE	hyp1	News	NaN	24.109588623046875
118	119	en	kik	challenge_SSA-MTE	hyp1	News	NaN	29.80927848815918
119	120	en	kik	challenge_SSA-MTE	hyp1	News	NaN	23.645660400390625
120	121	en	kik	challenge_SSA-MTE	hyp1	News	NaN	15.321125030517578
121	122	en	kik	challenge_SSA-MTE	hyp1	News	NaN	40.69028854370117
122	123	en	kik	challenge_SSA-MTE	hyp1	News	NaN	25.40813636779785
123	124	en	kik	challenge_SSA-MTE	hyp1	News	NaN	23.735092163085938
124	125	en	kik	challenge_SSA-MTE	hyp1	News	NaN	4.168323993682861
125	126	en	kik	challenge_SSA-MTE	hyp1	News	NaN	26.720205307006836
126	127	en	kik	challenge_SSA-MTE	hyp1	News	NaN	21.622371673583984
127	128	en	kik	challenge_SSA-MTE	hyp1	News	NaN	7.749264717102051
128	129	en	kik	challenge_SSA-MTE	hyp1	News	NaN	18.324893951416016
129	130	en	kik	challenge_SSA-MTE	hyp1	News	NaN	27.016502380371094
130	131	en	kik	challenge_SSA-MTE	hyp1	News	NaN	21.259912490844727
131	132	en	kik	challenge_SSA-MTE	hyp1	News	NaN	12.202751159667969
132	133	en	kik	challenge_SSA-MTE	hyp1	News	NaN	25.431669235229492
133	134	en	kik	challenge_SSA-MTE	hyp1	News	NaN	18.527660369873047
134	135	en	kik	challenge_SSA-MTE	hyp1	News	NaN	15.892505645751953
135	136	en	kik	challenge_SSA-MTE	hyp1	News	NaN	17.219985961914062
136	137	en	kik	challenge_SSA-MTE	hyp1	News	NaN	20.480422973632812
137	138	en	kik	challenge_SSA-MTE	hyp1	News	NaN	20.259523391723633
138	139	en	kik	challenge_SSA-MTE	hyp1	News	NaN	21.47248077392578
139	140	en	kik	challenge_SSA-MTE	hyp1	News	NaN	10.993412017822266
140	141	en	kik	challenge_SSA-MTE	hyp1	News	NaN	11.976527214050293
141	142	en	kik	challenge_SSA-MTE	hyp1	News	NaN	10.463737487792969
142	143	en	kik	challenge_SSA-MTE	hyp1	News	NaN	10.338072776794434
143	144	en	kik	challenge_SSA-MTE	hyp1	News	NaN	0.9252014756202698
144	145	en	kik	challenge_SSA-MTE	hyp1	News	NaN	18.02219009399414
145	146	en	kik	challenge_SSA-MTE	hyp1	News	NaN	14.827255249023438
146	147	en	kik	challenge_SSA-MTE	hyp1	News	NaN	25.33917808532715
147	148	en	kik	challenge_SSA-MTE	hyp1	News	NaN	18.065650939941406
148	149	en	kik	challenge_SSA-MTE	hyp1	News	NaN	12.578879356384277
149	150	en	kik	challenge_SSA-MTE	hyp1	News	NaN	5.975677967071533
150	151	en	kik	challenge_SSA-MTE	hyp1	News	NaN	24.71050453186035
151	152	en	kik	challenge_SSA-MTE	hyp1	News	NaN	19.29890251159668
152	153	en	kik	challenge_SSA-MTE	hyp1	News	NaN	12.779962539672852
153	154	en	kik	challenge_SSA-MTE	hyp1	News	NaN	17.28595733642578
154	155	en	kik	challenge_SSA-MTE	hyp1	News	NaN	12.442974090576172
155	156	en	kik	challenge_SSA-MTE	hyp1	News	NaN	26.097314834594727
156	157	en	kik	challenge_SSA-MTE	hyp1	News	NaN	47.57714080810547
157	158	en	kik	challenge_SSA-MTE	hyp1	News	NaN	14.361927032470703
158	159	en	kik	challenge_SSA-MTE	hyp1	News	NaN	11.114413261413574
159	160	en	kik	challenge_SSA-MTE	hyp1	News	NaN	23.05898094177246
160	161	en	kik	challenge_SSA-MTE	hyp1	News	NaN	23.13740348815918
161	162	en	kik	challenge_SSA-MTE	hyp1	News	NaN	20.186172485351562
162	163	en	kik	challenge_SSA-MTE	hyp1	News	NaN	13.749353408813477
163	164	en	kik	challenge_SSA-MTE	hyp1	News	NaN	20.982563018798828
164	165	en	kik	challenge_SSA-MTE	hyp1	News	NaN	16.355758666992188
165	166	en	kik	challenge_SSA-MTE	hyp1	News	NaN	29.629150390625
166	167	en	kik	challenge_SSA-MTE	hyp1	News	NaN	25.686138153076172
167	168	en	kik	challenge_SSA-MTE	hyp1	News	NaN	5.481908321380615
168	169	en	kik	challenge_SSA-MTE	hyp1	News	NaN	19.711837768554688
169	170	en	kik	challenge_SSA-MTE	hyp1	News	NaN	18.44947052001953
170	171	en	kik	challenge_SSA-MTE	hyp1	News	NaN	1.512803077697754
171	172	en	kik	challenge_SSA-MTE	hyp1	News	NaN	23.969453811645508
172	173	en	kik	challenge_SSA-MTE	hyp1	News	NaN	28.078174591064453
173	174	en	kik	challenge_SSA-MTE	hyp1	News	NaN	10.90632438659668
174	175	en	kik	challenge_SSA-MTE	hyp1	News	NaN	16.28229331970215
175	176	en	kik	challenge_SSA-MTE	hyp1	News	NaN	34.39829635620117
176	177	en	kik	challenge_SSA-MTE	hyp1	News	NaN	25.83111572265625
177	178	en	kik	challenge_SSA-MTE	hyp1	News	NaN	11.285669326782227
178	179	en	kik	challenge_SSA-MTE	hyp1	News	NaN	19.124902725219727
179	180	en	kik	challenge_SSA-MTE	hyp1	News	NaN	17.673362731933594
180	181	en	kik	challenge_SSA-MTE	hyp1	News	NaN	11.62885856628418
181	182	en	kik	challenge_SSA-MTE	hyp1	News	NaN	32.07731246948242
182	183	en	kik	challenge_SSA-MTE	hyp1	News	NaN	7.170132160186768
183	184	en	kik	challenge_SSA-MTE	hyp1	News	NaN	17.729084014892578
184	185	en	kik	challenge_SSA-MTE	hyp1	News	NaN	19.635961532592773
185	186	en	kik	challenge_SSA-MTE	hyp1	News	NaN	5.834522724151611
186	187	en	kik	challenge_SSA-MTE	hyp1	News	NaN	12.830867767333984
187	188	en	kik	challenge_SSA-MTE	hyp1	News	NaN	13.086118698120117
188	189	en	kik	challenge_SSA-MTE	hyp1	News	NaN	17.263690948486328
189	190	en	kik	challenge_SSA-MTE	hyp1	News	NaN	11.50660514831543
190	191	en	kik	challenge_SSA-MTE	hyp1	News	NaN	37.505279541015625
191	192	en	kik	challenge_SSA-MTE	hyp1	News	NaN	16.891035079956055
192	193	en	kik	challenge_SSA-MTE	hyp1	News	NaN	24.059967041015625
193	194	en	kik	challenge_SSA-MTE	hyp1	News	NaN	33.48724365234375
194	195	en	kik	challenge_SSA-MTE	hyp1	News	NaN	26.46776580810547
195	196	en	kik	challenge_SSA-MTE	hyp1	News	NaN	17.65936851501465
196	197	en	kik	challenge_SSA-MTE	hyp1	News	NaN	7.073569297790527
197	198	en	kik	challenge_SSA-MTE	hyp1	News	NaN	11.810388565063477
198	199	en	kik	challenge_SSA-MTE	hyp1	News	NaN	13.265401840209961
199	200	en	kik	challenge_SSA-MTE	hyp1	News	NaN	8.724206924438477
200	201	en	kik	challenge_SSA-MTE	hyp1	News	NaN	8.020143508911133
201	202	en	kik	challenge_SSA-MTE	hyp1	News	NaN	12.102423667907715
202	203	en	kik	challenge_SSA-MTE	hyp1	News	NaN	16.12033462524414
203	204	en	kik	challenge_SSA-MTE	hyp1	News	NaN	19.4051570892334
204	205	en	kik	challenge_SSA-MTE	hyp1	News	NaN	11.135795593261719
205	206	en	kik	challenge_SSA-MTE	hyp1	News	NaN	-3.564178466796875
206	207	en	kik	challenge_SSA-MTE	hyp1	News	NaN	23.768131256103516
207	208	en	kik	challenge_SSA-MTE	hyp1	News	NaN	27.054800033569336
208	209	en	kik	challenge_SSA-MTE	hyp1	News	NaN	14.282190322875977
209	210	en	kik	challenge_SSA-MTE	hyp1	News	NaN	16.643190383911133
210	211	en	kik	challenge_SSA-MTE	hyp1	News	NaN	22.255695343017578
211	212	en	kik	challenge_SSA-MTE	hyp1	News	NaN	30.86643409729004
212	213	en	kik	challenge_SSA-MTE	hyp1	News	NaN	40.61649703979492
213	214	en	kik	challenge_SSA-MTE	hyp1	News	NaN	24.640897750854492
214	215	en	kik	challenge_SSA-MTE	hyp1	News	NaN	21.248615264892578
215	216	en	kik	challenge_SSA-MTE	hyp1	News	NaN	17.25324821472168
216	217	en	kik	challenge_SSA-MTE	hyp1	News	NaN	9.15514850616455
217	218	en	kik	challenge_SSA-MTE	hyp1	News	NaN	18.851200103759766
218	219	en	kik	challenge_SSA-MTE	hyp1	News	NaN	15.839125633239746
219	220	en	kik	challenge_SSA-MTE	hyp1	News	NaN	23.82542610168457
220	221	en	kik	challenge_SSA-MTE	hyp1	News	NaN	19.83839225769043
221	222	en	kik	challenge_SSA-MTE	hyp1	News	NaN	33.29884338378906
222	223	en	kik	challenge_SSA-MTE	hyp1	News	NaN	8.899161338806152
223	224	en	kik	challenge_SSA-MTE	hyp1	News	NaN	13.232245445251465
224	225	en	kik	challenge_SSA-MTE	hyp1	News	NaN	19.048301696777344
225	226	en	kik	challenge_SSA-MTE	hyp1	News	NaN	8.057663917541504
226	227	en	kik	challenge_SSA-MTE	hyp1	News	NaN	34.293701171875
227	228	en	kik	challenge_SSA-MTE	hyp1	News	NaN	17.483543395996094
228	229	en	kik	challenge_SSA-MTE	hyp1	News	NaN	9.462121963500977
229	230	en	kik	challenge_SSA-MTE	hyp1	News	NaN	33.170833587646484
230	231	en	kik	challenge_SSA-MTE	hyp1	News	NaN	24.49441909790039
231	232	en	kik	challenge_SSA-MTE	hyp1	News	NaN	20.5831241607666
232	233	en	kik	challenge_SSA-MTE	hyp1	News	NaN	21.246034622192383
233	234	en	kik	challenge_SSA-MTE	hyp1	News	NaN	16.58475112915039
234	235	en	kik	challenge_SSA-MTE	hyp1	News	NaN	28.250301361083984
235	236	en	kik	challenge_SSA-MTE	hyp1	News	NaN	31.97330093383789
236	237	en	kik	challenge_SSA-MTE	hyp1	News	NaN	5.971831798553467
237	238	en	kik	challenge_SSA-MTE	hyp1	News	NaN	15.103657722473145
238	239	en	kik	challenge_SSA-MTE	hyp1	News	NaN	5.625329971313477
239	240	en	kik	challenge_SSA-MTE	hyp1	News	NaN	4.7570271492004395
240	241	en	kik	challenge_SSA-MTE	hyp1	News	NaN	23.676286697387695
241	242	en	kik	challenge_SSA-MTE	hyp1	News	NaN	28.63210678100586
242	243	en	kik	challenge_SSA-MTE	hyp1	News	NaN	10.350271224975586
243	244	en	kik	challenge_SSA-MTE	hyp1	News	NaN	17.907180786132812
244	245	en	kik	challenge_SSA-MTE	hyp1	News	NaN	32.336463928222656
245	246	en	kik	challenge_SSA-MTE	hyp1	News	NaN	26.318748474121094
246	247	en	kik	challenge_SSA-MTE	hyp1	News	NaN	23.44382667541504
247	248	en	kik	challenge_SSA-MTE	hyp1	News	NaN	10.825111389160156
248	249	en	kik	challenge_SSA-MTE	hyp1	News	NaN	16.04800796508789
249	250	en	kik	challenge_SSA-MTE	hyp1	News	NaN	39.68265151977539
250	251	en	kik	challenge_SSA-MTE	hyp1	News	NaN	22.907188415527344
251	252	en	kik	challenge_SSA-MTE	hyp1	News	NaN	23.26420021057129
252	253	en	kik	challenge_SSA-MTE	hyp1	News	NaN	4.290225505828857
253	254	en	kik	challenge_SSA-MTE	hyp1	News	NaN	5.11111307144165
254	255	en	kik	challenge_SSA-MTE	hyp1	News	NaN	18.651432037353516
255	256	en	kik	challenge_SSA-MTE	hyp1	News	NaN	23.989477157592773
256	257	en	kik	challenge_SSA-MTE	hyp1	News	NaN	14.081682205200195
257	258	en	kik	challenge_SSA-MTE	hyp1	News	NaN	19.805339813232422
258	259	en	kik	challenge_SSA-MTE	hyp1	News	NaN	19.71930694580078
259	260	en	kik	challenge_SSA-MTE	hyp1	News	NaN	19.90848159790039
260	261	en	kik	challenge_SSA-MTE	hyp1	News	NaN	12.573551177978516
261	262	en	kik	challenge_SSA-MTE	hyp1	News	NaN	8.791292190551758
262	263	en	kik	challenge_SSA-MTE	hyp1	News	NaN	17.478290557861328
263	264	en	kik	challenge_SSA-MTE	hyp1	News	NaN	14.851192474365234
264	265	en	kik	challenge_SSA-MTE	hyp1	News	NaN	15.065605163574219
265	266	en	kik	challenge_SSA-MTE	hyp1	News	NaN	16.11482048034668
266	267	en	kik	challenge_SSA-MTE	hyp1	News	NaN	38.74372863769531
267	268	en	kik	challenge_SSA-MTE	hyp1	News	NaN	25.20108413696289
268	269	en	kik	challenge_SSA-MTE	hyp1	News	NaN	15.093074798583984
269	270	en	kik	challenge_SSA-MTE	hyp1	News	NaN	19.201692581176758
270	271	en	kik	challenge_SSA-MTE	hyp1	News	NaN	20.19458770751953
271	272	en	kik	challenge_SSA-MTE	hyp1	News	NaN	16.496261596679688
272	273	en	kik	challenge_SSA-MTE	hyp1	News	NaN	62.28305435180664
273	274	en	kik	challenge_SSA-MTE	hyp1	News	NaN	23.324430465698242
274	275	en	kik	challenge_SSA-MTE	hyp1	News	NaN	22.644685745239258
275	276	en	kik	challenge_SSA-MTE	hyp1	News	NaN	9.060205459594727
276	277	en	kik	challenge_SSA-MTE	hyp1	News	NaN	12.134764671325684
277	278	en	kik	challenge_SSA-MTE	hyp1	News	NaN	6.53424596786499
278	279	en	kik	challenge_SSA-MTE	hyp1	News	NaN	13.46534538269043
279	280	en	kik	challenge_SSA-MTE	hyp1	News	NaN	5.976103782653809
280	281	en	kik	challenge_SSA-MTE	hyp1	News	NaN	23.931371688842773
281	282	en	kik	challenge_SSA-MTE	hyp1	News	NaN	10.651901245117188
282	283	en	kik	challenge_SSA-MTE	hyp1	News	NaN	7.214802265167236
283	284	en	kik	challenge_SSA-MTE	hyp1	News	NaN	31.253963470458984
284	285	en	kik	challenge_SSA-MTE	hyp1	News	NaN	15.947220802307129
285	286	en	kik	challenge_SSA-MTE	hyp1	News	NaN	17.56645965576172
286	287	en	kik	challenge_SSA-MTE	hyp1	News	NaN	22.71787452697754
287	288	en	kik	challenge_SSA-MTE	hyp1	News	NaN	14.32423210144043
288	289	en	kik	challenge_SSA-MTE	hyp1	News	NaN	11.636574745178223
289	290	en	kik	challenge_SSA-MTE	hyp1	News	NaN	38.163307189941406
290	291	en	kik	challenge_SSA-MTE	hyp1	News	NaN	15.481667518615723
291	292	en	kik	challenge_SSA-MTE	hyp1	News	NaN	22.938419342041016
292	293	en	kik	challenge_SSA-MTE	hyp1	News	NaN	11.757622718811035
293	294	en	kik	challenge_SSA-MTE	hyp1	News	NaN	12.511244773864746
294	295	en	kik	challenge_SSA-MTE	hyp1	News	NaN	35.3713493347168
295	296	en	kik	challenge_SSA-MTE	hyp1	News	NaN	28.932809829711914
296	297	en	kik	challenge_SSA-MTE	hyp1	News	NaN	22.207805633544922
297	298	en	kik	challenge_SSA-MTE	hyp1	News	NaN	10.162673950195312
298	299	en	kik	challenge_SSA-MTE	hyp1	News	NaN	20.100330352783203
299	300	en	kik	challenge_SSA-MTE	hyp1	News	NaN	28.563249588012695
300	301	en	kik	challenge_SSA-MTE	hyp1	News	NaN	25.039867401123047
301	302	en	kik	challenge_SSA-MTE	hyp1	News	NaN	11.616704940795898
302	303	en	kik	challenge_SSA-MTE	hyp1	News	NaN	22.369998931884766
303	304	en	kik	challenge_SSA-MTE	hyp1	News	NaN	35.50889587402344
304	305	en	kik	challenge_SSA-MTE	hyp1	News	NaN	26.429771423339844
305	306	en	kik	challenge_SSA-MTE	hyp1	News	NaN	14.520994186401367
306	307	en	kik	challenge_SSA-MTE	hyp1	News	NaN	12.429847717285156
307	308	en	kik	challenge_SSA-MTE	hyp1	News	NaN	7.415709018707275
308	309	en	kik	challenge_SSA-MTE	hyp1	News	NaN	10.350680351257324
309	310	en	kik	challenge_SSA-MTE	hyp1	News	NaN	50.99990463256836
310	311	en	kik	challenge_SSA-MTE	hyp1	News	NaN	23.51036262512207
311	312	en	kik	challenge_SSA-MTE	hyp1	News	NaN	16.52471923828125
312	313	en	kik	challenge_SSA-MTE	hyp1	News	NaN	18.220829010009766
313	314	en	kik	challenge_SSA-MTE	hyp1	News	NaN	20.677169799804688
314	315	en	kik	challenge_SSA-MTE	hyp1	News	NaN	22.0062255859375
315	316	en	kik	challenge_SSA-MTE	hyp1	News	NaN	7.619696140289307
316	317	en	kik	challenge_SSA-MTE	hyp1	News	NaN	11.49040699005127
317	318	en	kik	challenge_SSA-MTE	hyp1	News	NaN	16.315147399902344
318	319	en	kik	challenge_SSA-MTE	hyp1	News	NaN	32.950653076171875
319	320	en	kik	challenge_SSA-MTE	hyp1	News	NaN	13.656440734863281
320	321	en	kik	challenge_SSA-MTE	hyp1	News	NaN	15.440792083740234
321	322	en	kik	challenge_SSA-MTE	hyp1	News	NaN	12.285816192626953
322	323	en	kik	challenge_SSA-MTE	hyp1	News	NaN	12.179618835449219
323	324	en	kik	challenge_SSA-MTE	hyp1	News	NaN	12.2818603515625
324	325	en	kik	challenge_SSA-MTE	hyp1	News	NaN	12.518951416015625
325	326	en	kik	challenge_SSA-MTE	hyp1	News	NaN	9.929695129394531
326	327	en	kik	challenge_SSA-MTE	hyp1	News	NaN	9.75741195678711
327	328	en	kik	challenge_SSA-MTE	hyp1	News	NaN	0.4321509301662445
328	329	en	kik	challenge_SSA-MTE	hyp1	News	NaN	8.981966972351074
329	330	en	kik	challenge_SSA-MTE	hyp1	News	NaN	17.680116653442383
330	331	en	kik	challenge_SSA-MTE	hyp1	News	NaN	26.14324188232422
331	332	en	kik	challenge_SSA-MTE	hyp1	News	NaN	12.151988983154297
332	333	en	kik	challenge_SSA-MTE	hyp1	News	NaN	17.62248420715332
333	334	en	kik	challenge_SSA-MTE	hyp1	News	NaN	33.3105354309082
334	335	en	kik	challenge_SSA-MTE	hyp1	News	NaN	30.054054260253906
335	336	en	kik	challenge_SSA-MTE	hyp1	News	NaN	33.27360153198242
336	337	en	kik	challenge_SSA-MTE	hyp1	News	NaN	26.984981536865234
337	338	en	kik	challenge_SSA-MTE	hyp1	News	NaN	9.632132530212402
338	339	en	kik	challenge_SSA-MTE	hyp1	News	NaN	20.897308349609375
339	340	en	kik	challenge_SSA-MTE	hyp1	News	NaN	28.279464721679688
340	341	en	kik	challenge_SSA-MTE	hyp1	News	NaN	18.773969650268555
341	342	en	kik	challenge_SSA-MTE	hyp1	News	NaN	27.87127113342285
342	343	en	kik	challenge_SSA-MTE	hyp1	News	NaN	17.562015533447266
343	344	en	kik	challenge_SSA-MTE	hyp1	News	NaN	23.40667724609375
344	345	en	kik	challenge_SSA-MTE	hyp1	News	NaN	9.728404998779297
345	346	en	kik	challenge_SSA-MTE	hyp1	News	NaN	18.94078254699707
346	347	en	kik	challenge_SSA-MTE	hyp1	News	NaN	16.677003860473633
347	348	en	kik	challenge_SSA-MTE	hyp1	News	NaN	6.311051845550537
348	349	en	kik	challenge_SSA-MTE	hyp1	News	NaN	15.362987518310547
349	350	en	kik	challenge_SSA-MTE	hyp1	News	NaN	19.861995697021484
350	351	en	kik	challenge_SSA-MTE	hyp1	News	NaN	12.226822853088379
351	352	en	kik	challenge_SSA-MTE	hyp1	News	NaN	12.494170188903809
352	353	en	kik	challenge_SSA-MTE	hyp1	News	NaN	10.766387939453125
353	354	en	kik	challenge_SSA-MTE	hyp1	News	NaN	16.60442352294922
354	355	en	kik	challenge_SSA-MTE	hyp1	News	NaN	14.282800674438477
355	356	en	kik	challenge_SSA-MTE	hyp1	News	NaN	20.929475784301758
356	357	en	kik	challenge_SSA-MTE	hyp1	News	NaN	16.726404190063477
357	358	en	kik	challenge_SSA-MTE	hyp1	News	NaN	11.982059478759766
358	359	en	kik	challenge_SSA-MTE	hyp1	News	NaN	8.33932113647461
359	360	en	kik	challenge_SSA-MTE	hyp1	News	NaN	18.08942413330078
360	361	en	kik	challenge_SSA-MTE	hyp1	News	NaN	17.056360244750977
361	362	en	kik	challenge_SSA-MTE	hyp1	News	NaN	14.779314041137695
362	363	en	kik	challenge_SSA-MTE	hyp1	News	NaN	11.019685745239258
363	364	en	kik	challenge_SSA-MTE	hyp1	News	NaN	5.620970249176025
364	365	en	kik	challenge_SSA-MTE	hyp1	News	NaN	3.143662452697754
365	366	en	kik	challenge_SSA-MTE	hyp1	News	NaN	3.6756131649017334
366	367	en	kik	challenge_SSA-MTE	hyp1	News	NaN	21.955039978027344
367	368	en	kik	challenge_SSA-MTE	hyp1	News	NaN	8.002171516418457
368	369	en	kik	challenge_SSA-MTE	hyp1	News	NaN	17.57358169555664
369	370	en	kik	challenge_SSA-MTE	hyp1	News	NaN	13.42707347869873
370	371	en	kik	challenge_SSA-MTE	hyp1	News	NaN	19.109682083129883
371	372	en	kik	challenge_SSA-MTE	hyp1	News	NaN	10.790600776672363
372	373	en	kik	challenge_SSA-MTE	hyp1	News	NaN	24.44767189025879
373	374	en	kik	challenge_SSA-MTE	hyp1	News	NaN	16.13592529296875
374	375	en	kik	challenge_SSA-MTE	hyp1	News	NaN	16.303062438964844
375	376	en	kik	challenge_SSA-MTE	hyp1	News	NaN	38.47416305541992
376	377	en	kik	challenge_SSA-MTE	hyp1	News	NaN	23.830928802490234
377	378	en	kik	challenge_SSA-MTE	hyp1	News	NaN	15.787559509277344
378	379	en	kik	challenge_SSA-MTE	hyp1	News	NaN	76.27813720703125
379	380	en	kik	challenge_SSA-MTE	hyp1	News	NaN	12.465394973754883
380	381	en	kik	challenge_SSA-MTE	hyp1	News	NaN	9.777079582214355
381	382	en	kik	challenge_SSA-MTE	hyp1	News	NaN	16.649085998535156
382	383	en	kik	challenge_SSA-MTE	hyp1	News	NaN	14.36514949798584
383	384	en	kik	challenge_SSA-MTE	hyp1	News	NaN	5.853908061981201
384	385	en	kik	challenge_SSA-MTE	hyp1	News	NaN	18.405641555786133
385	386	en	kik	challenge_SSA-MTE	hyp1	News	NaN	23.654695510864258
386	387	en	kik	challenge_SSA-MTE	hyp1	News	NaN	8.93626594543457
387	388	en	kik	challenge_SSA-MTE	hyp1	News	NaN	8.89127254486084
388	389	en	kik	challenge_SSA-MTE	hyp1	News	NaN	12.05166244506836
389	390	en	kik	challenge_SSA-MTE	hyp1	News	NaN	8.880847930908203
390	391	en	kik	challenge_SSA-MTE	hyp1	News	NaN	14.7578125
391	392	en	kik	challenge_SSA-MTE	hyp1	News	NaN	13.966192245483398
392	393	en	kik	challenge_SSA-MTE	hyp1	News	NaN	14.348078727722168
393	394	en	kik	challenge_SSA-MTE	hyp1	News	NaN	2.883345603942871
394	395	en	kik	challenge_SSA-MTE	hyp1	News	NaN	7.298305034637451
395	396	en	kik	challenge_SSA-MTE	hyp1	News	NaN	28.11745262145996
396	397	en	kik	challenge_SSA-MTE	hyp1	News	NaN	1.966196060180664
397	398	en	kik	challenge_SSA-MTE	hyp1	News	NaN	11.310099601745605
398	399	en	kik	challenge_SSA-MTE	hyp1	News	NaN	26.595870971679688
399	400	en	kik	challenge_SSA-MTE	hyp1	News	NaN	16.135173797607422
400	401	en	kik	challenge_SSA-MTE	hyp1	News	NaN	8.657487869262695
401	402	en	kik	challenge_SSA-MTE	hyp1	News	NaN	17.37973976135254
402	403	en	kik	challenge_SSA-MTE	hyp1	News	NaN	21.53619384765625
403	404	en	kik	challenge_SSA-MTE	hyp1	News	NaN	3.449953317642212
404	405	en	kik	challenge_SSA-MTE	hyp1	News	NaN	15.334991455078125
405	406	en	kik	challenge_SSA-MTE	hyp1	News	NaN	35.914371490478516
406	407	en	kik	challenge_SSA-MTE	hyp1	News	NaN	9.064104080200195
407	408	en	kik	challenge_SSA-MTE	hyp1	News	NaN	7.554986000061035
408	409	en	kik	challenge_SSA-MTE	hyp1	News	NaN	23.075450897216797
409	410	en	kik	challenge_SSA-MTE	hyp1	News	NaN	12.059168815612793
410	411	en	kik	challenge_SSA-MTE	hyp1	News	NaN	19.9775390625
411	412	en	kik	challenge_SSA-MTE	hyp1	News	NaN	18.589956283569336
412	413	en	kik	challenge_SSA-MTE	hyp1	News	NaN	22.92460060119629
413	414	en	kik	challenge_SSA-MTE	hyp1	News	NaN	19.331340789794922
414	415	en	kik	challenge_SSA-MTE	hyp1	News	NaN	7.71018648147583
415	416	en	kik	challenge_SSA-MTE	hyp1	News	NaN	14.44813346862793
416	417	en	kik	challenge_SSA-MTE	hyp1	News	NaN	85.00293731689453
417	418	en	kik	challenge_SSA-MTE	hyp1	News	NaN	22.643917083740234
418	419	en	kik	challenge_SSA-MTE	hyp1	News	NaN	18.246150970458984
419	420	en	kik	challenge_SSA-MTE	hyp1	News	NaN	18.233219146728516
420	421	en	kik	challenge_SSA-MTE	hyp1	News	NaN	6.63917875289917
421	422	en	kik	challenge_SSA-MTE	hyp1	News	NaN	14.747783660888672
422	423	en	kik	challenge_SSA-MTE	hyp1	News	NaN	5.539548873901367
423	424	en	kik	challenge_SSA-MTE	hyp1	News	NaN	5.630594730377197
424	425	en	kik	challenge_SSA-MTE	hyp1	News	NaN	25.089115142822266
425	426	en	kik	challenge_SSA-MTE	hyp1	News	NaN	24.27789878845215
426	427	en	kik	challenge_SSA-MTE	hyp1	News	NaN	9.831064224243164
427	428	en	kik	challenge_SSA-MTE	hyp1	News	NaN	22.307113647460938
428	429	en	kik	challenge_SSA-MTE	hyp1	News	NaN	29.11285400390625
429	430	en	kik	challenge_SSA-MTE	hyp1	News	NaN	27.51830291748047
430	431	en	kik	challenge_SSA-MTE	hyp1	News	NaN	11.834665298461914
431	432	en	kik	challenge_SSA-MTE	hyp1	News	NaN	18.88298225402832
432	433	en	kik	challenge_SSA-MTE	hyp1	News	NaN	6.370473384857178
433	434	en	kik	challenge_SSA-MTE	hyp1	News	NaN	12.855655670166016
434	435	en	kik	challenge_SSA-MTE	hyp1	News	NaN	17.625932693481445
435	436	en	kik	challenge_SSA-MTE	hyp1	News	NaN	29.54772186279297
436	437	en	kik	challenge_SSA-MTE	hyp1	News	NaN	15.982383728027344
437	438	en	kik	challenge_SSA-MTE	hyp1	News	NaN	19.60394859313965
438	439	en	kik	challenge_SSA-MTE	hyp1	News	NaN	30.205368041992188
439	440	en	kik	challenge_SSA-MTE	hyp1	News	NaN	25.370792388916016
440	441	en	kik	challenge_SSA-MTE	hyp1	News	NaN	13.78770637512207
441	442	en	kik	challenge_SSA-MTE	hyp1	News	NaN	11.956300735473633
442	443	en	kik	challenge_SSA-MTE	hyp1	News	NaN	22.145137786865234
443	444	en	kik	challenge_SSA-MTE	hyp1	News	NaN	22.9243221282959
444	445	en	kik	challenge_SSA-MTE	hyp1	News	NaN	16.685989379882812
445	446	en	kik	challenge_SSA-MTE	hyp1	News	NaN	13.32150650024414
446	447	en	kik	challenge_SSA-MTE	hyp1	News	NaN	12.037422180175781
447	448	en	kik	challenge_SSA-MTE	hyp1	News	NaN	30.30699920654297
448	449	en	kik	challenge_SSA-MTE	hyp1	News	NaN	8.28697395324707
449	450	en	kik	challenge_SSA-MTE	hyp1	News	NaN	29.627849578857422
450	451	en	kik	challenge_SSA-MTE	hyp1	News	NaN	22.784305572509766
451	452	en	kik	challenge_SSA-MTE	hyp1	News	NaN	15.328248977661133
452	453	en	kik	challenge_SSA-MTE	hyp1	News	NaN	12.349588394165039
453	454	en	kik	challenge_SSA-MTE	hyp1	News	NaN	22.620288848876953
454	455	en	kik	challenge_SSA-MTE	hyp1	News	NaN	17.96261215209961
455	456	en	kik	challenge_SSA-MTE	hyp1	News	NaN	8.294279098510742
456	457	en	kik	challenge_SSA-MTE	hyp1	News	NaN	13.996866226196289
457	458	en	kik	challenge_SSA-MTE	hyp1	News	NaN	5.446019649505615
458	459	en	kik	challenge_SSA-MTE	hyp1	News	NaN	5.767385005950928
459	460	en	kik	challenge_SSA-MTE	hyp1	News	NaN	11.633072853088379
460	461	en	kik	challenge_SSA-MTE	hyp1	News	NaN	15.245450973510742
461	462	en	kik	challenge_SSA-MTE	hyp1	News	NaN	11.5841064453125
462	463	en	kik	challenge_SSA-MTE	hyp1	News	NaN	15.650642395019531
463	464	en	kik	challenge_SSA-MTE	hyp1	News	NaN	24.947059631347656
464	465	en	kik	challenge_SSA-MTE	hyp1	News	NaN	22.969709396362305
465	466	en	kik	challenge_SSA-MTE	hyp1	News	NaN	15.702040672302246
466	467	en	kik	challenge_SSA-MTE	hyp1	News	NaN	8.521024703979492
467	468	en	kik	challenge_SSA-MTE	hyp1	News	NaN	12.674995422363281
468	469	en	kik	challenge_SSA-MTE	hyp1	News	NaN	26.81790542602539
469	470	en	kik	challenge_SSA-MTE	hyp1	News	NaN	37.467716217041016
470	471	en	kik	challenge_SSA-MTE	hyp1	News	NaN	11.726154327392578
471	472	en	kik	challenge_SSA-MTE	hyp1	News	NaN	6.54706335067749
472	473	en	kik	challenge_SSA-MTE	hyp1	News	NaN	21.41866111755371
473	474	en	kik	challenge_SSA-MTE	hyp1	News	NaN	16.867218017578125
474	475	en	kik	challenge_SSA-MTE	hyp1	News	NaN	25.72071647644043
475	476	en	kik	challenge_SSA-MTE	hyp1	News	NaN	22.574851989746094
476	477	en	kik	challenge_SSA-MTE	hyp1	News	NaN	1.3416999578475952
477	478	en	kik	challenge_SSA-MTE	hyp1	News	NaN	18.46923065185547
478	479	en	kik	challenge_SSA-MTE	hyp1	News	NaN	38.50297546386719
479	480	en	kik	challenge_SSA-MTE	hyp1	News	NaN	21.501314163208008
480	481	en	kik	challenge_SSA-MTE	hyp1	News	NaN	12.815475463867188
481	482	en	kik	challenge_SSA-MTE	hyp1	News	NaN	28.117225646972656
482	483	en	kik	challenge_SSA-MTE	hyp1	News	NaN	27.57345962524414
483	484	en	kik	challenge_SSA-MTE	hyp1	News	NaN	29.505802154541016
484	485	en	kik	challenge_SSA-MTE	hyp1	News	NaN	20.489864349365234
485	486	en	kik	challenge_SSA-MTE	hyp1	News	NaN	8.39980697631836
486	487	en	kik	challenge_SSA-MTE	hyp1	News	NaN	16.502376556396484
487	488	en	kik	challenge_SSA-MTE	hyp1	News	NaN	27.846445083618164
488	489	en	kik	challenge_SSA-MTE	hyp1	News	NaN	9.89523696899414
489	490	en	kik	challenge_SSA-MTE	hyp1	News	NaN	7.715732574462891
490	491	en	kik	challenge_SSA-MTE	hyp1	News	NaN	20.381296157836914
491	492	en	kik	challenge_SSA-MTE	hyp1	News	NaN	19.86257553100586
492	493	en	kik	challenge_SSA-MTE	hyp1	News	NaN	8.122917175292969
493	494	en	kik	challenge_SSA-MTE	hyp1	News	NaN	5.871280193328857
494	495	en	kik	challenge_SSA-MTE	hyp1	News	NaN	10.223307609558105
495	496	en	kik	challenge_SSA-MTE	hyp1	News	NaN	48.60124969482422
496	497	en	kik	challenge_SSA-MTE	hyp1	News	NaN	5.677377223968506
497	498	en	kik	challenge_SSA-MTE	hyp1	News	NaN	22.220062255859375
498	499	en	kik	challenge_SSA-MTE	hyp1	News	NaN	9.958436965942383
499	500	en	kik	challenge_SSA-MTE	hyp1	News	NaN	12.703351974487305
500	501	en	kik	challenge_SSA-MTE	hyp1	News	NaN	13.667720794677734
501	502	en	kik	challenge_SSA-MTE	hyp1	News	NaN	21.72646141052246
502	503	en	kik	challenge_SSA-MTE	hyp1	News	NaN	24.66018295288086
503	504	en	kik	challenge_SSA-MTE	hyp1	News	NaN	8.44622802734375
504	505	en	kik	challenge_SSA-MTE	hyp1	News	NaN	6.934129238128662
505	506	en	kik	challenge_SSA-MTE	hyp1	News	NaN	21.858200073242188
506	507	en	kik	challenge_SSA-MTE	hyp1	News	NaN	25.128833770751953
507	508	en	kik	challenge_SSA-MTE	hyp1	News	NaN	11.306130409240723
508	509	en	kik	challenge_SSA-MTE	hyp1	News	NaN	16.906282424926758
509	510	en	kik	challenge_SSA-MTE	hyp1	News	NaN	13.116358757019043
510	511	en	kik	challenge_SSA-MTE	hyp1	News	NaN	12.588163375854492
511	512	en	kik	challenge_SSA-MTE	hyp1	News	NaN	20.34232521057129
512	513	en	kik	challenge_SSA-MTE	hyp1	News	NaN	11.912741661071777
513	514	en	kik	challenge_SSA-MTE	hyp1	News	NaN	13.979059219360352
514	515	en	kik	challenge_SSA-MTE	hyp1	News	NaN	5.736362457275391
515	516	en	kik	challenge_SSA-MTE	hyp1	News	NaN	9.336865425109863
516	517	en	kik	challenge_SSA-MTE	hyp1	News	NaN	21.230411529541016
517	518	en	kik	challenge_SSA-MTE	hyp1	News	NaN	22.57448959350586
518	519	en	kik	challenge_SSA-MTE	hyp1	News	NaN	9.10525894165039
519	520	en	kik	challenge_SSA-MTE	hyp1	News	NaN	8.622268676757812
520	521	en	kik	challenge_SSA-MTE	hyp1	News	NaN	13.989356994628906
521	522	en	kik	challenge_SSA-MTE	hyp1	News	NaN	18.045576095581055
522	523	en	kik	challenge_SSA-MTE	hyp1	News	NaN	15.746315002441406
523	524	en	kik	challenge_SSA-MTE	hyp1	News	NaN	19.145992279052734
524	525	en	kik	challenge_SSA-MTE	hyp1	News	NaN	22.752307891845703
525	526	en	kik	challenge_SSA-MTE	hyp1	News	NaN	18.210046768188477
526	527	en	kik	challenge_SSA-MTE	hyp1	News	NaN	10.711511611938477
527	528	en	kik	challenge_SSA-MTE	hyp1	News	NaN	16.214235305786133
528	529	en	kik	challenge_SSA-MTE	hyp1	News	NaN	28.455276489257812
529	530	en	kik	challenge_SSA-MTE	hyp1	News	NaN	10.154752731323242
530	531	en	kik	challenge_SSA-MTE	hyp1	News	NaN	16.28971290588379
531	532	en	kik	challenge_SSA-MTE	hyp1	News	NaN	31.1116943359375
532	533	en	kik	challenge_SSA-MTE	hyp1	News	NaN	11.865703582763672
533	534	en	kik	challenge_SSA-MTE	hyp1	News	NaN	7.784963607788086
534	535	en	kik	challenge_SSA-MTE	hyp1	News	NaN	21.337440490722656
535	536	en	kik	challenge_SSA-MTE	hyp1	News	NaN	25.234594345092773
536	537	en	kik	challenge_SSA-MTE	hyp1	News	NaN	23.42786407470703
537	538	en	kik	challenge_SSA-MTE	hyp1	News	NaN	4.217681884765625
538	539	en	kik	challenge_SSA-MTE	hyp1	News	NaN	7.311107635498047
539	540	en	kik	challenge_SSA-MTE	hyp1	News	NaN	11.182388305664062
540	541	en	kik	challenge_SSA-MTE	hyp1	News	NaN	24.385013580322266
541	542	en	kik	challenge_SSA-MTE	hyp1	News	NaN	15.324800491333008
542	543	en	kik	challenge_SSA-MTE	hyp1	News	NaN	22.97100067138672
543	544	en	kik	challenge_SSA-MTE	hyp1	News	NaN	10.117215156555176
544	545	en	kik	challenge_SSA-MTE	hyp1	News	NaN	18.247644424438477
545	546	en	kik	challenge_SSA-MTE	hyp1	News	NaN	18.920202255249023
546	547	en	kik	challenge_SSA-MTE	hyp1	News	NaN	8.157535552978516
547	548	en	kik	challenge_SSA-MTE	hyp1	News	NaN	10.091517448425293
548	549	en	kik	challenge_SSA-MTE	hyp1	News	NaN	9.320981979370117
549	550	en	kik	challenge_SSA-MTE	hyp1	News	NaN	11.47836685180664
550	551	en	kik	challenge_SSA-MTE	hyp1	News	NaN	13.01864242553711
551	552	en	kik	challenge_SSA-MTE	hyp1	News	NaN	14.392812728881836
552	553	en	kik	challenge_SSA-MTE	hyp1	News	NaN	16.827468872070312
553	554	en	kik	challenge_SSA-MTE	hyp1	News	NaN	15.695568084716797
554	555	en	kik	challenge_SSA-MTE	hyp1	News	NaN	15.120691299438477
555	556	en	kik	challenge_SSA-MTE	hyp1	News	NaN	10.548500061035156
556	557	en	kik	challenge_SSA-MTE	hyp1	News	NaN	2.776071310043335
557	558	en	kik	challenge_SSA-MTE	hyp1	News	NaN	14.326543807983398
558	559	en	kik	challenge_SSA-MTE	hyp1	News	NaN	19.816762924194336
559	560	en	kik	challenge_SSA-MTE	hyp1	News	NaN	17.794944763183594
560	561	en	kik	challenge_SSA-MTE	hyp1	News	NaN	12.875244140625
561	562	en	kik	challenge_SSA-MTE	hyp1	News	NaN	6.900668621063232
562	563	en	kik	challenge_SSA-MTE	hyp1	News	NaN	13.831249237060547
563	564	en	kik	challenge_SSA-MTE	hyp1	News	NaN	11.920587539672852
564	565	en	kik	challenge_SSA-MTE	hyp1	News	NaN	15.043600082397461
565	566	en	kik	challenge_SSA-MTE	hyp1	News	NaN	14.070247650146484
566	567	en	kik	challenge_SSA-MTE	hyp1	News	NaN	9.21078109741211
567	568	en	kik	challenge_SSA-MTE	hyp1	News	NaN	18.886857986450195
568	569	en	kik	challenge_SSA-MTE	hyp1	News	NaN	19.205127716064453
569	570	en	kik	challenge_SSA-MTE	hyp1	News	NaN	33.109161376953125
570	571	en	kik	challenge_SSA-MTE	hyp1	News	NaN	14.357458114624023
571	572	en	kik	challenge_SSA-MTE	hyp1	News	NaN	14.457670211791992
572	573	en	kik	challenge_SSA-MTE	hyp1	News	NaN	23.29648208618164
573	574	en	kik	challenge_SSA-MTE	hyp1	News	NaN	9.727729797363281
574	575	en	kik	challenge_SSA-MTE	hyp1	News	NaN	12.334009170532227
575	576	en	kik	challenge_SSA-MTE	hyp1	News	NaN	13.96381664276123
576	577	en	kik	challenge_SSA-MTE	hyp1	News	NaN	20.661609649658203
577	578	en	kik	challenge_SSA-MTE	hyp1	News	NaN	12.00777816772461
578	579	en	kik	challenge_SSA-MTE	hyp1	News	NaN	20.886024475097656
579	580	en	kik	challenge_SSA-MTE	hyp1	News	NaN	10.411150932312012
580	581	en	kik	challenge_SSA-MTE	hyp1	News	NaN	15.707517623901367
581	582	en	kik	challenge_SSA-MTE	hyp1	News	NaN	7.637211799621582
582	583	en	kik	challenge_SSA-MTE	hyp1	News	NaN	12.534957885742188
583	584	en	kik	challenge_SSA-MTE	hyp1	News	NaN	8.139792442321777
584	585	en	kik	challenge_SSA-MTE	hyp1	News	NaN	8.05634593963623
585	586	en	kik	challenge_SSA-MTE	hyp1	News	NaN	8.193668365478516
586	587	en	kik	challenge_SSA-MTE	hyp1	News	NaN	9.677820205688477
587	588	en	kik	challenge_SSA-MTE	hyp1	News	NaN	17.452308654785156
588	589	en	kik	challenge_SSA-MTE	hyp1	News	NaN	25.019989013671875
589	590	en	kik	challenge_SSA-MTE	hyp1	News	NaN	28.017837524414062
590	591	en	kik	challenge_SSA-MTE	hyp1	News	NaN	31.415523529052734
591	592	en	kik	challenge_SSA-MTE	hyp1	News	NaN	27.075481414794922
592	593	en	kik	challenge_SSA-MTE	hyp1	News	NaN	25.229082107543945
593	594	en	kik	challenge_SSA-MTE	hyp1	News	NaN	16.952112197875977
594	595	en	kik	challenge_SSA-MTE	hyp1	News	NaN	16.47882080078125
595	596	en	kik	challenge_SSA-MTE	hyp1	News	NaN	27.27093505859375
596	597	en	kik	challenge_SSA-MTE	hyp1	News	NaN	22.15544891357422
597	598	en	kik	challenge_SSA-MTE	hyp1	News	NaN	29.68366050720215
598	599	en	kik	challenge_SSA-MTE	hyp1	News	NaN	17.984270095825195
599	600	en	kik	challenge_SSA-MTE	hyp1	News	NaN	19.14083480834961
600	601	en	kik	challenge_SSA-MTE	hyp1	News	NaN	2.781689405441284
601	602	en	kik	challenge_SSA-MTE	hyp1	News	NaN	18.08948516845703
602	603	en	kik	challenge_SSA-MTE	hyp1	News	NaN	21.794361114501953
603	604	en	kik	challenge_SSA-MTE	hyp1	News	NaN	22.42797088623047
604	605	en	kik	challenge_SSA-MTE	hyp1	News	NaN	19.839614868164062
605	606	en	kik	challenge_SSA-MTE	hyp1	News	NaN	24.53675651550293
606	607	en	kik	challenge_SSA-MTE	hyp1	News	NaN	25.247770309448242
607	608	en	kik	challenge_SSA-MTE	hyp1	News	NaN	24.164548873901367
608	609	en	kik	challenge_SSA-MTE	hyp1	News	NaN	15.472614288330078
609	610	en	kik	challenge_SSA-MTE	hyp1	News	NaN	12.229948043823242
610	611	en	kik	challenge_SSA-MTE	hyp1	News	NaN	35.851173400878906
611	612	en	kik	challenge_SSA-MTE	hyp1	News	NaN	16.386837005615234
612	613	en	kik	challenge_SSA-MTE	hyp1	News	NaN	31.259328842163086
613	614	en	kik	challenge_SSA-MTE	hyp1	News	NaN	8.368303298950195
614	615	en	kik	challenge_SSA-MTE	hyp1	News	NaN	16.812076568603516
615	616	en	kik	challenge_SSA-MTE	hyp1	News	NaN	8.117490768432617
616	617	en	kik	challenge_SSA-MTE	hyp1	News	NaN	14.21310806274414
617	618	en	kik	challenge_SSA-MTE	hyp1	News	NaN	14.728486061096191
618	619	en	kik	challenge_SSA-MTE	hyp1	News	NaN	27.698402404785156
619	620	en	kik	challenge_SSA-MTE	hyp1	News	NaN	16.10436248779297
620	621	en	kik	challenge_SSA-MTE	hyp1	News	NaN	18.135746002197266
621	622	en	kik	challenge_SSA-MTE	hyp1	News	NaN	16.612396240234375
622	623	en	kik	challenge_SSA-MTE	hyp1	News	NaN	16.850858688354492
623	624	en	kik	challenge_SSA-MTE	hyp1	News	NaN	33.980072021484375
624	625	en	kik	challenge_SSA-MTE	hyp1	News	NaN	39.045345306396484
625	626	en	kik	challenge_SSA-MTE	hyp1	News	NaN	12.985552787780762
626	627	en	kik	challenge_SSA-MTE	hyp1	News	NaN	21.915220260620117
627	628	en	kik	challenge_SSA-MTE	hyp1	News	NaN	20.742145538330078
628	629	en	kik	challenge_SSA-MTE	hyp1	News	NaN	18.57649040222168
629	630	en	kik	challenge_SSA-MTE	hyp1	News	NaN	13.153088569641113
630	631	en	kik	challenge_SSA-MTE	hyp1	News	NaN	25.185400009155273
631	632	en	kik	challenge_SSA-MTE	hyp1	News	NaN	13.992600440979004
632	633	en	kik	challenge_SSA-MTE	hyp1	News	NaN	15.856462478637695
633	634	en	kik	challenge_SSA-MTE	hyp1	News	NaN	10.456254959106445
634	635	en	kik	challenge_SSA-MTE	hyp1	News	NaN	12.13193416595459
635	636	en	kik	challenge_SSA-MTE	hyp1	News	NaN	5.105928421020508
636	637	en	kik	challenge_SSA-MTE	hyp1	News	NaN	13.298032760620117
637	638	en	kik	challenge_SSA-MTE	hyp1	News	NaN	6.955922603607178
638	639	en	kik	challenge_SSA-MTE	hyp1	News	NaN	6.845012187957764
639	640	en	kik	challenge_SSA-MTE	hyp1	News	NaN	14.701236724853516
640	641	en	kik	challenge_SSA-MTE	hyp1	News	NaN	21.917316436767578
641	642	en	kik	challenge_SSA-MTE	hyp1	News	NaN	13.176092147827148
642	643	en	kik	challenge_SSA-MTE	hyp1	News	NaN	21.533523559570312
643	644	en	kik	challenge_SSA-MTE	hyp1	News	NaN	8.103446960449219
644	645	en	kik	challenge_SSA-MTE	hyp1	News	NaN	6.522721767425537
645	646	en	kik	challenge_SSA-MTE	hyp1	News	NaN	2.5792789459228516
646	647	en	kik	challenge_SSA-MTE	hyp1	News	NaN	9.92158317565918
647	648	en	kik	challenge_SSA-MTE	hyp1	News	NaN	25.9676570892334
648	649	en	kik	challenge_SSA-MTE	hyp1	News	NaN	17.199020385742188
649	650	en	kik	challenge_SSA-MTE	hyp1	News	NaN	15.21243667602539
650	651	en	kik	challenge_SSA-MTE	hyp1	News	NaN	11.448545455932617
651	652	en	kik	challenge_SSA-MTE	hyp1	News	NaN	18.31131362915039
652	653	en	kik	challenge_SSA-MTE	hyp1	News	NaN	31.73957061767578
653	654	en	kik	challenge_SSA-MTE	hyp1	News	NaN	19.03207015991211
654	655	en	kik	challenge_SSA-MTE	hyp1	News	NaN	9.850107192993164
655	656	en	kik	challenge_SSA-MTE	hyp1	News	NaN	6.736013412475586
656	657	en	kik	challenge_SSA-MTE	hyp1	News	NaN	23.760257720947266
657	658	en	kik	challenge_SSA-MTE	hyp1	News	NaN	11.142313957214355
658	659	en	kik	challenge_SSA-MTE	hyp1	News	NaN	14.245962142944336
659	660	en	kik	challenge_SSA-MTE	hyp1	News	NaN	14.957048416137695
660	661	en	kik	challenge_SSA-MTE	hyp1	News	NaN	20.14480209350586
661	662	en	kik	challenge_SSA-MTE	hyp1	News	NaN	10.534564018249512
662	663	en	kik	challenge_SSA-MTE	hyp1	News	NaN	28.40580940246582
663	664	en	kik	challenge_SSA-MTE	hyp1	News	NaN	25.7283935546875
664	665	en	kik	challenge_SSA-MTE	hyp1	News	NaN	11.586801528930664
665	666	en	kik	challenge_SSA-MTE	hyp1	News	NaN	18.540098190307617
666	667	en	kik	challenge_SSA-MTE	hyp1	News	NaN	10.824502944946289
667	668	en	kik	challenge_SSA-MTE	hyp1	News	NaN	13.887044906616211
668	669	en	kik	challenge_SSA-MTE	hyp1	News	NaN	14.075212478637695
669	670	en	kik	challenge_SSA-MTE	hyp1	News	NaN	9.099409103393555
670	671	en	kik	challenge_SSA-MTE	hyp1	News	NaN	33.24602508544922
671	672	en	kik	challenge_SSA-MTE	hyp1	News	NaN	17.558822631835938
672	673	en	kik	challenge_SSA-MTE	hyp1	News	NaN	19.715770721435547
673	674	en	kik	challenge_SSA-MTE	hyp1	News	NaN	23.013042449951172
674	675	en	kik	challenge_SSA-MTE	hyp1	News	NaN	14.717093467712402
675	676	en	kik	challenge_SSA-MTE	hyp1	News	NaN	16.078636169433594
676	677	en	kik	challenge_SSA-MTE	hyp1	News	NaN	19.252124786376953
677	678	en	kik	challenge_SSA-MTE	hyp1	News	NaN	8.136260986328125
678	679	en	kik	challenge_SSA-MTE	hyp1	News	NaN	6.264560222625732
679	680	en	kik	challenge_SSA-MTE	hyp1	News	NaN	4.085717678070068
680	681	en	kik	challenge_SSA-MTE	hyp1	News	NaN	19.526193618774414
681	682	en	kik	challenge_SSA-MTE	hyp1	News	NaN	10.285188674926758
682	683	en	kik	challenge_SSA-MTE	hyp1	News	NaN	30.370929718017578
683	684	en	kik	challenge_SSA-MTE	hyp1	News	NaN	24.293498992919922
684	685	en	kik	challenge_SSA-MTE	hyp1	News	NaN	13.556619644165039
685	686	en	kik	challenge_SSA-MTE	hyp1	News	NaN	20.015525817871094
686	687	en	kik	challenge_SSA-MTE	hyp1	News	NaN	26.286781311035156
687	688	en	kik	challenge_SSA-MTE	hyp1	News	NaN	28.131507873535156
688	689	en	kik	challenge_SSA-MTE	hyp1	News	NaN	15.663826942443848
689	690	en	kik	challenge_SSA-MTE	hyp1	News	NaN	7.190428256988525
690	691	en	kik	challenge_SSA-MTE	hyp1	News	NaN	25.64341926574707
691	692	en	kik	challenge_SSA-MTE	hyp1	News	NaN	23.0836181640625
692	693	en	kik	challenge_SSA-MTE	hyp1	News	NaN	26.4345645904541
693	694	en	kik	challenge_SSA-MTE	hyp1	News	NaN	4.9784369468688965
694	695	en	kik	challenge_SSA-MTE	hyp1	News	NaN	42.861244201660156
695	696	en	kik	challenge_SSA-MTE	hyp1	News	NaN	11.206912994384766
696	697	en	kik	challenge_SSA-MTE	hyp1	News	NaN	36.41560363769531
697	698	en	kik	challenge_SSA-MTE	hyp1	News	NaN	25.371068954467773
698	699	en	kik	challenge_SSA-MTE	hyp1	News	NaN	11.078450202941895
699	700	en	kik	challenge_SSA-MTE	hyp1	News	NaN	20.069847106933594
700	701	en	kik	challenge_SSA-MTE	hyp1	News	NaN	17.377052307128906
701	702	en	kik	challenge_SSA-MTE	hyp1	News	NaN	13.305122375488281
702	703	en	kik	challenge_SSA-MTE	hyp1	News	NaN	8.835271835327148
703	704	en	kik	challenge_SSA-MTE	hyp1	News	NaN	16.579830169677734
704	705	en	kik	challenge_SSA-MTE	hyp1	News	NaN	11.69918441772461
705	706	en	kik	challenge_SSA-MTE	hyp1	News	NaN	18.815109252929688
706	707	en	kik	challenge_SSA-MTE	hyp1	News	NaN	25.363264083862305
707	708	en	kik	challenge_SSA-MTE	hyp1	News	NaN	31.69881820678711
708	709	en	kik	challenge_SSA-MTE	hyp1	News	NaN	18.2691707611084
709	710	en	kik	challenge_SSA-MTE	hyp1	News	NaN	25.007654190063477
710	711	en	kik	challenge_SSA-MTE	hyp1	News	NaN	14.332391738891602
711	712	en	kik	challenge_SSA-MTE	hyp1	News	NaN	31.579978942871094
712	713	en	kik	challenge_SSA-MTE	hyp1	News	NaN	15.573576927185059
713	714	en	kik	challenge_SSA-MTE	hyp1	News	NaN	23.810096740722656
714	715	en	kik	challenge_SSA-MTE	hyp1	News	NaN	5.107454299926758
715	716	en	kik	challenge_SSA-MTE	hyp1	News	NaN	7.930811405181885
716	717	en	kik	challenge_SSA-MTE	hyp1	News	NaN	12.164093971252441
717	718	en	kik	challenge_SSA-MTE	hyp1	News	NaN	6.2294158935546875
718	719	en	kik	challenge_SSA-MTE	hyp1	News	NaN	19.961132049560547
719	720	en	kik	challenge_SSA-MTE	hyp1	News	NaN	7.096367835998535
720	721	en	kik	challenge_SSA-MTE	hyp1	News	NaN	21.030454635620117
721	722	en	kik	challenge_SSA-MTE	hyp1	News	NaN	17.023509979248047
722	723	en	kik	challenge_SSA-MTE	hyp1	News	NaN	7.30525541305542
723	724	en	kik	challenge_SSA-MTE	hyp1	News	NaN	1.339985728263855
724	725	en	kik	challenge_SSA-MTE	hyp1	News	NaN	11.942338943481445
725	726	en	kik	challenge_SSA-MTE	hyp1	News	NaN	17.93126106262207
726	727	en	kik	challenge_SSA-MTE	hyp1	News	NaN	12.847749710083008
727	728	en	kik	challenge_SSA-MTE	hyp1	News	NaN	28.112586975097656
728	729	en	kik	challenge_SSA-MTE	hyp1	News	NaN	22.01571273803711
729	730	en	kik	challenge_SSA-MTE	hyp1	News	NaN	27.575157165527344
730	731	en	kik	challenge_SSA-MTE	hyp1	News	NaN	19.594097137451172
731	732	en	kik	challenge_SSA-MTE	hyp1	News	NaN	15.219395637512207
732	733	en	kik	challenge_SSA-MTE	hyp1	News	NaN	23.828697204589844
733	734	en	kik	challenge_SSA-MTE	hyp1	News	NaN	21.646183013916016
734	735	en	kik	challenge_SSA-MTE	hyp1	News	NaN	18.4982967376709
735	736	en	kik	challenge_SSA-MTE	hyp1	News	NaN	22.647695541381836
736	737	en	kik	challenge_SSA-MTE	hyp1	News	NaN	15.034358978271484
737	738	en	kik	challenge_SSA-MTE	hyp1	News	NaN	15.78137493133545
738	739	en	kik	challenge_SSA-MTE	hyp1	News	NaN	19.028104782104492
739	740	en	kik	challenge_SSA-MTE	hyp1	News	NaN	13.569775581359863
740	741	en	kik	challenge_SSA-MTE	hyp1	News	NaN	14.881475448608398
741	742	en	kik	challenge_SSA-MTE	hyp1	News	NaN	12.15239143371582
742	743	en	kik	challenge_SSA-MTE	hyp1	News	NaN	18.51474380493164
743	744	en	kik	challenge_SSA-MTE	hyp1	News	NaN	17.565719604492188
744	745	en	kik	challenge_SSA-MTE	hyp1	News	NaN	15.929207801818848
745	746	en	kik	challenge_SSA-MTE	hyp1	News	NaN	21.157676696777344
746	747	en	kik	challenge_SSA-MTE	hyp1	News	NaN	19.14393424987793
747	748	en	kik	challenge_SSA-MTE	hyp1	News	NaN	20.67131233215332
748	749	en	kik	challenge_SSA-MTE	hyp1	News	NaN	15.96619701385498
749	750	en	kik	challenge_SSA-MTE	hyp1	News	NaN	5.315046787261963
750	751	en	kik	challenge_SSA-MTE	hyp1	News	NaN	12.870867729187012
751	752	en	kik	challenge_SSA-MTE	hyp1	News	NaN	20.028919219970703
752	753	en	kik	challenge_SSA-MTE	hyp1	News	NaN	20.07501792907715
753	754	en	kik	challenge_SSA-MTE	hyp1	News	NaN	22.925281524658203
754	755	en	kik	challenge_SSA-MTE	hyp1	News	NaN	15.202823638916016
755	756	en	kik	challenge_SSA-MTE	hyp1	News	NaN	22.002256393432617
756	757	en	kik	challenge_SSA-MTE	hyp1	News	NaN	19.601520538330078
757	758	en	kik	challenge_SSA-MTE	hyp1	News	NaN	20.13079833984375
758	759	en	kik	challenge_SSA-MTE	hyp1	News	NaN	12.620203018188477
759	760	en	kik	challenge_SSA-MTE	hyp1	News	NaN	17.11382484436035
760	761	en	kik	challenge_SSA-MTE	hyp1	News	NaN	9.409710884094238
761	762	en	kik	challenge_SSA-MTE	hyp1	News	NaN	21.427608489990234
762	763	en	kik	challenge_SSA-MTE	hyp1	News	NaN	10.426437377929688
763	764	en	kik	challenge_SSA-MTE	hyp1	News	NaN	10.981968879699707
764	765	en	kik	challenge_SSA-MTE	hyp1	News	NaN	15.443384170532227
765	766	en	kik	challenge_SSA-MTE	hyp1	News	NaN	7.26553201675415
766	767	en	kik	challenge_SSA-MTE	hyp1	News	NaN	12.425938606262207
767	768	en	kik	challenge_SSA-MTE	hyp1	News	NaN	19.812191009521484
768	769	en	kik	challenge_SSA-MTE	hyp1	News	NaN	6.81090784072876
769	770	en	kik	challenge_SSA-MTE	hyp1	News	NaN	1.2175462245941162
770	771	en	kik	challenge_SSA-MTE	hyp1	News	NaN	6.691457748413086
771	772	en	kik	challenge_SSA-MTE	hyp1	News	NaN	6.920905113220215
772	773	en	kik	challenge_SSA-MTE	hyp1	News	NaN	42.70171356201172
773	774	en	kik	challenge_SSA-MTE	hyp1	News	NaN	4.825263500213623
774	775	en	kik	challenge_SSA-MTE	hyp1	News	NaN	8.845728874206543
775	776	en	kik	challenge_SSA-MTE	hyp1	News	NaN	3.0342137813568115
776	777	en	kik	challenge_SSA-MTE	hyp1	News	NaN	16.195619583129883
777	778	en	kik	challenge_SSA-MTE	hyp1	News	NaN	13.059410095214844
778	779	en	kik	challenge_SSA-MTE	hyp1	News	NaN	4.588426113128662
779	780	en	kik	challenge_SSA-MTE	hyp1	News	NaN	14.027031898498535
780	781	en	kik	challenge_SSA-MTE	hyp1	News	NaN	16.325450897216797
781	782	en	kik	challenge_SSA-MTE	hyp1	News	NaN	9.874032974243164
782	783	en	kik	challenge_SSA-MTE	hyp1	News	NaN	5.323505878448486
783	784	en	kik	challenge_SSA-MTE	hyp1	News	NaN	16.21163558959961
784	785	en	kik	challenge_SSA-MTE	hyp1	News	NaN	9.279064178466797
785	786	en	kik	challenge_SSA-MTE	hyp1	News	NaN	8.032330513000488
786	787	en	kik	challenge_SSA-MTE	hyp1	News	NaN	3.2956719398498535
787	788	en	kik	challenge_SSA-MTE	hyp1	News	NaN	13.849275588989258
788	789	en	kik	challenge_SSA-MTE	hyp1	News	NaN	11.330015182495117
789	790	en	kik	challenge_SSA-MTE	hyp1	News	NaN	18.63126564025879
790	791	en	kik	challenge_SSA-MTE	hyp1	News	NaN	22.578758239746094
791	792	en	kik	challenge_SSA-MTE	hyp1	News	NaN	18.260847091674805
792	793	en	kik	challenge_SSA-MTE	hyp1	News	NaN	11.645648002624512
793	794	en	kik	challenge_SSA-MTE	hyp1	News	NaN	20.56220245361328
794	795	en	kik	challenge_SSA-MTE	hyp1	News	NaN	31.775911331176758
795	796	en	kik	challenge_SSA-MTE	hyp1	News	NaN	9.595905303955078
796	797	en	kik	challenge_SSA-MTE	hyp1	News	NaN	23.207088470458984
797	798	en	kik	challenge_SSA-MTE	hyp1	News	NaN	20.792423248291016
798	799	en	kik	challenge_SSA-MTE	hyp1	News	NaN	18.57550048828125
799	800	en	kik	challenge_SSA-MTE	hyp1	News	NaN	11.609651565551758
800	801	en	kik	challenge_SSA-MTE	hyp1	News	NaN	10.863452911376953
801	802	en	kik	challenge_SSA-MTE	hyp1	News	NaN	23.48541259765625
802	803	en	kik	challenge_SSA-MTE	hyp1	News	NaN	17.898956298828125
803	804	en	kik	challenge_SSA-MTE	hyp1	News	NaN	11.806971549987793
804	805	en	kik	challenge_SSA-MTE	hyp1	News	NaN	11.770573616027832
805	806	en	kik	challenge_SSA-MTE	hyp1	News	NaN	3.791630506515503
806	807	en	kik	challenge_SSA-MTE	hyp1	News	NaN	21.10520362854004
807	808	en	kik	challenge_SSA-MTE	hyp1	News	NaN	16.139583587646484
808	809	en	kik	challenge_SSA-MTE	hyp1	News	NaN	10.79129409790039
809	810	en	kik	challenge_SSA-MTE	hyp1	News	NaN	14.001428604125977
810	811	en	kik	challenge_SSA-MTE	hyp1	News	NaN	10.082315444946289
811	812	en	kik	challenge_SSA-MTE	hyp1	News	NaN	6.017465114593506
812	813	en	kik	challenge_SSA-MTE	hyp1	News	NaN	22.68924331665039
813	814	en	kik	challenge_SSA-MTE	hyp1	News	NaN	15.878317832946777
814	815	en	kik	challenge_SSA-MTE	hyp1	News	NaN	15.810396194458008
815	816	en	kik	challenge_SSA-MTE	hyp1	News	NaN	14.509114265441895
816	817	en	kik	challenge_SSA-MTE	hyp1	News	NaN	11.918142318725586
817	818	en	kik	challenge_SSA-MTE	hyp1	News	NaN	21.879413604736328
818	819	en	kik	challenge_SSA-MTE	hyp1	News	NaN	15.334883689880371
819	820	en	kik	challenge_SSA-MTE	hyp1	News	NaN	8.090054512023926
820	821	en	kik	challenge_SSA-MTE	hyp1	News	NaN	12.920624732971191
821	822	en	kik	challenge_SSA-MTE	hyp1	News	NaN	15.875843048095703
822	823	en	kik	challenge_SSA-MTE	hyp1	News	NaN	18.109638214111328
823	824	en	kik	challenge_SSA-MTE	hyp1	News	NaN	11.344261169433594
824	825	en	kik	challenge_SSA-MTE	hyp1	News	NaN	8.300168991088867
825	826	en	kik	challenge_SSA-MTE	hyp1	News	NaN	15.279354095458984
826	827	en	kik	challenge_SSA-MTE	hyp1	News	NaN	6.966747283935547
827	828	en	kik	challenge_SSA-MTE	hyp1	News	NaN	13.30754280090332
828	829	en	kik	challenge_SSA-MTE	hyp1	News	NaN	32.07086181640625
829	830	en	kik	challenge_SSA-MTE	hyp1	News	NaN	18.400951385498047
830	831	en	kik	challenge_SSA-MTE	hyp1	News	NaN	11.665860176086426
831	832	en	kik	challenge_SSA-MTE	hyp1	News	NaN	26.5272274017334
832	833	en	kik	challenge_SSA-MTE	hyp1	News	NaN	24.307634353637695
833	834	en	kik	challenge_SSA-MTE	hyp1	News	NaN	13.519967079162598
834	835	en	kik	challenge_SSA-MTE	hyp1	News	NaN	15.225665092468262
835	836	en	kik	challenge_SSA-MTE	hyp1	News	NaN	15.966602325439453
836	837	en	kik	challenge_SSA-MTE	hyp1	News	NaN	14.33581829071045
837	838	en	kik	challenge_SSA-MTE	hyp1	News	NaN	20.27821922302246
838	839	en	kik	challenge_SSA-MTE	hyp1	News	NaN	13.577241897583008
839	840	en	kik	challenge_SSA-MTE	hyp1	News	NaN	12.890254974365234
840	841	en	kik	challenge_SSA-MTE	hyp1	News	NaN	24.501747131347656
841	842	en	kik	challenge_SSA-MTE	hyp1	News	NaN	19.783451080322266
842	843	en	kik	challenge_SSA-MTE	hyp1	News	NaN	33.15351867675781
843	844	en	kik	challenge_SSA-MTE	hyp1	News	NaN	13.87801742553711
844	845	en	kik	challenge_SSA-MTE	hyp1	News	NaN	25.75140953063965
845	846	en	kik	challenge_SSA-MTE	hyp1	News	NaN	5.498617649078369
846	847	en	kik	challenge_SSA-MTE	hyp1	News	NaN	23.173778533935547
847	848	en	kik	challenge_SSA-MTE	hyp1	News	NaN	15.360504150390625
848	849	en	kik	challenge_SSA-MTE	hyp1	News	NaN	3.7555158138275146
849	850	en	kik	challenge_SSA-MTE	hyp1	News	NaN	12.681694030761719
850	851	en	kik	challenge_SSA-MTE	hyp1	News	NaN	9.312921524047852
851	852	en	kik	challenge_SSA-MTE	hyp1	News	NaN	7.652371406555176
852	853	en	kik	challenge_SSA-MTE	hyp1	News	NaN	8.182592391967773
853	854	en	kik	challenge_SSA-MTE	hyp1	News	NaN	11.43636703491211
854	855	en	kik	challenge_SSA-MTE	hyp1	News	NaN	14.659154891967773
855	856	en	kik	challenge_SSA-MTE	hyp1	News	NaN	12.395563125610352
856	857	en	kik	challenge_SSA-MTE	hyp1	News	NaN	26.48941421508789
857	858	en	kik	challenge_SSA-MTE	hyp1	News	NaN	19.077377319335938
858	859	en	kik	challenge_SSA-MTE	hyp1	News	NaN	20.322650909423828
859	860	en	kik	challenge_SSA-MTE	hyp1	News	NaN	9.062301635742188
860	861	en	kik	challenge_SSA-MTE	hyp1	News	NaN	16.88852310180664
861	862	en	kik	challenge_SSA-MTE	hyp1	News	NaN	43.04268264770508
862	863	en	kik	challenge_SSA-MTE	hyp1	News	NaN	16.395021438598633
863	864	en	kik	challenge_SSA-MTE	hyp1	News	NaN	14.921082496643066
864	865	en	kik	challenge_SSA-MTE	hyp1	News	NaN	41.816917419433594
865	866	en	kik	challenge_SSA-MTE	hyp1	News	NaN	12.626380920410156
866	867	en	kik	challenge_SSA-MTE	hyp1	News	NaN	36.436424255371094
867	868	en	kik	challenge_SSA-MTE	hyp1	News	NaN	14.05346965789795
868	869	en	kik	challenge_SSA-MTE	hyp1	News	NaN	9.550341606140137
869	870	en	kik	challenge_SSA-MTE	hyp1	News	NaN	13.123600006103516
870	871	en	kik	challenge_SSA-MTE	hyp1	News	NaN	11.30824089050293
871	872	en	kik	challenge_SSA-MTE	hyp1	News	NaN	18.228862762451172
872	873	en	kik	challenge_SSA-MTE	hyp1	News	NaN	18.34103012084961
873	874	en	kik	challenge_SSA-MTE	hyp1	News	NaN	13.392273902893066
874	875	en	kik	challenge_SSA-MTE	hyp1	News	NaN	29.960979461669922
875	876	en	kik	challenge_SSA-MTE	hyp1	News	NaN	15.875181198120117
876	877	en	kik	challenge_SSA-MTE	hyp1	News	NaN	29.01671600341797
877	878	en	kik	challenge_SSA-MTE	hyp1	News	NaN	19.50836753845215
878	879	en	kik	challenge_SSA-MTE	hyp1	News	NaN	18.212522506713867
879	880	en	kik	challenge_SSA-MTE	hyp1	News	NaN	33.26624298095703
880	881	en	kik	challenge_SSA-MTE	hyp1	News	NaN	14.834809303283691
881	882	en	kik	challenge_SSA-MTE	hyp1	News	NaN	16.47201919555664
882	883	en	kik	challenge_SSA-MTE	hyp1	News	NaN	15.055854797363281
883	884	en	kik	challenge_SSA-MTE	hyp1	News	NaN	11.408427238464355
884	885	en	kik	challenge_SSA-MTE	hyp1	News	NaN	20.953027725219727
885	886	en	kik	challenge_SSA-MTE	hyp1	News	NaN	18.193279266357422
886	887	en	kik	challenge_SSA-MTE	hyp1	News	NaN	13.207003593444824
887	888	en	kik	challenge_SSA-MTE	hyp1	News	NaN	9.786928176879883
888	889	en	kik	challenge_SSA-MTE	hyp1	News	NaN	3.2189719676971436
889	890	en	kik	challenge_SSA-MTE	hyp1	News	NaN	15.29251766204834
890	891	en	kik	challenge_SSA-MTE	hyp1	News	NaN	19.829845428466797
891	892	en	kik	challenge_SSA-MTE	hyp1	News	NaN	20.19713592529297
892	893	en	kik	challenge_SSA-MTE	hyp1	News	NaN	14.806928634643555
893	894	en	kik	challenge_SSA-MTE	hyp1	News	NaN	14.898454666137695
894	895	en	kik	challenge_SSA-MTE	hyp1	News	NaN	16.63372039794922
895	896	en	kik	challenge_SSA-MTE	hyp1	News	NaN	13.844209671020508
896	897	en	kik	challenge_SSA-MTE	hyp1	News	NaN	25.691909790039062
897	898	en	kik	challenge_SSA-MTE	hyp1	News	NaN	9.51441478729248
898	899	en	kik	challenge_SSA-MTE	hyp1	News	NaN	7.172175884246826
899	900	en	kik	challenge_SSA-MTE	hyp1	News	NaN	16.84698486328125
900	901	en	kik	challenge_SSA-MTE	hyp1	News	NaN	17.726253509521484
901	902	en	kik	challenge_SSA-MTE	hyp1	News	NaN	3.6937243938446045
902	903	en	kik	challenge_SSA-MTE	hyp1	News	NaN	29.898208618164062
903	904	en	kik	challenge_SSA-MTE	hyp1	News	NaN	12.644699096679688
904	905	en	kik	challenge_SSA-MTE	hyp1	News	NaN	10.078701972961426
905	906	en	kik	challenge_SSA-MTE	hyp1	News	NaN	3.7678656578063965
906	907	en	kik	challenge_SSA-MTE	hyp1	News	NaN	21.791458129882812
907	908	en	kik	challenge_SSA-MTE	hyp1	News	NaN	11.730159759521484
908	909	en	kik	challenge_SSA-MTE	hyp1	News	NaN	10.915288925170898
909	910	en	kik	challenge_SSA-MTE	hyp1	News	NaN	7.592043399810791
910	911	en	kik	challenge_SSA-MTE	hyp1	News	NaN	14.54052448272705
911	912	en	kik	challenge_SSA-MTE	hyp1	News	NaN	36.24519729614258
912	913	en	kik	challenge_SSA-MTE	hyp1	News	NaN	19.75196075439453
913	914	en	kik	challenge_SSA-MTE	hyp1	News	NaN	20.509536743164062
914	915	en	kik	challenge_SSA-MTE	hyp1	News	NaN	16.677837371826172
915	916	en	kik	challenge_SSA-MTE	hyp1	News	NaN	15.435096740722656
916	917	en	kik	challenge_SSA-MTE	hyp1	News	NaN	14.487552642822266
917	918	en	kik	challenge_SSA-MTE	hyp1	News	NaN	20.096364974975586
918	919	en	kik	challenge_SSA-MTE	hyp1	News	NaN	8.096709251403809
919	920	en	kik	challenge_SSA-MTE	hyp1	News	NaN	26.618247985839844
920	921	en	kik	challenge_SSA-MTE	hyp1	News	NaN	11.443620681762695
921	922	en	kik	challenge_SSA-MTE	hyp1	News	NaN	19.375839233398438
922	923	en	kik	challenge_SSA-MTE	hyp1	News	NaN	10.931512832641602
923	924	en	kik	challenge_SSA-MTE	hyp1	News	NaN	14.719030380249023
924	925	en	kik	challenge_SSA-MTE	hyp1	News	NaN	10.67314338684082
925	926	en	kik	challenge_SSA-MTE	hyp1	News	NaN	16.088359832763672
926	927	en	kik	challenge_SSA-MTE	hyp1	News	NaN	21.796323776245117
927	928	en	kik	challenge_SSA-MTE	hyp1	News	NaN	4.651975154876709
928	929	en	kik	challenge_SSA-MTE	hyp1	News	NaN	20.95967674255371
929	930	en	kik	challenge_SSA-MTE	hyp1	News	NaN	13.88394546508789
930	931	en	kik	challenge_SSA-MTE	hyp1	News	NaN	14.99754524230957
931	932	en	kik	challenge_SSA-MTE	hyp1	News	NaN	25.815296173095703
932	933	en	kik	challenge_SSA-MTE	hyp1	News	NaN	14.426877975463867
933	934	en	kik	challenge_SSA-MTE	hyp1	News	NaN	10.337143898010254
934	935	en	kik	challenge_SSA-MTE	hyp1	News	NaN	12.139153480529785
935	936	en	kik	challenge_SSA-MTE	hyp1	News	NaN	13.758831977844238
936	937	en	kik	challenge_SSA-MTE	hyp1	News	NaN	15.170065879821777
937	938	en	kik	challenge_SSA-MTE	hyp1	News	NaN	1.6165519952774048
938	939	en	kik	challenge_SSA-MTE	hyp1	News	NaN	12.347648620605469
939	940	en	kik	challenge_SSA-MTE	hyp1	News	NaN	6.419238090515137
940	941	en	kik	challenge_SSA-MTE	hyp1	News	NaN	4.293189525604248
941	942	en	kik	challenge_SSA-MTE	hyp1	News	NaN	1.9594616889953613
942	943	en	kik	challenge_SSA-MTE	hyp1	News	NaN	13.20375919342041
943	944	en	kik	challenge_SSA-MTE	hyp1	News	NaN	15.859708786010742
944	945	en	kik	challenge_SSA-MTE	hyp1	News	NaN	24.323184967041016
945	946	en	kik	challenge_SSA-MTE	hyp1	News	NaN	20.34899139404297
946	947	en	kik	challenge_SSA-MTE	hyp1	News	NaN	17.060543060302734
947	948	en	kik	challenge_SSA-MTE	hyp1	News	NaN	14.906583786010742
948	949	en	kik	challenge_SSA-MTE	hyp1	News	NaN	13.092761039733887
949	950	en	kik	challenge_SSA-MTE	hyp1	News	NaN	8.585187911987305
950	951	en	kik	challenge_SSA-MTE	hyp1	News	NaN	17.339405059814453
951	952	en	kik	challenge_SSA-MTE	hyp1	News	NaN	26.770294189453125
952	953	en	kik	challenge_SSA-MTE	hyp1	News	NaN	21.187294006347656
953	954	en	kik	challenge_SSA-MTE	hyp1	News	NaN	8.324312210083008
954	955	en	kik	challenge_SSA-MTE	hyp1	News	NaN	13.480890274047852
955	956	en	kik	challenge_SSA-MTE	hyp1	News	NaN	11.798433303833008
956	957	en	kik	challenge_SSA-MTE	hyp1	News	NaN	26.042705535888672
957	958	en	kik	challenge_SSA-MTE	hyp1	News	NaN	11.042562484741211
958	959	en	kik	challenge_SSA-MTE	hyp1	News	NaN	15.751415252685547
959	960	en	kik	challenge_SSA-MTE	hyp1	News	NaN	13.360342979431152
960	961	en	kik	challenge_SSA-MTE	hyp1	News	NaN	19.5775203704834
961	962	en	kik	challenge_SSA-MTE	hyp1	News	NaN	10.551172256469727
962	963	en	kik	challenge_SSA-MTE	hyp1	News	NaN	7.5538411140441895
963	964	en	kik	challenge_SSA-MTE	hyp1	News	NaN	4.523004055023193
964	965	en	kik	challenge_SSA-MTE	hyp1	News	NaN	8.668787002563477
965	966	en	kik	challenge_SSA-MTE	hyp1	News	NaN	20.97891616821289
966	967	en	kik	challenge_SSA-MTE	hyp1	News	NaN	7.973521709442139
967	968	en	kik	challenge_SSA-MTE	hyp1	News	NaN	15.711499214172363
968	969	en	kik	challenge_SSA-MTE	hyp1	News	NaN	5.2177581787109375
969	970	en	kik	challenge_SSA-MTE	hyp1	News	NaN	18.68159294128418
970	971	en	kik	challenge_SSA-MTE	hyp1	News	NaN	20.165367126464844
971	972	en	kik	challenge_SSA-MTE	hyp1	News	NaN	24.710723876953125
972	973	en	kik	challenge_SSA-MTE	hyp1	News	NaN	12.308691024780273
973	974	en	kik	challenge_SSA-MTE	hyp1	News	NaN	14.417783737182617
974	975	en	kik	challenge_SSA-MTE	hyp1	News	NaN	19.024381637573242
975	976	en	kik	challenge_SSA-MTE	hyp1	News	NaN	19.991596221923828
976	977	en	kik	challenge_SSA-MTE	hyp1	News	NaN	10.094343185424805
977	978	en	kik	challenge_SSA-MTE	hyp1	News	NaN	12.913507461547852
978	979	en	kik	challenge_SSA-MTE	hyp1	News	NaN	1.2605347633361816
979	980	en	kik	challenge_SSA-MTE	hyp1	News	NaN	19.25796890258789
980	981	en	kik	challenge_SSA-MTE	hyp1	News	NaN	22.581085205078125
981	982	en	kik	challenge_SSA-MTE	hyp1	News	NaN	25.392379760742188
982	983	en	kik	challenge_SSA-MTE	hyp1	News	NaN	13.475423812866211
983	984	en	kik	challenge_SSA-MTE	hyp1	News	NaN	14.297836303710938
984	985	en	kik	challenge_SSA-MTE	hyp1	News	NaN	25.579389572143555
985	986	en	kik	challenge_SSA-MTE	hyp1	News	NaN	12.801901817321777
986	987	en	kik	challenge_SSA-MTE	hyp1	News	NaN	22.728214263916016
987	988	en	kik	challenge_SSA-MTE	hyp1	News	NaN	9.088407516479492
988	989	en	kik	challenge_SSA-MTE	hyp1	News	NaN	17.14133071899414
989	990	en	kik	challenge_SSA-MTE	hyp1	News	NaN	19.125484466552734
990	991	en	kik	challenge_SSA-MTE	hyp1	News	NaN	13.795397758483887
991	992	en	kik	challenge_SSA-MTE	hyp1	News	NaN	1.1330907344818115
992	993	en	kik	challenge_SSA-MTE	hyp1	News	NaN	20.69780731201172
993	994	en	kik	challenge_SSA-MTE	hyp1	News	NaN	9.898783683776855
994	995	en	kik	challenge_SSA-MTE	hyp1	News	NaN	18.574281692504883
995	996	en	kik	challenge_SSA-MTE	hyp1	News	NaN	4.766536235809326
996	997	en	kik	challenge_SSA-MTE	hyp1	News	NaN	4.505899906158447
997	998	en	kik	challenge_SSA-MTE	hyp1	News	NaN	4.718858242034912
998	999	en	kik	challenge_SSA-MTE	hyp1	News	NaN	9.699195861816406
999	1000	en	kik	challenge_SSA-MTE	hyp1	News	NaN	33.980262756347656
1000	1001	en	kik	challenge_SSA-MTE	hyp1	News	NaN	27.157546997070312
1001	1002	en	kik	challenge_SSA-MTE	hyp1	News	NaN	16.713016510009766
1002	1003	en	kik	challenge_SSA-MTE	hyp1	News	NaN	11.687204360961914
1003	1004	en	kik	challenge_SSA-MTE	hyp1	News	NaN	25.06414794921875
1004	1005	en	kik	challenge_SSA-MTE	hyp1	News	NaN	20.49959945678711
1005	1006	en	kik	challenge_SSA-MTE	hyp1	News	NaN	10.642236709594727
1006	1007	en	kik	challenge_SSA-MTE	hyp1	News	NaN	-0.8369095325469971
1007	1008	en	kik	challenge_SSA-MTE	hyp1	News	NaN	17.796283721923828
1008	1009	en	kik	challenge_SSA-MTE	hyp1	News	NaN	18.98299789428711
1009	1010	en	kik	challenge_SSA-MTE	hyp1	News	NaN	21.01173210144043
1010	1011	en	kik	challenge_SSA-MTE	hyp1	News	NaN	21.51856803894043
1011	1012	en	kik	challenge_SSA-MTE	hyp1	News	NaN	20.551631927490234
1012	1013	en	kik	challenge_SSA-MTE	hyp1	News	NaN	33.34751892089844
1013	1014	en	kik	challenge_SSA-MTE	hyp1	News	NaN	16.473094940185547
1014	1015	en	kik	challenge_SSA-MTE	hyp1	News	NaN	18.812793731689453
1015	1016	en	kik	challenge_SSA-MTE	hyp1	News	NaN	11.02065658569336
1016	1017	en	kik	challenge_SSA-MTE	hyp1	News	NaN	12.469970703125
1017	1018	en	kik	challenge_SSA-MTE	hyp1	News	NaN	16.531949996948242
1018	1019	en	kik	challenge_SSA-MTE	hyp1	News	NaN	17.215246200561523
1019	1020	en	kik	challenge_SSA-MTE	hyp1	News	NaN	14.650643348693848
1020	1021	en	kik	challenge_SSA-MTE	hyp1	News	NaN	7.251896858215332
1021	1022	en	kik	challenge_SSA-MTE	hyp1	News	NaN	13.763853073120117
1022	1023	en	kik	challenge_SSA-MTE	hyp1	News	NaN	5.541833400726318
1023	1024	en	kik	challenge_SSA-MTE	hyp1	News	NaN	8.267477989196777
1024	1025	en	kik	challenge_SSA-MTE	hyp1	News	NaN	17.56033706665039
1025	1026	en	kik	challenge_SSA-MTE	hyp1	News	NaN	14.45227336883545
1026	1027	en	kik	challenge_SSA-MTE	hyp1	News	NaN	15.215778350830078
1027	1028	en	kik	challenge_SSA-MTE	hyp1	News	NaN	20.613880157470703
1028	1029	en	kik	challenge_SSA-MTE	hyp1	News	NaN	17.623619079589844
1029	1030	en	kik	challenge_SSA-MTE	hyp1	News	NaN	22.87899398803711
1030	1031	en	kik	challenge_SSA-MTE	hyp1	News	NaN	5.170534610748291
1031	1032	en	kik	challenge_SSA-MTE	hyp1	News	NaN	10.883407592773438
1032	1033	en	kik	challenge_SSA-MTE	hyp1	News	NaN	4.453795909881592
1033	1034	en	kik	challenge_SSA-MTE	hyp1	News	NaN	14.229535102844238
1034	1035	en	kik	challenge_SSA-MTE	hyp1	News	NaN	21.226924896240234
1035	1036	en	kik	challenge_SSA-MTE	hyp1	News	NaN	17.239370346069336
1036	1037	en	kik	challenge_SSA-MTE	hyp1	News	NaN	20.175905227661133
1037	1038	en	kik	challenge_SSA-MTE	hyp1	News	NaN	25.536603927612305
1038	1039	en	kik	challenge_SSA-MTE	hyp1	News	NaN	17.85680389404297
1039	1040	en	kik	challenge_SSA-MTE	hyp1	News	NaN	11.714365005493164
1040	1041	en	kik	challenge_SSA-MTE	hyp1	News	NaN	20.687091827392578
1041	1042	en	kik	challenge_SSA-MTE	hyp1	News	NaN	11.82192325592041
1042	1043	en	kik	challenge_SSA-MTE	hyp1	News	NaN	10.313604354858398
1043	1044	en	kik	challenge_SSA-MTE	hyp1	News	NaN	15.95718002319336
1044	1045	en	kik	challenge_SSA-MTE	hyp1	News	NaN	16.68415069580078
1045	1046	en	kik	challenge_SSA-MTE	hyp1	News	NaN	21.94599723815918
1046	1047	en	kik	challenge_SSA-MTE	hyp1	News	NaN	10.829147338867188
1047	1048	en	kik	challenge_SSA-MTE	hyp1	News	NaN	13.913742065429688
1048	1049	en	kik	challenge_SSA-MTE	hyp1	News	NaN	21.501567840576172
1049	1050	en	kik	challenge_SSA-MTE	hyp1	News	NaN	28.10858154296875
1050	1051	en	kik	challenge_SSA-MTE	hyp1	News	NaN	11.022895812988281
1051	1052	en	kik	challenge_SSA-MTE	hyp1	News	NaN	6.934131145477295
1052	1053	en	kik	challenge_SSA-MTE	hyp1	News	NaN	6.64448356628418
1053	1054	en	kik	challenge_SSA-MTE	hyp1	News	NaN	5.370694160461426
1054	1055	en	kik	challenge_SSA-MTE	hyp1	News	NaN	22.019622802734375
1055	1056	en	kik	challenge_SSA-MTE	hyp1	News	NaN	8.238456726074219
1056	1057	en	kik	challenge_SSA-MTE	hyp1	News	NaN	10.127787590026855
1057	1058	en	kik	challenge_SSA-MTE	hyp1	News	NaN	17.831281661987305
1058	1059	en	kik	challenge_SSA-MTE	hyp1	News	NaN	10.853397369384766
1059	1060	en	kik	challenge_SSA-MTE	hyp1	News	NaN	14.504014015197754
1060	1061	en	kik	challenge_SSA-MTE	hyp1	News	NaN	9.000638961791992
1061	1062	en	kik	challenge_SSA-MTE	hyp1	News	NaN	9.788750648498535
1062	1063	en	kik	challenge_SSA-MTE	hyp1	News	NaN	21.078779220581055
1063	1064	en	kik	challenge_SSA-MTE	hyp1	News	NaN	7.952539920806885
1064	1065	en	kik	challenge_SSA-MTE	hyp1	News	NaN	22.687551498413086
1065	1066	en	kik	challenge_SSA-MTE	hyp1	News	NaN	15.124004364013672
1066	1067	en	kik	challenge_SSA-MTE	hyp1	News	NaN	16.90320587158203
1067	1068	en	kik	challenge_SSA-MTE	hyp1	News	NaN	6.5346808433532715
1068	1069	en	kik	challenge_SSA-MTE	hyp1	News	NaN	21.53577995300293
1069	1070	en	kik	challenge_SSA-MTE	hyp1	News	NaN	6.551948070526123
1070	1071	en	kik	challenge_SSA-MTE	hyp1	News	NaN	8.036957740783691
1071	1072	en	kik	challenge_SSA-MTE	hyp1	News	NaN	11.541749000549316
1072	1073	en	kik	challenge_SSA-MTE	hyp1	News	NaN	9.042610168457031
1073	1074	en	kik	challenge_SSA-MTE	hyp1	News	NaN	19.840167999267578
1074	1075	en	kik	challenge_SSA-MTE	hyp1	News	NaN	8.325943946838379
1075	1076	en	kik	challenge_SSA-MTE	hyp1	News	NaN	6.614299297332764
1076	1077	en	kik	challenge_SSA-MTE	hyp1	News	NaN	5.741932392120361
1077	1078	en	kik	challenge_SSA-MTE	hyp1	News	NaN	14.170877456665039
1078	1079	en	kik	challenge_SSA-MTE	hyp1	News	NaN	17.55496597290039
1079	1080	en	kik	challenge_SSA-MTE	hyp1	News	NaN	16.344818115234375
1080	1081	en	kik	challenge_SSA-MTE	hyp1	News	NaN	6.617676734924316
1081	1082	en	kik	challenge_SSA-MTE	hyp1	News	NaN	21.07474136352539
1082	1083	en	kik	challenge_SSA-MTE	hyp1	News	NaN	13.926265716552734
1083	1084	en	kik	challenge_SSA-MTE	hyp1	News	NaN	14.699203491210938
1084	1085	en	kik	challenge_SSA-MTE	hyp1	News	NaN	15.681744575500488
1085	1086	en	kik	challenge_SSA-MTE	hyp1	News	NaN	10.132850646972656
1086	1087	en	kik	challenge_SSA-MTE	hyp1	News	NaN	27.091310501098633
1087	1088	en	kik	challenge_SSA-MTE	hyp1	News	NaN	16.753610610961914
1088	1089	en	kik	challenge_SSA-MTE	hyp1	News	NaN	33.400390625
1089	1090	en	kik	challenge_SSA-MTE	hyp1	News	NaN	21.657974243164062
1090	1091	en	kik	challenge_SSA-MTE	hyp1	News	NaN	10.823149681091309
1091	1092	en	kik	challenge_SSA-MTE	hyp1	News	NaN	27.488597869873047
1092	1093	en	kik	challenge_SSA-MTE	hyp1	News	NaN	17.527700424194336
1093	1094	en	kik	challenge_SSA-MTE	hyp1	News	NaN	9.007582664489746
1094	1095	en	kik	challenge_SSA-MTE	hyp1	News	NaN	27.399608612060547
1095	1096	en	kik	challenge_SSA-MTE	hyp1	News	NaN	17.535297393798828
1096	1097	en	kik	challenge_SSA-MTE	hyp1	News	NaN	25.8504695892334
1097	1098	en	kik	challenge_SSA-MTE	hyp1	News	NaN	8.81230354309082
1098	1099	en	kik	challenge_SSA-MTE	hyp1	News	NaN	4.935356616973877
1099	1100	en	kik	challenge_SSA-MTE	hyp1	News	NaN	4.814919948577881
1100	1101	en	kik	challenge_SSA-MTE	hyp1	News	NaN	19.559799194335938
1101	1102	en	kik	challenge_SSA-MTE	hyp1	News	NaN	22.6497859954834
1102	1103	en	kik	challenge_SSA-MTE	hyp1	News	NaN	10.022307395935059
1103	1104	en	kik	challenge_SSA-MTE	hyp1	News	NaN	11.536836624145508
1104	1105	en	kik	challenge_SSA-MTE	hyp1	News	NaN	13.899489402770996
1105	1106	en	kik	challenge_SSA-MTE	hyp1	News	NaN	13.367387771606445
1106	1107	en	kik	challenge_SSA-MTE	hyp1	News	NaN	23.15020179748535
1107	1108	en	kik	challenge_SSA-MTE	hyp1	News	NaN	20.180299758911133
1108	1109	en	kik	challenge_SSA-MTE	hyp1	News	NaN	15.386807441711426
1109	1110	en	kik	challenge_SSA-MTE	hyp1	News	NaN	19.405914306640625
1110	1111	en	kik	challenge_SSA-MTE	hyp1	News	NaN	14.504321098327637
1111	1112	en	kik	challenge_SSA-MTE	hyp1	News	NaN	20.071887969970703
1112	1113	en	kik	challenge_SSA-MTE	hyp1	News	NaN	1.8061449527740479
1113	1114	en	kik	challenge_SSA-MTE	hyp1	News	NaN	12.170327186584473
1114	1115	en	kik	challenge_SSA-MTE	hyp1	News	NaN	10.20631217956543
1115	1116	en	kik	challenge_SSA-MTE	hyp1	News	NaN	10.400069236755371
1116	1117	en	kik	challenge_SSA-MTE	hyp1	News	NaN	12.107828140258789
1117	1118	en	kik	challenge_SSA-MTE	hyp1	News	NaN	15.686826705932617
1118	1119	en	kik	challenge_SSA-MTE	hyp1	News	NaN	16.708755493164062
1119	1120	en	kik	challenge_SSA-MTE	hyp1	News	NaN	5.123860836029053
1120	1121	en	kik	challenge_SSA-MTE	hyp1	News	NaN	15.657682418823242
1121	1122	en	kik	challenge_SSA-MTE	hyp1	News	NaN	14.541715621948242
1122	1123	en	kik	challenge_SSA-MTE	hyp1	News	NaN	17.798542022705078
1123	1124	en	kik	challenge_SSA-MTE	hyp1	News	NaN	11.34611701965332
1124	1125	en	kik	challenge_SSA-MTE	hyp1	News	NaN	14.68156623840332
1125	1126	en	kik	challenge_SSA-MTE	hyp1	News	NaN	13.918832778930664
1126	1127	en	kik	challenge_SSA-MTE	hyp1	News	NaN	14.01301097869873
1127	1128	en	kik	challenge_SSA-MTE	hyp1	News	NaN	8.028465270996094
1128	1129	en	kik	challenge_SSA-MTE	hyp1	News	NaN	16.180213928222656
1129	1130	en	kik	challenge_SSA-MTE	hyp1	News	NaN	23.122602462768555
1130	1131	en	kik	challenge_SSA-MTE	hyp1	News	NaN	13.536944389343262
1131	1132	en	kik	challenge_SSA-MTE	hyp1	News	NaN	20.0367431640625
1132	1133	en	kik	challenge_SSA-MTE	hyp1	News	NaN	19.445383071899414
1133	1134	en	kik	challenge_SSA-MTE	hyp1	News	NaN	14.140876770019531
1134	1135	en	kik	challenge_SSA-MTE	hyp1	News	NaN	17.840938568115234
1135	1136	en	kik	challenge_SSA-MTE	hyp1	News	NaN	21.138673782348633
1136	1137	en	kik	challenge_SSA-MTE	hyp1	News	NaN	14.292768478393555
1137	1138	en	kik	challenge_SSA-MTE	hyp1	News	NaN	12.895143508911133
1138	1139	en	kik	challenge_SSA-MTE	hyp1	News	NaN	19.852048873901367
1139	1140	en	kik	challenge_SSA-MTE	hyp1	News	NaN	15.420499801635742
1140	1141	en	kik	challenge_SSA-MTE	hyp1	News	NaN	13.459007263183594
1141	1142	en	kik	challenge_SSA-MTE	hyp1	News	NaN	16.694835662841797
1142	1143	en	kik	challenge_SSA-MTE	hyp1	News	NaN	12.302657127380371
1143	1144	en	kik	challenge_SSA-MTE	hyp1	News	NaN	13.419981002807617
1144	1145	en	kik	challenge_SSA-MTE	hyp1	News	NaN	10.094999313354492
1145	1146	en	kik	challenge_SSA-MTE	hyp1	News	NaN	10.32088565826416
1146	1147	en	kik	challenge_SSA-MTE	hyp1	News	NaN	15.051040649414062
1147	1148	en	kik	challenge_SSA-MTE	hyp1	News	NaN	20.484661102294922
1148	1149	en	kik	challenge_SSA-MTE	hyp1	News	NaN	17.012842178344727
1149	1150	en	kik	challenge_SSA-MTE	hyp1	News	NaN	20.853303909301758
1150	1151	en	kik	challenge_SSA-MTE	hyp1	News	NaN	13.1215181350708
1151	1152	en	kik	challenge_SSA-MTE	hyp1	News	NaN	26.389911651611328
1152	1153	en	kik	challenge_SSA-MTE	hyp1	News	NaN	2.8014214038848877
1153	1154	en	kik	challenge_SSA-MTE	hyp1	News	NaN	-4.338805198669434
1154	1155	en	kik	challenge_SSA-MTE	hyp1	News	NaN	18.670429229736328
1155	1156	en	kik	challenge_SSA-MTE	hyp1	News	NaN	9.073264122009277
1156	1157	en	kik	challenge_SSA-MTE	hyp1	News	NaN	16.98332977294922
1157	1158	en	kik	challenge_SSA-MTE	hyp1	News	NaN	13.868144989013672
1158	1159	en	kik	challenge_SSA-MTE	hyp1	News	NaN	9.760988235473633
1159	1160	en	kik	challenge_SSA-MTE	hyp1	News	NaN	14.985681533813477
1160	1161	en	kik	challenge_SSA-MTE	hyp1	News	NaN	14.741859436035156
1161	1162	en	kik	challenge_SSA-MTE	hyp1	News	NaN	12.483475685119629
1162	1163	en	kik	challenge_SSA-MTE	hyp1	News	NaN	10.534236907958984
1163	1164	en	kik	challenge_SSA-MTE	hyp1	News	NaN	7.288910865783691
1164	1165	en	kik	challenge_SSA-MTE	hyp1	News	NaN	1.3494653701782227
1165	1166	en	kik	challenge_SSA-MTE	hyp1	News	NaN	3.37168025970459
1166	1167	en	kik	challenge_SSA-MTE	hyp1	News	NaN	10.698186874389648
1167	1168	en	kik	challenge_SSA-MTE	hyp1	News	NaN	8.975417137145996
1168	1169	en	kik	challenge_SSA-MTE	hyp1	News	NaN	9.697882652282715
1169	1170	en	kik	challenge_SSA-MTE	hyp1	News	NaN	18.164072036743164
1170	1171	en	kik	challenge_SSA-MTE	hyp1	News	NaN	9.185712814331055
1171	1172	en	kik	challenge_SSA-MTE	hyp1	News	NaN	16.779525756835938
0	1	en	kin	challenge_SSA-MTE	hyp1	News	NaN	38.138816833496094
1	2	en	kin	challenge_SSA-MTE	hyp1	News	NaN	36.297935485839844
2	3	en	kin	challenge_SSA-MTE	hyp1	News	NaN	41.05165100097656
3	4	en	kin	challenge_SSA-MTE	hyp1	News	NaN	1.1707943677902222
4	5	en	kin	challenge_SSA-MTE	hyp1	News	NaN	34.272342681884766
5	6	en	kin	challenge_SSA-MTE	hyp1	News	NaN	28.317638397216797
6	7	en	kin	challenge_SSA-MTE	hyp1	News	NaN	35.679054260253906
7	8	en	kin	challenge_SSA-MTE	hyp1	News	NaN	46.422943115234375
8	9	en	kin	challenge_SSA-MTE	hyp1	News	NaN	42.654014587402344
9	10	en	kin	challenge_SSA-MTE	hyp1	News	NaN	47.473670959472656
10	11	en	kin	challenge_SSA-MTE	hyp1	News	NaN	36.18739318847656
11	12	en	kin	challenge_SSA-MTE	hyp1	News	NaN	50.92258071899414
12	13	en	kin	challenge_SSA-MTE	hyp1	News	NaN	58.4223747253418
13	14	en	kin	challenge_SSA-MTE	hyp1	News	NaN	38.082305908203125
14	15	en	kin	challenge_SSA-MTE	hyp1	News	NaN	47.54668426513672
15	16	en	kin	challenge_SSA-MTE	hyp1	News	NaN	44.79646682739258
16	17	en	kin	challenge_SSA-MTE	hyp1	News	NaN	60.84480285644531
17	18	en	kin	challenge_SSA-MTE	hyp1	News	NaN	50.765743255615234
18	19	en	kin	challenge_SSA-MTE	hyp1	News	NaN	20.31692123413086
19	20	en	kin	challenge_SSA-MTE	hyp1	News	NaN	27.86414337158203
20	21	en	kin	challenge_SSA-MTE	hyp1	News	NaN	29.83399200439453
21	22	en	kin	challenge_SSA-MTE	hyp1	News	NaN	40.451515197753906
22	23	en	kin	challenge_SSA-MTE	hyp1	News	NaN	18.929794311523438
23	24	en	kin	challenge_SSA-MTE	hyp1	News	NaN	12.282867431640625
24	25	en	kin	challenge_SSA-MTE	hyp1	News	NaN	66.45814514160156
25	26	en	kin	challenge_SSA-MTE	hyp1	News	NaN	57.32635498046875
26	27	en	kin	challenge_SSA-MTE	hyp1	News	NaN	51.779754638671875
27	28	en	kin	challenge_SSA-MTE	hyp1	News	NaN	51.439697265625
28	29	en	kin	challenge_SSA-MTE	hyp1	News	NaN	29.86594009399414
29	30	en	kin	challenge_SSA-MTE	hyp1	News	NaN	47.27128219604492
30	31	en	kin	challenge_SSA-MTE	hyp1	News	NaN	42.69343566894531
31	32	en	kin	challenge_SSA-MTE	hyp1	News	NaN	38.40290832519531
32	33	en	kin	challenge_SSA-MTE	hyp1	News	NaN	36.52729415893555
33	34	en	kin	challenge_SSA-MTE	hyp1	News	NaN	7.78794527053833
34	35	en	kin	challenge_SSA-MTE	hyp1	News	NaN	40.184730529785156
35	36	en	kin	challenge_SSA-MTE	hyp1	News	NaN	47.35127639770508
36	37	en	kin	challenge_SSA-MTE	hyp1	News	NaN	36.03919982910156
37	38	en	kin	challenge_SSA-MTE	hyp1	News	NaN	39.47294998168945
38	39	en	kin	challenge_SSA-MTE	hyp1	News	NaN	1.239293098449707
39	40	en	kin	challenge_SSA-MTE	hyp1	News	NaN	30.624143600463867
40	41	en	kin	challenge_SSA-MTE	hyp1	News	NaN	38.48918533325195
41	42	en	kin	challenge_SSA-MTE	hyp1	News	NaN	22.0965633392334
42	43	en	kin	challenge_SSA-MTE	hyp1	News	NaN	50.604698181152344
43	44	en	kin	challenge_SSA-MTE	hyp1	News	NaN	61.900062561035156
44	45	en	kin	challenge_SSA-MTE	hyp1	News	NaN	24.380935668945312
45	46	en	kin	challenge_SSA-MTE	hyp1	News	NaN	47.44056701660156
46	47	en	kin	challenge_SSA-MTE	hyp1	News	NaN	68.2060546875
47	48	en	kin	challenge_SSA-MTE	hyp1	News	NaN	41.60245895385742
48	49	en	kin	challenge_SSA-MTE	hyp1	News	NaN	25.701156616210938
49	50	en	kin	challenge_SSA-MTE	hyp1	News	NaN	34.66575241088867
50	51	en	kin	challenge_SSA-MTE	hyp1	News	NaN	24.969085693359375
51	52	en	kin	challenge_SSA-MTE	hyp1	News	NaN	38.43482208251953
52	53	en	kin	challenge_SSA-MTE	hyp1	News	NaN	36.10026931762695
53	54	en	kin	challenge_SSA-MTE	hyp1	News	NaN	38.605552673339844
54	55	en	kin	challenge_SSA-MTE	hyp1	News	NaN	21.88362693786621
55	56	en	kin	challenge_SSA-MTE	hyp1	News	NaN	16.97879409790039
56	57	en	kin	challenge_SSA-MTE	hyp1	News	NaN	32.61039733886719
57	58	en	kin	challenge_SSA-MTE	hyp1	News	NaN	38.679420471191406
58	59	en	kin	challenge_SSA-MTE	hyp1	News	NaN	46.59703063964844
59	60	en	kin	challenge_SSA-MTE	hyp1	News	NaN	30.88161849975586
60	61	en	kin	challenge_SSA-MTE	hyp1	News	NaN	42.29738998413086
61	62	en	kin	challenge_SSA-MTE	hyp1	News	NaN	36.013526916503906
62	63	en	kin	challenge_SSA-MTE	hyp1	News	NaN	31.241313934326172
63	64	en	kin	challenge_SSA-MTE	hyp1	News	NaN	36.39021682739258
64	65	en	kin	challenge_SSA-MTE	hyp1	News	NaN	47.61817932128906
65	66	en	kin	challenge_SSA-MTE	hyp1	News	NaN	41.044673919677734
66	67	en	kin	challenge_SSA-MTE	hyp1	News	NaN	66.298828125
67	68	en	kin	challenge_SSA-MTE	hyp1	News	NaN	62.52765655517578
68	69	en	kin	challenge_SSA-MTE	hyp1	News	NaN	55.052513122558594
69	70	en	kin	challenge_SSA-MTE	hyp1	News	NaN	59.873775482177734
70	71	en	kin	challenge_SSA-MTE	hyp1	News	NaN	53.91157531738281
71	72	en	kin	challenge_SSA-MTE	hyp1	News	NaN	45.59052658081055
72	73	en	kin	challenge_SSA-MTE	hyp1	News	NaN	36.40448760986328
73	74	en	kin	challenge_SSA-MTE	hyp1	News	NaN	24.248353958129883
74	75	en	kin	challenge_SSA-MTE	hyp1	News	NaN	26.916370391845703
75	76	en	kin	challenge_SSA-MTE	hyp1	News	NaN	28.10896873474121
76	77	en	kin	challenge_SSA-MTE	hyp1	News	NaN	43.154327392578125
77	78	en	kin	challenge_SSA-MTE	hyp1	News	NaN	38.60626220703125
78	79	en	kin	challenge_SSA-MTE	hyp1	News	NaN	36.073829650878906
79	80	en	kin	challenge_SSA-MTE	hyp1	News	NaN	32.68476867675781
80	81	en	kin	challenge_SSA-MTE	hyp1	News	NaN	30.676048278808594
81	82	en	kin	challenge_SSA-MTE	hyp1	News	NaN	29.72492218017578
82	83	en	kin	challenge_SSA-MTE	hyp1	News	NaN	36.386837005615234
83	84	en	kin	challenge_SSA-MTE	hyp1	News	NaN	36.72706985473633
84	85	en	kin	challenge_SSA-MTE	hyp1	News	NaN	25.721378326416016
85	86	en	kin	challenge_SSA-MTE	hyp1	News	NaN	22.6086483001709
86	87	en	kin	challenge_SSA-MTE	hyp1	News	NaN	32.345863342285156
87	88	en	kin	challenge_SSA-MTE	hyp1	News	NaN	32.42988586425781
88	89	en	kin	challenge_SSA-MTE	hyp1	News	NaN	30.71088981628418
89	90	en	kin	challenge_SSA-MTE	hyp1	News	NaN	5.6315460205078125
90	91	en	kin	challenge_SSA-MTE	hyp1	News	NaN	0.8705984354019165
91	92	en	kin	challenge_SSA-MTE	hyp1	News	NaN	33.343902587890625
92	93	en	kin	challenge_SSA-MTE	hyp1	News	NaN	39.775970458984375
93	94	en	kin	challenge_SSA-MTE	hyp1	News	NaN	27.647964477539062
94	95	en	kin	challenge_SSA-MTE	hyp1	News	NaN	7.155494213104248
95	96	en	kin	challenge_SSA-MTE	hyp1	News	NaN	20.315536499023438
96	97	en	kin	challenge_SSA-MTE	hyp1	News	NaN	36.29722595214844
97	98	en	kin	challenge_SSA-MTE	hyp1	News	NaN	-0.06686937063932419
98	99	en	kin	challenge_SSA-MTE	hyp1	News	NaN	12.59611988067627
99	100	en	kin	challenge_SSA-MTE	hyp1	News	NaN	7.9097580909729
100	101	en	kin	challenge_SSA-MTE	hyp1	News	NaN	32.320526123046875
101	102	en	kin	challenge_SSA-MTE	hyp1	News	NaN	31.373172760009766
102	103	en	kin	challenge_SSA-MTE	hyp1	News	NaN	49.07725143432617
103	104	en	kin	challenge_SSA-MTE	hyp1	News	NaN	57.84883117675781
104	105	en	kin	challenge_SSA-MTE	hyp1	News	NaN	50.07942581176758
105	106	en	kin	challenge_SSA-MTE	hyp1	News	NaN	61.8381233215332
106	107	en	kin	challenge_SSA-MTE	hyp1	News	NaN	36.636505126953125
107	108	en	kin	challenge_SSA-MTE	hyp1	News	NaN	29.20387840270996
108	109	en	kin	challenge_SSA-MTE	hyp1	News	NaN	34.634864807128906
109	110	en	kin	challenge_SSA-MTE	hyp1	News	NaN	50.115760803222656
110	111	en	kin	challenge_SSA-MTE	hyp1	News	NaN	52.051456451416016
111	112	en	kin	challenge_SSA-MTE	hyp1	News	NaN	38.91127395629883
112	113	en	kin	challenge_SSA-MTE	hyp1	News	NaN	23.613332748413086
113	114	en	kin	challenge_SSA-MTE	hyp1	News	NaN	39.45632553100586
114	115	en	kin	challenge_SSA-MTE	hyp1	News	NaN	31.519323348999023
115	116	en	kin	challenge_SSA-MTE	hyp1	News	NaN	32.63457107543945
116	117	en	kin	challenge_SSA-MTE	hyp1	News	NaN	29.286096572875977
117	118	en	kin	challenge_SSA-MTE	hyp1	News	NaN	30.72064971923828
118	119	en	kin	challenge_SSA-MTE	hyp1	News	NaN	41.01902389526367
119	120	en	kin	challenge_SSA-MTE	hyp1	News	NaN	32.12740707397461
120	121	en	kin	challenge_SSA-MTE	hyp1	News	NaN	8.215417861938477
121	122	en	kin	challenge_SSA-MTE	hyp1	News	NaN	33.609371185302734
122	123	en	kin	challenge_SSA-MTE	hyp1	News	NaN	33.742916107177734
123	124	en	kin	challenge_SSA-MTE	hyp1	News	NaN	33.22897720336914
124	125	en	kin	challenge_SSA-MTE	hyp1	News	NaN	40.661170959472656
125	126	en	kin	challenge_SSA-MTE	hyp1	News	NaN	29.003372192382812
126	127	en	kin	challenge_SSA-MTE	hyp1	News	NaN	46.66054916381836
127	128	en	kin	challenge_SSA-MTE	hyp1	News	NaN	65.9951171875
128	129	en	kin	challenge_SSA-MTE	hyp1	News	NaN	36.25580596923828
129	130	en	kin	challenge_SSA-MTE	hyp1	News	NaN	32.877349853515625
130	131	en	kin	challenge_SSA-MTE	hyp1	News	NaN	41.39813995361328
131	132	en	kin	challenge_SSA-MTE	hyp1	News	NaN	38.00669479370117
132	133	en	kin	challenge_SSA-MTE	hyp1	News	NaN	27.56875991821289
133	134	en	kin	challenge_SSA-MTE	hyp1	News	NaN	38.9541015625
134	135	en	kin	challenge_SSA-MTE	hyp1	News	NaN	23.69403839111328
135	136	en	kin	challenge_SSA-MTE	hyp1	News	NaN	26.58929443359375
136	137	en	kin	challenge_SSA-MTE	hyp1	News	NaN	26.617631912231445
137	138	en	kin	challenge_SSA-MTE	hyp1	News	NaN	41.82417297363281
138	139	en	kin	challenge_SSA-MTE	hyp1	News	NaN	31.719772338867188
139	140	en	kin	challenge_SSA-MTE	hyp1	News	NaN	26.266803741455078
140	141	en	kin	challenge_SSA-MTE	hyp1	News	NaN	27.20362091064453
141	142	en	kin	challenge_SSA-MTE	hyp1	News	NaN	23.36953353881836
142	143	en	kin	challenge_SSA-MTE	hyp1	News	NaN	23.92963409423828
143	144	en	kin	challenge_SSA-MTE	hyp1	News	NaN	31.960880279541016
144	145	en	kin	challenge_SSA-MTE	hyp1	News	NaN	-7.648013114929199
145	146	en	kin	challenge_SSA-MTE	hyp1	News	NaN	28.864646911621094
146	147	en	kin	challenge_SSA-MTE	hyp1	News	NaN	29.14969825744629
147	148	en	kin	challenge_SSA-MTE	hyp1	News	NaN	23.321163177490234
148	149	en	kin	challenge_SSA-MTE	hyp1	News	NaN	28.59885597229004
149	150	en	kin	challenge_SSA-MTE	hyp1	News	NaN	1.8618273735046387
150	151	en	kin	challenge_SSA-MTE	hyp1	News	NaN	31.210826873779297
151	152	en	kin	challenge_SSA-MTE	hyp1	News	NaN	31.45444107055664
152	153	en	kin	challenge_SSA-MTE	hyp1	News	NaN	40.79156494140625
153	154	en	kin	challenge_SSA-MTE	hyp1	News	NaN	29.490665435791016
154	155	en	kin	challenge_SSA-MTE	hyp1	News	NaN	27.53169059753418
155	156	en	kin	challenge_SSA-MTE	hyp1	News	NaN	18.80901336669922
156	157	en	kin	challenge_SSA-MTE	hyp1	News	NaN	23.79827117919922
157	158	en	kin	challenge_SSA-MTE	hyp1	News	NaN	33.743289947509766
158	159	en	kin	challenge_SSA-MTE	hyp1	News	NaN	30.781736373901367
159	160	en	kin	challenge_SSA-MTE	hyp1	News	NaN	16.93313980102539
160	161	en	kin	challenge_SSA-MTE	hyp1	News	NaN	21.81989860534668
161	162	en	kin	challenge_SSA-MTE	hyp1	News	NaN	22.326139450073242
162	163	en	kin	challenge_SSA-MTE	hyp1	News	NaN	16.95879364013672
163	164	en	kin	challenge_SSA-MTE	hyp1	News	NaN	15.65998363494873
164	165	en	kin	challenge_SSA-MTE	hyp1	News	NaN	29.86355972290039
165	166	en	kin	challenge_SSA-MTE	hyp1	News	NaN	17.25710678100586
166	167	en	kin	challenge_SSA-MTE	hyp1	News	NaN	36.476253509521484
167	168	en	kin	challenge_SSA-MTE	hyp1	News	NaN	34.831417083740234
168	169	en	kin	challenge_SSA-MTE	hyp1	News	NaN	44.589447021484375
169	170	en	kin	challenge_SSA-MTE	hyp1	News	NaN	10.434736251831055
170	171	en	kin	challenge_SSA-MTE	hyp1	News	NaN	46.31559753417969
171	172	en	kin	challenge_SSA-MTE	hyp1	News	NaN	44.49560546875
172	173	en	kin	challenge_SSA-MTE	hyp1	News	NaN	29.638412475585938
173	174	en	kin	challenge_SSA-MTE	hyp1	News	NaN	42.320518493652344
174	175	en	kin	challenge_SSA-MTE	hyp1	News	NaN	44.17938995361328
175	176	en	kin	challenge_SSA-MTE	hyp1	News	NaN	38.54114532470703
176	177	en	kin	challenge_SSA-MTE	hyp1	News	NaN	40.595359802246094
177	178	en	kin	challenge_SSA-MTE	hyp1	News	NaN	37.55884552001953
178	179	en	kin	challenge_SSA-MTE	hyp1	News	NaN	25.19016456604004
179	180	en	kin	challenge_SSA-MTE	hyp1	News	NaN	38.48563003540039
180	181	en	kin	challenge_SSA-MTE	hyp1	News	NaN	23.638107299804688
181	182	en	kin	challenge_SSA-MTE	hyp1	News	NaN	16.464492797851562
182	183	en	kin	challenge_SSA-MTE	hyp1	News	NaN	37.61802291870117
183	184	en	kin	challenge_SSA-MTE	hyp1	News	NaN	37.48044967651367
184	185	en	kin	challenge_SSA-MTE	hyp1	News	NaN	22.350248336791992
185	186	en	kin	challenge_SSA-MTE	hyp1	News	NaN	28.693317413330078
186	187	en	kin	challenge_SSA-MTE	hyp1	News	NaN	32.360755920410156
187	188	en	kin	challenge_SSA-MTE	hyp1	News	NaN	30.59343719482422
188	189	en	kin	challenge_SSA-MTE	hyp1	News	NaN	27.537822723388672
189	190	en	kin	challenge_SSA-MTE	hyp1	News	NaN	29.503135681152344
190	191	en	kin	challenge_SSA-MTE	hyp1	News	NaN	10.053070068359375
191	192	en	kin	challenge_SSA-MTE	hyp1	News	NaN	35.0152587890625
192	193	en	kin	challenge_SSA-MTE	hyp1	News	NaN	38.73822784423828
193	194	en	kin	challenge_SSA-MTE	hyp1	News	NaN	31.135093688964844
194	195	en	kin	challenge_SSA-MTE	hyp1	News	NaN	40.07640075683594
195	196	en	kin	challenge_SSA-MTE	hyp1	News	NaN	35.883750915527344
196	197	en	kin	challenge_SSA-MTE	hyp1	News	NaN	29.955324172973633
197	198	en	kin	challenge_SSA-MTE	hyp1	News	NaN	27.12217903137207
198	199	en	kin	challenge_SSA-MTE	hyp1	News	NaN	23.278396606445312
199	200	en	kin	challenge_SSA-MTE	hyp1	News	NaN	37.55198669433594
200	201	en	kin	challenge_SSA-MTE	hyp1	News	NaN	28.619110107421875
201	202	en	kin	challenge_SSA-MTE	hyp1	News	NaN	27.717201232910156
202	203	en	kin	challenge_SSA-MTE	hyp1	News	NaN	36.2336311340332
203	204	en	kin	challenge_SSA-MTE	hyp1	News	NaN	30.188743591308594
204	205	en	kin	challenge_SSA-MTE	hyp1	News	NaN	31.99692153930664
205	206	en	kin	challenge_SSA-MTE	hyp1	News	NaN	37.936737060546875
206	207	en	kin	challenge_SSA-MTE	hyp1	News	NaN	40.36894226074219
207	208	en	kin	challenge_SSA-MTE	hyp1	News	NaN	44.47465133666992
208	209	en	kin	challenge_SSA-MTE	hyp1	News	NaN	9.898067474365234
209	210	en	kin	challenge_SSA-MTE	hyp1	News	NaN	15.045013427734375
210	211	en	kin	challenge_SSA-MTE	hyp1	News	NaN	11.60216999053955
211	212	en	kin	challenge_SSA-MTE	hyp1	News	NaN	14.160621643066406
212	213	en	kin	challenge_SSA-MTE	hyp1	News	NaN	10.500432968139648
213	214	en	kin	challenge_SSA-MTE	hyp1	News	NaN	20.143341064453125
214	215	en	kin	challenge_SSA-MTE	hyp1	News	NaN	35.73701477050781
215	216	en	kin	challenge_SSA-MTE	hyp1	News	NaN	38.11958312988281
216	217	en	kin	challenge_SSA-MTE	hyp1	News	NaN	40.09934997558594
217	218	en	kin	challenge_SSA-MTE	hyp1	News	NaN	38.89133071899414
218	219	en	kin	challenge_SSA-MTE	hyp1	News	NaN	32.93431091308594
219	220	en	kin	challenge_SSA-MTE	hyp1	News	NaN	37.815311431884766
220	221	en	kin	challenge_SSA-MTE	hyp1	News	NaN	32.541221618652344
221	222	en	kin	challenge_SSA-MTE	hyp1	News	NaN	37.91667556762695
222	223	en	kin	challenge_SSA-MTE	hyp1	News	NaN	32.97869110107422
223	224	en	kin	challenge_SSA-MTE	hyp1	News	NaN	39.343177795410156
224	225	en	kin	challenge_SSA-MTE	hyp1	News	NaN	44.294857025146484
225	226	en	kin	challenge_SSA-MTE	hyp1	News	NaN	18.83855438232422
226	227	en	kin	challenge_SSA-MTE	hyp1	News	NaN	32.79799270629883
227	228	en	kin	challenge_SSA-MTE	hyp1	News	NaN	31.24494171142578
228	229	en	kin	challenge_SSA-MTE	hyp1	News	NaN	27.82241439819336
229	230	en	kin	challenge_SSA-MTE	hyp1	News	NaN	26.67568588256836
230	231	en	kin	challenge_SSA-MTE	hyp1	News	NaN	24.51302146911621
231	232	en	kin	challenge_SSA-MTE	hyp1	News	NaN	20.52117919921875
232	233	en	kin	challenge_SSA-MTE	hyp1	News	NaN	25.440723419189453
233	234	en	kin	challenge_SSA-MTE	hyp1	News	NaN	27.86298370361328
234	235	en	kin	challenge_SSA-MTE	hyp1	News	NaN	21.870027542114258
235	236	en	kin	challenge_SSA-MTE	hyp1	News	NaN	45.96166229248047
236	237	en	kin	challenge_SSA-MTE	hyp1	News	NaN	37.859458923339844
237	238	en	kin	challenge_SSA-MTE	hyp1	News	NaN	36.728546142578125
238	239	en	kin	challenge_SSA-MTE	hyp1	News	NaN	5.985738277435303
239	240	en	kin	challenge_SSA-MTE	hyp1	News	NaN	35.13179397583008
240	241	en	kin	challenge_SSA-MTE	hyp1	News	NaN	27.402170181274414
241	242	en	kin	challenge_SSA-MTE	hyp1	News	NaN	15.698302268981934
242	243	en	kin	challenge_SSA-MTE	hyp1	News	NaN	31.833736419677734
243	244	en	kin	challenge_SSA-MTE	hyp1	News	NaN	10.852826118469238
244	245	en	kin	challenge_SSA-MTE	hyp1	News	NaN	46.49235534667969
245	246	en	kin	challenge_SSA-MTE	hyp1	News	NaN	43.42466735839844
246	247	en	kin	challenge_SSA-MTE	hyp1	News	NaN	36.670692443847656
247	248	en	kin	challenge_SSA-MTE	hyp1	News	NaN	42.77745819091797
248	249	en	kin	challenge_SSA-MTE	hyp1	News	NaN	50.56846618652344
249	250	en	kin	challenge_SSA-MTE	hyp1	News	NaN	48.471378326416016
250	251	en	kin	challenge_SSA-MTE	hyp1	News	NaN	39.72980499267578
251	252	en	kin	challenge_SSA-MTE	hyp1	News	NaN	32.26091766357422
252	253	en	kin	challenge_SSA-MTE	hyp1	News	NaN	36.98984909057617
253	254	en	kin	challenge_SSA-MTE	hyp1	News	NaN	38.506072998046875
254	255	en	kin	challenge_SSA-MTE	hyp1	News	NaN	17.135284423828125
255	256	en	kin	challenge_SSA-MTE	hyp1	News	NaN	40.24281311035156
256	257	en	kin	challenge_SSA-MTE	hyp1	News	NaN	35.31462860107422
257	258	en	kin	challenge_SSA-MTE	hyp1	News	NaN	51.61647033691406
258	259	en	kin	challenge_SSA-MTE	hyp1	News	NaN	16.160919189453125
259	260	en	kin	challenge_SSA-MTE	hyp1	News	NaN	37.808170318603516
260	261	en	kin	challenge_SSA-MTE	hyp1	News	NaN	39.68090057373047
261	262	en	kin	challenge_SSA-MTE	hyp1	News	NaN	46.355525970458984
262	263	en	kin	challenge_SSA-MTE	hyp1	News	NaN	51.849761962890625
263	264	en	kin	challenge_SSA-MTE	hyp1	News	NaN	29.984891891479492
264	265	en	kin	challenge_SSA-MTE	hyp1	News	NaN	45.17388153076172
265	266	en	kin	challenge_SSA-MTE	hyp1	News	NaN	50.790130615234375
266	267	en	kin	challenge_SSA-MTE	hyp1	News	NaN	43.02284240722656
267	268	en	kin	challenge_SSA-MTE	hyp1	News	NaN	29.875324249267578
268	269	en	kin	challenge_SSA-MTE	hyp1	News	NaN	19.488983154296875
269	270	en	kin	challenge_SSA-MTE	hyp1	News	NaN	14.368369102478027
270	271	en	kin	challenge_SSA-MTE	hyp1	News	NaN	26.37946319580078
271	272	en	kin	challenge_SSA-MTE	hyp1	News	NaN	22.68641471862793
272	273	en	kin	challenge_SSA-MTE	hyp1	News	NaN	19.275287628173828
273	274	en	kin	challenge_SSA-MTE	hyp1	News	NaN	59.9902458190918
274	275	en	kin	challenge_SSA-MTE	hyp1	News	NaN	65.34429931640625
275	276	en	kin	challenge_SSA-MTE	hyp1	News	NaN	46.119178771972656
276	277	en	kin	challenge_SSA-MTE	hyp1	News	NaN	59.057037353515625
277	278	en	kin	challenge_SSA-MTE	hyp1	News	NaN	61.1595458984375
278	279	en	kin	challenge_SSA-MTE	hyp1	News	NaN	58.15860366821289
279	280	en	kin	challenge_SSA-MTE	hyp1	News	NaN	30.137727737426758
280	281	en	kin	challenge_SSA-MTE	hyp1	News	NaN	34.678077697753906
281	282	en	kin	challenge_SSA-MTE	hyp1	News	NaN	32.11946105957031
282	283	en	kin	challenge_SSA-MTE	hyp1	News	NaN	21.74934196472168
283	284	en	kin	challenge_SSA-MTE	hyp1	News	NaN	27.22269058227539
284	285	en	kin	challenge_SSA-MTE	hyp1	News	NaN	33.8433723449707
285	286	en	kin	challenge_SSA-MTE	hyp1	News	NaN	42.93989181518555
286	287	en	kin	challenge_SSA-MTE	hyp1	News	NaN	33.74726867675781
287	288	en	kin	challenge_SSA-MTE	hyp1	News	NaN	32.36712646484375
288	289	en	kin	challenge_SSA-MTE	hyp1	News	NaN	44.738922119140625
289	290	en	kin	challenge_SSA-MTE	hyp1	News	NaN	49.372093200683594
290	291	en	kin	challenge_SSA-MTE	hyp1	News	NaN	45.98236846923828
291	292	en	kin	challenge_SSA-MTE	hyp1	News	NaN	17.695528030395508
292	293	en	kin	challenge_SSA-MTE	hyp1	News	NaN	27.943674087524414
293	294	en	kin	challenge_SSA-MTE	hyp1	News	NaN	29.407527923583984
294	295	en	kin	challenge_SSA-MTE	hyp1	News	NaN	5.544577598571777
295	296	en	kin	challenge_SSA-MTE	hyp1	News	NaN	17.79428482055664
296	297	en	kin	challenge_SSA-MTE	hyp1	News	NaN	29.425661087036133
297	298	en	kin	challenge_SSA-MTE	hyp1	News	NaN	47.11677551269531
298	299	en	kin	challenge_SSA-MTE	hyp1	News	NaN	53.72666931152344
299	300	en	kin	challenge_SSA-MTE	hyp1	News	NaN	58.363800048828125
300	301	en	kin	challenge_SSA-MTE	hyp1	News	NaN	54.76811218261719
301	302	en	kin	challenge_SSA-MTE	hyp1	News	NaN	64.10157012939453
302	303	en	kin	challenge_SSA-MTE	hyp1	News	NaN	45.240421295166016
303	304	en	kin	challenge_SSA-MTE	hyp1	News	NaN	24.066875457763672
304	305	en	kin	challenge_SSA-MTE	hyp1	News	NaN	20.405467987060547
305	306	en	kin	challenge_SSA-MTE	hyp1	News	NaN	27.936561584472656
306	307	en	kin	challenge_SSA-MTE	hyp1	News	NaN	23.16959571838379
307	308	en	kin	challenge_SSA-MTE	hyp1	News	NaN	34.11807632446289
308	309	en	kin	challenge_SSA-MTE	hyp1	News	NaN	24.18789291381836
309	310	en	kin	challenge_SSA-MTE	hyp1	News	NaN	33.51536560058594
310	311	en	kin	challenge_SSA-MTE	hyp1	News	NaN	52.26724624633789
311	312	en	kin	challenge_SSA-MTE	hyp1	News	NaN	12.336112976074219
312	313	en	kin	challenge_SSA-MTE	hyp1	News	NaN	18.603897094726562
313	314	en	kin	challenge_SSA-MTE	hyp1	News	NaN	29.428098678588867
314	315	en	kin	challenge_SSA-MTE	hyp1	News	NaN	33.531620025634766
315	316	en	kin	challenge_SSA-MTE	hyp1	News	NaN	31.165672302246094
316	317	en	kin	challenge_SSA-MTE	hyp1	News	NaN	28.666542053222656
317	318	en	kin	challenge_SSA-MTE	hyp1	News	NaN	26.475784301757812
318	319	en	kin	challenge_SSA-MTE	hyp1	News	NaN	28.28713035583496
319	320	en	kin	challenge_SSA-MTE	hyp1	News	NaN	25.34716033935547
320	321	en	kin	challenge_SSA-MTE	hyp1	News	NaN	25.23377227783203
321	322	en	kin	challenge_SSA-MTE	hyp1	News	NaN	28.75583839416504
322	323	en	kin	challenge_SSA-MTE	hyp1	News	NaN	20.378826141357422
323	324	en	kin	challenge_SSA-MTE	hyp1	News	NaN	33.51231002807617
324	325	en	kin	challenge_SSA-MTE	hyp1	News	NaN	29.897212982177734
325	326	en	kin	challenge_SSA-MTE	hyp1	News	NaN	20.557104110717773
326	327	en	kin	challenge_SSA-MTE	hyp1	News	NaN	25.43526840209961
327	328	en	kin	challenge_SSA-MTE	hyp1	News	NaN	29.209575653076172
328	329	en	kin	challenge_SSA-MTE	hyp1	News	NaN	20.226428985595703
329	330	en	kin	challenge_SSA-MTE	hyp1	News	NaN	33.58222198486328
330	331	en	kin	challenge_SSA-MTE	hyp1	News	NaN	36.384796142578125
331	332	en	kin	challenge_SSA-MTE	hyp1	News	NaN	36.52890396118164
332	333	en	kin	challenge_SSA-MTE	hyp1	News	NaN	30.721277236938477
333	334	en	kin	challenge_SSA-MTE	hyp1	News	NaN	36.81088638305664
334	335	en	kin	challenge_SSA-MTE	hyp1	News	NaN	39.24553298950195
335	336	en	kin	challenge_SSA-MTE	hyp1	News	NaN	32.965213775634766
336	337	en	kin	challenge_SSA-MTE	hyp1	News	NaN	39.814659118652344
337	338	en	kin	challenge_SSA-MTE	hyp1	News	NaN	39.15226745605469
338	339	en	kin	challenge_SSA-MTE	hyp1	News	NaN	30.173778533935547
339	340	en	kin	challenge_SSA-MTE	hyp1	News	NaN	24.00918197631836
340	341	en	kin	challenge_SSA-MTE	hyp1	News	NaN	29.74326515197754
341	342	en	kin	challenge_SSA-MTE	hyp1	News	NaN	34.29922866821289
342	343	en	kin	challenge_SSA-MTE	hyp1	News	NaN	36.10491180419922
343	344	en	kin	challenge_SSA-MTE	hyp1	News	NaN	24.108219146728516
344	345	en	kin	challenge_SSA-MTE	hyp1	News	NaN	46.33155822753906
345	346	en	kin	challenge_SSA-MTE	hyp1	News	NaN	52.97307586669922
346	347	en	kin	challenge_SSA-MTE	hyp1	News	NaN	32.981544494628906
347	348	en	kin	challenge_SSA-MTE	hyp1	News	NaN	40.35707092285156
348	349	en	kin	challenge_SSA-MTE	hyp1	News	NaN	53.27821350097656
349	350	en	kin	challenge_SSA-MTE	hyp1	News	NaN	32.02647018432617
350	351	en	kin	challenge_SSA-MTE	hyp1	News	NaN	39.20179748535156
351	352	en	kin	challenge_SSA-MTE	hyp1	News	NaN	34.17424011230469
352	353	en	kin	challenge_SSA-MTE	hyp1	News	NaN	42.87938690185547
353	354	en	kin	challenge_SSA-MTE	hyp1	News	NaN	7.525912761688232
354	355	en	kin	challenge_SSA-MTE	hyp1	News	NaN	53.14735412597656
355	356	en	kin	challenge_SSA-MTE	hyp1	News	NaN	34.621498107910156
356	357	en	kin	challenge_SSA-MTE	hyp1	News	NaN	47.451171875
357	358	en	kin	challenge_SSA-MTE	hyp1	News	NaN	32.229068756103516
358	359	en	kin	challenge_SSA-MTE	hyp1	News	NaN	47.87214279174805
359	360	en	kin	challenge_SSA-MTE	hyp1	News	NaN	47.83755111694336
360	361	en	kin	challenge_SSA-MTE	hyp1	News	NaN	36.375732421875
361	362	en	kin	challenge_SSA-MTE	hyp1	News	NaN	42.21462631225586
362	363	en	kin	challenge_SSA-MTE	hyp1	News	NaN	34.99665069580078
363	364	en	kin	challenge_SSA-MTE	hyp1	News	NaN	33.25025939941406
364	365	en	kin	challenge_SSA-MTE	hyp1	News	NaN	33.2288818359375
365	366	en	kin	challenge_SSA-MTE	hyp1	News	NaN	31.25010108947754
366	367	en	kin	challenge_SSA-MTE	hyp1	News	NaN	43.12846374511719
367	368	en	kin	challenge_SSA-MTE	hyp1	News	NaN	29.47513198852539
368	369	en	kin	challenge_SSA-MTE	hyp1	News	NaN	30.104982376098633
369	370	en	kin	challenge_SSA-MTE	hyp1	News	NaN	32.850460052490234
370	371	en	kin	challenge_SSA-MTE	hyp1	News	NaN	53.334075927734375
371	372	en	kin	challenge_SSA-MTE	hyp1	News	NaN	29.69750213623047
372	373	en	kin	challenge_SSA-MTE	hyp1	News	NaN	33.91154479980469
373	374	en	kin	challenge_SSA-MTE	hyp1	News	NaN	33.86506652832031
374	375	en	kin	challenge_SSA-MTE	hyp1	News	NaN	33.764976501464844
375	376	en	kin	challenge_SSA-MTE	hyp1	News	NaN	44.63972473144531
376	377	en	kin	challenge_SSA-MTE	hyp1	News	NaN	36.603431701660156
377	378	en	kin	challenge_SSA-MTE	hyp1	News	NaN	44.230918884277344
378	379	en	kin	challenge_SSA-MTE	hyp1	News	NaN	36.08137512207031
379	380	en	kin	challenge_SSA-MTE	hyp1	News	NaN	38.93197250366211
380	381	en	kin	challenge_SSA-MTE	hyp1	News	NaN	27.139259338378906
381	382	en	kin	challenge_SSA-MTE	hyp1	News	NaN	30.733539581298828
382	383	en	kin	challenge_SSA-MTE	hyp1	News	NaN	45.02813720703125
383	384	en	kin	challenge_SSA-MTE	hyp1	News	NaN	28.6485595703125
384	385	en	kin	challenge_SSA-MTE	hyp1	News	NaN	30.424724578857422
385	386	en	kin	challenge_SSA-MTE	hyp1	News	NaN	28.76081657409668
386	387	en	kin	challenge_SSA-MTE	hyp1	News	NaN	26.84981918334961
387	388	en	kin	challenge_SSA-MTE	hyp1	News	NaN	29.181121826171875
388	389	en	kin	challenge_SSA-MTE	hyp1	News	NaN	20.275741577148438
389	390	en	kin	challenge_SSA-MTE	hyp1	News	NaN	30.75676727294922
390	391	en	kin	challenge_SSA-MTE	hyp1	News	NaN	-2.6227381229400635
391	392	en	kin	challenge_SSA-MTE	hyp1	News	NaN	36.84576416015625
392	393	en	kin	challenge_SSA-MTE	hyp1	News	NaN	28.960845947265625
393	394	en	kin	challenge_SSA-MTE	hyp1	News	NaN	34.20145797729492
394	395	en	kin	challenge_SSA-MTE	hyp1	News	NaN	9.110559463500977
395	396	en	kin	challenge_SSA-MTE	hyp1	News	NaN	30.4494571685791
396	397	en	kin	challenge_SSA-MTE	hyp1	News	NaN	46.371864318847656
397	398	en	kin	challenge_SSA-MTE	hyp1	News	NaN	31.84276580810547
398	399	en	kin	challenge_SSA-MTE	hyp1	News	NaN	33.60234069824219
399	400	en	kin	challenge_SSA-MTE	hyp1	News	NaN	34.235660552978516
400	401	en	kin	challenge_SSA-MTE	hyp1	News	NaN	24.304302215576172
401	402	en	kin	challenge_SSA-MTE	hyp1	News	NaN	27.680898666381836
402	403	en	kin	challenge_SSA-MTE	hyp1	News	NaN	33.99565887451172
403	404	en	kin	challenge_SSA-MTE	hyp1	News	NaN	30.63738250732422
404	405	en	kin	challenge_SSA-MTE	hyp1	News	NaN	42.96379089355469
405	406	en	kin	challenge_SSA-MTE	hyp1	News	NaN	42.496116638183594
406	407	en	kin	challenge_SSA-MTE	hyp1	News	NaN	35.52909851074219
407	408	en	kin	challenge_SSA-MTE	hyp1	News	NaN	23.764801025390625
408	409	en	kin	challenge_SSA-MTE	hyp1	News	NaN	38.72983932495117
409	410	en	kin	challenge_SSA-MTE	hyp1	News	NaN	19.157794952392578
410	411	en	kin	challenge_SSA-MTE	hyp1	News	NaN	33.364723205566406
411	412	en	kin	challenge_SSA-MTE	hyp1	News	NaN	26.013843536376953
412	413	en	kin	challenge_SSA-MTE	hyp1	News	NaN	28.186748504638672
413	414	en	kin	challenge_SSA-MTE	hyp1	News	NaN	23.429656982421875
414	415	en	kin	challenge_SSA-MTE	hyp1	News	NaN	28.396076202392578
415	416	en	kin	challenge_SSA-MTE	hyp1	News	NaN	33.12287139892578
416	417	en	kin	challenge_SSA-MTE	hyp1	News	NaN	29.586605072021484
417	418	en	kin	challenge_SSA-MTE	hyp1	News	NaN	21.891437530517578
418	419	en	kin	challenge_SSA-MTE	hyp1	News	NaN	26.15247344970703
419	420	en	kin	challenge_SSA-MTE	hyp1	News	NaN	31.375402450561523
420	421	en	kin	challenge_SSA-MTE	hyp1	News	NaN	13.46839714050293
421	422	en	kin	challenge_SSA-MTE	hyp1	News	NaN	35.45380401611328
422	423	en	kin	challenge_SSA-MTE	hyp1	News	NaN	34.4351806640625
423	424	en	kin	challenge_SSA-MTE	hyp1	News	NaN	34.305572509765625
424	425	en	kin	challenge_SSA-MTE	hyp1	News	NaN	37.24058151245117
425	426	en	kin	challenge_SSA-MTE	hyp1	News	NaN	38.90805435180664
426	427	en	kin	challenge_SSA-MTE	hyp1	News	NaN	42.846336364746094
427	428	en	kin	challenge_SSA-MTE	hyp1	News	NaN	33.36465835571289
428	429	en	kin	challenge_SSA-MTE	hyp1	News	NaN	38.045833587646484
429	430	en	kin	challenge_SSA-MTE	hyp1	News	NaN	29.269756317138672
430	431	en	kin	challenge_SSA-MTE	hyp1	News	NaN	47.974422454833984
431	432	en	kin	challenge_SSA-MTE	hyp1	News	NaN	22.948389053344727
432	433	en	kin	challenge_SSA-MTE	hyp1	News	NaN	19.549121856689453
433	434	en	kin	challenge_SSA-MTE	hyp1	News	NaN	13.497499465942383
434	435	en	kin	challenge_SSA-MTE	hyp1	News	NaN	6.049023151397705
435	436	en	kin	challenge_SSA-MTE	hyp1	News	NaN	19.357206344604492
436	437	en	kin	challenge_SSA-MTE	hyp1	News	NaN	16.06723403930664
437	438	en	kin	challenge_SSA-MTE	hyp1	News	NaN	24.50612449645996
438	439	en	kin	challenge_SSA-MTE	hyp1	News	NaN	28.321964263916016
439	440	en	kin	challenge_SSA-MTE	hyp1	News	NaN	37.32255554199219
440	441	en	kin	challenge_SSA-MTE	hyp1	News	NaN	39.15830612182617
441	442	en	kin	challenge_SSA-MTE	hyp1	News	NaN	29.03276824951172
442	443	en	kin	challenge_SSA-MTE	hyp1	News	NaN	34.498600006103516
443	444	en	kin	challenge_SSA-MTE	hyp1	News	NaN	31.915847778320312
444	445	en	kin	challenge_SSA-MTE	hyp1	News	NaN	31.23586654663086
445	446	en	kin	challenge_SSA-MTE	hyp1	News	NaN	30.080677032470703
446	447	en	kin	challenge_SSA-MTE	hyp1	News	NaN	27.028095245361328
447	448	en	kin	challenge_SSA-MTE	hyp1	News	NaN	29.969770431518555
448	449	en	kin	challenge_SSA-MTE	hyp1	News	NaN	34.54472351074219
449	450	en	kin	challenge_SSA-MTE	hyp1	News	NaN	34.91896057128906
450	451	en	kin	challenge_SSA-MTE	hyp1	News	NaN	35.84568786621094
451	452	en	kin	challenge_SSA-MTE	hyp1	News	NaN	31.094356536865234
452	453	en	kin	challenge_SSA-MTE	hyp1	News	NaN	38.13898849487305
453	454	en	kin	challenge_SSA-MTE	hyp1	News	NaN	28.152488708496094
454	455	en	kin	challenge_SSA-MTE	hyp1	News	NaN	35.00114440917969
455	456	en	kin	challenge_SSA-MTE	hyp1	News	NaN	31.7730712890625
456	457	en	kin	challenge_SSA-MTE	hyp1	News	NaN	33.47029113769531
457	458	en	kin	challenge_SSA-MTE	hyp1	News	NaN	13.804594993591309
458	459	en	kin	challenge_SSA-MTE	hyp1	News	NaN	30.405681610107422
459	460	en	kin	challenge_SSA-MTE	hyp1	News	NaN	43.05146789550781
460	461	en	kin	challenge_SSA-MTE	hyp1	News	NaN	39.51517868041992
461	462	en	kin	challenge_SSA-MTE	hyp1	News	NaN	40.50257110595703
462	463	en	kin	challenge_SSA-MTE	hyp1	News	NaN	27.883655548095703
463	464	en	kin	challenge_SSA-MTE	hyp1	News	NaN	28.862415313720703
464	465	en	kin	challenge_SSA-MTE	hyp1	News	NaN	28.575725555419922
465	466	en	kin	challenge_SSA-MTE	hyp1	News	NaN	27.536949157714844
466	467	en	kin	challenge_SSA-MTE	hyp1	News	NaN	31.291156768798828
467	468	en	kin	challenge_SSA-MTE	hyp1	News	NaN	22.107603073120117
468	469	en	kin	challenge_SSA-MTE	hyp1	News	NaN	22.78696060180664
469	470	en	kin	challenge_SSA-MTE	hyp1	News	NaN	32.91651153564453
470	471	en	kin	challenge_SSA-MTE	hyp1	News	NaN	29.54157257080078
471	472	en	kin	challenge_SSA-MTE	hyp1	News	NaN	2.4723029136657715
472	473	en	kin	challenge_SSA-MTE	hyp1	News	NaN	29.628211975097656
473	474	en	kin	challenge_SSA-MTE	hyp1	News	NaN	29.90204620361328
474	475	en	kin	challenge_SSA-MTE	hyp1	News	NaN	41.29576873779297
475	476	en	kin	challenge_SSA-MTE	hyp1	News	NaN	40.793434143066406
476	477	en	kin	challenge_SSA-MTE	hyp1	News	NaN	28.06397247314453
477	478	en	kin	challenge_SSA-MTE	hyp1	News	NaN	43.71180725097656
478	479	en	kin	challenge_SSA-MTE	hyp1	News	NaN	26.367074966430664
479	480	en	kin	challenge_SSA-MTE	hyp1	News	NaN	28.747983932495117
480	481	en	kin	challenge_SSA-MTE	hyp1	News	NaN	21.146060943603516
481	482	en	kin	challenge_SSA-MTE	hyp1	News	NaN	23.174701690673828
482	483	en	kin	challenge_SSA-MTE	hyp1	News	NaN	23.53569984436035
483	484	en	kin	challenge_SSA-MTE	hyp1	News	NaN	22.550430297851562
484	485	en	kin	challenge_SSA-MTE	hyp1	News	NaN	35.11412048339844
485	486	en	kin	challenge_SSA-MTE	hyp1	News	NaN	37.638999938964844
486	487	en	kin	challenge_SSA-MTE	hyp1	News	NaN	40.60160827636719
487	488	en	kin	challenge_SSA-MTE	hyp1	News	NaN	39.32857131958008
488	489	en	kin	challenge_SSA-MTE	hyp1	News	NaN	42.6649055480957
489	490	en	kin	challenge_SSA-MTE	hyp1	News	NaN	23.341276168823242
490	491	en	kin	challenge_SSA-MTE	hyp1	News	NaN	30.574865341186523
491	492	en	kin	challenge_SSA-MTE	hyp1	News	NaN	41.065650939941406
492	493	en	kin	challenge_SSA-MTE	hyp1	News	NaN	50.05867385864258
493	494	en	kin	challenge_SSA-MTE	hyp1	News	NaN	25.644580841064453
494	495	en	kin	challenge_SSA-MTE	hyp1	News	NaN	32.26921844482422
495	496	en	kin	challenge_SSA-MTE	hyp1	News	NaN	27.59475326538086
496	497	en	kin	challenge_SSA-MTE	hyp1	News	NaN	27.046878814697266
497	498	en	kin	challenge_SSA-MTE	hyp1	News	NaN	33.66404724121094
498	499	en	kin	challenge_SSA-MTE	hyp1	News	NaN	21.68531036376953
499	500	en	kin	challenge_SSA-MTE	hyp1	News	NaN	28.101577758789062
500	501	en	kin	challenge_SSA-MTE	hyp1	News	NaN	26.571027755737305
501	502	en	kin	challenge_SSA-MTE	hyp1	News	NaN	36.185333251953125
502	503	en	kin	challenge_SSA-MTE	hyp1	News	NaN	29.79111099243164
503	504	en	kin	challenge_SSA-MTE	hyp1	News	NaN	32.064205169677734
504	505	en	kin	challenge_SSA-MTE	hyp1	News	NaN	23.904855728149414
505	506	en	kin	challenge_SSA-MTE	hyp1	News	NaN	34.32096862792969
506	507	en	kin	challenge_SSA-MTE	hyp1	News	NaN	27.287784576416016
507	508	en	kin	challenge_SSA-MTE	hyp1	News	NaN	29.295799255371094
508	509	en	kin	challenge_SSA-MTE	hyp1	News	NaN	36.67901611328125
509	510	en	kin	challenge_SSA-MTE	hyp1	News	NaN	33.31897735595703
510	511	en	kin	challenge_SSA-MTE	hyp1	News	NaN	18.44708251953125
511	512	en	kin	challenge_SSA-MTE	hyp1	News	NaN	46.28614807128906
512	513	en	kin	challenge_SSA-MTE	hyp1	News	NaN	37.83525848388672
513	514	en	kin	challenge_SSA-MTE	hyp1	News	NaN	31.764360427856445
514	515	en	kin	challenge_SSA-MTE	hyp1	News	NaN	25.98405647277832
515	516	en	kin	challenge_SSA-MTE	hyp1	News	NaN	37.44200134277344
516	517	en	kin	challenge_SSA-MTE	hyp1	News	NaN	33.18467712402344
517	518	en	kin	challenge_SSA-MTE	hyp1	News	NaN	37.67406463623047
518	519	en	kin	challenge_SSA-MTE	hyp1	News	NaN	34.99851608276367
519	520	en	kin	challenge_SSA-MTE	hyp1	News	NaN	29.923755645751953
520	521	en	kin	challenge_SSA-MTE	hyp1	News	NaN	26.528779983520508
521	522	en	kin	challenge_SSA-MTE	hyp1	News	NaN	25.01728057861328
522	523	en	kin	challenge_SSA-MTE	hyp1	News	NaN	25.22001838684082
523	524	en	kin	challenge_SSA-MTE	hyp1	News	NaN	3.8164331912994385
524	525	en	kin	challenge_SSA-MTE	hyp1	News	NaN	25.583438873291016
525	526	en	kin	challenge_SSA-MTE	hyp1	News	NaN	40.822265625
526	527	en	kin	challenge_SSA-MTE	hyp1	News	NaN	42.556365966796875
527	528	en	kin	challenge_SSA-MTE	hyp1	News	NaN	56.10103988647461
528	529	en	kin	challenge_SSA-MTE	hyp1	News	NaN	40.03055953979492
529	530	en	kin	challenge_SSA-MTE	hyp1	News	NaN	41.209510803222656
530	531	en	kin	challenge_SSA-MTE	hyp1	News	NaN	17.02568817138672
531	532	en	kin	challenge_SSA-MTE	hyp1	News	NaN	19.253793716430664
532	533	en	kin	challenge_SSA-MTE	hyp1	News	NaN	13.15771484375
533	534	en	kin	challenge_SSA-MTE	hyp1	News	NaN	18.494430541992188
534	535	en	kin	challenge_SSA-MTE	hyp1	News	NaN	15.689581871032715
535	536	en	kin	challenge_SSA-MTE	hyp1	News	NaN	25.33670425415039
536	537	en	kin	challenge_SSA-MTE	hyp1	News	NaN	28.07977294921875
537	538	en	kin	challenge_SSA-MTE	hyp1	News	NaN	30.082365036010742
538	539	en	kin	challenge_SSA-MTE	hyp1	News	NaN	30.84571647644043
539	540	en	kin	challenge_SSA-MTE	hyp1	News	NaN	38.30873107910156
540	541	en	kin	challenge_SSA-MTE	hyp1	News	NaN	27.769737243652344
541	542	en	kin	challenge_SSA-MTE	hyp1	News	NaN	33.721595764160156
542	543	en	kin	challenge_SSA-MTE	hyp1	News	NaN	19.142559051513672
543	544	en	kin	challenge_SSA-MTE	hyp1	News	NaN	32.27593231201172
544	545	en	kin	challenge_SSA-MTE	hyp1	News	NaN	30.345319747924805
545	546	en	kin	challenge_SSA-MTE	hyp1	News	NaN	26.704689025878906
546	547	en	kin	challenge_SSA-MTE	hyp1	News	NaN	32.99558639526367
547	548	en	kin	challenge_SSA-MTE	hyp1	News	NaN	30.52596092224121
548	549	en	kin	challenge_SSA-MTE	hyp1	News	NaN	31.763412475585938
549	550	en	kin	challenge_SSA-MTE	hyp1	News	NaN	33.54386520385742
550	551	en	kin	challenge_SSA-MTE	hyp1	News	NaN	35.05327224731445
551	552	en	kin	challenge_SSA-MTE	hyp1	News	NaN	29.993907928466797
552	553	en	kin	challenge_SSA-MTE	hyp1	News	NaN	30.86904525756836
553	554	en	kin	challenge_SSA-MTE	hyp1	News	NaN	36.955528259277344
554	555	en	kin	challenge_SSA-MTE	hyp1	News	NaN	37.52587127685547
555	556	en	kin	challenge_SSA-MTE	hyp1	News	NaN	29.10034942626953
556	557	en	kin	challenge_SSA-MTE	hyp1	News	NaN	34.827301025390625
557	558	en	kin	challenge_SSA-MTE	hyp1	News	NaN	9.334603309631348
558	559	en	kin	challenge_SSA-MTE	hyp1	News	NaN	12.953536987304688
559	560	en	kin	challenge_SSA-MTE	hyp1	News	NaN	39.17018127441406
560	561	en	kin	challenge_SSA-MTE	hyp1	News	NaN	43.31842041015625
561	562	en	kin	challenge_SSA-MTE	hyp1	News	NaN	33.01061248779297
562	563	en	kin	challenge_SSA-MTE	hyp1	News	NaN	12.570826530456543
563	564	en	kin	challenge_SSA-MTE	hyp1	News	NaN	12.690159797668457
564	565	en	kin	challenge_SSA-MTE	hyp1	News	NaN	5.099169731140137
565	566	en	kin	challenge_SSA-MTE	hyp1	News	NaN	44.86149597167969
566	567	en	kin	challenge_SSA-MTE	hyp1	News	NaN	17.03966522216797
567	568	en	kin	challenge_SSA-MTE	hyp1	News	NaN	24.91392707824707
568	569	en	kin	challenge_SSA-MTE	hyp1	News	NaN	26.831600189208984
569	570	en	kin	challenge_SSA-MTE	hyp1	News	NaN	3.7375712394714355
570	571	en	kin	challenge_SSA-MTE	hyp1	News	NaN	24.727500915527344
571	572	en	kin	challenge_SSA-MTE	hyp1	News	NaN	32.305870056152344
572	573	en	kin	challenge_SSA-MTE	hyp1	News	NaN	34.59754180908203
573	574	en	kin	challenge_SSA-MTE	hyp1	News	NaN	40.04899215698242
574	575	en	kin	challenge_SSA-MTE	hyp1	News	NaN	35.21696090698242
575	576	en	kin	challenge_SSA-MTE	hyp1	News	NaN	39.420066833496094
576	577	en	kin	challenge_SSA-MTE	hyp1	News	NaN	30.313751220703125
577	578	en	kin	challenge_SSA-MTE	hyp1	News	NaN	28.35019302368164
578	579	en	kin	challenge_SSA-MTE	hyp1	News	NaN	24.421764373779297
579	580	en	kin	challenge_SSA-MTE	hyp1	News	NaN	28.594505310058594
580	581	en	kin	challenge_SSA-MTE	hyp1	News	NaN	30.22380828857422
581	582	en	kin	challenge_SSA-MTE	hyp1	News	NaN	27.314680099487305
582	583	en	kin	challenge_SSA-MTE	hyp1	News	NaN	41.084293365478516
583	584	en	kin	challenge_SSA-MTE	hyp1	News	NaN	31.752208709716797
584	585	en	kin	challenge_SSA-MTE	hyp1	News	NaN	25.909297943115234
585	586	en	kin	challenge_SSA-MTE	hyp1	News	NaN	36.84694290161133
586	587	en	kin	challenge_SSA-MTE	hyp1	News	NaN	37.07051086425781
587	588	en	kin	challenge_SSA-MTE	hyp1	News	NaN	33.267860412597656
588	589	en	kin	challenge_SSA-MTE	hyp1	News	NaN	27.441410064697266
589	590	en	kin	challenge_SSA-MTE	hyp1	News	NaN	22.16782569885254
590	591	en	kin	challenge_SSA-MTE	hyp1	News	NaN	18.91942024230957
591	592	en	kin	challenge_SSA-MTE	hyp1	News	NaN	24.790285110473633
592	593	en	kin	challenge_SSA-MTE	hyp1	News	NaN	38.56538009643555
593	594	en	kin	challenge_SSA-MTE	hyp1	News	NaN	23.299814224243164
594	595	en	kin	challenge_SSA-MTE	hyp1	News	NaN	22.98394775390625
595	596	en	kin	challenge_SSA-MTE	hyp1	News	NaN	19.955598831176758
596	597	en	kin	challenge_SSA-MTE	hyp1	News	NaN	33.562477111816406
597	598	en	kin	challenge_SSA-MTE	hyp1	News	NaN	45.44586944580078
598	599	en	kin	challenge_SSA-MTE	hyp1	News	NaN	16.0057315826416
599	600	en	kin	challenge_SSA-MTE	hyp1	News	NaN	27.130319595336914
600	601	en	kin	challenge_SSA-MTE	hyp1	News	NaN	31.68161392211914
601	602	en	kin	challenge_SSA-MTE	hyp1	News	NaN	37.65533447265625
602	603	en	kin	challenge_SSA-MTE	hyp1	News	NaN	24.103925704956055
603	604	en	kin	challenge_SSA-MTE	hyp1	News	NaN	22.070167541503906
604	605	en	kin	challenge_SSA-MTE	hyp1	News	NaN	32.230918884277344
605	606	en	kin	challenge_SSA-MTE	hyp1	News	NaN	24.153518676757812
606	607	en	kin	challenge_SSA-MTE	hyp1	News	NaN	28.82613182067871
607	608	en	kin	challenge_SSA-MTE	hyp1	News	NaN	27.218685150146484
608	609	en	kin	challenge_SSA-MTE	hyp1	News	NaN	33.774436950683594
609	610	en	kin	challenge_SSA-MTE	hyp1	News	NaN	36.55152893066406
610	611	en	kin	challenge_SSA-MTE	hyp1	News	NaN	32.588233947753906
611	612	en	kin	challenge_SSA-MTE	hyp1	News	NaN	30.93683433532715
612	613	en	kin	challenge_SSA-MTE	hyp1	News	NaN	40.63175582885742
613	614	en	kin	challenge_SSA-MTE	hyp1	News	NaN	39.35906982421875
614	615	en	kin	challenge_SSA-MTE	hyp1	News	NaN	31.43370246887207
615	616	en	kin	challenge_SSA-MTE	hyp1	News	NaN	37.47532653808594
616	617	en	kin	challenge_SSA-MTE	hyp1	News	NaN	37.40394592285156
617	618	en	kin	challenge_SSA-MTE	hyp1	News	NaN	41.034934997558594
618	619	en	kin	challenge_SSA-MTE	hyp1	News	NaN	41.64838790893555
619	620	en	kin	challenge_SSA-MTE	hyp1	News	NaN	45.77542495727539
620	621	en	kin	challenge_SSA-MTE	hyp1	News	NaN	49.00947189331055
621	622	en	kin	challenge_SSA-MTE	hyp1	News	NaN	40.77670669555664
622	623	en	kin	challenge_SSA-MTE	hyp1	News	NaN	34.662513732910156
623	624	en	kin	challenge_SSA-MTE	hyp1	News	NaN	34.768245697021484
624	625	en	kin	challenge_SSA-MTE	hyp1	News	NaN	37.334510803222656
625	626	en	kin	challenge_SSA-MTE	hyp1	News	NaN	36.635459899902344
626	627	en	kin	challenge_SSA-MTE	hyp1	News	NaN	30.508913040161133
627	628	en	kin	challenge_SSA-MTE	hyp1	News	NaN	24.098737716674805
628	629	en	kin	challenge_SSA-MTE	hyp1	News	NaN	31.422595977783203
629	630	en	kin	challenge_SSA-MTE	hyp1	News	NaN	41.87070846557617
630	631	en	kin	challenge_SSA-MTE	hyp1	News	NaN	35.34587860107422
631	632	en	kin	challenge_SSA-MTE	hyp1	News	NaN	30.416770935058594
632	633	en	kin	challenge_SSA-MTE	hyp1	News	NaN	30.433387756347656
633	634	en	kin	challenge_SSA-MTE	hyp1	News	NaN	40.870731353759766
634	635	en	kin	challenge_SSA-MTE	hyp1	News	NaN	37.613983154296875
635	636	en	kin	challenge_SSA-MTE	hyp1	News	NaN	29.678409576416016
636	637	en	kin	challenge_SSA-MTE	hyp1	News	NaN	31.360820770263672
637	638	en	kin	challenge_SSA-MTE	hyp1	News	NaN	46.40243148803711
638	639	en	kin	challenge_SSA-MTE	hyp1	News	NaN	31.791467666625977
639	640	en	kin	challenge_SSA-MTE	hyp1	News	NaN	53.4763298034668
640	641	en	kin	challenge_SSA-MTE	hyp1	News	NaN	60.83513259887695
641	642	en	kin	challenge_SSA-MTE	hyp1	News	NaN	32.83079528808594
642	643	en	kin	challenge_SSA-MTE	hyp1	News	NaN	28.640419006347656
643	644	en	kin	challenge_SSA-MTE	hyp1	News	NaN	37.504730224609375
644	645	en	kin	challenge_SSA-MTE	hyp1	News	NaN	49.69328308105469
645	646	en	kin	challenge_SSA-MTE	hyp1	News	NaN	46.549312591552734
646	647	en	kin	challenge_SSA-MTE	hyp1	News	NaN	35.18035888671875
647	648	en	kin	challenge_SSA-MTE	hyp1	News	NaN	46.77059555053711
648	649	en	kin	challenge_SSA-MTE	hyp1	News	NaN	32.40042495727539
649	650	en	kin	challenge_SSA-MTE	hyp1	News	NaN	42.27698516845703
650	651	en	kin	challenge_SSA-MTE	hyp1	News	NaN	14.73926067352295
651	652	en	kin	challenge_SSA-MTE	hyp1	News	NaN	41.632057189941406
652	653	en	kin	challenge_SSA-MTE	hyp1	News	NaN	29.906648635864258
653	654	en	kin	challenge_SSA-MTE	hyp1	News	NaN	43.852867126464844
654	655	en	kin	challenge_SSA-MTE	hyp1	News	NaN	32.11688995361328
655	656	en	kin	challenge_SSA-MTE	hyp1	News	NaN	32.727901458740234
656	657	en	kin	challenge_SSA-MTE	hyp1	News	NaN	3.6594207286834717
657	658	en	kin	challenge_SSA-MTE	hyp1	News	NaN	38.30453109741211
658	659	en	kin	challenge_SSA-MTE	hyp1	News	NaN	29.140491485595703
659	660	en	kin	challenge_SSA-MTE	hyp1	News	NaN	17.02352523803711
660	661	en	kin	challenge_SSA-MTE	hyp1	News	NaN	49.470829010009766
661	662	en	kin	challenge_SSA-MTE	hyp1	News	NaN	44.97050857543945
662	663	en	kin	challenge_SSA-MTE	hyp1	News	NaN	32.878318786621094
663	664	en	kin	challenge_SSA-MTE	hyp1	News	NaN	40.103843688964844
664	665	en	kin	challenge_SSA-MTE	hyp1	News	NaN	41.542686462402344
665	666	en	kin	challenge_SSA-MTE	hyp1	News	NaN	44.40754318237305
666	667	en	kin	challenge_SSA-MTE	hyp1	News	NaN	28.058807373046875
667	668	en	kin	challenge_SSA-MTE	hyp1	News	NaN	25.618371963500977
668	669	en	kin	challenge_SSA-MTE	hyp1	News	NaN	27.702409744262695
669	670	en	kin	challenge_SSA-MTE	hyp1	News	NaN	20.861865997314453
670	671	en	kin	challenge_SSA-MTE	hyp1	News	NaN	18.34241485595703
671	672	en	kin	challenge_SSA-MTE	hyp1	News	NaN	16.654417037963867
672	673	en	kin	challenge_SSA-MTE	hyp1	News	NaN	19.439531326293945
673	674	en	kin	challenge_SSA-MTE	hyp1	News	NaN	37.07606887817383
674	675	en	kin	challenge_SSA-MTE	hyp1	News	NaN	24.048511505126953
675	676	en	kin	challenge_SSA-MTE	hyp1	News	NaN	19.651107788085938
676	677	en	kin	challenge_SSA-MTE	hyp1	News	NaN	20.102397918701172
677	678	en	kin	challenge_SSA-MTE	hyp1	News	NaN	27.816186904907227
678	679	en	kin	challenge_SSA-MTE	hyp1	News	NaN	24.652523040771484
679	680	en	kin	challenge_SSA-MTE	hyp1	News	NaN	12.512446403503418
680	681	en	kin	challenge_SSA-MTE	hyp1	News	NaN	32.52469253540039
681	682	en	kin	challenge_SSA-MTE	hyp1	News	NaN	29.335426330566406
682	683	en	kin	challenge_SSA-MTE	hyp1	News	NaN	26.533462524414062
683	684	en	kin	challenge_SSA-MTE	hyp1	News	NaN	-1.898514986038208
684	685	en	kin	challenge_SSA-MTE	hyp1	News	NaN	-1.0268428325653076
685	686	en	kin	challenge_SSA-MTE	hyp1	News	NaN	7.578773021697998
686	687	en	kin	challenge_SSA-MTE	hyp1	News	NaN	4.97689151763916
687	688	en	kin	challenge_SSA-MTE	hyp1	News	NaN	-2.983548402786255
688	689	en	kin	challenge_SSA-MTE	hyp1	News	NaN	1.985999345779419
689	690	en	kin	challenge_SSA-MTE	hyp1	News	NaN	36.344200134277344
690	691	en	kin	challenge_SSA-MTE	hyp1	News	NaN	35.81454086303711
691	692	en	kin	challenge_SSA-MTE	hyp1	News	NaN	14.206069946289062
692	693	en	kin	challenge_SSA-MTE	hyp1	News	NaN	31.335159301757812
693	694	en	kin	challenge_SSA-MTE	hyp1	News	NaN	31.052627563476562
694	695	en	kin	challenge_SSA-MTE	hyp1	News	NaN	36.486572265625
695	696	en	kin	challenge_SSA-MTE	hyp1	News	NaN	18.50993537902832
696	697	en	kin	challenge_SSA-MTE	hyp1	News	NaN	19.71480941772461
697	698	en	kin	challenge_SSA-MTE	hyp1	News	NaN	20.470104217529297
698	699	en	kin	challenge_SSA-MTE	hyp1	News	NaN	3.5729172229766846
699	700	en	kin	challenge_SSA-MTE	hyp1	News	NaN	31.769275665283203
700	701	en	kin	challenge_SSA-MTE	hyp1	News	NaN	22.59624481201172
701	702	en	kin	challenge_SSA-MTE	hyp1	News	NaN	15.549859046936035
702	703	en	kin	challenge_SSA-MTE	hyp1	News	NaN	24.97960662841797
703	704	en	kin	challenge_SSA-MTE	hyp1	News	NaN	29.369190216064453
704	705	en	kin	challenge_SSA-MTE	hyp1	News	NaN	9.2739896774292
705	706	en	kin	challenge_SSA-MTE	hyp1	News	NaN	9.768890380859375
706	707	en	kin	challenge_SSA-MTE	hyp1	News	NaN	11.665457725524902
707	708	en	kin	challenge_SSA-MTE	hyp1	News	NaN	33.620643615722656
708	709	en	kin	challenge_SSA-MTE	hyp1	News	NaN	31.306838989257812
709	710	en	kin	challenge_SSA-MTE	hyp1	News	NaN	30.909229278564453
710	711	en	kin	challenge_SSA-MTE	hyp1	News	NaN	38.32624053955078
711	712	en	kin	challenge_SSA-MTE	hyp1	News	NaN	33.48875045776367
712	713	en	kin	challenge_SSA-MTE	hyp1	News	NaN	34.226200103759766
713	714	en	kin	challenge_SSA-MTE	hyp1	News	NaN	30.922151565551758
714	715	en	kin	challenge_SSA-MTE	hyp1	News	NaN	48.597694396972656
715	716	en	kin	challenge_SSA-MTE	hyp1	News	NaN	35.99312973022461
716	717	en	kin	challenge_SSA-MTE	hyp1	News	NaN	32.37577819824219
717	718	en	kin	challenge_SSA-MTE	hyp1	News	NaN	32.54386901855469
718	719	en	kin	challenge_SSA-MTE	hyp1	News	NaN	42.958839416503906
719	720	en	kin	challenge_SSA-MTE	hyp1	News	NaN	24.00157356262207
720	721	en	kin	challenge_SSA-MTE	hyp1	News	NaN	29.021228790283203
721	722	en	kin	challenge_SSA-MTE	hyp1	News	NaN	36.77161407470703
722	723	en	kin	challenge_SSA-MTE	hyp1	News	NaN	43.78999710083008
723	724	en	kin	challenge_SSA-MTE	hyp1	News	NaN	31.038673400878906
724	725	en	kin	challenge_SSA-MTE	hyp1	News	NaN	34.93377685546875
725	726	en	kin	challenge_SSA-MTE	hyp1	News	NaN	38.520355224609375
726	727	en	kin	challenge_SSA-MTE	hyp1	News	NaN	40.233001708984375
727	728	en	kin	challenge_SSA-MTE	hyp1	News	NaN	35.95741271972656
728	729	en	kin	challenge_SSA-MTE	hyp1	News	NaN	33.694847106933594
729	730	en	kin	challenge_SSA-MTE	hyp1	News	NaN	24.245452880859375
730	731	en	kin	challenge_SSA-MTE	hyp1	News	NaN	30.007522583007812
731	732	en	kin	challenge_SSA-MTE	hyp1	News	NaN	28.254772186279297
732	733	en	kin	challenge_SSA-MTE	hyp1	News	NaN	31.337909698486328
733	734	en	kin	challenge_SSA-MTE	hyp1	News	NaN	32.24890899658203
734	735	en	kin	challenge_SSA-MTE	hyp1	News	NaN	24.791156768798828
735	736	en	kin	challenge_SSA-MTE	hyp1	News	NaN	30.78840446472168
736	737	en	kin	challenge_SSA-MTE	hyp1	News	NaN	33.062828063964844
737	738	en	kin	challenge_SSA-MTE	hyp1	News	NaN	24.63248634338379
738	739	en	kin	challenge_SSA-MTE	hyp1	News	NaN	17.79198455810547
739	740	en	kin	challenge_SSA-MTE	hyp1	News	NaN	12.993427276611328
740	741	en	kin	challenge_SSA-MTE	hyp1	News	NaN	17.978734970092773
741	742	en	kin	challenge_SSA-MTE	hyp1	News	NaN	23.67572021484375
742	743	en	kin	challenge_SSA-MTE	hyp1	News	NaN	21.099884033203125
743	744	en	kin	challenge_SSA-MTE	hyp1	News	NaN	31.313791275024414
744	745	en	kin	challenge_SSA-MTE	hyp1	News	NaN	32.99182891845703
745	746	en	kin	challenge_SSA-MTE	hyp1	News	NaN	19.80752944946289
746	747	en	kin	challenge_SSA-MTE	hyp1	News	NaN	29.030986785888672
747	748	en	kin	challenge_SSA-MTE	hyp1	News	NaN	32.433189392089844
748	749	en	kin	challenge_SSA-MTE	hyp1	News	NaN	40.29058074951172
749	750	en	kin	challenge_SSA-MTE	hyp1	News	NaN	44.18367004394531
750	751	en	kin	challenge_SSA-MTE	hyp1	News	NaN	43.905635833740234
751	752	en	kin	challenge_SSA-MTE	hyp1	News	NaN	30.797941207885742
752	753	en	kin	challenge_SSA-MTE	hyp1	News	NaN	30.816225051879883
753	754	en	kin	challenge_SSA-MTE	hyp1	News	NaN	38.59507751464844
754	755	en	kin	challenge_SSA-MTE	hyp1	News	NaN	27.74457550048828
755	756	en	kin	challenge_SSA-MTE	hyp1	News	NaN	29.08089828491211
756	757	en	kin	challenge_SSA-MTE	hyp1	News	NaN	36.16871643066406
757	758	en	kin	challenge_SSA-MTE	hyp1	News	NaN	33.74755859375
758	759	en	kin	challenge_SSA-MTE	hyp1	News	NaN	28.095420837402344
759	760	en	kin	challenge_SSA-MTE	hyp1	News	NaN	33.11821365356445
760	761	en	kin	challenge_SSA-MTE	hyp1	News	NaN	40.208831787109375
761	762	en	kin	challenge_SSA-MTE	hyp1	News	NaN	34.53791046142578
762	763	en	kin	challenge_SSA-MTE	hyp1	News	NaN	39.34500503540039
763	764	en	kin	challenge_SSA-MTE	hyp1	News	NaN	37.14221954345703
764	765	en	kin	challenge_SSA-MTE	hyp1	News	NaN	35.769615173339844
765	766	en	kin	challenge_SSA-MTE	hyp1	News	NaN	39.07573318481445
766	767	en	kin	challenge_SSA-MTE	hyp1	News	NaN	23.370956420898438
767	768	en	kin	challenge_SSA-MTE	hyp1	News	NaN	27.969209671020508
768	769	en	kin	challenge_SSA-MTE	hyp1	News	NaN	32.087745666503906
769	770	en	kin	challenge_SSA-MTE	hyp1	News	NaN	26.68056869506836
770	771	en	kin	challenge_SSA-MTE	hyp1	News	NaN	27.845991134643555
771	772	en	kin	challenge_SSA-MTE	hyp1	News	NaN	27.0338134765625
772	773	en	kin	challenge_SSA-MTE	hyp1	News	NaN	46.48554229736328
773	774	en	kin	challenge_SSA-MTE	hyp1	News	NaN	35.24879837036133
774	775	en	kin	challenge_SSA-MTE	hyp1	News	NaN	29.47745132446289
775	776	en	kin	challenge_SSA-MTE	hyp1	News	NaN	39.769371032714844
776	777	en	kin	challenge_SSA-MTE	hyp1	News	NaN	39.42359161376953
777	778	en	kin	challenge_SSA-MTE	hyp1	News	NaN	42.53577423095703
778	779	en	kin	challenge_SSA-MTE	hyp1	News	NaN	28.50377655029297
779	780	en	kin	challenge_SSA-MTE	hyp1	News	NaN	24.446056365966797
780	781	en	kin	challenge_SSA-MTE	hyp1	News	NaN	24.49123191833496
781	782	en	kin	challenge_SSA-MTE	hyp1	News	NaN	29.757095336914062
782	783	en	kin	challenge_SSA-MTE	hyp1	News	NaN	26.084077835083008
783	784	en	kin	challenge_SSA-MTE	hyp1	News	NaN	29.140636444091797
784	785	en	kin	challenge_SSA-MTE	hyp1	News	NaN	31.487178802490234
785	786	en	kin	challenge_SSA-MTE	hyp1	News	NaN	32.69495391845703
786	787	en	kin	challenge_SSA-MTE	hyp1	News	NaN	35.36151885986328
787	788	en	kin	challenge_SSA-MTE	hyp1	News	NaN	33.01497268676758
788	789	en	kin	challenge_SSA-MTE	hyp1	News	NaN	31.771709442138672
789	790	en	kin	challenge_SSA-MTE	hyp1	News	NaN	27.317005157470703
790	791	en	kin	challenge_SSA-MTE	hyp1	News	NaN	17.545799255371094
791	792	en	kin	challenge_SSA-MTE	hyp1	News	NaN	17.641178131103516
792	793	en	kin	challenge_SSA-MTE	hyp1	News	NaN	17.491065979003906
793	794	en	kin	challenge_SSA-MTE	hyp1	News	NaN	20.49274253845215
794	795	en	kin	challenge_SSA-MTE	hyp1	News	NaN	29.371538162231445
795	796	en	kin	challenge_SSA-MTE	hyp1	News	NaN	31.19729995727539
796	797	en	kin	challenge_SSA-MTE	hyp1	News	NaN	29.592735290527344
797	798	en	kin	challenge_SSA-MTE	hyp1	News	NaN	29.289047241210938
798	799	en	kin	challenge_SSA-MTE	hyp1	News	NaN	31.946414947509766
799	800	en	kin	challenge_SSA-MTE	hyp1	News	NaN	29.382177352905273
800	801	en	kin	challenge_SSA-MTE	hyp1	News	NaN	25.044906616210938
801	802	en	kin	challenge_SSA-MTE	hyp1	News	NaN	30.4528865814209
802	803	en	kin	challenge_SSA-MTE	hyp1	News	NaN	23.67531394958496
803	804	en	kin	challenge_SSA-MTE	hyp1	News	NaN	21.519168853759766
804	805	en	kin	challenge_SSA-MTE	hyp1	News	NaN	23.31724739074707
805	806	en	kin	challenge_SSA-MTE	hyp1	News	NaN	30.027326583862305
806	807	en	kin	challenge_SSA-MTE	hyp1	News	NaN	14.625499725341797
807	808	en	kin	challenge_SSA-MTE	hyp1	News	NaN	37.24215316772461
808	809	en	kin	challenge_SSA-MTE	hyp1	News	NaN	40.15409469604492
809	810	en	kin	challenge_SSA-MTE	hyp1	News	NaN	39.14091110229492
810	811	en	kin	challenge_SSA-MTE	hyp1	News	NaN	34.245201110839844
811	812	en	kin	challenge_SSA-MTE	hyp1	News	NaN	38.78305435180664
812	813	en	kin	challenge_SSA-MTE	hyp1	News	NaN	33.9169807434082
813	814	en	kin	challenge_SSA-MTE	hyp1	News	NaN	40.98396301269531
814	815	en	kin	challenge_SSA-MTE	hyp1	News	NaN	35.68074035644531
815	816	en	kin	challenge_SSA-MTE	hyp1	News	NaN	30.324703216552734
816	817	en	kin	challenge_SSA-MTE	hyp1	News	NaN	39.60988998413086
817	818	en	kin	challenge_SSA-MTE	hyp1	News	NaN	36.38387680053711
818	819	en	kin	challenge_SSA-MTE	hyp1	News	NaN	26.688879013061523
819	820	en	kin	challenge_SSA-MTE	hyp1	News	NaN	36.59557342529297
820	821	en	kin	challenge_SSA-MTE	hyp1	News	NaN	38.17262268066406
821	822	en	kin	challenge_SSA-MTE	hyp1	News	NaN	33.61579132080078
822	823	en	kin	challenge_SSA-MTE	hyp1	News	NaN	34.47926330566406
823	824	en	kin	challenge_SSA-MTE	hyp1	News	NaN	29.17462921142578
824	825	en	kin	challenge_SSA-MTE	hyp1	News	NaN	35.09632110595703
825	826	en	kin	challenge_SSA-MTE	hyp1	News	NaN	33.71901321411133
826	827	en	kin	challenge_SSA-MTE	hyp1	News	NaN	30.46173095703125
827	828	en	kin	challenge_SSA-MTE	hyp1	News	NaN	22.04601287841797
828	829	en	kin	challenge_SSA-MTE	hyp1	News	NaN	28.049564361572266
829	830	en	kin	challenge_SSA-MTE	hyp1	News	NaN	27.088062286376953
830	831	en	kin	challenge_SSA-MTE	hyp1	News	NaN	18.938838958740234
831	832	en	kin	challenge_SSA-MTE	hyp1	News	NaN	34.62338638305664
832	833	en	kin	challenge_SSA-MTE	hyp1	News	NaN	45.40535354614258
833	834	en	kin	challenge_SSA-MTE	hyp1	News	NaN	26.926151275634766
834	835	en	kin	challenge_SSA-MTE	hyp1	News	NaN	32.3297119140625
835	836	en	kin	challenge_SSA-MTE	hyp1	News	NaN	36.081932067871094
836	837	en	kin	challenge_SSA-MTE	hyp1	News	NaN	36.0072135925293
837	838	en	kin	challenge_SSA-MTE	hyp1	News	NaN	40.37421417236328
838	839	en	kin	challenge_SSA-MTE	hyp1	News	NaN	36.864566802978516
839	840	en	kin	challenge_SSA-MTE	hyp1	News	NaN	36.48274612426758
840	841	en	kin	challenge_SSA-MTE	hyp1	News	NaN	30.93014907836914
841	842	en	kin	challenge_SSA-MTE	hyp1	News	NaN	43.12846374511719
842	843	en	kin	challenge_SSA-MTE	hyp1	News	NaN	36.21927261352539
843	844	en	kin	challenge_SSA-MTE	hyp1	News	NaN	42.82568359375
844	845	en	kin	challenge_SSA-MTE	hyp1	News	NaN	35.497772216796875
845	846	en	kin	challenge_SSA-MTE	hyp1	News	NaN	35.6337776184082
846	847	en	kin	challenge_SSA-MTE	hyp1	News	NaN	39.160884857177734
847	848	en	kin	challenge_SSA-MTE	hyp1	News	NaN	41.27032470703125
848	849	en	kin	challenge_SSA-MTE	hyp1	News	NaN	36.85459899902344
849	850	en	kin	challenge_SSA-MTE	hyp1	News	NaN	26.094505310058594
850	851	en	kin	challenge_SSA-MTE	hyp1	News	NaN	20.080198287963867
851	852	en	kin	challenge_SSA-MTE	hyp1	News	NaN	33.31574249267578
852	853	en	kin	challenge_SSA-MTE	hyp1	News	NaN	30.912700653076172
853	854	en	kin	challenge_SSA-MTE	hyp1	News	NaN	35.50334167480469
854	855	en	kin	challenge_SSA-MTE	hyp1	News	NaN	33.79255676269531
855	856	en	kin	challenge_SSA-MTE	hyp1	News	NaN	42.2464714050293
856	857	en	kin	challenge_SSA-MTE	hyp1	News	NaN	24.858226776123047
857	858	en	kin	challenge_SSA-MTE	hyp1	News	NaN	30.893735885620117
858	859	en	kin	challenge_SSA-MTE	hyp1	News	NaN	32.97297286987305
859	860	en	kin	challenge_SSA-MTE	hyp1	News	NaN	52.93450927734375
860	861	en	kin	challenge_SSA-MTE	hyp1	News	NaN	8.553995132446289
861	862	en	kin	challenge_SSA-MTE	hyp1	News	NaN	18.605884552001953
862	863	en	kin	challenge_SSA-MTE	hyp1	News	NaN	37.435707092285156
863	864	en	kin	challenge_SSA-MTE	hyp1	News	NaN	11.052169799804688
864	865	en	kin	challenge_SSA-MTE	hyp1	News	NaN	2.964920997619629
865	866	en	kin	challenge_SSA-MTE	hyp1	News	NaN	7.426455974578857
866	867	en	kin	challenge_SSA-MTE	hyp1	News	NaN	34.214420318603516
867	868	en	kin	challenge_SSA-MTE	hyp1	News	NaN	39.242435455322266
868	869	en	kin	challenge_SSA-MTE	hyp1	News	NaN	36.96923828125
869	870	en	kin	challenge_SSA-MTE	hyp1	News	NaN	41.50177764892578
870	871	en	kin	challenge_SSA-MTE	hyp1	News	NaN	33.7887077331543
871	872	en	kin	challenge_SSA-MTE	hyp1	News	NaN	37.56520080566406
872	873	en	kin	challenge_SSA-MTE	hyp1	News	NaN	21.093292236328125
873	874	en	kin	challenge_SSA-MTE	hyp1	News	NaN	19.319442749023438
874	875	en	kin	challenge_SSA-MTE	hyp1	News	NaN	25.43781280517578
875	876	en	kin	challenge_SSA-MTE	hyp1	News	NaN	24.303953170776367
876	877	en	kin	challenge_SSA-MTE	hyp1	News	NaN	25.663602828979492
877	878	en	kin	challenge_SSA-MTE	hyp1	News	NaN	23.35828399658203
878	879	en	kin	challenge_SSA-MTE	hyp1	News	NaN	42.03844451904297
879	880	en	kin	challenge_SSA-MTE	hyp1	News	NaN	37.70310974121094
880	881	en	kin	challenge_SSA-MTE	hyp1	News	NaN	39.346702575683594
881	882	en	kin	challenge_SSA-MTE	hyp1	News	NaN	40.98225402832031
882	883	en	kin	challenge_SSA-MTE	hyp1	News	NaN	35.15411376953125
883	884	en	kin	challenge_SSA-MTE	hyp1	News	NaN	37.74586486816406
884	885	en	kin	challenge_SSA-MTE	hyp1	News	NaN	20.659297943115234
885	886	en	kin	challenge_SSA-MTE	hyp1	News	NaN	18.996734619140625
886	887	en	kin	challenge_SSA-MTE	hyp1	News	NaN	24.90827178955078
887	888	en	kin	challenge_SSA-MTE	hyp1	News	NaN	19.769611358642578
888	889	en	kin	challenge_SSA-MTE	hyp1	News	NaN	24.800106048583984
889	890	en	kin	challenge_SSA-MTE	hyp1	News	NaN	17.505477905273438
890	891	en	kin	challenge_SSA-MTE	hyp1	News	NaN	27.07111167907715
891	892	en	kin	challenge_SSA-MTE	hyp1	News	NaN	32.15126037597656
892	893	en	kin	challenge_SSA-MTE	hyp1	News	NaN	19.326122283935547
893	894	en	kin	challenge_SSA-MTE	hyp1	News	NaN	16.213647842407227
894	895	en	kin	challenge_SSA-MTE	hyp1	News	NaN	15.582998275756836
895	896	en	kin	challenge_SSA-MTE	hyp1	News	NaN	21.596431732177734
896	897	en	kin	challenge_SSA-MTE	hyp1	News	NaN	29.06981658935547
897	898	en	kin	challenge_SSA-MTE	hyp1	News	NaN	23.391586303710938
898	899	en	kin	challenge_SSA-MTE	hyp1	News	NaN	30.84436798095703
899	900	en	kin	challenge_SSA-MTE	hyp1	News	NaN	26.904748916625977
900	901	en	kin	challenge_SSA-MTE	hyp1	News	NaN	35.24168395996094
901	902	en	kin	challenge_SSA-MTE	hyp1	News	NaN	26.328388214111328
902	903	en	kin	challenge_SSA-MTE	hyp1	News	NaN	29.53229522705078
903	904	en	kin	challenge_SSA-MTE	hyp1	News	NaN	26.69859504699707
904	905	en	kin	challenge_SSA-MTE	hyp1	News	NaN	30.456340789794922
905	906	en	kin	challenge_SSA-MTE	hyp1	News	NaN	28.548612594604492
906	907	en	kin	challenge_SSA-MTE	hyp1	News	NaN	32.80799102783203
907	908	en	kin	challenge_SSA-MTE	hyp1	News	NaN	30.80303192138672
908	909	en	kin	challenge_SSA-MTE	hyp1	News	NaN	34.11646270751953
909	910	en	kin	challenge_SSA-MTE	hyp1	News	NaN	32.2426872253418
910	911	en	kin	challenge_SSA-MTE	hyp1	News	NaN	17.60183334350586
911	912	en	kin	challenge_SSA-MTE	hyp1	News	NaN	27.97214126586914
912	913	en	kin	challenge_SSA-MTE	hyp1	News	NaN	38.94805145263672
913	914	en	kin	challenge_SSA-MTE	hyp1	News	NaN	35.84162902832031
914	915	en	kin	challenge_SSA-MTE	hyp1	News	NaN	32.41856002807617
915	916	en	kin	challenge_SSA-MTE	hyp1	News	NaN	26.14495086669922
916	917	en	kin	challenge_SSA-MTE	hyp1	News	NaN	32.97361755371094
917	918	en	kin	challenge_SSA-MTE	hyp1	News	NaN	38.54064178466797
918	919	en	kin	challenge_SSA-MTE	hyp1	News	NaN	31.901836395263672
919	920	en	kin	challenge_SSA-MTE	hyp1	News	NaN	36.58470153808594
920	921	en	kin	challenge_SSA-MTE	hyp1	News	NaN	23.367046356201172
921	922	en	kin	challenge_SSA-MTE	hyp1	News	NaN	29.766138076782227
922	923	en	kin	challenge_SSA-MTE	hyp1	News	NaN	33.78688049316406
923	924	en	kin	challenge_SSA-MTE	hyp1	News	NaN	8.26949691772461
924	925	en	kin	challenge_SSA-MTE	hyp1	News	NaN	34.89862823486328
925	926	en	kin	challenge_SSA-MTE	hyp1	News	NaN	36.268733978271484
926	927	en	kin	challenge_SSA-MTE	hyp1	News	NaN	26.727022171020508
927	928	en	kin	challenge_SSA-MTE	hyp1	News	NaN	45.31275177001953
928	929	en	kin	challenge_SSA-MTE	hyp1	News	NaN	24.346569061279297
929	930	en	kin	challenge_SSA-MTE	hyp1	News	NaN	38.39563751220703
930	931	en	kin	challenge_SSA-MTE	hyp1	News	NaN	30.604591369628906
931	932	en	kin	challenge_SSA-MTE	hyp1	News	NaN	19.070600509643555
932	933	en	kin	challenge_SSA-MTE	hyp1	News	NaN	20.750946044921875
933	934	en	kin	challenge_SSA-MTE	hyp1	News	NaN	16.314075469970703
934	935	en	kin	challenge_SSA-MTE	hyp1	News	NaN	15.812925338745117
935	936	en	kin	challenge_SSA-MTE	hyp1	News	NaN	27.14935302734375
936	937	en	kin	challenge_SSA-MTE	hyp1	News	NaN	16.06937599182129
937	938	en	kin	challenge_SSA-MTE	hyp1	News	NaN	15.51644515991211
938	939	en	kin	challenge_SSA-MTE	hyp1	News	NaN	15.419742584228516
939	940	en	kin	challenge_SSA-MTE	hyp1	News	NaN	24.637781143188477
940	941	en	kin	challenge_SSA-MTE	hyp1	News	NaN	15.672348976135254
941	942	en	kin	challenge_SSA-MTE	hyp1	News	NaN	13.09807014465332
942	943	en	kin	challenge_SSA-MTE	hyp1	News	NaN	42.69782257080078
943	944	en	kin	challenge_SSA-MTE	hyp1	News	NaN	29.10477066040039
944	945	en	kin	challenge_SSA-MTE	hyp1	News	NaN	36.49022674560547
945	946	en	kin	challenge_SSA-MTE	hyp1	News	NaN	36.77067184448242
946	947	en	kin	challenge_SSA-MTE	hyp1	News	NaN	32.07188415527344
947	948	en	kin	challenge_SSA-MTE	hyp1	News	NaN	34.02090072631836
948	949	en	kin	challenge_SSA-MTE	hyp1	News	NaN	33.13444519042969
949	950	en	kin	challenge_SSA-MTE	hyp1	News	NaN	26.14388656616211
950	951	en	kin	challenge_SSA-MTE	hyp1	News	NaN	31.49057388305664
951	952	en	kin	challenge_SSA-MTE	hyp1	News	NaN	27.817445755004883
952	953	en	kin	challenge_SSA-MTE	hyp1	News	NaN	29.6943359375
953	954	en	kin	challenge_SSA-MTE	hyp1	News	NaN	23.878753662109375
954	955	en	kin	challenge_SSA-MTE	hyp1	News	NaN	23.936267852783203
955	956	en	kin	challenge_SSA-MTE	hyp1	News	NaN	19.520042419433594
956	957	en	kin	challenge_SSA-MTE	hyp1	News	NaN	22.365087509155273
957	958	en	kin	challenge_SSA-MTE	hyp1	News	NaN	4.4364094734191895
958	959	en	kin	challenge_SSA-MTE	hyp1	News	NaN	29.23863983154297
959	960	en	kin	challenge_SSA-MTE	hyp1	News	NaN	36.20301055908203
960	961	en	kin	challenge_SSA-MTE	hyp1	News	NaN	31.792865753173828
961	962	en	kin	challenge_SSA-MTE	hyp1	News	NaN	39.641319274902344
962	963	en	kin	challenge_SSA-MTE	hyp1	News	NaN	25.51482391357422
963	964	en	kin	challenge_SSA-MTE	hyp1	News	NaN	28.359054565429688
964	965	en	kin	challenge_SSA-MTE	hyp1	News	NaN	11.059154510498047
965	966	en	kin	challenge_SSA-MTE	hyp1	News	NaN	27.275226593017578
966	967	en	kin	challenge_SSA-MTE	hyp1	News	NaN	29.100793838500977
967	968	en	kin	challenge_SSA-MTE	hyp1	News	NaN	18.901531219482422
968	969	en	kin	challenge_SSA-MTE	hyp1	News	NaN	32.624752044677734
969	970	en	kin	challenge_SSA-MTE	hyp1	News	NaN	26.667404174804688
970	971	en	kin	challenge_SSA-MTE	hyp1	News	NaN	32.85629653930664
971	972	en	kin	challenge_SSA-MTE	hyp1	News	NaN	31.89076042175293
972	973	en	kin	challenge_SSA-MTE	hyp1	News	NaN	45.588802337646484
973	974	en	kin	challenge_SSA-MTE	hyp1	News	NaN	39.039764404296875
974	975	en	kin	challenge_SSA-MTE	hyp1	News	NaN	33.32536315917969
975	976	en	kin	challenge_SSA-MTE	hyp1	News	NaN	30.996028900146484
976	977	en	kin	challenge_SSA-MTE	hyp1	News	NaN	38.91658401489258
977	978	en	kin	challenge_SSA-MTE	hyp1	News	NaN	19.21411895751953
978	979	en	kin	challenge_SSA-MTE	hyp1	News	NaN	18.198171615600586
979	980	en	kin	challenge_SSA-MTE	hyp1	News	NaN	25.538711547851562
980	981	en	kin	challenge_SSA-MTE	hyp1	News	NaN	20.02831268310547
981	982	en	kin	challenge_SSA-MTE	hyp1	News	NaN	22.673553466796875
982	983	en	kin	challenge_SSA-MTE	hyp1	News	NaN	25.732433319091797
983	984	en	kin	challenge_SSA-MTE	hyp1	News	NaN	37.233421325683594
984	985	en	kin	challenge_SSA-MTE	hyp1	News	NaN	28.505186080932617
985	986	en	kin	challenge_SSA-MTE	hyp1	News	NaN	22.401762008666992
986	987	en	kin	challenge_SSA-MTE	hyp1	News	NaN	43.61944580078125
987	988	en	kin	challenge_SSA-MTE	hyp1	News	NaN	28.96795082092285
988	989	en	kin	challenge_SSA-MTE	hyp1	News	NaN	36.988624572753906
989	990	en	kin	challenge_SSA-MTE	hyp1	News	NaN	28.467002868652344
990	991	en	kin	challenge_SSA-MTE	hyp1	News	NaN	30.208938598632812
991	992	en	kin	challenge_SSA-MTE	hyp1	News	NaN	26.337955474853516
992	993	en	kin	challenge_SSA-MTE	hyp1	News	NaN	10.783920288085938
993	994	en	kin	challenge_SSA-MTE	hyp1	News	NaN	20.35030746459961
994	995	en	kin	challenge_SSA-MTE	hyp1	News	NaN	30.87339973449707
995	996	en	kin	challenge_SSA-MTE	hyp1	News	NaN	10.961869239807129
996	997	en	kin	challenge_SSA-MTE	hyp1	News	NaN	17.89537239074707
997	998	en	kin	challenge_SSA-MTE	hyp1	News	NaN	17.681320190429688
998	999	en	kin	challenge_SSA-MTE	hyp1	News	NaN	22.417957305908203
999	1000	en	kin	challenge_SSA-MTE	hyp1	News	NaN	27.47368621826172
1000	1001	en	kin	challenge_SSA-MTE	hyp1	News	NaN	25.598995208740234
1001	1002	en	kin	challenge_SSA-MTE	hyp1	News	NaN	26.523117065429688
1002	1003	en	kin	challenge_SSA-MTE	hyp1	News	NaN	27.463220596313477
1003	1004	en	kin	challenge_SSA-MTE	hyp1	News	NaN	26.491491317749023
1004	1005	en	kin	challenge_SSA-MTE	hyp1	News	NaN	30.945831298828125
1005	1006	en	kin	challenge_SSA-MTE	hyp1	News	NaN	24.113872528076172
1006	1007	en	kin	challenge_SSA-MTE	hyp1	News	NaN	35.443992614746094
1007	1008	en	kin	challenge_SSA-MTE	hyp1	News	NaN	42.8515510559082
1008	1009	en	kin	challenge_SSA-MTE	hyp1	News	NaN	32.03286361694336
1009	1010	en	kin	challenge_SSA-MTE	hyp1	News	NaN	29.152236938476562
1010	1011	en	kin	challenge_SSA-MTE	hyp1	News	NaN	8.576434135437012
1011	1012	en	kin	challenge_SSA-MTE	hyp1	News	NaN	30.114456176757812
1012	1013	en	kin	challenge_SSA-MTE	hyp1	News	NaN	5.820130348205566
1013	1014	en	kin	challenge_SSA-MTE	hyp1	News	NaN	27.244029998779297
1014	1015	en	kin	challenge_SSA-MTE	hyp1	News	NaN	28.638572692871094
1015	1016	en	kin	challenge_SSA-MTE	hyp1	News	NaN	30.519023895263672
1016	1017	en	kin	challenge_SSA-MTE	hyp1	News	NaN	30.397661209106445
1017	1018	en	kin	challenge_SSA-MTE	hyp1	News	NaN	24.477340698242188
1018	1019	en	kin	challenge_SSA-MTE	hyp1	News	NaN	31.76141357421875
1019	1020	en	kin	challenge_SSA-MTE	hyp1	News	NaN	30.277013778686523
1020	1021	en	kin	challenge_SSA-MTE	hyp1	News	NaN	29.007301330566406
1021	1022	en	kin	challenge_SSA-MTE	hyp1	News	NaN	25.07358741760254
1022	1023	en	kin	challenge_SSA-MTE	hyp1	News	NaN	23.20623016357422
1023	1024	en	kin	challenge_SSA-MTE	hyp1	News	NaN	25.77284049987793
1024	1025	en	kin	challenge_SSA-MTE	hyp1	News	NaN	23.949066162109375
1025	1026	en	kin	challenge_SSA-MTE	hyp1	News	NaN	22.604129791259766
1026	1027	en	kin	challenge_SSA-MTE	hyp1	News	NaN	32.85844039916992
1027	1028	en	kin	challenge_SSA-MTE	hyp1	News	NaN	35.83172607421875
1028	1029	en	kin	challenge_SSA-MTE	hyp1	News	NaN	33.215065002441406
1029	1030	en	kin	challenge_SSA-MTE	hyp1	News	NaN	21.184066772460938
1030	1031	en	kin	challenge_SSA-MTE	hyp1	News	NaN	56.255332946777344
1031	1032	en	kin	challenge_SSA-MTE	hyp1	News	NaN	24.95856285095215
1032	1033	en	kin	challenge_SSA-MTE	hyp1	News	NaN	34.362979888916016
1033	1034	en	kin	challenge_SSA-MTE	hyp1	News	NaN	22.08486557006836
1034	1035	en	kin	challenge_SSA-MTE	hyp1	News	NaN	35.582950592041016
1035	1036	en	kin	challenge_SSA-MTE	hyp1	News	NaN	33.66141891479492
1036	1037	en	kin	challenge_SSA-MTE	hyp1	News	NaN	38.685302734375
1037	1038	en	kin	challenge_SSA-MTE	hyp1	News	NaN	31.223817825317383
1038	1039	en	kin	challenge_SSA-MTE	hyp1	News	NaN	36.59385299682617
1039	1040	en	kin	challenge_SSA-MTE	hyp1	News	NaN	24.299793243408203
1040	1041	en	kin	challenge_SSA-MTE	hyp1	News	NaN	37.478858947753906
1041	1042	en	kin	challenge_SSA-MTE	hyp1	News	NaN	33.93083572387695
1042	1043	en	kin	challenge_SSA-MTE	hyp1	News	NaN	40.607139587402344
1043	1044	en	kin	challenge_SSA-MTE	hyp1	News	NaN	30.365432739257812
1044	1045	en	kin	challenge_SSA-MTE	hyp1	News	NaN	30.30933380126953
1045	1046	en	kin	challenge_SSA-MTE	hyp1	News	NaN	18.82693099975586
1046	1047	en	kin	challenge_SSA-MTE	hyp1	News	NaN	47.30567932128906
1047	1048	en	kin	challenge_SSA-MTE	hyp1	News	NaN	43.01312255859375
1048	1049	en	kin	challenge_SSA-MTE	hyp1	News	NaN	37.48602294921875
1049	1050	en	kin	challenge_SSA-MTE	hyp1	News	NaN	45.662200927734375
1050	1051	en	kin	challenge_SSA-MTE	hyp1	News	NaN	36.62236785888672
1051	1052	en	kin	challenge_SSA-MTE	hyp1	News	NaN	33.813018798828125
1052	1053	en	kin	challenge_SSA-MTE	hyp1	News	NaN	30.870742797851562
1053	1054	en	kin	challenge_SSA-MTE	hyp1	News	NaN	32.908023834228516
1054	1055	en	kin	challenge_SSA-MTE	hyp1	News	NaN	18.667768478393555
1055	1056	en	kin	challenge_SSA-MTE	hyp1	News	NaN	31.615188598632812
1056	1057	en	kin	challenge_SSA-MTE	hyp1	News	NaN	34.23862838745117
1057	1058	en	kin	challenge_SSA-MTE	hyp1	News	NaN	24.93721580505371
1058	1059	en	kin	challenge_SSA-MTE	hyp1	News	NaN	27.59387969970703
1059	1060	en	kin	challenge_SSA-MTE	hyp1	News	NaN	44.871925354003906
1060	1061	en	kin	challenge_SSA-MTE	hyp1	News	NaN	31.59758949279785
1061	1062	en	kin	challenge_SSA-MTE	hyp1	News	NaN	39.80081558227539
1062	1063	en	kin	challenge_SSA-MTE	hyp1	News	NaN	42.7105712890625
1063	1064	en	kin	challenge_SSA-MTE	hyp1	News	NaN	29.926652908325195
1064	1065	en	kin	challenge_SSA-MTE	hyp1	News	NaN	32.576934814453125
1065	1066	en	kin	challenge_SSA-MTE	hyp1	News	NaN	32.96611022949219
1066	1067	en	kin	challenge_SSA-MTE	hyp1	News	NaN	30.31887435913086
1067	1068	en	kin	challenge_SSA-MTE	hyp1	News	NaN	31.36571502685547
1068	1069	en	kin	challenge_SSA-MTE	hyp1	News	NaN	34.23904037475586
1069	1070	en	kin	challenge_SSA-MTE	hyp1	News	NaN	29.427295684814453
1070	1071	en	kin	challenge_SSA-MTE	hyp1	News	NaN	17.089557647705078
1071	1072	en	kin	challenge_SSA-MTE	hyp1	News	NaN	19.834583282470703
1072	1073	en	kin	challenge_SSA-MTE	hyp1	News	NaN	20.548871994018555
1073	1074	en	kin	challenge_SSA-MTE	hyp1	News	NaN	22.996158599853516
1074	1075	en	kin	challenge_SSA-MTE	hyp1	News	NaN	26.9638671875
1075	1076	en	kin	challenge_SSA-MTE	hyp1	News	NaN	16.583240509033203
1076	1077	en	kin	challenge_SSA-MTE	hyp1	News	NaN	12.323081970214844
1077	1078	en	kin	challenge_SSA-MTE	hyp1	News	NaN	10.042133331298828
1078	1079	en	kin	challenge_SSA-MTE	hyp1	News	NaN	29.095458984375
1079	1080	en	kin	challenge_SSA-MTE	hyp1	News	NaN	27.137271881103516
1080	1081	en	kin	challenge_SSA-MTE	hyp1	News	NaN	26.033348083496094
1081	1082	en	kin	challenge_SSA-MTE	hyp1	News	NaN	6.17892599105835
1082	1083	en	kin	challenge_SSA-MTE	hyp1	News	NaN	21.600868225097656
1083	1084	en	kin	challenge_SSA-MTE	hyp1	News	NaN	27.229068756103516
1084	1085	en	kin	challenge_SSA-MTE	hyp1	News	NaN	22.05088233947754
1085	1086	en	kin	challenge_SSA-MTE	hyp1	News	NaN	26.58238410949707
1086	1087	en	kin	challenge_SSA-MTE	hyp1	News	NaN	21.837020874023438
1087	1088	en	kin	challenge_SSA-MTE	hyp1	News	NaN	36.996971130371094
1088	1089	en	kin	challenge_SSA-MTE	hyp1	News	NaN	32.05228042602539
1089	1090	en	kin	challenge_SSA-MTE	hyp1	News	NaN	33.1134033203125
1090	1091	en	kin	challenge_SSA-MTE	hyp1	News	NaN	10.93826675415039
1091	1092	en	kin	challenge_SSA-MTE	hyp1	News	NaN	35.78163146972656
1092	1093	en	kin	challenge_SSA-MTE	hyp1	News	NaN	36.15522003173828
1093	1094	en	kin	challenge_SSA-MTE	hyp1	News	NaN	39.40913391113281
1094	1095	en	kin	challenge_SSA-MTE	hyp1	News	NaN	41.285667419433594
1095	1096	en	kin	challenge_SSA-MTE	hyp1	News	NaN	35.521026611328125
1096	1097	en	kin	challenge_SSA-MTE	hyp1	News	NaN	39.24415969848633
1097	1098	en	kin	challenge_SSA-MTE	hyp1	News	NaN	43.54203414916992
1098	1099	en	kin	challenge_SSA-MTE	hyp1	News	NaN	41.338645935058594
1099	1100	en	kin	challenge_SSA-MTE	hyp1	News	NaN	16.36428451538086
1100	1101	en	kin	challenge_SSA-MTE	hyp1	News	NaN	33.16462707519531
1101	1102	en	kin	challenge_SSA-MTE	hyp1	News	NaN	17.882366180419922
1102	1103	en	kin	challenge_SSA-MTE	hyp1	News	NaN	36.503353118896484
1103	1104	en	kin	challenge_SSA-MTE	hyp1	News	NaN	22.955520629882812
1104	1105	en	kin	challenge_SSA-MTE	hyp1	News	NaN	27.125247955322266
1105	1106	en	kin	challenge_SSA-MTE	hyp1	News	NaN	5.332838535308838
1106	1107	en	kin	challenge_SSA-MTE	hyp1	News	NaN	37.1637077331543
1107	1108	en	kin	challenge_SSA-MTE	hyp1	News	NaN	16.34182357788086
1108	1109	en	kin	challenge_SSA-MTE	hyp1	News	NaN	15.042522430419922
1109	1110	en	kin	challenge_SSA-MTE	hyp1	News	NaN	8.621620178222656
1110	1111	en	kin	challenge_SSA-MTE	hyp1	News	NaN	45.358558654785156
1111	1112	en	kin	challenge_SSA-MTE	hyp1	News	NaN	46.42211151123047
1112	1113	en	kin	challenge_SSA-MTE	hyp1	News	NaN	41.34886169433594
1113	1114	en	kin	challenge_SSA-MTE	hyp1	News	NaN	39.196014404296875
1114	1115	en	kin	challenge_SSA-MTE	hyp1	News	NaN	36.9016227722168
1115	1116	en	kin	challenge_SSA-MTE	hyp1	News	NaN	40.582393646240234
1116	1117	en	kin	challenge_SSA-MTE	hyp1	News	NaN	38.77314376831055
1117	1118	en	kin	challenge_SSA-MTE	hyp1	News	NaN	28.08180046081543
1118	1119	en	kin	challenge_SSA-MTE	hyp1	News	NaN	26.579784393310547
1119	1120	en	kin	challenge_SSA-MTE	hyp1	News	NaN	27.22732925415039
1120	1121	en	kin	challenge_SSA-MTE	hyp1	News	NaN	21.754058837890625
1121	1122	en	kin	challenge_SSA-MTE	hyp1	News	NaN	26.48801612854004
1122	1123	en	kin	challenge_SSA-MTE	hyp1	News	NaN	20.068828582763672
1123	1124	en	kin	challenge_SSA-MTE	hyp1	News	NaN	21.24094009399414
1124	1125	en	kin	challenge_SSA-MTE	hyp1	News	NaN	6.688040256500244
1125	1126	en	kin	challenge_SSA-MTE	hyp1	News	NaN	3.339675188064575
1126	1127	en	kin	challenge_SSA-MTE	hyp1	News	NaN	35.04633712768555
1127	1128	en	kin	challenge_SSA-MTE	hyp1	News	NaN	12.285727500915527
1128	1129	en	kin	challenge_SSA-MTE	hyp1	News	NaN	29.686620712280273
1129	1130	en	kin	challenge_SSA-MTE	hyp1	News	NaN	28.831867218017578
1130	1131	en	kin	challenge_SSA-MTE	hyp1	News	NaN	8.41361141204834
1131	1132	en	kin	challenge_SSA-MTE	hyp1	News	NaN	19.96729850769043
1132	1133	en	kin	challenge_SSA-MTE	hyp1	News	NaN	22.439239501953125
1133	1134	en	kin	challenge_SSA-MTE	hyp1	News	NaN	37.33890914916992
1134	1135	en	kin	challenge_SSA-MTE	hyp1	News	NaN	37.81650924682617
1135	1136	en	kin	challenge_SSA-MTE	hyp1	News	NaN	41.38976287841797
1136	1137	en	kin	challenge_SSA-MTE	hyp1	News	NaN	35.89630889892578
1137	1138	en	kin	challenge_SSA-MTE	hyp1	News	NaN	27.451311111450195
1138	1139	en	kin	challenge_SSA-MTE	hyp1	News	NaN	39.385284423828125
1139	1140	en	kin	challenge_SSA-MTE	hyp1	News	NaN	31.899160385131836
1140	1141	en	kin	challenge_SSA-MTE	hyp1	News	NaN	8.678884506225586
1141	1142	en	kin	challenge_SSA-MTE	hyp1	News	NaN	43.204017639160156
1142	1143	en	kin	challenge_SSA-MTE	hyp1	News	NaN	13.174041748046875
1143	1144	en	kin	challenge_SSA-MTE	hyp1	News	NaN	8.232662200927734
1144	1145	en	kin	challenge_SSA-MTE	hyp1	News	NaN	5.598746299743652
1145	1146	en	kin	challenge_SSA-MTE	hyp1	News	NaN	40.879058837890625
1146	1147	en	kin	challenge_SSA-MTE	hyp1	News	NaN	9.413909912109375
1147	1148	en	kin	challenge_SSA-MTE	hyp1	News	NaN	32.98805618286133
1148	1149	en	kin	challenge_SSA-MTE	hyp1	News	NaN	23.80910873413086
1149	1150	en	kin	challenge_SSA-MTE	hyp1	News	NaN	27.8964900970459
1150	1151	en	kin	challenge_SSA-MTE	hyp1	News	NaN	42.69929504394531
1151	1152	en	kin	challenge_SSA-MTE	hyp1	News	NaN	27.586008071899414
1152	1153	en	kin	challenge_SSA-MTE	hyp1	News	NaN	30.03093910217285
1153	1154	en	kin	challenge_SSA-MTE	hyp1	News	NaN	33.245582580566406
1154	1155	en	kin	challenge_SSA-MTE	hyp1	News	NaN	28.214963912963867
1155	1156	en	kin	challenge_SSA-MTE	hyp1	News	NaN	28.339353561401367
1156	1157	en	kin	challenge_SSA-MTE	hyp1	News	NaN	34.218658447265625
1157	1158	en	kin	challenge_SSA-MTE	hyp1	News	NaN	29.12004280090332
1158	1159	en	kin	challenge_SSA-MTE	hyp1	News	NaN	21.48163604736328
1159	1160	en	kin	challenge_SSA-MTE	hyp1	News	NaN	27.219768524169922
1160	1161	en	kin	challenge_SSA-MTE	hyp1	News	NaN	29.193214416503906
1161	1162	en	kin	challenge_SSA-MTE	hyp1	News	NaN	32.06090545654297
1162	1163	en	kin	challenge_SSA-MTE	hyp1	News	NaN	33.106204986572266
1163	1164	en	kin	challenge_SSA-MTE	hyp1	News	NaN	29.91208267211914
1164	1165	en	kin	challenge_SSA-MTE	hyp1	News	NaN	29.010540008544922
1165	1166	en	kin	challenge_SSA-MTE	hyp1	News	NaN	31.507671356201172
1166	1167	en	kin	challenge_SSA-MTE	hyp1	News	NaN	31.957059860229492
1167	1168	en	kin	challenge_SSA-MTE	hyp1	News	NaN	22.485925674438477
1168	1169	en	kin	challenge_SSA-MTE	hyp1	News	NaN	28.81537628173828
1169	1170	en	kin	challenge_SSA-MTE	hyp1	News	NaN	26.108766555786133
1170	1171	en	kin	challenge_SSA-MTE	hyp1	News	NaN	39.3828125
1171	1172	en	kin	challenge_SSA-MTE	hyp1	News	NaN	38.512420654296875
1172	1173	en	kin	challenge_SSA-MTE	hyp1	News	NaN	13.74874496459961
1173	1174	en	kin	challenge_SSA-MTE	hyp1	News	NaN	43.38340377807617
1174	1175	en	kin	challenge_SSA-MTE	hyp1	News	NaN	37.75701141357422
1175	1176	en	kin	challenge_SSA-MTE	hyp1	News	NaN	36.39468765258789
1176	1177	en	kin	challenge_SSA-MTE	hyp1	News	NaN	31.426759719848633
1177	1178	en	kin	challenge_SSA-MTE	hyp1	News	NaN	19.25701904296875
1178	1179	en	kin	challenge_SSA-MTE	hyp1	News	NaN	13.774054527282715
1179	1180	en	kin	challenge_SSA-MTE	hyp1	News	NaN	22.028308868408203
1180	1181	en	kin	challenge_SSA-MTE	hyp1	News	NaN	12.501398086547852
1181	1182	en	kin	challenge_SSA-MTE	hyp1	News	NaN	25.42219352722168
1182	1183	en	kin	challenge_SSA-MTE	hyp1	News	NaN	27.17228889465332
1183	1184	en	kin	challenge_SSA-MTE	hyp1	News	NaN	33.11676788330078
1184	1185	en	kin	challenge_SSA-MTE	hyp1	News	NaN	23.592960357666016
1185	1186	en	kin	challenge_SSA-MTE	hyp1	News	NaN	33.87333679199219
1186	1187	en	kin	challenge_SSA-MTE	hyp1	News	NaN	35.548095703125
1187	1188	en	kin	challenge_SSA-MTE	hyp1	News	NaN	20.77259635925293
1188	1189	en	kin	challenge_SSA-MTE	hyp1	News	NaN	24.588647842407227
1189	1190	en	kin	challenge_SSA-MTE	hyp1	News	NaN	23.867454528808594
1190	1191	en	kin	challenge_SSA-MTE	hyp1	News	NaN	21.151519775390625
1191	1192	en	kin	challenge_SSA-MTE	hyp1	News	NaN	22.203609466552734
1192	1193	en	kin	challenge_SSA-MTE	hyp1	News	NaN	29.944175720214844
1193	1194	en	kin	challenge_SSA-MTE	hyp1	News	NaN	30.028175354003906
1194	1195	en	kin	challenge_SSA-MTE	hyp1	News	NaN	30.266935348510742
1195	1196	en	kin	challenge_SSA-MTE	hyp1	News	NaN	9.985257148742676
1196	1197	en	kin	challenge_SSA-MTE	hyp1	News	NaN	32.445960998535156
1197	1198	en	kin	challenge_SSA-MTE	hyp1	News	NaN	33.76900100708008
1198	1199	en	kin	challenge_SSA-MTE	hyp1	News	NaN	29.932899475097656
1199	1200	en	kin	challenge_SSA-MTE	hyp1	News	NaN	21.783588409423828
1200	1201	en	kin	challenge_SSA-MTE	hyp1	News	NaN	31.40491485595703
1201	1202	en	kin	challenge_SSA-MTE	hyp1	News	NaN	27.54953384399414
1202	1203	en	kin	challenge_SSA-MTE	hyp1	News	NaN	32.1453742980957
1203	1204	en	kin	challenge_SSA-MTE	hyp1	News	NaN	33.360843658447266
1204	1205	en	kin	challenge_SSA-MTE	hyp1	News	NaN	26.23843765258789
1205	1206	en	kin	challenge_SSA-MTE	hyp1	News	NaN	41.975303649902344
1206	1207	en	kin	challenge_SSA-MTE	hyp1	News	NaN	36.70287322998047
1207	1208	en	kin	challenge_SSA-MTE	hyp1	News	NaN	33.71327209472656
1208	1209	en	kin	challenge_SSA-MTE	hyp1	News	NaN	34.642696380615234
1209	1210	en	kin	challenge_SSA-MTE	hyp1	News	NaN	42.31385040283203
0	1	en	luo	challenge_SSA-MTE	hyp1	News	NaN	12.441157341003418
1	2	en	luo	challenge_SSA-MTE	hyp1	News	NaN	21.277759552001953
2	3	en	luo	challenge_SSA-MTE	hyp1	News	NaN	39.96160888671875
3	4	en	luo	challenge_SSA-MTE	hyp1	News	NaN	12.771724700927734
4	5	en	luo	challenge_SSA-MTE	hyp1	News	NaN	28.149118423461914
5	6	en	luo	challenge_SSA-MTE	hyp1	News	NaN	32.5072135925293
6	7	en	luo	challenge_SSA-MTE	hyp1	News	NaN	22.091930389404297
7	8	en	luo	challenge_SSA-MTE	hyp1	News	NaN	31.98079490661621
8	9	en	luo	challenge_SSA-MTE	hyp1	News	NaN	47.53907012939453
9	10	en	luo	challenge_SSA-MTE	hyp1	News	NaN	40.16284942626953
10	11	en	luo	challenge_SSA-MTE	hyp1	News	NaN	36.7178840637207
11	12	en	luo	challenge_SSA-MTE	hyp1	News	NaN	22.647260665893555
12	13	en	luo	challenge_SSA-MTE	hyp1	News	NaN	30.75595474243164
13	14	en	luo	challenge_SSA-MTE	hyp1	News	NaN	23.086843490600586
14	15	en	luo	challenge_SSA-MTE	hyp1	News	NaN	31.255388259887695
15	16	en	luo	challenge_SSA-MTE	hyp1	News	NaN	30.11707305908203
16	17	en	luo	challenge_SSA-MTE	hyp1	News	NaN	56.47465515136719
17	18	en	luo	challenge_SSA-MTE	hyp1	News	NaN	36.29327392578125
18	19	en	luo	challenge_SSA-MTE	hyp1	News	NaN	66.34554290771484
19	20	en	luo	challenge_SSA-MTE	hyp1	News	NaN	48.49155807495117
20	21	en	luo	challenge_SSA-MTE	hyp1	News	NaN	21.98931884765625
21	22	en	luo	challenge_SSA-MTE	hyp1	News	NaN	27.775665283203125
22	23	en	luo	challenge_SSA-MTE	hyp1	News	NaN	23.348400115966797
23	24	en	luo	challenge_SSA-MTE	hyp1	News	NaN	47.464080810546875
24	25	en	luo	challenge_SSA-MTE	hyp1	News	NaN	43.69810485839844
25	26	en	luo	challenge_SSA-MTE	hyp1	News	NaN	30.23229217529297
26	27	en	luo	challenge_SSA-MTE	hyp1	News	NaN	48.719482421875
27	28	en	luo	challenge_SSA-MTE	hyp1	News	NaN	20.694149017333984
28	29	en	luo	challenge_SSA-MTE	hyp1	News	NaN	46.87416076660156
29	30	en	luo	challenge_SSA-MTE	hyp1	News	NaN	64.52078247070312
30	31	en	luo	challenge_SSA-MTE	hyp1	News	NaN	53.92772674560547
31	32	en	luo	challenge_SSA-MTE	hyp1	News	NaN	43.44535827636719
32	33	en	luo	challenge_SSA-MTE	hyp1	News	NaN	51.76451110839844
33	34	en	luo	challenge_SSA-MTE	hyp1	News	NaN	24.100372314453125
34	35	en	luo	challenge_SSA-MTE	hyp1	News	NaN	33.0048828125
35	36	en	luo	challenge_SSA-MTE	hyp1	News	NaN	36.17882537841797
36	37	en	luo	challenge_SSA-MTE	hyp1	News	NaN	25.595951080322266
37	38	en	luo	challenge_SSA-MTE	hyp1	News	NaN	32.46876525878906
38	39	en	luo	challenge_SSA-MTE	hyp1	News	NaN	25.26152229309082
39	40	en	luo	challenge_SSA-MTE	hyp1	News	NaN	34.76201629638672
40	41	en	luo	challenge_SSA-MTE	hyp1	News	NaN	50.5003776550293
41	42	en	luo	challenge_SSA-MTE	hyp1	News	NaN	36.198516845703125
42	43	en	luo	challenge_SSA-MTE	hyp1	News	NaN	47.714698791503906
43	44	en	luo	challenge_SSA-MTE	hyp1	News	NaN	35.449432373046875
44	45	en	luo	challenge_SSA-MTE	hyp1	News	NaN	9.573492050170898
45	46	en	luo	challenge_SSA-MTE	hyp1	News	NaN	41.75593566894531
46	47	en	luo	challenge_SSA-MTE	hyp1	News	NaN	37.1563720703125
47	48	en	luo	challenge_SSA-MTE	hyp1	News	NaN	34.5299072265625
48	49	en	luo	challenge_SSA-MTE	hyp1	News	NaN	25.870628356933594
49	50	en	luo	challenge_SSA-MTE	hyp1	News	NaN	25.791181564331055
50	51	en	luo	challenge_SSA-MTE	hyp1	News	NaN	25.345590591430664
51	52	en	luo	challenge_SSA-MTE	hyp1	News	NaN	25.823711395263672
52	53	en	luo	challenge_SSA-MTE	hyp1	News	NaN	34.69010925292969
53	54	en	luo	challenge_SSA-MTE	hyp1	News	NaN	21.335060119628906
54	55	en	luo	challenge_SSA-MTE	hyp1	News	NaN	13.67512321472168
55	56	en	luo	challenge_SSA-MTE	hyp1	News	NaN	31.52889633178711
56	57	en	luo	challenge_SSA-MTE	hyp1	News	NaN	26.078628540039062
57	58	en	luo	challenge_SSA-MTE	hyp1	News	NaN	9.965774536132812
58	59	en	luo	challenge_SSA-MTE	hyp1	News	NaN	37.44575500488281
59	60	en	luo	challenge_SSA-MTE	hyp1	News	NaN	33.441749572753906
60	61	en	luo	challenge_SSA-MTE	hyp1	News	NaN	55.84971237182617
61	62	en	luo	challenge_SSA-MTE	hyp1	News	NaN	40.52695846557617
62	63	en	luo	challenge_SSA-MTE	hyp1	News	NaN	57.359840393066406
63	64	en	luo	challenge_SSA-MTE	hyp1	News	NaN	38.54084777832031
64	65	en	luo	challenge_SSA-MTE	hyp1	News	NaN	26.477466583251953
65	66	en	luo	challenge_SSA-MTE	hyp1	News	NaN	22.195877075195312
66	67	en	luo	challenge_SSA-MTE	hyp1	News	NaN	31.18926429748535
67	68	en	luo	challenge_SSA-MTE	hyp1	News	NaN	25.650341033935547
68	69	en	luo	challenge_SSA-MTE	hyp1	News	NaN	24.681785583496094
69	70	en	luo	challenge_SSA-MTE	hyp1	News	NaN	31.372093200683594
70	71	en	luo	challenge_SSA-MTE	hyp1	News	NaN	41.919471740722656
71	72	en	luo	challenge_SSA-MTE	hyp1	News	NaN	45.27992248535156
72	73	en	luo	challenge_SSA-MTE	hyp1	News	NaN	41.26153564453125
73	74	en	luo	challenge_SSA-MTE	hyp1	News	NaN	31.753751754760742
74	75	en	luo	challenge_SSA-MTE	hyp1	News	NaN	30.07646942138672
75	76	en	luo	challenge_SSA-MTE	hyp1	News	NaN	14.236222267150879
76	77	en	luo	challenge_SSA-MTE	hyp1	News	NaN	18.45276641845703
77	78	en	luo	challenge_SSA-MTE	hyp1	News	NaN	31.08792495727539
78	79	en	luo	challenge_SSA-MTE	hyp1	News	NaN	13.471014022827148
79	80	en	luo	challenge_SSA-MTE	hyp1	News	NaN	15.547018051147461
80	81	en	luo	challenge_SSA-MTE	hyp1	News	NaN	25.669702529907227
81	82	en	luo	challenge_SSA-MTE	hyp1	News	NaN	50.448204040527344
82	83	en	luo	challenge_SSA-MTE	hyp1	News	NaN	42.53466033935547
83	84	en	luo	challenge_SSA-MTE	hyp1	News	NaN	53.20130920410156
84	85	en	luo	challenge_SSA-MTE	hyp1	News	NaN	13.779932022094727
85	86	en	luo	challenge_SSA-MTE	hyp1	News	NaN	16.426406860351562
86	87	en	luo	challenge_SSA-MTE	hyp1	News	NaN	46.73863983154297
87	88	en	luo	challenge_SSA-MTE	hyp1	News	NaN	38.96509552001953
88	89	en	luo	challenge_SSA-MTE	hyp1	News	NaN	30.329322814941406
89	90	en	luo	challenge_SSA-MTE	hyp1	News	NaN	32.41704559326172
90	91	en	luo	challenge_SSA-MTE	hyp1	News	NaN	35.35630798339844
91	92	en	luo	challenge_SSA-MTE	hyp1	News	NaN	40.409236907958984
92	93	en	luo	challenge_SSA-MTE	hyp1	News	NaN	18.744873046875
93	94	en	luo	challenge_SSA-MTE	hyp1	News	NaN	30.402761459350586
94	95	en	luo	challenge_SSA-MTE	hyp1	News	NaN	18.15569305419922
95	96	en	luo	challenge_SSA-MTE	hyp1	News	NaN	29.034679412841797
96	97	en	luo	challenge_SSA-MTE	hyp1	News	NaN	30.57305908203125
97	98	en	luo	challenge_SSA-MTE	hyp1	News	NaN	10.357324600219727
98	99	en	luo	challenge_SSA-MTE	hyp1	News	NaN	44.18008804321289
99	100	en	luo	challenge_SSA-MTE	hyp1	News	NaN	23.182296752929688
100	101	en	luo	challenge_SSA-MTE	hyp1	News	NaN	33.284706115722656
101	102	en	luo	challenge_SSA-MTE	hyp1	News	NaN	28.00599479675293
102	103	en	luo	challenge_SSA-MTE	hyp1	News	NaN	44.086456298828125
103	104	en	luo	challenge_SSA-MTE	hyp1	News	NaN	29.433717727661133
104	105	en	luo	challenge_SSA-MTE	hyp1	News	NaN	47.85166549682617
105	106	en	luo	challenge_SSA-MTE	hyp1	News	NaN	37.142173767089844
106	107	en	luo	challenge_SSA-MTE	hyp1	News	NaN	12.561945915222168
107	108	en	luo	challenge_SSA-MTE	hyp1	News	NaN	29.444843292236328
108	109	en	luo	challenge_SSA-MTE	hyp1	News	NaN	20.8381404876709
109	110	en	luo	challenge_SSA-MTE	hyp1	News	NaN	40.40078353881836
110	111	en	luo	challenge_SSA-MTE	hyp1	News	NaN	18.16431427001953
111	112	en	luo	challenge_SSA-MTE	hyp1	News	NaN	21.81731414794922
112	113	en	luo	challenge_SSA-MTE	hyp1	News	NaN	21.213451385498047
113	114	en	luo	challenge_SSA-MTE	hyp1	News	NaN	29.349367141723633
114	115	en	luo	challenge_SSA-MTE	hyp1	News	NaN	21.065441131591797
115	116	en	luo	challenge_SSA-MTE	hyp1	News	NaN	22.17026710510254
116	117	en	luo	challenge_SSA-MTE	hyp1	News	NaN	23.688121795654297
117	118	en	luo	challenge_SSA-MTE	hyp1	News	NaN	45.171653747558594
118	119	en	luo	challenge_SSA-MTE	hyp1	News	NaN	20.61849021911621
119	120	en	luo	challenge_SSA-MTE	hyp1	News	NaN	38.60716247558594
120	121	en	luo	challenge_SSA-MTE	hyp1	News	NaN	16.649944305419922
121	122	en	luo	challenge_SSA-MTE	hyp1	News	NaN	24.350749969482422
122	123	en	luo	challenge_SSA-MTE	hyp1	News	NaN	35.75883483886719
123	124	en	luo	challenge_SSA-MTE	hyp1	News	NaN	34.769447326660156
124	125	en	luo	challenge_SSA-MTE	hyp1	News	NaN	52.06642532348633
125	126	en	luo	challenge_SSA-MTE	hyp1	News	NaN	41.825439453125
126	127	en	luo	challenge_SSA-MTE	hyp1	News	NaN	45.29613494873047
127	128	en	luo	challenge_SSA-MTE	hyp1	News	NaN	33.98799514770508
128	129	en	luo	challenge_SSA-MTE	hyp1	News	NaN	46.615325927734375
129	130	en	luo	challenge_SSA-MTE	hyp1	News	NaN	43.55717849731445
130	131	en	luo	challenge_SSA-MTE	hyp1	News	NaN	45.958580017089844
131	132	en	luo	challenge_SSA-MTE	hyp1	News	NaN	31.723308563232422
132	133	en	luo	challenge_SSA-MTE	hyp1	News	NaN	34.069068908691406
133	134	en	luo	challenge_SSA-MTE	hyp1	News	NaN	17.48358917236328
134	135	en	luo	challenge_SSA-MTE	hyp1	News	NaN	20.878080368041992
135	136	en	luo	challenge_SSA-MTE	hyp1	News	NaN	53.610816955566406
136	137	en	luo	challenge_SSA-MTE	hyp1	News	NaN	34.471107482910156
137	138	en	luo	challenge_SSA-MTE	hyp1	News	NaN	43.767005920410156
138	139	en	luo	challenge_SSA-MTE	hyp1	News	NaN	40.9793701171875
139	140	en	luo	challenge_SSA-MTE	hyp1	News	NaN	56.00286102294922
140	141	en	luo	challenge_SSA-MTE	hyp1	News	NaN	30.918785095214844
141	142	en	luo	challenge_SSA-MTE	hyp1	News	NaN	38.9311637878418
142	143	en	luo	challenge_SSA-MTE	hyp1	News	NaN	39.61223602294922
143	144	en	luo	challenge_SSA-MTE	hyp1	News	NaN	31.515214920043945
144	145	en	luo	challenge_SSA-MTE	hyp1	News	NaN	47.72576904296875
145	146	en	luo	challenge_SSA-MTE	hyp1	News	NaN	31.857364654541016
146	147	en	luo	challenge_SSA-MTE	hyp1	News	NaN	24.975879669189453
147	148	en	luo	challenge_SSA-MTE	hyp1	News	NaN	22.639408111572266
148	149	en	luo	challenge_SSA-MTE	hyp1	News	NaN	32.18924331665039
149	150	en	luo	challenge_SSA-MTE	hyp1	News	NaN	24.398296356201172
150	151	en	luo	challenge_SSA-MTE	hyp1	News	NaN	23.54373550415039
151	152	en	luo	challenge_SSA-MTE	hyp1	News	NaN	26.53560447692871
152	153	en	luo	challenge_SSA-MTE	hyp1	News	NaN	50.632537841796875
153	154	en	luo	challenge_SSA-MTE	hyp1	News	NaN	45.548973083496094
154	155	en	luo	challenge_SSA-MTE	hyp1	News	NaN	59.74913024902344
155	156	en	luo	challenge_SSA-MTE	hyp1	News	NaN	49.212799072265625
156	157	en	luo	challenge_SSA-MTE	hyp1	News	NaN	36.671653747558594
157	158	en	luo	challenge_SSA-MTE	hyp1	News	NaN	28.365863800048828
158	159	en	luo	challenge_SSA-MTE	hyp1	News	NaN	34.4251823425293
159	160	en	luo	challenge_SSA-MTE	hyp1	News	NaN	36.007022857666016
160	161	en	luo	challenge_SSA-MTE	hyp1	News	NaN	47.54777145385742
161	162	en	luo	challenge_SSA-MTE	hyp1	News	NaN	27.154123306274414
162	163	en	luo	challenge_SSA-MTE	hyp1	News	NaN	13.110088348388672
163	164	en	luo	challenge_SSA-MTE	hyp1	News	NaN	26.188907623291016
164	165	en	luo	challenge_SSA-MTE	hyp1	News	NaN	14.971763610839844
165	166	en	luo	challenge_SSA-MTE	hyp1	News	NaN	29.25288963317871
166	167	en	luo	challenge_SSA-MTE	hyp1	News	NaN	27.651199340820312
167	168	en	luo	challenge_SSA-MTE	hyp1	News	NaN	16.849506378173828
168	169	en	luo	challenge_SSA-MTE	hyp1	News	NaN	19.493961334228516
169	170	en	luo	challenge_SSA-MTE	hyp1	News	NaN	17.116621017456055
170	171	en	luo	challenge_SSA-MTE	hyp1	News	NaN	24.584796905517578
171	172	en	luo	challenge_SSA-MTE	hyp1	News	NaN	13.526556968688965
172	173	en	luo	challenge_SSA-MTE	hyp1	News	NaN	27.63117790222168
173	174	en	luo	challenge_SSA-MTE	hyp1	News	NaN	6.893579006195068
174	175	en	luo	challenge_SSA-MTE	hyp1	News	NaN	14.346034049987793
175	176	en	luo	challenge_SSA-MTE	hyp1	News	NaN	25.44113540649414
176	177	en	luo	challenge_SSA-MTE	hyp1	News	NaN	20.263349533081055
177	178	en	luo	challenge_SSA-MTE	hyp1	News	NaN	31.493013381958008
178	179	en	luo	challenge_SSA-MTE	hyp1	News	NaN	23.234098434448242
179	180	en	luo	challenge_SSA-MTE	hyp1	News	NaN	23.21091079711914
180	181	en	luo	challenge_SSA-MTE	hyp1	News	NaN	46.46326446533203
181	182	en	luo	challenge_SSA-MTE	hyp1	News	NaN	51.33666229248047
182	183	en	luo	challenge_SSA-MTE	hyp1	News	NaN	27.60477066040039
183	184	en	luo	challenge_SSA-MTE	hyp1	News	NaN	41.66649627685547
184	185	en	luo	challenge_SSA-MTE	hyp1	News	NaN	26.009374618530273
185	186	en	luo	challenge_SSA-MTE	hyp1	News	NaN	17.033817291259766
186	187	en	luo	challenge_SSA-MTE	hyp1	News	NaN	38.05149841308594
187	188	en	luo	challenge_SSA-MTE	hyp1	News	NaN	27.081621170043945
188	189	en	luo	challenge_SSA-MTE	hyp1	News	NaN	25.14553451538086
189	190	en	luo	challenge_SSA-MTE	hyp1	News	NaN	22.736263275146484
190	191	en	luo	challenge_SSA-MTE	hyp1	News	NaN	24.620994567871094
191	192	en	luo	challenge_SSA-MTE	hyp1	News	NaN	49.27629089355469
192	193	en	luo	challenge_SSA-MTE	hyp1	News	NaN	18.059825897216797
193	194	en	luo	challenge_SSA-MTE	hyp1	News	NaN	28.622379302978516
194	195	en	luo	challenge_SSA-MTE	hyp1	News	NaN	23.4124755859375
195	196	en	luo	challenge_SSA-MTE	hyp1	News	NaN	22.196914672851562
196	197	en	luo	challenge_SSA-MTE	hyp1	News	NaN	29.450302124023438
197	198	en	luo	challenge_SSA-MTE	hyp1	News	NaN	52.560546875
198	199	en	luo	challenge_SSA-MTE	hyp1	News	NaN	36.8292350769043
199	200	en	luo	challenge_SSA-MTE	hyp1	News	NaN	47.687705993652344
200	201	en	luo	challenge_SSA-MTE	hyp1	News	NaN	39.20966720581055
201	202	en	luo	challenge_SSA-MTE	hyp1	News	NaN	27.323516845703125
202	203	en	luo	challenge_SSA-MTE	hyp1	News	NaN	35.43555450439453
203	204	en	luo	challenge_SSA-MTE	hyp1	News	NaN	18.80243492126465
204	205	en	luo	challenge_SSA-MTE	hyp1	News	NaN	30.88248062133789
205	206	en	luo	challenge_SSA-MTE	hyp1	News	NaN	29.60858154296875
206	207	en	luo	challenge_SSA-MTE	hyp1	News	NaN	28.1038818359375
207	208	en	luo	challenge_SSA-MTE	hyp1	News	NaN	38.915367126464844
208	209	en	luo	challenge_SSA-MTE	hyp1	News	NaN	23.162120819091797
209	210	en	luo	challenge_SSA-MTE	hyp1	News	NaN	16.128957748413086
210	211	en	luo	challenge_SSA-MTE	hyp1	News	NaN	1.6715238094329834
211	212	en	luo	challenge_SSA-MTE	hyp1	News	NaN	23.22805404663086
212	213	en	luo	challenge_SSA-MTE	hyp1	News	NaN	37.59479522705078
213	214	en	luo	challenge_SSA-MTE	hyp1	News	NaN	21.94110679626465
214	215	en	luo	challenge_SSA-MTE	hyp1	News	NaN	31.274978637695312
215	216	en	luo	challenge_SSA-MTE	hyp1	News	NaN	31.939735412597656
216	217	en	luo	challenge_SSA-MTE	hyp1	News	NaN	25.982402801513672
217	218	en	luo	challenge_SSA-MTE	hyp1	News	NaN	32.23255157470703
218	219	en	luo	challenge_SSA-MTE	hyp1	News	NaN	19.956554412841797
219	220	en	luo	challenge_SSA-MTE	hyp1	News	NaN	26.02492904663086
220	221	en	luo	challenge_SSA-MTE	hyp1	News	NaN	40.44032287597656
221	222	en	luo	challenge_SSA-MTE	hyp1	News	NaN	26.35973358154297
222	223	en	luo	challenge_SSA-MTE	hyp1	News	NaN	23.833335876464844
223	224	en	luo	challenge_SSA-MTE	hyp1	News	NaN	39.72148513793945
224	225	en	luo	challenge_SSA-MTE	hyp1	News	NaN	20.53518295288086
225	226	en	luo	challenge_SSA-MTE	hyp1	News	NaN	31.33542823791504
226	227	en	luo	challenge_SSA-MTE	hyp1	News	NaN	29.263628005981445
227	228	en	luo	challenge_SSA-MTE	hyp1	News	NaN	20.95081901550293
228	229	en	luo	challenge_SSA-MTE	hyp1	News	NaN	38.278621673583984
229	230	en	luo	challenge_SSA-MTE	hyp1	News	NaN	26.092012405395508
230	231	en	luo	challenge_SSA-MTE	hyp1	News	NaN	32.12377166748047
231	232	en	luo	challenge_SSA-MTE	hyp1	News	NaN	29.758480072021484
232	233	en	luo	challenge_SSA-MTE	hyp1	News	NaN	38.01158905029297
233	234	en	luo	challenge_SSA-MTE	hyp1	News	NaN	26.69070053100586
234	235	en	luo	challenge_SSA-MTE	hyp1	News	NaN	45.787017822265625
235	236	en	luo	challenge_SSA-MTE	hyp1	News	NaN	38.434654235839844
236	237	en	luo	challenge_SSA-MTE	hyp1	News	NaN	39.09675216674805
237	238	en	luo	challenge_SSA-MTE	hyp1	News	NaN	30.66963768005371
238	239	en	luo	challenge_SSA-MTE	hyp1	News	NaN	23.419265747070312
239	240	en	luo	challenge_SSA-MTE	hyp1	News	NaN	49.23588562011719
240	241	en	luo	challenge_SSA-MTE	hyp1	News	NaN	44.71759796142578
241	242	en	luo	challenge_SSA-MTE	hyp1	News	NaN	36.659873962402344
242	243	en	luo	challenge_SSA-MTE	hyp1	News	NaN	20.954654693603516
243	244	en	luo	challenge_SSA-MTE	hyp1	News	NaN	22.811832427978516
244	245	en	luo	challenge_SSA-MTE	hyp1	News	NaN	24.61424446105957
245	246	en	luo	challenge_SSA-MTE	hyp1	News	NaN	37.06243896484375
246	247	en	luo	challenge_SSA-MTE	hyp1	News	NaN	33.04478454589844
247	248	en	luo	challenge_SSA-MTE	hyp1	News	NaN	32.056678771972656
248	249	en	luo	challenge_SSA-MTE	hyp1	News	NaN	48.83854675292969
249	250	en	luo	challenge_SSA-MTE	hyp1	News	NaN	32.84626007080078
250	251	en	luo	challenge_SSA-MTE	hyp1	News	NaN	26.371492385864258
251	252	en	luo	challenge_SSA-MTE	hyp1	News	NaN	32.81066131591797
252	253	en	luo	challenge_SSA-MTE	hyp1	News	NaN	32.315834045410156
253	254	en	luo	challenge_SSA-MTE	hyp1	News	NaN	34.0009880065918
254	255	en	luo	challenge_SSA-MTE	hyp1	News	NaN	33.1220588684082
255	256	en	luo	challenge_SSA-MTE	hyp1	News	NaN	17.959762573242188
256	257	en	luo	challenge_SSA-MTE	hyp1	News	NaN	29.99288558959961
257	258	en	luo	challenge_SSA-MTE	hyp1	News	NaN	32.39851379394531
258	259	en	luo	challenge_SSA-MTE	hyp1	News	NaN	13.565579414367676
259	260	en	luo	challenge_SSA-MTE	hyp1	News	NaN	34.910736083984375
260	261	en	luo	challenge_SSA-MTE	hyp1	News	NaN	34.525203704833984
261	262	en	luo	challenge_SSA-MTE	hyp1	News	NaN	-5.560803413391113
262	263	en	luo	challenge_SSA-MTE	hyp1	News	NaN	24.140087127685547
263	264	en	luo	challenge_SSA-MTE	hyp1	News	NaN	34.30115509033203
264	265	en	luo	challenge_SSA-MTE	hyp1	News	NaN	36.968406677246094
265	266	en	luo	challenge_SSA-MTE	hyp1	News	NaN	41.90819549560547
266	267	en	luo	challenge_SSA-MTE	hyp1	News	NaN	32.004150390625
267	268	en	luo	challenge_SSA-MTE	hyp1	News	NaN	26.465044021606445
268	269	en	luo	challenge_SSA-MTE	hyp1	News	NaN	34.40934753417969
269	270	en	luo	challenge_SSA-MTE	hyp1	News	NaN	35.58733367919922
270	271	en	luo	challenge_SSA-MTE	hyp1	News	NaN	17.51478385925293
271	272	en	luo	challenge_SSA-MTE	hyp1	News	NaN	24.513477325439453
272	273	en	luo	challenge_SSA-MTE	hyp1	News	NaN	23.523412704467773
273	274	en	luo	challenge_SSA-MTE	hyp1	News	NaN	27.023239135742188
274	275	en	luo	challenge_SSA-MTE	hyp1	News	NaN	45.94317626953125
275	276	en	luo	challenge_SSA-MTE	hyp1	News	NaN	20.50928497314453
276	277	en	luo	challenge_SSA-MTE	hyp1	News	NaN	39.08710479736328
277	278	en	luo	challenge_SSA-MTE	hyp1	News	NaN	33.3397331237793
278	279	en	luo	challenge_SSA-MTE	hyp1	News	NaN	21.76144790649414
279	280	en	luo	challenge_SSA-MTE	hyp1	News	NaN	30.448705673217773
280	281	en	luo	challenge_SSA-MTE	hyp1	News	NaN	30.612686157226562
281	282	en	luo	challenge_SSA-MTE	hyp1	News	NaN	28.307628631591797
282	283	en	luo	challenge_SSA-MTE	hyp1	News	NaN	15.97325325012207
283	284	en	luo	challenge_SSA-MTE	hyp1	News	NaN	36.669639587402344
284	285	en	luo	challenge_SSA-MTE	hyp1	News	NaN	40.12823486328125
285	286	en	luo	challenge_SSA-MTE	hyp1	News	NaN	43.945594787597656
286	287	en	luo	challenge_SSA-MTE	hyp1	News	NaN	14.86756420135498
287	288	en	luo	challenge_SSA-MTE	hyp1	News	NaN	26.036191940307617
288	289	en	luo	challenge_SSA-MTE	hyp1	News	NaN	25.92829132080078
289	290	en	luo	challenge_SSA-MTE	hyp1	News	NaN	36.861080169677734
290	291	en	luo	challenge_SSA-MTE	hyp1	News	NaN	25.799894332885742
291	292	en	luo	challenge_SSA-MTE	hyp1	News	NaN	18.52214813232422
292	293	en	luo	challenge_SSA-MTE	hyp1	News	NaN	29.940895080566406
293	294	en	luo	challenge_SSA-MTE	hyp1	News	NaN	31.36972427368164
294	295	en	luo	challenge_SSA-MTE	hyp1	News	NaN	57.777687072753906
295	296	en	luo	challenge_SSA-MTE	hyp1	News	NaN	45.75926208496094
296	297	en	luo	challenge_SSA-MTE	hyp1	News	NaN	24.561786651611328
297	298	en	luo	challenge_SSA-MTE	hyp1	News	NaN	40.56047058105469
298	299	en	luo	challenge_SSA-MTE	hyp1	News	NaN	31.646896362304688
299	300	en	luo	challenge_SSA-MTE	hyp1	News	NaN	40.07619857788086
300	301	en	luo	challenge_SSA-MTE	hyp1	News	NaN	16.752967834472656
301	302	en	luo	challenge_SSA-MTE	hyp1	News	NaN	30.380908966064453
302	303	en	luo	challenge_SSA-MTE	hyp1	News	NaN	24.552284240722656
303	304	en	luo	challenge_SSA-MTE	hyp1	News	NaN	25.913150787353516
304	305	en	luo	challenge_SSA-MTE	hyp1	News	NaN	21.88344955444336
305	306	en	luo	challenge_SSA-MTE	hyp1	News	NaN	21.995988845825195
306	307	en	luo	challenge_SSA-MTE	hyp1	News	NaN	34.22792053222656
307	308	en	luo	challenge_SSA-MTE	hyp1	News	NaN	37.4470100402832
308	309	en	luo	challenge_SSA-MTE	hyp1	News	NaN	39.67839431762695
309	310	en	luo	challenge_SSA-MTE	hyp1	News	NaN	33.29027557373047
310	311	en	luo	challenge_SSA-MTE	hyp1	News	NaN	29.14398956298828
311	312	en	luo	challenge_SSA-MTE	hyp1	News	NaN	22.31671142578125
312	313	en	luo	challenge_SSA-MTE	hyp1	News	NaN	32.23078918457031
313	314	en	luo	challenge_SSA-MTE	hyp1	News	NaN	43.790470123291016
314	315	en	luo	challenge_SSA-MTE	hyp1	News	NaN	38.349605560302734
315	316	en	luo	challenge_SSA-MTE	hyp1	News	NaN	28.662687301635742
316	317	en	luo	challenge_SSA-MTE	hyp1	News	NaN	35.48133087158203
317	318	en	luo	challenge_SSA-MTE	hyp1	News	NaN	26.009912490844727
318	319	en	luo	challenge_SSA-MTE	hyp1	News	NaN	41.31309509277344
319	320	en	luo	challenge_SSA-MTE	hyp1	News	NaN	36.42808532714844
320	321	en	luo	challenge_SSA-MTE	hyp1	News	NaN	22.293106079101562
321	322	en	luo	challenge_SSA-MTE	hyp1	News	NaN	29.63526153564453
322	323	en	luo	challenge_SSA-MTE	hyp1	News	NaN	21.956077575683594
323	324	en	luo	challenge_SSA-MTE	hyp1	News	NaN	22.988391876220703
324	325	en	luo	challenge_SSA-MTE	hyp1	News	NaN	16.16945457458496
325	326	en	luo	challenge_SSA-MTE	hyp1	News	NaN	14.115921020507812
326	327	en	luo	challenge_SSA-MTE	hyp1	News	NaN	23.723041534423828
327	328	en	luo	challenge_SSA-MTE	hyp1	News	NaN	19.968463897705078
328	329	en	luo	challenge_SSA-MTE	hyp1	News	NaN	14.809603691101074
329	330	en	luo	challenge_SSA-MTE	hyp1	News	NaN	16.842735290527344
330	331	en	luo	challenge_SSA-MTE	hyp1	News	NaN	22.87116813659668
331	332	en	luo	challenge_SSA-MTE	hyp1	News	NaN	25.483875274658203
332	333	en	luo	challenge_SSA-MTE	hyp1	News	NaN	32.2938232421875
333	334	en	luo	challenge_SSA-MTE	hyp1	News	NaN	16.146352767944336
334	335	en	luo	challenge_SSA-MTE	hyp1	News	NaN	19.358135223388672
335	336	en	luo	challenge_SSA-MTE	hyp1	News	NaN	28.363590240478516
336	337	en	luo	challenge_SSA-MTE	hyp1	News	NaN	47.90678405761719
337	338	en	luo	challenge_SSA-MTE	hyp1	News	NaN	34.86912155151367
338	339	en	luo	challenge_SSA-MTE	hyp1	News	NaN	32.134681701660156
339	340	en	luo	challenge_SSA-MTE	hyp1	News	NaN	34.33989715576172
340	341	en	luo	challenge_SSA-MTE	hyp1	News	NaN	42.263389587402344
341	342	en	luo	challenge_SSA-MTE	hyp1	News	NaN	29.852413177490234
342	343	en	luo	challenge_SSA-MTE	hyp1	News	NaN	24.523544311523438
343	344	en	luo	challenge_SSA-MTE	hyp1	News	NaN	22.416563034057617
344	345	en	luo	challenge_SSA-MTE	hyp1	News	NaN	23.21870994567871
345	346	en	luo	challenge_SSA-MTE	hyp1	News	NaN	30.596691131591797
346	347	en	luo	challenge_SSA-MTE	hyp1	News	NaN	30.7474365234375
347	348	en	luo	challenge_SSA-MTE	hyp1	News	NaN	14.84849739074707
348	349	en	luo	challenge_SSA-MTE	hyp1	News	NaN	16.541749954223633
349	350	en	luo	challenge_SSA-MTE	hyp1	News	NaN	2.816354751586914
350	351	en	luo	challenge_SSA-MTE	hyp1	News	NaN	16.542251586914062
351	352	en	luo	challenge_SSA-MTE	hyp1	News	NaN	15.85062313079834
352	353	en	luo	challenge_SSA-MTE	hyp1	News	NaN	19.266450881958008
353	354	en	luo	challenge_SSA-MTE	hyp1	News	NaN	29.50777816772461
354	355	en	luo	challenge_SSA-MTE	hyp1	News	NaN	37.159820556640625
355	356	en	luo	challenge_SSA-MTE	hyp1	News	NaN	-7.029047012329102
356	357	en	luo	challenge_SSA-MTE	hyp1	News	NaN	29.630651473999023
357	358	en	luo	challenge_SSA-MTE	hyp1	News	NaN	37.945594787597656
358	359	en	luo	challenge_SSA-MTE	hyp1	News	NaN	25.046049118041992
359	360	en	luo	challenge_SSA-MTE	hyp1	News	NaN	23.89356231689453
360	361	en	luo	challenge_SSA-MTE	hyp1	News	NaN	37.556888580322266
361	362	en	luo	challenge_SSA-MTE	hyp1	News	NaN	12.275890350341797
362	363	en	luo	challenge_SSA-MTE	hyp1	News	NaN	30.90949821472168
363	364	en	luo	challenge_SSA-MTE	hyp1	News	NaN	28.737945556640625
364	365	en	luo	challenge_SSA-MTE	hyp1	News	NaN	16.574769973754883
365	366	en	luo	challenge_SSA-MTE	hyp1	News	NaN	29.163938522338867
366	367	en	luo	challenge_SSA-MTE	hyp1	News	NaN	44.551246643066406
367	368	en	luo	challenge_SSA-MTE	hyp1	News	NaN	8.781532287597656
368	369	en	luo	challenge_SSA-MTE	hyp1	News	NaN	23.58342742919922
369	370	en	luo	challenge_SSA-MTE	hyp1	News	NaN	38.6568717956543
370	371	en	luo	challenge_SSA-MTE	hyp1	News	NaN	40.40155792236328
371	372	en	luo	challenge_SSA-MTE	hyp1	News	NaN	38.227500915527344
372	373	en	luo	challenge_SSA-MTE	hyp1	News	NaN	28.18605613708496
373	374	en	luo	challenge_SSA-MTE	hyp1	News	NaN	23.269575119018555
374	375	en	luo	challenge_SSA-MTE	hyp1	News	NaN	26.99134063720703
375	376	en	luo	challenge_SSA-MTE	hyp1	News	NaN	32.78232192993164
376	377	en	luo	challenge_SSA-MTE	hyp1	News	NaN	20.77109718322754
377	378	en	luo	challenge_SSA-MTE	hyp1	News	NaN	37.152122497558594
378	379	en	luo	challenge_SSA-MTE	hyp1	News	NaN	47.297298431396484
379	380	en	luo	challenge_SSA-MTE	hyp1	News	NaN	36.773109436035156
380	381	en	luo	challenge_SSA-MTE	hyp1	News	NaN	32.3663330078125
381	382	en	luo	challenge_SSA-MTE	hyp1	News	NaN	53.0919075012207
382	383	en	luo	challenge_SSA-MTE	hyp1	News	NaN	34.30362319946289
383	384	en	luo	challenge_SSA-MTE	hyp1	News	NaN	54.06930160522461
384	385	en	luo	challenge_SSA-MTE	hyp1	News	NaN	40.261016845703125
385	386	en	luo	challenge_SSA-MTE	hyp1	News	NaN	20.83349609375
386	387	en	luo	challenge_SSA-MTE	hyp1	News	NaN	31.746078491210938
387	388	en	luo	challenge_SSA-MTE	hyp1	News	NaN	49.92549133300781
388	389	en	luo	challenge_SSA-MTE	hyp1	News	NaN	32.72456359863281
389	390	en	luo	challenge_SSA-MTE	hyp1	News	NaN	27.273414611816406
390	391	en	luo	challenge_SSA-MTE	hyp1	News	NaN	39.72688674926758
391	392	en	luo	challenge_SSA-MTE	hyp1	News	NaN	41.67925262451172
392	393	en	luo	challenge_SSA-MTE	hyp1	News	NaN	36.82533645629883
393	394	en	luo	challenge_SSA-MTE	hyp1	News	NaN	46.086456298828125
394	395	en	luo	challenge_SSA-MTE	hyp1	News	NaN	45.87416076660156
395	396	en	luo	challenge_SSA-MTE	hyp1	News	NaN	33.95101547241211
396	397	en	luo	challenge_SSA-MTE	hyp1	News	NaN	30.082599639892578
397	398	en	luo	challenge_SSA-MTE	hyp1	News	NaN	36.266395568847656
398	399	en	luo	challenge_SSA-MTE	hyp1	News	NaN	32.981807708740234
399	400	en	luo	challenge_SSA-MTE	hyp1	News	NaN	25.406330108642578
400	401	en	luo	challenge_SSA-MTE	hyp1	News	NaN	38.643348693847656
401	402	en	luo	challenge_SSA-MTE	hyp1	News	NaN	31.77737045288086
402	403	en	luo	challenge_SSA-MTE	hyp1	News	NaN	25.28958511352539
403	404	en	luo	challenge_SSA-MTE	hyp1	News	NaN	19.91824722290039
404	405	en	luo	challenge_SSA-MTE	hyp1	News	NaN	8.607156753540039
405	406	en	luo	challenge_SSA-MTE	hyp1	News	NaN	28.934207916259766
406	407	en	luo	challenge_SSA-MTE	hyp1	News	NaN	13.738624572753906
407	408	en	luo	challenge_SSA-MTE	hyp1	News	NaN	30.921003341674805
408	409	en	luo	challenge_SSA-MTE	hyp1	News	NaN	27.24524688720703
409	410	en	luo	challenge_SSA-MTE	hyp1	News	NaN	30.868793487548828
410	411	en	luo	challenge_SSA-MTE	hyp1	News	NaN	28.344684600830078
411	412	en	luo	challenge_SSA-MTE	hyp1	News	NaN	19.942378997802734
412	413	en	luo	challenge_SSA-MTE	hyp1	News	NaN	22.251014709472656
413	414	en	luo	challenge_SSA-MTE	hyp1	News	NaN	28.522724151611328
414	415	en	luo	challenge_SSA-MTE	hyp1	News	NaN	52.12837600708008
415	416	en	luo	challenge_SSA-MTE	hyp1	News	NaN	42.95398712158203
416	417	en	luo	challenge_SSA-MTE	hyp1	News	NaN	51.11675262451172
417	418	en	luo	challenge_SSA-MTE	hyp1	News	NaN	30.0399227142334
418	419	en	luo	challenge_SSA-MTE	hyp1	News	NaN	34.22744369506836
419	420	en	luo	challenge_SSA-MTE	hyp1	News	NaN	23.163578033447266
420	421	en	luo	challenge_SSA-MTE	hyp1	News	NaN	44.49226379394531
421	422	en	luo	challenge_SSA-MTE	hyp1	News	NaN	29.54282569885254
422	423	en	luo	challenge_SSA-MTE	hyp1	News	NaN	48.75813293457031
423	424	en	luo	challenge_SSA-MTE	hyp1	News	NaN	40.4625244140625
424	425	en	luo	challenge_SSA-MTE	hyp1	News	NaN	29.79791259765625
425	426	en	luo	challenge_SSA-MTE	hyp1	News	NaN	28.550277709960938
426	427	en	luo	challenge_SSA-MTE	hyp1	News	NaN	51.72573471069336
427	428	en	luo	challenge_SSA-MTE	hyp1	News	NaN	36.70967102050781
428	429	en	luo	challenge_SSA-MTE	hyp1	News	NaN	26.11709976196289
429	430	en	luo	challenge_SSA-MTE	hyp1	News	NaN	26.510766983032227
430	431	en	luo	challenge_SSA-MTE	hyp1	News	NaN	35.39031219482422
431	432	en	luo	challenge_SSA-MTE	hyp1	News	NaN	27.002002716064453
432	433	en	luo	challenge_SSA-MTE	hyp1	News	NaN	22.820987701416016
433	434	en	luo	challenge_SSA-MTE	hyp1	News	NaN	1.4214856624603271
434	435	en	luo	challenge_SSA-MTE	hyp1	News	NaN	29.431272506713867
435	436	en	luo	challenge_SSA-MTE	hyp1	News	NaN	27.092620849609375
436	437	en	luo	challenge_SSA-MTE	hyp1	News	NaN	16.209306716918945
437	438	en	luo	challenge_SSA-MTE	hyp1	News	NaN	37.462738037109375
438	439	en	luo	challenge_SSA-MTE	hyp1	News	NaN	26.45758628845215
439	440	en	luo	challenge_SSA-MTE	hyp1	News	NaN	15.806303977966309
440	441	en	luo	challenge_SSA-MTE	hyp1	News	NaN	19.901018142700195
441	442	en	luo	challenge_SSA-MTE	hyp1	News	NaN	29.385860443115234
442	443	en	luo	challenge_SSA-MTE	hyp1	News	NaN	18.27395248413086
443	444	en	luo	challenge_SSA-MTE	hyp1	News	NaN	28.169139862060547
444	445	en	luo	challenge_SSA-MTE	hyp1	News	NaN	29.515060424804688
445	446	en	luo	challenge_SSA-MTE	hyp1	News	NaN	33.30862808227539
446	447	en	luo	challenge_SSA-MTE	hyp1	News	NaN	25.418880462646484
447	448	en	luo	challenge_SSA-MTE	hyp1	News	NaN	34.885902404785156
448	449	en	luo	challenge_SSA-MTE	hyp1	News	NaN	27.67684555053711
449	450	en	luo	challenge_SSA-MTE	hyp1	News	NaN	43.8608283996582
450	451	en	luo	challenge_SSA-MTE	hyp1	News	NaN	37.72576141357422
451	452	en	luo	challenge_SSA-MTE	hyp1	News	NaN	44.74492645263672
452	453	en	luo	challenge_SSA-MTE	hyp1	News	NaN	34.674827575683594
453	454	en	luo	challenge_SSA-MTE	hyp1	News	NaN	44.36027526855469
454	455	en	luo	challenge_SSA-MTE	hyp1	News	NaN	44.35223388671875
455	456	en	luo	challenge_SSA-MTE	hyp1	News	NaN	27.25439453125
456	457	en	luo	challenge_SSA-MTE	hyp1	News	NaN	18.4570255279541
457	458	en	luo	challenge_SSA-MTE	hyp1	News	NaN	43.777130126953125
458	459	en	luo	challenge_SSA-MTE	hyp1	News	NaN	29.301856994628906
459	460	en	luo	challenge_SSA-MTE	hyp1	News	NaN	27.634857177734375
460	461	en	luo	challenge_SSA-MTE	hyp1	News	NaN	24.578556060791016
461	462	en	luo	challenge_SSA-MTE	hyp1	News	NaN	30.531673431396484
462	463	en	luo	challenge_SSA-MTE	hyp1	News	NaN	28.732261657714844
463	464	en	luo	challenge_SSA-MTE	hyp1	News	NaN	27.814041137695312
464	465	en	luo	challenge_SSA-MTE	hyp1	News	NaN	24.45226287841797
465	466	en	luo	challenge_SSA-MTE	hyp1	News	NaN	27.86980438232422
466	467	en	luo	challenge_SSA-MTE	hyp1	News	NaN	18.734500885009766
467	468	en	luo	challenge_SSA-MTE	hyp1	News	NaN	41.71394348144531
468	469	en	luo	challenge_SSA-MTE	hyp1	News	NaN	35.46041488647461
469	470	en	luo	challenge_SSA-MTE	hyp1	News	NaN	34.17838668823242
470	471	en	luo	challenge_SSA-MTE	hyp1	News	NaN	38.5653076171875
471	472	en	luo	challenge_SSA-MTE	hyp1	News	NaN	29.021970748901367
472	473	en	luo	challenge_SSA-MTE	hyp1	News	NaN	31.343875885009766
473	474	en	luo	challenge_SSA-MTE	hyp1	News	NaN	41.87421798706055
474	475	en	luo	challenge_SSA-MTE	hyp1	News	NaN	46.39512634277344
475	476	en	luo	challenge_SSA-MTE	hyp1	News	NaN	40.43578338623047
476	477	en	luo	challenge_SSA-MTE	hyp1	News	NaN	47.81321334838867
477	478	en	luo	challenge_SSA-MTE	hyp1	News	NaN	29.234352111816406
478	479	en	luo	challenge_SSA-MTE	hyp1	News	NaN	38.00055694580078
479	480	en	luo	challenge_SSA-MTE	hyp1	News	NaN	42.35401916503906
480	481	en	luo	challenge_SSA-MTE	hyp1	News	NaN	27.903301239013672
481	482	en	luo	challenge_SSA-MTE	hyp1	News	NaN	65.78755187988281
482	483	en	luo	challenge_SSA-MTE	hyp1	News	NaN	12.60230827331543
483	484	en	luo	challenge_SSA-MTE	hyp1	News	NaN	16.028759002685547
484	485	en	luo	challenge_SSA-MTE	hyp1	News	NaN	15.817543029785156
485	486	en	luo	challenge_SSA-MTE	hyp1	News	NaN	22.68708038330078
486	487	en	luo	challenge_SSA-MTE	hyp1	News	NaN	23.0426082611084
487	488	en	luo	challenge_SSA-MTE	hyp1	News	NaN	21.793426513671875
488	489	en	luo	challenge_SSA-MTE	hyp1	News	NaN	20.376956939697266
489	490	en	luo	challenge_SSA-MTE	hyp1	News	NaN	28.4130916595459
490	491	en	luo	challenge_SSA-MTE	hyp1	News	NaN	22.562158584594727
491	492	en	luo	challenge_SSA-MTE	hyp1	News	NaN	20.969154357910156
492	493	en	luo	challenge_SSA-MTE	hyp1	News	NaN	29.552980422973633
493	494	en	luo	challenge_SSA-MTE	hyp1	News	NaN	10.627639770507812
494	495	en	luo	challenge_SSA-MTE	hyp1	News	NaN	22.109010696411133
495	496	en	luo	challenge_SSA-MTE	hyp1	News	NaN	10.103103637695312
496	497	en	luo	challenge_SSA-MTE	hyp1	News	NaN	18.46503257751465
497	498	en	luo	challenge_SSA-MTE	hyp1	News	NaN	9.628836631774902
498	499	en	luo	challenge_SSA-MTE	hyp1	News	NaN	10.76400375366211
499	500	en	luo	challenge_SSA-MTE	hyp1	News	NaN	25.468650817871094
500	501	en	luo	challenge_SSA-MTE	hyp1	News	NaN	17.132980346679688
501	502	en	luo	challenge_SSA-MTE	hyp1	News	NaN	28.078258514404297
502	503	en	luo	challenge_SSA-MTE	hyp1	News	NaN	9.888577461242676
503	504	en	luo	challenge_SSA-MTE	hyp1	News	NaN	29.667118072509766
504	505	en	luo	challenge_SSA-MTE	hyp1	News	NaN	23.290855407714844
505	506	en	luo	challenge_SSA-MTE	hyp1	News	NaN	16.723373413085938
506	507	en	luo	challenge_SSA-MTE	hyp1	News	NaN	23.614521026611328
507	508	en	luo	challenge_SSA-MTE	hyp1	News	NaN	27.928327560424805
508	509	en	luo	challenge_SSA-MTE	hyp1	News	NaN	12.06515121459961
509	510	en	luo	challenge_SSA-MTE	hyp1	News	NaN	39.8734130859375
510	511	en	luo	challenge_SSA-MTE	hyp1	News	NaN	30.608827590942383
511	512	en	luo	challenge_SSA-MTE	hyp1	News	NaN	39.85926818847656
512	513	en	luo	challenge_SSA-MTE	hyp1	News	NaN	36.01128387451172
513	514	en	luo	challenge_SSA-MTE	hyp1	News	NaN	37.718013763427734
514	515	en	luo	challenge_SSA-MTE	hyp1	News	NaN	28.660316467285156
515	516	en	luo	challenge_SSA-MTE	hyp1	News	NaN	38.02863693237305
516	517	en	luo	challenge_SSA-MTE	hyp1	News	NaN	40.04761505126953
517	518	en	luo	challenge_SSA-MTE	hyp1	News	NaN	1.104601502418518
518	519	en	luo	challenge_SSA-MTE	hyp1	News	NaN	41.82408142089844
519	520	en	luo	challenge_SSA-MTE	hyp1	News	NaN	31.633607864379883
520	521	en	luo	challenge_SSA-MTE	hyp1	News	NaN	35.309967041015625
521	522	en	luo	challenge_SSA-MTE	hyp1	News	NaN	26.78726577758789
522	523	en	luo	challenge_SSA-MTE	hyp1	News	NaN	19.597715377807617
523	524	en	luo	challenge_SSA-MTE	hyp1	News	NaN	-0.2428135871887207
524	525	en	luo	challenge_SSA-MTE	hyp1	News	NaN	20.308422088623047
525	526	en	luo	challenge_SSA-MTE	hyp1	News	NaN	15.616142272949219
526	527	en	luo	challenge_SSA-MTE	hyp1	News	NaN	21.434833526611328
527	528	en	luo	challenge_SSA-MTE	hyp1	News	NaN	30.659191131591797
528	529	en	luo	challenge_SSA-MTE	hyp1	News	NaN	38.607704162597656
529	530	en	luo	challenge_SSA-MTE	hyp1	News	NaN	33.941261291503906
530	531	en	luo	challenge_SSA-MTE	hyp1	News	NaN	27.454364776611328
531	532	en	luo	challenge_SSA-MTE	hyp1	News	NaN	43.1812858581543
532	533	en	luo	challenge_SSA-MTE	hyp1	News	NaN	34.28010940551758
533	534	en	luo	challenge_SSA-MTE	hyp1	News	NaN	14.914164543151855
534	535	en	luo	challenge_SSA-MTE	hyp1	News	NaN	15.124932289123535
535	536	en	luo	challenge_SSA-MTE	hyp1	News	NaN	26.52530288696289
536	537	en	luo	challenge_SSA-MTE	hyp1	News	NaN	23.74285888671875
537	538	en	luo	challenge_SSA-MTE	hyp1	News	NaN	29.480876922607422
538	539	en	luo	challenge_SSA-MTE	hyp1	News	NaN	22.301223754882812
539	540	en	luo	challenge_SSA-MTE	hyp1	News	NaN	33.76266098022461
540	541	en	luo	challenge_SSA-MTE	hyp1	News	NaN	25.255542755126953
541	542	en	luo	challenge_SSA-MTE	hyp1	News	NaN	51.33662796020508
542	543	en	luo	challenge_SSA-MTE	hyp1	News	NaN	32.04558563232422
543	544	en	luo	challenge_SSA-MTE	hyp1	News	NaN	30.404956817626953
544	545	en	luo	challenge_SSA-MTE	hyp1	News	NaN	31.925260543823242
545	546	en	luo	challenge_SSA-MTE	hyp1	News	NaN	30.714197158813477
546	547	en	luo	challenge_SSA-MTE	hyp1	News	NaN	25.720361709594727
547	548	en	luo	challenge_SSA-MTE	hyp1	News	NaN	19.84809112548828
548	549	en	luo	challenge_SSA-MTE	hyp1	News	NaN	27.74237823486328
549	550	en	luo	challenge_SSA-MTE	hyp1	News	NaN	33.87550354003906
550	551	en	luo	challenge_SSA-MTE	hyp1	News	NaN	22.040592193603516
551	552	en	luo	challenge_SSA-MTE	hyp1	News	NaN	43.90186309814453
552	553	en	luo	challenge_SSA-MTE	hyp1	News	NaN	65.79727935791016
553	554	en	luo	challenge_SSA-MTE	hyp1	News	NaN	23.208099365234375
554	555	en	luo	challenge_SSA-MTE	hyp1	News	NaN	37.90559387207031
555	556	en	luo	challenge_SSA-MTE	hyp1	News	NaN	30.286056518554688
556	557	en	luo	challenge_SSA-MTE	hyp1	News	NaN	30.147979736328125
557	558	en	luo	challenge_SSA-MTE	hyp1	News	NaN	23.029523849487305
558	559	en	luo	challenge_SSA-MTE	hyp1	News	NaN	21.15338134765625
559	560	en	luo	challenge_SSA-MTE	hyp1	News	NaN	28.740936279296875
560	561	en	luo	challenge_SSA-MTE	hyp1	News	NaN	27.67262077331543
561	562	en	luo	challenge_SSA-MTE	hyp1	News	NaN	26.653867721557617
562	563	en	luo	challenge_SSA-MTE	hyp1	News	NaN	12.687386512756348
563	564	en	luo	challenge_SSA-MTE	hyp1	News	NaN	48.78490447998047
564	565	en	luo	challenge_SSA-MTE	hyp1	News	NaN	35.22119903564453
565	566	en	luo	challenge_SSA-MTE	hyp1	News	NaN	24.078880310058594
566	567	en	luo	challenge_SSA-MTE	hyp1	News	NaN	24.42220687866211
567	568	en	luo	challenge_SSA-MTE	hyp1	News	NaN	31.468385696411133
568	569	en	luo	challenge_SSA-MTE	hyp1	News	NaN	37.9063720703125
569	570	en	luo	challenge_SSA-MTE	hyp1	News	NaN	36.65154266357422
570	571	en	luo	challenge_SSA-MTE	hyp1	News	NaN	32.05514907836914
571	572	en	luo	challenge_SSA-MTE	hyp1	News	NaN	32.99028778076172
572	573	en	luo	challenge_SSA-MTE	hyp1	News	NaN	32.419132232666016
573	574	en	luo	challenge_SSA-MTE	hyp1	News	NaN	32.996036529541016
574	575	en	luo	challenge_SSA-MTE	hyp1	News	NaN	31.720367431640625
575	576	en	luo	challenge_SSA-MTE	hyp1	News	NaN	24.52645492553711
576	577	en	luo	challenge_SSA-MTE	hyp1	News	NaN	28.771181106567383
577	578	en	luo	challenge_SSA-MTE	hyp1	News	NaN	27.766345977783203
578	579	en	luo	challenge_SSA-MTE	hyp1	News	NaN	27.80199432373047
579	580	en	luo	challenge_SSA-MTE	hyp1	News	NaN	22.09128189086914
580	581	en	luo	challenge_SSA-MTE	hyp1	News	NaN	5.914306163787842
581	582	en	luo	challenge_SSA-MTE	hyp1	News	NaN	28.460002899169922
582	583	en	luo	challenge_SSA-MTE	hyp1	News	NaN	31.71607208251953
583	584	en	luo	challenge_SSA-MTE	hyp1	News	NaN	29.665973663330078
584	585	en	luo	challenge_SSA-MTE	hyp1	News	NaN	29.22145652770996
585	586	en	luo	challenge_SSA-MTE	hyp1	News	NaN	33.07481002807617
586	587	en	luo	challenge_SSA-MTE	hyp1	News	NaN	40.28608703613281
587	588	en	luo	challenge_SSA-MTE	hyp1	News	NaN	35.020748138427734
588	589	en	luo	challenge_SSA-MTE	hyp1	News	NaN	25.12807273864746
589	590	en	luo	challenge_SSA-MTE	hyp1	News	NaN	47.656211853027344
590	591	en	luo	challenge_SSA-MTE	hyp1	News	NaN	36.69172668457031
591	592	en	luo	challenge_SSA-MTE	hyp1	News	NaN	18.65818977355957
592	593	en	luo	challenge_SSA-MTE	hyp1	News	NaN	17.358692169189453
593	594	en	luo	challenge_SSA-MTE	hyp1	News	NaN	19.981807708740234
594	595	en	luo	challenge_SSA-MTE	hyp1	News	NaN	20.363784790039062
595	596	en	luo	challenge_SSA-MTE	hyp1	News	NaN	21.211353302001953
596	597	en	luo	challenge_SSA-MTE	hyp1	News	NaN	24.620519638061523
597	598	en	luo	challenge_SSA-MTE	hyp1	News	NaN	18.857667922973633
598	599	en	luo	challenge_SSA-MTE	hyp1	News	NaN	24.003450393676758
599	600	en	luo	challenge_SSA-MTE	hyp1	News	NaN	30.381025314331055
600	601	en	luo	challenge_SSA-MTE	hyp1	News	NaN	3.9640309810638428
601	602	en	luo	challenge_SSA-MTE	hyp1	News	NaN	28.664140701293945
602	603	en	luo	challenge_SSA-MTE	hyp1	News	NaN	36.83849334716797
603	604	en	luo	challenge_SSA-MTE	hyp1	News	NaN	17.310791015625
604	605	en	luo	challenge_SSA-MTE	hyp1	News	NaN	37.23370361328125
605	606	en	luo	challenge_SSA-MTE	hyp1	News	NaN	38.97810363769531
606	607	en	luo	challenge_SSA-MTE	hyp1	News	NaN	41.066673278808594
607	608	en	luo	challenge_SSA-MTE	hyp1	News	NaN	32.765926361083984
608	609	en	luo	challenge_SSA-MTE	hyp1	News	NaN	48.78117370605469
609	610	en	luo	challenge_SSA-MTE	hyp1	News	NaN	35.14439010620117
610	611	en	luo	challenge_SSA-MTE	hyp1	News	NaN	28.637462615966797
611	612	en	luo	challenge_SSA-MTE	hyp1	News	NaN	35.81590270996094
612	613	en	luo	challenge_SSA-MTE	hyp1	News	NaN	20.60480308532715
613	614	en	luo	challenge_SSA-MTE	hyp1	News	NaN	33.67485046386719
614	615	en	luo	challenge_SSA-MTE	hyp1	News	NaN	40.73650360107422
615	616	en	luo	challenge_SSA-MTE	hyp1	News	NaN	36.235992431640625
616	617	en	luo	challenge_SSA-MTE	hyp1	News	NaN	35.34420394897461
617	618	en	luo	challenge_SSA-MTE	hyp1	News	NaN	28.35480499267578
618	619	en	luo	challenge_SSA-MTE	hyp1	News	NaN	26.40797996520996
619	620	en	luo	challenge_SSA-MTE	hyp1	News	NaN	35.06620407104492
620	621	en	luo	challenge_SSA-MTE	hyp1	News	NaN	35.32438659667969
621	622	en	luo	challenge_SSA-MTE	hyp1	News	NaN	36.57252883911133
622	623	en	luo	challenge_SSA-MTE	hyp1	News	NaN	36.421180725097656
623	624	en	luo	challenge_SSA-MTE	hyp1	News	NaN	27.48465347290039
624	625	en	luo	challenge_SSA-MTE	hyp1	News	NaN	35.85797119140625
625	626	en	luo	challenge_SSA-MTE	hyp1	News	NaN	25.301353454589844
626	627	en	luo	challenge_SSA-MTE	hyp1	News	NaN	36.0869140625
627	628	en	luo	challenge_SSA-MTE	hyp1	News	NaN	31.75398826599121
628	629	en	luo	challenge_SSA-MTE	hyp1	News	NaN	30.584129333496094
629	630	en	luo	challenge_SSA-MTE	hyp1	News	NaN	43.67878723144531
630	631	en	luo	challenge_SSA-MTE	hyp1	News	NaN	48.59467315673828
631	632	en	luo	challenge_SSA-MTE	hyp1	News	NaN	35.018856048583984
632	633	en	luo	challenge_SSA-MTE	hyp1	News	NaN	31.823564529418945
633	634	en	luo	challenge_SSA-MTE	hyp1	News	NaN	22.844640731811523
634	635	en	luo	challenge_SSA-MTE	hyp1	News	NaN	21.95397186279297
635	636	en	luo	challenge_SSA-MTE	hyp1	News	NaN	31.423145294189453
636	637	en	luo	challenge_SSA-MTE	hyp1	News	NaN	33.07456970214844
637	638	en	luo	challenge_SSA-MTE	hyp1	News	NaN	31.344139099121094
638	639	en	luo	challenge_SSA-MTE	hyp1	News	NaN	23.521900177001953
639	640	en	luo	challenge_SSA-MTE	hyp1	News	NaN	29.173168182373047
640	641	en	luo	challenge_SSA-MTE	hyp1	News	NaN	36.683189392089844
641	642	en	luo	challenge_SSA-MTE	hyp1	News	NaN	26.90081214904785
642	643	en	luo	challenge_SSA-MTE	hyp1	News	NaN	29.05974006652832
643	644	en	luo	challenge_SSA-MTE	hyp1	News	NaN	31.361026763916016
644	645	en	luo	challenge_SSA-MTE	hyp1	News	NaN	25.25432777404785
645	646	en	luo	challenge_SSA-MTE	hyp1	News	NaN	35.317955017089844
646	647	en	luo	challenge_SSA-MTE	hyp1	News	NaN	35.591148376464844
647	648	en	luo	challenge_SSA-MTE	hyp1	News	NaN	20.797138214111328
648	649	en	luo	challenge_SSA-MTE	hyp1	News	NaN	33.84123992919922
649	650	en	luo	challenge_SSA-MTE	hyp1	News	NaN	30.813068389892578
650	651	en	luo	challenge_SSA-MTE	hyp1	News	NaN	30.348703384399414
651	652	en	luo	challenge_SSA-MTE	hyp1	News	NaN	31.739669799804688
652	653	en	luo	challenge_SSA-MTE	hyp1	News	NaN	49.831695556640625
653	654	en	luo	challenge_SSA-MTE	hyp1	News	NaN	36.53211975097656
654	655	en	luo	challenge_SSA-MTE	hyp1	News	NaN	24.21695327758789
655	656	en	luo	challenge_SSA-MTE	hyp1	News	NaN	44.8088493347168
656	657	en	luo	challenge_SSA-MTE	hyp1	News	NaN	23.68768310546875
657	658	en	luo	challenge_SSA-MTE	hyp1	News	NaN	41.74754333496094
658	659	en	luo	challenge_SSA-MTE	hyp1	News	NaN	18.67108154296875
659	660	en	luo	challenge_SSA-MTE	hyp1	News	NaN	37.40193557739258
660	661	en	luo	challenge_SSA-MTE	hyp1	News	NaN	30.79030990600586
661	662	en	luo	challenge_SSA-MTE	hyp1	News	NaN	28.83610725402832
662	663	en	luo	challenge_SSA-MTE	hyp1	News	NaN	25.438594818115234
663	664	en	luo	challenge_SSA-MTE	hyp1	News	NaN	16.748979568481445
664	665	en	luo	challenge_SSA-MTE	hyp1	News	NaN	31.24173927307129
665	666	en	luo	challenge_SSA-MTE	hyp1	News	NaN	36.010780334472656
666	667	en	luo	challenge_SSA-MTE	hyp1	News	NaN	25.066680908203125
667	668	en	luo	challenge_SSA-MTE	hyp1	News	NaN	26.19281005859375
668	669	en	luo	challenge_SSA-MTE	hyp1	News	NaN	33.110782623291016
669	670	en	luo	challenge_SSA-MTE	hyp1	News	NaN	33.33296585083008
670	671	en	luo	challenge_SSA-MTE	hyp1	News	NaN	37.05248260498047
671	672	en	luo	challenge_SSA-MTE	hyp1	News	NaN	41.297515869140625
672	673	en	luo	challenge_SSA-MTE	hyp1	News	NaN	31.95760726928711
673	674	en	luo	challenge_SSA-MTE	hyp1	News	NaN	37.2956657409668
674	675	en	luo	challenge_SSA-MTE	hyp1	News	NaN	31.001882553100586
675	676	en	luo	challenge_SSA-MTE	hyp1	News	NaN	23.36859893798828
676	677	en	luo	challenge_SSA-MTE	hyp1	News	NaN	46.02183532714844
677	678	en	luo	challenge_SSA-MTE	hyp1	News	NaN	22.03280258178711
678	679	en	luo	challenge_SSA-MTE	hyp1	News	NaN	31.044883728027344
679	680	en	luo	challenge_SSA-MTE	hyp1	News	NaN	37.488075256347656
680	681	en	luo	challenge_SSA-MTE	hyp1	News	NaN	24.494178771972656
681	682	en	luo	challenge_SSA-MTE	hyp1	News	NaN	26.721752166748047
682	683	en	luo	challenge_SSA-MTE	hyp1	News	NaN	22.66952133178711
683	684	en	luo	challenge_SSA-MTE	hyp1	News	NaN	23.177043914794922
684	685	en	luo	challenge_SSA-MTE	hyp1	News	NaN	25.51715087890625
685	686	en	luo	challenge_SSA-MTE	hyp1	News	NaN	34.40739059448242
686	687	en	luo	challenge_SSA-MTE	hyp1	News	NaN	24.365985870361328
687	688	en	luo	challenge_SSA-MTE	hyp1	News	NaN	30.12405776977539
688	689	en	luo	challenge_SSA-MTE	hyp1	News	NaN	39.80015563964844
689	690	en	luo	challenge_SSA-MTE	hyp1	News	NaN	24.736984252929688
690	691	en	luo	challenge_SSA-MTE	hyp1	News	NaN	38.636085510253906
691	692	en	luo	challenge_SSA-MTE	hyp1	News	NaN	32.19171142578125
692	693	en	luo	challenge_SSA-MTE	hyp1	News	NaN	28.90160369873047
693	694	en	luo	challenge_SSA-MTE	hyp1	News	NaN	46.954986572265625
694	695	en	luo	challenge_SSA-MTE	hyp1	News	NaN	32.18741226196289
695	696	en	luo	challenge_SSA-MTE	hyp1	News	NaN	31.145376205444336
696	697	en	luo	challenge_SSA-MTE	hyp1	News	NaN	21.17339324951172
697	698	en	luo	challenge_SSA-MTE	hyp1	News	NaN	24.810482025146484
698	699	en	luo	challenge_SSA-MTE	hyp1	News	NaN	23.036006927490234
699	700	en	luo	challenge_SSA-MTE	hyp1	News	NaN	38.668514251708984
700	701	en	luo	challenge_SSA-MTE	hyp1	News	NaN	16.93533706665039
701	702	en	luo	challenge_SSA-MTE	hyp1	News	NaN	22.419212341308594
702	703	en	luo	challenge_SSA-MTE	hyp1	News	NaN	15.612320899963379
703	704	en	luo	challenge_SSA-MTE	hyp1	News	NaN	15.67686653137207
704	705	en	luo	challenge_SSA-MTE	hyp1	News	NaN	15.28300666809082
705	706	en	luo	challenge_SSA-MTE	hyp1	News	NaN	13.859830856323242
706	707	en	luo	challenge_SSA-MTE	hyp1	News	NaN	18.040264129638672
707	708	en	luo	challenge_SSA-MTE	hyp1	News	NaN	16.340309143066406
708	709	en	luo	challenge_SSA-MTE	hyp1	News	NaN	10.461400985717773
709	710	en	luo	challenge_SSA-MTE	hyp1	News	NaN	35.40412139892578
710	711	en	luo	challenge_SSA-MTE	hyp1	News	NaN	24.161624908447266
711	712	en	luo	challenge_SSA-MTE	hyp1	News	NaN	20.063058853149414
712	713	en	luo	challenge_SSA-MTE	hyp1	News	NaN	26.628284454345703
713	714	en	luo	challenge_SSA-MTE	hyp1	News	NaN	33.8447151184082
714	715	en	luo	challenge_SSA-MTE	hyp1	News	NaN	23.05062484741211
715	716	en	luo	challenge_SSA-MTE	hyp1	News	NaN	22.39626121520996
716	717	en	luo	challenge_SSA-MTE	hyp1	News	NaN	28.963218688964844
717	718	en	luo	challenge_SSA-MTE	hyp1	News	NaN	23.38661003112793
718	719	en	luo	challenge_SSA-MTE	hyp1	News	NaN	13.732735633850098
719	720	en	luo	challenge_SSA-MTE	hyp1	News	NaN	29.012500762939453
720	721	en	luo	challenge_SSA-MTE	hyp1	News	NaN	23.42889404296875
721	722	en	luo	challenge_SSA-MTE	hyp1	News	NaN	17.812368392944336
722	723	en	luo	challenge_SSA-MTE	hyp1	News	NaN	23.967918395996094
723	724	en	luo	challenge_SSA-MTE	hyp1	News	NaN	22.926551818847656
724	725	en	luo	challenge_SSA-MTE	hyp1	News	NaN	36.548072814941406
725	726	en	luo	challenge_SSA-MTE	hyp1	News	NaN	26.834453582763672
726	727	en	luo	challenge_SSA-MTE	hyp1	News	NaN	18.60348892211914
727	728	en	luo	challenge_SSA-MTE	hyp1	News	NaN	15.528871536254883
728	729	en	luo	challenge_SSA-MTE	hyp1	News	NaN	30.000011444091797
729	730	en	luo	challenge_SSA-MTE	hyp1	News	NaN	26.406200408935547
730	731	en	luo	challenge_SSA-MTE	hyp1	News	NaN	32.037723541259766
731	732	en	luo	challenge_SSA-MTE	hyp1	News	NaN	30.79480743408203
732	733	en	luo	challenge_SSA-MTE	hyp1	News	NaN	37.95033264160156
733	734	en	luo	challenge_SSA-MTE	hyp1	News	NaN	26.960657119750977
734	735	en	luo	challenge_SSA-MTE	hyp1	News	NaN	30.8541259765625
735	736	en	luo	challenge_SSA-MTE	hyp1	News	NaN	35.780120849609375
736	737	en	luo	challenge_SSA-MTE	hyp1	News	NaN	39.98947525024414
737	738	en	luo	challenge_SSA-MTE	hyp1	News	NaN	34.62381362915039
738	739	en	luo	challenge_SSA-MTE	hyp1	News	NaN	38.457191467285156
739	740	en	luo	challenge_SSA-MTE	hyp1	News	NaN	22.473793029785156
740	741	en	luo	challenge_SSA-MTE	hyp1	News	NaN	42.36083984375
741	742	en	luo	challenge_SSA-MTE	hyp1	News	NaN	20.956716537475586
742	743	en	luo	challenge_SSA-MTE	hyp1	News	NaN	23.824560165405273
743	744	en	luo	challenge_SSA-MTE	hyp1	News	NaN	27.633228302001953
744	745	en	luo	challenge_SSA-MTE	hyp1	News	NaN	24.079845428466797
745	746	en	luo	challenge_SSA-MTE	hyp1	News	NaN	20.49505615234375
746	747	en	luo	challenge_SSA-MTE	hyp1	News	NaN	46.29930114746094
747	748	en	luo	challenge_SSA-MTE	hyp1	News	NaN	30.95831298828125
748	749	en	luo	challenge_SSA-MTE	hyp1	News	NaN	20.47169303894043
749	750	en	luo	challenge_SSA-MTE	hyp1	News	NaN	30.859615325927734
750	751	en	luo	challenge_SSA-MTE	hyp1	News	NaN	26.64737892150879
751	752	en	luo	challenge_SSA-MTE	hyp1	News	NaN	13.994099617004395
752	753	en	luo	challenge_SSA-MTE	hyp1	News	NaN	34.04686737060547
753	754	en	luo	challenge_SSA-MTE	hyp1	News	NaN	26.288909912109375
754	755	en	luo	challenge_SSA-MTE	hyp1	News	NaN	18.663795471191406
755	756	en	luo	challenge_SSA-MTE	hyp1	News	NaN	30.07469940185547
756	757	en	luo	challenge_SSA-MTE	hyp1	News	NaN	32.59071350097656
757	758	en	luo	challenge_SSA-MTE	hyp1	News	NaN	27.44295883178711
758	759	en	luo	challenge_SSA-MTE	hyp1	News	NaN	29.54417610168457
759	760	en	luo	challenge_SSA-MTE	hyp1	News	NaN	29.005184173583984
760	761	en	luo	challenge_SSA-MTE	hyp1	News	NaN	37.039581298828125
761	762	en	luo	challenge_SSA-MTE	hyp1	News	NaN	19.326213836669922
762	763	en	luo	challenge_SSA-MTE	hyp1	News	NaN	35.0284423828125
763	764	en	luo	challenge_SSA-MTE	hyp1	News	NaN	24.00474739074707
764	765	en	luo	challenge_SSA-MTE	hyp1	News	NaN	31.042701721191406
765	766	en	luo	challenge_SSA-MTE	hyp1	News	NaN	24.28668975830078
766	767	en	luo	challenge_SSA-MTE	hyp1	News	NaN	26.28844451904297
767	768	en	luo	challenge_SSA-MTE	hyp1	News	NaN	20.088695526123047
768	769	en	luo	challenge_SSA-MTE	hyp1	News	NaN	26.693675994873047
769	770	en	luo	challenge_SSA-MTE	hyp1	News	NaN	13.333142280578613
770	771	en	luo	challenge_SSA-MTE	hyp1	News	NaN	15.056917190551758
771	772	en	luo	challenge_SSA-MTE	hyp1	News	NaN	23.32977294921875
772	773	en	luo	challenge_SSA-MTE	hyp1	News	NaN	-5.323765277862549
773	774	en	luo	challenge_SSA-MTE	hyp1	News	NaN	15.629364967346191
774	775	en	luo	challenge_SSA-MTE	hyp1	News	NaN	18.98807144165039
775	776	en	luo	challenge_SSA-MTE	hyp1	News	NaN	26.423799514770508
776	777	en	luo	challenge_SSA-MTE	hyp1	News	NaN	31.77184295654297
777	778	en	luo	challenge_SSA-MTE	hyp1	News	NaN	35.83932876586914
778	779	en	luo	challenge_SSA-MTE	hyp1	News	NaN	36.326812744140625
779	780	en	luo	challenge_SSA-MTE	hyp1	News	NaN	34.704776763916016
780	781	en	luo	challenge_SSA-MTE	hyp1	News	NaN	29.63421058654785
781	782	en	luo	challenge_SSA-MTE	hyp1	News	NaN	27.70547866821289
782	783	en	luo	challenge_SSA-MTE	hyp1	News	NaN	26.707918167114258
783	784	en	luo	challenge_SSA-MTE	hyp1	News	NaN	36.40309143066406
784	785	en	luo	challenge_SSA-MTE	hyp1	News	NaN	40.22893142700195
785	786	en	luo	challenge_SSA-MTE	hyp1	News	NaN	25.728225708007812
786	787	en	luo	challenge_SSA-MTE	hyp1	News	NaN	24.746292114257812
787	788	en	luo	challenge_SSA-MTE	hyp1	News	NaN	21.874107360839844
788	789	en	luo	challenge_SSA-MTE	hyp1	News	NaN	26.045196533203125
789	790	en	luo	challenge_SSA-MTE	hyp1	News	NaN	31.374286651611328
790	791	en	luo	challenge_SSA-MTE	hyp1	News	NaN	13.179169654846191
791	792	en	luo	challenge_SSA-MTE	hyp1	News	NaN	24.1148624420166
792	793	en	luo	challenge_SSA-MTE	hyp1	News	NaN	23.471778869628906
793	794	en	luo	challenge_SSA-MTE	hyp1	News	NaN	34.2115592956543
794	795	en	luo	challenge_SSA-MTE	hyp1	News	NaN	27.660228729248047
795	796	en	luo	challenge_SSA-MTE	hyp1	News	NaN	54.226417541503906
796	797	en	luo	challenge_SSA-MTE	hyp1	News	NaN	42.208038330078125
797	798	en	luo	challenge_SSA-MTE	hyp1	News	NaN	36.23973846435547
798	799	en	luo	challenge_SSA-MTE	hyp1	News	NaN	32.97517013549805
799	800	en	luo	challenge_SSA-MTE	hyp1	News	NaN	27.99126434326172
800	801	en	luo	challenge_SSA-MTE	hyp1	News	NaN	28.31743812561035
801	802	en	luo	challenge_SSA-MTE	hyp1	News	NaN	31.381784439086914
802	803	en	luo	challenge_SSA-MTE	hyp1	News	NaN	28.890283584594727
803	804	en	luo	challenge_SSA-MTE	hyp1	News	NaN	30.39788055419922
804	805	en	luo	challenge_SSA-MTE	hyp1	News	NaN	42.53706741333008
805	806	en	luo	challenge_SSA-MTE	hyp1	News	NaN	29.8638916015625
806	807	en	luo	challenge_SSA-MTE	hyp1	News	NaN	31.523162841796875
807	808	en	luo	challenge_SSA-MTE	hyp1	News	NaN	31.550230026245117
808	809	en	luo	challenge_SSA-MTE	hyp1	News	NaN	41.590728759765625
809	810	en	luo	challenge_SSA-MTE	hyp1	News	NaN	47.534210205078125
810	811	en	luo	challenge_SSA-MTE	hyp1	News	NaN	24.91961097717285
811	812	en	luo	challenge_SSA-MTE	hyp1	News	NaN	15.237935066223145
812	813	en	luo	challenge_SSA-MTE	hyp1	News	NaN	13.984766006469727
813	814	en	luo	challenge_SSA-MTE	hyp1	News	NaN	22.676288604736328
814	815	en	luo	challenge_SSA-MTE	hyp1	News	NaN	19.739093780517578
815	816	en	luo	challenge_SSA-MTE	hyp1	News	NaN	6.285050392150879
816	817	en	luo	challenge_SSA-MTE	hyp1	News	NaN	26.28262710571289
817	818	en	luo	challenge_SSA-MTE	hyp1	News	NaN	22.02475357055664
818	819	en	luo	challenge_SSA-MTE	hyp1	News	NaN	18.97185516357422
819	820	en	luo	challenge_SSA-MTE	hyp1	News	NaN	21.002548217773438
820	821	en	luo	challenge_SSA-MTE	hyp1	News	NaN	12.012129783630371
821	822	en	luo	challenge_SSA-MTE	hyp1	News	NaN	24.84979248046875
822	823	en	luo	challenge_SSA-MTE	hyp1	News	NaN	28.05500602722168
823	824	en	luo	challenge_SSA-MTE	hyp1	News	NaN	27.699432373046875
824	825	en	luo	challenge_SSA-MTE	hyp1	News	NaN	32.57796859741211
825	826	en	luo	challenge_SSA-MTE	hyp1	News	NaN	24.531309127807617
826	827	en	luo	challenge_SSA-MTE	hyp1	News	NaN	27.34612464904785
827	828	en	luo	challenge_SSA-MTE	hyp1	News	NaN	22.92290687561035
828	829	en	luo	challenge_SSA-MTE	hyp1	News	NaN	16.35198211669922
829	830	en	luo	challenge_SSA-MTE	hyp1	News	NaN	16.999101638793945
830	831	en	luo	challenge_SSA-MTE	hyp1	News	NaN	24.701690673828125
831	832	en	luo	challenge_SSA-MTE	hyp1	News	NaN	20.159406661987305
832	833	en	luo	challenge_SSA-MTE	hyp1	News	NaN	24.671077728271484
833	834	en	luo	challenge_SSA-MTE	hyp1	News	NaN	23.252830505371094
834	835	en	luo	challenge_SSA-MTE	hyp1	News	NaN	20.116077423095703
835	836	en	luo	challenge_SSA-MTE	hyp1	News	NaN	23.681604385375977
836	837	en	luo	challenge_SSA-MTE	hyp1	News	NaN	24.405439376831055
837	838	en	luo	challenge_SSA-MTE	hyp1	News	NaN	24.99688148498535
838	839	en	luo	challenge_SSA-MTE	hyp1	News	NaN	27.27297592163086
839	840	en	luo	challenge_SSA-MTE	hyp1	News	NaN	25.652076721191406
840	841	en	luo	challenge_SSA-MTE	hyp1	News	NaN	29.342079162597656
841	842	en	luo	challenge_SSA-MTE	hyp1	News	NaN	24.670276641845703
842	843	en	luo	challenge_SSA-MTE	hyp1	News	NaN	21.61371421813965
843	844	en	luo	challenge_SSA-MTE	hyp1	News	NaN	32.960906982421875
844	845	en	luo	challenge_SSA-MTE	hyp1	News	NaN	29.80095100402832
845	846	en	luo	challenge_SSA-MTE	hyp1	News	NaN	20.83518409729004
846	847	en	luo	challenge_SSA-MTE	hyp1	News	NaN	20.798744201660156
847	848	en	luo	challenge_SSA-MTE	hyp1	News	NaN	24.469024658203125
848	849	en	luo	challenge_SSA-MTE	hyp1	News	NaN	25.721118927001953
849	850	en	luo	challenge_SSA-MTE	hyp1	News	NaN	23.579708099365234
850	851	en	luo	challenge_SSA-MTE	hyp1	News	NaN	36.29364013671875
851	852	en	luo	challenge_SSA-MTE	hyp1	News	NaN	25.79404067993164
852	853	en	luo	challenge_SSA-MTE	hyp1	News	NaN	27.504785537719727
853	854	en	luo	challenge_SSA-MTE	hyp1	News	NaN	28.000469207763672
854	855	en	luo	challenge_SSA-MTE	hyp1	News	NaN	21.568370819091797
855	856	en	luo	challenge_SSA-MTE	hyp1	News	NaN	29.227479934692383
856	857	en	luo	challenge_SSA-MTE	hyp1	News	NaN	24.894893646240234
857	858	en	luo	challenge_SSA-MTE	hyp1	News	NaN	14.614408493041992
858	859	en	luo	challenge_SSA-MTE	hyp1	News	NaN	19.92247200012207
859	860	en	luo	challenge_SSA-MTE	hyp1	News	NaN	17.974308013916016
860	861	en	luo	challenge_SSA-MTE	hyp1	News	NaN	13.343328475952148
861	862	en	luo	challenge_SSA-MTE	hyp1	News	NaN	26.634780883789062
862	863	en	luo	challenge_SSA-MTE	hyp1	News	NaN	23.292007446289062
863	864	en	luo	challenge_SSA-MTE	hyp1	News	NaN	24.129871368408203
864	865	en	luo	challenge_SSA-MTE	hyp1	News	NaN	37.608604431152344
865	866	en	luo	challenge_SSA-MTE	hyp1	News	NaN	38.239078521728516
866	867	en	luo	challenge_SSA-MTE	hyp1	News	NaN	30.946002960205078
867	868	en	luo	challenge_SSA-MTE	hyp1	News	NaN	26.489864349365234
868	869	en	luo	challenge_SSA-MTE	hyp1	News	NaN	34.48303985595703
869	870	en	luo	challenge_SSA-MTE	hyp1	News	NaN	24.536771774291992
870	871	en	luo	challenge_SSA-MTE	hyp1	News	NaN	30.229198455810547
871	872	en	luo	challenge_SSA-MTE	hyp1	News	NaN	36.2557373046875
872	873	en	luo	challenge_SSA-MTE	hyp1	News	NaN	36.213905334472656
873	874	en	luo	challenge_SSA-MTE	hyp1	News	NaN	28.775264739990234
874	875	en	luo	challenge_SSA-MTE	hyp1	News	NaN	26.86524200439453
875	876	en	luo	challenge_SSA-MTE	hyp1	News	NaN	17.642196655273438
876	877	en	luo	challenge_SSA-MTE	hyp1	News	NaN	23.548383712768555
877	878	en	luo	challenge_SSA-MTE	hyp1	News	NaN	25.866973876953125
878	879	en	luo	challenge_SSA-MTE	hyp1	News	NaN	31.476810455322266
879	880	en	luo	challenge_SSA-MTE	hyp1	News	NaN	28.34259033203125
880	881	en	luo	challenge_SSA-MTE	hyp1	News	NaN	29.086240768432617
881	882	en	luo	challenge_SSA-MTE	hyp1	News	NaN	33.389991760253906
882	883	en	luo	challenge_SSA-MTE	hyp1	News	NaN	24.823450088500977
883	884	en	luo	challenge_SSA-MTE	hyp1	News	NaN	31.704036712646484
884	885	en	luo	challenge_SSA-MTE	hyp1	News	NaN	31.698070526123047
885	886	en	luo	challenge_SSA-MTE	hyp1	News	NaN	38.796661376953125
886	887	en	luo	challenge_SSA-MTE	hyp1	News	NaN	18.217453002929688
887	888	en	luo	challenge_SSA-MTE	hyp1	News	NaN	26.549989700317383
888	889	en	luo	challenge_SSA-MTE	hyp1	News	NaN	30.59036636352539
889	890	en	luo	challenge_SSA-MTE	hyp1	News	NaN	21.85484504699707
890	891	en	luo	challenge_SSA-MTE	hyp1	News	NaN	18.410400390625
891	892	en	luo	challenge_SSA-MTE	hyp1	News	NaN	30.111679077148438
892	893	en	luo	challenge_SSA-MTE	hyp1	News	NaN	25.826358795166016
893	894	en	luo	challenge_SSA-MTE	hyp1	News	NaN	21.983732223510742
894	895	en	luo	challenge_SSA-MTE	hyp1	News	NaN	30.061073303222656
895	896	en	luo	challenge_SSA-MTE	hyp1	News	NaN	19.90790367126465
896	897	en	luo	challenge_SSA-MTE	hyp1	News	NaN	39.93217468261719
897	898	en	luo	challenge_SSA-MTE	hyp1	News	NaN	31.149036407470703
898	899	en	luo	challenge_SSA-MTE	hyp1	News	NaN	35.302032470703125
899	900	en	luo	challenge_SSA-MTE	hyp1	News	NaN	40.64349365234375
900	901	en	luo	challenge_SSA-MTE	hyp1	News	NaN	47.52142333984375
901	902	en	luo	challenge_SSA-MTE	hyp1	News	NaN	33.98042297363281
902	903	en	luo	challenge_SSA-MTE	hyp1	News	NaN	21.58834457397461
903	904	en	luo	challenge_SSA-MTE	hyp1	News	NaN	30.077842712402344
904	905	en	luo	challenge_SSA-MTE	hyp1	News	NaN	34.61780548095703
905	906	en	luo	challenge_SSA-MTE	hyp1	News	NaN	40.60955047607422
906	907	en	luo	challenge_SSA-MTE	hyp1	News	NaN	24.868370056152344
907	908	en	luo	challenge_SSA-MTE	hyp1	News	NaN	22.15069580078125
908	909	en	luo	challenge_SSA-MTE	hyp1	News	NaN	11.181766510009766
909	910	en	luo	challenge_SSA-MTE	hyp1	News	NaN	20.060596466064453
910	911	en	luo	challenge_SSA-MTE	hyp1	News	NaN	23.91126251220703
911	912	en	luo	challenge_SSA-MTE	hyp1	News	NaN	24.876724243164062
912	913	en	luo	challenge_SSA-MTE	hyp1	News	NaN	33.79356384277344
913	914	en	luo	challenge_SSA-MTE	hyp1	News	NaN	25.733356475830078
914	915	en	luo	challenge_SSA-MTE	hyp1	News	NaN	27.76331329345703
915	916	en	luo	challenge_SSA-MTE	hyp1	News	NaN	33.37654113769531
916	917	en	luo	challenge_SSA-MTE	hyp1	News	NaN	32.3294792175293
917	918	en	luo	challenge_SSA-MTE	hyp1	News	NaN	17.68608856201172
918	919	en	luo	challenge_SSA-MTE	hyp1	News	NaN	29.103012084960938
919	920	en	luo	challenge_SSA-MTE	hyp1	News	NaN	19.605587005615234
920	921	en	luo	challenge_SSA-MTE	hyp1	News	NaN	32.67047882080078
921	922	en	luo	challenge_SSA-MTE	hyp1	News	NaN	20.723804473876953
922	923	en	luo	challenge_SSA-MTE	hyp1	News	NaN	18.1638126373291
923	924	en	luo	challenge_SSA-MTE	hyp1	News	NaN	24.21370506286621
924	925	en	luo	challenge_SSA-MTE	hyp1	News	NaN	26.912643432617188
925	926	en	luo	challenge_SSA-MTE	hyp1	News	NaN	22.710763931274414
926	927	en	luo	challenge_SSA-MTE	hyp1	News	NaN	23.898767471313477
927	928	en	luo	challenge_SSA-MTE	hyp1	News	NaN	23.407516479492188
928	929	en	luo	challenge_SSA-MTE	hyp1	News	NaN	25.667020797729492
929	930	en	luo	challenge_SSA-MTE	hyp1	News	NaN	20.47336769104004
930	931	en	luo	challenge_SSA-MTE	hyp1	News	NaN	27.695507049560547
931	932	en	luo	challenge_SSA-MTE	hyp1	News	NaN	22.154903411865234
932	933	en	luo	challenge_SSA-MTE	hyp1	News	NaN	25.293127059936523
933	934	en	luo	challenge_SSA-MTE	hyp1	News	NaN	14.905356407165527
934	935	en	luo	challenge_SSA-MTE	hyp1	News	NaN	23.56520652770996
935	936	en	luo	challenge_SSA-MTE	hyp1	News	NaN	18.814224243164062
936	937	en	luo	challenge_SSA-MTE	hyp1	News	NaN	17.134782791137695
937	938	en	luo	challenge_SSA-MTE	hyp1	News	NaN	25.944631576538086
938	939	en	luo	challenge_SSA-MTE	hyp1	News	NaN	9.167261123657227
939	940	en	luo	challenge_SSA-MTE	hyp1	News	NaN	20.931827545166016
940	941	en	luo	challenge_SSA-MTE	hyp1	News	NaN	14.259061813354492
941	942	en	luo	challenge_SSA-MTE	hyp1	News	NaN	20.324676513671875
942	943	en	luo	challenge_SSA-MTE	hyp1	News	NaN	16.743167877197266
943	944	en	luo	challenge_SSA-MTE	hyp1	News	NaN	25.04444122314453
944	945	en	luo	challenge_SSA-MTE	hyp1	News	NaN	25.79046630859375
945	946	en	luo	challenge_SSA-MTE	hyp1	News	NaN	30.05974769592285
946	947	en	luo	challenge_SSA-MTE	hyp1	News	NaN	24.12248420715332
947	948	en	luo	challenge_SSA-MTE	hyp1	News	NaN	24.03789520263672
948	949	en	luo	challenge_SSA-MTE	hyp1	News	NaN	27.251140594482422
949	950	en	luo	challenge_SSA-MTE	hyp1	News	NaN	10.324541091918945
950	951	en	luo	challenge_SSA-MTE	hyp1	News	NaN	8.747587203979492
951	952	en	luo	challenge_SSA-MTE	hyp1	News	NaN	21.911659240722656
952	953	en	luo	challenge_SSA-MTE	hyp1	News	NaN	10.35689926147461
953	954	en	luo	challenge_SSA-MTE	hyp1	News	NaN	16.915239334106445
954	955	en	luo	challenge_SSA-MTE	hyp1	News	NaN	23.760025024414062
955	956	en	luo	challenge_SSA-MTE	hyp1	News	NaN	41.02180480957031
956	957	en	luo	challenge_SSA-MTE	hyp1	News	NaN	37.485836029052734
957	958	en	luo	challenge_SSA-MTE	hyp1	News	NaN	8.181180953979492
958	959	en	luo	challenge_SSA-MTE	hyp1	News	NaN	42.33777618408203
959	960	en	luo	challenge_SSA-MTE	hyp1	News	NaN	28.086383819580078
960	961	en	luo	challenge_SSA-MTE	hyp1	News	NaN	26.586814880371094
961	962	en	luo	challenge_SSA-MTE	hyp1	News	NaN	19.192161560058594
962	963	en	luo	challenge_SSA-MTE	hyp1	News	NaN	16.928951263427734
963	964	en	luo	challenge_SSA-MTE	hyp1	News	NaN	31.987911224365234
964	965	en	luo	challenge_SSA-MTE	hyp1	News	NaN	24.758365631103516
965	966	en	luo	challenge_SSA-MTE	hyp1	News	NaN	33.08042526245117
966	967	en	luo	challenge_SSA-MTE	hyp1	News	NaN	27.680091857910156
967	968	en	luo	challenge_SSA-MTE	hyp1	News	NaN	37.99440002441406
968	969	en	luo	challenge_SSA-MTE	hyp1	News	NaN	24.87013053894043
969	970	en	luo	challenge_SSA-MTE	hyp1	News	NaN	40.38302230834961
970	971	en	luo	challenge_SSA-MTE	hyp1	News	NaN	30.927751541137695
971	972	en	luo	challenge_SSA-MTE	hyp1	News	NaN	51.92662048339844
972	973	en	luo	challenge_SSA-MTE	hyp1	News	NaN	38.91127014160156
973	974	en	luo	challenge_SSA-MTE	hyp1	News	NaN	27.77377700805664
974	975	en	luo	challenge_SSA-MTE	hyp1	News	NaN	39.285118103027344
975	976	en	luo	challenge_SSA-MTE	hyp1	News	NaN	37.84221267700195
976	977	en	luo	challenge_SSA-MTE	hyp1	News	NaN	39.28351593017578
977	978	en	luo	challenge_SSA-MTE	hyp1	News	NaN	22.997900009155273
978	979	en	luo	challenge_SSA-MTE	hyp1	News	NaN	27.329513549804688
979	980	en	luo	challenge_SSA-MTE	hyp1	News	NaN	30.901344299316406
980	981	en	luo	challenge_SSA-MTE	hyp1	News	NaN	33.93769836425781
981	982	en	luo	challenge_SSA-MTE	hyp1	News	NaN	39.998748779296875
982	983	en	luo	challenge_SSA-MTE	hyp1	News	NaN	24.6236629486084
983	984	en	luo	challenge_SSA-MTE	hyp1	News	NaN	25.97060775756836
984	985	en	luo	challenge_SSA-MTE	hyp1	News	NaN	14.166260719299316
985	986	en	luo	challenge_SSA-MTE	hyp1	News	NaN	35.97638702392578
986	987	en	luo	challenge_SSA-MTE	hyp1	News	NaN	26.849246978759766
987	988	en	luo	challenge_SSA-MTE	hyp1	News	NaN	3.4307501316070557
988	989	en	luo	challenge_SSA-MTE	hyp1	News	NaN	29.268314361572266
989	990	en	luo	challenge_SSA-MTE	hyp1	News	NaN	21.95469856262207
990	991	en	luo	challenge_SSA-MTE	hyp1	News	NaN	34.09711456298828
991	992	en	luo	challenge_SSA-MTE	hyp1	News	NaN	25.542556762695312
992	993	en	luo	challenge_SSA-MTE	hyp1	News	NaN	27.278160095214844
993	994	en	luo	challenge_SSA-MTE	hyp1	News	NaN	21.26496124267578
994	995	en	luo	challenge_SSA-MTE	hyp1	News	NaN	21.91111183166504
995	996	en	luo	challenge_SSA-MTE	hyp1	News	NaN	26.710939407348633
996	997	en	luo	challenge_SSA-MTE	hyp1	News	NaN	18.769245147705078
997	998	en	luo	challenge_SSA-MTE	hyp1	News	NaN	15.232624053955078
998	999	en	luo	challenge_SSA-MTE	hyp1	News	NaN	20.661067962646484
999	1000	en	luo	challenge_SSA-MTE	hyp1	News	NaN	15.018074035644531
1000	1001	en	luo	challenge_SSA-MTE	hyp1	News	NaN	26.90859603881836
1001	1002	en	luo	challenge_SSA-MTE	hyp1	News	NaN	29.767147064208984
1002	1003	en	luo	challenge_SSA-MTE	hyp1	News	NaN	28.05572509765625
1003	1004	en	luo	challenge_SSA-MTE	hyp1	News	NaN	34.19686508178711
1004	1005	en	luo	challenge_SSA-MTE	hyp1	News	NaN	19.859760284423828
1005	1006	en	luo	challenge_SSA-MTE	hyp1	News	NaN	40.313682556152344
1006	1007	en	luo	challenge_SSA-MTE	hyp1	News	NaN	28.853696823120117
1007	1008	en	luo	challenge_SSA-MTE	hyp1	News	NaN	36.075462341308594
1008	1009	en	luo	challenge_SSA-MTE	hyp1	News	NaN	27.404891967773438
1009	1010	en	luo	challenge_SSA-MTE	hyp1	News	NaN	28.18468475341797
1010	1011	en	luo	challenge_SSA-MTE	hyp1	News	NaN	27.053499221801758
1011	1012	en	luo	challenge_SSA-MTE	hyp1	News	NaN	23.053264617919922
1012	1013	en	luo	challenge_SSA-MTE	hyp1	News	NaN	24.593536376953125
1013	1014	en	luo	challenge_SSA-MTE	hyp1	News	NaN	38.5185661315918
1014	1015	en	luo	challenge_SSA-MTE	hyp1	News	NaN	24.99056053161621
1015	1016	en	luo	challenge_SSA-MTE	hyp1	News	NaN	23.64133644104004
1016	1017	en	luo	challenge_SSA-MTE	hyp1	News	NaN	25.917434692382812
1017	1018	en	luo	challenge_SSA-MTE	hyp1	News	NaN	14.808791160583496
1018	1019	en	luo	challenge_SSA-MTE	hyp1	News	NaN	26.144634246826172
1019	1020	en	luo	challenge_SSA-MTE	hyp1	News	NaN	22.555740356445312
1020	1021	en	luo	challenge_SSA-MTE	hyp1	News	NaN	16.13802719116211
1021	1022	en	luo	challenge_SSA-MTE	hyp1	News	NaN	20.02385711669922
1022	1023	en	luo	challenge_SSA-MTE	hyp1	News	NaN	28.136119842529297
1023	1024	en	luo	challenge_SSA-MTE	hyp1	News	NaN	24.713951110839844
1024	1025	en	luo	challenge_SSA-MTE	hyp1	News	NaN	20.35041618347168
1025	1026	en	luo	challenge_SSA-MTE	hyp1	News	NaN	2.330019235610962
1026	1027	en	luo	challenge_SSA-MTE	hyp1	News	NaN	21.302330017089844
1027	1028	en	luo	challenge_SSA-MTE	hyp1	News	NaN	26.427553176879883
1028	1029	en	luo	challenge_SSA-MTE	hyp1	News	NaN	24.469270706176758
1029	1030	en	luo	challenge_SSA-MTE	hyp1	News	NaN	33.33076477050781
1030	1031	en	luo	challenge_SSA-MTE	hyp1	News	NaN	28.52950096130371
1031	1032	en	luo	challenge_SSA-MTE	hyp1	News	NaN	23.28305435180664
1032	1033	en	luo	challenge_SSA-MTE	hyp1	News	NaN	30.677261352539062
1033	1034	en	luo	challenge_SSA-MTE	hyp1	News	NaN	34.20795822143555
1034	1035	en	luo	challenge_SSA-MTE	hyp1	News	NaN	21.72199249267578
1035	1036	en	luo	challenge_SSA-MTE	hyp1	News	NaN	24.843719482421875
1036	1037	en	luo	challenge_SSA-MTE	hyp1	News	NaN	23.299076080322266
1037	1038	en	luo	challenge_SSA-MTE	hyp1	News	NaN	20.632549285888672
1038	1039	en	luo	challenge_SSA-MTE	hyp1	News	NaN	26.01544952392578
1039	1040	en	luo	challenge_SSA-MTE	hyp1	News	NaN	23.674819946289062
1040	1041	en	luo	challenge_SSA-MTE	hyp1	News	NaN	32.52157211303711
1041	1042	en	luo	challenge_SSA-MTE	hyp1	News	NaN	22.579448699951172
1042	1043	en	luo	challenge_SSA-MTE	hyp1	News	NaN	21.841371536254883
1043	1044	en	luo	challenge_SSA-MTE	hyp1	News	NaN	38.3675422668457
1044	1045	en	luo	challenge_SSA-MTE	hyp1	News	NaN	24.47223663330078
1045	1046	en	luo	challenge_SSA-MTE	hyp1	News	NaN	26.80482292175293
1046	1047	en	luo	challenge_SSA-MTE	hyp1	News	NaN	13.910905838012695
1047	1048	en	luo	challenge_SSA-MTE	hyp1	News	NaN	22.908124923706055
1048	1049	en	luo	challenge_SSA-MTE	hyp1	News	NaN	35.64472579956055
1049	1050	en	luo	challenge_SSA-MTE	hyp1	News	NaN	23.416805267333984
1050	1051	en	luo	challenge_SSA-MTE	hyp1	News	NaN	16.953100204467773
1051	1052	en	luo	challenge_SSA-MTE	hyp1	News	NaN	31.8699951171875
1052	1053	en	luo	challenge_SSA-MTE	hyp1	News	NaN	30.613237380981445
1053	1054	en	luo	challenge_SSA-MTE	hyp1	News	NaN	28.15530776977539
1054	1055	en	luo	challenge_SSA-MTE	hyp1	News	NaN	18.02913475036621
1055	1056	en	luo	challenge_SSA-MTE	hyp1	News	NaN	21.683639526367188
1056	1057	en	luo	challenge_SSA-MTE	hyp1	News	NaN	24.465805053710938
1057	1058	en	luo	challenge_SSA-MTE	hyp1	News	NaN	22.90700340270996
1058	1059	en	luo	challenge_SSA-MTE	hyp1	News	NaN	30.44094467163086
1059	1060	en	luo	challenge_SSA-MTE	hyp1	News	NaN	28.465065002441406
1060	1061	en	luo	challenge_SSA-MTE	hyp1	News	NaN	27.156923294067383
1061	1062	en	luo	challenge_SSA-MTE	hyp1	News	NaN	30.71157455444336
1062	1063	en	luo	challenge_SSA-MTE	hyp1	News	NaN	21.320255279541016
1063	1064	en	luo	challenge_SSA-MTE	hyp1	News	NaN	27.073646545410156
1064	1065	en	luo	challenge_SSA-MTE	hyp1	News	NaN	28.77669906616211
1065	1066	en	luo	challenge_SSA-MTE	hyp1	News	NaN	27.132999420166016
1066	1067	en	luo	challenge_SSA-MTE	hyp1	News	NaN	34.16295623779297
1067	1068	en	luo	challenge_SSA-MTE	hyp1	News	NaN	21.103092193603516
1068	1069	en	luo	challenge_SSA-MTE	hyp1	News	NaN	26.17689323425293
1069	1070	en	luo	challenge_SSA-MTE	hyp1	News	NaN	19.744884490966797
1070	1071	en	luo	challenge_SSA-MTE	hyp1	News	NaN	30.63959503173828
1071	1072	en	luo	challenge_SSA-MTE	hyp1	News	NaN	19.742321014404297
1072	1073	en	luo	challenge_SSA-MTE	hyp1	News	NaN	16.65085220336914
1073	1074	en	luo	challenge_SSA-MTE	hyp1	News	NaN	22.281042098999023
1074	1075	en	luo	challenge_SSA-MTE	hyp1	News	NaN	29.73001480102539
1075	1076	en	luo	challenge_SSA-MTE	hyp1	News	NaN	25.37610626220703
1076	1077	en	luo	challenge_SSA-MTE	hyp1	News	NaN	33.60963439941406
1077	1078	en	luo	challenge_SSA-MTE	hyp1	News	NaN	27.400266647338867
1078	1079	en	luo	challenge_SSA-MTE	hyp1	News	NaN	29.28204345703125
1079	1080	en	luo	challenge_SSA-MTE	hyp1	News	NaN	33.098655700683594
1080	1081	en	luo	challenge_SSA-MTE	hyp1	News	NaN	26.202838897705078
1081	1082	en	luo	challenge_SSA-MTE	hyp1	News	NaN	38.213172912597656
1082	1083	en	luo	challenge_SSA-MTE	hyp1	News	NaN	43.111167907714844
1083	1084	en	luo	challenge_SSA-MTE	hyp1	News	NaN	22.461624145507812
1084	1085	en	luo	challenge_SSA-MTE	hyp1	News	NaN	40.68949890136719
1085	1086	en	luo	challenge_SSA-MTE	hyp1	News	NaN	30.404136657714844
1086	1087	en	luo	challenge_SSA-MTE	hyp1	News	NaN	22.750911712646484
1087	1088	en	luo	challenge_SSA-MTE	hyp1	News	NaN	27.977882385253906
1088	1089	en	luo	challenge_SSA-MTE	hyp1	News	NaN	29.336227416992188
1089	1090	en	luo	challenge_SSA-MTE	hyp1	News	NaN	17.82232093811035
1090	1091	en	luo	challenge_SSA-MTE	hyp1	News	NaN	29.17803382873535
1091	1092	en	luo	challenge_SSA-MTE	hyp1	News	NaN	29.406963348388672
1092	1093	en	luo	challenge_SSA-MTE	hyp1	News	NaN	25.927146911621094
1093	1094	en	luo	challenge_SSA-MTE	hyp1	News	NaN	29.526826858520508
1094	1095	en	luo	challenge_SSA-MTE	hyp1	News	NaN	23.814733505249023
1095	1096	en	luo	challenge_SSA-MTE	hyp1	News	NaN	7.1713547706604
1096	1097	en	luo	challenge_SSA-MTE	hyp1	News	NaN	22.782630920410156
1097	1098	en	luo	challenge_SSA-MTE	hyp1	News	NaN	25.594970703125
1098	1099	en	luo	challenge_SSA-MTE	hyp1	News	NaN	21.978984832763672
1099	1100	en	luo	challenge_SSA-MTE	hyp1	News	NaN	18.579166412353516
1100	1101	en	luo	challenge_SSA-MTE	hyp1	News	NaN	18.964935302734375
1101	1102	en	luo	challenge_SSA-MTE	hyp1	News	NaN	26.818218231201172
1102	1103	en	luo	challenge_SSA-MTE	hyp1	News	NaN	24.761260986328125
1103	1104	en	luo	challenge_SSA-MTE	hyp1	News	NaN	20.072172164916992
1104	1105	en	luo	challenge_SSA-MTE	hyp1	News	NaN	17.126922607421875
1105	1106	en	luo	challenge_SSA-MTE	hyp1	News	NaN	34.40006637573242
1106	1107	en	luo	challenge_SSA-MTE	hyp1	News	NaN	34.51724624633789
1107	1108	en	luo	challenge_SSA-MTE	hyp1	News	NaN	-4.741819381713867
1108	1109	en	luo	challenge_SSA-MTE	hyp1	News	NaN	32.69392395019531
1109	1110	en	luo	challenge_SSA-MTE	hyp1	News	NaN	28.402847290039062
1110	1111	en	luo	challenge_SSA-MTE	hyp1	News	NaN	23.50408172607422
1111	1112	en	luo	challenge_SSA-MTE	hyp1	News	NaN	31.23731231689453
1112	1113	en	luo	challenge_SSA-MTE	hyp1	News	NaN	35.112754821777344
1113	1114	en	luo	challenge_SSA-MTE	hyp1	News	NaN	26.49915313720703
1114	1115	en	luo	challenge_SSA-MTE	hyp1	News	NaN	36.25756072998047
1115	1116	en	luo	challenge_SSA-MTE	hyp1	News	NaN	29.00629425048828
1116	1117	en	luo	challenge_SSA-MTE	hyp1	News	NaN	33.14385986328125
1117	1118	en	luo	challenge_SSA-MTE	hyp1	News	NaN	34.828826904296875
1118	1119	en	luo	challenge_SSA-MTE	hyp1	News	NaN	42.182682037353516
1119	1120	en	luo	challenge_SSA-MTE	hyp1	News	NaN	29.03982162475586
1120	1121	en	luo	challenge_SSA-MTE	hyp1	News	NaN	21.753170013427734
1121	1122	en	luo	challenge_SSA-MTE	hyp1	News	NaN	17.120010375976562
1122	1123	en	luo	challenge_SSA-MTE	hyp1	News	NaN	15.96009349822998
1123	1124	en	luo	challenge_SSA-MTE	hyp1	News	NaN	14.405339241027832
1124	1125	en	luo	challenge_SSA-MTE	hyp1	News	NaN	23.474750518798828
1125	1126	en	luo	challenge_SSA-MTE	hyp1	News	NaN	30.83856201171875
1126	1127	en	luo	challenge_SSA-MTE	hyp1	News	NaN	24.326095581054688
1127	1128	en	luo	challenge_SSA-MTE	hyp1	News	NaN	31.428564071655273
1128	1129	en	luo	challenge_SSA-MTE	hyp1	News	NaN	38.150177001953125
1129	1130	en	luo	challenge_SSA-MTE	hyp1	News	NaN	37.74772644042969
1130	1131	en	luo	challenge_SSA-MTE	hyp1	News	NaN	38.05816650390625
1131	1132	en	luo	challenge_SSA-MTE	hyp1	News	NaN	32.83721923828125
1132	1133	en	luo	challenge_SSA-MTE	hyp1	News	NaN	34.9173698425293
1133	1134	en	luo	challenge_SSA-MTE	hyp1	News	NaN	30.028728485107422
1134	1135	en	luo	challenge_SSA-MTE	hyp1	News	NaN	8.63301944732666
1135	1136	en	luo	challenge_SSA-MTE	hyp1	News	NaN	32.93057632446289
1136	1137	en	luo	challenge_SSA-MTE	hyp1	News	NaN	38.58585739135742
1137	1138	en	luo	challenge_SSA-MTE	hyp1	News	NaN	28.711807250976562
1138	1139	en	luo	challenge_SSA-MTE	hyp1	News	NaN	13.983485221862793
1139	1140	en	luo	challenge_SSA-MTE	hyp1	News	NaN	27.175434112548828
1140	1141	en	luo	challenge_SSA-MTE	hyp1	News	NaN	13.349676132202148
1141	1142	en	luo	challenge_SSA-MTE	hyp1	News	NaN	19.316551208496094
1142	1143	en	luo	challenge_SSA-MTE	hyp1	News	NaN	22.968067169189453
1143	1144	en	luo	challenge_SSA-MTE	hyp1	News	NaN	23.371599197387695
1144	1145	en	luo	challenge_SSA-MTE	hyp1	News	NaN	26.74380111694336
1145	1146	en	luo	challenge_SSA-MTE	hyp1	News	NaN	20.50666618347168
1146	1147	en	luo	challenge_SSA-MTE	hyp1	News	NaN	21.46221160888672
1147	1148	en	luo	challenge_SSA-MTE	hyp1	News	NaN	26.582965850830078
1148	1149	en	luo	challenge_SSA-MTE	hyp1	News	NaN	31.11984634399414
1149	1150	en	luo	challenge_SSA-MTE	hyp1	News	NaN	24.597347259521484
1150	1151	en	luo	challenge_SSA-MTE	hyp1	News	NaN	28.258686065673828
1151	1152	en	luo	challenge_SSA-MTE	hyp1	News	NaN	19.28410530090332
1152	1153	en	luo	challenge_SSA-MTE	hyp1	News	NaN	23.08487319946289
1153	1154	en	luo	challenge_SSA-MTE	hyp1	News	NaN	18.502872467041016
1154	1155	en	luo	challenge_SSA-MTE	hyp1	News	NaN	29.050830841064453
1155	1156	en	luo	challenge_SSA-MTE	hyp1	News	NaN	30.694364547729492
1156	1157	en	luo	challenge_SSA-MTE	hyp1	News	NaN	21.299579620361328
1157	1158	en	luo	challenge_SSA-MTE	hyp1	News	NaN	24.73277473449707
1158	1159	en	luo	challenge_SSA-MTE	hyp1	News	NaN	26.77956199645996
1159	1160	en	luo	challenge_SSA-MTE	hyp1	News	NaN	20.010013580322266
1160	1161	en	luo	challenge_SSA-MTE	hyp1	News	NaN	44.020774841308594
1161	1162	en	luo	challenge_SSA-MTE	hyp1	News	NaN	30.870563507080078
1162	1163	en	luo	challenge_SSA-MTE	hyp1	News	NaN	35.176151275634766
1163	1164	en	luo	challenge_SSA-MTE	hyp1	News	NaN	40.37127685546875
1164	1165	en	luo	challenge_SSA-MTE	hyp1	News	NaN	42.878414154052734
1165	1166	en	luo	challenge_SSA-MTE	hyp1	News	NaN	21.046340942382812
1166	1167	en	luo	challenge_SSA-MTE	hyp1	News	NaN	23.90083885192871
1167	1168	en	luo	challenge_SSA-MTE	hyp1	News	NaN	24.47794532775879
1168	1169	en	luo	challenge_SSA-MTE	hyp1	News	NaN	30.307096481323242
1169	1170	en	luo	challenge_SSA-MTE	hyp1	News	NaN	31.48432159423828
1170	1171	en	luo	challenge_SSA-MTE	hyp1	News	NaN	19.701162338256836
1171	1172	en	luo	challenge_SSA-MTE	hyp1	News	NaN	18.016921997070312
1172	1173	en	luo	challenge_SSA-MTE	hyp1	News	NaN	18.62102508544922
1173	1174	en	luo	challenge_SSA-MTE	hyp1	News	NaN	31.294918060302734
1174	1175	en	luo	challenge_SSA-MTE	hyp1	News	NaN	34.07555389404297
1175	1176	en	luo	challenge_SSA-MTE	hyp1	News	NaN	26.369298934936523
1176	1177	en	luo	challenge_SSA-MTE	hyp1	News	NaN	20.090213775634766
1177	1178	en	luo	challenge_SSA-MTE	hyp1	News	NaN	-1.483345866203308
1178	1179	en	luo	challenge_SSA-MTE	hyp1	News	NaN	24.5911865234375
1179	1180	en	luo	challenge_SSA-MTE	hyp1	News	NaN	29.368118286132812
1180	1181	en	luo	challenge_SSA-MTE	hyp1	News	NaN	29.651657104492188
1181	1182	en	luo	challenge_SSA-MTE	hyp1	News	NaN	24.413223266601562
1182	1183	en	luo	challenge_SSA-MTE	hyp1	News	NaN	31.087238311767578
1183	1184	en	luo	challenge_SSA-MTE	hyp1	News	NaN	25.848344802856445
1184	1185	en	luo	challenge_SSA-MTE	hyp1	News	NaN	30.186553955078125
1185	1186	en	luo	challenge_SSA-MTE	hyp1	News	NaN	29.897987365722656
1186	1187	en	luo	challenge_SSA-MTE	hyp1	News	NaN	23.58151626586914
1187	1188	en	luo	challenge_SSA-MTE	hyp1	News	NaN	28.063068389892578
1188	1189	en	luo	challenge_SSA-MTE	hyp1	News	NaN	22.80243682861328
1189	1190	en	luo	challenge_SSA-MTE	hyp1	News	NaN	24.04681396484375
1190	1191	en	luo	challenge_SSA-MTE	hyp1	News	NaN	5.376402378082275
1191	1192	en	luo	challenge_SSA-MTE	hyp1	News	NaN	19.038116455078125
1192	1193	en	luo	challenge_SSA-MTE	hyp1	News	NaN	30.728879928588867
1193	1194	en	luo	challenge_SSA-MTE	hyp1	News	NaN	30.761259078979492
1194	1195	en	luo	challenge_SSA-MTE	hyp1	News	NaN	21.023954391479492
1195	1196	en	luo	challenge_SSA-MTE	hyp1	News	NaN	35.566795349121094
1196	1197	en	luo	challenge_SSA-MTE	hyp1	News	NaN	26.76140594482422
1197	1198	en	luo	challenge_SSA-MTE	hyp1	News	NaN	13.930774688720703
1198	1199	en	luo	challenge_SSA-MTE	hyp1	News	NaN	31.18935203552246
0	1	en	twi	challenge_SSA-MTE	hyp1	News	NaN	19.228315353393555
1	2	en	twi	challenge_SSA-MTE	hyp1	News	NaN	28.117855072021484
2	3	en	twi	challenge_SSA-MTE	hyp1	News	NaN	21.68288230895996
3	4	en	twi	challenge_SSA-MTE	hyp1	News	NaN	18.89319610595703
4	5	en	twi	challenge_SSA-MTE	hyp1	News	NaN	20.364543914794922
5	6	en	twi	challenge_SSA-MTE	hyp1	News	NaN	28.856632232666016
6	7	en	twi	challenge_SSA-MTE	hyp1	News	NaN	23.99048614501953
7	8	en	twi	challenge_SSA-MTE	hyp1	News	NaN	31.03515625
8	9	en	twi	challenge_SSA-MTE	hyp1	News	NaN	32.03229522705078
9	10	en	twi	challenge_SSA-MTE	hyp1	News	NaN	24.597827911376953
10	11	en	twi	challenge_SSA-MTE	hyp1	News	NaN	24.592235565185547
11	12	en	twi	challenge_SSA-MTE	hyp1	News	NaN	21.04389190673828
12	13	en	twi	challenge_SSA-MTE	hyp1	News	NaN	28.40301513671875
13	14	en	twi	challenge_SSA-MTE	hyp1	News	NaN	32.68303298950195
14	15	en	twi	challenge_SSA-MTE	hyp1	News	NaN	19.3660888671875
15	16	en	twi	challenge_SSA-MTE	hyp1	News	NaN	23.161640167236328
16	17	en	twi	challenge_SSA-MTE	hyp1	News	NaN	25.767913818359375
17	18	en	twi	challenge_SSA-MTE	hyp1	News	NaN	29.2103271484375
18	19	en	twi	challenge_SSA-MTE	hyp1	News	NaN	13.863903045654297
19	20	en	twi	challenge_SSA-MTE	hyp1	News	NaN	21.989023208618164
20	21	en	twi	challenge_SSA-MTE	hyp1	News	NaN	40.82374954223633
21	22	en	twi	challenge_SSA-MTE	hyp1	News	NaN	26.54349136352539
22	23	en	twi	challenge_SSA-MTE	hyp1	News	NaN	15.605011940002441
23	24	en	twi	challenge_SSA-MTE	hyp1	News	NaN	38.76441192626953
24	25	en	twi	challenge_SSA-MTE	hyp1	News	NaN	45.447574615478516
25	26	en	twi	challenge_SSA-MTE	hyp1	News	NaN	54.38624572753906
26	27	en	twi	challenge_SSA-MTE	hyp1	News	NaN	29.73017120361328
27	28	en	twi	challenge_SSA-MTE	hyp1	News	NaN	47.22241973876953
28	29	en	twi	challenge_SSA-MTE	hyp1	News	NaN	15.006956100463867
29	30	en	twi	challenge_SSA-MTE	hyp1	News	NaN	15.227060317993164
30	31	en	twi	challenge_SSA-MTE	hyp1	News	NaN	31.263023376464844
31	32	en	twi	challenge_SSA-MTE	hyp1	News	NaN	20.658565521240234
32	33	en	twi	challenge_SSA-MTE	hyp1	News	NaN	16.622867584228516
33	34	en	twi	challenge_SSA-MTE	hyp1	News	NaN	20.102130889892578
34	35	en	twi	challenge_SSA-MTE	hyp1	News	NaN	24.53200912475586
35	36	en	twi	challenge_SSA-MTE	hyp1	News	NaN	21.510019302368164
36	37	en	twi	challenge_SSA-MTE	hyp1	News	NaN	22.180505752563477
37	38	en	twi	challenge_SSA-MTE	hyp1	News	NaN	5.813256740570068
38	39	en	twi	challenge_SSA-MTE	hyp1	News	NaN	24.071619033813477
39	40	en	twi	challenge_SSA-MTE	hyp1	News	NaN	16.09759521484375
40	41	en	twi	challenge_SSA-MTE	hyp1	News	NaN	22.149606704711914
41	42	en	twi	challenge_SSA-MTE	hyp1	News	NaN	18.40363121032715
42	43	en	twi	challenge_SSA-MTE	hyp1	News	NaN	18.726097106933594
43	44	en	twi	challenge_SSA-MTE	hyp1	News	NaN	25.208755493164062
44	45	en	twi	challenge_SSA-MTE	hyp1	News	NaN	19.017868041992188
45	46	en	twi	challenge_SSA-MTE	hyp1	News	NaN	19.887598037719727
46	47	en	twi	challenge_SSA-MTE	hyp1	News	NaN	32.07632064819336
47	48	en	twi	challenge_SSA-MTE	hyp1	News	NaN	19.82536506652832
48	49	en	twi	challenge_SSA-MTE	hyp1	News	NaN	33.45700454711914
49	50	en	twi	challenge_SSA-MTE	hyp1	News	NaN	21.824405670166016
50	51	en	twi	challenge_SSA-MTE	hyp1	News	NaN	23.276079177856445
51	52	en	twi	challenge_SSA-MTE	hyp1	News	NaN	20.482704162597656
52	53	en	twi	challenge_SSA-MTE	hyp1	News	NaN	30.314516067504883
53	54	en	twi	challenge_SSA-MTE	hyp1	News	NaN	31.600154876708984
54	55	en	twi	challenge_SSA-MTE	hyp1	News	NaN	20.43512535095215
55	56	en	twi	challenge_SSA-MTE	hyp1	News	NaN	19.853626251220703
56	57	en	twi	challenge_SSA-MTE	hyp1	News	NaN	28.296958923339844
57	58	en	twi	challenge_SSA-MTE	hyp1	News	NaN	31.974790573120117
58	59	en	twi	challenge_SSA-MTE	hyp1	News	NaN	18.439899444580078
59	60	en	twi	challenge_SSA-MTE	hyp1	News	NaN	19.803434371948242
60	61	en	twi	challenge_SSA-MTE	hyp1	News	NaN	18.250694274902344
61	62	en	twi	challenge_SSA-MTE	hyp1	News	NaN	12.053808212280273
62	63	en	twi	challenge_SSA-MTE	hyp1	News	NaN	22.944374084472656
63	64	en	twi	challenge_SSA-MTE	hyp1	News	NaN	26.273733139038086
64	65	en	twi	challenge_SSA-MTE	hyp1	News	NaN	19.601638793945312
65	66	en	twi	challenge_SSA-MTE	hyp1	News	NaN	25.95671272277832
66	67	en	twi	challenge_SSA-MTE	hyp1	News	NaN	18.612449645996094
67	68	en	twi	challenge_SSA-MTE	hyp1	News	NaN	21.905399322509766
68	69	en	twi	challenge_SSA-MTE	hyp1	News	NaN	18.628398895263672
69	70	en	twi	challenge_SSA-MTE	hyp1	News	NaN	15.460569381713867
70	71	en	twi	challenge_SSA-MTE	hyp1	News	NaN	42.25414276123047
71	72	en	twi	challenge_SSA-MTE	hyp1	News	NaN	34.51023864746094
72	73	en	twi	challenge_SSA-MTE	hyp1	News	NaN	37.43260955810547
73	74	en	twi	challenge_SSA-MTE	hyp1	News	NaN	33.795692443847656
74	75	en	twi	challenge_SSA-MTE	hyp1	News	NaN	39.295013427734375
75	76	en	twi	challenge_SSA-MTE	hyp1	News	NaN	31.56597900390625
76	77	en	twi	challenge_SSA-MTE	hyp1	News	NaN	24.445770263671875
77	78	en	twi	challenge_SSA-MTE	hyp1	News	NaN	39.839073181152344
78	79	en	twi	challenge_SSA-MTE	hyp1	News	NaN	21.1436767578125
79	80	en	twi	challenge_SSA-MTE	hyp1	News	NaN	15.58193588256836
80	81	en	twi	challenge_SSA-MTE	hyp1	News	NaN	17.256820678710938
81	82	en	twi	challenge_SSA-MTE	hyp1	News	NaN	18.270732879638672
82	83	en	twi	challenge_SSA-MTE	hyp1	News	NaN	22.720062255859375
83	84	en	twi	challenge_SSA-MTE	hyp1	News	NaN	13.45246410369873
84	85	en	twi	challenge_SSA-MTE	hyp1	News	NaN	18.614990234375
85	86	en	twi	challenge_SSA-MTE	hyp1	News	NaN	22.703983306884766
86	87	en	twi	challenge_SSA-MTE	hyp1	News	NaN	15.481185913085938
87	88	en	twi	challenge_SSA-MTE	hyp1	News	NaN	20.65151596069336
88	89	en	twi	challenge_SSA-MTE	hyp1	News	NaN	20.024093627929688
89	90	en	twi	challenge_SSA-MTE	hyp1	News	NaN	17.965539932250977
90	91	en	twi	challenge_SSA-MTE	hyp1	News	NaN	29.155776977539062
91	92	en	twi	challenge_SSA-MTE	hyp1	News	NaN	31.843154907226562
92	93	en	twi	challenge_SSA-MTE	hyp1	News	NaN	19.981847763061523
93	94	en	twi	challenge_SSA-MTE	hyp1	News	NaN	20.18655014038086
94	95	en	twi	challenge_SSA-MTE	hyp1	News	NaN	28.865238189697266
95	96	en	twi	challenge_SSA-MTE	hyp1	News	NaN	21.21837615966797
96	97	en	twi	challenge_SSA-MTE	hyp1	News	NaN	15.425969123840332
97	98	en	twi	challenge_SSA-MTE	hyp1	News	NaN	16.504566192626953
98	99	en	twi	challenge_SSA-MTE	hyp1	News	NaN	20.40622329711914
99	100	en	twi	challenge_SSA-MTE	hyp1	News	NaN	19.89389419555664
100	101	en	twi	challenge_SSA-MTE	hyp1	News	NaN	18.40121841430664
101	102	en	twi	challenge_SSA-MTE	hyp1	News	NaN	16.253673553466797
102	103	en	twi	challenge_SSA-MTE	hyp1	News	NaN	27.21711540222168
103	104	en	twi	challenge_SSA-MTE	hyp1	News	NaN	12.20953369140625
104	105	en	twi	challenge_SSA-MTE	hyp1	News	NaN	13.1463041305542
105	106	en	twi	challenge_SSA-MTE	hyp1	News	NaN	14.230277061462402
106	107	en	twi	challenge_SSA-MTE	hyp1	News	NaN	16.815418243408203
107	108	en	twi	challenge_SSA-MTE	hyp1	News	NaN	24.815418243408203
108	109	en	twi	challenge_SSA-MTE	hyp1	News	NaN	39.14225387573242
109	110	en	twi	challenge_SSA-MTE	hyp1	News	NaN	21.10808563232422
110	111	en	twi	challenge_SSA-MTE	hyp1	News	NaN	28.078289031982422
111	112	en	twi	challenge_SSA-MTE	hyp1	News	NaN	31.716949462890625
112	113	en	twi	challenge_SSA-MTE	hyp1	News	NaN	46.81597137451172
113	114	en	twi	challenge_SSA-MTE	hyp1	News	NaN	42.002567291259766
114	115	en	twi	challenge_SSA-MTE	hyp1	News	NaN	40.0681037902832
115	116	en	twi	challenge_SSA-MTE	hyp1	News	NaN	31.21047019958496
116	117	en	twi	challenge_SSA-MTE	hyp1	News	NaN	38.65660858154297
117	118	en	twi	challenge_SSA-MTE	hyp1	News	NaN	33.20899963378906
118	119	en	twi	challenge_SSA-MTE	hyp1	News	NaN	24.382587432861328
119	120	en	twi	challenge_SSA-MTE	hyp1	News	NaN	11.204381942749023
120	121	en	twi	challenge_SSA-MTE	hyp1	News	NaN	26.248994827270508
121	122	en	twi	challenge_SSA-MTE	hyp1	News	NaN	18.85933494567871
122	123	en	twi	challenge_SSA-MTE	hyp1	News	NaN	15.458292961120605
123	124	en	twi	challenge_SSA-MTE	hyp1	News	NaN	26.009082794189453
124	125	en	twi	challenge_SSA-MTE	hyp1	News	NaN	21.5616397857666
125	126	en	twi	challenge_SSA-MTE	hyp1	News	NaN	20.997623443603516
126	127	en	twi	challenge_SSA-MTE	hyp1	News	NaN	25.703330993652344
127	128	en	twi	challenge_SSA-MTE	hyp1	News	NaN	21.316282272338867
128	129	en	twi	challenge_SSA-MTE	hyp1	News	NaN	23.49370765686035
129	130	en	twi	challenge_SSA-MTE	hyp1	News	NaN	23.98818588256836
130	131	en	twi	challenge_SSA-MTE	hyp1	News	NaN	26.36290740966797
131	132	en	twi	challenge_SSA-MTE	hyp1	News	NaN	22.21142578125
132	133	en	twi	challenge_SSA-MTE	hyp1	News	NaN	17.236366271972656
133	134	en	twi	challenge_SSA-MTE	hyp1	News	NaN	19.086456298828125
134	135	en	twi	challenge_SSA-MTE	hyp1	News	NaN	20.647258758544922
135	136	en	twi	challenge_SSA-MTE	hyp1	News	NaN	17.534387588500977
136	137	en	twi	challenge_SSA-MTE	hyp1	News	NaN	18.96947479248047
137	138	en	twi	challenge_SSA-MTE	hyp1	News	NaN	19.860843658447266
138	139	en	twi	challenge_SSA-MTE	hyp1	News	NaN	19.62120819091797
139	140	en	twi	challenge_SSA-MTE	hyp1	News	NaN	17.14255142211914
140	141	en	twi	challenge_SSA-MTE	hyp1	News	NaN	20.50689125061035
141	142	en	twi	challenge_SSA-MTE	hyp1	News	NaN	21.318761825561523
142	143	en	twi	challenge_SSA-MTE	hyp1	News	NaN	22.136003494262695
143	144	en	twi	challenge_SSA-MTE	hyp1	News	NaN	23.00151252746582
144	145	en	twi	challenge_SSA-MTE	hyp1	News	NaN	19.026823043823242
145	146	en	twi	challenge_SSA-MTE	hyp1	News	NaN	23.483797073364258
146	147	en	twi	challenge_SSA-MTE	hyp1	News	NaN	21.89141082763672
147	148	en	twi	challenge_SSA-MTE	hyp1	News	NaN	21.30615997314453
148	149	en	twi	challenge_SSA-MTE	hyp1	News	NaN	19.509906768798828
149	150	en	twi	challenge_SSA-MTE	hyp1	News	NaN	16.1694278717041
150	151	en	twi	challenge_SSA-MTE	hyp1	News	NaN	14.339807510375977
151	152	en	twi	challenge_SSA-MTE	hyp1	News	NaN	13.358549118041992
152	153	en	twi	challenge_SSA-MTE	hyp1	News	NaN	12.998220443725586
153	154	en	twi	challenge_SSA-MTE	hyp1	News	NaN	16.5898380279541
154	155	en	twi	challenge_SSA-MTE	hyp1	News	NaN	16.623830795288086
155	156	en	twi	challenge_SSA-MTE	hyp1	News	NaN	14.33209228515625
156	157	en	twi	challenge_SSA-MTE	hyp1	News	NaN	18.97344970703125
157	158	en	twi	challenge_SSA-MTE	hyp1	News	NaN	15.831053733825684
158	159	en	twi	challenge_SSA-MTE	hyp1	News	NaN	15.913369178771973
159	160	en	twi	challenge_SSA-MTE	hyp1	News	NaN	14.350543975830078
160	161	en	twi	challenge_SSA-MTE	hyp1	News	NaN	21.823162078857422
161	162	en	twi	challenge_SSA-MTE	hyp1	News	NaN	19.740461349487305
162	163	en	twi	challenge_SSA-MTE	hyp1	News	NaN	10.136235237121582
163	164	en	twi	challenge_SSA-MTE	hyp1	News	NaN	19.285507202148438
164	165	en	twi	challenge_SSA-MTE	hyp1	News	NaN	14.57499885559082
165	166	en	twi	challenge_SSA-MTE	hyp1	News	NaN	18.841678619384766
166	167	en	twi	challenge_SSA-MTE	hyp1	News	NaN	21.901535034179688
167	168	en	twi	challenge_SSA-MTE	hyp1	News	NaN	16.968624114990234
168	169	en	twi	challenge_SSA-MTE	hyp1	News	NaN	18.479543685913086
169	170	en	twi	challenge_SSA-MTE	hyp1	News	NaN	17.83662223815918
170	171	en	twi	challenge_SSA-MTE	hyp1	News	NaN	24.793060302734375
171	172	en	twi	challenge_SSA-MTE	hyp1	News	NaN	14.129377365112305
172	173	en	twi	challenge_SSA-MTE	hyp1	News	NaN	23.930599212646484
173	174	en	twi	challenge_SSA-MTE	hyp1	News	NaN	17.294252395629883
174	175	en	twi	challenge_SSA-MTE	hyp1	News	NaN	16.322175979614258
175	176	en	twi	challenge_SSA-MTE	hyp1	News	NaN	22.46837615966797
176	177	en	twi	challenge_SSA-MTE	hyp1	News	NaN	16.743038177490234
177	178	en	twi	challenge_SSA-MTE	hyp1	News	NaN	25.71915054321289
178	179	en	twi	challenge_SSA-MTE	hyp1	News	NaN	21.52273941040039
179	180	en	twi	challenge_SSA-MTE	hyp1	News	NaN	17.898597717285156
180	181	en	twi	challenge_SSA-MTE	hyp1	News	NaN	39.845497131347656
181	182	en	twi	challenge_SSA-MTE	hyp1	News	NaN	25.705289840698242
182	183	en	twi	challenge_SSA-MTE	hyp1	News	NaN	22.00055694580078
183	184	en	twi	challenge_SSA-MTE	hyp1	News	NaN	26.426414489746094
184	185	en	twi	challenge_SSA-MTE	hyp1	News	NaN	37.711570739746094
185	186	en	twi	challenge_SSA-MTE	hyp1	News	NaN	24.658084869384766
186	187	en	twi	challenge_SSA-MTE	hyp1	News	NaN	25.554500579833984
187	188	en	twi	challenge_SSA-MTE	hyp1	News	NaN	22.22577476501465
188	189	en	twi	challenge_SSA-MTE	hyp1	News	NaN	25.839609146118164
189	190	en	twi	challenge_SSA-MTE	hyp1	News	NaN	14.989221572875977
190	191	en	twi	challenge_SSA-MTE	hyp1	News	NaN	23.020435333251953
191	192	en	twi	challenge_SSA-MTE	hyp1	News	NaN	14.653279304504395
192	193	en	twi	challenge_SSA-MTE	hyp1	News	NaN	17.000221252441406
193	194	en	twi	challenge_SSA-MTE	hyp1	News	NaN	13.562888145446777
194	195	en	twi	challenge_SSA-MTE	hyp1	News	NaN	14.834738731384277
195	196	en	twi	challenge_SSA-MTE	hyp1	News	NaN	14.289069175720215
196	197	en	twi	challenge_SSA-MTE	hyp1	News	NaN	19.081043243408203
197	198	en	twi	challenge_SSA-MTE	hyp1	News	NaN	14.922130584716797
198	199	en	twi	challenge_SSA-MTE	hyp1	News	NaN	17.386491775512695
199	200	en	twi	challenge_SSA-MTE	hyp1	News	NaN	18.811927795410156
200	201	en	twi	challenge_SSA-MTE	hyp1	News	NaN	25.52813720703125
201	202	en	twi	challenge_SSA-MTE	hyp1	News	NaN	20.34515380859375
202	203	en	twi	challenge_SSA-MTE	hyp1	News	NaN	23.941843032836914
203	204	en	twi	challenge_SSA-MTE	hyp1	News	NaN	22.346920013427734
204	205	en	twi	challenge_SSA-MTE	hyp1	News	NaN	26.150644302368164
205	206	en	twi	challenge_SSA-MTE	hyp1	News	NaN	28.720979690551758
206	207	en	twi	challenge_SSA-MTE	hyp1	News	NaN	11.576445579528809
207	208	en	twi	challenge_SSA-MTE	hyp1	News	NaN	8.307476997375488
208	209	en	twi	challenge_SSA-MTE	hyp1	News	NaN	18.256479263305664
209	210	en	twi	challenge_SSA-MTE	hyp1	News	NaN	17.199445724487305
210	211	en	twi	challenge_SSA-MTE	hyp1	News	NaN	16.922636032104492
211	212	en	twi	challenge_SSA-MTE	hyp1	News	NaN	13.107848167419434
212	213	en	twi	challenge_SSA-MTE	hyp1	News	NaN	15.460884094238281
213	214	en	twi	challenge_SSA-MTE	hyp1	News	NaN	20.363136291503906
214	215	en	twi	challenge_SSA-MTE	hyp1	News	NaN	14.938908576965332
215	216	en	twi	challenge_SSA-MTE	hyp1	News	NaN	17.23612403869629
216	217	en	twi	challenge_SSA-MTE	hyp1	News	NaN	22.036893844604492
217	218	en	twi	challenge_SSA-MTE	hyp1	News	NaN	18.401777267456055
218	219	en	twi	challenge_SSA-MTE	hyp1	News	NaN	36.163326263427734
219	220	en	twi	challenge_SSA-MTE	hyp1	News	NaN	24.39436912536621
220	221	en	twi	challenge_SSA-MTE	hyp1	News	NaN	17.707847595214844
221	222	en	twi	challenge_SSA-MTE	hyp1	News	NaN	35.21122741699219
222	223	en	twi	challenge_SSA-MTE	hyp1	News	NaN	40.756927490234375
223	224	en	twi	challenge_SSA-MTE	hyp1	News	NaN	38.57759094238281
224	225	en	twi	challenge_SSA-MTE	hyp1	News	NaN	26.419483184814453
225	226	en	twi	challenge_SSA-MTE	hyp1	News	NaN	30.054840087890625
226	227	en	twi	challenge_SSA-MTE	hyp1	News	NaN	24.21623992919922
227	228	en	twi	challenge_SSA-MTE	hyp1	News	NaN	33.21952438354492
228	229	en	twi	challenge_SSA-MTE	hyp1	News	NaN	42.248069763183594
229	230	en	twi	challenge_SSA-MTE	hyp1	News	NaN	26.649335861206055
230	231	en	twi	challenge_SSA-MTE	hyp1	News	NaN	14.937873840332031
231	232	en	twi	challenge_SSA-MTE	hyp1	News	NaN	13.77192497253418
232	233	en	twi	challenge_SSA-MTE	hyp1	News	NaN	4.31799840927124
233	234	en	twi	challenge_SSA-MTE	hyp1	News	NaN	20.467803955078125
234	235	en	twi	challenge_SSA-MTE	hyp1	News	NaN	11.460140228271484
235	236	en	twi	challenge_SSA-MTE	hyp1	News	NaN	9.763686180114746
236	237	en	twi	challenge_SSA-MTE	hyp1	News	NaN	18.01031494140625
237	238	en	twi	challenge_SSA-MTE	hyp1	News	NaN	31.687253952026367
238	239	en	twi	challenge_SSA-MTE	hyp1	News	NaN	22.399486541748047
239	240	en	twi	challenge_SSA-MTE	hyp1	News	NaN	23.956600189208984
240	241	en	twi	challenge_SSA-MTE	hyp1	News	NaN	16.983850479125977
241	242	en	twi	challenge_SSA-MTE	hyp1	News	NaN	13.980344772338867
242	243	en	twi	challenge_SSA-MTE	hyp1	News	NaN	17.007585525512695
243	244	en	twi	challenge_SSA-MTE	hyp1	News	NaN	10.64183235168457
244	245	en	twi	challenge_SSA-MTE	hyp1	News	NaN	16.702966690063477
245	246	en	twi	challenge_SSA-MTE	hyp1	News	NaN	20.41891098022461
246	247	en	twi	challenge_SSA-MTE	hyp1	News	NaN	14.210226058959961
247	248	en	twi	challenge_SSA-MTE	hyp1	News	NaN	19.610788345336914
248	249	en	twi	challenge_SSA-MTE	hyp1	News	NaN	19.202178955078125
249	250	en	twi	challenge_SSA-MTE	hyp1	News	NaN	18.620882034301758
250	251	en	twi	challenge_SSA-MTE	hyp1	News	NaN	20.08075714111328
251	252	en	twi	challenge_SSA-MTE	hyp1	News	NaN	13.145262718200684
252	253	en	twi	challenge_SSA-MTE	hyp1	News	NaN	19.510726928710938
253	254	en	twi	challenge_SSA-MTE	hyp1	News	NaN	28.45218276977539
254	255	en	twi	challenge_SSA-MTE	hyp1	News	NaN	22.138551712036133
255	256	en	twi	challenge_SSA-MTE	hyp1	News	NaN	33.4859619140625
256	257	en	twi	challenge_SSA-MTE	hyp1	News	NaN	14.125490188598633
257	258	en	twi	challenge_SSA-MTE	hyp1	News	NaN	22.918304443359375
258	259	en	twi	challenge_SSA-MTE	hyp1	News	NaN	20.32384490966797
259	260	en	twi	challenge_SSA-MTE	hyp1	News	NaN	27.766313552856445
260	261	en	twi	challenge_SSA-MTE	hyp1	News	NaN	24.37445831298828
261	262	en	twi	challenge_SSA-MTE	hyp1	News	NaN	10.411816596984863
262	263	en	twi	challenge_SSA-MTE	hyp1	News	NaN	22.497413635253906
263	264	en	twi	challenge_SSA-MTE	hyp1	News	NaN	24.697343826293945
264	265	en	twi	challenge_SSA-MTE	hyp1	News	NaN	27.627456665039062
265	266	en	twi	challenge_SSA-MTE	hyp1	News	NaN	29.02873420715332
266	267	en	twi	challenge_SSA-MTE	hyp1	News	NaN	23.671382904052734
267	268	en	twi	challenge_SSA-MTE	hyp1	News	NaN	17.45447540283203
268	269	en	twi	challenge_SSA-MTE	hyp1	News	NaN	24.7325439453125
269	270	en	twi	challenge_SSA-MTE	hyp1	News	NaN	24.03866958618164
270	271	en	twi	challenge_SSA-MTE	hyp1	News	NaN	24.65348243713379
271	272	en	twi	challenge_SSA-MTE	hyp1	News	NaN	16.133586883544922
272	273	en	twi	challenge_SSA-MTE	hyp1	News	NaN	15.566758155822754
273	274	en	twi	challenge_SSA-MTE	hyp1	News	NaN	15.631914138793945
274	275	en	twi	challenge_SSA-MTE	hyp1	News	NaN	22.750648498535156
275	276	en	twi	challenge_SSA-MTE	hyp1	News	NaN	14.719801902770996
276	277	en	twi	challenge_SSA-MTE	hyp1	News	NaN	15.134256362915039
277	278	en	twi	challenge_SSA-MTE	hyp1	News	NaN	40.15068435668945
278	279	en	twi	challenge_SSA-MTE	hyp1	News	NaN	25.85381507873535
279	280	en	twi	challenge_SSA-MTE	hyp1	News	NaN	35.50159454345703
280	281	en	twi	challenge_SSA-MTE	hyp1	News	NaN	29.941816329956055
281	282	en	twi	challenge_SSA-MTE	hyp1	News	NaN	35.28605651855469
282	283	en	twi	challenge_SSA-MTE	hyp1	News	NaN	35.62222671508789
283	284	en	twi	challenge_SSA-MTE	hyp1	News	NaN	12.441818237304688
284	285	en	twi	challenge_SSA-MTE	hyp1	News	NaN	10.320802688598633
285	286	en	twi	challenge_SSA-MTE	hyp1	News	NaN	17.524940490722656
286	287	en	twi	challenge_SSA-MTE	hyp1	News	NaN	14.167771339416504
287	288	en	twi	challenge_SSA-MTE	hyp1	News	NaN	11.98849105834961
288	289	en	twi	challenge_SSA-MTE	hyp1	News	NaN	14.351338386535645
289	290	en	twi	challenge_SSA-MTE	hyp1	News	NaN	26.296199798583984
290	291	en	twi	challenge_SSA-MTE	hyp1	News	NaN	26.71331214904785
291	292	en	twi	challenge_SSA-MTE	hyp1	News	NaN	23.791677474975586
292	293	en	twi	challenge_SSA-MTE	hyp1	News	NaN	25.667787551879883
293	294	en	twi	challenge_SSA-MTE	hyp1	News	NaN	29.37997055053711
294	295	en	twi	challenge_SSA-MTE	hyp1	News	NaN	26.76654815673828
295	296	en	twi	challenge_SSA-MTE	hyp1	News	NaN	15.242486953735352
296	297	en	twi	challenge_SSA-MTE	hyp1	News	NaN	16.33991241455078
297	298	en	twi	challenge_SSA-MTE	hyp1	News	NaN	13.960039138793945
298	299	en	twi	challenge_SSA-MTE	hyp1	News	NaN	12.52865219116211
299	300	en	twi	challenge_SSA-MTE	hyp1	News	NaN	14.519573211669922
300	301	en	twi	challenge_SSA-MTE	hyp1	News	NaN	21.96677589416504
301	302	en	twi	challenge_SSA-MTE	hyp1	News	NaN	25.29574966430664
302	303	en	twi	challenge_SSA-MTE	hyp1	News	NaN	24.63137435913086
303	304	en	twi	challenge_SSA-MTE	hyp1	News	NaN	25.476337432861328
304	305	en	twi	challenge_SSA-MTE	hyp1	News	NaN	30.762025833129883
305	306	en	twi	challenge_SSA-MTE	hyp1	News	NaN	32.52277374267578
306	307	en	twi	challenge_SSA-MTE	hyp1	News	NaN	24.492950439453125
307	308	en	twi	challenge_SSA-MTE	hyp1	News	NaN	16.83783721923828
308	309	en	twi	challenge_SSA-MTE	hyp1	News	NaN	10.512859344482422
309	310	en	twi	challenge_SSA-MTE	hyp1	News	NaN	8.706184387207031
310	311	en	twi	challenge_SSA-MTE	hyp1	News	NaN	10.355667114257812
311	312	en	twi	challenge_SSA-MTE	hyp1	News	NaN	11.360054016113281
312	313	en	twi	challenge_SSA-MTE	hyp1	News	NaN	13.393061637878418
313	314	en	twi	challenge_SSA-MTE	hyp1	News	NaN	14.137311935424805
314	315	en	twi	challenge_SSA-MTE	hyp1	News	NaN	12.42459774017334
315	316	en	twi	challenge_SSA-MTE	hyp1	News	NaN	14.63064956665039
316	317	en	twi	challenge_SSA-MTE	hyp1	News	NaN	16.753646850585938
317	318	en	twi	challenge_SSA-MTE	hyp1	News	NaN	21.020549774169922
318	319	en	twi	challenge_SSA-MTE	hyp1	News	NaN	15.380149841308594
319	320	en	twi	challenge_SSA-MTE	hyp1	News	NaN	28.61636734008789
320	321	en	twi	challenge_SSA-MTE	hyp1	News	NaN	18.879840850830078
321	322	en	twi	challenge_SSA-MTE	hyp1	News	NaN	23.787343978881836
322	323	en	twi	challenge_SSA-MTE	hyp1	News	NaN	20.815086364746094
323	324	en	twi	challenge_SSA-MTE	hyp1	News	NaN	20.335857391357422
324	325	en	twi	challenge_SSA-MTE	hyp1	News	NaN	23.8905029296875
325	326	en	twi	challenge_SSA-MTE	hyp1	News	NaN	18.138397216796875
326	327	en	twi	challenge_SSA-MTE	hyp1	News	NaN	20.659881591796875
327	328	en	twi	challenge_SSA-MTE	hyp1	News	NaN	14.196163177490234
328	329	en	twi	challenge_SSA-MTE	hyp1	News	NaN	16.86637306213379
329	330	en	twi	challenge_SSA-MTE	hyp1	News	NaN	18.355121612548828
330	331	en	twi	challenge_SSA-MTE	hyp1	News	NaN	18.67491912841797
331	332	en	twi	challenge_SSA-MTE	hyp1	News	NaN	19.724750518798828
332	333	en	twi	challenge_SSA-MTE	hyp1	News	NaN	18.32760238647461
333	334	en	twi	challenge_SSA-MTE	hyp1	News	NaN	17.45969581604004
334	335	en	twi	challenge_SSA-MTE	hyp1	News	NaN	16.06260108947754
335	336	en	twi	challenge_SSA-MTE	hyp1	News	NaN	18.554691314697266
336	337	en	twi	challenge_SSA-MTE	hyp1	News	NaN	15.72705078125
337	338	en	twi	challenge_SSA-MTE	hyp1	News	NaN	24.04334259033203
338	339	en	twi	challenge_SSA-MTE	hyp1	News	NaN	24.262001037597656
339	340	en	twi	challenge_SSA-MTE	hyp1	News	NaN	15.669190406799316
340	341	en	twi	challenge_SSA-MTE	hyp1	News	NaN	24.261962890625
341	342	en	twi	challenge_SSA-MTE	hyp1	News	NaN	26.79612159729004
342	343	en	twi	challenge_SSA-MTE	hyp1	News	NaN	29.02605438232422
343	344	en	twi	challenge_SSA-MTE	hyp1	News	NaN	19.047195434570312
344	345	en	twi	challenge_SSA-MTE	hyp1	News	NaN	16.683853149414062
345	346	en	twi	challenge_SSA-MTE	hyp1	News	NaN	15.23003101348877
346	347	en	twi	challenge_SSA-MTE	hyp1	News	NaN	16.581066131591797
347	348	en	twi	challenge_SSA-MTE	hyp1	News	NaN	18.216636657714844
348	349	en	twi	challenge_SSA-MTE	hyp1	News	NaN	13.378350257873535
349	350	en	twi	challenge_SSA-MTE	hyp1	News	NaN	19.451416015625
350	351	en	twi	challenge_SSA-MTE	hyp1	News	NaN	21.19214630126953
351	352	en	twi	challenge_SSA-MTE	hyp1	News	NaN	23.326570510864258
352	353	en	twi	challenge_SSA-MTE	hyp1	News	NaN	25.417278289794922
353	354	en	twi	challenge_SSA-MTE	hyp1	News	NaN	19.010147094726562
354	355	en	twi	challenge_SSA-MTE	hyp1	News	NaN	24.83043670654297
355	356	en	twi	challenge_SSA-MTE	hyp1	News	NaN	28.028614044189453
356	357	en	twi	challenge_SSA-MTE	hyp1	News	NaN	17.485591888427734
357	358	en	twi	challenge_SSA-MTE	hyp1	News	NaN	20.340038299560547
358	359	en	twi	challenge_SSA-MTE	hyp1	News	NaN	21.51911735534668
359	360	en	twi	challenge_SSA-MTE	hyp1	News	NaN	20.67925262451172
360	361	en	twi	challenge_SSA-MTE	hyp1	News	NaN	26.21560287475586
361	362	en	twi	challenge_SSA-MTE	hyp1	News	NaN	25.92696762084961
362	363	en	twi	challenge_SSA-MTE	hyp1	News	NaN	17.819875717163086
363	364	en	twi	challenge_SSA-MTE	hyp1	News	NaN	27.582637786865234
364	365	en	twi	challenge_SSA-MTE	hyp1	News	NaN	27.296825408935547
365	366	en	twi	challenge_SSA-MTE	hyp1	News	NaN	25.073482513427734
366	367	en	twi	challenge_SSA-MTE	hyp1	News	NaN	24.269325256347656
367	368	en	twi	challenge_SSA-MTE	hyp1	News	NaN	24.03206443786621
368	369	en	twi	challenge_SSA-MTE	hyp1	News	NaN	25.125715255737305
369	370	en	twi	challenge_SSA-MTE	hyp1	News	NaN	15.181920051574707
370	371	en	twi	challenge_SSA-MTE	hyp1	News	NaN	23.353792190551758
371	372	en	twi	challenge_SSA-MTE	hyp1	News	NaN	22.853652954101562
372	373	en	twi	challenge_SSA-MTE	hyp1	News	NaN	23.839736938476562
373	374	en	twi	challenge_SSA-MTE	hyp1	News	NaN	22.191858291625977
374	375	en	twi	challenge_SSA-MTE	hyp1	News	NaN	21.321331024169922
375	376	en	twi	challenge_SSA-MTE	hyp1	News	NaN	19.909250259399414
376	377	en	twi	challenge_SSA-MTE	hyp1	News	NaN	21.526620864868164
377	378	en	twi	challenge_SSA-MTE	hyp1	News	NaN	21.713918685913086
378	379	en	twi	challenge_SSA-MTE	hyp1	News	NaN	20.19873809814453
379	380	en	twi	challenge_SSA-MTE	hyp1	News	NaN	24.979286193847656
380	381	en	twi	challenge_SSA-MTE	hyp1	News	NaN	24.040828704833984
381	382	en	twi	challenge_SSA-MTE	hyp1	News	NaN	18.47220230102539
382	383	en	twi	challenge_SSA-MTE	hyp1	News	NaN	19.788249969482422
383	384	en	twi	challenge_SSA-MTE	hyp1	News	NaN	27.633459091186523
384	385	en	twi	challenge_SSA-MTE	hyp1	News	NaN	24.081207275390625
385	386	en	twi	challenge_SSA-MTE	hyp1	News	NaN	15.16978931427002
386	387	en	twi	challenge_SSA-MTE	hyp1	News	NaN	14.611408233642578
387	388	en	twi	challenge_SSA-MTE	hyp1	News	NaN	15.717873573303223
388	389	en	twi	challenge_SSA-MTE	hyp1	News	NaN	14.610271453857422
389	390	en	twi	challenge_SSA-MTE	hyp1	News	NaN	21.294818878173828
390	391	en	twi	challenge_SSA-MTE	hyp1	News	NaN	13.89653205871582
391	392	en	twi	challenge_SSA-MTE	hyp1	News	NaN	16.537662506103516
392	393	en	twi	challenge_SSA-MTE	hyp1	News	NaN	14.536345481872559
393	394	en	twi	challenge_SSA-MTE	hyp1	News	NaN	10.244887351989746
394	395	en	twi	challenge_SSA-MTE	hyp1	News	NaN	13.255507469177246
395	396	en	twi	challenge_SSA-MTE	hyp1	News	NaN	16.439929962158203
396	397	en	twi	challenge_SSA-MTE	hyp1	News	NaN	14.842318534851074
397	398	en	twi	challenge_SSA-MTE	hyp1	News	NaN	29.093996047973633
398	399	en	twi	challenge_SSA-MTE	hyp1	News	NaN	23.00679588317871
399	400	en	twi	challenge_SSA-MTE	hyp1	News	NaN	21.9886531829834
400	401	en	twi	challenge_SSA-MTE	hyp1	News	NaN	23.187698364257812
401	402	en	twi	challenge_SSA-MTE	hyp1	News	NaN	23.302213668823242
402	403	en	twi	challenge_SSA-MTE	hyp1	News	NaN	28.084712982177734
403	404	en	twi	challenge_SSA-MTE	hyp1	News	NaN	24.724163055419922
404	405	en	twi	challenge_SSA-MTE	hyp1	News	NaN	26.536834716796875
405	406	en	twi	challenge_SSA-MTE	hyp1	News	NaN	23.743410110473633
406	407	en	twi	challenge_SSA-MTE	hyp1	News	NaN	26.228023529052734
407	408	en	twi	challenge_SSA-MTE	hyp1	News	NaN	26.586875915527344
408	409	en	twi	challenge_SSA-MTE	hyp1	News	NaN	33.31686782836914
409	410	en	twi	challenge_SSA-MTE	hyp1	News	NaN	28.01799964904785
410	411	en	twi	challenge_SSA-MTE	hyp1	News	NaN	21.046260833740234
411	412	en	twi	challenge_SSA-MTE	hyp1	News	NaN	25.027873992919922
412	413	en	twi	challenge_SSA-MTE	hyp1	News	NaN	33.38409423828125
413	414	en	twi	challenge_SSA-MTE	hyp1	News	NaN	26.23627471923828
414	415	en	twi	challenge_SSA-MTE	hyp1	News	NaN	23.126333236694336
415	416	en	twi	challenge_SSA-MTE	hyp1	News	NaN	17.61089324951172
416	417	en	twi	challenge_SSA-MTE	hyp1	News	NaN	19.89872932434082
417	418	en	twi	challenge_SSA-MTE	hyp1	News	NaN	19.539363861083984
418	419	en	twi	challenge_SSA-MTE	hyp1	News	NaN	15.278290748596191
419	420	en	twi	challenge_SSA-MTE	hyp1	News	NaN	22.24261474609375
420	421	en	twi	challenge_SSA-MTE	hyp1	News	NaN	19.925025939941406
421	422	en	twi	challenge_SSA-MTE	hyp1	News	NaN	16.731979370117188
422	423	en	twi	challenge_SSA-MTE	hyp1	News	NaN	14.173978805541992
423	424	en	twi	challenge_SSA-MTE	hyp1	News	NaN	18.85173988342285
424	425	en	twi	challenge_SSA-MTE	hyp1	News	NaN	12.655545234680176
425	426	en	twi	challenge_SSA-MTE	hyp1	News	NaN	16.827749252319336
426	427	en	twi	challenge_SSA-MTE	hyp1	News	NaN	10.593664169311523
427	428	en	twi	challenge_SSA-MTE	hyp1	News	NaN	19.143146514892578
428	429	en	twi	challenge_SSA-MTE	hyp1	News	NaN	23.08416748046875
429	430	en	twi	challenge_SSA-MTE	hyp1	News	NaN	22.636741638183594
430	431	en	twi	challenge_SSA-MTE	hyp1	News	NaN	22.381999969482422
431	432	en	twi	challenge_SSA-MTE	hyp1	News	NaN	24.878742218017578
432	433	en	twi	challenge_SSA-MTE	hyp1	News	NaN	25.470441818237305
433	434	en	twi	challenge_SSA-MTE	hyp1	News	NaN	17.877302169799805
434	435	en	twi	challenge_SSA-MTE	hyp1	News	NaN	21.209291458129883
435	436	en	twi	challenge_SSA-MTE	hyp1	News	NaN	24.211536407470703
436	437	en	twi	challenge_SSA-MTE	hyp1	News	NaN	14.602238655090332
437	438	en	twi	challenge_SSA-MTE	hyp1	News	NaN	17.166364669799805
438	439	en	twi	challenge_SSA-MTE	hyp1	News	NaN	17.694957733154297
439	440	en	twi	challenge_SSA-MTE	hyp1	News	NaN	16.044689178466797
440	441	en	twi	challenge_SSA-MTE	hyp1	News	NaN	18.568038940429688
441	442	en	twi	challenge_SSA-MTE	hyp1	News	NaN	19.036712646484375
442	443	en	twi	challenge_SSA-MTE	hyp1	News	NaN	18.683326721191406
443	444	en	twi	challenge_SSA-MTE	hyp1	News	NaN	20.073421478271484
444	445	en	twi	challenge_SSA-MTE	hyp1	News	NaN	21.084150314331055
445	446	en	twi	challenge_SSA-MTE	hyp1	News	NaN	14.54744815826416
446	447	en	twi	challenge_SSA-MTE	hyp1	News	NaN	19.138511657714844
447	448	en	twi	challenge_SSA-MTE	hyp1	News	NaN	19.44194221496582
448	449	en	twi	challenge_SSA-MTE	hyp1	News	NaN	17.006195068359375
449	450	en	twi	challenge_SSA-MTE	hyp1	News	NaN	16.64541244506836
450	451	en	twi	challenge_SSA-MTE	hyp1	News	NaN	17.527559280395508
451	452	en	twi	challenge_SSA-MTE	hyp1	News	NaN	17.970550537109375
452	453	en	twi	challenge_SSA-MTE	hyp1	News	NaN	18.774913787841797
453	454	en	twi	challenge_SSA-MTE	hyp1	News	NaN	16.8406982421875
454	455	en	twi	challenge_SSA-MTE	hyp1	News	NaN	26.155475616455078
455	456	en	twi	challenge_SSA-MTE	hyp1	News	NaN	25.16364860534668
456	457	en	twi	challenge_SSA-MTE	hyp1	News	NaN	23.553916931152344
457	458	en	twi	challenge_SSA-MTE	hyp1	News	NaN	27.513309478759766
458	459	en	twi	challenge_SSA-MTE	hyp1	News	NaN	29.542755126953125
459	460	en	twi	challenge_SSA-MTE	hyp1	News	NaN	26.980079650878906
460	461	en	twi	challenge_SSA-MTE	hyp1	News	NaN	16.597408294677734
461	462	en	twi	challenge_SSA-MTE	hyp1	News	NaN	14.381227493286133
462	463	en	twi	challenge_SSA-MTE	hyp1	News	NaN	16.044076919555664
463	464	en	twi	challenge_SSA-MTE	hyp1	News	NaN	12.863336563110352
464	465	en	twi	challenge_SSA-MTE	hyp1	News	NaN	16.40735626220703
465	466	en	twi	challenge_SSA-MTE	hyp1	News	NaN	15.574262619018555
466	467	en	twi	challenge_SSA-MTE	hyp1	News	NaN	15.4537935256958
467	468	en	twi	challenge_SSA-MTE	hyp1	News	NaN	14.966512680053711
468	469	en	twi	challenge_SSA-MTE	hyp1	News	NaN	12.034083366394043
469	470	en	twi	challenge_SSA-MTE	hyp1	News	NaN	12.939046859741211
470	471	en	twi	challenge_SSA-MTE	hyp1	News	NaN	14.574898719787598
471	472	en	twi	challenge_SSA-MTE	hyp1	News	NaN	17.744606018066406
472	473	en	twi	challenge_SSA-MTE	hyp1	News	NaN	17.83194351196289
473	474	en	twi	challenge_SSA-MTE	hyp1	News	NaN	18.075532913208008
474	475	en	twi	challenge_SSA-MTE	hyp1	News	NaN	17.369007110595703
475	476	en	twi	challenge_SSA-MTE	hyp1	News	NaN	18.755496978759766
476	477	en	twi	challenge_SSA-MTE	hyp1	News	NaN	20.520727157592773
477	478	en	twi	challenge_SSA-MTE	hyp1	News	NaN	18.43681526184082
478	479	en	twi	challenge_SSA-MTE	hyp1	News	NaN	15.515495300292969
479	480	en	twi	challenge_SSA-MTE	hyp1	News	NaN	17.836557388305664
480	481	en	twi	challenge_SSA-MTE	hyp1	News	NaN	11.791937828063965
481	482	en	twi	challenge_SSA-MTE	hyp1	News	NaN	16.315216064453125
482	483	en	twi	challenge_SSA-MTE	hyp1	News	NaN	15.381353378295898
483	484	en	twi	challenge_SSA-MTE	hyp1	News	NaN	14.962724685668945
484	485	en	twi	challenge_SSA-MTE	hyp1	News	NaN	23.991971969604492
485	486	en	twi	challenge_SSA-MTE	hyp1	News	NaN	21.4786376953125
486	487	en	twi	challenge_SSA-MTE	hyp1	News	NaN	25.264728546142578
487	488	en	twi	challenge_SSA-MTE	hyp1	News	NaN	24.340045928955078
488	489	en	twi	challenge_SSA-MTE	hyp1	News	NaN	24.446945190429688
489	490	en	twi	challenge_SSA-MTE	hyp1	News	NaN	21.94540786743164
490	491	en	twi	challenge_SSA-MTE	hyp1	News	NaN	25.074359893798828
491	492	en	twi	challenge_SSA-MTE	hyp1	News	NaN	7.095797061920166
492	493	en	twi	challenge_SSA-MTE	hyp1	News	NaN	20.555347442626953
493	494	en	twi	challenge_SSA-MTE	hyp1	News	NaN	20.275928497314453
494	495	en	twi	challenge_SSA-MTE	hyp1	News	NaN	21.045289993286133
495	496	en	twi	challenge_SSA-MTE	hyp1	News	NaN	17.037988662719727
496	497	en	twi	challenge_SSA-MTE	hyp1	News	NaN	21.455286026000977
497	498	en	twi	challenge_SSA-MTE	hyp1	News	NaN	13.891400337219238
498	499	en	twi	challenge_SSA-MTE	hyp1	News	NaN	12.28571891784668
499	500	en	twi	challenge_SSA-MTE	hyp1	News	NaN	16.83542251586914
500	501	en	twi	challenge_SSA-MTE	hyp1	News	NaN	24.401124954223633
501	502	en	twi	challenge_SSA-MTE	hyp1	News	NaN	18.856388092041016
502	503	en	twi	challenge_SSA-MTE	hyp1	News	NaN	24.546127319335938
503	504	en	twi	challenge_SSA-MTE	hyp1	News	NaN	17.35312271118164
504	505	en	twi	challenge_SSA-MTE	hyp1	News	NaN	22.011133193969727
505	506	en	twi	challenge_SSA-MTE	hyp1	News	NaN	18.623411178588867
506	507	en	twi	challenge_SSA-MTE	hyp1	News	NaN	15.802221298217773
507	508	en	twi	challenge_SSA-MTE	hyp1	News	NaN	15.74493408203125
508	509	en	twi	challenge_SSA-MTE	hyp1	News	NaN	18.293874740600586
509	510	en	twi	challenge_SSA-MTE	hyp1	News	NaN	8.882771492004395
510	511	en	twi	challenge_SSA-MTE	hyp1	News	NaN	16.52197265625
511	512	en	twi	challenge_SSA-MTE	hyp1	News	NaN	16.698787689208984
512	513	en	twi	challenge_SSA-MTE	hyp1	News	NaN	17.501619338989258
513	514	en	twi	challenge_SSA-MTE	hyp1	News	NaN	18.721160888671875
514	515	en	twi	challenge_SSA-MTE	hyp1	News	NaN	17.515125274658203
515	516	en	twi	challenge_SSA-MTE	hyp1	News	NaN	16.307403564453125
516	517	en	twi	challenge_SSA-MTE	hyp1	News	NaN	20.701465606689453
517	518	en	twi	challenge_SSA-MTE	hyp1	News	NaN	19.487760543823242
518	519	en	twi	challenge_SSA-MTE	hyp1	News	NaN	18.24806022644043
519	520	en	twi	challenge_SSA-MTE	hyp1	News	NaN	15.460787773132324
520	521	en	twi	challenge_SSA-MTE	hyp1	News	NaN	16.121604919433594
521	522	en	twi	challenge_SSA-MTE	hyp1	News	NaN	15.89890193939209
522	523	en	twi	challenge_SSA-MTE	hyp1	News	NaN	18.549739837646484
523	524	en	twi	challenge_SSA-MTE	hyp1	News	NaN	25.29951286315918
524	525	en	twi	challenge_SSA-MTE	hyp1	News	NaN	22.77913475036621
525	526	en	twi	challenge_SSA-MTE	hyp1	News	NaN	26.264049530029297
526	527	en	twi	challenge_SSA-MTE	hyp1	News	NaN	27.478076934814453
527	528	en	twi	challenge_SSA-MTE	hyp1	News	NaN	25.404022216796875
528	529	en	twi	challenge_SSA-MTE	hyp1	News	NaN	25.34204864501953
529	530	en	twi	challenge_SSA-MTE	hyp1	News	NaN	17.52948570251465
530	531	en	twi	challenge_SSA-MTE	hyp1	News	NaN	18.008899688720703
531	532	en	twi	challenge_SSA-MTE	hyp1	News	NaN	16.449661254882812
532	533	en	twi	challenge_SSA-MTE	hyp1	News	NaN	18.43722152709961
533	534	en	twi	challenge_SSA-MTE	hyp1	News	NaN	18.896217346191406
534	535	en	twi	challenge_SSA-MTE	hyp1	News	NaN	17.217037200927734
535	536	en	twi	challenge_SSA-MTE	hyp1	News	NaN	25.252079010009766
536	537	en	twi	challenge_SSA-MTE	hyp1	News	NaN	17.25958251953125
537	538	en	twi	challenge_SSA-MTE	hyp1	News	NaN	25.08824348449707
538	539	en	twi	challenge_SSA-MTE	hyp1	News	NaN	17.66555404663086
539	540	en	twi	challenge_SSA-MTE	hyp1	News	NaN	23.440954208374023
540	541	en	twi	challenge_SSA-MTE	hyp1	News	NaN	33.188148498535156
541	542	en	twi	challenge_SSA-MTE	hyp1	News	NaN	27.018239974975586
542	543	en	twi	challenge_SSA-MTE	hyp1	News	NaN	24.8619384765625
543	544	en	twi	challenge_SSA-MTE	hyp1	News	NaN	30.6800537109375
544	545	en	twi	challenge_SSA-MTE	hyp1	News	NaN	27.49549102783203
545	546	en	twi	challenge_SSA-MTE	hyp1	News	NaN	27.928428649902344
546	547	en	twi	challenge_SSA-MTE	hyp1	News	NaN	18.498977661132812
547	548	en	twi	challenge_SSA-MTE	hyp1	News	NaN	22.395999908447266
548	549	en	twi	challenge_SSA-MTE	hyp1	News	NaN	17.209348678588867
549	550	en	twi	challenge_SSA-MTE	hyp1	News	NaN	22.147722244262695
550	551	en	twi	challenge_SSA-MTE	hyp1	News	NaN	18.417930603027344
551	552	en	twi	challenge_SSA-MTE	hyp1	News	NaN	18.174381256103516
552	553	en	twi	challenge_SSA-MTE	hyp1	News	NaN	18.729387283325195
553	554	en	twi	challenge_SSA-MTE	hyp1	News	NaN	13.504005432128906
554	555	en	twi	challenge_SSA-MTE	hyp1	News	NaN	17.632537841796875
555	556	en	twi	challenge_SSA-MTE	hyp1	News	NaN	20.117944717407227
556	557	en	twi	challenge_SSA-MTE	hyp1	News	NaN	20.543548583984375
557	558	en	twi	challenge_SSA-MTE	hyp1	News	NaN	16.11447525024414
558	559	en	twi	challenge_SSA-MTE	hyp1	News	NaN	20.986129760742188
559	560	en	twi	challenge_SSA-MTE	hyp1	News	NaN	20.084922790527344
560	561	en	twi	challenge_SSA-MTE	hyp1	News	NaN	19.5119571685791
561	562	en	twi	challenge_SSA-MTE	hyp1	News	NaN	14.608734130859375
562	563	en	twi	challenge_SSA-MTE	hyp1	News	NaN	20.3685359954834
563	564	en	twi	challenge_SSA-MTE	hyp1	News	NaN	20.055587768554688
564	565	en	twi	challenge_SSA-MTE	hyp1	News	NaN	24.16219711303711
565	566	en	twi	challenge_SSA-MTE	hyp1	News	NaN	23.1037540435791
566	567	en	twi	challenge_SSA-MTE	hyp1	News	NaN	18.121912002563477
567	568	en	twi	challenge_SSA-MTE	hyp1	News	NaN	18.527801513671875
568	569	en	twi	challenge_SSA-MTE	hyp1	News	NaN	22.24560546875
569	570	en	twi	challenge_SSA-MTE	hyp1	News	NaN	19.70589828491211
570	571	en	twi	challenge_SSA-MTE	hyp1	News	NaN	25.121875762939453
571	572	en	twi	challenge_SSA-MTE	hyp1	News	NaN	19.255664825439453
572	573	en	twi	challenge_SSA-MTE	hyp1	News	NaN	6.331280708312988
573	574	en	twi	challenge_SSA-MTE	hyp1	News	NaN	21.19393539428711
574	575	en	twi	challenge_SSA-MTE	hyp1	News	NaN	19.987762451171875
575	576	en	twi	challenge_SSA-MTE	hyp1	News	NaN	21.482894897460938
576	577	en	twi	challenge_SSA-MTE	hyp1	News	NaN	19.10274314880371
577	578	en	twi	challenge_SSA-MTE	hyp1	News	NaN	19.206092834472656
578	579	en	twi	challenge_SSA-MTE	hyp1	News	NaN	21.591209411621094
579	580	en	twi	challenge_SSA-MTE	hyp1	News	NaN	19.431346893310547
580	581	en	twi	challenge_SSA-MTE	hyp1	News	NaN	17.7675724029541
581	582	en	twi	challenge_SSA-MTE	hyp1	News	NaN	20.04050064086914
582	583	en	twi	challenge_SSA-MTE	hyp1	News	NaN	18.03421401977539
583	584	en	twi	challenge_SSA-MTE	hyp1	News	NaN	16.433944702148438
584	585	en	twi	challenge_SSA-MTE	hyp1	News	NaN	16.736896514892578
585	586	en	twi	challenge_SSA-MTE	hyp1	News	NaN	19.66335678100586
586	587	en	twi	challenge_SSA-MTE	hyp1	News	NaN	20.959413528442383
587	588	en	twi	challenge_SSA-MTE	hyp1	News	NaN	14.159406661987305
588	589	en	twi	challenge_SSA-MTE	hyp1	News	NaN	22.933013916015625
589	590	en	twi	challenge_SSA-MTE	hyp1	News	NaN	17.891826629638672
590	591	en	twi	challenge_SSA-MTE	hyp1	News	NaN	18.492385864257812
591	592	en	twi	challenge_SSA-MTE	hyp1	News	NaN	18.527423858642578
592	593	en	twi	challenge_SSA-MTE	hyp1	News	NaN	25.531749725341797
593	594	en	twi	challenge_SSA-MTE	hyp1	News	NaN	19.046993255615234
594	595	en	twi	challenge_SSA-MTE	hyp1	News	NaN	20.61638832092285
595	596	en	twi	challenge_SSA-MTE	hyp1	News	NaN	19.936222076416016
596	597	en	twi	challenge_SSA-MTE	hyp1	News	NaN	18.938480377197266
597	598	en	twi	challenge_SSA-MTE	hyp1	News	NaN	25.153276443481445
598	599	en	twi	challenge_SSA-MTE	hyp1	News	NaN	21.723613739013672
599	600	en	twi	challenge_SSA-MTE	hyp1	News	NaN	22.300521850585938
600	601	en	twi	challenge_SSA-MTE	hyp1	News	NaN	32.353023529052734
601	602	en	twi	challenge_SSA-MTE	hyp1	News	NaN	29.427845001220703
602	603	en	twi	challenge_SSA-MTE	hyp1	News	NaN	28.312658309936523
603	604	en	twi	challenge_SSA-MTE	hyp1	News	NaN	37.5021858215332
604	605	en	twi	challenge_SSA-MTE	hyp1	News	NaN	30.888851165771484
605	606	en	twi	challenge_SSA-MTE	hyp1	News	NaN	33.863731384277344
606	607	en	twi	challenge_SSA-MTE	hyp1	News	NaN	19.29976463317871
607	608	en	twi	challenge_SSA-MTE	hyp1	News	NaN	19.37169647216797
608	609	en	twi	challenge_SSA-MTE	hyp1	News	NaN	14.662577629089355
609	610	en	twi	challenge_SSA-MTE	hyp1	News	NaN	20.454299926757812
610	611	en	twi	challenge_SSA-MTE	hyp1	News	NaN	19.050493240356445
611	612	en	twi	challenge_SSA-MTE	hyp1	News	NaN	18.027545928955078
612	613	en	twi	challenge_SSA-MTE	hyp1	News	NaN	22.017070770263672
613	614	en	twi	challenge_SSA-MTE	hyp1	News	NaN	20.584945678710938
614	615	en	twi	challenge_SSA-MTE	hyp1	News	NaN	24.193511962890625
615	616	en	twi	challenge_SSA-MTE	hyp1	News	NaN	22.964170455932617
616	617	en	twi	challenge_SSA-MTE	hyp1	News	NaN	21.436613082885742
617	618	en	twi	challenge_SSA-MTE	hyp1	News	NaN	16.631574630737305
618	619	en	twi	challenge_SSA-MTE	hyp1	News	NaN	20.17412757873535
619	620	en	twi	challenge_SSA-MTE	hyp1	News	NaN	15.78017520904541
620	621	en	twi	challenge_SSA-MTE	hyp1	News	NaN	16.548236846923828
621	622	en	twi	challenge_SSA-MTE	hyp1	News	NaN	20.054471969604492
622	623	en	twi	challenge_SSA-MTE	hyp1	News	NaN	25.098115921020508
623	624	en	twi	challenge_SSA-MTE	hyp1	News	NaN	28.006303787231445
624	625	en	twi	challenge_SSA-MTE	hyp1	News	NaN	22.229419708251953
625	626	en	twi	challenge_SSA-MTE	hyp1	News	NaN	21.656070709228516
626	627	en	twi	challenge_SSA-MTE	hyp1	News	NaN	26.158029556274414
627	628	en	twi	challenge_SSA-MTE	hyp1	News	NaN	20.785022735595703
628	629	en	twi	challenge_SSA-MTE	hyp1	News	NaN	25.097692489624023
629	630	en	twi	challenge_SSA-MTE	hyp1	News	NaN	19.722110748291016
630	631	en	twi	challenge_SSA-MTE	hyp1	News	NaN	19.673965454101562
631	632	en	twi	challenge_SSA-MTE	hyp1	News	NaN	24.991374969482422
632	633	en	twi	challenge_SSA-MTE	hyp1	News	NaN	15.576800346374512
633	634	en	twi	challenge_SSA-MTE	hyp1	News	NaN	22.343273162841797
634	635	en	twi	challenge_SSA-MTE	hyp1	News	NaN	16.24374008178711
635	636	en	twi	challenge_SSA-MTE	hyp1	News	NaN	21.3907470703125
636	637	en	twi	challenge_SSA-MTE	hyp1	News	NaN	20.03831672668457
637	638	en	twi	challenge_SSA-MTE	hyp1	News	NaN	22.969449996948242
638	639	en	twi	challenge_SSA-MTE	hyp1	News	NaN	25.221843719482422
639	640	en	twi	challenge_SSA-MTE	hyp1	News	NaN	20.04737663269043
640	641	en	twi	challenge_SSA-MTE	hyp1	News	NaN	18.459863662719727
641	642	en	twi	challenge_SSA-MTE	hyp1	News	NaN	15.112747192382812
642	643	en	twi	challenge_SSA-MTE	hyp1	News	NaN	18.337526321411133
643	644	en	twi	challenge_SSA-MTE	hyp1	News	NaN	11.423982620239258
644	645	en	twi	challenge_SSA-MTE	hyp1	News	NaN	21.128990173339844
645	646	en	twi	challenge_SSA-MTE	hyp1	News	NaN	15.119165420532227
646	647	en	twi	challenge_SSA-MTE	hyp1	News	NaN	19.73727798461914
647	648	en	twi	challenge_SSA-MTE	hyp1	News	NaN	28.47360610961914
648	649	en	twi	challenge_SSA-MTE	hyp1	News	NaN	27.729145050048828
649	650	en	twi	challenge_SSA-MTE	hyp1	News	NaN	12.644270896911621
650	651	en	twi	challenge_SSA-MTE	hyp1	News	NaN	27.73206329345703
651	652	en	twi	challenge_SSA-MTE	hyp1	News	NaN	19.118206024169922
652	653	en	twi	challenge_SSA-MTE	hyp1	News	NaN	23.113924026489258
653	654	en	twi	challenge_SSA-MTE	hyp1	News	NaN	21.56047248840332
654	655	en	twi	challenge_SSA-MTE	hyp1	News	NaN	23.068775177001953
655	656	en	twi	challenge_SSA-MTE	hyp1	News	NaN	19.472917556762695
656	657	en	twi	challenge_SSA-MTE	hyp1	News	NaN	20.529672622680664
657	658	en	twi	challenge_SSA-MTE	hyp1	News	NaN	18.102245330810547
658	659	en	twi	challenge_SSA-MTE	hyp1	News	NaN	24.750659942626953
659	660	en	twi	challenge_SSA-MTE	hyp1	News	NaN	24.102493286132812
660	661	en	twi	challenge_SSA-MTE	hyp1	News	NaN	26.684301376342773
661	662	en	twi	challenge_SSA-MTE	hyp1	News	NaN	22.895586013793945
662	663	en	twi	challenge_SSA-MTE	hyp1	News	NaN	23.642112731933594
663	664	en	twi	challenge_SSA-MTE	hyp1	News	NaN	20.626441955566406
664	665	en	twi	challenge_SSA-MTE	hyp1	News	NaN	23.717548370361328
665	666	en	twi	challenge_SSA-MTE	hyp1	News	NaN	15.276885032653809
666	667	en	twi	challenge_SSA-MTE	hyp1	News	NaN	15.678499221801758
667	668	en	twi	challenge_SSA-MTE	hyp1	News	NaN	9.296272277832031
668	669	en	twi	challenge_SSA-MTE	hyp1	News	NaN	15.418713569641113
669	670	en	twi	challenge_SSA-MTE	hyp1	News	NaN	14.598907470703125
670	671	en	twi	challenge_SSA-MTE	hyp1	News	NaN	14.174187660217285
671	672	en	twi	challenge_SSA-MTE	hyp1	News	NaN	18.15683937072754
672	673	en	twi	challenge_SSA-MTE	hyp1	News	NaN	19.373838424682617
673	674	en	twi	challenge_SSA-MTE	hyp1	News	NaN	3.666062355041504
674	675	en	twi	challenge_SSA-MTE	hyp1	News	NaN	19.11241912841797
675	676	en	twi	challenge_SSA-MTE	hyp1	News	NaN	17.847030639648438
676	677	en	twi	challenge_SSA-MTE	hyp1	News	NaN	24.750926971435547
677	678	en	twi	challenge_SSA-MTE	hyp1	News	NaN	17.451900482177734
678	679	en	twi	challenge_SSA-MTE	hyp1	News	NaN	17.497743606567383
679	680	en	twi	challenge_SSA-MTE	hyp1	News	NaN	14.587810516357422
680	681	en	twi	challenge_SSA-MTE	hyp1	News	NaN	16.197092056274414
681	682	en	twi	challenge_SSA-MTE	hyp1	News	NaN	17.43012237548828
682	683	en	twi	challenge_SSA-MTE	hyp1	News	NaN	19.490373611450195
683	684	en	twi	challenge_SSA-MTE	hyp1	News	NaN	19.400232315063477
684	685	en	twi	challenge_SSA-MTE	hyp1	News	NaN	17.393138885498047
685	686	en	twi	challenge_SSA-MTE	hyp1	News	NaN	15.163918495178223
686	687	en	twi	challenge_SSA-MTE	hyp1	News	NaN	19.9783878326416
687	688	en	twi	challenge_SSA-MTE	hyp1	News	NaN	19.942108154296875
688	689	en	twi	challenge_SSA-MTE	hyp1	News	NaN	17.257801055908203
689	690	en	twi	challenge_SSA-MTE	hyp1	News	NaN	20.487197875976562
690	691	en	twi	challenge_SSA-MTE	hyp1	News	NaN	18.487537384033203
691	692	en	twi	challenge_SSA-MTE	hyp1	News	NaN	17.07450294494629
692	693	en	twi	challenge_SSA-MTE	hyp1	News	NaN	13.408693313598633
693	694	en	twi	challenge_SSA-MTE	hyp1	News	NaN	15.253143310546875
694	695	en	twi	challenge_SSA-MTE	hyp1	News	NaN	20.47862434387207
695	696	en	twi	challenge_SSA-MTE	hyp1	News	NaN	15.53629207611084
696	697	en	twi	challenge_SSA-MTE	hyp1	News	NaN	19.779264450073242
697	698	en	twi	challenge_SSA-MTE	hyp1	News	NaN	17.665311813354492
698	699	en	twi	challenge_SSA-MTE	hyp1	News	NaN	21.87035369873047
699	700	en	twi	challenge_SSA-MTE	hyp1	News	NaN	19.686988830566406
700	701	en	twi	challenge_SSA-MTE	hyp1	News	NaN	19.242145538330078
701	702	en	twi	challenge_SSA-MTE	hyp1	News	NaN	24.695308685302734
702	703	en	twi	challenge_SSA-MTE	hyp1	News	NaN	18.550962448120117
703	704	en	twi	challenge_SSA-MTE	hyp1	News	NaN	19.749771118164062
704	705	en	twi	challenge_SSA-MTE	hyp1	News	NaN	22.09001922607422
705	706	en	twi	challenge_SSA-MTE	hyp1	News	NaN	18.045452117919922
706	707	en	twi	challenge_SSA-MTE	hyp1	News	NaN	16.061918258666992
707	708	en	twi	challenge_SSA-MTE	hyp1	News	NaN	17.00049591064453
708	709	en	twi	challenge_SSA-MTE	hyp1	News	NaN	13.708542823791504
709	710	en	twi	challenge_SSA-MTE	hyp1	News	NaN	18.533138275146484
710	711	en	twi	challenge_SSA-MTE	hyp1	News	NaN	18.772069931030273
711	712	en	twi	challenge_SSA-MTE	hyp1	News	NaN	24.29831886291504
712	713	en	twi	challenge_SSA-MTE	hyp1	News	NaN	8.812990188598633
713	714	en	twi	challenge_SSA-MTE	hyp1	News	NaN	24.218202590942383
714	715	en	twi	challenge_SSA-MTE	hyp1	News	NaN	29.490346908569336
715	716	en	twi	challenge_SSA-MTE	hyp1	News	NaN	26.654802322387695
716	717	en	twi	challenge_SSA-MTE	hyp1	News	NaN	23.709247589111328
717	718	en	twi	challenge_SSA-MTE	hyp1	News	NaN	22.58218002319336
718	719	en	twi	challenge_SSA-MTE	hyp1	News	NaN	19.268699645996094
719	720	en	twi	challenge_SSA-MTE	hyp1	News	NaN	20.97482681274414
720	721	en	twi	challenge_SSA-MTE	hyp1	News	NaN	17.648792266845703
721	722	en	twi	challenge_SSA-MTE	hyp1	News	NaN	17.181983947753906
722	723	en	twi	challenge_SSA-MTE	hyp1	News	NaN	24.47748565673828
723	724	en	twi	challenge_SSA-MTE	hyp1	News	NaN	22.84781837463379
724	725	en	twi	challenge_SSA-MTE	hyp1	News	NaN	15.483558654785156
725	726	en	twi	challenge_SSA-MTE	hyp1	News	NaN	24.332275390625
726	727	en	twi	challenge_SSA-MTE	hyp1	News	NaN	25.621179580688477
727	728	en	twi	challenge_SSA-MTE	hyp1	News	NaN	21.957012176513672
728	729	en	twi	challenge_SSA-MTE	hyp1	News	NaN	25.30495834350586
729	730	en	twi	challenge_SSA-MTE	hyp1	News	NaN	20.69719123840332
730	731	en	twi	challenge_SSA-MTE	hyp1	News	NaN	17.576236724853516
731	732	en	twi	challenge_SSA-MTE	hyp1	News	NaN	8.529489517211914
732	733	en	twi	challenge_SSA-MTE	hyp1	News	NaN	21.30345916748047
733	734	en	twi	challenge_SSA-MTE	hyp1	News	NaN	20.352218627929688
734	735	en	twi	challenge_SSA-MTE	hyp1	News	NaN	19.61394500732422
735	736	en	twi	challenge_SSA-MTE	hyp1	News	NaN	21.43105697631836
736	737	en	twi	challenge_SSA-MTE	hyp1	News	NaN	10.850194931030273
737	738	en	twi	challenge_SSA-MTE	hyp1	News	NaN	25.746631622314453
738	739	en	twi	challenge_SSA-MTE	hyp1	News	NaN	18.110294342041016
739	740	en	twi	challenge_SSA-MTE	hyp1	News	NaN	20.442564010620117
740	741	en	twi	challenge_SSA-MTE	hyp1	News	NaN	16.823150634765625
741	742	en	twi	challenge_SSA-MTE	hyp1	News	NaN	21.515174865722656
742	743	en	twi	challenge_SSA-MTE	hyp1	News	NaN	25.488971710205078
743	744	en	twi	challenge_SSA-MTE	hyp1	News	NaN	21.623022079467773
744	745	en	twi	challenge_SSA-MTE	hyp1	News	NaN	19.892379760742188
745	746	en	twi	challenge_SSA-MTE	hyp1	News	NaN	21.838537216186523
746	747	en	twi	challenge_SSA-MTE	hyp1	News	NaN	25.662134170532227
747	748	en	twi	challenge_SSA-MTE	hyp1	News	NaN	24.538022994995117
748	749	en	twi	challenge_SSA-MTE	hyp1	News	NaN	29.007015228271484
749	750	en	twi	challenge_SSA-MTE	hyp1	News	NaN	17.371355056762695
750	751	en	twi	challenge_SSA-MTE	hyp1	News	NaN	17.215177536010742
751	752	en	twi	challenge_SSA-MTE	hyp1	News	NaN	22.620872497558594
752	753	en	twi	challenge_SSA-MTE	hyp1	News	NaN	24.240747451782227
753	754	en	twi	challenge_SSA-MTE	hyp1	News	NaN	16.80652618408203
754	755	en	twi	challenge_SSA-MTE	hyp1	News	NaN	13.666951179504395
755	756	en	twi	challenge_SSA-MTE	hyp1	News	NaN	15.300287246704102
756	757	en	twi	challenge_SSA-MTE	hyp1	News	NaN	24.20386505126953
757	758	en	twi	challenge_SSA-MTE	hyp1	News	NaN	18.976139068603516
758	759	en	twi	challenge_SSA-MTE	hyp1	News	NaN	18.050905227661133
759	760	en	twi	challenge_SSA-MTE	hyp1	News	NaN	18.85544204711914
760	761	en	twi	challenge_SSA-MTE	hyp1	News	NaN	19.397586822509766
761	762	en	twi	challenge_SSA-MTE	hyp1	News	NaN	20.242511749267578
762	763	en	twi	challenge_SSA-MTE	hyp1	News	NaN	17.852828979492188
763	764	en	twi	challenge_SSA-MTE	hyp1	News	NaN	23.389169692993164
764	765	en	twi	challenge_SSA-MTE	hyp1	News	NaN	22.295238494873047
765	766	en	twi	challenge_SSA-MTE	hyp1	News	NaN	13.147529602050781
766	767	en	twi	challenge_SSA-MTE	hyp1	News	NaN	10.7421236038208
767	768	en	twi	challenge_SSA-MTE	hyp1	News	NaN	13.899903297424316
768	769	en	twi	challenge_SSA-MTE	hyp1	News	NaN	23.0260066986084
769	770	en	twi	challenge_SSA-MTE	hyp1	News	NaN	12.428179740905762
770	771	en	twi	challenge_SSA-MTE	hyp1	News	NaN	18.61736297607422
771	772	en	twi	challenge_SSA-MTE	hyp1	News	NaN	30.152889251708984
772	773	en	twi	challenge_SSA-MTE	hyp1	News	NaN	23.419647216796875
773	774	en	twi	challenge_SSA-MTE	hyp1	News	NaN	25.6258544921875
774	775	en	twi	challenge_SSA-MTE	hyp1	News	NaN	25.32774543762207
775	776	en	twi	challenge_SSA-MTE	hyp1	News	NaN	26.12678337097168
776	777	en	twi	challenge_SSA-MTE	hyp1	News	NaN	24.975826263427734
777	778	en	twi	challenge_SSA-MTE	hyp1	News	NaN	21.48992156982422
778	779	en	twi	challenge_SSA-MTE	hyp1	News	NaN	19.751523971557617
779	780	en	twi	challenge_SSA-MTE	hyp1	News	NaN	4.049997806549072
780	781	en	twi	challenge_SSA-MTE	hyp1	News	NaN	21.540996551513672
781	782	en	twi	challenge_SSA-MTE	hyp1	News	NaN	19.06245231628418
782	783	en	twi	challenge_SSA-MTE	hyp1	News	NaN	22.010902404785156
783	784	en	twi	challenge_SSA-MTE	hyp1	News	NaN	19.091920852661133
784	785	en	twi	challenge_SSA-MTE	hyp1	News	NaN	22.33943748474121
785	786	en	twi	challenge_SSA-MTE	hyp1	News	NaN	4.519520282745361
786	787	en	twi	challenge_SSA-MTE	hyp1	News	NaN	23.795570373535156
787	788	en	twi	challenge_SSA-MTE	hyp1	News	NaN	17.389530181884766
788	789	en	twi	challenge_SSA-MTE	hyp1	News	NaN	20.873971939086914
789	790	en	twi	challenge_SSA-MTE	hyp1	News	NaN	18.69891929626465
790	791	en	twi	challenge_SSA-MTE	hyp1	News	NaN	15.886037826538086
791	792	en	twi	challenge_SSA-MTE	hyp1	News	NaN	14.11992359161377
792	793	en	twi	challenge_SSA-MTE	hyp1	News	NaN	18.504825592041016
793	794	en	twi	challenge_SSA-MTE	hyp1	News	NaN	15.811473846435547
794	795	en	twi	challenge_SSA-MTE	hyp1	News	NaN	16.912046432495117
795	796	en	twi	challenge_SSA-MTE	hyp1	News	NaN	12.716788291931152
796	797	en	twi	challenge_SSA-MTE	hyp1	News	NaN	16.310382843017578
797	798	en	twi	challenge_SSA-MTE	hyp1	News	NaN	12.756000518798828
798	799	en	twi	challenge_SSA-MTE	hyp1	News	NaN	13.176488876342773
799	800	en	twi	challenge_SSA-MTE	hyp1	News	NaN	12.353236198425293
800	801	en	twi	challenge_SSA-MTE	hyp1	News	NaN	14.80599594116211
801	802	en	twi	challenge_SSA-MTE	hyp1	News	NaN	16.229778289794922
802	803	en	twi	challenge_SSA-MTE	hyp1	News	NaN	17.085418701171875
803	804	en	twi	challenge_SSA-MTE	hyp1	News	NaN	19.53554916381836
804	805	en	twi	challenge_SSA-MTE	hyp1	News	NaN	15.637053489685059
805	806	en	twi	challenge_SSA-MTE	hyp1	News	NaN	20.350120544433594
806	807	en	twi	challenge_SSA-MTE	hyp1	News	NaN	16.323314666748047
807	808	en	twi	challenge_SSA-MTE	hyp1	News	NaN	20.49907684326172
808	809	en	twi	challenge_SSA-MTE	hyp1	News	NaN	23.672590255737305
809	810	en	twi	challenge_SSA-MTE	hyp1	News	NaN	16.415586471557617
810	811	en	twi	challenge_SSA-MTE	hyp1	News	NaN	20.212604522705078
811	812	en	twi	challenge_SSA-MTE	hyp1	News	NaN	21.76748275756836
812	813	en	twi	challenge_SSA-MTE	hyp1	News	NaN	20.014907836914062
813	814	en	twi	challenge_SSA-MTE	hyp1	News	NaN	22.73122787475586
814	815	en	twi	challenge_SSA-MTE	hyp1	News	NaN	18.77589225769043
815	816	en	twi	challenge_SSA-MTE	hyp1	News	NaN	7.970642566680908
816	817	en	twi	challenge_SSA-MTE	hyp1	News	NaN	18.984668731689453
817	818	en	twi	challenge_SSA-MTE	hyp1	News	NaN	21.90777587890625
818	819	en	twi	challenge_SSA-MTE	hyp1	News	NaN	19.00305938720703
819	820	en	twi	challenge_SSA-MTE	hyp1	News	NaN	18.860191345214844
820	821	en	twi	challenge_SSA-MTE	hyp1	News	NaN	13.88981819152832
821	822	en	twi	challenge_SSA-MTE	hyp1	News	NaN	27.07762908935547
822	823	en	twi	challenge_SSA-MTE	hyp1	News	NaN	23.381607055664062
823	824	en	twi	challenge_SSA-MTE	hyp1	News	NaN	26.043872833251953
824	825	en	twi	challenge_SSA-MTE	hyp1	News	NaN	22.28190040588379
825	826	en	twi	challenge_SSA-MTE	hyp1	News	NaN	16.472572326660156
826	827	en	twi	challenge_SSA-MTE	hyp1	News	NaN	12.874099731445312
827	828	en	twi	challenge_SSA-MTE	hyp1	News	NaN	15.052390098571777
828	829	en	twi	challenge_SSA-MTE	hyp1	News	NaN	15.51395320892334
829	830	en	twi	challenge_SSA-MTE	hyp1	News	NaN	11.577652931213379
830	831	en	twi	challenge_SSA-MTE	hyp1	News	NaN	10.757913589477539
831	832	en	twi	challenge_SSA-MTE	hyp1	News	NaN	22.129758834838867
832	833	en	twi	challenge_SSA-MTE	hyp1	News	NaN	15.365424156188965
833	834	en	twi	challenge_SSA-MTE	hyp1	News	NaN	20.661317825317383
834	835	en	twi	challenge_SSA-MTE	hyp1	News	NaN	20.200740814208984
835	836	en	twi	challenge_SSA-MTE	hyp1	News	NaN	19.951398849487305
836	837	en	twi	challenge_SSA-MTE	hyp1	News	NaN	17.375030517578125
837	838	en	twi	challenge_SSA-MTE	hyp1	News	NaN	27.44613265991211
838	839	en	twi	challenge_SSA-MTE	hyp1	News	NaN	22.63640785217285
839	840	en	twi	challenge_SSA-MTE	hyp1	News	NaN	15.75221061706543
840	841	en	twi	challenge_SSA-MTE	hyp1	News	NaN	26.084400177001953
841	842	en	twi	challenge_SSA-MTE	hyp1	News	NaN	25.732650756835938
842	843	en	twi	challenge_SSA-MTE	hyp1	News	NaN	20.14320182800293
843	844	en	twi	challenge_SSA-MTE	hyp1	News	NaN	17.698034286499023
844	845	en	twi	challenge_SSA-MTE	hyp1	News	NaN	18.439071655273438
845	846	en	twi	challenge_SSA-MTE	hyp1	News	NaN	15.639642715454102
846	847	en	twi	challenge_SSA-MTE	hyp1	News	NaN	18.320167541503906
847	848	en	twi	challenge_SSA-MTE	hyp1	News	NaN	16.630603790283203
848	849	en	twi	challenge_SSA-MTE	hyp1	News	NaN	17.775531768798828
849	850	en	twi	challenge_SSA-MTE	hyp1	News	NaN	28.052074432373047
850	851	en	twi	challenge_SSA-MTE	hyp1	News	NaN	23.761959075927734
851	852	en	twi	challenge_SSA-MTE	hyp1	News	NaN	2.0894405841827393
852	853	en	twi	challenge_SSA-MTE	hyp1	News	NaN	21.575420379638672
853	854	en	twi	challenge_SSA-MTE	hyp1	News	NaN	25.03857421875
854	855	en	twi	challenge_SSA-MTE	hyp1	News	NaN	24.93674087524414
855	856	en	twi	challenge_SSA-MTE	hyp1	News	NaN	23.542152404785156
856	857	en	twi	challenge_SSA-MTE	hyp1	News	NaN	25.293834686279297
857	858	en	twi	challenge_SSA-MTE	hyp1	News	NaN	27.074575424194336
858	859	en	twi	challenge_SSA-MTE	hyp1	News	NaN	32.93533706665039
859	860	en	twi	challenge_SSA-MTE	hyp1	News	NaN	26.220985412597656
860	861	en	twi	challenge_SSA-MTE	hyp1	News	NaN	25.801128387451172
861	862	en	twi	challenge_SSA-MTE	hyp1	News	NaN	20.506351470947266
862	863	en	twi	challenge_SSA-MTE	hyp1	News	NaN	17.88224983215332
863	864	en	twi	challenge_SSA-MTE	hyp1	News	NaN	23.004608154296875
864	865	en	twi	challenge_SSA-MTE	hyp1	News	NaN	27.447105407714844
865	866	en	twi	challenge_SSA-MTE	hyp1	News	NaN	18.334096908569336
866	867	en	twi	challenge_SSA-MTE	hyp1	News	NaN	21.726943969726562
867	868	en	twi	challenge_SSA-MTE	hyp1	News	NaN	20.55291175842285
868	869	en	twi	challenge_SSA-MTE	hyp1	News	NaN	22.166017532348633
869	870	en	twi	challenge_SSA-MTE	hyp1	News	NaN	18.82185935974121
870	871	en	twi	challenge_SSA-MTE	hyp1	News	NaN	19.376739501953125
871	872	en	twi	challenge_SSA-MTE	hyp1	News	NaN	20.515405654907227
872	873	en	twi	challenge_SSA-MTE	hyp1	News	NaN	13.807185173034668
873	874	en	twi	challenge_SSA-MTE	hyp1	News	NaN	16.499828338623047
874	875	en	twi	challenge_SSA-MTE	hyp1	News	NaN	11.309721946716309
875	876	en	twi	challenge_SSA-MTE	hyp1	News	NaN	11.857447624206543
876	877	en	twi	challenge_SSA-MTE	hyp1	News	NaN	11.421184539794922
877	878	en	twi	challenge_SSA-MTE	hyp1	News	NaN	8.573606491088867
878	879	en	twi	challenge_SSA-MTE	hyp1	News	NaN	23.719329833984375
879	880	en	twi	challenge_SSA-MTE	hyp1	News	NaN	21.176593780517578
880	881	en	twi	challenge_SSA-MTE	hyp1	News	NaN	24.928524017333984
881	882	en	twi	challenge_SSA-MTE	hyp1	News	NaN	24.867652893066406
882	883	en	twi	challenge_SSA-MTE	hyp1	News	NaN	24.50147247314453
883	884	en	twi	challenge_SSA-MTE	hyp1	News	NaN	22.809690475463867
884	885	en	twi	challenge_SSA-MTE	hyp1	News	NaN	22.724002838134766
885	886	en	twi	challenge_SSA-MTE	hyp1	News	NaN	20.22746467590332
886	887	en	twi	challenge_SSA-MTE	hyp1	News	NaN	9.12171459197998
887	888	en	twi	challenge_SSA-MTE	hyp1	News	NaN	22.363590240478516
888	889	en	twi	challenge_SSA-MTE	hyp1	News	NaN	19.45034408569336
889	890	en	twi	challenge_SSA-MTE	hyp1	News	NaN	22.35025978088379
890	891	en	twi	challenge_SSA-MTE	hyp1	News	NaN	16.69175148010254
891	892	en	twi	challenge_SSA-MTE	hyp1	News	NaN	16.40266227722168
892	893	en	twi	challenge_SSA-MTE	hyp1	News	NaN	17.43899917602539
893	894	en	twi	challenge_SSA-MTE	hyp1	News	NaN	10.495942115783691
894	895	en	twi	challenge_SSA-MTE	hyp1	News	NaN	15.49583625793457
895	896	en	twi	challenge_SSA-MTE	hyp1	News	NaN	16.705245971679688
896	897	en	twi	challenge_SSA-MTE	hyp1	News	NaN	23.206966400146484
897	898	en	twi	challenge_SSA-MTE	hyp1	News	NaN	23.98674201965332
898	899	en	twi	challenge_SSA-MTE	hyp1	News	NaN	19.406723022460938
899	900	en	twi	challenge_SSA-MTE	hyp1	News	NaN	25.96286392211914
900	901	en	twi	challenge_SSA-MTE	hyp1	News	NaN	24.066503524780273
901	902	en	twi	challenge_SSA-MTE	hyp1	News	NaN	21.833314895629883
902	903	en	twi	challenge_SSA-MTE	hyp1	News	NaN	9.68199348449707
903	904	en	twi	challenge_SSA-MTE	hyp1	News	NaN	10.91018295288086
904	905	en	twi	challenge_SSA-MTE	hyp1	News	NaN	11.620830535888672
905	906	en	twi	challenge_SSA-MTE	hyp1	News	NaN	10.942155838012695
906	907	en	twi	challenge_SSA-MTE	hyp1	News	NaN	12.725069046020508
907	908	en	twi	challenge_SSA-MTE	hyp1	News	NaN	13.61189079284668
908	909	en	twi	challenge_SSA-MTE	hyp1	News	NaN	19.662378311157227
909	910	en	twi	challenge_SSA-MTE	hyp1	News	NaN	11.360525131225586
910	911	en	twi	challenge_SSA-MTE	hyp1	News	NaN	17.201414108276367
911	912	en	twi	challenge_SSA-MTE	hyp1	News	NaN	16.036182403564453
912	913	en	twi	challenge_SSA-MTE	hyp1	News	NaN	17.356342315673828
913	914	en	twi	challenge_SSA-MTE	hyp1	News	NaN	17.095916748046875
914	915	en	twi	challenge_SSA-MTE	hyp1	News	NaN	25.603336334228516
915	916	en	twi	challenge_SSA-MTE	hyp1	News	NaN	19.618043899536133
916	917	en	twi	challenge_SSA-MTE	hyp1	News	NaN	20.012840270996094
917	918	en	twi	challenge_SSA-MTE	hyp1	News	NaN	25.308412551879883
918	919	en	twi	challenge_SSA-MTE	hyp1	News	NaN	22.457035064697266
919	920	en	twi	challenge_SSA-MTE	hyp1	News	NaN	20.781845092773438
920	921	en	twi	challenge_SSA-MTE	hyp1	News	NaN	16.543197631835938
921	922	en	twi	challenge_SSA-MTE	hyp1	News	NaN	15.070817947387695
922	923	en	twi	challenge_SSA-MTE	hyp1	News	NaN	16.071136474609375
923	924	en	twi	challenge_SSA-MTE	hyp1	News	NaN	17.17089080810547
924	925	en	twi	challenge_SSA-MTE	hyp1	News	NaN	17.142574310302734
925	926	en	twi	challenge_SSA-MTE	hyp1	News	NaN	18.946903228759766
926	927	en	twi	challenge_SSA-MTE	hyp1	News	NaN	16.082365036010742
927	928	en	twi	challenge_SSA-MTE	hyp1	News	NaN	11.759990692138672
928	929	en	twi	challenge_SSA-MTE	hyp1	News	NaN	16.173175811767578
929	930	en	twi	challenge_SSA-MTE	hyp1	News	NaN	18.634815216064453
930	931	en	twi	challenge_SSA-MTE	hyp1	News	NaN	18.983949661254883
931	932	en	twi	challenge_SSA-MTE	hyp1	News	NaN	19.968154907226562
932	933	en	twi	challenge_SSA-MTE	hyp1	News	NaN	19.39406967163086
933	934	en	twi	challenge_SSA-MTE	hyp1	News	NaN	17.75247573852539
934	935	en	twi	challenge_SSA-MTE	hyp1	News	NaN	18.21277618408203
935	936	en	twi	challenge_SSA-MTE	hyp1	News	NaN	19.1524600982666
936	937	en	twi	challenge_SSA-MTE	hyp1	News	NaN	19.182861328125
937	938	en	twi	challenge_SSA-MTE	hyp1	News	NaN	23.698776245117188
938	939	en	twi	challenge_SSA-MTE	hyp1	News	NaN	22.123844146728516
939	940	en	twi	challenge_SSA-MTE	hyp1	News	NaN	21.528926849365234
940	941	en	twi	challenge_SSA-MTE	hyp1	News	NaN	28.54617691040039
941	942	en	twi	challenge_SSA-MTE	hyp1	News	NaN	22.4801025390625
942	943	en	twi	challenge_SSA-MTE	hyp1	News	NaN	19.554523468017578
943	944	en	twi	challenge_SSA-MTE	hyp1	News	NaN	15.922048568725586
944	945	en	twi	challenge_SSA-MTE	hyp1	News	NaN	21.150371551513672
945	946	en	twi	challenge_SSA-MTE	hyp1	News	NaN	15.583532333374023
946	947	en	twi	challenge_SSA-MTE	hyp1	News	NaN	13.485732078552246
947	948	en	twi	challenge_SSA-MTE	hyp1	News	NaN	16.038433074951172
948	949	en	twi	challenge_SSA-MTE	hyp1	News	NaN	14.348567962646484
949	950	en	twi	challenge_SSA-MTE	hyp1	News	NaN	13.971562385559082
950	951	en	twi	challenge_SSA-MTE	hyp1	News	NaN	18.73133087158203
951	952	en	twi	challenge_SSA-MTE	hyp1	News	NaN	6.3808698654174805
952	953	en	twi	challenge_SSA-MTE	hyp1	News	NaN	18.83440399169922
953	954	en	twi	challenge_SSA-MTE	hyp1	News	NaN	17.438167572021484
954	955	en	twi	challenge_SSA-MTE	hyp1	News	NaN	17.11859893798828
955	956	en	twi	challenge_SSA-MTE	hyp1	News	NaN	15.65679931640625
956	957	en	twi	challenge_SSA-MTE	hyp1	News	NaN	17.021120071411133
957	958	en	twi	challenge_SSA-MTE	hyp1	News	NaN	11.139533996582031
958	959	en	twi	challenge_SSA-MTE	hyp1	News	NaN	14.370115280151367
959	960	en	twi	challenge_SSA-MTE	hyp1	News	NaN	13.360909461975098
960	961	en	twi	challenge_SSA-MTE	hyp1	News	NaN	22.46145248413086
961	962	en	twi	challenge_SSA-MTE	hyp1	News	NaN	18.60989761352539
962	963	en	twi	challenge_SSA-MTE	hyp1	News	NaN	13.040987968444824
963	964	en	twi	challenge_SSA-MTE	hyp1	News	NaN	20.356338500976562
964	965	en	twi	challenge_SSA-MTE	hyp1	News	NaN	18.68017578125
965	966	en	twi	challenge_SSA-MTE	hyp1	News	NaN	15.053102493286133
966	967	en	twi	challenge_SSA-MTE	hyp1	News	NaN	14.146257400512695
967	968	en	twi	challenge_SSA-MTE	hyp1	News	NaN	14.674630165100098
968	969	en	twi	challenge_SSA-MTE	hyp1	News	NaN	14.24454116821289
969	970	en	twi	challenge_SSA-MTE	hyp1	News	NaN	12.77022933959961
970	971	en	twi	challenge_SSA-MTE	hyp1	News	NaN	15.03026008605957
971	972	en	twi	challenge_SSA-MTE	hyp1	News	NaN	15.132012367248535
972	973	en	twi	challenge_SSA-MTE	hyp1	News	NaN	16.38492202758789
973	974	en	twi	challenge_SSA-MTE	hyp1	News	NaN	18.099468231201172
974	975	en	twi	challenge_SSA-MTE	hyp1	News	NaN	13.11156177520752
975	976	en	twi	challenge_SSA-MTE	hyp1	News	NaN	8.364700317382812
976	977	en	twi	challenge_SSA-MTE	hyp1	News	NaN	15.684009552001953
977	978	en	twi	challenge_SSA-MTE	hyp1	News	NaN	19.225814819335938
978	979	en	twi	challenge_SSA-MTE	hyp1	News	NaN	15.121302604675293
979	980	en	twi	challenge_SSA-MTE	hyp1	News	NaN	17.262989044189453
980	981	en	twi	challenge_SSA-MTE	hyp1	News	NaN	17.722885131835938
981	982	en	twi	challenge_SSA-MTE	hyp1	News	NaN	15.113359451293945
982	983	en	twi	challenge_SSA-MTE	hyp1	News	NaN	19.261327743530273
983	984	en	twi	challenge_SSA-MTE	hyp1	News	NaN	12.687970161437988
984	985	en	twi	challenge_SSA-MTE	hyp1	News	NaN	22.131446838378906
985	986	en	twi	challenge_SSA-MTE	hyp1	News	NaN	22.272432327270508
986	987	en	twi	challenge_SSA-MTE	hyp1	News	NaN	6.950051784515381
987	988	en	twi	challenge_SSA-MTE	hyp1	News	NaN	19.666227340698242
988	989	en	twi	challenge_SSA-MTE	hyp1	News	NaN	21.29042625427246
989	990	en	twi	challenge_SSA-MTE	hyp1	News	NaN	20.248939514160156
990	991	en	twi	challenge_SSA-MTE	hyp1	News	NaN	19.260150909423828
991	992	en	twi	challenge_SSA-MTE	hyp1	News	NaN	18.992019653320312
992	993	en	twi	challenge_SSA-MTE	hyp1	News	NaN	18.91176986694336
993	994	en	twi	challenge_SSA-MTE	hyp1	News	NaN	15.232179641723633
994	995	en	twi	challenge_SSA-MTE	hyp1	News	NaN	18.27239227294922
995	996	en	twi	challenge_SSA-MTE	hyp1	News	NaN	22.681060791015625
996	997	en	twi	challenge_SSA-MTE	hyp1	News	NaN	12.895928382873535
997	998	en	twi	challenge_SSA-MTE	hyp1	News	NaN	14.09701156616211
998	999	en	twi	challenge_SSA-MTE	hyp1	News	NaN	12.225669860839844
999	1000	en	twi	challenge_SSA-MTE	hyp1	News	NaN	13.884925842285156
1000	1001	en	twi	challenge_SSA-MTE	hyp1	News	NaN	14.675414085388184
1001	1002	en	twi	challenge_SSA-MTE	hyp1	News	NaN	13.69289779663086
1002	1003	en	twi	challenge_SSA-MTE	hyp1	News	NaN	17.39313507080078
1003	1004	en	twi	challenge_SSA-MTE	hyp1	News	NaN	17.912546157836914
1004	1005	en	twi	challenge_SSA-MTE	hyp1	News	NaN	24.051681518554688
1005	1006	en	twi	challenge_SSA-MTE	hyp1	News	NaN	22.830970764160156
1006	1007	en	twi	challenge_SSA-MTE	hyp1	News	NaN	18.046350479125977
1007	1008	en	twi	challenge_SSA-MTE	hyp1	News	NaN	17.612125396728516
1008	1009	en	twi	challenge_SSA-MTE	hyp1	News	NaN	20.244539260864258
1009	1010	en	twi	challenge_SSA-MTE	hyp1	News	NaN	20.121583938598633
1010	1011	en	twi	challenge_SSA-MTE	hyp1	News	NaN	7.2835211753845215
1011	1012	en	twi	challenge_SSA-MTE	hyp1	News	NaN	20.283889770507812
1012	1013	en	twi	challenge_SSA-MTE	hyp1	News	NaN	14.925186157226562
1013	1014	en	twi	challenge_SSA-MTE	hyp1	News	NaN	18.96479606628418
1014	1015	en	twi	challenge_SSA-MTE	hyp1	News	NaN	22.39524269104004
1015	1016	en	twi	challenge_SSA-MTE	hyp1	News	NaN	18.90824317932129
1016	1017	en	twi	challenge_SSA-MTE	hyp1	News	NaN	15.0349702835083
1017	1018	en	twi	challenge_SSA-MTE	hyp1	News	NaN	20.754819869995117
1018	1019	en	twi	challenge_SSA-MTE	hyp1	News	NaN	20.706520080566406
1019	1020	en	twi	challenge_SSA-MTE	hyp1	News	NaN	15.126763343811035
1020	1021	en	twi	challenge_SSA-MTE	hyp1	News	NaN	13.169520378112793
1021	1022	en	twi	challenge_SSA-MTE	hyp1	News	NaN	13.969347953796387
1022	1023	en	twi	challenge_SSA-MTE	hyp1	News	NaN	11.890975952148438
1023	1024	en	twi	challenge_SSA-MTE	hyp1	News	NaN	10.571901321411133
1024	1025	en	twi	challenge_SSA-MTE	hyp1	News	NaN	13.590892791748047
1025	1026	en	twi	challenge_SSA-MTE	hyp1	News	NaN	11.847634315490723
1026	1027	en	twi	challenge_SSA-MTE	hyp1	News	NaN	16.183582305908203
1027	1028	en	twi	challenge_SSA-MTE	hyp1	News	NaN	17.951223373413086
1028	1029	en	twi	challenge_SSA-MTE	hyp1	News	NaN	16.82732582092285
1029	1030	en	twi	challenge_SSA-MTE	hyp1	News	NaN	16.578590393066406
1030	1031	en	twi	challenge_SSA-MTE	hyp1	News	NaN	18.946453094482422
1031	1032	en	twi	challenge_SSA-MTE	hyp1	News	NaN	22.803997039794922
1032	1033	en	twi	challenge_SSA-MTE	hyp1	News	NaN	10.807403564453125
1033	1034	en	twi	challenge_SSA-MTE	hyp1	News	NaN	8.652668952941895
1034	1035	en	twi	challenge_SSA-MTE	hyp1	News	NaN	7.543402671813965
1035	1036	en	twi	challenge_SSA-MTE	hyp1	News	NaN	9.191543579101562
1036	1037	en	twi	challenge_SSA-MTE	hyp1	News	NaN	11.381705284118652
1037	1038	en	twi	challenge_SSA-MTE	hyp1	News	NaN	11.399626731872559
1038	1039	en	twi	challenge_SSA-MTE	hyp1	News	NaN	24.224102020263672
1039	1040	en	twi	challenge_SSA-MTE	hyp1	News	NaN	17.130455017089844
1040	1041	en	twi	challenge_SSA-MTE	hyp1	News	NaN	16.002817153930664
1041	1042	en	twi	challenge_SSA-MTE	hyp1	News	NaN	20.322341918945312
1042	1043	en	twi	challenge_SSA-MTE	hyp1	News	NaN	17.90489387512207
1043	1044	en	twi	challenge_SSA-MTE	hyp1	News	NaN	20.699859619140625
1044	1045	en	twi	challenge_SSA-MTE	hyp1	News	NaN	21.02223014831543
1045	1046	en	twi	challenge_SSA-MTE	hyp1	News	NaN	19.510160446166992
1046	1047	en	twi	challenge_SSA-MTE	hyp1	News	NaN	15.3085298538208
1047	1048	en	twi	challenge_SSA-MTE	hyp1	News	NaN	25.116851806640625
1048	1049	en	twi	challenge_SSA-MTE	hyp1	News	NaN	17.575969696044922
1049	1050	en	twi	challenge_SSA-MTE	hyp1	News	NaN	20.061756134033203
1050	1051	en	twi	challenge_SSA-MTE	hyp1	News	NaN	20.0789794921875
1051	1052	en	twi	challenge_SSA-MTE	hyp1	News	NaN	15.816344261169434
1052	1053	en	twi	challenge_SSA-MTE	hyp1	News	NaN	28.030624389648438
1053	1054	en	twi	challenge_SSA-MTE	hyp1	News	NaN	20.000356674194336
1054	1055	en	twi	challenge_SSA-MTE	hyp1	News	NaN	20.936519622802734
1055	1056	en	twi	challenge_SSA-MTE	hyp1	News	NaN	17.608562469482422
1056	1057	en	twi	challenge_SSA-MTE	hyp1	News	NaN	20.975568771362305
1057	1058	en	twi	challenge_SSA-MTE	hyp1	News	NaN	16.96042251586914
1058	1059	en	twi	challenge_SSA-MTE	hyp1	News	NaN	25.79389190673828
1059	1060	en	twi	challenge_SSA-MTE	hyp1	News	NaN	16.598651885986328
1060	1061	en	twi	challenge_SSA-MTE	hyp1	News	NaN	17.852609634399414
1061	1062	en	twi	challenge_SSA-MTE	hyp1	News	NaN	24.82672119140625
1062	1063	en	twi	challenge_SSA-MTE	hyp1	News	NaN	16.366779327392578
1063	1064	en	twi	challenge_SSA-MTE	hyp1	News	NaN	15.744114875793457
1064	1065	en	twi	challenge_SSA-MTE	hyp1	News	NaN	16.17768096923828
1065	1066	en	twi	challenge_SSA-MTE	hyp1	News	NaN	12.749471664428711
1066	1067	en	twi	challenge_SSA-MTE	hyp1	News	NaN	18.413066864013672
1067	1068	en	twi	challenge_SSA-MTE	hyp1	News	NaN	18.13922882080078
1068	1069	en	twi	challenge_SSA-MTE	hyp1	News	NaN	21.019363403320312
1069	1070	en	twi	challenge_SSA-MTE	hyp1	News	NaN	22.704349517822266
1070	1071	en	twi	challenge_SSA-MTE	hyp1	News	NaN	19.6715087890625
1071	1072	en	twi	challenge_SSA-MTE	hyp1	News	NaN	27.841018676757812
1072	1073	en	twi	challenge_SSA-MTE	hyp1	News	NaN	23.799266815185547
1073	1074	en	twi	challenge_SSA-MTE	hyp1	News	NaN	26.92081069946289
1074	1075	en	twi	challenge_SSA-MTE	hyp1	News	NaN	14.618894577026367
1075	1076	en	twi	challenge_SSA-MTE	hyp1	News	NaN	9.075569152832031
1076	1077	en	twi	challenge_SSA-MTE	hyp1	News	NaN	20.095897674560547
1077	1078	en	twi	challenge_SSA-MTE	hyp1	News	NaN	16.490224838256836
1078	1079	en	twi	challenge_SSA-MTE	hyp1	News	NaN	15.816246032714844
1079	1080	en	twi	challenge_SSA-MTE	hyp1	News	NaN	12.571455955505371
1080	1081	en	twi	challenge_SSA-MTE	hyp1	News	NaN	13.075861930847168
1081	1082	en	twi	challenge_SSA-MTE	hyp1	News	NaN	11.833731651306152
1082	1083	en	twi	challenge_SSA-MTE	hyp1	News	NaN	15.574787139892578
1083	1084	en	twi	challenge_SSA-MTE	hyp1	News	NaN	12.673040390014648
1084	1085	en	twi	challenge_SSA-MTE	hyp1	News	NaN	11.13486385345459
1085	1086	en	twi	challenge_SSA-MTE	hyp1	News	NaN	10.676438331604004
1086	1087	en	twi	challenge_SSA-MTE	hyp1	News	NaN	17.738557815551758
1087	1088	en	twi	challenge_SSA-MTE	hyp1	News	NaN	21.572954177856445
1088	1089	en	twi	challenge_SSA-MTE	hyp1	News	NaN	19.095256805419922
1089	1090	en	twi	challenge_SSA-MTE	hyp1	News	NaN	18.79974937438965
1090	1091	en	twi	challenge_SSA-MTE	hyp1	News	NaN	18.18678092956543
1091	1092	en	twi	challenge_SSA-MTE	hyp1	News	NaN	20.375656127929688
1092	1093	en	twi	challenge_SSA-MTE	hyp1	News	NaN	23.920757293701172
1093	1094	en	twi	challenge_SSA-MTE	hyp1	News	NaN	25.0737361907959
1094	1095	en	twi	challenge_SSA-MTE	hyp1	News	NaN	24.86806869506836
1095	1096	en	twi	challenge_SSA-MTE	hyp1	News	NaN	24.78077507019043
1096	1097	en	twi	challenge_SSA-MTE	hyp1	News	NaN	22.06316375732422
1097	1098	en	twi	challenge_SSA-MTE	hyp1	News	NaN	21.680011749267578
1098	1099	en	twi	challenge_SSA-MTE	hyp1	News	NaN	19.094945907592773
1099	1100	en	twi	challenge_SSA-MTE	hyp1	News	NaN	19.440319061279297
1100	1101	en	twi	challenge_SSA-MTE	hyp1	News	NaN	11.07554817199707
1101	1102	en	twi	challenge_SSA-MTE	hyp1	News	NaN	18.68390655517578
1102	1103	en	twi	challenge_SSA-MTE	hyp1	News	NaN	23.3402099609375
1103	1104	en	twi	challenge_SSA-MTE	hyp1	News	NaN	22.53745460510254
1104	1105	en	twi	challenge_SSA-MTE	hyp1	News	NaN	14.180272102355957
1105	1106	en	twi	challenge_SSA-MTE	hyp1	News	NaN	15.245595932006836
1106	1107	en	twi	challenge_SSA-MTE	hyp1	News	NaN	13.639883041381836
1107	1108	en	twi	challenge_SSA-MTE	hyp1	News	NaN	16.69659423828125
1108	1109	en	twi	challenge_SSA-MTE	hyp1	News	NaN	11.726306915283203
1109	1110	en	twi	challenge_SSA-MTE	hyp1	News	NaN	15.903488159179688
1110	1111	en	twi	challenge_SSA-MTE	hyp1	News	NaN	21.248779296875
1111	1112	en	twi	challenge_SSA-MTE	hyp1	News	NaN	24.162715911865234
1112	1113	en	twi	challenge_SSA-MTE	hyp1	News	NaN	16.603605270385742
1113	1114	en	twi	challenge_SSA-MTE	hyp1	News	NaN	23.641334533691406
1114	1115	en	twi	challenge_SSA-MTE	hyp1	News	NaN	25.116037368774414
1115	1116	en	twi	challenge_SSA-MTE	hyp1	News	NaN	24.02355194091797
1116	1117	en	twi	challenge_SSA-MTE	hyp1	News	NaN	22.473712921142578
1117	1118	en	twi	challenge_SSA-MTE	hyp1	News	NaN	24.59421157836914
1118	1119	en	twi	challenge_SSA-MTE	hyp1	News	NaN	22.845726013183594
1119	1120	en	twi	challenge_SSA-MTE	hyp1	News	NaN	27.610946655273438
1120	1121	en	twi	challenge_SSA-MTE	hyp1	News	NaN	21.59739875793457
1121	1122	en	twi	challenge_SSA-MTE	hyp1	News	NaN	22.951120376586914
1122	1123	en	twi	challenge_SSA-MTE	hyp1	News	NaN	15.635772705078125
1123	1124	en	twi	challenge_SSA-MTE	hyp1	News	NaN	17.973148345947266
1124	1125	en	twi	challenge_SSA-MTE	hyp1	News	NaN	7.4670729637146
1125	1126	en	twi	challenge_SSA-MTE	hyp1	News	NaN	19.91615867614746
1126	1127	en	twi	challenge_SSA-MTE	hyp1	News	NaN	25.974977493286133
1127	1128	en	twi	challenge_SSA-MTE	hyp1	News	NaN	17.03034019470215
1128	1129	en	twi	challenge_SSA-MTE	hyp1	News	NaN	14.832040786743164
1129	1130	en	twi	challenge_SSA-MTE	hyp1	News	NaN	15.292108535766602
1130	1131	en	twi	challenge_SSA-MTE	hyp1	News	NaN	-5.853855609893799
1131	1132	en	twi	challenge_SSA-MTE	hyp1	News	NaN	14.674306869506836
1132	1133	en	twi	challenge_SSA-MTE	hyp1	News	NaN	13.83709716796875
1133	1134	en	twi	challenge_SSA-MTE	hyp1	News	NaN	13.531511306762695
1134	1135	en	twi	challenge_SSA-MTE	hyp1	News	NaN	18.151649475097656
1135	1136	en	twi	challenge_SSA-MTE	hyp1	News	NaN	18.8134765625
1136	1137	en	twi	challenge_SSA-MTE	hyp1	News	NaN	14.656156539916992
1137	1138	en	twi	challenge_SSA-MTE	hyp1	News	NaN	17.09556007385254
1138	1139	en	twi	challenge_SSA-MTE	hyp1	News	NaN	16.528514862060547
1139	1140	en	twi	challenge_SSA-MTE	hyp1	News	NaN	20.326396942138672
1140	1141	en	twi	challenge_SSA-MTE	hyp1	News	NaN	19.07489585876465
1141	1142	en	twi	challenge_SSA-MTE	hyp1	News	NaN	17.358030319213867
1142	1143	en	twi	challenge_SSA-MTE	hyp1	News	NaN	16.440298080444336
1143	1144	en	twi	challenge_SSA-MTE	hyp1	News	NaN	18.4656982421875
1144	1145	en	twi	challenge_SSA-MTE	hyp1	News	NaN	24.8787841796875
1145	1146	en	twi	challenge_SSA-MTE	hyp1	News	NaN	16.196378707885742
1146	1147	en	twi	challenge_SSA-MTE	hyp1	News	NaN	17.45454216003418
1147	1148	en	twi	challenge_SSA-MTE	hyp1	News	NaN	19.410503387451172
1148	1149	en	twi	challenge_SSA-MTE	hyp1	News	NaN	23.355554580688477
1149	1150	en	twi	challenge_SSA-MTE	hyp1	News	NaN	20.21209716796875
1150	1151	en	twi	challenge_SSA-MTE	hyp1	News	NaN	20.208698272705078
1151	1152	en	twi	challenge_SSA-MTE	hyp1	News	NaN	21.975587844848633
1152	1153	en	twi	challenge_SSA-MTE	hyp1	News	NaN	19.46701431274414
1153	1154	en	twi	challenge_SSA-MTE	hyp1	News	NaN	16.291973114013672
1154	1155	en	twi	challenge_SSA-MTE	hyp1	News	NaN	4.933857440948486
1155	1156	en	twi	challenge_SSA-MTE	hyp1	News	NaN	17.67691993713379
1156	1157	en	twi	challenge_SSA-MTE	hyp1	News	NaN	16.274578094482422
1157	1158	en	twi	challenge_SSA-MTE	hyp1	News	NaN	17.96036148071289
1158	1159	en	twi	challenge_SSA-MTE	hyp1	News	NaN	19.148420333862305
1159	1160	en	twi	challenge_SSA-MTE	hyp1	News	NaN	21.261871337890625
1160	1161	en	twi	challenge_SSA-MTE	hyp1	News	NaN	16.22393798828125
1161	1162	en	twi	challenge_SSA-MTE	hyp1	News	NaN	16.523584365844727
1162	1163	en	twi	challenge_SSA-MTE	hyp1	News	NaN	22.957721710205078
1163	1164	en	twi	challenge_SSA-MTE	hyp1	News	NaN	24.861215591430664
1164	1165	en	twi	challenge_SSA-MTE	hyp1	News	NaN	20.95191192626953
1165	1166	en	twi	challenge_SSA-MTE	hyp1	News	NaN	14.355066299438477
1166	1167	en	twi	challenge_SSA-MTE	hyp1	News	NaN	16.469440460205078
1167	1168	en	twi	challenge_SSA-MTE	hyp1	News	NaN	17.689456939697266
1168	1169	en	twi	challenge_SSA-MTE	hyp1	News	NaN	21.525089263916016
1169	1170	en	twi	challenge_SSA-MTE	hyp1	News	NaN	17.604408264160156
1170	1171	en	twi	challenge_SSA-MTE	hyp1	News	NaN	25.356815338134766
1171	1172	en	twi	challenge_SSA-MTE	hyp1	News	NaN	22.212148666381836
1172	1173	en	twi	challenge_SSA-MTE	hyp1	News	NaN	17.68429183959961
1173	1174	en	twi	challenge_SSA-MTE	hyp1	News	NaN	23.32071304321289
1174	1175	en	twi	challenge_SSA-MTE	hyp1	News	NaN	24.45880126953125
1175	1176	en	twi	challenge_SSA-MTE	hyp1	News	NaN	21.072208404541016
1176	1177	en	twi	challenge_SSA-MTE	hyp1	News	NaN	25.280574798583984
1177	1178	en	twi	challenge_SSA-MTE	hyp1	News	NaN	23.581401824951172
1178	1179	en	twi	challenge_SSA-MTE	hyp1	News	NaN	24.213987350463867
1179	1180	en	twi	challenge_SSA-MTE	hyp1	News	NaN	25.436004638671875
1180	1181	en	twi	challenge_SSA-MTE	hyp1	News	NaN	26.34632682800293
1181	1182	en	twi	challenge_SSA-MTE	hyp1	News	NaN	22.728727340698242
1182	1183	en	twi	challenge_SSA-MTE	hyp1	News	NaN	13.443132400512695
1183	1184	en	twi	challenge_SSA-MTE	hyp1	News	NaN	15.514309883117676
1184	1185	en	twi	challenge_SSA-MTE	hyp1	News	NaN	16.722875595092773
1185	1186	en	twi	challenge_SSA-MTE	hyp1	News	NaN	14.090712547302246
1186	1187	en	twi	challenge_SSA-MTE	hyp1	News	NaN	14.154033660888672
1187	1188	en	twi	challenge_SSA-MTE	hyp1	News	NaN	17.440387725830078
1188	1189	en	twi	challenge_SSA-MTE	hyp1	News	NaN	17.740358352661133
1189	1190	en	twi	challenge_SSA-MTE	hyp1	News	NaN	17.61292839050293
1190	1191	en	twi	challenge_SSA-MTE	hyp1	News	NaN	18.215633392333984
1191	1192	en	twi	challenge_SSA-MTE	hyp1	News	NaN	17.901363372802734
1192	1193	en	twi	challenge_SSA-MTE	hyp1	News	NaN	16.372642517089844
1193	1194	en	twi	challenge_SSA-MTE	hyp1	News	NaN	20.641748428344727
1194	1195	en	twi	challenge_SSA-MTE	hyp1	News	NaN	14.591547012329102
1195	1196	en	twi	challenge_SSA-MTE	hyp1	News	NaN	12.932466506958008
1196	1197	en	twi	challenge_SSA-MTE	hyp1	News	NaN	13.07849407196045
1197	1198	en	twi	challenge_SSA-MTE	hyp1	News	NaN	16.615169525146484
1198	1199	en	twi	challenge_SSA-MTE	hyp1	News	NaN	12.090404510498047
1199	1200	en	twi	challenge_SSA-MTE	hyp1	News	NaN	13.153305053710938
0	1	en	yor	challenge_SSA-MTE	hyp1	News	NaN	19.47054672241211
1	2	en	yor	challenge_SSA-MTE	hyp1	News	NaN	19.218318939208984
2	3	en	yor	challenge_SSA-MTE	hyp1	News	NaN	25.199234008789062
3	4	en	yor	challenge_SSA-MTE	hyp1	News	NaN	23.564716339111328
4	5	en	yor	challenge_SSA-MTE	hyp1	News	NaN	22.930803298950195
5	6	en	yor	challenge_SSA-MTE	hyp1	News	NaN	27.26789665222168
6	7	en	yor	challenge_SSA-MTE	hyp1	News	NaN	28.37553596496582
7	8	en	yor	challenge_SSA-MTE	hyp1	News	NaN	37.88494110107422
8	9	en	yor	challenge_SSA-MTE	hyp1	News	NaN	21.113014221191406
9	10	en	yor	challenge_SSA-MTE	hyp1	News	NaN	37.85891342163086
10	11	en	yor	challenge_SSA-MTE	hyp1	News	NaN	41.66496658325195
11	12	en	yor	challenge_SSA-MTE	hyp1	News	NaN	10.938915252685547
12	13	en	yor	challenge_SSA-MTE	hyp1	News	NaN	25.414527893066406
13	14	en	yor	challenge_SSA-MTE	hyp1	News	NaN	26.974822998046875
14	15	en	yor	challenge_SSA-MTE	hyp1	News	NaN	17.070804595947266
15	16	en	yor	challenge_SSA-MTE	hyp1	News	NaN	16.765052795410156
16	17	en	yor	challenge_SSA-MTE	hyp1	News	NaN	20.744112014770508
17	18	en	yor	challenge_SSA-MTE	hyp1	News	NaN	21.064796447753906
18	19	en	yor	challenge_SSA-MTE	hyp1	News	NaN	20.87399673461914
19	20	en	yor	challenge_SSA-MTE	hyp1	News	NaN	14.109302520751953
20	21	en	yor	challenge_SSA-MTE	hyp1	News	NaN	17.83734893798828
21	22	en	yor	challenge_SSA-MTE	hyp1	News	NaN	25.470012664794922
22	23	en	yor	challenge_SSA-MTE	hyp1	News	NaN	23.731571197509766
23	24	en	yor	challenge_SSA-MTE	hyp1	News	NaN	30.3610782623291
24	25	en	yor	challenge_SSA-MTE	hyp1	News	NaN	18.477413177490234
25	26	en	yor	challenge_SSA-MTE	hyp1	News	NaN	12.013626098632812
26	27	en	yor	challenge_SSA-MTE	hyp1	News	NaN	22.087350845336914
27	28	en	yor	challenge_SSA-MTE	hyp1	News	NaN	14.712371826171875
28	29	en	yor	challenge_SSA-MTE	hyp1	News	NaN	41.63256072998047
29	30	en	yor	challenge_SSA-MTE	hyp1	News	NaN	20.07250213623047
30	31	en	yor	challenge_SSA-MTE	hyp1	News	NaN	22.043231964111328
31	32	en	yor	challenge_SSA-MTE	hyp1	News	NaN	32.510154724121094
32	33	en	yor	challenge_SSA-MTE	hyp1	News	NaN	12.541916847229004
33	34	en	yor	challenge_SSA-MTE	hyp1	News	NaN	26.441917419433594
34	35	en	yor	challenge_SSA-MTE	hyp1	News	NaN	33.61639404296875
35	36	en	yor	challenge_SSA-MTE	hyp1	News	NaN	31.090530395507812
36	37	en	yor	challenge_SSA-MTE	hyp1	News	NaN	24.968915939331055
37	38	en	yor	challenge_SSA-MTE	hyp1	News	NaN	31.056724548339844
38	39	en	yor	challenge_SSA-MTE	hyp1	News	NaN	33.110145568847656
39	40	en	yor	challenge_SSA-MTE	hyp1	News	NaN	17.289838790893555
40	41	en	yor	challenge_SSA-MTE	hyp1	News	NaN	28.497024536132812
41	42	en	yor	challenge_SSA-MTE	hyp1	News	NaN	4.0122528076171875
42	43	en	yor	challenge_SSA-MTE	hyp1	News	NaN	25.731157302856445
43	44	en	yor	challenge_SSA-MTE	hyp1	News	NaN	8.876550674438477
44	45	en	yor	challenge_SSA-MTE	hyp1	News	NaN	17.799148559570312
45	46	en	yor	challenge_SSA-MTE	hyp1	News	NaN	21.786670684814453
46	47	en	yor	challenge_SSA-MTE	hyp1	News	NaN	40.09638977050781
47	48	en	yor	challenge_SSA-MTE	hyp1	News	NaN	11.32215690612793
48	49	en	yor	challenge_SSA-MTE	hyp1	News	NaN	1.6909962892532349
49	50	en	yor	challenge_SSA-MTE	hyp1	News	NaN	36.576995849609375
50	51	en	yor	challenge_SSA-MTE	hyp1	News	NaN	20.179367065429688
51	52	en	yor	challenge_SSA-MTE	hyp1	News	NaN	47.73154067993164
52	53	en	yor	challenge_SSA-MTE	hyp1	News	NaN	23.690731048583984
53	54	en	yor	challenge_SSA-MTE	hyp1	News	NaN	50.850582122802734
54	55	en	yor	challenge_SSA-MTE	hyp1	News	NaN	28.17753028869629
55	56	en	yor	challenge_SSA-MTE	hyp1	News	NaN	44.13530731201172
56	57	en	yor	challenge_SSA-MTE	hyp1	News	NaN	21.979944229125977
57	58	en	yor	challenge_SSA-MTE	hyp1	News	NaN	18.96906280517578
58	59	en	yor	challenge_SSA-MTE	hyp1	News	NaN	25.637596130371094
59	60	en	yor	challenge_SSA-MTE	hyp1	News	NaN	29.134151458740234
60	61	en	yor	challenge_SSA-MTE	hyp1	News	NaN	23.182937622070312
61	62	en	yor	challenge_SSA-MTE	hyp1	News	NaN	30.469120025634766
62	63	en	yor	challenge_SSA-MTE	hyp1	News	NaN	25.95917510986328
63	64	en	yor	challenge_SSA-MTE	hyp1	News	NaN	20.585763931274414
64	65	en	yor	challenge_SSA-MTE	hyp1	News	NaN	25.334835052490234
65	66	en	yor	challenge_SSA-MTE	hyp1	News	NaN	17.06220054626465
66	67	en	yor	challenge_SSA-MTE	hyp1	News	NaN	35.24159240722656
67	68	en	yor	challenge_SSA-MTE	hyp1	News	NaN	20.622018814086914
68	69	en	yor	challenge_SSA-MTE	hyp1	News	NaN	23.805795669555664
69	70	en	yor	challenge_SSA-MTE	hyp1	News	NaN	22.16757583618164
70	71	en	yor	challenge_SSA-MTE	hyp1	News	NaN	9.888044357299805
71	72	en	yor	challenge_SSA-MTE	hyp1	News	NaN	22.473743438720703
72	73	en	yor	challenge_SSA-MTE	hyp1	News	NaN	32.58863830566406
73	74	en	yor	challenge_SSA-MTE	hyp1	News	NaN	31.007007598876953
74	75	en	yor	challenge_SSA-MTE	hyp1	News	NaN	29.87126922607422
75	76	en	yor	challenge_SSA-MTE	hyp1	News	NaN	44.653175354003906
76	77	en	yor	challenge_SSA-MTE	hyp1	News	NaN	42.116416931152344
77	78	en	yor	challenge_SSA-MTE	hyp1	News	NaN	40.57372283935547
78	79	en	yor	challenge_SSA-MTE	hyp1	News	NaN	43.00660705566406
79	80	en	yor	challenge_SSA-MTE	hyp1	News	NaN	39.89103317260742
80	81	en	yor	challenge_SSA-MTE	hyp1	News	NaN	35.27169418334961
81	82	en	yor	challenge_SSA-MTE	hyp1	News	NaN	32.7663688659668
82	83	en	yor	challenge_SSA-MTE	hyp1	News	NaN	37.36444854736328
83	84	en	yor	challenge_SSA-MTE	hyp1	News	NaN	29.707477569580078
84	85	en	yor	challenge_SSA-MTE	hyp1	News	NaN	19.388221740722656
85	86	en	yor	challenge_SSA-MTE	hyp1	News	NaN	51.2071647644043
86	87	en	yor	challenge_SSA-MTE	hyp1	News	NaN	17.203269958496094
87	88	en	yor	challenge_SSA-MTE	hyp1	News	NaN	17.968477249145508
88	89	en	yor	challenge_SSA-MTE	hyp1	News	NaN	18.56667137145996
89	90	en	yor	challenge_SSA-MTE	hyp1	News	NaN	18.621707916259766
90	91	en	yor	challenge_SSA-MTE	hyp1	News	NaN	26.411643981933594
91	92	en	yor	challenge_SSA-MTE	hyp1	News	NaN	25.190900802612305
92	93	en	yor	challenge_SSA-MTE	hyp1	News	NaN	23.905963897705078
93	94	en	yor	challenge_SSA-MTE	hyp1	News	NaN	31.294498443603516
94	95	en	yor	challenge_SSA-MTE	hyp1	News	NaN	34.149810791015625
95	96	en	yor	challenge_SSA-MTE	hyp1	News	NaN	22.62727165222168
96	97	en	yor	challenge_SSA-MTE	hyp1	News	NaN	25.855010986328125
97	98	en	yor	challenge_SSA-MTE	hyp1	News	NaN	26.81604766845703
98	99	en	yor	challenge_SSA-MTE	hyp1	News	NaN	61.19697952270508
99	100	en	yor	challenge_SSA-MTE	hyp1	News	NaN	25.6556453704834
100	101	en	yor	challenge_SSA-MTE	hyp1	News	NaN	36.3298225402832
101	102	en	yor	challenge_SSA-MTE	hyp1	News	NaN	28.664316177368164
102	103	en	yor	challenge_SSA-MTE	hyp1	News	NaN	56.47434997558594
103	104	en	yor	challenge_SSA-MTE	hyp1	News	NaN	16.521169662475586
104	105	en	yor	challenge_SSA-MTE	hyp1	News	NaN	15.186481475830078
105	106	en	yor	challenge_SSA-MTE	hyp1	News	NaN	20.30010223388672
106	107	en	yor	challenge_SSA-MTE	hyp1	News	NaN	13.101133346557617
107	108	en	yor	challenge_SSA-MTE	hyp1	News	NaN	25.391021728515625
108	109	en	yor	challenge_SSA-MTE	hyp1	News	NaN	14.964183807373047
109	110	en	yor	challenge_SSA-MTE	hyp1	News	NaN	13.611115455627441
110	111	en	yor	challenge_SSA-MTE	hyp1	News	NaN	17.49628448486328
111	112	en	yor	challenge_SSA-MTE	hyp1	News	NaN	12.876140594482422
112	113	en	yor	challenge_SSA-MTE	hyp1	News	NaN	14.910001754760742
113	114	en	yor	challenge_SSA-MTE	hyp1	News	NaN	24.59640884399414
114	115	en	yor	challenge_SSA-MTE	hyp1	News	NaN	21.823638916015625
115	116	en	yor	challenge_SSA-MTE	hyp1	News	NaN	41.337772369384766
116	117	en	yor	challenge_SSA-MTE	hyp1	News	NaN	16.853168487548828
117	118	en	yor	challenge_SSA-MTE	hyp1	News	NaN	26.427509307861328
118	119	en	yor	challenge_SSA-MTE	hyp1	News	NaN	32.75556945800781
119	120	en	yor	challenge_SSA-MTE	hyp1	News	NaN	25.314647674560547
120	121	en	yor	challenge_SSA-MTE	hyp1	News	NaN	44.75184631347656
121	122	en	yor	challenge_SSA-MTE	hyp1	News	NaN	21.43372344970703
122	123	en	yor	challenge_SSA-MTE	hyp1	News	NaN	42.68586730957031
123	124	en	yor	challenge_SSA-MTE	hyp1	News	NaN	14.780111312866211
124	125	en	yor	challenge_SSA-MTE	hyp1	News	NaN	27.080753326416016
125	126	en	yor	challenge_SSA-MTE	hyp1	News	NaN	32.46569061279297
126	127	en	yor	challenge_SSA-MTE	hyp1	News	NaN	23.72536849975586
127	128	en	yor	challenge_SSA-MTE	hyp1	News	NaN	18.85469627380371
128	129	en	yor	challenge_SSA-MTE	hyp1	News	NaN	32.4013557434082
129	130	en	yor	challenge_SSA-MTE	hyp1	News	NaN	20.262027740478516
130	131	en	yor	challenge_SSA-MTE	hyp1	News	NaN	26.816879272460938
131	132	en	yor	challenge_SSA-MTE	hyp1	News	NaN	23.944496154785156
132	133	en	yor	challenge_SSA-MTE	hyp1	News	NaN	24.994924545288086
133	134	en	yor	challenge_SSA-MTE	hyp1	News	NaN	33.21881866455078
134	135	en	yor	challenge_SSA-MTE	hyp1	News	NaN	21.655824661254883
135	136	en	yor	challenge_SSA-MTE	hyp1	News	NaN	27.0770206451416
136	137	en	yor	challenge_SSA-MTE	hyp1	News	NaN	14.594978332519531
137	138	en	yor	challenge_SSA-MTE	hyp1	News	NaN	30.96063995361328
138	139	en	yor	challenge_SSA-MTE	hyp1	News	NaN	28.76352882385254
139	140	en	yor	challenge_SSA-MTE	hyp1	News	NaN	13.951377868652344
140	141	en	yor	challenge_SSA-MTE	hyp1	News	NaN	21.593658447265625
141	142	en	yor	challenge_SSA-MTE	hyp1	News	NaN	15.869848251342773
142	143	en	yor	challenge_SSA-MTE	hyp1	News	NaN	5.581338405609131
143	144	en	yor	challenge_SSA-MTE	hyp1	News	NaN	10.596474647521973
144	145	en	yor	challenge_SSA-MTE	hyp1	News	NaN	10.838800430297852
145	146	en	yor	challenge_SSA-MTE	hyp1	News	NaN	14.281030654907227
146	147	en	yor	challenge_SSA-MTE	hyp1	News	NaN	12.16529369354248
147	148	en	yor	challenge_SSA-MTE	hyp1	News	NaN	9.015314102172852
148	149	en	yor	challenge_SSA-MTE	hyp1	News	NaN	31.5294246673584
149	150	en	yor	challenge_SSA-MTE	hyp1	News	NaN	35.628204345703125
150	151	en	yor	challenge_SSA-MTE	hyp1	News	NaN	26.68817901611328
151	152	en	yor	challenge_SSA-MTE	hyp1	News	NaN	17.949121475219727
152	153	en	yor	challenge_SSA-MTE	hyp1	News	NaN	19.91388511657715
153	154	en	yor	challenge_SSA-MTE	hyp1	News	NaN	20.205230712890625
154	155	en	yor	challenge_SSA-MTE	hyp1	News	NaN	27.94124984741211
155	156	en	yor	challenge_SSA-MTE	hyp1	News	NaN	16.61784553527832
156	157	en	yor	challenge_SSA-MTE	hyp1	News	NaN	19.529346466064453
157	158	en	yor	challenge_SSA-MTE	hyp1	News	NaN	23.55877113342285
158	159	en	yor	challenge_SSA-MTE	hyp1	News	NaN	5.189805030822754
159	160	en	yor	challenge_SSA-MTE	hyp1	News	NaN	5.307460308074951
160	161	en	yor	challenge_SSA-MTE	hyp1	News	NaN	26.13650894165039
161	162	en	yor	challenge_SSA-MTE	hyp1	News	NaN	13.303728103637695
162	163	en	yor	challenge_SSA-MTE	hyp1	News	NaN	26.326181411743164
163	164	en	yor	challenge_SSA-MTE	hyp1	News	NaN	34.178672790527344
164	165	en	yor	challenge_SSA-MTE	hyp1	News	NaN	27.64374542236328
165	166	en	yor	challenge_SSA-MTE	hyp1	News	NaN	22.642854690551758
166	167	en	yor	challenge_SSA-MTE	hyp1	News	NaN	3.6008012294769287
167	168	en	yor	challenge_SSA-MTE	hyp1	News	NaN	25.04051971435547
168	169	en	yor	challenge_SSA-MTE	hyp1	News	NaN	22.849620819091797
169	170	en	yor	challenge_SSA-MTE	hyp1	News	NaN	29.512672424316406
170	171	en	yor	challenge_SSA-MTE	hyp1	News	NaN	13.331611633300781
171	172	en	yor	challenge_SSA-MTE	hyp1	News	NaN	18.341167449951172
172	173	en	yor	challenge_SSA-MTE	hyp1	News	NaN	-0.8273283839225769
173	174	en	yor	challenge_SSA-MTE	hyp1	News	NaN	22.05548858642578
174	175	en	yor	challenge_SSA-MTE	hyp1	News	NaN	23.245830535888672
175	176	en	yor	challenge_SSA-MTE	hyp1	News	NaN	15.27033519744873
176	177	en	yor	challenge_SSA-MTE	hyp1	News	NaN	19.629173278808594
177	178	en	yor	challenge_SSA-MTE	hyp1	News	NaN	28.925397872924805
178	179	en	yor	challenge_SSA-MTE	hyp1	News	NaN	24.979917526245117
179	180	en	yor	challenge_SSA-MTE	hyp1	News	NaN	26.052448272705078
180	181	en	yor	challenge_SSA-MTE	hyp1	News	NaN	24.614377975463867
181	182	en	yor	challenge_SSA-MTE	hyp1	News	NaN	21.644390106201172
182	183	en	yor	challenge_SSA-MTE	hyp1	News	NaN	25.57843017578125
183	184	en	yor	challenge_SSA-MTE	hyp1	News	NaN	48.704219818115234
184	185	en	yor	challenge_SSA-MTE	hyp1	News	NaN	36.140560150146484
185	186	en	yor	challenge_SSA-MTE	hyp1	News	NaN	37.45024871826172
186	187	en	yor	challenge_SSA-MTE	hyp1	News	NaN	56.82685470581055
187	188	en	yor	challenge_SSA-MTE	hyp1	News	NaN	21.47346305847168
188	189	en	yor	challenge_SSA-MTE	hyp1	News	NaN	30.471033096313477
189	190	en	yor	challenge_SSA-MTE	hyp1	News	NaN	33.8231315612793
190	191	en	yor	challenge_SSA-MTE	hyp1	News	NaN	36.308441162109375
191	192	en	yor	challenge_SSA-MTE	hyp1	News	NaN	38.12858581542969
192	193	en	yor	challenge_SSA-MTE	hyp1	News	NaN	33.99840545654297
193	194	en	yor	challenge_SSA-MTE	hyp1	News	NaN	34.98341369628906
194	195	en	yor	challenge_SSA-MTE	hyp1	News	NaN	19.6805477142334
195	196	en	yor	challenge_SSA-MTE	hyp1	News	NaN	37.03319549560547
196	197	en	yor	challenge_SSA-MTE	hyp1	News	NaN	34.72820281982422
197	198	en	yor	challenge_SSA-MTE	hyp1	News	NaN	17.454471588134766
198	199	en	yor	challenge_SSA-MTE	hyp1	News	NaN	30.562753677368164
199	200	en	yor	challenge_SSA-MTE	hyp1	News	NaN	20.691701889038086
200	201	en	yor	challenge_SSA-MTE	hyp1	News	NaN	15.969974517822266
201	202	en	yor	challenge_SSA-MTE	hyp1	News	NaN	32.98312759399414
202	203	en	yor	challenge_SSA-MTE	hyp1	News	NaN	23.099853515625
203	204	en	yor	challenge_SSA-MTE	hyp1	News	NaN	19.687711715698242
204	205	en	yor	challenge_SSA-MTE	hyp1	News	NaN	22.951627731323242
205	206	en	yor	challenge_SSA-MTE	hyp1	News	NaN	17.49275779724121
206	207	en	yor	challenge_SSA-MTE	hyp1	News	NaN	26.559694290161133
207	208	en	yor	challenge_SSA-MTE	hyp1	News	NaN	21.12769317626953
208	209	en	yor	challenge_SSA-MTE	hyp1	News	NaN	18.51030731201172
209	210	en	yor	challenge_SSA-MTE	hyp1	News	NaN	31.00633430480957
210	211	en	yor	challenge_SSA-MTE	hyp1	News	NaN	24.247028350830078
211	212	en	yor	challenge_SSA-MTE	hyp1	News	NaN	30.121707916259766
212	213	en	yor	challenge_SSA-MTE	hyp1	News	NaN	14.547974586486816
213	214	en	yor	challenge_SSA-MTE	hyp1	News	NaN	12.8134126663208
214	215	en	yor	challenge_SSA-MTE	hyp1	News	NaN	31.53295135498047
215	216	en	yor	challenge_SSA-MTE	hyp1	News	NaN	14.82160472869873
216	217	en	yor	challenge_SSA-MTE	hyp1	News	NaN	32.66472625732422
217	218	en	yor	challenge_SSA-MTE	hyp1	News	NaN	10.800457000732422
218	219	en	yor	challenge_SSA-MTE	hyp1	News	NaN	17.53412628173828
219	220	en	yor	challenge_SSA-MTE	hyp1	News	NaN	14.953957557678223
220	221	en	yor	challenge_SSA-MTE	hyp1	News	NaN	28.440265655517578
221	222	en	yor	challenge_SSA-MTE	hyp1	News	NaN	18.731155395507812
222	223	en	yor	challenge_SSA-MTE	hyp1	News	NaN	37.102577209472656
223	224	en	yor	challenge_SSA-MTE	hyp1	News	NaN	16.061906814575195
224	225	en	yor	challenge_SSA-MTE	hyp1	News	NaN	25.217784881591797
225	226	en	yor	challenge_SSA-MTE	hyp1	News	NaN	25.367862701416016
226	227	en	yor	challenge_SSA-MTE	hyp1	News	NaN	42.191776275634766
227	228	en	yor	challenge_SSA-MTE	hyp1	News	NaN	24.23542022705078
228	229	en	yor	challenge_SSA-MTE	hyp1	News	NaN	26.822561264038086
229	230	en	yor	challenge_SSA-MTE	hyp1	News	NaN	18.03990936279297
230	231	en	yor	challenge_SSA-MTE	hyp1	News	NaN	33.601707458496094
231	232	en	yor	challenge_SSA-MTE	hyp1	News	NaN	28.631473541259766
232	233	en	yor	challenge_SSA-MTE	hyp1	News	NaN	15.6967134475708
233	234	en	yor	challenge_SSA-MTE	hyp1	News	NaN	39.37327575683594
234	235	en	yor	challenge_SSA-MTE	hyp1	News	NaN	29.100872039794922
235	236	en	yor	challenge_SSA-MTE	hyp1	News	NaN	32.48869323730469
236	237	en	yor	challenge_SSA-MTE	hyp1	News	NaN	15.04213809967041
237	238	en	yor	challenge_SSA-MTE	hyp1	News	NaN	36.724853515625
238	239	en	yor	challenge_SSA-MTE	hyp1	News	NaN	11.710318565368652
239	240	en	yor	challenge_SSA-MTE	hyp1	News	NaN	20.12140655517578
240	241	en	yor	challenge_SSA-MTE	hyp1	News	NaN	7.735254287719727
241	242	en	yor	challenge_SSA-MTE	hyp1	News	NaN	16.44955062866211
242	243	en	yor	challenge_SSA-MTE	hyp1	News	NaN	24.725032806396484
243	244	en	yor	challenge_SSA-MTE	hyp1	News	NaN	24.803203582763672
244	245	en	yor	challenge_SSA-MTE	hyp1	News	NaN	12.1588773727417
245	246	en	yor	challenge_SSA-MTE	hyp1	News	NaN	36.511253356933594
246	247	en	yor	challenge_SSA-MTE	hyp1	News	NaN	30.73798179626465
247	248	en	yor	challenge_SSA-MTE	hyp1	News	NaN	24.589580535888672
248	249	en	yor	challenge_SSA-MTE	hyp1	News	NaN	28.907346725463867
249	250	en	yor	challenge_SSA-MTE	hyp1	News	NaN	22.61290168762207
250	251	en	yor	challenge_SSA-MTE	hyp1	News	NaN	-4.0346550941467285
251	252	en	yor	challenge_SSA-MTE	hyp1	News	NaN	22.949010848999023
252	253	en	yor	challenge_SSA-MTE	hyp1	News	NaN	22.104721069335938
253	254	en	yor	challenge_SSA-MTE	hyp1	News	NaN	19.516803741455078
254	255	en	yor	challenge_SSA-MTE	hyp1	News	NaN	19.153608322143555
255	256	en	yor	challenge_SSA-MTE	hyp1	News	NaN	18.308460235595703
256	257	en	yor	challenge_SSA-MTE	hyp1	News	NaN	21.056983947753906
257	258	en	yor	challenge_SSA-MTE	hyp1	News	NaN	22.954998016357422
258	259	en	yor	challenge_SSA-MTE	hyp1	News	NaN	36.220489501953125
259	260	en	yor	challenge_SSA-MTE	hyp1	News	NaN	20.944128036499023
260	261	en	yor	challenge_SSA-MTE	hyp1	News	NaN	20.190834045410156
261	262	en	yor	challenge_SSA-MTE	hyp1	News	NaN	21.908113479614258
262	263	en	yor	challenge_SSA-MTE	hyp1	News	NaN	33.33955001831055
263	264	en	yor	challenge_SSA-MTE	hyp1	News	NaN	16.414854049682617
264	265	en	yor	challenge_SSA-MTE	hyp1	News	NaN	27.53324317932129
265	266	en	yor	challenge_SSA-MTE	hyp1	News	NaN	20.83816146850586
266	267	en	yor	challenge_SSA-MTE	hyp1	News	NaN	23.33077621459961
267	268	en	yor	challenge_SSA-MTE	hyp1	News	NaN	19.53636360168457
268	269	en	yor	challenge_SSA-MTE	hyp1	News	NaN	24.563034057617188
269	270	en	yor	challenge_SSA-MTE	hyp1	News	NaN	23.825037002563477
270	271	en	yor	challenge_SSA-MTE	hyp1	News	NaN	39.46316146850586
271	272	en	yor	challenge_SSA-MTE	hyp1	News	NaN	26.303924560546875
272	273	en	yor	challenge_SSA-MTE	hyp1	News	NaN	24.71884536743164
273	274	en	yor	challenge_SSA-MTE	hyp1	News	NaN	25.12283706665039
274	275	en	yor	challenge_SSA-MTE	hyp1	News	NaN	33.060577392578125
275	276	en	yor	challenge_SSA-MTE	hyp1	News	NaN	24.848575592041016
276	277	en	yor	challenge_SSA-MTE	hyp1	News	NaN	30.543163299560547
277	278	en	yor	challenge_SSA-MTE	hyp1	News	NaN	25.033748626708984
278	279	en	yor	challenge_SSA-MTE	hyp1	News	NaN	19.649625778198242
279	280	en	yor	challenge_SSA-MTE	hyp1	News	NaN	25.720500946044922
280	281	en	yor	challenge_SSA-MTE	hyp1	News	NaN	23.702653884887695
281	282	en	yor	challenge_SSA-MTE	hyp1	News	NaN	5.342138767242432
282	283	en	yor	challenge_SSA-MTE	hyp1	News	NaN	25.737762451171875
283	284	en	yor	challenge_SSA-MTE	hyp1	News	NaN	19.786907196044922
284	285	en	yor	challenge_SSA-MTE	hyp1	News	NaN	17.952693939208984
285	286	en	yor	challenge_SSA-MTE	hyp1	News	NaN	29.650209426879883
286	287	en	yor	challenge_SSA-MTE	hyp1	News	NaN	22.92217445373535
287	288	en	yor	challenge_SSA-MTE	hyp1	News	NaN	14.144550323486328
288	289	en	yor	challenge_SSA-MTE	hyp1	News	NaN	35.51954650878906
289	290	en	yor	challenge_SSA-MTE	hyp1	News	NaN	21.655536651611328
290	291	en	yor	challenge_SSA-MTE	hyp1	News	NaN	43.375648498535156
291	292	en	yor	challenge_SSA-MTE	hyp1	News	NaN	35.818119049072266
292	293	en	yor	challenge_SSA-MTE	hyp1	News	NaN	35.100242614746094
293	294	en	yor	challenge_SSA-MTE	hyp1	News	NaN	34.33580780029297
294	295	en	yor	challenge_SSA-MTE	hyp1	News	NaN	44.818634033203125
295	296	en	yor	challenge_SSA-MTE	hyp1	News	NaN	8.930231094360352
296	297	en	yor	challenge_SSA-MTE	hyp1	News	NaN	20.839710235595703
297	298	en	yor	challenge_SSA-MTE	hyp1	News	NaN	23.7943115234375
298	299	en	yor	challenge_SSA-MTE	hyp1	News	NaN	6.24514627456665
299	300	en	yor	challenge_SSA-MTE	hyp1	News	NaN	23.376184463500977
300	301	en	yor	challenge_SSA-MTE	hyp1	News	NaN	16.677181243896484
301	302	en	yor	challenge_SSA-MTE	hyp1	News	NaN	24.138383865356445
302	303	en	yor	challenge_SSA-MTE	hyp1	News	NaN	21.311607360839844
303	304	en	yor	challenge_SSA-MTE	hyp1	News	NaN	27.976476669311523
304	305	en	yor	challenge_SSA-MTE	hyp1	News	NaN	18.037235260009766
305	306	en	yor	challenge_SSA-MTE	hyp1	News	NaN	30.46382713317871
306	307	en	yor	challenge_SSA-MTE	hyp1	News	NaN	20.846284866333008
307	308	en	yor	challenge_SSA-MTE	hyp1	News	NaN	20.04220199584961
308	309	en	yor	challenge_SSA-MTE	hyp1	News	NaN	25.336135864257812
309	310	en	yor	challenge_SSA-MTE	hyp1	News	NaN	23.370342254638672
310	311	en	yor	challenge_SSA-MTE	hyp1	News	NaN	24.004642486572266
311	312	en	yor	challenge_SSA-MTE	hyp1	News	NaN	27.886003494262695
312	313	en	yor	challenge_SSA-MTE	hyp1	News	NaN	37.94170379638672
313	314	en	yor	challenge_SSA-MTE	hyp1	News	NaN	18.48978042602539
314	315	en	yor	challenge_SSA-MTE	hyp1	News	NaN	35.825801849365234
315	316	en	yor	challenge_SSA-MTE	hyp1	News	NaN	19.7777156829834
316	317	en	yor	challenge_SSA-MTE	hyp1	News	NaN	25.989316940307617
317	318	en	yor	challenge_SSA-MTE	hyp1	News	NaN	29.90486717224121
318	319	en	yor	challenge_SSA-MTE	hyp1	News	NaN	21.9322509765625
319	320	en	yor	challenge_SSA-MTE	hyp1	News	NaN	11.402206420898438
320	321	en	yor	challenge_SSA-MTE	hyp1	News	NaN	26.54861068725586
321	322	en	yor	challenge_SSA-MTE	hyp1	News	NaN	20.727712631225586
322	323	en	yor	challenge_SSA-MTE	hyp1	News	NaN	13.424532890319824
323	324	en	yor	challenge_SSA-MTE	hyp1	News	NaN	18.538297653198242
324	325	en	yor	challenge_SSA-MTE	hyp1	News	NaN	23.226303100585938
325	326	en	yor	challenge_SSA-MTE	hyp1	News	NaN	20.6177921295166
326	327	en	yor	challenge_SSA-MTE	hyp1	News	NaN	26.902177810668945
327	328	en	yor	challenge_SSA-MTE	hyp1	News	NaN	15.969871520996094
328	329	en	yor	challenge_SSA-MTE	hyp1	News	NaN	15.542464256286621
329	330	en	yor	challenge_SSA-MTE	hyp1	News	NaN	38.40120315551758
330	331	en	yor	challenge_SSA-MTE	hyp1	News	NaN	20.86526107788086
331	332	en	yor	challenge_SSA-MTE	hyp1	News	NaN	19.437267303466797
332	333	en	yor	challenge_SSA-MTE	hyp1	News	NaN	26.582443237304688
333	334	en	yor	challenge_SSA-MTE	hyp1	News	NaN	23.658414840698242
334	335	en	yor	challenge_SSA-MTE	hyp1	News	NaN	25.387531280517578
335	336	en	yor	challenge_SSA-MTE	hyp1	News	NaN	45.498836517333984
336	337	en	yor	challenge_SSA-MTE	hyp1	News	NaN	15.60993480682373
337	338	en	yor	challenge_SSA-MTE	hyp1	News	NaN	29.02134895324707
338	339	en	yor	challenge_SSA-MTE	hyp1	News	NaN	28.868396759033203
339	340	en	yor	challenge_SSA-MTE	hyp1	News	NaN	29.94635009765625
340	341	en	yor	challenge_SSA-MTE	hyp1	News	NaN	0.102096326649189
341	342	en	yor	challenge_SSA-MTE	hyp1	News	NaN	30.933895111083984
342	343	en	yor	challenge_SSA-MTE	hyp1	News	NaN	15.436763763427734
343	344	en	yor	challenge_SSA-MTE	hyp1	News	NaN	29.018325805664062
344	345	en	yor	challenge_SSA-MTE	hyp1	News	NaN	20.04247283935547
345	346	en	yor	challenge_SSA-MTE	hyp1	News	NaN	24.26096534729004
346	347	en	yor	challenge_SSA-MTE	hyp1	News	NaN	16.8275146484375
347	348	en	yor	challenge_SSA-MTE	hyp1	News	NaN	20.7023868560791
348	349	en	yor	challenge_SSA-MTE	hyp1	News	NaN	22.32754898071289
349	350	en	yor	challenge_SSA-MTE	hyp1	News	NaN	17.442371368408203
350	351	en	yor	challenge_SSA-MTE	hyp1	News	NaN	21.786108016967773
351	352	en	yor	challenge_SSA-MTE	hyp1	News	NaN	24.65932273864746
352	353	en	yor	challenge_SSA-MTE	hyp1	News	NaN	25.349225997924805
353	354	en	yor	challenge_SSA-MTE	hyp1	News	NaN	28.671186447143555
354	355	en	yor	challenge_SSA-MTE	hyp1	News	NaN	18.224836349487305
355	356	en	yor	challenge_SSA-MTE	hyp1	News	NaN	17.772674560546875
356	357	en	yor	challenge_SSA-MTE	hyp1	News	NaN	20.00042724609375
357	358	en	yor	challenge_SSA-MTE	hyp1	News	NaN	18.19418716430664
358	359	en	yor	challenge_SSA-MTE	hyp1	News	NaN	24.201831817626953
359	360	en	yor	challenge_SSA-MTE	hyp1	News	NaN	23.356666564941406
360	361	en	yor	challenge_SSA-MTE	hyp1	News	NaN	17.147140502929688
361	362	en	yor	challenge_SSA-MTE	hyp1	News	NaN	28.370115280151367
362	363	en	yor	challenge_SSA-MTE	hyp1	News	NaN	35.02509307861328
363	364	en	yor	challenge_SSA-MTE	hyp1	News	NaN	33.54566192626953
364	365	en	yor	challenge_SSA-MTE	hyp1	News	NaN	23.539031982421875
365	366	en	yor	challenge_SSA-MTE	hyp1	News	NaN	32.148258209228516
366	367	en	yor	challenge_SSA-MTE	hyp1	News	NaN	24.298046112060547
367	368	en	yor	challenge_SSA-MTE	hyp1	News	NaN	22.12334442138672
368	369	en	yor	challenge_SSA-MTE	hyp1	News	NaN	40.57248306274414
369	370	en	yor	challenge_SSA-MTE	hyp1	News	NaN	5.558879852294922
370	371	en	yor	challenge_SSA-MTE	hyp1	News	NaN	22.27747917175293
371	372	en	yor	challenge_SSA-MTE	hyp1	News	NaN	17.922624588012695
372	373	en	yor	challenge_SSA-MTE	hyp1	News	NaN	25.798851013183594
373	374	en	yor	challenge_SSA-MTE	hyp1	News	NaN	32.77010726928711
374	375	en	yor	challenge_SSA-MTE	hyp1	News	NaN	30.857826232910156
375	376	en	yor	challenge_SSA-MTE	hyp1	News	NaN	16.49410057067871
376	377	en	yor	challenge_SSA-MTE	hyp1	News	NaN	35.89223861694336
377	378	en	yor	challenge_SSA-MTE	hyp1	News	NaN	27.15714454650879
378	379	en	yor	challenge_SSA-MTE	hyp1	News	NaN	20.23426055908203
379	380	en	yor	challenge_SSA-MTE	hyp1	News	NaN	30.744976043701172
380	381	en	yor	challenge_SSA-MTE	hyp1	News	NaN	41.499237060546875
381	382	en	yor	challenge_SSA-MTE	hyp1	News	NaN	22.520301818847656
382	383	en	yor	challenge_SSA-MTE	hyp1	News	NaN	35.765865325927734
383	384	en	yor	challenge_SSA-MTE	hyp1	News	NaN	16.80974578857422
384	385	en	yor	challenge_SSA-MTE	hyp1	News	NaN	17.46505355834961
385	386	en	yor	challenge_SSA-MTE	hyp1	News	NaN	21.13064193725586
386	387	en	yor	challenge_SSA-MTE	hyp1	News	NaN	31.336166381835938
387	388	en	yor	challenge_SSA-MTE	hyp1	News	NaN	24.993701934814453
388	389	en	yor	challenge_SSA-MTE	hyp1	News	NaN	22.417503356933594
389	390	en	yor	challenge_SSA-MTE	hyp1	News	NaN	21.573307037353516
390	391	en	yor	challenge_SSA-MTE	hyp1	News	NaN	20.71644401550293
391	392	en	yor	challenge_SSA-MTE	hyp1	News	NaN	33.968936920166016
392	393	en	yor	challenge_SSA-MTE	hyp1	News	NaN	27.68980598449707
393	394	en	yor	challenge_SSA-MTE	hyp1	News	NaN	24.242694854736328
394	395	en	yor	challenge_SSA-MTE	hyp1	News	NaN	32.360374450683594
395	396	en	yor	challenge_SSA-MTE	hyp1	News	NaN	23.695659637451172
396	397	en	yor	challenge_SSA-MTE	hyp1	News	NaN	25.42428207397461
397	398	en	yor	challenge_SSA-MTE	hyp1	News	NaN	23.765888214111328
398	399	en	yor	challenge_SSA-MTE	hyp1	News	NaN	5.348626136779785
399	400	en	yor	challenge_SSA-MTE	hyp1	News	NaN	20.814250946044922
400	401	en	yor	challenge_SSA-MTE	hyp1	News	NaN	21.027841567993164
401	402	en	yor	challenge_SSA-MTE	hyp1	News	NaN	15.977724075317383
402	403	en	yor	challenge_SSA-MTE	hyp1	News	NaN	21.557350158691406
403	404	en	yor	challenge_SSA-MTE	hyp1	News	NaN	21.79733657836914
404	405	en	yor	challenge_SSA-MTE	hyp1	News	NaN	14.94829273223877
405	406	en	yor	challenge_SSA-MTE	hyp1	News	NaN	21.152584075927734
406	407	en	yor	challenge_SSA-MTE	hyp1	News	NaN	13.14656925201416
407	408	en	yor	challenge_SSA-MTE	hyp1	News	NaN	34.175865173339844
408	409	en	yor	challenge_SSA-MTE	hyp1	News	NaN	32.384864807128906
409	410	en	yor	challenge_SSA-MTE	hyp1	News	NaN	30.514019012451172
410	411	en	yor	challenge_SSA-MTE	hyp1	News	NaN	20.987520217895508
411	412	en	yor	challenge_SSA-MTE	hyp1	News	NaN	30.19915199279785
412	413	en	yor	challenge_SSA-MTE	hyp1	News	NaN	39.919166564941406
413	414	en	yor	challenge_SSA-MTE	hyp1	News	NaN	42.310203552246094
414	415	en	yor	challenge_SSA-MTE	hyp1	News	NaN	39.90387725830078
415	416	en	yor	challenge_SSA-MTE	hyp1	News	NaN	37.098609924316406
416	417	en	yor	challenge_SSA-MTE	hyp1	News	NaN	38.78826141357422
417	418	en	yor	challenge_SSA-MTE	hyp1	News	NaN	39.3614616394043
418	419	en	yor	challenge_SSA-MTE	hyp1	News	NaN	40.15755844116211
419	420	en	yor	challenge_SSA-MTE	hyp1	News	NaN	21.54088592529297
420	421	en	yor	challenge_SSA-MTE	hyp1	News	NaN	24.485496520996094
421	422	en	yor	challenge_SSA-MTE	hyp1	News	NaN	30.687856674194336
422	423	en	yor	challenge_SSA-MTE	hyp1	News	NaN	22.85700798034668
423	424	en	yor	challenge_SSA-MTE	hyp1	News	NaN	29.970130920410156
424	425	en	yor	challenge_SSA-MTE	hyp1	News	NaN	25.741256713867188
425	426	en	yor	challenge_SSA-MTE	hyp1	News	NaN	17.176965713500977
426	427	en	yor	challenge_SSA-MTE	hyp1	News	NaN	28.629467010498047
427	428	en	yor	challenge_SSA-MTE	hyp1	News	NaN	20.2414493560791
428	429	en	yor	challenge_SSA-MTE	hyp1	News	NaN	19.342716217041016
429	430	en	yor	challenge_SSA-MTE	hyp1	News	NaN	6.287206649780273
430	431	en	yor	challenge_SSA-MTE	hyp1	News	NaN	20.884477615356445
431	432	en	yor	challenge_SSA-MTE	hyp1	News	NaN	18.741046905517578
432	433	en	yor	challenge_SSA-MTE	hyp1	News	NaN	12.256043434143066
433	434	en	yor	challenge_SSA-MTE	hyp1	News	NaN	25.505046844482422
434	435	en	yor	challenge_SSA-MTE	hyp1	News	NaN	29.348901748657227
435	436	en	yor	challenge_SSA-MTE	hyp1	News	NaN	27.23612403869629
436	437	en	yor	challenge_SSA-MTE	hyp1	News	NaN	26.66291618347168
437	438	en	yor	challenge_SSA-MTE	hyp1	News	NaN	32.84980010986328
438	439	en	yor	challenge_SSA-MTE	hyp1	News	NaN	20.506385803222656
439	440	en	yor	challenge_SSA-MTE	hyp1	News	NaN	17.682878494262695
440	441	en	yor	challenge_SSA-MTE	hyp1	News	NaN	24.363903045654297
441	442	en	yor	challenge_SSA-MTE	hyp1	News	NaN	23.85276222229004
442	443	en	yor	challenge_SSA-MTE	hyp1	News	NaN	24.507225036621094
443	444	en	yor	challenge_SSA-MTE	hyp1	News	NaN	22.831859588623047
444	445	en	yor	challenge_SSA-MTE	hyp1	News	NaN	14.35122013092041
445	446	en	yor	challenge_SSA-MTE	hyp1	News	NaN	12.933849334716797
446	447	en	yor	challenge_SSA-MTE	hyp1	News	NaN	14.568840980529785
447	448	en	yor	challenge_SSA-MTE	hyp1	News	NaN	16.468711853027344
448	449	en	yor	challenge_SSA-MTE	hyp1	News	NaN	13.270160675048828
449	450	en	yor	challenge_SSA-MTE	hyp1	News	NaN	20.159000396728516
450	451	en	yor	challenge_SSA-MTE	hyp1	News	NaN	23.158082962036133
451	452	en	yor	challenge_SSA-MTE	hyp1	News	NaN	23.954008102416992
452	453	en	yor	challenge_SSA-MTE	hyp1	News	NaN	25.683868408203125
453	454	en	yor	challenge_SSA-MTE	hyp1	News	NaN	27.45774269104004
454	455	en	yor	challenge_SSA-MTE	hyp1	News	NaN	21.575115203857422
455	456	en	yor	challenge_SSA-MTE	hyp1	News	NaN	28.756999969482422
456	457	en	yor	challenge_SSA-MTE	hyp1	News	NaN	27.833192825317383
457	458	en	yor	challenge_SSA-MTE	hyp1	News	NaN	29.45615005493164
458	459	en	yor	challenge_SSA-MTE	hyp1	News	NaN	31.33642578125
459	460	en	yor	challenge_SSA-MTE	hyp1	News	NaN	29.11263084411621
460	461	en	yor	challenge_SSA-MTE	hyp1	News	NaN	18.430410385131836
461	462	en	yor	challenge_SSA-MTE	hyp1	News	NaN	26.122299194335938
462	463	en	yor	challenge_SSA-MTE	hyp1	News	NaN	17.96405792236328
463	464	en	yor	challenge_SSA-MTE	hyp1	News	NaN	21.79094886779785
464	465	en	yor	challenge_SSA-MTE	hyp1	News	NaN	20.151926040649414
465	466	en	yor	challenge_SSA-MTE	hyp1	News	NaN	-0.23193955421447754
466	467	en	yor	challenge_SSA-MTE	hyp1	News	NaN	13.994332313537598
467	468	en	yor	challenge_SSA-MTE	hyp1	News	NaN	27.070194244384766
468	469	en	yor	challenge_SSA-MTE	hyp1	News	NaN	19.498367309570312
469	470	en	yor	challenge_SSA-MTE	hyp1	News	NaN	22.93634033203125
470	471	en	yor	challenge_SSA-MTE	hyp1	News	NaN	20.38149642944336
471	472	en	yor	challenge_SSA-MTE	hyp1	News	NaN	24.236156463623047
472	473	en	yor	challenge_SSA-MTE	hyp1	News	NaN	20.036754608154297
473	474	en	yor	challenge_SSA-MTE	hyp1	News	NaN	27.090118408203125
474	475	en	yor	challenge_SSA-MTE	hyp1	News	NaN	20.844837188720703
475	476	en	yor	challenge_SSA-MTE	hyp1	News	NaN	16.219829559326172
476	477	en	yor	challenge_SSA-MTE	hyp1	News	NaN	14.294290542602539
477	478	en	yor	challenge_SSA-MTE	hyp1	News	NaN	24.823524475097656
478	479	en	yor	challenge_SSA-MTE	hyp1	News	NaN	10.339155197143555
479	480	en	yor	challenge_SSA-MTE	hyp1	News	NaN	22.607009887695312
480	481	en	yor	challenge_SSA-MTE	hyp1	News	NaN	13.016996383666992
481	482	en	yor	challenge_SSA-MTE	hyp1	News	NaN	16.24449348449707
482	483	en	yor	challenge_SSA-MTE	hyp1	News	NaN	14.670230865478516
483	484	en	yor	challenge_SSA-MTE	hyp1	News	NaN	22.15040397644043
484	485	en	yor	challenge_SSA-MTE	hyp1	News	NaN	19.836212158203125
485	486	en	yor	challenge_SSA-MTE	hyp1	News	NaN	22.17851448059082
486	487	en	yor	challenge_SSA-MTE	hyp1	News	NaN	12.139887809753418
487	488	en	yor	challenge_SSA-MTE	hyp1	News	NaN	27.684125900268555
488	489	en	yor	challenge_SSA-MTE	hyp1	News	NaN	23.729991912841797
489	490	en	yor	challenge_SSA-MTE	hyp1	News	NaN	8.508671760559082
490	491	en	yor	challenge_SSA-MTE	hyp1	News	NaN	13.670830726623535
491	492	en	yor	challenge_SSA-MTE	hyp1	News	NaN	20.33411407470703
492	493	en	yor	challenge_SSA-MTE	hyp1	News	NaN	24.987327575683594
493	494	en	yor	challenge_SSA-MTE	hyp1	News	NaN	17.296457290649414
494	495	en	yor	challenge_SSA-MTE	hyp1	News	NaN	19.996057510375977
495	496	en	yor	challenge_SSA-MTE	hyp1	News	NaN	25.484033584594727
496	497	en	yor	challenge_SSA-MTE	hyp1	News	NaN	20.500141143798828
497	498	en	yor	challenge_SSA-MTE	hyp1	News	NaN	23.001943588256836
498	499	en	yor	challenge_SSA-MTE	hyp1	News	NaN	16.589431762695312
499	500	en	yor	challenge_SSA-MTE	hyp1	News	NaN	20.698307037353516
500	501	en	yor	challenge_SSA-MTE	hyp1	News	NaN	16.009069442749023
501	502	en	yor	challenge_SSA-MTE	hyp1	News	NaN	6.796721458435059
502	503	en	yor	challenge_SSA-MTE	hyp1	News	NaN	10.532495498657227
503	504	en	yor	challenge_SSA-MTE	hyp1	News	NaN	20.697547912597656
504	505	en	yor	challenge_SSA-MTE	hyp1	News	NaN	28.4346866607666
505	506	en	yor	challenge_SSA-MTE	hyp1	News	NaN	27.21114730834961
506	507	en	yor	challenge_SSA-MTE	hyp1	News	NaN	23.741302490234375
507	508	en	yor	challenge_SSA-MTE	hyp1	News	NaN	25.959957122802734
508	509	en	yor	challenge_SSA-MTE	hyp1	News	NaN	21.262741088867188
509	510	en	yor	challenge_SSA-MTE	hyp1	News	NaN	29.47234344482422
510	511	en	yor	challenge_SSA-MTE	hyp1	News	NaN	14.952312469482422
511	512	en	yor	challenge_SSA-MTE	hyp1	News	NaN	21.924297332763672
512	513	en	yor	challenge_SSA-MTE	hyp1	News	NaN	21.522727966308594
513	514	en	yor	challenge_SSA-MTE	hyp1	News	NaN	32.171173095703125
514	515	en	yor	challenge_SSA-MTE	hyp1	News	NaN	37.06235122680664
515	516	en	yor	challenge_SSA-MTE	hyp1	News	NaN	17.7425537109375
516	517	en	yor	challenge_SSA-MTE	hyp1	News	NaN	24.653194427490234
517	518	en	yor	challenge_SSA-MTE	hyp1	News	NaN	22.809242248535156
518	519	en	yor	challenge_SSA-MTE	hyp1	News	NaN	3.1448252201080322
519	520	en	yor	challenge_SSA-MTE	hyp1	News	NaN	18.16447639465332
520	521	en	yor	challenge_SSA-MTE	hyp1	News	NaN	20.757652282714844
521	522	en	yor	challenge_SSA-MTE	hyp1	News	NaN	24.313032150268555
522	523	en	yor	challenge_SSA-MTE	hyp1	News	NaN	17.927682876586914
523	524	en	yor	challenge_SSA-MTE	hyp1	News	NaN	13.876325607299805
524	525	en	yor	challenge_SSA-MTE	hyp1	News	NaN	2.4729950428009033
525	526	en	yor	challenge_SSA-MTE	hyp1	News	NaN	14.700674057006836
526	527	en	yor	challenge_SSA-MTE	hyp1	News	NaN	27.26776695251465
527	528	en	yor	challenge_SSA-MTE	hyp1	News	NaN	18.49799919128418
528	529	en	yor	challenge_SSA-MTE	hyp1	News	NaN	24.262407302856445
529	530	en	yor	challenge_SSA-MTE	hyp1	News	NaN	32.70699691772461
530	531	en	yor	challenge_SSA-MTE	hyp1	News	NaN	19.159515380859375
531	532	en	yor	challenge_SSA-MTE	hyp1	News	NaN	21.401641845703125
532	533	en	yor	challenge_SSA-MTE	hyp1	News	NaN	28.310531616210938
533	534	en	yor	challenge_SSA-MTE	hyp1	News	NaN	29.569904327392578
534	535	en	yor	challenge_SSA-MTE	hyp1	News	NaN	39.39929962158203
535	536	en	yor	challenge_SSA-MTE	hyp1	News	NaN	43.01048278808594
536	537	en	yor	challenge_SSA-MTE	hyp1	News	NaN	31.276409149169922
537	538	en	yor	challenge_SSA-MTE	hyp1	News	NaN	45.24147033691406
538	539	en	yor	challenge_SSA-MTE	hyp1	News	NaN	23.727279663085938
539	540	en	yor	challenge_SSA-MTE	hyp1	News	NaN	20.839874267578125
540	541	en	yor	challenge_SSA-MTE	hyp1	News	NaN	24.645063400268555
541	542	en	yor	challenge_SSA-MTE	hyp1	News	NaN	33.57810974121094
542	543	en	yor	challenge_SSA-MTE	hyp1	News	NaN	23.559053421020508
543	544	en	yor	challenge_SSA-MTE	hyp1	News	NaN	34.428749084472656
544	545	en	yor	challenge_SSA-MTE	hyp1	News	NaN	26.122766494750977
545	546	en	yor	challenge_SSA-MTE	hyp1	News	NaN	24.84053611755371
546	547	en	yor	challenge_SSA-MTE	hyp1	News	NaN	20.62606430053711
547	548	en	yor	challenge_SSA-MTE	hyp1	News	NaN	32.79513168334961
548	549	en	yor	challenge_SSA-MTE	hyp1	News	NaN	22.70327377319336
549	550	en	yor	challenge_SSA-MTE	hyp1	News	NaN	31.98609161376953
550	551	en	yor	challenge_SSA-MTE	hyp1	News	NaN	18.093168258666992
551	552	en	yor	challenge_SSA-MTE	hyp1	News	NaN	14.450170516967773
552	553	en	yor	challenge_SSA-MTE	hyp1	News	NaN	23.850852966308594
553	554	en	yor	challenge_SSA-MTE	hyp1	News	NaN	32.81765365600586
554	555	en	yor	challenge_SSA-MTE	hyp1	News	NaN	26.08759117126465
555	556	en	yor	challenge_SSA-MTE	hyp1	News	NaN	18.966455459594727
556	557	en	yor	challenge_SSA-MTE	hyp1	News	NaN	16.519826889038086
557	558	en	yor	challenge_SSA-MTE	hyp1	News	NaN	12.547773361206055
558	559	en	yor	challenge_SSA-MTE	hyp1	News	NaN	17.020631790161133
559	560	en	yor	challenge_SSA-MTE	hyp1	News	NaN	25.038183212280273
560	561	en	yor	challenge_SSA-MTE	hyp1	News	NaN	16.682064056396484
561	562	en	yor	challenge_SSA-MTE	hyp1	News	NaN	30.00455665588379
562	563	en	yor	challenge_SSA-MTE	hyp1	News	NaN	14.117021560668945
563	564	en	yor	challenge_SSA-MTE	hyp1	News	NaN	28.877004623413086
564	565	en	yor	challenge_SSA-MTE	hyp1	News	NaN	28.181793212890625
565	566	en	yor	challenge_SSA-MTE	hyp1	News	NaN	25.548524856567383
566	567	en	yor	challenge_SSA-MTE	hyp1	News	NaN	29.87614631652832
567	568	en	yor	challenge_SSA-MTE	hyp1	News	NaN	22.05106544494629
568	569	en	yor	challenge_SSA-MTE	hyp1	News	NaN	34.956268310546875
569	570	en	yor	challenge_SSA-MTE	hyp1	News	NaN	28.666301727294922
570	571	en	yor	challenge_SSA-MTE	hyp1	News	NaN	39.6545524597168
571	572	en	yor	challenge_SSA-MTE	hyp1	News	NaN	22.420806884765625
572	573	en	yor	challenge_SSA-MTE	hyp1	News	NaN	22.659595489501953
573	574	en	yor	challenge_SSA-MTE	hyp1	News	NaN	26.533733367919922
574	575	en	yor	challenge_SSA-MTE	hyp1	News	NaN	18.46719741821289
575	576	en	yor	challenge_SSA-MTE	hyp1	News	NaN	16.020566940307617
576	577	en	yor	challenge_SSA-MTE	hyp1	News	NaN	27.107479095458984
577	578	en	yor	challenge_SSA-MTE	hyp1	News	NaN	18.280906677246094
578	579	en	yor	challenge_SSA-MTE	hyp1	News	NaN	24.285884857177734
579	580	en	yor	challenge_SSA-MTE	hyp1	News	NaN	16.83204460144043
580	581	en	yor	challenge_SSA-MTE	hyp1	News	NaN	6.5422749519348145
581	582	en	yor	challenge_SSA-MTE	hyp1	News	NaN	26.326139450073242
582	583	en	yor	challenge_SSA-MTE	hyp1	News	NaN	40.58171081542969
583	584	en	yor	challenge_SSA-MTE	hyp1	News	NaN	26.21619987487793
584	585	en	yor	challenge_SSA-MTE	hyp1	News	NaN	22.2510929107666
585	586	en	yor	challenge_SSA-MTE	hyp1	News	NaN	23.247474670410156
586	587	en	yor	challenge_SSA-MTE	hyp1	News	NaN	32.370365142822266
587	588	en	yor	challenge_SSA-MTE	hyp1	News	NaN	22.004236221313477
588	589	en	yor	challenge_SSA-MTE	hyp1	News	NaN	21.141508102416992
589	590	en	yor	challenge_SSA-MTE	hyp1	News	NaN	29.67818832397461
590	591	en	yor	challenge_SSA-MTE	hyp1	News	NaN	20.240392684936523
591	592	en	yor	challenge_SSA-MTE	hyp1	News	NaN	21.557727813720703
592	593	en	yor	challenge_SSA-MTE	hyp1	News	NaN	30.495563507080078
593	594	en	yor	challenge_SSA-MTE	hyp1	News	NaN	16.150020599365234
594	595	en	yor	challenge_SSA-MTE	hyp1	News	NaN	15.572458267211914
595	596	en	yor	challenge_SSA-MTE	hyp1	News	NaN	19.51413345336914
596	597	en	yor	challenge_SSA-MTE	hyp1	News	NaN	20.435348510742188
597	598	en	yor	challenge_SSA-MTE	hyp1	News	NaN	20.790668487548828
598	599	en	yor	challenge_SSA-MTE	hyp1	News	NaN	29.086793899536133
599	600	en	yor	challenge_SSA-MTE	hyp1	News	NaN	26.203977584838867
600	601	en	yor	challenge_SSA-MTE	hyp1	News	NaN	31.812381744384766
601	602	en	yor	challenge_SSA-MTE	hyp1	News	NaN	16.997539520263672
602	603	en	yor	challenge_SSA-MTE	hyp1	News	NaN	31.3129825592041
603	604	en	yor	challenge_SSA-MTE	hyp1	News	NaN	14.558192253112793
604	605	en	yor	challenge_SSA-MTE	hyp1	News	NaN	11.956841468811035
605	606	en	yor	challenge_SSA-MTE	hyp1	News	NaN	14.574930191040039
606	607	en	yor	challenge_SSA-MTE	hyp1	News	NaN	22.405651092529297
607	608	en	yor	challenge_SSA-MTE	hyp1	News	NaN	26.84210777282715
608	609	en	yor	challenge_SSA-MTE	hyp1	News	NaN	25.729923248291016
609	610	en	yor	challenge_SSA-MTE	hyp1	News	NaN	26.51761817932129
610	611	en	yor	challenge_SSA-MTE	hyp1	News	NaN	32.070472717285156
611	612	en	yor	challenge_SSA-MTE	hyp1	News	NaN	30.21097755432129
612	613	en	yor	challenge_SSA-MTE	hyp1	News	NaN	40.992706298828125
613	614	en	yor	challenge_SSA-MTE	hyp1	News	NaN	28.74557113647461
614	615	en	yor	challenge_SSA-MTE	hyp1	News	NaN	23.649599075317383
615	616	en	yor	challenge_SSA-MTE	hyp1	News	NaN	23.731958389282227
616	617	en	yor	challenge_SSA-MTE	hyp1	News	NaN	24.360645294189453
617	618	en	yor	challenge_SSA-MTE	hyp1	News	NaN	18.348495483398438
618	619	en	yor	challenge_SSA-MTE	hyp1	News	NaN	24.135908126831055
619	620	en	yor	challenge_SSA-MTE	hyp1	News	NaN	33.817718505859375
620	621	en	yor	challenge_SSA-MTE	hyp1	News	NaN	17.488407135009766
621	622	en	yor	challenge_SSA-MTE	hyp1	News	NaN	20.797203063964844
622	623	en	yor	challenge_SSA-MTE	hyp1	News	NaN	25.886213302612305
623	624	en	yor	challenge_SSA-MTE	hyp1	News	NaN	24.023475646972656
624	625	en	yor	challenge_SSA-MTE	hyp1	News	NaN	31.854961395263672
625	626	en	yor	challenge_SSA-MTE	hyp1	News	NaN	16.45375633239746
626	627	en	yor	challenge_SSA-MTE	hyp1	News	NaN	15.16684341430664
627	628	en	yor	challenge_SSA-MTE	hyp1	News	NaN	26.53799057006836
628	629	en	yor	challenge_SSA-MTE	hyp1	News	NaN	26.74370765686035
629	630	en	yor	challenge_SSA-MTE	hyp1	News	NaN	20.39311408996582
630	631	en	yor	challenge_SSA-MTE	hyp1	News	NaN	20.8707275390625
631	632	en	yor	challenge_SSA-MTE	hyp1	News	NaN	16.272781372070312
632	633	en	yor	challenge_SSA-MTE	hyp1	News	NaN	18.7446231842041
633	634	en	yor	challenge_SSA-MTE	hyp1	News	NaN	20.816505432128906
634	635	en	yor	challenge_SSA-MTE	hyp1	News	NaN	26.37266731262207
635	636	en	yor	challenge_SSA-MTE	hyp1	News	NaN	17.850448608398438
636	637	en	yor	challenge_SSA-MTE	hyp1	News	NaN	22.468507766723633
637	638	en	yor	challenge_SSA-MTE	hyp1	News	NaN	24.421140670776367
638	639	en	yor	challenge_SSA-MTE	hyp1	News	NaN	23.94675636291504
639	640	en	yor	challenge_SSA-MTE	hyp1	News	NaN	22.011356353759766
640	641	en	yor	challenge_SSA-MTE	hyp1	News	NaN	25.7379150390625
641	642	en	yor	challenge_SSA-MTE	hyp1	News	NaN	29.848661422729492
642	643	en	yor	challenge_SSA-MTE	hyp1	News	NaN	29.95211410522461
643	644	en	yor	challenge_SSA-MTE	hyp1	News	NaN	21.942066192626953
644	645	en	yor	challenge_SSA-MTE	hyp1	News	NaN	21.170040130615234
645	646	en	yor	challenge_SSA-MTE	hyp1	News	NaN	25.567180633544922
646	647	en	yor	challenge_SSA-MTE	hyp1	News	NaN	21.507497787475586
647	648	en	yor	challenge_SSA-MTE	hyp1	News	NaN	19.709815979003906
648	649	en	yor	challenge_SSA-MTE	hyp1	News	NaN	23.152202606201172
649	650	en	yor	challenge_SSA-MTE	hyp1	News	NaN	22.91204833984375
650	651	en	yor	challenge_SSA-MTE	hyp1	News	NaN	27.033618927001953
651	652	en	yor	challenge_SSA-MTE	hyp1	News	NaN	48.143985748291016
652	653	en	yor	challenge_SSA-MTE	hyp1	News	NaN	45.49860382080078
653	654	en	yor	challenge_SSA-MTE	hyp1	News	NaN	20.31889533996582
654	655	en	yor	challenge_SSA-MTE	hyp1	News	NaN	24.628482818603516
655	656	en	yor	challenge_SSA-MTE	hyp1	News	NaN	28.097454071044922
656	657	en	yor	challenge_SSA-MTE	hyp1	News	NaN	18.072568893432617
657	658	en	yor	challenge_SSA-MTE	hyp1	News	NaN	21.27841567993164
658	659	en	yor	challenge_SSA-MTE	hyp1	News	NaN	28.8239803314209
659	660	en	yor	challenge_SSA-MTE	hyp1	News	NaN	22.415897369384766
660	661	en	yor	challenge_SSA-MTE	hyp1	News	NaN	22.559316635131836
661	662	en	yor	challenge_SSA-MTE	hyp1	News	NaN	20.8431339263916
662	663	en	yor	challenge_SSA-MTE	hyp1	News	NaN	11.573013305664062
663	664	en	yor	challenge_SSA-MTE	hyp1	News	NaN	17.918115615844727
664	665	en	yor	challenge_SSA-MTE	hyp1	News	NaN	27.326919555664062
665	666	en	yor	challenge_SSA-MTE	hyp1	News	NaN	17.124526977539062
666	667	en	yor	challenge_SSA-MTE	hyp1	News	NaN	24.3304386138916
667	668	en	yor	challenge_SSA-MTE	hyp1	News	NaN	25.449031829833984
668	669	en	yor	challenge_SSA-MTE	hyp1	News	NaN	48.860008239746094
669	670	en	yor	challenge_SSA-MTE	hyp1	News	NaN	19.94100570678711
670	671	en	yor	challenge_SSA-MTE	hyp1	News	NaN	46.08107376098633
671	672	en	yor	challenge_SSA-MTE	hyp1	News	NaN	24.207202911376953
672	673	en	yor	challenge_SSA-MTE	hyp1	News	NaN	39.87342834472656
673	674	en	yor	challenge_SSA-MTE	hyp1	News	NaN	38.05449676513672
674	675	en	yor	challenge_SSA-MTE	hyp1	News	NaN	24.09635353088379
675	676	en	yor	challenge_SSA-MTE	hyp1	News	NaN	28.280227661132812
676	677	en	yor	challenge_SSA-MTE	hyp1	News	NaN	35.55546188354492
677	678	en	yor	challenge_SSA-MTE	hyp1	News	NaN	25.122560501098633
678	679	en	yor	challenge_SSA-MTE	hyp1	News	NaN	14.872708320617676
679	680	en	yor	challenge_SSA-MTE	hyp1	News	NaN	16.727142333984375
680	681	en	yor	challenge_SSA-MTE	hyp1	News	NaN	17.134593963623047
681	682	en	yor	challenge_SSA-MTE	hyp1	News	NaN	19.556110382080078
682	683	en	yor	challenge_SSA-MTE	hyp1	News	NaN	19.64910125732422
683	684	en	yor	challenge_SSA-MTE	hyp1	News	NaN	14.545822143554688
684	685	en	yor	challenge_SSA-MTE	hyp1	News	NaN	35.796268463134766
685	686	en	yor	challenge_SSA-MTE	hyp1	News	NaN	24.550533294677734
686	687	en	yor	challenge_SSA-MTE	hyp1	News	NaN	24.85120391845703
687	688	en	yor	challenge_SSA-MTE	hyp1	News	NaN	15.89748477935791
688	689	en	yor	challenge_SSA-MTE	hyp1	News	NaN	29.109973907470703
689	690	en	yor	challenge_SSA-MTE	hyp1	News	NaN	24.26555061340332
690	691	en	yor	challenge_SSA-MTE	hyp1	News	NaN	15.843355178833008
691	692	en	yor	challenge_SSA-MTE	hyp1	News	NaN	17.55095672607422
692	693	en	yor	challenge_SSA-MTE	hyp1	News	NaN	20.558109283447266
693	694	en	yor	challenge_SSA-MTE	hyp1	News	NaN	18.60000991821289
694	695	en	yor	challenge_SSA-MTE	hyp1	News	NaN	15.43801498413086
695	696	en	yor	challenge_SSA-MTE	hyp1	News	NaN	20.50720977783203
696	697	en	yor	challenge_SSA-MTE	hyp1	News	NaN	22.83260726928711
697	698	en	yor	challenge_SSA-MTE	hyp1	News	NaN	16.943681716918945
698	699	en	yor	challenge_SSA-MTE	hyp1	News	NaN	18.417226791381836
699	700	en	yor	challenge_SSA-MTE	hyp1	News	NaN	24.909252166748047
700	701	en	yor	challenge_SSA-MTE	hyp1	News	NaN	22.196252822875977
701	702	en	yor	challenge_SSA-MTE	hyp1	News	NaN	21.22909927368164
702	703	en	yor	challenge_SSA-MTE	hyp1	News	NaN	20.333463668823242
703	704	en	yor	challenge_SSA-MTE	hyp1	News	NaN	20.5880184173584
704	705	en	yor	challenge_SSA-MTE	hyp1	News	NaN	20.59733009338379
705	706	en	yor	challenge_SSA-MTE	hyp1	News	NaN	27.868358612060547
706	707	en	yor	challenge_SSA-MTE	hyp1	News	NaN	26.30841636657715
707	708	en	yor	challenge_SSA-MTE	hyp1	News	NaN	17.268718719482422
708	709	en	yor	challenge_SSA-MTE	hyp1	News	NaN	25.909212112426758
709	710	en	yor	challenge_SSA-MTE	hyp1	News	NaN	28.992916107177734
710	711	en	yor	challenge_SSA-MTE	hyp1	News	NaN	22.447601318359375
711	712	en	yor	challenge_SSA-MTE	hyp1	News	NaN	31.987653732299805
712	713	en	yor	challenge_SSA-MTE	hyp1	News	NaN	22.89151382446289
713	714	en	yor	challenge_SSA-MTE	hyp1	News	NaN	21.069608688354492
714	715	en	yor	challenge_SSA-MTE	hyp1	News	NaN	26.486223220825195
715	716	en	yor	challenge_SSA-MTE	hyp1	News	NaN	35.560394287109375
716	717	en	yor	challenge_SSA-MTE	hyp1	News	NaN	18.436199188232422
717	718	en	yor	challenge_SSA-MTE	hyp1	News	NaN	32.245697021484375
718	719	en	yor	challenge_SSA-MTE	hyp1	News	NaN	20.03594970703125
719	720	en	yor	challenge_SSA-MTE	hyp1	News	NaN	24.054433822631836
720	721	en	yor	challenge_SSA-MTE	hyp1	News	NaN	22.313026428222656
721	722	en	yor	challenge_SSA-MTE	hyp1	News	NaN	23.407344818115234
722	723	en	yor	challenge_SSA-MTE	hyp1	News	NaN	22.430946350097656
723	724	en	yor	challenge_SSA-MTE	hyp1	News	NaN	23.203319549560547
724	725	en	yor	challenge_SSA-MTE	hyp1	News	NaN	18.448436737060547
725	726	en	yor	challenge_SSA-MTE	hyp1	News	NaN	17.74688720703125
726	727	en	yor	challenge_SSA-MTE	hyp1	News	NaN	16.88714027404785
727	728	en	yor	challenge_SSA-MTE	hyp1	News	NaN	25.89784049987793
728	729	en	yor	challenge_SSA-MTE	hyp1	News	NaN	18.233081817626953
729	730	en	yor	challenge_SSA-MTE	hyp1	News	NaN	26.065113067626953
730	731	en	yor	challenge_SSA-MTE	hyp1	News	NaN	16.03118896484375
731	732	en	yor	challenge_SSA-MTE	hyp1	News	NaN	26.407567977905273
732	733	en	yor	challenge_SSA-MTE	hyp1	News	NaN	18.146406173706055
733	734	en	yor	challenge_SSA-MTE	hyp1	News	NaN	28.895950317382812
734	735	en	yor	challenge_SSA-MTE	hyp1	News	NaN	18.7303466796875
735	736	en	yor	challenge_SSA-MTE	hyp1	News	NaN	24.86257553100586
736	737	en	yor	challenge_SSA-MTE	hyp1	News	NaN	20.653797149658203
737	738	en	yor	challenge_SSA-MTE	hyp1	News	NaN	33.28819274902344
738	739	en	yor	challenge_SSA-MTE	hyp1	News	NaN	26.99098014831543
739	740	en	yor	challenge_SSA-MTE	hyp1	News	NaN	33.404090881347656
740	741	en	yor	challenge_SSA-MTE	hyp1	News	NaN	25.80209732055664
741	742	en	yor	challenge_SSA-MTE	hyp1	News	NaN	26.957487106323242
742	743	en	yor	challenge_SSA-MTE	hyp1	News	NaN	29.993183135986328
743	744	en	yor	challenge_SSA-MTE	hyp1	News	NaN	30.015911102294922
744	745	en	yor	challenge_SSA-MTE	hyp1	News	NaN	19.342493057250977
745	746	en	yor	challenge_SSA-MTE	hyp1	News	NaN	18.989639282226562
746	747	en	yor	challenge_SSA-MTE	hyp1	News	NaN	28.883411407470703
747	748	en	yor	challenge_SSA-MTE	hyp1	News	NaN	28.96910858154297
748	749	en	yor	challenge_SSA-MTE	hyp1	News	NaN	22.34193992614746
749	750	en	yor	challenge_SSA-MTE	hyp1	News	NaN	23.51992416381836
750	751	en	yor	challenge_SSA-MTE	hyp1	News	NaN	1.9595720767974854
751	752	en	yor	challenge_SSA-MTE	hyp1	News	NaN	22.192981719970703
752	753	en	yor	challenge_SSA-MTE	hyp1	News	NaN	27.023221969604492
753	754	en	yor	challenge_SSA-MTE	hyp1	News	NaN	18.04609489440918
754	755	en	yor	challenge_SSA-MTE	hyp1	News	NaN	15.400732040405273
755	756	en	yor	challenge_SSA-MTE	hyp1	News	NaN	23.602497100830078
756	757	en	yor	challenge_SSA-MTE	hyp1	News	NaN	29.632604598999023
757	758	en	yor	challenge_SSA-MTE	hyp1	News	NaN	24.245458602905273
758	759	en	yor	challenge_SSA-MTE	hyp1	News	NaN	31.468751907348633
759	760	en	yor	challenge_SSA-MTE	hyp1	News	NaN	23.350067138671875
760	761	en	yor	challenge_SSA-MTE	hyp1	News	NaN	27.287668228149414
761	762	en	yor	challenge_SSA-MTE	hyp1	News	NaN	35.854644775390625
762	763	en	yor	challenge_SSA-MTE	hyp1	News	NaN	22.876657485961914
763	764	en	yor	challenge_SSA-MTE	hyp1	News	NaN	26.30260467529297
764	765	en	yor	challenge_SSA-MTE	hyp1	News	NaN	23.771438598632812
765	766	en	yor	challenge_SSA-MTE	hyp1	News	NaN	23.63158416748047
766	767	en	yor	challenge_SSA-MTE	hyp1	News	NaN	26.93402862548828
767	768	en	yor	challenge_SSA-MTE	hyp1	News	NaN	15.89243221282959
768	769	en	yor	challenge_SSA-MTE	hyp1	News	NaN	28.131816864013672
769	770	en	yor	challenge_SSA-MTE	hyp1	News	NaN	19.255657196044922
770	771	en	yor	challenge_SSA-MTE	hyp1	News	NaN	16.1986026763916
771	772	en	yor	challenge_SSA-MTE	hyp1	News	NaN	24.169687271118164
772	773	en	yor	challenge_SSA-MTE	hyp1	News	NaN	51.476173400878906
773	774	en	yor	challenge_SSA-MTE	hyp1	News	NaN	20.89679718017578
774	775	en	yor	challenge_SSA-MTE	hyp1	News	NaN	18.80158805847168
775	776	en	yor	challenge_SSA-MTE	hyp1	News	NaN	24.251026153564453
776	777	en	yor	challenge_SSA-MTE	hyp1	News	NaN	29.241107940673828
777	778	en	yor	challenge_SSA-MTE	hyp1	News	NaN	17.284774780273438
778	779	en	yor	challenge_SSA-MTE	hyp1	News	NaN	22.388195037841797
779	780	en	yor	challenge_SSA-MTE	hyp1	News	NaN	15.357345581054688
780	781	en	yor	challenge_SSA-MTE	hyp1	News	NaN	21.299968719482422
781	782	en	yor	challenge_SSA-MTE	hyp1	News	NaN	23.575687408447266
782	783	en	yor	challenge_SSA-MTE	hyp1	News	NaN	24.02440071105957
783	784	en	yor	challenge_SSA-MTE	hyp1	News	NaN	24.073850631713867
784	785	en	yor	challenge_SSA-MTE	hyp1	News	NaN	41.20831298828125
785	786	en	yor	challenge_SSA-MTE	hyp1	News	NaN	21.925559997558594
786	787	en	yor	challenge_SSA-MTE	hyp1	News	NaN	41.53239059448242
787	788	en	yor	challenge_SSA-MTE	hyp1	News	NaN	22.266212463378906
788	789	en	yor	challenge_SSA-MTE	hyp1	News	NaN	18.494754791259766
789	790	en	yor	challenge_SSA-MTE	hyp1	News	NaN	17.931407928466797
790	791	en	yor	challenge_SSA-MTE	hyp1	News	NaN	22.13762664794922
791	792	en	yor	challenge_SSA-MTE	hyp1	News	NaN	25.95281219482422
792	793	en	yor	challenge_SSA-MTE	hyp1	News	NaN	30.51919174194336
793	794	en	yor	challenge_SSA-MTE	hyp1	News	NaN	22.122474670410156
794	795	en	yor	challenge_SSA-MTE	hyp1	News	NaN	21.99381446838379
795	796	en	yor	challenge_SSA-MTE	hyp1	News	NaN	20.553054809570312
796	797	en	yor	challenge_SSA-MTE	hyp1	News	NaN	20.505592346191406
797	798	en	yor	challenge_SSA-MTE	hyp1	News	NaN	19.070077896118164
798	799	en	yor	challenge_SSA-MTE	hyp1	News	NaN	17.780799865722656
799	800	en	yor	challenge_SSA-MTE	hyp1	News	NaN	19.709999084472656
800	801	en	yor	challenge_SSA-MTE	hyp1	News	NaN	22.790084838867188
801	802	en	yor	challenge_SSA-MTE	hyp1	News	NaN	19.43968963623047
802	803	en	yor	challenge_SSA-MTE	hyp1	News	NaN	23.30508804321289
803	804	en	yor	challenge_SSA-MTE	hyp1	News	NaN	21.213655471801758
804	805	en	yor	challenge_SSA-MTE	hyp1	News	NaN	25.488086700439453
805	806	en	yor	challenge_SSA-MTE	hyp1	News	NaN	14.374564170837402
806	807	en	yor	challenge_SSA-MTE	hyp1	News	NaN	10.445842742919922
807	808	en	yor	challenge_SSA-MTE	hyp1	News	NaN	25.403467178344727
808	809	en	yor	challenge_SSA-MTE	hyp1	News	NaN	13.310836791992188
809	810	en	yor	challenge_SSA-MTE	hyp1	News	NaN	12.960430145263672
810	811	en	yor	challenge_SSA-MTE	hyp1	News	NaN	25.7310791015625
811	812	en	yor	challenge_SSA-MTE	hyp1	News	NaN	13.143735885620117
812	813	en	yor	challenge_SSA-MTE	hyp1	News	NaN	9.150936126708984
813	814	en	yor	challenge_SSA-MTE	hyp1	News	NaN	17.40284538269043
814	815	en	yor	challenge_SSA-MTE	hyp1	News	NaN	18.512149810791016
815	816	en	yor	challenge_SSA-MTE	hyp1	News	NaN	14.052694320678711
816	817	en	yor	challenge_SSA-MTE	hyp1	News	NaN	17.34864044189453
817	818	en	yor	challenge_SSA-MTE	hyp1	News	NaN	15.959369659423828
818	819	en	yor	challenge_SSA-MTE	hyp1	News	NaN	17.70583152770996
819	820	en	yor	challenge_SSA-MTE	hyp1	News	NaN	22.347511291503906
820	821	en	yor	challenge_SSA-MTE	hyp1	News	NaN	25.43390464782715
821	822	en	yor	challenge_SSA-MTE	hyp1	News	NaN	17.62751007080078
822	823	en	yor	challenge_SSA-MTE	hyp1	News	NaN	25.064088821411133
823	824	en	yor	challenge_SSA-MTE	hyp1	News	NaN	17.95585060119629
824	825	en	yor	challenge_SSA-MTE	hyp1	News	NaN	25.17034912109375
825	826	en	yor	challenge_SSA-MTE	hyp1	News	NaN	13.839282035827637
826	827	en	yor	challenge_SSA-MTE	hyp1	News	NaN	31.552490234375
827	828	en	yor	challenge_SSA-MTE	hyp1	News	NaN	22.210451126098633
828	829	en	yor	challenge_SSA-MTE	hyp1	News	NaN	20.428510665893555
829	830	en	yor	challenge_SSA-MTE	hyp1	News	NaN	32.56332015991211
830	831	en	yor	challenge_SSA-MTE	hyp1	News	NaN	23.514842987060547
831	832	en	yor	challenge_SSA-MTE	hyp1	News	NaN	30.809803009033203
832	833	en	yor	challenge_SSA-MTE	hyp1	News	NaN	24.719697952270508
833	834	en	yor	challenge_SSA-MTE	hyp1	News	NaN	18.08062744140625
834	835	en	yor	challenge_SSA-MTE	hyp1	News	NaN	20.343242645263672
835	836	en	yor	challenge_SSA-MTE	hyp1	News	NaN	14.774125099182129
836	837	en	yor	challenge_SSA-MTE	hyp1	News	NaN	16.648900985717773
837	838	en	yor	challenge_SSA-MTE	hyp1	News	NaN	18.019699096679688
838	839	en	yor	challenge_SSA-MTE	hyp1	News	NaN	20.10272979736328
839	840	en	yor	challenge_SSA-MTE	hyp1	News	NaN	16.891254425048828
840	841	en	yor	challenge_SSA-MTE	hyp1	News	NaN	16.53944969177246
841	842	en	yor	challenge_SSA-MTE	hyp1	News	NaN	31.345619201660156
842	843	en	yor	challenge_SSA-MTE	hyp1	News	NaN	16.02117156982422
843	844	en	yor	challenge_SSA-MTE	hyp1	News	NaN	28.08389663696289
844	845	en	yor	challenge_SSA-MTE	hyp1	News	NaN	14.865386962890625
845	846	en	yor	challenge_SSA-MTE	hyp1	News	NaN	27.190982818603516
846	847	en	yor	challenge_SSA-MTE	hyp1	News	NaN	29.69740104675293
847	848	en	yor	challenge_SSA-MTE	hyp1	News	NaN	40.03044509887695
848	849	en	yor	challenge_SSA-MTE	hyp1	News	NaN	23.121828079223633
849	850	en	yor	challenge_SSA-MTE	hyp1	News	NaN	38.73063659667969
850	851	en	yor	challenge_SSA-MTE	hyp1	News	NaN	26.440322875976562
851	852	en	yor	challenge_SSA-MTE	hyp1	News	NaN	17.215213775634766
852	853	en	yor	challenge_SSA-MTE	hyp1	News	NaN	24.259613037109375
853	854	en	yor	challenge_SSA-MTE	hyp1	News	NaN	17.725311279296875
854	855	en	yor	challenge_SSA-MTE	hyp1	News	NaN	14.421945571899414
855	856	en	yor	challenge_SSA-MTE	hyp1	News	NaN	17.864707946777344
856	857	en	yor	challenge_SSA-MTE	hyp1	News	NaN	20.626819610595703
857	858	en	yor	challenge_SSA-MTE	hyp1	News	NaN	27.73330307006836
858	859	en	yor	challenge_SSA-MTE	hyp1	News	NaN	33.58070373535156
859	860	en	yor	challenge_SSA-MTE	hyp1	News	NaN	29.915904998779297
860	861	en	yor	challenge_SSA-MTE	hyp1	News	NaN	22.35090446472168
861	862	en	yor	challenge_SSA-MTE	hyp1	News	NaN	33.53467559814453
862	863	en	yor	challenge_SSA-MTE	hyp1	News	NaN	19.378868103027344
863	864	en	yor	challenge_SSA-MTE	hyp1	News	NaN	21.58428382873535
864	865	en	yor	challenge_SSA-MTE	hyp1	News	NaN	22.697513580322266
865	866	en	yor	challenge_SSA-MTE	hyp1	News	NaN	38.81395721435547
866	867	en	yor	challenge_SSA-MTE	hyp1	News	NaN	24.57170867919922
867	868	en	yor	challenge_SSA-MTE	hyp1	News	NaN	43.040252685546875
868	869	en	yor	challenge_SSA-MTE	hyp1	News	NaN	18.94841766357422
869	870	en	yor	challenge_SSA-MTE	hyp1	News	NaN	28.75848388671875
870	871	en	yor	challenge_SSA-MTE	hyp1	News	NaN	27.258636474609375
871	872	en	yor	challenge_SSA-MTE	hyp1	News	NaN	27.370540618896484
872	873	en	yor	challenge_SSA-MTE	hyp1	News	NaN	26.31097412109375
873	874	en	yor	challenge_SSA-MTE	hyp1	News	NaN	29.595388412475586
874	875	en	yor	challenge_SSA-MTE	hyp1	News	NaN	27.770042419433594
875	876	en	yor	challenge_SSA-MTE	hyp1	News	NaN	19.007295608520508
876	877	en	yor	challenge_SSA-MTE	hyp1	News	NaN	29.098770141601562
877	878	en	yor	challenge_SSA-MTE	hyp1	News	NaN	26.417882919311523
878	879	en	yor	challenge_SSA-MTE	hyp1	News	NaN	23.46400260925293
879	880	en	yor	challenge_SSA-MTE	hyp1	News	NaN	34.19135665893555
880	881	en	yor	challenge_SSA-MTE	hyp1	News	NaN	30.54813003540039
881	882	en	yor	challenge_SSA-MTE	hyp1	News	NaN	18.61126708984375
882	883	en	yor	challenge_SSA-MTE	hyp1	News	NaN	28.51616859436035
883	884	en	yor	challenge_SSA-MTE	hyp1	News	NaN	23.91794204711914
884	885	en	yor	challenge_SSA-MTE	hyp1	News	NaN	20.096439361572266
885	886	en	yor	challenge_SSA-MTE	hyp1	News	NaN	27.165224075317383
886	887	en	yor	challenge_SSA-MTE	hyp1	News	NaN	11.368928909301758
887	888	en	yor	challenge_SSA-MTE	hyp1	News	NaN	19.21385955810547
888	889	en	yor	challenge_SSA-MTE	hyp1	News	NaN	12.843999862670898
889	890	en	yor	challenge_SSA-MTE	hyp1	News	NaN	11.511271476745605
890	891	en	yor	challenge_SSA-MTE	hyp1	News	NaN	22.07322120666504
891	892	en	yor	challenge_SSA-MTE	hyp1	News	NaN	24.104000091552734
892	893	en	yor	challenge_SSA-MTE	hyp1	News	NaN	25.9751033782959
893	894	en	yor	challenge_SSA-MTE	hyp1	News	NaN	25.220050811767578
894	895	en	yor	challenge_SSA-MTE	hyp1	News	NaN	22.22179412841797
895	896	en	yor	challenge_SSA-MTE	hyp1	News	NaN	21.089946746826172
896	897	en	yor	challenge_SSA-MTE	hyp1	News	NaN	20.58144760131836
897	898	en	yor	challenge_SSA-MTE	hyp1	News	NaN	21.641845703125
898	899	en	yor	challenge_SSA-MTE	hyp1	News	NaN	14.048803329467773
899	900	en	yor	challenge_SSA-MTE	hyp1	News	NaN	15.288314819335938
900	901	en	yor	challenge_SSA-MTE	hyp1	News	NaN	29.495559692382812
901	902	en	yor	challenge_SSA-MTE	hyp1	News	NaN	14.254132270812988
902	903	en	yor	challenge_SSA-MTE	hyp1	News	NaN	17.704933166503906
903	904	en	yor	challenge_SSA-MTE	hyp1	News	NaN	25.750469207763672
904	905	en	yor	challenge_SSA-MTE	hyp1	News	NaN	16.38397216796875
905	906	en	yor	challenge_SSA-MTE	hyp1	News	NaN	18.638446807861328
906	907	en	yor	challenge_SSA-MTE	hyp1	News	NaN	19.56730842590332
907	908	en	yor	challenge_SSA-MTE	hyp1	News	NaN	16.997241973876953
908	909	en	yor	challenge_SSA-MTE	hyp1	News	NaN	27.903942108154297
909	910	en	yor	challenge_SSA-MTE	hyp1	News	NaN	20.53070640563965
910	911	en	yor	challenge_SSA-MTE	hyp1	News	NaN	29.74966049194336
911	912	en	yor	challenge_SSA-MTE	hyp1	News	NaN	18.79405975341797
912	913	en	yor	challenge_SSA-MTE	hyp1	News	NaN	27.683568954467773
913	914	en	yor	challenge_SSA-MTE	hyp1	News	NaN	17.575742721557617
914	915	en	yor	challenge_SSA-MTE	hyp1	News	NaN	15.117098808288574
915	916	en	yor	challenge_SSA-MTE	hyp1	News	NaN	13.404865264892578
916	917	en	yor	challenge_SSA-MTE	hyp1	News	NaN	19.223243713378906
917	918	en	yor	challenge_SSA-MTE	hyp1	News	NaN	14.940258026123047
918	919	en	yor	challenge_SSA-MTE	hyp1	News	NaN	21.50350570678711
919	920	en	yor	challenge_SSA-MTE	hyp1	News	NaN	17.373319625854492
920	921	en	yor	challenge_SSA-MTE	hyp1	News	NaN	16.887866973876953
921	922	en	yor	challenge_SSA-MTE	hyp1	News	NaN	21.164939880371094
922	923	en	yor	challenge_SSA-MTE	hyp1	News	NaN	19.158493041992188
923	924	en	yor	challenge_SSA-MTE	hyp1	News	NaN	24.072235107421875
924	925	en	yor	challenge_SSA-MTE	hyp1	News	NaN	22.908992767333984
925	926	en	yor	challenge_SSA-MTE	hyp1	News	NaN	16.127323150634766
926	927	en	yor	challenge_SSA-MTE	hyp1	News	NaN	19.894554138183594
927	928	en	yor	challenge_SSA-MTE	hyp1	News	NaN	19.98932647705078
928	929	en	yor	challenge_SSA-MTE	hyp1	News	NaN	20.391685485839844
929	930	en	yor	challenge_SSA-MTE	hyp1	News	NaN	18.735870361328125
930	931	en	yor	challenge_SSA-MTE	hyp1	News	NaN	12.359843254089355
931	932	en	yor	challenge_SSA-MTE	hyp1	News	NaN	18.44576072692871
932	933	en	yor	challenge_SSA-MTE	hyp1	News	NaN	23.652809143066406
933	934	en	yor	challenge_SSA-MTE	hyp1	News	NaN	27.999176025390625
934	935	en	yor	challenge_SSA-MTE	hyp1	News	NaN	18.99230194091797
935	936	en	yor	challenge_SSA-MTE	hyp1	News	NaN	21.02027130126953
936	937	en	yor	challenge_SSA-MTE	hyp1	News	NaN	14.252984046936035
937	938	en	yor	challenge_SSA-MTE	hyp1	News	NaN	19.10774803161621
938	939	en	yor	challenge_SSA-MTE	hyp1	News	NaN	17.612150192260742
939	940	en	yor	challenge_SSA-MTE	hyp1	News	NaN	23.00292205810547
940	941	en	yor	challenge_SSA-MTE	hyp1	News	NaN	22.724353790283203
941	942	en	yor	challenge_SSA-MTE	hyp1	News	NaN	26.660694122314453
942	943	en	yor	challenge_SSA-MTE	hyp1	News	NaN	20.490089416503906
943	944	en	yor	challenge_SSA-MTE	hyp1	News	NaN	20.38128089904785
944	945	en	yor	challenge_SSA-MTE	hyp1	News	NaN	20.624095916748047
945	946	en	yor	challenge_SSA-MTE	hyp1	News	NaN	24.680953979492188
946	947	en	yor	challenge_SSA-MTE	hyp1	News	NaN	21.847200393676758
947	948	en	yor	challenge_SSA-MTE	hyp1	News	NaN	20.91336441040039
948	949	en	yor	challenge_SSA-MTE	hyp1	News	NaN	20.1920108795166
949	950	en	yor	challenge_SSA-MTE	hyp1	News	NaN	24.09001350402832
950	951	en	yor	challenge_SSA-MTE	hyp1	News	NaN	27.085338592529297
951	952	en	yor	challenge_SSA-MTE	hyp1	News	NaN	24.340484619140625
952	953	en	yor	challenge_SSA-MTE	hyp1	News	NaN	19.85837745666504
953	954	en	yor	challenge_SSA-MTE	hyp1	News	NaN	31.413738250732422
954	955	en	yor	challenge_SSA-MTE	hyp1	News	NaN	20.0080509185791
955	956	en	yor	challenge_SSA-MTE	hyp1	News	NaN	19.11813735961914
956	957	en	yor	challenge_SSA-MTE	hyp1	News	NaN	21.124916076660156
957	958	en	yor	challenge_SSA-MTE	hyp1	News	NaN	32.27678680419922
958	959	en	yor	challenge_SSA-MTE	hyp1	News	NaN	22.992626190185547
959	960	en	yor	challenge_SSA-MTE	hyp1	News	NaN	25.41018295288086
960	961	en	yor	challenge_SSA-MTE	hyp1	News	NaN	27.868547439575195
961	962	en	yor	challenge_SSA-MTE	hyp1	News	NaN	14.24560260772705
962	963	en	yor	challenge_SSA-MTE	hyp1	News	NaN	31.363431930541992
963	964	en	yor	challenge_SSA-MTE	hyp1	News	NaN	27.754844665527344
964	965	en	yor	challenge_SSA-MTE	hyp1	News	NaN	15.283415794372559
965	966	en	yor	challenge_SSA-MTE	hyp1	News	NaN	30.45853614807129
966	967	en	yor	challenge_SSA-MTE	hyp1	News	NaN	19.74380874633789
967	968	en	yor	challenge_SSA-MTE	hyp1	News	NaN	22.731426239013672
968	969	en	yor	challenge_SSA-MTE	hyp1	News	NaN	23.90135955810547
969	970	en	yor	challenge_SSA-MTE	hyp1	News	NaN	25.31614875793457
970	971	en	yor	challenge_SSA-MTE	hyp1	News	NaN	18.456016540527344
971	972	en	yor	challenge_SSA-MTE	hyp1	News	NaN	22.813491821289062
972	973	en	yor	challenge_SSA-MTE	hyp1	News	NaN	12.618419647216797
973	974	en	yor	challenge_SSA-MTE	hyp1	News	NaN	15.315412521362305
974	975	en	yor	challenge_SSA-MTE	hyp1	News	NaN	27.6018123626709
975	976	en	yor	challenge_SSA-MTE	hyp1	News	NaN	15.152355194091797
976	977	en	yor	challenge_SSA-MTE	hyp1	News	NaN	28.14446258544922
977	978	en	yor	challenge_SSA-MTE	hyp1	News	NaN	16.67812156677246
978	979	en	yor	challenge_SSA-MTE	hyp1	News	NaN	21.1780948638916
979	980	en	yor	challenge_SSA-MTE	hyp1	News	NaN	21.78725814819336
980	981	en	yor	challenge_SSA-MTE	hyp1	News	NaN	27.070703506469727
981	982	en	yor	challenge_SSA-MTE	hyp1	News	NaN	18.794967651367188
982	983	en	yor	challenge_SSA-MTE	hyp1	News	NaN	20.35147476196289
983	984	en	yor	challenge_SSA-MTE	hyp1	News	NaN	13.914419174194336
984	985	en	yor	challenge_SSA-MTE	hyp1	News	NaN	11.6578369140625
985	986	en	yor	challenge_SSA-MTE	hyp1	News	NaN	30.67136001586914
986	987	en	yor	challenge_SSA-MTE	hyp1	News	NaN	8.641414642333984
987	988	en	yor	challenge_SSA-MTE	hyp1	News	NaN	12.58727741241455
988	989	en	yor	challenge_SSA-MTE	hyp1	News	NaN	27.291200637817383
989	990	en	yor	challenge_SSA-MTE	hyp1	News	NaN	15.182921409606934
990	991	en	yor	challenge_SSA-MTE	hyp1	News	NaN	17.766845703125
991	992	en	yor	challenge_SSA-MTE	hyp1	News	NaN	30.345993041992188
992	993	en	yor	challenge_SSA-MTE	hyp1	News	NaN	27.287961959838867
993	994	en	yor	challenge_SSA-MTE	hyp1	News	NaN	21.962406158447266
994	995	en	yor	challenge_SSA-MTE	hyp1	News	NaN	24.921733856201172
995	996	en	yor	challenge_SSA-MTE	hyp1	News	NaN	16.99003028869629
996	997	en	yor	challenge_SSA-MTE	hyp1	News	NaN	21.772066116333008
997	998	en	yor	challenge_SSA-MTE	hyp1	News	NaN	22.47117805480957
998	999	en	yor	challenge_SSA-MTE	hyp1	News	NaN	20.387191772460938
999	1000	en	yor	challenge_SSA-MTE	hyp1	News	NaN	19.35318946838379
1000	1001	en	yor	challenge_SSA-MTE	hyp1	News	NaN	20.1155948638916
1001	1002	en	yor	challenge_SSA-MTE	hyp1	News	NaN	18.093395233154297
1002	1003	en	yor	challenge_SSA-MTE	hyp1	News	NaN	11.28995418548584
1003	1004	en	yor	challenge_SSA-MTE	hyp1	News	NaN	22.606082916259766
1004	1005	en	yor	challenge_SSA-MTE	hyp1	News	NaN	29.772789001464844
1005	1006	en	yor	challenge_SSA-MTE	hyp1	News	NaN	22.27989387512207
1006	1007	en	yor	challenge_SSA-MTE	hyp1	News	NaN	24.400226593017578
1007	1008	en	yor	challenge_SSA-MTE	hyp1	News	NaN	14.066859245300293
1008	1009	en	yor	challenge_SSA-MTE	hyp1	News	NaN	35.983551025390625
1009	1010	en	yor	challenge_SSA-MTE	hyp1	News	NaN	25.966758728027344
1010	1011	en	yor	challenge_SSA-MTE	hyp1	News	NaN	27.918243408203125
1011	1012	en	yor	challenge_SSA-MTE	hyp1	News	NaN	16.080774307250977
1012	1013	en	yor	challenge_SSA-MTE	hyp1	News	NaN	23.372766494750977
1013	1014	en	yor	challenge_SSA-MTE	hyp1	News	NaN	17.748096466064453
1014	1015	en	yor	challenge_SSA-MTE	hyp1	News	NaN	15.860251426696777
1015	1016	en	yor	challenge_SSA-MTE	hyp1	News	NaN	24.281789779663086
1016	1017	en	yor	challenge_SSA-MTE	hyp1	News	NaN	21.83599853515625
1017	1018	en	yor	challenge_SSA-MTE	hyp1	News	NaN	17.928497314453125
1018	1019	en	yor	challenge_SSA-MTE	hyp1	News	NaN	21.736684799194336
1019	1020	en	yor	challenge_SSA-MTE	hyp1	News	NaN	16.49336814880371
1020	1021	en	yor	challenge_SSA-MTE	hyp1	News	NaN	24.54166030883789
1021	1022	en	yor	challenge_SSA-MTE	hyp1	News	NaN	27.98822021484375
1022	1023	en	yor	challenge_SSA-MTE	hyp1	News	NaN	31.946861267089844
1023	1024	en	yor	challenge_SSA-MTE	hyp1	News	NaN	23.592893600463867
1024	1025	en	yor	challenge_SSA-MTE	hyp1	News	NaN	26.308364868164062
1025	1026	en	yor	challenge_SSA-MTE	hyp1	News	NaN	31.752613067626953
1026	1027	en	yor	challenge_SSA-MTE	hyp1	News	NaN	22.670068740844727
1027	1028	en	yor	challenge_SSA-MTE	hyp1	News	NaN	18.65442657470703
1028	1029	en	yor	challenge_SSA-MTE	hyp1	News	NaN	29.661060333251953
1029	1030	en	yor	challenge_SSA-MTE	hyp1	News	NaN	20.094745635986328
1030	1031	en	yor	challenge_SSA-MTE	hyp1	News	NaN	32.494293212890625
1031	1032	en	yor	challenge_SSA-MTE	hyp1	News	NaN	19.128925323486328
1032	1033	en	yor	challenge_SSA-MTE	hyp1	News	NaN	16.410032272338867
1033	1034	en	yor	challenge_SSA-MTE	hyp1	News	NaN	21.36748695373535
1034	1035	en	yor	challenge_SSA-MTE	hyp1	News	NaN	21.153797149658203
1035	1036	en	yor	challenge_SSA-MTE	hyp1	News	NaN	23.249347686767578
1036	1037	en	yor	challenge_SSA-MTE	hyp1	News	NaN	20.62098503112793
1037	1038	en	yor	challenge_SSA-MTE	hyp1	News	NaN	26.745807647705078
1038	1039	en	yor	challenge_SSA-MTE	hyp1	News	NaN	16.485591888427734
1039	1040	en	yor	challenge_SSA-MTE	hyp1	News	NaN	20.334983825683594
1040	1041	en	yor	challenge_SSA-MTE	hyp1	News	NaN	24.097488403320312
1041	1042	en	yor	challenge_SSA-MTE	hyp1	News	NaN	20.55594253540039
1042	1043	en	yor	challenge_SSA-MTE	hyp1	News	NaN	27.26190185546875
1043	1044	en	yor	challenge_SSA-MTE	hyp1	News	NaN	26.642730712890625
1044	1045	en	yor	challenge_SSA-MTE	hyp1	News	NaN	17.836036682128906
1045	1046	en	yor	challenge_SSA-MTE	hyp1	News	NaN	12.011167526245117
1046	1047	en	yor	challenge_SSA-MTE	hyp1	News	NaN	39.55703353881836
1047	1048	en	yor	challenge_SSA-MTE	hyp1	News	NaN	13.624425888061523
1048	1049	en	yor	challenge_SSA-MTE	hyp1	News	NaN	23.715822219848633
1049	1050	en	yor	challenge_SSA-MTE	hyp1	News	NaN	22.561864852905273
1050	1051	en	yor	challenge_SSA-MTE	hyp1	News	NaN	17.225170135498047
1051	1052	en	yor	challenge_SSA-MTE	hyp1	News	NaN	21.84857940673828
1052	1053	en	yor	challenge_SSA-MTE	hyp1	News	NaN	19.839088439941406
1053	1054	en	yor	challenge_SSA-MTE	hyp1	News	NaN	21.611345291137695
1054	1055	en	yor	challenge_SSA-MTE	hyp1	News	NaN	24.247894287109375
1055	1056	en	yor	challenge_SSA-MTE	hyp1	News	NaN	17.703643798828125
1056	1057	en	yor	challenge_SSA-MTE	hyp1	News	NaN	15.067058563232422
1057	1058	en	yor	challenge_SSA-MTE	hyp1	News	NaN	19.45026397705078
1058	1059	en	yor	challenge_SSA-MTE	hyp1	News	NaN	17.80452537536621
1059	1060	en	yor	challenge_SSA-MTE	hyp1	News	NaN	22.347028732299805
1060	1061	en	yor	challenge_SSA-MTE	hyp1	News	NaN	18.999454498291016
1061	1062	en	yor	challenge_SSA-MTE	hyp1	News	NaN	20.851734161376953
1062	1063	en	yor	challenge_SSA-MTE	hyp1	News	NaN	18.20911407470703
1063	1064	en	yor	challenge_SSA-MTE	hyp1	News	NaN	16.760272979736328
1064	1065	en	yor	challenge_SSA-MTE	hyp1	News	NaN	23.6864070892334
1065	1066	en	yor	challenge_SSA-MTE	hyp1	News	NaN	17.055959701538086
1066	1067	en	yor	challenge_SSA-MTE	hyp1	News	NaN	22.739765167236328
1067	1068	en	yor	challenge_SSA-MTE	hyp1	News	NaN	16.24686050415039
1068	1069	en	yor	challenge_SSA-MTE	hyp1	News	NaN	19.06597900390625
1069	1070	en	yor	challenge_SSA-MTE	hyp1	News	NaN	31.24887466430664
1070	1071	en	yor	challenge_SSA-MTE	hyp1	News	NaN	24.471994400024414
1071	1072	en	yor	challenge_SSA-MTE	hyp1	News	NaN	15.91946029663086
1072	1073	en	yor	challenge_SSA-MTE	hyp1	News	NaN	31.49481964111328
1073	1074	en	yor	challenge_SSA-MTE	hyp1	News	NaN	29.316823959350586
1074	1075	en	yor	challenge_SSA-MTE	hyp1	News	NaN	17.22000503540039
1075	1076	en	yor	challenge_SSA-MTE	hyp1	News	NaN	32.86510467529297
1076	1077	en	yor	challenge_SSA-MTE	hyp1	News	NaN	20.293563842773438
1077	1078	en	yor	challenge_SSA-MTE	hyp1	News	NaN	17.272655487060547
1078	1079	en	yor	challenge_SSA-MTE	hyp1	News	NaN	29.476680755615234
1079	1080	en	yor	challenge_SSA-MTE	hyp1	News	NaN	16.53057861328125
1080	1081	en	yor	challenge_SSA-MTE	hyp1	News	NaN	21.320823669433594
1081	1082	en	yor	challenge_SSA-MTE	hyp1	News	NaN	21.060935974121094
1082	1083	en	yor	challenge_SSA-MTE	hyp1	News	NaN	23.739486694335938
1083	1084	en	yor	challenge_SSA-MTE	hyp1	News	NaN	18.38890838623047
1084	1085	en	yor	challenge_SSA-MTE	hyp1	News	NaN	19.56911277770996
1085	1086	en	yor	challenge_SSA-MTE	hyp1	News	NaN	20.81744956970215
1086	1087	en	yor	challenge_SSA-MTE	hyp1	News	NaN	12.565703392028809
1087	1088	en	yor	challenge_SSA-MTE	hyp1	News	NaN	14.055971145629883
1088	1089	en	yor	challenge_SSA-MTE	hyp1	News	NaN	18.642581939697266
1089	1090	en	yor	challenge_SSA-MTE	hyp1	News	NaN	21.281719207763672
1090	1091	en	yor	challenge_SSA-MTE	hyp1	News	NaN	18.28359603881836
1091	1092	en	yor	challenge_SSA-MTE	hyp1	News	NaN	14.452398300170898
1092	1093	en	yor	challenge_SSA-MTE	hyp1	News	NaN	11.75543212890625
1093	1094	en	yor	challenge_SSA-MTE	hyp1	News	NaN	13.410417556762695
1094	1095	en	yor	challenge_SSA-MTE	hyp1	News	NaN	14.109956741333008
1095	1096	en	yor	challenge_SSA-MTE	hyp1	News	NaN	16.536762237548828
1096	1097	en	yor	challenge_SSA-MTE	hyp1	News	NaN	17.28192901611328
1097	1098	en	yor	challenge_SSA-MTE	hyp1	News	NaN	17.059642791748047
1098	1099	en	yor	challenge_SSA-MTE	hyp1	News	NaN	31.0305233001709
1099	1100	en	yor	challenge_SSA-MTE	hyp1	News	NaN	28.751707077026367
1100	1101	en	yor	challenge_SSA-MTE	hyp1	News	NaN	22.599220275878906
1101	1102	en	yor	challenge_SSA-MTE	hyp1	News	NaN	22.748798370361328
1102	1103	en	yor	challenge_SSA-MTE	hyp1	News	NaN	17.440576553344727
1103	1104	en	yor	challenge_SSA-MTE	hyp1	News	NaN	24.26992416381836
1104	1105	en	yor	challenge_SSA-MTE	hyp1	News	NaN	29.969703674316406
1105	1106	en	yor	challenge_SSA-MTE	hyp1	News	NaN	37.90386962890625
1106	1107	en	yor	challenge_SSA-MTE	hyp1	News	NaN	26.110124588012695
1107	1108	en	yor	challenge_SSA-MTE	hyp1	News	NaN	31.81897735595703
1108	1109	en	yor	challenge_SSA-MTE	hyp1	News	NaN	17.813270568847656
1109	1110	en	yor	challenge_SSA-MTE	hyp1	News	NaN	22.694061279296875
1110	1111	en	yor	challenge_SSA-MTE	hyp1	News	NaN	30.389257431030273
1111	1112	en	yor	challenge_SSA-MTE	hyp1	News	NaN	37.602684020996094
1112	1113	en	yor	challenge_SSA-MTE	hyp1	News	NaN	25.903148651123047
1113	1114	en	yor	challenge_SSA-MTE	hyp1	News	NaN	38.03924560546875
1114	1115	en	yor	challenge_SSA-MTE	hyp1	News	NaN	26.102401733398438
1115	1116	en	yor	challenge_SSA-MTE	hyp1	News	NaN	14.667678833007812
1116	1117	en	yor	challenge_SSA-MTE	hyp1	News	NaN	16.72711181640625
1117	1118	en	yor	challenge_SSA-MTE	hyp1	News	NaN	22.078899383544922
1118	1119	en	yor	challenge_SSA-MTE	hyp1	News	NaN	17.246845245361328
1119	1120	en	yor	challenge_SSA-MTE	hyp1	News	NaN	12.923787117004395
1120	1121	en	yor	challenge_SSA-MTE	hyp1	News	NaN	18.261110305786133
1121	1122	en	yor	challenge_SSA-MTE	hyp1	News	NaN	18.370197296142578
1122	1123	en	yor	challenge_SSA-MTE	hyp1	News	NaN	24.798023223876953
1123	1124	en	yor	challenge_SSA-MTE	hyp1	News	NaN	20.364072799682617
1124	1125	en	yor	challenge_SSA-MTE	hyp1	News	NaN	23.950424194335938
1125	1126	en	yor	challenge_SSA-MTE	hyp1	News	NaN	22.67342758178711
1126	1127	en	yor	challenge_SSA-MTE	hyp1	News	NaN	21.997501373291016
1127	1128	en	yor	challenge_SSA-MTE	hyp1	News	NaN	24.995880126953125
1128	1129	en	yor	challenge_SSA-MTE	hyp1	News	NaN	26.17504119873047
1129	1130	en	yor	challenge_SSA-MTE	hyp1	News	NaN	23.446285247802734
1130	1131	en	yor	challenge_SSA-MTE	hyp1	News	NaN	27.27732276916504
1131	1132	en	yor	challenge_SSA-MTE	hyp1	News	NaN	20.1986141204834
1132	1133	en	yor	challenge_SSA-MTE	hyp1	News	NaN	23.141815185546875
1133	1134	en	yor	challenge_SSA-MTE	hyp1	News	NaN	20.31644630432129
1134	1135	en	yor	challenge_SSA-MTE	hyp1	News	NaN	18.170604705810547
1135	1136	en	yor	challenge_SSA-MTE	hyp1	News	NaN	30.053955078125
1136	1137	en	yor	challenge_SSA-MTE	hyp1	News	NaN	21.614994049072266
1137	1138	en	yor	challenge_SSA-MTE	hyp1	News	NaN	16.89978790283203
1138	1139	en	yor	challenge_SSA-MTE	hyp1	News	NaN	13.07083511352539
1139	1140	en	yor	challenge_SSA-MTE	hyp1	News	NaN	24.73857879638672
1140	1141	en	yor	challenge_SSA-MTE	hyp1	News	NaN	23.308095932006836
1141	1142	en	yor	challenge_SSA-MTE	hyp1	News	NaN	28.514083862304688
1142	1143	en	yor	challenge_SSA-MTE	hyp1	News	NaN	14.341557502746582
1143	1144	en	yor	challenge_SSA-MTE	hyp1	News	NaN	16.727455139160156
1144	1145	en	yor	challenge_SSA-MTE	hyp1	News	NaN	13.994400978088379
1145	1146	en	yor	challenge_SSA-MTE	hyp1	News	NaN	23.254589080810547
1146	1147	en	yor	challenge_SSA-MTE	hyp1	News	NaN	17.09720802307129
1147	1148	en	yor	challenge_SSA-MTE	hyp1	News	NaN	20.260696411132812
1148	1149	en	yor	challenge_SSA-MTE	hyp1	News	NaN	15.136567115783691
1149	1150	en	yor	challenge_SSA-MTE	hyp1	News	NaN	21.622730255126953
1150	1151	en	yor	challenge_SSA-MTE	hyp1	News	NaN	29.050395965576172
1151	1152	en	yor	challenge_SSA-MTE	hyp1	News	NaN	33.861480712890625
1152	1153	en	yor	challenge_SSA-MTE	hyp1	News	NaN	23.081541061401367
1153	1154	en	yor	challenge_SSA-MTE	hyp1	News	NaN	25.64700698852539
1154	1155	en	yor	challenge_SSA-MTE	hyp1	News	NaN	18.89478302001953
1155	1156	en	yor	challenge_SSA-MTE	hyp1	News	NaN	17.18628692626953
1156	1157	en	yor	challenge_SSA-MTE	hyp1	News	NaN	28.211355209350586
1157	1158	en	yor	challenge_SSA-MTE	hyp1	News	NaN	29.603744506835938
1158	1159	en	yor	challenge_SSA-MTE	hyp1	News	NaN	20.560598373413086
1159	1160	en	yor	challenge_SSA-MTE	hyp1	News	NaN	31.358787536621094
1160	1161	en	yor	challenge_SSA-MTE	hyp1	News	NaN	18.696462631225586
1161	1162	en	yor	challenge_SSA-MTE	hyp1	News	NaN	20.65045928955078
1162	1163	en	yor	challenge_SSA-MTE	hyp1	News	NaN	21.747758865356445
1163	1164	en	yor	challenge_SSA-MTE	hyp1	News	NaN	19.151683807373047
1164	1165	en	yor	challenge_SSA-MTE	hyp1	News	NaN	24.041921615600586
1165	1166	en	yor	challenge_SSA-MTE	hyp1	News	NaN	16.133697509765625
1166	1167	en	yor	challenge_SSA-MTE	hyp1	News	NaN	24.401832580566406
1167	1168	en	yor	challenge_SSA-MTE	hyp1	News	NaN	24.652650833129883
1168	1169	en	yor	challenge_SSA-MTE	hyp1	News	NaN	29.364225387573242
1169	1170	en	yor	challenge_SSA-MTE	hyp1	News	NaN	18.279342651367188
1170	1171	en	yor	challenge_SSA-MTE	hyp1	News	NaN	19.175121307373047
1171	1172	en	yor	challenge_SSA-MTE	hyp1	News	NaN	14.525073051452637
1172	1173	en	yor	challenge_SSA-MTE	hyp1	News	NaN	13.38504409790039
1173	1174	en	yor	challenge_SSA-MTE	hyp1	News	NaN	17.79415512084961
1174	1175	en	yor	challenge_SSA-MTE	hyp1	News	NaN	16.211883544921875
1175	1176	en	yor	challenge_SSA-MTE	hyp1	News	NaN	17.903667449951172
1176	1177	en	yor	challenge_SSA-MTE	hyp1	News	NaN	13.225963592529297
1177	1178	en	yor	challenge_SSA-MTE	hyp1	News	NaN	23.722293853759766
1178	1179	en	yor	challenge_SSA-MTE	hyp1	News	NaN	24.333072662353516
1179	1180	en	yor	challenge_SSA-MTE	hyp1	News	NaN	26.495195388793945
1180	1181	en	yor	challenge_SSA-MTE	hyp1	News	NaN	23.71636390686035
1181	1182	en	yor	challenge_SSA-MTE	hyp1	News	NaN	27.6107177734375
1182	1183	en	yor	challenge_SSA-MTE	hyp1	News	NaN	21.02809715270996
1183	1184	en	yor	challenge_SSA-MTE	hyp1	News	NaN	22.23056411743164
1184	1185	en	yor	challenge_SSA-MTE	hyp1	News	NaN	19.91643524169922
1185	1186	en	yor	challenge_SSA-MTE	hyp1	News	NaN	29.74370574951172
1186	1187	en	yor	challenge_SSA-MTE	hyp1	News	NaN	19.795494079589844
1187	1188	en	yor	challenge_SSA-MTE	hyp1	News	NaN	26.036849975585938
1188	1189	en	yor	challenge_SSA-MTE	hyp1	News	NaN	17.482385635375977
1189	1190	en	yor	challenge_SSA-MTE	hyp1	News	NaN	15.512407302856445
1190	1191	en	yor	challenge_SSA-MTE	hyp1	News	NaN	17.497203826904297
1191	1192	en	yor	challenge_SSA-MTE	hyp1	News	NaN	27.832569122314453
1192	1193	en	yor	challenge_SSA-MTE	hyp1	News	NaN	18.795673370361328
1193	1194	en	yor	challenge_SSA-MTE	hyp1	News	NaN	26.687833786010742
1194	1195	en	yor	challenge_SSA-MTE	hyp1	News	NaN	14.18532943725586
1195	1196	en	yor	challenge_SSA-MTE	hyp1	News	NaN	21.015289306640625
1196	1197	en	yor	challenge_SSA-MTE	hyp1	News	NaN	15.074592590332031
1197	1198	en	yor	challenge_SSA-MTE	hyp1	News	NaN	20.13927459716797
1198	1199	en	yor	challenge_SSA-MTE	hyp1	News	NaN	21.706562042236328
1199	1200	en	yor	challenge_SSA-MTE	hyp1	News	NaN	19.431203842163086
1200	1201	en	yor	challenge_SSA-MTE	hyp1	News	NaN	16.590068817138672
1201	1202	en	yor	challenge_SSA-MTE	hyp1	News	NaN	12.98943042755127
1202	1203	en	yor	challenge_SSA-MTE	hyp1	News	NaN	32.055912017822266
1203	1204	en	yor	challenge_SSA-MTE	hyp1	News	NaN	29.328601837158203
1204	1205	en	yor	challenge_SSA-MTE	hyp1	News	NaN	15.942790985107422
1205	1206	en	yor	challenge_SSA-MTE	hyp1	News	NaN	26.953319549560547
0	1	fr	ewe	challenge_SSA-MTE	hyp1	News	NaN	16.833486557006836
1	2	fr	ewe	challenge_SSA-MTE	hyp1	News	NaN	19.93383026123047
2	3	fr	ewe	challenge_SSA-MTE	hyp1	News	NaN	15.093178749084473
3	4	fr	ewe	challenge_SSA-MTE	hyp1	News	NaN	19.10687255859375
4	5	fr	ewe	challenge_SSA-MTE	hyp1	News	NaN	18.215099334716797
5	6	fr	ewe	challenge_SSA-MTE	hyp1	News	NaN	20.267562866210938
6	7	fr	ewe	challenge_SSA-MTE	hyp1	News	NaN	22.75369644165039
7	8	fr	ewe	challenge_SSA-MTE	hyp1	News	NaN	19.17315101623535
8	9	fr	ewe	challenge_SSA-MTE	hyp1	News	NaN	17.994287490844727
9	10	fr	ewe	challenge_SSA-MTE	hyp1	News	NaN	23.10186004638672
10	11	fr	ewe	challenge_SSA-MTE	hyp1	News	NaN	23.572317123413086
11	12	fr	ewe	challenge_SSA-MTE	hyp1	News	NaN	25.57219696044922
12	13	fr	ewe	challenge_SSA-MTE	hyp1	News	NaN	19.181621551513672
13	14	fr	ewe	challenge_SSA-MTE	hyp1	News	NaN	16.80740737915039
14	15	fr	ewe	challenge_SSA-MTE	hyp1	News	NaN	27.30483627319336
15	16	fr	ewe	challenge_SSA-MTE	hyp1	News	NaN	24.781017303466797
16	17	fr	ewe	challenge_SSA-MTE	hyp1	News	NaN	41.385154724121094
17	18	fr	ewe	challenge_SSA-MTE	hyp1	News	NaN	33.06260681152344
18	19	fr	ewe	challenge_SSA-MTE	hyp1	News	NaN	28.69980812072754
19	20	fr	ewe	challenge_SSA-MTE	hyp1	News	NaN	5.886071681976318
20	21	fr	ewe	challenge_SSA-MTE	hyp1	News	NaN	17.34384536743164
21	22	fr	ewe	challenge_SSA-MTE	hyp1	News	NaN	19.537450790405273
22	23	fr	ewe	challenge_SSA-MTE	hyp1	News	NaN	24.94709587097168
23	24	fr	ewe	challenge_SSA-MTE	hyp1	News	NaN	20.52067756652832
24	25	fr	ewe	challenge_SSA-MTE	hyp1	News	NaN	51.68610763549805
25	26	fr	ewe	challenge_SSA-MTE	hyp1	News	NaN	17.06825828552246
26	27	fr	ewe	challenge_SSA-MTE	hyp1	News	NaN	27.642635345458984
27	28	fr	ewe	challenge_SSA-MTE	hyp1	News	NaN	16.47391700744629
28	29	fr	ewe	challenge_SSA-MTE	hyp1	News	NaN	20.98773193359375
29	30	fr	ewe	challenge_SSA-MTE	hyp1	News	NaN	25.938032150268555
30	31	fr	ewe	challenge_SSA-MTE	hyp1	News	NaN	21.330020904541016
31	32	fr	ewe	challenge_SSA-MTE	hyp1	News	NaN	27.110822677612305
32	33	fr	ewe	challenge_SSA-MTE	hyp1	News	NaN	35.59033203125
33	34	fr	ewe	challenge_SSA-MTE	hyp1	News	NaN	18.957054138183594
34	35	fr	ewe	challenge_SSA-MTE	hyp1	News	NaN	15.72690200805664
35	36	fr	ewe	challenge_SSA-MTE	hyp1	News	NaN	24.65715217590332
36	37	fr	ewe	challenge_SSA-MTE	hyp1	News	NaN	20.323265075683594
37	38	fr	ewe	challenge_SSA-MTE	hyp1	News	NaN	23.2855167388916
38	39	fr	ewe	challenge_SSA-MTE	hyp1	News	NaN	22.86026382446289
39	40	fr	ewe	challenge_SSA-MTE	hyp1	News	NaN	23.861774444580078
40	41	fr	ewe	challenge_SSA-MTE	hyp1	News	NaN	24.66398048400879
41	42	fr	ewe	challenge_SSA-MTE	hyp1	News	NaN	14.264528274536133
42	43	fr	ewe	challenge_SSA-MTE	hyp1	News	NaN	19.34387969970703
43	44	fr	ewe	challenge_SSA-MTE	hyp1	News	NaN	14.098891258239746
44	45	fr	ewe	challenge_SSA-MTE	hyp1	News	NaN	31.11341667175293
45	46	fr	ewe	challenge_SSA-MTE	hyp1	News	NaN	23.766647338867188
46	47	fr	ewe	challenge_SSA-MTE	hyp1	News	NaN	19.620555877685547
47	48	fr	ewe	challenge_SSA-MTE	hyp1	News	NaN	24.753707885742188
48	49	fr	ewe	challenge_SSA-MTE	hyp1	News	NaN	28.945261001586914
49	50	fr	ewe	challenge_SSA-MTE	hyp1	News	NaN	21.67779541015625
50	51	fr	ewe	challenge_SSA-MTE	hyp1	News	NaN	33.67559051513672
51	52	fr	ewe	challenge_SSA-MTE	hyp1	News	NaN	29.321691513061523
52	53	fr	ewe	challenge_SSA-MTE	hyp1	News	NaN	24.797285079956055
53	54	fr	ewe	challenge_SSA-MTE	hyp1	News	NaN	23.582767486572266
54	55	fr	ewe	challenge_SSA-MTE	hyp1	News	NaN	14.395750999450684
55	56	fr	ewe	challenge_SSA-MTE	hyp1	News	NaN	16.96721076965332
56	57	fr	ewe	challenge_SSA-MTE	hyp1	News	NaN	24.297935485839844
57	58	fr	ewe	challenge_SSA-MTE	hyp1	News	NaN	15.27777099609375
58	59	fr	ewe	challenge_SSA-MTE	hyp1	News	NaN	20.044288635253906
59	60	fr	ewe	challenge_SSA-MTE	hyp1	News	NaN	17.269765853881836
60	61	fr	ewe	challenge_SSA-MTE	hyp1	News	NaN	16.458717346191406
61	62	fr	ewe	challenge_SSA-MTE	hyp1	News	NaN	18.237960815429688
62	63	fr	ewe	challenge_SSA-MTE	hyp1	News	NaN	12.209959983825684
63	64	fr	ewe	challenge_SSA-MTE	hyp1	News	NaN	47.06103515625
64	65	fr	ewe	challenge_SSA-MTE	hyp1	News	NaN	33.91120147705078
65	66	fr	ewe	challenge_SSA-MTE	hyp1	News	NaN	42.13676452636719
66	67	fr	ewe	challenge_SSA-MTE	hyp1	News	NaN	33.635128021240234
67	68	fr	ewe	challenge_SSA-MTE	hyp1	News	NaN	37.217247009277344
68	69	fr	ewe	challenge_SSA-MTE	hyp1	News	NaN	22.919801712036133
69	70	fr	ewe	challenge_SSA-MTE	hyp1	News	NaN	10.3377685546875
70	71	fr	ewe	challenge_SSA-MTE	hyp1	News	NaN	25.175151824951172
71	72	fr	ewe	challenge_SSA-MTE	hyp1	News	NaN	27.541736602783203
72	73	fr	ewe	challenge_SSA-MTE	hyp1	News	NaN	25.390897750854492
73	74	fr	ewe	challenge_SSA-MTE	hyp1	News	NaN	25.270620346069336
74	75	fr	ewe	challenge_SSA-MTE	hyp1	News	NaN	20.82571029663086
75	76	fr	ewe	challenge_SSA-MTE	hyp1	News	NaN	24.91190528869629
76	77	fr	ewe	challenge_SSA-MTE	hyp1	News	NaN	20.1516170501709
77	78	fr	ewe	challenge_SSA-MTE	hyp1	News	NaN	23.92023468017578
78	79	fr	ewe	challenge_SSA-MTE	hyp1	News	NaN	17.263286590576172
79	80	fr	ewe	challenge_SSA-MTE	hyp1	News	NaN	27.177215576171875
80	81	fr	ewe	challenge_SSA-MTE	hyp1	News	NaN	23.816242218017578
81	82	fr	ewe	challenge_SSA-MTE	hyp1	News	NaN	20.848726272583008
82	83	fr	ewe	challenge_SSA-MTE	hyp1	News	NaN	30.205947875976562
83	84	fr	ewe	challenge_SSA-MTE	hyp1	News	NaN	25.486103057861328
84	85	fr	ewe	challenge_SSA-MTE	hyp1	News	NaN	18.92853546142578
85	86	fr	ewe	challenge_SSA-MTE	hyp1	News	NaN	19.27889633178711
86	87	fr	ewe	challenge_SSA-MTE	hyp1	News	NaN	29.735200881958008
87	88	fr	ewe	challenge_SSA-MTE	hyp1	News	NaN	17.324024200439453
88	89	fr	ewe	challenge_SSA-MTE	hyp1	News	NaN	15.09700870513916
89	90	fr	ewe	challenge_SSA-MTE	hyp1	News	NaN	18.87969398498535
90	91	fr	ewe	challenge_SSA-MTE	hyp1	News	NaN	17.2357177734375
91	92	fr	ewe	challenge_SSA-MTE	hyp1	News	NaN	13.925546646118164
92	93	fr	ewe	challenge_SSA-MTE	hyp1	News	NaN	15.114572525024414
93	94	fr	ewe	challenge_SSA-MTE	hyp1	News	NaN	19.4044189453125
94	95	fr	ewe	challenge_SSA-MTE	hyp1	News	NaN	26.127765655517578
95	96	fr	ewe	challenge_SSA-MTE	hyp1	News	NaN	21.863452911376953
96	97	fr	ewe	challenge_SSA-MTE	hyp1	News	NaN	19.786184310913086
97	98	fr	ewe	challenge_SSA-MTE	hyp1	News	NaN	16.402292251586914
98	99	fr	ewe	challenge_SSA-MTE	hyp1	News	NaN	23.146190643310547
99	100	fr	ewe	challenge_SSA-MTE	hyp1	News	NaN	17.402515411376953
100	101	fr	ewe	challenge_SSA-MTE	hyp1	News	NaN	18.755157470703125
101	102	fr	ewe	challenge_SSA-MTE	hyp1	News	NaN	19.89200210571289
102	103	fr	ewe	challenge_SSA-MTE	hyp1	News	NaN	16.28936195373535
103	104	fr	ewe	challenge_SSA-MTE	hyp1	News	NaN	18.2153263092041
104	105	fr	ewe	challenge_SSA-MTE	hyp1	News	NaN	20.472469329833984
105	106	fr	ewe	challenge_SSA-MTE	hyp1	News	NaN	20.345361709594727
106	107	fr	ewe	challenge_SSA-MTE	hyp1	News	NaN	23.70089340209961
107	108	fr	ewe	challenge_SSA-MTE	hyp1	News	NaN	25.000774383544922
108	109	fr	ewe	challenge_SSA-MTE	hyp1	News	NaN	28.298648834228516
109	110	fr	ewe	challenge_SSA-MTE	hyp1	News	NaN	34.278656005859375
110	111	fr	ewe	challenge_SSA-MTE	hyp1	News	NaN	31.28986167907715
111	112	fr	ewe	challenge_SSA-MTE	hyp1	News	NaN	25.267702102661133
112	113	fr	ewe	challenge_SSA-MTE	hyp1	News	NaN	28.92108726501465
113	114	fr	ewe	challenge_SSA-MTE	hyp1	News	NaN	20.520946502685547
114	115	fr	ewe	challenge_SSA-MTE	hyp1	News	NaN	19.980613708496094
115	116	fr	ewe	challenge_SSA-MTE	hyp1	News	NaN	23.217365264892578
116	117	fr	ewe	challenge_SSA-MTE	hyp1	News	NaN	17.45964813232422
117	118	fr	ewe	challenge_SSA-MTE	hyp1	News	NaN	21.984214782714844
118	119	fr	ewe	challenge_SSA-MTE	hyp1	News	NaN	19.022281646728516
119	120	fr	ewe	challenge_SSA-MTE	hyp1	News	NaN	21.19005584716797
120	121	fr	ewe	challenge_SSA-MTE	hyp1	News	NaN	27.38338279724121
121	122	fr	ewe	challenge_SSA-MTE	hyp1	News	NaN	21.4632568359375
122	123	fr	ewe	challenge_SSA-MTE	hyp1	News	NaN	26.61780548095703
123	124	fr	ewe	challenge_SSA-MTE	hyp1	News	NaN	20.337976455688477
124	125	fr	ewe	challenge_SSA-MTE	hyp1	News	NaN	16.127498626708984
125	126	fr	ewe	challenge_SSA-MTE	hyp1	News	NaN	15.711519241333008
126	127	fr	ewe	challenge_SSA-MTE	hyp1	News	NaN	14.105609893798828
127	128	fr	ewe	challenge_SSA-MTE	hyp1	News	NaN	15.565984725952148
128	129	fr	ewe	challenge_SSA-MTE	hyp1	News	NaN	16.991004943847656
129	130	fr	ewe	challenge_SSA-MTE	hyp1	News	NaN	24.669254302978516
130	131	fr	ewe	challenge_SSA-MTE	hyp1	News	NaN	18.665531158447266
131	132	fr	ewe	challenge_SSA-MTE	hyp1	News	NaN	19.88370704650879
132	133	fr	ewe	challenge_SSA-MTE	hyp1	News	NaN	21.410892486572266
133	134	fr	ewe	challenge_SSA-MTE	hyp1	News	NaN	22.360607147216797
134	135	fr	ewe	challenge_SSA-MTE	hyp1	News	NaN	23.41946029663086
135	136	fr	ewe	challenge_SSA-MTE	hyp1	News	NaN	19.837615966796875
136	137	fr	ewe	challenge_SSA-MTE	hyp1	News	NaN	28.56161880493164
137	138	fr	ewe	challenge_SSA-MTE	hyp1	News	NaN	19.544050216674805
138	139	fr	ewe	challenge_SSA-MTE	hyp1	News	NaN	24.11324691772461
139	140	fr	ewe	challenge_SSA-MTE	hyp1	News	NaN	30.925010681152344
140	141	fr	ewe	challenge_SSA-MTE	hyp1	News	NaN	23.299190521240234
141	142	fr	ewe	challenge_SSA-MTE	hyp1	News	NaN	24.62221908569336
142	143	fr	ewe	challenge_SSA-MTE	hyp1	News	NaN	23.1584529876709
143	144	fr	ewe	challenge_SSA-MTE	hyp1	News	NaN	20.713199615478516
144	145	fr	ewe	challenge_SSA-MTE	hyp1	News	NaN	21.887264251708984
145	146	fr	ewe	challenge_SSA-MTE	hyp1	News	NaN	17.846033096313477
146	147	fr	ewe	challenge_SSA-MTE	hyp1	News	NaN	22.20102310180664
147	148	fr	ewe	challenge_SSA-MTE	hyp1	News	NaN	22.118057250976562
148	149	fr	ewe	challenge_SSA-MTE	hyp1	News	NaN	25.100929260253906
149	150	fr	ewe	challenge_SSA-MTE	hyp1	News	NaN	21.308982849121094
150	151	fr	ewe	challenge_SSA-MTE	hyp1	News	NaN	19.242267608642578
151	152	fr	ewe	challenge_SSA-MTE	hyp1	News	NaN	16.792049407958984
152	153	fr	ewe	challenge_SSA-MTE	hyp1	News	NaN	20.04425811767578
153	154	fr	ewe	challenge_SSA-MTE	hyp1	News	NaN	22.23036766052246
154	155	fr	ewe	challenge_SSA-MTE	hyp1	News	NaN	16.95543670654297
155	156	fr	ewe	challenge_SSA-MTE	hyp1	News	NaN	18.52562713623047
156	157	fr	ewe	challenge_SSA-MTE	hyp1	News	NaN	18.467308044433594
157	158	fr	ewe	challenge_SSA-MTE	hyp1	News	NaN	13.500741004943848
158	159	fr	ewe	challenge_SSA-MTE	hyp1	News	NaN	17.47795867919922
159	160	fr	ewe	challenge_SSA-MTE	hyp1	News	NaN	20.067855834960938
160	161	fr	ewe	challenge_SSA-MTE	hyp1	News	NaN	21.260738372802734
161	162	fr	ewe	challenge_SSA-MTE	hyp1	News	NaN	17.600317001342773
162	163	fr	ewe	challenge_SSA-MTE	hyp1	News	NaN	19.740802764892578
163	164	fr	ewe	challenge_SSA-MTE	hyp1	News	NaN	29.443923950195312
164	165	fr	ewe	challenge_SSA-MTE	hyp1	News	NaN	20.0839900970459
165	166	fr	ewe	challenge_SSA-MTE	hyp1	News	NaN	32.77286911010742
166	167	fr	ewe	challenge_SSA-MTE	hyp1	News	NaN	19.424407958984375
167	168	fr	ewe	challenge_SSA-MTE	hyp1	News	NaN	27.27949333190918
168	169	fr	ewe	challenge_SSA-MTE	hyp1	News	NaN	21.83824920654297
169	170	fr	ewe	challenge_SSA-MTE	hyp1	News	NaN	16.741565704345703
170	171	fr	ewe	challenge_SSA-MTE	hyp1	News	NaN	24.44012451171875
171	172	fr	ewe	challenge_SSA-MTE	hyp1	News	NaN	17.51720428466797
172	173	fr	ewe	challenge_SSA-MTE	hyp1	News	NaN	18.627307891845703
173	174	fr	ewe	challenge_SSA-MTE	hyp1	News	NaN	25.981937408447266
174	175	fr	ewe	challenge_SSA-MTE	hyp1	News	NaN	20.852508544921875
175	176	fr	ewe	challenge_SSA-MTE	hyp1	News	NaN	22.510456085205078
176	177	fr	ewe	challenge_SSA-MTE	hyp1	News	NaN	16.08384895324707
177	178	fr	ewe	challenge_SSA-MTE	hyp1	News	NaN	17.257247924804688
178	179	fr	ewe	challenge_SSA-MTE	hyp1	News	NaN	15.28271484375
179	180	fr	ewe	challenge_SSA-MTE	hyp1	News	NaN	32.03390121459961
180	181	fr	ewe	challenge_SSA-MTE	hyp1	News	NaN	25.78044891357422
181	182	fr	ewe	challenge_SSA-MTE	hyp1	News	NaN	26.293983459472656
182	183	fr	ewe	challenge_SSA-MTE	hyp1	News	NaN	26.972633361816406
183	184	fr	ewe	challenge_SSA-MTE	hyp1	News	NaN	25.487991333007812
184	185	fr	ewe	challenge_SSA-MTE	hyp1	News	NaN	25.605533599853516
185	186	fr	ewe	challenge_SSA-MTE	hyp1	News	NaN	27.409072875976562
186	187	fr	ewe	challenge_SSA-MTE	hyp1	News	NaN	23.20111083984375
187	188	fr	ewe	challenge_SSA-MTE	hyp1	News	NaN	29.760622024536133
188	189	fr	ewe	challenge_SSA-MTE	hyp1	News	NaN	24.721054077148438
189	190	fr	ewe	challenge_SSA-MTE	hyp1	News	NaN	23.736783981323242
190	191	fr	ewe	challenge_SSA-MTE	hyp1	News	NaN	24.45391082763672
191	192	fr	ewe	challenge_SSA-MTE	hyp1	News	NaN	26.271678924560547
192	193	fr	ewe	challenge_SSA-MTE	hyp1	News	NaN	4.518550395965576
193	194	fr	ewe	challenge_SSA-MTE	hyp1	News	NaN	21.386226654052734
194	195	fr	ewe	challenge_SSA-MTE	hyp1	News	NaN	21.885417938232422
195	196	fr	ewe	challenge_SSA-MTE	hyp1	News	NaN	17.092233657836914
196	197	fr	ewe	challenge_SSA-MTE	hyp1	News	NaN	18.89484405517578
197	198	fr	ewe	challenge_SSA-MTE	hyp1	News	NaN	22.860275268554688
198	199	fr	ewe	challenge_SSA-MTE	hyp1	News	NaN	27.36394691467285
199	200	fr	ewe	challenge_SSA-MTE	hyp1	News	NaN	26.781978607177734
200	201	fr	ewe	challenge_SSA-MTE	hyp1	News	NaN	25.623226165771484
201	202	fr	ewe	challenge_SSA-MTE	hyp1	News	NaN	20.915660858154297
202	203	fr	ewe	challenge_SSA-MTE	hyp1	News	NaN	21.13348388671875
203	204	fr	ewe	challenge_SSA-MTE	hyp1	News	NaN	24.53888511657715
204	205	fr	ewe	challenge_SSA-MTE	hyp1	News	NaN	17.985715866088867
205	206	fr	ewe	challenge_SSA-MTE	hyp1	News	NaN	23.66461944580078
206	207	fr	ewe	challenge_SSA-MTE	hyp1	News	NaN	17.45627212524414
207	208	fr	ewe	challenge_SSA-MTE	hyp1	News	NaN	17.745052337646484
208	209	fr	ewe	challenge_SSA-MTE	hyp1	News	NaN	18.91035270690918
209	210	fr	ewe	challenge_SSA-MTE	hyp1	News	NaN	20.37857437133789
210	211	fr	ewe	challenge_SSA-MTE	hyp1	News	NaN	24.291038513183594
211	212	fr	ewe	challenge_SSA-MTE	hyp1	News	NaN	16.25005531311035
212	213	fr	ewe	challenge_SSA-MTE	hyp1	News	NaN	22.47549819946289
213	214	fr	ewe	challenge_SSA-MTE	hyp1	News	NaN	18.260976791381836
214	215	fr	ewe	challenge_SSA-MTE	hyp1	News	NaN	16.482357025146484
215	216	fr	ewe	challenge_SSA-MTE	hyp1	News	NaN	17.220169067382812
216	217	fr	ewe	challenge_SSA-MTE	hyp1	News	NaN	23.231510162353516
217	218	fr	ewe	challenge_SSA-MTE	hyp1	News	NaN	24.619426727294922
218	219	fr	ewe	challenge_SSA-MTE	hyp1	News	NaN	22.073062896728516
219	220	fr	ewe	challenge_SSA-MTE	hyp1	News	NaN	29.82683563232422
220	221	fr	ewe	challenge_SSA-MTE	hyp1	News	NaN	22.982820510864258
221	222	fr	ewe	challenge_SSA-MTE	hyp1	News	NaN	13.936564445495605
222	223	fr	ewe	challenge_SSA-MTE	hyp1	News	NaN	12.580607414245605
223	224	fr	ewe	challenge_SSA-MTE	hyp1	News	NaN	14.978862762451172
224	225	fr	ewe	challenge_SSA-MTE	hyp1	News	NaN	19.881954193115234
225	226	fr	ewe	challenge_SSA-MTE	hyp1	News	NaN	20.00206756591797
226	227	fr	ewe	challenge_SSA-MTE	hyp1	News	NaN	18.6571102142334
227	228	fr	ewe	challenge_SSA-MTE	hyp1	News	NaN	19.547897338867188
228	229	fr	ewe	challenge_SSA-MTE	hyp1	News	NaN	21.323894500732422
229	230	fr	ewe	challenge_SSA-MTE	hyp1	News	NaN	23.907127380371094
230	231	fr	ewe	challenge_SSA-MTE	hyp1	News	NaN	20.75460433959961
231	232	fr	ewe	challenge_SSA-MTE	hyp1	News	NaN	22.986167907714844
232	233	fr	ewe	challenge_SSA-MTE	hyp1	News	NaN	23.488901138305664
233	234	fr	ewe	challenge_SSA-MTE	hyp1	News	NaN	23.68150520324707
234	235	fr	ewe	challenge_SSA-MTE	hyp1	News	NaN	19.79893684387207
235	236	fr	ewe	challenge_SSA-MTE	hyp1	News	NaN	14.82691478729248
236	237	fr	ewe	challenge_SSA-MTE	hyp1	News	NaN	12.573183059692383
237	238	fr	ewe	challenge_SSA-MTE	hyp1	News	NaN	17.791366577148438
238	239	fr	ewe	challenge_SSA-MTE	hyp1	News	NaN	16.504085540771484
239	240	fr	ewe	challenge_SSA-MTE	hyp1	News	NaN	18.834531784057617
240	241	fr	ewe	challenge_SSA-MTE	hyp1	News	NaN	22.135391235351562
241	242	fr	ewe	challenge_SSA-MTE	hyp1	News	NaN	21.903066635131836
242	243	fr	ewe	challenge_SSA-MTE	hyp1	News	NaN	25.873777389526367
243	244	fr	ewe	challenge_SSA-MTE	hyp1	News	NaN	24.900196075439453
244	245	fr	ewe	challenge_SSA-MTE	hyp1	News	NaN	24.483375549316406
245	246	fr	ewe	challenge_SSA-MTE	hyp1	News	NaN	24.854473114013672
246	247	fr	ewe	challenge_SSA-MTE	hyp1	News	NaN	18.35721206665039
247	248	fr	ewe	challenge_SSA-MTE	hyp1	News	NaN	17.940980911254883
248	249	fr	ewe	challenge_SSA-MTE	hyp1	News	NaN	23.740209579467773
249	250	fr	ewe	challenge_SSA-MTE	hyp1	News	NaN	24.20602035522461
250	251	fr	ewe	challenge_SSA-MTE	hyp1	News	NaN	25.857141494750977
251	252	fr	ewe	challenge_SSA-MTE	hyp1	News	NaN	23.657602310180664
252	253	fr	ewe	challenge_SSA-MTE	hyp1	News	NaN	27.34333038330078
253	254	fr	ewe	challenge_SSA-MTE	hyp1	News	NaN	22.455162048339844
254	255	fr	ewe	challenge_SSA-MTE	hyp1	News	NaN	23.63019561767578
255	256	fr	ewe	challenge_SSA-MTE	hyp1	News	NaN	23.239347457885742
256	257	fr	ewe	challenge_SSA-MTE	hyp1	News	NaN	24.909717559814453
257	258	fr	ewe	challenge_SSA-MTE	hyp1	News	NaN	20.513961791992188
258	259	fr	ewe	challenge_SSA-MTE	hyp1	News	NaN	24.155027389526367
259	260	fr	ewe	challenge_SSA-MTE	hyp1	News	NaN	21.89569854736328
260	261	fr	ewe	challenge_SSA-MTE	hyp1	News	NaN	25.840953826904297
261	262	fr	ewe	challenge_SSA-MTE	hyp1	News	NaN	25.216684341430664
262	263	fr	ewe	challenge_SSA-MTE	hyp1	News	NaN	26.363685607910156
263	264	fr	ewe	challenge_SSA-MTE	hyp1	News	NaN	36.011871337890625
264	265	fr	ewe	challenge_SSA-MTE	hyp1	News	NaN	20.651111602783203
265	266	fr	ewe	challenge_SSA-MTE	hyp1	News	NaN	23.8239688873291
266	267	fr	ewe	challenge_SSA-MTE	hyp1	News	NaN	21.032535552978516
267	268	fr	ewe	challenge_SSA-MTE	hyp1	News	NaN	23.628515243530273
268	269	fr	ewe	challenge_SSA-MTE	hyp1	News	NaN	29.83488655090332
269	270	fr	ewe	challenge_SSA-MTE	hyp1	News	NaN	26.878583908081055
270	271	fr	ewe	challenge_SSA-MTE	hyp1	News	NaN	17.483585357666016
271	272	fr	ewe	challenge_SSA-MTE	hyp1	News	NaN	24.4290714263916
272	273	fr	ewe	challenge_SSA-MTE	hyp1	News	NaN	25.041839599609375
273	274	fr	ewe	challenge_SSA-MTE	hyp1	News	NaN	24.782766342163086
274	275	fr	ewe	challenge_SSA-MTE	hyp1	News	NaN	14.451420783996582
275	276	fr	ewe	challenge_SSA-MTE	hyp1	News	NaN	18.037799835205078
276	277	fr	ewe	challenge_SSA-MTE	hyp1	News	NaN	18.77630615234375
277	278	fr	ewe	challenge_SSA-MTE	hyp1	News	NaN	19.608234405517578
278	279	fr	ewe	challenge_SSA-MTE	hyp1	News	NaN	18.937572479248047
279	280	fr	ewe	challenge_SSA-MTE	hyp1	News	NaN	22.677227020263672
280	281	fr	ewe	challenge_SSA-MTE	hyp1	News	NaN	18.22438621520996
281	282	fr	ewe	challenge_SSA-MTE	hyp1	News	NaN	16.90004539489746
282	283	fr	ewe	challenge_SSA-MTE	hyp1	News	NaN	18.50668716430664
283	284	fr	ewe	challenge_SSA-MTE	hyp1	News	NaN	13.044878005981445
284	285	fr	ewe	challenge_SSA-MTE	hyp1	News	NaN	18.1499080657959
285	286	fr	ewe	challenge_SSA-MTE	hyp1	News	NaN	26.544517517089844
286	287	fr	ewe	challenge_SSA-MTE	hyp1	News	NaN	23.97473907470703
287	288	fr	ewe	challenge_SSA-MTE	hyp1	News	NaN	23.827808380126953
288	289	fr	ewe	challenge_SSA-MTE	hyp1	News	NaN	27.452247619628906
289	290	fr	ewe	challenge_SSA-MTE	hyp1	News	NaN	23.06635856628418
290	291	fr	ewe	challenge_SSA-MTE	hyp1	News	NaN	23.563880920410156
291	292	fr	ewe	challenge_SSA-MTE	hyp1	News	NaN	25.924625396728516
292	293	fr	ewe	challenge_SSA-MTE	hyp1	News	NaN	22.153329849243164
293	294	fr	ewe	challenge_SSA-MTE	hyp1	News	NaN	21.615270614624023
294	295	fr	ewe	challenge_SSA-MTE	hyp1	News	NaN	22.725927352905273
295	296	fr	ewe	challenge_SSA-MTE	hyp1	News	NaN	21.074851989746094
296	297	fr	ewe	challenge_SSA-MTE	hyp1	News	NaN	23.72635269165039
297	298	fr	ewe	challenge_SSA-MTE	hyp1	News	NaN	20.963577270507812
298	299	fr	ewe	challenge_SSA-MTE	hyp1	News	NaN	21.869516372680664
299	300	fr	ewe	challenge_SSA-MTE	hyp1	News	NaN	23.999691009521484
300	301	fr	ewe	challenge_SSA-MTE	hyp1	News	NaN	14.906488418579102
301	302	fr	ewe	challenge_SSA-MTE	hyp1	News	NaN	21.85774803161621
302	303	fr	ewe	challenge_SSA-MTE	hyp1	News	NaN	26.05828094482422
303	304	fr	ewe	challenge_SSA-MTE	hyp1	News	NaN	18.82006072998047
304	305	fr	ewe	challenge_SSA-MTE	hyp1	News	NaN	24.54623794555664
305	306	fr	ewe	challenge_SSA-MTE	hyp1	News	NaN	22.59381103515625
306	307	fr	ewe	challenge_SSA-MTE	hyp1	News	NaN	20.578731536865234
307	308	fr	ewe	challenge_SSA-MTE	hyp1	News	NaN	24.572473526000977
308	309	fr	ewe	challenge_SSA-MTE	hyp1	News	NaN	22.012954711914062
309	310	fr	ewe	challenge_SSA-MTE	hyp1	News	NaN	22.312774658203125
310	311	fr	ewe	challenge_SSA-MTE	hyp1	News	NaN	25.602258682250977
311	312	fr	ewe	challenge_SSA-MTE	hyp1	News	NaN	19.81536102294922
312	313	fr	ewe	challenge_SSA-MTE	hyp1	News	NaN	20.995267868041992
313	314	fr	ewe	challenge_SSA-MTE	hyp1	News	NaN	19.320358276367188
314	315	fr	ewe	challenge_SSA-MTE	hyp1	News	NaN	19.194063186645508
315	316	fr	ewe	challenge_SSA-MTE	hyp1	News	NaN	25.4873046875
316	317	fr	ewe	challenge_SSA-MTE	hyp1	News	NaN	26.837717056274414
317	318	fr	ewe	challenge_SSA-MTE	hyp1	News	NaN	13.58333969116211
318	319	fr	ewe	challenge_SSA-MTE	hyp1	News	NaN	17.846494674682617
319	320	fr	ewe	challenge_SSA-MTE	hyp1	News	NaN	24.137725830078125
320	321	fr	ewe	challenge_SSA-MTE	hyp1	News	NaN	32.16255569458008
321	322	fr	ewe	challenge_SSA-MTE	hyp1	News	NaN	27.895212173461914
322	323	fr	ewe	challenge_SSA-MTE	hyp1	News	NaN	21.89147186279297
323	324	fr	ewe	challenge_SSA-MTE	hyp1	News	NaN	15.6063232421875
324	325	fr	ewe	challenge_SSA-MTE	hyp1	News	NaN	15.06065559387207
325	326	fr	ewe	challenge_SSA-MTE	hyp1	News	NaN	17.042509078979492
326	327	fr	ewe	challenge_SSA-MTE	hyp1	News	NaN	15.805618286132812
327	328	fr	ewe	challenge_SSA-MTE	hyp1	News	NaN	25.965087890625
328	329	fr	ewe	challenge_SSA-MTE	hyp1	News	NaN	21.29783058166504
329	330	fr	ewe	challenge_SSA-MTE	hyp1	News	NaN	17.669097900390625
330	331	fr	ewe	challenge_SSA-MTE	hyp1	News	NaN	18.90481948852539
331	332	fr	ewe	challenge_SSA-MTE	hyp1	News	NaN	20.28936767578125
332	333	fr	ewe	challenge_SSA-MTE	hyp1	News	NaN	18.853843688964844
333	334	fr	ewe	challenge_SSA-MTE	hyp1	News	NaN	17.789140701293945
334	335	fr	ewe	challenge_SSA-MTE	hyp1	News	NaN	27.214656829833984
335	336	fr	ewe	challenge_SSA-MTE	hyp1	News	NaN	23.594234466552734
336	337	fr	ewe	challenge_SSA-MTE	hyp1	News	NaN	23.720470428466797
337	338	fr	ewe	challenge_SSA-MTE	hyp1	News	NaN	30.852924346923828
338	339	fr	ewe	challenge_SSA-MTE	hyp1	News	NaN	24.426639556884766
339	340	fr	ewe	challenge_SSA-MTE	hyp1	News	NaN	17.96712875366211
340	341	fr	ewe	challenge_SSA-MTE	hyp1	News	NaN	21.116498947143555
341	342	fr	ewe	challenge_SSA-MTE	hyp1	News	NaN	20.71114730834961
342	343	fr	ewe	challenge_SSA-MTE	hyp1	News	NaN	18.15243911743164
343	344	fr	ewe	challenge_SSA-MTE	hyp1	News	NaN	19.570098876953125
344	345	fr	ewe	challenge_SSA-MTE	hyp1	News	NaN	18.463804244995117
345	346	fr	ewe	challenge_SSA-MTE	hyp1	News	NaN	18.536518096923828
346	347	fr	ewe	challenge_SSA-MTE	hyp1	News	NaN	18.781997680664062
347	348	fr	ewe	challenge_SSA-MTE	hyp1	News	NaN	22.53569793701172
348	349	fr	ewe	challenge_SSA-MTE	hyp1	News	NaN	20.735628128051758
349	350	fr	ewe	challenge_SSA-MTE	hyp1	News	NaN	11.594977378845215
350	351	fr	ewe	challenge_SSA-MTE	hyp1	News	NaN	17.93305778503418
351	352	fr	ewe	challenge_SSA-MTE	hyp1	News	NaN	17.183177947998047
352	353	fr	ewe	challenge_SSA-MTE	hyp1	News	NaN	24.099048614501953
353	354	fr	ewe	challenge_SSA-MTE	hyp1	News	NaN	23.19938850402832
354	355	fr	ewe	challenge_SSA-MTE	hyp1	News	NaN	21.017711639404297
355	356	fr	ewe	challenge_SSA-MTE	hyp1	News	NaN	24.570396423339844
356	357	fr	ewe	challenge_SSA-MTE	hyp1	News	NaN	22.667888641357422
357	358	fr	ewe	challenge_SSA-MTE	hyp1	News	NaN	28.003494262695312
358	359	fr	ewe	challenge_SSA-MTE	hyp1	News	NaN	23.73802947998047
359	360	fr	ewe	challenge_SSA-MTE	hyp1	News	NaN	19.033039093017578
360	361	fr	ewe	challenge_SSA-MTE	hyp1	News	NaN	18.163740158081055
361	362	fr	ewe	challenge_SSA-MTE	hyp1	News	NaN	18.26274871826172
362	363	fr	ewe	challenge_SSA-MTE	hyp1	News	NaN	18.785287857055664
363	364	fr	ewe	challenge_SSA-MTE	hyp1	News	NaN	19.50112533569336
364	365	fr	ewe	challenge_SSA-MTE	hyp1	News	NaN	24.356887817382812
365	366	fr	ewe	challenge_SSA-MTE	hyp1	News	NaN	21.157501220703125
366	367	fr	ewe	challenge_SSA-MTE	hyp1	News	NaN	18.24360466003418
367	368	fr	ewe	challenge_SSA-MTE	hyp1	News	NaN	23.358640670776367
368	369	fr	ewe	challenge_SSA-MTE	hyp1	News	NaN	25.139724731445312
369	370	fr	ewe	challenge_SSA-MTE	hyp1	News	NaN	23.051054000854492
370	371	fr	ewe	challenge_SSA-MTE	hyp1	News	NaN	22.031442642211914
371	372	fr	ewe	challenge_SSA-MTE	hyp1	News	NaN	24.2208194732666
372	373	fr	ewe	challenge_SSA-MTE	hyp1	News	NaN	15.955642700195312
373	374	fr	ewe	challenge_SSA-MTE	hyp1	News	NaN	15.105598449707031
374	375	fr	ewe	challenge_SSA-MTE	hyp1	News	NaN	22.545528411865234
375	376	fr	ewe	challenge_SSA-MTE	hyp1	News	NaN	17.63287925720215
376	377	fr	ewe	challenge_SSA-MTE	hyp1	News	NaN	20.755558013916016
377	378	fr	ewe	challenge_SSA-MTE	hyp1	News	NaN	24.2570743560791
378	379	fr	ewe	challenge_SSA-MTE	hyp1	News	NaN	23.157669067382812
379	380	fr	ewe	challenge_SSA-MTE	hyp1	News	NaN	26.32050323486328
380	381	fr	ewe	challenge_SSA-MTE	hyp1	News	NaN	21.1539249420166
381	382	fr	ewe	challenge_SSA-MTE	hyp1	News	NaN	22.839109420776367
382	383	fr	ewe	challenge_SSA-MTE	hyp1	News	NaN	19.970911026000977
383	384	fr	ewe	challenge_SSA-MTE	hyp1	News	NaN	18.237194061279297
384	385	fr	ewe	challenge_SSA-MTE	hyp1	News	NaN	24.588424682617188
385	386	fr	ewe	challenge_SSA-MTE	hyp1	News	NaN	27.26070213317871
386	387	fr	ewe	challenge_SSA-MTE	hyp1	News	NaN	14.75400447845459
387	388	fr	ewe	challenge_SSA-MTE	hyp1	News	NaN	24.51700210571289
388	389	fr	ewe	challenge_SSA-MTE	hyp1	News	NaN	23.41876220703125
389	390	fr	ewe	challenge_SSA-MTE	hyp1	News	NaN	25.852054595947266
390	391	fr	ewe	challenge_SSA-MTE	hyp1	News	NaN	22.503028869628906
391	392	fr	ewe	challenge_SSA-MTE	hyp1	News	NaN	24.386913299560547
392	393	fr	ewe	challenge_SSA-MTE	hyp1	News	NaN	25.6910457611084
393	394	fr	ewe	challenge_SSA-MTE	hyp1	News	NaN	22.912521362304688
394	395	fr	ewe	challenge_SSA-MTE	hyp1	News	NaN	22.853206634521484
395	396	fr	ewe	challenge_SSA-MTE	hyp1	News	NaN	25.205556869506836
396	397	fr	ewe	challenge_SSA-MTE	hyp1	News	NaN	34.28602600097656
397	398	fr	ewe	challenge_SSA-MTE	hyp1	News	NaN	24.747817993164062
398	399	fr	ewe	challenge_SSA-MTE	hyp1	News	NaN	18.662368774414062
399	400	fr	ewe	challenge_SSA-MTE	hyp1	News	NaN	16.43036651611328
400	401	fr	ewe	challenge_SSA-MTE	hyp1	News	NaN	20.796051025390625
401	402	fr	ewe	challenge_SSA-MTE	hyp1	News	NaN	19.969850540161133
402	403	fr	ewe	challenge_SSA-MTE	hyp1	News	NaN	22.505126953125
403	404	fr	ewe	challenge_SSA-MTE	hyp1	News	NaN	23.346412658691406
404	405	fr	ewe	challenge_SSA-MTE	hyp1	News	NaN	28.462915420532227
405	406	fr	ewe	challenge_SSA-MTE	hyp1	News	NaN	22.22443199157715
406	407	fr	ewe	challenge_SSA-MTE	hyp1	News	NaN	24.70316505432129
407	408	fr	ewe	challenge_SSA-MTE	hyp1	News	NaN	29.047828674316406
408	409	fr	ewe	challenge_SSA-MTE	hyp1	News	NaN	20.59172821044922
409	410	fr	ewe	challenge_SSA-MTE	hyp1	News	NaN	24.159809112548828
410	411	fr	ewe	challenge_SSA-MTE	hyp1	News	NaN	5.680398464202881
411	412	fr	ewe	challenge_SSA-MTE	hyp1	News	NaN	27.141071319580078
412	413	fr	ewe	challenge_SSA-MTE	hyp1	News	NaN	20.22720718383789
413	414	fr	ewe	challenge_SSA-MTE	hyp1	News	NaN	31.179426193237305
414	415	fr	ewe	challenge_SSA-MTE	hyp1	News	NaN	22.338842391967773
415	416	fr	ewe	challenge_SSA-MTE	hyp1	News	NaN	23.496265411376953
416	417	fr	ewe	challenge_SSA-MTE	hyp1	News	NaN	24.461265563964844
417	418	fr	ewe	challenge_SSA-MTE	hyp1	News	NaN	23.961715698242188
418	419	fr	ewe	challenge_SSA-MTE	hyp1	News	NaN	19.649028778076172
419	420	fr	ewe	challenge_SSA-MTE	hyp1	News	NaN	23.161806106567383
420	421	fr	ewe	challenge_SSA-MTE	hyp1	News	NaN	16.468427658081055
421	422	fr	ewe	challenge_SSA-MTE	hyp1	News	NaN	21.896360397338867
422	423	fr	ewe	challenge_SSA-MTE	hyp1	News	NaN	19.84954833984375
423	424	fr	ewe	challenge_SSA-MTE	hyp1	News	NaN	19.08194351196289
424	425	fr	ewe	challenge_SSA-MTE	hyp1	News	NaN	13.774234771728516
425	426	fr	ewe	challenge_SSA-MTE	hyp1	News	NaN	21.192913055419922
426	427	fr	ewe	challenge_SSA-MTE	hyp1	News	NaN	9.907913208007812
427	428	fr	ewe	challenge_SSA-MTE	hyp1	News	NaN	18.984695434570312
428	429	fr	ewe	challenge_SSA-MTE	hyp1	News	NaN	22.726560592651367
429	430	fr	ewe	challenge_SSA-MTE	hyp1	News	NaN	27.64236831665039
430	431	fr	ewe	challenge_SSA-MTE	hyp1	News	NaN	26.793601989746094
431	432	fr	ewe	challenge_SSA-MTE	hyp1	News	NaN	17.056135177612305
432	433	fr	ewe	challenge_SSA-MTE	hyp1	News	NaN	15.38930892944336
433	434	fr	ewe	challenge_SSA-MTE	hyp1	News	NaN	17.548437118530273
434	435	fr	ewe	challenge_SSA-MTE	hyp1	News	NaN	16.774648666381836
435	436	fr	ewe	challenge_SSA-MTE	hyp1	News	NaN	19.690021514892578
436	437	fr	ewe	challenge_SSA-MTE	hyp1	News	NaN	22.962188720703125
437	438	fr	ewe	challenge_SSA-MTE	hyp1	News	NaN	21.570083618164062
438	439	fr	ewe	challenge_SSA-MTE	hyp1	News	NaN	19.641990661621094
439	440	fr	ewe	challenge_SSA-MTE	hyp1	News	NaN	22.279390335083008
440	441	fr	ewe	challenge_SSA-MTE	hyp1	News	NaN	19.04073715209961
441	442	fr	ewe	challenge_SSA-MTE	hyp1	News	NaN	18.368057250976562
442	443	fr	ewe	challenge_SSA-MTE	hyp1	News	NaN	20.896785736083984
443	444	fr	ewe	challenge_SSA-MTE	hyp1	News	NaN	22.774009704589844
444	445	fr	ewe	challenge_SSA-MTE	hyp1	News	NaN	21.395793914794922
445	446	fr	ewe	challenge_SSA-MTE	hyp1	News	NaN	20.4117374420166
446	447	fr	ewe	challenge_SSA-MTE	hyp1	News	NaN	23.784664154052734
447	448	fr	ewe	challenge_SSA-MTE	hyp1	News	NaN	27.803050994873047
448	449	fr	ewe	challenge_SSA-MTE	hyp1	News	NaN	23.524295806884766
449	450	fr	ewe	challenge_SSA-MTE	hyp1	News	NaN	21.774139404296875
450	451	fr	ewe	challenge_SSA-MTE	hyp1	News	NaN	24.029586791992188
451	452	fr	ewe	challenge_SSA-MTE	hyp1	News	NaN	21.16033172607422
452	453	fr	ewe	challenge_SSA-MTE	hyp1	News	NaN	20.933361053466797
453	454	fr	ewe	challenge_SSA-MTE	hyp1	News	NaN	24.18440055847168
454	455	fr	ewe	challenge_SSA-MTE	hyp1	News	NaN	20.01995277404785
455	456	fr	ewe	challenge_SSA-MTE	hyp1	News	NaN	21.974063873291016
456	457	fr	ewe	challenge_SSA-MTE	hyp1	News	NaN	20.632068634033203
457	458	fr	ewe	challenge_SSA-MTE	hyp1	News	NaN	23.62356948852539
458	459	fr	ewe	challenge_SSA-MTE	hyp1	News	NaN	27.309263229370117
459	460	fr	ewe	challenge_SSA-MTE	hyp1	News	NaN	25.794469833374023
460	461	fr	ewe	challenge_SSA-MTE	hyp1	News	NaN	25.720441818237305
461	462	fr	ewe	challenge_SSA-MTE	hyp1	News	NaN	18.70288848876953
462	463	fr	ewe	challenge_SSA-MTE	hyp1	News	NaN	11.550355911254883
463	464	fr	ewe	challenge_SSA-MTE	hyp1	News	NaN	23.886333465576172
464	465	fr	ewe	challenge_SSA-MTE	hyp1	News	NaN	31.126972198486328
465	466	fr	ewe	challenge_SSA-MTE	hyp1	News	NaN	18.84636878967285
466	467	fr	ewe	challenge_SSA-MTE	hyp1	News	NaN	24.69891357421875
467	468	fr	ewe	challenge_SSA-MTE	hyp1	News	NaN	19.28510284423828
468	469	fr	ewe	challenge_SSA-MTE	hyp1	News	NaN	22.403385162353516
469	470	fr	ewe	challenge_SSA-MTE	hyp1	News	NaN	25.301982879638672
470	471	fr	ewe	challenge_SSA-MTE	hyp1	News	NaN	24.497539520263672
471	472	fr	ewe	challenge_SSA-MTE	hyp1	News	NaN	21.38849639892578
472	473	fr	ewe	challenge_SSA-MTE	hyp1	News	NaN	8.833831787109375
473	474	fr	ewe	challenge_SSA-MTE	hyp1	News	NaN	22.883026123046875
474	475	fr	ewe	challenge_SSA-MTE	hyp1	News	NaN	22.186084747314453
475	476	fr	ewe	challenge_SSA-MTE	hyp1	News	NaN	23.636760711669922
476	477	fr	ewe	challenge_SSA-MTE	hyp1	News	NaN	29.09588623046875
477	478	fr	ewe	challenge_SSA-MTE	hyp1	News	NaN	30.10509490966797
478	479	fr	ewe	challenge_SSA-MTE	hyp1	News	NaN	27.627365112304688
479	480	fr	ewe	challenge_SSA-MTE	hyp1	News	NaN	32.2393913269043
480	481	fr	ewe	challenge_SSA-MTE	hyp1	News	NaN	28.12145233154297
481	482	fr	ewe	challenge_SSA-MTE	hyp1	News	NaN	20.322233200073242
482	483	fr	ewe	challenge_SSA-MTE	hyp1	News	NaN	16.873443603515625
483	484	fr	ewe	challenge_SSA-MTE	hyp1	News	NaN	19.488882064819336
484	485	fr	ewe	challenge_SSA-MTE	hyp1	News	NaN	23.401878356933594
485	486	fr	ewe	challenge_SSA-MTE	hyp1	News	NaN	23.245136260986328
486	487	fr	ewe	challenge_SSA-MTE	hyp1	News	NaN	13.707524299621582
487	488	fr	ewe	challenge_SSA-MTE	hyp1	News	NaN	19.687213897705078
488	489	fr	ewe	challenge_SSA-MTE	hyp1	News	NaN	12.579734802246094
489	490	fr	ewe	challenge_SSA-MTE	hyp1	News	NaN	15.39091968536377
490	491	fr	ewe	challenge_SSA-MTE	hyp1	News	NaN	14.911767959594727
491	492	fr	ewe	challenge_SSA-MTE	hyp1	News	NaN	24.6326847076416
492	493	fr	ewe	challenge_SSA-MTE	hyp1	News	NaN	13.815284729003906
493	494	fr	ewe	challenge_SSA-MTE	hyp1	News	NaN	16.976974487304688
494	495	fr	ewe	challenge_SSA-MTE	hyp1	News	NaN	18.345870971679688
495	496	fr	ewe	challenge_SSA-MTE	hyp1	News	NaN	23.805004119873047
496	497	fr	ewe	challenge_SSA-MTE	hyp1	News	NaN	19.17863655090332
497	498	fr	ewe	challenge_SSA-MTE	hyp1	News	NaN	16.61437225341797
498	499	fr	ewe	challenge_SSA-MTE	hyp1	News	NaN	21.83248519897461
499	500	fr	ewe	challenge_SSA-MTE	hyp1	News	NaN	19.603120803833008
500	501	fr	ewe	challenge_SSA-MTE	hyp1	News	NaN	20.84506607055664
501	502	fr	ewe	challenge_SSA-MTE	hyp1	News	NaN	20.868408203125
502	503	fr	ewe	challenge_SSA-MTE	hyp1	News	NaN	21.0323543548584
503	504	fr	ewe	challenge_SSA-MTE	hyp1	News	NaN	18.394607543945312
504	505	fr	ewe	challenge_SSA-MTE	hyp1	News	NaN	21.668956756591797
505	506	fr	ewe	challenge_SSA-MTE	hyp1	News	NaN	17.994041442871094
506	507	fr	ewe	challenge_SSA-MTE	hyp1	News	NaN	18.799142837524414
507	508	fr	ewe	challenge_SSA-MTE	hyp1	News	NaN	18.716495513916016
508	509	fr	ewe	challenge_SSA-MTE	hyp1	News	NaN	21.573474884033203
509	510	fr	ewe	challenge_SSA-MTE	hyp1	News	NaN	17.6202449798584
510	511	fr	ewe	challenge_SSA-MTE	hyp1	News	NaN	19.315021514892578
511	512	fr	ewe	challenge_SSA-MTE	hyp1	News	NaN	20.154151916503906
512	513	fr	ewe	challenge_SSA-MTE	hyp1	News	NaN	16.39178466796875
513	514	fr	ewe	challenge_SSA-MTE	hyp1	News	NaN	19.795236587524414
514	515	fr	ewe	challenge_SSA-MTE	hyp1	News	NaN	22.352190017700195
515	516	fr	ewe	challenge_SSA-MTE	hyp1	News	NaN	22.811927795410156
516	517	fr	ewe	challenge_SSA-MTE	hyp1	News	NaN	19.587993621826172
517	518	fr	ewe	challenge_SSA-MTE	hyp1	News	NaN	21.691009521484375
518	519	fr	ewe	challenge_SSA-MTE	hyp1	News	NaN	7.530009746551514
519	520	fr	ewe	challenge_SSA-MTE	hyp1	News	NaN	20.658679962158203
520	521	fr	ewe	challenge_SSA-MTE	hyp1	News	NaN	24.78839111328125
521	522	fr	ewe	challenge_SSA-MTE	hyp1	News	NaN	20.528453826904297
522	523	fr	ewe	challenge_SSA-MTE	hyp1	News	NaN	26.565963745117188
523	524	fr	ewe	challenge_SSA-MTE	hyp1	News	NaN	23.706336975097656
524	525	fr	ewe	challenge_SSA-MTE	hyp1	News	NaN	22.30419921875
525	526	fr	ewe	challenge_SSA-MTE	hyp1	News	NaN	19.86463165283203
526	527	fr	ewe	challenge_SSA-MTE	hyp1	News	NaN	17.618885040283203
527	528	fr	ewe	challenge_SSA-MTE	hyp1	News	NaN	20.798017501831055
528	529	fr	ewe	challenge_SSA-MTE	hyp1	News	NaN	23.243589401245117
529	530	fr	ewe	challenge_SSA-MTE	hyp1	News	NaN	20.25067901611328
530	531	fr	ewe	challenge_SSA-MTE	hyp1	News	NaN	26.040950775146484
531	532	fr	ewe	challenge_SSA-MTE	hyp1	News	NaN	24.7349853515625
532	533	fr	ewe	challenge_SSA-MTE	hyp1	News	NaN	22.190387725830078
533	534	fr	ewe	challenge_SSA-MTE	hyp1	News	NaN	28.061756134033203
534	535	fr	ewe	challenge_SSA-MTE	hyp1	News	NaN	18.43374252319336
535	536	fr	ewe	challenge_SSA-MTE	hyp1	News	NaN	23.883819580078125
536	537	fr	ewe	challenge_SSA-MTE	hyp1	News	NaN	17.729812622070312
537	538	fr	ewe	challenge_SSA-MTE	hyp1	News	NaN	24.067447662353516
538	539	fr	ewe	challenge_SSA-MTE	hyp1	News	NaN	8.875256538391113
539	540	fr	ewe	challenge_SSA-MTE	hyp1	News	NaN	23.223796844482422
540	541	fr	ewe	challenge_SSA-MTE	hyp1	News	NaN	25.85979461669922
541	542	fr	ewe	challenge_SSA-MTE	hyp1	News	NaN	22.69396209716797
542	543	fr	ewe	challenge_SSA-MTE	hyp1	News	NaN	13.723329544067383
543	544	fr	ewe	challenge_SSA-MTE	hyp1	News	NaN	17.383914947509766
544	545	fr	ewe	challenge_SSA-MTE	hyp1	News	NaN	12.376852989196777
545	546	fr	ewe	challenge_SSA-MTE	hyp1	News	NaN	17.556564331054688
546	547	fr	ewe	challenge_SSA-MTE	hyp1	News	NaN	17.65337562561035
547	548	fr	ewe	challenge_SSA-MTE	hyp1	News	NaN	19.61137580871582
548	549	fr	ewe	challenge_SSA-MTE	hyp1	News	NaN	19.922380447387695
549	550	fr	ewe	challenge_SSA-MTE	hyp1	News	NaN	22.64175796508789
550	551	fr	ewe	challenge_SSA-MTE	hyp1	News	NaN	23.950572967529297
551	552	fr	ewe	challenge_SSA-MTE	hyp1	News	NaN	15.51981258392334
552	553	fr	ewe	challenge_SSA-MTE	hyp1	News	NaN	14.3311767578125
553	554	fr	ewe	challenge_SSA-MTE	hyp1	News	NaN	23.153913497924805
554	555	fr	ewe	challenge_SSA-MTE	hyp1	News	NaN	16.820741653442383
555	556	fr	ewe	challenge_SSA-MTE	hyp1	News	NaN	16.122007369995117
556	557	fr	ewe	challenge_SSA-MTE	hyp1	News	NaN	19.742996215820312
557	558	fr	ewe	challenge_SSA-MTE	hyp1	News	NaN	2.751277208328247
558	559	fr	ewe	challenge_SSA-MTE	hyp1	News	NaN	19.16671371459961
559	560	fr	ewe	challenge_SSA-MTE	hyp1	News	NaN	13.15689468383789
560	561	fr	ewe	challenge_SSA-MTE	hyp1	News	NaN	17.12554931640625
561	562	fr	ewe	challenge_SSA-MTE	hyp1	News	NaN	29.364784240722656
562	563	fr	ewe	challenge_SSA-MTE	hyp1	News	NaN	25.13368797302246
563	564	fr	ewe	challenge_SSA-MTE	hyp1	News	NaN	31.17816162109375
564	565	fr	ewe	challenge_SSA-MTE	hyp1	News	NaN	30.644853591918945
565	566	fr	ewe	challenge_SSA-MTE	hyp1	News	NaN	27.68546485900879
566	567	fr	ewe	challenge_SSA-MTE	hyp1	News	NaN	21.799659729003906
567	568	fr	ewe	challenge_SSA-MTE	hyp1	News	NaN	25.05321502685547
568	569	fr	ewe	challenge_SSA-MTE	hyp1	News	NaN	23.56761360168457
569	570	fr	ewe	challenge_SSA-MTE	hyp1	News	NaN	23.42571258544922
570	571	fr	ewe	challenge_SSA-MTE	hyp1	News	NaN	20.39625358581543
571	572	fr	ewe	challenge_SSA-MTE	hyp1	News	NaN	16.82343864440918
572	573	fr	ewe	challenge_SSA-MTE	hyp1	News	NaN	19.098159790039062
573	574	fr	ewe	challenge_SSA-MTE	hyp1	News	NaN	21.16160774230957
574	575	fr	ewe	challenge_SSA-MTE	hyp1	News	NaN	23.925819396972656
575	576	fr	ewe	challenge_SSA-MTE	hyp1	News	NaN	20.426456451416016
576	577	fr	ewe	challenge_SSA-MTE	hyp1	News	NaN	19.606788635253906
577	578	fr	ewe	challenge_SSA-MTE	hyp1	News	NaN	3.408268451690674
578	579	fr	ewe	challenge_SSA-MTE	hyp1	News	NaN	22.491931915283203
579	580	fr	ewe	challenge_SSA-MTE	hyp1	News	NaN	20.29094696044922
580	581	fr	ewe	challenge_SSA-MTE	hyp1	News	NaN	21.843645095825195
581	582	fr	ewe	challenge_SSA-MTE	hyp1	News	NaN	19.80644416809082
582	583	fr	ewe	challenge_SSA-MTE	hyp1	News	NaN	-1.0161106586456299
583	584	fr	ewe	challenge_SSA-MTE	hyp1	News	NaN	19.57904052734375
584	585	fr	ewe	challenge_SSA-MTE	hyp1	News	NaN	20.319089889526367
585	586	fr	ewe	challenge_SSA-MTE	hyp1	News	NaN	21.68899154663086
586	587	fr	ewe	challenge_SSA-MTE	hyp1	News	NaN	24.358673095703125
587	588	fr	ewe	challenge_SSA-MTE	hyp1	News	NaN	18.65851593017578
588	589	fr	ewe	challenge_SSA-MTE	hyp1	News	NaN	24.359844207763672
589	590	fr	ewe	challenge_SSA-MTE	hyp1	News	NaN	25.89527130126953
590	591	fr	ewe	challenge_SSA-MTE	hyp1	News	NaN	24.33140754699707
591	592	fr	ewe	challenge_SSA-MTE	hyp1	News	NaN	18.40879249572754
592	593	fr	ewe	challenge_SSA-MTE	hyp1	News	NaN	19.6754150390625
593	594	fr	ewe	challenge_SSA-MTE	hyp1	News	NaN	21.744935989379883
594	595	fr	ewe	challenge_SSA-MTE	hyp1	News	NaN	19.45538330078125
595	596	fr	ewe	challenge_SSA-MTE	hyp1	News	NaN	17.306907653808594
596	597	fr	ewe	challenge_SSA-MTE	hyp1	News	NaN	15.97317886352539
597	598	fr	ewe	challenge_SSA-MTE	hyp1	News	NaN	16.931306838989258
598	599	fr	ewe	challenge_SSA-MTE	hyp1	News	NaN	19.139545440673828
599	600	fr	ewe	challenge_SSA-MTE	hyp1	News	NaN	16.176620483398438
600	601	fr	ewe	challenge_SSA-MTE	hyp1	News	NaN	20.683902740478516
601	602	fr	ewe	challenge_SSA-MTE	hyp1	News	NaN	16.463289260864258
602	603	fr	ewe	challenge_SSA-MTE	hyp1	News	NaN	17.82708168029785
603	604	fr	ewe	challenge_SSA-MTE	hyp1	News	NaN	14.436368942260742
604	605	fr	ewe	challenge_SSA-MTE	hyp1	News	NaN	15.960708618164062
605	606	fr	ewe	challenge_SSA-MTE	hyp1	News	NaN	16.13882827758789
606	607	fr	ewe	challenge_SSA-MTE	hyp1	News	NaN	17.79681396484375
607	608	fr	ewe	challenge_SSA-MTE	hyp1	News	NaN	14.563234329223633
608	609	fr	ewe	challenge_SSA-MTE	hyp1	News	NaN	14.448383331298828
609	610	fr	ewe	challenge_SSA-MTE	hyp1	News	NaN	18.698453903198242
610	611	fr	ewe	challenge_SSA-MTE	hyp1	News	NaN	13.560935974121094
611	612	fr	ewe	challenge_SSA-MTE	hyp1	News	NaN	22.81759262084961
612	613	fr	ewe	challenge_SSA-MTE	hyp1	News	NaN	18.801687240600586
613	614	fr	ewe	challenge_SSA-MTE	hyp1	News	NaN	21.388591766357422
614	615	fr	ewe	challenge_SSA-MTE	hyp1	News	NaN	23.711742401123047
615	616	fr	ewe	challenge_SSA-MTE	hyp1	News	NaN	21.827133178710938
616	617	fr	ewe	challenge_SSA-MTE	hyp1	News	NaN	19.242109298706055
617	618	fr	ewe	challenge_SSA-MTE	hyp1	News	NaN	19.29004669189453
618	619	fr	ewe	challenge_SSA-MTE	hyp1	News	NaN	22.156005859375
619	620	fr	ewe	challenge_SSA-MTE	hyp1	News	NaN	22.284488677978516
620	621	fr	ewe	challenge_SSA-MTE	hyp1	News	NaN	21.49831771850586
621	622	fr	ewe	challenge_SSA-MTE	hyp1	News	NaN	23.927982330322266
622	623	fr	ewe	challenge_SSA-MTE	hyp1	News	NaN	19.268810272216797
623	624	fr	ewe	challenge_SSA-MTE	hyp1	News	NaN	21.539920806884766
624	625	fr	ewe	challenge_SSA-MTE	hyp1	News	NaN	20.40972137451172
625	626	fr	ewe	challenge_SSA-MTE	hyp1	News	NaN	22.996761322021484
626	627	fr	ewe	challenge_SSA-MTE	hyp1	News	NaN	26.323945999145508
627	628	fr	ewe	challenge_SSA-MTE	hyp1	News	NaN	25.561296463012695
628	629	fr	ewe	challenge_SSA-MTE	hyp1	News	NaN	22.58095359802246
629	630	fr	ewe	challenge_SSA-MTE	hyp1	News	NaN	21.462242126464844
630	631	fr	ewe	challenge_SSA-MTE	hyp1	News	NaN	22.039018630981445
631	632	fr	ewe	challenge_SSA-MTE	hyp1	News	NaN	16.17969512939453
632	633	fr	ewe	challenge_SSA-MTE	hyp1	News	NaN	16.648303985595703
633	634	fr	ewe	challenge_SSA-MTE	hyp1	News	NaN	18.74623680114746
634	635	fr	ewe	challenge_SSA-MTE	hyp1	News	NaN	14.984566688537598
635	636	fr	ewe	challenge_SSA-MTE	hyp1	News	NaN	16.682823181152344
636	637	fr	ewe	challenge_SSA-MTE	hyp1	News	NaN	22.445735931396484
637	638	fr	ewe	challenge_SSA-MTE	hyp1	News	NaN	25.97472381591797
638	639	fr	ewe	challenge_SSA-MTE	hyp1	News	NaN	21.135093688964844
639	640	fr	ewe	challenge_SSA-MTE	hyp1	News	NaN	23.93708038330078
640	641	fr	ewe	challenge_SSA-MTE	hyp1	News	NaN	24.365076065063477
641	642	fr	ewe	challenge_SSA-MTE	hyp1	News	NaN	21.48645782470703
642	643	fr	ewe	challenge_SSA-MTE	hyp1	News	NaN	18.703895568847656
643	644	fr	ewe	challenge_SSA-MTE	hyp1	News	NaN	26.01869010925293
644	645	fr	ewe	challenge_SSA-MTE	hyp1	News	NaN	24.092798233032227
645	646	fr	ewe	challenge_SSA-MTE	hyp1	News	NaN	19.91651153564453
646	647	fr	ewe	challenge_SSA-MTE	hyp1	News	NaN	15.554927825927734
647	648	fr	ewe	challenge_SSA-MTE	hyp1	News	NaN	18.780216217041016
648	649	fr	ewe	challenge_SSA-MTE	hyp1	News	NaN	16.934471130371094
649	650	fr	ewe	challenge_SSA-MTE	hyp1	News	NaN	20.554718017578125
650	651	fr	ewe	challenge_SSA-MTE	hyp1	News	NaN	19.698936462402344
651	652	fr	ewe	challenge_SSA-MTE	hyp1	News	NaN	22.832061767578125
652	653	fr	ewe	challenge_SSA-MTE	hyp1	News	NaN	21.87370491027832
653	654	fr	ewe	challenge_SSA-MTE	hyp1	News	NaN	22.187488555908203
654	655	fr	ewe	challenge_SSA-MTE	hyp1	News	NaN	26.292985916137695
655	656	fr	ewe	challenge_SSA-MTE	hyp1	News	NaN	22.83204460144043
656	657	fr	ewe	challenge_SSA-MTE	hyp1	News	NaN	24.079187393188477
657	658	fr	ewe	challenge_SSA-MTE	hyp1	News	NaN	20.183042526245117
658	659	fr	ewe	challenge_SSA-MTE	hyp1	News	NaN	24.577274322509766
659	660	fr	ewe	challenge_SSA-MTE	hyp1	News	NaN	23.153657913208008
660	661	fr	ewe	challenge_SSA-MTE	hyp1	News	NaN	26.161941528320312
661	662	fr	ewe	challenge_SSA-MTE	hyp1	News	NaN	18.76020050048828
662	663	fr	ewe	challenge_SSA-MTE	hyp1	News	NaN	16.566913604736328
663	664	fr	ewe	challenge_SSA-MTE	hyp1	News	NaN	15.672191619873047
664	665	fr	ewe	challenge_SSA-MTE	hyp1	News	NaN	16.20699691772461
665	666	fr	ewe	challenge_SSA-MTE	hyp1	News	NaN	20.89498519897461
666	667	fr	ewe	challenge_SSA-MTE	hyp1	News	NaN	25.05607032775879
667	668	fr	ewe	challenge_SSA-MTE	hyp1	News	NaN	20.119586944580078
668	669	fr	ewe	challenge_SSA-MTE	hyp1	News	NaN	23.065475463867188
669	670	fr	ewe	challenge_SSA-MTE	hyp1	News	NaN	25.168766021728516
670	671	fr	ewe	challenge_SSA-MTE	hyp1	News	NaN	24.467880249023438
671	672	fr	ewe	challenge_SSA-MTE	hyp1	News	NaN	15.061546325683594
672	673	fr	ewe	challenge_SSA-MTE	hyp1	News	NaN	19.720279693603516
673	674	fr	ewe	challenge_SSA-MTE	hyp1	News	NaN	18.39361572265625
674	675	fr	ewe	challenge_SSA-MTE	hyp1	News	NaN	23.353229522705078
675	676	fr	ewe	challenge_SSA-MTE	hyp1	News	NaN	17.56842803955078
676	677	fr	ewe	challenge_SSA-MTE	hyp1	News	NaN	20.406644821166992
677	678	fr	ewe	challenge_SSA-MTE	hyp1	News	NaN	17.53533363342285
678	679	fr	ewe	challenge_SSA-MTE	hyp1	News	NaN	18.945743560791016
679	680	fr	ewe	challenge_SSA-MTE	hyp1	News	NaN	17.60889434814453
680	681	fr	ewe	challenge_SSA-MTE	hyp1	News	NaN	18.368206024169922
681	682	fr	ewe	challenge_SSA-MTE	hyp1	News	NaN	21.352876663208008
682	683	fr	ewe	challenge_SSA-MTE	hyp1	News	NaN	21.121601104736328
683	684	fr	ewe	challenge_SSA-MTE	hyp1	News	NaN	24.741313934326172
684	685	fr	ewe	challenge_SSA-MTE	hyp1	News	NaN	24.24920654296875
685	686	fr	ewe	challenge_SSA-MTE	hyp1	News	NaN	27.167827606201172
686	687	fr	ewe	challenge_SSA-MTE	hyp1	News	NaN	17.712417602539062
687	688	fr	ewe	challenge_SSA-MTE	hyp1	News	NaN	16.568477630615234
688	689	fr	ewe	challenge_SSA-MTE	hyp1	News	NaN	23.4722900390625
689	690	fr	ewe	challenge_SSA-MTE	hyp1	News	NaN	17.411163330078125
690	691	fr	ewe	challenge_SSA-MTE	hyp1	News	NaN	16.618844985961914
691	692	fr	ewe	challenge_SSA-MTE	hyp1	News	NaN	23.972084045410156
692	693	fr	ewe	challenge_SSA-MTE	hyp1	News	NaN	22.567068099975586
693	694	fr	ewe	challenge_SSA-MTE	hyp1	News	NaN	21.791725158691406
694	695	fr	ewe	challenge_SSA-MTE	hyp1	News	NaN	21.480358123779297
695	696	fr	ewe	challenge_SSA-MTE	hyp1	News	NaN	22.745628356933594
696	697	fr	ewe	challenge_SSA-MTE	hyp1	News	NaN	25.271507263183594
697	698	fr	ewe	challenge_SSA-MTE	hyp1	News	NaN	19.22623062133789
698	699	fr	ewe	challenge_SSA-MTE	hyp1	News	NaN	22.926063537597656
699	700	fr	ewe	challenge_SSA-MTE	hyp1	News	NaN	26.726055145263672
700	701	fr	ewe	challenge_SSA-MTE	hyp1	News	NaN	24.43213653564453
701	702	fr	ewe	challenge_SSA-MTE	hyp1	News	NaN	16.987110137939453
702	703	fr	ewe	challenge_SSA-MTE	hyp1	News	NaN	14.841029167175293
703	704	fr	ewe	challenge_SSA-MTE	hyp1	News	NaN	15.218749046325684
704	705	fr	ewe	challenge_SSA-MTE	hyp1	News	NaN	17.456390380859375
705	706	fr	ewe	challenge_SSA-MTE	hyp1	News	NaN	14.408390045166016
706	707	fr	ewe	challenge_SSA-MTE	hyp1	News	NaN	16.66348648071289
707	708	fr	ewe	challenge_SSA-MTE	hyp1	News	NaN	16.824018478393555
708	709	fr	ewe	challenge_SSA-MTE	hyp1	News	NaN	16.36264419555664
709	710	fr	ewe	challenge_SSA-MTE	hyp1	News	NaN	20.272918701171875
710	711	fr	ewe	challenge_SSA-MTE	hyp1	News	NaN	19.55987548828125
711	712	fr	ewe	challenge_SSA-MTE	hyp1	News	NaN	21.669620513916016
712	713	fr	ewe	challenge_SSA-MTE	hyp1	News	NaN	19.40756607055664
713	714	fr	ewe	challenge_SSA-MTE	hyp1	News	NaN	18.449846267700195
714	715	fr	ewe	challenge_SSA-MTE	hyp1	News	NaN	22.490306854248047
715	716	fr	ewe	challenge_SSA-MTE	hyp1	News	NaN	18.27361297607422
716	717	fr	ewe	challenge_SSA-MTE	hyp1	News	NaN	27.086471557617188
717	718	fr	ewe	challenge_SSA-MTE	hyp1	News	NaN	23.638851165771484
718	719	fr	ewe	challenge_SSA-MTE	hyp1	News	NaN	23.396865844726562
719	720	fr	ewe	challenge_SSA-MTE	hyp1	News	NaN	22.421049118041992
720	721	fr	ewe	challenge_SSA-MTE	hyp1	News	NaN	24.96087074279785
721	722	fr	ewe	challenge_SSA-MTE	hyp1	News	NaN	19.402206420898438
722	723	fr	ewe	challenge_SSA-MTE	hyp1	News	NaN	10.801117897033691
723	724	fr	ewe	challenge_SSA-MTE	hyp1	News	NaN	14.500693321228027
724	725	fr	ewe	challenge_SSA-MTE	hyp1	News	NaN	18.23445701599121
725	726	fr	ewe	challenge_SSA-MTE	hyp1	News	NaN	15.129655838012695
726	727	fr	ewe	challenge_SSA-MTE	hyp1	News	NaN	25.119810104370117
727	728	fr	ewe	challenge_SSA-MTE	hyp1	News	NaN	21.394445419311523
728	729	fr	ewe	challenge_SSA-MTE	hyp1	News	NaN	29.843740463256836
729	730	fr	ewe	challenge_SSA-MTE	hyp1	News	NaN	25.43454360961914
730	731	fr	ewe	challenge_SSA-MTE	hyp1	News	NaN	26.29962158203125
731	732	fr	ewe	challenge_SSA-MTE	hyp1	News	NaN	23.33755111694336
732	733	fr	ewe	challenge_SSA-MTE	hyp1	News	NaN	22.204608917236328
733	734	fr	ewe	challenge_SSA-MTE	hyp1	News	NaN	20.721290588378906
734	735	fr	ewe	challenge_SSA-MTE	hyp1	News	NaN	22.33224868774414
735	736	fr	ewe	challenge_SSA-MTE	hyp1	News	NaN	21.64501190185547
736	737	fr	ewe	challenge_SSA-MTE	hyp1	News	NaN	21.472230911254883
737	738	fr	ewe	challenge_SSA-MTE	hyp1	News	NaN	19.123600006103516
738	739	fr	ewe	challenge_SSA-MTE	hyp1	News	NaN	24.467517852783203
739	740	fr	ewe	challenge_SSA-MTE	hyp1	News	NaN	22.984689712524414
740	741	fr	ewe	challenge_SSA-MTE	hyp1	News	NaN	20.4334716796875
741	742	fr	ewe	challenge_SSA-MTE	hyp1	News	NaN	18.96807861328125
742	743	fr	ewe	challenge_SSA-MTE	hyp1	News	NaN	13.645398139953613
743	744	fr	ewe	challenge_SSA-MTE	hyp1	News	NaN	26.10742950439453
744	745	fr	ewe	challenge_SSA-MTE	hyp1	News	NaN	20.54365348815918
745	746	fr	ewe	challenge_SSA-MTE	hyp1	News	NaN	20.089801788330078
746	747	fr	ewe	challenge_SSA-MTE	hyp1	News	NaN	17.309179306030273
747	748	fr	ewe	challenge_SSA-MTE	hyp1	News	NaN	13.811912536621094
748	749	fr	ewe	challenge_SSA-MTE	hyp1	News	NaN	16.988948822021484
749	750	fr	ewe	challenge_SSA-MTE	hyp1	News	NaN	19.28844451904297
750	751	fr	ewe	challenge_SSA-MTE	hyp1	News	NaN	16.86577606201172
751	752	fr	ewe	challenge_SSA-MTE	hyp1	News	NaN	20.704612731933594
752	753	fr	ewe	challenge_SSA-MTE	hyp1	News	NaN	29.553619384765625
753	754	fr	ewe	challenge_SSA-MTE	hyp1	News	NaN	32.03555679321289
754	755	fr	ewe	challenge_SSA-MTE	hyp1	News	NaN	25.864492416381836
755	756	fr	ewe	challenge_SSA-MTE	hyp1	News	NaN	25.62357521057129
756	757	fr	ewe	challenge_SSA-MTE	hyp1	News	NaN	17.326244354248047
757	758	fr	ewe	challenge_SSA-MTE	hyp1	News	NaN	18.11154556274414
758	759	fr	ewe	challenge_SSA-MTE	hyp1	News	NaN	16.65699005126953
759	760	fr	ewe	challenge_SSA-MTE	hyp1	News	NaN	18.883907318115234
760	761	fr	ewe	challenge_SSA-MTE	hyp1	News	NaN	15.714418411254883
761	762	fr	ewe	challenge_SSA-MTE	hyp1	News	NaN	12.655744552612305
762	763	fr	ewe	challenge_SSA-MTE	hyp1	News	NaN	11.225502014160156
763	764	fr	ewe	challenge_SSA-MTE	hyp1	News	NaN	14.883031845092773
764	765	fr	ewe	challenge_SSA-MTE	hyp1	News	NaN	15.9981689453125
765	766	fr	ewe	challenge_SSA-MTE	hyp1	News	NaN	9.92149543762207
766	767	fr	ewe	challenge_SSA-MTE	hyp1	News	NaN	16.26669692993164
767	768	fr	ewe	challenge_SSA-MTE	hyp1	News	NaN	17.1032657623291
768	769	fr	ewe	challenge_SSA-MTE	hyp1	News	NaN	14.051765441894531
769	770	fr	ewe	challenge_SSA-MTE	hyp1	News	NaN	17.3665771484375
770	771	fr	ewe	challenge_SSA-MTE	hyp1	News	NaN	15.046244621276855
771	772	fr	ewe	challenge_SSA-MTE	hyp1	News	NaN	17.71462631225586
772	773	fr	ewe	challenge_SSA-MTE	hyp1	News	NaN	15.535876274108887
773	774	fr	ewe	challenge_SSA-MTE	hyp1	News	NaN	14.8759765625
774	775	fr	ewe	challenge_SSA-MTE	hyp1	News	NaN	17.91159439086914
775	776	fr	ewe	challenge_SSA-MTE	hyp1	News	NaN	16.32986831665039
776	777	fr	ewe	challenge_SSA-MTE	hyp1	News	NaN	1.473210096359253
777	778	fr	ewe	challenge_SSA-MTE	hyp1	News	NaN	14.876928329467773
778	779	fr	ewe	challenge_SSA-MTE	hyp1	News	NaN	15.514213562011719
779	780	fr	ewe	challenge_SSA-MTE	hyp1	News	NaN	17.42133140563965
780	781	fr	ewe	challenge_SSA-MTE	hyp1	News	NaN	22.880950927734375
781	782	fr	ewe	challenge_SSA-MTE	hyp1	News	NaN	21.385848999023438
782	783	fr	ewe	challenge_SSA-MTE	hyp1	News	NaN	25.00646209716797
783	784	fr	ewe	challenge_SSA-MTE	hyp1	News	NaN	23.863414764404297
784	785	fr	ewe	challenge_SSA-MTE	hyp1	News	NaN	23.873910903930664
785	786	fr	ewe	challenge_SSA-MTE	hyp1	News	NaN	14.300071716308594
786	787	fr	ewe	challenge_SSA-MTE	hyp1	News	NaN	16.32394790649414
787	788	fr	ewe	challenge_SSA-MTE	hyp1	News	NaN	20.2529239654541
788	789	fr	ewe	challenge_SSA-MTE	hyp1	News	NaN	16.980274200439453
789	790	fr	ewe	challenge_SSA-MTE	hyp1	News	NaN	15.704804420471191
790	791	fr	ewe	challenge_SSA-MTE	hyp1	News	NaN	20.42524528503418
791	792	fr	ewe	challenge_SSA-MTE	hyp1	News	NaN	20.708606719970703
792	793	fr	ewe	challenge_SSA-MTE	hyp1	News	NaN	19.301177978515625
793	794	fr	ewe	challenge_SSA-MTE	hyp1	News	NaN	20.51324462890625
794	795	fr	ewe	challenge_SSA-MTE	hyp1	News	NaN	16.17327117919922
795	796	fr	ewe	challenge_SSA-MTE	hyp1	News	NaN	21.017837524414062
796	797	fr	ewe	challenge_SSA-MTE	hyp1	News	NaN	19.043338775634766
797	798	fr	ewe	challenge_SSA-MTE	hyp1	News	NaN	23.173141479492188
798	799	fr	ewe	challenge_SSA-MTE	hyp1	News	NaN	21.736406326293945
799	800	fr	ewe	challenge_SSA-MTE	hyp1	News	NaN	23.224897384643555
800	801	fr	ewe	challenge_SSA-MTE	hyp1	News	NaN	17.67742156982422
801	802	fr	ewe	challenge_SSA-MTE	hyp1	News	NaN	7.5483903884887695
802	803	fr	ewe	challenge_SSA-MTE	hyp1	News	NaN	16.78785514831543
803	804	fr	ewe	challenge_SSA-MTE	hyp1	News	NaN	18.43833351135254
804	805	fr	ewe	challenge_SSA-MTE	hyp1	News	NaN	15.598712921142578
805	806	fr	ewe	challenge_SSA-MTE	hyp1	News	NaN	10.654403686523438
806	807	fr	ewe	challenge_SSA-MTE	hyp1	News	NaN	12.456353187561035
807	808	fr	ewe	challenge_SSA-MTE	hyp1	News	NaN	21.226974487304688
808	809	fr	ewe	challenge_SSA-MTE	hyp1	News	NaN	15.467069625854492
809	810	fr	ewe	challenge_SSA-MTE	hyp1	News	NaN	24.31631088256836
810	811	fr	ewe	challenge_SSA-MTE	hyp1	News	NaN	26.484352111816406
811	812	fr	ewe	challenge_SSA-MTE	hyp1	News	NaN	27.200042724609375
812	813	fr	ewe	challenge_SSA-MTE	hyp1	News	NaN	28.391338348388672
813	814	fr	ewe	challenge_SSA-MTE	hyp1	News	NaN	31.72971534729004
814	815	fr	ewe	challenge_SSA-MTE	hyp1	News	NaN	24.957307815551758
815	816	fr	ewe	challenge_SSA-MTE	hyp1	News	NaN	14.89444637298584
816	817	fr	ewe	challenge_SSA-MTE	hyp1	News	NaN	14.381153106689453
817	818	fr	ewe	challenge_SSA-MTE	hyp1	News	NaN	13.5587158203125
818	819	fr	ewe	challenge_SSA-MTE	hyp1	News	NaN	16.252933502197266
819	820	fr	ewe	challenge_SSA-MTE	hyp1	News	NaN	17.683605194091797
820	821	fr	ewe	challenge_SSA-MTE	hyp1	News	NaN	17.67737579345703
821	822	fr	ewe	challenge_SSA-MTE	hyp1	News	NaN	10.325691223144531
822	823	fr	ewe	challenge_SSA-MTE	hyp1	News	NaN	14.53683853149414
823	824	fr	ewe	challenge_SSA-MTE	hyp1	News	NaN	16.05710220336914
824	825	fr	ewe	challenge_SSA-MTE	hyp1	News	NaN	16.94731903076172
825	826	fr	ewe	challenge_SSA-MTE	hyp1	News	NaN	25.570701599121094
826	827	fr	ewe	challenge_SSA-MTE	hyp1	News	NaN	19.4033203125
827	828	fr	ewe	challenge_SSA-MTE	hyp1	News	NaN	18.810148239135742
828	829	fr	ewe	challenge_SSA-MTE	hyp1	News	NaN	24.813993453979492
829	830	fr	ewe	challenge_SSA-MTE	hyp1	News	NaN	21.014179229736328
830	831	fr	ewe	challenge_SSA-MTE	hyp1	News	NaN	17.31887435913086
831	832	fr	ewe	challenge_SSA-MTE	hyp1	News	NaN	22.401512145996094
832	833	fr	ewe	challenge_SSA-MTE	hyp1	News	NaN	14.368027687072754
833	834	fr	ewe	challenge_SSA-MTE	hyp1	News	NaN	21.15949821472168
834	835	fr	ewe	challenge_SSA-MTE	hyp1	News	NaN	22.172161102294922
835	836	fr	ewe	challenge_SSA-MTE	hyp1	News	NaN	20.824106216430664
836	837	fr	ewe	challenge_SSA-MTE	hyp1	News	NaN	24.151947021484375
837	838	fr	ewe	challenge_SSA-MTE	hyp1	News	NaN	15.86001205444336
838	839	fr	ewe	challenge_SSA-MTE	hyp1	News	NaN	18.415607452392578
839	840	fr	ewe	challenge_SSA-MTE	hyp1	News	NaN	17.886423110961914
840	841	fr	ewe	challenge_SSA-MTE	hyp1	News	NaN	17.220703125
841	842	fr	ewe	challenge_SSA-MTE	hyp1	News	NaN	18.7199649810791
842	843	fr	ewe	challenge_SSA-MTE	hyp1	News	NaN	19.26333999633789
843	844	fr	ewe	challenge_SSA-MTE	hyp1	News	NaN	16.825210571289062
844	845	fr	ewe	challenge_SSA-MTE	hyp1	News	NaN	19.983829498291016
845	846	fr	ewe	challenge_SSA-MTE	hyp1	News	NaN	22.514408111572266
846	847	fr	ewe	challenge_SSA-MTE	hyp1	News	NaN	20.37623405456543
847	848	fr	ewe	challenge_SSA-MTE	hyp1	News	NaN	20.4478816986084
848	849	fr	ewe	challenge_SSA-MTE	hyp1	News	NaN	18.536643981933594
849	850	fr	ewe	challenge_SSA-MTE	hyp1	News	NaN	18.86583709716797
850	851	fr	ewe	challenge_SSA-MTE	hyp1	News	NaN	19.535320281982422
851	852	fr	ewe	challenge_SSA-MTE	hyp1	News	NaN	17.646560668945312
852	853	fr	ewe	challenge_SSA-MTE	hyp1	News	NaN	18.345783233642578
853	854	fr	ewe	challenge_SSA-MTE	hyp1	News	NaN	18.79400634765625
854	855	fr	ewe	challenge_SSA-MTE	hyp1	News	NaN	21.2021427154541
855	856	fr	ewe	challenge_SSA-MTE	hyp1	News	NaN	17.356048583984375
856	857	fr	ewe	challenge_SSA-MTE	hyp1	News	NaN	19.092571258544922
857	858	fr	ewe	challenge_SSA-MTE	hyp1	News	NaN	25.483043670654297
858	859	fr	ewe	challenge_SSA-MTE	hyp1	News	NaN	20.336811065673828
859	860	fr	ewe	challenge_SSA-MTE	hyp1	News	NaN	19.43474769592285
860	861	fr	ewe	challenge_SSA-MTE	hyp1	News	NaN	20.96113395690918
861	862	fr	ewe	challenge_SSA-MTE	hyp1	News	NaN	23.163997650146484
862	863	fr	ewe	challenge_SSA-MTE	hyp1	News	NaN	19.946147918701172
863	864	fr	ewe	challenge_SSA-MTE	hyp1	News	NaN	20.998153686523438
864	865	fr	ewe	challenge_SSA-MTE	hyp1	News	NaN	18.761978149414062
865	866	fr	ewe	challenge_SSA-MTE	hyp1	News	NaN	20.007638931274414
866	867	fr	ewe	challenge_SSA-MTE	hyp1	News	NaN	17.82626724243164
867	868	fr	ewe	challenge_SSA-MTE	hyp1	News	NaN	26.444772720336914
868	869	fr	ewe	challenge_SSA-MTE	hyp1	News	NaN	22.021944046020508
869	870	fr	ewe	challenge_SSA-MTE	hyp1	News	NaN	26.271499633789062
870	871	fr	ewe	challenge_SSA-MTE	hyp1	News	NaN	19.368694305419922
871	872	fr	ewe	challenge_SSA-MTE	hyp1	News	NaN	14.78692626953125
872	873	fr	ewe	challenge_SSA-MTE	hyp1	News	NaN	21.15702247619629
873	874	fr	ewe	challenge_SSA-MTE	hyp1	News	NaN	17.795652389526367
874	875	fr	ewe	challenge_SSA-MTE	hyp1	News	NaN	22.6561222076416
875	876	fr	ewe	challenge_SSA-MTE	hyp1	News	NaN	19.806804656982422
876	877	fr	ewe	challenge_SSA-MTE	hyp1	News	NaN	19.196029663085938
877	878	fr	ewe	challenge_SSA-MTE	hyp1	News	NaN	17.825145721435547
878	879	fr	ewe	challenge_SSA-MTE	hyp1	News	NaN	19.82988166809082
879	880	fr	ewe	challenge_SSA-MTE	hyp1	News	NaN	19.120769500732422
880	881	fr	ewe	challenge_SSA-MTE	hyp1	News	NaN	18.65414047241211
881	882	fr	ewe	challenge_SSA-MTE	hyp1	News	NaN	16.882097244262695
882	883	fr	ewe	challenge_SSA-MTE	hyp1	News	NaN	21.961505889892578
883	884	fr	ewe	challenge_SSA-MTE	hyp1	News	NaN	18.236494064331055
884	885	fr	ewe	challenge_SSA-MTE	hyp1	News	NaN	19.275680541992188
885	886	fr	ewe	challenge_SSA-MTE	hyp1	News	NaN	18.238187789916992
886	887	fr	ewe	challenge_SSA-MTE	hyp1	News	NaN	17.57605743408203
887	888	fr	ewe	challenge_SSA-MTE	hyp1	News	NaN	24.244401931762695
888	889	fr	ewe	challenge_SSA-MTE	hyp1	News	NaN	22.08159828186035
889	890	fr	ewe	challenge_SSA-MTE	hyp1	News	NaN	20.13528823852539
890	891	fr	ewe	challenge_SSA-MTE	hyp1	News	NaN	23.444196701049805
891	892	fr	ewe	challenge_SSA-MTE	hyp1	News	NaN	11.627994537353516
892	893	fr	ewe	challenge_SSA-MTE	hyp1	News	NaN	19.425891876220703
893	894	fr	ewe	challenge_SSA-MTE	hyp1	News	NaN	18.3955078125
894	895	fr	ewe	challenge_SSA-MTE	hyp1	News	NaN	23.2116641998291
895	896	fr	ewe	challenge_SSA-MTE	hyp1	News	NaN	10.599164962768555
896	897	fr	ewe	challenge_SSA-MTE	hyp1	News	NaN	15.249491691589355
897	898	fr	ewe	challenge_SSA-MTE	hyp1	News	NaN	11.766942977905273
898	899	fr	ewe	challenge_SSA-MTE	hyp1	News	NaN	14.7930908203125
899	900	fr	ewe	challenge_SSA-MTE	hyp1	News	NaN	14.475720405578613
900	901	fr	ewe	challenge_SSA-MTE	hyp1	News	NaN	17.04521942138672
901	902	fr	ewe	challenge_SSA-MTE	hyp1	News	NaN	18.06289291381836
902	903	fr	ewe	challenge_SSA-MTE	hyp1	News	NaN	20.895893096923828
903	904	fr	ewe	challenge_SSA-MTE	hyp1	News	NaN	20.871320724487305
904	905	fr	ewe	challenge_SSA-MTE	hyp1	News	NaN	17.032352447509766
905	906	fr	ewe	challenge_SSA-MTE	hyp1	News	NaN	19.911758422851562
906	907	fr	ewe	challenge_SSA-MTE	hyp1	News	NaN	16.120399475097656
907	908	fr	ewe	challenge_SSA-MTE	hyp1	News	NaN	26.118730545043945
908	909	fr	ewe	challenge_SSA-MTE	hyp1	News	NaN	23.627685546875
909	910	fr	ewe	challenge_SSA-MTE	hyp1	News	NaN	27.436275482177734
910	911	fr	ewe	challenge_SSA-MTE	hyp1	News	NaN	16.926897048950195
911	912	fr	ewe	challenge_SSA-MTE	hyp1	News	NaN	13.877239227294922
912	913	fr	ewe	challenge_SSA-MTE	hyp1	News	NaN	15.606511116027832
913	914	fr	ewe	challenge_SSA-MTE	hyp1	News	NaN	18.39775848388672
914	915	fr	ewe	challenge_SSA-MTE	hyp1	News	NaN	16.944833755493164
915	916	fr	ewe	challenge_SSA-MTE	hyp1	News	NaN	25.6583251953125
916	917	fr	ewe	challenge_SSA-MTE	hyp1	News	NaN	21.443387985229492
917	918	fr	ewe	challenge_SSA-MTE	hyp1	News	NaN	16.920185089111328
918	919	fr	ewe	challenge_SSA-MTE	hyp1	News	NaN	18.00284767150879
919	920	fr	ewe	challenge_SSA-MTE	hyp1	News	NaN	21.872833251953125
920	921	fr	ewe	challenge_SSA-MTE	hyp1	News	NaN	20.151460647583008
921	922	fr	ewe	challenge_SSA-MTE	hyp1	News	NaN	20.19554901123047
922	923	fr	ewe	challenge_SSA-MTE	hyp1	News	NaN	21.498271942138672
923	924	fr	ewe	challenge_SSA-MTE	hyp1	News	NaN	22.263294219970703
924	925	fr	ewe	challenge_SSA-MTE	hyp1	News	NaN	18.760486602783203
925	926	fr	ewe	challenge_SSA-MTE	hyp1	News	NaN	17.444355010986328
926	927	fr	ewe	challenge_SSA-MTE	hyp1	News	NaN	20.30719757080078
927	928	fr	ewe	challenge_SSA-MTE	hyp1	News	NaN	21.250988006591797
928	929	fr	ewe	challenge_SSA-MTE	hyp1	News	NaN	17.395097732543945
929	930	fr	ewe	challenge_SSA-MTE	hyp1	News	NaN	18.5814151763916
930	931	fr	ewe	challenge_SSA-MTE	hyp1	News	NaN	12.648362159729004
931	932	fr	ewe	challenge_SSA-MTE	hyp1	News	NaN	13.70953369140625
932	933	fr	ewe	challenge_SSA-MTE	hyp1	News	NaN	12.992239952087402
933	934	fr	ewe	challenge_SSA-MTE	hyp1	News	NaN	13.654646873474121
934	935	fr	ewe	challenge_SSA-MTE	hyp1	News	NaN	15.272225379943848
935	936	fr	ewe	challenge_SSA-MTE	hyp1	News	NaN	12.676605224609375
936	937	fr	ewe	challenge_SSA-MTE	hyp1	News	NaN	14.218460083007812
937	938	fr	ewe	challenge_SSA-MTE	hyp1	News	NaN	14.599967002868652
938	939	fr	ewe	challenge_SSA-MTE	hyp1	News	NaN	14.95923900604248
939	940	fr	ewe	challenge_SSA-MTE	hyp1	News	NaN	14.268836975097656
940	941	fr	ewe	challenge_SSA-MTE	hyp1	News	NaN	16.51527976989746
941	942	fr	ewe	challenge_SSA-MTE	hyp1	News	NaN	12.907755851745605
942	943	fr	ewe	challenge_SSA-MTE	hyp1	News	NaN	19.131488800048828
943	944	fr	ewe	challenge_SSA-MTE	hyp1	News	NaN	14.867891311645508
944	945	fr	ewe	challenge_SSA-MTE	hyp1	News	NaN	16.570919036865234
945	946	fr	ewe	challenge_SSA-MTE	hyp1	News	NaN	15.814231872558594
946	947	fr	ewe	challenge_SSA-MTE	hyp1	News	NaN	16.520645141601562
947	948	fr	ewe	challenge_SSA-MTE	hyp1	News	NaN	16.5168399810791
948	949	fr	ewe	challenge_SSA-MTE	hyp1	News	NaN	14.943716049194336
949	950	fr	ewe	challenge_SSA-MTE	hyp1	News	NaN	16.576913833618164
950	951	fr	ewe	challenge_SSA-MTE	hyp1	News	NaN	23.898515701293945
951	952	fr	ewe	challenge_SSA-MTE	hyp1	News	NaN	18.254596710205078
952	953	fr	ewe	challenge_SSA-MTE	hyp1	News	NaN	4.538403511047363
953	954	fr	ewe	challenge_SSA-MTE	hyp1	News	NaN	17.433605194091797
954	955	fr	ewe	challenge_SSA-MTE	hyp1	News	NaN	15.485557556152344
955	956	fr	ewe	challenge_SSA-MTE	hyp1	News	NaN	18.17267608642578
956	957	fr	ewe	challenge_SSA-MTE	hyp1	News	NaN	16.434722900390625
957	958	fr	ewe	challenge_SSA-MTE	hyp1	News	NaN	17.321163177490234
958	959	fr	ewe	challenge_SSA-MTE	hyp1	News	NaN	16.440303802490234
959	960	fr	ewe	challenge_SSA-MTE	hyp1	News	NaN	18.24114990234375
960	961	fr	ewe	challenge_SSA-MTE	hyp1	News	NaN	12.602705001831055
961	962	fr	ewe	challenge_SSA-MTE	hyp1	News	NaN	16.435535430908203
962	963	fr	ewe	challenge_SSA-MTE	hyp1	News	NaN	16.22730255126953
963	964	fr	ewe	challenge_SSA-MTE	hyp1	News	NaN	16.465110778808594
964	965	fr	ewe	challenge_SSA-MTE	hyp1	News	NaN	20.04427719116211
965	966	fr	ewe	challenge_SSA-MTE	hyp1	News	NaN	20.843997955322266
966	967	fr	ewe	challenge_SSA-MTE	hyp1	News	NaN	20.927284240722656
967	968	fr	ewe	challenge_SSA-MTE	hyp1	News	NaN	21.475601196289062
968	969	fr	ewe	challenge_SSA-MTE	hyp1	News	NaN	23.442768096923828
969	970	fr	ewe	challenge_SSA-MTE	hyp1	News	NaN	18.36800193786621
970	971	fr	ewe	challenge_SSA-MTE	hyp1	News	NaN	20.322946548461914
971	972	fr	ewe	challenge_SSA-MTE	hyp1	News	NaN	19.82726287841797
972	973	fr	ewe	challenge_SSA-MTE	hyp1	News	NaN	18.078227996826172
973	974	fr	ewe	challenge_SSA-MTE	hyp1	News	NaN	19.59344482421875
974	975	fr	ewe	challenge_SSA-MTE	hyp1	News	NaN	19.78426742553711
975	976	fr	ewe	challenge_SSA-MTE	hyp1	News	NaN	19.880107879638672
976	977	fr	ewe	challenge_SSA-MTE	hyp1	News	NaN	22.538972854614258
977	978	fr	ewe	challenge_SSA-MTE	hyp1	News	NaN	22.008163452148438
978	979	fr	ewe	challenge_SSA-MTE	hyp1	News	NaN	25.567760467529297
979	980	fr	ewe	challenge_SSA-MTE	hyp1	News	NaN	22.140491485595703
980	981	fr	ewe	challenge_SSA-MTE	hyp1	News	NaN	16.473182678222656
981	982	fr	ewe	challenge_SSA-MTE	hyp1	News	NaN	15.873658180236816
982	983	fr	ewe	challenge_SSA-MTE	hyp1	News	NaN	22.137954711914062
983	984	fr	ewe	challenge_SSA-MTE	hyp1	News	NaN	22.392189025878906
984	985	fr	ewe	challenge_SSA-MTE	hyp1	News	NaN	21.05173683166504
985	986	fr	ewe	challenge_SSA-MTE	hyp1	News	NaN	25.88758087158203
986	987	fr	ewe	challenge_SSA-MTE	hyp1	News	NaN	18.476577758789062
987	988	fr	ewe	challenge_SSA-MTE	hyp1	News	NaN	21.536413192749023
988	989	fr	ewe	challenge_SSA-MTE	hyp1	News	NaN	21.07081413269043
989	990	fr	ewe	challenge_SSA-MTE	hyp1	News	NaN	19.438447952270508
990	991	fr	ewe	challenge_SSA-MTE	hyp1	News	NaN	17.80020523071289
991	992	fr	ewe	challenge_SSA-MTE	hyp1	News	NaN	14.887088775634766
992	993	fr	ewe	challenge_SSA-MTE	hyp1	News	NaN	17.71221160888672
993	994	fr	ewe	challenge_SSA-MTE	hyp1	News	NaN	15.087059020996094
994	995	fr	ewe	challenge_SSA-MTE	hyp1	News	NaN	20.85265350341797
995	996	fr	ewe	challenge_SSA-MTE	hyp1	News	NaN	16.595355987548828
996	997	fr	ewe	challenge_SSA-MTE	hyp1	News	NaN	18.771900177001953
997	998	fr	ewe	challenge_SSA-MTE	hyp1	News	NaN	20.54582405090332
998	999	fr	ewe	challenge_SSA-MTE	hyp1	News	NaN	19.683517456054688
999	1000	fr	ewe	challenge_SSA-MTE	hyp1	News	NaN	9.580208778381348
1000	1001	fr	ewe	challenge_SSA-MTE	hyp1	News	NaN	8.935527801513672
1001	1002	fr	ewe	challenge_SSA-MTE	hyp1	News	NaN	14.0618314743042
1002	1003	fr	ewe	challenge_SSA-MTE	hyp1	News	NaN	11.834939956665039
1003	1004	fr	ewe	challenge_SSA-MTE	hyp1	News	NaN	14.4232177734375
1004	1005	fr	ewe	challenge_SSA-MTE	hyp1	News	NaN	14.293709754943848
1005	1006	fr	ewe	challenge_SSA-MTE	hyp1	News	NaN	18.231664657592773
1006	1007	fr	ewe	challenge_SSA-MTE	hyp1	News	NaN	25.752052307128906
1007	1008	fr	ewe	challenge_SSA-MTE	hyp1	News	NaN	17.990703582763672
1008	1009	fr	ewe	challenge_SSA-MTE	hyp1	News	NaN	19.842363357543945
1009	1010	fr	ewe	challenge_SSA-MTE	hyp1	News	NaN	8.869611740112305
1010	1011	fr	ewe	challenge_SSA-MTE	hyp1	News	NaN	10.811260223388672
1011	1012	fr	ewe	challenge_SSA-MTE	hyp1	News	NaN	12.222786903381348
1012	1013	fr	ewe	challenge_SSA-MTE	hyp1	News	NaN	11.281388282775879
1013	1014	fr	ewe	challenge_SSA-MTE	hyp1	News	NaN	14.42812728881836
1014	1015	fr	ewe	challenge_SSA-MTE	hyp1	News	NaN	11.601577758789062
1015	1016	fr	ewe	challenge_SSA-MTE	hyp1	News	NaN	15.87104606628418
1016	1017	fr	ewe	challenge_SSA-MTE	hyp1	News	NaN	13.567983627319336
1017	1018	fr	ewe	challenge_SSA-MTE	hyp1	News	NaN	13.795202255249023
1018	1019	fr	ewe	challenge_SSA-MTE	hyp1	News	NaN	11.733743667602539
1019	1020	fr	ewe	challenge_SSA-MTE	hyp1	News	NaN	13.30798053741455
1020	1021	fr	ewe	challenge_SSA-MTE	hyp1	News	NaN	13.725537300109863
1021	1022	fr	ewe	challenge_SSA-MTE	hyp1	News	NaN	16.021120071411133
1022	1023	fr	ewe	challenge_SSA-MTE	hyp1	News	NaN	12.169855117797852
1023	1024	fr	ewe	challenge_SSA-MTE	hyp1	News	NaN	12.983734130859375
1024	1025	fr	ewe	challenge_SSA-MTE	hyp1	News	NaN	-2.7477364540100098
1025	1026	fr	ewe	challenge_SSA-MTE	hyp1	News	NaN	18.870182037353516
1026	1027	fr	ewe	challenge_SSA-MTE	hyp1	News	NaN	14.454422950744629
1027	1028	fr	ewe	challenge_SSA-MTE	hyp1	News	NaN	14.693260192871094
1028	1029	fr	ewe	challenge_SSA-MTE	hyp1	News	NaN	12.579811096191406
1029	1030	fr	ewe	challenge_SSA-MTE	hyp1	News	NaN	12.665990829467773
1030	1031	fr	ewe	challenge_SSA-MTE	hyp1	News	NaN	15.463069915771484
1031	1032	fr	ewe	challenge_SSA-MTE	hyp1	News	NaN	12.924337387084961
1032	1033	fr	ewe	challenge_SSA-MTE	hyp1	News	NaN	16.071163177490234
1033	1034	fr	ewe	challenge_SSA-MTE	hyp1	News	NaN	17.293779373168945
1034	1035	fr	ewe	challenge_SSA-MTE	hyp1	News	NaN	10.515358924865723
1035	1036	fr	ewe	challenge_SSA-MTE	hyp1	News	NaN	17.693675994873047
1036	1037	fr	ewe	challenge_SSA-MTE	hyp1	News	NaN	18.600460052490234
1037	1038	fr	ewe	challenge_SSA-MTE	hyp1	News	NaN	17.052932739257812
1038	1039	fr	ewe	challenge_SSA-MTE	hyp1	News	NaN	16.3994140625
1039	1040	fr	ewe	challenge_SSA-MTE	hyp1	News	NaN	16.741199493408203
1040	1041	fr	ewe	challenge_SSA-MTE	hyp1	News	NaN	18.465761184692383
1041	1042	fr	ewe	challenge_SSA-MTE	hyp1	News	NaN	17.565265655517578
1042	1043	fr	ewe	challenge_SSA-MTE	hyp1	News	NaN	19.020172119140625
1043	1044	fr	ewe	challenge_SSA-MTE	hyp1	News	NaN	21.210975646972656
1044	1045	fr	ewe	challenge_SSA-MTE	hyp1	News	NaN	21.400493621826172
1045	1046	fr	ewe	challenge_SSA-MTE	hyp1	News	NaN	23.56945037841797
1046	1047	fr	ewe	challenge_SSA-MTE	hyp1	News	NaN	19.942306518554688
1047	1048	fr	ewe	challenge_SSA-MTE	hyp1	News	NaN	20.053409576416016
1048	1049	fr	ewe	challenge_SSA-MTE	hyp1	News	NaN	15.628304481506348
1049	1050	fr	ewe	challenge_SSA-MTE	hyp1	News	NaN	13.030496597290039
1050	1051	fr	ewe	challenge_SSA-MTE	hyp1	News	NaN	23.905109405517578
1051	1052	fr	ewe	challenge_SSA-MTE	hyp1	News	NaN	14.714094161987305
1052	1053	fr	ewe	challenge_SSA-MTE	hyp1	News	NaN	20.39554214477539
1053	1054	fr	ewe	challenge_SSA-MTE	hyp1	News	NaN	17.531021118164062
1054	1055	fr	ewe	challenge_SSA-MTE	hyp1	News	NaN	17.505023956298828
1055	1056	fr	ewe	challenge_SSA-MTE	hyp1	News	NaN	18.40359115600586
1056	1057	fr	ewe	challenge_SSA-MTE	hyp1	News	NaN	18.03522491455078
1057	1058	fr	ewe	challenge_SSA-MTE	hyp1	News	NaN	18.590421676635742
1058	1059	fr	ewe	challenge_SSA-MTE	hyp1	News	NaN	16.14971160888672
1059	1060	fr	ewe	challenge_SSA-MTE	hyp1	News	NaN	12.657034873962402
1060	1061	fr	ewe	challenge_SSA-MTE	hyp1	News	NaN	18.88022232055664
1061	1062	fr	ewe	challenge_SSA-MTE	hyp1	News	NaN	16.36471939086914
1062	1063	fr	ewe	challenge_SSA-MTE	hyp1	News	NaN	17.035675048828125
1063	1064	fr	ewe	challenge_SSA-MTE	hyp1	News	NaN	19.026084899902344
1064	1065	fr	ewe	challenge_SSA-MTE	hyp1	News	NaN	15.319257736206055
1065	1066	fr	ewe	challenge_SSA-MTE	hyp1	News	NaN	20.599185943603516
1066	1067	fr	ewe	challenge_SSA-MTE	hyp1	News	NaN	17.967260360717773
1067	1068	fr	ewe	challenge_SSA-MTE	hyp1	News	NaN	20.929046630859375
1068	1069	fr	ewe	challenge_SSA-MTE	hyp1	News	NaN	19.987903594970703
1069	1070	fr	ewe	challenge_SSA-MTE	hyp1	News	NaN	20.606090545654297
1070	1071	fr	ewe	challenge_SSA-MTE	hyp1	News	NaN	21.05609893798828
1071	1072	fr	ewe	challenge_SSA-MTE	hyp1	News	NaN	16.877845764160156
1072	1073	fr	ewe	challenge_SSA-MTE	hyp1	News	NaN	15.206250190734863
1073	1074	fr	ewe	challenge_SSA-MTE	hyp1	News	NaN	17.420516967773438
1074	1075	fr	ewe	challenge_SSA-MTE	hyp1	News	NaN	18.313589096069336
1075	1076	fr	ewe	challenge_SSA-MTE	hyp1	News	NaN	17.278179168701172
1076	1077	fr	ewe	challenge_SSA-MTE	hyp1	News	NaN	18.3159236907959
0	1	fr	wol	challenge_SSA-MTE	hyp1	News	NaN	26.24529266357422
1	2	fr	wol	challenge_SSA-MTE	hyp1	News	NaN	30.199989318847656
2	3	fr	wol	challenge_SSA-MTE	hyp1	News	NaN	26.4222354888916
3	4	fr	wol	challenge_SSA-MTE	hyp1	News	NaN	24.524314880371094
4	5	fr	wol	challenge_SSA-MTE	hyp1	News	NaN	21.731754302978516
5	6	fr	wol	challenge_SSA-MTE	hyp1	News	NaN	24.899723052978516
6	7	fr	wol	challenge_SSA-MTE	hyp1	News	NaN	26.160972595214844
7	8	fr	wol	challenge_SSA-MTE	hyp1	News	NaN	26.395206451416016
8	9	fr	wol	challenge_SSA-MTE	hyp1	News	NaN	21.24590301513672
9	10	fr	wol	challenge_SSA-MTE	hyp1	News	NaN	30.781478881835938
10	11	fr	wol	challenge_SSA-MTE	hyp1	News	NaN	35.74052429199219
11	12	fr	wol	challenge_SSA-MTE	hyp1	News	NaN	29.096485137939453
12	13	fr	wol	challenge_SSA-MTE	hyp1	News	NaN	26.23996925354004
13	14	fr	wol	challenge_SSA-MTE	hyp1	News	NaN	25.817516326904297
14	15	fr	wol	challenge_SSA-MTE	hyp1	News	NaN	29.057235717773438
15	16	fr	wol	challenge_SSA-MTE	hyp1	News	NaN	27.210063934326172
16	17	fr	wol	challenge_SSA-MTE	hyp1	News	NaN	33.83045959472656
17	18	fr	wol	challenge_SSA-MTE	hyp1	News	NaN	61.61365509033203
18	19	fr	wol	challenge_SSA-MTE	hyp1	News	NaN	46.4577522277832
19	20	fr	wol	challenge_SSA-MTE	hyp1	News	NaN	35.72269821166992
20	21	fr	wol	challenge_SSA-MTE	hyp1	News	NaN	16.65471076965332
21	22	fr	wol	challenge_SSA-MTE	hyp1	News	NaN	-4.667746067047119
22	23	fr	wol	challenge_SSA-MTE	hyp1	News	NaN	19.043685913085938
23	24	fr	wol	challenge_SSA-MTE	hyp1	News	NaN	16.23560333251953
24	25	fr	wol	challenge_SSA-MTE	hyp1	News	NaN	19.7525634765625
25	26	fr	wol	challenge_SSA-MTE	hyp1	News	NaN	23.389911651611328
26	27	fr	wol	challenge_SSA-MTE	hyp1	News	NaN	14.316733360290527
27	28	fr	wol	challenge_SSA-MTE	hyp1	News	NaN	60.427223205566406
28	29	fr	wol	challenge_SSA-MTE	hyp1	News	NaN	43.70226287841797
29	30	fr	wol	challenge_SSA-MTE	hyp1	News	NaN	23.868921279907227
30	31	fr	wol	challenge_SSA-MTE	hyp1	News	NaN	33.236907958984375
31	32	fr	wol	challenge_SSA-MTE	hyp1	News	NaN	39.72233581542969
32	33	fr	wol	challenge_SSA-MTE	hyp1	News	NaN	32.31621551513672
33	34	fr	wol	challenge_SSA-MTE	hyp1	News	NaN	31.84471893310547
34	35	fr	wol	challenge_SSA-MTE	hyp1	News	NaN	22.930896759033203
35	36	fr	wol	challenge_SSA-MTE	hyp1	News	NaN	35.004791259765625
36	37	fr	wol	challenge_SSA-MTE	hyp1	News	NaN	30.454700469970703
37	38	fr	wol	challenge_SSA-MTE	hyp1	News	NaN	35.54421615600586
38	39	fr	wol	challenge_SSA-MTE	hyp1	News	NaN	38.552520751953125
39	40	fr	wol	challenge_SSA-MTE	hyp1	News	NaN	28.391555786132812
40	41	fr	wol	challenge_SSA-MTE	hyp1	News	NaN	33.261661529541016
41	42	fr	wol	challenge_SSA-MTE	hyp1	News	NaN	37.526466369628906
42	43	fr	wol	challenge_SSA-MTE	hyp1	News	NaN	29.01825523376465
43	44	fr	wol	challenge_SSA-MTE	hyp1	News	NaN	19.55172348022461
44	45	fr	wol	challenge_SSA-MTE	hyp1	News	NaN	22.38299560546875
45	46	fr	wol	challenge_SSA-MTE	hyp1	News	NaN	37.38037109375
46	47	fr	wol	challenge_SSA-MTE	hyp1	News	NaN	24.937828063964844
47	48	fr	wol	challenge_SSA-MTE	hyp1	News	NaN	20.878192901611328
48	49	fr	wol	challenge_SSA-MTE	hyp1	News	NaN	9.402167320251465
49	50	fr	wol	challenge_SSA-MTE	hyp1	News	NaN	14.62192153930664
50	51	fr	wol	challenge_SSA-MTE	hyp1	News	NaN	35.71011734008789
51	52	fr	wol	challenge_SSA-MTE	hyp1	News	NaN	27.038143157958984
52	53	fr	wol	challenge_SSA-MTE	hyp1	News	NaN	21.069421768188477
53	54	fr	wol	challenge_SSA-MTE	hyp1	News	NaN	21.365800857543945
54	55	fr	wol	challenge_SSA-MTE	hyp1	News	NaN	21.50283432006836
55	56	fr	wol	challenge_SSA-MTE	hyp1	News	NaN	11.883934020996094
56	57	fr	wol	challenge_SSA-MTE	hyp1	News	NaN	30.01532745361328
57	58	fr	wol	challenge_SSA-MTE	hyp1	News	NaN	30.39349937438965
58	59	fr	wol	challenge_SSA-MTE	hyp1	News	NaN	30.89234733581543
59	60	fr	wol	challenge_SSA-MTE	hyp1	News	NaN	35.14445495605469
60	61	fr	wol	challenge_SSA-MTE	hyp1	News	NaN	26.498273849487305
61	62	fr	wol	challenge_SSA-MTE	hyp1	News	NaN	17.580228805541992
62	63	fr	wol	challenge_SSA-MTE	hyp1	News	NaN	12.844688415527344
63	64	fr	wol	challenge_SSA-MTE	hyp1	News	NaN	32.73146438598633
64	65	fr	wol	challenge_SSA-MTE	hyp1	News	NaN	31.49853515625
65	66	fr	wol	challenge_SSA-MTE	hyp1	News	NaN	15.529825210571289
66	67	fr	wol	challenge_SSA-MTE	hyp1	News	NaN	24.686702728271484
67	68	fr	wol	challenge_SSA-MTE	hyp1	News	NaN	20.929452896118164
68	69	fr	wol	challenge_SSA-MTE	hyp1	News	NaN	16.04390525817871
69	70	fr	wol	challenge_SSA-MTE	hyp1	News	NaN	45.02054214477539
70	71	fr	wol	challenge_SSA-MTE	hyp1	News	NaN	83.58745574951172
71	72	fr	wol	challenge_SSA-MTE	hyp1	News	NaN	48.40489196777344
72	73	fr	wol	challenge_SSA-MTE	hyp1	News	NaN	50.2803955078125
73	74	fr	wol	challenge_SSA-MTE	hyp1	News	NaN	36.72265625
74	75	fr	wol	challenge_SSA-MTE	hyp1	News	NaN	30.15699005126953
75	76	fr	wol	challenge_SSA-MTE	hyp1	News	NaN	35.81187438964844
76	77	fr	wol	challenge_SSA-MTE	hyp1	News	NaN	33.08584976196289
77	78	fr	wol	challenge_SSA-MTE	hyp1	News	NaN	30.87666893005371
78	79	fr	wol	challenge_SSA-MTE	hyp1	News	NaN	25.427406311035156
79	80	fr	wol	challenge_SSA-MTE	hyp1	News	NaN	17.008132934570312
80	81	fr	wol	challenge_SSA-MTE	hyp1	News	NaN	31.68136215209961
81	82	fr	wol	challenge_SSA-MTE	hyp1	News	NaN	11.924955368041992
82	83	fr	wol	challenge_SSA-MTE	hyp1	News	NaN	19.186481475830078
83	84	fr	wol	challenge_SSA-MTE	hyp1	News	NaN	18.903057098388672
84	85	fr	wol	challenge_SSA-MTE	hyp1	News	NaN	27.56869888305664
85	86	fr	wol	challenge_SSA-MTE	hyp1	News	NaN	17.40691375732422
86	87	fr	wol	challenge_SSA-MTE	hyp1	News	NaN	38.370445251464844
87	88	fr	wol	challenge_SSA-MTE	hyp1	News	NaN	18.340482711791992
88	89	fr	wol	challenge_SSA-MTE	hyp1	News	NaN	13.245519638061523
89	90	fr	wol	challenge_SSA-MTE	hyp1	News	NaN	30.330459594726562
90	91	fr	wol	challenge_SSA-MTE	hyp1	News	NaN	19.045360565185547
91	92	fr	wol	challenge_SSA-MTE	hyp1	News	NaN	17.284902572631836
92	93	fr	wol	challenge_SSA-MTE	hyp1	News	NaN	24.995220184326172
93	94	fr	wol	challenge_SSA-MTE	hyp1	News	NaN	37.939666748046875
94	95	fr	wol	challenge_SSA-MTE	hyp1	News	NaN	23.027219772338867
95	96	fr	wol	challenge_SSA-MTE	hyp1	News	NaN	25.343856811523438
96	97	fr	wol	challenge_SSA-MTE	hyp1	News	NaN	34.75645065307617
97	98	fr	wol	challenge_SSA-MTE	hyp1	News	NaN	26.118942260742188
98	99	fr	wol	challenge_SSA-MTE	hyp1	News	NaN	19.459888458251953
99	100	fr	wol	challenge_SSA-MTE	hyp1	News	NaN	26.63145637512207
100	101	fr	wol	challenge_SSA-MTE	hyp1	News	NaN	21.490867614746094
101	102	fr	wol	challenge_SSA-MTE	hyp1	News	NaN	25.292484283447266
102	103	fr	wol	challenge_SSA-MTE	hyp1	News	NaN	46.35715103149414
103	104	fr	wol	challenge_SSA-MTE	hyp1	News	NaN	25.125661849975586
104	105	fr	wol	challenge_SSA-MTE	hyp1	News	NaN	22.779491424560547
105	106	fr	wol	challenge_SSA-MTE	hyp1	News	NaN	30.54306411743164
106	107	fr	wol	challenge_SSA-MTE	hyp1	News	NaN	36.380165100097656
107	108	fr	wol	challenge_SSA-MTE	hyp1	News	NaN	33.3191032409668
108	109	fr	wol	challenge_SSA-MTE	hyp1	News	NaN	39.30200958251953
109	110	fr	wol	challenge_SSA-MTE	hyp1	News	NaN	36.6580810546875
110	111	fr	wol	challenge_SSA-MTE	hyp1	News	NaN	57.66136932373047
111	112	fr	wol	challenge_SSA-MTE	hyp1	News	NaN	18.246299743652344
112	113	fr	wol	challenge_SSA-MTE	hyp1	News	NaN	19.767770767211914
113	114	fr	wol	challenge_SSA-MTE	hyp1	News	NaN	20.802692413330078
114	115	fr	wol	challenge_SSA-MTE	hyp1	News	NaN	24.394954681396484
115	116	fr	wol	challenge_SSA-MTE	hyp1	News	NaN	13.024864196777344
116	117	fr	wol	challenge_SSA-MTE	hyp1	News	NaN	20.710248947143555
117	118	fr	wol	challenge_SSA-MTE	hyp1	News	NaN	24.209897994995117
118	119	fr	wol	challenge_SSA-MTE	hyp1	News	NaN	20.96324348449707
119	120	fr	wol	challenge_SSA-MTE	hyp1	News	NaN	34.921913146972656
120	121	fr	wol	challenge_SSA-MTE	hyp1	News	NaN	23.95066261291504
121	122	fr	wol	challenge_SSA-MTE	hyp1	News	NaN	14.723230361938477
122	123	fr	wol	challenge_SSA-MTE	hyp1	News	NaN	33.293113708496094
123	124	fr	wol	challenge_SSA-MTE	hyp1	News	NaN	30.340484619140625
124	125	fr	wol	challenge_SSA-MTE	hyp1	News	NaN	26.275779724121094
125	126	fr	wol	challenge_SSA-MTE	hyp1	News	NaN	29.314802169799805
126	127	fr	wol	challenge_SSA-MTE	hyp1	News	NaN	23.40460205078125
127	128	fr	wol	challenge_SSA-MTE	hyp1	News	NaN	40.70501708984375
128	129	fr	wol	challenge_SSA-MTE	hyp1	News	NaN	33.919639587402344
129	130	fr	wol	challenge_SSA-MTE	hyp1	News	NaN	40.40740966796875
130	131	fr	wol	challenge_SSA-MTE	hyp1	News	NaN	26.29530143737793
131	132	fr	wol	challenge_SSA-MTE	hyp1	News	NaN	22.89181900024414
132	133	fr	wol	challenge_SSA-MTE	hyp1	News	NaN	52.18616485595703
133	134	fr	wol	challenge_SSA-MTE	hyp1	News	NaN	38.611480712890625
134	135	fr	wol	challenge_SSA-MTE	hyp1	News	NaN	25.110071182250977
135	136	fr	wol	challenge_SSA-MTE	hyp1	News	NaN	23.710203170776367
136	137	fr	wol	challenge_SSA-MTE	hyp1	News	NaN	18.90260124206543
137	138	fr	wol	challenge_SSA-MTE	hyp1	News	NaN	19.88555145263672
138	139	fr	wol	challenge_SSA-MTE	hyp1	News	NaN	26.3749942779541
139	140	fr	wol	challenge_SSA-MTE	hyp1	News	NaN	33.70279312133789
140	141	fr	wol	challenge_SSA-MTE	hyp1	News	NaN	31.83000946044922
141	142	fr	wol	challenge_SSA-MTE	hyp1	News	NaN	31.348718643188477
142	143	fr	wol	challenge_SSA-MTE	hyp1	News	NaN	24.077728271484375
143	144	fr	wol	challenge_SSA-MTE	hyp1	News	NaN	45.303165435791016
144	145	fr	wol	challenge_SSA-MTE	hyp1	News	NaN	46.609100341796875
145	146	fr	wol	challenge_SSA-MTE	hyp1	News	NaN	19.215330123901367
146	147	fr	wol	challenge_SSA-MTE	hyp1	News	NaN	24.39807891845703
147	148	fr	wol	challenge_SSA-MTE	hyp1	News	NaN	19.489063262939453
148	149	fr	wol	challenge_SSA-MTE	hyp1	News	NaN	27.186262130737305
149	150	fr	wol	challenge_SSA-MTE	hyp1	News	NaN	26.728252410888672
150	151	fr	wol	challenge_SSA-MTE	hyp1	News	NaN	26.959327697753906
151	152	fr	wol	challenge_SSA-MTE	hyp1	News	NaN	18.318248748779297
152	153	fr	wol	challenge_SSA-MTE	hyp1	News	NaN	22.130558013916016
153	154	fr	wol	challenge_SSA-MTE	hyp1	News	NaN	17.614498138427734
154	155	fr	wol	challenge_SSA-MTE	hyp1	News	NaN	35.4760627746582
155	156	fr	wol	challenge_SSA-MTE	hyp1	News	NaN	16.685928344726562
156	157	fr	wol	challenge_SSA-MTE	hyp1	News	NaN	19.22386932373047
157	158	fr	wol	challenge_SSA-MTE	hyp1	News	NaN	8.344043731689453
158	159	fr	wol	challenge_SSA-MTE	hyp1	News	NaN	20.14764976501465
159	160	fr	wol	challenge_SSA-MTE	hyp1	News	NaN	26.888355255126953
160	161	fr	wol	challenge_SSA-MTE	hyp1	News	NaN	9.129720687866211
161	162	fr	wol	challenge_SSA-MTE	hyp1	News	NaN	30.345563888549805
162	163	fr	wol	challenge_SSA-MTE	hyp1	News	NaN	20.402423858642578
163	164	fr	wol	challenge_SSA-MTE	hyp1	News	NaN	26.627164840698242
164	165	fr	wol	challenge_SSA-MTE	hyp1	News	NaN	27.482154846191406
165	166	fr	wol	challenge_SSA-MTE	hyp1	News	NaN	26.452611923217773
166	167	fr	wol	challenge_SSA-MTE	hyp1	News	NaN	30.440956115722656
167	168	fr	wol	challenge_SSA-MTE	hyp1	News	NaN	44.509220123291016
168	169	fr	wol	challenge_SSA-MTE	hyp1	News	NaN	39.7733154296875
169	170	fr	wol	challenge_SSA-MTE	hyp1	News	NaN	34.60527801513672
170	171	fr	wol	challenge_SSA-MTE	hyp1	News	NaN	22.29456329345703
171	172	fr	wol	challenge_SSA-MTE	hyp1	News	NaN	25.572654724121094
172	173	fr	wol	challenge_SSA-MTE	hyp1	News	NaN	9.892488479614258
173	174	fr	wol	challenge_SSA-MTE	hyp1	News	NaN	17.192058563232422
174	175	fr	wol	challenge_SSA-MTE	hyp1	News	NaN	37.53438949584961
175	176	fr	wol	challenge_SSA-MTE	hyp1	News	NaN	45.024391174316406
176	177	fr	wol	challenge_SSA-MTE	hyp1	News	NaN	40.20088195800781
177	178	fr	wol	challenge_SSA-MTE	hyp1	News	NaN	44.67779541015625
178	179	fr	wol	challenge_SSA-MTE	hyp1	News	NaN	36.02800750732422
179	180	fr	wol	challenge_SSA-MTE	hyp1	News	NaN	23.44278335571289
180	181	fr	wol	challenge_SSA-MTE	hyp1	News	NaN	33.68293762207031
181	182	fr	wol	challenge_SSA-MTE	hyp1	News	NaN	16.637229919433594
182	183	fr	wol	challenge_SSA-MTE	hyp1	News	NaN	19.67546844482422
183	184	fr	wol	challenge_SSA-MTE	hyp1	News	NaN	34.7719841003418
184	185	fr	wol	challenge_SSA-MTE	hyp1	News	NaN	22.14592170715332
185	186	fr	wol	challenge_SSA-MTE	hyp1	News	NaN	18.705673217773438
186	187	fr	wol	challenge_SSA-MTE	hyp1	News	NaN	25.37002182006836
187	188	fr	wol	challenge_SSA-MTE	hyp1	News	NaN	19.682865142822266
188	189	fr	wol	challenge_SSA-MTE	hyp1	News	NaN	20.36410140991211
189	190	fr	wol	challenge_SSA-MTE	hyp1	News	NaN	16.87643814086914
190	191	fr	wol	challenge_SSA-MTE	hyp1	News	NaN	25.994775772094727
191	192	fr	wol	challenge_SSA-MTE	hyp1	News	NaN	23.878782272338867
192	193	fr	wol	challenge_SSA-MTE	hyp1	News	NaN	18.69013023376465
193	194	fr	wol	challenge_SSA-MTE	hyp1	News	NaN	22.881481170654297
194	195	fr	wol	challenge_SSA-MTE	hyp1	News	NaN	27.444765090942383
195	196	fr	wol	challenge_SSA-MTE	hyp1	News	NaN	29.74790382385254
196	197	fr	wol	challenge_SSA-MTE	hyp1	News	NaN	43.81385803222656
197	198	fr	wol	challenge_SSA-MTE	hyp1	News	NaN	23.22173309326172
198	199	fr	wol	challenge_SSA-MTE	hyp1	News	NaN	40.412437438964844
199	200	fr	wol	challenge_SSA-MTE	hyp1	News	NaN	25.941726684570312
200	201	fr	wol	challenge_SSA-MTE	hyp1	News	NaN	20.174266815185547
201	202	fr	wol	challenge_SSA-MTE	hyp1	News	NaN	27.947813034057617
202	203	fr	wol	challenge_SSA-MTE	hyp1	News	NaN	33.79832458496094
203	204	fr	wol	challenge_SSA-MTE	hyp1	News	NaN	41.02887725830078
204	205	fr	wol	challenge_SSA-MTE	hyp1	News	NaN	86.0902099609375
205	206	fr	wol	challenge_SSA-MTE	hyp1	News	NaN	28.38381004333496
206	207	fr	wol	challenge_SSA-MTE	hyp1	News	NaN	29.133337020874023
207	208	fr	wol	challenge_SSA-MTE	hyp1	News	NaN	19.36796760559082
208	209	fr	wol	challenge_SSA-MTE	hyp1	News	NaN	42.63964080810547
209	210	fr	wol	challenge_SSA-MTE	hyp1	News	NaN	30.082258224487305
210	211	fr	wol	challenge_SSA-MTE	hyp1	News	NaN	27.95538330078125
211	212	fr	wol	challenge_SSA-MTE	hyp1	News	NaN	48.616004943847656
212	213	fr	wol	challenge_SSA-MTE	hyp1	News	NaN	44.24495315551758
213	214	fr	wol	challenge_SSA-MTE	hyp1	News	NaN	26.626564025878906
214	215	fr	wol	challenge_SSA-MTE	hyp1	News	NaN	75.68910217285156
215	216	fr	wol	challenge_SSA-MTE	hyp1	News	NaN	39.16032409667969
216	217	fr	wol	challenge_SSA-MTE	hyp1	News	NaN	21.067258834838867
217	218	fr	wol	challenge_SSA-MTE	hyp1	News	NaN	21.445816040039062
218	219	fr	wol	challenge_SSA-MTE	hyp1	News	NaN	23.759302139282227
219	220	fr	wol	challenge_SSA-MTE	hyp1	News	NaN	23.4134578704834
220	221	fr	wol	challenge_SSA-MTE	hyp1	News	NaN	20.155994415283203
221	222	fr	wol	challenge_SSA-MTE	hyp1	News	NaN	22.368711471557617
222	223	fr	wol	challenge_SSA-MTE	hyp1	News	NaN	22.835861206054688
223	224	fr	wol	challenge_SSA-MTE	hyp1	News	NaN	26.346017837524414
224	225	fr	wol	challenge_SSA-MTE	hyp1	News	NaN	22.53472900390625
225	226	fr	wol	challenge_SSA-MTE	hyp1	News	NaN	30.231861114501953
226	227	fr	wol	challenge_SSA-MTE	hyp1	News	NaN	24.147918701171875
227	228	fr	wol	challenge_SSA-MTE	hyp1	News	NaN	26.578407287597656
228	229	fr	wol	challenge_SSA-MTE	hyp1	News	NaN	30.842628479003906
229	230	fr	wol	challenge_SSA-MTE	hyp1	News	NaN	23.687517166137695
230	231	fr	wol	challenge_SSA-MTE	hyp1	News	NaN	28.535432815551758
231	232	fr	wol	challenge_SSA-MTE	hyp1	News	NaN	29.24997901916504
232	233	fr	wol	challenge_SSA-MTE	hyp1	News	NaN	19.179344177246094
233	234	fr	wol	challenge_SSA-MTE	hyp1	News	NaN	23.043224334716797
234	235	fr	wol	challenge_SSA-MTE	hyp1	News	NaN	24.674602508544922
235	236	fr	wol	challenge_SSA-MTE	hyp1	News	NaN	17.79107666015625
236	237	fr	wol	challenge_SSA-MTE	hyp1	News	NaN	14.962921142578125
237	238	fr	wol	challenge_SSA-MTE	hyp1	News	NaN	25.248727798461914
238	239	fr	wol	challenge_SSA-MTE	hyp1	News	NaN	23.039865493774414
239	240	fr	wol	challenge_SSA-MTE	hyp1	News	NaN	24.88225746154785
240	241	fr	wol	challenge_SSA-MTE	hyp1	News	NaN	25.061004638671875
241	242	fr	wol	challenge_SSA-MTE	hyp1	News	NaN	23.028907775878906
242	243	fr	wol	challenge_SSA-MTE	hyp1	News	NaN	27.387035369873047
243	244	fr	wol	challenge_SSA-MTE	hyp1	News	NaN	29.298158645629883
244	245	fr	wol	challenge_SSA-MTE	hyp1	News	NaN	25.03063201904297
245	246	fr	wol	challenge_SSA-MTE	hyp1	News	NaN	12.400995254516602
246	247	fr	wol	challenge_SSA-MTE	hyp1	News	NaN	20.00221061706543
247	248	fr	wol	challenge_SSA-MTE	hyp1	News	NaN	28.607515335083008
248	249	fr	wol	challenge_SSA-MTE	hyp1	News	NaN	29.35127067565918
249	250	fr	wol	challenge_SSA-MTE	hyp1	News	NaN	36.46928024291992
250	251	fr	wol	challenge_SSA-MTE	hyp1	News	NaN	27.235973358154297
251	252	fr	wol	challenge_SSA-MTE	hyp1	News	NaN	21.205867767333984
252	253	fr	wol	challenge_SSA-MTE	hyp1	News	NaN	23.017547607421875
253	254	fr	wol	challenge_SSA-MTE	hyp1	News	NaN	34.23693084716797
254	255	fr	wol	challenge_SSA-MTE	hyp1	News	NaN	9.426373481750488
255	256	fr	wol	challenge_SSA-MTE	hyp1	News	NaN	20.877174377441406
256	257	fr	wol	challenge_SSA-MTE	hyp1	News	NaN	17.151126861572266
257	258	fr	wol	challenge_SSA-MTE	hyp1	News	NaN	21.68031883239746
258	259	fr	wol	challenge_SSA-MTE	hyp1	News	NaN	30.714082717895508
259	260	fr	wol	challenge_SSA-MTE	hyp1	News	NaN	26.344463348388672
260	261	fr	wol	challenge_SSA-MTE	hyp1	News	NaN	31.572738647460938
261	262	fr	wol	challenge_SSA-MTE	hyp1	News	NaN	35.79373550415039
262	263	fr	wol	challenge_SSA-MTE	hyp1	News	NaN	29.052146911621094
263	264	fr	wol	challenge_SSA-MTE	hyp1	News	NaN	29.50086784362793
264	265	fr	wol	challenge_SSA-MTE	hyp1	News	NaN	25.389568328857422
265	266	fr	wol	challenge_SSA-MTE	hyp1	News	NaN	29.191347122192383
266	267	fr	wol	challenge_SSA-MTE	hyp1	News	NaN	20.698219299316406
267	268	fr	wol	challenge_SSA-MTE	hyp1	News	NaN	27.913883209228516
268	269	fr	wol	challenge_SSA-MTE	hyp1	News	NaN	18.820547103881836
269	270	fr	wol	challenge_SSA-MTE	hyp1	News	NaN	24.17630386352539
270	271	fr	wol	challenge_SSA-MTE	hyp1	News	NaN	31.59473419189453
271	272	fr	wol	challenge_SSA-MTE	hyp1	News	NaN	34.643768310546875
272	273	fr	wol	challenge_SSA-MTE	hyp1	News	NaN	37.722381591796875
273	274	fr	wol	challenge_SSA-MTE	hyp1	News	NaN	27.881261825561523
274	275	fr	wol	challenge_SSA-MTE	hyp1	News	NaN	23.404338836669922
275	276	fr	wol	challenge_SSA-MTE	hyp1	News	NaN	41.65012741088867
276	277	fr	wol	challenge_SSA-MTE	hyp1	News	NaN	35.26189422607422
277	278	fr	wol	challenge_SSA-MTE	hyp1	News	NaN	19.376869201660156
278	279	fr	wol	challenge_SSA-MTE	hyp1	News	NaN	-1.7782021760940552
279	280	fr	wol	challenge_SSA-MTE	hyp1	News	NaN	2.587033748626709
280	281	fr	wol	challenge_SSA-MTE	hyp1	News	NaN	15.928022384643555
281	282	fr	wol	challenge_SSA-MTE	hyp1	News	NaN	19.59844970703125
282	283	fr	wol	challenge_SSA-MTE	hyp1	News	NaN	25.465171813964844
283	284	fr	wol	challenge_SSA-MTE	hyp1	News	NaN	6.357420444488525
284	285	fr	wol	challenge_SSA-MTE	hyp1	News	NaN	13.982425689697266
285	286	fr	wol	challenge_SSA-MTE	hyp1	News	NaN	24.7528018951416
286	287	fr	wol	challenge_SSA-MTE	hyp1	News	NaN	19.572948455810547
287	288	fr	wol	challenge_SSA-MTE	hyp1	News	NaN	22.893592834472656
288	289	fr	wol	challenge_SSA-MTE	hyp1	News	NaN	20.91858673095703
289	290	fr	wol	challenge_SSA-MTE	hyp1	News	NaN	23.096059799194336
290	291	fr	wol	challenge_SSA-MTE	hyp1	News	NaN	25.322025299072266
291	292	fr	wol	challenge_SSA-MTE	hyp1	News	NaN	22.47252655029297
292	293	fr	wol	challenge_SSA-MTE	hyp1	News	NaN	16.361860275268555
293	294	fr	wol	challenge_SSA-MTE	hyp1	News	NaN	18.237281799316406
294	295	fr	wol	challenge_SSA-MTE	hyp1	News	NaN	15.414386749267578
295	296	fr	wol	challenge_SSA-MTE	hyp1	News	NaN	23.684999465942383
296	297	fr	wol	challenge_SSA-MTE	hyp1	News	NaN	21.309553146362305
297	298	fr	wol	challenge_SSA-MTE	hyp1	News	NaN	37.088172912597656
298	299	fr	wol	challenge_SSA-MTE	hyp1	News	NaN	12.035257339477539
299	300	fr	wol	challenge_SSA-MTE	hyp1	News	NaN	19.04874038696289
300	301	fr	wol	challenge_SSA-MTE	hyp1	News	NaN	29.944995880126953
301	302	fr	wol	challenge_SSA-MTE	hyp1	News	NaN	35.453636169433594
302	303	fr	wol	challenge_SSA-MTE	hyp1	News	NaN	19.205307006835938
303	304	fr	wol	challenge_SSA-MTE	hyp1	News	NaN	71.61686706542969
304	305	fr	wol	challenge_SSA-MTE	hyp1	News	NaN	22.237749099731445
305	306	fr	wol	challenge_SSA-MTE	hyp1	News	NaN	40.56299591064453
306	307	fr	wol	challenge_SSA-MTE	hyp1	News	NaN	34.203948974609375
307	308	fr	wol	challenge_SSA-MTE	hyp1	News	NaN	31.69228172302246
308	309	fr	wol	challenge_SSA-MTE	hyp1	News	NaN	22.496639251708984
309	310	fr	wol	challenge_SSA-MTE	hyp1	News	NaN	26.257156372070312
310	311	fr	wol	challenge_SSA-MTE	hyp1	News	NaN	29.91588592529297
311	312	fr	wol	challenge_SSA-MTE	hyp1	News	NaN	39.862728118896484
312	313	fr	wol	challenge_SSA-MTE	hyp1	News	NaN	20.54324722290039
313	314	fr	wol	challenge_SSA-MTE	hyp1	News	NaN	29.830018997192383
314	315	fr	wol	challenge_SSA-MTE	hyp1	News	NaN	45.57896423339844
315	316	fr	wol	challenge_SSA-MTE	hyp1	News	NaN	26.46997833251953
316	317	fr	wol	challenge_SSA-MTE	hyp1	News	NaN	14.859295845031738
317	318	fr	wol	challenge_SSA-MTE	hyp1	News	NaN	29.287872314453125
318	319	fr	wol	challenge_SSA-MTE	hyp1	News	NaN	23.367992401123047
319	320	fr	wol	challenge_SSA-MTE	hyp1	News	NaN	27.327518463134766
320	321	fr	wol	challenge_SSA-MTE	hyp1	News	NaN	31.540437698364258
321	322	fr	wol	challenge_SSA-MTE	hyp1	News	NaN	21.293170928955078
322	323	fr	wol	challenge_SSA-MTE	hyp1	News	NaN	31.999324798583984
323	324	fr	wol	challenge_SSA-MTE	hyp1	News	NaN	26.807170867919922
324	325	fr	wol	challenge_SSA-MTE	hyp1	News	NaN	27.37592124938965
325	326	fr	wol	challenge_SSA-MTE	hyp1	News	NaN	28.2497501373291
326	327	fr	wol	challenge_SSA-MTE	hyp1	News	NaN	31.219493865966797
327	328	fr	wol	challenge_SSA-MTE	hyp1	News	NaN	21.206130981445312
328	329	fr	wol	challenge_SSA-MTE	hyp1	News	NaN	37.022979736328125
329	330	fr	wol	challenge_SSA-MTE	hyp1	News	NaN	22.190025329589844
330	331	fr	wol	challenge_SSA-MTE	hyp1	News	NaN	30.345943450927734
331	332	fr	wol	challenge_SSA-MTE	hyp1	News	NaN	32.31998062133789
332	333	fr	wol	challenge_SSA-MTE	hyp1	News	NaN	21.093692779541016
333	334	fr	wol	challenge_SSA-MTE	hyp1	News	NaN	25.021800994873047
334	335	fr	wol	challenge_SSA-MTE	hyp1	News	NaN	43.221458435058594
335	336	fr	wol	challenge_SSA-MTE	hyp1	News	NaN	19.917430877685547
336	337	fr	wol	challenge_SSA-MTE	hyp1	News	NaN	30.34374237060547
337	338	fr	wol	challenge_SSA-MTE	hyp1	News	NaN	23.20054817199707
338	339	fr	wol	challenge_SSA-MTE	hyp1	News	NaN	13.111496925354004
339	340	fr	wol	challenge_SSA-MTE	hyp1	News	NaN	27.68062400817871
340	341	fr	wol	challenge_SSA-MTE	hyp1	News	NaN	34.98066711425781
341	342	fr	wol	challenge_SSA-MTE	hyp1	News	NaN	25.98980712890625
342	343	fr	wol	challenge_SSA-MTE	hyp1	News	NaN	24.047443389892578
343	344	fr	wol	challenge_SSA-MTE	hyp1	News	NaN	19.140478134155273
344	345	fr	wol	challenge_SSA-MTE	hyp1	News	NaN	16.068395614624023
345	346	fr	wol	challenge_SSA-MTE	hyp1	News	NaN	19.09775161743164
346	347	fr	wol	challenge_SSA-MTE	hyp1	News	NaN	21.99201774597168
347	348	fr	wol	challenge_SSA-MTE	hyp1	News	NaN	19.203964233398438
348	349	fr	wol	challenge_SSA-MTE	hyp1	News	NaN	19.282352447509766
349	350	fr	wol	challenge_SSA-MTE	hyp1	News	NaN	15.0191650390625
350	351	fr	wol	challenge_SSA-MTE	hyp1	News	NaN	11.732028007507324
351	352	fr	wol	challenge_SSA-MTE	hyp1	News	NaN	34.68614196777344
352	353	fr	wol	challenge_SSA-MTE	hyp1	News	NaN	17.66427993774414
353	354	fr	wol	challenge_SSA-MTE	hyp1	News	NaN	25.411380767822266
354	355	fr	wol	challenge_SSA-MTE	hyp1	News	NaN	25.737194061279297
355	356	fr	wol	challenge_SSA-MTE	hyp1	News	NaN	19.74484634399414
356	357	fr	wol	challenge_SSA-MTE	hyp1	News	NaN	33.223209381103516
357	358	fr	wol	challenge_SSA-MTE	hyp1	News	NaN	75.926513671875
358	359	fr	wol	challenge_SSA-MTE	hyp1	News	NaN	37.93761444091797
359	360	fr	wol	challenge_SSA-MTE	hyp1	News	NaN	40.0810546875
360	361	fr	wol	challenge_SSA-MTE	hyp1	News	NaN	37.842308044433594
361	362	fr	wol	challenge_SSA-MTE	hyp1	News	NaN	39.52789306640625
362	363	fr	wol	challenge_SSA-MTE	hyp1	News	NaN	26.075946807861328
363	364	fr	wol	challenge_SSA-MTE	hyp1	News	NaN	22.90496826171875
364	365	fr	wol	challenge_SSA-MTE	hyp1	News	NaN	35.88021469116211
365	366	fr	wol	challenge_SSA-MTE	hyp1	News	NaN	28.353609085083008
366	367	fr	wol	challenge_SSA-MTE	hyp1	News	NaN	29.461780548095703
367	368	fr	wol	challenge_SSA-MTE	hyp1	News	NaN	19.592483520507812
368	369	fr	wol	challenge_SSA-MTE	hyp1	News	NaN	25.0087890625
369	370	fr	wol	challenge_SSA-MTE	hyp1	News	NaN	20.14536476135254
370	371	fr	wol	challenge_SSA-MTE	hyp1	News	NaN	21.97974395751953
371	372	fr	wol	challenge_SSA-MTE	hyp1	News	NaN	26.783153533935547
372	373	fr	wol	challenge_SSA-MTE	hyp1	News	NaN	18.96668243408203
373	374	fr	wol	challenge_SSA-MTE	hyp1	News	NaN	22.60397720336914
374	375	fr	wol	challenge_SSA-MTE	hyp1	News	NaN	26.107200622558594
375	376	fr	wol	challenge_SSA-MTE	hyp1	News	NaN	14.102806091308594
376	377	fr	wol	challenge_SSA-MTE	hyp1	News	NaN	24.041805267333984
377	378	fr	wol	challenge_SSA-MTE	hyp1	News	NaN	24.833606719970703
378	379	fr	wol	challenge_SSA-MTE	hyp1	News	NaN	34.734466552734375
379	380	fr	wol	challenge_SSA-MTE	hyp1	News	NaN	18.96087646484375
380	381	fr	wol	challenge_SSA-MTE	hyp1	News	NaN	25.12790298461914
381	382	fr	wol	challenge_SSA-MTE	hyp1	News	NaN	23.474651336669922
382	383	fr	wol	challenge_SSA-MTE	hyp1	News	NaN	20.853878021240234
383	384	fr	wol	challenge_SSA-MTE	hyp1	News	NaN	16.0456600189209
384	385	fr	wol	challenge_SSA-MTE	hyp1	News	NaN	23.518526077270508
385	386	fr	wol	challenge_SSA-MTE	hyp1	News	NaN	24.297863006591797
386	387	fr	wol	challenge_SSA-MTE	hyp1	News	NaN	26.675472259521484
387	388	fr	wol	challenge_SSA-MTE	hyp1	News	NaN	21.979297637939453
388	389	fr	wol	challenge_SSA-MTE	hyp1	News	NaN	31.11825942993164
389	390	fr	wol	challenge_SSA-MTE	hyp1	News	NaN	31.756139755249023
390	391	fr	wol	challenge_SSA-MTE	hyp1	News	NaN	25.061790466308594
391	392	fr	wol	challenge_SSA-MTE	hyp1	News	NaN	36.2899284362793
392	393	fr	wol	challenge_SSA-MTE	hyp1	News	NaN	21.260826110839844
393	394	fr	wol	challenge_SSA-MTE	hyp1	News	NaN	20.92218017578125
394	395	fr	wol	challenge_SSA-MTE	hyp1	News	NaN	36.68918991088867
395	396	fr	wol	challenge_SSA-MTE	hyp1	News	NaN	24.386310577392578
396	397	fr	wol	challenge_SSA-MTE	hyp1	News	NaN	28.977649688720703
397	398	fr	wol	challenge_SSA-MTE	hyp1	News	NaN	19.383338928222656
398	399	fr	wol	challenge_SSA-MTE	hyp1	News	NaN	2.039057493209839
399	400	fr	wol	challenge_SSA-MTE	hyp1	News	NaN	30.80032730102539
400	401	fr	wol	challenge_SSA-MTE	hyp1	News	NaN	24.167335510253906
401	402	fr	wol	challenge_SSA-MTE	hyp1	News	NaN	42.066429138183594
402	403	fr	wol	challenge_SSA-MTE	hyp1	News	NaN	9.771108627319336
403	404	fr	wol	challenge_SSA-MTE	hyp1	News	NaN	31.003660202026367
404	405	fr	wol	challenge_SSA-MTE	hyp1	News	NaN	38.542991638183594
405	406	fr	wol	challenge_SSA-MTE	hyp1	News	NaN	34.23905944824219
406	407	fr	wol	challenge_SSA-MTE	hyp1	News	NaN	14.397743225097656
407	408	fr	wol	challenge_SSA-MTE	hyp1	News	NaN	21.79379653930664
408	409	fr	wol	challenge_SSA-MTE	hyp1	News	NaN	28.644853591918945
409	410	fr	wol	challenge_SSA-MTE	hyp1	News	NaN	22.89024543762207
410	411	fr	wol	challenge_SSA-MTE	hyp1	News	NaN	22.208105087280273
411	412	fr	wol	challenge_SSA-MTE	hyp1	News	NaN	24.838071823120117
412	413	fr	wol	challenge_SSA-MTE	hyp1	News	NaN	32.96171951293945
413	414	fr	wol	challenge_SSA-MTE	hyp1	News	NaN	27.421615600585938
414	415	fr	wol	challenge_SSA-MTE	hyp1	News	NaN	23.588003158569336
415	416	fr	wol	challenge_SSA-MTE	hyp1	News	NaN	15.665023803710938
416	417	fr	wol	challenge_SSA-MTE	hyp1	News	NaN	20.361814498901367
417	418	fr	wol	challenge_SSA-MTE	hyp1	News	NaN	24.53086280822754
418	419	fr	wol	challenge_SSA-MTE	hyp1	News	NaN	24.542980194091797
419	420	fr	wol	challenge_SSA-MTE	hyp1	News	NaN	16.97249984741211
420	421	fr	wol	challenge_SSA-MTE	hyp1	News	NaN	27.41987419128418
421	422	fr	wol	challenge_SSA-MTE	hyp1	News	NaN	26.64119529724121
422	423	fr	wol	challenge_SSA-MTE	hyp1	News	NaN	19.267841339111328
423	424	fr	wol	challenge_SSA-MTE	hyp1	News	NaN	39.21879577636719
424	425	fr	wol	challenge_SSA-MTE	hyp1	News	NaN	44.58788299560547
425	426	fr	wol	challenge_SSA-MTE	hyp1	News	NaN	26.915029525756836
426	427	fr	wol	challenge_SSA-MTE	hyp1	News	NaN	22.479429244995117
427	428	fr	wol	challenge_SSA-MTE	hyp1	News	NaN	19.15824317932129
428	429	fr	wol	challenge_SSA-MTE	hyp1	News	NaN	18.846527099609375
429	430	fr	wol	challenge_SSA-MTE	hyp1	News	NaN	21.950836181640625
430	431	fr	wol	challenge_SSA-MTE	hyp1	News	NaN	36.00598907470703
431	432	fr	wol	challenge_SSA-MTE	hyp1	News	NaN	22.22429656982422
432	433	fr	wol	challenge_SSA-MTE	hyp1	News	NaN	33.83997344970703
433	434	fr	wol	challenge_SSA-MTE	hyp1	News	NaN	20.47222900390625
434	435	fr	wol	challenge_SSA-MTE	hyp1	News	NaN	35.654842376708984
435	436	fr	wol	challenge_SSA-MTE	hyp1	News	NaN	17.264331817626953
436	437	fr	wol	challenge_SSA-MTE	hyp1	News	NaN	31.902297973632812
437	438	fr	wol	challenge_SSA-MTE	hyp1	News	NaN	21.764720916748047
438	439	fr	wol	challenge_SSA-MTE	hyp1	News	NaN	30.604507446289062
439	440	fr	wol	challenge_SSA-MTE	hyp1	News	NaN	29.846342086791992
440	441	fr	wol	challenge_SSA-MTE	hyp1	News	NaN	40.063987731933594
441	442	fr	wol	challenge_SSA-MTE	hyp1	News	NaN	29.102771759033203
442	443	fr	wol	challenge_SSA-MTE	hyp1	News	NaN	48.80275344848633
443	444	fr	wol	challenge_SSA-MTE	hyp1	News	NaN	33.39469909667969
444	445	fr	wol	challenge_SSA-MTE	hyp1	News	NaN	22.127965927124023
445	446	fr	wol	challenge_SSA-MTE	hyp1	News	NaN	67.58551025390625
446	447	fr	wol	challenge_SSA-MTE	hyp1	News	NaN	32.258811950683594
447	448	fr	wol	challenge_SSA-MTE	hyp1	News	NaN	24.100505828857422
448	449	fr	wol	challenge_SSA-MTE	hyp1	News	NaN	22.004425048828125
449	450	fr	wol	challenge_SSA-MTE	hyp1	News	NaN	28.89574432373047
450	451	fr	wol	challenge_SSA-MTE	hyp1	News	NaN	19.09381866455078
451	452	fr	wol	challenge_SSA-MTE	hyp1	News	NaN	29.204391479492188
452	453	fr	wol	challenge_SSA-MTE	hyp1	News	NaN	30.46979522705078
453	454	fr	wol	challenge_SSA-MTE	hyp1	News	NaN	32.41288757324219
454	455	fr	wol	challenge_SSA-MTE	hyp1	News	NaN	35.100154876708984
455	456	fr	wol	challenge_SSA-MTE	hyp1	News	NaN	31.139951705932617
456	457	fr	wol	challenge_SSA-MTE	hyp1	News	NaN	25.775712966918945
457	458	fr	wol	challenge_SSA-MTE	hyp1	News	NaN	26.690494537353516
458	459	fr	wol	challenge_SSA-MTE	hyp1	News	NaN	26.77463150024414
459	460	fr	wol	challenge_SSA-MTE	hyp1	News	NaN	22.406328201293945
460	461	fr	wol	challenge_SSA-MTE	hyp1	News	NaN	18.907699584960938
461	462	fr	wol	challenge_SSA-MTE	hyp1	News	NaN	15.615034103393555
462	463	fr	wol	challenge_SSA-MTE	hyp1	News	NaN	28.062496185302734
463	464	fr	wol	challenge_SSA-MTE	hyp1	News	NaN	21.750526428222656
464	465	fr	wol	challenge_SSA-MTE	hyp1	News	NaN	35.30744171142578
465	466	fr	wol	challenge_SSA-MTE	hyp1	News	NaN	35.19319152832031
466	467	fr	wol	challenge_SSA-MTE	hyp1	News	NaN	32.4771728515625
467	468	fr	wol	challenge_SSA-MTE	hyp1	News	NaN	28.41299057006836
468	469	fr	wol	challenge_SSA-MTE	hyp1	News	NaN	39.247161865234375
469	470	fr	wol	challenge_SSA-MTE	hyp1	News	NaN	21.32288360595703
470	471	fr	wol	challenge_SSA-MTE	hyp1	News	NaN	24.393104553222656
471	472	fr	wol	challenge_SSA-MTE	hyp1	News	NaN	23.27627944946289
472	473	fr	wol	challenge_SSA-MTE	hyp1	News	NaN	26.137451171875
473	474	fr	wol	challenge_SSA-MTE	hyp1	News	NaN	20.623550415039062
474	475	fr	wol	challenge_SSA-MTE	hyp1	News	NaN	32.284034729003906
475	476	fr	wol	challenge_SSA-MTE	hyp1	News	NaN	21.194522857666016
476	477	fr	wol	challenge_SSA-MTE	hyp1	News	NaN	30.41391372680664
477	478	fr	wol	challenge_SSA-MTE	hyp1	News	NaN	42.634037017822266
478	479	fr	wol	challenge_SSA-MTE	hyp1	News	NaN	42.5438232421875
479	480	fr	wol	challenge_SSA-MTE	hyp1	News	NaN	31.734928131103516
480	481	fr	wol	challenge_SSA-MTE	hyp1	News	NaN	18.890920639038086
481	482	fr	wol	challenge_SSA-MTE	hyp1	News	NaN	26.215545654296875
482	483	fr	wol	challenge_SSA-MTE	hyp1	News	NaN	34.82543182373047
483	484	fr	wol	challenge_SSA-MTE	hyp1	News	NaN	24.42572021484375
484	485	fr	wol	challenge_SSA-MTE	hyp1	News	NaN	22.57168197631836
485	486	fr	wol	challenge_SSA-MTE	hyp1	News	NaN	29.529560089111328
486	487	fr	wol	challenge_SSA-MTE	hyp1	News	NaN	24.371381759643555
487	488	fr	wol	challenge_SSA-MTE	hyp1	News	NaN	32.77299880981445
488	489	fr	wol	challenge_SSA-MTE	hyp1	News	NaN	23.472671508789062
489	490	fr	wol	challenge_SSA-MTE	hyp1	News	NaN	25.29566192626953
490	491	fr	wol	challenge_SSA-MTE	hyp1	News	NaN	20.671161651611328
491	492	fr	wol	challenge_SSA-MTE	hyp1	News	NaN	29.592254638671875
492	493	fr	wol	challenge_SSA-MTE	hyp1	News	NaN	26.710735321044922
493	494	fr	wol	challenge_SSA-MTE	hyp1	News	NaN	25.354286193847656
494	495	fr	wol	challenge_SSA-MTE	hyp1	News	NaN	24.41535186767578
495	496	fr	wol	challenge_SSA-MTE	hyp1	News	NaN	30.27523422241211
496	497	fr	wol	challenge_SSA-MTE	hyp1	News	NaN	26.72226905822754
497	498	fr	wol	challenge_SSA-MTE	hyp1	News	NaN	27.16444969177246
498	499	fr	wol	challenge_SSA-MTE	hyp1	News	NaN	30.78224754333496
499	500	fr	wol	challenge_SSA-MTE	hyp1	News	NaN	23.394908905029297
500	501	fr	wol	challenge_SSA-MTE	hyp1	News	NaN	30.808624267578125
501	502	fr	wol	challenge_SSA-MTE	hyp1	News	NaN	25.66541862487793
502	503	fr	wol	challenge_SSA-MTE	hyp1	News	NaN	26.859195709228516
503	504	fr	wol	challenge_SSA-MTE	hyp1	News	NaN	24.5428409576416
504	505	fr	wol	challenge_SSA-MTE	hyp1	News	NaN	22.793048858642578
505	506	fr	wol	challenge_SSA-MTE	hyp1	News	NaN	39.05964279174805
506	507	fr	wol	challenge_SSA-MTE	hyp1	News	NaN	28.2786808013916
507	508	fr	wol	challenge_SSA-MTE	hyp1	News	NaN	34.17478561401367
508	509	fr	wol	challenge_SSA-MTE	hyp1	News	NaN	23.348854064941406
509	510	fr	wol	challenge_SSA-MTE	hyp1	News	NaN	8.822205543518066
510	511	fr	wol	challenge_SSA-MTE	hyp1	News	NaN	31.825042724609375
511	512	fr	wol	challenge_SSA-MTE	hyp1	News	NaN	33.700477600097656
512	513	fr	wol	challenge_SSA-MTE	hyp1	News	NaN	26.690269470214844
513	514	fr	wol	challenge_SSA-MTE	hyp1	News	NaN	32.48260498046875
514	515	fr	wol	challenge_SSA-MTE	hyp1	News	NaN	25.360424041748047
515	516	fr	wol	challenge_SSA-MTE	hyp1	News	NaN	20.98388671875
516	517	fr	wol	challenge_SSA-MTE	hyp1	News	NaN	23.500885009765625
517	518	fr	wol	challenge_SSA-MTE	hyp1	News	NaN	31.195636749267578
518	519	fr	wol	challenge_SSA-MTE	hyp1	News	NaN	24.780838012695312
519	520	fr	wol	challenge_SSA-MTE	hyp1	News	NaN	23.97294807434082
520	521	fr	wol	challenge_SSA-MTE	hyp1	News	NaN	25.267322540283203
521	522	fr	wol	challenge_SSA-MTE	hyp1	News	NaN	22.532169342041016
522	523	fr	wol	challenge_SSA-MTE	hyp1	News	NaN	28.86840057373047
523	524	fr	wol	challenge_SSA-MTE	hyp1	News	NaN	32.22466278076172
524	525	fr	wol	challenge_SSA-MTE	hyp1	News	NaN	30.952861785888672
525	526	fr	wol	challenge_SSA-MTE	hyp1	News	NaN	34.39820861816406
526	527	fr	wol	challenge_SSA-MTE	hyp1	News	NaN	33.121803283691406
527	528	fr	wol	challenge_SSA-MTE	hyp1	News	NaN	26.729869842529297
528	529	fr	wol	challenge_SSA-MTE	hyp1	News	NaN	20.961803436279297
529	530	fr	wol	challenge_SSA-MTE	hyp1	News	NaN	22.819110870361328
530	531	fr	wol	challenge_SSA-MTE	hyp1	News	NaN	24.41205596923828
531	532	fr	wol	challenge_SSA-MTE	hyp1	News	NaN	23.27419662475586
532	533	fr	wol	challenge_SSA-MTE	hyp1	News	NaN	19.764873504638672
533	534	fr	wol	challenge_SSA-MTE	hyp1	News	NaN	20.539817810058594
534	535	fr	wol	challenge_SSA-MTE	hyp1	News	NaN	19.3912410736084
535	536	fr	wol	challenge_SSA-MTE	hyp1	News	NaN	13.333823204040527
536	537	fr	wol	challenge_SSA-MTE	hyp1	News	NaN	30.917348861694336
537	538	fr	wol	challenge_SSA-MTE	hyp1	News	NaN	15.998231887817383
538	539	fr	wol	challenge_SSA-MTE	hyp1	News	NaN	20.92186164855957
539	540	fr	wol	challenge_SSA-MTE	hyp1	News	NaN	25.64957046508789
540	541	fr	wol	challenge_SSA-MTE	hyp1	News	NaN	30.862279891967773
541	542	fr	wol	challenge_SSA-MTE	hyp1	News	NaN	30.41631317138672
542	543	fr	wol	challenge_SSA-MTE	hyp1	News	NaN	27.745641708374023
543	544	fr	wol	challenge_SSA-MTE	hyp1	News	NaN	28.785755157470703
544	545	fr	wol	challenge_SSA-MTE	hyp1	News	NaN	22.30626678466797
545	546	fr	wol	challenge_SSA-MTE	hyp1	News	NaN	24.015888214111328
546	547	fr	wol	challenge_SSA-MTE	hyp1	News	NaN	19.376462936401367
547	548	fr	wol	challenge_SSA-MTE	hyp1	News	NaN	26.546316146850586
548	549	fr	wol	challenge_SSA-MTE	hyp1	News	NaN	23.067392349243164
549	550	fr	wol	challenge_SSA-MTE	hyp1	News	NaN	23.733938217163086
550	551	fr	wol	challenge_SSA-MTE	hyp1	News	NaN	22.904273986816406
551	552	fr	wol	challenge_SSA-MTE	hyp1	News	NaN	24.86144256591797
552	553	fr	wol	challenge_SSA-MTE	hyp1	News	NaN	22.79389190673828
553	554	fr	wol	challenge_SSA-MTE	hyp1	News	NaN	24.315763473510742
554	555	fr	wol	challenge_SSA-MTE	hyp1	News	NaN	38.87284851074219
555	556	fr	wol	challenge_SSA-MTE	hyp1	News	NaN	27.839584350585938
556	557	fr	wol	challenge_SSA-MTE	hyp1	News	NaN	32.348819732666016
557	558	fr	wol	challenge_SSA-MTE	hyp1	News	NaN	28.321752548217773
558	559	fr	wol	challenge_SSA-MTE	hyp1	News	NaN	23.398025512695312
559	560	fr	wol	challenge_SSA-MTE	hyp1	News	NaN	10.087996482849121
560	561	fr	wol	challenge_SSA-MTE	hyp1	News	NaN	36.26239013671875
561	562	fr	wol	challenge_SSA-MTE	hyp1	News	NaN	34.054771423339844
562	563	fr	wol	challenge_SSA-MTE	hyp1	News	NaN	22.69013214111328
563	564	fr	wol	challenge_SSA-MTE	hyp1	News	NaN	61.677188873291016
564	565	fr	wol	challenge_SSA-MTE	hyp1	News	NaN	28.4171142578125
565	566	fr	wol	challenge_SSA-MTE	hyp1	News	NaN	21.640338897705078
566	567	fr	wol	challenge_SSA-MTE	hyp1	News	NaN	34.80160140991211
567	568	fr	wol	challenge_SSA-MTE	hyp1	News	NaN	36.88468551635742
568	569	fr	wol	challenge_SSA-MTE	hyp1	News	NaN	13.97795295715332
569	570	fr	wol	challenge_SSA-MTE	hyp1	News	NaN	17.09285545349121
570	571	fr	wol	challenge_SSA-MTE	hyp1	News	NaN	24.817575454711914
571	572	fr	wol	challenge_SSA-MTE	hyp1	News	NaN	19.242521286010742
572	573	fr	wol	challenge_SSA-MTE	hyp1	News	NaN	28.286128997802734
573	574	fr	wol	challenge_SSA-MTE	hyp1	News	NaN	26.859085083007812
574	575	fr	wol	challenge_SSA-MTE	hyp1	News	NaN	40.795101165771484
575	576	fr	wol	challenge_SSA-MTE	hyp1	News	NaN	33.89098358154297
576	577	fr	wol	challenge_SSA-MTE	hyp1	News	NaN	23.987810134887695
577	578	fr	wol	challenge_SSA-MTE	hyp1	News	NaN	25.516555786132812
578	579	fr	wol	challenge_SSA-MTE	hyp1	News	NaN	5.568954944610596
579	580	fr	wol	challenge_SSA-MTE	hyp1	News	NaN	12.161605834960938
580	581	fr	wol	challenge_SSA-MTE	hyp1	News	NaN	32.73537826538086
581	582	fr	wol	challenge_SSA-MTE	hyp1	News	NaN	31.979049682617188
582	583	fr	wol	challenge_SSA-MTE	hyp1	News	NaN	25.342559814453125
583	584	fr	wol	challenge_SSA-MTE	hyp1	News	NaN	39.82965087890625
584	585	fr	wol	challenge_SSA-MTE	hyp1	News	NaN	17.698570251464844
585	586	fr	wol	challenge_SSA-MTE	hyp1	News	NaN	14.926311492919922
586	587	fr	wol	challenge_SSA-MTE	hyp1	News	NaN	21.948835372924805
587	588	fr	wol	challenge_SSA-MTE	hyp1	News	NaN	19.66214370727539
588	589	fr	wol	challenge_SSA-MTE	hyp1	News	NaN	13.74870491027832
589	590	fr	wol	challenge_SSA-MTE	hyp1	News	NaN	18.552940368652344
590	591	fr	wol	challenge_SSA-MTE	hyp1	News	NaN	18.55232048034668
591	592	fr	wol	challenge_SSA-MTE	hyp1	News	NaN	33.201171875
592	593	fr	wol	challenge_SSA-MTE	hyp1	News	NaN	31.94462776184082
593	594	fr	wol	challenge_SSA-MTE	hyp1	News	NaN	11.114335060119629
594	595	fr	wol	challenge_SSA-MTE	hyp1	News	NaN	26.087478637695312
595	596	fr	wol	challenge_SSA-MTE	hyp1	News	NaN	18.303955078125
596	597	fr	wol	challenge_SSA-MTE	hyp1	News	NaN	17.7502384185791
597	598	fr	wol	challenge_SSA-MTE	hyp1	News	NaN	24.449565887451172
598	599	fr	wol	challenge_SSA-MTE	hyp1	News	NaN	16.689678192138672
599	600	fr	wol	challenge_SSA-MTE	hyp1	News	NaN	0.09039855748414993
600	601	fr	wol	challenge_SSA-MTE	hyp1	News	NaN	21.1997127532959
601	602	fr	wol	challenge_SSA-MTE	hyp1	News	NaN	23.838958740234375
602	603	fr	wol	challenge_SSA-MTE	hyp1	News	NaN	21.70368194580078
603	604	fr	wol	challenge_SSA-MTE	hyp1	News	NaN	22.704748153686523
604	605	fr	wol	challenge_SSA-MTE	hyp1	News	NaN	23.598583221435547
605	606	fr	wol	challenge_SSA-MTE	hyp1	News	NaN	27.84889793395996
606	607	fr	wol	challenge_SSA-MTE	hyp1	News	NaN	17.737194061279297
607	608	fr	wol	challenge_SSA-MTE	hyp1	News	NaN	28.244903564453125
608	609	fr	wol	challenge_SSA-MTE	hyp1	News	NaN	19.524065017700195
609	610	fr	wol	challenge_SSA-MTE	hyp1	News	NaN	24.501407623291016
610	611	fr	wol	challenge_SSA-MTE	hyp1	News	NaN	28.581472396850586
611	612	fr	wol	challenge_SSA-MTE	hyp1	News	NaN	25.5388240814209
612	613	fr	wol	challenge_SSA-MTE	hyp1	News	NaN	30.921384811401367
613	614	fr	wol	challenge_SSA-MTE	hyp1	News	NaN	58.944984436035156
614	615	fr	wol	challenge_SSA-MTE	hyp1	News	NaN	32.80162811279297
615	616	fr	wol	challenge_SSA-MTE	hyp1	News	NaN	26.162948608398438
616	617	fr	wol	challenge_SSA-MTE	hyp1	News	NaN	29.070783615112305
617	618	fr	wol	challenge_SSA-MTE	hyp1	News	NaN	29.515689849853516
618	619	fr	wol	challenge_SSA-MTE	hyp1	News	NaN	29.070589065551758
619	620	fr	wol	challenge_SSA-MTE	hyp1	News	NaN	25.650672912597656
620	621	fr	wol	challenge_SSA-MTE	hyp1	News	NaN	24.37152862548828
621	622	fr	wol	challenge_SSA-MTE	hyp1	News	NaN	27.59686279296875
622	623	fr	wol	challenge_SSA-MTE	hyp1	News	NaN	31.700313568115234
623	624	fr	wol	challenge_SSA-MTE	hyp1	News	NaN	29.627836227416992
624	625	fr	wol	challenge_SSA-MTE	hyp1	News	NaN	29.494733810424805
625	626	fr	wol	challenge_SSA-MTE	hyp1	News	NaN	30.89783477783203
626	627	fr	wol	challenge_SSA-MTE	hyp1	News	NaN	23.278324127197266
627	628	fr	wol	challenge_SSA-MTE	hyp1	News	NaN	31.93305206298828
628	629	fr	wol	challenge_SSA-MTE	hyp1	News	NaN	22.85900115966797
629	630	fr	wol	challenge_SSA-MTE	hyp1	News	NaN	23.71072769165039
630	631	fr	wol	challenge_SSA-MTE	hyp1	News	NaN	26.27203941345215
631	632	fr	wol	challenge_SSA-MTE	hyp1	News	NaN	30.21986198425293
632	633	fr	wol	challenge_SSA-MTE	hyp1	News	NaN	30.383642196655273
633	634	fr	wol	challenge_SSA-MTE	hyp1	News	NaN	35.79612731933594
634	635	fr	wol	challenge_SSA-MTE	hyp1	News	NaN	22.583467483520508
635	636	fr	wol	challenge_SSA-MTE	hyp1	News	NaN	18.541757583618164
636	637	fr	wol	challenge_SSA-MTE	hyp1	News	NaN	32.34190368652344
637	638	fr	wol	challenge_SSA-MTE	hyp1	News	NaN	27.24148178100586
638	639	fr	wol	challenge_SSA-MTE	hyp1	News	NaN	26.16269874572754
639	640	fr	wol	challenge_SSA-MTE	hyp1	News	NaN	19.250703811645508
640	641	fr	wol	challenge_SSA-MTE	hyp1	News	NaN	26.045372009277344
641	642	fr	wol	challenge_SSA-MTE	hyp1	News	NaN	31.017955780029297
642	643	fr	wol	challenge_SSA-MTE	hyp1	News	NaN	24.310100555419922
643	644	fr	wol	challenge_SSA-MTE	hyp1	News	NaN	19.22515296936035
644	645	fr	wol	challenge_SSA-MTE	hyp1	News	NaN	27.90032386779785
645	646	fr	wol	challenge_SSA-MTE	hyp1	News	NaN	22.01862335205078
646	647	fr	wol	challenge_SSA-MTE	hyp1	News	NaN	25.754207611083984
647	648	fr	wol	challenge_SSA-MTE	hyp1	News	NaN	13.194890022277832
648	649	fr	wol	challenge_SSA-MTE	hyp1	News	NaN	23.50383949279785
649	650	fr	wol	challenge_SSA-MTE	hyp1	News	NaN	23.176349639892578
650	651	fr	wol	challenge_SSA-MTE	hyp1	News	NaN	23.967079162597656
651	652	fr	wol	challenge_SSA-MTE	hyp1	News	NaN	21.170793533325195
652	653	fr	wol	challenge_SSA-MTE	hyp1	News	NaN	26.673255920410156
653	654	fr	wol	challenge_SSA-MTE	hyp1	News	NaN	25.366518020629883
654	655	fr	wol	challenge_SSA-MTE	hyp1	News	NaN	23.983177185058594
655	656	fr	wol	challenge_SSA-MTE	hyp1	News	NaN	20.233335494995117
656	657	fr	wol	challenge_SSA-MTE	hyp1	News	NaN	26.113182067871094
657	658	fr	wol	challenge_SSA-MTE	hyp1	News	NaN	25.240970611572266
658	659	fr	wol	challenge_SSA-MTE	hyp1	News	NaN	21.819812774658203
659	660	fr	wol	challenge_SSA-MTE	hyp1	News	NaN	17.463546752929688
660	661	fr	wol	challenge_SSA-MTE	hyp1	News	NaN	21.229076385498047
661	662	fr	wol	challenge_SSA-MTE	hyp1	News	NaN	26.77206039428711
662	663	fr	wol	challenge_SSA-MTE	hyp1	News	NaN	33.40751647949219
663	664	fr	wol	challenge_SSA-MTE	hyp1	News	NaN	24.837745666503906
664	665	fr	wol	challenge_SSA-MTE	hyp1	News	NaN	39.385292053222656
665	666	fr	wol	challenge_SSA-MTE	hyp1	News	NaN	34.72606658935547
666	667	fr	wol	challenge_SSA-MTE	hyp1	News	NaN	27.36277198791504
667	668	fr	wol	challenge_SSA-MTE	hyp1	News	NaN	26.689311981201172
668	669	fr	wol	challenge_SSA-MTE	hyp1	News	NaN	22.534292221069336
669	670	fr	wol	challenge_SSA-MTE	hyp1	News	NaN	25.062496185302734
670	671	fr	wol	challenge_SSA-MTE	hyp1	News	NaN	32.61068344116211
671	672	fr	wol	challenge_SSA-MTE	hyp1	News	NaN	34.155189514160156
672	673	fr	wol	challenge_SSA-MTE	hyp1	News	NaN	24.628190994262695
673	674	fr	wol	challenge_SSA-MTE	hyp1	News	NaN	26.000349044799805
674	675	fr	wol	challenge_SSA-MTE	hyp1	News	NaN	28.061603546142578
675	676	fr	wol	challenge_SSA-MTE	hyp1	News	NaN	41.04811096191406
676	677	fr	wol	challenge_SSA-MTE	hyp1	News	NaN	17.596363067626953
677	678	fr	wol	challenge_SSA-MTE	hyp1	News	NaN	19.922317504882812
678	679	fr	wol	challenge_SSA-MTE	hyp1	News	NaN	11.001038551330566
679	680	fr	wol	challenge_SSA-MTE	hyp1	News	NaN	19.200464248657227
680	681	fr	wol	challenge_SSA-MTE	hyp1	News	NaN	14.872076034545898
681	682	fr	wol	challenge_SSA-MTE	hyp1	News	NaN	19.708660125732422
682	683	fr	wol	challenge_SSA-MTE	hyp1	News	NaN	5.383560657501221
683	684	fr	wol	challenge_SSA-MTE	hyp1	News	NaN	23.112762451171875
684	685	fr	wol	challenge_SSA-MTE	hyp1	News	NaN	17.626972198486328
685	686	fr	wol	challenge_SSA-MTE	hyp1	News	NaN	19.472904205322266
686	687	fr	wol	challenge_SSA-MTE	hyp1	News	NaN	36.934288024902344
687	688	fr	wol	challenge_SSA-MTE	hyp1	News	NaN	12.197399139404297
688	689	fr	wol	challenge_SSA-MTE	hyp1	News	NaN	36.003631591796875
689	690	fr	wol	challenge_SSA-MTE	hyp1	News	NaN	36.747772216796875
690	691	fr	wol	challenge_SSA-MTE	hyp1	News	NaN	32.32339859008789
691	692	fr	wol	challenge_SSA-MTE	hyp1	News	NaN	21.465534210205078
692	693	fr	wol	challenge_SSA-MTE	hyp1	News	NaN	13.869466781616211
693	694	fr	wol	challenge_SSA-MTE	hyp1	News	NaN	15.691442489624023
694	695	fr	wol	challenge_SSA-MTE	hyp1	News	NaN	19.945255279541016
695	696	fr	wol	challenge_SSA-MTE	hyp1	News	NaN	22.29936981201172
696	697	fr	wol	challenge_SSA-MTE	hyp1	News	NaN	18.84185028076172
697	698	fr	wol	challenge_SSA-MTE	hyp1	News	NaN	23.827190399169922
698	699	fr	wol	challenge_SSA-MTE	hyp1	News	NaN	17.694412231445312
699	700	fr	wol	challenge_SSA-MTE	hyp1	News	NaN	23.871490478515625
700	701	fr	wol	challenge_SSA-MTE	hyp1	News	NaN	16.072153091430664
701	702	fr	wol	challenge_SSA-MTE	hyp1	News	NaN	21.051042556762695
702	703	fr	wol	challenge_SSA-MTE	hyp1	News	NaN	16.0504207611084
703	704	fr	wol	challenge_SSA-MTE	hyp1	News	NaN	21.428483963012695
704	705	fr	wol	challenge_SSA-MTE	hyp1	News	NaN	21.699111938476562
705	706	fr	wol	challenge_SSA-MTE	hyp1	News	NaN	21.047853469848633
706	707	fr	wol	challenge_SSA-MTE	hyp1	News	NaN	23.713415145874023
707	708	fr	wol	challenge_SSA-MTE	hyp1	News	NaN	23.195650100708008
708	709	fr	wol	challenge_SSA-MTE	hyp1	News	NaN	18.82439422607422
709	710	fr	wol	challenge_SSA-MTE	hyp1	News	NaN	17.664447784423828
710	711	fr	wol	challenge_SSA-MTE	hyp1	News	NaN	19.722043991088867
711	712	fr	wol	challenge_SSA-MTE	hyp1	News	NaN	28.155467987060547
712	713	fr	wol	challenge_SSA-MTE	hyp1	News	NaN	21.61486053466797
713	714	fr	wol	challenge_SSA-MTE	hyp1	News	NaN	25.248964309692383
714	715	fr	wol	challenge_SSA-MTE	hyp1	News	NaN	24.628597259521484
715	716	fr	wol	challenge_SSA-MTE	hyp1	News	NaN	22.948768615722656
716	717	fr	wol	challenge_SSA-MTE	hyp1	News	NaN	28.72298240661621
717	718	fr	wol	challenge_SSA-MTE	hyp1	News	NaN	22.301551818847656
718	719	fr	wol	challenge_SSA-MTE	hyp1	News	NaN	24.693315505981445
719	720	fr	wol	challenge_SSA-MTE	hyp1	News	NaN	30.675918579101562
720	721	fr	wol	challenge_SSA-MTE	hyp1	News	NaN	19.122798919677734
721	722	fr	wol	challenge_SSA-MTE	hyp1	News	NaN	28.401607513427734
722	723	fr	wol	challenge_SSA-MTE	hyp1	News	NaN	23.105880737304688
723	724	fr	wol	challenge_SSA-MTE	hyp1	News	NaN	20.47819709777832
724	725	fr	wol	challenge_SSA-MTE	hyp1	News	NaN	20.88353729248047
725	726	fr	wol	challenge_SSA-MTE	hyp1	News	NaN	25.76839256286621
726	727	fr	wol	challenge_SSA-MTE	hyp1	News	NaN	34.19444274902344
727	728	fr	wol	challenge_SSA-MTE	hyp1	News	NaN	13.532995223999023
728	729	fr	wol	challenge_SSA-MTE	hyp1	News	NaN	19.973737716674805
729	730	fr	wol	challenge_SSA-MTE	hyp1	News	NaN	19.45289421081543
730	731	fr	wol	challenge_SSA-MTE	hyp1	News	NaN	23.484336853027344
731	732	fr	wol	challenge_SSA-MTE	hyp1	News	NaN	15.171370506286621
732	733	fr	wol	challenge_SSA-MTE	hyp1	News	NaN	16.937387466430664
733	734	fr	wol	challenge_SSA-MTE	hyp1	News	NaN	15.349859237670898
734	735	fr	wol	challenge_SSA-MTE	hyp1	News	NaN	18.265438079833984
735	736	fr	wol	challenge_SSA-MTE	hyp1	News	NaN	15.806239128112793
736	737	fr	wol	challenge_SSA-MTE	hyp1	News	NaN	30.037607192993164
737	738	fr	wol	challenge_SSA-MTE	hyp1	News	NaN	15.016273498535156
738	739	fr	wol	challenge_SSA-MTE	hyp1	News	NaN	34.689056396484375
739	740	fr	wol	challenge_SSA-MTE	hyp1	News	NaN	17.710046768188477
740	741	fr	wol	challenge_SSA-MTE	hyp1	News	NaN	23.903532028198242
741	742	fr	wol	challenge_SSA-MTE	hyp1	News	NaN	27.341787338256836
742	743	fr	wol	challenge_SSA-MTE	hyp1	News	NaN	20.896728515625
743	744	fr	wol	challenge_SSA-MTE	hyp1	News	NaN	31.20148277282715
744	745	fr	wol	challenge_SSA-MTE	hyp1	News	NaN	33.31660079956055
745	746	fr	wol	challenge_SSA-MTE	hyp1	News	NaN	28.73555564880371
746	747	fr	wol	challenge_SSA-MTE	hyp1	News	NaN	33.24121856689453
747	748	fr	wol	challenge_SSA-MTE	hyp1	News	NaN	26.944087982177734
748	749	fr	wol	challenge_SSA-MTE	hyp1	News	NaN	29.56287384033203
749	750	fr	wol	challenge_SSA-MTE	hyp1	News	NaN	25.16485023498535
750	751	fr	wol	challenge_SSA-MTE	hyp1	News	NaN	22.63941764831543
751	752	fr	wol	challenge_SSA-MTE	hyp1	News	NaN	30.61509895324707
752	753	fr	wol	challenge_SSA-MTE	hyp1	News	NaN	19.85063934326172
753	754	fr	wol	challenge_SSA-MTE	hyp1	News	NaN	39.32323455810547
754	755	fr	wol	challenge_SSA-MTE	hyp1	News	NaN	31.390954971313477
755	756	fr	wol	challenge_SSA-MTE	hyp1	News	NaN	28.73428726196289
756	757	fr	wol	challenge_SSA-MTE	hyp1	News	NaN	23.41585922241211
757	758	fr	wol	challenge_SSA-MTE	hyp1	News	NaN	16.132484436035156
758	759	fr	wol	challenge_SSA-MTE	hyp1	News	NaN	16.71428108215332
759	760	fr	wol	challenge_SSA-MTE	hyp1	News	NaN	25.477500915527344
760	761	fr	wol	challenge_SSA-MTE	hyp1	News	NaN	20.59654426574707
761	762	fr	wol	challenge_SSA-MTE	hyp1	News	NaN	35.01030731201172
762	763	fr	wol	challenge_SSA-MTE	hyp1	News	NaN	35.18437957763672
763	764	fr	wol	challenge_SSA-MTE	hyp1	News	NaN	32.5278205871582
764	765	fr	wol	challenge_SSA-MTE	hyp1	News	NaN	31.72661590576172
765	766	fr	wol	challenge_SSA-MTE	hyp1	News	NaN	38.34173583984375
766	767	fr	wol	challenge_SSA-MTE	hyp1	News	NaN	26.486175537109375
767	768	fr	wol	challenge_SSA-MTE	hyp1	News	NaN	19.062923431396484
768	769	fr	wol	challenge_SSA-MTE	hyp1	News	NaN	21.088584899902344
769	770	fr	wol	challenge_SSA-MTE	hyp1	News	NaN	27.286510467529297
770	771	fr	wol	challenge_SSA-MTE	hyp1	News	NaN	19.916301727294922
771	772	fr	wol	challenge_SSA-MTE	hyp1	News	NaN	26.235363006591797
772	773	fr	wol	challenge_SSA-MTE	hyp1	News	NaN	23.977760314941406
773	774	fr	wol	challenge_SSA-MTE	hyp1	News	NaN	15.921327590942383
774	775	fr	wol	challenge_SSA-MTE	hyp1	News	NaN	34.213741302490234
775	776	fr	wol	challenge_SSA-MTE	hyp1	News	NaN	29.56437873840332
776	777	fr	wol	challenge_SSA-MTE	hyp1	News	NaN	30.37963104248047
777	778	fr	wol	challenge_SSA-MTE	hyp1	News	NaN	26.493831634521484
778	779	fr	wol	challenge_SSA-MTE	hyp1	News	NaN	7.858240127563477
779	780	fr	wol	challenge_SSA-MTE	hyp1	News	NaN	25.571636199951172
780	781	fr	wol	challenge_SSA-MTE	hyp1	News	NaN	28.329837799072266
781	782	fr	wol	challenge_SSA-MTE	hyp1	News	NaN	24.004926681518555
782	783	fr	wol	challenge_SSA-MTE	hyp1	News	NaN	17.386808395385742
783	784	fr	wol	challenge_SSA-MTE	hyp1	News	NaN	4.972254276275635
784	785	fr	wol	challenge_SSA-MTE	hyp1	News	NaN	25.68872833251953
785	786	fr	wol	challenge_SSA-MTE	hyp1	News	NaN	25.970977783203125
786	787	fr	wol	challenge_SSA-MTE	hyp1	News	NaN	32.62043762207031
787	788	fr	wol	challenge_SSA-MTE	hyp1	News	NaN	22.207794189453125
788	789	fr	wol	challenge_SSA-MTE	hyp1	News	NaN	28.717044830322266
789	790	fr	wol	challenge_SSA-MTE	hyp1	News	NaN	27.005373001098633
790	791	fr	wol	challenge_SSA-MTE	hyp1	News	NaN	24.585756301879883
791	792	fr	wol	challenge_SSA-MTE	hyp1	News	NaN	27.505638122558594
792	793	fr	wol	challenge_SSA-MTE	hyp1	News	NaN	24.865800857543945
793	794	fr	wol	challenge_SSA-MTE	hyp1	News	NaN	29.837007522583008
794	795	fr	wol	challenge_SSA-MTE	hyp1	News	NaN	32.86252212524414
795	796	fr	wol	challenge_SSA-MTE	hyp1	News	NaN	41.01923370361328
796	797	fr	wol	challenge_SSA-MTE	hyp1	News	NaN	21.563486099243164
797	798	fr	wol	challenge_SSA-MTE	hyp1	News	NaN	22.089149475097656
798	799	fr	wol	challenge_SSA-MTE	hyp1	News	NaN	22.97008514404297
799	800	fr	wol	challenge_SSA-MTE	hyp1	News	NaN	16.445554733276367
800	801	fr	wol	challenge_SSA-MTE	hyp1	News	NaN	26.4084529876709
801	802	fr	wol	challenge_SSA-MTE	hyp1	News	NaN	20.492156982421875
802	803	fr	wol	challenge_SSA-MTE	hyp1	News	NaN	28.494035720825195
803	804	fr	wol	challenge_SSA-MTE	hyp1	News	NaN	14.422713279724121
804	805	fr	wol	challenge_SSA-MTE	hyp1	News	NaN	27.027746200561523
805	806	fr	wol	challenge_SSA-MTE	hyp1	News	NaN	21.127216339111328
806	807	fr	wol	challenge_SSA-MTE	hyp1	News	NaN	22.989543914794922
807	808	fr	wol	challenge_SSA-MTE	hyp1	News	NaN	19.144012451171875
808	809	fr	wol	challenge_SSA-MTE	hyp1	News	NaN	19.757692337036133
809	810	fr	wol	challenge_SSA-MTE	hyp1	News	NaN	32.242733001708984
810	811	fr	wol	challenge_SSA-MTE	hyp1	News	NaN	17.175342559814453
811	812	fr	wol	challenge_SSA-MTE	hyp1	News	NaN	28.975872039794922
812	813	fr	wol	challenge_SSA-MTE	hyp1	News	NaN	70.95511627197266
813	814	fr	wol	challenge_SSA-MTE	hyp1	News	NaN	23.418869018554688
814	815	fr	wol	challenge_SSA-MTE	hyp1	News	NaN	34.614707946777344
815	816	fr	wol	challenge_SSA-MTE	hyp1	News	NaN	25.538379669189453
816	817	fr	wol	challenge_SSA-MTE	hyp1	News	NaN	18.19196128845215
817	818	fr	wol	challenge_SSA-MTE	hyp1	News	NaN	27.956928253173828
818	819	fr	wol	challenge_SSA-MTE	hyp1	News	NaN	34.577613830566406
819	820	fr	wol	challenge_SSA-MTE	hyp1	News	NaN	21.531999588012695
820	821	fr	wol	challenge_SSA-MTE	hyp1	News	NaN	28.672550201416016
821	822	fr	wol	challenge_SSA-MTE	hyp1	News	NaN	19.265493392944336
822	823	fr	wol	challenge_SSA-MTE	hyp1	News	NaN	23.566503524780273
823	824	fr	wol	challenge_SSA-MTE	hyp1	News	NaN	33.34083557128906
824	825	fr	wol	challenge_SSA-MTE	hyp1	News	NaN	19.240917205810547
825	826	fr	wol	challenge_SSA-MTE	hyp1	News	NaN	21.429758071899414
826	827	fr	wol	challenge_SSA-MTE	hyp1	News	NaN	22.377487182617188
827	828	fr	wol	challenge_SSA-MTE	hyp1	News	NaN	14.595897674560547
828	829	fr	wol	challenge_SSA-MTE	hyp1	News	NaN	25.088354110717773
829	830	fr	wol	challenge_SSA-MTE	hyp1	News	NaN	28.682167053222656
830	831	fr	wol	challenge_SSA-MTE	hyp1	News	NaN	9.933555603027344
831	832	fr	wol	challenge_SSA-MTE	hyp1	News	NaN	24.798324584960938
832	833	fr	wol	challenge_SSA-MTE	hyp1	News	NaN	22.580841064453125
833	834	fr	wol	challenge_SSA-MTE	hyp1	News	NaN	17.840675354003906
834	835	fr	wol	challenge_SSA-MTE	hyp1	News	NaN	23.566497802734375
835	836	fr	wol	challenge_SSA-MTE	hyp1	News	NaN	24.554344177246094
836	837	fr	wol	challenge_SSA-MTE	hyp1	News	NaN	25.28518295288086
837	838	fr	wol	challenge_SSA-MTE	hyp1	News	NaN	15.053512573242188
838	839	fr	wol	challenge_SSA-MTE	hyp1	News	NaN	24.17033576965332
839	840	fr	wol	challenge_SSA-MTE	hyp1	News	NaN	24.49836540222168
840	841	fr	wol	challenge_SSA-MTE	hyp1	News	NaN	24.054607391357422
841	842	fr	wol	challenge_SSA-MTE	hyp1	News	NaN	30.779897689819336
842	843	fr	wol	challenge_SSA-MTE	hyp1	News	NaN	28.926950454711914
843	844	fr	wol	challenge_SSA-MTE	hyp1	News	NaN	36.620323181152344
844	845	fr	wol	challenge_SSA-MTE	hyp1	News	NaN	46.160423278808594
845	846	fr	wol	challenge_SSA-MTE	hyp1	News	NaN	43.66181182861328
846	847	fr	wol	challenge_SSA-MTE	hyp1	News	NaN	24.636459350585938
847	848	fr	wol	challenge_SSA-MTE	hyp1	News	NaN	8.77883529663086
848	849	fr	wol	challenge_SSA-MTE	hyp1	News	NaN	18.564979553222656
849	850	fr	wol	challenge_SSA-MTE	hyp1	News	NaN	16.689361572265625
850	851	fr	wol	challenge_SSA-MTE	hyp1	News	NaN	25.323997497558594
851	852	fr	wol	challenge_SSA-MTE	hyp1	News	NaN	14.011125564575195
852	853	fr	wol	challenge_SSA-MTE	hyp1	News	NaN	26.68922996520996
853	854	fr	wol	challenge_SSA-MTE	hyp1	News	NaN	20.966171264648438
854	855	fr	wol	challenge_SSA-MTE	hyp1	News	NaN	17.916471481323242
855	856	fr	wol	challenge_SSA-MTE	hyp1	News	NaN	19.510379791259766
856	857	fr	wol	challenge_SSA-MTE	hyp1	News	NaN	28.731189727783203
857	858	fr	wol	challenge_SSA-MTE	hyp1	News	NaN	16.908672332763672
858	859	fr	wol	challenge_SSA-MTE	hyp1	News	NaN	13.47584342956543
859	860	fr	wol	challenge_SSA-MTE	hyp1	News	NaN	20.218612670898438
860	861	fr	wol	challenge_SSA-MTE	hyp1	News	NaN	25.193561553955078
861	862	fr	wol	challenge_SSA-MTE	hyp1	News	NaN	18.043258666992188
862	863	fr	wol	challenge_SSA-MTE	hyp1	News	NaN	26.80692481994629
863	864	fr	wol	challenge_SSA-MTE	hyp1	News	NaN	4.349032878875732
864	865	fr	wol	challenge_SSA-MTE	hyp1	News	NaN	17.39095115661621
865	866	fr	wol	challenge_SSA-MTE	hyp1	News	NaN	22.942649841308594
866	867	fr	wol	challenge_SSA-MTE	hyp1	News	NaN	31.87616539001465
867	868	fr	wol	challenge_SSA-MTE	hyp1	News	NaN	18.377422332763672
868	869	fr	wol	challenge_SSA-MTE	hyp1	News	NaN	36.15113830566406
869	870	fr	wol	challenge_SSA-MTE	hyp1	News	NaN	23.615924835205078
870	871	fr	wol	challenge_SSA-MTE	hyp1	News	NaN	46.97154998779297
871	872	fr	wol	challenge_SSA-MTE	hyp1	News	NaN	31.76095962524414
872	873	fr	wol	challenge_SSA-MTE	hyp1	News	NaN	18.991291046142578
873	874	fr	wol	challenge_SSA-MTE	hyp1	News	NaN	31.236602783203125
874	875	fr	wol	challenge_SSA-MTE	hyp1	News	NaN	29.01765251159668
875	876	fr	wol	challenge_SSA-MTE	hyp1	News	NaN	33.71843719482422
876	877	fr	wol	challenge_SSA-MTE	hyp1	News	NaN	21.314868927001953
877	878	fr	wol	challenge_SSA-MTE	hyp1	News	NaN	18.18376922607422
878	879	fr	wol	challenge_SSA-MTE	hyp1	News	NaN	20.77924156188965
879	880	fr	wol	challenge_SSA-MTE	hyp1	News	NaN	27.846925735473633
880	881	fr	wol	challenge_SSA-MTE	hyp1	News	NaN	20.339502334594727
881	882	fr	wol	challenge_SSA-MTE	hyp1	News	NaN	21.739425659179688
882	883	fr	wol	challenge_SSA-MTE	hyp1	News	NaN	22.892539978027344
883	884	fr	wol	challenge_SSA-MTE	hyp1	News	NaN	31.754600524902344
884	885	fr	wol	challenge_SSA-MTE	hyp1	News	NaN	24.399276733398438
885	886	fr	wol	challenge_SSA-MTE	hyp1	News	NaN	21.309370040893555
886	887	fr	wol	challenge_SSA-MTE	hyp1	News	NaN	21.937183380126953
887	888	fr	wol	challenge_SSA-MTE	hyp1	News	NaN	14.727884292602539
888	889	fr	wol	challenge_SSA-MTE	hyp1	News	NaN	22.759965896606445
889	890	fr	wol	challenge_SSA-MTE	hyp1	News	NaN	26.983036041259766
890	891	fr	wol	challenge_SSA-MTE	hyp1	News	NaN	25.290090560913086
891	892	fr	wol	challenge_SSA-MTE	hyp1	News	NaN	11.390830993652344
892	893	fr	wol	challenge_SSA-MTE	hyp1	News	NaN	10.962491989135742
893	894	fr	wol	challenge_SSA-MTE	hyp1	News	NaN	25.13665008544922
894	895	fr	wol	challenge_SSA-MTE	hyp1	News	NaN	25.622093200683594
895	896	fr	wol	challenge_SSA-MTE	hyp1	News	NaN	22.78565788269043
896	897	fr	wol	challenge_SSA-MTE	hyp1	News	NaN	9.129135131835938
897	898	fr	wol	challenge_SSA-MTE	hyp1	News	NaN	22.692012786865234
898	899	fr	wol	challenge_SSA-MTE	hyp1	News	NaN	21.035053253173828
899	900	fr	wol	challenge_SSA-MTE	hyp1	News	NaN	27.819028854370117
900	901	fr	wol	challenge_SSA-MTE	hyp1	News	NaN	40.0162467956543
901	902	fr	wol	challenge_SSA-MTE	hyp1	News	NaN	29.138568878173828
902	903	fr	wol	challenge_SSA-MTE	hyp1	News	NaN	38.30059051513672
903	904	fr	wol	challenge_SSA-MTE	hyp1	News	NaN	32.94416427612305
904	905	fr	wol	challenge_SSA-MTE	hyp1	News	NaN	35.052330017089844
905	906	fr	wol	challenge_SSA-MTE	hyp1	News	NaN	25.993717193603516
906	907	fr	wol	challenge_SSA-MTE	hyp1	News	NaN	3.6488611698150635
907	908	fr	wol	challenge_SSA-MTE	hyp1	News	NaN	19.350568771362305
908	909	fr	wol	challenge_SSA-MTE	hyp1	News	NaN	22.77413558959961
909	910	fr	wol	challenge_SSA-MTE	hyp1	News	NaN	29.676677703857422
910	911	fr	wol	challenge_SSA-MTE	hyp1	News	NaN	26.78078842163086
911	912	fr	wol	challenge_SSA-MTE	hyp1	News	NaN	20.208003997802734
912	913	fr	wol	challenge_SSA-MTE	hyp1	News	NaN	22.30109405517578
913	914	fr	wol	challenge_SSA-MTE	hyp1	News	NaN	22.943973541259766
914	915	fr	wol	challenge_SSA-MTE	hyp1	News	NaN	16.56267547607422
915	916	fr	wol	challenge_SSA-MTE	hyp1	News	NaN	40.00486755371094
916	917	fr	wol	challenge_SSA-MTE	hyp1	News	NaN	15.647890090942383
917	918	fr	wol	challenge_SSA-MTE	hyp1	News	NaN	33.86126708984375
918	919	fr	wol	challenge_SSA-MTE	hyp1	News	NaN	26.836193084716797
919	920	fr	wol	challenge_SSA-MTE	hyp1	News	NaN	38.824134826660156
920	921	fr	wol	challenge_SSA-MTE	hyp1	News	NaN	28.999340057373047
921	922	fr	wol	challenge_SSA-MTE	hyp1	News	NaN	13.789701461791992
922	923	fr	wol	challenge_SSA-MTE	hyp1	News	NaN	27.165407180786133
923	924	fr	wol	challenge_SSA-MTE	hyp1	News	NaN	28.29593276977539
924	925	fr	wol	challenge_SSA-MTE	hyp1	News	NaN	25.384765625
925	926	fr	wol	challenge_SSA-MTE	hyp1	News	NaN	27.584333419799805
926	927	fr	wol	challenge_SSA-MTE	hyp1	News	NaN	30.039960861206055
927	928	fr	wol	challenge_SSA-MTE	hyp1	News	NaN	18.430286407470703
928	929	fr	wol	challenge_SSA-MTE	hyp1	News	NaN	17.190969467163086
929	930	fr	wol	challenge_SSA-MTE	hyp1	News	NaN	18.796802520751953
930	931	fr	wol	challenge_SSA-MTE	hyp1	News	NaN	25.115711212158203
931	932	fr	wol	challenge_SSA-MTE	hyp1	News	NaN	25.526464462280273
932	933	fr	wol	challenge_SSA-MTE	hyp1	News	NaN	23.97563362121582
933	934	fr	wol	challenge_SSA-MTE	hyp1	News	NaN	26.461658477783203
934	935	fr	wol	challenge_SSA-MTE	hyp1	News	NaN	20.217239379882812
935	936	fr	wol	challenge_SSA-MTE	hyp1	News	NaN	31.229393005371094
936	937	fr	wol	challenge_SSA-MTE	hyp1	News	NaN	31.373132705688477
937	938	fr	wol	challenge_SSA-MTE	hyp1	News	NaN	26.319984436035156
938	939	fr	wol	challenge_SSA-MTE	hyp1	News	NaN	23.192211151123047
939	940	fr	wol	challenge_SSA-MTE	hyp1	News	NaN	31.636272430419922
940	941	fr	wol	challenge_SSA-MTE	hyp1	News	NaN	21.875198364257812
941	942	fr	wol	challenge_SSA-MTE	hyp1	News	NaN	16.73300552368164
942	943	fr	wol	challenge_SSA-MTE	hyp1	News	NaN	24.858478546142578
943	944	fr	wol	challenge_SSA-MTE	hyp1	News	NaN	20.386627197265625
944	945	fr	wol	challenge_SSA-MTE	hyp1	News	NaN	28.48287582397461
945	946	fr	wol	challenge_SSA-MTE	hyp1	News	NaN	24.81319808959961
946	947	fr	wol	challenge_SSA-MTE	hyp1	News	NaN	28.473356246948242
947	948	fr	wol	challenge_SSA-MTE	hyp1	News	NaN	21.574186325073242
948	949	fr	wol	challenge_SSA-MTE	hyp1	News	NaN	17.495067596435547
949	950	fr	wol	challenge_SSA-MTE	hyp1	News	NaN	18.025089263916016
950	951	fr	wol	challenge_SSA-MTE	hyp1	News	NaN	20.85753631591797
951	952	fr	wol	challenge_SSA-MTE	hyp1	News	NaN	26.70764923095703
952	953	fr	wol	challenge_SSA-MTE	hyp1	News	NaN	29.287614822387695
953	954	fr	wol	challenge_SSA-MTE	hyp1	News	NaN	29.48093032836914
954	955	fr	wol	challenge_SSA-MTE	hyp1	News	NaN	24.108165740966797
955	956	fr	wol	challenge_SSA-MTE	hyp1	News	NaN	27.12201690673828
956	957	fr	wol	challenge_SSA-MTE	hyp1	News	NaN	35.24034881591797
957	958	fr	wol	challenge_SSA-MTE	hyp1	News	NaN	32.58341979980469
958	959	fr	wol	challenge_SSA-MTE	hyp1	News	NaN	27.581811904907227
959	960	fr	wol	challenge_SSA-MTE	hyp1	News	NaN	22.436809539794922
960	961	fr	wol	challenge_SSA-MTE	hyp1	News	NaN	23.797231674194336
961	962	fr	wol	challenge_SSA-MTE	hyp1	News	NaN	18.470645904541016
962	963	fr	wol	challenge_SSA-MTE	hyp1	News	NaN	21.121910095214844
963	964	fr	wol	challenge_SSA-MTE	hyp1	News	NaN	20.791006088256836
964	965	fr	wol	challenge_SSA-MTE	hyp1	News	NaN	18.4744873046875
965	966	fr	wol	challenge_SSA-MTE	hyp1	News	NaN	24.248443603515625
966	967	fr	wol	challenge_SSA-MTE	hyp1	News	NaN	21.723180770874023
967	968	fr	wol	challenge_SSA-MTE	hyp1	News	NaN	27.50528335571289
968	969	fr	wol	challenge_SSA-MTE	hyp1	News	NaN	15.598118782043457
969	970	fr	wol	challenge_SSA-MTE	hyp1	News	NaN	16.10892677307129
970	971	fr	wol	challenge_SSA-MTE	hyp1	News	NaN	29.66143035888672
971	972	fr	wol	challenge_SSA-MTE	hyp1	News	NaN	26.565994262695312
972	973	fr	wol	challenge_SSA-MTE	hyp1	News	NaN	5.846070766448975
973	974	fr	wol	challenge_SSA-MTE	hyp1	News	NaN	21.99124526977539
974	975	fr	wol	challenge_SSA-MTE	hyp1	News	NaN	18.804519653320312
975	976	fr	wol	challenge_SSA-MTE	hyp1	News	NaN	23.707836151123047
976	977	fr	wol	challenge_SSA-MTE	hyp1	News	NaN	22.072534561157227
977	978	fr	wol	challenge_SSA-MTE	hyp1	News	NaN	20.568256378173828
978	979	fr	wol	challenge_SSA-MTE	hyp1	News	NaN	25.82158660888672
979	980	fr	wol	challenge_SSA-MTE	hyp1	News	NaN	21.729751586914062
980	981	fr	wol	challenge_SSA-MTE	hyp1	News	NaN	19.115089416503906
981	982	fr	wol	challenge_SSA-MTE	hyp1	News	NaN	16.619359970092773
982	983	fr	wol	challenge_SSA-MTE	hyp1	News	NaN	25.743886947631836
983	984	fr	wol	challenge_SSA-MTE	hyp1	News	NaN	22.38640785217285
984	985	fr	wol	challenge_SSA-MTE	hyp1	News	NaN	21.172718048095703
985	986	fr	wol	challenge_SSA-MTE	hyp1	News	NaN	24.328876495361328
986	987	fr	wol	challenge_SSA-MTE	hyp1	News	NaN	17.7840518951416
987	988	fr	wol	challenge_SSA-MTE	hyp1	News	NaN	1.8954529762268066
988	989	fr	wol	challenge_SSA-MTE	hyp1	News	NaN	30.313764572143555
989	990	fr	wol	challenge_SSA-MTE	hyp1	News	NaN	21.577741622924805
990	991	fr	wol	challenge_SSA-MTE	hyp1	News	NaN	25.491825103759766
991	992	fr	wol	challenge_SSA-MTE	hyp1	News	NaN	26.93067741394043
992	993	fr	wol	challenge_SSA-MTE	hyp1	News	NaN	21.321582794189453
993	994	fr	wol	challenge_SSA-MTE	hyp1	News	NaN	21.77974510192871
994	995	fr	wol	challenge_SSA-MTE	hyp1	News	NaN	26.493003845214844
995	996	fr	wol	challenge_SSA-MTE	hyp1	News	NaN	24.881465911865234
996	997	fr	wol	challenge_SSA-MTE	hyp1	News	NaN	30.10955238342285
997	998	fr	wol	challenge_SSA-MTE	hyp1	News	NaN	21.637039184570312
998	999	fr	wol	challenge_SSA-MTE	hyp1	News	NaN	21.586830139160156
999	1000	fr	wol	challenge_SSA-MTE	hyp1	News	NaN	30.826833724975586
1000	1001	fr	wol	challenge_SSA-MTE	hyp1	News	NaN	24.73009490966797
1001	1002	fr	wol	challenge_SSA-MTE	hyp1	News	NaN	18.425439834594727
1002	1003	fr	wol	challenge_SSA-MTE	hyp1	News	NaN	23.1856632232666
1003	1004	fr	wol	challenge_SSA-MTE	hyp1	News	NaN	29.78457260131836
1004	1005	fr	wol	challenge_SSA-MTE	hyp1	News	NaN	35.25508117675781
1005	1006	fr	wol	challenge_SSA-MTE	hyp1	News	NaN	24.382295608520508
1006	1007	fr	wol	challenge_SSA-MTE	hyp1	News	NaN	20.757110595703125
1007	1008	fr	wol	challenge_SSA-MTE	hyp1	News	NaN	25.844470977783203
1008	1009	fr	wol	challenge_SSA-MTE	hyp1	News	NaN	35.031253814697266
1009	1010	fr	wol	challenge_SSA-MTE	hyp1	News	NaN	29.60315704345703
1010	1011	fr	wol	challenge_SSA-MTE	hyp1	News	NaN	31.793270111083984
1011	1012	fr	wol	challenge_SSA-MTE	hyp1	News	NaN	22.653047561645508
1012	1013	fr	wol	challenge_SSA-MTE	hyp1	News	NaN	6.922513961791992
1013	1014	fr	wol	challenge_SSA-MTE	hyp1	News	NaN	32.18657302856445
1014	1015	fr	wol	challenge_SSA-MTE	hyp1	News	NaN	30.912776947021484
1015	1016	fr	wol	challenge_SSA-MTE	hyp1	News	NaN	23.380748748779297
1016	1017	fr	wol	challenge_SSA-MTE	hyp1	News	NaN	29.754222869873047
1017	1018	fr	wol	challenge_SSA-MTE	hyp1	News	NaN	25.259536743164062
1018	1019	fr	wol	challenge_SSA-MTE	hyp1	News	NaN	24.872718811035156
1019	1020	fr	wol	challenge_SSA-MTE	hyp1	News	NaN	21.665653228759766
1020	1021	fr	wol	challenge_SSA-MTE	hyp1	News	NaN	20.727008819580078
1021	1022	fr	wol	challenge_SSA-MTE	hyp1	News	NaN	6.728275775909424
1022	1023	fr	wol	challenge_SSA-MTE	hyp1	News	NaN	13.112678527832031
1023	1024	fr	wol	challenge_SSA-MTE	hyp1	News	NaN	15.84428596496582
1024	1025	fr	wol	challenge_SSA-MTE	hyp1	News	NaN	28.32417106628418
1025	1026	fr	wol	challenge_SSA-MTE	hyp1	News	NaN	13.290846824645996
1026	1027	fr	wol	challenge_SSA-MTE	hyp1	News	NaN	19.767786026000977
1027	1028	fr	wol	challenge_SSA-MTE	hyp1	News	NaN	13.675943374633789
1028	1029	fr	wol	challenge_SSA-MTE	hyp1	News	NaN	27.444873809814453
1029	1030	fr	wol	challenge_SSA-MTE	hyp1	News	NaN	18.585041046142578
1030	1031	fr	wol	challenge_SSA-MTE	hyp1	News	NaN	27.076824188232422
1031	1032	fr	wol	challenge_SSA-MTE	hyp1	News	NaN	23.65716552734375
1032	1033	fr	wol	challenge_SSA-MTE	hyp1	News	NaN	17.694747924804688
1033	1034	fr	wol	challenge_SSA-MTE	hyp1	News	NaN	25.724285125732422
1034	1035	fr	wol	challenge_SSA-MTE	hyp1	News	NaN	19.16128921508789
1035	1036	fr	wol	challenge_SSA-MTE	hyp1	News	NaN	19.8791561126709
1036	1037	fr	wol	challenge_SSA-MTE	hyp1	News	NaN	18.87416648864746
1037	1038	fr	wol	challenge_SSA-MTE	hyp1	News	NaN	23.326448440551758
1038	1039	fr	wol	challenge_SSA-MTE	hyp1	News	NaN	28.122114181518555
1039	1040	fr	wol	challenge_SSA-MTE	hyp1	News	NaN	29.671987533569336
1040	1041	fr	wol	challenge_SSA-MTE	hyp1	News	NaN	18.462858200073242
1041	1042	fr	wol	challenge_SSA-MTE	hyp1	News	NaN	26.03626251220703
1042	1043	fr	wol	challenge_SSA-MTE	hyp1	News	NaN	19.53098487854004
1043	1044	fr	wol	challenge_SSA-MTE	hyp1	News	NaN	17.025896072387695
1044	1045	fr	wol	challenge_SSA-MTE	hyp1	News	NaN	18.367862701416016
1045	1046	fr	wol	challenge_SSA-MTE	hyp1	News	NaN	21.681835174560547
1046	1047	fr	wol	challenge_SSA-MTE	hyp1	News	NaN	17.76485824584961
1047	1048	fr	wol	challenge_SSA-MTE	hyp1	News	NaN	25.404878616333008
1048	1049	fr	wol	challenge_SSA-MTE	hyp1	News	NaN	28.03662109375
1049	1050	fr	wol	challenge_SSA-MTE	hyp1	News	NaN	25.32589340209961
1050	1051	fr	wol	challenge_SSA-MTE	hyp1	News	NaN	19.418973922729492
1051	1052	fr	wol	challenge_SSA-MTE	hyp1	News	NaN	16.777217864990234
1052	1053	fr	wol	challenge_SSA-MTE	hyp1	News	NaN	23.67087745666504
1053	1054	fr	wol	challenge_SSA-MTE	hyp1	News	NaN	21.296855926513672
1054	1055	fr	wol	challenge_SSA-MTE	hyp1	News	NaN	15.204599380493164
1055	1056	fr	wol	challenge_SSA-MTE	hyp1	News	NaN	29.270299911499023
1056	1057	fr	wol	challenge_SSA-MTE	hyp1	News	NaN	23.000320434570312
1057	1058	fr	wol	challenge_SSA-MTE	hyp1	News	NaN	7.804524898529053
1058	1059	fr	wol	challenge_SSA-MTE	hyp1	News	NaN	29.399423599243164
1059	1060	fr	wol	challenge_SSA-MTE	hyp1	News	NaN	36.22819900512695
1060	1061	fr	wol	challenge_SSA-MTE	hyp1	News	NaN	30.076601028442383
1061	1062	fr	wol	challenge_SSA-MTE	hyp1	News	NaN	27.997241973876953
1062	1063	fr	wol	challenge_SSA-MTE	hyp1	News	NaN	29.314477920532227
1063	1064	fr	wol	challenge_SSA-MTE	hyp1	News	NaN	31.814006805419922
1064	1065	fr	wol	challenge_SSA-MTE	hyp1	News	NaN	26.15233612060547
1065	1066	fr	wol	challenge_SSA-MTE	hyp1	News	NaN	22.837499618530273
1066	1067	fr	wol	challenge_SSA-MTE	hyp1	News	NaN	18.591703414916992
1067	1068	fr	wol	challenge_SSA-MTE	hyp1	News	NaN	25.483078002929688
1068	1069	fr	wol	challenge_SSA-MTE	hyp1	News	NaN	24.377676010131836
1069	1070	fr	wol	challenge_SSA-MTE	hyp1	News	NaN	25.71936798095703
1070	1071	fr	wol	challenge_SSA-MTE	hyp1	News	NaN	32.716224670410156
1071	1072	fr	wol	challenge_SSA-MTE	hyp1	News	NaN	25.585580825805664
1072	1073	fr	wol	challenge_SSA-MTE	hyp1	News	NaN	18.991592407226562
1073	1074	fr	wol	challenge_SSA-MTE	hyp1	News	NaN	24.022451400756836
1074	1075	fr	wol	challenge_SSA-MTE	hyp1	News	NaN	28.548141479492188
1075	1076	fr	wol	challenge_SSA-MTE	hyp1	News	NaN	25.28208351135254
1076	1077	fr	wol	challenge_SSA-MTE	hyp1	News	NaN	21.65968894958496
1077	1078	fr	wol	challenge_SSA-MTE	hyp1	News	NaN	19.454391479492188
1078	1079	fr	wol	challenge_SSA-MTE	hyp1	News	NaN	26.88035774230957
1079	1080	fr	wol	challenge_SSA-MTE	hyp1	News	NaN	31.567401885986328
1080	1081	fr	wol	challenge_SSA-MTE	hyp1	News	NaN	26.334157943725586
1081	1082	fr	wol	challenge_SSA-MTE	hyp1	News	NaN	17.82784652709961
1082	1083	fr	wol	challenge_SSA-MTE	hyp1	News	NaN	19.769594192504883
1083	1084	fr	wol	challenge_SSA-MTE	hyp1	News	NaN	22.986499786376953
1084	1085	fr	wol	challenge_SSA-MTE	hyp1	News	NaN	29.092166900634766
1085	1086	fr	wol	challenge_SSA-MTE	hyp1	News	NaN	4.926919937133789
1086	1087	fr	wol	challenge_SSA-MTE	hyp1	News	NaN	25.01944351196289
1087	1088	fr	wol	challenge_SSA-MTE	hyp1	News	NaN	21.56303596496582
1088	1089	fr	wol	challenge_SSA-MTE	hyp1	News	NaN	18.182573318481445
1089	1090	fr	wol	challenge_SSA-MTE	hyp1	News	NaN	25.085613250732422
1090	1091	fr	wol	challenge_SSA-MTE	hyp1	News	NaN	20.284894943237305
1091	1092	fr	wol	challenge_SSA-MTE	hyp1	News	NaN	15.643952369689941
1092	1093	fr	wol	challenge_SSA-MTE	hyp1	News	NaN	29.16619873046875
1093	1094	fr	wol	challenge_SSA-MTE	hyp1	News	NaN	31.014984130859375
1094	1095	fr	wol	challenge_SSA-MTE	hyp1	News	NaN	20.965036392211914
1095	1096	fr	wol	challenge_SSA-MTE	hyp1	News	NaN	16.16038703918457
1096	1097	fr	wol	challenge_SSA-MTE	hyp1	News	NaN	4.600395679473877
1097	1098	fr	wol	challenge_SSA-MTE	hyp1	News	NaN	-3.7358062267303467
1098	1099	fr	wol	challenge_SSA-MTE	hyp1	News	NaN	17.031963348388672
1099	1100	fr	wol	challenge_SSA-MTE	hyp1	News	NaN	12.876293182373047
1100	1101	fr	wol	challenge_SSA-MTE	hyp1	News	NaN	15.884546279907227
1101	1102	fr	wol	challenge_SSA-MTE	hyp1	News	NaN	13.234599113464355
1102	1103	fr	wol	challenge_SSA-MTE	hyp1	News	NaN	23.64370346069336
1103	1104	fr	wol	challenge_SSA-MTE	hyp1	News	NaN	18.050670623779297
1104	1105	fr	wol	challenge_SSA-MTE	hyp1	News	NaN	22.466596603393555
1105	1106	fr	wol	challenge_SSA-MTE	hyp1	News	NaN	17.406938552856445
1106	1107	fr	wol	challenge_SSA-MTE	hyp1	News	NaN	15.189517974853516
1107	1108	fr	wol	challenge_SSA-MTE	hyp1	News	NaN	10.47810173034668
1108	1109	fr	wol	challenge_SSA-MTE	hyp1	News	NaN	14.930072784423828
1109	1110	fr	wol	challenge_SSA-MTE	hyp1	News	NaN	13.68924617767334
1110	1111	fr	wol	challenge_SSA-MTE	hyp1	News	NaN	17.697607040405273
1111	1112	fr	wol	challenge_SSA-MTE	hyp1	News	NaN	13.138381004333496
1112	1113	fr	wol	challenge_SSA-MTE	hyp1	News	NaN	18.601533889770508
1113	1114	fr	wol	challenge_SSA-MTE	hyp1	News	NaN	15.14674186706543
1114	1115	fr	wol	challenge_SSA-MTE	hyp1	News	NaN	13.593327522277832
1115	1116	fr	wol	challenge_SSA-MTE	hyp1	News	NaN	15.071097373962402
1116	1117	fr	wol	challenge_SSA-MTE	hyp1	News	NaN	14.625865936279297
1117	1118	fr	wol	challenge_SSA-MTE	hyp1	News	NaN	14.232427597045898
1118	1119	fr	wol	challenge_SSA-MTE	hyp1	News	NaN	13.479662895202637
1119	1120	fr	wol	challenge_SSA-MTE	hyp1	News	NaN	19.39652442932129
1120	1121	fr	wol	challenge_SSA-MTE	hyp1	News	NaN	16.781089782714844
1121	1122	fr	wol	challenge_SSA-MTE	hyp1	News	NaN	-0.8075911998748779
1122	1123	fr	wol	challenge_SSA-MTE	hyp1	News	NaN	23.671478271484375
1123	1124	fr	wol	challenge_SSA-MTE	hyp1	News	NaN	15.737829208374023
1124	1125	fr	wol	challenge_SSA-MTE	hyp1	News	NaN	17.454788208007812
1125	1126	fr	wol	challenge_SSA-MTE	hyp1	News	NaN	35.180335998535156
1126	1127	fr	wol	challenge_SSA-MTE	hyp1	News	NaN	3.127317190170288
1127	1128	fr	wol	challenge_SSA-MTE	hyp1	News	NaN	-2.388036012649536
1128	1129	fr	wol	challenge_SSA-MTE	hyp1	News	NaN	21.70865249633789
1129	1130	fr	wol	challenge_SSA-MTE	hyp1	News	NaN	14.98314094543457
1130	1131	fr	wol	challenge_SSA-MTE	hyp1	News	NaN	26.404705047607422
1131	1132	fr	wol	challenge_SSA-MTE	hyp1	News	NaN	23.781871795654297
1132	1133	fr	wol	challenge_SSA-MTE	hyp1	News	NaN	15.216723442077637
1133	1134	fr	wol	challenge_SSA-MTE	hyp1	News	NaN	19.787792205810547
1134	1135	fr	wol	challenge_SSA-MTE	hyp1	News	NaN	24.556419372558594
1135	1136	fr	wol	challenge_SSA-MTE	hyp1	News	NaN	26.1376953125
1136	1137	fr	wol	challenge_SSA-MTE	hyp1	News	NaN	27.432167053222656
1137	1138	fr	wol	challenge_SSA-MTE	hyp1	News	NaN	23.261993408203125
1138	1139	fr	wol	challenge_SSA-MTE	hyp1	News	NaN	19.11509895324707
1139	1140	fr	wol	challenge_SSA-MTE	hyp1	News	NaN	16.193294525146484
1140	1141	fr	wol	challenge_SSA-MTE	hyp1	News	NaN	28.782949447631836
1141	1142	fr	wol	challenge_SSA-MTE	hyp1	News	NaN	22.29977798461914
1142	1143	fr	wol	challenge_SSA-MTE	hyp1	News	NaN	22.521018981933594
1143	1144	fr	wol	challenge_SSA-MTE	hyp1	News	NaN	22.468210220336914
1144	1145	fr	wol	challenge_SSA-MTE	hyp1	News	NaN	16.908580780029297
1145	1146	fr	wol	challenge_SSA-MTE	hyp1	News	NaN	23.701778411865234
1146	1147	fr	wol	challenge_SSA-MTE	hyp1	News	NaN	23.830974578857422
1147	1148	fr	wol	challenge_SSA-MTE	hyp1	News	NaN	27.52118682861328
1148	1149	fr	wol	challenge_SSA-MTE	hyp1	News	NaN	26.125070571899414
1149	1150	fr	wol	challenge_SSA-MTE	hyp1	News	NaN	23.949798583984375
1150	1151	fr	wol	challenge_SSA-MTE	hyp1	News	NaN	24.418333053588867
1151	1152	fr	wol	challenge_SSA-MTE	hyp1	News	NaN	27.142192840576172
1152	1153	fr	wol	challenge_SSA-MTE	hyp1	News	NaN	23.363462448120117
1153	1154	fr	wol	challenge_SSA-MTE	hyp1	News	NaN	18.93085479736328
1154	1155	fr	wol	challenge_SSA-MTE	hyp1	News	NaN	25.687070846557617
1155	1156	fr	wol	challenge_SSA-MTE	hyp1	News	NaN	13.608403205871582
1156	1157	fr	wol	challenge_SSA-MTE	hyp1	News	NaN	6.57832670211792
1157	1158	fr	wol	challenge_SSA-MTE	hyp1	News	NaN	28.44437599182129
1158	1159	fr	wol	challenge_SSA-MTE	hyp1	News	NaN	20.851028442382812
1159	1160	fr	wol	challenge_SSA-MTE	hyp1	News	NaN	18.610729217529297
1160	1161	fr	wol	challenge_SSA-MTE	hyp1	News	NaN	22.22789764404297
1161	1162	fr	wol	challenge_SSA-MTE	hyp1	News	NaN	20.722755432128906
1162	1163	fr	wol	challenge_SSA-MTE	hyp1	News	NaN	20.282262802124023
1163	1164	fr	wol	challenge_SSA-MTE	hyp1	News	NaN	33.84795379638672
1164	1165	fr	wol	challenge_SSA-MTE	hyp1	News	NaN	23.515954971313477
1165	1166	fr	wol	challenge_SSA-MTE	hyp1	News	NaN	25.53350067138672
1166	1167	fr	wol	challenge_SSA-MTE	hyp1	News	NaN	28.90985679626465
1167	1168	fr	wol	challenge_SSA-MTE	hyp1	News	NaN	24.818485260009766
1168	1169	fr	wol	challenge_SSA-MTE	hyp1	News	NaN	22.54792022705078
1169	1170	fr	wol	challenge_SSA-MTE	hyp1	News	NaN	25.455888748168945
1170	1171	fr	wol	challenge_SSA-MTE	hyp1	News	NaN	22.94853973388672
1171	1172	fr	wol	challenge_SSA-MTE	hyp1	News	NaN	19.409305572509766
1172	1173	fr	wol	challenge_SSA-MTE	hyp1	News	NaN	27.208656311035156
1173	1174	fr	wol	challenge_SSA-MTE	hyp1	News	NaN	29.630661010742188
1174	1175	fr	wol	challenge_SSA-MTE	hyp1	News	NaN	20.02346420288086
0	1	pt	nya	challenge_SSA-MTE	hyp1	News	NaN	31.895965576171875
1	2	pt	nya	challenge_SSA-MTE	hyp1	News	NaN	23.427030563354492
2	3	pt	nya	challenge_SSA-MTE	hyp1	News	NaN	20.30644989013672
3	4	pt	nya	challenge_SSA-MTE	hyp1	News	NaN	29.518909454345703
4	5	pt	nya	challenge_SSA-MTE	hyp1	News	NaN	26.500808715820312
5	6	pt	nya	challenge_SSA-MTE	hyp1	News	NaN	32.411376953125
6	7	pt	nya	challenge_SSA-MTE	hyp1	News	NaN	25.303747177124023
7	8	pt	nya	challenge_SSA-MTE	hyp1	News	NaN	43.623592376708984
8	9	pt	nya	challenge_SSA-MTE	hyp1	News	NaN	67.60974884033203
9	10	pt	nya	challenge_SSA-MTE	hyp1	News	NaN	54.307518005371094
10	11	pt	nya	challenge_SSA-MTE	hyp1	News	NaN	59.19109344482422
11	12	pt	nya	challenge_SSA-MTE	hyp1	News	NaN	55.83005142211914
12	13	pt	nya	challenge_SSA-MTE	hyp1	News	NaN	28.20421028137207
13	14	pt	nya	challenge_SSA-MTE	hyp1	News	NaN	31.639310836791992
14	15	pt	nya	challenge_SSA-MTE	hyp1	News	NaN	32.181488037109375
15	16	pt	nya	challenge_SSA-MTE	hyp1	News	NaN	17.844371795654297
16	17	pt	nya	challenge_SSA-MTE	hyp1	News	NaN	26.691661834716797
17	18	pt	nya	challenge_SSA-MTE	hyp1	News	NaN	25.629596710205078
18	19	pt	nya	challenge_SSA-MTE	hyp1	News	NaN	16.715778350830078
19	20	pt	nya	challenge_SSA-MTE	hyp1	News	NaN	18.7110538482666
20	21	pt	nya	challenge_SSA-MTE	hyp1	News	NaN	26.92868995666504
21	22	pt	nya	challenge_SSA-MTE	hyp1	News	NaN	18.210006713867188
22	23	pt	nya	challenge_SSA-MTE	hyp1	News	NaN	29.6845703125
23	24	pt	nya	challenge_SSA-MTE	hyp1	News	NaN	46.97789764404297
24	25	pt	nya	challenge_SSA-MTE	hyp1	News	NaN	31.337203979492188
25	26	pt	nya	challenge_SSA-MTE	hyp1	News	NaN	31.69412612915039
26	27	pt	nya	challenge_SSA-MTE	hyp1	News	NaN	36.088687896728516
27	28	pt	nya	challenge_SSA-MTE	hyp1	News	NaN	34.954566955566406
28	29	pt	nya	challenge_SSA-MTE	hyp1	News	NaN	44.95269012451172
29	30	pt	nya	challenge_SSA-MTE	hyp1	News	NaN	39.200538635253906
30	31	pt	nya	challenge_SSA-MTE	hyp1	News	NaN	52.351356506347656
31	32	pt	nya	challenge_SSA-MTE	hyp1	News	NaN	41.07899856567383
32	33	pt	nya	challenge_SSA-MTE	hyp1	News	NaN	34.06917190551758
33	34	pt	nya	challenge_SSA-MTE	hyp1	News	NaN	40.981056213378906
34	35	pt	nya	challenge_SSA-MTE	hyp1	News	NaN	12.17181396484375
35	36	pt	nya	challenge_SSA-MTE	hyp1	News	NaN	28.783031463623047
36	37	pt	nya	challenge_SSA-MTE	hyp1	News	NaN	34.72256088256836
37	38	pt	nya	challenge_SSA-MTE	hyp1	News	NaN	29.652271270751953
38	39	pt	nya	challenge_SSA-MTE	hyp1	News	NaN	32.17607116699219
39	40	pt	nya	challenge_SSA-MTE	hyp1	News	NaN	11.143648147583008
40	41	pt	nya	challenge_SSA-MTE	hyp1	News	NaN	35.70032501220703
41	42	pt	nya	challenge_SSA-MTE	hyp1	News	NaN	30.221759796142578
42	43	pt	nya	challenge_SSA-MTE	hyp1	News	NaN	33.65856170654297
43	44	pt	nya	challenge_SSA-MTE	hyp1	News	NaN	26.525997161865234
44	45	pt	nya	challenge_SSA-MTE	hyp1	News	NaN	51.09224319458008
45	46	pt	nya	challenge_SSA-MTE	hyp1	News	NaN	40.029319763183594
46	47	pt	nya	challenge_SSA-MTE	hyp1	News	NaN	50.599571228027344
47	48	pt	nya	challenge_SSA-MTE	hyp1	News	NaN	52.003997802734375
48	49	pt	nya	challenge_SSA-MTE	hyp1	News	NaN	15.272439956665039
49	50	pt	nya	challenge_SSA-MTE	hyp1	News	NaN	20.268863677978516
50	51	pt	nya	challenge_SSA-MTE	hyp1	News	NaN	31.531400680541992
51	52	pt	nya	challenge_SSA-MTE	hyp1	News	NaN	16.606462478637695
52	53	pt	nya	challenge_SSA-MTE	hyp1	News	NaN	23.143693923950195
53	54	pt	nya	challenge_SSA-MTE	hyp1	News	NaN	14.506898880004883
54	55	pt	nya	challenge_SSA-MTE	hyp1	News	NaN	31.70071029663086
55	56	pt	nya	challenge_SSA-MTE	hyp1	News	NaN	19.31370735168457
56	57	pt	nya	challenge_SSA-MTE	hyp1	News	NaN	10.69619083404541
57	58	pt	nya	challenge_SSA-MTE	hyp1	News	NaN	22.380802154541016
58	59	pt	nya	challenge_SSA-MTE	hyp1	News	NaN	16.418659210205078
59	60	pt	nya	challenge_SSA-MTE	hyp1	News	NaN	19.65747833251953
60	61	pt	nya	challenge_SSA-MTE	hyp1	News	NaN	37.70673751831055
61	62	pt	nya	challenge_SSA-MTE	hyp1	News	NaN	25.928668975830078
62	63	pt	nya	challenge_SSA-MTE	hyp1	News	NaN	27.857196807861328
63	64	pt	nya	challenge_SSA-MTE	hyp1	News	NaN	41.60855484008789
64	65	pt	nya	challenge_SSA-MTE	hyp1	News	NaN	29.822542190551758
65	66	pt	nya	challenge_SSA-MTE	hyp1	News	NaN	22.06365966796875
66	67	pt	nya	challenge_SSA-MTE	hyp1	News	NaN	38.234703063964844
67	68	pt	nya	challenge_SSA-MTE	hyp1	News	NaN	39.23365783691406
68	69	pt	nya	challenge_SSA-MTE	hyp1	News	NaN	26.6317195892334
69	70	pt	nya	challenge_SSA-MTE	hyp1	News	NaN	24.94717788696289
70	71	pt	nya	challenge_SSA-MTE	hyp1	News	NaN	25.675567626953125
71	72	pt	nya	challenge_SSA-MTE	hyp1	News	NaN	11.027822494506836
72	73	pt	nya	challenge_SSA-MTE	hyp1	News	NaN	34.23877716064453
73	74	pt	nya	challenge_SSA-MTE	hyp1	News	NaN	37.103111267089844
74	75	pt	nya	challenge_SSA-MTE	hyp1	News	NaN	51.6851692199707
75	76	pt	nya	challenge_SSA-MTE	hyp1	News	NaN	58.2437629699707
76	77	pt	nya	challenge_SSA-MTE	hyp1	News	NaN	11.339871406555176
77	78	pt	nya	challenge_SSA-MTE	hyp1	News	NaN	20.283458709716797
78	79	pt	nya	challenge_SSA-MTE	hyp1	News	NaN	27.300920486450195
79	80	pt	nya	challenge_SSA-MTE	hyp1	News	NaN	7.597808361053467
80	81	pt	nya	challenge_SSA-MTE	hyp1	News	NaN	34.112430572509766
81	82	pt	nya	challenge_SSA-MTE	hyp1	News	NaN	40.63095474243164
82	83	pt	nya	challenge_SSA-MTE	hyp1	News	NaN	37.76679992675781
83	84	pt	nya	challenge_SSA-MTE	hyp1	News	NaN	13.352594375610352
84	85	pt	nya	challenge_SSA-MTE	hyp1	News	NaN	21.45923614501953
85	86	pt	nya	challenge_SSA-MTE	hyp1	News	NaN	27.655536651611328
86	87	pt	nya	challenge_SSA-MTE	hyp1	News	NaN	30.78235626220703
87	88	pt	nya	challenge_SSA-MTE	hyp1	News	NaN	19.15464210510254
88	89	pt	nya	challenge_SSA-MTE	hyp1	News	NaN	29.89393424987793
89	90	pt	nya	challenge_SSA-MTE	hyp1	News	NaN	27.724010467529297
90	91	pt	nya	challenge_SSA-MTE	hyp1	News	NaN	30.487478256225586
91	92	pt	nya	challenge_SSA-MTE	hyp1	News	NaN	20.29863739013672
92	93	pt	nya	challenge_SSA-MTE	hyp1	News	NaN	19.770856857299805
93	94	pt	nya	challenge_SSA-MTE	hyp1	News	NaN	24.765071868896484
94	95	pt	nya	challenge_SSA-MTE	hyp1	News	NaN	45.02029037475586
95	96	pt	nya	challenge_SSA-MTE	hyp1	News	NaN	22.982730865478516
96	97	pt	nya	challenge_SSA-MTE	hyp1	News	NaN	37.470680236816406
97	98	pt	nya	challenge_SSA-MTE	hyp1	News	NaN	27.17293930053711
98	99	pt	nya	challenge_SSA-MTE	hyp1	News	NaN	30.529510498046875
99	100	pt	nya	challenge_SSA-MTE	hyp1	News	NaN	36.916664123535156
100	101	pt	nya	challenge_SSA-MTE	hyp1	News	NaN	34.39393997192383
101	102	pt	nya	challenge_SSA-MTE	hyp1	News	NaN	43.46390151977539
102	103	pt	nya	challenge_SSA-MTE	hyp1	News	NaN	37.698150634765625
103	104	pt	nya	challenge_SSA-MTE	hyp1	News	NaN	39.19254684448242
104	105	pt	nya	challenge_SSA-MTE	hyp1	News	NaN	37.94240951538086
105	106	pt	nya	challenge_SSA-MTE	hyp1	News	NaN	38.58934020996094
106	107	pt	nya	challenge_SSA-MTE	hyp1	News	NaN	28.63849449157715
107	108	pt	nya	challenge_SSA-MTE	hyp1	News	NaN	15.643692016601562
108	109	pt	nya	challenge_SSA-MTE	hyp1	News	NaN	29.793720245361328
109	110	pt	nya	challenge_SSA-MTE	hyp1	News	NaN	23.675678253173828
110	111	pt	nya	challenge_SSA-MTE	hyp1	News	NaN	25.44364356994629
111	112	pt	nya	challenge_SSA-MTE	hyp1	News	NaN	12.168088912963867
112	113	pt	nya	challenge_SSA-MTE	hyp1	News	NaN	16.905498504638672
113	114	pt	nya	challenge_SSA-MTE	hyp1	News	NaN	26.166196823120117
114	115	pt	nya	challenge_SSA-MTE	hyp1	News	NaN	37.259620666503906
115	116	pt	nya	challenge_SSA-MTE	hyp1	News	NaN	15.012740135192871
116	117	pt	nya	challenge_SSA-MTE	hyp1	News	NaN	31.627452850341797
117	118	pt	nya	challenge_SSA-MTE	hyp1	News	NaN	32.544281005859375
118	119	pt	nya	challenge_SSA-MTE	hyp1	News	NaN	25.323867797851562
119	120	pt	nya	challenge_SSA-MTE	hyp1	News	NaN	18.422319412231445
120	121	pt	nya	challenge_SSA-MTE	hyp1	News	NaN	42.040000915527344
121	122	pt	nya	challenge_SSA-MTE	hyp1	News	NaN	25.902523040771484
122	123	pt	nya	challenge_SSA-MTE	hyp1	News	NaN	26.74307632446289
123	124	pt	nya	challenge_SSA-MTE	hyp1	News	NaN	19.856870651245117
124	125	pt	nya	challenge_SSA-MTE	hyp1	News	NaN	25.821163177490234
125	126	pt	nya	challenge_SSA-MTE	hyp1	News	NaN	26.851444244384766
126	127	pt	nya	challenge_SSA-MTE	hyp1	News	NaN	25.061485290527344
127	128	pt	nya	challenge_SSA-MTE	hyp1	News	NaN	17.87279510498047
128	129	pt	nya	challenge_SSA-MTE	hyp1	News	NaN	29.399883270263672
129	130	pt	nya	challenge_SSA-MTE	hyp1	News	NaN	29.403907775878906
130	131	pt	nya	challenge_SSA-MTE	hyp1	News	NaN	42.78203582763672
131	132	pt	nya	challenge_SSA-MTE	hyp1	News	NaN	14.585394859313965
132	133	pt	nya	challenge_SSA-MTE	hyp1	News	NaN	18.180709838867188
133	134	pt	nya	challenge_SSA-MTE	hyp1	News	NaN	21.7304744720459
134	135	pt	nya	challenge_SSA-MTE	hyp1	News	NaN	15.587482452392578
135	136	pt	nya	challenge_SSA-MTE	hyp1	News	NaN	14.105560302734375
136	137	pt	nya	challenge_SSA-MTE	hyp1	News	NaN	28.14159393310547
137	138	pt	nya	challenge_SSA-MTE	hyp1	News	NaN	37.75861358642578
138	139	pt	nya	challenge_SSA-MTE	hyp1	News	NaN	35.014564514160156
139	140	pt	nya	challenge_SSA-MTE	hyp1	News	NaN	20.39070701599121
140	141	pt	nya	challenge_SSA-MTE	hyp1	News	NaN	35.707584381103516
141	142	pt	nya	challenge_SSA-MTE	hyp1	News	NaN	42.39251708984375
142	143	pt	nya	challenge_SSA-MTE	hyp1	News	NaN	34.24200439453125
143	144	pt	nya	challenge_SSA-MTE	hyp1	News	NaN	25.584182739257812
144	145	pt	nya	challenge_SSA-MTE	hyp1	News	NaN	28.348308563232422
145	146	pt	nya	challenge_SSA-MTE	hyp1	News	NaN	38.025062561035156
146	147	pt	nya	challenge_SSA-MTE	hyp1	News	NaN	27.806640625
147	148	pt	nya	challenge_SSA-MTE	hyp1	News	NaN	19.115285873413086
148	149	pt	nya	challenge_SSA-MTE	hyp1	News	NaN	38.211158752441406
149	150	pt	nya	challenge_SSA-MTE	hyp1	News	NaN	31.748241424560547
150	151	pt	nya	challenge_SSA-MTE	hyp1	News	NaN	22.28271484375
151	152	pt	nya	challenge_SSA-MTE	hyp1	News	NaN	24.542694091796875
152	153	pt	nya	challenge_SSA-MTE	hyp1	News	NaN	41.27204132080078
153	154	pt	nya	challenge_SSA-MTE	hyp1	News	NaN	27.48882293701172
154	155	pt	nya	challenge_SSA-MTE	hyp1	News	NaN	28.225086212158203
155	156	pt	nya	challenge_SSA-MTE	hyp1	News	NaN	18.486881256103516
156	157	pt	nya	challenge_SSA-MTE	hyp1	News	NaN	34.04201126098633
157	158	pt	nya	challenge_SSA-MTE	hyp1	News	NaN	36.689903259277344
158	159	pt	nya	challenge_SSA-MTE	hyp1	News	NaN	33.56296920776367
159	160	pt	nya	challenge_SSA-MTE	hyp1	News	NaN	16.25018882751465
160	161	pt	nya	challenge_SSA-MTE	hyp1	News	NaN	20.725406646728516
161	162	pt	nya	challenge_SSA-MTE	hyp1	News	NaN	25.70343017578125
162	163	pt	nya	challenge_SSA-MTE	hyp1	News	NaN	19.93817138671875
163	164	pt	nya	challenge_SSA-MTE	hyp1	News	NaN	15.68094253540039
164	165	pt	nya	challenge_SSA-MTE	hyp1	News	NaN	24.968463897705078
165	166	pt	nya	challenge_SSA-MTE	hyp1	News	NaN	27.33943748474121
166	167	pt	nya	challenge_SSA-MTE	hyp1	News	NaN	17.088134765625
167	168	pt	nya	challenge_SSA-MTE	hyp1	News	NaN	22.724716186523438
168	169	pt	nya	challenge_SSA-MTE	hyp1	News	NaN	32.23670196533203
169	170	pt	nya	challenge_SSA-MTE	hyp1	News	NaN	15.860441207885742
170	171	pt	nya	challenge_SSA-MTE	hyp1	News	NaN	29.345256805419922
171	172	pt	nya	challenge_SSA-MTE	hyp1	News	NaN	22.145851135253906
172	173	pt	nya	challenge_SSA-MTE	hyp1	News	NaN	26.602359771728516
173	174	pt	nya	challenge_SSA-MTE	hyp1	News	NaN	30.91213607788086
174	175	pt	nya	challenge_SSA-MTE	hyp1	News	NaN	18.92119026184082
175	176	pt	nya	challenge_SSA-MTE	hyp1	News	NaN	17.70849609375
176	177	pt	nya	challenge_SSA-MTE	hyp1	News	NaN	18.918445587158203
177	178	pt	nya	challenge_SSA-MTE	hyp1	News	NaN	26.619224548339844
178	179	pt	nya	challenge_SSA-MTE	hyp1	News	NaN	18.138885498046875
179	180	pt	nya	challenge_SSA-MTE	hyp1	News	NaN	13.464143753051758
180	181	pt	nya	challenge_SSA-MTE	hyp1	News	NaN	21.550464630126953
181	182	pt	nya	challenge_SSA-MTE	hyp1	News	NaN	21.816890716552734
182	183	pt	nya	challenge_SSA-MTE	hyp1	News	NaN	18.7729434967041
183	184	pt	nya	challenge_SSA-MTE	hyp1	News	NaN	28.932723999023438
184	185	pt	nya	challenge_SSA-MTE	hyp1	News	NaN	24.28396987915039
185	186	pt	nya	challenge_SSA-MTE	hyp1	News	NaN	20.83342742919922
186	187	pt	nya	challenge_SSA-MTE	hyp1	News	NaN	20.458782196044922
187	188	pt	nya	challenge_SSA-MTE	hyp1	News	NaN	26.862346649169922
188	189	pt	nya	challenge_SSA-MTE	hyp1	News	NaN	43.7091178894043
189	190	pt	nya	challenge_SSA-MTE	hyp1	News	NaN	57.435550689697266
190	191	pt	nya	challenge_SSA-MTE	hyp1	News	NaN	59.51643371582031
191	192	pt	nya	challenge_SSA-MTE	hyp1	News	NaN	29.482065200805664
192	193	pt	nya	challenge_SSA-MTE	hyp1	News	NaN	34.228759765625
193	194	pt	nya	challenge_SSA-MTE	hyp1	News	NaN	28.681623458862305
194	195	pt	nya	challenge_SSA-MTE	hyp1	News	NaN	31.677860260009766
195	196	pt	nya	challenge_SSA-MTE	hyp1	News	NaN	54.55743408203125
196	197	pt	nya	challenge_SSA-MTE	hyp1	News	NaN	26.238170623779297
197	198	pt	nya	challenge_SSA-MTE	hyp1	News	NaN	29.864147186279297
198	199	pt	nya	challenge_SSA-MTE	hyp1	News	NaN	27.313507080078125
199	200	pt	nya	challenge_SSA-MTE	hyp1	News	NaN	29.233116149902344
200	201	pt	nya	challenge_SSA-MTE	hyp1	News	NaN	31.358617782592773
201	202	pt	nya	challenge_SSA-MTE	hyp1	News	NaN	29.317283630371094
202	203	pt	nya	challenge_SSA-MTE	hyp1	News	NaN	33.18667984008789
203	204	pt	nya	challenge_SSA-MTE	hyp1	News	NaN	15.421157836914062
204	205	pt	nya	challenge_SSA-MTE	hyp1	News	NaN	36.32859802246094
205	206	pt	nya	challenge_SSA-MTE	hyp1	News	NaN	44.028831481933594
206	207	pt	nya	challenge_SSA-MTE	hyp1	News	NaN	44.7586669921875
207	208	pt	nya	challenge_SSA-MTE	hyp1	News	NaN	18.636608123779297
208	209	pt	nya	challenge_SSA-MTE	hyp1	News	NaN	48.469825744628906
209	210	pt	nya	challenge_SSA-MTE	hyp1	News	NaN	22.536561965942383
210	211	pt	nya	challenge_SSA-MTE	hyp1	News	NaN	45.1240234375
211	212	pt	nya	challenge_SSA-MTE	hyp1	News	NaN	20.876895904541016
212	213	pt	nya	challenge_SSA-MTE	hyp1	News	NaN	26.214502334594727
213	214	pt	nya	challenge_SSA-MTE	hyp1	News	NaN	57.464698791503906
214	215	pt	nya	challenge_SSA-MTE	hyp1	News	NaN	42.02323913574219
215	216	pt	nya	challenge_SSA-MTE	hyp1	News	NaN	35.53006362915039
216	217	pt	nya	challenge_SSA-MTE	hyp1	News	NaN	29.689363479614258
217	218	pt	nya	challenge_SSA-MTE	hyp1	News	NaN	34.26774978637695
218	219	pt	nya	challenge_SSA-MTE	hyp1	News	NaN	32.04241943359375
219	220	pt	nya	challenge_SSA-MTE	hyp1	News	NaN	14.575620651245117
220	221	pt	nya	challenge_SSA-MTE	hyp1	News	NaN	48.69493103027344
221	222	pt	nya	challenge_SSA-MTE	hyp1	News	NaN	43.566009521484375
222	223	pt	nya	challenge_SSA-MTE	hyp1	News	NaN	41.383087158203125
223	224	pt	nya	challenge_SSA-MTE	hyp1	News	NaN	29.586681365966797
224	225	pt	nya	challenge_SSA-MTE	hyp1	News	NaN	25.411663055419922
225	226	pt	nya	challenge_SSA-MTE	hyp1	News	NaN	32.270668029785156
226	227	pt	nya	challenge_SSA-MTE	hyp1	News	NaN	31.613855361938477
227	228	pt	nya	challenge_SSA-MTE	hyp1	News	NaN	19.641103744506836
228	229	pt	nya	challenge_SSA-MTE	hyp1	News	NaN	64.81889343261719
229	230	pt	nya	challenge_SSA-MTE	hyp1	News	NaN	67.74951171875
230	231	pt	nya	challenge_SSA-MTE	hyp1	News	NaN	65.21995544433594
231	232	pt	nya	challenge_SSA-MTE	hyp1	News	NaN	57.42810821533203
232	233	pt	nya	challenge_SSA-MTE	hyp1	News	NaN	23.802640914916992
233	234	pt	nya	challenge_SSA-MTE	hyp1	News	NaN	26.081483840942383
234	235	pt	nya	challenge_SSA-MTE	hyp1	News	NaN	24.435197830200195
235	236	pt	nya	challenge_SSA-MTE	hyp1	News	NaN	9.30109977722168
236	237	pt	nya	challenge_SSA-MTE	hyp1	News	NaN	40.272605895996094
237	238	pt	nya	challenge_SSA-MTE	hyp1	News	NaN	35.939125061035156
238	239	pt	nya	challenge_SSA-MTE	hyp1	News	NaN	38.29636764526367
239	240	pt	nya	challenge_SSA-MTE	hyp1	News	NaN	16.923221588134766
240	241	pt	nya	challenge_SSA-MTE	hyp1	News	NaN	30.004741668701172
241	242	pt	nya	challenge_SSA-MTE	hyp1	News	NaN	17.739334106445312
242	243	pt	nya	challenge_SSA-MTE	hyp1	News	NaN	19.338829040527344
243	244	pt	nya	challenge_SSA-MTE	hyp1	News	NaN	22.564035415649414
244	245	pt	nya	challenge_SSA-MTE	hyp1	News	NaN	27.07761001586914
245	246	pt	nya	challenge_SSA-MTE	hyp1	News	NaN	24.016023635864258
246	247	pt	nya	challenge_SSA-MTE	hyp1	News	NaN	37.0327262878418
247	248	pt	nya	challenge_SSA-MTE	hyp1	News	NaN	22.142723083496094
248	249	pt	nya	challenge_SSA-MTE	hyp1	News	NaN	47.95209503173828
249	250	pt	nya	challenge_SSA-MTE	hyp1	News	NaN	45.950904846191406
250	251	pt	nya	challenge_SSA-MTE	hyp1	News	NaN	36.460601806640625
251	252	pt	nya	challenge_SSA-MTE	hyp1	News	NaN	17.45319366455078
252	253	pt	nya	challenge_SSA-MTE	hyp1	News	NaN	45.02397918701172
253	254	pt	nya	challenge_SSA-MTE	hyp1	News	NaN	50.67996597290039
254	255	pt	nya	challenge_SSA-MTE	hyp1	News	NaN	42.85870361328125
255	256	pt	nya	challenge_SSA-MTE	hyp1	News	NaN	39.04283905029297
256	257	pt	nya	challenge_SSA-MTE	hyp1	News	NaN	20.293087005615234
257	258	pt	nya	challenge_SSA-MTE	hyp1	News	NaN	23.720806121826172
258	259	pt	nya	challenge_SSA-MTE	hyp1	News	NaN	21.02369499206543
259	260	pt	nya	challenge_SSA-MTE	hyp1	News	NaN	27.216035842895508
260	261	pt	nya	challenge_SSA-MTE	hyp1	News	NaN	30.6571044921875
261	262	pt	nya	challenge_SSA-MTE	hyp1	News	NaN	28.11240005493164
262	263	pt	nya	challenge_SSA-MTE	hyp1	News	NaN	34.733604431152344
263	264	pt	nya	challenge_SSA-MTE	hyp1	News	NaN	21.674285888671875
264	265	pt	nya	challenge_SSA-MTE	hyp1	News	NaN	32.7381591796875
265	266	pt	nya	challenge_SSA-MTE	hyp1	News	NaN	30.721630096435547
266	267	pt	nya	challenge_SSA-MTE	hyp1	News	NaN	29.95380401611328
267	268	pt	nya	challenge_SSA-MTE	hyp1	News	NaN	30.41724395751953
268	269	pt	nya	challenge_SSA-MTE	hyp1	News	NaN	17.5455379486084
269	270	pt	nya	challenge_SSA-MTE	hyp1	News	NaN	19.24860382080078
270	271	pt	nya	challenge_SSA-MTE	hyp1	News	NaN	21.321897506713867
271	272	pt	nya	challenge_SSA-MTE	hyp1	News	NaN	7.449200630187988
272	273	pt	nya	challenge_SSA-MTE	hyp1	News	NaN	27.386825561523438
273	274	pt	nya	challenge_SSA-MTE	hyp1	News	NaN	22.42224884033203
274	275	pt	nya	challenge_SSA-MTE	hyp1	News	NaN	23.219886779785156
275	276	pt	nya	challenge_SSA-MTE	hyp1	News	NaN	23.62056541442871
276	277	pt	nya	challenge_SSA-MTE	hyp1	News	NaN	42.50092315673828
277	278	pt	nya	challenge_SSA-MTE	hyp1	News	NaN	33.642738342285156
278	279	pt	nya	challenge_SSA-MTE	hyp1	News	NaN	39.15320587158203
279	280	pt	nya	challenge_SSA-MTE	hyp1	News	NaN	23.683582305908203
280	281	pt	nya	challenge_SSA-MTE	hyp1	News	NaN	17.29867172241211
281	282	pt	nya	challenge_SSA-MTE	hyp1	News	NaN	16.949220657348633
282	283	pt	nya	challenge_SSA-MTE	hyp1	News	NaN	17.594867706298828
283	284	pt	nya	challenge_SSA-MTE	hyp1	News	NaN	29.13241195678711
284	285	pt	nya	challenge_SSA-MTE	hyp1	News	NaN	24.916473388671875
285	286	pt	nya	challenge_SSA-MTE	hyp1	News	NaN	24.497543334960938
286	287	pt	nya	challenge_SSA-MTE	hyp1	News	NaN	27.331798553466797
287	288	pt	nya	challenge_SSA-MTE	hyp1	News	NaN	21.77481460571289
288	289	pt	nya	challenge_SSA-MTE	hyp1	News	NaN	48.0741081237793
289	290	pt	nya	challenge_SSA-MTE	hyp1	News	NaN	56.4483642578125
290	291	pt	nya	challenge_SSA-MTE	hyp1	News	NaN	52.325191497802734
291	292	pt	nya	challenge_SSA-MTE	hyp1	News	NaN	34.672569274902344
292	293	pt	nya	challenge_SSA-MTE	hyp1	News	NaN	43.22629165649414
293	294	pt	nya	challenge_SSA-MTE	hyp1	News	NaN	20.91352081298828
294	295	pt	nya	challenge_SSA-MTE	hyp1	News	NaN	45.383995056152344
295	296	pt	nya	challenge_SSA-MTE	hyp1	News	NaN	36.59417724609375
296	297	pt	nya	challenge_SSA-MTE	hyp1	News	NaN	24.739601135253906
297	298	pt	nya	challenge_SSA-MTE	hyp1	News	NaN	30.77788734436035
298	299	pt	nya	challenge_SSA-MTE	hyp1	News	NaN	28.69295883178711
299	300	pt	nya	challenge_SSA-MTE	hyp1	News	NaN	24.084686279296875
300	301	pt	nya	challenge_SSA-MTE	hyp1	News	NaN	30.851516723632812
301	302	pt	nya	challenge_SSA-MTE	hyp1	News	NaN	35.64885711669922
302	303	pt	nya	challenge_SSA-MTE	hyp1	News	NaN	31.192970275878906
303	304	pt	nya	challenge_SSA-MTE	hyp1	News	NaN	30.604238510131836
304	305	pt	nya	challenge_SSA-MTE	hyp1	News	NaN	17.831005096435547
305	306	pt	nya	challenge_SSA-MTE	hyp1	News	NaN	20.008058547973633
306	307	pt	nya	challenge_SSA-MTE	hyp1	News	NaN	14.914327621459961
307	308	pt	nya	challenge_SSA-MTE	hyp1	News	NaN	19.623760223388672
308	309	pt	nya	challenge_SSA-MTE	hyp1	News	NaN	40.43414306640625
309	310	pt	nya	challenge_SSA-MTE	hyp1	News	NaN	41.24260330200195
310	311	pt	nya	challenge_SSA-MTE	hyp1	News	NaN	39.31134033203125
311	312	pt	nya	challenge_SSA-MTE	hyp1	News	NaN	21.044092178344727
312	313	pt	nya	challenge_SSA-MTE	hyp1	News	NaN	31.57870101928711
313	314	pt	nya	challenge_SSA-MTE	hyp1	News	NaN	34.511383056640625
314	315	pt	nya	challenge_SSA-MTE	hyp1	News	NaN	29.035842895507812
315	316	pt	nya	challenge_SSA-MTE	hyp1	News	NaN	20.680320739746094
316	317	pt	nya	challenge_SSA-MTE	hyp1	News	NaN	31.03374671936035
317	318	pt	nya	challenge_SSA-MTE	hyp1	News	NaN	44.47994613647461
318	319	pt	nya	challenge_SSA-MTE	hyp1	News	NaN	37.2843017578125
319	320	pt	nya	challenge_SSA-MTE	hyp1	News	NaN	16.80510711669922
320	321	pt	nya	challenge_SSA-MTE	hyp1	News	NaN	18.809314727783203
321	322	pt	nya	challenge_SSA-MTE	hyp1	News	NaN	31.594308853149414
322	323	pt	nya	challenge_SSA-MTE	hyp1	News	NaN	12.661836624145508
323	324	pt	nya	challenge_SSA-MTE	hyp1	News	NaN	19.593080520629883
324	325	pt	nya	challenge_SSA-MTE	hyp1	News	NaN	39.686546325683594
325	326	pt	nya	challenge_SSA-MTE	hyp1	News	NaN	34.71796417236328
326	327	pt	nya	challenge_SSA-MTE	hyp1	News	NaN	46.21614074707031
327	328	pt	nya	challenge_SSA-MTE	hyp1	News	NaN	22.38865852355957
328	329	pt	nya	challenge_SSA-MTE	hyp1	News	NaN	47.7349739074707
329	330	pt	nya	challenge_SSA-MTE	hyp1	News	NaN	34.012657165527344
330	331	pt	nya	challenge_SSA-MTE	hyp1	News	NaN	47.835845947265625
331	332	pt	nya	challenge_SSA-MTE	hyp1	News	NaN	45.32571792602539
332	333	pt	nya	challenge_SSA-MTE	hyp1	News	NaN	39.7788200378418
333	334	pt	nya	challenge_SSA-MTE	hyp1	News	NaN	39.426971435546875
334	335	pt	nya	challenge_SSA-MTE	hyp1	News	NaN	40.87260055541992
335	336	pt	nya	challenge_SSA-MTE	hyp1	News	NaN	20.479690551757812
336	337	pt	nya	challenge_SSA-MTE	hyp1	News	NaN	32.35685729980469
337	338	pt	nya	challenge_SSA-MTE	hyp1	News	NaN	28.366756439208984
338	339	pt	nya	challenge_SSA-MTE	hyp1	News	NaN	35.609039306640625
339	340	pt	nya	challenge_SSA-MTE	hyp1	News	NaN	7.326426029205322
340	341	pt	nya	challenge_SSA-MTE	hyp1	News	NaN	30.731155395507812
341	342	pt	nya	challenge_SSA-MTE	hyp1	News	NaN	29.267715454101562
342	343	pt	nya	challenge_SSA-MTE	hyp1	News	NaN	31.65628433227539
343	344	pt	nya	challenge_SSA-MTE	hyp1	News	NaN	13.950844764709473
344	345	pt	nya	challenge_SSA-MTE	hyp1	News	NaN	28.59009552001953
345	346	pt	nya	challenge_SSA-MTE	hyp1	News	NaN	31.098180770874023
346	347	pt	nya	challenge_SSA-MTE	hyp1	News	NaN	33.73899841308594
347	348	pt	nya	challenge_SSA-MTE	hyp1	News	NaN	25.30608367919922
348	349	pt	nya	challenge_SSA-MTE	hyp1	News	NaN	30.028244018554688
349	350	pt	nya	challenge_SSA-MTE	hyp1	News	NaN	25.308090209960938
350	351	pt	nya	challenge_SSA-MTE	hyp1	News	NaN	31.79890251159668
351	352	pt	nya	challenge_SSA-MTE	hyp1	News	NaN	30.027481079101562
352	353	pt	nya	challenge_SSA-MTE	hyp1	News	NaN	56.86992263793945
353	354	pt	nya	challenge_SSA-MTE	hyp1	News	NaN	46.639827728271484
354	355	pt	nya	challenge_SSA-MTE	hyp1	News	NaN	52.111515045166016
355	356	pt	nya	challenge_SSA-MTE	hyp1	News	NaN	24.619094848632812
356	357	pt	nya	challenge_SSA-MTE	hyp1	News	NaN	28.781972885131836
357	358	pt	nya	challenge_SSA-MTE	hyp1	News	NaN	26.513561248779297
358	359	pt	nya	challenge_SSA-MTE	hyp1	News	NaN	29.659671783447266
359	360	pt	nya	challenge_SSA-MTE	hyp1	News	NaN	19.832530975341797
360	361	pt	nya	challenge_SSA-MTE	hyp1	News	NaN	21.580982208251953
361	362	pt	nya	challenge_SSA-MTE	hyp1	News	NaN	18.403751373291016
362	363	pt	nya	challenge_SSA-MTE	hyp1	News	NaN	19.966087341308594
363	364	pt	nya	challenge_SSA-MTE	hyp1	News	NaN	18.811737060546875
364	365	pt	nya	challenge_SSA-MTE	hyp1	News	NaN	43.98710632324219
365	366	pt	nya	challenge_SSA-MTE	hyp1	News	NaN	42.989200592041016
366	367	pt	nya	challenge_SSA-MTE	hyp1	News	NaN	40.84971618652344
367	368	pt	nya	challenge_SSA-MTE	hyp1	News	NaN	44.81830978393555
368	369	pt	nya	challenge_SSA-MTE	hyp1	News	NaN	34.564178466796875
369	370	pt	nya	challenge_SSA-MTE	hyp1	News	NaN	30.92178726196289
370	371	pt	nya	challenge_SSA-MTE	hyp1	News	NaN	28.500965118408203
371	372	pt	nya	challenge_SSA-MTE	hyp1	News	NaN	17.243240356445312
372	373	pt	nya	challenge_SSA-MTE	hyp1	News	NaN	16.154542922973633
373	374	pt	nya	challenge_SSA-MTE	hyp1	News	NaN	15.468049049377441
374	375	pt	nya	challenge_SSA-MTE	hyp1	News	NaN	14.659364700317383
375	376	pt	nya	challenge_SSA-MTE	hyp1	News	NaN	15.2443208694458
376	377	pt	nya	challenge_SSA-MTE	hyp1	News	NaN	28.887937545776367
377	378	pt	nya	challenge_SSA-MTE	hyp1	News	NaN	31.082902908325195
378	379	pt	nya	challenge_SSA-MTE	hyp1	News	NaN	22.60955047607422
379	380	pt	nya	challenge_SSA-MTE	hyp1	News	NaN	16.879724502563477
380	381	pt	nya	challenge_SSA-MTE	hyp1	News	NaN	35.05321502685547
381	382	pt	nya	challenge_SSA-MTE	hyp1	News	NaN	24.667661666870117
382	383	pt	nya	challenge_SSA-MTE	hyp1	News	NaN	28.1907958984375
383	384	pt	nya	challenge_SSA-MTE	hyp1	News	NaN	20.918781280517578
384	385	pt	nya	challenge_SSA-MTE	hyp1	News	NaN	35.80913162231445
385	386	pt	nya	challenge_SSA-MTE	hyp1	News	NaN	32.462059020996094
386	387	pt	nya	challenge_SSA-MTE	hyp1	News	NaN	36.02045440673828
387	388	pt	nya	challenge_SSA-MTE	hyp1	News	NaN	19.374168395996094
388	389	pt	nya	challenge_SSA-MTE	hyp1	News	NaN	21.393404006958008
389	390	pt	nya	challenge_SSA-MTE	hyp1	News	NaN	30.855981826782227
390	391	pt	nya	challenge_SSA-MTE	hyp1	News	NaN	26.148786544799805
391	392	pt	nya	challenge_SSA-MTE	hyp1	News	NaN	19.02820587158203
392	393	pt	nya	challenge_SSA-MTE	hyp1	News	NaN	52.603660583496094
393	394	pt	nya	challenge_SSA-MTE	hyp1	News	NaN	24.73641586303711
394	395	pt	nya	challenge_SSA-MTE	hyp1	News	NaN	23.692054748535156
395	396	pt	nya	challenge_SSA-MTE	hyp1	News	NaN	23.268983840942383
396	397	pt	nya	challenge_SSA-MTE	hyp1	News	NaN	22.886188507080078
397	398	pt	nya	challenge_SSA-MTE	hyp1	News	NaN	18.489938735961914
398	399	pt	nya	challenge_SSA-MTE	hyp1	News	NaN	28.208431243896484
399	400	pt	nya	challenge_SSA-MTE	hyp1	News	NaN	29.670269012451172
400	401	pt	nya	challenge_SSA-MTE	hyp1	News	NaN	13.374120712280273
401	402	pt	nya	challenge_SSA-MTE	hyp1	News	NaN	12.276351928710938
402	403	pt	nya	challenge_SSA-MTE	hyp1	News	NaN	12.965461730957031
403	404	pt	nya	challenge_SSA-MTE	hyp1	News	NaN	13.264083862304688
404	405	pt	nya	challenge_SSA-MTE	hyp1	News	NaN	29.257381439208984
405	406	pt	nya	challenge_SSA-MTE	hyp1	News	NaN	29.406383514404297
406	407	pt	nya	challenge_SSA-MTE	hyp1	News	NaN	29.412765502929688
407	408	pt	nya	challenge_SSA-MTE	hyp1	News	NaN	14.79483413696289
408	409	pt	nya	challenge_SSA-MTE	hyp1	News	NaN	36.28303527832031
409	410	pt	nya	challenge_SSA-MTE	hyp1	News	NaN	33.73749542236328
410	411	pt	nya	challenge_SSA-MTE	hyp1	News	NaN	38.48274612426758
411	412	pt	nya	challenge_SSA-MTE	hyp1	News	NaN	21.538673400878906
412	413	pt	nya	challenge_SSA-MTE	hyp1	News	NaN	36.31863784790039
413	414	pt	nya	challenge_SSA-MTE	hyp1	News	NaN	43.890419006347656
414	415	pt	nya	challenge_SSA-MTE	hyp1	News	NaN	41.54924011230469
415	416	pt	nya	challenge_SSA-MTE	hyp1	News	NaN	10.974248886108398
416	417	pt	nya	challenge_SSA-MTE	hyp1	News	NaN	15.228906631469727
417	418	pt	nya	challenge_SSA-MTE	hyp1	News	NaN	14.638522148132324
418	419	pt	nya	challenge_SSA-MTE	hyp1	News	NaN	23.92251968383789
419	420	pt	nya	challenge_SSA-MTE	hyp1	News	NaN	21.09322738647461
420	421	pt	nya	challenge_SSA-MTE	hyp1	News	NaN	35.64604949951172
421	422	pt	nya	challenge_SSA-MTE	hyp1	News	NaN	40.0542106628418
422	423	pt	nya	challenge_SSA-MTE	hyp1	News	NaN	47.671112060546875
423	424	pt	nya	challenge_SSA-MTE	hyp1	News	NaN	16.943572998046875
424	425	pt	nya	challenge_SSA-MTE	hyp1	News	NaN	28.670202255249023
425	426	pt	nya	challenge_SSA-MTE	hyp1	News	NaN	29.308605194091797
426	427	pt	nya	challenge_SSA-MTE	hyp1	News	NaN	27.528034210205078
427	428	pt	nya	challenge_SSA-MTE	hyp1	News	NaN	11.159459114074707
428	429	pt	nya	challenge_SSA-MTE	hyp1	News	NaN	26.113264083862305
429	430	pt	nya	challenge_SSA-MTE	hyp1	News	NaN	26.858238220214844
430	431	pt	nya	challenge_SSA-MTE	hyp1	News	NaN	22.39322280883789
431	432	pt	nya	challenge_SSA-MTE	hyp1	News	NaN	26.2431583404541
432	433	pt	nya	challenge_SSA-MTE	hyp1	News	NaN	26.93606185913086
433	434	pt	nya	challenge_SSA-MTE	hyp1	News	NaN	24.051570892333984
434	435	pt	nya	challenge_SSA-MTE	hyp1	News	NaN	31.79759979248047
435	436	pt	nya	challenge_SSA-MTE	hyp1	News	NaN	16.195789337158203
436	437	pt	nya	challenge_SSA-MTE	hyp1	News	NaN	28.75636863708496
437	438	pt	nya	challenge_SSA-MTE	hyp1	News	NaN	35.82427215576172
438	439	pt	nya	challenge_SSA-MTE	hyp1	News	NaN	28.910903930664062
439	440	pt	nya	challenge_SSA-MTE	hyp1	News	NaN	45.854583740234375
440	441	pt	nya	challenge_SSA-MTE	hyp1	News	NaN	39.762962341308594
441	442	pt	nya	challenge_SSA-MTE	hyp1	News	NaN	30.713390350341797
442	443	pt	nya	challenge_SSA-MTE	hyp1	News	NaN	37.386566162109375
443	444	pt	nya	challenge_SSA-MTE	hyp1	News	NaN	32.411766052246094
444	445	pt	nya	challenge_SSA-MTE	hyp1	News	NaN	24.18203353881836
445	446	pt	nya	challenge_SSA-MTE	hyp1	News	NaN	23.5479736328125
446	447	pt	nya	challenge_SSA-MTE	hyp1	News	NaN	23.392314910888672
447	448	pt	nya	challenge_SSA-MTE	hyp1	News	NaN	9.739571571350098
448	449	pt	nya	challenge_SSA-MTE	hyp1	News	NaN	17.96621322631836
449	450	pt	nya	challenge_SSA-MTE	hyp1	News	NaN	18.08326530456543
450	451	pt	nya	challenge_SSA-MTE	hyp1	News	NaN	21.024585723876953
451	452	pt	nya	challenge_SSA-MTE	hyp1	News	NaN	33.60893249511719
452	453	pt	nya	challenge_SSA-MTE	hyp1	News	NaN	25.5147705078125
453	454	pt	nya	challenge_SSA-MTE	hyp1	News	NaN	40.11445236206055
454	455	pt	nya	challenge_SSA-MTE	hyp1	News	NaN	21.46763801574707
455	456	pt	nya	challenge_SSA-MTE	hyp1	News	NaN	27.1893310546875
456	457	pt	nya	challenge_SSA-MTE	hyp1	News	NaN	33.91242980957031
457	458	pt	nya	challenge_SSA-MTE	hyp1	News	NaN	30.943805694580078
458	459	pt	nya	challenge_SSA-MTE	hyp1	News	NaN	28.952024459838867
459	460	pt	nya	challenge_SSA-MTE	hyp1	News	NaN	32.98423767089844
460	461	pt	nya	challenge_SSA-MTE	hyp1	News	NaN	19.997333526611328
461	462	pt	nya	challenge_SSA-MTE	hyp1	News	NaN	38.3255729675293
462	463	pt	nya	challenge_SSA-MTE	hyp1	News	NaN	17.207504272460938
463	464	pt	nya	challenge_SSA-MTE	hyp1	News	NaN	26.990144729614258
464	465	pt	nya	challenge_SSA-MTE	hyp1	News	NaN	57.647499084472656
465	466	pt	nya	challenge_SSA-MTE	hyp1	News	NaN	35.57978057861328
466	467	pt	nya	challenge_SSA-MTE	hyp1	News	NaN	34.10417938232422
467	468	pt	nya	challenge_SSA-MTE	hyp1	News	NaN	34.63123321533203
468	469	pt	nya	challenge_SSA-MTE	hyp1	News	NaN	39.82884216308594
469	470	pt	nya	challenge_SSA-MTE	hyp1	News	NaN	40.71457290649414
470	471	pt	nya	challenge_SSA-MTE	hyp1	News	NaN	37.69263458251953
471	472	pt	nya	challenge_SSA-MTE	hyp1	News	NaN	30.673065185546875
472	473	pt	nya	challenge_SSA-MTE	hyp1	News	NaN	51.40644454956055
473	474	pt	nya	challenge_SSA-MTE	hyp1	News	NaN	46.738502502441406
474	475	pt	nya	challenge_SSA-MTE	hyp1	News	NaN	47.64051818847656
475	476	pt	nya	challenge_SSA-MTE	hyp1	News	NaN	43.71037292480469
476	477	pt	nya	challenge_SSA-MTE	hyp1	News	NaN	39.840965270996094
477	478	pt	nya	challenge_SSA-MTE	hyp1	News	NaN	41.81076431274414
478	479	pt	nya	challenge_SSA-MTE	hyp1	News	NaN	35.06090545654297
479	480	pt	nya	challenge_SSA-MTE	hyp1	News	NaN	24.517099380493164
480	481	pt	nya	challenge_SSA-MTE	hyp1	News	NaN	36.35734176635742
481	482	pt	nya	challenge_SSA-MTE	hyp1	News	NaN	34.28109359741211
482	483	pt	nya	challenge_SSA-MTE	hyp1	News	NaN	33.309043884277344
483	484	pt	nya	challenge_SSA-MTE	hyp1	News	NaN	15.762282371520996
484	485	pt	nya	challenge_SSA-MTE	hyp1	News	NaN	10.5028715133667
485	486	pt	nya	challenge_SSA-MTE	hyp1	News	NaN	10.589333534240723
486	487	pt	nya	challenge_SSA-MTE	hyp1	News	NaN	12.119714736938477
487	488	pt	nya	challenge_SSA-MTE	hyp1	News	NaN	18.020875930786133
488	489	pt	nya	challenge_SSA-MTE	hyp1	News	NaN	47.628700256347656
489	490	pt	nya	challenge_SSA-MTE	hyp1	News	NaN	40.15803527832031
490	491	pt	nya	challenge_SSA-MTE	hyp1	News	NaN	56.09382629394531
491	492	pt	nya	challenge_SSA-MTE	hyp1	News	NaN	21.780033111572266
492	493	pt	nya	challenge_SSA-MTE	hyp1	News	NaN	50.371097564697266
493	494	pt	nya	challenge_SSA-MTE	hyp1	News	NaN	37.07679748535156
494	495	pt	nya	challenge_SSA-MTE	hyp1	News	NaN	30.028846740722656
495	496	pt	nya	challenge_SSA-MTE	hyp1	News	NaN	17.454029083251953
496	497	pt	nya	challenge_SSA-MTE	hyp1	News	NaN	21.69159507751465
497	498	pt	nya	challenge_SSA-MTE	hyp1	News	NaN	23.393373489379883
498	499	pt	nya	challenge_SSA-MTE	hyp1	News	NaN	26.01792335510254
499	500	pt	nya	challenge_SSA-MTE	hyp1	News	NaN	11.9373197555542
500	501	pt	nya	challenge_SSA-MTE	hyp1	News	NaN	33.35517120361328
501	502	pt	nya	challenge_SSA-MTE	hyp1	News	NaN	17.60612678527832
502	503	pt	nya	challenge_SSA-MTE	hyp1	News	NaN	26.53257942199707
503	504	pt	nya	challenge_SSA-MTE	hyp1	News	NaN	14.409012794494629
504	505	pt	nya	challenge_SSA-MTE	hyp1	News	NaN	35.69735336303711
505	506	pt	nya	challenge_SSA-MTE	hyp1	News	NaN	42.171627044677734
506	507	pt	nya	challenge_SSA-MTE	hyp1	News	NaN	30.695369720458984
507	508	pt	nya	challenge_SSA-MTE	hyp1	News	NaN	14.908546447753906
508	509	pt	nya	challenge_SSA-MTE	hyp1	News	NaN	40.43147659301758
509	510	pt	nya	challenge_SSA-MTE	hyp1	News	NaN	25.69329833984375
510	511	pt	nya	challenge_SSA-MTE	hyp1	News	NaN	40.6934700012207
511	512	pt	nya	challenge_SSA-MTE	hyp1	News	NaN	18.93181800842285
512	513	pt	nya	challenge_SSA-MTE	hyp1	News	NaN	28.40544891357422
513	514	pt	nya	challenge_SSA-MTE	hyp1	News	NaN	19.124675750732422
514	515	pt	nya	challenge_SSA-MTE	hyp1	News	NaN	21.035900115966797
515	516	pt	nya	challenge_SSA-MTE	hyp1	News	NaN	15.855443954467773
516	517	pt	nya	challenge_SSA-MTE	hyp1	News	NaN	23.695308685302734
517	518	pt	nya	challenge_SSA-MTE	hyp1	News	NaN	25.656147003173828
518	519	pt	nya	challenge_SSA-MTE	hyp1	News	NaN	33.86581802368164
519	520	pt	nya	challenge_SSA-MTE	hyp1	News	NaN	23.521350860595703
520	521	pt	nya	challenge_SSA-MTE	hyp1	News	NaN	24.19088363647461
521	522	pt	nya	challenge_SSA-MTE	hyp1	News	NaN	28.13187599182129
522	523	pt	nya	challenge_SSA-MTE	hyp1	News	NaN	28.23134994506836
523	524	pt	nya	challenge_SSA-MTE	hyp1	News	NaN	18.48406982421875
524	525	pt	nya	challenge_SSA-MTE	hyp1	News	NaN	37.4864501953125
525	526	pt	nya	challenge_SSA-MTE	hyp1	News	NaN	32.50259780883789
526	527	pt	nya	challenge_SSA-MTE	hyp1	News	NaN	34.76324462890625
527	528	pt	nya	challenge_SSA-MTE	hyp1	News	NaN	24.81964874267578
528	529	pt	nya	challenge_SSA-MTE	hyp1	News	NaN	36.334903717041016
529	530	pt	nya	challenge_SSA-MTE	hyp1	News	NaN	33.066314697265625
530	531	pt	nya	challenge_SSA-MTE	hyp1	News	NaN	35.20341491699219
531	532	pt	nya	challenge_SSA-MTE	hyp1	News	NaN	29.195716857910156
532	533	pt	nya	challenge_SSA-MTE	hyp1	News	NaN	22.657880783081055
533	534	pt	nya	challenge_SSA-MTE	hyp1	News	NaN	39.91342544555664
534	535	pt	nya	challenge_SSA-MTE	hyp1	News	NaN	26.965103149414062
535	536	pt	nya	challenge_SSA-MTE	hyp1	News	NaN	40.09202194213867
536	537	pt	nya	challenge_SSA-MTE	hyp1	News	NaN	36.6610221862793
537	538	pt	nya	challenge_SSA-MTE	hyp1	News	NaN	34.9416618347168
538	539	pt	nya	challenge_SSA-MTE	hyp1	News	NaN	34.80162811279297
539	540	pt	nya	challenge_SSA-MTE	hyp1	News	NaN	13.834637641906738
540	541	pt	nya	challenge_SSA-MTE	hyp1	News	NaN	27.949951171875
541	542	pt	nya	challenge_SSA-MTE	hyp1	News	NaN	28.811182022094727
542	543	pt	nya	challenge_SSA-MTE	hyp1	News	NaN	19.14482879638672
543	544	pt	nya	challenge_SSA-MTE	hyp1	News	NaN	20.84626007080078
544	545	pt	nya	challenge_SSA-MTE	hyp1	News	NaN	12.295576095581055
545	546	pt	nya	challenge_SSA-MTE	hyp1	News	NaN	10.028162002563477
546	547	pt	nya	challenge_SSA-MTE	hyp1	News	NaN	10.915719032287598
547	548	pt	nya	challenge_SSA-MTE	hyp1	News	NaN	15.200248718261719
548	549	pt	nya	challenge_SSA-MTE	hyp1	News	NaN	37.443538665771484
549	550	pt	nya	challenge_SSA-MTE	hyp1	News	NaN	36.334815979003906
550	551	pt	nya	challenge_SSA-MTE	hyp1	News	NaN	32.2456169128418
551	552	pt	nya	challenge_SSA-MTE	hyp1	News	NaN	47.58359909057617
552	553	pt	nya	challenge_SSA-MTE	hyp1	News	NaN	33.26010513305664
553	554	pt	nya	challenge_SSA-MTE	hyp1	News	NaN	26.77914810180664
554	555	pt	nya	challenge_SSA-MTE	hyp1	News	NaN	29.35525131225586
555	556	pt	nya	challenge_SSA-MTE	hyp1	News	NaN	60.27275085449219
556	557	pt	nya	challenge_SSA-MTE	hyp1	News	NaN	31.722171783447266
557	558	pt	nya	challenge_SSA-MTE	hyp1	News	NaN	34.45637893676758
558	559	pt	nya	challenge_SSA-MTE	hyp1	News	NaN	33.163490295410156
559	560	pt	nya	challenge_SSA-MTE	hyp1	News	NaN	21.439151763916016
560	561	pt	nya	challenge_SSA-MTE	hyp1	News	NaN	47.03008270263672
561	562	pt	nya	challenge_SSA-MTE	hyp1	News	NaN	57.29042434692383
562	563	pt	nya	challenge_SSA-MTE	hyp1	News	NaN	50.38783264160156
563	564	pt	nya	challenge_SSA-MTE	hyp1	News	NaN	28.418292999267578
564	565	pt	nya	challenge_SSA-MTE	hyp1	News	NaN	29.274959564208984
565	566	pt	nya	challenge_SSA-MTE	hyp1	News	NaN	37.79639434814453
566	567	pt	nya	challenge_SSA-MTE	hyp1	News	NaN	29.21652603149414
567	568	pt	nya	challenge_SSA-MTE	hyp1	News	NaN	26.72210693359375
568	569	pt	nya	challenge_SSA-MTE	hyp1	News	NaN	31.2607421875
569	570	pt	nya	challenge_SSA-MTE	hyp1	News	NaN	24.68096160888672
570	571	pt	nya	challenge_SSA-MTE	hyp1	News	NaN	33.8587532043457
571	572	pt	nya	challenge_SSA-MTE	hyp1	News	NaN	10.569697380065918
572	573	pt	nya	challenge_SSA-MTE	hyp1	News	NaN	41.366180419921875
573	574	pt	nya	challenge_SSA-MTE	hyp1	News	NaN	46.587337493896484
574	575	pt	nya	challenge_SSA-MTE	hyp1	News	NaN	45.04408264160156
575	576	pt	nya	challenge_SSA-MTE	hyp1	News	NaN	17.39588165283203
576	577	pt	nya	challenge_SSA-MTE	hyp1	News	NaN	24.91001319885254
577	578	pt	nya	challenge_SSA-MTE	hyp1	News	NaN	34.49766540527344
578	579	pt	nya	challenge_SSA-MTE	hyp1	News	NaN	33.14747619628906
579	580	pt	nya	challenge_SSA-MTE	hyp1	News	NaN	36.798091888427734
580	581	pt	nya	challenge_SSA-MTE	hyp1	News	NaN	22.423606872558594
581	582	pt	nya	challenge_SSA-MTE	hyp1	News	NaN	24.15643310546875
582	583	pt	nya	challenge_SSA-MTE	hyp1	News	NaN	27.804298400878906
583	584	pt	nya	challenge_SSA-MTE	hyp1	News	NaN	13.970879554748535
584	585	pt	nya	challenge_SSA-MTE	hyp1	News	NaN	38.61500930786133
585	586	pt	nya	challenge_SSA-MTE	hyp1	News	NaN	33.6652717590332
586	587	pt	nya	challenge_SSA-MTE	hyp1	News	NaN	34.012611389160156
587	588	pt	nya	challenge_SSA-MTE	hyp1	News	NaN	16.125043869018555
588	589	pt	nya	challenge_SSA-MTE	hyp1	News	NaN	49.856910705566406
589	590	pt	nya	challenge_SSA-MTE	hyp1	News	NaN	55.26343536376953
590	591	pt	nya	challenge_SSA-MTE	hyp1	News	NaN	63.64531707763672
591	592	pt	nya	challenge_SSA-MTE	hyp1	News	NaN	47.51008224487305
592	593	pt	nya	challenge_SSA-MTE	hyp1	News	NaN	38.51933288574219
593	594	pt	nya	challenge_SSA-MTE	hyp1	News	NaN	9.588261604309082
594	595	pt	nya	challenge_SSA-MTE	hyp1	News	NaN	34.44861602783203
595	596	pt	nya	challenge_SSA-MTE	hyp1	News	NaN	13.688346862792969
596	597	pt	nya	challenge_SSA-MTE	hyp1	News	NaN	39.5755729675293
597	598	pt	nya	challenge_SSA-MTE	hyp1	News	NaN	25.140352249145508
598	599	pt	nya	challenge_SSA-MTE	hyp1	News	NaN	44.13079833984375
599	600	pt	nya	challenge_SSA-MTE	hyp1	News	NaN	43.10546112060547
600	601	pt	nya	challenge_SSA-MTE	hyp1	News	NaN	13.40078353881836
601	602	pt	nya	challenge_SSA-MTE	hyp1	News	NaN	10.43887710571289
602	603	pt	nya	challenge_SSA-MTE	hyp1	News	NaN	15.433038711547852
603	604	pt	nya	challenge_SSA-MTE	hyp1	News	NaN	18.63248634338379
604	605	pt	nya	challenge_SSA-MTE	hyp1	News	NaN	54.7160758972168
605	606	pt	nya	challenge_SSA-MTE	hyp1	News	NaN	66.96690368652344
606	607	pt	nya	challenge_SSA-MTE	hyp1	News	NaN	52.92566680908203
607	608	pt	nya	challenge_SSA-MTE	hyp1	News	NaN	54.972312927246094
608	609	pt	nya	challenge_SSA-MTE	hyp1	News	NaN	31.23897361755371
609	610	pt	nya	challenge_SSA-MTE	hyp1	News	NaN	22.977895736694336
610	611	pt	nya	challenge_SSA-MTE	hyp1	News	NaN	27.51644515991211
611	612	pt	nya	challenge_SSA-MTE	hyp1	News	NaN	34.945594787597656
612	613	pt	nya	challenge_SSA-MTE	hyp1	News	NaN	42.96726989746094
613	614	pt	nya	challenge_SSA-MTE	hyp1	News	NaN	48.029808044433594
614	615	pt	nya	challenge_SSA-MTE	hyp1	News	NaN	48.44233322143555
615	616	pt	nya	challenge_SSA-MTE	hyp1	News	NaN	19.424297332763672
616	617	pt	nya	challenge_SSA-MTE	hyp1	News	NaN	19.14063835144043
617	618	pt	nya	challenge_SSA-MTE	hyp1	News	NaN	23.232391357421875
618	619	pt	nya	challenge_SSA-MTE	hyp1	News	NaN	33.07958984375
619	620	pt	nya	challenge_SSA-MTE	hyp1	News	NaN	15.728784561157227
620	621	pt	nya	challenge_SSA-MTE	hyp1	News	NaN	14.474077224731445
621	622	pt	nya	challenge_SSA-MTE	hyp1	News	NaN	25.20758819580078
622	623	pt	nya	challenge_SSA-MTE	hyp1	News	NaN	19.399879455566406
623	624	pt	nya	challenge_SSA-MTE	hyp1	News	NaN	11.845939636230469
624	625	pt	nya	challenge_SSA-MTE	hyp1	News	NaN	39.05168151855469
625	626	pt	nya	challenge_SSA-MTE	hyp1	News	NaN	26.212522506713867
626	627	pt	nya	challenge_SSA-MTE	hyp1	News	NaN	46.601871490478516
627	628	pt	nya	challenge_SSA-MTE	hyp1	News	NaN	17.082874298095703
628	629	pt	nya	challenge_SSA-MTE	hyp1	News	NaN	57.79230880737305
629	630	pt	nya	challenge_SSA-MTE	hyp1	News	NaN	56.7342529296875
630	631	pt	nya	challenge_SSA-MTE	hyp1	News	NaN	54.3948974609375
631	632	pt	nya	challenge_SSA-MTE	hyp1	News	NaN	23.112709045410156
632	633	pt	nya	challenge_SSA-MTE	hyp1	News	NaN	38.56173324584961
633	634	pt	nya	challenge_SSA-MTE	hyp1	News	NaN	46.12853240966797
634	635	pt	nya	challenge_SSA-MTE	hyp1	News	NaN	34.805564880371094
635	636	pt	nya	challenge_SSA-MTE	hyp1	News	NaN	22.56356430053711
636	637	pt	nya	challenge_SSA-MTE	hyp1	News	NaN	33.75415802001953
637	638	pt	nya	challenge_SSA-MTE	hyp1	News	NaN	36.30048751831055
638	639	pt	nya	challenge_SSA-MTE	hyp1	News	NaN	31.130748748779297
639	640	pt	nya	challenge_SSA-MTE	hyp1	News	NaN	33.11992263793945
640	641	pt	nya	challenge_SSA-MTE	hyp1	News	NaN	45.872657775878906
641	642	pt	nya	challenge_SSA-MTE	hyp1	News	NaN	46.88404846191406
642	643	pt	nya	challenge_SSA-MTE	hyp1	News	NaN	38.84028625488281
643	644	pt	nya	challenge_SSA-MTE	hyp1	News	NaN	30.797985076904297
644	645	pt	nya	challenge_SSA-MTE	hyp1	News	NaN	40.947811126708984
645	646	pt	nya	challenge_SSA-MTE	hyp1	News	NaN	30.16663932800293
646	647	pt	nya	challenge_SSA-MTE	hyp1	News	NaN	23.162752151489258
647	648	pt	nya	challenge_SSA-MTE	hyp1	News	NaN	33.399627685546875
648	649	pt	nya	challenge_SSA-MTE	hyp1	News	NaN	41.01729965209961
649	650	pt	nya	challenge_SSA-MTE	hyp1	News	NaN	45.019676208496094
650	651	pt	nya	challenge_SSA-MTE	hyp1	News	NaN	48.36306381225586
651	652	pt	nya	challenge_SSA-MTE	hyp1	News	NaN	22.78430938720703
652	653	pt	nya	challenge_SSA-MTE	hyp1	News	NaN	36.17380905151367
653	654	pt	nya	challenge_SSA-MTE	hyp1	News	NaN	30.877351760864258
654	655	pt	nya	challenge_SSA-MTE	hyp1	News	NaN	37.06041717529297
655	656	pt	nya	challenge_SSA-MTE	hyp1	News	NaN	64.4751205444336
656	657	pt	nya	challenge_SSA-MTE	hyp1	News	NaN	26.59484100341797
657	658	pt	nya	challenge_SSA-MTE	hyp1	News	NaN	29.366336822509766
658	659	pt	nya	challenge_SSA-MTE	hyp1	News	NaN	14.617759704589844
659	660	pt	nya	challenge_SSA-MTE	hyp1	News	NaN	25.821290969848633
660	661	pt	nya	challenge_SSA-MTE	hyp1	News	NaN	34.592132568359375
661	662	pt	nya	challenge_SSA-MTE	hyp1	News	NaN	29.057720184326172
662	663	pt	nya	challenge_SSA-MTE	hyp1	News	NaN	16.00111198425293
663	664	pt	nya	challenge_SSA-MTE	hyp1	News	NaN	20.75501251220703
664	665	pt	nya	challenge_SSA-MTE	hyp1	News	NaN	35.85700225830078
665	666	pt	nya	challenge_SSA-MTE	hyp1	News	NaN	27.794597625732422
666	667	pt	nya	challenge_SSA-MTE	hyp1	News	NaN	30.923059463500977
667	668	pt	nya	challenge_SSA-MTE	hyp1	News	NaN	23.106689453125
668	669	pt	nya	challenge_SSA-MTE	hyp1	News	NaN	35.502288818359375
669	670	pt	nya	challenge_SSA-MTE	hyp1	News	NaN	33.915740966796875
670	671	pt	nya	challenge_SSA-MTE	hyp1	News	NaN	38.277198791503906
671	672	pt	nya	challenge_SSA-MTE	hyp1	News	NaN	23.55670738220215
672	673	pt	nya	challenge_SSA-MTE	hyp1	News	NaN	26.52285385131836
673	674	pt	nya	challenge_SSA-MTE	hyp1	News	NaN	28.96267318725586
674	675	pt	nya	challenge_SSA-MTE	hyp1	News	NaN	31.344682693481445
675	676	pt	nya	challenge_SSA-MTE	hyp1	News	NaN	24.60869026184082
676	677	pt	nya	challenge_SSA-MTE	hyp1	News	NaN	44.517425537109375
677	678	pt	nya	challenge_SSA-MTE	hyp1	News	NaN	42.59916305541992
678	679	pt	nya	challenge_SSA-MTE	hyp1	News	NaN	36.6087646484375
679	680	pt	nya	challenge_SSA-MTE	hyp1	News	NaN	24.325336456298828
680	681	pt	nya	challenge_SSA-MTE	hyp1	News	NaN	19.43364715576172
681	682	pt	nya	challenge_SSA-MTE	hyp1	News	NaN	30.243803024291992
682	683	pt	nya	challenge_SSA-MTE	hyp1	News	NaN	30.658287048339844
683	684	pt	nya	challenge_SSA-MTE	hyp1	News	NaN	16.737010955810547
684	685	pt	nya	challenge_SSA-MTE	hyp1	News	NaN	31.58127212524414
685	686	pt	nya	challenge_SSA-MTE	hyp1	News	NaN	26.889842987060547
686	687	pt	nya	challenge_SSA-MTE	hyp1	News	NaN	25.897071838378906
687	688	pt	nya	challenge_SSA-MTE	hyp1	News	NaN	14.501945495605469
688	689	pt	nya	challenge_SSA-MTE	hyp1	News	NaN	27.534107208251953
689	690	pt	nya	challenge_SSA-MTE	hyp1	News	NaN	40.779022216796875
690	691	pt	nya	challenge_SSA-MTE	hyp1	News	NaN	41.392608642578125
691	692	pt	nya	challenge_SSA-MTE	hyp1	News	NaN	19.956424713134766
692	693	pt	nya	challenge_SSA-MTE	hyp1	News	NaN	33.70895004272461
693	694	pt	nya	challenge_SSA-MTE	hyp1	News	NaN	34.01026153564453
694	695	pt	nya	challenge_SSA-MTE	hyp1	News	NaN	37.764183044433594
695	696	pt	nya	challenge_SSA-MTE	hyp1	News	NaN	16.070512771606445
696	697	pt	nya	challenge_SSA-MTE	hyp1	News	NaN	28.57390594482422
697	698	pt	nya	challenge_SSA-MTE	hyp1	News	NaN	29.721155166625977
698	699	pt	nya	challenge_SSA-MTE	hyp1	News	NaN	35.006065368652344
699	700	pt	nya	challenge_SSA-MTE	hyp1	News	NaN	13.501401901245117
700	701	pt	nya	challenge_SSA-MTE	hyp1	News	NaN	40.87820053100586
701	702	pt	nya	challenge_SSA-MTE	hyp1	News	NaN	25.187152862548828
702	703	pt	nya	challenge_SSA-MTE	hyp1	News	NaN	29.93638801574707
703	704	pt	nya	challenge_SSA-MTE	hyp1	News	NaN	19.044227600097656
704	705	pt	nya	challenge_SSA-MTE	hyp1	News	NaN	36.6846923828125
705	706	pt	nya	challenge_SSA-MTE	hyp1	News	NaN	38.12050247192383
706	707	pt	nya	challenge_SSA-MTE	hyp1	News	NaN	39.98491668701172
707	708	pt	nya	challenge_SSA-MTE	hyp1	News	NaN	22.66973876953125
708	709	pt	nya	challenge_SSA-MTE	hyp1	News	NaN	31.824310302734375
709	710	pt	nya	challenge_SSA-MTE	hyp1	News	NaN	32.121944427490234
710	711	pt	nya	challenge_SSA-MTE	hyp1	News	NaN	35.13350296020508
711	712	pt	nya	challenge_SSA-MTE	hyp1	News	NaN	19.110544204711914
712	713	pt	nya	challenge_SSA-MTE	hyp1	News	NaN	34.005733489990234
713	714	pt	nya	challenge_SSA-MTE	hyp1	News	NaN	33.134605407714844
714	715	pt	nya	challenge_SSA-MTE	hyp1	News	NaN	27.78228759765625
715	716	pt	nya	challenge_SSA-MTE	hyp1	News	NaN	17.945247650146484
716	717	pt	nya	challenge_SSA-MTE	hyp1	News	NaN	49.500389099121094
717	718	pt	nya	challenge_SSA-MTE	hyp1	News	NaN	40.376731872558594
718	719	pt	nya	challenge_SSA-MTE	hyp1	News	NaN	38.33061981201172
719	720	pt	nya	challenge_SSA-MTE	hyp1	News	NaN	17.58802604675293
720	721	pt	nya	challenge_SSA-MTE	hyp1	News	NaN	32.160438537597656
721	722	pt	nya	challenge_SSA-MTE	hyp1	News	NaN	39.99355697631836
722	723	pt	nya	challenge_SSA-MTE	hyp1	News	NaN	33.46830749511719
723	724	pt	nya	challenge_SSA-MTE	hyp1	News	NaN	27.10763931274414
724	725	pt	nya	challenge_SSA-MTE	hyp1	News	NaN	28.244422912597656
725	726	pt	nya	challenge_SSA-MTE	hyp1	News	NaN	28.672382354736328
726	727	pt	nya	challenge_SSA-MTE	hyp1	News	NaN	27.32535743713379
727	728	pt	nya	challenge_SSA-MTE	hyp1	News	NaN	13.869279861450195
728	729	pt	nya	challenge_SSA-MTE	hyp1	News	NaN	31.981101989746094
729	730	pt	nya	challenge_SSA-MTE	hyp1	News	NaN	33.88275909423828
730	731	pt	nya	challenge_SSA-MTE	hyp1	News	NaN	42.13317108154297
731	732	pt	nya	challenge_SSA-MTE	hyp1	News	NaN	22.046133041381836
732	733	pt	nya	challenge_SSA-MTE	hyp1	News	NaN	59.005897521972656
733	734	pt	nya	challenge_SSA-MTE	hyp1	News	NaN	51.534568786621094
734	735	pt	nya	challenge_SSA-MTE	hyp1	News	NaN	21.860891342163086
735	736	pt	nya	challenge_SSA-MTE	hyp1	News	NaN	31.6065731048584
736	737	pt	nya	challenge_SSA-MTE	hyp1	News	NaN	34.177223205566406
737	738	pt	nya	challenge_SSA-MTE	hyp1	News	NaN	24.035383224487305
738	739	pt	nya	challenge_SSA-MTE	hyp1	News	NaN	22.034271240234375
739	740	pt	nya	challenge_SSA-MTE	hyp1	News	NaN	39.32863235473633
740	741	pt	nya	challenge_SSA-MTE	hyp1	News	NaN	24.158123016357422
741	742	pt	nya	challenge_SSA-MTE	hyp1	News	NaN	25.296642303466797
742	743	pt	nya	challenge_SSA-MTE	hyp1	News	NaN	9.83017349243164
743	744	pt	nya	challenge_SSA-MTE	hyp1	News	NaN	15.578052520751953
744	745	pt	nya	challenge_SSA-MTE	hyp1	News	NaN	23.233318328857422
745	746	pt	nya	challenge_SSA-MTE	hyp1	News	NaN	39.261329650878906
746	747	pt	nya	challenge_SSA-MTE	hyp1	News	NaN	23.792469024658203
747	748	pt	nya	challenge_SSA-MTE	hyp1	News	NaN	25.707096099853516
748	749	pt	nya	challenge_SSA-MTE	hyp1	News	NaN	24.824716567993164
749	750	pt	nya	challenge_SSA-MTE	hyp1	News	NaN	28.353883743286133
750	751	pt	nya	challenge_SSA-MTE	hyp1	News	NaN	9.601271629333496
751	752	pt	nya	challenge_SSA-MTE	hyp1	News	NaN	28.09549903869629
752	753	pt	nya	challenge_SSA-MTE	hyp1	News	NaN	30.118595123291016
753	754	pt	nya	challenge_SSA-MTE	hyp1	News	NaN	38.89038848876953
754	755	pt	nya	challenge_SSA-MTE	hyp1	News	NaN	9.290342330932617
755	756	pt	nya	challenge_SSA-MTE	hyp1	News	NaN	48.24324417114258
756	757	pt	nya	challenge_SSA-MTE	hyp1	News	NaN	49.35383605957031
757	758	pt	nya	challenge_SSA-MTE	hyp1	News	NaN	43.02156066894531
758	759	pt	nya	challenge_SSA-MTE	hyp1	News	NaN	18.6165828704834
759	760	pt	nya	challenge_SSA-MTE	hyp1	News	NaN	24.97804832458496
760	761	pt	nya	challenge_SSA-MTE	hyp1	News	NaN	26.701641082763672
761	762	pt	nya	challenge_SSA-MTE	hyp1	News	NaN	34.818199157714844
762	763	pt	nya	challenge_SSA-MTE	hyp1	News	NaN	18.53719711303711
763	764	pt	nya	challenge_SSA-MTE	hyp1	News	NaN	30.146268844604492
764	765	pt	nya	challenge_SSA-MTE	hyp1	News	NaN	34.20269775390625
765	766	pt	nya	challenge_SSA-MTE	hyp1	News	NaN	20.119604110717773
766	767	pt	nya	challenge_SSA-MTE	hyp1	News	NaN	8.83594036102295
767	768	pt	nya	challenge_SSA-MTE	hyp1	News	NaN	46.22711944580078
768	769	pt	nya	challenge_SSA-MTE	hyp1	News	NaN	44.22837448120117
769	770	pt	nya	challenge_SSA-MTE	hyp1	News	NaN	38.325706481933594
770	771	pt	nya	challenge_SSA-MTE	hyp1	News	NaN	10.047534942626953
771	772	pt	nya	challenge_SSA-MTE	hyp1	News	NaN	26.926780700683594
772	773	pt	nya	challenge_SSA-MTE	hyp1	News	NaN	13.552858352661133
773	774	pt	nya	challenge_SSA-MTE	hyp1	News	NaN	30.161243438720703
774	775	pt	nya	challenge_SSA-MTE	hyp1	News	NaN	20.044403076171875
775	776	pt	nya	challenge_SSA-MTE	hyp1	News	NaN	27.264568328857422
776	777	pt	nya	challenge_SSA-MTE	hyp1	News	NaN	13.257201194763184
777	778	pt	nya	challenge_SSA-MTE	hyp1	News	NaN	21.41321563720703
778	779	pt	nya	challenge_SSA-MTE	hyp1	News	NaN	34.12587356567383
779	780	pt	nya	challenge_SSA-MTE	hyp1	News	NaN	20.388935089111328
780	781	pt	nya	challenge_SSA-MTE	hyp1	News	NaN	22.493122100830078
781	782	pt	nya	challenge_SSA-MTE	hyp1	News	NaN	24.676998138427734
782	783	pt	nya	challenge_SSA-MTE	hyp1	News	NaN	38.08415222167969
783	784	pt	nya	challenge_SSA-MTE	hyp1	News	NaN	28.001184463500977
784	785	pt	nya	challenge_SSA-MTE	hyp1	News	NaN	39.02345657348633
785	786	pt	nya	challenge_SSA-MTE	hyp1	News	NaN	32.94377136230469
786	787	pt	nya	challenge_SSA-MTE	hyp1	News	NaN	34.225502014160156
787	788	pt	nya	challenge_SSA-MTE	hyp1	News	NaN	24.9879093170166
788	789	pt	nya	challenge_SSA-MTE	hyp1	News	NaN	24.585657119750977
789	790	pt	nya	challenge_SSA-MTE	hyp1	News	NaN	36.28125
790	791	pt	nya	challenge_SSA-MTE	hyp1	News	NaN	18.22051239013672
791	792	pt	nya	challenge_SSA-MTE	hyp1	News	NaN	44.937660217285156
792	793	pt	nya	challenge_SSA-MTE	hyp1	News	NaN	44.527496337890625
793	794	pt	nya	challenge_SSA-MTE	hyp1	News	NaN	41.36725616455078
794	795	pt	nya	challenge_SSA-MTE	hyp1	News	NaN	18.19655990600586
795	796	pt	nya	challenge_SSA-MTE	hyp1	News	NaN	33.05982971191406
796	797	pt	nya	challenge_SSA-MTE	hyp1	News	NaN	25.87234878540039
797	798	pt	nya	challenge_SSA-MTE	hyp1	News	NaN	23.867938995361328
798	799	pt	nya	challenge_SSA-MTE	hyp1	News	NaN	12.69952392578125
799	800	pt	nya	challenge_SSA-MTE	hyp1	News	NaN	22.731571197509766
800	801	pt	nya	challenge_SSA-MTE	hyp1	News	NaN	27.16073989868164
801	802	pt	nya	challenge_SSA-MTE	hyp1	News	NaN	30.785890579223633
802	803	pt	nya	challenge_SSA-MTE	hyp1	News	NaN	21.70991325378418
803	804	pt	nya	challenge_SSA-MTE	hyp1	News	NaN	35.73810958862305
804	805	pt	nya	challenge_SSA-MTE	hyp1	News	NaN	37.43000793457031
805	806	pt	nya	challenge_SSA-MTE	hyp1	News	NaN	40.839691162109375
806	807	pt	nya	challenge_SSA-MTE	hyp1	News	NaN	22.015766143798828
807	808	pt	nya	challenge_SSA-MTE	hyp1	News	NaN	24.311574935913086
808	809	pt	nya	challenge_SSA-MTE	hyp1	News	NaN	27.484636306762695
809	810	pt	nya	challenge_SSA-MTE	hyp1	News	NaN	22.40797233581543
810	811	pt	nya	challenge_SSA-MTE	hyp1	News	NaN	23.757108688354492
811	812	pt	nya	challenge_SSA-MTE	hyp1	News	NaN	12.331839561462402
812	813	pt	nya	challenge_SSA-MTE	hyp1	News	NaN	20.54751205444336
813	814	pt	nya	challenge_SSA-MTE	hyp1	News	NaN	13.009563446044922
814	815	pt	nya	challenge_SSA-MTE	hyp1	News	NaN	10.10110092163086
815	816	pt	nya	challenge_SSA-MTE	hyp1	News	NaN	47.567752838134766
816	817	pt	nya	challenge_SSA-MTE	hyp1	News	NaN	36.287193298339844
817	818	pt	nya	challenge_SSA-MTE	hyp1	News	NaN	30.009323120117188
818	819	pt	nya	challenge_SSA-MTE	hyp1	News	NaN	45.42461395263672
819	820	pt	nya	challenge_SSA-MTE	hyp1	News	NaN	11.763507843017578
820	821	pt	nya	challenge_SSA-MTE	hyp1	News	NaN	25.418210983276367
821	822	pt	nya	challenge_SSA-MTE	hyp1	News	NaN	22.364940643310547
822	823	pt	nya	challenge_SSA-MTE	hyp1	News	NaN	13.977045059204102
823	824	pt	nya	challenge_SSA-MTE	hyp1	News	NaN	16.253257751464844
824	825	pt	nya	challenge_SSA-MTE	hyp1	News	NaN	30.009885787963867
825	826	pt	nya	challenge_SSA-MTE	hyp1	News	NaN	31.913814544677734
826	827	pt	nya	challenge_SSA-MTE	hyp1	News	NaN	23.541934967041016
827	828	pt	nya	challenge_SSA-MTE	hyp1	News	NaN	39.75222396850586
828	829	pt	nya	challenge_SSA-MTE	hyp1	News	NaN	41.344825744628906
829	830	pt	nya	challenge_SSA-MTE	hyp1	News	NaN	37.66560363769531
830	831	pt	nya	challenge_SSA-MTE	hyp1	News	NaN	30.72597885131836
831	832	pt	nya	challenge_SSA-MTE	hyp1	News	NaN	22.455204010009766
832	833	pt	nya	challenge_SSA-MTE	hyp1	News	NaN	23.689485549926758
833	834	pt	nya	challenge_SSA-MTE	hyp1	News	NaN	37.9560661315918
834	835	pt	nya	challenge_SSA-MTE	hyp1	News	NaN	18.228736877441406
835	836	pt	nya	challenge_SSA-MTE	hyp1	News	NaN	30.76481819152832
836	837	pt	nya	challenge_SSA-MTE	hyp1	News	NaN	34.93651580810547
837	838	pt	nya	challenge_SSA-MTE	hyp1	News	NaN	34.88104248046875
838	839	pt	nya	challenge_SSA-MTE	hyp1	News	NaN	22.936111450195312
839	840	pt	nya	challenge_SSA-MTE	hyp1	News	NaN	16.12555694580078
840	841	pt	nya	challenge_SSA-MTE	hyp1	News	NaN	14.963573455810547
841	842	pt	nya	challenge_SSA-MTE	hyp1	News	NaN	18.13899803161621
842	843	pt	nya	challenge_SSA-MTE	hyp1	News	NaN	17.355941772460938
843	844	pt	nya	challenge_SSA-MTE	hyp1	News	NaN	23.571365356445312
844	845	pt	nya	challenge_SSA-MTE	hyp1	News	NaN	34.69365692138672
845	846	pt	nya	challenge_SSA-MTE	hyp1	News	NaN	17.454814910888672
846	847	pt	nya	challenge_SSA-MTE	hyp1	News	NaN	24.08993148803711
847	848	pt	nya	challenge_SSA-MTE	hyp1	News	NaN	43.58509826660156
848	849	pt	nya	challenge_SSA-MTE	hyp1	News	NaN	45.996917724609375
849	850	pt	nya	challenge_SSA-MTE	hyp1	News	NaN	45.017982482910156
850	851	pt	nya	challenge_SSA-MTE	hyp1	News	NaN	21.219703674316406
851	852	pt	nya	challenge_SSA-MTE	hyp1	News	NaN	8.75507640838623
852	853	pt	nya	challenge_SSA-MTE	hyp1	News	NaN	25.50499725341797
853	854	pt	nya	challenge_SSA-MTE	hyp1	News	NaN	6.119523048400879
854	855	pt	nya	challenge_SSA-MTE	hyp1	News	NaN	11.182815551757812
855	856	pt	nya	challenge_SSA-MTE	hyp1	News	NaN	49.54403305053711
856	857	pt	nya	challenge_SSA-MTE	hyp1	News	NaN	42.32752990722656
857	858	pt	nya	challenge_SSA-MTE	hyp1	News	NaN	14.696053504943848
858	859	pt	nya	challenge_SSA-MTE	hyp1	News	NaN	8.162043571472168
859	860	pt	nya	challenge_SSA-MTE	hyp1	News	NaN	32.44532012939453
860	861	pt	nya	challenge_SSA-MTE	hyp1	News	NaN	37.36168670654297
861	862	pt	nya	challenge_SSA-MTE	hyp1	News	NaN	34.49135971069336
862	863	pt	nya	challenge_SSA-MTE	hyp1	News	NaN	12.940040588378906
863	864	pt	nya	challenge_SSA-MTE	hyp1	News	NaN	25.885643005371094
864	865	pt	nya	challenge_SSA-MTE	hyp1	News	NaN	35.87123107910156
865	866	pt	nya	challenge_SSA-MTE	hyp1	News	NaN	26.73072624206543
866	867	pt	nya	challenge_SSA-MTE	hyp1	News	NaN	10.840770721435547
867	868	pt	nya	challenge_SSA-MTE	hyp1	News	NaN	34.94187927246094
868	869	pt	nya	challenge_SSA-MTE	hyp1	News	NaN	35.19664764404297
869	870	pt	nya	challenge_SSA-MTE	hyp1	News	NaN	31.554893493652344
870	871	pt	nya	challenge_SSA-MTE	hyp1	News	NaN	32.17514419555664
871	872	pt	nya	challenge_SSA-MTE	hyp1	News	NaN	30.99675178527832
872	873	pt	nya	challenge_SSA-MTE	hyp1	News	NaN	26.550413131713867
873	874	pt	nya	challenge_SSA-MTE	hyp1	News	NaN	19.44552230834961
874	875	pt	nya	challenge_SSA-MTE	hyp1	News	NaN	33.91312026977539
875	876	pt	nya	challenge_SSA-MTE	hyp1	News	NaN	35.935272216796875
876	877	pt	nya	challenge_SSA-MTE	hyp1	News	NaN	24.442716598510742
877	878	pt	nya	challenge_SSA-MTE	hyp1	News	NaN	29.203563690185547
878	879	pt	nya	challenge_SSA-MTE	hyp1	News	NaN	32.558692932128906
879	880	pt	nya	challenge_SSA-MTE	hyp1	News	NaN	35.0674934387207
880	881	pt	nya	challenge_SSA-MTE	hyp1	News	NaN	39.93691635131836
881	882	pt	nya	challenge_SSA-MTE	hyp1	News	NaN	19.281192779541016
882	883	pt	nya	challenge_SSA-MTE	hyp1	News	NaN	21.978254318237305
883	884	pt	nya	challenge_SSA-MTE	hyp1	News	NaN	23.362110137939453
884	885	pt	nya	challenge_SSA-MTE	hyp1	News	NaN	19.178295135498047
885	886	pt	nya	challenge_SSA-MTE	hyp1	News	NaN	15.787184715270996
886	887	pt	nya	challenge_SSA-MTE	hyp1	News	NaN	33.89335632324219
887	888	pt	nya	challenge_SSA-MTE	hyp1	News	NaN	28.663461685180664
888	889	pt	nya	challenge_SSA-MTE	hyp1	News	NaN	31.31386947631836
889	890	pt	nya	challenge_SSA-MTE	hyp1	News	NaN	23.41693115234375
890	891	pt	nya	challenge_SSA-MTE	hyp1	News	NaN	37.06427001953125
891	892	pt	nya	challenge_SSA-MTE	hyp1	News	NaN	40.961669921875
892	893	pt	nya	challenge_SSA-MTE	hyp1	News	NaN	42.64385223388672
893	894	pt	nya	challenge_SSA-MTE	hyp1	News	NaN	27.145353317260742
894	895	pt	nya	challenge_SSA-MTE	hyp1	News	NaN	29.433053970336914
895	896	pt	nya	challenge_SSA-MTE	hyp1	News	NaN	30.643047332763672
896	897	pt	nya	challenge_SSA-MTE	hyp1	News	NaN	27.16330337524414
897	898	pt	nya	challenge_SSA-MTE	hyp1	News	NaN	21.58777618408203
898	899	pt	nya	challenge_SSA-MTE	hyp1	News	NaN	18.222095489501953
899	900	pt	nya	challenge_SSA-MTE	hyp1	News	NaN	28.126127243041992
900	901	pt	nya	challenge_SSA-MTE	hyp1	News	NaN	21.211217880249023
901	902	pt	nya	challenge_SSA-MTE	hyp1	News	NaN	12.628007888793945
902	903	pt	nya	challenge_SSA-MTE	hyp1	News	NaN	32.528255462646484
903	904	pt	nya	challenge_SSA-MTE	hyp1	News	NaN	21.344436645507812
904	905	pt	nya	challenge_SSA-MTE	hyp1	News	NaN	20.262107849121094
905	906	pt	nya	challenge_SSA-MTE	hyp1	News	NaN	14.674798965454102
906	907	pt	nya	challenge_SSA-MTE	hyp1	News	NaN	45.396156311035156
907	908	pt	nya	challenge_SSA-MTE	hyp1	News	NaN	35.03657150268555
908	909	pt	nya	challenge_SSA-MTE	hyp1	News	NaN	22.504859924316406
909	910	pt	nya	challenge_SSA-MTE	hyp1	News	NaN	29.013460159301758
910	911	pt	nya	challenge_SSA-MTE	hyp1	News	NaN	32.37333297729492
911	912	pt	nya	challenge_SSA-MTE	hyp1	News	NaN	22.90951156616211
912	913	pt	nya	challenge_SSA-MTE	hyp1	News	NaN	38.09461212158203
913	914	pt	nya	challenge_SSA-MTE	hyp1	News	NaN	30.442882537841797
914	915	pt	nya	challenge_SSA-MTE	hyp1	News	NaN	30.57733917236328
915	916	pt	nya	challenge_SSA-MTE	hyp1	News	NaN	29.30493927001953
916	917	pt	nya	challenge_SSA-MTE	hyp1	News	NaN	31.725059509277344
917	918	pt	nya	challenge_SSA-MTE	hyp1	News	NaN	14.867223739624023
918	919	pt	nya	challenge_SSA-MTE	hyp1	News	NaN	15.53444766998291
919	920	pt	nya	challenge_SSA-MTE	hyp1	News	NaN	19.012948989868164
920	921	pt	nya	challenge_SSA-MTE	hyp1	News	NaN	9.209251403808594
921	922	pt	nya	challenge_SSA-MTE	hyp1	News	NaN	14.08387565612793
922	923	pt	nya	challenge_SSA-MTE	hyp1	News	NaN	19.744579315185547
923	924	pt	nya	challenge_SSA-MTE	hyp1	News	NaN	30.006412506103516
924	925	pt	nya	challenge_SSA-MTE	hyp1	News	NaN	20.435169219970703
925	926	pt	nya	challenge_SSA-MTE	hyp1	News	NaN	20.606220245361328
926	927	pt	nya	challenge_SSA-MTE	hyp1	News	NaN	36.06308364868164
927	928	pt	nya	challenge_SSA-MTE	hyp1	News	NaN	27.04595947265625
928	929	pt	nya	challenge_SSA-MTE	hyp1	News	NaN	43.645896911621094
929	930	pt	nya	challenge_SSA-MTE	hyp1	News	NaN	36.28843307495117
930	931	pt	nya	challenge_SSA-MTE	hyp1	News	NaN	28.152671813964844
931	932	pt	nya	challenge_SSA-MTE	hyp1	News	NaN	28.115093231201172
932	933	pt	nya	challenge_SSA-MTE	hyp1	News	NaN	28.318775177001953
933	934	pt	nya	challenge_SSA-MTE	hyp1	News	NaN	38.31885528564453
934	935	pt	nya	challenge_SSA-MTE	hyp1	News	NaN	17.80602264404297
935	936	pt	nya	challenge_SSA-MTE	hyp1	News	NaN	25.940349578857422
936	937	pt	nya	challenge_SSA-MTE	hyp1	News	NaN	28.227720260620117
937	938	pt	nya	challenge_SSA-MTE	hyp1	News	NaN	29.607221603393555
938	939	pt	nya	challenge_SSA-MTE	hyp1	News	NaN	22.07081413269043
939	940	pt	nya	challenge_SSA-MTE	hyp1	News	NaN	36.941200256347656
940	941	pt	nya	challenge_SSA-MTE	hyp1	News	NaN	24.111835479736328
941	942	pt	nya	challenge_SSA-MTE	hyp1	News	NaN	19.46828269958496
942	943	pt	nya	challenge_SSA-MTE	hyp1	News	NaN	26.425106048583984
943	944	pt	nya	challenge_SSA-MTE	hyp1	News	NaN	34.32425308227539
944	945	pt	nya	challenge_SSA-MTE	hyp1	News	NaN	38.604713439941406
945	946	pt	nya	challenge_SSA-MTE	hyp1	News	NaN	19.07949447631836
946	947	pt	nya	challenge_SSA-MTE	hyp1	News	NaN	26.68739891052246
947	948	pt	nya	challenge_SSA-MTE	hyp1	News	NaN	28.00582504272461
948	949	pt	nya	challenge_SSA-MTE	hyp1	News	NaN	19.775651931762695
949	950	pt	nya	challenge_SSA-MTE	hyp1	News	NaN	21.90034294128418
950	951	pt	nya	challenge_SSA-MTE	hyp1	News	NaN	8.718716621398926
951	952	pt	nya	challenge_SSA-MTE	hyp1	News	NaN	9.334859848022461
952	953	pt	nya	challenge_SSA-MTE	hyp1	News	NaN	8.957747459411621
953	954	pt	nya	challenge_SSA-MTE	hyp1	News	NaN	15.418230056762695
954	955	pt	nya	challenge_SSA-MTE	hyp1	News	NaN	21.117172241210938
955	956	pt	nya	challenge_SSA-MTE	hyp1	News	NaN	22.792003631591797
956	957	pt	nya	challenge_SSA-MTE	hyp1	News	NaN	21.318115234375
957	958	pt	nya	challenge_SSA-MTE	hyp1	News	NaN	13.792154312133789
958	959	pt	nya	challenge_SSA-MTE	hyp1	News	NaN	54.746219635009766
959	960	pt	nya	challenge_SSA-MTE	hyp1	News	NaN	60.5367431640625
960	961	pt	nya	challenge_SSA-MTE	hyp1	News	NaN	46.157928466796875
961	962	pt	nya	challenge_SSA-MTE	hyp1	News	NaN	39.56538391113281
962	963	pt	nya	challenge_SSA-MTE	hyp1	News	NaN	31.301963806152344
963	964	pt	nya	challenge_SSA-MTE	hyp1	News	NaN	27.157360076904297
964	965	pt	nya	challenge_SSA-MTE	hyp1	News	NaN	38.506797790527344
965	966	pt	nya	challenge_SSA-MTE	hyp1	News	NaN	11.994786262512207
966	967	pt	nya	challenge_SSA-MTE	hyp1	News	NaN	17.864105224609375
967	968	pt	nya	challenge_SSA-MTE	hyp1	News	NaN	14.73550796508789
968	969	pt	nya	challenge_SSA-MTE	hyp1	News	NaN	14.20655345916748
969	970	pt	nya	challenge_SSA-MTE	hyp1	News	NaN	17.67940330505371
970	971	pt	nya	challenge_SSA-MTE	hyp1	News	NaN	20.342758178710938
971	972	pt	nya	challenge_SSA-MTE	hyp1	News	NaN	22.484161376953125
972	973	pt	nya	challenge_SSA-MTE	hyp1	News	NaN	19.647220611572266
973	974	pt	nya	challenge_SSA-MTE	hyp1	News	NaN	6.728370189666748
974	975	pt	nya	challenge_SSA-MTE	hyp1	News	NaN	22.25666618347168
975	976	pt	nya	challenge_SSA-MTE	hyp1	News	NaN	26.358667373657227
976	977	pt	nya	challenge_SSA-MTE	hyp1	News	NaN	30.597591400146484
977	978	pt	nya	challenge_SSA-MTE	hyp1	News	NaN	34.165443420410156
978	979	pt	nya	challenge_SSA-MTE	hyp1	News	NaN	29.567249298095703
979	980	pt	nya	challenge_SSA-MTE	hyp1	News	NaN	21.565937042236328
980	981	pt	nya	challenge_SSA-MTE	hyp1	News	NaN	24.42257308959961
981	982	pt	nya	challenge_SSA-MTE	hyp1	News	NaN	30.103656768798828
982	983	pt	nya	challenge_SSA-MTE	hyp1	News	NaN	36.24923324584961
983	984	pt	nya	challenge_SSA-MTE	hyp1	News	NaN	46.46843338012695
984	985	pt	nya	challenge_SSA-MTE	hyp1	News	NaN	34.914756774902344
985	986	pt	nya	challenge_SSA-MTE	hyp1	News	NaN	17.486839294433594
986	987	pt	nya	challenge_SSA-MTE	hyp1	News	NaN	20.441226959228516
987	988	pt	nya	challenge_SSA-MTE	hyp1	News	NaN	22.505706787109375
988	989	pt	nya	challenge_SSA-MTE	hyp1	News	NaN	20.36578941345215
989	990	pt	nya	challenge_SSA-MTE	hyp1	News	NaN	23.285037994384766
990	991	pt	nya	challenge_SSA-MTE	hyp1	News	NaN	16.82998275756836
991	992	pt	nya	challenge_SSA-MTE	hyp1	News	NaN	28.465394973754883
992	993	pt	nya	challenge_SSA-MTE	hyp1	News	NaN	40.26216125488281
993	994	pt	nya	challenge_SSA-MTE	hyp1	News	NaN	27.104923248291016
994	995	pt	nya	challenge_SSA-MTE	hyp1	News	NaN	29.65850067138672
995	996	pt	nya	challenge_SSA-MTE	hyp1	News	NaN	33.33378982543945
996	997	pt	nya	challenge_SSA-MTE	hyp1	News	NaN	26.72216033935547
997	998	pt	nya	challenge_SSA-MTE	hyp1	News	NaN	18.200225830078125
998	999	pt	nya	challenge_SSA-MTE	hyp1	News	NaN	33.846378326416016
999	1000	pt	nya	challenge_SSA-MTE	hyp1	News	NaN	32.49988555908203
1000	1001	pt	nya	challenge_SSA-MTE	hyp1	News	NaN	33.103187561035156
1001	1002	pt	nya	challenge_SSA-MTE	hyp1	News	NaN	22.53814697265625
1002	1003	pt	nya	challenge_SSA-MTE	hyp1	News	NaN	48.1186408996582
1003	1004	pt	nya	challenge_SSA-MTE	hyp1	News	NaN	39.091102600097656
1004	1005	pt	nya	challenge_SSA-MTE	hyp1	News	NaN	31.832822799682617
1005	1006	pt	nya	challenge_SSA-MTE	hyp1	News	NaN	17.657947540283203
1006	1007	pt	nya	challenge_SSA-MTE	hyp1	News	NaN	36.42530059814453
1007	1008	pt	nya	challenge_SSA-MTE	hyp1	News	NaN	40.07621383666992
1008	1009	pt	nya	challenge_SSA-MTE	hyp1	News	NaN	27.03101921081543
1009	1010	pt	nya	challenge_SSA-MTE	hyp1	News	NaN	17.51959991455078
1010	1011	pt	nya	challenge_SSA-MTE	hyp1	News	NaN	35.71520233154297
1011	1012	pt	nya	challenge_SSA-MTE	hyp1	News	NaN	38.12306594848633
1012	1013	pt	nya	challenge_SSA-MTE	hyp1	News	NaN	30.138212203979492
1013	1014	pt	nya	challenge_SSA-MTE	hyp1	News	NaN	25.979564666748047
1014	1015	pt	nya	challenge_SSA-MTE	hyp1	News	NaN	31.23126220703125
1015	1016	pt	nya	challenge_SSA-MTE	hyp1	News	NaN	18.61187744140625
1016	1017	pt	nya	challenge_SSA-MTE	hyp1	News	NaN	18.004426956176758
1017	1018	pt	nya	challenge_SSA-MTE	hyp1	News	NaN	20.563491821289062
1018	1019	pt	nya	challenge_SSA-MTE	hyp1	News	NaN	14.423904418945312
1019	1020	pt	nya	challenge_SSA-MTE	hyp1	News	NaN	14.657405853271484
1020	1021	pt	nya	challenge_SSA-MTE	hyp1	News	NaN	14.938129425048828
1021	1022	pt	nya	challenge_SSA-MTE	hyp1	News	NaN	9.546832084655762
1022	1023	pt	nya	challenge_SSA-MTE	hyp1	News	NaN	30.63752555847168
1023	1024	pt	nya	challenge_SSA-MTE	hyp1	News	NaN	23.91620635986328
1024	1025	pt	nya	challenge_SSA-MTE	hyp1	News	NaN	35.431373596191406
1025	1026	pt	nya	challenge_SSA-MTE	hyp1	News	NaN	22.63068389892578
1026	1027	pt	nya	challenge_SSA-MTE	hyp1	News	NaN	17.091739654541016
1027	1028	pt	nya	challenge_SSA-MTE	hyp1	News	NaN	20.0089168548584
1028	1029	pt	nya	challenge_SSA-MTE	hyp1	News	NaN	21.019989013671875
1029	1030	pt	nya	challenge_SSA-MTE	hyp1	News	NaN	18.434724807739258
1030	1031	pt	nya	challenge_SSA-MTE	hyp1	News	NaN	30.591854095458984
1031	1032	pt	nya	challenge_SSA-MTE	hyp1	News	NaN	48.13833999633789
1032	1033	pt	nya	challenge_SSA-MTE	hyp1	News	NaN	44.28845977783203
1033	1034	pt	nya	challenge_SSA-MTE	hyp1	News	NaN	16.63992691040039
1034	1035	pt	nya	challenge_SSA-MTE	hyp1	News	NaN	37.93634033203125
1035	1036	pt	nya	challenge_SSA-MTE	hyp1	News	NaN	32.74595642089844
1036	1037	pt	nya	challenge_SSA-MTE	hyp1	News	NaN	37.68901824951172
1037	1038	pt	nya	challenge_SSA-MTE	hyp1	News	NaN	17.447187423706055
1038	1039	pt	nya	challenge_SSA-MTE	hyp1	News	NaN	24.481704711914062
1039	1040	pt	nya	challenge_SSA-MTE	hyp1	News	NaN	39.980377197265625
1040	1041	pt	nya	challenge_SSA-MTE	hyp1	News	NaN	28.997920989990234
1041	1042	pt	nya	challenge_SSA-MTE	hyp1	News	NaN	18.141563415527344
1042	1043	pt	nya	challenge_SSA-MTE	hyp1	News	NaN	16.104806900024414
1043	1044	pt	nya	challenge_SSA-MTE	hyp1	News	NaN	36.461002349853516
1044	1045	pt	nya	challenge_SSA-MTE	hyp1	News	NaN	26.14577865600586
1045	1046	pt	nya	challenge_SSA-MTE	hyp1	News	NaN	20.45306396484375
1046	1047	pt	nya	challenge_SSA-MTE	hyp1	News	NaN	30.582443237304688
1047	1048	pt	nya	challenge_SSA-MTE	hyp1	News	NaN	40.088294982910156
1048	1049	pt	nya	challenge_SSA-MTE	hyp1	News	NaN	32.59730911254883
1049	1050	pt	nya	challenge_SSA-MTE	hyp1	News	NaN	25.842971801757812
1050	1051	pt	nya	challenge_SSA-MTE	hyp1	News	NaN	25.63994598388672
1051	1052	pt	nya	challenge_SSA-MTE	hyp1	News	NaN	28.420461654663086
1052	1053	pt	nya	challenge_SSA-MTE	hyp1	News	NaN	23.2020263671875
1053	1054	pt	nya	challenge_SSA-MTE	hyp1	News	NaN	34.37220764160156
1054	1055	pt	nya	challenge_SSA-MTE	hyp1	News	NaN	46.768165588378906
1055	1056	pt	nya	challenge_SSA-MTE	hyp1	News	NaN	30.116832733154297
1056	1057	pt	nya	challenge_SSA-MTE	hyp1	News	NaN	36.64165496826172
1057	1058	pt	nya	challenge_SSA-MTE	hyp1	News	NaN	21.672794342041016
1058	1059	pt	nya	challenge_SSA-MTE	hyp1	News	NaN	33.14250946044922
1059	1060	pt	nya	challenge_SSA-MTE	hyp1	News	NaN	40.671478271484375
1060	1061	pt	nya	challenge_SSA-MTE	hyp1	News	NaN	45.138797760009766
1061	1062	pt	nya	challenge_SSA-MTE	hyp1	News	NaN	18.52121353149414
1062	1063	pt	nya	challenge_SSA-MTE	hyp1	News	NaN	30.122779846191406
1063	1064	pt	nya	challenge_SSA-MTE	hyp1	News	NaN	35.76618576049805
1064	1065	pt	nya	challenge_SSA-MTE	hyp1	News	NaN	22.022933959960938
1065	1066	pt	nya	challenge_SSA-MTE	hyp1	News	NaN	14.192386627197266
1066	1067	pt	nya	challenge_SSA-MTE	hyp1	News	NaN	45.75518035888672
1067	1068	pt	nya	challenge_SSA-MTE	hyp1	News	NaN	35.85695266723633
1068	1069	pt	nya	challenge_SSA-MTE	hyp1	News	NaN	24.994291305541992
1069	1070	pt	nya	challenge_SSA-MTE	hyp1	News	NaN	19.255937576293945
1070	1071	pt	nya	challenge_SSA-MTE	hyp1	News	NaN	37.23069381713867
1071	1072	pt	nya	challenge_SSA-MTE	hyp1	News	NaN	17.96182632446289
1072	1073	pt	nya	challenge_SSA-MTE	hyp1	News	NaN	37.493370056152344
1073	1074	pt	nya	challenge_SSA-MTE	hyp1	News	NaN	15.753558158874512
1074	1075	pt	nya	challenge_SSA-MTE	hyp1	News	NaN	27.30152130126953
1075	1076	pt	nya	challenge_SSA-MTE	hyp1	News	NaN	32.50925064086914
1076	1077	pt	nya	challenge_SSA-MTE	hyp1	News	NaN	33.14183807373047
1077	1078	pt	nya	challenge_SSA-MTE	hyp1	News	NaN	13.814563751220703
1078	1079	pt	nya	challenge_SSA-MTE	hyp1	News	NaN	59.583858489990234
1079	1080	pt	nya	challenge_SSA-MTE	hyp1	News	NaN	56.98314666748047
1080	1081	pt	nya	challenge_SSA-MTE	hyp1	News	NaN	56.04145050048828
1081	1082	pt	nya	challenge_SSA-MTE	hyp1	News	NaN	24.434803009033203
1082	1083	pt	nya	challenge_SSA-MTE	hyp1	News	NaN	43.43952178955078
1083	1084	pt	nya	challenge_SSA-MTE	hyp1	News	NaN	38.136878967285156
1084	1085	pt	nya	challenge_SSA-MTE	hyp1	News	NaN	42.71693420410156
1085	1086	pt	nya	challenge_SSA-MTE	hyp1	News	NaN	38.3007926940918
1086	1087	pt	nya	challenge_SSA-MTE	hyp1	News	NaN	33.01160430908203
1087	1088	pt	nya	challenge_SSA-MTE	hyp1	News	NaN	25.759029388427734
1088	1089	pt	nya	challenge_SSA-MTE	hyp1	News	NaN	33.342708587646484
1089	1090	pt	nya	challenge_SSA-MTE	hyp1	News	NaN	47.443206787109375
1090	1091	pt	nya	challenge_SSA-MTE	hyp1	News	NaN	60.65264892578125
1091	1092	pt	nya	challenge_SSA-MTE	hyp1	News	NaN	30.942401885986328
1092	1093	pt	nya	challenge_SSA-MTE	hyp1	News	NaN	32.1016845703125
1093	1094	pt	nya	challenge_SSA-MTE	hyp1	News	NaN	27.626678466796875
1094	1095	pt	nya	challenge_SSA-MTE	hyp1	News	NaN	27.419178009033203
1095	1096	pt	nya	challenge_SSA-MTE	hyp1	News	NaN	43.761940002441406
1096	1097	pt	nya	challenge_SSA-MTE	hyp1	News	NaN	44.31819534301758
1097	1098	pt	nya	challenge_SSA-MTE	hyp1	News	NaN	30.722333908081055
1098	1099	pt	nya	challenge_SSA-MTE	hyp1	News	NaN	34.636844635009766
1099	1100	pt	nya	challenge_SSA-MTE	hyp1	News	NaN	26.01864242553711
1100	1101	pt	nya	challenge_SSA-MTE	hyp1	News	NaN	32.3756103515625
1101	1102	pt	nya	challenge_SSA-MTE	hyp1	News	NaN	22.188838958740234
1102	1103	pt	nya	challenge_SSA-MTE	hyp1	News	NaN	17.414268493652344
1103	1104	pt	nya	challenge_SSA-MTE	hyp1	News	NaN	12.541168212890625
1104	1105	pt	nya	challenge_SSA-MTE	hyp1	News	NaN	19.224945068359375
1105	1106	pt	nya	challenge_SSA-MTE	hyp1	News	NaN	5.123627185821533
1106	1107	pt	nya	challenge_SSA-MTE	hyp1	News	NaN	19.713539123535156
1107	1108	pt	nya	challenge_SSA-MTE	hyp1	News	NaN	26.355680465698242
1108	1109	pt	nya	challenge_SSA-MTE	hyp1	News	NaN	12.34946346282959
1109	1110	pt	nya	challenge_SSA-MTE	hyp1	News	NaN	12.308273315429688
1110	1111	pt	nya	challenge_SSA-MTE	hyp1	News	NaN	39.82416915893555
1111	1112	pt	nya	challenge_SSA-MTE	hyp1	News	NaN	45.086334228515625
1112	1113	pt	nya	challenge_SSA-MTE	hyp1	News	NaN	33.02069854736328
1113	1114	pt	nya	challenge_SSA-MTE	hyp1	News	NaN	16.69287109375
1114	1115	pt	nya	challenge_SSA-MTE	hyp1	News	NaN	30.49520492553711
1115	1116	pt	nya	challenge_SSA-MTE	hyp1	News	NaN	29.247615814208984
1116	1117	pt	nya	challenge_SSA-MTE	hyp1	News	NaN	40.07176208496094
1117	1118	pt	nya	challenge_SSA-MTE	hyp1	News	NaN	24.571266174316406
1118	1119	pt	nya	challenge_SSA-MTE	hyp1	News	NaN	46.00462341308594
1119	1120	pt	nya	challenge_SSA-MTE	hyp1	News	NaN	54.500492095947266
1120	1121	pt	nya	challenge_SSA-MTE	hyp1	News	NaN	41.774620056152344
1121	1122	pt	nya	challenge_SSA-MTE	hyp1	News	NaN	28.1365909576416
1122	1123	pt	nya	challenge_SSA-MTE	hyp1	News	NaN	30.05626678466797
1123	1124	pt	nya	challenge_SSA-MTE	hyp1	News	NaN	41.990806579589844
1124	1125	pt	nya	challenge_SSA-MTE	hyp1	News	NaN	39.67673873901367
1125	1126	pt	nya	challenge_SSA-MTE	hyp1	News	NaN	18.373918533325195
1126	1127	pt	nya	challenge_SSA-MTE	hyp1	News	NaN	37.89421081542969
1127	1128	pt	nya	challenge_SSA-MTE	hyp1	News	NaN	21.46660804748535
1128	1129	pt	nya	challenge_SSA-MTE	hyp1	News	NaN	45.0361442565918
1129	1130	pt	nya	challenge_SSA-MTE	hyp1	News	NaN	31.547801971435547
1130	1131	pt	nya	challenge_SSA-MTE	hyp1	News	NaN	41.1868896484375
1131	1132	pt	nya	challenge_SSA-MTE	hyp1	News	NaN	34.82841491699219
1132	1133	pt	nya	challenge_SSA-MTE	hyp1	News	NaN	34.58946228027344
1133	1134	pt	nya	challenge_SSA-MTE	hyp1	News	NaN	16.820690155029297
1134	1135	pt	nya	challenge_SSA-MTE	hyp1	News	NaN	33.307716369628906
1135	1136	pt	nya	challenge_SSA-MTE	hyp1	News	NaN	26.12071990966797
1136	1137	pt	nya	challenge_SSA-MTE	hyp1	News	NaN	36.75513458251953
1137	1138	pt	nya	challenge_SSA-MTE	hyp1	News	NaN	23.40359115600586
1138	1139	pt	nya	challenge_SSA-MTE	hyp1	News	NaN	37.083778381347656
1139	1140	pt	nya	challenge_SSA-MTE	hyp1	News	NaN	42.67461013793945
1140	1141	pt	nya	challenge_SSA-MTE	hyp1	News	NaN	27.460407257080078
1141	1142	pt	nya	challenge_SSA-MTE	hyp1	News	NaN	13.779422760009766
1142	1143	pt	nya	challenge_SSA-MTE	hyp1	News	NaN	29.94898796081543
1143	1144	pt	nya	challenge_SSA-MTE	hyp1	News	NaN	25.392337799072266
1144	1145	pt	nya	challenge_SSA-MTE	hyp1	News	NaN	29.79395294189453
1145	1146	pt	nya	challenge_SSA-MTE	hyp1	News	NaN	16.467622756958008
1146	1147	pt	nya	challenge_SSA-MTE	hyp1	News	NaN	20.30870819091797
1147	1148	pt	nya	challenge_SSA-MTE	hyp1	News	NaN	25.500301361083984
1148	1149	pt	nya	challenge_SSA-MTE	hyp1	News	NaN	24.06279182434082
1149	1150	pt	nya	challenge_SSA-MTE	hyp1	News	NaN	25.781307220458984
1150	1151	pt	nya	challenge_SSA-MTE	hyp1	News	NaN	45.08524703979492
1151	1152	pt	nya	challenge_SSA-MTE	hyp1	News	NaN	41.419742584228516
1152	1153	pt	nya	challenge_SSA-MTE	hyp1	News	NaN	50.31913757324219
1153	1154	pt	nya	challenge_SSA-MTE	hyp1	News	NaN	25.009376525878906
1154	1155	pt	nya	challenge_SSA-MTE	hyp1	News	NaN	28.386028289794922
1155	1156	pt	nya	challenge_SSA-MTE	hyp1	News	NaN	23.499971389770508
1156	1157	pt	nya	challenge_SSA-MTE	hyp1	News	NaN	26.89035415649414
1157	1158	pt	nya	challenge_SSA-MTE	hyp1	News	NaN	14.13155746459961
1158	1159	pt	nya	challenge_SSA-MTE	hyp1	News	NaN	11.77524185180664
1159	1160	pt	nya	challenge_SSA-MTE	hyp1	News	NaN	25.779943466186523
1160	1161	pt	nya	challenge_SSA-MTE	hyp1	News	NaN	16.425569534301758
1161	1162	pt	nya	challenge_SSA-MTE	hyp1	News	NaN	17.296924591064453
1162	1163	pt	nya	challenge_SSA-MTE	hyp1	News	NaN	34.29569625854492
1163	1164	pt	nya	challenge_SSA-MTE	hyp1	News	NaN	43.40455627441406
1164	1165	pt	nya	challenge_SSA-MTE	hyp1	News	NaN	32.9486083984375
1165	1166	pt	nya	challenge_SSA-MTE	hyp1	News	NaN	28.4378662109375
1166	1167	pt	nya	challenge_SSA-MTE	hyp1	News	NaN	15.756671905517578
1167	1168	pt	nya	challenge_SSA-MTE	hyp1	News	NaN	24.413816452026367
1168	1169	pt	nya	challenge_SSA-MTE	hyp1	News	NaN	17.51593017578125
1169	1170	pt	nya	challenge_SSA-MTE	hyp1	News	NaN	9.843947410583496
1170	1171	pt	nya	challenge_SSA-MTE	hyp1	News	NaN	38.2734375
1171	1172	pt	nya	challenge_SSA-MTE	hyp1	News	NaN	36.965003967285156
1172	1173	pt	nya	challenge_SSA-MTE	hyp1	News	NaN	39.084068298339844
1173	1174	pt	nya	challenge_SSA-MTE	hyp1	News	NaN	18.102890014648438
1174	1175	pt	nya	challenge_SSA-MTE	hyp1	News	NaN	34.59244918823242
1175	1176	pt	nya	challenge_SSA-MTE	hyp1	News	NaN	44.579612731933594
1176	1177	pt	nya	challenge_SSA-MTE	hyp1	News	NaN	41.225746154785156
1177	1178	pt	nya	challenge_SSA-MTE	hyp1	News	NaN	24.53045654296875
1178	1179	pt	nya	challenge_SSA-MTE	hyp1	News	NaN	29.880428314208984
1179	1180	pt	nya	challenge_SSA-MTE	hyp1	News	NaN	37.11024856567383
1180	1181	pt	nya	challenge_SSA-MTE	hyp1	News	NaN	38.569175720214844
1181	1182	pt	nya	challenge_SSA-MTE	hyp1	News	NaN	27.432538986206055
1182	1183	pt	nya	challenge_SSA-MTE	hyp1	News	NaN	40.71475601196289
1183	1184	pt	nya	challenge_SSA-MTE	hyp1	News	NaN	45.62894058227539
1184	1185	pt	nya	challenge_SSA-MTE	hyp1	News	NaN	44.109615325927734
1185	1186	pt	nya	challenge_SSA-MTE	hyp1	News	NaN	27.35972023010254
1186	1187	pt	nya	challenge_SSA-MTE	hyp1	News	NaN	27.224258422851562
1187	1188	pt	nya	challenge_SSA-MTE	hyp1	News	NaN	25.869976043701172
1188	1189	pt	nya	challenge_SSA-MTE	hyp1	News	NaN	21.24630355834961
1189	1190	pt	nya	challenge_SSA-MTE	hyp1	News	NaN	21.564533233642578
1190	1191	pt	nya	challenge_SSA-MTE	hyp1	News	NaN	19.707889556884766
1191	1192	pt	nya	challenge_SSA-MTE	hyp1	News	NaN	13.189834594726562
1192	1193	pt	nya	challenge_SSA-MTE	hyp1	News	NaN	14.12720775604248
1193	1194	pt	nya	challenge_SSA-MTE	hyp1	News	NaN	18.872732162475586
1194	1195	pt	nya	challenge_SSA-MTE	hyp1	News	NaN	49.639373779296875
1195	1196	pt	nya	challenge_SSA-MTE	hyp1	News	NaN	39.790260314941406
1196	1197	pt	nya	challenge_SSA-MTE	hyp1	News	NaN	40.33580017089844
1197	1198	pt	nya	challenge_SSA-MTE	hyp1	News	NaN	30.484188079833984
1198	1199	pt	nya	challenge_SSA-MTE	hyp1	News	NaN	37.118961334228516
1199	1200	pt	nya	challenge_SSA-MTE	hyp1	News	NaN	36.1775016784668
1200	1201	pt	nya	challenge_SSA-MTE	hyp1	News	NaN	32.858577728271484
1201	1202	pt	nya	challenge_SSA-MTE	hyp1	News	NaN	18.366453170776367
1202	1203	pt	nya	challenge_SSA-MTE	hyp1	News	NaN	18.762723922729492
1203	1204	pt	nya	challenge_SSA-MTE	hyp1	News	NaN	37.488426208496094
1204	1205	pt	nya	challenge_SSA-MTE	hyp1	News	NaN	27.20905876159668
1205	1206	pt	nya	challenge_SSA-MTE	hyp1	News	NaN	11.918578147888184
1206	1207	pt	nya	challenge_SSA-MTE	hyp1	News	NaN	35.76953887939453
1207	1208	pt	nya	challenge_SSA-MTE	hyp1	News	NaN	34.25582504272461
1208	1209	pt	nya	challenge_SSA-MTE	hyp1	News	NaN	36.45991897583008
1209	1210	pt	nya	challenge_SSA-MTE	hyp1	News	NaN	37.0138053894043
1210	1211	pt	nya	challenge_SSA-MTE	hyp1	News	NaN	33.985939025878906
1211	1212	pt	nya	challenge_SSA-MTE	hyp1	News	NaN	26.098785400390625
1212	1213	pt	nya	challenge_SSA-MTE	hyp1	News	NaN	32.58671951293945
1213	1214	pt	nya	challenge_SSA-MTE	hyp1	News	NaN	16.623680114746094
1214	1215	pt	nya	challenge_SSA-MTE	hyp1	News	NaN	39.48812484741211
1215	1216	pt	nya	challenge_SSA-MTE	hyp1	News	NaN	40.479637145996094
1216	1217	pt	nya	challenge_SSA-MTE	hyp1	News	NaN	39.755645751953125
1217	1218	pt	nya	challenge_SSA-MTE	hyp1	News	NaN	18.649803161621094
1218	1219	pt	nya	challenge_SSA-MTE	hyp1	News	NaN	34.61260986328125
1219	1220	pt	nya	challenge_SSA-MTE	hyp1	News	NaN	33.474700927734375
1220	1221	pt	nya	challenge_SSA-MTE	hyp1	News	NaN	42.52947235107422
1221	1222	pt	nya	challenge_SSA-MTE	hyp1	News	NaN	13.627647399902344
1222	1223	pt	nya	challenge_SSA-MTE	hyp1	News	NaN	27.33592987060547
1223	1224	pt	nya	challenge_SSA-MTE	hyp1	News	NaN	25.955245971679688
1224	1225	pt	nya	challenge_SSA-MTE	hyp1	News	NaN	15.683433532714844
1225	1226	pt	nya	challenge_SSA-MTE	hyp1	News	NaN	17.35985565185547
1226	1227	pt	nya	challenge_SSA-MTE	hyp1	News	NaN	33.06071472167969
1227	1228	pt	nya	challenge_SSA-MTE	hyp1	News	NaN	33.13579559326172
1228	1229	pt	nya	challenge_SSA-MTE	hyp1	News	NaN	34.47521209716797
1229	1230	pt	nya	challenge_SSA-MTE	hyp1	News	NaN	33.82807159423828
1230	1231	pt	nya	challenge_SSA-MTE	hyp1	News	NaN	43.552093505859375
1231	1232	pt	nya	challenge_SSA-MTE	hyp1	News	NaN	34.77232360839844
1232	1233	pt	nya	challenge_SSA-MTE	hyp1	News	NaN	40.519676208496094
1233	1234	pt	nya	challenge_SSA-MTE	hyp1	News	NaN	28.03697967529297
1234	1235	pt	nya	challenge_SSA-MTE	hyp1	News	NaN	39.22236633300781
1235	1236	pt	nya	challenge_SSA-MTE	hyp1	News	NaN	19.798606872558594
1236	1237	pt	nya	challenge_SSA-MTE	hyp1	News	NaN	26.19507598876953
1237	1238	pt	nya	challenge_SSA-MTE	hyp1	News	NaN	13.844545364379883
1238	1239	pt	nya	challenge_SSA-MTE	hyp1	News	NaN	17.23992919921875
1239	1240	pt	nya	challenge_SSA-MTE	hyp1	News	NaN	24.950807571411133
1240	1241	pt	nya	challenge_SSA-MTE	hyp1	News	NaN	21.98571014404297
1241	1242	pt	nya	challenge_SSA-MTE	hyp1	News	NaN	23.336217880249023
0	1	pt	vmw	challenge_SSA-MTE	hyp1	News	NaN	22.98426055908203
1	2	pt	vmw	challenge_SSA-MTE	hyp1	News	NaN	28.386672973632812
2	3	pt	vmw	challenge_SSA-MTE	hyp1	News	NaN	31.15569305419922
3	4	pt	vmw	challenge_SSA-MTE	hyp1	News	NaN	23.760761260986328
4	5	pt	vmw	challenge_SSA-MTE	hyp1	News	NaN	31.80991554260254
5	6	pt	vmw	challenge_SSA-MTE	hyp1	News	NaN	32.66637420654297
6	7	pt	vmw	challenge_SSA-MTE	hyp1	News	NaN	26.026241302490234
7	8	pt	vmw	challenge_SSA-MTE	hyp1	News	NaN	59.92362976074219
8	9	pt	vmw	challenge_SSA-MTE	hyp1	News	NaN	58.771671295166016
9	10	pt	vmw	challenge_SSA-MTE	hyp1	News	NaN	56.08590316772461
10	11	pt	vmw	challenge_SSA-MTE	hyp1	News	NaN	16.200164794921875
11	12	pt	vmw	challenge_SSA-MTE	hyp1	News	NaN	31.339731216430664
12	13	pt	vmw	challenge_SSA-MTE	hyp1	News	NaN	26.18488883972168
13	14	pt	vmw	challenge_SSA-MTE	hyp1	News	NaN	22.938791275024414
14	15	pt	vmw	challenge_SSA-MTE	hyp1	News	NaN	22.774003982543945
15	16	pt	vmw	challenge_SSA-MTE	hyp1	News	NaN	21.481836318969727
16	17	pt	vmw	challenge_SSA-MTE	hyp1	News	NaN	19.03585433959961
17	18	pt	vmw	challenge_SSA-MTE	hyp1	News	NaN	24.124305725097656
18	19	pt	vmw	challenge_SSA-MTE	hyp1	News	NaN	36.67405319213867
19	20	pt	vmw	challenge_SSA-MTE	hyp1	News	NaN	24.147991180419922
20	21	pt	vmw	challenge_SSA-MTE	hyp1	News	NaN	34.02641296386719
21	22	pt	vmw	challenge_SSA-MTE	hyp1	News	NaN	28.795310974121094
22	23	pt	vmw	challenge_SSA-MTE	hyp1	News	NaN	31.72322654724121
23	24	pt	vmw	challenge_SSA-MTE	hyp1	News	NaN	34.82026672363281
24	25	pt	vmw	challenge_SSA-MTE	hyp1	News	NaN	24.63326644897461
25	26	pt	vmw	challenge_SSA-MTE	hyp1	News	NaN	18.556453704833984
26	27	pt	vmw	challenge_SSA-MTE	hyp1	News	NaN	36.345802307128906
27	28	pt	vmw	challenge_SSA-MTE	hyp1	News	NaN	30.773941040039062
28	29	pt	vmw	challenge_SSA-MTE	hyp1	News	NaN	22.055233001708984
29	30	pt	vmw	challenge_SSA-MTE	hyp1	News	NaN	27.161998748779297
30	31	pt	vmw	challenge_SSA-MTE	hyp1	News	NaN	34.90690612792969
31	32	pt	vmw	challenge_SSA-MTE	hyp1	News	NaN	31.15798568725586
32	33	pt	vmw	challenge_SSA-MTE	hyp1	News	NaN	59.79943084716797
33	34	pt	vmw	challenge_SSA-MTE	hyp1	News	NaN	44.858070373535156
34	35	pt	vmw	challenge_SSA-MTE	hyp1	News	NaN	52.218109130859375
35	36	pt	vmw	challenge_SSA-MTE	hyp1	News	NaN	14.824996948242188
36	37	pt	vmw	challenge_SSA-MTE	hyp1	News	NaN	20.314058303833008
37	38	pt	vmw	challenge_SSA-MTE	hyp1	News	NaN	25.80007553100586
38	39	pt	vmw	challenge_SSA-MTE	hyp1	News	NaN	32.367332458496094
39	40	pt	vmw	challenge_SSA-MTE	hyp1	News	NaN	28.306110382080078
40	41	pt	vmw	challenge_SSA-MTE	hyp1	News	NaN	34.345577239990234
41	42	pt	vmw	challenge_SSA-MTE	hyp1	News	NaN	26.597640991210938
42	43	pt	vmw	challenge_SSA-MTE	hyp1	News	NaN	19.979278564453125
43	44	pt	vmw	challenge_SSA-MTE	hyp1	News	NaN	16.856807708740234
44	45	pt	vmw	challenge_SSA-MTE	hyp1	News	NaN	18.321622848510742
45	46	pt	vmw	challenge_SSA-MTE	hyp1	News	NaN	10.86232852935791
46	47	pt	vmw	challenge_SSA-MTE	hyp1	News	NaN	10.1176176071167
47	48	pt	vmw	challenge_SSA-MTE	hyp1	News	NaN	44.508148193359375
48	49	pt	vmw	challenge_SSA-MTE	hyp1	News	NaN	35.9155387878418
49	50	pt	vmw	challenge_SSA-MTE	hyp1	News	NaN	30.468631744384766
50	51	pt	vmw	challenge_SSA-MTE	hyp1	News	NaN	17.059711456298828
51	52	pt	vmw	challenge_SSA-MTE	hyp1	News	NaN	21.024860382080078
52	53	pt	vmw	challenge_SSA-MTE	hyp1	News	NaN	15.15849494934082
53	54	pt	vmw	challenge_SSA-MTE	hyp1	News	NaN	50.10417938232422
54	55	pt	vmw	challenge_SSA-MTE	hyp1	News	NaN	36.283512115478516
55	56	pt	vmw	challenge_SSA-MTE	hyp1	News	NaN	21.706649780273438
56	57	pt	vmw	challenge_SSA-MTE	hyp1	News	NaN	17.158409118652344
57	58	pt	vmw	challenge_SSA-MTE	hyp1	News	NaN	18.446819305419922
58	59	pt	vmw	challenge_SSA-MTE	hyp1	News	NaN	25.92019271850586
59	60	pt	vmw	challenge_SSA-MTE	hyp1	News	NaN	16.638412475585938
60	61	pt	vmw	challenge_SSA-MTE	hyp1	News	NaN	29.734294891357422
61	62	pt	vmw	challenge_SSA-MTE	hyp1	News	NaN	27.5626163482666
62	63	pt	vmw	challenge_SSA-MTE	hyp1	News	NaN	38.44109344482422
63	64	pt	vmw	challenge_SSA-MTE	hyp1	News	NaN	46.891414642333984
64	65	pt	vmw	challenge_SSA-MTE	hyp1	News	NaN	40.19017028808594
65	66	pt	vmw	challenge_SSA-MTE	hyp1	News	NaN	38.6865234375
66	67	pt	vmw	challenge_SSA-MTE	hyp1	News	NaN	39.14555358886719
67	68	pt	vmw	challenge_SSA-MTE	hyp1	News	NaN	37.429283142089844
68	69	pt	vmw	challenge_SSA-MTE	hyp1	News	NaN	33.024261474609375
69	70	pt	vmw	challenge_SSA-MTE	hyp1	News	NaN	30.068635940551758
70	71	pt	vmw	challenge_SSA-MTE	hyp1	News	NaN	37.661231994628906
71	72	pt	vmw	challenge_SSA-MTE	hyp1	News	NaN	29.599327087402344
72	73	pt	vmw	challenge_SSA-MTE	hyp1	News	NaN	28.246122360229492
73	74	pt	vmw	challenge_SSA-MTE	hyp1	News	NaN	26.42380714416504
74	75	pt	vmw	challenge_SSA-MTE	hyp1	News	NaN	43.165523529052734
75	76	pt	vmw	challenge_SSA-MTE	hyp1	News	NaN	35.34569549560547
76	77	pt	vmw	challenge_SSA-MTE	hyp1	News	NaN	16.610092163085938
77	78	pt	vmw	challenge_SSA-MTE	hyp1	News	NaN	47.906959533691406
78	79	pt	vmw	challenge_SSA-MTE	hyp1	News	NaN	41.391441345214844
79	80	pt	vmw	challenge_SSA-MTE	hyp1	News	NaN	57.628395080566406
80	81	pt	vmw	challenge_SSA-MTE	hyp1	News	NaN	31.852441787719727
81	82	pt	vmw	challenge_SSA-MTE	hyp1	News	NaN	26.412588119506836
82	83	pt	vmw	challenge_SSA-MTE	hyp1	News	NaN	6.105748653411865
83	84	pt	vmw	challenge_SSA-MTE	hyp1	News	NaN	35.901763916015625
84	85	pt	vmw	challenge_SSA-MTE	hyp1	News	NaN	31.365764617919922
85	86	pt	vmw	challenge_SSA-MTE	hyp1	News	NaN	24.445911407470703
86	87	pt	vmw	challenge_SSA-MTE	hyp1	News	NaN	29.43199920654297
87	88	pt	vmw	challenge_SSA-MTE	hyp1	News	NaN	27.942604064941406
88	89	pt	vmw	challenge_SSA-MTE	hyp1	News	NaN	28.191389083862305
89	90	pt	vmw	challenge_SSA-MTE	hyp1	News	NaN	25.259103775024414
90	91	pt	vmw	challenge_SSA-MTE	hyp1	News	NaN	22.53474235534668
91	92	pt	vmw	challenge_SSA-MTE	hyp1	News	NaN	22.764636993408203
92	93	pt	vmw	challenge_SSA-MTE	hyp1	News	NaN	27.90151596069336
93	94	pt	vmw	challenge_SSA-MTE	hyp1	News	NaN	21.050575256347656
94	95	pt	vmw	challenge_SSA-MTE	hyp1	News	NaN	22.303943634033203
95	96	pt	vmw	challenge_SSA-MTE	hyp1	News	NaN	23.76877784729004
96	97	pt	vmw	challenge_SSA-MTE	hyp1	News	NaN	25.3963680267334
97	98	pt	vmw	challenge_SSA-MTE	hyp1	News	NaN	33.32453155517578
98	99	pt	vmw	challenge_SSA-MTE	hyp1	News	NaN	44.211788177490234
99	100	pt	vmw	challenge_SSA-MTE	hyp1	News	NaN	19.503015518188477
100	101	pt	vmw	challenge_SSA-MTE	hyp1	News	NaN	23.610931396484375
101	102	pt	vmw	challenge_SSA-MTE	hyp1	News	NaN	22.1837158203125
102	103	pt	vmw	challenge_SSA-MTE	hyp1	News	NaN	17.03482437133789
103	104	pt	vmw	challenge_SSA-MTE	hyp1	News	NaN	21.019990921020508
104	105	pt	vmw	challenge_SSA-MTE	hyp1	News	NaN	28.048614501953125
105	106	pt	vmw	challenge_SSA-MTE	hyp1	News	NaN	23.82427215576172
106	107	pt	vmw	challenge_SSA-MTE	hyp1	News	NaN	27.02521514892578
107	108	pt	vmw	challenge_SSA-MTE	hyp1	News	NaN	25.219379425048828
108	109	pt	vmw	challenge_SSA-MTE	hyp1	News	NaN	27.434852600097656
109	110	pt	vmw	challenge_SSA-MTE	hyp1	News	NaN	18.135440826416016
110	111	pt	vmw	challenge_SSA-MTE	hyp1	News	NaN	20.72783660888672
111	112	pt	vmw	challenge_SSA-MTE	hyp1	News	NaN	27.19667625427246
112	113	pt	vmw	challenge_SSA-MTE	hyp1	News	NaN	42.85480499267578
113	114	pt	vmw	challenge_SSA-MTE	hyp1	News	NaN	31.945838928222656
114	115	pt	vmw	challenge_SSA-MTE	hyp1	News	NaN	43.72380065917969
115	116	pt	vmw	challenge_SSA-MTE	hyp1	News	NaN	21.214183807373047
116	117	pt	vmw	challenge_SSA-MTE	hyp1	News	NaN	15.846134185791016
117	118	pt	vmw	challenge_SSA-MTE	hyp1	News	NaN	40.16709899902344
118	119	pt	vmw	challenge_SSA-MTE	hyp1	News	NaN	29.550086975097656
119	120	pt	vmw	challenge_SSA-MTE	hyp1	News	NaN	24.835079193115234
120	121	pt	vmw	challenge_SSA-MTE	hyp1	News	NaN	38.01409149169922
121	122	pt	vmw	challenge_SSA-MTE	hyp1	News	NaN	20.871734619140625
122	123	pt	vmw	challenge_SSA-MTE	hyp1	News	NaN	20.256912231445312
123	124	pt	vmw	challenge_SSA-MTE	hyp1	News	NaN	20.385181427001953
124	125	pt	vmw	challenge_SSA-MTE	hyp1	News	NaN	15.425728797912598
125	126	pt	vmw	challenge_SSA-MTE	hyp1	News	NaN	30.67709732055664
126	127	pt	vmw	challenge_SSA-MTE	hyp1	News	NaN	23.06637191772461
127	128	pt	vmw	challenge_SSA-MTE	hyp1	News	NaN	24.350849151611328
128	129	pt	vmw	challenge_SSA-MTE	hyp1	News	NaN	11.043171882629395
129	130	pt	vmw	challenge_SSA-MTE	hyp1	News	NaN	14.582584381103516
130	131	pt	vmw	challenge_SSA-MTE	hyp1	News	NaN	12.129644393920898
131	132	pt	vmw	challenge_SSA-MTE	hyp1	News	NaN	12.239811897277832
132	133	pt	vmw	challenge_SSA-MTE	hyp1	News	NaN	24.377933502197266
133	134	pt	vmw	challenge_SSA-MTE	hyp1	News	NaN	25.100643157958984
134	135	pt	vmw	challenge_SSA-MTE	hyp1	News	NaN	28.788057327270508
135	136	pt	vmw	challenge_SSA-MTE	hyp1	News	NaN	29.736827850341797
136	137	pt	vmw	challenge_SSA-MTE	hyp1	News	NaN	24.250734329223633
137	138	pt	vmw	challenge_SSA-MTE	hyp1	News	NaN	16.80730438232422
138	139	pt	vmw	challenge_SSA-MTE	hyp1	News	NaN	24.231155395507812
139	140	pt	vmw	challenge_SSA-MTE	hyp1	News	NaN	44.80592346191406
140	141	pt	vmw	challenge_SSA-MTE	hyp1	News	NaN	31.101123809814453
141	142	pt	vmw	challenge_SSA-MTE	hyp1	News	NaN	28.12262725830078
142	143	pt	vmw	challenge_SSA-MTE	hyp1	News	NaN	25.286300659179688
143	144	pt	vmw	challenge_SSA-MTE	hyp1	News	NaN	30.123624801635742
144	145	pt	vmw	challenge_SSA-MTE	hyp1	News	NaN	25.690990447998047
145	146	pt	vmw	challenge_SSA-MTE	hyp1	News	NaN	28.852651596069336
146	147	pt	vmw	challenge_SSA-MTE	hyp1	News	NaN	31.51319122314453
147	148	pt	vmw	challenge_SSA-MTE	hyp1	News	NaN	25.258472442626953
148	149	pt	vmw	challenge_SSA-MTE	hyp1	News	NaN	22.007951736450195
149	150	pt	vmw	challenge_SSA-MTE	hyp1	News	NaN	30.883066177368164
150	151	pt	vmw	challenge_SSA-MTE	hyp1	News	NaN	29.949079513549805
151	152	pt	vmw	challenge_SSA-MTE	hyp1	News	NaN	28.522907257080078
152	153	pt	vmw	challenge_SSA-MTE	hyp1	News	NaN	31.389076232910156
153	154	pt	vmw	challenge_SSA-MTE	hyp1	News	NaN	26.8258056640625
154	155	pt	vmw	challenge_SSA-MTE	hyp1	News	NaN	54.148624420166016
155	156	pt	vmw	challenge_SSA-MTE	hyp1	News	NaN	38.089683532714844
156	157	pt	vmw	challenge_SSA-MTE	hyp1	News	NaN	37.49020004272461
157	158	pt	vmw	challenge_SSA-MTE	hyp1	News	NaN	38.08359909057617
158	159	pt	vmw	challenge_SSA-MTE	hyp1	News	NaN	25.461708068847656
159	160	pt	vmw	challenge_SSA-MTE	hyp1	News	NaN	32.153038024902344
160	161	pt	vmw	challenge_SSA-MTE	hyp1	News	NaN	50.74828338623047
161	162	pt	vmw	challenge_SSA-MTE	hyp1	News	NaN	16.15079116821289
162	163	pt	vmw	challenge_SSA-MTE	hyp1	News	NaN	28.068361282348633
163	164	pt	vmw	challenge_SSA-MTE	hyp1	News	NaN	21.23481559753418
164	165	pt	vmw	challenge_SSA-MTE	hyp1	News	NaN	24.09868621826172
165	166	pt	vmw	challenge_SSA-MTE	hyp1	News	NaN	30.167964935302734
166	167	pt	vmw	challenge_SSA-MTE	hyp1	News	NaN	35.47938537597656
167	168	pt	vmw	challenge_SSA-MTE	hyp1	News	NaN	29.6251163482666
168	169	pt	vmw	challenge_SSA-MTE	hyp1	News	NaN	36.138004302978516
169	170	pt	vmw	challenge_SSA-MTE	hyp1	News	NaN	33.99562072753906
170	171	pt	vmw	challenge_SSA-MTE	hyp1	News	NaN	29.936466217041016
171	172	pt	vmw	challenge_SSA-MTE	hyp1	News	NaN	33.39004135131836
172	173	pt	vmw	challenge_SSA-MTE	hyp1	News	NaN	27.338638305664062
173	174	pt	vmw	challenge_SSA-MTE	hyp1	News	NaN	34.41141128540039
174	175	pt	vmw	challenge_SSA-MTE	hyp1	News	NaN	34.72530746459961
175	176	pt	vmw	challenge_SSA-MTE	hyp1	News	NaN	40.506385803222656
176	177	pt	vmw	challenge_SSA-MTE	hyp1	News	NaN	38.62308883666992
177	178	pt	vmw	challenge_SSA-MTE	hyp1	News	NaN	33.569740295410156
178	179	pt	vmw	challenge_SSA-MTE	hyp1	News	NaN	41.300132751464844
179	180	pt	vmw	challenge_SSA-MTE	hyp1	News	NaN	28.66708755493164
180	181	pt	vmw	challenge_SSA-MTE	hyp1	News	NaN	32.188175201416016
181	182	pt	vmw	challenge_SSA-MTE	hyp1	News	NaN	34.731998443603516
182	183	pt	vmw	challenge_SSA-MTE	hyp1	News	NaN	51.84880828857422
183	184	pt	vmw	challenge_SSA-MTE	hyp1	News	NaN	44.768367767333984
184	185	pt	vmw	challenge_SSA-MTE	hyp1	News	NaN	26.279775619506836
185	186	pt	vmw	challenge_SSA-MTE	hyp1	News	NaN	29.797489166259766
186	187	pt	vmw	challenge_SSA-MTE	hyp1	News	NaN	27.00507926940918
187	188	pt	vmw	challenge_SSA-MTE	hyp1	News	NaN	31.4227352142334
188	189	pt	vmw	challenge_SSA-MTE	hyp1	News	NaN	49.64060592651367
189	190	pt	vmw	challenge_SSA-MTE	hyp1	News	NaN	28.450355529785156
190	191	pt	vmw	challenge_SSA-MTE	hyp1	News	NaN	52.52555847167969
191	192	pt	vmw	challenge_SSA-MTE	hyp1	News	NaN	27.779769897460938
192	193	pt	vmw	challenge_SSA-MTE	hyp1	News	NaN	24.024024963378906
193	194	pt	vmw	challenge_SSA-MTE	hyp1	News	NaN	27.536418914794922
194	195	pt	vmw	challenge_SSA-MTE	hyp1	News	NaN	22.871355056762695
195	196	pt	vmw	challenge_SSA-MTE	hyp1	News	NaN	31.99188995361328
196	197	pt	vmw	challenge_SSA-MTE	hyp1	News	NaN	27.409242630004883
197	198	pt	vmw	challenge_SSA-MTE	hyp1	News	NaN	27.553688049316406
198	199	pt	vmw	challenge_SSA-MTE	hyp1	News	NaN	34.11034393310547
199	200	pt	vmw	challenge_SSA-MTE	hyp1	News	NaN	32.02254104614258
200	201	pt	vmw	challenge_SSA-MTE	hyp1	News	NaN	28.301082611083984
201	202	pt	vmw	challenge_SSA-MTE	hyp1	News	NaN	27.427486419677734
202	203	pt	vmw	challenge_SSA-MTE	hyp1	News	NaN	32.58384323120117
203	204	pt	vmw	challenge_SSA-MTE	hyp1	News	NaN	26.292736053466797
204	205	pt	vmw	challenge_SSA-MTE	hyp1	News	NaN	33.22913360595703
205	206	pt	vmw	challenge_SSA-MTE	hyp1	News	NaN	20.880266189575195
206	207	pt	vmw	challenge_SSA-MTE	hyp1	News	NaN	29.877540588378906
207	208	pt	vmw	challenge_SSA-MTE	hyp1	News	NaN	35.07390594482422
208	209	pt	vmw	challenge_SSA-MTE	hyp1	News	NaN	38.43009948730469
209	210	pt	vmw	challenge_SSA-MTE	hyp1	News	NaN	49.15488815307617
210	211	pt	vmw	challenge_SSA-MTE	hyp1	News	NaN	35.959678649902344
211	212	pt	vmw	challenge_SSA-MTE	hyp1	News	NaN	39.118080139160156
212	213	pt	vmw	challenge_SSA-MTE	hyp1	News	NaN	40.91264343261719
213	214	pt	vmw	challenge_SSA-MTE	hyp1	News	NaN	33.977176666259766
214	215	pt	vmw	challenge_SSA-MTE	hyp1	News	NaN	33.428768157958984
215	216	pt	vmw	challenge_SSA-MTE	hyp1	News	NaN	36.81046676635742
216	217	pt	vmw	challenge_SSA-MTE	hyp1	News	NaN	31.242324829101562
217	218	pt	vmw	challenge_SSA-MTE	hyp1	News	NaN	29.492900848388672
218	219	pt	vmw	challenge_SSA-MTE	hyp1	News	NaN	28.42350959777832
219	220	pt	vmw	challenge_SSA-MTE	hyp1	News	NaN	30.808622360229492
220	221	pt	vmw	challenge_SSA-MTE	hyp1	News	NaN	25.210525512695312
221	222	pt	vmw	challenge_SSA-MTE	hyp1	News	NaN	43.527591705322266
222	223	pt	vmw	challenge_SSA-MTE	hyp1	News	NaN	37.32355499267578
223	224	pt	vmw	challenge_SSA-MTE	hyp1	News	NaN	18.68023681640625
224	225	pt	vmw	challenge_SSA-MTE	hyp1	News	NaN	26.625999450683594
225	226	pt	vmw	challenge_SSA-MTE	hyp1	News	NaN	27.40834617614746
226	227	pt	vmw	challenge_SSA-MTE	hyp1	News	NaN	30.465442657470703
227	228	pt	vmw	challenge_SSA-MTE	hyp1	News	NaN	33.23722839355469
228	229	pt	vmw	challenge_SSA-MTE	hyp1	News	NaN	27.86749839782715
229	230	pt	vmw	challenge_SSA-MTE	hyp1	News	NaN	37.964752197265625
230	231	pt	vmw	challenge_SSA-MTE	hyp1	News	NaN	30.38098907470703
231	232	pt	vmw	challenge_SSA-MTE	hyp1	News	NaN	24.390613555908203
232	233	pt	vmw	challenge_SSA-MTE	hyp1	News	NaN	23.083187103271484
233	234	pt	vmw	challenge_SSA-MTE	hyp1	News	NaN	23.49575424194336
234	235	pt	vmw	challenge_SSA-MTE	hyp1	News	NaN	15.4188232421875
235	236	pt	vmw	challenge_SSA-MTE	hyp1	News	NaN	41.651275634765625
236	237	pt	vmw	challenge_SSA-MTE	hyp1	News	NaN	44.655860900878906
237	238	pt	vmw	challenge_SSA-MTE	hyp1	News	NaN	25.396697998046875
238	239	pt	vmw	challenge_SSA-MTE	hyp1	News	NaN	41.9703369140625
239	240	pt	vmw	challenge_SSA-MTE	hyp1	News	NaN	29.740705490112305
240	241	pt	vmw	challenge_SSA-MTE	hyp1	News	NaN	30.739402770996094
241	242	pt	vmw	challenge_SSA-MTE	hyp1	News	NaN	27.47674560546875
242	243	pt	vmw	challenge_SSA-MTE	hyp1	News	NaN	37.44798278808594
243	244	pt	vmw	challenge_SSA-MTE	hyp1	News	NaN	26.43907928466797
244	245	pt	vmw	challenge_SSA-MTE	hyp1	News	NaN	34.84251022338867
245	246	pt	vmw	challenge_SSA-MTE	hyp1	News	NaN	33.02819061279297
246	247	pt	vmw	challenge_SSA-MTE	hyp1	News	NaN	32.55653381347656
247	248	pt	vmw	challenge_SSA-MTE	hyp1	News	NaN	30.367517471313477
248	249	pt	vmw	challenge_SSA-MTE	hyp1	News	NaN	29.05055809020996
249	250	pt	vmw	challenge_SSA-MTE	hyp1	News	NaN	24.13252830505371
250	251	pt	vmw	challenge_SSA-MTE	hyp1	News	NaN	26.42353057861328
251	252	pt	vmw	challenge_SSA-MTE	hyp1	News	NaN	23.655868530273438
252	253	pt	vmw	challenge_SSA-MTE	hyp1	News	NaN	23.207000732421875
253	254	pt	vmw	challenge_SSA-MTE	hyp1	News	NaN	24.999576568603516
254	255	pt	vmw	challenge_SSA-MTE	hyp1	News	NaN	21.730554580688477
255	256	pt	vmw	challenge_SSA-MTE	hyp1	News	NaN	33.19587707519531
256	257	pt	vmw	challenge_SSA-MTE	hyp1	News	NaN	38.57810974121094
257	258	pt	vmw	challenge_SSA-MTE	hyp1	News	NaN	34.005943298339844
258	259	pt	vmw	challenge_SSA-MTE	hyp1	News	NaN	41.95293426513672
259	260	pt	vmw	challenge_SSA-MTE	hyp1	News	NaN	18.27775764465332
260	261	pt	vmw	challenge_SSA-MTE	hyp1	News	NaN	18.45305061340332
261	262	pt	vmw	challenge_SSA-MTE	hyp1	News	NaN	19.393260955810547
262	263	pt	vmw	challenge_SSA-MTE	hyp1	News	NaN	30.725170135498047
263	264	pt	vmw	challenge_SSA-MTE	hyp1	News	NaN	29.058366775512695
264	265	pt	vmw	challenge_SSA-MTE	hyp1	News	NaN	43.252281188964844
265	266	pt	vmw	challenge_SSA-MTE	hyp1	News	NaN	33.55120086669922
266	267	pt	vmw	challenge_SSA-MTE	hyp1	News	NaN	25.13595199584961
267	268	pt	vmw	challenge_SSA-MTE	hyp1	News	NaN	22.97563362121582
268	269	pt	vmw	challenge_SSA-MTE	hyp1	News	NaN	25.14617919921875
269	270	pt	vmw	challenge_SSA-MTE	hyp1	News	NaN	25.849512100219727
270	271	pt	vmw	challenge_SSA-MTE	hyp1	News	NaN	34.6082763671875
271	272	pt	vmw	challenge_SSA-MTE	hyp1	News	NaN	33.31536865234375
272	273	pt	vmw	challenge_SSA-MTE	hyp1	News	NaN	32.85302734375
273	274	pt	vmw	challenge_SSA-MTE	hyp1	News	NaN	38.736114501953125
274	275	pt	vmw	challenge_SSA-MTE	hyp1	News	NaN	36.52939987182617
275	276	pt	vmw	challenge_SSA-MTE	hyp1	News	NaN	42.35559844970703
276	277	pt	vmw	challenge_SSA-MTE	hyp1	News	NaN	33.766353607177734
277	278	pt	vmw	challenge_SSA-MTE	hyp1	News	NaN	33.4320068359375
278	279	pt	vmw	challenge_SSA-MTE	hyp1	News	NaN	30.44567108154297
279	280	pt	vmw	challenge_SSA-MTE	hyp1	News	NaN	32.75352478027344
280	281	pt	vmw	challenge_SSA-MTE	hyp1	News	NaN	17.101520538330078
281	282	pt	vmw	challenge_SSA-MTE	hyp1	News	NaN	21.536083221435547
282	283	pt	vmw	challenge_SSA-MTE	hyp1	News	NaN	21.59793472290039
283	284	pt	vmw	challenge_SSA-MTE	hyp1	News	NaN	21.806467056274414
284	285	pt	vmw	challenge_SSA-MTE	hyp1	News	NaN	32.65925216674805
285	286	pt	vmw	challenge_SSA-MTE	hyp1	News	NaN	22.023681640625
286	287	pt	vmw	challenge_SSA-MTE	hyp1	News	NaN	30.381702423095703
287	288	pt	vmw	challenge_SSA-MTE	hyp1	News	NaN	21.586145401000977
288	289	pt	vmw	challenge_SSA-MTE	hyp1	News	NaN	41.47868347167969
289	290	pt	vmw	challenge_SSA-MTE	hyp1	News	NaN	39.09834289550781
290	291	pt	vmw	challenge_SSA-MTE	hyp1	News	NaN	42.67097854614258
291	292	pt	vmw	challenge_SSA-MTE	hyp1	News	NaN	47.18413543701172
292	293	pt	vmw	challenge_SSA-MTE	hyp1	News	NaN	32.527923583984375
293	294	pt	vmw	challenge_SSA-MTE	hyp1	News	NaN	31.626693725585938
294	295	pt	vmw	challenge_SSA-MTE	hyp1	News	NaN	34.854156494140625
295	296	pt	vmw	challenge_SSA-MTE	hyp1	News	NaN	23.864295959472656
296	297	pt	vmw	challenge_SSA-MTE	hyp1	News	NaN	38.716102600097656
297	298	pt	vmw	challenge_SSA-MTE	hyp1	News	NaN	32.87395095825195
298	299	pt	vmw	challenge_SSA-MTE	hyp1	News	NaN	29.866764068603516
299	300	pt	vmw	challenge_SSA-MTE	hyp1	News	NaN	33.388633728027344
300	301	pt	vmw	challenge_SSA-MTE	hyp1	News	NaN	30.028274536132812
301	302	pt	vmw	challenge_SSA-MTE	hyp1	News	NaN	31.6390380859375
302	303	pt	vmw	challenge_SSA-MTE	hyp1	News	NaN	28.668149948120117
303	304	pt	vmw	challenge_SSA-MTE	hyp1	News	NaN	29.268787384033203
304	305	pt	vmw	challenge_SSA-MTE	hyp1	News	NaN	31.12252426147461
305	306	pt	vmw	challenge_SSA-MTE	hyp1	News	NaN	30.314960479736328
306	307	pt	vmw	challenge_SSA-MTE	hyp1	News	NaN	31.029186248779297
307	308	pt	vmw	challenge_SSA-MTE	hyp1	News	NaN	36.85696029663086
308	309	pt	vmw	challenge_SSA-MTE	hyp1	News	NaN	35.31769561767578
309	310	pt	vmw	challenge_SSA-MTE	hyp1	News	NaN	34.34693145751953
310	311	pt	vmw	challenge_SSA-MTE	hyp1	News	NaN	28.402118682861328
311	312	pt	vmw	challenge_SSA-MTE	hyp1	News	NaN	28.88234519958496
312	313	pt	vmw	challenge_SSA-MTE	hyp1	News	NaN	30.06969451904297
313	314	pt	vmw	challenge_SSA-MTE	hyp1	News	NaN	10.93238639831543
314	315	pt	vmw	challenge_SSA-MTE	hyp1	News	NaN	36.127899169921875
315	316	pt	vmw	challenge_SSA-MTE	hyp1	News	NaN	28.505325317382812
316	317	pt	vmw	challenge_SSA-MTE	hyp1	News	NaN	30.738466262817383
317	318	pt	vmw	challenge_SSA-MTE	hyp1	News	NaN	30.22311782836914
318	319	pt	vmw	challenge_SSA-MTE	hyp1	News	NaN	13.069303512573242
319	320	pt	vmw	challenge_SSA-MTE	hyp1	News	NaN	11.765776634216309
320	321	pt	vmw	challenge_SSA-MTE	hyp1	News	NaN	23.59174346923828
321	322	pt	vmw	challenge_SSA-MTE	hyp1	News	NaN	27.268444061279297
322	323	pt	vmw	challenge_SSA-MTE	hyp1	News	NaN	31.26421546936035
323	324	pt	vmw	challenge_SSA-MTE	hyp1	News	NaN	39.55305480957031
324	325	pt	vmw	challenge_SSA-MTE	hyp1	News	NaN	28.758079528808594
325	326	pt	vmw	challenge_SSA-MTE	hyp1	News	NaN	26.516849517822266
326	327	pt	vmw	challenge_SSA-MTE	hyp1	News	NaN	41.15959930419922
327	328	pt	vmw	challenge_SSA-MTE	hyp1	News	NaN	33.18369674682617
328	329	pt	vmw	challenge_SSA-MTE	hyp1	News	NaN	42.59383773803711
329	330	pt	vmw	challenge_SSA-MTE	hyp1	News	NaN	31.42362403869629
330	331	pt	vmw	challenge_SSA-MTE	hyp1	News	NaN	13.123888969421387
331	332	pt	vmw	challenge_SSA-MTE	hyp1	News	NaN	35.17767333984375
332	333	pt	vmw	challenge_SSA-MTE	hyp1	News	NaN	31.575904846191406
333	334	pt	vmw	challenge_SSA-MTE	hyp1	News	NaN	31.604040145874023
334	335	pt	vmw	challenge_SSA-MTE	hyp1	News	NaN	40.116641998291016
335	336	pt	vmw	challenge_SSA-MTE	hyp1	News	NaN	31.81414222717285
336	337	pt	vmw	challenge_SSA-MTE	hyp1	News	NaN	31.20435333251953
337	338	pt	vmw	challenge_SSA-MTE	hyp1	News	NaN	29.868974685668945
338	339	pt	vmw	challenge_SSA-MTE	hyp1	News	NaN	21.944759368896484
339	340	pt	vmw	challenge_SSA-MTE	hyp1	News	NaN	22.02117156982422
340	341	pt	vmw	challenge_SSA-MTE	hyp1	News	NaN	23.98012924194336
341	342	pt	vmw	challenge_SSA-MTE	hyp1	News	NaN	22.943960189819336
342	343	pt	vmw	challenge_SSA-MTE	hyp1	News	NaN	19.83053207397461
343	344	pt	vmw	challenge_SSA-MTE	hyp1	News	NaN	29.384986877441406
344	345	pt	vmw	challenge_SSA-MTE	hyp1	News	NaN	23.010902404785156
345	346	pt	vmw	challenge_SSA-MTE	hyp1	News	NaN	25.26506805419922
346	347	pt	vmw	challenge_SSA-MTE	hyp1	News	NaN	16.301673889160156
347	348	pt	vmw	challenge_SSA-MTE	hyp1	News	NaN	35.969505310058594
348	349	pt	vmw	challenge_SSA-MTE	hyp1	News	NaN	37.46009826660156
349	350	pt	vmw	challenge_SSA-MTE	hyp1	News	NaN	36.659515380859375
350	351	pt	vmw	challenge_SSA-MTE	hyp1	News	NaN	30.106157302856445
351	352	pt	vmw	challenge_SSA-MTE	hyp1	News	NaN	34.66527557373047
352	353	pt	vmw	challenge_SSA-MTE	hyp1	News	NaN	29.67576026916504
353	354	pt	vmw	challenge_SSA-MTE	hyp1	News	NaN	32.307159423828125
354	355	pt	vmw	challenge_SSA-MTE	hyp1	News	NaN	27.653160095214844
355	356	pt	vmw	challenge_SSA-MTE	hyp1	News	NaN	30.46289825439453
356	357	pt	vmw	challenge_SSA-MTE	hyp1	News	NaN	26.937820434570312
357	358	pt	vmw	challenge_SSA-MTE	hyp1	News	NaN	29.808378219604492
358	359	pt	vmw	challenge_SSA-MTE	hyp1	News	NaN	26.774707794189453
359	360	pt	vmw	challenge_SSA-MTE	hyp1	News	NaN	27.050321578979492
360	361	pt	vmw	challenge_SSA-MTE	hyp1	News	NaN	33.40819549560547
361	362	pt	vmw	challenge_SSA-MTE	hyp1	News	NaN	37.20147705078125
362	363	pt	vmw	challenge_SSA-MTE	hyp1	News	NaN	30.822368621826172
363	364	pt	vmw	challenge_SSA-MTE	hyp1	News	NaN	23.700336456298828
364	365	pt	vmw	challenge_SSA-MTE	hyp1	News	NaN	23.93577766418457
365	366	pt	vmw	challenge_SSA-MTE	hyp1	News	NaN	23.444284439086914
366	367	pt	vmw	challenge_SSA-MTE	hyp1	News	NaN	22.432239532470703
367	368	pt	vmw	challenge_SSA-MTE	hyp1	News	NaN	31.931777954101562
368	369	pt	vmw	challenge_SSA-MTE	hyp1	News	NaN	25.523645401000977
369	370	pt	vmw	challenge_SSA-MTE	hyp1	News	NaN	27.25187873840332
370	371	pt	vmw	challenge_SSA-MTE	hyp1	News	NaN	23.55031394958496
371	372	pt	vmw	challenge_SSA-MTE	hyp1	News	NaN	20.39386558532715
372	373	pt	vmw	challenge_SSA-MTE	hyp1	News	NaN	14.369673728942871
373	374	pt	vmw	challenge_SSA-MTE	hyp1	News	NaN	13.813494682312012
374	375	pt	vmw	challenge_SSA-MTE	hyp1	News	NaN	21.6519718170166
375	376	pt	vmw	challenge_SSA-MTE	hyp1	News	NaN	33.33391571044922
376	377	pt	vmw	challenge_SSA-MTE	hyp1	News	NaN	25.926204681396484
377	378	pt	vmw	challenge_SSA-MTE	hyp1	News	NaN	30.468952178955078
378	379	pt	vmw	challenge_SSA-MTE	hyp1	News	NaN	37.522586822509766
379	380	pt	vmw	challenge_SSA-MTE	hyp1	News	NaN	28.708850860595703
380	381	pt	vmw	challenge_SSA-MTE	hyp1	News	NaN	29.72627067565918
381	382	pt	vmw	challenge_SSA-MTE	hyp1	News	NaN	21.763076782226562
382	383	pt	vmw	challenge_SSA-MTE	hyp1	News	NaN	26.751352310180664
383	384	pt	vmw	challenge_SSA-MTE	hyp1	News	NaN	29.81515884399414
384	385	pt	vmw	challenge_SSA-MTE	hyp1	News	NaN	8.988503456115723
385	386	pt	vmw	challenge_SSA-MTE	hyp1	News	NaN	28.61568260192871
386	387	pt	vmw	challenge_SSA-MTE	hyp1	News	NaN	30.60284423828125
387	388	pt	vmw	challenge_SSA-MTE	hyp1	News	NaN	27.965686798095703
388	389	pt	vmw	challenge_SSA-MTE	hyp1	News	NaN	30.486061096191406
389	390	pt	vmw	challenge_SSA-MTE	hyp1	News	NaN	28.46012306213379
390	391	pt	vmw	challenge_SSA-MTE	hyp1	News	NaN	32.27192306518555
391	392	pt	vmw	challenge_SSA-MTE	hyp1	News	NaN	34.030418395996094
392	393	pt	vmw	challenge_SSA-MTE	hyp1	News	NaN	29.566246032714844
393	394	pt	vmw	challenge_SSA-MTE	hyp1	News	NaN	31.788875579833984
394	395	pt	vmw	challenge_SSA-MTE	hyp1	News	NaN	27.313941955566406
395	396	pt	vmw	challenge_SSA-MTE	hyp1	News	NaN	42.213348388671875
396	397	pt	vmw	challenge_SSA-MTE	hyp1	News	NaN	25.00204849243164
397	398	pt	vmw	challenge_SSA-MTE	hyp1	News	NaN	30.079423904418945
398	399	pt	vmw	challenge_SSA-MTE	hyp1	News	NaN	34.62690734863281
399	400	pt	vmw	challenge_SSA-MTE	hyp1	News	NaN	31.901657104492188
400	401	pt	vmw	challenge_SSA-MTE	hyp1	News	NaN	30.929317474365234
401	402	pt	vmw	challenge_SSA-MTE	hyp1	News	NaN	37.42914581298828
402	403	pt	vmw	challenge_SSA-MTE	hyp1	News	NaN	34.145057678222656
403	404	pt	vmw	challenge_SSA-MTE	hyp1	News	NaN	30.918947219848633
404	405	pt	vmw	challenge_SSA-MTE	hyp1	News	NaN	30.09377670288086
405	406	pt	vmw	challenge_SSA-MTE	hyp1	News	NaN	34.74781036376953
406	407	pt	vmw	challenge_SSA-MTE	hyp1	News	NaN	33.43801498413086
407	408	pt	vmw	challenge_SSA-MTE	hyp1	News	NaN	39.295997619628906
408	409	pt	vmw	challenge_SSA-MTE	hyp1	News	NaN	28.91886329650879
409	410	pt	vmw	challenge_SSA-MTE	hyp1	News	NaN	38.250694274902344
410	411	pt	vmw	challenge_SSA-MTE	hyp1	News	NaN	29.05405044555664
411	412	pt	vmw	challenge_SSA-MTE	hyp1	News	NaN	34.672054290771484
412	413	pt	vmw	challenge_SSA-MTE	hyp1	News	NaN	26.638427734375
413	414	pt	vmw	challenge_SSA-MTE	hyp1	News	NaN	24.893766403198242
414	415	pt	vmw	challenge_SSA-MTE	hyp1	News	NaN	3.9241631031036377
415	416	pt	vmw	challenge_SSA-MTE	hyp1	News	NaN	40.619773864746094
416	417	pt	vmw	challenge_SSA-MTE	hyp1	News	NaN	38.6132926940918
417	418	pt	vmw	challenge_SSA-MTE	hyp1	News	NaN	34.14760208129883
418	419	pt	vmw	challenge_SSA-MTE	hyp1	News	NaN	27.21647071838379
419	420	pt	vmw	challenge_SSA-MTE	hyp1	News	NaN	25.893165588378906
420	421	pt	vmw	challenge_SSA-MTE	hyp1	News	NaN	40.54629135131836
421	422	pt	vmw	challenge_SSA-MTE	hyp1	News	NaN	30.746532440185547
422	423	pt	vmw	challenge_SSA-MTE	hyp1	News	NaN	30.138830184936523
423	424	pt	vmw	challenge_SSA-MTE	hyp1	News	NaN	29.351951599121094
424	425	pt	vmw	challenge_SSA-MTE	hyp1	News	NaN	31.81289291381836
425	426	pt	vmw	challenge_SSA-MTE	hyp1	News	NaN	27.380142211914062
426	427	pt	vmw	challenge_SSA-MTE	hyp1	News	NaN	30.552494049072266
427	428	pt	vmw	challenge_SSA-MTE	hyp1	News	NaN	9.43199634552002
428	429	pt	vmw	challenge_SSA-MTE	hyp1	News	NaN	29.191627502441406
429	430	pt	vmw	challenge_SSA-MTE	hyp1	News	NaN	26.851490020751953
430	431	pt	vmw	challenge_SSA-MTE	hyp1	News	NaN	32.79306411743164
431	432	pt	vmw	challenge_SSA-MTE	hyp1	News	NaN	40.08196258544922
432	433	pt	vmw	challenge_SSA-MTE	hyp1	News	NaN	30.884662628173828
433	434	pt	vmw	challenge_SSA-MTE	hyp1	News	NaN	23.517452239990234
434	435	pt	vmw	challenge_SSA-MTE	hyp1	News	NaN	32.51991271972656
435	436	pt	vmw	challenge_SSA-MTE	hyp1	News	NaN	28.894895553588867
436	437	pt	vmw	challenge_SSA-MTE	hyp1	News	NaN	30.923826217651367
437	438	pt	vmw	challenge_SSA-MTE	hyp1	News	NaN	31.750417709350586
438	439	pt	vmw	challenge_SSA-MTE	hyp1	News	NaN	14.938807487487793
439	440	pt	vmw	challenge_SSA-MTE	hyp1	News	NaN	23.28106689453125
440	441	pt	vmw	challenge_SSA-MTE	hyp1	News	NaN	25.282928466796875
441	442	pt	vmw	challenge_SSA-MTE	hyp1	News	NaN	25.208498001098633
442	443	pt	vmw	challenge_SSA-MTE	hyp1	News	NaN	29.933765411376953
443	444	pt	vmw	challenge_SSA-MTE	hyp1	News	NaN	36.280303955078125
444	445	pt	vmw	challenge_SSA-MTE	hyp1	News	NaN	26.776382446289062
445	446	pt	vmw	challenge_SSA-MTE	hyp1	News	NaN	12.629903793334961
446	447	pt	vmw	challenge_SSA-MTE	hyp1	News	NaN	34.81249237060547
447	448	pt	vmw	challenge_SSA-MTE	hyp1	News	NaN	30.16249656677246
448	449	pt	vmw	challenge_SSA-MTE	hyp1	News	NaN	26.52837371826172
449	450	pt	vmw	challenge_SSA-MTE	hyp1	News	NaN	27.57982635498047
450	451	pt	vmw	challenge_SSA-MTE	hyp1	News	NaN	19.104053497314453
451	452	pt	vmw	challenge_SSA-MTE	hyp1	News	NaN	18.08578872680664
452	453	pt	vmw	challenge_SSA-MTE	hyp1	News	NaN	32.333534240722656
453	454	pt	vmw	challenge_SSA-MTE	hyp1	News	NaN	28.233314514160156
454	455	pt	vmw	challenge_SSA-MTE	hyp1	News	NaN	43.2457389831543
455	456	pt	vmw	challenge_SSA-MTE	hyp1	News	NaN	46.66835021972656
456	457	pt	vmw	challenge_SSA-MTE	hyp1	News	NaN	36.739906311035156
457	458	pt	vmw	challenge_SSA-MTE	hyp1	News	NaN	32.00519561767578
458	459	pt	vmw	challenge_SSA-MTE	hyp1	News	NaN	34.15977478027344
459	460	pt	vmw	challenge_SSA-MTE	hyp1	News	NaN	42.323387145996094
460	461	pt	vmw	challenge_SSA-MTE	hyp1	News	NaN	33.42228317260742
461	462	pt	vmw	challenge_SSA-MTE	hyp1	News	NaN	30.489988327026367
462	463	pt	vmw	challenge_SSA-MTE	hyp1	News	NaN	25.622539520263672
463	464	pt	vmw	challenge_SSA-MTE	hyp1	News	NaN	45.17544937133789
464	465	pt	vmw	challenge_SSA-MTE	hyp1	News	NaN	34.84903335571289
465	466	pt	vmw	challenge_SSA-MTE	hyp1	News	NaN	26.02959632873535
466	467	pt	vmw	challenge_SSA-MTE	hyp1	News	NaN	28.817424774169922
467	468	pt	vmw	challenge_SSA-MTE	hyp1	News	NaN	22.213937759399414
468	469	pt	vmw	challenge_SSA-MTE	hyp1	News	NaN	9.879913330078125
469	470	pt	vmw	challenge_SSA-MTE	hyp1	News	NaN	15.793133735656738
470	471	pt	vmw	challenge_SSA-MTE	hyp1	News	NaN	13.299226760864258
471	472	pt	vmw	challenge_SSA-MTE	hyp1	News	NaN	11.022878646850586
472	473	pt	vmw	challenge_SSA-MTE	hyp1	News	NaN	32.24152374267578
473	474	pt	vmw	challenge_SSA-MTE	hyp1	News	NaN	43.71415710449219
474	475	pt	vmw	challenge_SSA-MTE	hyp1	News	NaN	31.236125946044922
475	476	pt	vmw	challenge_SSA-MTE	hyp1	News	NaN	35.30474853515625
476	477	pt	vmw	challenge_SSA-MTE	hyp1	News	NaN	31.327747344970703
477	478	pt	vmw	challenge_SSA-MTE	hyp1	News	NaN	28.61870574951172
478	479	pt	vmw	challenge_SSA-MTE	hyp1	News	NaN	27.526365280151367
479	480	pt	vmw	challenge_SSA-MTE	hyp1	News	NaN	31.128334045410156
480	481	pt	vmw	challenge_SSA-MTE	hyp1	News	NaN	31.068317413330078
481	482	pt	vmw	challenge_SSA-MTE	hyp1	News	NaN	31.95281219482422
482	483	pt	vmw	challenge_SSA-MTE	hyp1	News	NaN	31.84221649169922
483	484	pt	vmw	challenge_SSA-MTE	hyp1	News	NaN	30.601591110229492
484	485	pt	vmw	challenge_SSA-MTE	hyp1	News	NaN	40.15632247924805
485	486	pt	vmw	challenge_SSA-MTE	hyp1	News	NaN	49.00600051879883
486	487	pt	vmw	challenge_SSA-MTE	hyp1	News	NaN	26.85921859741211
487	488	pt	vmw	challenge_SSA-MTE	hyp1	News	NaN	28.466896057128906
488	489	pt	vmw	challenge_SSA-MTE	hyp1	News	NaN	35.41828155517578
489	490	pt	vmw	challenge_SSA-MTE	hyp1	News	NaN	33.73780822753906
490	491	pt	vmw	challenge_SSA-MTE	hyp1	News	NaN	39.24374771118164
491	492	pt	vmw	challenge_SSA-MTE	hyp1	News	NaN	45.809043884277344
492	493	pt	vmw	challenge_SSA-MTE	hyp1	News	NaN	22.43915367126465
493	494	pt	vmw	challenge_SSA-MTE	hyp1	News	NaN	21.931724548339844
494	495	pt	vmw	challenge_SSA-MTE	hyp1	News	NaN	18.905372619628906
495	496	pt	vmw	challenge_SSA-MTE	hyp1	News	NaN	29.137611389160156
496	497	pt	vmw	challenge_SSA-MTE	hyp1	News	NaN	33.38610076904297
497	498	pt	vmw	challenge_SSA-MTE	hyp1	News	NaN	25.734806060791016
498	499	pt	vmw	challenge_SSA-MTE	hyp1	News	NaN	31.089523315429688
499	500	pt	vmw	challenge_SSA-MTE	hyp1	News	NaN	24.688888549804688
500	501	pt	vmw	challenge_SSA-MTE	hyp1	News	NaN	24.82196044921875
501	502	pt	vmw	challenge_SSA-MTE	hyp1	News	NaN	33.10075378417969
502	503	pt	vmw	challenge_SSA-MTE	hyp1	News	NaN	28.73456382751465
503	504	pt	vmw	challenge_SSA-MTE	hyp1	News	NaN	20.075992584228516
504	505	pt	vmw	challenge_SSA-MTE	hyp1	News	NaN	26.561614990234375
505	506	pt	vmw	challenge_SSA-MTE	hyp1	News	NaN	20.755268096923828
506	507	pt	vmw	challenge_SSA-MTE	hyp1	News	NaN	31.10338020324707
507	508	pt	vmw	challenge_SSA-MTE	hyp1	News	NaN	29.117433547973633
508	509	pt	vmw	challenge_SSA-MTE	hyp1	News	NaN	25.85365104675293
509	510	pt	vmw	challenge_SSA-MTE	hyp1	News	NaN	43.16755676269531
510	511	pt	vmw	challenge_SSA-MTE	hyp1	News	NaN	50.01768493652344
511	512	pt	vmw	challenge_SSA-MTE	hyp1	News	NaN	52.657569885253906
512	513	pt	vmw	challenge_SSA-MTE	hyp1	News	NaN	48.58275604248047
513	514	pt	vmw	challenge_SSA-MTE	hyp1	News	NaN	33.385711669921875
514	515	pt	vmw	challenge_SSA-MTE	hyp1	News	NaN	26.059589385986328
515	516	pt	vmw	challenge_SSA-MTE	hyp1	News	NaN	26.797706604003906
516	517	pt	vmw	challenge_SSA-MTE	hyp1	News	NaN	27.454090118408203
517	518	pt	vmw	challenge_SSA-MTE	hyp1	News	NaN	31.046173095703125
518	519	pt	vmw	challenge_SSA-MTE	hyp1	News	NaN	17.0985107421875
519	520	pt	vmw	challenge_SSA-MTE	hyp1	News	NaN	38.76126480102539
520	521	pt	vmw	challenge_SSA-MTE	hyp1	News	NaN	24.373580932617188
521	522	pt	vmw	challenge_SSA-MTE	hyp1	News	NaN	36.44748306274414
522	523	pt	vmw	challenge_SSA-MTE	hyp1	News	NaN	25.903833389282227
523	524	pt	vmw	challenge_SSA-MTE	hyp1	News	NaN	27.713510513305664
524	525	pt	vmw	challenge_SSA-MTE	hyp1	News	NaN	48.38996124267578
525	526	pt	vmw	challenge_SSA-MTE	hyp1	News	NaN	46.64611053466797
526	527	pt	vmw	challenge_SSA-MTE	hyp1	News	NaN	29.59577178955078
527	528	pt	vmw	challenge_SSA-MTE	hyp1	News	NaN	36.63956832885742
528	529	pt	vmw	challenge_SSA-MTE	hyp1	News	NaN	25.150257110595703
529	530	pt	vmw	challenge_SSA-MTE	hyp1	News	NaN	23.496089935302734
530	531	pt	vmw	challenge_SSA-MTE	hyp1	News	NaN	41.3218994140625
531	532	pt	vmw	challenge_SSA-MTE	hyp1	News	NaN	35.95823669433594
532	533	pt	vmw	challenge_SSA-MTE	hyp1	News	NaN	43.50557327270508
533	534	pt	vmw	challenge_SSA-MTE	hyp1	News	NaN	40.92283630371094
534	535	pt	vmw	challenge_SSA-MTE	hyp1	News	NaN	31.815155029296875
535	536	pt	vmw	challenge_SSA-MTE	hyp1	News	NaN	23.118057250976562
536	537	pt	vmw	challenge_SSA-MTE	hyp1	News	NaN	23.858783721923828
537	538	pt	vmw	challenge_SSA-MTE	hyp1	News	NaN	23.227554321289062
538	539	pt	vmw	challenge_SSA-MTE	hyp1	News	NaN	22.034751892089844
539	540	pt	vmw	challenge_SSA-MTE	hyp1	News	NaN	23.769149780273438
540	541	pt	vmw	challenge_SSA-MTE	hyp1	News	NaN	14.667569160461426
541	542	pt	vmw	challenge_SSA-MTE	hyp1	News	NaN	18.107927322387695
542	543	pt	vmw	challenge_SSA-MTE	hyp1	News	NaN	33.49192810058594
543	544	pt	vmw	challenge_SSA-MTE	hyp1	News	NaN	40.78466796875
544	545	pt	vmw	challenge_SSA-MTE	hyp1	News	NaN	28.528472900390625
545	546	pt	vmw	challenge_SSA-MTE	hyp1	News	NaN	19.276065826416016
546	547	pt	vmw	challenge_SSA-MTE	hyp1	News	NaN	59.35125732421875
547	548	pt	vmw	challenge_SSA-MTE	hyp1	News	NaN	49.54417419433594
548	549	pt	vmw	challenge_SSA-MTE	hyp1	News	NaN	30.120607376098633
549	550	pt	vmw	challenge_SSA-MTE	hyp1	News	NaN	36.74442672729492
550	551	pt	vmw	challenge_SSA-MTE	hyp1	News	NaN	27.740440368652344
551	552	pt	vmw	challenge_SSA-MTE	hyp1	News	NaN	23.17291831970215
552	553	pt	vmw	challenge_SSA-MTE	hyp1	News	NaN	33.79405212402344
553	554	pt	vmw	challenge_SSA-MTE	hyp1	News	NaN	9.77674388885498
554	555	pt	vmw	challenge_SSA-MTE	hyp1	News	NaN	10.88105583190918
555	556	pt	vmw	challenge_SSA-MTE	hyp1	News	NaN	24.87249755859375
556	557	pt	vmw	challenge_SSA-MTE	hyp1	News	NaN	17.25304412841797
557	558	pt	vmw	challenge_SSA-MTE	hyp1	News	NaN	33.75583267211914
558	559	pt	vmw	challenge_SSA-MTE	hyp1	News	NaN	41.658939361572266
559	560	pt	vmw	challenge_SSA-MTE	hyp1	News	NaN	32.00434494018555
560	561	pt	vmw	challenge_SSA-MTE	hyp1	News	NaN	37.93494415283203
561	562	pt	vmw	challenge_SSA-MTE	hyp1	News	NaN	7.887567043304443
562	563	pt	vmw	challenge_SSA-MTE	hyp1	News	NaN	24.276220321655273
563	564	pt	vmw	challenge_SSA-MTE	hyp1	News	NaN	28.496246337890625
564	565	pt	vmw	challenge_SSA-MTE	hyp1	News	NaN	24.17014503479004
565	566	pt	vmw	challenge_SSA-MTE	hyp1	News	NaN	33.288177490234375
566	567	pt	vmw	challenge_SSA-MTE	hyp1	News	NaN	44.422035217285156
567	568	pt	vmw	challenge_SSA-MTE	hyp1	News	NaN	39.6578369140625
568	569	pt	vmw	challenge_SSA-MTE	hyp1	News	NaN	40.508575439453125
569	570	pt	vmw	challenge_SSA-MTE	hyp1	News	NaN	25.455907821655273
570	571	pt	vmw	challenge_SSA-MTE	hyp1	News	NaN	19.572566986083984
571	572	pt	vmw	challenge_SSA-MTE	hyp1	News	NaN	31.01824188232422
572	573	pt	vmw	challenge_SSA-MTE	hyp1	News	NaN	19.06822967529297
573	574	pt	vmw	challenge_SSA-MTE	hyp1	News	NaN	25.650955200195312
574	575	pt	vmw	challenge_SSA-MTE	hyp1	News	NaN	37.58404541015625
575	576	pt	vmw	challenge_SSA-MTE	hyp1	News	NaN	20.205223083496094
576	577	pt	vmw	challenge_SSA-MTE	hyp1	News	NaN	23.031150817871094
577	578	pt	vmw	challenge_SSA-MTE	hyp1	News	NaN	40.78901290893555
578	579	pt	vmw	challenge_SSA-MTE	hyp1	News	NaN	32.005489349365234
579	580	pt	vmw	challenge_SSA-MTE	hyp1	News	NaN	32.45779800415039
580	581	pt	vmw	challenge_SSA-MTE	hyp1	News	NaN	25.515399932861328
581	582	pt	vmw	challenge_SSA-MTE	hyp1	News	NaN	27.89740753173828
582	583	pt	vmw	challenge_SSA-MTE	hyp1	News	NaN	36.27373123168945
583	584	pt	vmw	challenge_SSA-MTE	hyp1	News	NaN	27.209606170654297
584	585	pt	vmw	challenge_SSA-MTE	hyp1	News	NaN	19.70980453491211
585	586	pt	vmw	challenge_SSA-MTE	hyp1	News	NaN	31.41256332397461
586	587	pt	vmw	challenge_SSA-MTE	hyp1	News	NaN	32.63639831542969
587	588	pt	vmw	challenge_SSA-MTE	hyp1	News	NaN	29.705520629882812
588	589	pt	vmw	challenge_SSA-MTE	hyp1	News	NaN	25.719968795776367
589	590	pt	vmw	challenge_SSA-MTE	hyp1	News	NaN	21.069589614868164
590	591	pt	vmw	challenge_SSA-MTE	hyp1	News	NaN	25.1754150390625
591	592	pt	vmw	challenge_SSA-MTE	hyp1	News	NaN	21.28076934814453
592	593	pt	vmw	challenge_SSA-MTE	hyp1	News	NaN	24.05585289001465
593	594	pt	vmw	challenge_SSA-MTE	hyp1	News	NaN	35.08537292480469
594	595	pt	vmw	challenge_SSA-MTE	hyp1	News	NaN	37.06169128417969
595	596	pt	vmw	challenge_SSA-MTE	hyp1	News	NaN	31.54330062866211
596	597	pt	vmw	challenge_SSA-MTE	hyp1	News	NaN	26.215972900390625
597	598	pt	vmw	challenge_SSA-MTE	hyp1	News	NaN	27.532546997070312
598	599	pt	vmw	challenge_SSA-MTE	hyp1	News	NaN	20.779191970825195
599	600	pt	vmw	challenge_SSA-MTE	hyp1	News	NaN	28.77237319946289
600	601	pt	vmw	challenge_SSA-MTE	hyp1	News	NaN	26.19416618347168
601	602	pt	vmw	challenge_SSA-MTE	hyp1	News	NaN	25.487892150878906
602	603	pt	vmw	challenge_SSA-MTE	hyp1	News	NaN	25.633869171142578
603	604	pt	vmw	challenge_SSA-MTE	hyp1	News	NaN	37.230377197265625
604	605	pt	vmw	challenge_SSA-MTE	hyp1	News	NaN	31.22055435180664
605	606	pt	vmw	challenge_SSA-MTE	hyp1	News	NaN	19.740489959716797
606	607	pt	vmw	challenge_SSA-MTE	hyp1	News	NaN	22.81044578552246
607	608	pt	vmw	challenge_SSA-MTE	hyp1	News	NaN	31.76099967956543
608	609	pt	vmw	challenge_SSA-MTE	hyp1	News	NaN	28.113170623779297
609	610	pt	vmw	challenge_SSA-MTE	hyp1	News	NaN	27.80988883972168
610	611	pt	vmw	challenge_SSA-MTE	hyp1	News	NaN	22.16509246826172
611	612	pt	vmw	challenge_SSA-MTE	hyp1	News	NaN	25.707260131835938
612	613	pt	vmw	challenge_SSA-MTE	hyp1	News	NaN	28.43630027770996
613	614	pt	vmw	challenge_SSA-MTE	hyp1	News	NaN	32.69023895263672
614	615	pt	vmw	challenge_SSA-MTE	hyp1	News	NaN	30.580007553100586
615	616	pt	vmw	challenge_SSA-MTE	hyp1	News	NaN	32.75861358642578
616	617	pt	vmw	challenge_SSA-MTE	hyp1	News	NaN	31.30178451538086
617	618	pt	vmw	challenge_SSA-MTE	hyp1	News	NaN	26.359933853149414
618	619	pt	vmw	challenge_SSA-MTE	hyp1	News	NaN	25.63766860961914
619	620	pt	vmw	challenge_SSA-MTE	hyp1	News	NaN	32.16320037841797
620	621	pt	vmw	challenge_SSA-MTE	hyp1	News	NaN	36.12998962402344
621	622	pt	vmw	challenge_SSA-MTE	hyp1	News	NaN	29.40591049194336
622	623	pt	vmw	challenge_SSA-MTE	hyp1	News	NaN	29.854164123535156
623	624	pt	vmw	challenge_SSA-MTE	hyp1	News	NaN	39.04863357543945
624	625	pt	vmw	challenge_SSA-MTE	hyp1	News	NaN	36.4681396484375
625	626	pt	vmw	challenge_SSA-MTE	hyp1	News	NaN	35.40168762207031
626	627	pt	vmw	challenge_SSA-MTE	hyp1	News	NaN	48.084136962890625
627	628	pt	vmw	challenge_SSA-MTE	hyp1	News	NaN	10.267868995666504
628	629	pt	vmw	challenge_SSA-MTE	hyp1	News	NaN	16.991031646728516
629	630	pt	vmw	challenge_SSA-MTE	hyp1	News	NaN	27.959827423095703
630	631	pt	vmw	challenge_SSA-MTE	hyp1	News	NaN	20.449464797973633
631	632	pt	vmw	challenge_SSA-MTE	hyp1	News	NaN	34.12339782714844
632	633	pt	vmw	challenge_SSA-MTE	hyp1	News	NaN	39.58244705200195
633	634	pt	vmw	challenge_SSA-MTE	hyp1	News	NaN	27.08889389038086
634	635	pt	vmw	challenge_SSA-MTE	hyp1	News	NaN	35.20743179321289
635	636	pt	vmw	challenge_SSA-MTE	hyp1	News	NaN	25.660707473754883
636	637	pt	vmw	challenge_SSA-MTE	hyp1	News	NaN	26.533370971679688
637	638	pt	vmw	challenge_SSA-MTE	hyp1	News	NaN	31.193645477294922
638	639	pt	vmw	challenge_SSA-MTE	hyp1	News	NaN	35.60377502441406
639	640	pt	vmw	challenge_SSA-MTE	hyp1	News	NaN	21.636293411254883
640	641	pt	vmw	challenge_SSA-MTE	hyp1	News	NaN	20.690813064575195
641	642	pt	vmw	challenge_SSA-MTE	hyp1	News	NaN	25.203903198242188
642	643	pt	vmw	challenge_SSA-MTE	hyp1	News	NaN	22.172943115234375
643	644	pt	vmw	challenge_SSA-MTE	hyp1	News	NaN	32.05130386352539
644	645	pt	vmw	challenge_SSA-MTE	hyp1	News	NaN	26.488887786865234
645	646	pt	vmw	challenge_SSA-MTE	hyp1	News	NaN	9.765369415283203
646	647	pt	vmw	challenge_SSA-MTE	hyp1	News	NaN	32.71359634399414
647	648	pt	vmw	challenge_SSA-MTE	hyp1	News	NaN	35.19831848144531
648	649	pt	vmw	challenge_SSA-MTE	hyp1	News	NaN	36.20561981201172
649	650	pt	vmw	challenge_SSA-MTE	hyp1	News	NaN	44.698089599609375
650	651	pt	vmw	challenge_SSA-MTE	hyp1	News	NaN	39.26042556762695
651	652	pt	vmw	challenge_SSA-MTE	hyp1	News	NaN	29.275146484375
652	653	pt	vmw	challenge_SSA-MTE	hyp1	News	NaN	41.37333679199219
653	654	pt	vmw	challenge_SSA-MTE	hyp1	News	NaN	10.65040111541748
654	655	pt	vmw	challenge_SSA-MTE	hyp1	News	NaN	34.27327346801758
655	656	pt	vmw	challenge_SSA-MTE	hyp1	News	NaN	33.196495056152344
656	657	pt	vmw	challenge_SSA-MTE	hyp1	News	NaN	32.875404357910156
657	658	pt	vmw	challenge_SSA-MTE	hyp1	News	NaN	37.816673278808594
658	659	pt	vmw	challenge_SSA-MTE	hyp1	News	NaN	37.790626525878906
659	660	pt	vmw	challenge_SSA-MTE	hyp1	News	NaN	28.977657318115234
660	661	pt	vmw	challenge_SSA-MTE	hyp1	News	NaN	38.02259826660156
661	662	pt	vmw	challenge_SSA-MTE	hyp1	News	NaN	37.30342102050781
662	663	pt	vmw	challenge_SSA-MTE	hyp1	News	NaN	26.807201385498047
663	664	pt	vmw	challenge_SSA-MTE	hyp1	News	NaN	25.676380157470703
664	665	pt	vmw	challenge_SSA-MTE	hyp1	News	NaN	26.847646713256836
665	666	pt	vmw	challenge_SSA-MTE	hyp1	News	NaN	26.437517166137695
666	667	pt	vmw	challenge_SSA-MTE	hyp1	News	NaN	19.134178161621094
667	668	pt	vmw	challenge_SSA-MTE	hyp1	News	NaN	20.374927520751953
668	669	pt	vmw	challenge_SSA-MTE	hyp1	News	NaN	22.71860694885254
669	670	pt	vmw	challenge_SSA-MTE	hyp1	News	NaN	10.966035842895508
670	671	pt	vmw	challenge_SSA-MTE	hyp1	News	NaN	34.11255645751953
671	672	pt	vmw	challenge_SSA-MTE	hyp1	News	NaN	42.011810302734375
672	673	pt	vmw	challenge_SSA-MTE	hyp1	News	NaN	37.933258056640625
673	674	pt	vmw	challenge_SSA-MTE	hyp1	News	NaN	19.738069534301758
674	675	pt	vmw	challenge_SSA-MTE	hyp1	News	NaN	36.72596740722656
675	676	pt	vmw	challenge_SSA-MTE	hyp1	News	NaN	36.506744384765625
676	677	pt	vmw	challenge_SSA-MTE	hyp1	News	NaN	36.921775817871094
677	678	pt	vmw	challenge_SSA-MTE	hyp1	News	NaN	30.006938934326172
678	679	pt	vmw	challenge_SSA-MTE	hyp1	News	NaN	26.992267608642578
679	680	pt	vmw	challenge_SSA-MTE	hyp1	News	NaN	27.247997283935547
680	681	pt	vmw	challenge_SSA-MTE	hyp1	News	NaN	26.676895141601562
681	682	pt	vmw	challenge_SSA-MTE	hyp1	News	NaN	21.12458610534668
682	683	pt	vmw	challenge_SSA-MTE	hyp1	News	NaN	31.41006851196289
683	684	pt	vmw	challenge_SSA-MTE	hyp1	News	NaN	31.320659637451172
684	685	pt	vmw	challenge_SSA-MTE	hyp1	News	NaN	29.06229019165039
685	686	pt	vmw	challenge_SSA-MTE	hyp1	News	NaN	15.28879451751709
686	687	pt	vmw	challenge_SSA-MTE	hyp1	News	NaN	13.548351287841797
687	688	pt	vmw	challenge_SSA-MTE	hyp1	News	NaN	16.536418914794922
688	689	pt	vmw	challenge_SSA-MTE	hyp1	News	NaN	28.431026458740234
689	690	pt	vmw	challenge_SSA-MTE	hyp1	News	NaN	28.40508270263672
690	691	pt	vmw	challenge_SSA-MTE	hyp1	News	NaN	30.668964385986328
691	692	pt	vmw	challenge_SSA-MTE	hyp1	News	NaN	28.96901512145996
692	693	pt	vmw	challenge_SSA-MTE	hyp1	News	NaN	29.77530288696289
693	694	pt	vmw	challenge_SSA-MTE	hyp1	News	NaN	26.036489486694336
694	695	pt	vmw	challenge_SSA-MTE	hyp1	News	NaN	27.391225814819336
695	696	pt	vmw	challenge_SSA-MTE	hyp1	News	NaN	33.485782623291016
696	697	pt	vmw	challenge_SSA-MTE	hyp1	News	NaN	24.546899795532227
697	698	pt	vmw	challenge_SSA-MTE	hyp1	News	NaN	34.18742752075195
698	699	pt	vmw	challenge_SSA-MTE	hyp1	News	NaN	43.09630584716797
699	700	pt	vmw	challenge_SSA-MTE	hyp1	News	NaN	46.10556411743164
700	701	pt	vmw	challenge_SSA-MTE	hyp1	News	NaN	23.990562438964844
701	702	pt	vmw	challenge_SSA-MTE	hyp1	News	NaN	35.3338508605957
702	703	pt	vmw	challenge_SSA-MTE	hyp1	News	NaN	24.58946418762207
703	704	pt	vmw	challenge_SSA-MTE	hyp1	News	NaN	30.541255950927734
704	705	pt	vmw	challenge_SSA-MTE	hyp1	News	NaN	18.24313735961914
705	706	pt	vmw	challenge_SSA-MTE	hyp1	News	NaN	8.789826393127441
706	707	pt	vmw	challenge_SSA-MTE	hyp1	News	NaN	26.73786163330078
707	708	pt	vmw	challenge_SSA-MTE	hyp1	News	NaN	29.408775329589844
708	709	pt	vmw	challenge_SSA-MTE	hyp1	News	NaN	31.852323532104492
709	710	pt	vmw	challenge_SSA-MTE	hyp1	News	NaN	28.09108543395996
710	711	pt	vmw	challenge_SSA-MTE	hyp1	News	NaN	23.236804962158203
711	712	pt	vmw	challenge_SSA-MTE	hyp1	News	NaN	24.58904457092285
712	713	pt	vmw	challenge_SSA-MTE	hyp1	News	NaN	24.64188003540039
713	714	pt	vmw	challenge_SSA-MTE	hyp1	News	NaN	24.046829223632812
714	715	pt	vmw	challenge_SSA-MTE	hyp1	News	NaN	29.790611267089844
715	716	pt	vmw	challenge_SSA-MTE	hyp1	News	NaN	16.529993057250977
716	717	pt	vmw	challenge_SSA-MTE	hyp1	News	NaN	33.083984375
717	718	pt	vmw	challenge_SSA-MTE	hyp1	News	NaN	30.633224487304688
718	719	pt	vmw	challenge_SSA-MTE	hyp1	News	NaN	33.26542663574219
719	720	pt	vmw	challenge_SSA-MTE	hyp1	News	NaN	24.66969871520996
720	721	pt	vmw	challenge_SSA-MTE	hyp1	News	NaN	36.43657684326172
721	722	pt	vmw	challenge_SSA-MTE	hyp1	News	NaN	17.32086944580078
722	723	pt	vmw	challenge_SSA-MTE	hyp1	News	NaN	34.59062957763672
723	724	pt	vmw	challenge_SSA-MTE	hyp1	News	NaN	26.69646644592285
724	725	pt	vmw	challenge_SSA-MTE	hyp1	News	NaN	22.733963012695312
725	726	pt	vmw	challenge_SSA-MTE	hyp1	News	NaN	26.878765106201172
726	727	pt	vmw	challenge_SSA-MTE	hyp1	News	NaN	24.638065338134766
727	728	pt	vmw	challenge_SSA-MTE	hyp1	News	NaN	40.170806884765625
728	729	pt	vmw	challenge_SSA-MTE	hyp1	News	NaN	36.350120544433594
729	730	pt	vmw	challenge_SSA-MTE	hyp1	News	NaN	31.665666580200195
730	731	pt	vmw	challenge_SSA-MTE	hyp1	News	NaN	22.25417709350586
731	732	pt	vmw	challenge_SSA-MTE	hyp1	News	NaN	21.566543579101562
732	733	pt	vmw	challenge_SSA-MTE	hyp1	News	NaN	22.3619384765625
733	734	pt	vmw	challenge_SSA-MTE	hyp1	News	NaN	22.23996353149414
734	735	pt	vmw	challenge_SSA-MTE	hyp1	News	NaN	30.64505386352539
735	736	pt	vmw	challenge_SSA-MTE	hyp1	News	NaN	38.76563262939453
736	737	pt	vmw	challenge_SSA-MTE	hyp1	News	NaN	32.03529739379883
737	738	pt	vmw	challenge_SSA-MTE	hyp1	News	NaN	30.072402954101562
738	739	pt	vmw	challenge_SSA-MTE	hyp1	News	NaN	36.73045349121094
739	740	pt	vmw	challenge_SSA-MTE	hyp1	News	NaN	37.08433151245117
740	741	pt	vmw	challenge_SSA-MTE	hyp1	News	NaN	35.901206970214844
741	742	pt	vmw	challenge_SSA-MTE	hyp1	News	NaN	31.16535186767578
742	743	pt	vmw	challenge_SSA-MTE	hyp1	News	NaN	32.0269660949707
743	744	pt	vmw	challenge_SSA-MTE	hyp1	News	NaN	27.881032943725586
744	745	pt	vmw	challenge_SSA-MTE	hyp1	News	NaN	30.853790283203125
745	746	pt	vmw	challenge_SSA-MTE	hyp1	News	NaN	18.52631378173828
746	747	pt	vmw	challenge_SSA-MTE	hyp1	News	NaN	21.86456871032715
747	748	pt	vmw	challenge_SSA-MTE	hyp1	News	NaN	13.93970012664795
748	749	pt	vmw	challenge_SSA-MTE	hyp1	News	NaN	12.284440040588379
749	750	pt	vmw	challenge_SSA-MTE	hyp1	News	NaN	16.686141967773438
750	751	pt	vmw	challenge_SSA-MTE	hyp1	News	NaN	20.281944274902344
751	752	pt	vmw	challenge_SSA-MTE	hyp1	News	NaN	20.437026977539062
752	753	pt	vmw	challenge_SSA-MTE	hyp1	News	NaN	38.682186126708984
753	754	pt	vmw	challenge_SSA-MTE	hyp1	News	NaN	42.0769157409668
754	755	pt	vmw	challenge_SSA-MTE	hyp1	News	NaN	33.17510986328125
755	756	pt	vmw	challenge_SSA-MTE	hyp1	News	NaN	27.465059280395508
756	757	pt	vmw	challenge_SSA-MTE	hyp1	News	NaN	42.04007339477539
757	758	pt	vmw	challenge_SSA-MTE	hyp1	News	NaN	39.5788688659668
758	759	pt	vmw	challenge_SSA-MTE	hyp1	News	NaN	48.94969177246094
759	760	pt	vmw	challenge_SSA-MTE	hyp1	News	NaN	33.059165954589844
760	761	pt	vmw	challenge_SSA-MTE	hyp1	News	NaN	21.793807983398438
761	762	pt	vmw	challenge_SSA-MTE	hyp1	News	NaN	28.001453399658203
762	763	pt	vmw	challenge_SSA-MTE	hyp1	News	NaN	20.861663818359375
763	764	pt	vmw	challenge_SSA-MTE	hyp1	News	NaN	33.910545349121094
764	765	pt	vmw	challenge_SSA-MTE	hyp1	News	NaN	29.377273559570312
765	766	pt	vmw	challenge_SSA-MTE	hyp1	News	NaN	32.09988021850586
766	767	pt	vmw	challenge_SSA-MTE	hyp1	News	NaN	28.655715942382812
767	768	pt	vmw	challenge_SSA-MTE	hyp1	News	NaN	26.85191535949707
768	769	pt	vmw	challenge_SSA-MTE	hyp1	News	NaN	27.764690399169922
769	770	pt	vmw	challenge_SSA-MTE	hyp1	News	NaN	29.875953674316406
770	771	pt	vmw	challenge_SSA-MTE	hyp1	News	NaN	29.808387756347656
771	772	pt	vmw	challenge_SSA-MTE	hyp1	News	NaN	23.510488510131836
772	773	pt	vmw	challenge_SSA-MTE	hyp1	News	NaN	27.250823974609375
773	774	pt	vmw	challenge_SSA-MTE	hyp1	News	NaN	25.80828857421875
774	775	pt	vmw	challenge_SSA-MTE	hyp1	News	NaN	36.52092742919922
775	776	pt	vmw	challenge_SSA-MTE	hyp1	News	NaN	34.556419372558594
776	777	pt	vmw	challenge_SSA-MTE	hyp1	News	NaN	28.494529724121094
777	778	pt	vmw	challenge_SSA-MTE	hyp1	News	NaN	37.47069549560547
778	779	pt	vmw	challenge_SSA-MTE	hyp1	News	NaN	19.70574951171875
779	780	pt	vmw	challenge_SSA-MTE	hyp1	News	NaN	21.05881690979004
780	781	pt	vmw	challenge_SSA-MTE	hyp1	News	NaN	24.061233520507812
781	782	pt	vmw	challenge_SSA-MTE	hyp1	News	NaN	19.44495391845703
782	783	pt	vmw	challenge_SSA-MTE	hyp1	News	NaN	31.11430549621582
783	784	pt	vmw	challenge_SSA-MTE	hyp1	News	NaN	24.583410263061523
784	785	pt	vmw	challenge_SSA-MTE	hyp1	News	NaN	29.356996536254883
785	786	pt	vmw	challenge_SSA-MTE	hyp1	News	NaN	29.516101837158203
786	787	pt	vmw	challenge_SSA-MTE	hyp1	News	NaN	32.777854919433594
787	788	pt	vmw	challenge_SSA-MTE	hyp1	News	NaN	30.398439407348633
788	789	pt	vmw	challenge_SSA-MTE	hyp1	News	NaN	33.93656539916992
789	790	pt	vmw	challenge_SSA-MTE	hyp1	News	NaN	24.62144660949707
790	791	pt	vmw	challenge_SSA-MTE	hyp1	News	NaN	28.13561248779297
791	792	pt	vmw	challenge_SSA-MTE	hyp1	News	NaN	28.68075180053711
792	793	pt	vmw	challenge_SSA-MTE	hyp1	News	NaN	22.038169860839844
793	794	pt	vmw	challenge_SSA-MTE	hyp1	News	NaN	35.90272903442383
794	795	pt	vmw	challenge_SSA-MTE	hyp1	News	NaN	27.55376625061035
795	796	pt	vmw	challenge_SSA-MTE	hyp1	News	NaN	25.519487380981445
796	797	pt	vmw	challenge_SSA-MTE	hyp1	News	NaN	36.294715881347656
797	798	pt	vmw	challenge_SSA-MTE	hyp1	News	NaN	27.88311004638672
798	799	pt	vmw	challenge_SSA-MTE	hyp1	News	NaN	28.775279998779297
799	800	pt	vmw	challenge_SSA-MTE	hyp1	News	NaN	42.079376220703125
800	801	pt	vmw	challenge_SSA-MTE	hyp1	News	NaN	32.1788330078125
801	802	pt	vmw	challenge_SSA-MTE	hyp1	News	NaN	27.99331283569336
802	803	pt	vmw	challenge_SSA-MTE	hyp1	News	NaN	23.648122787475586
803	804	pt	vmw	challenge_SSA-MTE	hyp1	News	NaN	23.23813819885254
804	805	pt	vmw	challenge_SSA-MTE	hyp1	News	NaN	17.32787322998047
805	806	pt	vmw	challenge_SSA-MTE	hyp1	News	NaN	24.9024715423584
806	807	pt	vmw	challenge_SSA-MTE	hyp1	News	NaN	22.48269271850586
807	808	pt	vmw	challenge_SSA-MTE	hyp1	News	NaN	21.81363296508789
808	809	pt	vmw	challenge_SSA-MTE	hyp1	News	NaN	16.075698852539062
809	810	pt	vmw	challenge_SSA-MTE	hyp1	News	NaN	35.522430419921875
810	811	pt	vmw	challenge_SSA-MTE	hyp1	News	NaN	27.82914924621582
811	812	pt	vmw	challenge_SSA-MTE	hyp1	News	NaN	30.99749755859375
812	813	pt	vmw	challenge_SSA-MTE	hyp1	News	NaN	24.969358444213867
813	814	pt	vmw	challenge_SSA-MTE	hyp1	News	NaN	33.76786804199219
814	815	pt	vmw	challenge_SSA-MTE	hyp1	News	NaN	36.15748596191406
815	816	pt	vmw	challenge_SSA-MTE	hyp1	News	NaN	51.208595275878906
816	817	pt	vmw	challenge_SSA-MTE	hyp1	News	NaN	34.588417053222656
817	818	pt	vmw	challenge_SSA-MTE	hyp1	News	NaN	42.10565948486328
818	819	pt	vmw	challenge_SSA-MTE	hyp1	News	NaN	29.8514404296875
819	820	pt	vmw	challenge_SSA-MTE	hyp1	News	NaN	12.813146591186523
820	821	pt	vmw	challenge_SSA-MTE	hyp1	News	NaN	24.918678283691406
821	822	pt	vmw	challenge_SSA-MTE	hyp1	News	NaN	30.073833465576172
822	823	pt	vmw	challenge_SSA-MTE	hyp1	News	NaN	28.41908836364746
823	824	pt	vmw	challenge_SSA-MTE	hyp1	News	NaN	36.19501876831055
824	825	pt	vmw	challenge_SSA-MTE	hyp1	News	NaN	25.623760223388672
825	826	pt	vmw	challenge_SSA-MTE	hyp1	News	NaN	16.512121200561523
826	827	pt	vmw	challenge_SSA-MTE	hyp1	News	NaN	16.199506759643555
827	828	pt	vmw	challenge_SSA-MTE	hyp1	News	NaN	17.578542709350586
828	829	pt	vmw	challenge_SSA-MTE	hyp1	News	NaN	2.1226513385772705
829	830	pt	vmw	challenge_SSA-MTE	hyp1	News	NaN	15.27877140045166
830	831	pt	vmw	challenge_SSA-MTE	hyp1	News	NaN	21.714313507080078
831	832	pt	vmw	challenge_SSA-MTE	hyp1	News	NaN	15.737974166870117
832	833	pt	vmw	challenge_SSA-MTE	hyp1	News	NaN	28.41684341430664
833	834	pt	vmw	challenge_SSA-MTE	hyp1	News	NaN	32.8555908203125
834	835	pt	vmw	challenge_SSA-MTE	hyp1	News	NaN	28.344757080078125
835	836	pt	vmw	challenge_SSA-MTE	hyp1	News	NaN	40.45220184326172
836	837	pt	vmw	challenge_SSA-MTE	hyp1	News	NaN	35.34868621826172
837	838	pt	vmw	challenge_SSA-MTE	hyp1	News	NaN	37.67638397216797
838	839	pt	vmw	challenge_SSA-MTE	hyp1	News	NaN	28.423070907592773
839	840	pt	vmw	challenge_SSA-MTE	hyp1	News	NaN	25.70530891418457
840	841	pt	vmw	challenge_SSA-MTE	hyp1	News	NaN	28.277301788330078
841	842	pt	vmw	challenge_SSA-MTE	hyp1	News	NaN	28.542850494384766
842	843	pt	vmw	challenge_SSA-MTE	hyp1	News	NaN	24.00876235961914
843	844	pt	vmw	challenge_SSA-MTE	hyp1	News	NaN	33.38885498046875
844	845	pt	vmw	challenge_SSA-MTE	hyp1	News	NaN	20.671337127685547
845	846	pt	vmw	challenge_SSA-MTE	hyp1	News	NaN	20.115171432495117
846	847	pt	vmw	challenge_SSA-MTE	hyp1	News	NaN	23.187528610229492
847	848	pt	vmw	challenge_SSA-MTE	hyp1	News	NaN	22.502046585083008
848	849	pt	vmw	challenge_SSA-MTE	hyp1	News	NaN	38.86599349975586
849	850	pt	vmw	challenge_SSA-MTE	hyp1	News	NaN	38.11903381347656
850	851	pt	vmw	challenge_SSA-MTE	hyp1	News	NaN	33.92098617553711
851	852	pt	vmw	challenge_SSA-MTE	hyp1	News	NaN	31.255523681640625
852	853	pt	vmw	challenge_SSA-MTE	hyp1	News	NaN	34.35857391357422
853	854	pt	vmw	challenge_SSA-MTE	hyp1	News	NaN	31.095237731933594
854	855	pt	vmw	challenge_SSA-MTE	hyp1	News	NaN	32.00847244262695
855	856	pt	vmw	challenge_SSA-MTE	hyp1	News	NaN	29.110546112060547
856	857	pt	vmw	challenge_SSA-MTE	hyp1	News	NaN	26.126911163330078
857	858	pt	vmw	challenge_SSA-MTE	hyp1	News	NaN	25.398574829101562
858	859	pt	vmw	challenge_SSA-MTE	hyp1	News	NaN	36.07955551147461
859	860	pt	vmw	challenge_SSA-MTE	hyp1	News	NaN	27.629680633544922
860	861	pt	vmw	challenge_SSA-MTE	hyp1	News	NaN	30.37879753112793
861	862	pt	vmw	challenge_SSA-MTE	hyp1	News	NaN	14.013480186462402
862	863	pt	vmw	challenge_SSA-MTE	hyp1	News	NaN	16.473526000976562
863	864	pt	vmw	challenge_SSA-MTE	hyp1	News	NaN	18.897573471069336
864	865	pt	vmw	challenge_SSA-MTE	hyp1	News	NaN	35.08138656616211
865	866	pt	vmw	challenge_SSA-MTE	hyp1	News	NaN	48.53573226928711
866	867	pt	vmw	challenge_SSA-MTE	hyp1	News	NaN	15.766084671020508
867	868	pt	vmw	challenge_SSA-MTE	hyp1	News	NaN	21.07987403869629
868	869	pt	vmw	challenge_SSA-MTE	hyp1	News	NaN	17.361059188842773
869	870	pt	vmw	challenge_SSA-MTE	hyp1	News	NaN	9.906047821044922
870	871	pt	vmw	challenge_SSA-MTE	hyp1	News	NaN	21.461898803710938
871	872	pt	vmw	challenge_SSA-MTE	hyp1	News	NaN	23.354026794433594
872	873	pt	vmw	challenge_SSA-MTE	hyp1	News	NaN	15.148782730102539
873	874	pt	vmw	challenge_SSA-MTE	hyp1	News	NaN	21.271509170532227
874	875	pt	vmw	challenge_SSA-MTE	hyp1	News	NaN	11.334972381591797
875	876	pt	vmw	challenge_SSA-MTE	hyp1	News	NaN	11.238313674926758
876	877	pt	vmw	challenge_SSA-MTE	hyp1	News	NaN	20.144298553466797
877	878	pt	vmw	challenge_SSA-MTE	hyp1	News	NaN	19.952138900756836
878	879	pt	vmw	challenge_SSA-MTE	hyp1	News	NaN	33.06220245361328
879	880	pt	vmw	challenge_SSA-MTE	hyp1	News	NaN	34.50478744506836
880	881	pt	vmw	challenge_SSA-MTE	hyp1	News	NaN	25.999725341796875
881	882	pt	vmw	challenge_SSA-MTE	hyp1	News	NaN	25.375045776367188
882	883	pt	vmw	challenge_SSA-MTE	hyp1	News	NaN	30.8232421875
883	884	pt	vmw	challenge_SSA-MTE	hyp1	News	NaN	18.17607879638672
884	885	pt	vmw	challenge_SSA-MTE	hyp1	News	NaN	38.404388427734375
885	886	pt	vmw	challenge_SSA-MTE	hyp1	News	NaN	40.00567626953125
886	887	pt	vmw	challenge_SSA-MTE	hyp1	News	NaN	29.424835205078125
887	888	pt	vmw	challenge_SSA-MTE	hyp1	News	NaN	33.97838592529297
888	889	pt	vmw	challenge_SSA-MTE	hyp1	News	NaN	31.43596076965332
889	890	pt	vmw	challenge_SSA-MTE	hyp1	News	NaN	23.042362213134766
890	891	pt	vmw	challenge_SSA-MTE	hyp1	News	NaN	32.00848388671875
891	892	pt	vmw	challenge_SSA-MTE	hyp1	News	NaN	41.41149139404297
892	893	pt	vmw	challenge_SSA-MTE	hyp1	News	NaN	40.93720626831055
893	894	pt	vmw	challenge_SSA-MTE	hyp1	News	NaN	28.86555290222168
894	895	pt	vmw	challenge_SSA-MTE	hyp1	News	NaN	36.619163513183594
895	896	pt	vmw	challenge_SSA-MTE	hyp1	News	NaN	31.33480453491211
896	897	pt	vmw	challenge_SSA-MTE	hyp1	News	NaN	24.62108612060547
897	898	pt	vmw	challenge_SSA-MTE	hyp1	News	NaN	19.995088577270508
898	899	pt	vmw	challenge_SSA-MTE	hyp1	News	NaN	22.92949676513672
899	900	pt	vmw	challenge_SSA-MTE	hyp1	News	NaN	27.476490020751953
900	901	pt	vmw	challenge_SSA-MTE	hyp1	News	NaN	36.805213928222656
901	902	pt	vmw	challenge_SSA-MTE	hyp1	News	NaN	34.40217208862305
902	903	pt	vmw	challenge_SSA-MTE	hyp1	News	NaN	23.7879638671875
903	904	pt	vmw	challenge_SSA-MTE	hyp1	News	NaN	28.47833824157715
904	905	pt	vmw	challenge_SSA-MTE	hyp1	News	NaN	31.039514541625977
905	906	pt	vmw	challenge_SSA-MTE	hyp1	News	NaN	24.544057846069336
906	907	pt	vmw	challenge_SSA-MTE	hyp1	News	NaN	23.871776580810547
907	908	pt	vmw	challenge_SSA-MTE	hyp1	News	NaN	31.992143630981445
908	909	pt	vmw	challenge_SSA-MTE	hyp1	News	NaN	16.59408950805664
909	910	pt	vmw	challenge_SSA-MTE	hyp1	News	NaN	30.6783447265625
910	911	pt	vmw	challenge_SSA-MTE	hyp1	News	NaN	24.55960464477539
911	912	pt	vmw	challenge_SSA-MTE	hyp1	News	NaN	31.833293914794922
912	913	pt	vmw	challenge_SSA-MTE	hyp1	News	NaN	42.88108825683594
913	914	pt	vmw	challenge_SSA-MTE	hyp1	News	NaN	37.43504333496094
914	915	pt	vmw	challenge_SSA-MTE	hyp1	News	NaN	27.597450256347656
915	916	pt	vmw	challenge_SSA-MTE	hyp1	News	NaN	34.870140075683594
916	917	pt	vmw	challenge_SSA-MTE	hyp1	News	NaN	33.74467849731445
917	918	pt	vmw	challenge_SSA-MTE	hyp1	News	NaN	33.2894287109375
918	919	pt	vmw	challenge_SSA-MTE	hyp1	News	NaN	20.475332260131836
919	920	pt	vmw	challenge_SSA-MTE	hyp1	News	NaN	22.676965713500977
920	921	pt	vmw	challenge_SSA-MTE	hyp1	News	NaN	23.45418357849121
921	922	pt	vmw	challenge_SSA-MTE	hyp1	News	NaN	24.488380432128906
922	923	pt	vmw	challenge_SSA-MTE	hyp1	News	NaN	24.433183670043945
923	924	pt	vmw	challenge_SSA-MTE	hyp1	News	NaN	25.572620391845703
924	925	pt	vmw	challenge_SSA-MTE	hyp1	News	NaN	19.279401779174805
925	926	pt	vmw	challenge_SSA-MTE	hyp1	News	NaN	23.657588958740234
926	927	pt	vmw	challenge_SSA-MTE	hyp1	News	NaN	23.259471893310547
927	928	pt	vmw	challenge_SSA-MTE	hyp1	News	NaN	22.972190856933594
928	929	pt	vmw	challenge_SSA-MTE	hyp1	News	NaN	26.658214569091797
929	930	pt	vmw	challenge_SSA-MTE	hyp1	News	NaN	23.584415435791016
